21:57:28  «tap» 캡처 시작 — port=/dev/cu.usbmodem21201 baud=115200 pid=86311 date=2026-08-19 21:57:28
21:57:28  «tap» ⚠ 이 시각에 DTR 로 보드가 리셋된다 — 분석에서 '우리가 만든 리셋'으로 표시할 것
21:57:28  «tap» 포트 열림 (dsrdtr=False)
21:57:31  
21:57:31  [PARKING NODE] proto v1 / 2 slots / 5 modules / dev=P1
21:57:31  [BOOT] 리셋 원인: 불명 (부트로더가 MCUSR 을 지우고 넘어왔다)
21:57:31  [BOOT] 사다리 4단(ESP 하드리셋선) 미배선 — A2 를 ESP RST 에 물리고 ESP_RST_WIRED=1 · 6단(워치독) 끔
21:57:31  [AT] ",0,72" (5)
21:57:31  [AT] "OK" (2)
21:57:32  [NET] 0 RST
21:57:32  [AT] "AT+RST" (6)
21:57:32  [AT] "OK" (2)
21:57:33  [AT] "bB\xD4\x86@\xF9Re\xE2\xFCR\x89:\x97bB\xCC\xFF\xCA\xC9\xA5\x9D\x1C\xFF\xC2I\x81" (27)
21:57:33  [AT] "[System Ready, Vendor:www.ai-thinker.com]" (41)
21:57:34  [NET] 1 CWMODE=1
21:57:34  [AT] "AT+CWMODE=1" (11)
21:57:34  [AT] "no change" (9)
21:57:34  [DIAG] offline step=2 사다리=0/0 rx=124 lines=8 up=3s
21:57:35  [NET] 2 CWJAP (응답까지 최대 30초 기다린다)
21:57:35  [AT] "AT+CWJAP="SK_WiFiGIGA50DC_2.4G","2011050796"" (44)
21:57:37  [DIAG] offline step=2 사다리=0/0 rx=171 lines=9 up=6s
21:57:40  [AT] "OK" (2)
21:57:40  [NET] CWJAP OK — 결합됐다. IP 를 실제로 받았는지 CIFSR 로 확인한다
21:57:40  [DIAG] offline step=3 사다리=0/0 rx=177 lines=10 up=9s
21:57:40  [NET] 3 CIFSR (IP 를 실제로 받았는가)
21:57:40  [AT] "AT+CIFSR" (8)
21:57:40  [AT] "192.168.35.79" (13)
21:57:40  [NET] ★ IP 확보: 192.168.35.79
21:57:40  [AT] "OK" (2)
21:57:40  [NET] 4 CIPMUX=0
21:57:40  [AT] "AT+CIPMUX=0" (11)
21:57:40  [AT] "OK" (2)
21:57:40  [NET] CIPMUX=0 적용됨 → CIPSTART
21:57:41  [NET] 5 CIPSTART
21:57:41  [AT] "AT+CIPSTART="TCP","192.168.35.21",9991" (38)
21:57:41  [AT] "OK" (2)
21:57:41  [AT] "Linked" (6)
21:57:41  [NET] online (CONNECT) + 캐시 비움
21:57:42  [TX] S,0,00,00,10,P1,03
21:57:42  [SLOT] n=9 tx=18 ack=0 due=0 r=1
21:57:42  [AT] "AT+CIPSEND=19" (13)
21:57:42  [AT] " S,0,00,00,10,P1,03" (19)
21:57:42  [AT] "SEND OK" (7)
21:57:43  [TX] D,*,7,5,6C
21:57:43  D,A1,IP,01
21:57:43  D,B1,IP,02
21:57:43  D,LD,OG,68
21:57:43  D,LC,OL,64
21:57:43  D,DR,OB,73
21:57:43  [REG] 등록 전송 65B
21:57:43  [SLOT] n=10 tx=65 ack=0 due=0 r=1
21:57:43  [AT] "AT+CIPSEND=66" (13)
21:57:43  [AT] " D,*,7,5,6CD,A1,IP,01D,B1,IP,02D,LD,OG,68D,LC,OL,64D,DR,OB,73" (61)
21:57:43  [AT] "SEND OK" (7)
21:57:44  [TX] S,2,00,00,13,P1,02
21:57:44  [SLOT] n=11 tx=18 ack=0 due=0 r=1
21:57:44  [AT] "AT+CIPSEND=19" (13)
21:57:44  [AT] " S,2,00,00,13,P1,02" (19)
21:57:44  [AT] "SEND OK" (7)
21:57:45  [TX] S,3,00,00,14,P1,04
21:57:45  [SLOT] n=12 tx=18 ack=0 due=0 r=1
21:57:45  [AT] "AT+CIPSEND=19" (13)
21:57:45  [AT] " S,3,00,00,14,P1,04" (19)
21:57:45  [AT] "SEND OK" (7)
21:57:47  [TX] S,4,00,00,15,P1,02
21:57:47  [SLOT] n=13 tx=18 ack=0 due=0 r=1
21:57:47  [AT] "AT+CIPSEND=19" (13)
21:57:47  [AT] " S,4,00,00,15,P1,02" (19)
21:57:47  [AT] "SEND OK" (7)
21:57:48  [TX] S,5,00,00,16,P1,00
21:57:48  [SLOT] n=14 tx=18 ack=0 due=0 r=1
21:57:48  [AT] "AT+CIPSEND=19" (13)
21:57:48  [AT] " S,5,00,00,16,P1,00" (19)
21:57:48  [AT] "SEND OK" (7)
21:57:49  [TX] S,6,00,00,18,P1,0D
21:57:49  [SLOT] n=15 tx=18 ack=0 due=0 r=1
21:57:49  [AT] "AT+CIPSEND=19" (13)
21:57:49  [AT] " S,6,00,00,18,P1,0D" (19)
21:57:49  [AT] "SEND OK" (7)
21:57:50  [TX] S,7,00,00,19,P1,0D
21:57:50  [SLOT] n=16 tx=18 ack=0 due=0 r=1
21:57:50  [AT] "AT+CIPSEND=19" (13)
21:57:50  [AT] " S,7,00,00,19,P1,0D" (19)
21:57:50  [AT] "SEND OK" (7)
21:57:51  [TX] S,8,00,00,20,P1,08
21:57:51  [SLOT] n=17 tx=18 ack=0 due=0 r=1
21:57:51  [AT] "AT+CIPSEND=19" (13)
21:57:51  [AT] " S,8,00,00,20,P1,08" (19)
21:57:51  [AT] "SEND OK" (7)
21:57:52  [AT] "+IPD,13:G,678,2,0,7C" (20)
21:57:52  [SLOT-OOW] +101ms
21:57:52  [G] idx=2 arg=0
21:57:52  [AT] "OK" (2)
21:57:53  [TX] S,9,00,00,21,P1,08
21:57:53  A,678,G2,0,3D
21:57:53  D,LD,OG,68
21:57:53  D,LC,OL,64
21:57:53  D,DR,OB,73
21:57:53  [SLOT] n=18 tx=32 ack=1 due=0 r=1
21:57:53  [AT] "AT+CIPSEND=33" (13)
21:57:53  [AT] " S,9,00,00,21,P1,08A,678,G2,0,3D" (32)
21:57:53  [AT] "SEND OK" (7)
21:57:54  [TX] S,10,00,00,22,P1,33
21:57:54  [SLOT] n=19 tx=19 ack=0 due=0 r=1
21:57:54  [AT] "AT+CIPSEND=20" (13)
21:57:54  [AT] " S,10,00,00,22,P1,33" (20)
21:57:54  [AT] "SEND OK" (7)
21:57:55  [TX] S,11,00,00,24,P1,34
21:57:55  [SLOT] n=20 tx=19 ack=0 due=0 r=1
21:57:55  [AT] "AT+CIPSEND=20" (13)
21:57:55  [AT] " S,11,00,00,24,P1,34" (20)
21:57:55  [AT] "SEND OK" (7)
21:57:56  [TX] S,12,00,00,25,P1,36
21:57:56  [SLOT] n=21 tx=19 ack=0 due=0 r=1
21:57:56  [AT] "AT+CIPSEND=20" (13)
21:57:56  [AT] " S,12,00,00,25,P1,36" (20)
21:57:56  [AT] "SEND OK" (7)
21:57:57  [TX] S,13,00,00,26,P1,34
21:57:57  [SLOT] n=22 tx=19 ack=0 due=0 r=1
21:57:57  [AT] "AT+CIPSEND=20" (13)
21:57:57  [AT] " S,13,00,00,26,P1,34" (20)
21:57:57  [AT] "SEND OK" (7)
21:57:59  [TX] S,14,00,00,27,P1,32
21:57:59  [SLOT] n=23 tx=19 ack=0 due=0 r=1
21:57:59  [AT] "AT+CIPSEND=20" (13)
21:57:59  [AT] " S,14,00,00,27,P1,32" (20)
21:57:59  [AT] "SEND OK" (7)
21:58:00  [TX] S,15,00,00,28,P1,3C
21:58:00  [SLOT] n=24 tx=19 ack=0 due=0 r=1
21:58:00  [AT] "AT+CIPSEND=20" (13)
21:58:00  [AT] " S,15,00,00,28,P1,3C" (20)
21:58:00  [AT] "SEND OK" (7)
21:58:01  [TX] S,16,00,00,30,P1,36
21:58:01  [SLOT] n=25 tx=19 ack=0 due=0 r=1
21:58:01  [AT] "AT+CIPSEND=20" (13)
21:58:01  [AT] " S,16,00,00,30,P1,36" (20)
21:58:01  [AT] "SEND OK" (7)
21:58:01  [AT] "+IPD,13:G,679,2,1,7C" (20)
21:58:01  [SLOT-OOW] +100ms
21:58:01  [G] idx=2 arg=1
21:58:01  [AT] "OK" (2)
21:58:02  [TX] S,17,00,00,31,P1,36
21:58:02  A,679,G2,0,3CD,LD,OG,68
21:58:02  D,LC,OL,64
21:58:02  D,DR,OB,73
21:58:02  [SLOT] n=26 tx=33 ack=1 due=0 r=1
21:58:02  [AT] "AT+CIPSEND=34" (13)
21:58:02  [AT] " S,17,00,00,31,P1,36A,679,G2,0,3C" (33)
21:58:02  [AT] "SEND OK" (7)
21:58:03  [TX] S,18,00,00,32,P1,3A
21:58:03  [SLOT] n=27 tx=19 ack=0 due=0 r=1
21:58:03  [AT] "AT+CIPSEND=20" (13)
21:58:03  [AT] " S,18,00,00,32,P1,3A" (20)
21:58:03  [AT] "SEND OK" (7)
21:58:05  [TX] S,19,00,00,33,P1,3A
21:58:05  [SLOT] n=28 tx=19 ack=0 due=0 r=1
21:58:05  [AT] "AT+CIPSEND=20" (13)
21:58:05  [AT] " S,19,00,00,33,P1,3A" (20)
21:58:05  [AT] "SEND OK" (7)
21:58:06  [TX] S,20,00,00,34,P1,37
21:58:06  [SLOT] n=29 tx=19 ack=0 due=0 r=1
21:58:06  [AT] "AT+CIPSEND=20" (13)
21:58:06  [AT] " S,20,00,00,34,P1,37" (20)
21:58:06  [AT] "SEND OK" (7)
21:58:07  [TX] S,21,00,00,36,P1,34
21:58:07  [SLOT] n=30 tx=19 ack=0 due=0 r=1
21:58:07  [AT] "AT+CIPSEND=20" (13)
21:58:07  [AT] " S,21,00,00,36,P1,34" (20)
21:58:07  [AT] "SEND OK" (7)
21:58:08  [TX] S,22,00,00,37,P1,36
21:58:08  [SLOT] n=31 tx=19 ack=0 due=0 r=1
21:58:08  [AT] "AT+CIPSEND=20" (13)
21:58:08  [AT] " S,22,00,00,37,P1,36" (20)
21:58:08  [AT] "SEND OK" (7)
21:58:09  [TX] S,23,00,00,38,P1,38
21:58:09  [SLOT] n=32 tx=19 ack=0 due=0 r=1
21:58:09  [AT] "AT+CIPSEND=20" (13)
21:58:09  [AT] " S,23,00,00,38,P1,38" (20)
21:58:09  [AT] "SEND OK" (7)
21:58:11  [TX] S,24,00,00,39,P1,3E
21:58:11  [SLOT] n=33 tx=19 ack=0 due=0 r=1
21:58:11  [AT] "AT+CIPSEND=20" (13)
21:58:11  [AT] " S,24,00,00,39,P1,3E" (20)
21:58:11  [AT] "SEND OK" (7)
21:58:11  [AT] "+IPD,13:G,680,2,0,7B" (20)
21:58:11  [SLOT-OOW] +102ms
21:58:11  [G] idx=2 arg=0
21:58:11  [AT] "OK" (2)
21:58:12  [TX] S,25,00,00,40,P1,31
21:58:12  A,680,G2,0,3AD,LD,OG,68
21:58:12  D,LC,OL,64
21:58:12  D,DR,OB,73
21:58:12  [SLOT] n=34 tx=33 ack=1 due=0 r=1
21:58:12  [AT] "AT+CIPSEND=34" (13)
21:58:12  [AT] " S,25,00,00,40,P1,31A,680,G2,0,3A" (33)
21:58:12  [AT] "SEND OK" (7)
21:58:13  [TX] S,26,00,00,42,P1,30
21:58:13  [SLOT] n=35 tx=19 ack=0 due=0 r=1
21:58:13  [AT] "AT+CIPSEND=20" (13)
21:58:13  [AT] " S,26,00,00,42,P1,30" (20)
21:58:13  [AT] "SEND OK" (7)
21:58:14  [TX] S,27,00,00,43,P1,30
21:58:14  [SLOT] n=36 tx=19 ack=0 due=0 r=1
21:58:14  [AT] "AT+CIPSEND=20" (13)
21:58:14  [AT] " S,27,00,00,43,P1,30" (20)
21:58:14  [AT] "SEND OK" (7)
21:58:15  [TX] S,28,00,00,44,P1,38
21:58:15  [SLOT] n=37 tx=19 ack=0 due=0 r=1
21:58:15  [AT] "AT+CIPSEND=20" (13)
21:58:15  [AT] " S,28,00,00,44,P1,38" (20)
21:58:15  [AT] "SEND OK" (7)
21:58:17  [TX] S,29,00,00,45,P1,38
21:58:17  [SLOT] n=38 tx=19 ack=0 due=0 r=1
21:58:17  [AT] "AT+CIPSEND=20" (13)
21:58:17  [AT] " S,29,00,00,45,P1,38" (20)
21:58:17  [AT] "SEND OK" (7)
21:58:18  [TX] S,30,00,00,46,P1,33
21:58:18  [SLOT] n=39 tx=19 ack=0 due=0 r=1
21:58:18  [AT] "AT+CIPSEND=20" (13)
21:58:18  [AT] " S,30,00,00,46,P1,33" (20)
21:58:18  [AT] "SEND OK" (7)
21:58:19  [TX] S,31,00,00,48,P1,3C
21:58:19  [SLOT] n=40 tx=19 ack=0 due=0 r=1
21:58:19  [AT] "AT+CIPSEND=20" (13)
21:58:19  [AT] " S,31,00,00,48,P1,3C" (20)
21:58:19  [AT] "SEND OK" (7)
21:58:20  [TX] S,32,00,00,49,P1,3E
21:58:20  [SLOT] n=41 tx=19 ack=0 due=0 r=1
21:58:20  [AT] "AT+CIPSEND=20" (13)
21:58:20  [AT] " S,32,00,00,49,P1,3E" (20)
21:58:20  [AT] "SEND OK" (7)
21:58:21  [TX] S,33,00,00,50,P1,37
21:58:21  [SLOT] n=42 tx=19 ack=0 due=0 r=1
21:58:21  [AT] "AT+CIPSEND=20" (13)
21:58:21  [AT] " S,33,00,00,50,P1,37" (20)
21:58:21  [AT] "SEND OK" (7)
21:58:21  [AT] "+IPD,13:G,681,2,1,7B" (20)
21:58:21  [SLOT-OOW] +113ms
21:58:21  [G] idx=2 arg=1
21:58:21  [AT] "OK" (2)
21:58:23  [TX] S,34,00,00,51,P1,31
21:58:23  A,681,G2,0,3BD,LD,OG,68
21:58:23  D,LC,OL,64
21:58:23  D,DR,OB,73
21:58:23  [SLOT] n=43 tx=33 ack=1 due=0 r=1
21:58:23  [AT] "AT+CIPSEND=34" (13)
21:58:23  [AT] " S,34,00,00,51,P1,31A,681,G2,0,3B" (33)
21:58:23  [AT] "SEND OK" (7)
21:58:24  [TX] S,35,00,00,52,P1,33
21:58:24  [SLOT] n=44 tx=19 ack=0 due=0 r=1
21:58:24  [AT] "AT+CIPSEND=20" (13)
21:58:24  [AT] " S,35,00,00,52,P1,33" (20)
21:58:24  [AT] "SEND OK" (7)
21:58:25  [TX] S,36,00,00,54,P1,36
21:58:25  [SLOT] n=45 tx=19 ack=0 due=0 r=1
21:58:25  [AT] "AT+CIPSEND=20" (13)
21:58:25  [AT] " S,36,00,00,54,P1,36" (20)
21:58:25  [AT] "SEND OK" (7)
21:58:26  [TX] S,37,00,00,55,P1,36
21:58:26  [SLOT] n=46 tx=19 ack=0 due=0 r=1
21:58:26  [AT] "AT+CIPSEND=20" (13)
21:58:26  [AT] " S,37,00,00,55,P1,36" (20)
21:58:26  [AT] "SEND OK" (7)
21:58:27  [TX] S,38,00,00,56,P1,3A
21:58:27  [SLOT] n=47 tx=19 ack=0 due=0 r=1
21:58:27  [AT] "AT+CIPSEND=20" (13)
21:58:27  [AT] " S,38,00,00,56,P1,3A" (20)
21:58:27  [AT] "SEND OK" (7)
21:58:29  «tap» 살아있음 — 최근 60초 rx=7542B (이 줄이 끊기면 탭이 죽은 것이다)
21:58:29  [TX] S,39,00,00,57,P1,3A
21:58:29  [SLOT] n=48 tx=19 ack=0 due=0 r=1
21:58:29  [AT] "AT+CIPSEND=20" (13)
21:58:29  [AT] " S,39,00,00,57,P1,3A" (20)
21:58:29  [AT] "SEND OK" (7)
21:58:30  [TX] S,40,00,00,58,P1,3B
21:58:30  [SLOT] n=49 tx=19 ack=0 due=0 r=1
21:58:30  [AT] "AT+CIPSEND=20" (13)
21:58:30  [AT] " S,40,00,00,58,P1,3B" (20)
21:58:30  [AT] "SEND OK" (7)
21:58:31  [TX] S,41,00,00,60,P1,31
21:58:31  [SLOT] n=50 tx=19 ack=0 due=0 r=1
21:58:31  [CNT] up=60 drop=0 esprst=0 hwrst=0/0 resync=0 sendfail=0 okto=0 stuck=0 ackq=0 ackdrop=0 ackstale=0 slot=50 oow=4 smiss=1 ssovf=0 cksumng=0 okstream=41 penddrop=0 pendfill=42 bigfill=1 bigdrop=0 bigokst=1 oklost=0 bigoklost=0 skip=0 online=1
21:58:31  [RAM] 최저 여유 585 B · 프롬프트 재동기 0회 (서버의 '버린줄' 과 맞아야 한다)
21:58:31  [AT] " S,41,00,00,60,P1,31" (20)
21:58:31  [AT] "SEND OK" (7)
21:58:31  [AT] "+IPD,13:G,682,2,0,79" (20)
21:58:31  [SLOT-OOW] +141ms
21:58:31  [G] idx=2 arg=0
21:58:31  [AT] "OK" (2)
21:58:31  [AT] "AT+CIPSEND=20" (13)
21:58:32  [TX] S,42,00,00,61,P1,33
21:58:32  A,682,G2,0,38D,LD,OG,68
21:58:32  D,LC,OL,64
21:58:32  D,DR,OB,73
21:58:32  [SLOT] n=51 tx=33 ack=1 due=0 r=1
21:58:32  [AT] "AT+CIPSEND=34" (13)
21:58:32  [AT] " S,42,00,00,61,P1,33A,682,G2,0,38" (33)
21:58:32  [AT] "SEND OK" (7)
21:58:33  [TX] S,43,00,00,62,P1,31
21:58:33  [SLOT] n=52 tx=19 ack=0 due=0 r=1
21:58:33  [AT] "AT+CIPSEND=20" (13)
21:58:33  [AT] " S,43,00,00,62,P1,31" (20)
21:58:33  [AT] "SEND OK" (7)
21:58:35  [TX] S,44,00,00,63,P1,37
21:58:35  [SLOT] n=53 tx=19 ack=0 due=0 r=1
21:58:35  [AT] "AT+CIPSEND=20" (13)
21:58:35  [AT] " S,44,00,00,63,P1,37" (20)
21:58:35  [AT] "SEND OK" (7)
21:58:36  [TX] S,45,00,00,64,P1,31
21:58:36  [SLOT] n=54 tx=19 ack=0 due=0 r=1
21:58:36  [AT] "AT+CIPSEND=20" (13)
21:58:36  [AT] " S,45,00,00,64,P1,31" (20)
21:58:36  [AT] "SEND OK" (7)
21:58:37  [TX] S,46,00,00,66,P1,30
21:58:37  [SLOT] n=55 tx=19 ack=0 due=0 r=1
21:58:37  [AT] "AT+CIPSEND=20" (13)
21:58:37  [AT] " S,46,00,00,66,P1,30" (20)
21:58:37  [AT] "SEND OK" (7)
21:58:38  [TX] S,47,00,00,67,P1,30
21:58:38  [SLOT] n=56 tx=19 ack=0 due=0 r=1
21:58:38  [AT] "AT+CIPSEND=20" (13)
21:58:38  [AT] " S,47,00,00,67,P1,30" (20)
21:58:38  [AT] "SEND OK" (7)
21:58:39  [TX] S,48,00,00,68,P1,30
21:58:39  [SLOT] n=57 tx=19 ack=0 due=0 r=1
21:58:39  [AT] "AT+CIPSEND=20" (13)
21:58:39  [AT] " S,48,00,00,68,P1,30" (20)
21:58:39  [AT] "SEND OK" (7)
21:58:41  [TX] S,49,00,00,69,P1,30
21:58:41  [SLOT] n=58 tx=19 ack=0 due=0 r=1
21:58:41  [AT] "AT+CIPSEND=20" (13)
21:58:41  [AT] " S,49,00,00,69,P1,30" (20)
21:58:41  [AT] "SEND OK" (7)
21:58:41  [AT] "+IPD,13:G,683,2,1,79" (20)
21:58:41  [SLOT-OOW] +97ms
21:58:41  [G] idx=2 arg=1
21:58:41  [AT] "OK" (2)
21:58:42  [TX] S,50,00,00,70,P1,30
21:58:42  A,683,G2,0,39D,LD,OG,68
21:58:42  D,LC,OL,64
21:58:42  D,DR,OB,73
21:58:42  [SLOT] n=59 tx=33 ack=1 due=0 r=1
21:58:42  [AT] "AT+CIPSEND=34" (13)
21:58:42  [AT] " S,50,00,00,70,P1,30A,683,G2,0,39" (33)
21:58:42  [AT] "SEND OK" (7)
21:58:43  [TX] S,51,00,00,72,P1,33
21:58:43  [SLOT] n=60 tx=19 ack=0 due=0 r=1
21:58:43  [AT] "AT+CIPSEND=20" (13)
21:58:43  [AT] " S,51,00,00,72,P1,33" (20)
21:58:43  [AT] "SEND OK" (7)
21:58:44  [TX] S,52,00,00,73,P1,31
21:58:44  [SLOT] n=61 tx=19 ack=0 due=0 r=1
21:58:44  [AT] "AT+CIPSEND=20" (13)
21:58:44  [AT] " S,52,00,00,73,P1,31" (20)
21:58:44  [AT] "SEND OK" (7)
21:58:45  [TX] S,53,00,00,74,P1,37
21:58:45  [SLOT] n=62 tx=19 ack=0 due=0 r=1
21:58:45  [AT] "AT+CIPSEND=20" (13)
21:58:45  [AT] " S,53,00,00,74,P1,37" (20)
21:58:45  [AT] "SEND OK" (7)
21:58:47  [TX] S,54,00,00,75,P1,31
21:58:47  [SLOT] n=63 tx=19 ack=0 due=0 r=1
21:58:47  [AT] "AT+CIPSEND=20" (13)
21:58:47  [AT] " S,54,00,00,75,P1,31" (20)
21:58:47  [AT] "SEND OK" (7)
21:58:48  [TX] S,55,00,00,76,P1,33
21:58:48  [SLOT] n=64 tx=19 ack=0 due=0 r=1
21:58:48  [AT] "AT+CIPSEND=20" (13)
21:58:48  [AT] " S,55,00,00,76,P1,33" (20)
21:58:48  [AT] "SEND OK" (7)
21:58:49  [TX] S,56,00,00,78,P1,3E
21:58:49  [SLOT] n=65 tx=19 ack=0 due=0 r=1
21:58:49  [AT] "AT+CIPSEND=20" (13)
21:58:49  [AT] " S,56,00,00,78,P1,3E" (20)
21:58:49  [AT] "SEND OK" (7)
21:58:50  [TX] S,57,00,00,79,P1,3E
21:58:50  [SLOT] n=66 tx=19 ack=0 due=0 r=1
21:58:50  [AT] "AT+CIPSEND=20" (13)
21:58:50  [AT] " S,57,00,00,79,P1,3E" (20)
21:58:50  [AT] "SEND OK" (7)
21:58:51  [TX] S,58,00,00,80,P1,37
21:58:51  [SLOT] n=67 tx=19 ack=0 due=0 r=1
21:58:51  [AT] "AT+CIPSEND=20" (13)
21:58:51  [AT] " S,58,00,00,80,P1,37" (20)
21:58:51  [AT] "SEND OK" (7)
21:58:51  [AT] "+IPD,13:G,684,2,0,7F" (20)
21:58:51  [SLOT-OOW] +113ms
21:58:51  [G] idx=2 arg=0
21:58:51  [AT] "OK" (2)
21:58:53  [TX] S,59,00,00,81,P1,37
21:58:53  A,684,G2,0,3ED,LD,OG,68
21:58:53  D,LC,OL,64
21:58:53  D,DR,OB,73
21:58:53  [SLOT] n=68 tx=33 ack=1 due=0 r=1
21:58:53  [AT] "AT+CIPSEND=34" (13)
21:58:53  [AT] " S,59,00,00,81,P1,37A,684,G2,0,3E" (33)
21:58:53  [AT] "SEND OK" (7)
21:58:54  [TX] S,60,00,00,82,P1,3E
21:58:54  [SLOT] n=69 tx=19 ack=0 due=0 r=1
21:58:54  [AT] "AT+CIPSEND=20" (13)
21:58:54  [AT] " S,60,00,00,82,P1,3E" (20)
21:58:54  [AT] "SEND OK" (7)
21:58:55  [TX] S,61,00,00,84,P1,39
21:58:55  [SLOT] n=70 tx=19 ack=0 due=0 r=1
21:58:55  [AT] "AT+CIPSEND=20" (13)
21:58:55  [AT] " S,61,00,00,84,P1,39" (20)
21:58:55  [AT] "SEND OK" (7)
21:58:56  [TX] S,62,00,00,85,P1,3B
21:58:56  [SLOT] n=71 tx=19 ack=0 due=0 r=1
21:58:56  [AT] "AT+CIPSEND=20" (13)
21:58:56  [AT] " S,62,00,00,85,P1,3B" (20)
21:58:56  [AT] "SEND OK" (7)
21:58:57  [TX] S,63,00,00,86,P1,39
21:58:57  [SLOT] n=72 tx=19 ack=0 due=0 r=1
21:58:57  [AT] "AT+CIPSEND=20" (13)
21:58:57  [AT] " S,63,00,00,86,P1,39" (20)
21:58:57  [AT] "SEND OK" (7)
21:58:59  [TX] S,64,00,00,87,P1,3F
21:58:59  [SLOT] n=73 tx=19 ack=0 due=0 r=1
21:58:59  [AT] "AT+CIPSEND=20" (13)
21:58:59  [AT] " S,64,00,00,87,P1,3F" (20)
21:58:59  [AT] "SEND OK" (7)
21:59:00  [TX] S,65,00,00,88,P1,31
21:59:00  [SLOT] n=74 tx=19 ack=0 due=0 r=1
21:59:00  [AT] "AT+CIPSEND=20" (13)
21:59:00  [AT] " S,65,00,00,88,P1,31" (20)
21:59:00  [AT] "SEND OK" (7)
21:59:01  [TX] S,66,00,00,90,P1,3B
21:59:01  [SLOT] n=75 tx=19 ack=0 due=0 r=1
21:59:01  [AT] "AT+CIPSEND=20" (13)
21:59:01  [AT] " S,66,00,00,90,P1,3B" (20)
21:59:01  [AT] "SEND OK" (7)
21:59:01  [AT] "+IPD,13:G,685,2,1,7F" (20)
21:59:01  [SLOT-OOW] +99ms
21:59:01  [G] idx=2 arg=1
21:59:01  [AT] "OK" (2)
21:59:02  [TX] S,67,00,00,91,P1,3B
21:59:02  A,685,G2,0,3FD,LD,OG,68
21:59:02  D,LC,OL,64
21:59:02  D,DR,OB,73
21:59:02  [SLOT] n=76 tx=33 ack=1 due=0 r=1
21:59:02  [AT] "AT+CIPSEND=34" (13)
21:59:03  [AT] " S,67,00,00,91,P1,3BA,685,G2,0,3F" (33)
21:59:03  [AT] "ERROR" (5)
21:59:03  [NET] 송신 오류 응답(로그만, 카운터는 sendLine 이 센다): ERROR
21:59:03  [AT] "Unlink" (6)
21:59:03  [DIAG] offline step=3 사다리=0/0 rx=3854 lines=239 up=91s
21:59:03  [NET] 3 CIFSR (IP 를 실제로 받았는가)
21:59:03  [AT] "AT+CIFSR" (8)
21:59:03  [AT] "192.168.35.79" (13)
21:59:03  [NET] ★ IP 확보: 192.168.35.79
21:59:03  [AT] "OK" (2)
21:59:03  [NET] 4 CIPMUX=0
21:59:03  [AT] "AT+CIPMUX=0" (11)
21:59:03  [AT] "OK" (2)
21:59:03  [NET] CIPMUX=0 적용됨 → CIPSTART
21:59:04  [NET] 5 CIPSTART
21:59:04  [AT] "AT+CIPSTART="TCP","192.168.35.21",9991" (38)
21:59:04  [AT] "ERROR" (5)
21:59:04  [AT] "Unlink" (6)
21:59:04  [NET] 3 CIFSR (IP 를 실제로 받았는가)
21:59:04  [AT] "AT+CIFSR" (8)
21:59:04  [AT] "192.168.35.79" (13)
21:59:04  [NET] ★ IP 확보: 192.168.35.79
21:59:04  [AT] "OK" (2)
21:59:04  [NET] 4 CIPMUX=0
21:59:04  [AT] "AT+CIPMUX=0" (11)
21:59:04  [AT] "OK" (2)
21:59:04  [NET] CIPMUX=0 적용됨 → CIPSTART
21:59:05  [NET] 5 CIPSTART
21:59:05  [AT] "AT+CIPSTART="TCP","192.168.35.21",9991" (38)
21:59:05  [AT] "OK" (2)
21:59:05  [AT] "Linked" (6)
21:59:05  [NET] online (CONNECT) + 캐시 비움
21:59:05  [TX] S,68,00,00,93,P1,36
21:59:05  [SLOT] n=78 tx=19 ack=0 due=141 r=1
21:59:05  [AT] "AT+CIPSEND=20" (13)
21:59:05  [AT] " S,68,00,00,93,P1,36" (20)
21:59:05  [AT] "SEND OK" (7)
21:59:06  [TX] D,*,7,5,6C
21:59:06  D,A1,IP,01
21:59:06  D,B1,IP,02
21:59:06  D,LD,OG,68
21:59:06  D,LC,OL,64
21:59:06  D,DR,OB,73
21:59:06  [REG] 등록 전송 65B
21:59:06  [SLOT] n=79 tx=65 ack=0 due=0 r=1
21:59:06  [AT] "AT+CIPSEND=66" (13)
21:59:06  [AT] " D,*,7,5,6CD,A1,IP,01D,B1,IP,02D,LD,OG,68D,LC,OL,64D,DR,OB,73" (61)
21:59:06  [AT] "SEND OK" (7)
21:59:07  [TX] S,70,00,00,96,P1,3A
21:59:07  [SLOT] n=80 tx=19 ack=0 due=0 r=1
21:59:07  [AT] "AT+CIPSEND=20" (13)
21:59:07  [AT] " S,70,00,00,96,P1,3A" (20)
21:59:07  [AT] "SEND OK" (7)
21:59:08  [TX] S,71,00,00,97,P1,3A
21:59:08  [SLOT] n=81 tx=19 ack=0 due=0 r=1
21:59:08  [AT] "AT+CIPSEND=20" (13)
21:59:08  [AT] " S,71,00,00,97,P1,3A" (20)
21:59:08  [AT] "SEND OK" (7)
21:59:09  [TX] S,72,00,00,98,P1,36
21:59:09  [SLOT] n=82 tx=19 ack=0 due=0 r=1
21:59:09  [AT] "AT+CIPSEND=20" (13)
21:59:09  [AT] " S,72,00,00,98,P1,36" (20)
21:59:09  [AT] "SEND OK" (7)
21:59:11  [TX] S,73,00,00,99,P1,36
21:59:11  [SLOT] n=83 tx=19 ack=0 due=0 r=1
21:59:11  [AT] "AT+CIPSEND=20" (13)
21:59:11  [AT] " S,73,00,00,99,P1,36" (20)
21:59:11  [AT] "SEND OK" (7)
21:59:11  [AT] "+IPD,19:G,932,3,1234567,7C" (26)
21:59:11  [SLOT-OOW] +103ms
21:59:11  [LC] 1234567
21:59:11  [G] idx=3 arg=1234567
21:59:11  [AT] "OK" (2)
21:59:12  [TX] S,74,00,00,100,P1,00
21:59:12  A,932,G3,0,3D,LD,OG,68
21:59:12  D,LC,OL,64
21:59:12  D,DR,OB,73
21:59:12  [SLOT] n=84 tx=34 ack=1 due=0 r=1
21:59:12  [AT] "AT+CIPSEND=35" (13)
21:59:12  [AT] " S,74,00,00,100,P1,00A,932,G3,0,3D" (34)
21:59:12  [AT] "SEND OK" (7)
21:59:13  [TX] S,75,00,00,102,P1,03
21:59:13  [SLOT] n=85 tx=20 ack=0 due=0 r=1
21:59:13  [AT] "AT+CIPSEND=21" (13)
21:59:13  [AT] " S,75,00,00,102,P1,03" (21)
21:59:13  [AT] "SEND OK" (7)
21:59:14  [TX] S,76,00,00,103,P1,01
21:59:14  [SLOT] n=86 tx=20 ack=0 due=0 r=1
21:59:14  [AT] "AT+CIPSEND=21" (13)
21:59:14  [AT] " S,76,00,00,103,P1,01" (21)
21:59:14  [AT] "SEND OK" (7)
21:59:15  [TX] S,77,00,00,104,P1,07
21:59:15  [SLOT] n=87 tx=20 ack=0 due=0 r=1
21:59:15  [AT] "AT+CIPSEND=21" (13)
21:59:15  [AT] " S,77,00,00,104,P1,07" (21)
21:59:15  [AT] "SEND OK" (7)
21:59:17  [TX] S,78,00,00,105,P1,09
21:59:17  [SLOT] n=88 tx=20 ack=0 due=0 r=1
21:59:17  [AT] "AT+CIPSEND=21" (13)
21:59:17  [AT] " S,78,00,00,105,P1,09" (21)
21:59:17  [AT] "SEND OK" (7)
21:59:17  [AT] "+IPD,20:G,933,3,12345678,45" (27)
21:59:17  [SLOT-OOW] +102ms
21:59:17  [G] 거절 idx=3
21:59:17  [AT] "OK" (2)
21:59:18  [TX] S,79,00,00,106,P1,0B
21:59:18  A,933,G3,3,3F,LD,OG,68
21:59:18  D,LC,OL,64
21:59:18  D,DR,OB,73
21:59:18  [SLOT] n=89 tx=34 ack=1 due=0 r=1
21:59:18  [AT] "AT+CIPSEND=35" (13)
21:59:18  [AT] " S,79,00,00,106,P1,0BA,933,G3,3,3F" (34)
21:59:18  [AT] "SEND OK" (7)
21:59:19  [TX] S,80,00,00,108,P1,03
21:59:19  [SLOT] n=90 tx=20 ack=0 due=0 r=1
21:59:19  [AT] "AT+CIPSEND=21" (13)
21:59:19  [AT] " S,80,00,00,108,P1,03" (21)
21:59:19  [AT] "SEND OK" (7)
21:59:20  [TX] S,81,00,00,109,P1,03
21:59:20  [SLOT] n=91 tx=20 ack=0 due=0 r=1
21:59:20  [AT] "AT+CIPSEND=21" (13)
21:59:20  [AT] " S,81,00,00,109,P1,03" (21)
21:59:20  [AT] "SEND OK" (7)
21:59:21  [TX] S,82,00,00,110,P1,08
21:59:21  [SLOT] n=92 tx=20 ack=0 due=0 r=1
21:59:21  [AT] "AT+CIPSEND=21" (13)
21:59:21  [AT] " S,82,00,00,110,P1,08" (21)
21:59:21  [AT] "SEND OK" (7)
21:59:23  [TX] S,83,00,00,111,P1,08
21:59:23  [SLOT] n=93 tx=20 ack=0 due=0 r=1
21:59:23  [AT] "AT+CIPSEND=21" (13)
21:59:23  [AT] " S,83,00,00,111,P1,08" (21)
21:59:23  [AT] "SEND OK" (7)
21:59:23  [AT] "+IPD,13:G,934,2,1,7A" (20)
21:59:23  [SLOT-OOW] +105ms
21:59:23  [G] idx=2 arg=1
21:59:23  [AT] "OK" (2)
21:59:24  [TX] S,84,00,00,112,P1,0C
21:59:24  A,934,G2,0,3A,LD,OG,68
21:59:24  D,LC,OL,64
21:59:24  D,DR,OB,73
21:59:24  [SLOT] n=94 tx=34 ack=1 due=0 r=1
21:59:24  [AT] "AT+CIPSEND=35" (13)
21:59:24  [AT] " S,84,00,00,112,P1,0CA,934,G2,0,3A" (34)
21:59:24  [AT] "SEND OK" (7)
21:59:25  [TX] S,85,00,00,114,P1,0B
21:59:25  [SLOT] n=95 tx=20 ack=0 due=0 r=1
21:59:25  [AT] "AT+CIPSEND=21" (13)
21:59:25  [AT] " S,85,00,00,114,P1,0B" (21)
21:59:25  [AT] "SEND OK" (7)
21:59:26  [TX] S,86,00,00,115,P1,09
21:59:26  [SLOT] n=96 tx=20 ack=0 due=0 r=1
21:59:26  [AT] "AT+CIPSEND=21" (13)
21:59:26  [AT] " S,86,00,00,115,P1,09" (21)
21:59:26  [AT] "SEND OK" (7)
21:59:27  [TX] S,87,00,00,116,P1,0B
21:59:27  [SLOT] n=97 tx=20 ack=0 due=0 r=1
21:59:27  [AT] "AT+CIPSEND=21" (13)
21:59:27  [AT] " S,87,00,00,116,P1,0B" (21)
21:59:27  [AT] "SEND OK" (7)
21:59:29  «tap» 살아있음 — 최근 60초 rx=9403B (이 줄이 끊기면 탭이 죽은 것이다)
21:59:29  [TX] S,88,00,00,117,P1,05
21:59:29  [SLOT] n=98 tx=20 ack=0 due=0 r=1
21:59:29  [AT] "AT+CIPSEND=21" (13)
21:59:29  [AT] " S,88,00,00,117,P1,05" (21)
21:59:29  [AT] "SEND OK" (7)
21:59:29  [AT] "+IPD,19:G,935,3,1234567,7B" (26)
21:59:29  [SLOT-OOW] +99ms
21:59:29  [LC] 1234567
21:59:29  [G] idx=3 arg=1234567
21:59:29  [AT] "OK" (2)
21:59:30  [TX] S,89,00,00,118,P1,0B
21:59:30  A,935,G3,0,3A,LD,OG,68
21:59:30  D,LC,OL,64
21:59:30  D,DR,OB,73
21:59:30  [SLOT] n=99 tx=34 ack=1 due=0 r=1
21:59:30  [AT] "AT+CIPSEND=35" (13)
21:59:30  [AT] " S,89,00,00,118,P1,0BA,935,G3,0,3A" (34)
21:59:30  [AT] "SEND OK" (7)
21:59:31  [TX] S,90,00,00,120,P1,08
21:59:31  [SLOT] n=100 tx=20 ack=0 due=0 r=1
21:59:31  [CNT] up=120 drop=0 esprst=0 hwrst=0/0 resync=0 sendfail=0 okto=0 stuck=0 ackq=0 ackdrop=0 ackstale=0 slot=100 oow=12 smiss=1 ssovf=0 cksumng=0 okstream=89 penddrop=0 pendfill=91 bigfill=2 bigdrop=0 bigokst=2 oklost=0 bigoklost=0 skip=0 online=1
21:59:31  [RAM] 최저 여유 585 B · 프롬프트 재동기 0회 (서버의 '버린줄' 과 맞아야 한다)
21:59:31  [AT] " S,90,00,00,120,P1,08" (21)
21:59:31  [AT] "SEND OK" (7)
21:59:31  [AT] "AT+CIPSEND=21" (13)
21:59:32  [TX] S,91,00,00,121,P1,08
21:59:32  [SLOT] n=101 tx=20 ack=0 due=0 r=1
21:59:32  [AT] "AT+CIPSEND=21" (13)
21:59:32  [AT] " S,91,00,00,121,P1,08" (21)
21:59:32  [AT] "SEND OK" (7)
21:59:33  [TX] S,92,00,00,122,P1,08
21:59:33  [SLOT] n=102 tx=20 ack=0 due=0 r=1
21:59:33  [AT] "AT+CIPSEND=21" (13)
21:59:33  [AT] " S,92,00,00,122,P1,08" (21)
21:59:33  [AT] "SEND OK" (7)
21:59:34  [TX] S,93,00,00,123,P1,08
21:59:34  [SLOT] n=103 tx=20 ack=0 due=0 r=1
21:59:34  [AT] "AT+CIPSEND=21" (13)
21:59:35  [AT] " S,93,00,00,123,P1,08" (21)
21:59:35  [AT] "SEND OK" (7)
21:59:35  [AT] "+IPD,20:G,936,3,12345678,40" (27)
21:59:35  [SLOT-OOW] +112ms
21:59:35  [G] 거절 idx=3
21:59:35  [AT] "OK" (2)
21:59:36  [TX] S,94,00,00,124,P1,08
21:59:36  A,936,G3,3,3A,LD,OG,68
21:59:36  D,LC,OL,64
21:59:36  D,DR,OB,73
21:59:36  [SLOT] n=104 tx=34 ack=1 due=0 r=1
21:59:36  [AT] "AT+CIPSEND=35" (13)
21:59:36  [AT] " S,94,00,00,124,P1,08A,936,G3,3,3A" (34)
21:59:36  [AT] "SEND OK" (7)
21:59:37  [TX] S,95,00,00,126,P1,0B
21:59:37  [SLOT] n=105 tx=20 ack=0 due=0 r=1
21:59:37  [AT] "AT+CIPSEND=21" (13)
21:59:37  [AT] " S,95,00,00,126,P1,0B" (21)
21:59:37  [AT] "SEND OK" (7)
21:59:38  [TX] S,96,00,00,127,P1,09
21:59:38  [SLOT] n=106 tx=20 ack=0 due=0 r=1
21:59:38  [AT] "AT+CIPSEND=21" (13)
21:59:38  [AT] " S,96,00,00,127,P1,09" (21)
21:59:38  [AT] "SEND OK" (7)
21:59:39  [TX] S,97,00,00,128,P1,07
21:59:39  [SLOT] n=107 tx=20 ack=0 due=0 r=1
21:59:39  [AT] "AT+CIPSEND=21" (13)
21:59:39  [AT] " S,97,00,00,128,P1,07" (21)
21:59:39  [AT] "SEND OK" (7)
21:59:40  [TX] S,98,00,00,129,P1,09
21:59:40  [SLOT] n=108 tx=20 ack=0 due=0 r=1
21:59:40  [AT] "AT+CIPSEND=21" (13)
21:59:41  [AT] " S,98,00,00,129,P1,09" (21)
21:59:41  [AT] "SEND OK" (7)
21:59:41  [AT] "+IPD,13:G,937,2,1,79" (20)
21:59:41  [SLOT-OOW] +115ms
21:59:41  [G] idx=2 arg=1
21:59:41  [AT] "OK" (2)
21:59:42  [TX] S,99,00,00,130,P1,00
21:59:42  A,937,G2,0,39,LD,OG,68
21:59:42  D,LC,OL,64
21:59:42  D,DR,OB,73
21:59:42  [SLOT] n=109 tx=34 ack=1 due=0 r=1
21:59:42  [AT] "AT+CIPSEND=35" (13)
21:59:42  [AT] " S,99,00,00,130,P1,00A,937,G2,0,39" (34)
21:59:42  [AT] "SEND OK" (7)
21:59:43  [TX] S,100,00,00,132,P1,33
21:59:43  [SLOT] n=110 tx=21 ack=0 due=0 r=1
21:59:43  [AT] "AT+CIPSEND=22" (13)
21:59:43  [AT] " S,100,00,00,132,P1,33" (22)
21:59:43  [AT] "SEND OK" (7)
21:59:44  [TX] S,101,00,00,133,P1,33
21:59:44  [SLOT] n=111 tx=21 ack=0 due=0 r=1
21:59:44  [AT] "AT+CIPSEND=22" (13)
21:59:44  [AT] " S,101,00,00,133,P1,33" (22)
21:59:44  [AT] "SEND OK" (7)
21:59:45  [TX] S,102,00,00,134,P1,37
21:59:45  [SLOT] n=112 tx=21 ack=0 due=0 r=1
21:59:45  [AT] "AT+CIPSEND=22" (13)
21:59:45  [AT] " S,102,00,00,134,P1,37" (22)
21:59:45  [AT] "SEND OK" (7)
21:59:46  [TX] S,103,00,00,135,P1,37
21:59:46  [SLOT] n=113 tx=21 ack=0 due=0 r=1
21:59:46  [AT] "AT+CIPSEND=22" (13)
21:59:46  [AT] " S,103,00,00,135,P1,37" (22)
21:59:47  [AT] "SEND OK" (7)
21:59:47  [AT] "+IPD,19:G,938,3,1234567,76" (26)
21:59:47  [SLOT-OOW] +102ms
21:59:47  [LC] 1234567
21:59:47  [G] idx=3 arg=1234567
21:59:47  [AT] "OK" (2)
21:59:48  [TX] S,104,00,00,136,P1,33
21:59:48  A,938,G3,0,37LD,OG,68
21:59:48  D,LC,OL,64
21:59:48  D,DR,OB,73
21:59:48  [SLOT] n=114 tx=35 ack=1 due=0 r=1
21:59:48  [AT] "AT+CIPSEND=36" (13)
21:59:48  [AT] " S,104,00,00,136,P1,33A,938,G3,0,37" (35)
21:59:48  [AT] "SEND OK" (7)
21:59:49  [TX] S,105,00,00,138,P1,3C
21:59:49  [SLOT] n=115 tx=21 ack=0 due=0 r=1
21:59:49  [AT] "AT+CIPSEND=22" (13)
21:59:50  [AT] " S,105,00,00,138,P1,3C" (22)
21:59:50  [AT] "SEND OK" (7)
21:59:50  [TX] S,106,00,00,139,P1,3E
21:59:50  [SLOT] n=116 tx=21 ack=0 due=0 r=1
21:59:50  [AT] "AT+CIPSEND=22" (13)
21:59:50  [AT] " S,106,00,00,139,P1,3E" (22)
21:59:50  [AT] "SEND OK" (7)
21:59:51  [TX] S,107,00,00,140,P1,31
21:59:51  [SLOT] n=117 tx=21 ack=0 due=0 r=1
21:59:51  [AT] "AT+CIPSEND=22" (13)
21:59:51  [AT] " S,107,00,00,140,P1,31" (22)
21:59:51  [AT] "SEND OK" (7)
21:59:52  [TX] S,108,00,00,141,P1,3F
21:59:52  [SLOT] n=118 tx=21 ack=0 due=0 r=1
21:59:52  [AT] "AT+CIPSEND=22" (13)
21:59:52  [AT] " S,108,00,00,141,P1,3F" (22)
21:59:53  [AT] "SEND OK" (7)
21:59:53  [AT] "+IPD,20:G,939,3,12345678,4F" (27)
21:59:53  [SLOT-OOW] +104ms
21:59:53  [G] 거절 idx=3
21:59:53  [AT] "OK" (2)
21:59:54  [TX] S,109,00,00,142,P1,3D
21:59:54  A,939,G3,3,35LD,OG,68
21:59:54  D,LC,OL,64
21:59:54  D,DR,OB,73
21:59:54  [SLOT] n=119 tx=35 ack=1 due=0 r=1
21:59:54  [AT] "AT+CIPSEND=36" (13)
21:59:54  [AT] " S,109,00,00,142,P1,3DA,939,G3,3,35" (35)
21:59:54  [AT] "SEND OK" (7)
21:59:55  [TX] S,110,00,00,144,P1,33
21:59:55  [SLOT] n=120 tx=21 ack=0 due=0 r=1
21:59:55  [AT] "AT+CIPSEND=22" (13)
21:59:55  [AT] " S,110,00,00,144,P1,33" (22)
21:59:55  [AT] "SEND OK" (7)
21:59:56  [TX] S,111,00,00,145,P1,33
21:59:56  [SLOT] n=121 tx=21 ack=0 due=0 r=1
21:59:56  [AT] "AT+CIPSEND=22" (13)
21:59:56  [AT] " S,111,00,00,145,P1,33" (22)
21:59:56  [AT] "SEND OK" (7)
21:59:57  [TX] S,112,00,00,146,P1,33
21:59:57  [SLOT] n=122 tx=21 ack=0 due=0 r=1
21:59:57  [AT] "AT+CIPSEND=22" (13)
21:59:57  [AT] " S,112,00,00,146,P1,33" (22)
21:59:57  [AT] "SEND OK" (7)
21:59:58  [TX] S,113,00,00,147,P1,33
21:59:58  [SLOT] n=123 tx=21 ack=0 due=0 r=1
21:59:58  [AT] "AT+CIPSEND=22" (13)
21:59:58  [AT] " S,113,00,00,147,P1,33" (22)
21:59:58  [AT] "SEND OK" (7)
21:59:59  [AT] "+IPD,13:G,940,2,1,79" (20)
21:59:59  [SLOT-OOW] +105ms
21:59:59  [G] idx=2 arg=1
21:59:59  [AT] "OK" (2)
22:00:00  [TX] S,114,00,00,148,P1,3B
22:00:00  A,940,G2,0,39LD,OG,68
22:00:00  D,LC,OL,64
22:00:00  D,DR,OB,73
22:00:00  [SLOT] n=124 tx=35 ack=1 due=0 r=1
22:00:00  [AT] "AT+CIPSEND=36" (13)
22:00:00  [AT] " S,114,00,00,148,P1,3BA,940,G2,0,39" (35)
22:00:00  [AT] "SEND OK" (7)
22:00:01  [TX] S,115,00,00,150,P1,33
22:00:01  [SLOT] n=125 tx=21 ack=0 due=0 r=1
22:00:01  [AT] "AT+CIPSEND=22" (13)
22:00:01  [AT] " S,115,00,00,150,P1,33" (22)
22:00:01  [AT] "SEND OK" (7)
22:00:02  [TX] S,116,00,00,151,P1,31
22:00:02  [SLOT] n=126 tx=21 ack=0 due=0 r=1
22:00:02  [AT] "AT+CIPSEND=22" (13)
22:00:02  [AT] " S,116,00,00,151,P1,31" (22)
22:00:02  [AT] "SEND OK" (7)
22:00:03  [TX] S,117,00,00,152,P1,33
22:00:03  [SLOT] n=127 tx=21 ack=0 due=0 r=1
22:00:03  [AT] "AT+CIPSEND=22" (13)
22:00:03  [AT] " S,117,00,00,152,P1,33" (22)
22:00:03  [AT] "SEND OK" (7)
22:00:04  [TX] S,118,00,00,153,P1,3D
22:00:04  [SLOT] n=128 tx=21 ack=0 due=0 r=1
22:00:04  [AT] "AT+CIPSEND=22" (13)
22:00:04  [AT] " S,118,00,00,153,P1,3D" (22)
22:00:04  [AT] "SEND OK" (7)
22:00:05  [AT] "+IPD,19:G,941,3,1234567,78" (26)
22:00:05  [SLOT-OOW] +110ms
22:00:05  [LC] 1234567
22:00:05  [G] idx=3 arg=1234567
22:00:05  [AT] "OK" (2)
22:00:06  [TX] S,119,00,00,154,P1,3B
22:00:06  A,941,G3,0,39LD,OG,68
22:00:06  D,LC,OL,64
22:00:06  D,DR,OB,73
22:00:06  [SLOT] n=129 tx=35 ack=1 due=0 r=1
22:00:06  [AT] "AT+CIPSEND=36" (13)
22:00:06  [AT] " S,119,00,00,154,P1,3BA,941,G3,0,39" (35)
22:00:06  [AT] "OK" (2)
22:00:06  [AT] "Unlink" (6)
22:00:06  [DIAG] offline step=3 사다리=0/0 rx=7090 lines=432 up=154s
22:00:06  [NET] 3 CIFSR (IP 를 실제로 받았는가)
22:00:06  [AT] "AT+CIFSR" (8)
22:00:06  [AT] "192.168.35.79" (13)
22:00:06  [NET] ★ IP 확보: 192.168.35.79
22:00:06  [AT] "OK" (2)
22:00:06  [NET] 4 CIPMUX=0
22:00:06  [AT] "AT+CIPMUX=0" (11)
22:00:06  [AT] "OK" (2)
22:00:06  [NET] CIPMUX=0 적용됨 → CIPSTART
22:00:07  [NET] 5 CIPSTART
22:00:07  [AT] "AT+CIPSTART="TCP","192.168.35.21",9991" (38)
22:00:07  [AT] "ERROR" (5)
22:00:07  [AT] "Unlink" (6)
22:00:07  [NET] 3 CIFSR (IP 를 실제로 받았는가)
22:00:07  [AT] "AT+CIFSR" (8)
22:00:07  [AT] "192.168.35.79" (13)
22:00:07  [NET] ★ IP 확보: 192.168.35.79
22:00:07  [AT] "OK" (2)
22:00:07  [NET] 4 CIPMUX=0
22:00:07  [AT] "AT+CIPMUX=0" (11)
22:00:07  [AT] "OK" (2)
22:00:07  [NET] CIPMUX=0 적용됨 → CIPSTART
22:00:07  [NET] 5 CIPSTART
22:00:07  [AT] "AT+CIPSTART="TCP","192.168.35.21",9991" (38)
22:00:08  [AT] "OK" (2)
22:00:08  [AT] "Linked" (6)
22:00:08  [NET] online (CONNECT) + 캐시 비움
22:00:08  [TX] S,120,00,00,157,P1,32
22:00:08  [SLOT] n=131 tx=21 ack=0 due=0 r=1
22:00:08  [AT] "AT+CIPSEND=22" (13)
22:00:08  [AT] " S,120,00,00,157,P1,32" (22)
22:00:08  [AT] "SEND OK" (7)
22:00:09  [TX] D,*,7,5,6C
22:00:09  D,A1,IP,01
22:00:09  D,B1,IP,02
22:00:09  D,LD,OG,68
22:00:09  D,LC,OL,64
22:00:09  D,DR,OB,73
22:00:09  [REG] 등록 전송 65B
22:00:09  [SLOT] n=132 tx=65 ack=0 due=0 r=1
22:00:09  [AT] "AT+CIPSEND=66" (13)
22:00:09  [AT] " D,*,7,5,6CD,A1,IP,01D,B1,IP,02D,LD,OG,68D,LC,OL,64D,DR,OB,73" (61)
22:00:09  [AT] "SEND OK" (7)
22:00:10  [TX] S,122,00,00,159,P1,3E
22:00:10  [SLOT] n=133 tx=21 ack=0 due=0 r=1
22:00:10  [AT] "AT+CIPSEND=22" (13)
22:00:10  [AT] " S,122,00,00,159,P1,3E" (22)
22:00:10  [AT] "SEND OK" (7)
22:00:12  [TX] S,123,00,00,160,P1,35
22:00:12  [SLOT] n=134 tx=21 ack=0 due=0 r=1
22:00:12  [AT] "AT+CIPSEND=22" (13)
22:00:12  [AT] " S,123,00,00,160,P1,35" (22)
22:00:12  [AT] "SEND OK" (7)
22:00:13  [TX] S,124,00,00,162,P1,30
22:00:13  [SLOT] n=135 tx=21 ack=0 due=0 r=1
22:00:13  [AT] "AT+CIPSEND=22" (13)
22:00:13  [AT] " S,124,00,00,162,P1,30" (22)
22:00:13  [AT] "SEND OK" (7)
22:00:14  [TX] S,125,00,00,163,P1,30
22:00:14  [SLOT] n=136 tx=21 ack=0 due=0 r=1
22:00:14  [AT] "AT+CIPSEND=22" (13)
22:00:14  [AT] " S,125,00,00,163,P1,30" (22)
22:00:14  [AT] "SEND OK" (7)
22:00:15  [TX] S,126,00,00,164,P1,34
22:00:15  [SLOT] n=137 tx=21 ack=0 due=0 r=1
22:00:15  [AT] "AT+CIPSEND=22" (13)
22:00:15  [AT] " S,126,00,00,164,P1,34" (22)
22:00:15  [AT] "SEND OK" (7)
22:00:16  [TX] S,127,00,00,165,P1,34
22:00:16  [SLOT] n=138 tx=21 ack=0 due=0 r=1
22:00:16  [AT] "AT+CIPSEND=22" (13)
22:00:16  [AT] " S,127,00,00,165,P1,34" (22)
22:00:16  [AT] "SEND OK" (7)
22:00:18  [TX] S,128,00,00,166,P1,38
22:00:18  [SLOT] n=139 tx=21 ack=0 due=0 r=1
22:00:18  [AT] "AT+CIPSEND=22" (13)
22:00:18  [AT] " S,128,00,00,166,P1,38" (22)
22:00:18  [AT] "SEND OK" (7)
22:00:19  [TX] S,129,00,00,168,P1,37
22:00:19  [SLOT] n=140 tx=21 ack=0 due=0 r=1
22:00:19  [AT] "AT+CIPSEND=22" (13)
22:00:19  [AT] " S,129,00,00,168,P1,37" (22)
22:00:19  [AT] "SEND OK" (7)
22:00:20  [TX] S,130,00,00,169,P1,3E
22:00:20  [SLOT] n=141 tx=21 ack=0 due=0 r=1
22:00:20  [AT] "AT+CIPSEND=22" (13)
22:00:20  [AT] " S,130,00,00,169,P1,3E" (22)
22:00:20  [AT] "SEND OK" (7)
22:00:21  [TX] S,131,00,00,170,P1,37
22:00:21  [SLOT] n=142 tx=21 ack=0 due=0 r=1
22:00:21  [AT] "AT+CIPSEND=22" (13)
22:00:21  [AT] " S,131,00,00,170,P1,37" (22)
22:00:21  [AT] "SEND OK" (7)
22:00:22  [TX] S,132,00,00,171,P1,35
22:00:22  [SLOT] n=143 tx=21 ack=0 due=0 r=1
22:00:22  [AT] "AT+CIPSEND=22" (13)
22:00:22  [AT] " S,132,00,00,171,P1,35" (22)
22:00:22  [AT] "SEND OK" (7)
22:00:24  [TX] S,133,00,00,172,P1,37
22:00:24  [SLOT] n=144 tx=21 ack=0 due=0 r=1
22:00:24  [AT] "AT+CIPSEND=22" (13)
22:00:24  [AT] " S,133,00,00,172,P1,37" (22)
22:00:24  [AT] "SEND OK" (7)
22:00:25  [TX] S,134,00,00,174,P1,36
22:00:25  [SLOT] n=145 tx=21 ack=0 due=0 r=1
22:00:25  [AT] "AT+CIPSEND=22" (13)
22:00:25  [AT] " S,134,00,00,174,P1,36" (22)
22:00:25  [AT] "SEND OK" (7)
22:00:26  [TX] S,135,00,00,175,P1,36
22:00:26  [SLOT] n=146 tx=21 ack=0 due=0 r=1
22:00:26  [AT] "AT+CIPSEND=22" (13)
22:00:26  [AT] " S,135,00,00,175,P1,36" (22)
22:00:26  [AT] "SEND OK" (7)
22:00:27  [TX] S,136,00,00,176,P1,36
22:00:27  [SLOT] n=147 tx=21 ack=0 due=0 r=1
22:00:27  [AT] "AT+CIPSEND=22" (13)
22:00:27  [AT] " S,136,00,00,176,P1,36" (22)
22:00:27  [AT] "SEND OK" (7)
22:00:28  [TX] S,137,00,00,177,P1,36
22:00:28  [SLOT] n=148 tx=21 ack=0 due=0 r=1
22:00:28  [AT] "AT+CIPSEND=22" (13)
22:00:28  [AT] " S,137,00,00,177,P1,36" (22)
22:00:28  [AT] "SEND OK" (7)
22:00:29  «tap» 살아있음 — 최근 60초 rx=9663B (이 줄이 끊기면 탭이 죽은 것이다)
22:00:30  [TX] S,138,00,00,178,P1,36
22:00:30  [SLOT] n=149 tx=21 ack=0 due=0 r=1
22:00:30  [AT] "AT+CIPSEND=22" (13)
22:00:30  [AT] " S,138,00,00,178,P1,36" (22)
22:00:30  [AT] "SEND OK" (7)
22:00:31  [TX] S,139,00,00,180,P1,30
22:00:31  [SLOT] n=150 tx=21 ack=0 due=0 r=1
22:00:31  [CNT] up=180 drop=0 esprst=0 hwrst=0/0 resync=0 sendfail=0 okto=0 stuck=0 ackq=0 ackdrop=0 ackstale=0 slot=150 oow=18 smiss=2 ssovf=0 cksumng=0 okstream=137 penddrop=0 pendfill=140 bigfill=3 bigdrop=0 bigokst=3 oklost=0 bigoklost=0 skip=0 online=1
22:00:31  [RAM] 최저 여유 585 B · 프롬프트 재동기 0회 (서버의 '버린줄' 과 맞아야 한다)
22:00:31  [AT] " S,139,00,00,180,P1,30" (22)
22:00:31  [AT] "SEND OK" (7)
22:00:31  [AT] "AT+CIPSEND=22" (13)
22:00:32  [TX] S,140,00,00,181,P1,3F
22:00:32  [SLOT] n=151 tx=21 ack=0 due=0 r=1
22:00:32  [AT] "AT+CIPSEND=22" (13)
22:00:32  [AT] " S,140,00,00,181,P1,3F" (22)
22:00:32  [AT] "SEND OK" (7)
22:00:33  [TX] S,141,00,00,182,P1,3D
22:00:33  [SLOT] n=152 tx=21 ack=0 due=0 r=1
22:00:33  [AT] "AT+CIPSEND=22" (13)
22:00:33  [AT] " S,141,00,00,182,P1,3D" (22)
22:00:33  [AT] "SEND OK" (7)
22:00:34  [TX] S,142,00,00,183,P1,3F
22:00:34  [SLOT] n=153 tx=21 ack=0 due=0 r=1
22:00:34  [AT] "AT+CIPSEND=22" (13)
22:00:34  [AT] " S,142,00,00,183,P1,3F" (22)
22:00:34  [AT] "SEND OK" (7)
22:00:36  [TX] S,143,00,00,184,P1,39
22:00:36  [SLOT] n=154 tx=21 ack=0 due=0 r=1
22:00:36  [AT] "AT+CIPSEND=22" (13)
22:00:36  [AT] " S,143,00,00,184,P1,39" (22)
22:00:36  [AT] "SEND OK" (7)
22:00:37  [TX] S,144,00,00,186,P1,3C
22:00:37  [SLOT] n=155 tx=21 ack=0 due=0 r=1
22:00:37  [AT] "AT+CIPSEND=22" (13)
22:00:37  [AT] " S,144,00,00,186,P1,3C" (22)
22:00:37  [AT] "SEND OK" (7)
22:00:38  [TX] S,145,00,00,187,P1,3C
22:00:38  [SLOT] n=156 tx=21 ack=0 due=0 r=1
22:00:38  [AT] "AT+CIPSEND=22" (13)
22:00:38  [AT] " S,145,00,00,187,P1,3C" (22)
22:00:38  [AT] "SEND OK" (7)
22:00:39  [TX] S,146,00,00,188,P1,30
22:00:39  [SLOT] n=157 tx=21 ack=0 due=0 r=1
22:00:39  [AT] "AT+CIPSEND=22" (13)
22:00:39  [AT] " S,146,00,00,188,P1,30" (22)
22:00:39  [AT] "SEND OK" (7)
22:00:40  [TX] S,147,00,00,189,P1,30
22:00:40  [SLOT] n=158 tx=21 ack=0 due=0 r=1
22:00:40  [AT] "AT+CIPSEND=22" (13)
22:00:40  [AT] " S,147,00,00,189,P1,30" (22)
22:00:40  [AT] "SEND OK" (7)
22:00:42  [TX] S,148,00,00,190,P1,37
22:00:42  [SLOT] n=159 tx=21 ack=0 due=0 r=1
22:00:42  [AT] "AT+CIPSEND=22" (13)
22:00:42  [AT] " S,148,00,00,190,P1,37" (22)
22:00:42  [AT] "SEND OK" (7)
22:00:43  [TX] S,149,00,00,192,P1,34
22:00:43  [SLOT] n=160 tx=21 ack=0 due=0 r=1
22:00:43  [AT] "AT+CIPSEND=22" (13)
22:00:43  [AT] " S,149,00,00,192,P1,34" (22)
22:00:43  [AT] "SEND OK" (7)
22:00:44  [TX] S,150,00,00,193,P1,3D
22:00:44  [SLOT] n=161 tx=21 ack=0 due=0 r=1
22:00:44  [AT] "AT+CIPSEND=22" (13)
22:00:44  [AT] " S,150,00,00,193,P1,3D" (22)
22:00:44  [AT] "SEND OK" (7)
22:00:45  [TX] S,151,00,00,194,P1,3B
22:00:45  [SLOT] n=162 tx=21 ack=0 due=0 r=1
22:00:45  [AT] "AT+CIPSEND=22" (13)
22:00:45  [AT] " S,151,00,00,194,P1,3B" (22)
22:00:45  [AT] "SEND OK" (7)
22:00:46  [TX] S,152,00,00,195,P1,39
22:00:46  [SLOT] n=163 tx=21 ack=0 due=0 r=1
22:00:46  [AT] "AT+CIPSEND=22" (13)
22:00:46  [AT] " S,152,00,00,195,P1,39" (22)
22:00:46  [AT] "SEND OK" (7)
22:00:48  [TX] S,153,00,00,196,P1,3B
22:00:48  [SLOT] n=164 tx=21 ack=0 due=0 r=1
22:00:48  [AT] "AT+CIPSEND=22" (13)
22:00:48  [AT] " S,153,00,00,196,P1,3B" (22)
22:00:48  [AT] "SEND OK" (7)
22:00:49  [TX] S,154,00,00,198,P1,32
22:00:49  [SLOT] n=165 tx=21 ack=0 due=0 r=1
22:00:49  [AT] "AT+CIPSEND=22" (13)
22:00:49  [AT] " S,154,00,00,198,P1,32" (22)
22:00:49  [AT] "SEND OK" (7)
22:00:50  [TX] S,155,00,00,199,P1,32
22:00:50  [SLOT] n=166 tx=21 ack=0 due=0 r=1
22:00:50  [AT] "AT+CIPSEND=22" (13)
22:00:50  [AT] " S,155,00,00,199,P1,32" (22)
22:00:50  [AT] "SEND OK" (7)
22:00:51  [TX] S,156,00,00,200,P1,32
22:00:51  [SLOT] n=167 tx=21 ack=0 due=0 r=1
22:00:51  [AT] "AT+CIPSEND=22" (13)
22:00:51  [AT] " S,156,00,00,200,P1,32" (22)
22:00:51  [AT] "SEND OK" (7)
22:00:52  [TX] S,157,00,00,201,P1,32
22:00:52  [SLOT] n=168 tx=21 ack=0 due=0 r=1
22:00:52  [AT] "AT+CIPSEND=22" (13)
22:00:52  [AT] " S,157,00,00,201,P1,32" (22)
22:00:52  [AT] "SEND OK" (7)
22:00:54  [TX] S,158,00,00,202,P1,3E
22:00:54  [SLOT] n=169 tx=21 ack=0 due=0 r=1
22:00:54  [AT] "AT+CIPSEND=22" (13)
22:00:54  [AT] " S,158,00,00,202,P1,3E" (22)
22:00:54  [AT] "SEND OK" (7)
22:00:55  [TX] S,159,00,00,204,P1,39
22:00:55  [SLOT] n=170 tx=21 ack=0 due=0 r=1
22:00:55  [AT] "AT+CIPSEND=22" (13)
22:00:55  [AT] " S,159,00,00,204,P1,39" (22)
22:00:55  [AT] "SEND OK" (7)
22:00:56  [TX] S,160,00,00,205,P1,32
22:00:56  [SLOT] n=171 tx=21 ack=0 due=0 r=1
22:00:56  [AT] "AT+CIPSEND=22" (13)
22:00:56  [AT] " S,160,00,00,205,P1,32" (22)
22:00:56  [AT] "SEND OK" (7)
22:00:57  [TX] S,161,00,00,206,P1,30
22:00:57  [SLOT] n=172 tx=21 ack=0 due=0 r=1
22:00:57  [AT] "AT+CIPSEND=22" (13)
22:00:57  [AT] " S,161,00,00,206,P1,30" (22)
22:00:57  [AT] "SEND OK" (7)
22:00:58  [TX] S,162,00,00,207,P1,32
22:00:58  [SLOT] n=173 tx=21 ack=0 due=0 r=1
22:00:58  [AT] "AT+CIPSEND=22" (13)
22:00:58  [AT] " S,162,00,00,207,P1,32" (22)
22:00:58  [AT] "SEND OK" (7)
22:01:00  [TX] S,163,00,00,208,P1,3C
22:01:00  [SLOT] n=174 tx=21 ack=0 due=0 r=1
22:01:00  [AT] "AT+CIPSEND=22" (13)
22:01:00  [AT] " S,163,00,00,208,P1,3C" (22)
22:01:00  [AT] "SEND OK" (7)
22:01:01  [TX] S,164,00,00,210,P1,32
22:01:01  [SLOT] n=175 tx=21 ack=0 due=0 r=1
22:01:01  [AT] "AT+CIPSEND=22" (13)
22:01:01  [AT] " S,164,00,00,210,P1,32" (22)
22:01:01  [AT] "SEND OK" (7)
22:01:02  [TX] S,165,00,00,211,P1,32
22:01:02  [SLOT] n=176 tx=21 ack=0 due=0 r=1
22:01:02  [AT] "AT+CIPSEND=22" (13)
22:01:02  [AT] " S,165,00,00,211,P1,32" (22)
22:01:02  [AT] "SEND OK" (7)
22:01:03  [TX] S,166,00,00,212,P1,32
22:01:03  [SLOT] n=177 tx=21 ack=0 due=0 r=1
22:01:03  [AT] "AT+CIPSEND=22" (13)
22:01:03  [AT] " S,166,00,00,212,P1,32" (22)
22:01:03  [AT] "SEND OK" (7)
22:01:04  [TX] S,167,00,00,213,P1,32
22:01:04  [SLOT] n=178 tx=21 ack=0 due=0 r=1
22:01:04  [AT] "AT+CIPSEND=22" (13)
22:01:04  [AT] " S,167,00,00,213,P1,32" (22)
22:01:04  [AT] "SEND OK" (7)
22:01:06  [TX] S,168,00,00,214,P1,3A
22:01:06  [SLOT] n=179 tx=21 ack=0 due=0 r=1
22:01:06  [AT] "AT+CIPSEND=22" (13)
22:01:06  [AT] " S,168,00,00,214,P1,3A" (22)
22:01:06  [AT] "SEND OK" (7)
22:01:07  [TX] S,169,00,00,216,P1,39
22:01:07  [SLOT] n=180 tx=21 ack=0 due=0 r=1
22:01:07  [AT] "AT+CIPSEND=22" (13)
22:01:07  [AT] " S,169,00,00,216,P1,39" (22)
22:01:07  [AT] "SEND OK" (7)
22:01:08  [TX] S,170,00,00,217,P1,30
22:01:08  [SLOT] n=181 tx=21 ack=0 due=0 r=1
22:01:08  [AT] "AT+CIPSEND=22" (13)
22:01:08  [AT] " S,170,00,00,217,P1,30" (22)
22:01:08  [AT] "SEND OK" (7)
22:01:09  [TX] S,171,00,00,218,P1,3E
22:01:09  [SLOT] n=182 tx=21 ack=0 due=0 r=1
22:01:09  [AT] "AT+CIPSEND=22" (13)
22:01:09  [AT] " S,171,00,00,218,P1,3E" (22)
22:01:09  [AT] "SEND OK" (7)
22:01:10  [TX] S,172,00,00,219,P1,3C
22:01:10  [SLOT] n=183 tx=21 ack=0 due=0 r=1
22:01:10  [AT] "AT+CIPSEND=22" (13)
22:01:10  [AT] " S,172,00,00,219,P1,3C" (22)
22:01:10  [AT] "SEND OK" (7)
22:01:12  [TX] S,173,00,00,220,P1,37
22:01:12  [SLOT] n=184 tx=21 ack=0 due=0 r=1
22:01:12  [AT] "AT+CIPSEND=22" (13)
22:01:12  [AT] " S,173,00,00,220,P1,37" (22)
22:01:12  [AT] "SEND OK" (7)
22:01:13  [TX] S,174,00,00,222,P1,32
22:01:13  [SLOT] n=185 tx=21 ack=0 due=0 r=1
22:01:13  [AT] "AT+CIPSEND=22" (13)
22:01:13  [AT] " S,174,00,00,222,P1,32" (22)
22:01:13  [AT] "SEND OK" (7)
22:01:14  [TX] S,175,00,00,223,P1,32
22:01:14  [SLOT] n=186 tx=21 ack=0 due=0 r=1
22:01:14  [AT] "AT+CIPSEND=22" (13)
22:01:14  [AT] " S,175,00,00,223,P1,32" (22)
22:01:14  [AT] "SEND OK" (7)
22:01:15  [TX] S,176,00,00,224,P1,36
22:01:15  [SLOT] n=187 tx=21 ack=0 due=0 r=1
22:01:15  [AT] "AT+CIPSEND=22" (13)
22:01:15  [AT] " S,176,00,00,224,P1,36" (22)
22:01:15  [AT] "SEND OK" (7)
22:01:16  [TX] S,177,00,00,225,P1,36
22:01:16  [SLOT] n=188 tx=21 ack=0 due=0 r=1
22:01:16  [AT] "AT+CIPSEND=22" (13)
22:01:16  [AT] " S,177,00,00,225,P1,36" (22)
22:01:16  [AT] "SEND OK" (7)
22:01:19  [TX] S,178,00,00,226,P1,3A
22:01:19  [SLOT] n=189 tx=21 ack=0 due=0 r=1
22:01:19  [AT] "AT+CIPSEND=22" (13)
22:01:19  [AT] " S,178,00,00,226,P1,3A" (22)
22:01:19  [AT] "SEND OK" (7)
22:01:20  [TX] S,179,00,00,228,P1,35
22:01:20  [SLOT] n=190 tx=21 ack=0 due=0 r=1
22:01:20  [AT] "AT+CIPSEND=22" (13)
22:01:20  [AT] " S,179,00,00,228,P1,35" (22)
22:01:20  [AT] "SEND OK" (7)
22:01:21  [TX] S,180,00,00,229,P1,32
22:01:21  [SLOT] n=191 tx=21 ack=0 due=0 r=1
22:01:21  [AT] "AT+CIPSEND=22" (13)
22:01:21  [AT] " S,180,00,00,229,P1,32" (22)
22:01:21  [AT] "SEND OK" (7)
22:01:22  [TX] S,181,00,00,230,P1,3B
22:01:22  [SLOT] n=192 tx=21 ack=0 due=0 r=1
22:01:22  [AT] "AT+CIPSEND=22" (13)
22:01:22  [AT] " S,181,00,00,230,P1,3B" (22)
22:01:22  [AT] "SEND OK" (7)
22:01:23  [TX] S,182,00,00,231,P1,39
22:01:23  [SLOT] n=193 tx=21 ack=0 due=0 r=1
22:01:23  [AT] "AT+CIPSEND=22" (13)
22:01:23  [AT] " S,182,00,00,231,P1,39" (22)
22:01:23  [AT] "SEND OK" (7)
22:01:24  [TX] S,183,00,00,232,P1,3B
22:01:24  [SLOT] n=194 tx=21 ack=0 due=0 r=1
22:01:25  [AT] "AT+CIPSEND=22" (13)
22:01:25  [AT] " S,183,00,00,232,P1,3B" (22)
22:01:25  [AT] "SEND OK" (7)
22:01:26  [TX] S,184,00,00,234,P1,3A
22:01:26  [SLOT] n=195 tx=21 ack=0 due=0 r=1
22:01:26  [AT] "AT+CIPSEND=22" (13)
22:01:26  [AT] " S,184,00,00,234,P1,3A" (22)
22:01:26  [AT] "SEND OK" (7)
22:01:27  [TX] S,185,00,00,235,P1,3A
22:01:27  [SLOT] n=196 tx=21 ack=0 due=0 r=1
22:01:27  [AT] "AT+CIPSEND=22" (13)
22:01:27  [AT] " S,185,00,00,235,P1,3A" (22)
22:01:27  [AT] "SEND OK" (7)
22:01:28  [TX] S,186,00,00,236,P1,3A
22:01:28  [SLOT] n=197 tx=21 ack=0 due=0 r=1
22:01:28  [AT] "AT+CIPSEND=22" (13)
22:01:28  [AT] " S,186,00,00,236,P1,3A" (22)
22:01:28  [AT] "SEND OK" (7)
22:01:29  [TX] S,187,00,00,237,P1,3A
22:01:29  [SLOT] n=198 tx=21 ack=0 due=0 r=1
22:01:29  [AT] "AT+CIPSEND=22" (13)
22:01:29  [AT] " S,187,00,00,237,P1,3A" (22)
22:01:29  [AT] "SEND OK" (7)
22:01:30  «tap» 살아있음 — 최근 60초 rx=7702B (이 줄이 끊기면 탭이 죽은 것이다)
22:01:30  [TX] S,188,00,00,238,P1,3A
22:01:30  [SLOT] n=199 tx=21 ack=0 due=0 r=1
22:01:30  [AT] "AT+CIPSEND=22" (13)
22:01:31  [AT] " S,188,00,00,238,P1,3A" (22)
22:01:31  [AT] "SEND OK" (7)
22:01:32  [TX] S,189,00,00,240,P1,34
22:01:32  [SLOT] n=200 tx=21 ack=0 due=0 r=1
22:01:32  [CNT] up=240 drop=0 esprst=0 hwrst=0/0 resync=0 sendfail=0 okto=0 stuck=0 ackq=0 ackdrop=0 ackstale=0 slot=200 oow=18 smiss=2 ssovf=0 cksumng=0 okstream=187 penddrop=0 pendfill=190 bigfill=3 bigdrop=0 bigokst=3 oklost=0 bigoklost=0 skip=0 online=1
22:01:32  [RAM] 최저 여유 585 B · 프롬프트 재동기 0회 (서버의 '버린줄' 과 맞아야 한다)
22:01:32  [AT] " S,189,00,00,240,P1,34" (22)
22:01:32  [AT] "SEND OK" (7)
22:01:32  [AT] "AT+CIPSEND=22" (13)
22:01:33  [TX] S,190,00,00,241,P1,3D
22:01:33  [SLOT] n=201 tx=21 ack=0 due=0 r=1
22:01:33  [AT] "AT+CIPSEND=22" (13)
22:01:33  [AT] " S,190,00,00,241,P1,3D" (22)
22:01:33  [AT] "SEND OK" (7)
22:01:34  [TX] S,191,00,00,242,P1,3F
22:01:34  [SLOT] n=202 tx=21 ack=0 due=0 r=1
22:01:34  [AT] "AT+CIPSEND=22" (13)
22:01:34  [AT] " S,191,00,00,242,P1,3F" (22)
22:01:34  [AT] "SEND OK" (7)
22:01:35  [TX] S,192,00,00,243,P1,3D
22:01:35  [SLOT] n=203 tx=21 ack=0 due=0 r=1
22:01:35  [AT] "AT+CIPSEND=22" (13)
22:01:35  [AT] " S,192,00,00,243,P1,3D" (22)
22:01:35  [AT] "SEND OK" (7)
22:01:36  [TX] S,193,00,00,244,P1,3B
22:01:36  [SLOT] n=204 tx=21 ack=0 due=0 r=1
22:01:36  [AT] "AT+CIPSEND=22" (13)
22:01:37  [AT] " S,193,00,00,244,P1,3B" (22)
22:01:37  [AT] "SEND OK" (7)
22:01:38  [TX] S,194,00,00,246,P1,3E
22:01:38  [SLOT] n=205 tx=21 ack=0 due=0 r=1
22:01:38  [AT] "AT+CIPSEND=22" (13)
22:01:38  [AT] " S,194,00,00,246,P1,3E" (22)
22:01:38  [AT] "SEND OK" (7)
22:01:39  [TX] S,195,00,00,247,P1,3E
22:01:39  [SLOT] n=206 tx=21 ack=0 due=0 r=1
22:01:39  [AT] "AT+CIPSEND=22" (13)
22:01:39  [AT] " S,195,00,00,247,P1,3E" (22)
22:01:39  [AT] "SEND OK" (7)
22:01:40  [TX] S,196,00,00,248,P1,32
22:01:40  [SLOT] n=207 tx=21 ack=0 due=0 r=1
22:01:40  [AT] "AT+CIPSEND=22" (13)
22:01:40  [AT] " S,196,00,00,248,P1,32" (22)
22:01:40  [AT] "SEND OK" (7)
22:01:41  [TX] S,197,00,00,249,P1,32
22:01:41  [SLOT] n=208 tx=21 ack=0 due=0 r=1
22:01:41  [AT] "AT+CIPSEND=22" (13)
22:01:41  [AT] " S,197,00,00,249,P1,32" (22)
22:01:41  [AT] "SEND OK" (7)
22:01:42  [TX] S,198,00,00,250,P1,35
22:01:42  [SLOT] n=209 tx=21 ack=0 due=0 r=1
22:01:42  [AT] "AT+CIPSEND=22" (13)
22:01:42  [AT] " S,198,00,00,250,P1,35" (22)
22:01:42  [AT] "SEND OK" (7)
22:01:44  [TX] S,199,00,00,252,P1,36
22:01:44  [SLOT] n=210 tx=21 ack=0 due=0 r=1
22:01:44  [AT] "AT+CIPSEND=22" (13)
22:01:44  [AT] " S,199,00,00,252,P1,36" (22)
22:01:44  [AT] "SEND OK" (7)
22:01:45  [TX] S,200,00,00,253,P1,34
22:01:45  [SLOT] n=211 tx=21 ack=0 due=0 r=1
22:01:45  [AT] "AT+CIPSEND=22" (13)
22:01:45  [AT] " S,200,00,00,253,P1,34" (22)
22:01:45  [AT] "SEND OK" (7)
22:01:46  [TX] S,201,00,00,254,P1,32
22:01:46  [SLOT] n=212 tx=21 ack=0 due=0 r=1
22:01:46  [AT] "AT+CIPSEND=22" (13)
22:01:46  [AT] " S,201,00,00,254,P1,32" (22)
22:01:46  [AT] "SEND OK" (7)
22:01:47  [TX] S,202,00,00,255,P1,30
22:01:47  [SLOT] n=213 tx=21 ack=0 due=0 r=1
22:01:47  [AT] "AT+CIPSEND=22" (13)
22:01:47  [AT] " S,202,00,00,255,P1,30" (22)
22:01:47  [AT] "SEND OK" (7)
22:01:48  [TX] S,203,00,00,256,P1,32
22:01:48  [SLOT] n=214 tx=21 ack=0 due=0 r=1
22:01:48  [AT] "AT+CIPSEND=22" (13)
22:01:48  [AT] " S,203,00,00,256,P1,32" (22)
22:01:48  [AT] "SEND OK" (7)
22:01:50  [TX] S,204,00,00,258,P1,3B
22:01:50  [SLOT] n=215 tx=21 ack=0 due=0 r=1
22:01:50  [AT] "AT+CIPSEND=22" (13)
22:01:50  [AT] " S,204,00,00,258,P1,3B" (22)
22:01:50  [AT] "SEND OK" (7)
22:01:51  [TX] S,205,00,00,259,P1,3B
22:01:51  [SLOT] n=216 tx=21 ack=0 due=0 r=1
22:01:51  [AT] "AT+CIPSEND=22" (13)
22:01:51  [AT] " S,205,00,00,259,P1,3B" (22)
22:01:51  [AT] "SEND OK" (7)
22:01:52  [TX] S,206,00,00,260,P1,32
22:01:52  [SLOT] n=217 tx=21 ack=0 due=0 r=1
22:01:52  [AT] "AT+CIPSEND=22" (13)
22:01:52  [AT] " S,206,00,00,260,P1,32" (22)
22:01:52  [AT] "SEND OK" (7)
22:01:53  [TX] S,207,00,00,261,P1,32
22:01:53  [SLOT] n=218 tx=21 ack=0 due=0 r=1
22:01:53  [AT] "AT+CIPSEND=22" (13)
22:01:53  [AT] " S,207,00,00,261,P1,32" (22)
22:01:53  [AT] "SEND OK" (7)
22:01:54  [TX] S,208,00,00,262,P1,3E
22:01:54  [SLOT] n=219 tx=21 ack=0 due=0 r=1
22:01:54  [AT] "AT+CIPSEND=22" (13)
22:01:54  [AT] " S,208,00,00,262,P1,3E" (22)
22:01:54  [AT] "SEND OK" (7)
22:01:56  [TX] S,209,00,00,264,P1,39
22:01:56  [SLOT] n=220 tx=21 ack=0 due=0 r=1
22:01:56  [AT] "AT+CIPSEND=22" (13)
22:01:56  [AT] " S,209,00,00,264,P1,39" (22)
22:01:56  [AT] "SEND OK" (7)
22:01:57  [TX] S,210,00,00,265,P1,30
22:01:57  [SLOT] n=221 tx=21 ack=0 due=0 r=1
22:01:57  [AT] "AT+CIPSEND=22" (13)
22:01:57  [AT] " S,210,00,00,265,P1,30" (22)
22:01:57  [AT] "SEND OK" (7)
22:01:58  [TX] S,211,00,00,266,P1,32
22:01:58  [SLOT] n=222 tx=21 ack=0 due=0 r=1
22:01:58  [AT] "AT+CIPSEND=22" (13)
22:01:58  [AT] " S,211,00,00,266,P1,32" (22)
22:01:58  [AT] "SEND OK" (7)
22:01:59  [TX] S,212,00,00,267,P1,30
22:01:59  [SLOT] n=223 tx=21 ack=0 due=0 r=1
22:01:59  [AT] "AT+CIPSEND=22" (13)
22:01:59  [AT] " S,212,00,00,267,P1,30" (22)
22:01:59  [AT] "SEND OK" (7)
22:02:00  [TX] S,213,00,00,268,P1,3E
22:02:00  [SLOT] n=224 tx=21 ack=0 due=0 r=1
22:02:00  [AT] "AT+CIPSEND=22" (13)
22:02:00  [AT] " S,213,00,00,268,P1,3E" (22)
22:02:00  [AT] "SEND OK" (7)
22:02:02  [TX] S,214,00,00,270,P1,30
22:02:02  [SLOT] n=225 tx=21 ack=0 due=0 r=1
22:02:02  [AT] "AT+CIPSEND=22" (13)
22:02:02  [AT] " S,214,00,00,270,P1,30" (22)
22:02:02  [AT] "SEND OK" (7)
22:02:03  [TX] S,215,00,00,271,P1,30
22:02:03  [SLOT] n=226 tx=21 ack=0 due=0 r=1
22:02:03  [AT] "AT+CIPSEND=22" (13)
22:02:03  [AT] " S,215,00,00,271,P1,30" (22)
22:02:03  [AT] "SEND OK" (7)
22:02:04  [TX] S,216,00,00,272,P1,30
22:02:04  [SLOT] n=227 tx=21 ack=0 due=0 r=1
22:02:04  [AT] "AT+CIPSEND=22" (13)
22:02:04  [AT] " S,216,00,00,272,P1,30" (22)
22:02:04  [AT] "SEND OK" (7)
22:02:05  [TX] S,217,00,00,273,P1,30
22:02:05  [SLOT] n=228 tx=21 ack=0 due=0 r=1
22:02:05  [AT] "AT+CIPSEND=22" (13)
22:02:05  [AT] " S,217,00,00,273,P1,30" (22)
22:02:05  [AT] "SEND OK" (7)
22:02:06  [TX] S,218,00,00,274,P1,38
22:02:06  [SLOT] n=229 tx=21 ack=0 due=0 r=1
22:02:06  [AT] "AT+CIPSEND=22" (13)
22:02:06  [AT] " S,218,00,00,274,P1,38" (22)
22:02:06  [AT] "SEND OK" (7)
22:02:08  [TX] S,219,00,00,276,P1,3B
22:02:08  [SLOT] n=230 tx=21 ack=0 due=0 r=1
22:02:08  [AT] "AT+CIPSEND=22" (13)
22:02:08  [AT] " S,219,00,00,276,P1,3B" (22)
22:02:08  [AT] "SEND OK" (7)
22:02:09  [TX] S,220,00,00,277,P1,30
22:02:09  [SLOT] n=231 tx=21 ack=0 due=0 r=1
22:02:09  [AT] "AT+CIPSEND=22" (13)
22:02:09  [AT] " S,220,00,00,277,P1,30" (22)
22:02:09  [AT] "SEND OK" (7)
22:02:10  [TX] S,221,00,00,278,P1,3E
22:02:10  [SLOT] n=232 tx=21 ack=0 due=0 r=1
22:02:10  [AT] "AT+CIPSEND=22" (13)
22:02:10  [AT] " S,221,00,00,278,P1,3E" (22)
22:02:10  [AT] "SEND OK" (7)
22:02:11  [TX] S,222,00,00,279,P1,3C
22:02:11  [SLOT] n=233 tx=21 ack=0 due=0 r=1
22:02:11  [AT] "AT+CIPSEND=22" (13)
22:02:11  [AT] " S,222,00,00,279,P1,3C" (22)
22:02:11  [AT] "SEND OK" (7)
22:02:12  [TX] S,223,00,00,280,P1,3B
22:02:12  [SLOT] n=234 tx=21 ack=0 due=0 r=1
22:02:12  [AT] "AT+CIPSEND=22" (13)
22:02:12  [AT] " S,223,00,00,280,P1,3B" (22)
22:02:12  [AT] "SEND OK" (7)
22:02:14  [TX] S,224,00,00,282,P1,3E
22:02:14  [SLOT] n=235 tx=21 ack=0 due=0 r=1
22:02:14  [AT] "AT+CIPSEND=22" (13)
22:02:14  [AT] " S,224,00,00,282,P1,3E" (22)
22:02:14  [AT] "SEND OK" (7)
22:02:15  [TX] S,225,00,00,283,P1,3E
22:02:15  [SLOT] n=236 tx=21 ack=0 due=0 r=1
22:02:15  [AT] "AT+CIPSEND=22" (13)
22:02:15  [AT] " S,225,00,00,283,P1,3E" (22)
22:02:15  [AT] "SEND OK" (7)
22:02:16  [TX] S,226,00,00,284,P1,3A
22:02:16  [SLOT] n=237 tx=21 ack=0 due=0 r=1
22:02:16  [AT] "AT+CIPSEND=22" (13)
22:02:16  [AT] " S,226,00,00,284,P1,3A" (22)
22:02:16  [AT] "SEND OK" (7)
22:02:17  [TX] S,227,00,00,285,P1,3A
22:02:17  [SLOT] n=238 tx=21 ack=0 due=0 r=1
22:02:17  [AT] "AT+CIPSEND=22" (13)
22:02:17  [AT] " S,227,00,00,285,P1,3A" (22)
22:02:17  [AT] "SEND OK" (7)
22:02:18  [TX] S,228,00,00,286,P1,36
22:02:18  [SLOT] n=239 tx=21 ack=0 due=0 r=1
22:02:18  [AT] "AT+CIPSEND=22" (13)
22:02:18  [AT] " S,228,00,00,286,P1,36" (22)
22:02:18  [AT] "SEND OK" (7)
22:02:20  [TX] S,229,00,00,288,P1,39
22:02:20  [SLOT] n=240 tx=21 ack=0 due=0 r=1
22:02:20  [AT] "AT+CIPSEND=22" (13)
22:02:20  [AT] " S,229,00,00,288,P1,39" (22)
22:02:20  [AT] "SEND OK" (7)
22:02:21  [TX] S,230,00,00,289,P1,30
22:02:21  [SLOT] n=241 tx=21 ack=0 due=0 r=1
22:02:21  [AT] "AT+CIPSEND=22" (13)
22:02:21  [AT] " S,230,00,00,289,P1,30" (22)
22:02:21  [AT] "SEND OK" (7)
22:02:22  [TX] S,231,00,00,290,P1,39
22:02:22  [SLOT] n=242 tx=21 ack=0 due=0 r=1
22:02:22  [AT] "AT+CIPSEND=22" (13)
22:02:22  [AT] " S,231,00,00,290,P1,39" (22)
22:02:22  [AT] "SEND OK" (7)
22:02:23  [TX] S,232,00,00,291,P1,3B
22:02:23  [SLOT] n=243 tx=21 ack=0 due=0 r=1
22:02:23  [AT] "AT+CIPSEND=22" (13)
22:02:23  [AT] " S,232,00,00,291,P1,3B" (22)
22:02:23  [AT] "SEND OK" (7)
22:02:24  [TX] S,233,00,00,292,P1,39
22:02:24  [SLOT] n=244 tx=21 ack=0 due=0 r=1
22:02:24  [AT] "AT+CIPSEND=22" (13)
22:02:24  [AT] " S,233,00,00,292,P1,39" (22)
22:02:24  [AT] "SEND OK" (7)
22:02:26  [TX] S,234,00,00,294,P1,38
22:02:26  [SLOT] n=245 tx=21 ack=0 due=0 r=1
22:02:26  [AT] "AT+CIPSEND=22" (13)
22:02:26  [AT] " S,234,00,00,294,P1,38" (22)
22:02:26  [AT] "SEND OK" (7)
22:02:27  [TX] S,235,00,00,295,P1,38
22:02:27  [SLOT] n=246 tx=21 ack=0 due=0 r=1
22:02:27  [AT] "AT+CIPSEND=22" (13)
22:02:27  [AT] " S,235,00,00,295,P1,38" (22)
22:02:27  [AT] "SEND OK" (7)
22:02:28  [TX] S,236,00,00,296,P1,38
22:02:28  [SLOT] n=247 tx=21 ack=0 due=0 r=1
22:02:28  [AT] "AT+CIPSEND=22" (13)
22:02:28  [AT] " S,236,00,00,296,P1,38" (22)
22:02:28  [AT] "SEND OK" (7)
22:02:29  [TX] S,237,00,00,297,P1,38
22:02:29  [SLOT] n=248 tx=21 ack=0 due=0 r=1
22:02:29  [AT] "AT+CIPSEND=22" (13)
22:02:29  [AT] " S,237,00,00,297,P1,38" (22)
22:02:29  [AT] "SEND OK" (7)
22:02:30  «tap» 살아있음 — 최근 60초 rx=7702B (이 줄이 끊기면 탭이 죽은 것이다)
22:02:30  [TX] S,238,00,00,298,P1,38
22:02:30  [SLOT] n=249 tx=21 ack=0 due=0 r=1
22:02:30  [AT] "AT+CIPSEND=22" (13)
22:02:30  [AT] " S,238,00,00,298,P1,38" (22)
22:02:30  [AT] "SEND OK" (7)
22:02:32  [TX] S,239,00,00,300,P1,39
22:02:32  [SLOT] n=250 tx=21 ack=0 due=0 r=1
22:02:32  [CNT] up=300 drop=0 esprst=0 hwrst=0/0 resync=0 sendfail=0 okto=0 stuck=0 ackq=0 ackdrop=0 ackstale=0 slot=250 oow=18 smiss=2 ssovf=0 cksumng=0 okstream=237 penddrop=0 pendfill=240 bigfill=3 bigdrop=0 bigokst=3 oklost=0 bigoklost=0 skip=0 online=1
22:02:32  [RAM] 최저 여유 585 B · 프롬프트 재동기 0회 (서버의 '버린줄' 과 맞아야 한다)
22:02:32  [AT] " S,239,00,00,300,P1,39" (22)
22:02:32  [AT] "SEND OK" (7)
22:02:32  [AT] "AT+CIPSEND=22" (13)
22:02:33  [TX] S,240,00,00,301,P1,36
22:02:33  [SLOT] n=251 tx=21 ack=0 due=0 r=1
22:02:33  [AT] "AT+CIPSEND=22" (13)
22:02:33  [AT] " S,240,00,00,301,P1,36" (22)
22:02:33  [AT] "SEND OK" (7)
22:02:34  [TX] S,241,00,00,302,P1,34
22:02:34  [SLOT] n=252 tx=21 ack=0 due=0 r=1
22:02:34  [AT] "AT+CIPSEND=22" (13)
22:02:34  [AT] " S,241,00,00,302,P1,34" (22)
22:02:34  [AT] "SEND OK" (7)
22:02:35  [TX] S,242,00,00,303,P1,36
22:02:35  [SLOT] n=253 tx=21 ack=0 due=0 r=1
22:02:35  [AT] "AT+CIPSEND=22" (13)
22:02:35  [AT] " S,242,00,00,303,P1,36" (22)
22:02:35  [AT] "SEND OK" (7)
22:02:36  [TX] S,243,00,00,304,P1,30
22:02:36  [SLOT] n=254 tx=21 ack=0 due=0 r=1
22:02:36  [AT] "AT+CIPSEND=22" (13)
22:02:36  [AT] " S,243,00,00,304,P1,30" (22)
22:02:36  [AT] "SEND OK" (7)
22:02:38  [TX] S,244,00,00,306,P1,35
22:02:38  [SLOT] n=255 tx=21 ack=0 due=0 r=1
22:02:38  [AT] "AT+CIPSEND=22" (13)
22:02:38  [AT] " S,244,00,00,306,P1,35" (22)
22:02:38  [AT] "SEND OK" (7)
22:02:39  [TX] S,245,00,00,307,P1,35
22:02:39  [SLOT] n=256 tx=21 ack=0 due=0 r=1
22:02:39  [AT] "AT+CIPSEND=22" (13)
22:02:39  [AT] " S,245,00,00,307,P1,35" (22)
22:02:39  [AT] "SEND OK" (7)
22:02:40  [TX] S,246,00,00,308,P1,39
22:02:40  [SLOT] n=257 tx=21 ack=0 due=0 r=1
22:02:40  [AT] "AT+CIPSEND=22" (13)
22:02:40  [AT] " S,246,00,00,308,P1,39" (22)
22:02:40  [AT] "SEND OK" (7)
22:02:41  [TX] S,247,00,00,309,P1,39
22:02:41  [SLOT] n=258 tx=21 ack=0 due=0 r=1
22:02:41  [AT] "AT+CIPSEND=22" (13)
22:02:41  [AT] " S,247,00,00,309,P1,39" (22)
22:02:41  [AT] "SEND OK" (7)
22:02:42  [TX] S,248,00,00,310,P1,3E
22:02:42  [SLOT] n=259 tx=21 ack=0 due=0 r=1
22:02:42  [AT] "AT+CIPSEND=22" (13)
22:02:42  [AT] " S,248,00,00,310,P1,3E" (22)
22:02:42  [AT] "SEND OK" (7)
22:02:44  [TX] S,249,00,00,312,P1,3D
22:02:44  [SLOT] n=260 tx=21 ack=0 due=0 r=1
22:02:44  [AT] "AT+CIPSEND=22" (13)
22:02:44  [AT] " S,249,00,00,312,P1,3D" (22)
22:02:44  [AT] "SEND OK" (7)
22:02:45  [TX] S,250,00,00,313,P1,34
22:02:45  [SLOT] n=261 tx=21 ack=0 due=0 r=1
22:02:45  [AT] "AT+CIPSEND=22" (13)
22:02:45  [AT] " S,250,00,00,313,P1,34" (22)
22:02:45  [AT] "SEND OK" (7)
22:02:46  [TX] S,251,00,00,314,P1,32
22:02:46  [SLOT] n=262 tx=21 ack=0 due=0 r=1
22:02:46  [AT] "AT+CIPSEND=22" (13)
22:02:46  [AT] " S,251,00,00,314,P1,32" (22)
22:02:46  [AT] "SEND OK" (7)
22:02:47  [TX] S,252,00,00,315,P1,30
22:02:47  [SLOT] n=263 tx=21 ack=0 due=0 r=1
22:02:47  [AT] "AT+CIPSEND=22" (13)
22:02:47  [AT] " S,252,00,00,315,P1,30" (22)
22:02:47  [AT] "SEND OK" (7)
22:02:48  [TX] S,253,00,00,316,P1,32
22:02:48  [SLOT] n=264 tx=21 ack=0 due=0 r=1
22:02:48  [AT] "AT+CIPSEND=22" (13)
22:02:48  [AT] " S,253,00,00,316,P1,32" (22)
22:02:48  [AT] "SEND OK" (7)
22:02:50  [TX] S,254,00,00,318,P1,3B
22:02:50  [SLOT] n=265 tx=21 ack=0 due=0 r=1
22:02:50  [AT] "AT+CIPSEND=22" (13)
22:02:50  [AT] " S,254,00,00,318,P1,3B" (22)
22:02:50  [AT] "SEND OK" (7)
22:02:51  [TX] S,255,00,00,319,P1,3B
22:02:51  [SLOT] n=266 tx=21 ack=0 due=0 r=1
22:02:51  [AT] "AT+CIPSEND=22" (13)
22:02:51  [AT] " S,255,00,00,319,P1,3B" (22)
22:02:51  [AT] "SEND OK" (7)
22:02:52  [TX] S,256,00,00,320,P1,32
22:02:52  [SLOT] n=267 tx=21 ack=0 due=0 r=1
22:02:52  [AT] "AT+CIPSEND=22" (13)
22:02:52  [AT] " S,256,00,00,320,P1,32" (22)
22:02:52  [AT] "SEND OK" (7)
22:02:53  [TX] S,257,00,00,321,P1,32
22:02:53  [SLOT] n=268 tx=21 ack=0 due=0 r=1
22:02:53  [AT] "AT+CIPSEND=22" (13)
22:02:53  [AT] " S,257,00,00,321,P1,32" (22)
22:02:53  [AT] "SEND OK" (7)
22:02:54  [TX] S,258,00,00,322,P1,3E
22:02:54  [SLOT] n=269 tx=21 ack=0 due=0 r=1
22:02:54  [AT] "AT+CIPSEND=22" (13)
22:02:55  [AT] " S,258,00,00,322,P1,3E" (22)
22:02:55  [AT] "SEND OK" (7)
22:02:56  [TX] S,259,00,00,324,P1,39
22:02:56  [SLOT] n=270 tx=21 ack=0 due=0 r=1
22:02:56  [AT] "AT+CIPSEND=22" (13)
22:02:56  [AT] " S,259,00,00,324,P1,39" (22)
22:02:56  [AT] "SEND OK" (7)
22:02:57  [TX] S,260,00,00,325,P1,32
22:02:57  [SLOT] n=271 tx=21 ack=0 due=0 r=1
22:02:57  [AT] "AT+CIPSEND=22" (13)
22:02:57  [AT] " S,260,00,00,325,P1,32" (22)
22:02:57  [AT] "SEND OK" (7)
22:02:58  [TX] S,261,00,00,326,P1,30
22:02:58  [SLOT] n=272 tx=21 ack=0 due=0 r=1
22:02:58  [AT] "AT+CIPSEND=22" (13)
22:02:58  [AT] " S,261,00,00,326,P1,30" (22)
22:02:58  [AT] "SEND OK" (7)
22:02:59  [TX] S,262,00,00,327,P1,32
22:02:59  [SLOT] n=273 tx=21 ack=0 due=0 r=1
22:02:59  [AT] "AT+CIPSEND=22" (13)
22:02:59  [AT] " S,262,00,00,327,P1,32" (22)
22:02:59  [AT] "SEND OK" (7)
22:03:00  [TX] S,263,00,00,328,P1,3C
22:03:00  [SLOT] n=274 tx=21 ack=0 due=0 r=1
22:03:00  [AT] "AT+CIPSEND=22" (13)
22:03:00  [AT] " S,263,00,00,328,P1,3C" (22)
22:03:00  [AT] "SEND OK" (7)
22:03:02  [TX] S,264,00,00,330,P1,32
22:03:02  [SLOT] n=275 tx=21 ack=0 due=0 r=1
22:03:02  [AT] "AT+CIPSEND=22" (13)
22:03:02  [AT] " S,264,00,00,330,P1,32" (22)
22:03:02  [AT] "SEND OK" (7)
22:03:03  [TX] S,265,00,00,331,P1,32
22:03:03  [SLOT] n=276 tx=21 ack=0 due=0 r=1
22:03:03  [AT] "AT+CIPSEND=22" (13)
22:03:03  [AT] " S,265,00,00,331,P1,32" (22)
22:03:03  [AT] "SEND OK" (7)
22:03:04  [TX] S,266,00,00,332,P1,32
22:03:04  [SLOT] n=277 tx=21 ack=0 due=0 r=1
22:03:04  [AT] "AT+CIPSEND=22" (13)
22:03:04  [AT] " S,266,00,00,332,P1,32" (22)
22:03:04  [AT] "SEND OK" (7)
22:03:05  [TX] S,267,00,00,333,P1,32
22:03:05  [SLOT] n=278 tx=21 ack=0 due=0 r=1
22:03:05  [AT] "AT+CIPSEND=22" (13)
22:03:05  [AT] " S,267,00,00,333,P1,32" (22)
22:03:05  [AT] "SEND OK" (7)
22:03:06  [TX] S,268,00,00,334,P1,3A
22:03:06  [SLOT] n=279 tx=21 ack=0 due=0 r=1
22:03:06  [AT] "AT+CIPSEND=22" (13)
22:03:06  [AT] " S,268,00,00,334,P1,3A" (22)
22:03:06  [AT] "SEND OK" (7)
22:03:07  [TX] S,269,00,00,336,P1,39
22:03:08  [SLOT] n=280 tx=21 ack=0 due=0 r=1
22:03:08  [AT] "AT+CIPSEND=22" (13)
22:03:08  [AT] " S,269,00,00,336,P1,39" (22)
22:03:08  [AT] "SEND OK" (7)
22:03:09  [TX] S,270,00,00,337,P1,30
22:03:09  [SLOT] n=281 tx=21 ack=0 due=0 r=1
22:03:09  [AT] "AT+CIPSEND=22" (13)
22:03:09  [AT] " S,270,00,00,337,P1,30" (22)
22:03:09  [AT] "SEND OK" (7)
22:03:10  [TX] S,271,00,00,338,P1,3E
22:03:10  [SLOT] n=282 tx=21 ack=0 due=0 r=1
22:03:10  [AT] "AT+CIPSEND=22" (13)
22:03:10  [AT] " S,271,00,00,338,P1,3E" (22)
22:03:10  [AT] "SEND OK" (7)
22:03:11  [TX] S,272,00,00,339,P1,3C
22:03:11  [SLOT] n=283 tx=21 ack=0 due=0 r=1
22:03:11  [AT] "AT+CIPSEND=22" (13)
22:03:11  [AT] " S,272,00,00,339,P1,3C" (22)
22:03:11  [AT] "SEND OK" (7)
22:03:12  [TX] S,273,00,00,340,P1,33
22:03:12  [SLOT] n=284 tx=21 ack=0 due=0 r=1
22:03:12  [AT] "AT+CIPSEND=22" (13)
22:03:12  [AT] " S,273,00,00,340,P1,33" (22)
22:03:12  [AT] "SEND OK" (7)
22:03:13  [TX] S,274,00,00,342,P1,36
22:03:13  [SLOT] n=285 tx=21 ack=0 due=0 r=1
22:03:13  [AT] "AT+CIPSEND=22" (13)
22:03:14  [AT] " S,274,00,00,342,P1,36" (22)
22:03:14  [AT] "SEND OK" (7)
22:03:15  [TX] S,275,00,00,343,P1,36
22:03:15  [SLOT] n=286 tx=21 ack=0 due=0 r=1
22:03:15  [AT] "AT+CIPSEND=22" (13)
22:03:15  [AT] " S,275,00,00,343,P1,36" (22)
22:03:15  [AT] "SEND OK" (7)
22:03:16  [TX] S,276,00,00,344,P1,32
22:03:16  [SLOT] n=287 tx=21 ack=0 due=0 r=1
22:03:16  [AT] "AT+CIPSEND=22" (13)
22:03:16  [AT] " S,276,00,00,344,P1,32" (22)
22:03:16  [AT] "SEND OK" (7)
22:03:17  [TX] S,277,00,00,345,P1,32
22:03:17  [SLOT] n=288 tx=21 ack=0 due=0 r=1
22:03:17  [AT] "AT+CIPSEND=22" (13)
22:03:17  [AT] " S,277,00,00,345,P1,32" (22)
22:03:17  [AT] "SEND OK" (7)
22:03:18  [TX] S,278,00,00,346,P1,3E
22:03:18  [SLOT] n=289 tx=21 ack=0 due=0 r=1
22:03:18  [AT] "AT+CIPSEND=22" (13)
22:03:18  [AT] " S,278,00,00,346,P1,3E" (22)
22:03:18  [AT] "SEND OK" (7)
22:03:19  [TX] S,279,00,00,348,P1,31
22:03:19  [SLOT] n=290 tx=21 ack=0 due=0 r=1
22:03:19  [AT] "AT+CIPSEND=22" (13)
22:03:20  [AT] " S,279,00,00,348,P1,31" (22)
22:03:20  [AT] "SEND OK" (7)
22:03:21  [TX] S,280,00,00,349,P1,36
22:03:21  [SLOT] n=291 tx=21 ack=0 due=0 r=1
22:03:21  [AT] "AT+CIPSEND=22" (13)
22:03:21  [AT] " S,280,00,00,349,P1,36" (22)
22:03:21  [AT] "SEND OK" (7)
22:03:22  [TX] S,281,00,00,350,P1,3F
22:03:22  [SLOT] n=292 tx=21 ack=0 due=0 r=1
22:03:22  [AT] "AT+CIPSEND=22" (13)
22:03:22  [AT] " S,281,00,00,350,P1,3F" (22)
22:03:22  [AT] "SEND OK" (7)
22:03:23  [TX] S,282,00,00,351,P1,3D
22:03:23  [SLOT] n=293 tx=21 ack=0 due=0 r=1
22:03:23  [AT] "AT+CIPSEND=22" (13)
22:03:23  [AT] " S,282,00,00,351,P1,3D" (22)
22:03:23  [AT] "SEND OK" (7)
22:03:24  [TX] S,283,00,00,352,P1,3F
22:03:24  [SLOT] n=294 tx=21 ack=0 due=0 r=1
22:03:24  [AT] "AT+CIPSEND=22" (13)
22:03:24  [AT] " S,283,00,00,352,P1,3F" (22)
22:03:24  [AT] "SEND OK" (7)
22:03:25  [TX] S,284,00,00,354,P1,3E
22:03:25  [SLOT] n=295 tx=21 ack=0 due=0 r=1
22:03:25  [AT] "AT+CIPSEND=22" (13)
22:03:26  [AT] " S,284,00,00,354,P1,3E" (22)
22:03:26  [AT] "SEND OK" (7)
22:03:27  [TX] S,285,00,00,355,P1,3E
22:03:27  [SLOT] n=296 tx=21 ack=0 due=0 r=1
22:03:27  [AT] "AT+CIPSEND=22" (13)
22:03:27  [AT] " S,285,00,00,355,P1,3E" (22)
22:03:27  [AT] "SEND OK" (7)
22:03:28  [TX] S,286,00,00,356,P1,3E
22:03:28  [SLOT] n=297 tx=21 ack=0 due=0 r=1
22:03:28  [AT] "AT+CIPSEND=22" (13)
22:03:28  [AT] " S,286,00,00,356,P1,3E" (22)
22:03:28  [AT] "SEND OK" (7)
22:03:29  [TX] S,287,00,00,357,P1,3E
22:03:29  [SLOT] n=298 tx=21 ack=0 due=0 r=1
22:03:29  [AT] "AT+CIPSEND=22" (13)
22:03:29  [AT] " S,287,00,00,357,P1,3E" (22)
22:03:29  [AT] "SEND OK" (7)
22:03:30  «tap» 살아있음 — 최근 60초 rx=7702B (이 줄이 끊기면 탭이 죽은 것이다)
22:03:30  [TX] S,288,00,00,358,P1,3E
22:03:30  [SLOT] n=299 tx=21 ack=0 due=0 r=1
22:03:30  [AT] "AT+CIPSEND=22" (13)
22:03:30  [AT] " S,288,00,00,358,P1,3E" (22)
22:03:30  [AT] "SEND OK" (7)
22:03:31  [TX] S,289,00,00,360,P1,34
22:03:31  [SLOT] n=300 tx=21 ack=0 due=0 r=1
22:03:32  [CNT] up=360 drop=0 esprst=0 hwrst=0/0 resync=0 sendfail=0 okto=0 stuck=0 ackq=0 ackdrop=0 ackstale=0 slot=300 oow=18 smiss=2 ssovf=0 cksumng=0 okstream=287 penddrop=0 pendfill=290 bigfill=3 bigdrop=0 bigokst=3 oklost=0 bigoklost=0 skip=0 online=1
22:03:32  [RAM] 최저 여유 585 B · 프롬프트 재동기 0회 (서버의 '버린줄' 과 맞아야 한다)
22:03:32  [AT] " S,289,00,00,360,P1,34" (22)
22:03:32  [AT] "SEND OK" (7)
22:03:32  [AT] "AT+CIPSEND=22" (13)
22:03:33  [TX] S,290,00,00,361,P1,3D
22:03:33  [SLOT] n=301 tx=21 ack=0 due=0 r=1
22:03:33  [AT] "AT+CIPSEND=22" (13)
22:03:33  [AT] " S,290,00,00,361,P1,3D" (22)
22:03:33  [AT] "SEND OK" (7)
22:03:34  [TX] S,291,00,00,362,P1,3F
22:03:34  [SLOT] n=302 tx=21 ack=0 due=0 r=1
22:03:34  [AT] "AT+CIPSEND=22" (13)
22:03:34  [AT] " S,291,00,00,362,P1,3F" (22)
22:03:34  [AT] "SEND OK" (7)
22:03:35  [TX] S,292,00,00,363,P1,3D
22:03:35  [SLOT] n=303 tx=21 ack=0 due=0 r=1
22:03:35  [AT] "AT+CIPSEND=22" (13)
22:03:35  [AT] " S,292,00,00,363,P1,3D" (22)
22:03:35  [AT] "SEND OK" (7)
22:03:36  [TX] S,293,00,00,364,P1,3B
22:03:36  [SLOT] n=304 tx=21 ack=0 due=0 r=1
22:03:36  [AT] "AT+CIPSEND=22" (13)
22:03:36  [AT] " S,293,00,00,364,P1,3B" (22)
22:03:36  [AT] "SEND OK" (7)
22:03:37  [TX] S,294,00,00,366,P1,3E
22:03:37  [SLOT] n=305 tx=21 ack=0 due=0 r=1
22:03:37  [AT] "AT+CIPSEND=22" (13)
22:03:38  [AT] " S,294,00,00,366,P1,3E" (22)
22:03:38  [AT] "SEND OK" (7)
22:03:39  [TX] S,295,00,00,367,P1,3E
22:03:39  [SLOT] n=306 tx=21 ack=0 due=0 r=1
22:03:39  [AT] "AT+CIPSEND=22" (13)
22:03:39  [AT] " S,295,00,00,367,P1,3E" (22)
22:03:39  [AT] "SEND OK" (7)
22:03:40  [TX] S,296,00,00,368,P1,32
22:03:40  [SLOT] n=307 tx=21 ack=0 due=0 r=1
22:03:40  [AT] "AT+CIPSEND=22" (13)
22:03:40  [AT] " S,296,00,00,368,P1,32" (22)
22:03:40  [AT] "SEND OK" (7)
22:03:41  [TX] S,297,00,00,369,P1,32
22:03:41  [SLOT] n=308 tx=21 ack=0 due=0 r=1
22:03:41  [AT] "AT+CIPSEND=22" (13)
22:03:41  [AT] " S,297,00,00,369,P1,32" (22)
22:03:41  [AT] "SEND OK" (7)
22:03:42  [TX] S,298,00,00,370,P1,35
22:03:42  [SLOT] n=309 tx=21 ack=0 due=0 r=1
22:03:42  [AT] "AT+CIPSEND=22" (13)
22:03:42  [AT] " S,298,00,00,370,P1,35" (22)
22:03:42  [AT] "SEND OK" (7)
22:03:43  [TX] S,299,00,00,372,P1,36
22:03:43  [SLOT] n=310 tx=21 ack=0 due=0 r=1
22:03:43  [AT] "AT+CIPSEND=22" (13)
22:03:44  [AT] " S,299,00,00,372,P1,36" (22)
22:03:44  [AT] "SEND OK" (7)
22:03:45  [TX] S,300,00,00,373,P1,36
22:03:45  [SLOT] n=311 tx=21 ack=0 due=0 r=1
22:03:45  [AT] "AT+CIPSEND=22" (13)
22:03:45  [AT] " S,300,00,00,373,P1,36" (22)
22:03:45  [AT] "SEND OK" (7)
22:03:46  [TX] S,301,00,00,374,P1,30
22:03:46  [SLOT] n=312 tx=21 ack=0 due=0 r=1
22:03:46  [AT] "AT+CIPSEND=22" (13)
22:03:46  [AT] " S,301,00,00,374,P1,30" (22)
22:03:46  [AT] "SEND OK" (7)
22:03:47  [TX] S,302,00,00,375,P1,32
22:03:47  [SLOT] n=313 tx=21 ack=0 due=0 r=1
22:03:47  [AT] "AT+CIPSEND=22" (13)
22:03:47  [AT] " S,302,00,00,375,P1,32" (22)
22:03:47  [AT] "SEND OK" (7)
22:03:48  [TX] S,303,00,00,376,P1,30
22:03:48  [SLOT] n=314 tx=21 ack=0 due=0 r=1
22:03:48  [AT] "AT+CIPSEND=22" (13)
22:03:48  [AT] " S,303,00,00,376,P1,30" (22)
22:03:48  [AT] "SEND OK" (7)
22:03:49  [TX] S,304,00,00,378,P1,39
22:03:49  [SLOT] n=315 tx=21 ack=0 due=0 r=1
22:03:49  [AT] "AT+CIPSEND=22" (13)
22:03:49  [AT] " S,304,00,00,378,P1,39" (22)
22:03:49  [AT] "SEND OK" (7)
22:03:51  [TX] S,305,00,00,379,P1,39
22:03:51  [SLOT] n=316 tx=21 ack=0 due=0 r=1
22:03:51  [AT] "AT+CIPSEND=22" (13)
22:03:51  [AT] " S,305,00,00,379,P1,39" (22)
22:03:51  [AT] "SEND OK" (7)
22:03:52  [TX] S,306,00,00,380,P1,3C
22:03:52  [SLOT] n=317 tx=21 ack=0 due=0 r=1
22:03:52  [AT] "AT+CIPSEND=22" (13)
22:03:52  [AT] " S,306,00,00,380,P1,3C" (22)
22:03:52  [AT] "SEND OK" (7)
22:03:53  [TX] S,307,00,00,381,P1,3C
22:03:53  [SLOT] n=318 tx=21 ack=0 due=0 r=1
22:03:53  [AT] "AT+CIPSEND=22" (13)
22:03:53  [AT] " S,307,00,00,381,P1,3C" (22)
22:03:53  [AT] "SEND OK" (7)
22:03:54  [TX] S,308,00,00,382,P1,30
22:03:54  [SLOT] n=319 tx=21 ack=0 due=0 r=1
22:03:54  [AT] "AT+CIPSEND=22" (13)
22:03:55  [AT] " S,308,00,00,382,P1,30" (22)
22:03:55  [AT] "SEND OK" (7)
22:03:55  [TX] S,309,00,00,384,P1,37
22:03:55  [SLOT] n=320 tx=21 ack=0 due=0 r=1
22:03:55  [AT] "AT+CIPSEND=22" (13)
22:03:55  [AT] " S,309,00,00,384,P1,37" (22)
22:03:55  [AT] "SEND OK" (7)
22:03:57  [TX] S,310,00,00,385,P1,3E
22:03:57  [SLOT] n=321 tx=21 ack=0 due=0 r=1
22:03:57  [AT] "AT+CIPSEND=22" (13)
22:03:57  [AT] " S,310,00,00,385,P1,3E" (22)
22:03:57  [AT] "SEND OK" (7)
22:03:58  [TX] S,311,00,00,386,P1,3C
22:03:58  [SLOT] n=322 tx=21 ack=0 due=0 r=1
22:03:58  [AT] "AT+CIPSEND=22" (13)
22:03:58  [AT] " S,311,00,00,386,P1,3C" (22)
22:03:58  [AT] "SEND OK" (7)
22:03:59  [TX] S,312,00,00,387,P1,3E
22:03:59  [SLOT] n=323 tx=21 ack=0 due=0 r=1
22:03:59  [AT] "AT+CIPSEND=22" (13)
22:03:59  [AT] " S,312,00,00,387,P1,3E" (22)
22:03:59  [AT] "SEND OK" (7)
22:04:00  [TX] S,313,00,00,388,P1,30
22:04:00  [SLOT] n=324 tx=21 ack=0 due=0 r=1
22:04:00  [AT] "AT+CIPSEND=22" (13)
22:04:00  [AT] " S,313,00,00,388,P1,30" (22)
22:04:00  [AT] "SEND OK" (7)
22:04:01  [TX] S,314,00,00,390,P1,3E
22:04:01  [SLOT] n=325 tx=21 ack=0 due=0 r=1
22:04:01  [AT] "AT+CIPSEND=22" (13)
22:04:01  [AT] " S,314,00,00,390,P1,3E" (22)
22:04:01  [AT] "SEND OK" (7)
22:04:03  [TX] S,315,00,00,391,P1,3E
22:04:03  [SLOT] n=326 tx=21 ack=0 due=0 r=1
22:04:03  [AT] "AT+CIPSEND=22" (13)
22:04:03  [AT] " S,315,00,00,391,P1,3E" (22)
22:04:03  [AT] "SEND OK" (7)
22:04:04  [TX] S,316,00,00,392,P1,3E
22:04:04  [SLOT] n=327 tx=21 ack=0 due=0 r=1
22:04:04  [AT] "AT+CIPSEND=22" (13)
22:04:04  [AT] " S,316,00,00,392,P1,3E" (22)
22:04:04  [AT] "SEND OK" (7)
22:04:05  [TX] S,317,00,00,393,P1,3E
22:04:05  [SLOT] n=328 tx=21 ack=0 due=0 r=1
22:04:05  [AT] "AT+CIPSEND=22" (13)
22:04:05  [AT] " S,317,00,00,393,P1,3E" (22)
22:04:05  [AT] "SEND OK" (7)
22:04:06  [TX] S,318,00,00,394,P1,36
22:04:06  [SLOT] n=329 tx=21 ack=0 due=0 r=1
22:04:06  [AT] "AT+CIPSEND=22" (13)
22:04:06  [AT] " S,318,00,00,394,P1,36" (22)
22:04:06  [AT] "SEND OK" (7)
22:04:07  [TX] S,319,00,00,396,P1,35
22:04:07  [SLOT] n=330 tx=21 ack=0 due=0 r=1
22:04:07  [AT] "AT+CIPSEND=22" (13)
22:04:07  [AT] " S,319,00,00,396,P1,35" (22)
22:04:07  [AT] "SEND OK" (7)
22:04:09  [TX] S,320,00,00,397,P1,3E
22:04:09  [SLOT] n=331 tx=21 ack=0 due=0 r=1
22:04:09  [AT] "AT+CIPSEND=22" (13)
22:04:09  [AT] " S,320,00,00,397,P1,3E" (22)
22:04:09  [AT] "SEND OK" (7)
22:04:10  [TX] S,321,00,00,398,P1,30
22:04:10  [SLOT] n=332 tx=21 ack=0 due=0 r=1
22:04:10  [AT] "AT+CIPSEND=22" (13)
22:04:10  [AT] " S,321,00,00,398,P1,30" (22)
22:04:10  [AT] "SEND OK" (7)
22:04:11  [TX] S,322,00,00,399,P1,32
22:04:11  [SLOT] n=333 tx=21 ack=0 due=0 r=1
22:04:11  [AT] "AT+CIPSEND=22" (13)
22:04:11  [AT] " S,322,00,00,399,P1,32" (22)
22:04:11  [AT] "SEND OK" (7)
22:04:12  [TX] S,323,00,00,400,P1,34
22:04:12  [SLOT] n=334 tx=21 ack=0 due=0 r=1
22:04:12  [AT] "AT+CIPSEND=22" (13)
22:04:12  [AT] " S,323,00,00,400,P1,34" (22)
22:04:12  [AT] "SEND OK" (7)
22:04:13  [TX] S,324,00,00,402,P1,31
22:04:13  [SLOT] n=335 tx=21 ack=0 due=0 r=1
22:04:13  [AT] "AT+CIPSEND=22" (13)
22:04:13  [AT] " S,324,00,00,402,P1,31" (22)
22:04:13  [AT] "SEND OK" (7)
22:04:15  [TX] S,325,00,00,403,P1,31
22:04:15  [SLOT] n=336 tx=21 ack=0 due=0 r=1
22:04:15  [AT] "AT+CIPSEND=22" (13)
22:04:15  [AT] " S,325,00,00,403,P1,31" (22)
22:04:15  [AT] "SEND OK" (7)
22:04:16  [TX] S,326,00,00,404,P1,35
22:04:16  [SLOT] n=337 tx=21 ack=0 due=0 r=1
22:04:16  [AT] "AT+CIPSEND=22" (13)
22:04:16  [AT] " S,326,00,00,404,P1,35" (22)
22:04:16  [AT] "SEND OK" (7)
22:04:17  [TX] S,327,00,00,405,P1,35
22:04:17  [SLOT] n=338 tx=21 ack=0 due=0 r=1
22:04:17  [AT] "AT+CIPSEND=22" (13)
22:04:17  [AT] " S,327,00,00,405,P1,35" (22)
22:04:17  [AT] "SEND OK" (7)
22:04:18  [TX] S,328,00,00,406,P1,39
22:04:18  [SLOT] n=339 tx=21 ack=0 due=0 r=1
22:04:18  [AT] "AT+CIPSEND=22" (13)
22:04:18  [AT] " S,328,00,00,406,P1,39" (22)
22:04:18  [AT] "SEND OK" (7)
22:04:19  [TX] S,329,00,00,408,P1,36
22:04:19  [SLOT] n=340 tx=21 ack=0 due=0 r=1
22:04:19  [AT] "AT+CIPSEND=22" (13)
22:04:19  [AT] " S,329,00,00,408,P1,36" (22)
22:04:19  [AT] "SEND OK" (7)
22:04:21  [TX] S,330,00,00,409,P1,3F
22:04:21  [SLOT] n=341 tx=21 ack=0 due=0 r=1
22:04:21  [AT] "AT+CIPSEND=22" (13)
22:04:21  [AT] " S,330,00,00,409,P1,3F" (22)
22:04:21  [AT] "SEND OK" (7)
22:04:22  [TX] S,331,00,00,410,P1,36
22:04:22  [SLOT] n=342 tx=21 ack=0 due=0 r=1
22:04:22  [AT] "AT+CIPSEND=22" (13)
22:04:22  [AT] " S,331,00,00,410,P1,36" (22)
22:04:22  [AT] "SEND OK" (7)
22:04:23  [TX] S,332,00,00,411,P1,34
22:04:23  [SLOT] n=343 tx=21 ack=0 due=0 r=1
22:04:23  [AT] "AT+CIPSEND=22" (13)
22:04:23  [AT] " S,332,00,00,411,P1,34" (22)
22:04:23  [AT] "SEND OK" (7)
22:04:24  [TX] S,333,00,00,412,P1,36
22:04:24  [SLOT] n=344 tx=21 ack=0 due=0 r=1
22:04:24  [AT] "AT+CIPSEND=22" (13)
22:04:24  [AT] " S,333,00,00,412,P1,36" (22)
22:04:24  [AT] "SEND OK" (7)
22:04:25  [TX] S,334,00,00,414,P1,37
22:04:25  [SLOT] n=345 tx=21 ack=0 due=0 r=1
22:04:25  [AT] "AT+CIPSEND=22" (13)
22:04:25  [AT] " S,334,00,00,414,P1,37" (22)
22:04:25  [AT] "SEND OK" (7)
22:04:27  [TX] S,335,00,00,415,P1,37
22:04:27  [SLOT] n=346 tx=21 ack=0 due=0 r=1
22:04:27  [AT] "AT+CIPSEND=22" (13)
22:04:27  [AT] " S,335,00,00,415,P1,37" (22)
22:04:27  [AT] "SEND OK" (7)
22:04:28  [TX] S,336,00,00,416,P1,37
22:04:28  [SLOT] n=347 tx=21 ack=0 due=0 r=1
22:04:28  [AT] "AT+CIPSEND=22" (13)
22:04:28  [AT] " S,336,00,00,416,P1,37" (22)
22:04:28  [AT] "SEND OK" (7)
22:04:29  [TX] S,337,00,00,417,P1,37
22:04:29  [SLOT] n=348 tx=21 ack=0 due=0 r=1
22:04:29  [AT] "AT+CIPSEND=22" (13)
22:04:29  [AT] " S,337,00,00,417,P1,37" (22)
22:04:29  [AT] "SEND OK" (7)
22:04:30  «tap» 살아있음 — 최근 60초 rx=7702B (이 줄이 끊기면 탭이 죽은 것이다)
22:04:30  [TX] S,338,00,00,418,P1,37
22:04:30  [SLOT] n=349 tx=21 ack=0 due=0 r=1
22:04:30  [AT] "AT+CIPSEND=22" (13)
22:04:30  [AT] " S,338,00,00,418,P1,37" (22)
22:04:30  [AT] "SEND OK" (7)
22:04:31  [TX] S,339,00,00,420,P1,3D
22:04:31  [SLOT] n=350 tx=21 ack=0 due=0 r=1
22:04:31  [CNT] up=420 drop=0 esprst=0 hwrst=0/0 resync=0 sendfail=0 okto=0 stuck=0 ackq=0 ackdrop=0 ackstale=0 slot=350 oow=18 smiss=2 ssovf=0 cksumng=0 okstream=337 penddrop=0 pendfill=340 bigfill=3 bigdrop=0 bigokst=3 oklost=0 bigoklost=0 skip=0 online=1
22:04:31  [RAM] 최저 여유 585 B · 프롬프트 재동기 0회 (서버의 '버린줄' 과 맞아야 한다)
22:04:31  [AT] " S,339,00,00,420,P1,3D" (22)
22:04:31  [AT] "SEND OK" (7)
22:04:31  [AT] "AT+CIPSEND=22" (13)
22:04:33  [TX] S,340,00,00,421,P1,32
22:04:33  [SLOT] n=351 tx=21 ack=0 due=0 r=1
22:04:33  [AT] "AT+CIPSEND=22" (13)
22:04:33  [AT] " S,340,00,00,421,P1,32" (22)
22:04:33  [AT] "SEND OK" (7)
22:04:34  [TX] S,341,00,00,422,P1,30
22:04:34  [SLOT] n=352 tx=21 ack=0 due=0 r=1
22:04:34  [AT] "AT+CIPSEND=22" (13)
22:04:34  [AT] " S,341,00,00,422,P1,30" (22)
22:04:34  [AT] "SEND OK" (7)
22:04:35  [TX] S,342,00,00,423,P1,32
22:04:35  [SLOT] n=353 tx=21 ack=0 due=0 r=1
22:04:35  [AT] "AT+CIPSEND=22" (13)
22:04:35  [AT] " S,342,00,00,423,P1,32" (22)
22:04:35  [AT] "SEND OK" (7)
22:04:36  [TX] S,343,00,00,424,P1,34
22:04:36  [SLOT] n=354 tx=21 ack=0 due=0 r=1
22:04:36  [AT] "AT+CIPSEND=22" (13)
22:04:36  [AT] " S,343,00,00,424,P1,34" (22)
22:04:36  [AT] "SEND OK" (7)
22:04:37  [TX] S,344,00,00,426,P1,31
22:04:37  [SLOT] n=355 tx=21 ack=0 due=0 r=1
22:04:37  [AT] "AT+CIPSEND=22" (13)
22:04:37  [AT] " S,344,00,00,426,P1,31" (22)
22:04:37  [AT] "SEND OK" (7)
22:04:39  [TX] S,345,00,00,427,P1,31
22:04:39  [SLOT] n=356 tx=21 ack=0 due=0 r=1
22:04:39  [AT] "AT+CIPSEND=22" (13)
22:04:39  [AT] " S,345,00,00,427,P1,31" (22)
22:04:39  [AT] "SEND OK" (7)
22:04:40  [TX] S,346,00,00,428,P1,3D
22:04:40  [SLOT] n=357 tx=21 ack=0 due=0 r=1
22:04:40  [AT] "AT+CIPSEND=22" (13)
22:04:40  [AT] " S,346,00,00,428,P1,3D" (22)
22:04:40  [AT] "SEND OK" (7)
22:04:41  [TX] S,347,00,00,429,P1,3D
22:04:41  [SLOT] n=358 tx=21 ack=0 due=0 r=1
22:04:41  [AT] "AT+CIPSEND=22" (13)
22:04:41  [AT] " S,347,00,00,429,P1,3D" (22)
22:04:41  [AT] "SEND OK" (7)
22:04:42  [TX] S,348,00,00,430,P1,3A
22:04:42  [SLOT] n=359 tx=21 ack=0 due=0 r=1
22:04:42  [AT] "AT+CIPSEND=22" (13)
22:04:42  [AT] " S,348,00,00,430,P1,3A" (22)
22:04:42  [AT] "SEND OK" (7)
22:04:43  [TX] S,349,00,00,432,P1,39
22:04:43  [SLOT] n=360 tx=21 ack=0 due=0 r=1
22:04:43  [AT] "AT+CIPSEND=22" (13)
22:04:43  [AT] " S,349,00,00,432,P1,39" (22)
22:04:43  [AT] "SEND OK" (7)
22:04:45  [TX] S,350,00,00,433,P1,30
22:04:45  [SLOT] n=361 tx=21 ack=0 due=0 r=1
22:04:45  [AT] "AT+CIPSEND=22" (13)
22:04:45  [AT] " S,350,00,00,433,P1,30" (22)
22:04:45  [AT] "SEND OK" (7)
22:04:46  [TX] S,351,00,00,434,P1,36
22:04:46  [SLOT] n=362 tx=21 ack=0 due=0 r=1
22:04:46  [AT] "AT+CIPSEND=22" (13)
22:04:46  [AT] " S,351,00,00,434,P1,36" (22)
22:04:46  [AT] "SEND OK" (7)
22:04:47  [TX] S,352,00,00,435,P1,34
22:04:47  [SLOT] n=363 tx=21 ack=0 due=0 r=1
22:04:47  [AT] "AT+CIPSEND=22" (13)
22:04:47  [AT] " S,352,00,00,435,P1,34" (22)
22:04:47  [AT] "SEND OK" (7)
22:04:48  [TX] S,353,00,00,436,P1,36
22:04:48  [SLOT] n=364 tx=21 ack=0 due=0 r=1
22:04:48  [AT] "AT+CIPSEND=22" (13)
22:04:48  [AT] " S,353,00,00,436,P1,36" (22)
22:04:48  [AT] "SEND OK" (7)
22:04:49  [TX] S,354,00,00,438,P1,3F
22:04:49  [SLOT] n=365 tx=21 ack=0 due=0 r=1
22:04:49  [AT] "AT+CIPSEND=22" (13)
22:04:49  [AT] " S,354,00,00,438,P1,3F" (22)
22:04:49  [AT] "SEND OK" (7)
22:04:51  [TX] S,355,00,00,439,P1,3F
22:04:51  [SLOT] n=366 tx=21 ack=0 due=0 r=1
22:04:51  [AT] "AT+CIPSEND=22" (13)
22:04:51  [AT] " S,355,00,00,439,P1,3F" (22)
22:04:51  [AT] "SEND OK" (7)
22:04:52  [TX] S,356,00,00,440,P1,32
22:04:52  [SLOT] n=367 tx=21 ack=0 due=0 r=1
22:04:52  [AT] "AT+CIPSEND=22" (13)
22:04:52  [AT] " S,356,00,00,440,P1,32" (22)
22:04:52  [AT] "SEND OK" (7)
22:04:53  [TX] S,357,00,00,441,P1,32
22:04:53  [SLOT] n=368 tx=21 ack=0 due=0 r=1
22:04:53  [AT] "AT+CIPSEND=22" (13)
22:04:53  [AT] " S,357,00,00,441,P1,32" (22)
22:04:53  [AT] "SEND OK" (7)
22:04:54  [TX] S,358,00,00,442,P1,3E
22:04:54  [SLOT] n=369 tx=21 ack=0 due=0 r=1
22:04:54  [AT] "AT+CIPSEND=22" (13)
22:04:54  [AT] " S,358,00,00,442,P1,3E" (22)
22:04:54  [AT] "SEND OK" (7)
22:04:55  [TX] S,359,00,00,444,P1,39
22:04:55  [SLOT] n=370 tx=21 ack=0 due=0 r=1
22:04:55  [AT] "AT+CIPSEND=22" (13)
22:04:55  [AT] " S,359,00,00,444,P1,39" (22)
22:04:55  [AT] "SEND OK" (7)
22:04:57  [TX] S,360,00,00,445,P1,32
22:04:57  [SLOT] n=371 tx=21 ack=0 due=0 r=1
22:04:57  [AT] "AT+CIPSEND=22" (13)
22:04:57  [AT] " S,360,00,00,445,P1,32" (22)
22:04:57  [AT] "SEND OK" (7)
22:04:58  [TX] S,361,00,00,446,P1,30
22:04:58  [SLOT] n=372 tx=21 ack=0 due=0 r=1
22:04:58  [AT] "AT+CIPSEND=22" (13)
22:04:58  [AT] " S,361,00,00,446,P1,30" (22)
22:04:58  [AT] "SEND OK" (7)
22:04:59  [TX] S,362,00,00,447,P1,32
22:04:59  [SLOT] n=373 tx=21 ack=0 due=0 r=1
22:04:59  [AT] "AT+CIPSEND=22" (13)
22:04:59  [AT] " S,362,00,00,447,P1,32" (22)
22:04:59  [AT] "SEND OK" (7)
22:05:00  [TX] S,363,00,00,448,P1,3C
22:05:00  [SLOT] n=374 tx=21 ack=0 due=0 r=1
22:05:00  [AT] "AT+CIPSEND=22" (13)
22:05:00  [AT] " S,363,00,00,448,P1,3C" (22)
22:05:00  [AT] "SEND OK" (7)
22:05:01  [TX] S,364,00,00,450,P1,32
22:05:01  [SLOT] n=375 tx=21 ack=0 due=0 r=1
22:05:01  [AT] "AT+CIPSEND=22" (13)
22:05:01  [AT] " S,364,00,00,450,P1,32" (22)
22:05:01  [AT] "SEND OK" (7)
22:05:03  [TX] S,365,00,00,451,P1,32
22:05:03  [SLOT] n=376 tx=21 ack=0 due=0 r=1
22:05:03  [AT] "AT+CIPSEND=22" (13)
22:05:03  [AT] " S,365,00,00,451,P1,32" (22)
22:05:03  [AT] "SEND OK" (7)
22:05:04  [TX] S,366,00,00,452,P1,32
22:05:04  [SLOT] n=377 tx=21 ack=0 due=0 r=1
22:05:04  [AT] "AT+CIPSEND=22" (13)
22:05:04  [AT] " S,366,00,00,452,P1,32" (22)
22:05:04  [AT] "SEND OK" (7)
22:05:05  [TX] S,367,00,00,453,P1,32
22:05:05  [SLOT] n=378 tx=21 ack=0 due=0 r=1
22:05:05  [AT] "AT+CIPSEND=22" (13)
22:05:05  [AT] " S,367,00,00,453,P1,32" (22)
22:05:05  [AT] "SEND OK" (7)
22:05:06  [TX] S,368,00,00,454,P1,3A
22:05:06  [SLOT] n=379 tx=21 ack=0 due=0 r=1
22:05:06  [AT] "AT+CIPSEND=22" (13)
22:05:06  [AT] " S,368,00,00,454,P1,3A" (22)
22:05:06  [AT] "SEND OK" (7)
22:05:08  [TX] S,369,00,00,456,P1,39
22:05:08  [SLOT] n=380 tx=21 ack=0 due=0 r=1
22:05:08  [AT] "AT+CIPSEND=22" (13)
22:05:08  [AT] " S,369,00,00,456,P1,39" (22)
22:05:08  [AT] "SEND OK" (7)
22:05:10  [TX] S,370,00,00,457,P1,30
22:05:10  [SLOT] n=381 tx=21 ack=0 due=0 r=1
22:05:10  [AT] "AT+CIPSEND=22" (13)
22:05:10  [AT] " S,370,00,00,457,P1,30" (22)
22:05:10  [AT] "SEND OK" (7)
22:05:11  [TX] S,371,00,00,458,P1,3E
22:05:11  [SLOT] n=382 tx=21 ack=0 due=0 r=1
22:05:11  [AT] "AT+CIPSEND=22" (13)
22:05:11  [AT] " S,371,00,00,458,P1,3E" (22)
22:05:11  [AT] "SEND OK" (7)
22:05:12  [TX] S,372,00,00,459,P1,3C
22:05:12  [SLOT] n=383 tx=21 ack=0 due=0 r=1
22:05:12  [AT] "AT+CIPSEND=22" (13)
22:05:12  [AT] " S,372,00,00,459,P1,3C" (22)
22:05:12  [AT] "SEND OK" (7)
22:05:13  [TX] S,373,00,00,460,P1,37
22:05:13  [SLOT] n=384 tx=21 ack=0 due=0 r=1
22:05:13  [AT] "AT+CIPSEND=22" (13)
22:05:13  [AT] " S,373,00,00,460,P1,37" (22)
22:05:13  [AT] "SEND OK" (7)
22:05:14  [TX] S,374,00,00,462,P1,32
22:05:14  [SLOT] n=385 tx=21 ack=0 due=0 r=1
22:05:14  [AT] "AT+CIPSEND=22" (13)
22:05:14  [AT] " S,374,00,00,462,P1,32" (22)
22:05:14  [AT] "SEND OK" (7)
22:05:16  [TX] S,375,00,00,463,P1,32
22:05:16  [SLOT] n=386 tx=21 ack=0 due=0 r=1
22:05:16  [AT] "AT+CIPSEND=22" (13)
22:05:16  [AT] " S,375,00,00,463,P1,32" (22)
22:05:16  [AT] "SEND OK" (7)
22:05:17  [TX] S,376,00,00,464,P1,36
22:05:17  [SLOT] n=387 tx=21 ack=0 due=0 r=1
22:05:17  [AT] "AT+CIPSEND=22" (13)
22:05:17  [AT] " S,376,00,00,464,P1,36" (22)
22:05:17  [AT] "SEND OK" (7)
22:05:18  [TX] S,377,00,00,465,P1,36
22:05:18  [SLOT] n=388 tx=21 ack=0 due=0 r=1
22:05:18  [AT] "AT+CIPSEND=22" (13)
22:05:18  [AT] " S,377,00,00,465,P1,36" (22)
22:05:18  [AT] "SEND OK" (7)
22:05:19  [TX] S,378,00,00,466,P1,3A
22:05:19  [SLOT] n=389 tx=21 ack=0 due=0 r=1
22:05:19  [AT] "AT+CIPSEND=22" (13)
22:05:19  [AT] " S,378,00,00,466,P1,3A" (22)
22:05:19  [AT] "SEND OK" (7)
22:05:20  [TX] S,379,00,00,468,P1,35
22:05:20  [SLOT] n=390 tx=21 ack=0 due=0 r=1
22:05:20  [AT] "AT+CIPSEND=22" (13)
22:05:20  [AT] " S,379,00,00,468,P1,35" (22)
22:05:20  [AT] "SEND OK" (7)
22:05:22  [TX] S,380,00,00,469,P1,32
22:05:22  [SLOT] n=391 tx=21 ack=0 due=0 r=1
22:05:22  [AT] "AT+CIPSEND=22" (13)
22:05:22  [AT] " S,380,00,00,469,P1,32" (22)
22:05:22  [AT] "SEND OK" (7)
22:05:23  [TX] S,381,00,00,470,P1,3B
22:05:23  [SLOT] n=392 tx=21 ack=0 due=0 r=1
22:05:23  [AT] "AT+CIPSEND=22" (13)
22:05:23  [AT] " S,381,00,00,470,P1,3B" (22)
22:05:23  [AT] "SEND OK" (7)
22:05:24  [TX] S,382,00,00,471,P1,39
22:05:24  [SLOT] n=393 tx=21 ack=0 due=0 r=1
22:05:24  [AT] "AT+CIPSEND=22" (13)
22:05:24  [AT] " S,382,00,00,471,P1,39" (22)
22:05:24  [AT] "SEND OK" (7)
22:05:25  [TX] S,383,00,00,472,P1,3B
22:05:25  [SLOT] n=394 tx=21 ack=0 due=0 r=1
22:05:25  [AT] "AT+CIPSEND=22" (13)
22:05:26  [AT] " S,383,00,00,472,P1,3B" (22)
22:05:26  [AT] "SEND OK" (7)
22:05:26  [TX] S,384,00,00,474,P1,3A
22:05:26  [SLOT] n=395 tx=21 ack=0 due=0 r=1
22:05:26  [AT] "AT+CIPSEND=22" (13)
22:05:26  [AT] " S,384,00,00,474,P1,3A" (22)
22:05:26  [AT] "SEND OK" (7)
22:05:27  [TX] S,385,00,00,475,P1,3A
22:05:27  [SLOT] n=396 tx=21 ack=0 due=0 r=1
22:05:27  [AT] "AT+CIPSEND=22" (13)
22:05:28  [AT] " S,385,00,00,475,P1,3A" (22)
22:05:28  [AT] "SEND OK" (7)
22:05:29  [TX] S,386,00,00,476,P1,3A
22:05:29  [SLOT] n=397 tx=21 ack=0 due=0 r=1
22:05:29  [AT] "AT+CIPSEND=22" (13)
22:05:29  [AT] " S,386,00,00,476,P1,3A" (22)
22:05:29  [AT] "SEND OK" (7)
22:05:30  [TX] S,387,00,00,477,P1,3A
22:05:30  [SLOT] n=398 tx=21 ack=0 due=0 r=1
22:05:30  [AT] "AT+CIPSEND=22" (13)
22:05:30  [AT] " S,387,00,00,477,P1,3A" (22)
22:05:30  [AT] "SEND OK" (7)
22:05:31  «tap» 살아있음 — 최근 60초 rx=7702B (이 줄이 끊기면 탭이 죽은 것이다)
22:05:31  [TX] S,388,00,00,478,P1,3A
22:05:31  [SLOT] n=399 tx=21 ack=0 due=0 r=1
22:05:31  [AT] "AT+CIPSEND=22" (13)
22:05:31  [AT] " S,388,00,00,478,P1,3A" (22)
22:05:31  [AT] "SEND OK" (7)
22:05:32  [TX] S,389,00,00,480,P1,3C
22:05:32  [SLOT] n=400 tx=21 ack=0 due=0 r=1
22:05:32  [CNT] up=480 drop=0 esprst=0 hwrst=0/0 resync=0 sendfail=0 okto=0 stuck=0 ackq=0 ackdrop=0 ackstale=0 slot=400 oow=18 smiss=2 ssovf=0 cksumng=0 okstream=387 penddrop=0 pendfill=390 bigfill=3 bigdrop=0 bigokst=3 oklost=0 bigoklost=0 skip=0 online=1
22:05:32  [RAM] 최저 여유 585 B · 프롬프트 재동기 0회 (서버의 '버린줄' 과 맞아야 한다)
22:05:32  [AT] " S,389,00,00,480,P1,3C" (22)
22:05:32  [AT] "SEND OK" (7)
22:05:32  [AT] "AT+CIPSEND=22" (13)
22:05:33  [TX] S,390,00,00,481,P1,35
22:05:33  [SLOT] n=401 tx=21 ack=0 due=0 r=1
22:05:33  [AT] "AT+CIPSEND=22" (13)
22:05:33  [AT] " S,390,00,00,481,P1,35" (22)
22:05:33  [AT] "SEND OK" (7)
22:05:35  [TX] S,391,00,00,482,P1,37
22:05:35  [SLOT] n=402 tx=21 ack=0 due=0 r=1
22:05:35  [AT] "AT+CIPSEND=22" (13)
22:05:35  [AT] " S,391,00,00,482,P1,37" (22)
22:05:35  [AT] "SEND OK" (7)
22:05:36  [TX] S,392,00,00,483,P1,35
22:05:36  [SLOT] n=403 tx=21 ack=0 due=0 r=1
22:05:36  [AT] "AT+CIPSEND=22" (13)
22:05:36  [AT] " S,392,00,00,483,P1,35" (22)
22:05:36  [AT] "SEND OK" (7)
22:05:37  [TX] S,393,00,00,484,P1,33
22:05:37  [SLOT] n=404 tx=21 ack=0 due=0 r=1
22:05:37  [AT] "AT+CIPSEND=22" (13)
22:05:37  [AT] " S,393,00,00,484,P1,33" (22)
22:05:37  [AT] "SEND OK" (7)
22:05:38  [TX] S,394,00,00,486,P1,36
22:05:38  [SLOT] n=405 tx=21 ack=0 due=0 r=1
22:05:38  [AT] "AT+CIPSEND=22" (13)
22:05:38  [AT] " S,394,00,00,486,P1,36" (22)
22:05:38  [AT] "SEND OK" (7)
22:05:39  [TX] S,395,00,00,487,P1,36
22:05:39  [SLOT] n=406 tx=21 ack=0 due=0 r=1
22:05:39  [AT] "AT+CIPSEND=22" (13)
22:05:39  [AT] " S,395,00,00,487,P1,36" (22)
22:05:39  [AT] "SEND OK" (7)
22:05:41  [TX] S,396,00,00,488,P1,3A
22:05:41  [SLOT] n=407 tx=21 ack=0 due=0 r=1
22:05:41  [AT] "AT+CIPSEND=22" (13)
22:05:41  [AT] " S,396,00,00,488,P1,3A" (22)
22:05:41  [AT] "SEND OK" (7)
22:05:42  [TX] S,397,00,00,489,P1,3A
22:05:42  [SLOT] n=408 tx=21 ack=0 due=0 r=1
22:05:42  [AT] "AT+CIPSEND=22" (13)
22:05:42  [AT] " S,397,00,00,489,P1,3A" (22)
22:05:42  [AT] "SEND OK" (7)
22:05:43  [TX] S,398,00,00,490,P1,3D
22:05:43  [SLOT] n=409 tx=21 ack=0 due=0 r=1
22:05:43  [AT] "AT+CIPSEND=22" (13)
22:05:43  [AT] " S,398,00,00,490,P1,3D" (22)
22:05:43  [AT] "SEND OK" (7)
22:05:44  [TX] S,399,00,00,492,P1,3E
22:05:44  [SLOT] n=410 tx=21 ack=0 due=0 r=1
22:05:44  [AT] "AT+CIPSEND=22" (13)
22:05:44  [AT] " S,399,00,00,492,P1,3E" (22)
22:05:44  [AT] "SEND OK" (7)
22:05:45  [TX] S,400,00,00,493,P1,38
22:05:45  [SLOT] n=411 tx=21 ack=0 due=0 r=1
22:05:45  [AT] "AT+CIPSEND=22" (13)
22:05:45  [AT] " S,400,00,00,493,P1,38" (22)
22:05:45  [AT] "SEND OK" (7)
22:05:47  [TX] S,401,00,00,494,P1,3E
22:05:47  [SLOT] n=412 tx=21 ack=0 due=0 r=1
22:05:47  [AT] "AT+CIPSEND=22" (13)
22:05:47  [AT] " S,401,00,00,494,P1,3E" (22)
22:05:47  [AT] "SEND OK" (7)
22:05:48  [TX] S,402,00,00,495,P1,3C
22:05:48  [SLOT] n=413 tx=21 ack=0 due=0 r=1
22:05:48  [AT] "AT+CIPSEND=22" (13)
22:05:48  [AT] " S,402,00,00,495,P1,3C" (22)
22:05:48  [AT] "SEND OK" (7)
22:05:49  [TX] S,403,00,00,496,P1,3E
22:05:49  [SLOT] n=414 tx=21 ack=0 due=0 r=1
22:05:49  [AT] "AT+CIPSEND=22" (13)
22:05:49  [AT] " S,403,00,00,496,P1,3E" (22)
22:05:49  [AT] "SEND OK" (7)
22:05:50  [TX] S,404,00,00,498,P1,37
22:05:50  [SLOT] n=415 tx=21 ack=0 due=0 r=1
22:05:50  [AT] "AT+CIPSEND=22" (13)
22:05:50  [AT] " S,404,00,00,498,P1,37" (22)
22:05:50  [AT] "SEND OK" (7)
22:05:51  [TX] S,405,00,00,499,P1,37
22:05:51  [SLOT] n=416 tx=21 ack=0 due=0 r=1
22:05:51  [AT] "AT+CIPSEND=22" (13)
22:05:51  [AT] " S,405,00,00,499,P1,37" (22)
22:05:51  [AT] "SEND OK" (7)
22:05:53  [TX] S,406,00,00,500,P1,35
22:05:53  [SLOT] n=417 tx=21 ack=0 due=0 r=1
22:05:53  [AT] "AT+CIPSEND=22" (13)
22:05:53  [AT] " S,406,00,00,500,P1,35" (22)
22:05:53  [AT] "SEND OK" (7)
22:05:54  [TX] S,407,00,00,501,P1,35
22:05:54  [SLOT] n=418 tx=21 ack=0 due=0 r=1
22:05:54  [AT] "AT+CIPSEND=22" (13)
22:05:54  [AT] " S,407,00,00,501,P1,35" (22)
22:05:54  [AT] "SEND OK" (7)
22:05:55  [TX] S,408,00,00,502,P1,39
22:05:55  [SLOT] n=419 tx=21 ack=0 due=0 r=1
22:05:55  [AT] "AT+CIPSEND=22" (13)
22:05:55  [AT] " S,408,00,00,502,P1,39" (22)
22:05:55  [AT] "SEND OK" (7)
22:05:56  [TX] S,409,00,00,504,P1,3E
22:05:56  [SLOT] n=420 tx=21 ack=0 due=0 r=1
22:05:56  [AT] "AT+CIPSEND=22" (13)
22:05:56  [AT] " S,409,00,00,504,P1,3E" (22)
22:05:56  [AT] "SEND OK" (7)
22:05:57  [TX] S,410,00,00,505,P1,37
22:05:57  [SLOT] n=421 tx=21 ack=0 due=0 r=1
22:05:57  [AT] "AT+CIPSEND=22" (13)
22:05:57  [AT] " S,410,00,00,505,P1,37" (22)
22:05:57  [AT] "SEND OK" (7)
22:05:59  [TX] S,411,00,00,506,P1,35
22:05:59  [SLOT] n=422 tx=21 ack=0 due=0 r=1
22:05:59  [AT] "AT+CIPSEND=22" (13)
22:05:59  [AT] " S,411,00,00,506,P1,35" (22)
22:05:59  [AT] "SEND OK" (7)
22:06:00  [TX] S,412,00,00,507,P1,37
22:06:00  [SLOT] n=423 tx=21 ack=0 due=0 r=1
22:06:00  [AT] "AT+CIPSEND=22" (13)
22:06:00  [AT] " S,412,00,00,507,P1,37" (22)
22:06:00  [AT] "SEND OK" (7)
22:06:01  [TX] S,413,00,00,508,P1,39
22:06:01  [SLOT] n=424 tx=21 ack=0 due=0 r=1
22:06:01  [AT] "AT+CIPSEND=22" (13)
22:06:01  [AT] " S,413,00,00,508,P1,39" (22)
22:06:01  [AT] "SEND OK" (7)
22:06:02  [TX] S,414,00,00,510,P1,37
22:06:02  [SLOT] n=425 tx=21 ack=0 due=0 r=1
22:06:02  [AT] "AT+CIPSEND=22" (13)
22:06:02  [AT] " S,414,00,00,510,P1,37" (22)
22:06:02  [AT] "SEND OK" (7)
22:06:03  [TX] S,415,00,00,511,P1,37
22:06:03  [SLOT] n=426 tx=21 ack=0 due=0 r=1
22:06:03  [AT] "AT+CIPSEND=22" (13)
22:06:03  [AT] " S,415,00,00,511,P1,37" (22)
22:06:03  [AT] "SEND OK" (7)
22:06:05  [TX] S,416,00,00,512,P1,37
22:06:05  [SLOT] n=427 tx=21 ack=0 due=0 r=1
22:06:05  [AT] "AT+CIPSEND=22" (13)
22:06:05  [AT] " S,416,00,00,512,P1,37" (22)
22:06:05  [AT] "SEND OK" (7)
22:06:06  [TX] S,417,00,00,513,P1,37
22:06:06  [SLOT] n=428 tx=21 ack=0 due=0 r=1
22:06:06  [AT] "AT+CIPSEND=22" (13)
22:06:06  [AT] " S,417,00,00,513,P1,37" (22)
22:06:06  [AT] "SEND OK" (7)
22:06:07  [TX] S,418,00,00,514,P1,3F
22:06:07  [SLOT] n=429 tx=21 ack=0 due=0 r=1
22:06:07  [AT] "AT+CIPSEND=22" (13)
22:06:07  [AT] " S,418,00,00,514,P1,3F" (22)
22:06:07  [AT] "SEND OK" (7)
22:06:08  [TX] S,419,00,00,516,P1,3C
22:06:08  [SLOT] n=430 tx=21 ack=0 due=0 r=1
22:06:08  [AT] "AT+CIPSEND=22" (13)
22:06:08  [AT] " S,419,00,00,516,P1,3C" (22)
22:06:08  [AT] "SEND OK" (7)
22:06:09  [TX] S,420,00,00,517,P1,37
22:06:09  [SLOT] n=431 tx=21 ack=0 due=0 r=1
22:06:09  [AT] "AT+CIPSEND=22" (13)
22:06:09  [AT] " S,420,00,00,517,P1,37" (22)
22:06:09  [AT] "SEND OK" (7)
22:06:10  [TX] S,421,00,00,518,P1,39
22:06:10  [SLOT] n=432 tx=21 ack=0 due=0 r=1
22:06:10  [AT] "AT+CIPSEND=22" (13)
22:06:11  [AT] " S,421,00,00,518,P1,39" (22)
22:06:11  [AT] "SEND OK" (7)
22:06:12  [TX] S,422,00,00,519,P1,3B
22:06:12  [SLOT] n=433 tx=21 ack=0 due=0 r=1
22:06:12  [AT] "AT+CIPSEND=22" (13)
22:06:12  [AT] " S,422,00,00,519,P1,3B" (22)
22:06:12  [AT] "SEND OK" (7)
22:06:13  [TX] S,423,00,00,520,P1,30
22:06:13  [SLOT] n=434 tx=21 ack=0 due=0 r=1
22:06:13  [AT] "AT+CIPSEND=22" (13)
22:06:13  [AT] " S,423,00,00,520,P1,30" (22)
22:06:13  [AT] "SEND OK" (7)
22:06:14  [TX] S,424,00,00,522,P1,35
22:06:14  [SLOT] n=435 tx=21 ack=0 due=0 r=1
22:06:14  [AT] "AT+CIPSEND=22" (13)
22:06:14  [AT] " S,424,00,00,522,P1,35" (22)
22:06:14  [AT] "SEND OK" (7)
22:06:15  [TX] S,425,00,00,523,P1,35
22:06:15  [SLOT] n=436 tx=21 ack=0 due=0 r=1
22:06:15  [AT] "AT+CIPSEND=22" (13)
22:06:15  [AT] " S,425,00,00,523,P1,35" (22)
22:06:15  [AT] "SEND OK" (7)
22:06:16  [TX] S,426,00,00,524,P1,31
22:06:16  [SLOT] n=437 tx=21 ack=0 due=0 r=1
22:06:16  [AT] "AT+CIPSEND=22" (13)
22:06:16  [AT] " S,426,00,00,524,P1,31" (22)
22:06:16  [AT] "SEND OK" (7)
22:06:18  [TX] S,427,00,00,525,P1,31
22:06:18  [SLOT] n=438 tx=21 ack=0 due=0 r=1
22:06:18  [AT] "AT+CIPSEND=22" (13)
22:06:18  [AT] " S,427,00,00,525,P1,31" (22)
22:06:18  [AT] "SEND OK" (7)
22:06:19  [TX] S,428,00,00,526,P1,3D
22:06:19  [SLOT] n=439 tx=21 ack=0 due=0 r=1
22:06:19  [AT] "AT+CIPSEND=22" (13)
22:06:19  [AT] " S,428,00,00,526,P1,3D" (22)
22:06:19  [AT] "SEND OK" (7)
22:06:20  [TX] S,429,00,00,528,P1,32
22:06:20  [SLOT] n=440 tx=21 ack=0 due=0 r=1
22:06:20  [AT] "AT+CIPSEND=22" (13)
22:06:20  [AT] " S,429,00,00,528,P1,32" (22)
22:06:20  [AT] "SEND OK" (7)
22:06:21  [TX] S,430,00,00,529,P1,3B
22:06:21  [SLOT] n=441 tx=21 ack=0 due=0 r=1
22:06:21  [AT] "AT+CIPSEND=22" (13)
22:06:21  [AT] " S,430,00,00,529,P1,3B" (22)
22:06:21  [AT] "SEND OK" (7)
22:06:22  [TX] S,431,00,00,530,P1,32
22:06:22  [SLOT] n=442 tx=21 ack=0 due=0 r=1
22:06:22  [AT] "AT+CIPSEND=22" (13)
22:06:22  [AT] " S,431,00,00,530,P1,32" (22)
22:06:22  [AT] "SEND OK" (7)
22:06:24  [TX] S,432,00,00,531,P1,30
22:06:24  [SLOT] n=443 tx=21 ack=0 due=0 r=1
22:06:24  [AT] "AT+CIPSEND=22" (13)
22:06:24  [AT] " S,432,00,00,531,P1,30" (22)
22:06:24  [AT] "SEND OK" (7)
22:06:25  [TX] S,433,00,00,532,P1,32
22:06:25  [SLOT] n=444 tx=21 ack=0 due=0 r=1
22:06:25  [AT] "AT+CIPSEND=22" (13)
22:06:25  [AT] " S,433,00,00,532,P1,32" (22)
22:06:25  [AT] "SEND OK" (7)
22:06:26  [TX] S,434,00,00,534,P1,33
22:06:26  [SLOT] n=445 tx=21 ack=0 due=0 r=1
22:06:26  [AT] "AT+CIPSEND=22" (13)
22:06:26  [AT] " S,434,00,00,534,P1,33" (22)
22:06:26  [AT] "SEND OK" (7)
22:06:27  [TX] S,435,00,00,535,P1,33
22:06:27  [SLOT] n=446 tx=21 ack=0 due=0 r=1
22:06:27  [AT] "AT+CIPSEND=22" (13)
22:06:27  [AT] " S,435,00,00,535,P1,33" (22)
22:06:27  [AT] "SEND OK" (7)
22:06:28  [TX] S,436,00,00,536,P1,33
22:06:28  [SLOT] n=447 tx=21 ack=0 due=0 r=1
22:06:28  [AT] "AT+CIPSEND=22" (13)
22:06:28  [AT] " S,436,00,00,536,P1,33" (22)
22:06:28  [AT] "SEND OK" (7)
22:06:30  [TX] S,437,00,00,537,P1,33
22:06:30  [SLOT] n=448 tx=21 ack=0 due=0 r=1
22:06:30  [AT] "AT+CIPSEND=22" (13)
22:06:30  [AT] " S,437,00,00,537,P1,33" (22)
22:06:30  [AT] "SEND OK" (7)
22:06:31  «tap» 살아있음 — 최근 60초 rx=7702B (이 줄이 끊기면 탭이 죽은 것이다)
22:06:31  [TX] S,438,00,00,538,P1,33
22:06:31  [SLOT] n=449 tx=21 ack=0 due=0 r=1
22:06:31  [AT] "AT+CIPSEND=22" (13)
22:06:31  [AT] " S,438,00,00,538,P1,33" (22)
22:06:31  [AT] "SEND OK" (7)
22:06:32  [TX] S,439,00,00,540,P1,3D
22:06:32  [SLOT] n=450 tx=21 ack=0 due=0 r=1
22:06:32  [CNT] up=540 drop=0 esprst=0 hwrst=0/0 resync=0 sendfail=0 okto=0 stuck=0 ackq=0 ackdrop=0 ackstale=0 slot=450 oow=18 smiss=2 ssovf=0 cksumng=0 okstream=437 penddrop=0 pendfill=440 bigfill=3 bigdrop=0 bigokst=3 oklost=0 bigoklost=0 skip=0 online=1
22:06:32  [RAM] 최저 여유 585 B · 프롬프트 재동기 0회 (서버의 '버린줄' 과 맞아야 한다)
22:06:32  [AT] " S,439,00,00,540,P1,3D" (22)
22:06:32  [AT] "SEND OK" (7)
22:06:32  [AT] "AT+CIPSEND=22" (13)
22:06:33  [TX] S,440,00,00,541,P1,32
22:06:33  [SLOT] n=451 tx=21 ack=0 due=0 r=1
22:06:33  [AT] "AT+CIPSEND=22" (13)
22:06:33  [AT] " S,440,00,00,541,P1,32" (22)
22:06:33  [AT] "SEND OK" (7)
22:06:34  [TX] S,441,00,00,542,P1,30
22:06:34  [SLOT] n=452 tx=21 ack=0 due=0 r=1
22:06:34  [AT] "AT+CIPSEND=22" (13)
22:06:34  [AT] " S,441,00,00,542,P1,30" (22)
22:06:34  [AT] "SEND OK" (7)
22:06:36  [TX] S,442,00,00,543,P1,32
22:06:36  [SLOT] n=453 tx=21 ack=0 due=0 r=1
22:06:36  [AT] "AT+CIPSEND=22" (13)
22:06:36  [AT] " S,442,00,00,543,P1,32" (22)
22:06:36  [AT] "SEND OK" (7)
22:06:37  [TX] S,443,00,00,544,P1,34
22:06:37  [SLOT] n=454 tx=21 ack=0 due=0 r=1
22:06:37  [AT] "AT+CIPSEND=22" (13)
22:06:37  [AT] " S,443,00,00,544,P1,34" (22)
22:06:37  [AT] "SEND OK" (7)
22:06:38  [TX] S,444,00,00,546,P1,31
22:06:38  [SLOT] n=455 tx=21 ack=0 due=0 r=1
22:06:38  [AT] "AT+CIPSEND=22" (13)
22:06:38  [AT] " S,444,00,00,546,P1,31" (22)
22:06:38  [AT] "SEND OK" (7)
22:06:39  [TX] S,445,00,00,547,P1,31
22:06:39  [SLOT] n=456 tx=21 ack=0 due=0 r=1
22:06:39  [AT] "AT+CIPSEND=22" (13)
22:06:39  [AT] " S,445,00,00,547,P1,31" (22)
22:06:39  [AT] "SEND OK" (7)
22:06:40  [TX] S,446,00,00,548,P1,3D
22:06:40  [SLOT] n=457 tx=21 ack=0 due=0 r=1
22:06:40  [AT] "AT+CIPSEND=22" (13)
22:06:40  [AT] " S,446,00,00,548,P1,3D" (22)
22:06:40  [AT] "SEND OK" (7)
22:06:42  [TX] S,447,00,00,549,P1,3D
22:06:42  [SLOT] n=458 tx=21 ack=0 due=0 r=1
22:06:42  [AT] "AT+CIPSEND=22" (13)
22:06:42  [AT] " S,447,00,00,549,P1,3D" (22)
22:06:42  [AT] "SEND OK" (7)
22:06:43  [TX] S,448,00,00,550,P1,3A
22:06:43  [SLOT] n=459 tx=21 ack=0 due=0 r=1
22:06:43  [AT] "AT+CIPSEND=22" (13)
22:06:43  [AT] " S,448,00,00,550,P1,3A" (22)
22:06:43  [AT] "SEND OK" (7)
22:06:44  [TX] S,449,00,00,552,P1,39
22:06:44  [SLOT] n=460 tx=21 ack=0 due=0 r=1
22:06:44  [AT] "AT+CIPSEND=22" (13)
22:06:44  [AT] " S,449,00,00,552,P1,39" (22)
22:06:44  [AT] "SEND OK" (7)
22:06:45  [TX] S,450,00,00,553,P1,30
22:06:45  [SLOT] n=461 tx=21 ack=0 due=0 r=1
22:06:45  [AT] "AT+CIPSEND=22" (13)
22:06:45  [AT] " S,450,00,00,553,P1,30" (22)
22:06:45  [AT] "SEND OK" (7)
22:06:46  [TX] S,451,00,00,554,P1,36
22:06:46  [SLOT] n=462 tx=21 ack=0 due=0 r=1
22:06:46  [AT] "AT+CIPSEND=22" (13)
22:06:46  [AT] " S,451,00,00,554,P1,36" (22)
22:06:46  [AT] "SEND OK" (7)
22:06:47  [TX] S,452,00,00,555,P1,34
22:06:48  [SLOT] n=463 tx=21 ack=0 due=0 r=1
22:06:48  [AT] "AT+CIPSEND=22" (13)
22:06:48  [AT] " S,452,00,00,555,P1,34" (22)
22:06:48  [AT] "SEND OK" (7)
22:06:49  [TX] S,453,00,00,556,P1,36
22:06:49  [SLOT] n=464 tx=21 ack=0 due=0 r=1
22:06:49  [AT] "AT+CIPSEND=22" (13)
22:06:49  [AT] " S,453,00,00,556,P1,36" (22)
22:06:49  [AT] "SEND OK" (7)
22:06:50  [TX] S,454,00,00,558,P1,3F
22:06:50  [SLOT] n=465 tx=21 ack=0 due=0 r=1
22:06:50  [AT] "AT+CIPSEND=22" (13)
22:06:50  [AT] " S,454,00,00,558,P1,3F" (22)
22:06:50  [AT] "SEND OK" (7)
22:06:51  [TX] S,455,00,00,559,P1,3F
22:06:51  [SLOT] n=466 tx=21 ack=0 due=0 r=1
22:06:51  [AT] "AT+CIPSEND=22" (13)
22:06:51  [AT] " S,455,00,00,559,P1,3F" (22)
22:06:51  [AT] "SEND OK" (7)
22:06:52  [TX] S,456,00,00,560,P1,36
22:06:52  [SLOT] n=467 tx=21 ack=0 due=0 r=1
22:06:52  [AT] "AT+CIPSEND=22" (13)
22:06:52  [AT] " S,456,00,00,560,P1,36" (22)
22:06:52  [AT] "SEND OK" (7)
22:06:53  [TX] S,457,00,00,561,P1,36
22:06:53  [SLOT] n=468 tx=21 ack=0 due=0 r=1
22:06:53  [AT] "AT+CIPSEND=22" (13)
22:06:53  [AT] " S,457,00,00,561,P1,36" (22)
22:06:53  [AT] "SEND OK" (7)
22:06:55  [TX] S,458,00,00,562,P1,3A
22:06:55  [SLOT] n=469 tx=21 ack=0 due=0 r=1
22:06:55  [AT] "AT+CIPSEND=22" (13)
22:06:55  [AT] " S,458,00,00,562,P1,3A" (22)
22:06:55  [AT] "SEND OK" (7)
22:06:56  [TX] S,459,00,00,564,P1,3D
22:06:56  [SLOT] n=470 tx=21 ack=0 due=0 r=1
22:06:56  [AT] "AT+CIPSEND=22" (13)
22:06:56  [AT] " S,459,00,00,564,P1,3D" (22)
22:06:56  [AT] "SEND OK" (7)
22:06:57  [TX] S,460,00,00,565,P1,36
22:06:57  [SLOT] n=471 tx=21 ack=0 due=0 r=1
22:06:57  [AT] "AT+CIPSEND=22" (13)
22:06:57  [AT] " S,460,00,00,565,P1,36" (22)
22:06:57  [AT] "SEND OK" (7)
22:06:58  [TX] S,461,00,00,566,P1,34
22:06:58  [SLOT] n=472 tx=21 ack=0 due=0 r=1
22:06:58  [AT] "AT+CIPSEND=22" (13)
22:06:58  [AT] " S,461,00,00,566,P1,34" (22)
22:06:58  [AT] "SEND OK" (7)
22:06:59  [TX] S,462,00,00,567,P1,36
22:06:59  [SLOT] n=473 tx=21 ack=0 due=0 r=1
22:06:59  [AT] "AT+CIPSEND=22" (13)
22:06:59  [AT] " S,462,00,00,567,P1,36" (22)
22:06:59  [AT] "SEND OK" (7)
22:07:01  [TX] S,463,00,00,568,P1,38
22:07:01  [SLOT] n=474 tx=21 ack=0 due=0 r=1
22:07:01  [AT] "AT+CIPSEND=22" (13)
22:07:01  [AT] " S,463,00,00,568,P1,38" (22)
22:07:01  [AT] "SEND OK" (7)
22:07:02  [TX] S,464,00,00,570,P1,36
22:07:02  [SLOT] n=475 tx=21 ack=0 due=0 r=1
22:07:02  [AT] "AT+CIPSEND=22" (13)
22:07:02  [AT] " S,464,00,00,570,P1,36" (22)
22:07:02  [AT] "SEND OK" (7)
22:07:03  [TX] S,465,00,00,571,P1,36
22:07:03  [SLOT] n=476 tx=21 ack=0 due=0 r=1
22:07:03  [AT] "AT+CIPSEND=22" (13)
22:07:03  [AT] " S,465,00,00,571,P1,36" (22)
22:07:03  [AT] "SEND OK" (7)
22:07:04  [TX] S,466,00,00,572,P1,36
22:07:04  [SLOT] n=477 tx=21 ack=0 due=0 r=1
22:07:04  [AT] "AT+CIPSEND=22" (13)
22:07:04  [AT] " S,466,00,00,572,P1,36" (22)
22:07:04  [AT] "SEND OK" (7)
22:07:05  [TX] S,467,00,00,573,P1,36
22:07:05  [SLOT] n=478 tx=21 ack=0 due=0 r=1
22:07:05  [AT] "AT+CIPSEND=22" (13)
22:07:05  [AT] " S,467,00,00,573,P1,36" (22)
22:07:05  [AT] "SEND OK" (7)
22:07:07  [TX] S,468,00,00,574,P1,3E
22:07:07  [SLOT] n=479 tx=21 ack=0 due=0 r=1
22:07:07  [AT] "AT+CIPSEND=22" (13)
22:07:07  [AT] " S,468,00,00,574,P1,3E" (22)
22:07:07  [AT] "SEND OK" (7)
22:07:08  [TX] S,469,00,00,576,P1,3D
22:07:08  [SLOT] n=480 tx=21 ack=0 due=0 r=1
22:07:08  [AT] "AT+CIPSEND=22" (13)
22:07:08  [AT] " S,469,00,00,576,P1,3D" (22)
22:07:08  [AT] "SEND OK" (7)
22:07:09  [TX] S,470,00,00,577,P1,34
22:07:09  [SLOT] n=481 tx=21 ack=0 due=0 r=1
22:07:09  [AT] "AT+CIPSEND=22" (13)
22:07:09  [AT] " S,470,00,00,577,P1,34" (22)
22:07:09  [AT] "SEND OK" (7)
22:07:10  [TX] S,471,00,00,578,P1,3A
22:07:10  [SLOT] n=482 tx=21 ack=0 due=0 r=1
22:07:10  [AT] "AT+CIPSEND=22" (13)
22:07:10  [AT] " S,471,00,00,578,P1,3A" (22)
22:07:10  [AT] "SEND OK" (7)
22:07:11  [TX] S,472,00,00,579,P1,38
22:07:11  [SLOT] n=483 tx=21 ack=0 due=0 r=1
22:07:11  [AT] "AT+CIPSEND=22" (13)
22:07:11  [AT] " S,472,00,00,579,P1,38" (22)
22:07:11  [AT] "SEND OK" (7)
22:07:13  [TX] S,473,00,00,580,P1,3F
22:07:13  [SLOT] n=484 tx=21 ack=0 due=0 r=1
22:07:13  [AT] "AT+CIPSEND=22" (13)
22:07:13  [AT] " S,473,00,00,580,P1,3F" (22)
22:07:13  [AT] "SEND OK" (7)
22:07:14  [TX] S,474,00,00,582,P1,3A
22:07:14  [SLOT] n=485 tx=21 ack=0 due=0 r=1
22:07:14  [AT] "AT+CIPSEND=22" (13)
22:07:14  [AT] " S,474,00,00,582,P1,3A" (22)
22:07:14  [AT] "SEND OK" (7)
22:07:15  [TX] S,475,00,00,583,P1,3A
22:07:15  [SLOT] n=486 tx=21 ack=0 due=0 r=1
22:07:15  [AT] "AT+CIPSEND=22" (13)
22:07:15  [AT] " S,475,00,00,583,P1,3A" (22)
22:07:15  [AT] "SEND OK" (7)
22:07:16  [TX] S,476,00,00,584,P1,3E
22:07:16  [SLOT] n=487 tx=21 ack=0 due=0 r=1
22:07:16  [AT] "AT+CIPSEND=22" (13)
22:07:16  [AT] " S,476,00,00,584,P1,3E" (22)
22:07:16  [AT] "SEND OK" (7)
22:07:17  [TX] S,477,00,00,585,P1,3E
22:07:17  [SLOT] n=488 tx=21 ack=0 due=0 r=1
22:07:17  [AT] "AT+CIPSEND=22" (13)
22:07:17  [AT] " S,477,00,00,585,P1,3E" (22)
22:07:17  [AT] "SEND OK" (7)
22:07:19  [TX] S,478,00,00,586,P1,32
22:07:19  [SLOT] n=489 tx=21 ack=0 due=0 r=1
22:07:19  [AT] "AT+CIPSEND=22" (13)
22:07:19  [AT] " S,478,00,00,586,P1,32" (22)
22:07:19  [AT] "SEND OK" (7)
22:07:20  [TX] S,479,00,00,588,P1,3D
22:07:20  [SLOT] n=490 tx=21 ack=0 due=0 r=1
22:07:20  [AT] "AT+CIPSEND=22" (13)
22:07:20  [AT] " S,479,00,00,588,P1,3D" (22)
22:07:20  [AT] "SEND OK" (7)
22:07:21  [TX] S,480,00,00,589,P1,3A
22:07:21  [SLOT] n=491 tx=21 ack=0 due=0 r=1
22:07:21  [AT] "AT+CIPSEND=22" (13)
22:07:21  [AT] " S,480,00,00,589,P1,3A" (22)
22:07:21  [AT] "SEND OK" (7)
22:07:22  [TX] S,481,00,00,590,P1,33
22:07:22  [SLOT] n=492 tx=21 ack=0 due=0 r=1
22:07:22  [AT] "AT+CIPSEND=22" (13)
22:07:22  [AT] " S,481,00,00,590,P1,33" (22)
22:07:22  [AT] "SEND OK" (7)
22:07:23  [TX] S,482,00,00,591,P1,31
22:07:23  [SLOT] n=493 tx=21 ack=0 due=0 r=1
22:07:23  [AT] "AT+CIPSEND=22" (13)
22:07:23  [AT] " S,482,00,00,591,P1,31" (22)
22:07:23  [AT] "SEND OK" (7)
22:07:25  [TX] S,483,00,00,592,P1,33
22:07:25  [SLOT] n=494 tx=21 ack=0 due=0 r=1
22:07:25  [AT] "AT+CIPSEND=22" (13)
22:07:25  [AT] " S,483,00,00,592,P1,33" (22)
22:07:25  [AT] "SEND OK" (7)
22:07:26  [TX] S,484,00,00,594,P1,32
22:07:26  [SLOT] n=495 tx=21 ack=0 due=0 r=1
22:07:26  [AT] "AT+CIPSEND=22" (13)
22:07:26  [AT] " S,484,00,00,594,P1,32" (22)
22:07:26  [AT] "SEND OK" (7)
22:07:27  [TX] S,485,00,00,595,P1,32
22:07:27  [SLOT] n=496 tx=21 ack=0 due=0 r=1
22:07:27  [AT] "AT+CIPSEND=22" (13)
22:07:27  [AT] " S,485,00,00,595,P1,32" (22)
22:07:27  [AT] "SEND OK" (7)
22:07:28  [TX] S,486,00,00,596,P1,32
22:07:28  [SLOT] n=497 tx=21 ack=0 due=0 r=1
22:07:28  [AT] "AT+CIPSEND=22" (13)
22:07:28  [AT] " S,486,00,00,596,P1,32" (22)
22:07:28  [AT] "SEND OK" (7)
22:07:30  [TX] S,487,00,00,597,P1,32
22:07:30  [SLOT] n=498 tx=21 ack=0 due=0 r=1
22:07:30  [AT] "AT+CIPSEND=22" (13)
22:07:30  [AT] " S,487,00,00,597,P1,32" (22)
22:07:30  [AT] "SEND OK" (7)
22:07:32  «tap» 살아있음 — 최근 60초 rx=7702B (이 줄이 끊기면 탭이 죽은 것이다)
22:07:32  [TX] S,488,00,00,598,P1,32
22:07:32  [SLOT] n=499 tx=21 ack=0 due=0 r=1
22:07:32  [AT] "AT+CIPSEND=22" (13)
22:07:32  [AT] " S,488,00,00,598,P1,32" (22)
22:07:32  [AT] "SEND OK" (7)
22:07:33  [TX] S,489,00,00,600,P1,31
22:07:33  [SLOT] n=500 tx=21 ack=0 due=0 r=1
22:07:33  [CNT] up=600 drop=0 esprst=0 hwrst=0/0 resync=0 sendfail=0 okto=0 stuck=0 ackq=0 ackdrop=0 ackstale=0 slot=500 oow=18 smiss=2 ssovf=0 cksumng=0 okstream=487 penddrop=0 pendfill=490 bigfill=3 bigdrop=0 bigokst=3 oklost=0 bigoklost=0 skip=0 online=1
22:07:33  [RAM] 최저 여유 585 B · 프롬프트 재동기 0회 (서버의 '버린줄' 과 맞아야 한다)
22:07:33  [AT] " S,489,00,00,600,P1,31" (22)
22:07:33  [AT] "SEND OK" (7)
22:07:33  [AT] "AT+CIPSEND=22" (13)
22:07:34  [TX] S,490,00,00,601,P1,38
22:07:34  [SLOT] n=501 tx=21 ack=0 due=0 r=1
22:07:34  [AT] "AT+CIPSEND=22" (13)
22:07:34  [AT] " S,490,00,00,601,P1,38" (22)
22:07:34  [AT] "SEND OK" (7)
22:07:35  [TX] S,491,00,00,602,P1,3A
22:07:35  [SLOT] n=502 tx=21 ack=0 due=0 r=1
22:07:35  [AT] "AT+CIPSEND=22" (13)
22:07:35  [AT] " S,491,00,00,602,P1,3A" (22)
22:07:35  [AT] "SEND OK" (7)
22:07:36  [TX] S,492,00,00,603,P1,38
22:07:36  [SLOT] n=503 tx=21 ack=0 due=0 r=1
22:07:36  [AT] "AT+CIPSEND=22" (13)
22:07:36  [AT] " S,492,00,00,603,P1,38" (22)
22:07:36  [AT] "SEND OK" (7)
22:07:37  [TX] S,493,00,00,604,P1,3E
22:07:37  [SLOT] n=504 tx=21 ack=0 due=0 r=1
22:07:37  [AT] "AT+CIPSEND=22" (13)
22:07:38  [AT] " S,493,00,00,604,P1,3E" (22)
22:07:38  [AT] "SEND OK" (7)
22:07:39  [TX] S,494,00,00,606,P1,3B
22:07:39  [SLOT] n=505 tx=21 ack=0 due=0 r=1
22:07:39  [AT] "AT+CIPSEND=22" (13)
22:07:39  [AT] " S,494,00,00,606,P1,3B" (22)
22:07:39  [AT] "SEND OK" (7)
22:07:40  [TX] S,495,00,00,607,P1,3B
22:07:40  [SLOT] n=506 tx=21 ack=0 due=0 r=1
22:07:40  [AT] "AT+CIPSEND=22" (13)
22:07:40  [AT] " S,495,00,00,607,P1,3B" (22)
22:07:40  [AT] "SEND OK" (7)
22:07:41  [TX] S,496,00,00,608,P1,37
22:07:41  [SLOT] n=507 tx=21 ack=0 due=0 r=1
22:07:41  [AT] "AT+CIPSEND=22" (13)
22:07:41  [AT] " S,496,00,00,608,P1,37" (22)
22:07:41  [AT] "SEND OK" (7)
22:07:42  [TX] S,497,00,00,609,P1,37
22:07:42  [SLOT] n=508 tx=21 ack=0 due=0 r=1
22:07:42  [AT] "AT+CIPSEND=22" (13)
22:07:42  [AT] " S,497,00,00,609,P1,37" (22)
22:07:42  [AT] "SEND OK" (7)
22:07:43  [TX] S,498,00,00,610,P1,30
22:07:43  [SLOT] n=509 tx=21 ack=0 due=0 r=1
22:07:43  [AT] "AT+CIPSEND=22" (13)
22:07:43  [AT] " S,498,00,00,610,P1,30" (22)
22:07:43  [AT] "SEND OK" (7)
22:07:45  [TX] S,499,00,00,612,P1,33
22:07:45  [SLOT] n=510 tx=21 ack=0 due=0 r=1
22:07:45  [AT] "AT+CIPSEND=22" (13)
22:07:45  [AT] " S,499,00,00,612,P1,33" (22)
22:07:45  [AT] "SEND OK" (7)
22:07:46  [TX] S,500,00,00,613,P1,33
22:07:46  [SLOT] n=511 tx=21 ack=0 due=0 r=1
22:07:46  [AT] "AT+CIPSEND=22" (13)
22:07:46  [AT] " S,500,00,00,613,P1,33" (22)
22:07:46  [AT] "SEND OK" (7)
22:07:47  [TX] S,501,00,00,614,P1,35
22:07:47  [SLOT] n=512 tx=21 ack=0 due=0 r=1
22:07:47  [AT] "AT+CIPSEND=22" (13)
22:07:47  [AT] " S,501,00,00,614,P1,35" (22)
22:07:47  [AT] "SEND OK" (7)
22:07:48  [TX] S,502,00,00,615,P1,37
22:07:48  [SLOT] n=513 tx=21 ack=0 due=0 r=1
22:07:48  [AT] "AT+CIPSEND=22" (13)
22:07:48  [AT] " S,502,00,00,615,P1,37" (22)
22:07:48  [AT] "SEND OK" (7)
22:07:49  [TX] S,503,00,00,616,P1,35
22:07:49  [SLOT] n=514 tx=21 ack=0 due=0 r=1
22:07:49  [AT] "AT+CIPSEND=22" (13)
22:07:49  [AT] " S,503,00,00,616,P1,35" (22)
22:07:49  [AT] "SEND OK" (7)
22:07:51  [TX] S,504,00,00,618,P1,3C
22:07:51  [SLOT] n=515 tx=21 ack=0 due=0 r=1
22:07:51  [AT] "AT+CIPSEND=22" (13)
22:07:51  [AT] " S,504,00,00,618,P1,3C" (22)
22:07:51  [AT] "SEND OK" (7)
22:07:52  [TX] S,505,00,00,619,P1,3C
22:07:52  [SLOT] n=516 tx=21 ack=0 due=0 r=1
22:07:52  [AT] "AT+CIPSEND=22" (13)
22:07:52  [AT] " S,505,00,00,619,P1,3C" (22)
22:07:52  [AT] "SEND OK" (7)
22:07:53  [TX] S,506,00,00,620,P1,35
22:07:53  [SLOT] n=517 tx=21 ack=0 due=0 r=1
22:07:53  [AT] "AT+CIPSEND=22" (13)
22:07:53  [AT] " S,506,00,00,620,P1,35" (22)
22:07:53  [AT] "SEND OK" (7)
22:07:54  [TX] S,507,00,00,621,P1,35
22:07:54  [SLOT] n=518 tx=21 ack=0 due=0 r=1
22:07:54  [AT] "AT+CIPSEND=22" (13)
22:07:54  [AT] " S,507,00,00,621,P1,35" (22)
22:07:54  [AT] "SEND OK" (7)
22:07:55  [TX] S,508,00,00,622,P1,39
22:07:55  [SLOT] n=519 tx=21 ack=0 due=0 r=1
22:07:55  [AT] "AT+CIPSEND=22" (13)
22:07:55  [AT] " S,508,00,00,622,P1,39" (22)
22:07:55  [AT] "SEND OK" (7)
22:07:57  [TX] S,509,00,00,624,P1,3E
22:07:57  [SLOT] n=520 tx=21 ack=0 due=0 r=1
22:07:57  [AT] "AT+CIPSEND=22" (13)
22:07:57  [AT] " S,509,00,00,624,P1,3E" (22)
22:07:57  [AT] "SEND OK" (7)
22:07:58  [TX] S,510,00,00,625,P1,37
22:07:58  [SLOT] n=521 tx=21 ack=0 due=0 r=1
22:07:58  [AT] "AT+CIPSEND=22" (13)
22:07:58  [AT] " S,510,00,00,625,P1,37" (22)
22:07:58  [AT] "SEND OK" (7)
22:07:59  [TX] S,511,00,00,626,P1,35
22:07:59  [SLOT] n=522 tx=21 ack=0 due=0 r=1
22:07:59  [AT] "AT+CIPSEND=22" (13)
22:07:59  [AT] " S,511,00,00,626,P1,35" (22)
22:07:59  [AT] "SEND OK" (7)
22:08:00  [TX] S,512,00,00,627,P1,37
22:08:00  [SLOT] n=523 tx=21 ack=0 due=0 r=1
22:08:00  [AT] "AT+CIPSEND=22" (13)
22:08:00  [AT] " S,512,00,00,627,P1,37" (22)
22:08:00  [AT] "SEND OK" (7)
22:08:01  [TX] S,513,00,00,628,P1,39
22:08:01  [SLOT] n=524 tx=21 ack=0 due=0 r=1
22:08:01  [AT] "AT+CIPSEND=22" (13)
22:08:01  [AT] " S,513,00,00,628,P1,39" (22)
22:08:01  [AT] "SEND OK" (7)
22:08:03  [TX] S,514,00,00,630,P1,37
22:08:03  [SLOT] n=525 tx=21 ack=0 due=0 r=1
22:08:03  [AT] "AT+CIPSEND=22" (13)
22:08:03  [AT] " S,514,00,00,630,P1,37" (22)
22:08:03  [AT] "SEND OK" (7)
22:08:04  [TX] S,515,00,00,631,P1,37
22:08:04  [SLOT] n=526 tx=21 ack=0 due=0 r=1
22:08:04  [AT] "AT+CIPSEND=22" (13)
22:08:04  [AT] " S,515,00,00,631,P1,37" (22)
22:08:04  [AT] "SEND OK" (7)
22:08:05  [TX] S,516,00,00,632,P1,37
22:08:05  [SLOT] n=527 tx=21 ack=0 due=0 r=1
22:08:05  [AT] "AT+CIPSEND=22" (13)
22:08:05  [AT] " S,516,00,00,632,P1,37" (22)
22:08:05  [AT] "SEND OK" (7)
22:08:06  [TX] S,517,00,00,633,P1,37
22:08:06  [SLOT] n=528 tx=21 ack=0 due=0 r=1
22:08:06  [AT] "AT+CIPSEND=22" (13)
22:08:06  [AT] " S,517,00,00,633,P1,37" (22)
22:08:06  [AT] "SEND OK" (7)
22:08:07  [TX] S,518,00,00,634,P1,3F
22:08:07  [SLOT] n=529 tx=21 ack=0 due=0 r=1
22:08:07  [AT] "AT+CIPSEND=22" (13)
22:08:07  [AT] " S,518,00,00,634,P1,3F" (22)
22:08:07  [AT] "SEND OK" (7)
22:08:09  [TX] S,519,00,00,636,P1,3C
22:08:09  [SLOT] n=530 tx=21 ack=0 due=0 r=1
22:08:09  [AT] "AT+CIPSEND=22" (13)
22:08:09  [AT] " S,519,00,00,636,P1,3C" (22)
22:08:09  [AT] "SEND OK" (7)
22:08:10  [TX] S,520,00,00,637,P1,37
22:08:10  [SLOT] n=531 tx=21 ack=0 due=0 r=1
22:08:10  [AT] "AT+CIPSEND=22" (13)
22:08:10  [AT] " S,520,00,00,637,P1,37" (22)
22:08:10  [AT] "SEND OK" (7)
22:08:11  [TX] S,521,00,00,638,P1,39
22:08:11  [SLOT] n=532 tx=21 ack=0 due=0 r=1
22:08:11  [AT] "AT+CIPSEND=22" (13)
22:08:11  [AT] " S,521,00,00,638,P1,39" (22)
22:08:11  [AT] "SEND OK" (7)
22:08:12  [TX] S,522,00,00,639,P1,3B
22:08:12  [SLOT] n=533 tx=21 ack=0 due=0 r=1
22:08:12  [AT] "AT+CIPSEND=22" (13)
22:08:12  [AT] " S,522,00,00,639,P1,3B" (22)
22:08:12  [AT] "SEND OK" (7)
22:08:13  [TX] S,523,00,00,640,P1,34
22:08:13  [SLOT] n=534 tx=21 ack=0 due=0 r=1
22:08:13  [AT] "AT+CIPSEND=22" (13)
22:08:13  [AT] " S,523,00,00,640,P1,34" (22)
22:08:13  [AT] "SEND OK" (7)
22:08:15  [TX] S,524,00,00,642,P1,31
22:08:15  [SLOT] n=535 tx=21 ack=0 due=0 r=1
22:08:15  [AT] "AT+CIPSEND=22" (13)
22:08:15  [AT] " S,524,00,00,642,P1,31" (22)
22:08:15  [AT] "SEND OK" (7)
22:08:16  [TX] S,525,00,00,643,P1,31
22:08:16  [SLOT] n=536 tx=21 ack=0 due=0 r=1
22:08:16  [AT] "AT+CIPSEND=22" (13)
22:08:16  [AT] " S,525,00,00,643,P1,31" (22)
22:08:16  [AT] "SEND OK" (7)
22:08:17  [TX] S,526,00,00,644,P1,35
22:08:17  [SLOT] n=537 tx=21 ack=0 due=0 r=1
22:08:17  [AT] "AT+CIPSEND=22" (13)
22:08:17  [AT] " S,526,00,00,644,P1,35" (22)
22:08:17  [AT] "SEND OK" (7)
22:08:18  [TX] S,527,00,00,645,P1,35
22:08:18  [SLOT] n=538 tx=21 ack=0 due=0 r=1
22:08:18  [AT] "AT+CIPSEND=22" (13)
22:08:18  [AT] " S,527,00,00,645,P1,35" (22)
22:08:18  [AT] "SEND OK" (7)
22:08:19  [TX] S,528,00,00,646,P1,39
22:08:19  [SLOT] n=539 tx=21 ack=0 due=0 r=1
22:08:19  [AT] "AT+CIPSEND=22" (13)
22:08:19  [AT] " S,528,00,00,646,P1,39" (22)
22:08:19  [AT] "SEND OK" (7)
22:08:21  [TX] S,529,00,00,648,P1,36
22:08:21  [SLOT] n=540 tx=21 ack=0 due=0 r=1
22:08:21  [AT] "AT+CIPSEND=22" (13)
22:08:21  [AT] " S,529,00,00,648,P1,36" (22)
22:08:21  [AT] "SEND OK" (7)
22:08:22  [TX] S,530,00,00,649,P1,3F
22:08:22  [SLOT] n=541 tx=21 ack=0 due=0 r=1
22:08:22  [AT] "AT+CIPSEND=22" (13)
22:08:22  [AT] " S,530,00,00,649,P1,3F" (22)
22:08:22  [AT] "SEND OK" (7)
22:08:23  [TX] S,531,00,00,650,P1,36
22:08:23  [SLOT] n=542 tx=21 ack=0 due=0 r=1
22:08:23  [AT] "AT+CIPSEND=22" (13)
22:08:23  [AT] " S,531,00,00,650,P1,36" (22)
22:08:23  [AT] "SEND OK" (7)
22:08:24  [TX] S,532,00,00,651,P1,34
22:08:24  [SLOT] n=543 tx=21 ack=0 due=0 r=1
22:08:24  [AT] "AT+CIPSEND=22" (13)
22:08:24  [AT] " S,532,00,00,651,P1,34" (22)
22:08:24  [AT] "SEND OK" (7)
22:08:25  [TX] S,533,00,00,652,P1,36
22:08:25  [SLOT] n=544 tx=21 ack=0 due=0 r=1
22:08:25  [AT] "AT+CIPSEND=22" (13)
22:08:25  [AT] " S,533,00,00,652,P1,36" (22)
22:08:25  [AT] "SEND OK" (7)
22:08:27  [TX] S,534,00,00,654,P1,37
22:08:27  [SLOT] n=545 tx=21 ack=0 due=0 r=1
22:08:27  [AT] "AT+CIPSEND=22" (13)
22:08:27  [AT] " S,534,00,00,654,P1,37" (22)
22:08:27  [AT] "SEND OK" (7)
22:08:28  [TX] S,535,00,00,655,P1,37
22:08:28  [SLOT] n=546 tx=21 ack=0 due=0 r=1
22:08:28  [AT] "AT+CIPSEND=22" (13)
22:08:28  [AT] " S,535,00,00,655,P1,37" (22)
22:08:28  [AT] "SEND OK" (7)
22:08:29  [TX] S,536,00,00,656,P1,37
22:08:29  [SLOT] n=547 tx=21 ack=0 due=0 r=1
22:08:29  [AT] "AT+CIPSEND=22" (13)
22:08:29  [AT] " S,536,00,00,656,P1,37" (22)
22:08:29  [AT] "SEND OK" (7)
22:08:30  [TX] S,537,00,00,657,P1,37
22:08:30  [SLOT] n=548 tx=21 ack=0 due=0 r=1
22:08:30  [AT] "AT+CIPSEND=22" (13)
22:08:30  [AT] " S,537,00,00,657,P1,37" (22)
22:08:30  [AT] "SEND OK" (7)
22:08:31  [TX] S,538,00,00,658,P1,37
22:08:31  [SLOT] n=549 tx=21 ack=0 due=0 r=1
22:08:31  [AT] "AT+CIPSEND=22" (13)
22:08:31  [AT] " S,538,00,00,658,P1,37" (22)
22:08:31  [AT] "SEND OK" (7)
22:08:32  «tap» 살아있음 — 최근 60초 rx=7849B (이 줄이 끊기면 탭이 죽은 것이다)
22:08:32  [TX] S,539,00,00,660,P1,3D
22:08:32  [SLOT] n=550 tx=21 ack=0 due=0 r=1
22:08:33  [CNT] up=660 drop=0 esprst=0 hwrst=0/0 resync=0 sendfail=0 okto=0 stuck=0 ackq=0 ackdrop=0 ackstale=0 slot=550 oow=18 smiss=2 ssovf=0 cksumng=0 okstream=537 penddrop=0 pendfill=540 bigfill=3 bigdrop=0 bigokst=3 oklost=0 bigoklost=0 skip=0 online=1
22:08:33  [RAM] 최저 여유 585 B · 프롬프트 재동기 0회 (서버의 '버린줄' 과 맞아야 한다)
22:08:33  [AT] " S,539,00,00,660,P1,3D" (22)
22:08:33  [AT] "SEND OK" (7)
22:08:33  [AT] "AT+CIPSEND=22" (13)
22:08:34  [TX] S,540,00,00,661,P1,32
22:08:34  [SLOT] n=551 tx=21 ack=0 due=0 r=1
22:08:34  [AT] "AT+CIPSEND=22" (13)
22:08:34  [AT] " S,540,00,00,661,P1,32" (22)
22:08:34  [AT] "SEND OK" (7)
22:08:35  [TX] S,541,00,00,662,P1,30
22:08:35  [SLOT] n=552 tx=21 ack=0 due=0 r=1
22:08:35  [AT] "AT+CIPSEND=22" (13)
22:08:35  [AT] " S,541,00,00,662,P1,30" (22)
22:08:35  [AT] "SEND OK" (7)
22:08:36  [TX] S,542,00,00,663,P1,32
22:08:36  [SLOT] n=553 tx=21 ack=0 due=0 r=1
22:08:36  [AT] "AT+CIPSEND=22" (13)
22:08:36  [AT] " S,542,00,00,663,P1,32" (22)
22:08:36  [AT] "SEND OK" (7)
22:08:37  [TX] S,543,00,00,664,P1,34
22:08:37  [SLOT] n=554 tx=21 ack=0 due=0 r=1
22:08:37  [AT] "AT+CIPSEND=22" (13)
22:08:37  [AT] " S,543,00,00,664,P1,34" (22)
22:08:37  [AT] "SEND OK" (7)
22:08:38  [TX] S,544,00,00,666,P1,31
22:08:38  [SLOT] n=555 tx=21 ack=0 due=0 r=1
22:08:38  [AT] "AT+CIPSEND=22" (13)
22:08:38  [AT] " S,544,00,00,666,P1,31" (22)
22:08:38  [AT] "SEND OK" (7)
22:08:40  [TX] S,545,00,00,667,P1,31
22:08:40  [SLOT] n=556 tx=21 ack=0 due=0 r=1
22:08:40  [AT] "AT+CIPSEND=22" (13)
22:08:40  [AT] " S,545,00,00,667,P1,31" (22)
22:08:40  [AT] "SEND OK" (7)
22:08:41  [TX] S,546,00,00,668,P1,3D
22:08:41  [SLOT] n=557 tx=21 ack=0 due=0 r=1
22:08:41  [AT] "AT+CIPSEND=22" (13)
22:08:41  [AT] " S,546,00,00,668,P1,3D" (22)
22:08:41  [AT] "SEND OK" (7)
22:08:42  [TX] S,547,00,00,669,P1,3D
22:08:42  [SLOT] n=558 tx=21 ack=0 due=0 r=1
22:08:42  [AT] "AT+CIPSEND=22" (13)
22:08:42  [AT] " S,547,00,00,669,P1,3D" (22)
22:08:42  [AT] "SEND OK" (7)
22:08:43  [TX] S,548,00,00,670,P1,3A
22:08:43  [SLOT] n=559 tx=21 ack=0 due=0 r=1
22:08:43  [AT] "AT+CIPSEND=22" (13)
22:08:43  [AT] " S,548,00,00,670,P1,3A" (22)
22:08:43  [AT] "SEND OK" (7)
22:08:44  [TX] S,549,00,00,672,P1,39
22:08:44  [SLOT] n=560 tx=21 ack=0 due=0 r=1
22:08:44  [AT] "AT+CIPSEND=22" (13)
22:08:44  [AT] " S,549,00,00,672,P1,39" (22)
22:08:44  [AT] "SEND OK" (7)
22:08:46  [TX] S,550,00,00,673,P1,30
22:08:46  [SLOT] n=561 tx=21 ack=0 due=0 r=1
22:08:46  [AT] "AT+CIPSEND=22" (13)
22:08:46  [AT] " S,550,00,00,673,P1,30" (22)
22:08:46  [AT] "SEND OK" (7)
22:08:47  [TX] S,551,00,00,674,P1,36
22:08:47  [SLOT] n=562 tx=21 ack=0 due=0 r=1
22:08:47  [AT] "AT+CIPSEND=22" (13)
22:08:47  [AT] " S,551,00,00,674,P1,36" (22)
22:08:47  [AT] "SEND OK" (7)
22:08:48  [TX] S,552,00,00,675,P1,34
22:08:48  [SLOT] n=563 tx=21 ack=0 due=0 r=1
22:08:48  [AT] "AT+CIPSEND=22" (13)
22:08:48  [AT] " S,552,00,00,675,P1,34" (22)
22:08:48  [AT] "SEND OK" (7)
22:08:49  [TX] S,553,00,00,676,P1,36
22:08:49  [SLOT] n=564 tx=21 ack=0 due=0 r=1
22:08:49  [AT] "AT+CIPSEND=22" (13)
22:08:49  [AT] " S,553,00,00,676,P1,36" (22)
22:08:49  [AT] "SEND OK" (7)
22:08:50  [TX] S,554,00,00,678,P1,3F
22:08:50  [SLOT] n=565 tx=21 ack=0 due=0 r=1
22:08:50  [AT] "AT+CIPSEND=22" (13)
22:08:50  [AT] " S,554,00,00,678,P1,3F" (22)
22:08:50  [AT] "SEND OK" (7)
22:08:52  [TX] S,555,00,00,679,P1,3F
22:08:52  [SLOT] n=566 tx=21 ack=0 due=0 r=1
22:08:52  [AT] "AT+CIPSEND=22" (13)
22:08:52  [AT] " S,555,00,00,679,P1,3F" (22)
22:08:52  [AT] "SEND OK" (7)
22:08:53  [TX] S,556,00,00,680,P1,3A
22:08:53  [SLOT] n=567 tx=21 ack=0 due=0 r=1
22:08:53  [AT] "AT+CIPSEND=22" (13)
22:08:53  [AT] " S,556,00,00,680,P1,3A" (22)
22:08:53  [AT] "SEND OK" (7)
22:08:54  [TX] S,557,00,00,681,P1,3A
22:08:54  [SLOT] n=568 tx=21 ack=0 due=0 r=1
22:08:54  [AT] "AT+CIPSEND=22" (13)
22:08:54  [AT] " S,557,00,00,681,P1,3A" (22)
22:08:54  [AT] "SEND OK" (7)
22:08:55  [TX] S,558,00,00,682,P1,36
22:08:55  [SLOT] n=569 tx=21 ack=0 due=0 r=1
22:08:55  [AT] "AT+CIPSEND=22" (13)
22:08:55  [AT] " S,558,00,00,682,P1,36" (22)
22:08:55  [AT] "SEND OK" (7)
22:08:56  [TX] S,559,00,00,684,P1,31
22:08:56  [SLOT] n=570 tx=21 ack=0 due=0 r=1
22:08:56  [AT] "AT+CIPSEND=22" (13)
22:08:56  [AT] " S,559,00,00,684,P1,31" (22)
22:08:56  [AT] "SEND OK" (7)
22:08:58  [TX] S,560,00,00,685,P1,3A
22:08:58  [SLOT] n=571 tx=21 ack=0 due=0 r=1
22:08:58  [AT] "AT+CIPSEND=22" (13)
22:08:58  [AT] " S,560,00,00,685,P1,3A" (22)
22:08:58  [AT] "SEND OK" (7)
22:08:59  [TX] S,561,00,00,686,P1,38
22:08:59  [SLOT] n=572 tx=21 ack=0 due=0 r=1
22:08:59  [AT] "AT+CIPSEND=22" (13)
22:08:59  [AT] " S,561,00,00,686,P1,38" (22)
22:08:59  [AT] "SEND OK" (7)
22:09:00  [TX] S,562,00,00,687,P1,3A
22:09:00  [SLOT] n=573 tx=21 ack=0 due=0 r=1
22:09:00  [AT] "AT+CIPSEND=22" (13)
22:09:00  [AT] " S,562,00,00,687,P1,3A" (22)
22:09:00  [AT] "SEND OK" (7)
22:09:01  [TX] S,563,00,00,688,P1,34
22:09:01  [SLOT] n=574 tx=21 ack=0 due=0 r=1
22:09:01  [AT] "AT+CIPSEND=22" (13)
22:09:01  [AT] " S,563,00,00,688,P1,34" (22)
22:09:01  [AT] "SEND OK" (7)
22:09:02  [TX] S,564,00,00,690,P1,3A
22:09:02  [SLOT] n=575 tx=21 ack=0 due=0 r=1
22:09:02  [AT] "AT+CIPSEND=22" (13)
22:09:02  [AT] " S,564,00,00,690,P1,3A" (22)
22:09:02  [AT] "SEND OK" (7)
22:09:04  [TX] S,565,00,00,691,P1,3A
22:09:04  [SLOT] n=576 tx=21 ack=0 due=0 r=1
22:09:04  [AT] "AT+CIPSEND=22" (13)
22:09:04  [AT] " S,565,00,00,691,P1,3A" (22)
22:09:04  [AT] "SEND OK" (7)
22:09:05  [TX] S,566,00,00,692,P1,3A
22:09:05  [SLOT] n=577 tx=21 ack=0 due=0 r=1
22:09:05  [AT] "AT+CIPSEND=22" (13)
22:09:05  [AT] " S,566,00,00,692,P1,3A" (22)
22:09:05  [AT] "SEND OK" (7)
22:09:06  [TX] S,567,00,00,693,P1,3A
22:09:06  [SLOT] n=578 tx=21 ack=0 due=0 r=1
22:09:06  [AT] "AT+CIPSEND=22" (13)
22:09:06  [AT] " S,567,00,00,693,P1,3A" (22)
22:09:06  [AT] "SEND OK" (7)
22:09:07  [TX] S,568,00,00,694,P1,32
22:09:07  [SLOT] n=579 tx=21 ack=0 due=0 r=1
22:09:07  [AT] "AT+CIPSEND=22" (13)
22:09:07  [AT] " S,568,00,00,694,P1,32" (22)
22:09:07  [AT] "SEND OK" (7)
22:09:08  [TX] S,569,00,00,696,P1,31
22:09:08  [SLOT] n=580 tx=21 ack=0 due=0 r=1
22:09:08  [AT] "AT+CIPSEND=22" (13)
22:09:08  [AT] " S,569,00,00,696,P1,31" (22)
22:09:08  [AT] "SEND OK" (7)
22:09:10  [TX] S,570,00,00,697,P1,38
22:09:10  [SLOT] n=581 tx=21 ack=0 due=0 r=1
22:09:10  [AT] "AT+CIPSEND=22" (13)
22:09:10  [AT] " S,570,00,00,697,P1,38" (22)
22:09:10  [AT] "SEND OK" (7)
22:09:11  [TX] S,571,00,00,698,P1,36
22:09:11  [SLOT] n=582 tx=21 ack=0 due=0 r=1
22:09:11  [AT] "AT+CIPSEND=22" (13)
22:09:11  [AT] " S,571,00,00,698,P1,36" (22)
22:09:11  [AT] "SEND OK" (7)
22:09:12  [TX] S,572,00,00,699,P1,34
22:09:12  [SLOT] n=583 tx=21 ack=0 due=0 r=1
22:09:12  [AT] "AT+CIPSEND=22" (13)
22:09:12  [AT] " S,572,00,00,699,P1,34" (22)
22:09:12  [AT] "SEND OK" (7)
22:09:13  [TX] S,573,00,00,700,P1,34
22:09:13  [SLOT] n=584 tx=21 ack=0 due=0 r=1
22:09:13  [AT] "AT+CIPSEND=22" (13)
22:09:13  [AT] " S,573,00,00,700,P1,34" (22)
22:09:13  [AT] "SEND OK" (7)
22:09:14  [TX] S,574,00,00,702,P1,31
22:09:14  [SLOT] n=585 tx=21 ack=0 due=0 r=1
22:09:14  [AT] "AT+CIPSEND=22" (13)
22:09:14  [AT] " S,574,00,00,702,P1,31" (22)
22:09:14  [AT] "SEND OK" (7)
22:09:15  [TX] S,575,00,00,703,P1,31
22:09:15  [SLOT] n=586 tx=21 ack=0 due=0 r=1
22:09:15  [AT] "AT+CIPSEND=22" (13)
22:09:15  [AT] " S,575,00,00,703,P1,31" (22)
22:09:15  [AT] "SEND OK" (7)
22:09:17  [TX] S,576,00,00,704,P1,35
22:09:17  [SLOT] n=587 tx=21 ack=0 due=0 r=1
22:09:17  [AT] "AT+CIPSEND=22" (13)
22:09:17  [AT] " S,576,00,00,704,P1,35" (22)
22:09:17  [AT] "SEND OK" (7)
22:09:18  [TX] S,577,00,00,705,P1,35
22:09:18  [SLOT] n=588 tx=21 ack=0 due=0 r=1
22:09:18  [AT] "AT+CIPSEND=22" (13)
22:09:18  [AT] " S,577,00,00,705,P1,35" (22)
22:09:18  [AT] "SEND OK" (7)
22:09:19  [TX] S,578,00,00,706,P1,39
22:09:19  [SLOT] n=589 tx=21 ack=0 due=0 r=1
22:09:19  [AT] "AT+CIPSEND=22" (13)
22:09:19  [AT] " S,578,00,00,706,P1,39" (22)
22:09:19  [AT] "SEND OK" (7)
22:09:20  [TX] S,579,00,00,708,P1,36
22:09:20  [SLOT] n=590 tx=21 ack=0 due=0 r=1
22:09:20  [AT] "AT+CIPSEND=22" (13)
22:09:20  [AT] " S,579,00,00,708,P1,36" (22)
22:09:20  [AT] "SEND OK" (7)
22:09:21  [TX] S,580,00,00,709,P1,31
22:09:21  [SLOT] n=591 tx=21 ack=0 due=0 r=1
22:09:21  [AT] "AT+CIPSEND=22" (13)
22:09:21  [AT] " S,580,00,00,709,P1,31" (22)
22:09:22  [AT] "SEND OK" (7)
22:09:23  [TX] S,581,00,00,710,P1,38
22:09:23  [SLOT] n=592 tx=21 ack=0 due=0 r=1
22:09:23  [AT] "AT+CIPSEND=22" (13)
22:09:23  [AT] " S,581,00,00,710,P1,38" (22)
22:09:23  [AT] "SEND OK" (7)
22:09:24  [TX] S,582,00,00,711,P1,3A
22:09:24  [SLOT] n=593 tx=21 ack=0 due=0 r=1
22:09:24  [AT] "AT+CIPSEND=22" (13)
22:09:24  [AT] " S,582,00,00,711,P1,3A" (22)
22:09:24  [AT] "SEND OK" (7)
22:09:25  [TX] S,583,00,00,712,P1,38
22:09:25  [SLOT] n=594 tx=21 ack=0 due=0 r=1
22:09:25  [AT] "AT+CIPSEND=22" (13)
22:09:25  [AT] " S,583,00,00,712,P1,38" (22)
22:09:25  [AT] "SEND OK" (7)
22:09:26  [TX] S,584,00,00,714,P1,39
22:09:26  [SLOT] n=595 tx=21 ack=0 due=0 r=1
22:09:26  [AT] "AT+CIPSEND=22" (13)
22:09:26  [AT] " S,584,00,00,714,P1,39" (22)
22:09:26  [AT] "SEND OK" (7)
22:09:27  [TX] S,585,00,00,715,P1,39
22:09:27  [SLOT] n=596 tx=21 ack=0 due=0 r=1
22:09:27  [AT] "AT+CIPSEND=22" (13)
22:09:27  [AT] " S,585,00,00,715,P1,39" (22)
22:09:27  [AT] "SEND OK" (7)
22:09:29  [TX] S,586,00,00,716,P1,39
22:09:29  [SLOT] n=597 tx=21 ack=0 due=0 r=1
22:09:29  [AT] "AT+CIPSEND=22" (13)
22:09:29  [AT] " S,586,00,00,716,P1,39" (22)
22:09:29  [AT] "SEND OK" (7)
22:09:30  [TX] S,587,00,00,717,P1,39
22:09:30  [SLOT] n=598 tx=21 ack=0 due=0 r=1
22:09:30  [AT] "AT+CIPSEND=22" (13)
22:09:30  [AT] " S,587,00,00,717,P1,39" (22)
22:09:30  [AT] "SEND OK" (7)
22:09:31  [TX] S,588,00,00,718,P1,39
22:09:31  [SLOT] n=599 tx=21 ack=0 due=0 r=1
22:09:31  [AT] "AT+CIPSEND=22" (13)
22:09:31  [AT] " S,588,00,00,718,P1,39" (22)
22:09:31  [AT] "SEND OK" (7)
22:09:32  «tap» 살아있음 — 최근 60초 rx=7702B (이 줄이 끊기면 탭이 죽은 것이다)
22:09:32  [TX] S,589,00,00,720,P1,33
22:09:32  [SLOT] n=600 tx=21 ack=0 due=0 r=1
22:09:32  [CNT] up=720 drop=0 esprst=0 hwrst=0/0 resync=0 sendfail=0 okto=0 stuck=0 ackq=0 ackdrop=0 ackstale=0 slot=600 oow=18 smiss=2 ssovf=0 cksumng=0 okstream=587 penddrop=0 pendfill=590 bigfill=3 bigdrop=0 bigokst=3 oklost=0 bigoklost=0 skip=0 online=1
22:09:32  [RAM] 최저 여유 585 B · 프롬프트 재동기 0회 (서버의 '버린줄' 과 맞아야 한다)
22:09:32  [AT] " S,589,00,00,720,P1,33" (22)
22:09:32  [AT] "SEND OK" (7)
22:09:32  [AT] "AT+CIPSEND=22" (13)
22:09:33  [TX] S,590,00,00,721,P1,3A
22:09:33  [SLOT] n=601 tx=21 ack=0 due=0 r=1
22:09:33  [AT] "AT+CIPSEND=22" (13)
22:09:33  [AT] " S,590,00,00,721,P1,3A" (22)
22:09:33  [AT] "SEND OK" (7)
22:09:35  [TX] S,591,00,00,722,P1,38
22:09:35  [SLOT] n=602 tx=21 ack=0 due=0 r=1
22:09:35  [AT] "AT+CIPSEND=22" (13)
22:09:35  [AT] " S,591,00,00,722,P1,38" (22)
22:09:35  [AT] "SEND OK" (7)
22:09:36  [TX] S,592,00,00,723,P1,3A
22:09:36  [SLOT] n=603 tx=21 ack=0 due=0 r=1
22:09:36  [AT] "AT+CIPSEND=22" (13)
22:09:36  [AT] " S,592,00,00,723,P1,3A" (22)
22:09:36  [AT] "SEND OK" (7)
22:09:37  [TX] S,593,00,00,724,P1,3C
22:09:37  [SLOT] n=604 tx=21 ack=0 due=0 r=1
22:09:37  [AT] "AT+CIPSEND=22" (13)
22:09:37  [AT] " S,593,00,00,724,P1,3C" (22)
22:09:37  [AT] "SEND OK" (7)
22:09:38  [TX] S,594,00,00,726,P1,39
22:09:38  [SLOT] n=605 tx=21 ack=0 due=0 r=1
22:09:38  [AT] "AT+CIPSEND=22" (13)
22:09:38  [AT] " S,594,00,00,726,P1,39" (22)
22:09:38  [AT] "SEND OK" (7)
22:09:39  [TX] S,595,00,00,727,P1,39
22:09:39  [SLOT] n=606 tx=21 ack=0 due=0 r=1
22:09:39  [AT] "AT+CIPSEND=22" (13)
22:09:39  [AT] " S,595,00,00,727,P1,39" (22)
22:09:39  [AT] "SEND OK" (7)
22:09:41  [TX] S,596,00,00,728,P1,35
22:09:41  [SLOT] n=607 tx=21 ack=0 due=0 r=1
22:09:41  [AT] "AT+CIPSEND=22" (13)
22:09:41  [AT] " S,596,00,00,728,P1,35" (22)
22:09:41  [AT] "SEND OK" (7)
22:09:42  [TX] S,597,00,00,729,P1,35
22:09:42  [SLOT] n=608 tx=21 ack=0 due=0 r=1
22:09:42  [AT] "AT+CIPSEND=22" (13)
22:09:42  [AT] " S,597,00,00,729,P1,35" (22)
22:09:42  [AT] "SEND OK" (7)
22:09:43  [TX] S,598,00,00,730,P1,32
22:09:43  [SLOT] n=609 tx=21 ack=0 due=0 r=1
22:09:43  [AT] "AT+CIPSEND=22" (13)
22:09:43  [AT] " S,598,00,00,730,P1,32" (22)
22:09:43  [AT] "SEND OK" (7)
22:09:44  [TX] S,599,00,00,732,P1,31
22:09:44  [SLOT] n=610 tx=21 ack=0 due=0 r=1
22:09:44  [AT] "AT+CIPSEND=22" (13)
22:09:45  [AT] " S,599,00,00,732,P1,31" (22)
22:09:45  [AT] "SEND OK" (7)
22:09:45  [TX] S,600,00,00,733,P1,33
22:09:45  [SLOT] n=611 tx=21 ack=0 due=0 r=1
22:09:45  [AT] "AT+CIPSEND=22" (13)
22:09:45  [AT] " S,600,00,00,733,P1,33" (22)
22:09:45  [AT] "SEND OK" (7)
22:09:47  [TX] S,601,00,00,734,P1,35
22:09:47  [SLOT] n=612 tx=21 ack=0 due=0 r=1
22:09:47  [AT] "AT+CIPSEND=22" (13)
22:09:47  [AT] " S,601,00,00,734,P1,35" (22)
22:09:47  [AT] "SEND OK" (7)
22:09:48  [TX] S,602,00,00,735,P1,37
22:09:48  [SLOT] n=613 tx=21 ack=0 due=0 r=1
22:09:48  [AT] "AT+CIPSEND=22" (13)
22:09:48  [AT] " S,602,00,00,735,P1,37" (22)
22:09:48  [AT] "SEND OK" (7)
22:09:49  [TX] S,603,00,00,736,P1,35
22:09:49  [SLOT] n=614 tx=21 ack=0 due=0 r=1
22:09:49  [AT] "AT+CIPSEND=22" (13)
22:09:49  [AT] " S,603,00,00,736,P1,35" (22)
22:09:49  [AT] "SEND OK" (7)
22:09:50  [TX] S,604,00,00,738,P1,3C
22:09:50  [SLOT] n=615 tx=21 ack=0 due=0 r=1
22:09:50  [AT] "AT+CIPSEND=22" (13)
22:09:50  [AT] " S,604,00,00,738,P1,3C" (22)
22:09:50  [AT] "SEND OK" (7)
22:09:52  [TX] S,605,00,00,739,P1,3C
22:09:52  [SLOT] n=616 tx=21 ack=0 due=0 r=1
22:09:52  [AT] "AT+CIPSEND=22" (13)
22:09:52  [AT] " S,605,00,00,739,P1,3C" (22)
22:09:52  [AT] "SEND OK" (7)
22:09:53  [TX] S,606,00,00,740,P1,31
22:09:54  [SLOT] n=617 tx=21 ack=0 due=0 r=1
22:09:54  [AT] "AT+CIPSEND=22" (13)
22:09:54  [AT] " S,606,00,00,740,P1,31" (22)
22:09:54  [AT] "SEND OK" (7)
22:09:55  [TX] S,607,00,00,741,P1,31
22:09:55  [SLOT] n=618 tx=21 ack=0 due=0 r=1
22:09:55  [AT] "AT+CIPSEND=22" (13)
22:09:55  [AT] " S,607,00,00,741,P1,31" (22)
22:09:55  [AT] "SEND OK" (7)
22:09:56  [TX] S,608,00,00,742,P1,3D
22:09:56  [SLOT] n=619 tx=21 ack=0 due=0 r=1
22:09:56  [AT] "AT+CIPSEND=22" (13)
22:09:56  [AT] " S,608,00,00,742,P1,3D" (22)
22:09:56  [AT] "SEND OK" (7)
22:09:57  [TX] S,609,00,00,744,P1,3A
22:09:57  [SLOT] n=620 tx=21 ack=0 due=0 r=1
22:09:57  [AT] "AT+CIPSEND=22" (13)
22:09:57  [AT] " S,609,00,00,744,P1,3A" (22)
22:09:57  [AT] "SEND OK" (7)
22:09:58  [TX] S,610,00,00,745,P1,33
22:09:58  [SLOT] n=621 tx=21 ack=0 due=0 r=1
22:09:58  [AT] "AT+CIPSEND=22" (13)
22:09:58  [AT] " S,610,00,00,745,P1,33" (22)
22:09:58  [AT] "SEND OK" (7)
22:09:59  [TX] S,611,00,00,746,P1,31
22:09:59  [SLOT] n=622 tx=21 ack=0 due=0 r=1
22:09:59  [AT] "AT+CIPSEND=22" (13)
22:09:59  [AT] " S,611,00,00,746,P1,31" (22)
22:10:00  [AT] "SEND OK" (7)
22:10:01  [TX] S,612,00,00,747,P1,33
22:10:01  [SLOT] n=623 tx=21 ack=0 due=0 r=1
22:10:01  [AT] "AT+CIPSEND=22" (13)
22:10:01  [AT] " S,612,00,00,747,P1,33" (22)
22:10:01  [AT] "SEND OK" (7)
22:10:02  [TX] S,613,00,00,748,P1,3D
22:10:02  [SLOT] n=624 tx=21 ack=0 due=0 r=1
22:10:02  [AT] "AT+CIPSEND=22" (13)
22:10:02  [AT] " S,613,00,00,748,P1,3D" (22)
22:10:02  [AT] "SEND OK" (7)
22:10:03  [TX] S,614,00,00,750,P1,33
22:10:03  [SLOT] n=625 tx=21 ack=0 due=0 r=1
22:10:03  [AT] "AT+CIPSEND=22" (13)
22:10:03  [AT] " S,614,00,00,750,P1,33" (22)
22:10:03  [AT] "SEND OK" (7)
22:10:04  [TX] S,615,00,00,751,P1,33
22:10:04  [SLOT] n=626 tx=21 ack=0 due=0 r=1
22:10:04  [AT] "AT+CIPSEND=22" (13)
22:10:04  [AT] " S,615,00,00,751,P1,33" (22)
22:10:04  [AT] "SEND OK" (7)
22:10:05  [TX] S,616,00,00,752,P1,33
22:10:05  [SLOT] n=627 tx=21 ack=0 due=0 r=1
22:10:05  [AT] "AT+CIPSEND=22" (13)
22:10:05  [AT] " S,616,00,00,752,P1,33" (22)
22:10:05  [AT] "SEND OK" (7)
22:10:07  [TX] S,617,00,00,753,P1,33
22:10:07  [SLOT] n=628 tx=21 ack=0 due=0 r=1
22:10:07  [AT] "AT+CIPSEND=22" (13)
22:10:07  [AT] " S,617,00,00,753,P1,33" (22)
22:10:07  [AT] "SEND OK" (7)
22:10:08  [TX] S,618,00,00,754,P1,3B
22:10:08  [SLOT] n=629 tx=21 ack=0 due=0 r=1
22:10:08  [AT] "AT+CIPSEND=22" (13)
22:10:08  [AT] " S,618,00,00,754,P1,3B" (22)
22:10:08  [AT] "SEND OK" (7)
22:10:09  [TX] S,619,00,00,756,P1,38
22:10:09  [SLOT] n=630 tx=21 ack=0 due=0 r=1
22:10:09  [AT] "AT+CIPSEND=22" (13)
22:10:09  [AT] " S,619,00,00,756,P1,38" (22)
22:10:09  [AT] "SEND OK" (7)
22:10:10  [TX] S,620,00,00,757,P1,33
22:10:10  [SLOT] n=631 tx=21 ack=0 due=0 r=1
22:10:10  [AT] "AT+CIPSEND=22" (13)
22:10:10  [AT] " S,620,00,00,757,P1,33" (22)
22:10:10  [AT] "SEND OK" (7)
22:10:11  [TX] S,621,00,00,758,P1,3D
22:10:11  [SLOT] n=632 tx=21 ack=0 due=0 r=1
22:10:11  [AT] "AT+CIPSEND=22" (13)
22:10:11  [AT] " S,621,00,00,758,P1,3D" (22)
22:10:11  [AT] "SEND OK" (7)
22:10:13  [TX] S,622,00,00,759,P1,3F
22:10:13  [SLOT] n=633 tx=21 ack=0 due=0 r=1
22:10:13  [AT] "AT+CIPSEND=22" (13)
22:10:13  [AT] " S,622,00,00,759,P1,3F" (22)
22:10:13  [AT] "SEND OK" (7)
22:10:14  [TX] S,623,00,00,760,P1,34
22:10:14  [SLOT] n=634 tx=21 ack=0 due=0 r=1
22:10:14  [AT] "AT+CIPSEND=22" (13)
22:10:14  [AT] " S,623,00,00,760,P1,34" (22)
22:10:14  [AT] "SEND OK" (7)
22:10:15  [TX] S,624,00,00,762,P1,31
22:10:15  [SLOT] n=635 tx=21 ack=0 due=0 r=1
22:10:15  [AT] "AT+CIPSEND=22" (13)
22:10:15  [AT] " S,624,00,00,762,P1,31" (22)
22:10:15  [AT] "SEND OK" (7)
22:10:16  [TX] S,625,00,00,763,P1,31
22:10:16  [SLOT] n=636 tx=21 ack=0 due=0 r=1
22:10:16  [AT] "AT+CIPSEND=22" (13)
22:10:16  [AT] " S,625,00,00,763,P1,31" (22)
22:10:16  [AT] "SEND OK" (7)
22:10:17  [TX] S,626,00,00,764,P1,35
22:10:17  [SLOT] n=637 tx=21 ack=0 due=0 r=1
22:10:17  [AT] "AT+CIPSEND=22" (13)
22:10:17  [AT] " S,626,00,00,764,P1,35" (22)
22:10:17  [AT] "SEND OK" (7)
22:10:19  [TX] S,627,00,00,765,P1,35
22:10:19  [SLOT] n=638 tx=21 ack=0 due=0 r=1
22:10:19  [AT] "AT+CIPSEND=22" (13)
22:10:19  [AT] " S,627,00,00,765,P1,35" (22)
22:10:19  [AT] "SEND OK" (7)
22:10:20  [TX] S,628,00,00,766,P1,39
22:10:20  [SLOT] n=639 tx=21 ack=0 due=0 r=1
22:10:20  [AT] "AT+CIPSEND=22" (13)
22:10:20  [AT] " S,628,00,00,766,P1,39" (22)
22:10:20  [AT] "SEND OK" (7)
22:10:21  [TX] S,629,00,00,768,P1,36
22:10:21  [SLOT] n=640 tx=21 ack=0 due=0 r=1
22:10:21  [AT] "AT+CIPSEND=22" (13)
22:10:21  [AT] " S,629,00,00,768,P1,36" (22)
22:10:21  [AT] "SEND OK" (7)
22:10:22  [TX] S,630,00,00,769,P1,3F
22:10:22  [SLOT] n=641 tx=21 ack=0 due=0 r=1
22:10:22  [AT] "AT+CIPSEND=22" (13)
22:10:22  [AT] " S,630,00,00,769,P1,3F" (22)
22:10:22  [AT] "SEND OK" (7)
22:10:23  [TX] S,631,00,00,770,P1,36
22:10:23  [SLOT] n=642 tx=21 ack=0 due=0 r=1
22:10:23  [AT] "AT+CIPSEND=22" (13)
22:10:23  [AT] " S,631,00,00,770,P1,36" (22)
22:10:23  [AT] "SEND OK" (7)
22:10:25  [TX] S,632,00,00,771,P1,34
22:10:25  [SLOT] n=643 tx=21 ack=0 due=0 r=1
22:10:25  [AT] "AT+CIPSEND=22" (13)
22:10:25  [AT] " S,632,00,00,771,P1,34" (22)
22:10:25  [AT] "SEND OK" (7)
22:10:26  [TX] S,633,00,00,772,P1,36
22:10:26  [SLOT] n=644 tx=21 ack=0 due=0 r=1
22:10:26  [AT] "AT+CIPSEND=22" (13)
22:10:26  [AT] " S,633,00,00,772,P1,36" (22)
22:10:26  [AT] "SEND OK" (7)
22:10:27  [TX] S,634,00,00,774,P1,37
22:10:27  [SLOT] n=645 tx=21 ack=0 due=0 r=1
22:10:27  [AT] "AT+CIPSEND=22" (13)
22:10:27  [AT] " S,634,00,00,774,P1,37" (22)
22:10:27  [AT] "SEND OK" (7)
22:10:28  [TX] S,635,00,00,775,P1,37
22:10:28  [SLOT] n=646 tx=21 ack=0 due=0 r=1
22:10:28  [AT] "AT+CIPSEND=22" (13)
22:10:28  [AT] " S,635,00,00,775,P1,37" (22)
22:10:28  [AT] "SEND OK" (7)
22:10:29  [TX] S,636,00,00,776,P1,37
22:10:29  [SLOT] n=647 tx=21 ack=0 due=0 r=1
22:10:29  [AT] "AT+CIPSEND=22" (13)
22:10:29  [AT] " S,636,00,00,776,P1,37" (22)
22:10:29  [AT] "SEND OK" (7)
22:10:31  [TX] S,637,00,00,777,P1,37
22:10:31  [SLOT] n=648 tx=21 ack=0 due=0 r=1
22:10:31  [AT] "AT+CIPSEND=22" (13)
22:10:31  [AT] " S,637,00,00,777,P1,37" (22)
22:10:31  [AT] "SEND OK" (7)
22:10:32  [TX] S,638,00,00,778,P1,37
22:10:32  [SLOT] n=649 tx=21 ack=0 due=0 r=1
22:10:32  [AT] "AT+CIPSEND=22" (13)
22:10:32  [AT] " S,638,00,00,778,P1,37" (22)
22:10:32  [AT] "SEND OK" (7)
22:10:33  «tap» 살아있음 — 최근 60초 rx=7702B (이 줄이 끊기면 탭이 죽은 것이다)
22:10:33  [TX] S,639,00,00,780,P1,31
22:10:33  [SLOT] n=650 tx=21 ack=0 due=0 r=1
22:10:33  [CNT] up=780 drop=0 esprst=0 hwrst=0/0 resync=0 sendfail=0 okto=0 stuck=0 ackq=0 ackdrop=0 ackstale=0 slot=650 oow=18 smiss=2 ssovf=0 cksumng=0 okstream=637 penddrop=0 pendfill=640 bigfill=3 bigdrop=0 bigokst=3 oklost=0 bigoklost=0 skip=0 online=1
22:10:33  [RAM] 최저 여유 585 B · 프롬프트 재동기 0회 (서버의 '버린줄' 과 맞아야 한다)
22:10:33  [AT] " S,639,00,00,780,P1,31" (22)
22:10:33  [AT] "SEND OK" (7)
22:10:33  [AT] "AT+CIPSEND=22" (13)
22:10:34  [TX] S,640,00,00,781,P1,3E
22:10:34  [SLOT] n=651 tx=21 ack=0 due=0 r=1
22:10:34  [AT] "AT+CIPSEND=22" (13)
22:10:34  [AT] " S,640,00,00,781,P1,3E" (22)
22:10:34  [AT] "SEND OK" (7)
22:10:35  [TX] S,641,00,00,782,P1,3C
22:10:35  [SLOT] n=652 tx=21 ack=0 due=0 r=1
22:10:35  [AT] "AT+CIPSEND=22" (13)
22:10:35  [AT] " S,641,00,00,782,P1,3C" (22)
22:10:35  [AT] "SEND OK" (7)
22:10:37  [TX] S,642,00,00,783,P1,3E
22:10:37  [SLOT] n=653 tx=21 ack=0 due=0 r=1
22:10:37  [AT] "AT+CIPSEND=22" (13)
22:10:37  [AT] " S,642,00,00,783,P1,3E" (22)
22:10:37  [AT] "SEND OK" (7)
22:10:38  [TX] S,643,00,00,784,P1,38
22:10:38  [SLOT] n=654 tx=21 ack=0 due=0 r=1
22:10:38  [AT] "AT+CIPSEND=22" (13)
22:10:38  [AT] " S,643,00,00,784,P1,38" (22)
22:10:38  [AT] "SEND OK" (7)
22:10:39  [TX] S,644,00,00,786,P1,3D
22:10:39  [SLOT] n=655 tx=21 ack=0 due=0 r=1
22:10:39  [AT] "AT+CIPSEND=22" (13)
22:10:39  [AT] " S,644,00,00,786,P1,3D" (22)
22:10:39  [AT] "SEND OK" (7)
22:10:40  [TX] S,645,00,00,787,P1,3D
22:10:40  [SLOT] n=656 tx=21 ack=0 due=0 r=1
22:10:40  [AT] "AT+CIPSEND=22" (13)
22:10:40  [AT] " S,645,00,00,787,P1,3D" (22)
22:10:40  [AT] "SEND OK" (7)
22:10:41  [TX] S,646,00,00,788,P1,31
22:10:41  [SLOT] n=657 tx=21 ack=0 due=0 r=1
22:10:41  [AT] "AT+CIPSEND=22" (13)
22:10:41  [AT] " S,646,00,00,788,P1,31" (22)
22:10:41  [AT] "SEND OK" (7)
22:10:42  [TX] S,647,00,00,789,P1,31
22:10:42  [SLOT] n=658 tx=21 ack=0 due=0 r=1
22:10:42  [AT] "AT+CIPSEND=22" (13)
22:10:43  [AT] " S,647,00,00,789,P1,31" (22)
22:10:43  [AT] "SEND OK" (7)
22:10:44  [TX] S,648,00,00,790,P1,36
22:10:44  [SLOT] n=659 tx=21 ack=0 due=0 r=1
22:10:44  [AT] "AT+CIPSEND=22" (13)
22:10:44  [AT] " S,648,00,00,790,P1,36" (22)
22:10:44  [AT] "SEND OK" (7)
22:10:45  [TX] S,649,00,00,792,P1,35
22:10:45  [SLOT] n=660 tx=21 ack=0 due=0 r=1
22:10:45  [AT] "AT+CIPSEND=22" (13)
22:10:45  [AT] " S,649,00,00,792,P1,35" (22)
22:10:45  [AT] "SEND OK" (7)
22:10:46  [TX] S,650,00,00,793,P1,3C
22:10:46  [SLOT] n=661 tx=21 ack=0 due=0 r=1
22:10:46  [AT] "AT+CIPSEND=22" (13)
22:10:46  [AT] " S,650,00,00,793,P1,3C" (22)
22:10:46  [AT] "SEND OK" (7)
22:10:47  [TX] S,651,00,00,794,P1,3A
22:10:47  [SLOT] n=662 tx=21 ack=0 due=0 r=1
22:10:47  [AT] "AT+CIPSEND=22" (13)
22:10:47  [AT] " S,651,00,00,794,P1,3A" (22)
22:10:47  [AT] "SEND OK" (7)
22:10:48  [TX] S,652,00,00,795,P1,38
22:10:48  [SLOT] n=663 tx=21 ack=0 due=0 r=1
22:10:48  [AT] "AT+CIPSEND=22" (13)
22:10:49  [AT] " S,652,00,00,795,P1,38" (22)
22:10:49  [AT] "SEND OK" (7)
22:10:50  [TX] S,653,00,00,796,P1,3A
22:10:50  [SLOT] n=664 tx=21 ack=0 due=0 r=1
22:10:50  [AT] "AT+CIPSEND=22" (13)
22:10:50  [AT] " S,653,00,00,796,P1,3A" (22)
22:10:50  [AT] "SEND OK" (7)
22:10:51  [TX] S,654,00,00,798,P1,33
22:10:51  [SLOT] n=665 tx=21 ack=0 due=0 r=1
22:10:51  [AT] "AT+CIPSEND=22" (13)
22:10:51  [AT] " S,654,00,00,798,P1,33" (22)
22:10:51  [AT] "SEND OK" (7)
22:10:52  [TX] S,655,00,00,799,P1,33
22:10:52  [SLOT] n=666 tx=21 ack=0 due=0 r=1
22:10:52  [AT] "AT+CIPSEND=22" (13)
22:10:52  [AT] " S,655,00,00,799,P1,33" (22)
22:10:52  [AT] "SEND OK" (7)
22:10:53  [TX] S,656,00,00,800,P1,3F
22:10:53  [SLOT] n=667 tx=21 ack=0 due=0 r=1
22:10:53  [AT] "AT+CIPSEND=22" (13)
22:10:53  [AT] " S,656,00,00,800,P1,3F" (22)
22:10:53  [AT] "SEND OK" (7)
22:10:54  [TX] S,657,00,00,801,P1,3F
22:10:54  [SLOT] n=668 tx=21 ack=0 due=0 r=1
22:10:54  [AT] "AT+CIPSEND=22" (13)
22:10:54  [AT] " S,657,00,00,801,P1,3F" (22)
22:10:54  [AT] "SEND OK" (7)
22:10:56  [TX] S,658,00,00,802,P1,33
22:10:56  [SLOT] n=669 tx=21 ack=0 due=0 r=1
22:10:56  [AT] "AT+CIPSEND=22" (13)
22:10:56  [AT] " S,658,00,00,802,P1,33" (22)
22:10:56  [AT] "SEND OK" (7)
22:10:57  [TX] S,659,00,00,804,P1,34
22:10:57  [SLOT] n=670 tx=21 ack=0 due=0 r=1
22:10:57  [AT] "AT+CIPSEND=22" (13)
22:10:57  [AT] " S,659,00,00,804,P1,34" (22)
22:10:57  [AT] "SEND OK" (7)
22:10:58  [TX] S,660,00,00,805,P1,3F
22:10:58  [SLOT] n=671 tx=21 ack=0 due=0 r=1
22:10:58  [AT] "AT+CIPSEND=22" (13)
22:10:58  [AT] " S,660,00,00,805,P1,3F" (22)
22:10:58  [AT] "SEND OK" (7)
22:10:59  [TX] S,661,00,00,806,P1,3D
22:10:59  [SLOT] n=672 tx=21 ack=0 due=0 r=1
22:10:59  [AT] "AT+CIPSEND=22" (13)
22:10:59  [AT] " S,661,00,00,806,P1,3D" (22)
22:10:59  [AT] "SEND OK" (7)
22:11:00  [TX] S,662,00,00,807,P1,3F
22:11:00  [SLOT] n=673 tx=21 ack=0 due=0 r=1
22:11:00  [AT] "AT+CIPSEND=22" (13)
22:11:00  [AT] " S,662,00,00,807,P1,3F" (22)
22:11:00  [AT] "SEND OK" (7)
22:11:02  [TX] S,663,00,00,808,P1,31
22:11:02  [SLOT] n=674 tx=21 ack=0 due=0 r=1
22:11:02  [AT] "AT+CIPSEND=22" (13)
22:11:02  [AT] " S,663,00,00,808,P1,31" (22)
22:11:02  [AT] "SEND OK" (7)
22:11:03  [TX] S,664,00,00,810,P1,3F
22:11:03  [SLOT] n=675 tx=21 ack=0 due=0 r=1
22:11:03  [AT] "AT+CIPSEND=22" (13)
22:11:03  [AT] " S,664,00,00,810,P1,3F" (22)
22:11:03  [AT] "SEND OK" (7)
22:11:04  [TX] S,665,00,00,811,P1,3F
22:11:04  [SLOT] n=676 tx=21 ack=0 due=0 r=1
22:11:04  [AT] "AT+CIPSEND=22" (13)
22:11:04  [AT] " S,665,00,00,811,P1,3F" (22)
22:11:04  [AT] "SEND OK" (7)
22:11:05  [TX] S,666,00,00,812,P1,3F
22:11:05  [SLOT] n=677 tx=21 ack=0 due=0 r=1
22:11:05  [AT] "AT+CIPSEND=22" (13)
22:11:05  [AT] " S,666,00,00,812,P1,3F" (22)
22:11:05  [AT] "SEND OK" (7)
22:11:06  [TX] S,667,00,00,813,P1,3F
22:11:06  [SLOT] n=678 tx=21 ack=0 due=0 r=1
22:11:06  [AT] "AT+CIPSEND=22" (13)
22:11:06  [AT] " S,667,00,00,813,P1,3F" (22)
22:11:06  [AT] "SEND OK" (7)
22:11:08  [TX] S,668,00,00,814,P1,37
22:11:08  [SLOT] n=679 tx=21 ack=0 due=0 r=1
22:11:08  [AT] "AT+CIPSEND=22" (13)
22:11:08  [AT] " S,668,00,00,814,P1,37" (22)
22:11:08  [AT] "SEND OK" (7)
22:11:09  [TX] S,669,00,00,816,P1,34
22:11:09  [SLOT] n=680 tx=21 ack=0 due=0 r=1
22:11:09  [AT] "AT+CIPSEND=22" (13)
22:11:09  [AT] " S,669,00,00,816,P1,34" (22)
22:11:09  [AT] "SEND OK" (7)
22:11:10  [TX] S,670,00,00,817,P1,3D
22:11:10  [SLOT] n=681 tx=21 ack=0 due=0 r=1
22:11:10  [AT] "AT+CIPSEND=22" (13)
22:11:10  [AT] " S,670,00,00,817,P1,3D" (22)
22:11:10  [AT] "SEND OK" (7)
22:11:11  [TX] S,671,00,00,818,P1,33
22:11:11  [SLOT] n=682 tx=21 ack=0 due=0 r=1
22:11:11  [AT] "AT+CIPSEND=22" (13)
22:11:11  [AT] " S,671,00,00,818,P1,33" (22)
22:11:11  [AT] "SEND OK" (7)
22:11:12  [TX] S,672,00,00,819,P1,31
22:11:12  [SLOT] n=683 tx=21 ack=0 due=0 r=1
22:11:12  [AT] "AT+CIPSEND=22" (13)
22:11:12  [AT] " S,672,00,00,819,P1,31" (22)
22:11:12  [AT] "SEND OK" (7)
22:11:14  [TX] S,673,00,00,820,P1,3A
22:11:14  [SLOT] n=684 tx=21 ack=0 due=0 r=1
22:11:14  [AT] "AT+CIPSEND=22" (13)
22:11:14  [AT] " S,673,00,00,820,P1,3A" (22)
22:11:14  [AT] "SEND OK" (7)
22:11:15  [TX] S,674,00,00,822,P1,3F
22:11:15  [SLOT] n=685 tx=21 ack=0 due=0 r=1
22:11:15  [AT] "AT+CIPSEND=22" (13)
22:11:15  [AT] " S,674,00,00,822,P1,3F" (22)
22:11:15  [AT] "SEND OK" (7)
22:11:16  [TX] S,675,00,00,823,P1,3F
22:11:16  [SLOT] n=686 tx=21 ack=0 due=0 r=1
22:11:16  [AT] "AT+CIPSEND=22" (13)
22:11:16  [AT] " S,675,00,00,823,P1,3F" (22)
22:11:16  [AT] "SEND OK" (7)
22:11:17  [TX] S,676,00,00,824,P1,3B
22:11:17  [SLOT] n=687 tx=21 ack=0 due=0 r=1
22:11:17  [AT] "AT+CIPSEND=22" (13)
22:11:17  [AT] " S,676,00,00,824,P1,3B" (22)
22:11:17  [AT] "SEND OK" (7)
22:11:18  [TX] S,677,00,00,825,P1,3B
22:11:18  [SLOT] n=688 tx=21 ack=0 due=0 r=1
22:11:18  [AT] "AT+CIPSEND=22" (13)
22:11:18  [AT] " S,677,00,00,825,P1,3B" (22)
22:11:18  [AT] "SEND OK" (7)
22:11:20  [TX] S,678,00,00,826,P1,37
22:11:20  [SLOT] n=689 tx=21 ack=0 due=0 r=1
22:11:20  [AT] "AT+CIPSEND=22" (13)
22:11:20  [AT] " S,678,00,00,826,P1,37" (22)
22:11:20  [AT] "SEND OK" (7)
22:11:21  [TX] S,679,00,00,828,P1,38
22:11:21  [SLOT] n=690 tx=21 ack=0 due=0 r=1
22:11:21  [AT] "AT+CIPSEND=22" (13)
22:11:21  [AT] " S,679,00,00,828,P1,38" (22)
22:11:21  [AT] "SEND OK" (7)
22:11:22  [TX] S,680,00,00,829,P1,3F
22:11:22  [SLOT] n=691 tx=21 ack=0 due=0 r=1
22:11:22  [AT] "AT+CIPSEND=22" (13)
22:11:22  [AT] " S,680,00,00,829,P1,3F" (22)
22:11:22  [AT] "SEND OK" (7)
22:11:23  [TX] S,681,00,00,830,P1,36
22:11:23  [SLOT] n=692 tx=21 ack=0 due=0 r=1
22:11:23  [AT] "AT+CIPSEND=22" (13)
22:11:23  [AT] " S,681,00,00,830,P1,36" (22)
22:11:23  [AT] "SEND OK" (7)
22:11:24  [TX] S,682,00,00,831,P1,34
22:11:24  [SLOT] n=693 tx=21 ack=0 due=0 r=1
22:11:24  [AT] "AT+CIPSEND=22" (13)
22:11:24  [AT] " S,682,00,00,831,P1,34" (22)
22:11:24  [AT] "SEND OK" (7)
22:11:26  [TX] S,683,00,00,832,P1,36
22:11:26  [SLOT] n=694 tx=21 ack=0 due=0 r=1
22:11:26  [AT] "AT+CIPSEND=22" (13)
22:11:26  [AT] " S,683,00,00,832,P1,36" (22)
22:11:26  [AT] "SEND OK" (7)
22:11:27  [TX] S,684,00,00,834,P1,37
22:11:27  [SLOT] n=695 tx=21 ack=0 due=0 r=1
22:11:27  [AT] "AT+CIPSEND=22" (13)
22:11:27  [AT] " S,684,00,00,834,P1,37" (22)
22:11:27  [AT] "SEND OK" (7)
22:11:28  [TX] S,685,00,00,835,P1,37
22:11:28  [SLOT] n=696 tx=21 ack=0 due=0 r=1
22:11:28  [AT] "AT+CIPSEND=22" (13)
22:11:28  [AT] " S,685,00,00,835,P1,37" (22)
22:11:28  [AT] "SEND OK" (7)
22:11:29  [TX] S,686,00,00,836,P1,37
22:11:29  [SLOT] n=697 tx=21 ack=0 due=0 r=1
22:11:29  [AT] "AT+CIPSEND=22" (13)
22:11:29  [AT] " S,686,00,00,836,P1,37" (22)
22:11:29  [AT] "SEND OK" (7)
22:11:30  [TX] S,687,00,00,837,P1,37
22:11:30  [SLOT] n=698 tx=21 ack=0 due=0 r=1
22:11:30  [AT] "AT+CIPSEND=22" (13)
22:11:30  [AT] " S,687,00,00,837,P1,37" (22)
22:11:30  [AT] "SEND OK" (7)
22:11:31  [TX] S,688,00,00,838,P1,37
22:11:31  [SLOT] n=699 tx=21 ack=0 due=0 r=1
22:11:31  [AT] "AT+CIPSEND=22" (13)
22:11:31  [AT] " S,688,00,00,838,P1,37" (22)
22:11:31  [AT] "SEND OK" (7)
22:11:33  «tap» 살아있음 — 최근 60초 rx=7702B (이 줄이 끊기면 탭이 죽은 것이다)
22:11:33  [TX] S,689,00,00,840,P1,39
22:11:33  [SLOT] n=700 tx=21 ack=0 due=0 r=1
22:11:33  [CNT] up=840 drop=0 esprst=0 hwrst=0/0 resync=0 sendfail=0 okto=0 stuck=0 ackq=0 ackdrop=0 ackstale=0 slot=700 oow=18 smiss=2 ssovf=0 cksumng=0 okstream=687 penddrop=0 pendfill=690 bigfill=3 bigdrop=0 bigokst=3 oklost=0 bigoklost=0 skip=0 online=1
22:11:33  [RAM] 최저 여유 585 B · 프롬프트 재동기 0회 (서버의 '버린줄' 과 맞아야 한다)
22:11:33  [AT] " S,689,00,00,840,P1,39" (22)
22:11:33  [AT] "SEND OK" (7)
22:11:33  [AT] "AT+CIPSEND=22" (13)
22:11:34  [TX] S,690,00,00,841,P1,30
22:11:34  [SLOT] n=701 tx=21 ack=0 due=0 r=1
22:11:34  [AT] "AT+CIPSEND=22" (13)
22:11:34  [AT] " S,690,00,00,841,P1,30" (22)
22:11:34  [AT] "SEND OK" (7)
22:11:35  [TX] S,691,00,00,842,P1,32
22:11:35  [SLOT] n=702 tx=21 ack=0 due=0 r=1
22:11:35  [AT] "AT+CIPSEND=22" (13)
22:11:35  [AT] " S,691,00,00,842,P1,32" (22)
22:11:35  [AT] "SEND OK" (7)
22:11:36  [TX] S,692,00,00,843,P1,30
22:11:36  [SLOT] n=703 tx=21 ack=0 due=0 r=1
22:11:36  [AT] "AT+CIPSEND=22" (13)
22:11:36  [AT] " S,692,00,00,843,P1,30" (22)
22:11:36  [AT] "SEND OK" (7)
22:11:37  [TX] S,693,00,00,844,P1,36
22:11:37  [SLOT] n=704 tx=21 ack=0 due=0 r=1
22:11:37  [AT] "AT+CIPSEND=22" (13)
22:11:37  [AT] " S,693,00,00,844,P1,36" (22)
22:11:37  [AT] "SEND OK" (7)
22:11:39  [TX] S,694,00,00,846,P1,33
22:11:39  [SLOT] n=705 tx=21 ack=0 due=0 r=1
22:11:39  [AT] "AT+CIPSEND=22" (13)
22:11:39  [AT] " S,694,00,00,846,P1,33" (22)
22:11:39  [AT] "SEND OK" (7)
22:11:40  [TX] S,695,00,00,847,P1,33
22:11:40  [SLOT] n=706 tx=21 ack=0 due=0 r=1
22:11:40  [AT] "AT+CIPSEND=22" (13)
22:11:40  [AT] " S,695,00,00,847,P1,33" (22)
22:11:40  [AT] "SEND OK" (7)
22:11:41  [TX] S,696,00,00,848,P1,3F
22:11:41  [SLOT] n=707 tx=21 ack=0 due=0 r=1
22:11:41  [AT] "AT+CIPSEND=22" (13)
22:11:41  [AT] " S,696,00,00,848,P1,3F" (22)
22:11:41  [AT] "SEND OK" (7)
22:11:42  [TX] S,697,00,00,849,P1,3F
22:11:42  [SLOT] n=708 tx=21 ack=0 due=0 r=1
22:11:42  [AT] "AT+CIPSEND=22" (13)
22:11:42  [AT] " S,697,00,00,849,P1,3F" (22)
22:11:42  [AT] "SEND OK" (7)
22:11:43  [TX] S,698,00,00,850,P1,38
22:11:43  [SLOT] n=709 tx=21 ack=0 due=0 r=1
22:11:43  [AT] "AT+CIPSEND=22" (13)
22:11:43  [AT] " S,698,00,00,850,P1,38" (22)
22:11:43  [AT] "SEND OK" (7)
22:11:45  [TX] S,699,00,00,852,P1,3B
22:11:45  [SLOT] n=710 tx=21 ack=0 due=0 r=1
22:11:45  [AT] "AT+CIPSEND=22" (13)
22:11:45  [AT] " S,699,00,00,852,P1,3B" (22)
22:11:45  [AT] "SEND OK" (7)
22:11:46  [TX] S,700,00,00,853,P1,3B
22:11:46  [SLOT] n=711 tx=21 ack=0 due=0 r=1
22:11:46  [AT] "AT+CIPSEND=22" (13)
22:11:46  [AT] " S,700,00,00,853,P1,3B" (22)
22:11:46  [AT] "SEND OK" (7)
22:11:47  [TX] S,701,00,00,854,P1,3D
22:11:47  [SLOT] n=712 tx=21 ack=0 due=0 r=1
22:11:47  [AT] "AT+CIPSEND=22" (13)
22:11:47  [AT] " S,701,00,00,854,P1,3D" (22)
22:11:47  [AT] "SEND OK" (7)
22:11:48  [TX] S,702,00,00,855,P1,3F
22:11:48  [SLOT] n=713 tx=21 ack=0 due=0 r=1
22:11:48  [AT] "AT+CIPSEND=22" (13)
22:11:48  [AT] " S,702,00,00,855,P1,3F" (22)
22:11:48  [AT] "SEND OK" (7)
22:11:49  [TX] S,703,00,00,856,P1,3D
22:11:49  [SLOT] n=714 tx=21 ack=0 due=0 r=1
22:11:49  [AT] "AT+CIPSEND=22" (13)
22:11:50  [AT] " S,703,00,00,856,P1,3D" (22)
22:11:50  [AT] "SEND OK" (7)
22:11:51  [TX] S,704,00,00,858,P1,34
22:11:51  [SLOT] n=715 tx=21 ack=0 due=0 r=1
22:11:51  [AT] "AT+CIPSEND=22" (13)
22:11:51  [AT] " S,704,00,00,858,P1,34" (22)
22:11:51  [AT] "SEND OK" (7)
22:11:52  [TX] S,705,00,00,859,P1,34
22:11:52  [SLOT] n=716 tx=21 ack=0 due=0 r=1
22:11:52  [AT] "AT+CIPSEND=22" (13)
22:11:52  [AT] " S,705,00,00,859,P1,34" (22)
22:11:52  [AT] "SEND OK" (7)
22:11:53  [TX] S,706,00,00,860,P1,3D
22:11:53  [SLOT] n=717 tx=21 ack=0 due=0 r=1
22:11:53  [AT] "AT+CIPSEND=22" (13)
22:11:53  [AT] " S,706,00,00,860,P1,3D" (22)
22:11:53  [AT] "SEND OK" (7)
22:11:54  [TX] S,707,00,00,861,P1,3D
22:11:54  [SLOT] n=718 tx=21 ack=0 due=0 r=1
22:11:54  [AT] "AT+CIPSEND=22" (13)
22:11:54  [AT] " S,707,00,00,861,P1,3D" (22)
22:11:54  [AT] "SEND OK" (7)
22:11:55  [TX] S,708,00,00,862,P1,31
22:11:55  [SLOT] n=719 tx=21 ack=0 due=0 r=1
22:11:55  [AT] "AT+CIPSEND=22" (13)
22:11:55  [AT] " S,708,00,00,862,P1,31" (22)
22:11:55  [AT] "SEND OK" (7)
22:11:57  [TX] S,709,00,00,864,P1,36
22:11:57  [SLOT] n=720 tx=21 ack=0 due=0 r=1
22:11:57  [AT] "AT+CIPSEND=22" (13)
22:11:57  [AT] " S,709,00,00,864,P1,36" (22)
22:11:57  [AT] "SEND OK" (7)
22:11:58  [TX] S,710,00,00,865,P1,3F
22:11:58  [SLOT] n=721 tx=21 ack=0 due=0 r=1
22:11:58  [AT] "AT+CIPSEND=22" (13)
22:11:58  [AT] " S,710,00,00,865,P1,3F" (22)
22:11:58  [AT] "SEND OK" (7)
22:11:59  [TX] S,711,00,00,866,P1,3D
22:11:59  [SLOT] n=722 tx=21 ack=0 due=0 r=1
22:11:59  [AT] "AT+CIPSEND=22" (13)
22:11:59  [AT] " S,711,00,00,866,P1,3D" (22)
22:11:59  [AT] "SEND OK" (7)
22:12:00  [TX] S,712,00,00,867,P1,3F
22:12:00  [SLOT] n=723 tx=21 ack=0 due=0 r=1
22:12:00  [AT] "AT+CIPSEND=22" (13)
22:12:00  [AT] " S,712,00,00,867,P1,3F" (22)
22:12:00  [AT] "SEND OK" (7)
22:12:01  [TX] S,713,00,00,868,P1,31
22:12:01  [SLOT] n=724 tx=21 ack=0 due=0 r=1
22:12:01  [AT] "AT+CIPSEND=22" (13)
22:12:01  [AT] " S,713,00,00,868,P1,31" (22)
22:12:01  [AT] "SEND OK" (7)
22:12:03  [TX] S,714,00,00,870,P1,3F
22:12:03  [SLOT] n=725 tx=21 ack=0 due=0 r=1
22:12:03  [AT] "AT+CIPSEND=22" (13)
22:12:03  [AT] " S,714,00,00,870,P1,3F" (22)
22:12:03  [AT] "SEND OK" (7)
22:12:04  [TX] S,715,00,00,871,P1,3F
22:12:04  [SLOT] n=726 tx=21 ack=0 due=0 r=1
22:12:04  [AT] "AT+CIPSEND=22" (13)
22:12:05  [TX-WAIT] 앞 전송의 SEND OK 를 아직 못 봤다 — 이번 주기는 건너뛴다
22:12:05  [SLOT] n=727 tx=21 ack=0 due=0 r=0
22:12:05  [AT] " S,715,00,00,871,P1,3F" (22)
22:12:05  [AT] "SEND OK" (7)
22:12:06  [TX] S,716,00,00,873,P1,3E
22:12:06  [SLOT] n=728 tx=21 ack=0 due=0 r=1
22:12:06  [AT] "AT+CIPSEND=22" (13)
22:12:06  [AT] " S,716,00,00,873,P1,3E" (22)
22:12:06  [AT] "SEND OK" (7)
22:12:07  [TX] S,717,00,00,874,P1,38
22:12:07  [SLOT] n=729 tx=21 ack=0 due=0 r=1
22:12:07  [AT] "AT+CIPSEND=22" (13)
22:12:07  [AT] " S,717,00,00,874,P1,38" (22)
22:12:07  [AT] "SEND OK" (7)
22:12:09  [TX] S,718,00,00,876,P1,35
22:12:09  [SLOT] n=730 tx=21 ack=0 due=0 r=1
22:12:09  [AT] "AT+CIPSEND=22" (13)
22:12:09  [AT] " S,718,00,00,876,P1,35" (22)
22:12:09  [AT] "SEND OK" (7)
22:12:11  [TX] S,719,00,00,877,P1,35
22:12:11  [SLOT] n=731 tx=21 ack=0 due=0 r=1
22:12:11  [AT] "AT+CIPSEND=22" (13)
22:12:11  [AT] " S,719,00,00,877,P1,35" (22)
22:12:11  [AT] "SEND OK" (7)
22:12:12  [TX] S,720,00,00,878,P1,30
22:12:12  [SLOT] n=732 tx=21 ack=0 due=0 r=1
22:12:12  [AT] "AT+CIPSEND=22" (13)
22:12:12  [AT] " S,720,00,00,878,P1,30" (22)
22:12:12  [AT] "SEND OK" (7)
22:12:13  [TX] S,721,00,00,879,P1,30
22:12:13  [SLOT] n=733 tx=21 ack=0 due=0 r=1
22:12:13  [AT] "AT+CIPSEND=22" (13)
22:12:13  [AT] " S,721,00,00,879,P1,30" (22)
22:12:13  [AT] "SEND OK" (7)
22:12:14  [TX] S,722,00,00,880,P1,35
22:12:14  [SLOT] n=734 tx=21 ack=0 due=0 r=1
22:12:14  [AT] "AT+CIPSEND=22" (13)
22:12:14  [AT] " S,722,00,00,880,P1,35" (22)
22:12:14  [AT] "SEND OK" (7)
22:12:15  [TX] S,723,00,00,882,P1,36
22:12:15  [SLOT] n=735 tx=21 ack=0 due=0 r=1
22:12:15  [AT] "AT+CIPSEND=22" (13)
22:12:15  [AT] " S,723,00,00,882,P1,36" (22)
22:12:15  [AT] "SEND OK" (7)
22:12:17  [TX] S,724,00,00,883,P1,30
22:12:17  [SLOT] n=736 tx=21 ack=0 due=0 r=1
22:12:17  [AT] "AT+CIPSEND=22" (13)
22:12:17  [AT] " S,724,00,00,883,P1,30" (22)
22:12:17  [AT] "SEND OK" (7)
22:12:18  [TX] S,725,00,00,884,P1,36
22:12:18  [SLOT] n=737 tx=21 ack=0 due=0 r=1
22:12:18  [AT] "AT+CIPSEND=22" (13)
22:12:18  [AT] " S,725,00,00,884,P1,36" (22)
22:12:18  [AT] "SEND OK" (7)
22:12:19  [TX] S,726,00,00,885,P1,34
22:12:19  [SLOT] n=738 tx=21 ack=0 due=0 r=1
22:12:19  [AT] "AT+CIPSEND=22" (13)
22:12:19  [AT] " S,726,00,00,885,P1,34" (22)
22:12:19  [AT] "SEND OK" (7)
22:12:20  [TX] S,727,00,00,886,P1,36
22:12:20  [SLOT] n=739 tx=21 ack=0 due=0 r=1
22:12:20  [AT] "AT+CIPSEND=22" (13)
22:12:21  [AT] " S,727,00,00,886,P1,36" (22)
22:12:21  [AT] "SEND OK" (7)
22:12:21  [TX] S,728,00,00,888,P1,37
22:12:21  [SLOT] n=740 tx=21 ack=0 due=0 r=1
22:12:21  [AT] "AT+CIPSEND=22" (13)
22:12:21  [AT] " S,728,00,00,888,P1,37" (22)
22:12:21  [AT] "SEND OK" (7)
22:12:23  [TX] S,729,00,00,889,P1,37
22:12:23  [SLOT] n=741 tx=21 ack=0 due=0 r=1
22:12:23  [AT] "AT+CIPSEND=22" (13)
22:12:23  [AT] " S,729,00,00,889,P1,37" (22)
22:12:23  [AT] "SEND OK" (7)
22:12:24  [TX] S,730,00,00,890,P1,37
22:12:24  [SLOT] n=742 tx=21 ack=0 due=0 r=1
22:12:24  [AT] "AT+CIPSEND=22" (13)
22:12:24  [AT] " S,730,00,00,890,P1,37" (22)
22:12:24  [AT] "SEND OK" (7)
22:12:25  [TX] S,731,00,00,891,P1,37
22:12:25  [SLOT] n=743 tx=21 ack=0 due=0 r=1
22:12:25  [AT] "AT+CIPSEND=22" (13)
22:12:25  [AT] " S,731,00,00,891,P1,37" (22)
22:12:25  [AT] "SEND OK" (7)
22:12:26  [TX] S,732,00,00,892,P1,37
22:12:26  [SLOT] n=744 tx=21 ack=0 due=0 r=1
22:12:26  [AT] "AT+CIPSEND=22" (13)
22:12:26  [AT] " S,732,00,00,892,P1,37" (22)
22:12:26  [AT] "SEND OK" (7)
22:12:27  [TX] S,733,00,00,894,P1,30
22:12:27  [SLOT] n=745 tx=21 ack=0 due=0 r=1
22:12:27  [AT] "AT+CIPSEND=22" (13)
22:12:27  [AT] " S,733,00,00,894,P1,30" (22)
22:12:27  [AT] "SEND OK" (7)
22:12:29  [TX] S,734,00,00,895,P1,36
22:12:29  [SLOT] n=746 tx=21 ack=0 due=0 r=1
22:12:29  [AT] "AT+CIPSEND=22" (13)
22:12:29  [AT] " S,734,00,00,895,P1,36" (22)
22:12:29  [AT] "SEND OK" (7)
22:12:30  [TX] S,735,00,00,896,P1,34
22:12:30  [SLOT] n=747 tx=21 ack=0 due=0 r=1
22:12:30  [AT] "AT+CIPSEND=22" (13)
22:12:30  [AT] " S,735,00,00,896,P1,34" (22)
22:12:30  [AT] "SEND OK" (7)
22:12:31  [TX] S,736,00,00,897,P1,36
22:12:31  [SLOT] n=748 tx=21 ack=0 due=0 r=1
22:12:31  [AT] "AT+CIPSEND=22" (13)
22:12:31  [AT] " S,736,00,00,897,P1,36" (22)
22:12:31  [AT] "SEND OK" (7)
22:12:32  [TX] S,737,00,00,898,P1,38
22:12:32  [SLOT] n=749 tx=21 ack=0 due=0 r=1
22:12:32  [AT] "AT+CIPSEND=22" (13)
22:12:32  [AT] " S,737,00,00,898,P1,38" (22)
22:12:32  [AT] "SEND OK" (7)
22:12:33  [TX] S,738,00,00,900,P1,37
22:12:33  [SLOT] n=750 tx=21 ack=0 due=0 r=1
22:12:33  [CNT] up=900 drop=0 esprst=0 hwrst=0/0 resync=0 sendfail=0 okto=0 stuck=0 ackq=0 ackdrop=0 ackstale=0 slot=750 oow=18 smiss=2 ssovf=0 cksumng=0 okstream=736 penddrop=0 pendfill=739 bigfill=3 bigdrop=0 bigokst=3 oklost=0 bigoklost=0 skip=1 online=1
22:12:33  [RAM] 최저 여유 585 B · 프롬프트 재동기 0회 (서버의 '버린줄' 과 맞아야 한다)
22:12:33  [AT] " S,738,00,00,900,P1,37" (22)
22:12:33  [AT] "SEND OK" (7)
22:12:33  [AT] "AT+CIPSEND=22" (13)
22:12:34  «tap» 살아있음 — 최근 60초 rx=8179B (이 줄이 끊기면 탭이 죽은 것이다)
22:12:35  [TX] S,739,00,00,901,P1,37
22:12:35  [SLOT] n=751 tx=21 ack=0 due=0 r=1
22:12:35  [AT] "AT+CIPSEND=22" (13)
22:12:35  [AT] " S,739,00,00,901,P1,37" (22)
22:12:35  [AT] "SEND OK" (7)
22:12:36  [TX] S,740,00,00,902,P1,3A
22:12:36  [SLOT] n=752 tx=21 ack=0 due=0 r=1
22:12:36  [AT] "AT+CIPSEND=22" (13)
22:12:36  [AT] " S,740,00,00,902,P1,3A" (22)
22:12:36  [AT] "SEND OK" (7)
22:12:37  [TX] S,741,00,00,903,P1,3A
22:12:37  [SLOT] n=753 tx=21 ack=0 due=0 r=1
22:12:37  [AT] "AT+CIPSEND=22" (13)
22:12:37  [AT] " S,741,00,00,903,P1,3A" (22)
22:12:37  [AT] "SEND OK" (7)
22:12:38  [TX] S,742,00,00,904,P1,3E
22:12:38  [SLOT] n=754 tx=21 ack=0 due=0 r=1
22:12:38  [AT] "AT+CIPSEND=22" (13)
22:12:38  [AT] " S,742,00,00,904,P1,3E" (22)
22:12:38  [AT] "SEND OK" (7)
22:12:39  [TX] S,743,00,00,906,P1,3D
22:12:39  [SLOT] n=755 tx=21 ack=0 due=0 r=1
22:12:39  [AT] "AT+CIPSEND=22" (13)
22:12:39  [AT] " S,743,00,00,906,P1,3D" (22)
22:12:39  [AT] "SEND OK" (7)
22:12:41  [TX] S,744,00,00,907,P1,3B
22:12:41  [SLOT] n=756 tx=21 ack=0 due=0 r=1
22:12:41  [AT] "AT+CIPSEND=22" (13)
22:12:41  [AT] " S,744,00,00,907,P1,3B" (22)
22:12:41  [AT] "SEND OK" (7)
22:12:42  [TX] S,745,00,00,908,P1,35
22:12:42  [SLOT] n=757 tx=21 ack=0 due=0 r=1
22:12:42  [AT] "AT+CIPSEND=22" (13)
22:12:42  [AT] " S,745,00,00,908,P1,35" (22)
22:12:42  [AT] "SEND OK" (7)
22:12:43  [TX] S,746,00,00,909,P1,37
22:12:43  [SLOT] n=758 tx=21 ack=0 due=0 r=1
22:12:43  [AT] "AT+CIPSEND=22" (13)
22:12:43  [AT] " S,746,00,00,909,P1,37" (22)
22:12:43  [AT] "SEND OK" (7)
22:12:44  [TX] S,747,00,00,910,P1,3E
22:12:44  [SLOT] n=759 tx=21 ack=0 due=0 r=1
22:12:44  [AT] "AT+CIPSEND=22" (13)
22:12:44  [AT] " S,747,00,00,910,P1,3E" (22)
22:12:44  [AT] "SEND OK" (7)
22:12:45  [TX] S,748,00,00,912,P1,33
22:12:45  [SLOT] n=760 tx=21 ack=0 due=0 r=1
22:12:45  [AT] "AT+CIPSEND=22" (13)
22:12:45  [AT] " S,748,00,00,912,P1,33" (22)
22:12:45  [AT] "SEND OK" (7)
22:12:47  [TX] S,749,00,00,913,P1,33
22:12:47  [SLOT] n=761 tx=21 ack=0 due=0 r=1
22:12:47  [AT] "AT+CIPSEND=22" (13)
22:12:47  [AT] " S,749,00,00,913,P1,33" (22)
22:12:47  [AT] "SEND OK" (7)
22:12:48  [TX] S,750,00,00,914,P1,3C
22:12:48  [SLOT] n=762 tx=21 ack=0 due=0 r=1
22:12:48  [AT] "AT+CIPSEND=22" (13)
22:12:48  [AT] " S,750,00,00,914,P1,3C" (22)
22:12:48  [AT] "SEND OK" (7)
22:12:49  [TX] S,751,00,00,915,P1,3C
22:12:49  [SLOT] n=763 tx=21 ack=0 due=0 r=1
22:12:49  [AT] "AT+CIPSEND=22" (13)
22:12:49  [AT] " S,751,00,00,915,P1,3C" (22)
22:12:49  [AT] "SEND OK" (7)
22:12:50  [TX] S,752,00,00,916,P1,3C
22:12:50  [SLOT] n=764 tx=21 ack=0 due=0 r=1
22:12:50  [AT] "AT+CIPSEND=22" (13)
22:12:50  [AT] " S,752,00,00,916,P1,3C" (22)
22:12:50  [AT] "SEND OK" (7)
22:12:51  [TX] S,753,00,00,918,P1,33
22:12:51  [SLOT] n=765 tx=21 ack=0 due=0 r=1
22:12:51  [AT] "AT+CIPSEND=22" (13)
22:12:51  [AT] " S,753,00,00,918,P1,33" (22)
22:12:51  [AT] "SEND OK" (7)
22:12:52  [TX] S,754,00,00,919,P1,35
22:12:53  [SLOT] n=766 tx=21 ack=0 due=0 r=1
22:12:53  [AT] "AT+CIPSEND=22" (13)
22:12:53  [AT] " S,754,00,00,919,P1,35" (22)
22:12:53  [AT] "SEND OK" (7)
22:12:54  [TX] S,755,00,00,920,P1,3E
22:12:54  [SLOT] n=767 tx=21 ack=0 due=0 r=1
22:12:54  [AT] "AT+CIPSEND=22" (13)
22:12:54  [AT] " S,755,00,00,920,P1,3E" (22)
22:12:54  [AT] "SEND OK" (7)
22:12:55  [TX] S,756,00,00,921,P1,3C
22:12:55  [SLOT] n=768 tx=21 ack=0 due=0 r=1
22:12:55  [AT] "AT+CIPSEND=22" (13)
22:12:55  [AT] " S,756,00,00,921,P1,3C" (22)
22:12:55  [AT] "SEND OK" (7)
22:12:56  [TX] S,757,00,00,922,P1,3E
22:12:56  [SLOT] n=769 tx=21 ack=0 due=0 r=1
22:12:56  [AT] "AT+CIPSEND=22" (13)
22:12:56  [AT] " S,757,00,00,922,P1,3E" (22)
22:12:56  [AT] "SEND OK" (7)
22:12:57  [TX] S,758,00,00,924,P1,37
22:12:57  [SLOT] n=770 tx=21 ack=0 due=0 r=1
22:12:57  [AT] "AT+CIPSEND=22" (13)
22:12:57  [AT] " S,758,00,00,924,P1,37" (22)
22:12:57  [AT] "SEND OK" (7)
22:12:58  [TX] S,759,00,00,925,P1,37
22:12:58  [SLOT] n=771 tx=21 ack=0 due=0 r=1
22:12:58  [AT] "AT+CIPSEND=22" (13)
22:12:59  [AT] " S,759,00,00,925,P1,37" (22)
22:12:59  [AT] "SEND OK" (7)
22:13:00  [TX] S,760,00,00,926,P1,3E
22:13:00  [SLOT] n=772 tx=21 ack=0 due=0 r=1
22:13:00  [AT] "AT+CIPSEND=22" (13)
22:13:00  [AT] " S,760,00,00,926,P1,3E" (22)
22:13:00  [AT] "SEND OK" (7)
22:13:01  [TX] S,761,00,00,927,P1,3E
22:13:01  [SLOT] n=773 tx=21 ack=0 due=0 r=1
22:13:01  [AT] "AT+CIPSEND=22" (13)
22:13:01  [AT] " S,761,00,00,927,P1,3E" (22)
22:13:01  [AT] "SEND OK" (7)
22:13:02  [TX] S,762,00,00,928,P1,32
22:13:02  [SLOT] n=774 tx=21 ack=0 due=0 r=1
22:13:02  [AT] "AT+CIPSEND=22" (13)
22:13:02  [AT] " S,762,00,00,928,P1,32" (22)
22:13:02  [AT] "SEND OK" (7)
22:13:03  [TX] S,763,00,00,930,P1,3A
22:13:03  [SLOT] n=775 tx=21 ack=0 due=0 r=1
22:13:03  [AT] "AT+CIPSEND=22" (13)
22:13:03  [AT] " S,763,00,00,930,P1,3A" (22)
22:13:03  [AT] "SEND OK" (7)
22:13:04  [TX] S,764,00,00,931,P1,3C
22:13:04  [SLOT] n=776 tx=21 ack=0 due=0 r=1
22:13:04  [AT] "AT+CIPSEND=22" (13)
22:13:04  [AT] " S,764,00,00,931,P1,3C" (22)
22:13:04  [AT] "SEND OK" (7)
22:13:06  [TX] S,765,00,00,932,P1,3E
22:13:06  [SLOT] n=777 tx=21 ack=0 due=0 r=1
22:13:06  [AT] "AT+CIPSEND=22" (13)
22:13:06  [AT] " S,765,00,00,932,P1,3E" (22)
22:13:06  [AT] "SEND OK" (7)
22:13:07  [TX] S,766,00,00,933,P1,3C
22:13:07  [SLOT] n=778 tx=21 ack=0 due=0 r=1
22:13:07  [AT] "AT+CIPSEND=22" (13)
22:13:07  [AT] " S,766,00,00,933,P1,3C" (22)
22:13:07  [AT] "SEND OK" (7)
22:13:08  [TX] S,767,00,00,934,P1,3A
22:13:08  [SLOT] n=779 tx=21 ack=0 due=0 r=1
22:13:08  [AT] "AT+CIPSEND=22" (13)
22:13:08  [AT] " S,767,00,00,934,P1,3A" (22)
22:13:08  [AT] "SEND OK" (7)
22:13:09  [TX] S,768,00,00,936,P1,37
22:13:09  [SLOT] n=780 tx=21 ack=0 due=0 r=1
22:13:09  [AT] "AT+CIPSEND=22" (13)
22:13:09  [AT] " S,768,00,00,936,P1,37" (22)
22:13:09  [AT] "SEND OK" (7)
22:13:10  [TX] S,769,00,00,937,P1,37
22:13:10  [SLOT] n=781 tx=21 ack=0 due=0 r=1
22:13:10  [AT] "AT+CIPSEND=22" (13)
22:13:10  [AT] " S,769,00,00,937,P1,37" (22)
22:13:10  [AT] "SEND OK" (7)
22:13:12  [TX] S,770,00,00,938,P1,30
22:13:12  [SLOT] n=782 tx=21 ack=0 due=0 r=1
22:13:12  [AT] "AT+CIPSEND=22" (13)
22:13:12  [AT] " S,770,00,00,938,P1,30" (22)
22:13:12  [AT] "SEND OK" (7)
22:13:13  [TX] S,771,00,00,939,P1,30
22:13:13  [SLOT] n=783 tx=21 ack=0 due=0 r=1
22:13:13  [AT] "AT+CIPSEND=22" (13)
22:13:13  [AT] " S,771,00,00,939,P1,30" (22)
22:13:13  [AT] "SEND OK" (7)
22:13:14  [TX] S,772,00,00,940,P1,3D
22:13:14  [SLOT] n=784 tx=21 ack=0 due=0 r=1
22:13:14  [AT] "AT+CIPSEND=22" (13)
22:13:14  [AT] " S,772,00,00,940,P1,3D" (22)
22:13:14  [AT] "SEND OK" (7)
22:13:15  [TX] S,773,00,00,942,P1,3E
22:13:15  [SLOT] n=785 tx=21 ack=0 due=0 r=1
22:13:15  [AT] "AT+CIPSEND=22" (13)
22:13:15  [AT] " S,773,00,00,942,P1,3E" (22)
22:13:15  [AT] "SEND OK" (7)
22:13:16  [TX] S,774,00,00,943,P1,38
22:13:16  [SLOT] n=786 tx=21 ack=0 due=0 r=1
22:13:16  [AT] "AT+CIPSEND=22" (13)
22:13:16  [AT] " S,774,00,00,943,P1,38" (22)
22:13:16  [AT] "SEND OK" (7)
22:13:18  [TX] S,775,00,00,944,P1,3E
22:13:18  [SLOT] n=787 tx=21 ack=0 due=0 r=1
22:13:18  [AT] "AT+CIPSEND=22" (13)
22:13:18  [AT] " S,775,00,00,944,P1,3E" (22)
22:13:18  [AT] "SEND OK" (7)
22:13:19  [TX] S,776,00,00,945,P1,3C
22:13:19  [SLOT] n=788 tx=21 ack=0 due=0 r=1
22:13:19  [AT] "AT+CIPSEND=22" (13)
22:13:19  [AT] " S,776,00,00,945,P1,3C" (22)
22:13:19  [AT] "SEND OK" (7)
22:13:20  [TX] S,777,00,00,946,P1,3E
22:13:20  [SLOT] n=789 tx=21 ack=0 due=0 r=1
22:13:20  [AT] "AT+CIPSEND=22" (13)
22:13:20  [AT] " S,777,00,00,946,P1,3E" (22)
22:13:20  [AT] "SEND OK" (7)
22:13:21  [TX] S,778,00,00,948,P1,3F
22:13:21  [SLOT] n=790 tx=21 ack=0 due=0 r=1
22:13:21  [AT] "AT+CIPSEND=22" (13)
22:13:21  [AT] " S,778,00,00,948,P1,3F" (22)
22:13:21  [AT] "SEND OK" (7)
22:13:22  [TX] S,779,00,00,949,P1,3F
22:13:22  [SLOT] n=791 tx=21 ack=0 due=0 r=1
22:13:22  [AT] "AT+CIPSEND=22" (13)
22:13:22  [AT] " S,779,00,00,949,P1,3F" (22)
22:13:22  [AT] "SEND OK" (7)
22:13:24  [TX] S,780,00,00,950,P1,31
22:13:24  [SLOT] n=792 tx=21 ack=0 due=0 r=1
22:13:24  [AT] "AT+CIPSEND=22" (13)
22:13:24  [AT] " S,780,00,00,950,P1,31" (22)
22:13:24  [AT] "SEND OK" (7)
22:13:25  [TX] S,781,00,00,951,P1,31
22:13:25  [SLOT] n=793 tx=21 ack=0 due=0 r=1
22:13:25  [AT] "AT+CIPSEND=22" (13)
22:13:25  [AT] " S,781,00,00,951,P1,31" (22)
22:13:25  [AT] "SEND OK" (7)
22:13:26  [TX] S,782,00,00,952,P1,31
22:13:26  [SLOT] n=794 tx=21 ack=0 due=0 r=1
22:13:26  [AT] "AT+CIPSEND=22" (13)
22:13:26  [AT] " S,782,00,00,952,P1,31" (22)
22:13:26  [AT] "SEND OK" (7)
22:13:27  [TX] S,783,00,00,954,P1,36
22:13:27  [SLOT] n=795 tx=21 ack=0 due=0 r=1
22:13:27  [AT] "AT+CIPSEND=22" (13)
22:13:27  [AT] " S,783,00,00,954,P1,36" (22)
22:13:27  [AT] "SEND OK" (7)
22:13:28  [TX] S,784,00,00,955,P1,30
22:13:28  [SLOT] n=796 tx=21 ack=0 due=0 r=1
22:13:28  [AT] "AT+CIPSEND=22" (13)
22:13:28  [AT] " S,784,00,00,955,P1,30" (22)
22:13:28  [AT] "SEND OK" (7)
22:13:30  [TX] S,785,00,00,956,P1,32
22:13:30  [SLOT] n=797 tx=21 ack=0 due=0 r=1
22:13:30  [AT] "AT+CIPSEND=22" (13)
22:13:30  [AT] " S,785,00,00,956,P1,32" (22)
22:13:30  [AT] "SEND OK" (7)
22:13:31  [TX] S,786,00,00,957,P1,30
22:13:31  [SLOT] n=798 tx=21 ack=0 due=0 r=1
22:13:31  [AT] "AT+CIPSEND=22" (13)
22:13:31  [AT] " S,786,00,00,957,P1,30" (22)
22:13:31  [AT] "SEND OK" (7)
22:13:32  [TX] S,787,00,00,958,P1,3E
22:13:32  [SLOT] n=799 tx=21 ack=0 due=0 r=1
22:13:32  [AT] "AT+CIPSEND=22" (13)
22:13:32  [AT] " S,787,00,00,958,P1,3E" (22)
22:13:32  [AT] "SEND OK" (7)
22:13:33  [TX] S,788,00,00,960,P1,3A
22:13:33  [SLOT] n=800 tx=21 ack=0 due=0 r=1
22:13:33  [CNT] up=960 drop=0 esprst=0 hwrst=0/0 resync=0 sendfail=0 okto=0 stuck=0 ackq=0 ackdrop=0 ackstale=0 slot=800 oow=18 smiss=2 ssovf=0 cksumng=0 okstream=786 penddrop=0 pendfill=789 bigfill=3 bigdrop=0 bigokst=3 oklost=0 bigoklost=0 skip=1 online=1
22:13:33  [RAM] 최저 여유 585 B · 프롬프트 재동기 0회 (서버의 '버린줄' 과 맞아야 한다)
22:13:33  [AT] " S,788,00,00,960,P1,3A" (22)
22:13:33  [AT] "SEND OK" (7)
22:13:33  [AT] "AT+CIPSEND=22" (13)
22:13:34  «tap» 살아있음 — 최근 60초 rx=7702B (이 줄이 끊기면 탭이 죽은 것이다)
22:13:34  [TX] S,789,00,00,961,P1,3A
22:13:34  [SLOT] n=801 tx=21 ack=0 due=0 r=1
22:13:34  [AT] "AT+CIPSEND=22" (13)
22:13:34  [AT] " S,789,00,00,961,P1,3A" (22)
22:13:34  [AT] "SEND OK" (7)
22:13:36  [TX] S,790,00,00,962,P1,31
22:13:36  [SLOT] n=802 tx=21 ack=0 due=0 r=1
22:13:36  [AT] "AT+CIPSEND=22" (13)
22:13:36  [AT] " S,790,00,00,962,P1,31" (22)
22:13:36  [AT] "SEND OK" (7)
22:13:37  [TX] S,791,00,00,963,P1,31
22:13:37  [SLOT] n=803 tx=21 ack=0 due=0 r=1
22:13:37  [AT] "AT+CIPSEND=22" (13)
22:13:37  [AT] " S,791,00,00,963,P1,31" (22)
22:13:37  [AT] "SEND OK" (7)
22:13:38  [TX] S,792,00,00,964,P1,35
22:13:38  [SLOT] n=804 tx=21 ack=0 due=0 r=1
22:13:38  [AT] "AT+CIPSEND=22" (13)
22:13:38  [AT] " S,792,00,00,964,P1,35" (22)
22:13:38  [AT] "SEND OK" (7)
22:13:39  [TX] S,793,00,00,966,P1,36
22:13:39  [SLOT] n=805 tx=21 ack=0 due=0 r=1
22:13:39  [AT] "AT+CIPSEND=22" (13)
22:13:39  [AT] " S,793,00,00,966,P1,36" (22)
22:13:39  [AT] "SEND OK" (7)
22:13:40  [TX] S,794,00,00,967,P1,30
22:13:40  [SLOT] n=806 tx=21 ack=0 due=0 r=1
22:13:40  [AT] "AT+CIPSEND=22" (13)
22:13:40  [AT] " S,794,00,00,967,P1,30" (22)
22:13:40  [AT] "SEND OK" (7)
22:13:41  [TX] S,795,00,00,968,P1,3E
22:13:41  [SLOT] n=807 tx=21 ack=0 due=0 r=1
22:13:41  [AT] "AT+CIPSEND=22" (13)
22:13:42  [AT] " S,795,00,00,968,P1,3E" (22)
22:13:42  [AT] "SEND OK" (7)
22:13:43  [TX] S,796,00,00,969,P1,3C
22:13:43  [SLOT] n=808 tx=21 ack=0 due=0 r=1
22:13:43  [AT] "AT+CIPSEND=22" (13)
22:13:43  [AT] " S,796,00,00,969,P1,3C" (22)
22:13:43  [AT] "SEND OK" (7)
22:13:44  [TX] S,797,00,00,970,P1,35
22:13:44  [SLOT] n=809 tx=21 ack=0 due=0 r=1
22:13:44  [AT] "AT+CIPSEND=22" (13)
22:13:44  [AT] " S,797,00,00,970,P1,35" (22)
22:13:44  [AT] "SEND OK" (7)
22:13:45  [TX] S,798,00,00,972,P1,38
22:13:45  [SLOT] n=810 tx=21 ack=0 due=0 r=1
22:13:45  [AT] "AT+CIPSEND=22" (13)
22:13:45  [AT] " S,798,00,00,972,P1,38" (22)
22:13:45  [AT] "SEND OK" (7)
22:13:46  [TX] S,799,00,00,973,P1,38
22:13:46  [SLOT] n=811 tx=21 ack=0 due=0 r=1
22:13:46  [AT] "AT+CIPSEND=22" (13)
22:13:46  [AT] " S,799,00,00,973,P1,38" (22)
22:13:46  [AT] "SEND OK" (7)
22:13:47  [TX] S,800,00,00,974,P1,30
22:13:47  [SLOT] n=812 tx=21 ack=0 due=0 r=1
22:13:47  [AT] "AT+CIPSEND=22" (13)
22:13:47  [AT] " S,800,00,00,974,P1,30" (22)
22:13:47  [AT] "SEND OK" (7)
22:13:49  [TX] S,801,00,00,975,P1,30
22:13:49  [SLOT] n=813 tx=21 ack=0 due=0 r=1
22:13:49  [AT] "AT+CIPSEND=22" (13)
22:13:49  [AT] " S,801,00,00,975,P1,30" (22)
22:13:49  [AT] "SEND OK" (7)
22:13:50  [TX] S,802,00,00,976,P1,30
22:13:50  [SLOT] n=814 tx=21 ack=0 due=0 r=1
22:13:50  [AT] "AT+CIPSEND=22" (13)
22:13:50  [AT] " S,802,00,00,976,P1,30" (22)
22:13:50  [AT] "SEND OK" (7)
22:13:51  [TX] S,803,00,00,978,P1,3F
22:13:51  [SLOT] n=815 tx=21 ack=0 due=0 r=1
22:13:51  [AT] "AT+CIPSEND=22" (13)
22:13:51  [AT] " S,803,00,00,978,P1,3F" (22)
22:13:51  [AT] "SEND OK" (7)
22:13:52  [TX] S,804,00,00,979,P1,39
22:13:52  [SLOT] n=816 tx=21 ack=0 due=0 r=1
22:13:52  [AT] "AT+CIPSEND=22" (13)
22:13:52  [AT] " S,804,00,00,979,P1,39" (22)
22:13:52  [AT] "SEND OK" (7)
22:13:53  [TX] S,805,00,00,980,P1,3E
22:13:53  [SLOT] n=817 tx=21 ack=0 due=0 r=1
22:13:53  [AT] "AT+CIPSEND=22" (13)
22:13:53  [AT] " S,805,00,00,980,P1,3E" (22)
22:13:53  [AT] "SEND OK" (7)
22:13:55  [TX] S,806,00,00,981,P1,3C
22:13:55  [SLOT] n=818 tx=21 ack=0 due=0 r=1
22:13:55  [AT] "AT+CIPSEND=22" (13)
22:13:55  [AT] " S,806,00,00,981,P1,3C" (22)
22:13:55  [AT] "SEND OK" (7)
22:13:56  [TX] S,807,00,00,982,P1,3E
22:13:56  [SLOT] n=819 tx=21 ack=0 due=0 r=1
22:13:56  [AT] "AT+CIPSEND=22" (13)
22:13:56  [AT] " S,807,00,00,982,P1,3E" (22)
22:13:56  [AT] "SEND OK" (7)
22:13:57  [TX] S,808,00,00,984,P1,37
22:13:57  [SLOT] n=820 tx=21 ack=0 due=0 r=1
22:13:57  [AT] "AT+CIPSEND=22" (13)
22:13:57  [AT] " S,808,00,00,984,P1,37" (22)
22:13:57  [AT] "SEND OK" (7)
22:13:58  [TX] S,809,00,00,985,P1,37
22:13:58  [SLOT] n=821 tx=21 ack=0 due=0 r=1
22:13:58  [AT] "AT+CIPSEND=22" (13)
22:13:58  [AT] " S,809,00,00,985,P1,37" (22)
22:13:58  [AT] "SEND OK" (7)
22:13:59  [TX] S,810,00,00,986,P1,3C
22:13:59  [SLOT] n=822 tx=21 ack=0 due=0 r=1
22:13:59  [AT] "AT+CIPSEND=22" (13)
22:13:59  [AT] " S,810,00,00,986,P1,3C" (22)
22:13:59  [AT] "SEND OK" (7)
22:14:01  [TX] S,811,00,00,987,P1,3C
22:14:01  [SLOT] n=823 tx=21 ack=0 due=0 r=1
22:14:01  [AT] "AT+CIPSEND=22" (13)
22:14:01  [AT] " S,811,00,00,987,P1,3C" (22)
22:14:01  [AT] "SEND OK" (7)
22:14:02  [TX] S,812,00,00,988,P1,30
22:14:02  [SLOT] n=824 tx=21 ack=0 due=0 r=1
22:14:02  [AT] "AT+CIPSEND=22" (13)
22:14:02  [AT] " S,812,00,00,988,P1,30" (22)
22:14:02  [AT] "SEND OK" (7)
22:14:03  [TX] S,813,00,00,990,P1,38
22:14:03  [SLOT] n=825 tx=21 ack=0 due=0 r=1
22:14:03  [AT] "AT+CIPSEND=22" (13)
22:14:03  [AT] " S,813,00,00,990,P1,38" (22)
22:14:03  [AT] "SEND OK" (7)
22:14:04  [TX] S,814,00,00,991,P1,3E
22:14:04  [SLOT] n=826 tx=21 ack=0 due=0 r=1
22:14:04  [AT] "AT+CIPSEND=22" (13)
22:14:04  [AT] " S,814,00,00,991,P1,3E" (22)
22:14:04  [AT] "SEND OK" (7)
22:14:05  [TX] S,815,00,00,992,P1,3C
22:14:05  [SLOT] n=827 tx=21 ack=0 due=0 r=1
22:14:05  [AT] "AT+CIPSEND=22" (13)
22:14:05  [AT] " S,815,00,00,992,P1,3C" (22)
22:14:05  [AT] "SEND OK" (7)
22:14:07  [TX] S,816,00,00,993,P1,3E
22:14:07  [SLOT] n=828 tx=21 ack=0 due=0 r=1
22:14:07  [AT] "AT+CIPSEND=22" (13)
22:14:07  [AT] " S,816,00,00,993,P1,3E" (22)
22:14:07  [AT] "SEND OK" (7)
22:14:08  [TX] S,817,00,00,994,P1,38
22:14:08  [SLOT] n=829 tx=21 ack=0 due=0 r=1
22:14:08  [AT] "AT+CIPSEND=22" (13)
22:14:08  [AT] " S,817,00,00,994,P1,38" (22)
22:14:08  [AT] "SEND OK" (7)
22:14:09  [TX] S,818,00,00,996,P1,35
22:14:09  [SLOT] n=830 tx=21 ack=0 due=0 r=1
22:14:09  [AT] "AT+CIPSEND=22" (13)
22:14:09  [AT] " S,818,00,00,996,P1,35" (22)
22:14:09  [AT] "SEND OK" (7)
22:14:10  [TX] S,819,00,00,997,P1,35
22:14:10  [SLOT] n=831 tx=21 ack=0 due=0 r=1
22:14:10  [AT] "AT+CIPSEND=22" (13)
22:14:10  [AT] " S,819,00,00,997,P1,35" (22)
22:14:10  [AT] "SEND OK" (7)
22:14:11  [TX] S,820,00,00,998,P1,30
22:14:11  [SLOT] n=832 tx=21 ack=0 due=0 r=1
22:14:11  [AT] "AT+CIPSEND=22" (13)
22:14:11  [AT] " S,820,00,00,998,P1,30" (22)
22:14:11  [AT] "SEND OK" (7)
22:14:13  [TX] S,821,00,00,999,P1,30
22:14:13  [SLOT] n=833 tx=21 ack=0 due=0 r=1
22:14:13  [AT] "AT+CIPSEND=22" (13)
22:14:13  [AT] " S,821,00,00,999,P1,30" (22)
22:14:13  [AT] "SEND OK" (7)
22:14:14  [TX] S,822,00,00,1000,P1,0B
22:14:14  [SLOT] n=834 tx=22 ack=0 due=0 r=1
22:14:14  [AT] "AT+CIPSEND=23" (13)
22:14:14  [AT] " S,822,00,00,1000,P1,0B" (23)
22:14:14  [AT] "SEND OK" (7)
22:14:15  [TX] S,823,00,00,1002,P1,08
22:14:15  [SLOT] n=835 tx=22 ack=0 due=0 r=1
22:14:15  [AT] "AT+CIPSEND=23" (13)
22:14:15  [AT] " S,823,00,00,1002,P1,08" (23)
22:14:15  [AT] "SEND OK" (7)
22:14:16  [TX] S,824,00,00,1003,P1,0E
22:14:16  [SLOT] n=836 tx=22 ack=0 due=0 r=1
22:14:16  [AT] "AT+CIPSEND=23" (13)
22:14:16  [AT] " S,824,00,00,1003,P1,0E" (23)
22:14:16  [AT] "SEND OK" (7)
22:14:17  [TX] S,825,00,00,1004,P1,08
22:14:17  [SLOT] n=837 tx=22 ack=0 due=0 r=1
22:14:17  [AT] "AT+CIPSEND=23" (13)
22:14:17  [AT] " S,825,00,00,1004,P1,08" (23)
22:14:17  [AT] "SEND OK" (7)
22:14:19  [TX] S,826,00,00,1005,P1,0A
22:14:19  [SLOT] n=838 tx=22 ack=0 due=0 r=1
22:14:19  [AT] "AT+CIPSEND=23" (13)
22:14:19  [AT] " S,826,00,00,1005,P1,0A" (23)
22:14:19  [AT] "SEND OK" (7)
22:14:20  [TX] S,827,00,00,1006,P1,08
22:14:20  [SLOT] n=839 tx=22 ack=0 due=0 r=1
22:14:20  [AT] "AT+CIPSEND=23" (13)
22:14:20  [AT] " S,827,00,00,1006,P1,08" (23)
22:14:20  [AT] "SEND OK" (7)
22:14:21  [TX] S,828,00,00,1008,P1,09
22:14:21  [SLOT] n=840 tx=22 ack=0 due=0 r=1
22:14:21  [AT] "AT+CIPSEND=23" (13)
22:14:21  [AT] " S,828,00,00,1008,P1,09" (23)
22:14:21  [AT] "SEND OK" (7)
22:14:22  [TX] S,829,00,00,1009,P1,09
22:14:22  [SLOT] n=841 tx=22 ack=0 due=0 r=1
22:14:22  [AT] "AT+CIPSEND=23" (13)
22:14:22  [AT] " S,829,00,00,1009,P1,09" (23)
22:14:22  [AT] "SEND OK" (7)
22:14:23  [TX] S,830,00,00,1010,P1,09
22:14:23  [SLOT] n=842 tx=22 ack=0 due=0 r=1
22:14:23  [AT] "AT+CIPSEND=23" (13)
22:14:23  [AT] " S,830,00,00,1010,P1,09" (23)
22:14:23  [AT] "SEND OK" (7)
22:14:24  [TX] S,831,00,00,1011,P1,09
22:14:24  [SLOT] n=843 tx=22 ack=0 due=0 r=1
22:14:24  [AT] "AT+CIPSEND=23" (13)
22:14:25  [AT] " S,831,00,00,1011,P1,09" (23)
22:14:25  [AT] "SEND OK" (7)
22:14:26  [TX] S,832,00,00,1012,P1,09
22:14:26  [SLOT] n=844 tx=22 ack=0 due=0 r=1
22:14:26  [AT] "AT+CIPSEND=23" (13)
22:14:26  [AT] " S,832,00,00,1012,P1,09" (23)
22:14:26  [AT] "SEND OK" (7)
22:14:27  [TX] S,833,00,00,1014,P1,0E
22:14:27  [SLOT] n=845 tx=22 ack=0 due=0 r=1
22:14:27  [AT] "AT+CIPSEND=23" (13)
22:14:27  [AT] " S,833,00,00,1014,P1,0E" (23)
22:14:27  [AT] "SEND OK" (7)
22:14:28  [TX] S,834,00,00,1015,P1,08
22:14:28  [SLOT] n=846 tx=22 ack=0 due=0 r=1
22:14:28  [AT] "AT+CIPSEND=23" (13)
22:14:28  [AT] " S,834,00,00,1015,P1,08" (23)
22:14:28  [AT] "SEND OK" (7)
22:14:30  [TX] S,835,00,00,1016,P1,0A
22:14:30  [SLOT] n=847 tx=22 ack=0 due=0 r=1
22:14:30  [AT] "AT+CIPSEND=23" (13)
22:14:30  [AT] " S,835,00,00,1016,P1,0A" (23)
22:14:30  [AT] "SEND OK" (7)
22:14:31  [TX] S,836,00,00,1017,P1,08
22:14:31  [SLOT] n=848 tx=22 ack=0 due=0 r=1
22:14:31  [AT] "AT+CIPSEND=23" (13)
22:14:31  [AT] " S,836,00,00,1017,P1,08" (23)
22:14:32  [AT] "SEND OK" (7)
22:14:33  [TX] S,837,00,00,1018,P1,06
22:14:33  [SLOT] n=849 tx=22 ack=0 due=0 r=1
22:14:33  [AT] "AT+CIPSEND=23" (13)
22:14:33  [AT] " S,837,00,00,1018,P1,06" (23)
22:14:33  [AT] "SEND OK" (7)
22:14:34  [TX] S,838,00,00,1020,P1,02
22:14:34  [SLOT] n=850 tx=22 ack=0 due=0 r=1
22:14:34  [CNT] up=1020 drop=0 esprst=0 hwrst=0/0 resync=0 sendfail=0 okto=0 stuck=0 ackq=0 ackdrop=0 ackstale=0 slot=850 oow=18 smiss=2 ssovf=0 cksumng=0 okstream=836 penddrop=0 pendfill=839 bigfill=3 bigdrop=0 bigokst=3 oklost=0 bigoklost=0 skip=1 online=1
22:14:34  [RAM] 최저 여유 585 B · 프롬프트 재동기 0회 (서버의 '버린줄' 과 맞아야 한다)
22:14:34  [AT] " S,838,00,00,1020,P1,02" (23)
22:14:34  [AT] "SEND OK" (7)
22:14:34  [AT] "AT+CIPSEND=23" (13)
22:14:35  «tap» 살아있음 — 최근 60초 rx=7737B (이 줄이 끊기면 탭이 죽은 것이다)
22:14:35  [TX] S,839,00,00,1021,P1,02
22:14:35  [SLOT] n=851 tx=22 ack=0 due=0 r=1
22:14:35  [AT] "AT+CIPSEND=23" (13)
22:14:35  [AT] " S,839,00,00,1021,P1,02" (23)
22:14:35  [AT] "SEND OK" (7)
22:14:36  [TX] S,840,00,00,1022,P1,0F
22:14:36  [SLOT] n=852 tx=22 ack=0 due=0 r=1
22:14:36  [AT] "AT+CIPSEND=23" (13)
22:14:36  [AT] " S,840,00,00,1022,P1,0F" (23)
22:14:36  [AT] "SEND OK" (7)
22:14:37  [TX] S,841,00,00,1023,P1,0F
22:14:37  [SLOT] n=853 tx=22 ack=0 due=0 r=1
22:14:37  [AT] "AT+CIPSEND=23" (13)
22:14:37  [AT] " S,841,00,00,1023,P1,0F" (23)
22:14:37  [AT] "SEND OK" (7)
22:14:39  [TX] S,842,00,00,1024,P1,0B
22:14:39  [SLOT] n=854 tx=22 ack=0 due=0 r=1
22:14:39  [AT] "AT+CIPSEND=23" (13)
22:14:39  [AT] " S,842,00,00,1024,P1,0B" (23)
22:14:39  [AT] "SEND OK" (7)
22:14:40  [TX] S,843,00,00,1026,P1,08
22:14:40  [SLOT] n=855 tx=22 ack=0 due=0 r=1
22:14:40  [AT] "AT+CIPSEND=23" (13)
22:14:40  [AT] " S,843,00,00,1026,P1,08" (23)
22:14:40  [AT] "SEND OK" (7)
22:14:41  [TX] S,844,00,00,1027,P1,0E
22:14:41  [SLOT] n=856 tx=22 ack=0 due=0 r=1
22:14:41  [AT] "AT+CIPSEND=23" (13)
22:14:41  [AT] " S,844,00,00,1027,P1,0E" (23)
22:14:41  [AT] "SEND OK" (7)
22:14:42  [TX] S,845,00,00,1028,P1,00
22:14:42  [SLOT] n=857 tx=22 ack=0 due=0 r=1
22:14:42  [AT] "AT+CIPSEND=23" (13)
22:14:42  [AT] " S,845,00,00,1028,P1,00" (23)
22:14:42  [AT] "SEND OK" (7)
22:14:43  [TX] S,846,00,00,1029,P1,02
22:14:43  [SLOT] n=858 tx=22 ack=0 due=0 r=1
22:14:43  [AT] "AT+CIPSEND=23" (13)
22:14:43  [AT] " S,846,00,00,1029,P1,02" (23)
22:14:43  [AT] "SEND OK" (7)
22:14:45  [TX] S,847,00,00,1030,P1,0B
22:14:45  [SLOT] n=859 tx=22 ack=0 due=0 r=1
22:14:45  [AT] "AT+CIPSEND=23" (13)
22:14:45  [AT] " S,847,00,00,1030,P1,0B" (23)
22:14:45  [AT] "SEND OK" (7)
22:14:46  [TX] S,848,00,00,1032,P1,06
22:14:46  [SLOT] n=860 tx=22 ack=0 due=0 r=1
22:14:46  [AT] "AT+CIPSEND=23" (13)
22:14:46  [AT] " S,848,00,00,1032,P1,06" (23)
22:14:46  [AT] "SEND OK" (7)
22:14:47  [TX] S,849,00,00,1033,P1,06
22:14:47  [SLOT] n=861 tx=22 ack=0 due=0 r=1
22:14:47  [AT] "AT+CIPSEND=23" (13)
22:14:47  [AT] " S,849,00,00,1033,P1,06" (23)
22:14:47  [AT] "SEND OK" (7)
22:14:48  [TX] S,850,00,00,1034,P1,09
22:14:48  [SLOT] n=862 tx=22 ack=0 due=0 r=1
22:14:48  [AT] "AT+CIPSEND=23" (13)
22:14:49  [AT] " S,850,00,00,1034,P1,09" (23)
22:14:49  [AT] "SEND OK" (7)
22:14:49  [TX] S,851,00,00,1035,P1,09
22:14:49  [SLOT] n=863 tx=22 ack=0 due=0 r=1
22:14:49  [AT] "AT+CIPSEND=23" (13)
22:14:49  [AT] " S,851,00,00,1035,P1,09" (23)
22:14:49  [AT] "SEND OK" (7)
22:14:51  [TX] S,852,00,00,1036,P1,09
22:14:51  [SLOT] n=864 tx=22 ack=0 due=0 r=1
22:14:51  [AT] "AT+CIPSEND=23" (13)
22:14:51  [AT] " S,852,00,00,1036,P1,09" (23)
22:14:51  [AT] "SEND OK" (7)
22:14:52  [TX] S,853,00,00,1038,P1,06
22:14:52  [SLOT] n=865 tx=22 ack=0 due=0 r=1
22:14:52  [AT] "AT+CIPSEND=23" (13)
22:14:52  [AT] " S,853,00,00,1038,P1,06" (23)
22:14:52  [AT] "SEND OK" (7)
22:14:53  [TX] S,854,00,00,1039,P1,00
22:14:53  [SLOT] n=866 tx=22 ack=0 due=0 r=1
22:14:53  [AT] "AT+CIPSEND=23" (13)
22:14:53  [AT] " S,854,00,00,1039,P1,00" (23)
22:14:53  [AT] "SEND OK" (7)
22:14:54  [TX] S,855,00,00,1040,P1,0F
22:14:54  [SLOT] n=867 tx=22 ack=0 due=0 r=1
22:14:54  [AT] "AT+CIPSEND=23" (13)
22:14:55  [TX-WAIT] 앞 전송의 SEND OK 를 아직 못 봤다 — 이번 주기는 건너뛴다
22:14:55  [SLOT] n=868 tx=22 ack=0 due=0 r=0
22:14:56  [AT] " S,855,00,00,1040,P1,0F" (23)
22:14:56  [AT] "SEND OK" (7)
22:14:57  [TX] S,856,00,00,1042,P1,0E
22:14:57  [SLOT] n=869 tx=22 ack=0 due=0 r=1
22:14:57  [AT] "AT+CIPSEND=23" (13)
22:14:57  [AT] " S,856,00,00,1042,P1,0E" (23)
22:14:57  [AT] "SEND OK" (7)
22:14:58  [TX] S,857,00,00,1044,P1,09
22:14:58  [SLOT] n=870 tx=22 ack=0 due=0 r=1
22:14:58  [AT] "AT+CIPSEND=23" (13)
22:14:58  [AT] " S,857,00,00,1044,P1,09" (23)
22:14:58  [AT] "SEND OK" (7)
22:14:59  [TX] S,858,00,00,1045,P1,07
22:14:59  [SLOT] n=871 tx=22 ack=0 due=0 r=1
22:14:59  [AT] "AT+CIPSEND=23" (13)
22:14:59  [AT] " S,858,00,00,1045,P1,07" (23)
22:14:59  [AT] "SEND OK" (7)
22:15:00  [TX] S,859,00,00,1046,P1,05
22:15:00  [SLOT] n=872 tx=22 ack=0 due=0 r=1
22:15:00  [AT] "AT+CIPSEND=23" (13)
22:15:00  [AT] " S,859,00,00,1046,P1,05" (23)
22:15:00  [AT] "SEND OK" (7)
22:15:01  [TX] S,860,00,00,1047,P1,0E
22:15:01  [SLOT] n=873 tx=22 ack=0 due=0 r=1
22:15:01  [AT] "AT+CIPSEND=23" (13)
22:15:01  [AT] " S,860,00,00,1047,P1,0E" (23)
22:15:01  [AT] "SEND OK" (7)
22:15:03  [TX] S,861,00,00,1048,P1,00
22:15:03  [SLOT] n=874 tx=22 ack=0 due=0 r=1
22:15:03  [AT] "AT+CIPSEND=23" (13)
22:15:03  [AT] " S,861,00,00,1048,P1,00" (23)
22:15:03  [AT] "SEND OK" (7)
22:15:04  [TX] S,862,00,00,1050,P1,0A
22:15:04  [SLOT] n=875 tx=22 ack=0 due=0 r=1
22:15:04  [AT] "AT+CIPSEND=23" (13)
22:15:04  [AT] " S,862,00,00,1050,P1,0A" (23)
22:15:04  [AT] "SEND OK" (7)
22:15:05  [TX] S,863,00,00,1051,P1,0A
22:15:05  [SLOT] n=876 tx=22 ack=0 due=0 r=1
22:15:05  [AT] "AT+CIPSEND=23" (13)
22:15:05  [AT] " S,863,00,00,1051,P1,0A" (23)
22:15:05  [AT] "SEND OK" (7)
22:15:06  [TX] S,864,00,00,1052,P1,0E
22:15:06  [SLOT] n=877 tx=22 ack=0 due=0 r=1
22:15:06  [AT] "AT+CIPSEND=23" (13)
22:15:06  [AT] " S,864,00,00,1052,P1,0E" (23)
22:15:06  [AT] "SEND OK" (7)
22:15:07  [TX] S,865,00,00,1053,P1,0E
22:15:07  [SLOT] n=878 tx=22 ack=0 due=0 r=1
22:15:07  [AT] "AT+CIPSEND=23" (13)
22:15:07  [AT] " S,865,00,00,1053,P1,0E" (23)
22:15:07  [AT] "SEND OK" (7)
22:15:09  [TX] S,866,00,00,1054,P1,0A
22:15:09  [SLOT] n=879 tx=22 ack=0 due=0 r=1
22:15:09  [AT] "AT+CIPSEND=23" (13)
22:15:09  [AT] " S,866,00,00,1054,P1,0A" (23)
22:15:09  [AT] "SEND OK" (7)
22:15:10  [TX] S,867,00,00,1056,P1,09
22:15:10  [SLOT] n=880 tx=22 ack=0 due=0 r=1
22:15:10  [AT] "AT+CIPSEND=23" (13)
22:15:10  [AT] " S,867,00,00,1056,P1,09" (23)
22:15:10  [AT] "SEND OK" (7)
22:15:11  [TX] S,868,00,00,1057,P1,07
22:15:11  [SLOT] n=881 tx=22 ack=0 due=0 r=1
22:15:11  [AT] "AT+CIPSEND=23" (13)
22:15:11  [AT] " S,868,00,00,1057,P1,07" (23)
22:15:11  [AT] "SEND OK" (7)
22:15:12  [TX] S,869,00,00,1058,P1,09
22:15:12  [SLOT] n=882 tx=22 ack=0 due=0 r=1
22:15:12  [AT] "AT+CIPSEND=23" (13)
22:15:12  [AT] " S,869,00,00,1058,P1,09" (23)
22:15:12  [AT] "SEND OK" (7)
22:15:13  [TX] S,870,00,00,1059,P1,00
22:15:13  [SLOT] n=883 tx=22 ack=0 due=0 r=1
22:15:13  [AT] "AT+CIPSEND=23" (13)
22:15:13  [AT] " S,870,00,00,1059,P1,00" (23)
22:15:13  [AT] "SEND OK" (7)
22:15:14  [TX] S,871,00,00,1060,P1,0B
22:15:14  [SLOT] n=884 tx=22 ack=0 due=0 r=1
22:15:14  [AT] "AT+CIPSEND=23" (13)
22:15:15  [AT] " S,871,00,00,1060,P1,0B" (23)
22:15:15  [AT] "SEND OK" (7)
22:15:16  [TX] S,872,00,00,1062,P1,0A
22:15:16  [SLOT] n=885 tx=22 ack=0 due=0 r=1
22:15:16  [AT] "AT+CIPSEND=23" (13)
22:15:16  [AT] " S,872,00,00,1062,P1,0A" (23)
22:15:16  [AT] "SEND OK" (7)
22:15:17  [TX] S,873,00,00,1063,P1,0A
22:15:17  [SLOT] n=886 tx=22 ack=0 due=0 r=1
22:15:17  [AT] "AT+CIPSEND=23" (13)
22:15:17  [AT] " S,873,00,00,1063,P1,0A" (23)
22:15:17  [AT] "SEND OK" (7)
22:15:18  [TX] S,874,00,00,1064,P1,0A
22:15:18  [SLOT] n=887 tx=22 ack=0 due=0 r=1
22:15:18  [AT] "AT+CIPSEND=23" (13)
22:15:18  [AT] " S,874,00,00,1064,P1,0A" (23)
22:15:18  [AT] "SEND OK" (7)
22:15:19  [TX] S,875,00,00,1065,P1,0A
22:15:19  [SLOT] n=888 tx=22 ack=0 due=0 r=1
22:15:19  [AT] "AT+CIPSEND=23" (13)
22:15:19  [AT] " S,875,00,00,1065,P1,0A" (23)
22:15:19  [AT] "SEND OK" (7)
22:15:20  [TX] S,876,00,00,1066,P1,0A
22:15:20  [SLOT] n=889 tx=22 ack=0 due=0 r=1
22:15:20  [AT] "AT+CIPSEND=23" (13)
22:15:20  [AT] " S,876,00,00,1066,P1,0A" (23)
22:15:20  [AT] "SEND OK" (7)
22:15:22  [TX] S,877,00,00,1068,P1,05
22:15:22  [SLOT] n=890 tx=22 ack=0 due=0 r=1
22:15:22  [AT] "AT+CIPSEND=23" (13)
22:15:22  [AT] " S,877,00,00,1068,P1,05" (23)
22:15:22  [AT] "SEND OK" (7)
22:15:23  [TX] S,878,00,00,1069,P1,0B
22:15:23  [SLOT] n=891 tx=22 ack=0 due=0 r=1
22:15:23  [AT] "AT+CIPSEND=23" (13)
22:15:23  [AT] " S,878,00,00,1069,P1,0B" (23)
22:15:23  [AT] "SEND OK" (7)
22:15:24  [TX] S,879,00,00,1070,P1,02
22:15:24  [SLOT] n=892 tx=22 ack=0 due=0 r=1
22:15:24  [AT] "AT+CIPSEND=23" (13)
22:15:24  [AT] " S,879,00,00,1070,P1,02" (23)
22:15:24  [AT] "SEND OK" (7)
22:15:25  [TX] S,880,00,00,1071,P1,05
22:15:25  [SLOT] n=893 tx=22 ack=0 due=0 r=1
22:15:25  [AT] "AT+CIPSEND=23" (13)
22:15:25  [AT] " S,880,00,00,1071,P1,05" (23)
22:15:25  [AT] "SEND OK" (7)
22:15:26  [TX] S,881,00,00,1072,P1,07
22:15:26  [SLOT] n=894 tx=22 ack=0 due=0 r=1
22:15:26  [AT] "AT+CIPSEND=23" (13)
22:15:27  [AT] " S,881,00,00,1072,P1,07" (23)
22:15:27  [AT] "SEND OK" (7)
22:15:28  [TX] S,882,00,00,1074,P1,02
22:15:28  [SLOT] n=895 tx=22 ack=0 due=0 r=1
22:15:28  [AT] "AT+CIPSEND=23" (13)
22:15:28  [AT] " S,882,00,00,1074,P1,02" (23)
22:15:28  [AT] "SEND OK" (7)
22:15:29  [TX] S,883,00,00,1075,P1,02
22:15:29  [SLOT] n=896 tx=22 ack=0 due=0 r=1
22:15:29  [AT] "AT+CIPSEND=23" (13)
22:15:29  [AT] " S,883,00,00,1075,P1,02" (23)
22:15:29  [AT] "SEND OK" (7)
22:15:30  [TX] S,884,00,00,1076,P1,06
22:15:30  [SLOT] n=897 tx=22 ack=0 due=0 r=1
22:15:30  [AT] "AT+CIPSEND=23" (13)
22:15:30  [AT] " S,884,00,00,1076,P1,06" (23)
22:15:30  [AT] "SEND OK" (7)
22:15:31  [TX] S,885,00,00,1077,P1,06
22:15:31  [SLOT] n=898 tx=22 ack=0 due=0 r=1
22:15:31  [AT] "AT+CIPSEND=23" (13)
22:15:32  [AT] " S,885,00,00,1077,P1,06" (23)
22:15:32  [AT] "SEND OK" (7)
22:15:32  [TX] S,886,00,00,1078,P1,0A
22:15:32  [SLOT] n=899 tx=22 ack=0 due=0 r=1
22:15:32  [AT] "AT+CIPSEND=23" (13)
22:15:33  [AT] " S,886,00,00,1078,P1,0A" (23)
22:15:33  [AT] "SEND OK" (7)
22:15:34  [TX] S,887,00,00,1080,P1,0C
22:15:34  [SLOT] n=900 tx=22 ack=0 due=0 r=1
22:15:34  [CNT] up=1080 drop=0 esprst=0 hwrst=0/0 resync=0 sendfail=0 okto=0 stuck=0 ackq=0 ackdrop=0 ackstale=0 slot=900 oow=18 smiss=2 ssovf=0 cksumng=0 okstream=885 penddrop=0 pendfill=888 bigfill=3 bigdrop=0 bigokst=3 oklost=0 bigoklost=0 skip=2 online=1
22:15:34  [RAM] 최저 여유 585 B · 프롬프트 재동기 0회 (서버의 '버린줄' 과 맞아야 한다)
22:15:34  [AT] " S,887,00,00,1080,P1,0C" (23)
22:15:34  [AT] "SEND OK" (7)
22:15:34  [AT] "AT+CIPSEND=23" (13)
22:15:35  «tap» 살아있음 — 최근 60초 rx=7779B (이 줄이 끊기면 탭이 죽은 것이다)
22:15:35  [TX] S,888,00,00,1081,P1,02
22:15:35  [SLOT] n=901 tx=22 ack=0 due=0 r=1
22:15:35  [AT] "AT+CIPSEND=23" (13)
22:15:35  [AT] " S,888,00,00,1081,P1,02" (23)
22:15:35  [AT] "SEND OK" (7)
22:15:36  [TX] S,889,00,00,1082,P1,00
22:15:36  [SLOT] n=902 tx=22 ack=0 due=0 r=1
22:15:36  [AT] "AT+CIPSEND=23" (13)
22:15:36  [AT] " S,889,00,00,1082,P1,00" (23)
22:15:36  [AT] "SEND OK" (7)
22:15:37  [TX] S,890,00,00,1083,P1,09
22:15:37  [SLOT] n=903 tx=22 ack=0 due=0 r=1
22:15:37  [AT] "AT+CIPSEND=23" (13)
22:15:37  [AT] " S,890,00,00,1083,P1,09" (23)
22:15:37  [AT] "SEND OK" (7)
22:15:38  [TX] S,891,00,00,1084,P1,0F
22:15:38  [SLOT] n=904 tx=22 ack=0 due=0 r=1
22:15:38  [AT] "AT+CIPSEND=23" (13)
22:15:38  [AT] " S,891,00,00,1084,P1,0F" (23)
22:15:38  [AT] "SEND OK" (7)
22:15:40  [TX] S,892,00,00,1086,P1,0E
22:15:40  [SLOT] n=905 tx=22 ack=0 due=0 r=1
22:15:40  [AT] "AT+CIPSEND=23" (13)
22:15:40  [AT] " S,892,00,00,1086,P1,0E" (23)
22:15:40  [AT] "SEND OK" (7)
22:15:41  [TX] S,893,00,00,1087,P1,0E
22:15:41  [SLOT] n=906 tx=22 ack=0 due=0 r=1
22:15:41  [AT] "AT+CIPSEND=23" (13)
22:15:41  [AT] " S,893,00,00,1087,P1,0E" (23)
22:15:41  [AT] "SEND OK" (7)
22:15:42  [TX] S,894,00,00,1088,P1,06
22:15:42  [SLOT] n=907 tx=22 ack=0 due=0 r=1
22:15:42  [AT] "AT+CIPSEND=23" (13)
22:15:42  [AT] " S,894,00,00,1088,P1,06" (23)
22:15:42  [AT] "SEND OK" (7)
22:15:43  [TX] S,895,00,00,1089,P1,06
22:15:43  [SLOT] n=908 tx=22 ack=0 due=0 r=1
22:15:43  [AT] "AT+CIPSEND=23" (13)
22:15:43  [AT] " S,895,00,00,1089,P1,06" (23)
22:15:43  [AT] "SEND OK" (7)
22:15:44  [TX] S,896,00,00,1090,P1,0D
22:15:44  [SLOT] n=909 tx=22 ack=0 due=0 r=1
22:15:44  [AT] "AT+CIPSEND=23" (13)
22:15:44  [AT] " S,896,00,00,1090,P1,0D" (23)
22:15:44  [AT] "SEND OK" (7)
22:15:46  [TX] S,897,00,00,1092,P1,0E
22:15:46  [SLOT] n=910 tx=22 ack=0 due=0 r=1
22:15:46  [AT] "AT+CIPSEND=23" (13)
22:15:46  [AT] " S,897,00,00,1092,P1,0E" (23)
22:15:46  [AT] "SEND OK" (7)
22:15:47  [TX] S,898,00,00,1093,P1,00
22:15:47  [SLOT] n=911 tx=22 ack=0 due=0 r=1
22:15:47  [AT] "AT+CIPSEND=23" (13)
22:15:47  [AT] " S,898,00,00,1093,P1,00" (23)
22:15:47  [AT] "SEND OK" (7)
22:15:48  [TX] S,899,00,00,1094,P1,06
22:15:48  [SLOT] n=912 tx=22 ack=0 due=0 r=1
22:15:48  [AT] "AT+CIPSEND=23" (13)
22:15:48  [AT] " S,899,00,00,1094,P1,06" (23)
22:15:48  [AT] "SEND OK" (7)
22:15:49  [TX] S,900,00,00,1095,P1,06
22:15:49  [SLOT] n=913 tx=22 ack=0 due=0 r=1
22:15:49  [AT] "AT+CIPSEND=23" (13)
22:15:49  [AT] " S,900,00,00,1095,P1,06" (23)
22:15:49  [AT] "SEND OK" (7)
22:15:50  [TX] S,901,00,00,1096,P1,04
22:15:50  [SLOT] n=914 tx=22 ack=0 due=0 r=1
22:15:50  [AT] "AT+CIPSEND=23" (13)
22:15:50  [AT] " S,901,00,00,1096,P1,04" (23)
22:15:50  [AT] "SEND OK" (7)
22:15:52  [TX] S,902,00,00,1098,P1,09
22:15:52  [SLOT] n=915 tx=22 ack=0 due=0 r=1
22:15:52  [AT] "AT+CIPSEND=23" (13)
22:15:52  [AT] " S,902,00,00,1098,P1,09" (23)
22:15:52  [AT] "SEND OK" (7)
22:15:53  [TX] S,903,00,00,1099,P1,09
22:15:53  [SLOT] n=916 tx=22 ack=0 due=0 r=1
22:15:53  [AT] "AT+CIPSEND=23" (13)
22:15:53  [AT] " S,903,00,00,1099,P1,09" (23)
22:15:53  [AT] "SEND OK" (7)
22:15:54  [TX] S,904,00,00,1100,P1,0F
22:15:54  [SLOT] n=917 tx=22 ack=0 due=0 r=1
22:15:54  [AT] "AT+CIPSEND=23" (13)
22:15:54  [AT] " S,904,00,00,1100,P1,0F" (23)
22:15:54  [AT] "SEND OK" (7)
22:15:55  [TX] S,905,00,00,1101,P1,0F
22:15:55  [SLOT] n=918 tx=22 ack=0 due=0 r=1
22:15:55  [AT] "AT+CIPSEND=23" (13)
22:15:55  [AT] " S,905,00,00,1101,P1,0F" (23)
22:15:55  [AT] "SEND OK" (7)
22:15:56  [TX] S,906,00,00,1102,P1,0F
22:15:56  [SLOT] n=919 tx=22 ack=0 due=0 r=1
22:15:56  [AT] "AT+CIPSEND=23" (13)
22:15:56  [AT] " S,906,00,00,1102,P1,0F" (23)
22:15:56  [AT] "SEND OK" (7)
22:15:58  [TX] S,907,00,00,1104,P1,08
22:15:58  [SLOT] n=920 tx=22 ack=0 due=0 r=1
22:15:58  [AT] "AT+CIPSEND=23" (13)
22:15:58  [AT] " S,907,00,00,1104,P1,08" (23)
22:15:58  [AT] "SEND OK" (7)
22:15:59  [TX] S,908,00,00,1105,P1,06
22:15:59  [SLOT] n=921 tx=22 ack=0 due=0 r=1
22:15:59  [AT] "AT+CIPSEND=23" (13)
22:15:59  [AT] " S,908,00,00,1105,P1,06" (23)
22:15:59  [AT] "SEND OK" (7)
22:16:00  [TX] S,909,00,00,1106,P1,04
22:16:00  [SLOT] n=922 tx=22 ack=0 due=0 r=1
22:16:00  [AT] "AT+CIPSEND=23" (13)
22:16:00  [AT] " S,909,00,00,1106,P1,04" (23)
22:16:00  [AT] "SEND OK" (7)
22:16:01  [TX] S,910,00,00,1107,P1,0D
22:16:01  [SLOT] n=923 tx=22 ack=0 due=0 r=1
22:16:01  [AT] "AT+CIPSEND=23" (13)
22:16:01  [AT] " S,910,00,00,1107,P1,0D" (23)
22:16:01  [AT] "SEND OK" (7)
22:16:02  [TX] S,911,00,00,1108,P1,03
22:16:02  [SLOT] n=924 tx=22 ack=0 due=0 r=1
22:16:02  [AT] "AT+CIPSEND=23" (13)
22:16:02  [AT] " S,911,00,00,1108,P1,03" (23)
22:16:02  [AT] "SEND OK" (7)
22:16:03  [TX] S,912,00,00,1110,P1,09
22:16:03  [SLOT] n=925 tx=22 ack=0 due=0 r=1
22:16:03  [AT] "AT+CIPSEND=23" (13)
22:16:03  [AT] " S,912,00,00,1110,P1,09" (23)
22:16:03  [AT] "SEND OK" (7)
22:16:05  [TX] S,913,00,00,1111,P1,09
22:16:05  [SLOT] n=926 tx=22 ack=0 due=0 r=1
22:16:05  [AT] "AT+CIPSEND=23" (13)
22:16:05  [AT] " S,913,00,00,1111,P1,09" (23)
22:16:05  [AT] "SEND OK" (7)
22:16:06  [TX] S,914,00,00,1112,P1,0D
22:16:06  [SLOT] n=927 tx=22 ack=0 due=0 r=1
22:16:06  [AT] "AT+CIPSEND=23" (13)
22:16:06  [AT] " S,914,00,00,1112,P1,0D" (23)
22:16:06  [AT] "SEND OK" (7)
22:16:07  [TX] S,915,00,00,1113,P1,0D
22:16:07  [SLOT] n=928 tx=22 ack=0 due=0 r=1
22:16:07  [AT] "AT+CIPSEND=23" (13)
22:16:07  [AT] " S,915,00,00,1113,P1,0D" (23)
22:16:07  [AT] "SEND OK" (7)
22:16:08  [TX] S,916,00,00,1114,P1,09
22:16:08  [SLOT] n=929 tx=22 ack=0 due=0 r=1
22:16:08  [AT] "AT+CIPSEND=23" (13)
22:16:08  [AT] " S,916,00,00,1114,P1,09" (23)
22:16:08  [AT] "SEND OK" (7)
22:16:09  [TX] S,917,00,00,1116,P1,0A
22:16:09  [SLOT] n=930 tx=22 ack=0 due=0 r=1
22:16:09  [AT] "AT+CIPSEND=23" (13)
22:16:09  [AT] " S,917,00,00,1116,P1,0A" (23)
22:16:09  [AT] "SEND OK" (7)
22:16:11  [TX] S,918,00,00,1117,P1,04
22:16:11  [SLOT] n=931 tx=22 ack=0 due=0 r=1
22:16:11  [AT] "AT+CIPSEND=23" (13)
22:16:11  [AT] " S,918,00,00,1117,P1,04" (23)
22:16:11  [AT] "SEND OK" (7)
22:16:12  [TX] S,919,00,00,1118,P1,0A
22:16:12  [SLOT] n=932 tx=22 ack=0 due=0 r=1
22:16:12  [AT] "AT+CIPSEND=23" (13)
22:16:12  [AT] " S,919,00,00,1118,P1,0A" (23)
22:16:12  [AT] "SEND OK" (7)
22:16:13  [TX] S,920,00,00,1119,P1,01
22:16:13  [SLOT] n=933 tx=22 ack=0 due=0 r=1
22:16:13  [AT] "AT+CIPSEND=23" (13)
22:16:13  [AT] " S,920,00,00,1119,P1,01" (23)
22:16:13  [AT] "SEND OK" (7)
22:16:14  [TX] S,921,00,00,1120,P1,0A
22:16:14  [SLOT] n=934 tx=22 ack=0 due=0 r=1
22:16:14  [AT] "AT+CIPSEND=23" (13)
22:16:14  [AT] " S,921,00,00,1120,P1,0A" (23)
22:16:14  [AT] "SEND OK" (7)
22:16:15  [TX] S,922,00,00,1122,P1,0B
22:16:15  [SLOT] n=935 tx=22 ack=0 due=0 r=1
22:16:15  [AT] "AT+CIPSEND=23" (13)
22:16:16  [AT] " S,922,00,00,1122,P1,0B" (23)
22:16:16  [AT] "SEND OK" (7)
22:16:17  [TX] S,923,00,00,1123,P1,0B
22:16:17  [SLOT] n=936 tx=22 ack=0 due=0 r=1
22:16:17  [AT] "AT+CIPSEND=23" (13)
22:16:17  [AT] " S,923,00,00,1123,P1,0B" (23)
22:16:17  [AT] "SEND OK" (7)
22:16:18  [TX] S,924,00,00,1124,P1,0B
22:16:18  [SLOT] n=937 tx=22 ack=0 due=0 r=1
22:16:18  [AT] "AT+CIPSEND=23" (13)
22:16:18  [AT] " S,924,00,00,1124,P1,0B" (23)
22:16:18  [AT] "SEND OK" (7)
22:16:19  [TX] S,925,00,00,1125,P1,0B
22:16:19  [SLOT] n=938 tx=22 ack=0 due=0 r=1
22:16:19  [AT] "AT+CIPSEND=23" (13)
22:16:19  [AT] " S,925,00,00,1125,P1,0B" (23)
22:16:19  [AT] "SEND OK" (7)
22:16:20  [TX] S,926,00,00,1126,P1,0B
22:16:20  [SLOT] n=939 tx=22 ack=0 due=0 r=1
22:16:20  [AT] "AT+CIPSEND=23" (13)
22:16:20  [AT] " S,926,00,00,1126,P1,0B" (23)
22:16:20  [AT] "SEND OK" (7)
22:16:21  [TX] S,927,00,00,1128,P1,04
22:16:21  [SLOT] n=940 tx=22 ack=0 due=0 r=1
22:16:21  [AT] "AT+CIPSEND=23" (13)
22:16:21  [AT] " S,927,00,00,1128,P1,04" (23)
22:16:21  [AT] "SEND OK" (7)
22:16:23  [TX] S,928,00,00,1129,P1,0A
22:16:23  [SLOT] n=941 tx=22 ack=0 due=0 r=1
22:16:23  [AT] "AT+CIPSEND=23" (13)
22:16:23  [AT] " S,928,00,00,1129,P1,0A" (23)
22:16:23  [AT] "SEND OK" (7)
22:16:24  [TX] S,929,00,00,1130,P1,03
22:16:24  [SLOT] n=942 tx=22 ack=0 due=0 r=1
22:16:24  [AT] "AT+CIPSEND=23" (13)
22:16:24  [AT] " S,929,00,00,1130,P1,03" (23)
22:16:24  [AT] "SEND OK" (7)
22:16:25  [TX] S,930,00,00,1131,P1,0A
22:16:25  [SLOT] n=943 tx=22 ack=0 due=0 r=1
22:16:25  [AT] "AT+CIPSEND=23" (13)
22:16:25  [AT] " S,930,00,00,1131,P1,0A" (23)
22:16:25  [AT] "SEND OK" (7)
22:16:26  [TX] S,931,00,00,1132,P1,08
22:16:26  [SLOT] n=944 tx=22 ack=0 due=0 r=1
22:16:26  [AT] "AT+CIPSEND=23" (13)
22:16:26  [AT] " S,931,00,00,1132,P1,08" (23)
22:16:26  [AT] "SEND OK" (7)
22:16:27  [TX] S,932,00,00,1134,P1,0D
22:16:27  [SLOT] n=945 tx=22 ack=0 due=0 r=1
22:16:27  [AT] "AT+CIPSEND=23" (13)
22:16:27  [AT] " S,932,00,00,1134,P1,0D" (23)
22:16:27  [AT] "SEND OK" (7)
22:16:29  [TX] S,933,00,00,1135,P1,0D
22:16:29  [SLOT] n=946 tx=22 ack=0 due=0 r=1
22:16:29  [AT] "AT+CIPSEND=23" (13)
22:16:29  [AT] " S,933,00,00,1135,P1,0D" (23)
22:16:29  [AT] "SEND OK" (7)
22:16:30  [TX] S,934,00,00,1136,P1,09
22:16:30  [SLOT] n=947 tx=22 ack=0 due=0 r=1
22:16:30  [AT] "AT+CIPSEND=23" (13)
22:16:30  [AT] " S,934,00,00,1136,P1,09" (23)
22:16:30  [AT] "SEND OK" (7)
22:16:31  [TX] S,935,00,00,1137,P1,09
22:16:31  [SLOT] n=948 tx=22 ack=0 due=0 r=1
22:16:31  [AT] "AT+CIPSEND=23" (13)
22:16:31  [AT] " S,935,00,00,1137,P1,09" (23)
22:16:31  [AT] "SEND OK" (7)
22:16:32  [TX] S,936,00,00,1138,P1,05
22:16:32  [SLOT] n=949 tx=22 ack=0 due=0 r=1
22:16:32  [AT] "AT+CIPSEND=23" (13)
22:16:32  [AT] " S,936,00,00,1138,P1,05" (23)
22:16:32  [AT] "SEND OK" (7)
22:16:33  [TX] S,937,00,00,1140,P1,0B
22:16:33  [SLOT] n=950 tx=22 ack=0 due=0 r=1
22:16:33  [CNT] up=1140 drop=0 esprst=0 hwrst=0/0 resync=0 sendfail=0 okto=0 stuck=0 ackq=0 ackdrop=0 ackstale=0 slot=950 oow=18 smiss=2 ssovf=0 cksumng=0 okstream=935 penddrop=0 pendfill=938 bigfill=3 bigdrop=0 bigokst=3 oklost=0 bigoklost=0 skip=2 online=1
22:16:33  [RAM] 최저 여유 585 B · 프롬프트 재동기 0회 (서버의 '버린줄' 과 맞아야 한다)
22:16:33  [AT] " S,937,00,00,1140,P1,0B" (23)
22:16:33  [AT] "SEND OK" (7)
22:16:33  [AT] "AT+CIPSEND=23" (13)
22:16:35  «tap» 살아있음 — 최근 60초 rx=7803B (이 줄이 끊기면 탭이 죽은 것이다)
22:16:35  [TX] S,938,00,00,1141,P1,05
22:16:35  [SLOT] n=951 tx=22 ack=0 due=0 r=1
22:16:35  [AT] "AT+CIPSEND=23" (13)
22:16:35  [AT] " S,938,00,00,1141,P1,05" (23)
22:16:35  [AT] "SEND OK" (7)
22:16:36  [TX] S,939,00,00,1142,P1,07
22:16:36  [SLOT] n=952 tx=22 ack=0 due=0 r=1
22:16:36  [AT] "AT+CIPSEND=23" (13)
22:16:36  [AT] " S,939,00,00,1142,P1,07" (23)
22:16:36  [AT] "SEND OK" (7)
22:16:37  [TX] S,940,00,00,1143,P1,08
22:16:37  [SLOT] n=953 tx=22 ack=0 due=0 r=1
22:16:37  [AT] "AT+CIPSEND=23" (13)
22:16:37  [AT] " S,940,00,00,1143,P1,08" (23)
22:16:37  [AT] "SEND OK" (7)
22:16:38  [TX] S,941,00,00,1144,P1,0E
22:16:38  [SLOT] n=954 tx=22 ack=0 due=0 r=1
22:16:38  [AT] "AT+CIPSEND=23" (13)
22:16:38  [AT] " S,941,00,00,1144,P1,0E" (23)
22:16:38  [AT] "SEND OK" (7)
22:16:39  [TX] S,942,00,00,1146,P1,0F
22:16:39  [SLOT] n=955 tx=22 ack=0 due=0 r=1
22:16:39  [AT] "AT+CIPSEND=23" (13)
22:16:39  [AT] " S,942,00,00,1146,P1,0F" (23)
22:16:39  [AT] "SEND OK" (7)
22:16:41  [TX] S,943,00,00,1147,P1,0F
22:16:41  [SLOT] n=956 tx=22 ack=0 due=0 r=1
22:16:41  [AT] "AT+CIPSEND=23" (13)
22:16:41  [AT] " S,943,00,00,1147,P1,0F" (23)
22:16:41  [AT] "SEND OK" (7)
22:16:42  [TX] S,944,00,00,1148,P1,07
22:16:42  [SLOT] n=957 tx=22 ack=0 due=0 r=1
22:16:42  [AT] "AT+CIPSEND=23" (13)
22:16:42  [AT] " S,944,00,00,1148,P1,07" (23)
22:16:42  [AT] "SEND OK" (7)
22:16:43  [TX] S,945,00,00,1149,P1,07
22:16:43  [SLOT] n=958 tx=22 ack=0 due=0 r=1
22:16:43  [AT] "AT+CIPSEND=23" (13)
22:16:43  [AT] " S,945,00,00,1149,P1,07" (23)
22:16:43  [AT] "SEND OK" (7)
22:16:44  [TX] S,946,00,00,1150,P1,0C
22:16:44  [SLOT] n=959 tx=22 ack=0 due=0 r=1
22:16:44  [AT] "AT+CIPSEND=23" (13)
22:16:44  [AT] " S,946,00,00,1150,P1,0C" (23)
22:16:44  [AT] "SEND OK" (7)
22:16:45  [TX] S,947,00,00,1152,P1,0F
22:16:45  [SLOT] n=960 tx=22 ack=0 due=0 r=1
22:16:45  [AT] "AT+CIPSEND=23" (13)
22:16:45  [AT] " S,947,00,00,1152,P1,0F" (23)
22:16:45  [AT] "SEND OK" (7)
22:16:47  [TX] S,948,00,00,1153,P1,01
22:16:47  [SLOT] n=961 tx=22 ack=0 due=0 r=1
22:16:47  [AT] "AT+CIPSEND=23" (13)
22:16:47  [AT] " S,948,00,00,1153,P1,01" (23)
22:16:47  [AT] "SEND OK" (7)
22:16:48  [TX] S,949,00,00,1154,P1,07
22:16:48  [SLOT] n=962 tx=22 ack=0 due=0 r=1
22:16:48  [AT] "AT+CIPSEND=23" (13)
22:16:48  [AT] " S,949,00,00,1154,P1,07" (23)
22:16:48  [AT] "SEND OK" (7)
22:16:49  [TX] S,950,00,00,1155,P1,0E
22:16:49  [SLOT] n=963 tx=22 ack=0 due=0 r=1
22:16:49  [AT] "AT+CIPSEND=23" (13)
22:16:49  [AT] " S,950,00,00,1155,P1,0E" (23)
22:16:49  [AT] "SEND OK" (7)
22:16:50  [TX] S,951,00,00,1156,P1,0C
22:16:50  [SLOT] n=964 tx=22 ack=0 due=0 r=1
22:16:50  [AT] "AT+CIPSEND=23" (13)
22:16:50  [AT] " S,951,00,00,1156,P1,0C" (23)
22:16:50  [AT] "SEND OK" (7)
22:16:51  [TX] S,952,00,00,1158,P1,01
22:16:51  [SLOT] n=965 tx=22 ack=0 due=0 r=1
22:16:51  [AT] "AT+CIPSEND=23" (13)
22:16:51  [AT] " S,952,00,00,1158,P1,01" (23)
22:16:51  [AT] "SEND OK" (7)
22:16:53  [TX] S,953,00,00,1159,P1,01
22:16:53  [SLOT] n=966 tx=22 ack=0 due=0 r=1
22:16:53  [AT] "AT+CIPSEND=23" (13)
22:16:53  [AT] " S,953,00,00,1159,P1,01" (23)
22:16:53  [AT] "SEND OK" (7)
22:16:54  [TX] S,954,00,00,1160,P1,0C
22:16:54  [SLOT] n=967 tx=22 ack=0 due=0 r=1
22:16:54  [AT] "AT+CIPSEND=23" (13)
22:16:54  [AT] " S,954,00,00,1160,P1,0C" (23)
22:16:54  [AT] "SEND OK" (7)
22:16:55  [TX] S,955,00,00,1161,P1,0C
22:16:55  [SLOT] n=968 tx=22 ack=0 due=0 r=1
22:16:55  [AT] "AT+CIPSEND=23" (13)
22:16:55  [AT] " S,955,00,00,1161,P1,0C" (23)
22:16:55  [AT] "SEND OK" (7)
22:16:56  [TX] S,956,00,00,1162,P1,0C
22:16:56  [SLOT] n=969 tx=22 ack=0 due=0 r=1
22:16:56  [AT] "AT+CIPSEND=23" (13)
22:16:56  [AT] " S,956,00,00,1162,P1,0C" (23)
22:16:56  [AT] "SEND OK" (7)
22:16:57  [TX] S,957,00,00,1164,P1,0B
22:16:57  [SLOT] n=970 tx=22 ack=0 due=0 r=1
22:16:57  [AT] "AT+CIPSEND=23" (13)
22:16:57  [AT] " S,957,00,00,1164,P1,0B" (23)
22:16:57  [AT] "SEND OK" (7)
22:16:59  [TX] S,958,00,00,1165,P1,05
22:16:59  [SLOT] n=971 tx=22 ack=0 due=0 r=1
22:16:59  [AT] "AT+CIPSEND=23" (13)
22:16:59  [AT] " S,958,00,00,1165,P1,05" (23)
22:16:59  [AT] "SEND OK" (7)
22:17:00  [TX] S,959,00,00,1166,P1,07
22:17:00  [SLOT] n=972 tx=22 ack=0 due=0 r=1
22:17:00  [AT] "AT+CIPSEND=23" (13)
22:17:00  [AT] " S,959,00,00,1166,P1,07" (23)
22:17:00  [AT] "SEND OK" (7)
22:17:01  [TX] S,960,00,00,1167,P1,0C
22:17:01  [SLOT] n=973 tx=22 ack=0 due=0 r=1
22:17:01  [AT] "AT+CIPSEND=23" (13)
22:17:01  [AT] " S,960,00,00,1167,P1,0C" (23)
22:17:01  [AT] "SEND OK" (7)
22:17:02  [TX] S,961,00,00,1168,P1,02
22:17:02  [SLOT] n=974 tx=22 ack=0 due=0 r=1
22:17:02  [AT] "AT+CIPSEND=23" (13)
22:17:02  [AT] " S,961,00,00,1168,P1,02" (23)
22:17:02  [AT] "SEND OK" (7)
22:17:03  [TX] S,962,00,00,1170,P1,08
22:17:03  [SLOT] n=975 tx=22 ack=0 due=0 r=1
22:17:03  [AT] "AT+CIPSEND=23" (13)
22:17:03  [AT] " S,962,00,00,1170,P1,08" (23)
22:17:03  [AT] "SEND OK" (7)
22:17:05  [TX] S,963,00,00,1171,P1,08
22:17:05  [SLOT] n=976 tx=22 ack=0 due=0 r=1
22:17:05  [AT] "AT+CIPSEND=23" (13)
22:17:05  [AT] " S,963,00,00,1171,P1,08" (23)
22:17:05  [AT] "SEND OK" (7)
22:17:06  [TX] S,964,00,00,1172,P1,0C
22:17:06  [SLOT] n=977 tx=22 ack=0 due=0 r=1
22:17:06  [AT] "AT+CIPSEND=23" (13)
22:17:06  [AT] " S,964,00,00,1172,P1,0C" (23)
22:17:06  [AT] "SEND OK" (7)
22:17:08  [TX] S,965,00,00,1173,P1,0C
22:17:08  [SLOT] n=978 tx=22 ack=0 due=0 r=1
22:17:08  [AT] "AT+CIPSEND=23" (13)
22:17:08  [AT] " S,965,00,00,1173,P1,0C" (23)
22:17:08  [AT] "SEND OK" (7)
22:17:09  [TX] S,966,00,00,1174,P1,08
22:17:09  [SLOT] n=979 tx=22 ack=0 due=0 r=1
22:17:09  [AT] "AT+CIPSEND=23" (13)
22:17:09  [AT] " S,966,00,00,1174,P1,08" (23)
22:17:09  [AT] "SEND OK" (7)
22:17:10  [TX] S,967,00,00,1176,P1,0B
22:17:10  [SLOT] n=980 tx=22 ack=0 due=0 r=1
22:17:10  [AT] "AT+CIPSEND=23" (13)
22:17:10  [AT] " S,967,00,00,1176,P1,0B" (23)
22:17:10  [AT] "SEND OK" (7)
22:17:12  [TX] S,968,00,00,1177,P1,05
22:17:12  [SLOT] n=981 tx=22 ack=0 due=0 r=1
22:17:12  [AT] "AT+CIPSEND=23" (13)
22:17:12  [AT] " S,968,00,00,1177,P1,05" (23)
22:17:12  [AT] "SEND OK" (7)
22:17:13  [TX] S,969,00,00,1178,P1,0B
22:17:13  [SLOT] n=982 tx=22 ack=0 due=0 r=1
22:17:13  [AT] "AT+CIPSEND=23" (13)
22:17:13  [AT] " S,969,00,00,1178,P1,0B" (23)
22:17:13  [AT] "SEND OK" (7)
22:17:14  [TX] S,970,00,00,1179,P1,02
22:17:14  [SLOT] n=983 tx=22 ack=0 due=0 r=1
22:17:14  [AT] "AT+CIPSEND=23" (13)
22:17:14  [AT] " S,970,00,00,1179,P1,02" (23)
22:17:14  [AT] "SEND OK" (7)
22:17:15  [TX] S,971,00,00,1180,P1,05
22:17:15  [SLOT] n=984 tx=22 ack=0 due=0 r=1
22:17:15  [AT] "AT+CIPSEND=23" (13)
22:17:15  [AT] " S,971,00,00,1180,P1,05" (23)
22:17:15  [AT] "SEND OK" (7)
22:17:16  [TX] S,972,00,00,1182,P1,04
22:17:16  [SLOT] n=985 tx=22 ack=0 due=0 r=1
22:17:16  [AT] "AT+CIPSEND=23" (13)
22:17:16  [AT] " S,972,00,00,1182,P1,04" (23)
22:17:16  [AT] "SEND OK" (7)
22:17:17  [TX] S,973,00,00,1183,P1,04
22:17:18  [SLOT] n=986 tx=22 ack=0 due=0 r=1
22:17:18  [AT] "AT+CIPSEND=23" (13)
22:17:18  [AT] " S,973,00,00,1183,P1,04" (23)
22:17:18  [AT] "SEND OK" (7)
22:17:19  [TX] S,974,00,00,1184,P1,04
22:17:19  [SLOT] n=987 tx=22 ack=0 due=0 r=1
22:17:19  [AT] "AT+CIPSEND=23" (13)
22:17:19  [AT] " S,974,00,00,1184,P1,04" (23)
22:17:19  [AT] "SEND OK" (7)
22:17:20  [TX] S,975,00,00,1185,P1,04
22:17:20  [SLOT] n=988 tx=22 ack=0 due=0 r=1
22:17:20  [AT] "AT+CIPSEND=23" (13)
22:17:20  [AT] " S,975,00,00,1185,P1,04" (23)
22:17:20  [AT] "SEND OK" (7)
22:17:21  [TX] S,976,00,00,1186,P1,04
22:17:21  [SLOT] n=989 tx=22 ack=0 due=0 r=1
22:17:21  [AT] "AT+CIPSEND=23" (13)
22:17:21  [AT] " S,976,00,00,1186,P1,04" (23)
22:17:21  [AT] "SEND OK" (7)
22:17:22  [TX] S,977,00,00,1188,P1,0B
22:17:22  [SLOT] n=990 tx=22 ack=0 due=0 r=1
22:17:22  [AT] "AT+CIPSEND=23" (13)
22:17:22  [AT] " S,977,00,00,1188,P1,0B" (23)
22:17:22  [AT] "SEND OK" (7)
22:17:23  [TX] S,978,00,00,1189,P1,05
22:17:23  [SLOT] n=991 tx=22 ack=0 due=0 r=1
22:17:23  [AT] "AT+CIPSEND=23" (13)
22:17:24  [AT] " S,978,00,00,1189,P1,05" (23)
22:17:24  [AT] "SEND OK" (7)
22:17:25  [TX] S,979,00,00,1190,P1,0C
22:17:25  [SLOT] n=992 tx=22 ack=0 due=0 r=1
22:17:25  [AT] "AT+CIPSEND=23" (13)
22:17:25  [AT] " S,979,00,00,1190,P1,0C" (23)
22:17:25  [AT] "SEND OK" (7)
22:17:26  [TX] S,980,00,00,1191,P1,0B
22:17:26  [SLOT] n=993 tx=22 ack=0 due=0 r=1
22:17:26  [AT] "AT+CIPSEND=23" (13)
22:17:26  [AT] " S,980,00,00,1191,P1,0B" (23)
22:17:26  [AT] "SEND OK" (7)
22:17:27  [TX] S,981,00,00,1192,P1,09
22:17:27  [SLOT] n=994 tx=22 ack=0 due=0 r=1
22:17:27  [AT] "AT+CIPSEND=23" (13)
22:17:27  [AT] " S,981,00,00,1192,P1,09" (23)
22:17:27  [AT] "SEND OK" (7)
22:17:28  [TX] S,982,00,00,1194,P1,0C
22:17:28  [SLOT] n=995 tx=22 ack=0 due=0 r=1
22:17:28  [AT] "AT+CIPSEND=23" (13)
22:17:28  [AT] " S,982,00,00,1194,P1,0C" (23)
22:17:28  [AT] "SEND OK" (7)
22:17:29  [TX] S,983,00,00,1195,P1,0C
22:17:29  [SLOT] n=996 tx=22 ack=0 due=0 r=1
22:17:29  [AT] "AT+CIPSEND=23" (13)
22:17:30  [AT] " S,983,00,00,1195,P1,0C" (23)
22:17:30  [AT] "SEND OK" (7)
22:17:31  [TX] S,984,00,00,1196,P1,08
22:17:31  [SLOT] n=997 tx=22 ack=0 due=0 r=1
22:17:31  [AT] "AT+CIPSEND=23" (13)
22:17:31  [AT] " S,984,00,00,1196,P1,08" (23)
22:17:31  [AT] "SEND OK" (7)
22:17:32  [TX] S,985,00,00,1197,P1,08
22:17:32  [SLOT] n=998 tx=22 ack=0 due=0 r=1
22:17:32  [AT] "AT+CIPSEND=23" (13)
22:17:32  [AT] " S,985,00,00,1197,P1,08" (23)
22:17:32  [AT] "SEND OK" (7)
22:17:33  [TX] S,986,00,00,1198,P1,04
22:17:33  [SLOT] n=999 tx=22 ack=0 due=0 r=1
22:17:33  [AT] "AT+CIPSEND=23" (13)
22:17:33  [AT] " S,986,00,00,1198,P1,04" (23)
22:17:33  [AT] "SEND OK" (7)
22:17:34  [TX] S,987,00,00,1200,P1,07
22:17:34  [SLOT] n=1000 tx=22 ack=0 due=0 r=1
22:17:34  [CNT] up=1200 drop=0 esprst=0 hwrst=0/0 resync=0 sendfail=0 okto=0 stuck=0 ackq=0 ackdrop=0 ackstale=0 slot=1000 oow=18 smiss=2 ssovf=0 cksumng=0 okstream=985 penddrop=0 pendfill=988 bigfill=3 bigdrop=0 bigokst=3 oklost=0 bigoklost=0 skip=2 online=1
22:17:34  [RAM] 최저 여유 585 B · 프롬프트 재동기 0회 (서버의 '버린줄' 과 맞아야 한다)
22:17:34  [AT] " S,987,00,00,1200,P1,07" (23)
22:17:34  [AT] "SEND OK" (7)
22:17:34  [AT] "AT+CIPSEND=23" (13)
22:17:35  [TX] S,988,00,00,1201,P1,09
22:17:35  [SLOT] n=1001 tx=22 ack=0 due=0 r=1
22:17:35  [AT] "AT+CIPSEND=23" (13)
22:17:36  «tap» 살아있음 — 최근 60초 rx=7898B (이 줄이 끊기면 탭이 죽은 것이다)
22:17:36  [AT] " S,988,00,00,1201,P1,09" (23)
22:17:36  [AT] "SEND OK" (7)
22:17:37  [TX] S,989,00,00,1202,P1,0B
22:17:37  [SLOT] n=1002 tx=22 ack=0 due=0 r=1
22:17:37  [AT] "AT+CIPSEND=23" (13)
22:17:37  [AT] " S,989,00,00,1202,P1,0B" (23)
22:17:37  [AT] "SEND OK" (7)
22:17:38  [TX] S,990,00,00,1203,P1,02
22:17:38  [SLOT] n=1003 tx=22 ack=0 due=0 r=1
22:17:38  [AT] "AT+CIPSEND=23" (13)
22:17:38  [AT] " S,990,00,00,1203,P1,02" (23)
22:17:38  [AT] "SEND OK" (7)
22:17:39  [TX] S,991,00,00,1204,P1,04
22:17:39  [SLOT] n=1004 tx=22 ack=0 due=0 r=1
22:17:39  [AT] "AT+CIPSEND=23" (13)
22:17:39  [AT] " S,991,00,00,1204,P1,04" (23)
22:17:39  [AT] "SEND OK" (7)
22:17:40  [TX] S,992,00,00,1206,P1,05
22:17:40  [SLOT] n=1005 tx=22 ack=0 due=0 r=1
22:17:40  [AT] "AT+CIPSEND=23" (13)
22:17:40  [AT] " S,992,00,00,1206,P1,05" (23)
22:17:40  [AT] "SEND OK" (7)
22:17:41  [TX] S,993,00,00,1207,P1,05
22:17:41  [SLOT] n=1006 tx=22 ack=0 due=0 r=1
22:17:41  [AT] "AT+CIPSEND=23" (13)
22:17:41  [AT] " S,993,00,00,1207,P1,05" (23)
22:17:41  [AT] "SEND OK" (7)
22:17:43  [TX] S,994,00,00,1208,P1,0D
22:17:43  [SLOT] n=1007 tx=22 ack=0 due=0 r=1
22:17:43  [AT] "AT+CIPSEND=23" (13)
22:17:43  [AT] " S,994,00,00,1208,P1,0D" (23)
22:17:43  [AT] "SEND OK" (7)
22:17:44  [TX] S,995,00,00,1209,P1,0D
22:17:44  [SLOT] n=1008 tx=22 ack=0 due=0 r=1
22:17:44  [AT] "AT+CIPSEND=23" (13)
22:17:44  [AT] " S,995,00,00,1209,P1,0D" (23)
22:17:44  [AT] "SEND OK" (7)
22:17:45  [TX] S,996,00,00,1210,P1,06
22:17:45  [SLOT] n=1009 tx=22 ack=0 due=0 r=1
22:17:45  [AT] "AT+CIPSEND=23" (13)
22:17:45  [AT] " S,996,00,00,1210,P1,06" (23)
22:17:45  [AT] "SEND OK" (7)
22:17:46  [TX] S,997,00,00,1212,P1,05
22:17:46  [SLOT] n=1010 tx=22 ack=0 due=0 r=1
22:17:46  [AT] "AT+CIPSEND=23" (13)
22:17:46  [AT] " S,997,00,00,1212,P1,05" (23)
22:17:46  [AT] "SEND OK" (7)
22:17:47  [TX] S,998,00,00,1213,P1,0B
22:17:47  [SLOT] n=1011 tx=22 ack=0 due=0 r=1
22:17:47  [AT] "AT+CIPSEND=23" (13)
22:17:47  [AT] " S,998,00,00,1213,P1,0B" (23)
22:17:47  [AT] "SEND OK" (7)
22:17:49  [TX] S,999,00,00,1214,P1,0D
22:17:49  [SLOT] n=1012 tx=22 ack=0 due=0 r=1
22:17:49  [AT] "AT+CIPSEND=23" (13)
22:17:49  [AT] " S,999,00,00,1214,P1,0D" (23)
22:17:49  [AT] "SEND OK" (7)
22:17:50  [TX] S,1000,00,00,1215,P1,34
22:17:50  [SLOT] n=1013 tx=23 ack=0 due=0 r=1
22:17:50  [AT] "AT+CIPSEND=24" (13)
22:17:50  [AT] " S,1000,00,00,1215,P1,34" (24)
22:17:50  [AT] "SEND OK" (7)
22:17:51  [TX] S,1001,00,00,1216,P1,36
22:17:51  [SLOT] n=1014 tx=23 ack=0 due=0 r=1
22:17:51  [AT] "AT+CIPSEND=24" (13)
22:17:51  [AT] " S,1001,00,00,1216,P1,36" (24)
22:17:51  [AT] "SEND OK" (7)
22:17:52  [TX] S,1002,00,00,1218,P1,3B
22:17:52  [SLOT] n=1015 tx=23 ack=0 due=0 r=1
22:17:52  [AT] "AT+CIPSEND=24" (13)
22:17:52  [AT] " S,1002,00,00,1218,P1,3B" (24)
22:17:52  [AT] "SEND OK" (7)
22:17:53  [TX] S,1003,00,00,1219,P1,3B
22:17:53  [SLOT] n=1016 tx=23 ack=0 due=0 r=1
22:17:53  [AT] "AT+CIPSEND=24" (13)
22:17:53  [AT] " S,1003,00,00,1219,P1,3B" (24)
22:17:53  [AT] "SEND OK" (7)
22:17:55  [TX] S,1004,00,00,1220,P1,36
22:17:55  [SLOT] n=1017 tx=23 ack=0 due=0 r=1
22:17:55  [AT] "AT+CIPSEND=24" (13)
22:17:55  [AT] " S,1004,00,00,1220,P1,36" (24)
22:17:55  [AT] "SEND OK" (7)
22:17:56  [TX] S,1005,00,00,1221,P1,36
22:17:56  [SLOT] n=1018 tx=23 ack=0 due=0 r=1
22:17:56  [AT] "AT+CIPSEND=24" (13)
22:17:56  [AT] " S,1005,00,00,1221,P1,36" (24)
22:17:56  [AT] "SEND OK" (7)
22:17:57  [TX] S,1006,00,00,1222,P1,36
22:17:57  [SLOT] n=1019 tx=23 ack=0 due=0 r=1
22:17:57  [AT] "AT+CIPSEND=24" (13)
22:17:57  [AT] " S,1006,00,00,1222,P1,36" (24)
22:17:57  [AT] "SEND OK" (7)
22:17:58  [TX] S,1007,00,00,1224,P1,31
22:17:58  [SLOT] n=1020 tx=23 ack=0 due=0 r=1
22:17:58  [AT] "AT+CIPSEND=24" (13)
22:17:58  [AT] " S,1007,00,00,1224,P1,31" (24)
22:17:58  [AT] "SEND OK" (7)
22:17:59  [TX] S,1008,00,00,1225,P1,3F
22:17:59  [SLOT] n=1021 tx=23 ack=0 due=0 r=1
22:17:59  [AT] "AT+CIPSEND=24" (13)
22:17:59  [AT] " S,1008,00,00,1225,P1,3F" (24)
22:17:59  [AT] "SEND OK" (7)
22:18:01  [TX] S,1009,00,00,1226,P1,3D
22:18:01  [SLOT] n=1022 tx=23 ack=0 due=0 r=1
22:18:01  [AT] "AT+CIPSEND=24" (13)
22:18:01  [AT] " S,1009,00,00,1226,P1,3D" (24)
22:18:01  [AT] "SEND OK" (7)
22:18:02  [TX] S,1010,00,00,1227,P1,34
22:18:02  [SLOT] n=1023 tx=23 ack=0 due=0 r=1
22:18:02  [AT] "AT+CIPSEND=24" (13)
22:18:02  [AT] " S,1010,00,00,1227,P1,34" (24)
22:18:02  [AT] "SEND OK" (7)
22:18:03  [TX] S,1011,00,00,1228,P1,3A
22:18:03  [SLOT] n=1024 tx=23 ack=0 due=0 r=1
22:18:03  [AT] "AT+CIPSEND=24" (13)
22:18:03  [AT] " S,1011,00,00,1228,P1,3A" (24)
22:18:03  [AT] "SEND OK" (7)
22:18:04  [TX] S,1012,00,00,1230,P1,30
22:18:04  [SLOT] n=1025 tx=23 ack=0 due=0 r=1
22:18:04  [AT] "AT+CIPSEND=24" (13)
22:18:04  [AT] " S,1012,00,00,1230,P1,30" (24)
22:18:04  [AT] "SEND OK" (7)
22:18:05  [TX] S,1013,00,00,1231,P1,30
22:18:05  [SLOT] n=1026 tx=23 ack=0 due=0 r=1
22:18:05  [AT] "AT+CIPSEND=24" (13)
22:18:05  [AT] " S,1013,00,00,1231,P1,30" (24)
22:18:05  [AT] "SEND OK" (7)
22:18:07  [TX] S,1014,00,00,1232,P1,34
22:18:07  [SLOT] n=1027 tx=23 ack=0 due=0 r=1
22:18:07  [AT] "AT+CIPSEND=24" (13)
22:18:07  [AT] " S,1014,00,00,1232,P1,34" (24)
22:18:07  [AT] "SEND OK" (7)
22:18:08  [TX] S,1015,00,00,1233,P1,34
22:18:08  [SLOT] n=1028 tx=23 ack=0 due=0 r=1
22:18:08  [AT] "AT+CIPSEND=24" (13)
22:18:08  [AT] " S,1015,00,00,1233,P1,34" (24)
22:18:08  [AT] "SEND OK" (7)
22:18:09  [TX] S,1016,00,00,1234,P1,30
22:18:09  [SLOT] n=1029 tx=23 ack=0 due=0 r=1
22:18:09  [AT] "AT+CIPSEND=24" (13)
22:18:09  [AT] " S,1016,00,00,1234,P1,30" (24)
22:18:09  [AT] "SEND OK" (7)
22:18:10  [TX] S,1017,00,00,1236,P1,33
22:18:10  [SLOT] n=1030 tx=23 ack=0 due=0 r=1
22:18:10  [AT] "AT+CIPSEND=24" (13)
22:18:10  [AT] " S,1017,00,00,1236,P1,33" (24)
22:18:10  [AT] "SEND OK" (7)
22:18:11  [TX] S,1018,00,00,1237,P1,3D
22:18:11  [SLOT] n=1031 tx=23 ack=0 due=0 r=1
22:18:11  [AT] "AT+CIPSEND=24" (13)
22:18:12  [AT] " S,1018,00,00,1237,P1,3D" (24)
22:18:12  [AT] "SEND OK" (7)
22:18:13  [TX] S,1019,00,00,1238,P1,33
22:18:13  [SLOT] n=1032 tx=23 ack=0 due=0 r=1
22:18:13  [AT] "AT+CIPSEND=24" (13)
22:18:13  [AT] " S,1019,00,00,1238,P1,33" (24)
22:18:13  [AT] "SEND OK" (7)
22:18:14  [TX] S,1020,00,00,1239,P1,38
22:18:14  [SLOT] n=1033 tx=23 ack=0 due=0 r=1
22:18:14  [AT] "AT+CIPSEND=24" (13)
22:18:14  [AT] " S,1020,00,00,1239,P1,38" (24)
22:18:14  [AT] "SEND OK" (7)
22:18:15  [TX] S,1021,00,00,1240,P1,37
22:18:15  [SLOT] n=1034 tx=23 ack=0 due=0 r=1
22:18:15  [AT] "AT+CIPSEND=24" (13)
22:18:15  [AT] " S,1021,00,00,1240,P1,37" (24)
22:18:15  [AT] "SEND OK" (7)
22:18:16  [TX] S,1022,00,00,1242,P1,36
22:18:16  [SLOT] n=1035 tx=23 ack=0 due=0 r=1
22:18:16  [AT] "AT+CIPSEND=24" (13)
22:18:16  [AT] " S,1022,00,00,1242,P1,36" (24)
22:18:16  [AT] "SEND OK" (7)
22:18:17  [TX] S,1023,00,00,1243,P1,36
22:18:17  [SLOT] n=1036 tx=23 ack=0 due=0 r=1
22:18:17  [AT] "AT+CIPSEND=24" (13)
22:18:17  [AT] " S,1023,00,00,1243,P1,36" (24)
22:18:17  [AT] "SEND OK" (7)
22:18:19  [TX] S,1024,00,00,1244,P1,36
22:18:19  [SLOT] n=1037 tx=23 ack=0 due=0 r=1
22:18:19  [AT] "AT+CIPSEND=24" (13)
22:18:19  [AT] " S,1024,00,00,1244,P1,36" (24)
22:18:19  [AT] "SEND OK" (7)
22:18:20  [TX] S,1025,00,00,1245,P1,36
22:18:20  [SLOT] n=1038 tx=23 ack=0 due=0 r=1
22:18:20  [AT] "AT+CIPSEND=24" (13)
22:18:20  [AT] " S,1025,00,00,1245,P1,36" (24)
22:18:20  [AT] "SEND OK" (7)
22:18:21  [TX] S,1026,00,00,1246,P1,36
22:18:21  [SLOT] n=1039 tx=23 ack=0 due=0 r=1
22:18:21  [AT] "AT+CIPSEND=24" (13)
22:18:21  [AT] " S,1026,00,00,1246,P1,36" (24)
22:18:21  [AT] "SEND OK" (7)
22:18:22  [TX] S,1027,00,00,1248,P1,39
22:18:22  [SLOT] n=1040 tx=23 ack=0 due=0 r=1
22:18:22  [AT] "AT+CIPSEND=24" (13)
22:18:22  [AT] " S,1027,00,00,1248,P1,39" (24)
22:18:22  [AT] "SEND OK" (7)
22:18:23  [TX] S,1028,00,00,1249,P1,37
22:18:23  [SLOT] n=1041 tx=23 ack=0 due=0 r=1
22:18:23  [AT] "AT+CIPSEND=24" (13)
22:18:23  [AT] " S,1028,00,00,1249,P1,37" (24)
22:18:23  [AT] "SEND OK" (7)
22:18:25  [TX] S,1029,00,00,1250,P1,3E
22:18:25  [SLOT] n=1042 tx=23 ack=0 due=0 r=1
22:18:25  [AT] "AT+CIPSEND=24" (13)
22:18:25  [AT] " S,1029,00,00,1250,P1,3E" (24)
22:18:25  [AT] "SEND OK" (7)
22:18:26  [TX] S,1030,00,00,1251,P1,37
22:18:26  [SLOT] n=1043 tx=23 ack=0 due=0 r=1
22:18:26  [AT] "AT+CIPSEND=24" (13)
22:18:26  [AT] " S,1030,00,00,1251,P1,37" (24)
22:18:26  [AT] "SEND OK" (7)
22:18:27  [TX] S,1031,00,00,1252,P1,35
22:18:27  [SLOT] n=1044 tx=23 ack=0 due=0 r=1
22:18:27  [AT] "AT+CIPSEND=24" (13)
22:18:27  [AT] " S,1031,00,00,1252,P1,35" (24)
22:18:27  [AT] "SEND OK" (7)
22:18:28  [TX] S,1032,00,00,1254,P1,30
22:18:28  [SLOT] n=1045 tx=23 ack=0 due=0 r=1
22:18:28  [AT] "AT+CIPSEND=24" (13)
22:18:28  [AT] " S,1032,00,00,1254,P1,30" (24)
22:18:28  [AT] "SEND OK" (7)
22:18:29  [TX] S,1033,00,00,1255,P1,30
22:18:29  [SLOT] n=1046 tx=23 ack=0 due=0 r=1
22:18:29  [AT] "AT+CIPSEND=24" (13)
22:18:29  [AT] " S,1033,00,00,1255,P1,30" (24)
22:18:29  [AT] "SEND OK" (7)
22:18:31  [TX] S,1034,00,00,1256,P1,34
22:18:31  [SLOT] n=1047 tx=23 ack=0 due=0 r=1
22:18:31  [AT] "AT+CIPSEND=24" (13)
22:18:31  [AT] " S,1034,00,00,1256,P1,34" (24)
22:18:31  [AT] "SEND OK" (7)
22:18:32  [TX] S,1035,00,00,1257,P1,34
22:18:32  [SLOT] n=1048 tx=23 ack=0 due=0 r=1
22:18:32  [AT] "AT+CIPSEND=24" (13)
22:18:32  [AT] " S,1035,00,00,1257,P1,34" (24)
22:18:32  [AT] "SEND OK" (7)
22:18:33  [TX] S,1036,00,00,1258,P1,38
22:18:33  [SLOT] n=1049 tx=23 ack=0 due=0 r=1
22:18:33  [AT] "AT+CIPSEND=24" (13)
22:18:33  [AT] " S,1036,00,00,1258,P1,38" (24)
22:18:33  [AT] "SEND OK" (7)
22:18:34  [TX] S,1037,00,00,1260,P1,32
22:18:34  [SLOT] n=1050 tx=23 ack=0 due=0 r=1
22:18:34  [CNT] up=1260 drop=0 esprst=0 hwrst=0/0 resync=0 sendfail=0 okto=0 stuck=0 ackq=0 ackdrop=0 ackstale=0 slot=1050 oow=18 smiss=2 ssovf=0 cksumng=0 okstream=1035 penddrop=0 pendfill=1038 bigfill=3 bigdrop=0 bigokst=3 oklost=0 bigoklost=0 skip=2 online=1
22:18:34  [RAM] 최저 여유 585 B · 프롬프트 재동기 0회 (서버의 '버린줄' 과 맞아야 한다)
22:18:34  [AT] " S,1037,00,00,1260,P1,32" (24)
22:18:34  [AT] "SEND OK" (7)
22:18:34  [AT] "AT+CIPSEND=24" (13)
22:18:35  [TX] S,1038,00,00,1261,P1,3C
22:18:35  [SLOT] n=1051 tx=23 ack=0 due=0 r=1
22:18:35  [AT] "AT+CIPSEND=24" (13)
22:18:35  [AT] " S,1038,00,00,1261,P1,3C" (24)
22:18:35  [AT] "SEND OK" (7)
22:18:36  «tap» 살아있음 — 최근 60초 rx=7991B (이 줄이 끊기면 탭이 죽은 것이다)
22:18:37  [TX] S,1039,00,00,1262,P1,3E
22:18:37  [SLOT] n=1052 tx=23 ack=0 due=0 r=1
22:18:37  [AT] "AT+CIPSEND=24" (13)
22:18:37  [AT] " S,1039,00,00,1262,P1,3E" (24)
22:18:37  [AT] "SEND OK" (7)
22:18:38  [TX] S,1040,00,00,1263,P1,31
22:18:38  [SLOT] n=1053 tx=23 ack=0 due=0 r=1
22:18:38  [AT] "AT+CIPSEND=24" (13)
22:18:38  [AT] " S,1040,00,00,1263,P1,31" (24)
22:18:38  [AT] "SEND OK" (7)
22:18:39  [TX] S,1041,00,00,1264,P1,37
22:18:39  [SLOT] n=1054 tx=23 ack=0 due=0 r=1
22:18:39  [AT] "AT+CIPSEND=24" (13)
22:18:39  [AT] " S,1041,00,00,1264,P1,37" (24)
22:18:39  [AT] "SEND OK" (7)
22:18:40  [TX] S,1042,00,00,1266,P1,36
22:18:40  [SLOT] n=1055 tx=23 ack=0 due=0 r=1
22:18:40  [AT] "AT+CIPSEND=24" (13)
22:18:40  [AT] " S,1042,00,00,1266,P1,36" (24)
22:18:40  [AT] "SEND OK" (7)
22:18:41  [TX] S,1043,00,00,1267,P1,36
22:18:41  [SLOT] n=1056 tx=23 ack=0 due=0 r=1
22:18:41  [AT] "AT+CIPSEND=24" (13)
22:18:41  [AT] " S,1043,00,00,1267,P1,36" (24)
22:18:41  [AT] "SEND OK" (7)
22:18:43  [TX] S,1044,00,00,1268,P1,3E
22:18:43  [SLOT] n=1057 tx=23 ack=0 due=0 r=1
22:18:43  [AT] "AT+CIPSEND=24" (13)
22:18:43  [AT] " S,1044,00,00,1268,P1,3E" (24)
22:18:43  [AT] "SEND OK" (7)
22:18:44  [TX] S,1045,00,00,1269,P1,3E
22:18:44  [SLOT] n=1058 tx=23 ack=0 due=0 r=1
22:18:44  [AT] "AT+CIPSEND=24" (13)
22:18:44  [AT] " S,1045,00,00,1269,P1,3E" (24)
22:18:44  [AT] "SEND OK" (7)
22:18:45  [TX] S,1046,00,00,1270,P1,35
22:18:45  [SLOT] n=1059 tx=23 ack=0 due=0 r=1
22:18:45  [AT] "AT+CIPSEND=24" (13)
22:18:45  [AT] " S,1046,00,00,1270,P1,35" (24)
22:18:45  [AT] "SEND OK" (7)
22:18:46  [TX] S,1047,00,00,1272,P1,36
22:18:46  [SLOT] n=1060 tx=23 ack=0 due=0 r=1
22:18:46  [AT] "AT+CIPSEND=24" (13)
22:18:46  [AT] " S,1047,00,00,1272,P1,36" (24)
22:18:46  [AT] "SEND OK" (7)
22:18:47  [TX] S,1048,00,00,1273,P1,38
22:18:47  [SLOT] n=1061 tx=23 ack=0 due=0 r=1
22:18:47  [AT] "AT+CIPSEND=24" (13)
22:18:47  [AT] " S,1048,00,00,1273,P1,38" (24)
22:18:47  [AT] "SEND OK" (7)
22:18:49  [TX] S,1049,00,00,1274,P1,3E
22:18:49  [SLOT] n=1062 tx=23 ack=0 due=0 r=1
22:18:49  [AT] "AT+CIPSEND=24" (13)
22:18:49  [AT] " S,1049,00,00,1274,P1,3E" (24)
22:18:49  [AT] "SEND OK" (7)
22:18:50  [TX] S,1050,00,00,1275,P1,37
22:18:50  [SLOT] n=1063 tx=23 ack=0 due=0 r=1
22:18:50  [AT] "AT+CIPSEND=24" (13)
22:18:50  [AT] " S,1050,00,00,1275,P1,37" (24)
22:18:50  [AT] "SEND OK" (7)
22:18:51  [TX] S,1051,00,00,1276,P1,35
22:18:51  [SLOT] n=1064 tx=23 ack=0 due=0 r=1
22:18:51  [AT] "AT+CIPSEND=24" (13)
22:18:51  [AT] " S,1051,00,00,1276,P1,35" (24)
22:18:51  [AT] "SEND OK" (7)
22:18:52  [TX] S,1052,00,00,1278,P1,38
22:18:52  [SLOT] n=1065 tx=23 ack=0 due=0 r=1
22:18:52  [AT] "AT+CIPSEND=24" (13)
22:18:52  [AT] " S,1052,00,00,1278,P1,38" (24)
22:18:52  [AT] "SEND OK" (7)
22:18:53  [TX] S,1053,00,00,1279,P1,38
22:18:53  [SLOT] n=1066 tx=23 ack=0 due=0 r=1
22:18:53  [AT] "AT+CIPSEND=24" (13)
22:18:53  [AT] " S,1053,00,00,1279,P1,38" (24)
22:18:53  [AT] "SEND OK" (7)
22:18:55  [TX] S,1054,00,00,1280,P1,39
22:18:55  [SLOT] n=1067 tx=23 ack=0 due=0 r=1
22:18:55  [AT] "AT+CIPSEND=24" (13)
22:18:55  [AT] " S,1054,00,00,1280,P1,39" (24)
22:18:55  [AT] "SEND OK" (7)
22:18:56  [TX] S,1055,00,00,1281,P1,39
22:18:56  [SLOT] n=1068 tx=23 ack=0 due=0 r=1
22:18:56  [AT] "AT+CIPSEND=24" (13)
22:18:56  [AT] " S,1055,00,00,1281,P1,39" (24)
22:18:56  [AT] "SEND OK" (7)
22:18:57  [TX] S,1056,00,00,1282,P1,39
22:18:57  [SLOT] n=1069 tx=23 ack=0 due=0 r=1
22:18:57  [AT] "AT+CIPSEND=24" (13)
22:18:57  [AT] " S,1056,00,00,1282,P1,39" (24)
22:18:57  [AT] "SEND OK" (7)
22:18:58  [TX] S,1057,00,00,1284,P1,3E
22:18:58  [SLOT] n=1070 tx=23 ack=0 due=0 r=1
22:18:58  [AT] "AT+CIPSEND=24" (13)
22:18:58  [AT] " S,1057,00,00,1284,P1,3E" (24)
22:18:58  [AT] "SEND OK" (7)
22:18:59  [TX] S,1058,00,00,1285,P1,30
22:18:59  [SLOT] n=1071 tx=23 ack=0 due=0 r=1
22:18:59  [AT] "AT+CIPSEND=24" (13)
22:18:59  [AT] " S,1058,00,00,1285,P1,30" (24)
22:18:59  [AT] "SEND OK" (7)
22:19:01  [TX] S,1059,00,00,1286,P1,32
22:19:01  [SLOT] n=1072 tx=23 ack=0 due=0 r=1
22:19:01  [AT] "AT+CIPSEND=24" (13)
22:19:01  [AT] " S,1059,00,00,1286,P1,32" (24)
22:19:01  [AT] "SEND OK" (7)
22:19:02  [TX] S,1060,00,00,1287,P1,39
22:19:02  [SLOT] n=1073 tx=23 ack=0 due=0 r=1
22:19:02  [AT] "AT+CIPSEND=24" (13)
22:19:02  [AT] " S,1060,00,00,1287,P1,39" (24)
22:19:02  [AT] "SEND OK" (7)
22:19:03  [TX] S,1061,00,00,1288,P1,37
22:19:03  [SLOT] n=1074 tx=23 ack=0 due=0 r=1
22:19:03  [AT] "AT+CIPSEND=24" (13)
22:19:03  [AT] " S,1061,00,00,1288,P1,37" (24)
22:19:03  [AT] "SEND OK" (7)
22:19:04  [TX] S,1062,00,00,1290,P1,3D
22:19:04  [SLOT] n=1075 tx=23 ack=0 due=0 r=1
22:19:04  [AT] "AT+CIPSEND=24" (13)
22:19:04  [AT] " S,1062,00,00,1290,P1,3D" (24)
22:19:04  [AT] "SEND OK" (7)
22:19:05  [TX] S,1063,00,00,1291,P1,3D
22:19:05  [SLOT] n=1076 tx=23 ack=0 due=0 r=1
22:19:05  [AT] "AT+CIPSEND=24" (13)
22:19:05  [AT] " S,1063,00,00,1291,P1,3D" (24)
22:19:05  [AT] "SEND OK" (7)
22:19:07  [TX] S,1064,00,00,1292,P1,39
22:19:07  [SLOT] n=1077 tx=23 ack=0 due=0 r=1
22:19:07  [AT] "AT+CIPSEND=24" (13)
22:19:07  [AT] " S,1064,00,00,1292,P1,39" (24)
22:19:07  [AT] "SEND OK" (7)
22:19:08  [TX] S,1065,00,00,1293,P1,39
22:19:08  [SLOT] n=1078 tx=23 ack=0 due=0 r=1
22:19:08  [AT] "AT+CIPSEND=24" (13)
22:19:08  [AT] " S,1065,00,00,1293,P1,39" (24)
22:19:08  [AT] "SEND OK" (7)
22:19:09  [TX] S,1066,00,00,1294,P1,3D
22:19:09  [SLOT] n=1079 tx=23 ack=0 due=0 r=1
22:19:09  [AT] "AT+CIPSEND=24" (13)
22:19:09  [AT] " S,1066,00,00,1294,P1,3D" (24)
22:19:09  [AT] "SEND OK" (7)
22:19:10  [TX] S,1067,00,00,1296,P1,3E
22:19:10  [SLOT] n=1080 tx=23 ack=0 due=0 r=1
22:19:10  [AT] "AT+CIPSEND=24" (13)
22:19:10  [AT] " S,1067,00,00,1296,P1,3E" (24)
22:19:10  [AT] "SEND OK" (7)
22:19:11  [TX] S,1068,00,00,1297,P1,30
22:19:11  [SLOT] n=1081 tx=23 ack=0 due=0 r=1
22:19:11  [AT] "AT+CIPSEND=24" (13)
22:19:11  [AT] " S,1068,00,00,1297,P1,30" (24)
22:19:11  [AT] "SEND OK" (7)
22:19:13  [TX] S,1069,00,00,1298,P1,3E
22:19:13  [SLOT] n=1082 tx=23 ack=0 due=0 r=1
22:19:13  [AT] "AT+CIPSEND=24" (13)
22:19:13  [AT] " S,1069,00,00,1298,P1,3E" (24)
22:19:13  [AT] "SEND OK" (7)
22:19:14  [TX] S,1070,00,00,1299,P1,37
22:19:14  [SLOT] n=1083 tx=23 ack=0 due=0 r=1
22:19:14  [AT] "AT+CIPSEND=24" (13)
22:19:14  [AT] " S,1070,00,00,1299,P1,37" (24)
22:19:14  [AT] "SEND OK" (7)
22:19:15  [TX] S,1071,00,00,1300,P1,37
22:19:15  [SLOT] n=1084 tx=23 ack=0 due=0 r=1
22:19:15  [AT] "AT+CIPSEND=24" (13)
22:19:15  [AT] " S,1071,00,00,1300,P1,37" (24)
22:19:15  [AT] "SEND OK" (7)
22:19:16  [TX] S,1072,00,00,1302,P1,36
22:19:16  [SLOT] n=1085 tx=23 ack=0 due=0 r=1
22:19:16  [AT] "AT+CIPSEND=24" (13)
22:19:16  [AT] " S,1072,00,00,1302,P1,36" (24)
22:19:16  [AT] "SEND OK" (7)
22:19:17  [TX] S,1073,00,00,1303,P1,36
22:19:17  [SLOT] n=1086 tx=23 ack=0 due=0 r=1
22:19:17  [AT] "AT+CIPSEND=24" (13)
22:19:17  [AT] " S,1073,00,00,1303,P1,36" (24)
22:19:17  [AT] "SEND OK" (7)
22:19:19  [TX] S,1074,00,00,1304,P1,36
22:19:19  [SLOT] n=1087 tx=23 ack=0 due=0 r=1
22:19:19  [AT] "AT+CIPSEND=24" (13)
22:19:19  [AT] " S,1074,00,00,1304,P1,36" (24)
22:19:19  [AT] "SEND OK" (7)
22:19:20  [TX] S,1075,00,00,1305,P1,36
22:19:20  [SLOT] n=1088 tx=23 ack=0 due=0 r=1
22:19:20  [AT] "AT+CIPSEND=24" (13)
22:19:20  [AT] " S,1075,00,00,1305,P1,36" (24)
22:19:20  [AT] "SEND OK" (7)
22:19:21  [TX] S,1076,00,00,1306,P1,36
22:19:21  [SLOT] n=1089 tx=23 ack=0 due=0 r=1
22:19:21  [AT] "AT+CIPSEND=24" (13)
22:19:21  [AT] " S,1076,00,00,1306,P1,36" (24)
22:19:21  [AT] "SEND OK" (7)
22:19:22  [TX] S,1077,00,00,1308,P1,39
22:19:22  [SLOT] n=1090 tx=23 ack=0 due=0 r=1
22:19:22  [AT] "AT+CIPSEND=24" (13)
22:19:22  [AT] " S,1077,00,00,1308,P1,39" (24)
22:19:22  [AT] "SEND OK" (7)
22:19:23  [TX] S,1078,00,00,1309,P1,37
22:19:23  [SLOT] n=1091 tx=23 ack=0 due=0 r=1
22:19:23  [AT] "AT+CIPSEND=24" (13)
22:19:23  [AT] " S,1078,00,00,1309,P1,37" (24)
22:19:23  [AT] "SEND OK" (7)
22:19:25  [TX] S,1079,00,00,1310,P1,3E
22:19:25  [SLOT] n=1092 tx=23 ack=0 due=0 r=1
22:19:25  [AT] "AT+CIPSEND=24" (13)
22:19:25  [AT] " S,1079,00,00,1310,P1,3E" (24)
22:19:25  [AT] "SEND OK" (7)
22:19:26  [TX] S,1080,00,00,1311,P1,39
22:19:26  [SLOT] n=1093 tx=23 ack=0 due=0 r=1
22:19:26  [AT] "AT+CIPSEND=24" (13)
22:19:26  [AT] " S,1080,00,00,1311,P1,39" (24)
22:19:26  [AT] "SEND OK" (7)
22:19:27  [TX] S,1081,00,00,1312,P1,3B
22:19:27  [SLOT] n=1094 tx=23 ack=0 due=0 r=1
22:19:27  [AT] "AT+CIPSEND=24" (13)
22:19:27  [AT] " S,1081,00,00,1312,P1,3B" (24)
22:19:27  [AT] "SEND OK" (7)
22:19:28  [TX] S,1082,00,00,1314,P1,3E
22:19:28  [SLOT] n=1095 tx=23 ack=0 due=0 r=1
22:19:28  [AT] "AT+CIPSEND=24" (13)
22:19:28  [AT] " S,1082,00,00,1314,P1,3E" (24)
22:19:28  [AT] "SEND OK" (7)
22:19:29  [TX] S,1083,00,00,1315,P1,3E
22:19:29  [SLOT] n=1096 tx=23 ack=0 due=0 r=1
22:19:29  [AT] "AT+CIPSEND=24" (13)
22:19:29  [AT] " S,1083,00,00,1315,P1,3E" (24)
22:19:29  [AT] "SEND OK" (7)
22:19:30  [TX] S,1084,00,00,1316,P1,3A
22:19:31  [SLOT] n=1097 tx=23 ack=0 due=0 r=1
22:19:31  [AT] "AT+CIPSEND=24" (13)
22:19:31  [AT] " S,1084,00,00,1316,P1,3A" (24)
22:19:31  [AT] "SEND OK" (7)
22:19:32  [TX] S,1085,00,00,1317,P1,3A
22:19:32  [SLOT] n=1098 tx=23 ack=0 due=0 r=1
22:19:32  [AT] "AT+CIPSEND=24" (13)
22:19:32  [AT] " S,1085,00,00,1317,P1,3A" (24)
22:19:32  [AT] "SEND OK" (7)
22:19:33  [TX] S,1086,00,00,1318,P1,36
22:19:33  [SLOT] n=1099 tx=23 ack=0 due=0 r=1
22:19:33  [AT] "AT+CIPSEND=24" (13)
22:19:33  [AT] " S,1086,00,00,1318,P1,36" (24)
22:19:33  [AT] "SEND OK" (7)
22:19:34  [TX] S,1087,00,00,1320,P1,3C
22:19:34  [SLOT] n=1100 tx=23 ack=0 due=0 r=1
22:19:34  [CNT] up=1320 drop=0 esprst=0 hwrst=0/0 resync=0 sendfail=0 okto=0 stuck=0 ackq=0 ackdrop=0 ackstale=0 slot=1100 oow=18 smiss=2 ssovf=0 cksumng=0 okstream=1085 penddrop=0 pendfill=1088 bigfill=3 bigdrop=0 bigokst=3 oklost=0 bigoklost=0 skip=2 online=1
22:19:34  [RAM] 최저 여유 585 B · 프롬프트 재동기 0회 (서버의 '버린줄' 과 맞아야 한다)
22:19:34  [AT] " S,1087,00,00,1320,P1,3C" (24)
22:19:34  [AT] "SEND OK" (7)
22:19:34  [AT] "AT+CIPSEND=24" (13)
22:19:35  [TX] S,1088,00,00,1321,P1,32
22:19:35  [SLOT] n=1101 tx=23 ack=0 due=0 r=1
22:19:35  [AT] "AT+CIPSEND=24" (13)
22:19:35  [AT] " S,1088,00,00,1321,P1,32" (24)
22:19:35  [AT] "SEND OK" (7)
22:19:36  «tap» 살아있음 — 최근 60초 rx=7956B (이 줄이 끊기면 탭이 죽은 것이다)
22:19:36  [TX] S,1089,00,00,1322,P1,30
22:19:36  [SLOT] n=1102 tx=23 ack=0 due=0 r=1
22:19:36  [AT] "AT+CIPSEND=24" (13)
22:19:37  [AT] " S,1089,00,00,1322,P1,30" (24)
22:19:37  [AT] "SEND OK" (7)
22:19:38  [TX] S,1090,00,00,1323,P1,39
22:19:38  [SLOT] n=1103 tx=23 ack=0 due=0 r=1
22:19:38  [AT] "AT+CIPSEND=24" (13)
22:19:38  [AT] " S,1090,00,00,1323,P1,39" (24)
22:19:38  [AT] "SEND OK" (7)
22:19:39  [TX] S,1091,00,00,1324,P1,3F
22:19:39  [SLOT] n=1104 tx=23 ack=0 due=0 r=1
22:19:39  [AT] "AT+CIPSEND=24" (13)
22:19:39  [AT] " S,1091,00,00,1324,P1,3F" (24)
22:19:39  [AT] "SEND OK" (7)
22:19:40  [TX] S,1092,00,00,1326,P1,3E
22:19:40  [SLOT] n=1105 tx=23 ack=0 due=0 r=1
22:19:40  [AT] "AT+CIPSEND=24" (13)
22:19:40  [AT] " S,1092,00,00,1326,P1,3E" (24)
22:19:40  [AT] "SEND OK" (7)
22:19:41  [TX] S,1093,00,00,1327,P1,3E
22:19:41  [SLOT] n=1106 tx=23 ack=0 due=0 r=1
22:19:41  [AT] "AT+CIPSEND=24" (13)
22:19:41  [AT] " S,1093,00,00,1327,P1,3E" (24)
22:19:41  [AT] "SEND OK" (7)
22:19:42  [TX] S,1094,00,00,1328,P1,36
22:19:42  [SLOT] n=1107 tx=23 ack=0 due=0 r=1
22:19:42  [AT] "AT+CIPSEND=24" (13)
22:19:43  [AT] " S,1094,00,00,1328,P1,36" (24)
22:19:43  [AT] "SEND OK" (7)
22:19:44  [TX] S,1095,00,00,1329,P1,36
22:19:44  [SLOT] n=1108 tx=23 ack=0 due=0 r=1
22:19:44  [AT] "AT+CIPSEND=24" (13)
22:19:44  [AT] " S,1095,00,00,1329,P1,36" (24)
22:19:44  [AT] "SEND OK" (7)
22:19:45  [TX] S,1096,00,00,1330,P1,3D
22:19:45  [SLOT] n=1109 tx=23 ack=0 due=0 r=1
22:19:45  [AT] "AT+CIPSEND=24" (13)
22:19:45  [AT] " S,1096,00,00,1330,P1,3D" (24)
22:19:45  [AT] "SEND OK" (7)
22:19:46  [TX] S,1097,00,00,1332,P1,3E
22:19:46  [SLOT] n=1110 tx=23 ack=0 due=0 r=1
22:19:46  [AT] "AT+CIPSEND=24" (13)
22:19:46  [AT] " S,1097,00,00,1332,P1,3E" (24)
22:19:46  [AT] "SEND OK" (7)
22:19:47  [TX] S,1098,00,00,1333,P1,30
22:19:47  [SLOT] n=1111 tx=23 ack=0 due=0 r=1
22:19:47  [AT] "AT+CIPSEND=24" (13)
22:19:47  [AT] " S,1098,00,00,1333,P1,30" (24)
22:19:47  [AT] "SEND OK" (7)
22:19:48  [TX] S,1099,00,00,1334,P1,36
22:19:48  [SLOT] n=1112 tx=23 ack=0 due=0 r=1
22:19:48  [AT] "AT+CIPSEND=24" (13)
22:19:48  [AT] " S,1099,00,00,1334,P1,36" (24)
22:19:48  [AT] "SEND OK" (7)
22:19:50  [TX] S,1100,00,00,1335,P1,36
22:19:50  [SLOT] n=1113 tx=23 ack=0 due=0 r=1
22:19:50  [AT] "AT+CIPSEND=24" (13)
22:19:50  [AT] " S,1100,00,00,1335,P1,36" (24)
22:19:50  [AT] "SEND OK" (7)
22:19:51  [TX] S,1101,00,00,1336,P1,34
22:19:51  [SLOT] n=1114 tx=23 ack=0 due=0 r=1
22:19:51  [AT] "AT+CIPSEND=24" (13)
22:19:51  [AT] " S,1101,00,00,1336,P1,34" (24)
22:19:51  [AT] "SEND OK" (7)
22:19:52  [TX] S,1102,00,00,1338,P1,39
22:19:52  [SLOT] n=1115 tx=23 ack=0 due=0 r=1
22:19:52  [AT] "AT+CIPSEND=24" (13)
22:19:52  [AT] " S,1102,00,00,1338,P1,39" (24)
22:19:52  [AT] "SEND OK" (7)
22:19:53  [TX] S,1103,00,00,1339,P1,39
22:19:53  [SLOT] n=1116 tx=23 ack=0 due=0 r=1
22:19:53  [AT] "AT+CIPSEND=24" (13)
22:19:53  [AT] " S,1103,00,00,1339,P1,39" (24)
22:19:53  [AT] "SEND OK" (7)
22:19:54  [TX] S,1104,00,00,1340,P1,30
22:19:54  [SLOT] n=1117 tx=23 ack=0 due=0 r=1
22:19:54  [AT] "AT+CIPSEND=24" (13)
22:19:54  [AT] " S,1104,00,00,1340,P1,30" (24)
22:19:54  [AT] "SEND OK" (7)
22:19:56  [TX] S,1105,00,00,1341,P1,30
22:19:56  [SLOT] n=1118 tx=23 ack=0 due=0 r=1
22:19:56  [AT] "AT+CIPSEND=24" (13)
22:19:56  [AT] " S,1105,00,00,1341,P1,30" (24)
22:19:56  [AT] "SEND OK" (7)
22:19:57  [TX] S,1106,00,00,1342,P1,30
22:19:57  [SLOT] n=1119 tx=23 ack=0 due=0 r=1
22:19:57  [AT] "AT+CIPSEND=24" (13)
22:19:57  [AT] " S,1106,00,00,1342,P1,30" (24)
22:19:57  [AT] "SEND OK" (7)
22:19:58  [TX] S,1107,00,00,1344,P1,37
22:19:58  [SLOT] n=1120 tx=23 ack=0 due=0 r=1
22:19:58  [AT] "AT+CIPSEND=24" (13)
22:19:58  [AT] " S,1107,00,00,1344,P1,37" (24)
22:19:58  [AT] "SEND OK" (7)
22:19:59  [TX] S,1108,00,00,1345,P1,39
22:19:59  [SLOT] n=1121 tx=23 ack=0 due=0 r=1
22:19:59  [AT] "AT+CIPSEND=24" (13)
22:19:59  [AT] " S,1108,00,00,1345,P1,39" (24)
22:19:59  [AT] "SEND OK" (7)
22:20:00  [TX] S,1109,00,00,1346,P1,3B
22:20:00  [SLOT] n=1122 tx=23 ack=0 due=0 r=1
22:20:00  [AT] "AT+CIPSEND=24" (13)
22:20:00  [AT] " S,1109,00,00,1346,P1,3B" (24)
22:20:00  [AT] "SEND OK" (7)
22:20:02  [TX] S,1110,00,00,1347,P1,32
22:20:02  [SLOT] n=1123 tx=23 ack=0 due=0 r=1
22:20:02  [AT] "AT+CIPSEND=24" (13)
22:20:02  [AT] " S,1110,00,00,1347,P1,32" (24)
22:20:02  [AT] "SEND OK" (7)
22:20:03  [TX] S,1111,00,00,1348,P1,3C
22:20:03  [SLOT] n=1124 tx=23 ack=0 due=0 r=1
22:20:03  [AT] "AT+CIPSEND=24" (13)
22:20:03  [AT] " S,1111,00,00,1348,P1,3C" (24)
22:20:03  [AT] "SEND OK" (7)
22:20:04  [TX] S,1112,00,00,1350,P1,36
22:20:04  [SLOT] n=1125 tx=23 ack=0 due=0 r=1
22:20:04  [AT] "AT+CIPSEND=24" (13)
22:20:04  [AT] " S,1112,00,00,1350,P1,36" (24)
22:20:04  [AT] "SEND OK" (7)
22:20:05  [TX] S,1113,00,00,1351,P1,36
22:20:05  [SLOT] n=1126 tx=23 ack=0 due=0 r=1
22:20:05  [AT] "AT+CIPSEND=24" (13)
22:20:05  [AT] " S,1113,00,00,1351,P1,36" (24)
22:20:05  [AT] "SEND OK" (7)
22:20:06  [TX] S,1114,00,00,1352,P1,32
22:20:06  [SLOT] n=1127 tx=23 ack=0 due=0 r=1
22:20:06  [AT] "AT+CIPSEND=24" (13)
22:20:06  [AT] " S,1114,00,00,1352,P1,32" (24)
22:20:06  [AT] "SEND OK" (7)
22:20:08  [TX] S,1115,00,00,1353,P1,32
22:20:08  [SLOT] n=1128 tx=23 ack=0 due=0 r=1
22:20:08  [AT] "AT+CIPSEND=24" (13)
22:20:08  [AT] " S,1115,00,00,1353,P1,32" (24)
22:20:08  [AT] "SEND OK" (7)
22:20:09  [TX] S,1116,00,00,1354,P1,36
22:20:09  [SLOT] n=1129 tx=23 ack=0 due=0 r=1
22:20:09  [AT] "AT+CIPSEND=24" (13)
22:20:09  [AT] " S,1116,00,00,1354,P1,36" (24)
22:20:09  [AT] "SEND OK" (7)
22:20:10  [TX] S,1117,00,00,1356,P1,35
22:20:10  [SLOT] n=1130 tx=23 ack=0 due=0 r=1
22:20:10  [AT] "AT+CIPSEND=24" (13)
22:20:10  [AT] " S,1117,00,00,1356,P1,35" (24)
22:20:10  [AT] "SEND OK" (7)
22:20:11  [TX] S,1118,00,00,1357,P1,3B
22:20:11  [SLOT] n=1131 tx=23 ack=0 due=0 r=1
22:20:11  [AT] "AT+CIPSEND=24" (13)
22:20:11  [AT] " S,1118,00,00,1357,P1,3B" (24)
22:20:11  [AT] "SEND OK" (7)
22:20:12  [TX] S,1119,00,00,1358,P1,35
22:20:12  [SLOT] n=1132 tx=23 ack=0 due=0 r=1
22:20:12  [AT] "AT+CIPSEND=24" (13)
22:20:12  [AT] " S,1119,00,00,1358,P1,35" (24)
22:20:12  [AT] "SEND OK" (7)
22:20:14  [TX] S,1120,00,00,1359,P1,3E
22:20:14  [SLOT] n=1133 tx=23 ack=0 due=0 r=1
22:20:14  [AT] "AT+CIPSEND=24" (13)
22:20:14  [AT] " S,1120,00,00,1359,P1,3E" (24)
22:20:14  [AT] "SEND OK" (7)
22:20:15  [TX] S,1121,00,00,1360,P1,35
22:20:15  [SLOT] n=1134 tx=23 ack=0 due=0 r=1
22:20:15  [AT] "AT+CIPSEND=24" (13)
22:20:15  [AT] " S,1121,00,00,1360,P1,35" (24)
22:20:15  [AT] "SEND OK" (7)
22:20:16  [TX] S,1122,00,00,1362,P1,34
22:20:16  [SLOT] n=1135 tx=23 ack=0 due=0 r=1
22:20:16  [AT] "AT+CIPSEND=24" (13)
22:20:16  [AT] " S,1122,00,00,1362,P1,34" (24)
22:20:16  [AT] "SEND OK" (7)
22:20:17  [TX] S,1123,00,00,1363,P1,34
22:20:17  [SLOT] n=1136 tx=23 ack=0 due=0 r=1
22:20:17  [AT] "AT+CIPSEND=24" (13)
22:20:18  [AT] " S,1123,00,00,1363,P1,34" (24)
22:20:18  [AT] "SEND OK" (7)
22:20:18  [TX] S,1124,00,00,1364,P1,34
22:20:18  [SLOT] n=1137 tx=23 ack=0 due=0 r=1
22:20:18  [AT] "AT+CIPSEND=24" (13)
22:20:18  [AT] " S,1124,00,00,1364,P1,34" (24)
22:20:18  [AT] "SEND OK" (7)
22:20:20  [TX] S,1125,00,00,1365,P1,34
22:20:20  [SLOT] n=1138 tx=23 ack=0 due=0 r=1
22:20:20  [AT] "AT+CIPSEND=24" (13)
22:20:20  [AT] " S,1125,00,00,1365,P1,34" (24)
22:20:20  [AT] "SEND OK" (7)
22:20:21  [TX] S,1126,00,00,1366,P1,34
22:20:21  [SLOT] n=1139 tx=23 ack=0 due=0 r=1
22:20:21  [AT] "AT+CIPSEND=24" (13)
22:20:21  [AT] " S,1126,00,00,1366,P1,34" (24)
22:20:21  [AT] "SEND OK" (7)
22:20:22  [TX] S,1127,00,00,1368,P1,3B
22:20:22  [SLOT] n=1140 tx=23 ack=0 due=0 r=1
22:20:22  [AT] "AT+CIPSEND=24" (13)
22:20:22  [AT] " S,1127,00,00,1368,P1,3B" (24)
22:20:22  [AT] "SEND OK" (7)
22:20:23  [TX] S,1128,00,00,1369,P1,35
22:20:23  [SLOT] n=1141 tx=23 ack=0 due=0 r=1
22:20:23  [AT] "AT+CIPSEND=24" (13)
22:20:23  [AT] " S,1128,00,00,1369,P1,35" (24)
22:20:23  [AT] "SEND OK" (7)
22:20:24  [TX] S,1129,00,00,1370,P1,3C
22:20:24  [SLOT] n=1142 tx=23 ack=0 due=0 r=1
22:20:24  [AT] "AT+CIPSEND=24" (13)
22:20:24  [AT] " S,1129,00,00,1370,P1,3C" (24)
22:20:24  [AT] "SEND OK" (7)
22:20:26  [TX] S,1130,00,00,1371,P1,35
22:20:26  [SLOT] n=1143 tx=23 ack=0 due=0 r=1
22:20:26  [AT] "AT+CIPSEND=24" (13)
22:20:26  [AT] " S,1130,00,00,1371,P1,35" (24)
22:20:26  [AT] "SEND OK" (7)
22:20:27  [TX] S,1131,00,00,1372,P1,37
22:20:27  [SLOT] n=1144 tx=23 ack=0 due=0 r=1
22:20:27  [AT] "AT+CIPSEND=24" (13)
22:20:27  [AT] " S,1131,00,00,1372,P1,37" (24)
22:20:27  [AT] "SEND OK" (7)
22:20:28  [TX] S,1132,00,00,1374,P1,32
22:20:28  [SLOT] n=1145 tx=23 ack=0 due=0 r=1
22:20:28  [AT] "AT+CIPSEND=24" (13)
22:20:28  [AT] " S,1132,00,00,1374,P1,32" (24)
22:20:28  [AT] "SEND OK" (7)
22:20:29  [TX] S,1133,00,00,1375,P1,32
22:20:29  [SLOT] n=1146 tx=23 ack=0 due=0 r=1
22:20:29  [AT] "AT+CIPSEND=24" (13)
22:20:29  [AT] " S,1133,00,00,1375,P1,32" (24)
22:20:29  [AT] "SEND OK" (7)
22:20:30  [TX] S,1134,00,00,1376,P1,36
22:20:30  [SLOT] n=1147 tx=23 ack=0 due=0 r=1
22:20:30  [AT] "AT+CIPSEND=24" (13)
22:20:30  [AT] " S,1134,00,00,1376,P1,36" (24)
22:20:30  [AT] "SEND OK" (7)
22:20:32  [TX] S,1135,00,00,1377,P1,36
22:20:32  [SLOT] n=1148 tx=23 ack=0 due=0 r=1
22:20:32  [AT] "AT+CIPSEND=24" (13)
22:20:32  [AT] " S,1135,00,00,1377,P1,36" (24)
22:20:32  [AT] "SEND OK" (7)
22:20:33  [TX] S,1136,00,00,1378,P1,3A
22:20:33  [SLOT] n=1149 tx=23 ack=0 due=0 r=1
22:20:33  [AT] "AT+CIPSEND=24" (13)
22:20:33  [AT] " S,1136,00,00,1378,P1,3A" (24)
22:20:33  [AT] "SEND OK" (7)
22:20:34  [TX] S,1137,00,00,1380,P1,3C
22:20:34  [SLOT] n=1150 tx=23 ack=0 due=0 r=1
22:20:34  [CNT] up=1380 drop=0 esprst=0 hwrst=0/0 resync=0 sendfail=0 okto=0 stuck=0 ackq=0 ackdrop=0 ackstale=0 slot=1150 oow=18 smiss=2 ssovf=0 cksumng=0 okstream=1135 penddrop=0 pendfill=1138 bigfill=3 bigdrop=0 bigokst=3 oklost=0 bigoklost=0 skip=2 online=1
22:20:34  [RAM] 최저 여유 585 B · 프롬프트 재동기 0회 (서버의 '버린줄' 과 맞아야 한다)
22:20:34  [AT] "AT+CIPSEND=24" (13)
22:20:34  [AT] " S,1137,00,00,1380,P1,3C" (24)
22:20:34  [AT] "SEND OK" (7)
22:20:35  [TX] S,1138,00,00,1381,P1,32
22:20:35  [SLOT] n=1151 tx=23 ack=0 due=0 r=1
22:20:35  [AT] "AT+CIPSEND=24" (13)
22:20:35  [AT] " S,1138,00,00,1381,P1,32" (24)
22:20:35  [AT] "SEND OK" (7)
22:20:36  «tap» 살아있음 — 최근 60초 rx=7956B (이 줄이 끊기면 탭이 죽은 것이다)
22:20:36  [TX] S,1139,00,00,1382,P1,30
22:20:36  [SLOT] n=1152 tx=23 ack=0 due=0 r=1
22:20:36  [AT] "AT+CIPSEND=24" (13)
22:20:36  [AT] " S,1139,00,00,1382,P1,30" (24)
22:20:36  [AT] "SEND OK" (7)
22:20:38  [TX] S,1140,00,00,1383,P1,3F
22:20:38  [SLOT] n=1153 tx=23 ack=0 due=0 r=1
22:20:38  [AT] "AT+CIPSEND=24" (13)
22:20:38  [AT] " S,1140,00,00,1383,P1,3F" (24)
22:20:38  [AT] "SEND OK" (7)
22:20:39  [TX] S,1141,00,00,1384,P1,39
22:20:39  [SLOT] n=1154 tx=23 ack=0 due=0 r=1
22:20:39  [AT] "AT+CIPSEND=24" (13)
22:20:39  [AT] " S,1141,00,00,1384,P1,39" (24)
22:20:39  [AT] "SEND OK" (7)
22:20:40  [TX] S,1142,00,00,1386,P1,38
22:20:40  [SLOT] n=1155 tx=23 ack=0 due=0 r=1
22:20:40  [AT] "AT+CIPSEND=24" (13)
22:20:40  [AT] " S,1142,00,00,1386,P1,38" (24)
22:20:40  [AT] "SEND OK" (7)
22:20:41  [TX] S,1143,00,00,1387,P1,38
22:20:41  [SLOT] n=1156 tx=23 ack=0 due=0 r=1
22:20:41  [AT] "AT+CIPSEND=24" (13)
22:20:41  [AT] " S,1143,00,00,1387,P1,38" (24)
22:20:41  [AT] "SEND OK" (7)
22:20:42  [TX] S,1144,00,00,1388,P1,30
22:20:42  [SLOT] n=1157 tx=23 ack=0 due=0 r=1
22:20:42  [AT] "AT+CIPSEND=24" (13)
22:20:42  [AT] " S,1144,00,00,1388,P1,30" (24)
22:20:42  [AT] "SEND OK" (7)
22:20:44  [TX] S,1145,00,00,1389,P1,30
22:20:44  [SLOT] n=1158 tx=23 ack=0 due=0 r=1
22:20:44  [AT] "AT+CIPSEND=24" (13)
22:20:44  [AT] " S,1145,00,00,1389,P1,30" (24)
22:20:44  [AT] "SEND OK" (7)
22:20:45  [TX] S,1146,00,00,1390,P1,3B
22:20:45  [SLOT] n=1159 tx=23 ack=0 due=0 r=1
22:20:45  [AT] "AT+CIPSEND=24" (13)
22:20:45  [AT] " S,1146,00,00,1390,P1,3B" (24)
22:20:45  [AT] "SEND OK" (7)
22:20:46  [TX] S,1147,00,00,1392,P1,38
22:20:46  [SLOT] n=1160 tx=23 ack=0 due=0 r=1
22:20:46  [AT] "AT+CIPSEND=24" (13)
22:20:46  [AT] " S,1147,00,00,1392,P1,38" (24)
22:20:46  [AT] "SEND OK" (7)
22:20:47  [TX] S,1148,00,00,1393,P1,36
22:20:47  [SLOT] n=1161 tx=23 ack=0 due=0 r=1
22:20:47  [AT] "AT+CIPSEND=24" (13)
22:20:47  [AT] " S,1148,00,00,1393,P1,36" (24)
22:20:47  [AT] "SEND OK" (7)
22:20:48  [TX] S,1149,00,00,1394,P1,30
22:20:48  [SLOT] n=1162 tx=23 ack=0 due=0 r=1
22:20:48  [AT] "AT+CIPSEND=24" (13)
22:20:48  [AT] " S,1149,00,00,1394,P1,30" (24)
22:20:48  [AT] "SEND OK" (7)
22:20:50  [TX] S,1150,00,00,1395,P1,39
22:20:50  [SLOT] n=1163 tx=23 ack=0 due=0 r=1
22:20:50  [AT] "AT+CIPSEND=24" (13)
22:20:50  [AT] " S,1150,00,00,1395,P1,39" (24)
22:20:50  [AT] "SEND OK" (7)
22:20:51  [TX] S,1151,00,00,1396,P1,3B
22:20:51  [SLOT] n=1164 tx=23 ack=0 due=0 r=1
22:20:51  [AT] "AT+CIPSEND=24" (13)
22:20:51  [AT] " S,1151,00,00,1396,P1,3B" (24)
22:20:51  [AT] "SEND OK" (7)
22:20:52  [TX] S,1152,00,00,1398,P1,36
22:20:52  [SLOT] n=1165 tx=23 ack=0 due=0 r=1
22:20:52  [AT] "AT+CIPSEND=24" (13)
22:20:52  [AT] " S,1152,00,00,1398,P1,36" (24)
22:20:52  [AT] "SEND OK" (7)
22:20:53  [TX] S,1153,00,00,1399,P1,36
22:20:53  [SLOT] n=1166 tx=23 ack=0 due=0 r=1
22:20:53  [AT] "AT+CIPSEND=24" (13)
22:20:53  [AT] " S,1153,00,00,1399,P1,36" (24)
22:20:53  [AT] "SEND OK" (7)
22:20:54  [TX] S,1154,00,00,1400,P1,36
22:20:54  [SLOT] n=1167 tx=23 ack=0 due=0 r=1
22:20:54  [AT] "AT+CIPSEND=24" (13)
22:20:54  [AT] " S,1154,00,00,1400,P1,36" (24)
22:20:54  [AT] "SEND OK" (7)
22:20:56  [TX] S,1155,00,00,1401,P1,36
22:20:56  [SLOT] n=1168 tx=23 ack=0 due=0 r=1
22:20:56  [AT] "AT+CIPSEND=24" (13)
22:20:56  [AT] " S,1155,00,00,1401,P1,36" (24)
22:20:56  [AT] "SEND OK" (7)
22:20:57  [TX] S,1156,00,00,1402,P1,36
22:20:57  [SLOT] n=1169 tx=23 ack=0 due=0 r=1
22:20:57  [AT] "AT+CIPSEND=24" (13)
22:20:57  [AT] " S,1156,00,00,1402,P1,36" (24)
22:20:57  [AT] "SEND OK" (7)
22:20:58  [TX] S,1157,00,00,1404,P1,31
22:20:58  [SLOT] n=1170 tx=23 ack=0 due=0 r=1
22:20:58  [AT] "AT+CIPSEND=24" (13)
22:20:58  [AT] " S,1157,00,00,1404,P1,31" (24)
22:20:58  [AT] "SEND OK" (7)
22:20:59  [TX] S,1158,00,00,1405,P1,3F
22:20:59  [SLOT] n=1171 tx=23 ack=0 due=0 r=1
22:20:59  [AT] "AT+CIPSEND=24" (13)
22:20:59  [AT] " S,1158,00,00,1405,P1,3F" (24)
22:20:59  [AT] "SEND OK" (7)
22:21:00  [TX] S,1159,00,00,1406,P1,3D
22:21:00  [SLOT] n=1172 tx=23 ack=0 due=0 r=1
22:21:00  [AT] "AT+CIPSEND=24" (13)
22:21:00  [AT] " S,1159,00,00,1406,P1,3D" (24)
22:21:00  [AT] "SEND OK" (7)
22:21:02  [TX] S,1160,00,00,1407,P1,36
22:21:02  [SLOT] n=1173 tx=23 ack=0 due=0 r=1
22:21:02  [AT] "AT+CIPSEND=24" (13)
22:21:02  [AT] " S,1160,00,00,1407,P1,36" (24)
22:21:02  [AT] "SEND OK" (7)
22:21:03  [TX] S,1161,00,00,1408,P1,38
22:21:03  [SLOT] n=1174 tx=23 ack=0 due=0 r=1
22:21:03  [AT] "AT+CIPSEND=24" (13)
22:21:03  [AT] " S,1161,00,00,1408,P1,38" (24)
22:21:03  [AT] "SEND OK" (7)
22:21:04  [TX] S,1162,00,00,1410,P1,32
22:21:04  [SLOT] n=1175 tx=23 ack=0 due=0 r=1
22:21:04  [AT] "AT+CIPSEND=24" (13)
22:21:04  [AT] " S,1162,00,00,1410,P1,32" (24)
22:21:04  [AT] "SEND OK" (7)
22:21:06  [TX] S,1163,00,00,1411,P1,32
22:21:06  [SLOT] n=1176 tx=23 ack=0 due=0 r=1
22:21:06  [AT] "AT+CIPSEND=24" (13)
22:21:06  [AT] " S,1163,00,00,1411,P1,32" (24)
22:21:06  [AT] "SEND OK" (7)
22:21:07  [TX] S,1164,00,00,1412,P1,36
22:21:07  [SLOT] n=1177 tx=23 ack=0 due=0 r=1
22:21:07  [AT] "AT+CIPSEND=24" (13)
22:21:07  [AT] " S,1164,00,00,1412,P1,36" (24)
22:21:07  [AT] "SEND OK" (7)
22:21:09  [TX] S,1165,00,00,1413,P1,36
22:21:09  [SLOT] n=1178 tx=23 ack=0 due=0 r=1
22:21:09  [AT] "AT+CIPSEND=24" (13)
22:21:09  [AT] " S,1165,00,00,1413,P1,36" (24)
22:21:09  [AT] "SEND OK" (7)
22:21:10  [TX] S,1166,00,00,1414,P1,32
22:21:10  [SLOT] n=1179 tx=23 ack=0 due=0 r=1
22:21:10  [AT] "AT+CIPSEND=24" (13)
22:21:10  [AT] " S,1166,00,00,1414,P1,32" (24)
22:21:10  [AT] "SEND OK" (7)
22:21:11  [TX] S,1167,00,00,1416,P1,31
22:21:11  [SLOT] n=1180 tx=23 ack=0 due=0 r=1
22:21:11  [AT] "AT+CIPSEND=24" (13)
22:21:11  [AT] " S,1167,00,00,1416,P1,31" (24)
22:21:11  [AT] "SEND OK" (7)
22:21:12  [TX] S,1168,00,00,1417,P1,3F
22:21:12  [SLOT] n=1181 tx=23 ack=0 due=0 r=1
22:21:12  [AT] "AT+CIPSEND=24" (13)
22:21:12  [AT] " S,1168,00,00,1417,P1,3F" (24)
22:21:12  [AT] "SEND OK" (7)
22:21:13  [TX] S,1169,00,00,1418,P1,31
22:21:13  [SLOT] n=1182 tx=23 ack=0 due=0 r=1
22:21:13  [AT] "AT+CIPSEND=24" (13)
22:21:13  [AT] " S,1169,00,00,1418,P1,31" (24)
22:21:13  [AT] "SEND OK" (7)
22:21:15  [TX] S,1170,00,00,1419,P1,38
22:21:15  [SLOT] n=1183 tx=23 ack=0 due=0 r=1
22:21:15  [AT] "AT+CIPSEND=24" (13)
22:21:15  [AT] " S,1170,00,00,1419,P1,38" (24)
22:21:15  [AT] "SEND OK" (7)
22:21:16  [TX] S,1171,00,00,1420,P1,33
22:21:16  [SLOT] n=1184 tx=23 ack=0 due=0 r=1
22:21:16  [AT] "AT+CIPSEND=24" (13)
22:21:16  [AT] " S,1171,00,00,1420,P1,33" (24)
22:21:16  [AT] "SEND OK" (7)
22:21:17  [TX] S,1172,00,00,1422,P1,32
22:21:17  [SLOT] n=1185 tx=23 ack=0 due=0 r=1
22:21:17  [AT] "AT+CIPSEND=24" (13)
22:21:17  [AT] " S,1172,00,00,1422,P1,32" (24)
22:21:17  [AT] "SEND OK" (7)
22:21:18  [TX] S,1173,00,00,1423,P1,32
22:21:18  [SLOT] n=1186 tx=23 ack=0 due=0 r=1
22:21:18  [AT] "AT+CIPSEND=24" (13)
22:21:18  [AT] " S,1173,00,00,1423,P1,32" (24)
22:21:18  [AT] "SEND OK" (7)
22:21:19  [TX] S,1174,00,00,1424,P1,32
22:21:19  [SLOT] n=1187 tx=23 ack=0 due=0 r=1
22:21:19  [AT] "AT+CIPSEND=24" (13)
22:21:19  [AT] " S,1174,00,00,1424,P1,32" (24)
22:21:19  [AT] "SEND OK" (7)
22:21:21  [TX] S,1175,00,00,1425,P1,32
22:21:21  [SLOT] n=1188 tx=23 ack=0 due=0 r=1
22:21:21  [AT] "AT+CIPSEND=24" (13)
22:21:21  [AT] " S,1175,00,00,1425,P1,32" (24)
22:21:21  [AT] "SEND OK" (7)
22:21:22  [TX] S,1176,00,00,1426,P1,32
22:21:22  [SLOT] n=1189 tx=23 ack=0 due=0 r=1
22:21:22  [AT] "AT+CIPSEND=24" (13)
22:21:22  [AT] " S,1176,00,00,1426,P1,32" (24)
22:21:22  [AT] "SEND OK" (7)
22:21:23  [TX] S,1177,00,00,1428,P1,3D
22:21:23  [SLOT] n=1190 tx=23 ack=0 due=0 r=1
22:21:23  [AT] "AT+CIPSEND=24" (13)
22:21:23  [AT] " S,1177,00,00,1428,P1,3D" (24)
22:21:23  [AT] "SEND OK" (7)
22:21:24  [TX] S,1178,00,00,1429,P1,33
22:21:24  [SLOT] n=1191 tx=23 ack=0 due=0 r=1
22:21:24  [AT] "AT+CIPSEND=24" (13)
22:21:24  [AT] " S,1178,00,00,1429,P1,33" (24)
22:21:24  [AT] "SEND OK" (7)
22:21:25  [TX] S,1179,00,00,1430,P1,3A
22:21:25  [SLOT] n=1192 tx=23 ack=0 due=0 r=1
22:21:25  [AT] "AT+CIPSEND=24" (13)
22:21:25  [AT] " S,1179,00,00,1430,P1,3A" (24)
22:21:25  [AT] "SEND OK" (7)
22:21:27  [TX] S,1180,00,00,1431,P1,3D
22:21:27  [SLOT] n=1193 tx=23 ack=0 due=0 r=1
22:21:27  [AT] "AT+CIPSEND=24" (13)
22:21:27  [AT] " S,1180,00,00,1431,P1,3D" (24)
22:21:27  [AT] "SEND OK" (7)
22:21:28  [TX] S,1181,00,00,1432,P1,3F
22:21:28  [SLOT] n=1194 tx=23 ack=0 due=0 r=1
22:21:28  [AT] "AT+CIPSEND=24" (13)
22:21:28  [AT] " S,1181,00,00,1432,P1,3F" (24)
22:21:28  [AT] "SEND OK" (7)
22:21:29  [TX] S,1182,00,00,1434,P1,3A
22:21:29  [SLOT] n=1195 tx=23 ack=0 due=0 r=1
22:21:29  [AT] "AT+CIPSEND=24" (13)
22:21:29  [AT] " S,1182,00,00,1434,P1,3A" (24)
22:21:29  [AT] "SEND OK" (7)
22:21:30  [TX] S,1183,00,00,1435,P1,3A
22:21:30  [SLOT] n=1196 tx=23 ack=0 due=0 r=1
22:21:30  [AT] "AT+CIPSEND=24" (13)
22:21:30  [AT] " S,1183,00,00,1435,P1,3A" (24)
22:21:30  [AT] "SEND OK" (7)
22:21:31  [TX] S,1184,00,00,1436,P1,3E
22:21:31  [SLOT] n=1197 tx=23 ack=0 due=0 r=1
22:21:31  [AT] "AT+CIPSEND=24" (13)
22:21:31  [AT] " S,1184,00,00,1436,P1,3E" (24)
22:21:31  [AT] "SEND OK" (7)
22:21:33  [TX] S,1185,00,00,1437,P1,3E
22:21:33  [SLOT] n=1198 tx=23 ack=0 due=0 r=1
22:21:33  [AT] "AT+CIPSEND=24" (13)
22:21:33  [AT] " S,1185,00,00,1437,P1,3E" (24)
22:21:33  [AT] "SEND OK" (7)
22:21:34  [TX] S,1186,00,00,1438,P1,32
22:21:34  [SLOT] n=1199 tx=23 ack=0 due=0 r=1
22:21:34  [AT] "AT+CIPSEND=24" (13)
22:21:34  [AT] " S,1186,00,00,1438,P1,32" (24)
22:21:34  [AT] "SEND OK" (7)
22:21:35  [TX] S,1187,00,00,1440,P1,3C
22:21:35  [SLOT] n=1200 tx=23 ack=0 due=0 r=1
22:21:35  [CNT] up=1440 drop=0 esprst=0 hwrst=0/0 resync=0 sendfail=0 okto=0 stuck=0 ackq=0 ackdrop=0 ackstale=0 slot=1200 oow=18 smiss=2 ssovf=0 cksumng=0 okstream=1185 penddrop=0 pendfill=1188 bigfill=3 bigdrop=0 bigokst=3 oklost=0 bigoklost=0 skip=2 online=1
22:21:35  [RAM] 최저 여유 585 B · 프롬프트 재동기 0회 (서버의 '버린줄' 과 맞아야 한다)
22:21:35  [AT] " S,1187,00,00,1440,P1,3C" (24)
22:21:35  [AT] "SEND OK" (7)
22:21:35  [AT] "AT+CIPSEND=24" (13)
22:21:36  [TX] S,1188,00,00,1441,P1,32
22:21:36  [SLOT] n=1201 tx=23 ack=0 due=0 r=1
22:21:36  [AT] "AT+CIPSEND=24" (13)
22:21:36  [AT] " S,1188,00,00,1441,P1,32" (24)
22:21:36  [AT] "SEND OK" (7)
22:21:37  «tap» 살아있음 — 최근 60초 rx=7956B (이 줄이 끊기면 탭이 죽은 것이다)
22:21:37  [TX] S,1189,00,00,1442,P1,30
22:21:37  [SLOT] n=1202 tx=23 ack=0 due=0 r=1
22:21:37  [AT] "AT+CIPSEND=24" (13)
22:21:37  [AT] " S,1189,00,00,1442,P1,30" (24)
22:21:37  [AT] "SEND OK" (7)
22:21:39  [TX] S,1190,00,00,1443,P1,39
22:21:39  [SLOT] n=1203 tx=23 ack=0 due=0 r=1
22:21:39  [AT] "AT+CIPSEND=24" (13)
22:21:39  [AT] " S,1190,00,00,1443,P1,39" (24)
22:21:39  [AT] "SEND OK" (7)
22:21:40  [TX] S,1191,00,00,1444,P1,3F
22:21:40  [SLOT] n=1204 tx=23 ack=0 due=0 r=1
22:21:40  [AT] "AT+CIPSEND=24" (13)
22:21:40  [AT] " S,1191,00,00,1444,P1,3F" (24)
22:21:40  [AT] "SEND OK" (7)
22:21:41  [TX] S,1192,00,00,1446,P1,3E
22:21:41  [SLOT] n=1205 tx=23 ack=0 due=0 r=1
22:21:41  [AT] "AT+CIPSEND=24" (13)
22:21:41  [AT] " S,1192,00,00,1446,P1,3E" (24)
22:21:41  [AT] "SEND OK" (7)
22:21:42  [TX] S,1193,00,00,1447,P1,3E
22:21:42  [SLOT] n=1206 tx=23 ack=0 due=0 r=1
22:21:42  [AT] "AT+CIPSEND=24" (13)
22:21:42  [AT] " S,1193,00,00,1447,P1,3E" (24)
22:21:42  [AT] "SEND OK" (7)
22:21:43  [TX] S,1194,00,00,1448,P1,36
22:21:43  [SLOT] n=1207 tx=23 ack=0 due=0 r=1
22:21:43  [AT] "AT+CIPSEND=24" (13)
22:21:43  [AT] " S,1194,00,00,1448,P1,36" (24)
22:21:43  [AT] "SEND OK" (7)
22:21:44  [TX] S,1195,00,00,1449,P1,36
22:21:45  [SLOT] n=1208 tx=23 ack=0 due=0 r=1
22:21:45  [AT] "AT+CIPSEND=24" (13)
22:21:45  [AT] " S,1195,00,00,1449,P1,36" (24)
22:21:45  [AT] "SEND OK" (7)
22:21:46  [TX] S,1196,00,00,1450,P1,3D
22:21:46  [SLOT] n=1209 tx=23 ack=0 due=0 r=1
22:21:46  [AT] "AT+CIPSEND=24" (13)
22:21:46  [AT] " S,1196,00,00,1450,P1,3D" (24)
22:21:46  [AT] "SEND OK" (7)
22:21:47  [TX] S,1197,00,00,1452,P1,3E
22:21:47  [SLOT] n=1210 tx=23 ack=0 due=0 r=1
22:21:47  [AT] "AT+CIPSEND=24" (13)
22:21:47  [AT] " S,1197,00,00,1452,P1,3E" (24)
22:21:47  [AT] "SEND OK" (7)
22:21:48  [TX] S,1198,00,00,1453,P1,30
22:21:48  [SLOT] n=1211 tx=23 ack=0 due=0 r=1
22:21:48  [AT] "AT+CIPSEND=24" (13)
22:21:48  [AT] " S,1198,00,00,1453,P1,30" (24)
22:21:48  [AT] "SEND OK" (7)
22:21:49  [TX] S,1199,00,00,1454,P1,36
22:21:49  [SLOT] n=1212 tx=23 ack=0 due=0 r=1
22:21:49  [AT] "AT+CIPSEND=24" (13)
22:21:49  [AT] " S,1199,00,00,1454,P1,36" (24)
22:21:49  [AT] "SEND OK" (7)
22:21:50  [TX] S,1200,00,00,1455,P1,34
22:21:51  [SLOT] n=1213 tx=23 ack=0 due=0 r=1
22:21:51  [AT] "AT+CIPSEND=24" (13)
22:21:51  [AT] " S,1200,00,00,1455,P1,34" (24)
22:21:51  [AT] "SEND OK" (7)
22:21:52  [TX] S,1201,00,00,1456,P1,36
22:21:52  [SLOT] n=1214 tx=23 ack=0 due=0 r=1
22:21:52  [AT] "AT+CIPSEND=24" (13)
22:21:52  [AT] " S,1201,00,00,1456,P1,36" (24)
22:21:52  [AT] "SEND OK" (7)
22:21:53  [TX] S,1202,00,00,1458,P1,3B
22:21:53  [SLOT] n=1215 tx=23 ack=0 due=0 r=1
22:21:53  [AT] "AT+CIPSEND=24" (13)
22:21:53  [AT] " S,1202,00,00,1458,P1,3B" (24)
22:21:53  [AT] "SEND OK" (7)
22:21:54  [TX] S,1203,00,00,1459,P1,3B
22:21:54  [SLOT] n=1216 tx=23 ack=0 due=0 r=1
22:21:54  [AT] "AT+CIPSEND=24" (13)
22:21:54  [AT] " S,1203,00,00,1459,P1,3B" (24)
22:21:54  [AT] "SEND OK" (7)
22:21:55  [TX] S,1204,00,00,1460,P1,36
22:21:55  [SLOT] n=1217 tx=23 ack=0 due=0 r=1
22:21:55  [AT] "AT+CIPSEND=24" (13)
22:21:55  [AT] " S,1204,00,00,1460,P1,36" (24)
22:21:55  [AT] "SEND OK" (7)
22:21:56  [TX] S,1205,00,00,1461,P1,36
22:21:56  [SLOT] n=1218 tx=23 ack=0 due=0 r=1
22:21:57  [AT] "AT+CIPSEND=24" (13)
22:21:57  [AT] " S,1205,00,00,1461,P1,36" (24)
22:21:57  [AT] "SEND OK" (7)
22:21:58  [TX] S,1206,00,00,1462,P1,36
22:21:58  [SLOT] n=1219 tx=23 ack=0 due=0 r=1
22:21:58  [AT] "AT+CIPSEND=24" (13)
22:21:58  [AT] " S,1206,00,00,1462,P1,36" (24)
22:21:58  [AT] "SEND OK" (7)
22:21:59  [TX] S,1207,00,00,1464,P1,31
22:21:59  [SLOT] n=1220 tx=23 ack=0 due=0 r=1
22:21:59  [AT] "AT+CIPSEND=24" (13)
22:21:59  [AT] " S,1207,00,00,1464,P1,31" (24)
22:21:59  [AT] "SEND OK" (7)
22:22:00  [TX] S,1208,00,00,1465,P1,3F
22:22:00  [SLOT] n=1221 tx=23 ack=0 due=0 r=1
22:22:00  [AT] "AT+CIPSEND=24" (13)
22:22:00  [AT] " S,1208,00,00,1465,P1,3F" (24)
22:22:00  [AT] "SEND OK" (7)
22:22:01  [TX] S,1209,00,00,1466,P1,3D
22:22:01  [SLOT] n=1222 tx=23 ack=0 due=0 r=1
22:22:01  [AT] "AT+CIPSEND=24" (13)
22:22:01  [AT] " S,1209,00,00,1466,P1,3D" (24)
22:22:01  [AT] "SEND OK" (7)
22:22:02  [TX] S,1210,00,00,1467,P1,34
22:22:02  [SLOT] n=1223 tx=23 ack=0 due=0 r=1
22:22:02  [AT] "AT+CIPSEND=24" (13)
22:22:03  [AT] " S,1210,00,00,1467,P1,34" (24)
22:22:03  [AT] "SEND OK" (7)
22:22:04  [TX] S,1211,00,00,1468,P1,3A
22:22:04  [SLOT] n=1224 tx=23 ack=0 due=0 r=1
22:22:04  [AT] "AT+CIPSEND=24" (13)
22:22:04  [AT] " S,1211,00,00,1468,P1,3A" (24)
22:22:04  [AT] "SEND OK" (7)
22:22:05  [TX] S,1212,00,00,1470,P1,30
22:22:05  [SLOT] n=1225 tx=23 ack=0 due=0 r=1
22:22:05  [AT] "AT+CIPSEND=24" (13)
22:22:05  [AT] " S,1212,00,00,1470,P1,30" (24)
22:22:05  [AT] "SEND OK" (7)
22:22:06  [TX] S,1213,00,00,1471,P1,30
22:22:06  [SLOT] n=1226 tx=23 ack=0 due=0 r=1
22:22:06  [AT] "AT+CIPSEND=24" (13)
22:22:06  [AT] " S,1213,00,00,1471,P1,30" (24)
22:22:06  [AT] "SEND OK" (7)
22:22:07  [TX] S,1214,00,00,1472,P1,34
22:22:07  [SLOT] n=1227 tx=23 ack=0 due=0 r=1
22:22:07  [AT] "AT+CIPSEND=24" (13)
22:22:07  [AT] " S,1214,00,00,1472,P1,34" (24)
22:22:07  [AT] "SEND OK" (7)
22:22:08  [TX] S,1215,00,00,1473,P1,34
22:22:08  [SLOT] n=1228 tx=23 ack=0 due=0 r=1
22:22:08  [AT] "AT+CIPSEND=24" (13)
22:22:09  [AT] " S,1215,00,00,1473,P1,34" (24)
22:22:09  [AT] "SEND OK" (7)
22:22:10  [TX] S,1216,00,00,1474,P1,30
22:22:10  [SLOT] n=1229 tx=23 ack=0 due=0 r=1
22:22:10  [AT] "AT+CIPSEND=24" (13)
22:22:10  [AT] " S,1216,00,00,1474,P1,30" (24)
22:22:10  [AT] "SEND OK" (7)
22:22:11  [TX] S,1217,00,00,1476,P1,33
22:22:11  [SLOT] n=1230 tx=23 ack=0 due=0 r=1
22:22:11  [AT] "AT+CIPSEND=24" (13)
22:22:11  [AT] " S,1217,00,00,1476,P1,33" (24)
22:22:11  [AT] "SEND OK" (7)
22:22:12  [TX] S,1218,00,00,1477,P1,3D
22:22:12  [SLOT] n=1231 tx=23 ack=0 due=0 r=1
22:22:12  [AT] "AT+CIPSEND=24" (13)
22:22:12  [AT] " S,1218,00,00,1477,P1,3D" (24)
22:22:12  [AT] "SEND OK" (7)
22:22:13  [TX] S,1219,00,00,1478,P1,33
22:22:13  [SLOT] n=1232 tx=23 ack=0 due=0 r=1
22:22:13  [AT] "AT+CIPSEND=24" (13)
22:22:13  [AT] " S,1219,00,00,1478,P1,33" (24)
22:22:13  [AT] "SEND OK" (7)
22:22:14  [TX] S,1220,00,00,1479,P1,38
22:22:14  [SLOT] n=1233 tx=23 ack=0 due=0 r=1
22:22:14  [AT] "AT+CIPSEND=24" (13)
22:22:15  [AT] " S,1220,00,00,1479,P1,38" (24)
22:22:15  [AT] "SEND OK" (7)
22:22:16  [TX] S,1221,00,00,1480,P1,3F
22:22:16  [SLOT] n=1234 tx=23 ack=0 due=0 r=1
22:22:16  [AT] "AT+CIPSEND=24" (13)
22:22:16  [AT] " S,1221,00,00,1480,P1,3F" (24)
22:22:16  [AT] "SEND OK" (7)
22:22:17  [TX] S,1222,00,00,1482,P1,3E
22:22:17  [SLOT] n=1235 tx=23 ack=0 due=0 r=1
22:22:17  [AT] "AT+CIPSEND=24" (13)
22:22:17  [AT] " S,1222,00,00,1482,P1,3E" (24)
22:22:17  [AT] "SEND OK" (7)
22:22:18  [TX] S,1223,00,00,1483,P1,3E
22:22:18  [SLOT] n=1236 tx=23 ack=0 due=0 r=1
22:22:18  [AT] "AT+CIPSEND=24" (13)
22:22:18  [AT] " S,1223,00,00,1483,P1,3E" (24)
22:22:18  [AT] "SEND OK" (7)
22:22:19  [TX] S,1224,00,00,1484,P1,3E
22:22:19  [SLOT] n=1237 tx=23 ack=0 due=0 r=1
22:22:19  [AT] "AT+CIPSEND=24" (13)
22:22:19  [AT] " S,1224,00,00,1484,P1,3E" (24)
22:22:19  [AT] "SEND OK" (7)
22:22:20  [TX] S,1225,00,00,1485,P1,3E
22:22:20  [SLOT] n=1238 tx=23 ack=0 due=0 r=1
22:22:20  [AT] "AT+CIPSEND=24" (13)
22:22:21  [AT] " S,1225,00,00,1485,P1,3E" (24)
22:22:21  [AT] "SEND OK" (7)
22:22:22  [TX] S,1226,00,00,1486,P1,3E
22:22:22  [SLOT] n=1239 tx=23 ack=0 due=0 r=1
22:22:22  [AT] "AT+CIPSEND=24" (13)
22:22:22  [AT] " S,1226,00,00,1486,P1,3E" (24)
22:22:22  [AT] "SEND OK" (7)
22:22:23  [TX] S,1227,00,00,1488,P1,31
22:22:23  [SLOT] n=1240 tx=23 ack=0 due=0 r=1
22:22:23  [AT] "AT+CIPSEND=24" (13)
22:22:23  [AT] " S,1227,00,00,1488,P1,31" (24)
22:22:23  [AT] "SEND OK" (7)
22:22:24  [TX] S,1228,00,00,1489,P1,3F
22:22:24  [SLOT] n=1241 tx=23 ack=0 due=0 r=1
22:22:24  [AT] "AT+CIPSEND=24" (13)
22:22:24  [AT] " S,1228,00,00,1489,P1,3F" (24)
22:22:24  [AT] "SEND OK" (7)
22:22:25  [TX] S,1229,00,00,1490,P1,36
22:22:25  [SLOT] n=1242 tx=23 ack=0 due=0 r=1
22:22:25  [AT] "AT+CIPSEND=24" (13)
22:22:25  [AT] " S,1229,00,00,1490,P1,36" (24)
22:22:25  [AT] "SEND OK" (7)
22:22:26  [TX] S,1230,00,00,1491,P1,3F
22:22:26  [SLOT] n=1243 tx=23 ack=0 due=0 r=1
22:22:26  [AT] "AT+CIPSEND=24" (13)
22:22:27  [AT] " S,1230,00,00,1491,P1,3F" (24)
22:22:27  [AT] "SEND OK" (7)
22:22:28  [TX] S,1231,00,00,1492,P1,3D
22:22:28  [SLOT] n=1244 tx=23 ack=0 due=0 r=1
22:22:28  [AT] "AT+CIPSEND=24" (13)
22:22:28  [AT] " S,1231,00,00,1492,P1,3D" (24)
22:22:28  [AT] "SEND OK" (7)
22:22:29  [TX] S,1232,00,00,1494,P1,38
22:22:29  [SLOT] n=1245 tx=23 ack=0 due=0 r=1
22:22:29  [AT] "AT+CIPSEND=24" (13)
22:22:29  [AT] " S,1232,00,00,1494,P1,38" (24)
22:22:29  [AT] "SEND OK" (7)
22:22:30  [TX] S,1233,00,00,1495,P1,38
22:22:30  [SLOT] n=1246 tx=23 ack=0 due=0 r=1
22:22:30  [AT] "AT+CIPSEND=24" (13)
22:22:30  [AT] " S,1233,00,00,1495,P1,38" (24)
22:22:30  [AT] "SEND OK" (7)
22:22:31  [TX] S,1234,00,00,1496,P1,3C
22:22:31  [SLOT] n=1247 tx=23 ack=0 due=0 r=1
22:22:31  [AT] "AT+CIPSEND=24" (13)
22:22:31  [AT] " S,1234,00,00,1496,P1,3C" (24)
22:22:31  [AT] "SEND OK" (7)
22:22:32  [TX] S,1235,00,00,1497,P1,3C
22:22:32  [SLOT] n=1248 tx=23 ack=0 due=0 r=1
22:22:32  [AT] "AT+CIPSEND=24" (13)
22:22:32  [AT] " S,1235,00,00,1497,P1,3C" (24)
22:22:32  [AT] "SEND OK" (7)
22:22:34  [TX] S,1236,00,00,1498,P1,30
22:22:34  [SLOT] n=1249 tx=23 ack=0 due=0 r=1
22:22:34  [AT] "AT+CIPSEND=24" (13)
22:22:34  [AT] " S,1236,00,00,1498,P1,30" (24)
22:22:34  [AT] "SEND OK" (7)
22:22:35  [TX] S,1237,00,00,1500,P1,31
22:22:35  [SLOT] n=1250 tx=23 ack=0 due=0 r=1
22:22:35  [CNT] up=1500 drop=0 esprst=0 hwrst=0/0 resync=0 sendfail=0 okto=0 stuck=0 ackq=0 ackdrop=0 ackstale=0 slot=1250 oow=18 smiss=2 ssovf=0 cksumng=0 okstream=1235 penddrop=0 pendfill=1238 bigfill=3 bigdrop=0 bigokst=3 oklost=0 bigoklost=0 skip=2 online=1
22:22:35  [RAM] 최저 여유 585 B · 프롬프트 재동기 0회 (서버의 '버린줄' 과 맞아야 한다)
22:22:35  [AT] " S,1237,00,00,1500,P1,31" (24)
22:22:35  [AT] "SEND OK" (7)
22:22:35  [AT] "AT+CIPSEND=24" (13)
22:22:36  [TX] S,1238,00,00,1501,P1,3F
22:22:36  [SLOT] n=1251 tx=23 ack=0 due=0 r=1
22:22:36  [AT] "AT+CIPSEND=24" (13)
22:22:36  [AT] " S,1238,00,00,1501,P1,3F" (24)
22:22:36  [AT] "SEND OK" (7)
22:22:37  «tap» 살아있음 — 최근 60초 rx=7956B (이 줄이 끊기면 탭이 죽은 것이다)
22:22:37  [TX] S,1239,00,00,1502,P1,3D
22:22:37  [SLOT] n=1252 tx=23 ack=0 due=0 r=1
22:22:37  [AT] "AT+CIPSEND=24" (13)
22:22:37  [AT] " S,1239,00,00,1502,P1,3D" (24)
22:22:37  [AT] "SEND OK" (7)
22:22:38  [TX] S,1240,00,00,1503,P1,32
22:22:38  [SLOT] n=1253 tx=23 ack=0 due=0 r=1
22:22:38  [AT] "AT+CIPSEND=24" (13)
22:22:38  [AT] " S,1240,00,00,1503,P1,32" (24)
22:22:38  [AT] "SEND OK" (7)
22:22:40  [TX] S,1241,00,00,1504,P1,34
22:22:40  [SLOT] n=1254 tx=23 ack=0 due=0 r=1
22:22:40  [AT] "AT+CIPSEND=24" (13)
22:22:40  [AT] " S,1241,00,00,1504,P1,34" (24)
22:22:40  [AT] "SEND OK" (7)
22:22:41  [TX] S,1242,00,00,1506,P1,35
22:22:41  [SLOT] n=1255 tx=23 ack=0 due=0 r=1
22:22:41  [AT] "AT+CIPSEND=24" (13)
22:22:41  [AT] " S,1242,00,00,1506,P1,35" (24)
22:22:41  [AT] "SEND OK" (7)
22:22:42  [TX] S,1243,00,00,1507,P1,35
22:22:42  [SLOT] n=1256 tx=23 ack=0 due=0 r=1
22:22:42  [AT] "AT+CIPSEND=24" (13)
22:22:42  [AT] " S,1243,00,00,1507,P1,35" (24)
22:22:42  [AT] "SEND OK" (7)
22:22:43  [TX] S,1244,00,00,1508,P1,3D
22:22:43  [SLOT] n=1257 tx=23 ack=0 due=0 r=1
22:22:43  [AT] "AT+CIPSEND=24" (13)
22:22:43  [AT] " S,1244,00,00,1508,P1,3D" (24)
22:22:43  [AT] "SEND OK" (7)
22:22:44  [TX] S,1245,00,00,1509,P1,3D
22:22:44  [SLOT] n=1258 tx=23 ack=0 due=0 r=1
22:22:44  [AT] "AT+CIPSEND=24" (13)
22:22:44  [AT] " S,1245,00,00,1509,P1,3D" (24)
22:22:44  [AT] "SEND OK" (7)
22:22:46  [TX] S,1246,00,00,1510,P1,36
22:22:46  [SLOT] n=1259 tx=23 ack=0 due=0 r=1
22:22:46  [AT] "AT+CIPSEND=24" (13)
22:22:46  [AT] " S,1246,00,00,1510,P1,36" (24)
22:22:46  [AT] "SEND OK" (7)
22:22:47  [TX] S,1247,00,00,1512,P1,35
22:22:47  [SLOT] n=1260 tx=23 ack=0 due=0 r=1
22:22:47  [AT] "AT+CIPSEND=24" (13)
22:22:47  [AT] " S,1247,00,00,1512,P1,35" (24)
22:22:47  [AT] "SEND OK" (7)
22:22:48  [TX] S,1248,00,00,1513,P1,3B
22:22:48  [SLOT] n=1261 tx=23 ack=0 due=0 r=1
22:22:48  [AT] "AT+CIPSEND=24" (13)
22:22:48  [AT] " S,1248,00,00,1513,P1,3B" (24)
22:22:48  [AT] "SEND OK" (7)
22:22:49  [TX] S,1249,00,00,1514,P1,3D
22:22:49  [SLOT] n=1262 tx=23 ack=0 due=0 r=1
22:22:49  [AT] "AT+CIPSEND=24" (13)
22:22:49  [AT] " S,1249,00,00,1514,P1,3D" (24)
22:22:49  [AT] "SEND OK" (7)
22:22:50  [TX] S,1250,00,00,1515,P1,34
22:22:50  [SLOT] n=1263 tx=23 ack=0 due=0 r=1
22:22:50  [AT] "AT+CIPSEND=24" (13)
22:22:51  [AT] " S,1250,00,00,1515,P1,34" (24)
22:22:51  [AT] "SEND OK" (7)
22:22:52  [TX] S,1251,00,00,1516,P1,36
22:22:52  [SLOT] n=1264 tx=23 ack=0 due=0 r=1
22:22:52  [AT] "AT+CIPSEND=24" (13)
22:22:52  [AT] " S,1251,00,00,1516,P1,36" (24)
22:22:52  [AT] "SEND OK" (7)
22:22:53  [TX] S,1252,00,00,1518,P1,3B
22:22:53  [SLOT] n=1265 tx=23 ack=0 due=0 r=1
22:22:53  [AT] "AT+CIPSEND=24" (13)
22:22:53  [AT] " S,1252,00,00,1518,P1,3B" (24)
22:22:53  [AT] "SEND OK" (7)
22:22:54  [TX] S,1253,00,00,1519,P1,3B
22:22:54  [SLOT] n=1266 tx=23 ack=0 due=0 r=1
22:22:54  [AT] "AT+CIPSEND=24" (13)
22:22:54  [AT] " S,1253,00,00,1519,P1,3B" (24)
22:22:54  [AT] "SEND OK" (7)
22:22:55  [TX] S,1254,00,00,1520,P1,36
22:22:55  [SLOT] n=1267 tx=23 ack=0 due=0 r=1
22:22:55  [AT] "AT+CIPSEND=24" (13)
22:22:55  [AT] " S,1254,00,00,1520,P1,36" (24)
22:22:55  [AT] "SEND OK" (7)
22:22:56  [TX] S,1255,00,00,1521,P1,36
22:22:56  [SLOT] n=1268 tx=23 ack=0 due=0 r=1
22:22:56  [AT] "AT+CIPSEND=24" (13)
22:22:57  [AT] " S,1255,00,00,1521,P1,36" (24)
22:22:57  [AT] "SEND OK" (7)
22:22:58  [TX] S,1256,00,00,1522,P1,36
22:22:58  [SLOT] n=1269 tx=23 ack=0 due=0 r=1
22:22:58  [AT] "AT+CIPSEND=24" (13)
22:22:58  [AT] " S,1256,00,00,1522,P1,36" (24)
22:22:58  [AT] "SEND OK" (7)
22:22:59  [TX] S,1257,00,00,1524,P1,31
22:22:59  [SLOT] n=1270 tx=23 ack=0 due=0 r=1
22:22:59  [AT] "AT+CIPSEND=24" (13)
22:22:59  [AT] " S,1257,00,00,1524,P1,31" (24)
22:22:59  [AT] "SEND OK" (7)
22:23:00  [TX] S,1258,00,00,1525,P1,3F
22:23:00  [SLOT] n=1271 tx=23 ack=0 due=0 r=1
22:23:00  [AT] "AT+CIPSEND=24" (13)
22:23:00  [AT] " S,1258,00,00,1525,P1,3F" (24)
22:23:00  [AT] "SEND OK" (7)
22:23:01  [TX] S,1259,00,00,1526,P1,3D
22:23:01  [SLOT] n=1272 tx=23 ack=0 due=0 r=1
22:23:01  [AT] "AT+CIPSEND=24" (13)
22:23:01  [AT] " S,1259,00,00,1526,P1,3D" (24)
22:23:01  [AT] "SEND OK" (7)
22:23:02  [TX] S,1260,00,00,1527,P1,36
22:23:02  [SLOT] n=1273 tx=23 ack=0 due=0 r=1
22:23:02  [AT] "AT+CIPSEND=24" (13)
22:23:02  [AT] " S,1260,00,00,1527,P1,36" (24)
22:23:02  [AT] "SEND OK" (7)
22:23:04  [TX] S,1261,00,00,1528,P1,38
22:23:04  [SLOT] n=1274 tx=23 ack=0 due=0 r=1
22:23:04  [AT] "AT+CIPSEND=24" (13)
22:23:04  [AT] " S,1261,00,00,1528,P1,38" (24)
22:23:04  [AT] "SEND OK" (7)
22:23:05  [TX] S,1262,00,00,1530,P1,32
22:23:05  [SLOT] n=1275 tx=23 ack=0 due=0 r=1
22:23:05  [AT] "AT+CIPSEND=24" (13)
22:23:05  [AT] " S,1262,00,00,1530,P1,32" (24)
22:23:05  [AT] "SEND OK" (7)
22:23:06  [TX] S,1263,00,00,1531,P1,32
22:23:06  [SLOT] n=1276 tx=23 ack=0 due=0 r=1
22:23:06  [AT] "AT+CIPSEND=24" (13)
22:23:06  [AT] " S,1263,00,00,1531,P1,32" (24)
22:23:06  [AT] "SEND OK" (7)
22:23:07  [TX] S,1264,00,00,1532,P1,36
22:23:07  [SLOT] n=1277 tx=23 ack=0 due=0 r=1
22:23:07  [AT] "AT+CIPSEND=24" (13)
22:23:07  [AT] " S,1264,00,00,1532,P1,36" (24)
22:23:07  [AT] "SEND OK" (7)
22:23:08  [TX] S,1265,00,00,1533,P1,36
22:23:08  [SLOT] n=1278 tx=23 ack=0 due=0 r=1
22:23:08  [AT] "AT+CIPSEND=24" (13)
22:23:08  [AT] " S,1265,00,00,1533,P1,36" (24)
22:23:08  [AT] "SEND OK" (7)
22:23:10  [TX] S,1266,00,00,1534,P1,32
22:23:10  [SLOT] n=1279 tx=23 ack=0 due=0 r=1
22:23:10  [AT] "AT+CIPSEND=24" (13)
22:23:10  [AT] " S,1266,00,00,1534,P1,32" (24)
22:23:10  [AT] "SEND OK" (7)
22:23:11  [TX] S,1267,00,00,1536,P1,31
22:23:11  [SLOT] n=1280 tx=23 ack=0 due=0 r=1
22:23:11  [AT] "AT+CIPSEND=24" (13)
22:23:11  [AT] " S,1267,00,00,1536,P1,31" (24)
22:23:11  [AT] "SEND OK" (7)
22:23:12  [TX] S,1268,00,00,1537,P1,3F
22:23:12  [SLOT] n=1281 tx=23 ack=0 due=0 r=1
22:23:12  [AT] "AT+CIPSEND=24" (13)
22:23:12  [AT] " S,1268,00,00,1537,P1,3F" (24)
22:23:12  [AT] "SEND OK" (7)
22:23:13  [TX] S,1269,00,00,1538,P1,31
22:23:13  [SLOT] n=1282 tx=23 ack=0 due=0 r=1
22:23:13  [AT] "AT+CIPSEND=24" (13)
22:23:13  [AT] " S,1269,00,00,1538,P1,31" (24)
22:23:13  [AT] "SEND OK" (7)
22:23:14  [TX] S,1270,00,00,1539,P1,38
22:23:14  [SLOT] n=1283 tx=23 ack=0 due=0 r=1
22:23:14  [AT] "AT+CIPSEND=24" (13)
22:23:14  [AT] " S,1270,00,00,1539,P1,38" (24)
22:23:14  [AT] "SEND OK" (7)
22:23:16  [TX] S,1271,00,00,1540,P1,37
22:23:16  [SLOT] n=1284 tx=23 ack=0 due=0 r=1
22:23:16  [AT] "AT+CIPSEND=24" (13)
22:23:16  [AT] " S,1271,00,00,1540,P1,37" (24)
22:23:16  [AT] "SEND OK" (7)
22:23:17  [TX] S,1272,00,00,1542,P1,36
22:23:17  [SLOT] n=1285 tx=23 ack=0 due=0 r=1
22:23:17  [AT] "AT+CIPSEND=24" (13)
22:23:17  [AT] " S,1272,00,00,1542,P1,36" (24)
22:23:17  [AT] "SEND OK" (7)
22:23:18  [TX] S,1273,00,00,1543,P1,36
22:23:18  [SLOT] n=1286 tx=23 ack=0 due=0 r=1
22:23:18  [AT] "AT+CIPSEND=24" (13)
22:23:18  [AT] " S,1273,00,00,1543,P1,36" (24)
22:23:18  [AT] "SEND OK" (7)
22:23:19  [TX] S,1274,00,00,1544,P1,36
22:23:19  [SLOT] n=1287 tx=23 ack=0 due=0 r=1
22:23:19  [AT] "AT+CIPSEND=24" (13)
22:23:19  [AT] " S,1274,00,00,1544,P1,36" (24)
22:23:19  [AT] "SEND OK" (7)
22:23:20  [TX] S,1275,00,00,1545,P1,36
22:23:20  [SLOT] n=1288 tx=23 ack=0 due=0 r=1
22:23:20  [AT] "AT+CIPSEND=24" (13)
22:23:20  [AT] " S,1275,00,00,1545,P1,36" (24)
22:23:20  [AT] "SEND OK" (7)
22:23:22  [TX] S,1276,00,00,1546,P1,36
22:23:22  [SLOT] n=1289 tx=23 ack=0 due=0 r=1
22:23:22  [AT] "AT+CIPSEND=24" (13)
22:23:22  [AT] " S,1276,00,00,1546,P1,36" (24)
22:23:22  [AT] "SEND OK" (7)
22:23:23  [TX] S,1277,00,00,1548,P1,39
22:23:23  [SLOT] n=1290 tx=23 ack=0 due=0 r=1
22:23:23  [AT] "AT+CIPSEND=24" (13)
22:23:23  [AT] " S,1277,00,00,1548,P1,39" (24)
22:23:23  [AT] "SEND OK" (7)
22:23:24  [TX] S,1278,00,00,1549,P1,37
22:23:24  [SLOT] n=1291 tx=23 ack=0 due=0 r=1
22:23:24  [AT] "AT+CIPSEND=24" (13)
22:23:24  [AT] " S,1278,00,00,1549,P1,37" (24)
22:23:24  [AT] "SEND OK" (7)
22:23:25  [TX] S,1279,00,00,1550,P1,3E
22:23:25  [SLOT] n=1292 tx=23 ack=0 due=0 r=1
22:23:25  [AT] "AT+CIPSEND=24" (13)
22:23:26  [AT] " S,1279,00,00,1550,P1,3E" (24)
22:23:26  [AT] "SEND OK" (7)
22:23:26  [TX] S,1280,00,00,1551,P1,39
22:23:26  [SLOT] n=1293 tx=23 ack=0 due=0 r=1
22:23:26  [AT] "AT+CIPSEND=24" (13)
22:23:26  [AT] " S,1280,00,00,1551,P1,39" (24)
22:23:26  [AT] "SEND OK" (7)
22:23:28  [TX] S,1281,00,00,1552,P1,3B
22:23:28  [SLOT] n=1294 tx=23 ack=0 due=0 r=1
22:23:28  [AT] "AT+CIPSEND=24" (13)
22:23:28  [AT] " S,1281,00,00,1552,P1,3B" (24)
22:23:28  [AT] "SEND OK" (7)
22:23:29  [TX] S,1282,00,00,1554,P1,3E
22:23:29  [SLOT] n=1295 tx=23 ack=0 due=0 r=1
22:23:29  [AT] "AT+CIPSEND=24" (13)
22:23:29  [AT] " S,1282,00,00,1554,P1,3E" (24)
22:23:29  [AT] "SEND OK" (7)
22:23:30  [TX] S,1283,00,00,1555,P1,3E
22:23:30  [SLOT] n=1296 tx=23 ack=0 due=0 r=1
22:23:30  [AT] "AT+CIPSEND=24" (13)
22:23:30  [AT] " S,1283,00,00,1555,P1,3E" (24)
22:23:30  [AT] "SEND OK" (7)
22:23:31  [TX] S,1284,00,00,1556,P1,3A
22:23:31  [SLOT] n=1297 tx=23 ack=0 due=0 r=1
22:23:31  [AT] "AT+CIPSEND=24" (13)
22:23:31  [AT] " S,1284,00,00,1556,P1,3A" (24)
22:23:31  [AT] "SEND OK" (7)
22:23:32  [TX] S,1285,00,00,1557,P1,3A
22:23:32  [SLOT] n=1298 tx=23 ack=0 due=0 r=1
22:23:32  [AT] "AT+CIPSEND=24" (13)
22:23:32  [AT] " S,1285,00,00,1557,P1,3A" (24)
22:23:32  [AT] "SEND OK" (7)
22:23:34  [TX] S,1286,00,00,1558,P1,36
22:23:34  [SLOT] n=1299 tx=23 ack=0 due=0 r=1
22:23:34  [AT] "AT+CIPSEND=24" (13)
22:23:34  [AT] " S,1286,00,00,1558,P1,36" (24)
22:23:34  [AT] "SEND OK" (7)
22:23:35  [TX] S,1287,00,00,1560,P1,3C
22:23:35  [SLOT] n=1300 tx=23 ack=0 due=0 r=1
22:23:35  [CNT] up=1560 drop=0 esprst=0 hwrst=0/0 resync=0 sendfail=0 okto=0 stuck=0 ackq=0 ackdrop=0 ackstale=0 slot=1300 oow=18 smiss=2 ssovf=0 cksumng=0 okstream=1285 penddrop=0 pendfill=1288 bigfill=3 bigdrop=0 bigokst=3 oklost=0 bigoklost=0 skip=2 online=1
22:23:35  [RAM] 최저 여유 585 B · 프롬프트 재동기 0회 (서버의 '버린줄' 과 맞아야 한다)
22:23:35  [AT] " S,1287,00,00,1560,P1,3C" (24)
22:23:35  [AT] "SEND OK" (7)
22:23:35  [AT] "AT+CIPSEND=24" (13)
22:23:36  [TX] S,1288,00,00,1561,P1,32
22:23:36  [SLOT] n=1301 tx=23 ack=0 due=0 r=1
22:23:36  [AT] "AT+CIPSEND=24" (13)
22:23:36  [AT] " S,1288,00,00,1561,P1,32" (24)
22:23:36  [AT] "SEND OK" (7)
22:23:37  «tap» 살아있음 — 최근 60초 rx=7956B (이 줄이 끊기면 탭이 죽은 것이다)
22:23:37  [TX] S,1289,00,00,1562,P1,30
22:23:37  [SLOT] n=1302 tx=23 ack=0 due=0 r=1
22:23:37  [AT] "AT+CIPSEND=24" (13)
22:23:37  [AT] " S,1289,00,00,1562,P1,30" (24)
22:23:37  [AT] "SEND OK" (7)
22:23:38  [TX] S,1290,00,00,1563,P1,39
22:23:38  [SLOT] n=1303 tx=23 ack=0 due=0 r=1
22:23:38  [AT] "AT+CIPSEND=24" (13)
22:23:38  [AT] " S,1290,00,00,1563,P1,39" (24)
22:23:38  [AT] "SEND OK" (7)
22:23:40  [TX] S,1291,00,00,1564,P1,3F
22:23:40  [SLOT] n=1304 tx=23 ack=0 due=0 r=1
22:23:40  [AT] "AT+CIPSEND=24" (13)
22:23:40  [AT] " S,1291,00,00,1564,P1,3F" (24)
22:23:40  [AT] "SEND OK" (7)
22:23:41  [TX] S,1292,00,00,1566,P1,3E
22:23:41  [SLOT] n=1305 tx=23 ack=0 due=0 r=1
22:23:41  [AT] "AT+CIPSEND=24" (13)
22:23:41  [AT] " S,1292,00,00,1566,P1,3E" (24)
22:23:41  [AT] "SEND OK" (7)
22:23:42  [TX] S,1293,00,00,1567,P1,3E
22:23:42  [SLOT] n=1306 tx=23 ack=0 due=0 r=1
22:23:42  [AT] "AT+CIPSEND=24" (13)
22:23:42  [AT] " S,1293,00,00,1567,P1,3E" (24)
22:23:42  [AT] "SEND OK" (7)
22:23:43  [TX] S,1294,00,00,1568,P1,36
22:23:43  [SLOT] n=1307 tx=23 ack=0 due=0 r=1
22:23:43  [AT] "AT+CIPSEND=24" (13)
22:23:43  [AT] " S,1294,00,00,1568,P1,36" (24)
22:23:43  [AT] "SEND OK" (7)
22:23:44  [TX] S,1295,00,00,1569,P1,36
22:23:44  [SLOT] n=1308 tx=23 ack=0 due=0 r=1
22:23:44  [AT] "AT+CIPSEND=24" (13)
22:23:44  [AT] " S,1295,00,00,1569,P1,36" (24)
22:23:44  [AT] "SEND OK" (7)
22:23:46  [TX] S,1296,00,00,1570,P1,3D
22:23:46  [SLOT] n=1309 tx=23 ack=0 due=0 r=1
22:23:46  [AT] "AT+CIPSEND=24" (13)
22:23:46  [AT] " S,1296,00,00,1570,P1,3D" (24)
22:23:46  [AT] "SEND OK" (7)
22:23:47  [TX] S,1297,00,00,1572,P1,3E
22:23:47  [SLOT] n=1310 tx=23 ack=0 due=0 r=1
22:23:47  [AT] "AT+CIPSEND=24" (13)
22:23:47  [AT] " S,1297,00,00,1572,P1,3E" (24)
22:23:47  [AT] "SEND OK" (7)
22:23:48  [TX] S,1298,00,00,1573,P1,30
22:23:48  [SLOT] n=1311 tx=23 ack=0 due=0 r=1
22:23:48  [AT] "AT+CIPSEND=24" (13)
22:23:48  [AT] " S,1298,00,00,1573,P1,30" (24)
22:23:48  [AT] "SEND OK" (7)
22:23:49  [TX] S,1299,00,00,1574,P1,36
22:23:49  [SLOT] n=1312 tx=23 ack=0 due=0 r=1
22:23:49  [AT] "AT+CIPSEND=24" (13)
22:23:49  [AT] " S,1299,00,00,1574,P1,36" (24)
22:23:49  [AT] "SEND OK" (7)
22:23:50  [TX] S,1300,00,00,1575,P1,36
22:23:50  [SLOT] n=1313 tx=23 ack=0 due=0 r=1
22:23:50  [AT] "AT+CIPSEND=24" (13)
22:23:50  [AT] " S,1300,00,00,1575,P1,36" (24)
22:23:50  [AT] "SEND OK" (7)
22:23:52  [TX] S,1301,00,00,1576,P1,34
22:23:52  [SLOT] n=1314 tx=23 ack=0 due=0 r=1
22:23:52  [AT] "AT+CIPSEND=24" (13)
22:23:52  [AT] " S,1301,00,00,1576,P1,34" (24)
22:23:52  [AT] "SEND OK" (7)
22:23:53  [TX] S,1302,00,00,1578,P1,39
22:23:53  [SLOT] n=1315 tx=23 ack=0 due=0 r=1
22:23:53  [AT] "AT+CIPSEND=24" (13)
22:23:53  [AT] " S,1302,00,00,1578,P1,39" (24)
22:23:53  [AT] "SEND OK" (7)
22:23:54  [TX] S,1303,00,00,1579,P1,39
22:23:54  [SLOT] n=1316 tx=23 ack=0 due=0 r=1
22:23:54  [AT] "AT+CIPSEND=24" (13)
22:23:54  [AT] " S,1303,00,00,1579,P1,39" (24)
22:23:54  [AT] "SEND OK" (7)
22:23:55  [TX] S,1304,00,00,1580,P1,38
22:23:55  [SLOT] n=1317 tx=23 ack=0 due=0 r=1
22:23:55  [AT] "AT+CIPSEND=24" (13)
22:23:55  [AT] " S,1304,00,00,1580,P1,38" (24)
22:23:55  [AT] "SEND OK" (7)
22:23:56  [TX] S,1305,00,00,1581,P1,38
22:23:56  [SLOT] n=1318 tx=23 ack=0 due=0 r=1
22:23:56  [AT] "AT+CIPSEND=24" (13)
22:23:56  [AT] " S,1305,00,00,1581,P1,38" (24)
22:23:56  [AT] "SEND OK" (7)
22:23:58  [TX] S,1306,00,00,1582,P1,38
22:23:58  [SLOT] n=1319 tx=23 ack=0 due=0 r=1
22:23:58  [AT] "AT+CIPSEND=24" (13)
22:23:58  [AT] " S,1306,00,00,1582,P1,38" (24)
22:23:58  [AT] "SEND OK" (7)
22:23:59  [TX] S,1307,00,00,1584,P1,3F
22:23:59  [SLOT] n=1320 tx=23 ack=0 due=0 r=1
22:23:59  [AT] "AT+CIPSEND=24" (13)
22:23:59  [AT] " S,1307,00,00,1584,P1,3F" (24)
22:23:59  [AT] "SEND OK" (7)
22:24:00  [TX] S,1308,00,00,1585,P1,31
22:24:00  [SLOT] n=1321 tx=23 ack=0 due=0 r=1
22:24:00  [AT] "AT+CIPSEND=24" (13)
22:24:00  [AT] " S,1308,00,00,1585,P1,31" (24)
22:24:00  [AT] "SEND OK" (7)
22:24:01  [TX] S,1309,00,00,1586,P1,33
22:24:01  [SLOT] n=1322 tx=23 ack=0 due=0 r=1
22:24:01  [AT] "AT+CIPSEND=24" (13)
22:24:01  [AT] " S,1309,00,00,1586,P1,33" (24)
22:24:01  [AT] "SEND OK" (7)
22:24:02  [TX] S,1310,00,00,1587,P1,3A
22:24:02  [SLOT] n=1323 tx=23 ack=0 due=0 r=1
22:24:02  [AT] "AT+CIPSEND=24" (13)
22:24:02  [AT] " S,1310,00,00,1587,P1,3A" (24)
22:24:02  [AT] "SEND OK" (7)
22:24:04  [TX] S,1311,00,00,1588,P1,34
22:24:04  [SLOT] n=1324 tx=23 ack=0 due=0 r=1
22:24:04  [AT] "AT+CIPSEND=24" (13)
22:24:04  [AT] " S,1311,00,00,1588,P1,34" (24)
22:24:04  [AT] "SEND OK" (7)
22:24:05  [TX] S,1312,00,00,1590,P1,3E
22:24:05  [SLOT] n=1325 tx=23 ack=0 due=0 r=1
22:24:05  [AT] "AT+CIPSEND=24" (13)
22:24:05  [AT] " S,1312,00,00,1590,P1,3E" (24)
22:24:05  [AT] "SEND OK" (7)
22:24:06  [TX] S,1313,00,00,1591,P1,3E
22:24:06  [SLOT] n=1326 tx=23 ack=0 due=0 r=1
22:24:06  [AT] "AT+CIPSEND=24" (13)
22:24:06  [AT] " S,1313,00,00,1591,P1,3E" (24)
22:24:06  [AT] "SEND OK" (7)
22:24:07  [TX] S,1314,00,00,1592,P1,3A
22:24:07  [SLOT] n=1327 tx=23 ack=0 due=0 r=1
22:24:07  [AT] "AT+CIPSEND=24" (13)
22:24:07  [AT] " S,1314,00,00,1592,P1,3A" (24)
22:24:07  [AT] "SEND OK" (7)
22:24:08  [TX] S,1315,00,00,1593,P1,3A
22:24:08  [SLOT] n=1328 tx=23 ack=0 due=0 r=1
22:24:08  [AT] "AT+CIPSEND=24" (13)
22:24:08  [AT] " S,1315,00,00,1593,P1,3A" (24)
22:24:08  [AT] "SEND OK" (7)
22:24:10  [TX] S,1316,00,00,1594,P1,3E
22:24:10  [SLOT] n=1329 tx=23 ack=0 due=0 r=1
22:24:10  [AT] "AT+CIPSEND=24" (13)
22:24:10  [AT] " S,1316,00,00,1594,P1,3E" (24)
22:24:10  [AT] "SEND OK" (7)
22:24:11  [TX] S,1317,00,00,1596,P1,3D
22:24:11  [SLOT] n=1330 tx=23 ack=0 due=0 r=1
22:24:11  [AT] "AT+CIPSEND=24" (13)
22:24:11  [AT] " S,1317,00,00,1596,P1,3D" (24)
22:24:11  [AT] "SEND OK" (7)
22:24:12  [TX] S,1318,00,00,1597,P1,33
22:24:12  [SLOT] n=1331 tx=23 ack=0 due=0 r=1
22:24:12  [AT] "AT+CIPSEND=24" (13)
22:24:12  [AT] " S,1318,00,00,1597,P1,33" (24)
22:24:12  [AT] "SEND OK" (7)
22:24:13  [TX] S,1319,00,00,1598,P1,3D
22:24:13  [SLOT] n=1332 tx=23 ack=0 due=0 r=1
22:24:13  [AT] "AT+CIPSEND=24" (13)
22:24:13  [AT] " S,1319,00,00,1598,P1,3D" (24)
22:24:13  [AT] "SEND OK" (7)
22:24:14  [TX] S,1320,00,00,1599,P1,36
22:24:14  [SLOT] n=1333 tx=23 ack=0 due=0 r=1
22:24:14  [AT] "AT+CIPSEND=24" (13)
22:24:14  [AT] " S,1320,00,00,1599,P1,36" (24)
22:24:14  [AT] "SEND OK" (7)
22:24:16  [TX] S,1321,00,00,1600,P1,34
22:24:16  [SLOT] n=1334 tx=23 ack=0 due=0 r=1
22:24:16  [AT] "AT+CIPSEND=24" (13)
22:24:16  [AT] " S,1321,00,00,1600,P1,34" (24)
22:24:16  [AT] "SEND OK" (7)
22:24:17  [TX] S,1322,00,00,1602,P1,35
22:24:17  [SLOT] n=1335 tx=23 ack=0 due=0 r=1
22:24:17  [AT] "AT+CIPSEND=24" (13)
22:24:17  [AT] " S,1322,00,00,1602,P1,35" (24)
22:24:17  [AT] "SEND OK" (7)
22:24:18  [TX] S,1323,00,00,1603,P1,35
22:24:18  [SLOT] n=1336 tx=23 ack=0 due=0 r=1
22:24:18  [AT] "AT+CIPSEND=24" (13)
22:24:18  [AT] " S,1323,00,00,1603,P1,35" (24)
22:24:18  [AT] "SEND OK" (7)
22:24:19  [TX] S,1324,00,00,1604,P1,35
22:24:19  [SLOT] n=1337 tx=23 ack=0 due=0 r=1
22:24:19  [AT] "AT+CIPSEND=24" (13)
22:24:19  [AT] " S,1324,00,00,1604,P1,35" (24)
22:24:19  [AT] "SEND OK" (7)
22:24:20  [TX] S,1325,00,00,1605,P1,35
22:24:20  [SLOT] n=1338 tx=23 ack=0 due=0 r=1
22:24:20  [AT] "AT+CIPSEND=24" (13)
22:24:20  [AT] " S,1325,00,00,1605,P1,35" (24)
22:24:20  [AT] "SEND OK" (7)
22:24:22  [TX] S,1326,00,00,1606,P1,35
22:24:22  [SLOT] n=1339 tx=23 ack=0 due=0 r=1
22:24:22  [AT] "AT+CIPSEND=24" (13)
22:24:22  [AT] " S,1326,00,00,1606,P1,35" (24)
22:24:22  [AT] "SEND OK" (7)
22:24:23  [TX] S,1327,00,00,1608,P1,3A
22:24:23  [SLOT] n=1340 tx=23 ack=0 due=0 r=1
22:24:23  [AT] "AT+CIPSEND=24" (13)
22:24:23  [AT] " S,1327,00,00,1608,P1,3A" (24)
22:24:23  [AT] "SEND OK" (7)
22:24:24  [TX] S,1328,00,00,1609,P1,34
22:24:24  [SLOT] n=1341 tx=23 ack=0 due=0 r=1
22:24:24  [AT] "AT+CIPSEND=24" (13)
22:24:24  [AT] " S,1328,00,00,1609,P1,34" (24)
22:24:24  [AT] "SEND OK" (7)
22:24:25  [TX] S,1329,00,00,1610,P1,3D
22:24:25  [SLOT] n=1342 tx=23 ack=0 due=0 r=1
22:24:25  [AT] "AT+CIPSEND=24" (13)
22:24:25  [AT] " S,1329,00,00,1610,P1,3D" (24)
22:24:25  [AT] "SEND OK" (7)
22:24:26  [TX] S,1330,00,00,1611,P1,34
22:24:26  [SLOT] n=1343 tx=23 ack=0 due=0 r=1
22:24:26  [AT] "AT+CIPSEND=24" (13)
22:24:26  [AT] " S,1330,00,00,1611,P1,34" (24)
22:24:26  [AT] "SEND OK" (7)
22:24:28  [TX] S,1331,00,00,1612,P1,36
22:24:28  [SLOT] n=1344 tx=23 ack=0 due=0 r=1
22:24:28  [AT] "AT+CIPSEND=24" (13)
22:24:28  [AT] " S,1331,00,00,1612,P1,36" (24)
22:24:28  [AT] "SEND OK" (7)
22:24:29  [TX] S,1332,00,00,1614,P1,33
22:24:29  [SLOT] n=1345 tx=23 ack=0 due=0 r=1
22:24:29  [AT] "AT+CIPSEND=24" (13)
22:24:29  [AT] " S,1332,00,00,1614,P1,33" (24)
22:24:29  [AT] "SEND OK" (7)
22:24:30  [TX] S,1333,00,00,1615,P1,33
22:24:30  [SLOT] n=1346 tx=23 ack=0 due=0 r=1
22:24:30  [AT] "AT+CIPSEND=24" (13)
22:24:30  [AT] " S,1333,00,00,1615,P1,33" (24)
22:24:30  [AT] "SEND OK" (7)
22:24:31  [TX] S,1334,00,00,1616,P1,37
22:24:31  [SLOT] n=1347 tx=23 ack=0 due=0 r=1
22:24:31  [AT] "AT+CIPSEND=24" (13)
22:24:31  [AT] " S,1334,00,00,1616,P1,37" (24)
22:24:31  [AT] "SEND OK" (7)
22:24:32  [TX] S,1335,00,00,1617,P1,37
22:24:32  [SLOT] n=1348 tx=23 ack=0 due=0 r=1
22:24:32  [AT] "AT+CIPSEND=24" (13)
22:24:32  [AT] " S,1335,00,00,1617,P1,37" (24)
22:24:32  [AT] "SEND OK" (7)
22:24:33  [TX] S,1336,00,00,1618,P1,3B
22:24:34  [SLOT] n=1349 tx=23 ack=0 due=0 r=1
22:24:34  [AT] "AT+CIPSEND=24" (13)
22:24:34  [AT] " S,1336,00,00,1618,P1,3B" (24)
22:24:34  [AT] "SEND OK" (7)
22:24:35  [TX] S,1337,00,00,1620,P1,31
22:24:35  [SLOT] n=1350 tx=23 ack=0 due=0 r=1
22:24:35  [CNT] up=1620 drop=0 esprst=0 hwrst=0/0 resync=0 sendfail=0 okto=0 stuck=0 ackq=0 ackdrop=0 ackstale=0 slot=1350 oow=18 smiss=2 ssovf=0 cksumng=0 okstream=1335 penddrop=0 pendfill=1338 bigfill=3 bigdrop=0 bigokst=3 oklost=0 bigoklost=0 skip=2 online=1
22:24:35  [RAM] 최저 여유 585 B · 프롬프트 재동기 0회 (서버의 '버린줄' 과 맞아야 한다)
22:24:35  [AT] " S,1337,00,00,1620,P1,31" (24)
22:24:35  [AT] "SEND OK" (7)
22:24:35  [AT] "AT+CIPSEND=24" (13)
22:24:36  [TX] S,1338,00,00,1621,P1,3F
22:24:36  [SLOT] n=1351 tx=23 ack=0 due=0 r=1
22:24:36  [AT] "AT+CIPSEND=24" (13)
22:24:36  [AT] " S,1338,00,00,1621,P1,3F" (24)
22:24:36  [AT] "SEND OK" (7)
22:24:37  «tap» 살아있음 — 최근 60초 rx=7956B (이 줄이 끊기면 탭이 죽은 것이다)
22:24:37  [TX] S,1339,00,00,1622,P1,3D
22:24:37  [SLOT] n=1352 tx=23 ack=0 due=0 r=1
22:24:37  [AT] "AT+CIPSEND=24" (13)
22:24:37  [AT] " S,1339,00,00,1622,P1,3D" (24)
22:24:37  [AT] "SEND OK" (7)
22:24:38  [TX] S,1340,00,00,1623,P1,32
22:24:38  [SLOT] n=1353 tx=23 ack=0 due=0 r=1
22:24:38  [AT] "AT+CIPSEND=24" (13)
22:24:38  [AT] " S,1340,00,00,1623,P1,32" (24)
22:24:38  [AT] "SEND OK" (7)
22:24:39  [TX] S,1341,00,00,1624,P1,34
22:24:39  [SLOT] n=1354 tx=23 ack=0 due=0 r=1
22:24:40  [AT] "AT+CIPSEND=24" (13)
22:24:40  [AT] " S,1341,00,00,1624,P1,34" (24)
22:24:40  [AT] "SEND OK" (7)
22:24:41  [TX] S,1342,00,00,1626,P1,35
22:24:41  [SLOT] n=1355 tx=23 ack=0 due=0 r=1
22:24:41  [AT] "AT+CIPSEND=24" (13)
22:24:41  [AT] " S,1342,00,00,1626,P1,35" (24)
22:24:41  [AT] "SEND OK" (7)
22:24:42  [TX] S,1343,00,00,1627,P1,35
22:24:42  [SLOT] n=1356 tx=23 ack=0 due=0 r=1
22:24:42  [AT] "AT+CIPSEND=24" (13)
22:24:42  [AT] " S,1343,00,00,1627,P1,35" (24)
22:24:42  [AT] "SEND OK" (7)
22:24:43  [TX] S,1344,00,00,1628,P1,3D
22:24:43  [SLOT] n=1357 tx=23 ack=0 due=0 r=1
22:24:43  [AT] "AT+CIPSEND=24" (13)
22:24:43  [AT] " S,1344,00,00,1628,P1,3D" (24)
22:24:43  [AT] "SEND OK" (7)
22:24:44  [TX] S,1345,00,00,1629,P1,3D
22:24:44  [SLOT] n=1358 tx=23 ack=0 due=0 r=1
22:24:44  [AT] "AT+CIPSEND=24" (13)
22:24:44  [AT] " S,1345,00,00,1629,P1,3D" (24)
22:24:44  [AT] "SEND OK" (7)
22:24:45  [TX] S,1346,00,00,1630,P1,36
22:24:45  [SLOT] n=1359 tx=23 ack=0 due=0 r=1
22:24:45  [AT] "AT+CIPSEND=24" (13)
22:24:46  [AT] " S,1346,00,00,1630,P1,36" (24)
22:24:46  [AT] "SEND OK" (7)
22:24:47  [TX] S,1347,00,00,1632,P1,35
22:24:47  [SLOT] n=1360 tx=23 ack=0 due=0 r=1
22:24:47  [AT] "AT+CIPSEND=24" (13)
22:24:47  [AT] " S,1347,00,00,1632,P1,35" (24)
22:24:47  [AT] "SEND OK" (7)
22:24:48  [TX] S,1348,00,00,1633,P1,3B
22:24:48  [SLOT] n=1361 tx=23 ack=0 due=0 r=1
22:24:48  [AT] "AT+CIPSEND=24" (13)
22:24:48  [AT] " S,1348,00,00,1633,P1,3B" (24)
22:24:48  [AT] "SEND OK" (7)
22:24:49  [TX] S,1349,00,00,1634,P1,3D
22:24:49  [SLOT] n=1362 tx=23 ack=0 due=0 r=1
22:24:49  [AT] "AT+CIPSEND=24" (13)
22:24:49  [AT] " S,1349,00,00,1634,P1,3D" (24)
22:24:49  [AT] "SEND OK" (7)
22:24:50  [TX] S,1350,00,00,1635,P1,34
22:24:50  [SLOT] n=1363 tx=23 ack=0 due=0 r=1
22:24:50  [AT] "AT+CIPSEND=24" (13)
22:24:50  [AT] " S,1350,00,00,1635,P1,34" (24)
22:24:50  [AT] "SEND OK" (7)
22:24:51  [TX] S,1351,00,00,1636,P1,36
22:24:51  [SLOT] n=1364 tx=23 ack=0 due=0 r=1
22:24:51  [AT] "AT+CIPSEND=24" (13)
22:24:51  [AT] " S,1351,00,00,1636,P1,36" (24)
22:24:51  [AT] "SEND OK" (7)
22:24:53  [TX] S,1352,00,00,1638,P1,3B
22:24:53  [SLOT] n=1365 tx=23 ack=0 due=0 r=1
22:24:53  [AT] "AT+CIPSEND=24" (13)
22:24:53  [AT] " S,1352,00,00,1638,P1,3B" (24)
22:24:53  [AT] "SEND OK" (7)
22:24:54  [TX] S,1353,00,00,1639,P1,3B
22:24:54  [SLOT] n=1366 tx=23 ack=0 due=0 r=1
22:24:54  [AT] "AT+CIPSEND=24" (13)
22:24:54  [AT] " S,1353,00,00,1639,P1,3B" (24)
22:24:54  [AT] "SEND OK" (7)
22:24:55  [TX] S,1354,00,00,1640,P1,32
22:24:55  [SLOT] n=1367 tx=23 ack=0 due=0 r=1
22:24:55  [AT] "AT+CIPSEND=24" (13)
22:24:55  [AT] " S,1354,00,00,1640,P1,32" (24)
22:24:55  [AT] "SEND OK" (7)
22:24:56  [TX] S,1355,00,00,1641,P1,32
22:24:56  [SLOT] n=1368 tx=23 ack=0 due=0 r=1
22:24:56  [AT] "AT+CIPSEND=24" (13)
22:24:56  [AT] " S,1355,00,00,1641,P1,32" (24)
22:24:56  [AT] "SEND OK" (7)
22:24:57  [TX] S,1356,00,00,1642,P1,32
22:24:57  [SLOT] n=1369 tx=23 ack=0 due=0 r=1
22:24:57  [AT] "AT+CIPSEND=24" (13)
22:24:57  [AT] " S,1356,00,00,1642,P1,32" (24)
22:24:58  [AT] "SEND OK" (7)
22:24:59  [TX] S,1357,00,00,1644,P1,35
22:24:59  [SLOT] n=1370 tx=23 ack=0 due=0 r=1
22:24:59  [AT] "AT+CIPSEND=24" (13)
22:24:59  [AT] " S,1357,00,00,1644,P1,35" (24)
22:24:59  [AT] "SEND OK" (7)
22:25:00  [TX] S,1358,00,00,1645,P1,3B
22:25:00  [SLOT] n=1371 tx=23 ack=0 due=0 r=1
22:25:00  [AT] "AT+CIPSEND=24" (13)
22:25:00  [AT] " S,1358,00,00,1645,P1,3B" (24)
22:25:00  [AT] "SEND OK" (7)
22:25:01  [TX] S,1359,00,00,1646,P1,39
22:25:01  [SLOT] n=1372 tx=23 ack=0 due=0 r=1
22:25:01  [AT] "AT+CIPSEND=24" (13)
22:25:01  [AT] " S,1359,00,00,1646,P1,39" (24)
22:25:01  [AT] "SEND OK" (7)
22:25:02  [TX] S,1360,00,00,1647,P1,32
22:25:02  [SLOT] n=1373 tx=23 ack=0 due=0 r=1
22:25:02  [AT] "AT+CIPSEND=24" (13)
22:25:02  [AT] " S,1360,00,00,1647,P1,32" (24)
22:25:02  [AT] "SEND OK" (7)
22:25:03  [TX] S,1361,00,00,1648,P1,3C
22:25:03  [SLOT] n=1374 tx=23 ack=0 due=0 r=1
22:25:03  [AT] "AT+CIPSEND=24" (13)
22:25:03  [AT] " S,1361,00,00,1648,P1,3C" (24)
22:25:03  [AT] "SEND OK" (7)
22:25:05  [TX] S,1362,00,00,1650,P1,36
22:25:05  [SLOT] n=1375 tx=23 ack=0 due=0 r=1
22:25:05  [AT] "AT+CIPSEND=24" (13)
22:25:05  [AT] " S,1362,00,00,1650,P1,36" (24)
22:25:05  [AT] "SEND OK" (7)
22:25:06  [TX] S,1363,00,00,1651,P1,36
22:25:06  [SLOT] n=1376 tx=23 ack=0 due=0 r=1
22:25:06  [AT] "AT+CIPSEND=24" (13)
22:25:06  [AT] " S,1363,00,00,1651,P1,36" (24)
22:25:06  [AT] "SEND OK" (7)
22:25:07  [TX] S,1364,00,00,1652,P1,32
22:25:07  [SLOT] n=1377 tx=23 ack=0 due=0 r=1
22:25:07  [AT] "AT+CIPSEND=24" (13)
22:25:07  [AT] " S,1364,00,00,1652,P1,32" (24)
22:25:07  [AT] "SEND OK" (7)
22:25:08  [TX] S,1365,00,00,1653,P1,32
22:25:08  [SLOT] n=1378 tx=23 ack=0 due=0 r=1
22:25:08  [AT] "AT+CIPSEND=24" (13)
22:25:08  [AT] " S,1365,00,00,1653,P1,32" (24)
22:25:08  [AT] "SEND OK" (7)
22:25:09  [TX] S,1366,00,00,1654,P1,36
22:25:09  [SLOT] n=1379 tx=23 ack=0 due=0 r=1
22:25:09  [AT] "AT+CIPSEND=24" (13)
22:25:10  [AT] " S,1366,00,00,1654,P1,36" (24)
22:25:10  [AT] "SEND OK" (7)
22:25:11  [TX] S,1367,00,00,1656,P1,35
22:25:11  [SLOT] n=1380 tx=23 ack=0 due=0 r=1
22:25:11  [AT] "AT+CIPSEND=24" (13)
22:25:11  [AT] " S,1367,00,00,1656,P1,35" (24)
22:25:11  [AT] "SEND OK" (7)
22:25:12  [TX] S,1368,00,00,1657,P1,3B
22:25:12  [SLOT] n=1381 tx=23 ack=0 due=0 r=1
22:25:12  [AT] "AT+CIPSEND=24" (13)
22:25:12  [AT] " S,1368,00,00,1657,P1,3B" (24)
22:25:12  [AT] "SEND OK" (7)
22:25:13  [TX] S,1369,00,00,1658,P1,35
22:25:13  [SLOT] n=1382 tx=23 ack=0 due=0 r=1
22:25:13  [AT] "AT+CIPSEND=24" (13)
22:25:13  [AT] " S,1369,00,00,1658,P1,35" (24)
22:25:13  [AT] "SEND OK" (7)
22:25:14  [TX] S,1370,00,00,1659,P1,3C
22:25:14  [SLOT] n=1383 tx=23 ack=0 due=0 r=1
22:25:14  [AT] "AT+CIPSEND=24" (13)
22:25:14  [AT] " S,1370,00,00,1659,P1,3C" (24)
22:25:14  [AT] "SEND OK" (7)
22:25:15  [TX] S,1371,00,00,1660,P1,37
22:25:15  [SLOT] n=1384 tx=23 ack=0 due=0 r=1
22:25:15  [AT] "AT+CIPSEND=24" (13)
22:25:15  [AT] " S,1371,00,00,1660,P1,37" (24)
22:25:15  [AT] "SEND OK" (7)
22:25:18  [TX] S,1372,00,00,1662,P1,36
22:25:18  [SLOT] n=1385 tx=23 ack=0 due=0 r=1
22:25:18  [AT] "AT+CIPSEND=24" (13)
22:25:18  [AT] " S,1372,00,00,1662,P1,36" (24)
22:25:18  [AT] "SEND OK" (7)
22:25:19  [TX] S,1373,00,00,1663,P1,36
22:25:19  [SLOT] n=1386 tx=23 ack=0 due=0 r=1
22:25:19  [AT] "AT+CIPSEND=24" (13)
22:25:19  [AT] " S,1373,00,00,1663,P1,36" (24)
22:25:19  [AT] "SEND OK" (7)
22:25:20  [TX] S,1374,00,00,1664,P1,36
22:25:20  [SLOT] n=1387 tx=23 ack=0 due=0 r=1
22:25:20  [AT] "AT+CIPSEND=24" (13)
22:25:20  [AT] " S,1374,00,00,1664,P1,36" (24)
22:25:20  [AT] "SEND OK" (7)
22:25:21  [TX] S,1375,00,00,1665,P1,36
22:25:21  [SLOT] n=1388 tx=23 ack=0 due=0 r=1
22:25:21  [AT] "AT+CIPSEND=24" (13)
22:25:21  [AT] " S,1375,00,00,1665,P1,36" (24)
22:25:21  [AT] "SEND OK" (7)
22:25:22  [TX] S,1376,00,00,1666,P1,36
22:25:22  [SLOT] n=1389 tx=23 ack=0 due=0 r=1
22:25:22  [AT] "AT+CIPSEND=24" (13)
22:25:22  [AT] " S,1376,00,00,1666,P1,36" (24)
22:25:22  [AT] "SEND OK" (7)
22:25:24  [TX] S,1377,00,00,1668,P1,39
22:25:24  [SLOT] n=1390 tx=23 ack=0 due=0 r=1
22:25:24  [AT] "AT+CIPSEND=24" (13)
22:25:24  [AT] " S,1377,00,00,1668,P1,39" (24)
22:25:24  [AT] "SEND OK" (7)
22:25:25  [TX] S,1378,00,00,1669,P1,37
22:25:25  [SLOT] n=1391 tx=23 ack=0 due=0 r=1
22:25:25  [AT] "AT+CIPSEND=24" (13)
22:25:25  [AT] " S,1378,00,00,1669,P1,37" (24)
22:25:25  [AT] "SEND OK" (7)
22:25:26  [TX] S,1379,00,00,1670,P1,3E
22:25:26  [SLOT] n=1392 tx=23 ack=0 due=0 r=1
22:25:26  [AT] "AT+CIPSEND=24" (13)
22:25:27  [AT] " S,1379,00,00,1670,P1,3E" (24)
22:25:27  [AT] "SEND OK" (7)
22:25:27  [TX] S,1380,00,00,1671,P1,39
22:25:27  [SLOT] n=1393 tx=23 ack=0 due=0 r=1
22:25:27  [AT] "AT+CIPSEND=24" (13)
22:25:27  [AT] " S,1380,00,00,1671,P1,39" (24)
22:25:27  [AT] "SEND OK" (7)
22:25:28  [TX] S,1381,00,00,1672,P1,3B
22:25:28  [SLOT] n=1394 tx=23 ack=0 due=0 r=1
22:25:28  [AT] "AT+CIPSEND=24" (13)
22:25:29  [AT] " S,1381,00,00,1672,P1,3B" (24)
22:25:29  [AT] "SEND OK" (7)
22:25:30  [TX] S,1382,00,00,1674,P1,3E
22:25:30  [SLOT] n=1395 tx=23 ack=0 due=0 r=1
22:25:30  [AT] "AT+CIPSEND=24" (13)
22:25:30  [AT] " S,1382,00,00,1674,P1,3E" (24)
22:25:30  [AT] "SEND OK" (7)
22:25:31  [TX] S,1383,00,00,1675,P1,3E
22:25:31  [SLOT] n=1396 tx=23 ack=0 due=0 r=1
22:25:31  [AT] "AT+CIPSEND=24" (13)
22:25:31  [AT] " S,1383,00,00,1675,P1,3E" (24)
22:25:31  [AT] "SEND OK" (7)
22:25:32  [TX] S,1384,00,00,1676,P1,3A
22:25:32  [SLOT] n=1397 tx=23 ack=0 due=0 r=1
22:25:32  [AT] "AT+CIPSEND=24" (13)
22:25:32  [AT] " S,1384,00,00,1676,P1,3A" (24)
22:25:32  [AT] "SEND OK" (7)
22:25:33  [TX] S,1385,00,00,1677,P1,3A
22:25:33  [SLOT] n=1398 tx=23 ack=0 due=0 r=1
22:25:33  [AT] "AT+CIPSEND=24" (13)
22:25:33  [AT] " S,1385,00,00,1677,P1,3A" (24)
22:25:33  [AT] "SEND OK" (7)
22:25:34  [TX] S,1386,00,00,1678,P1,36
22:25:34  [SLOT] n=1399 tx=23 ack=0 due=0 r=1
22:25:34  [AT] "AT+CIPSEND=24" (13)
22:25:34  [AT] " S,1386,00,00,1678,P1,36" (24)
22:25:34  [AT] "SEND OK" (7)
22:25:36  [TX] S,1387,00,00,1680,P1,30
22:25:36  [SLOT] n=1400 tx=23 ack=0 due=0 r=1
22:25:36  [CNT] up=1680 drop=0 esprst=0 hwrst=0/0 resync=0 sendfail=0 okto=0 stuck=0 ackq=0 ackdrop=0 ackstale=0 slot=1400 oow=18 smiss=2 ssovf=0 cksumng=0 okstream=1385 penddrop=0 pendfill=1388 bigfill=3 bigdrop=0 bigokst=3 oklost=0 bigoklost=0 skip=2 online=1
22:25:36  [RAM] 최저 여유 585 B · 프롬프트 재동기 0회 (서버의 '버린줄' 과 맞아야 한다)
22:25:36  [AT] " S,1387,00,00,1680,P1,30" (24)
22:25:36  [AT] "SEND OK" (7)
22:25:36  [AT] "AT+CIPSEND=24" (13)
22:25:37  [TX] S,1388,00,00,1681,P1,3E
22:25:37  [SLOT] n=1401 tx=23 ack=0 due=0 r=1
22:25:37  [AT] "AT+CIPSEND=24" (13)
22:25:37  [AT] " S,1388,00,00,1681,P1,3E" (24)
22:25:37  [AT] "SEND OK" (7)
22:25:38  «tap» 살아있음 — 최근 60초 rx=7956B (이 줄이 끊기면 탭이 죽은 것이다)
22:25:38  [TX] S,1389,00,00,1682,P1,3C
22:25:38  [SLOT] n=1402 tx=23 ack=0 due=0 r=1
22:25:38  [AT] "AT+CIPSEND=24" (13)
22:25:38  [AT] " S,1389,00,00,1682,P1,3C" (24)
22:25:38  [AT] "SEND OK" (7)
22:25:39  [TX] S,1390,00,00,1683,P1,35
22:25:39  [SLOT] n=1403 tx=23 ack=0 due=0 r=1
22:25:39  [AT] "AT+CIPSEND=24" (13)
22:25:39  [AT] " S,1390,00,00,1683,P1,35" (24)
22:25:39  [AT] "SEND OK" (7)
22:25:40  [TX] S,1391,00,00,1684,P1,33
22:25:40  [SLOT] n=1404 tx=23 ack=0 due=0 r=1
22:25:40  [AT] "AT+CIPSEND=24" (13)
22:25:40  [AT] " S,1391,00,00,1684,P1,33" (24)
22:25:40  [AT] "SEND OK" (7)
22:25:42  [TX] S,1392,00,00,1686,P1,32
22:25:42  [SLOT] n=1405 tx=23 ack=0 due=0 r=1
22:25:42  [AT] "AT+CIPSEND=24" (13)
22:25:42  [AT] " S,1392,00,00,1686,P1,32" (24)
22:25:42  [AT] "SEND OK" (7)
22:25:43  [TX] S,1393,00,00,1687,P1,32
22:25:43  [SLOT] n=1406 tx=23 ack=0 due=0 r=1
22:25:43  [AT] "AT+CIPSEND=24" (13)
22:25:43  [AT] " S,1393,00,00,1687,P1,32" (24)
22:25:43  [AT] "SEND OK" (7)
22:25:44  [TX] S,1394,00,00,1688,P1,3A
22:25:44  [SLOT] n=1407 tx=23 ack=0 due=0 r=1
22:25:44  [AT] "AT+CIPSEND=24" (13)
22:25:44  [AT] " S,1394,00,00,1688,P1,3A" (24)
22:25:44  [AT] "SEND OK" (7)
22:25:45  [TX] S,1395,00,00,1689,P1,3A
22:25:45  [SLOT] n=1408 tx=23 ack=0 due=0 r=1
22:25:45  [AT] "AT+CIPSEND=24" (13)
22:25:45  [AT] " S,1395,00,00,1689,P1,3A" (24)
22:25:45  [AT] "SEND OK" (7)
22:25:46  [TX] S,1396,00,00,1690,P1,31
22:25:46  [SLOT] n=1409 tx=23 ack=0 due=0 r=1
22:25:46  [AT] "AT+CIPSEND=24" (13)
22:25:47  [AT] " S,1396,00,00,1690,P1,31" (24)
22:25:47  [AT] "SEND OK" (7)
22:25:48  [TX] S,1397,00,00,1692,P1,32
22:25:48  [SLOT] n=1410 tx=23 ack=0 due=0 r=1
22:25:48  [AT] "AT+CIPSEND=24" (13)
22:25:48  [AT] " S,1397,00,00,1692,P1,32" (24)
22:25:48  [AT] "SEND OK" (7)
22:25:49  [TX] S,1398,00,00,1693,P1,3C
22:25:49  [SLOT] n=1411 tx=23 ack=0 due=0 r=1
22:25:49  [AT] "AT+CIPSEND=24" (13)
22:25:49  [AT] " S,1398,00,00,1693,P1,3C" (24)
22:25:49  [AT] "SEND OK" (7)
22:25:50  [TX] S,1399,00,00,1694,P1,3A
22:25:50  [SLOT] n=1412 tx=23 ack=0 due=0 r=1
22:25:50  [AT] "AT+CIPSEND=24" (13)
22:25:50  [AT] " S,1399,00,00,1694,P1,3A" (24)
22:25:50  [AT] "SEND OK" (7)
22:25:51  [TX] S,1400,00,00,1695,P1,3C
22:25:51  [SLOT] n=1413 tx=23 ack=0 due=0 r=1
22:25:51  [AT] "AT+CIPSEND=24" (13)
22:25:51  [AT] " S,1400,00,00,1695,P1,3C" (24)
22:25:51  [AT] "SEND OK" (7)
22:25:52  [TX] S,1401,00,00,1696,P1,3E
22:25:52  [SLOT] n=1414 tx=23 ack=0 due=0 r=1
22:25:52  [AT] "AT+CIPSEND=24" (13)
22:25:52  [AT] " S,1401,00,00,1696,P1,3E" (24)
22:25:52  [AT] "SEND OK" (7)
22:25:54  [TX] S,1402,00,00,1698,P1,33
22:25:54  [SLOT] n=1415 tx=23 ack=0 due=0 r=1
22:25:54  [AT] "AT+CIPSEND=24" (13)
22:25:54  [AT] " S,1402,00,00,1698,P1,33" (24)
22:25:54  [AT] "SEND OK" (7)
22:25:55  [TX] S,1403,00,00,1699,P1,33
22:25:55  [SLOT] n=1416 tx=23 ack=0 due=0 r=1
22:25:55  [AT] "AT+CIPSEND=24" (13)
22:25:55  [AT] " S,1403,00,00,1699,P1,33" (24)
22:25:55  [AT] "SEND OK" (7)
22:25:56  [TX] S,1404,00,00,1700,P1,35
22:25:56  [SLOT] n=1417 tx=23 ack=0 due=0 r=1
22:25:56  [AT] "AT+CIPSEND=24" (13)
22:25:56  [AT] " S,1404,00,00,1700,P1,35" (24)
22:25:56  [AT] "SEND OK" (7)
22:25:57  [TX] S,1405,00,00,1701,P1,35
22:25:57  [SLOT] n=1418 tx=23 ack=0 due=0 r=1
22:25:57  [AT] "AT+CIPSEND=24" (13)
22:25:57  [AT] " S,1405,00,00,1701,P1,35" (24)
22:25:57  [AT] "SEND OK" (7)
22:25:58  [TX] S,1406,00,00,1702,P1,35
22:25:58  [SLOT] n=1419 tx=23 ack=0 due=0 r=1
22:25:58  [AT] "AT+CIPSEND=24" (13)
22:25:58  [AT] " S,1406,00,00,1702,P1,35" (24)
22:25:58  [AT] "SEND OK" (7)
22:26:00  [TX] S,1407,00,00,1704,P1,32
22:26:00  [SLOT] n=1420 tx=23 ack=0 due=0 r=1
22:26:00  [AT] "AT+CIPSEND=24" (13)
22:26:00  [AT] " S,1407,00,00,1704,P1,32" (24)
22:26:00  [AT] "SEND OK" (7)
22:26:01  [TX] S,1408,00,00,1705,P1,3C
22:26:01  [SLOT] n=1421 tx=23 ack=0 due=0 r=1
22:26:01  [AT] "AT+CIPSEND=24" (13)
22:26:01  [AT] " S,1408,00,00,1705,P1,3C" (24)
22:26:01  [AT] "SEND OK" (7)
22:26:02  [TX] S,1409,00,00,1706,P1,3E
22:26:02  [SLOT] n=1422 tx=23 ack=0 due=0 r=1
22:26:02  [AT] "AT+CIPSEND=24" (13)
22:26:02  [AT] " S,1409,00,00,1706,P1,3E" (24)
22:26:02  [AT] "SEND OK" (7)
22:26:03  [TX] S,1410,00,00,1707,P1,37
22:26:03  [SLOT] n=1423 tx=23 ack=0 due=0 r=1
22:26:03  [AT] "AT+CIPSEND=24" (13)
22:26:03  [AT] " S,1410,00,00,1707,P1,37" (24)
22:26:03  [AT] "SEND OK" (7)
22:26:04  [TX] S,1411,00,00,1708,P1,39
22:26:04  [SLOT] n=1424 tx=23 ack=0 due=0 r=1
22:26:04  [AT] "AT+CIPSEND=24" (13)
22:26:04  [AT] " S,1411,00,00,1708,P1,39" (24)
22:26:04  [AT] "SEND OK" (7)
22:26:06  [TX] S,1412,00,00,1710,P1,33
22:26:06  [SLOT] n=1425 tx=23 ack=0 due=0 r=1
22:26:06  [AT] "AT+CIPSEND=24" (13)
22:26:06  [AT] " S,1412,00,00,1710,P1,33" (24)
22:26:06  [AT] "SEND OK" (7)
22:26:07  [TX] S,1413,00,00,1711,P1,33
22:26:07  [SLOT] n=1426 tx=23 ack=0 due=0 r=1
22:26:07  [AT] "AT+CIPSEND=24" (13)
22:26:07  [AT] " S,1413,00,00,1711,P1,33" (24)
22:26:07  [AT] "SEND OK" (7)
22:26:08  [TX] S,1414,00,00,1712,P1,37
22:26:08  [SLOT] n=1427 tx=23 ack=0 due=0 r=1
22:26:08  [AT] "AT+CIPSEND=24" (13)
22:26:08  [AT] " S,1414,00,00,1712,P1,37" (24)
22:26:08  [AT] "SEND OK" (7)
22:26:09  [TX] S,1415,00,00,1713,P1,37
22:26:09  [SLOT] n=1428 tx=23 ack=0 due=0 r=1
22:26:09  [AT] "AT+CIPSEND=24" (13)
22:26:10  [AT] " S,1415,00,00,1713,P1,37" (24)
22:26:10  [AT] "SEND OK" (7)
22:26:10  [TX] S,1416,00,00,1714,P1,33
22:26:10  [SLOT] n=1429 tx=23 ack=0 due=0 r=1
22:26:10  [AT] "AT+CIPSEND=24" (13)
22:26:10  [AT] " S,1416,00,00,1714,P1,33" (24)
22:26:10  [AT] "SEND OK" (7)
22:26:12  [TX] S,1417,00,00,1716,P1,30
22:26:12  [SLOT] n=1430 tx=23 ack=0 due=0 r=1
22:26:12  [AT] "AT+CIPSEND=24" (13)
22:26:12  [AT] " S,1417,00,00,1716,P1,30" (24)
22:26:12  [AT] "SEND OK" (7)
22:26:13  [TX] S,1418,00,00,1717,P1,3E
22:26:13  [SLOT] n=1431 tx=23 ack=0 due=0 r=1
22:26:13  [AT] "AT+CIPSEND=24" (13)
22:26:13  [AT] " S,1418,00,00,1717,P1,3E" (24)
22:26:13  [AT] "SEND OK" (7)
22:26:14  [TX] S,1419,00,00,1718,P1,30
22:26:14  [SLOT] n=1432 tx=23 ack=0 due=0 r=1
22:26:14  [AT] "AT+CIPSEND=24" (13)
22:26:14  [AT] " S,1419,00,00,1718,P1,30" (24)
22:26:14  [AT] "SEND OK" (7)
22:26:15  [TX] S,1420,00,00,1719,P1,3B
22:26:15  [SLOT] n=1433 tx=23 ack=0 due=0 r=1
22:26:15  [AT] "AT+CIPSEND=24" (13)
22:26:15  [AT] " S,1420,00,00,1719,P1,3B" (24)
22:26:15  [AT] "SEND OK" (7)
22:26:16  [TX] S,1421,00,00,1720,P1,30
22:26:16  [SLOT] n=1434 tx=23 ack=0 due=0 r=1
22:26:16  [AT] "AT+CIPSEND=24" (13)
22:26:16  [AT] " S,1421,00,00,1720,P1,30" (24)
22:26:16  [AT] "SEND OK" (7)
22:26:18  [TX] S,1422,00,00,1722,P1,31
22:26:18  [SLOT] n=1435 tx=23 ack=0 due=0 r=1
22:26:18  [AT] "AT+CIPSEND=24" (13)
22:26:18  [AT] " S,1422,00,00,1722,P1,31" (24)
22:26:18  [AT] "SEND OK" (7)
22:26:19  [TX] S,1423,00,00,1723,P1,31
22:26:19  [SLOT] n=1436 tx=23 ack=0 due=0 r=1
22:26:19  [AT] "AT+CIPSEND=24" (13)
22:26:19  [AT] " S,1423,00,00,1723,P1,31" (24)
22:26:19  [AT] "SEND OK" (7)
22:26:20  [TX] S,1424,00,00,1724,P1,31
22:26:20  [SLOT] n=1437 tx=23 ack=0 due=0 r=1
22:26:20  [AT] "AT+CIPSEND=24" (13)
22:26:20  [AT] " S,1424,00,00,1724,P1,31" (24)
22:26:20  [AT] "SEND OK" (7)
22:26:21  [TX] S,1425,00,00,1725,P1,31
22:26:21  [SLOT] n=1438 tx=23 ack=0 due=0 r=1
22:26:21  [AT] "AT+CIPSEND=24" (13)
22:26:21  [AT] " S,1425,00,00,1725,P1,31" (24)
22:26:21  [AT] "SEND OK" (7)
22:26:22  [TX] S,1426,00,00,1726,P1,31
22:26:22  [SLOT] n=1439 tx=23 ack=0 due=0 r=1
22:26:22  [AT] "AT+CIPSEND=24" (13)
22:26:22  [AT] " S,1426,00,00,1726,P1,31" (24)
22:26:22  [AT] "SEND OK" (7)
22:26:24  [TX] S,1427,00,00,1728,P1,3E
22:26:24  [SLOT] n=1440 tx=23 ack=0 due=0 r=1
22:26:24  [AT] "AT+CIPSEND=24" (13)
22:26:24  [AT] " S,1427,00,00,1728,P1,3E" (24)
22:26:24  [AT] "SEND OK" (7)
22:26:25  [TX] S,1428,00,00,1729,P1,30
22:26:25  [SLOT] n=1441 tx=23 ack=0 due=0 r=1
22:26:25  [AT] "AT+CIPSEND=24" (13)
22:26:25  [AT] " S,1428,00,00,1729,P1,30" (24)
22:26:25  [AT] "SEND OK" (7)
22:26:26  [TX] S,1429,00,00,1730,P1,39
22:26:26  [SLOT] n=1442 tx=23 ack=0 due=0 r=1
22:26:26  [AT] "AT+CIPSEND=24" (13)
22:26:26  [AT] " S,1429,00,00,1730,P1,39" (24)
22:26:26  [AT] "SEND OK" (7)
22:26:27  [TX] S,1430,00,00,1731,P1,30
22:26:27  [SLOT] n=1443 tx=23 ack=0 due=0 r=1
22:26:27  [AT] "AT+CIPSEND=24" (13)
22:26:27  [AT] " S,1430,00,00,1731,P1,30" (24)
22:26:27  [AT] "SEND OK" (7)
22:26:28  [TX] S,1431,00,00,1732,P1,32
22:26:28  [SLOT] n=1444 tx=23 ack=0 due=0 r=1
22:26:28  [AT] "AT+CIPSEND=24" (13)
22:26:28  [AT] " S,1431,00,00,1732,P1,32" (24)
22:26:28  [AT] "SEND OK" (7)
22:26:30  [TX] S,1432,00,00,1734,P1,37
22:26:30  [SLOT] n=1445 tx=23 ack=0 due=0 r=1
22:26:30  [AT] "AT+CIPSEND=24" (13)
22:26:30  [AT] " S,1432,00,00,1734,P1,37" (24)
22:26:30  [AT] "SEND OK" (7)
22:26:31  [TX] S,1433,00,00,1735,P1,37
22:26:31  [SLOT] n=1446 tx=23 ack=0 due=0 r=1
22:26:31  [AT] "AT+CIPSEND=24" (13)
22:26:31  [AT] " S,1433,00,00,1735,P1,37" (24)
22:26:31  [AT] "SEND OK" (7)
22:26:32  [TX] S,1434,00,00,1736,P1,33
22:26:32  [SLOT] n=1447 tx=23 ack=0 due=0 r=1
22:26:32  [AT] "AT+CIPSEND=24" (13)
22:26:32  [AT] " S,1434,00,00,1736,P1,33" (24)
22:26:32  [AT] "SEND OK" (7)
22:26:33  [TX] S,1435,00,00,1737,P1,33
22:26:33  [SLOT] n=1448 tx=23 ack=0 due=0 r=1
22:26:33  [AT] "AT+CIPSEND=24" (13)
22:26:33  [AT] " S,1435,00,00,1737,P1,33" (24)
22:26:33  [AT] "SEND OK" (7)
22:26:34  [TX] S,1436,00,00,1738,P1,3F
22:26:34  [SLOT] n=1449 tx=23 ack=0 due=0 r=1
22:26:34  [AT] "AT+CIPSEND=24" (13)
22:26:34  [AT] " S,1436,00,00,1738,P1,3F" (24)
22:26:34  [AT] "SEND OK" (7)
22:26:36  [TX] S,1437,00,00,1740,P1,31
22:26:36  [SLOT] n=1450 tx=23 ack=0 due=0 r=1
22:26:36  [CNT] up=1740 drop=0 esprst=0 hwrst=0/0 resync=0 sendfail=0 okto=0 stuck=0 ackq=0 ackdrop=0 ackstale=0 slot=1450 oow=18 smiss=2 ssovf=0 cksumng=0 okstream=1435 penddrop=0 pendfill=1438 bigfill=3 bigdrop=0 bigokst=3 oklost=0 bigoklost=0 skip=2 online=1
22:26:36  [RAM] 최저 여유 585 B · 프롬프트 재동기 0회 (서버의 '버린줄' 과 맞아야 한다)
22:26:36  [AT] " S,1437,00,00,1740,P1,31" (24)
22:26:36  [AT] "SEND OK" (7)
22:26:36  [AT] "AT+CIPSEND=24" (13)
22:26:37  [TX] S,1438,00,00,1741,P1,3F
22:26:37  [SLOT] n=1451 tx=23 ack=0 due=0 r=1
22:26:37  [AT] "AT+CIPSEND=24" (13)
22:26:37  [AT] " S,1438,00,00,1741,P1,3F" (24)
22:26:37  [AT] "SEND OK" (7)
22:26:38  «tap» 살아있음 — 최근 60초 rx=7956B (이 줄이 끊기면 탭이 죽은 것이다)
22:26:38  [TX] S,1439,00,00,1742,P1,3D
22:26:38  [SLOT] n=1452 tx=23 ack=0 due=0 r=1
22:26:38  [AT] "AT+CIPSEND=24" (13)
22:26:38  [AT] " S,1439,00,00,1742,P1,3D" (24)
22:26:38  [AT] "SEND OK" (7)
22:26:39  [TX] S,1440,00,00,1743,P1,32
22:26:39  [SLOT] n=1453 tx=23 ack=0 due=0 r=1
22:26:39  [AT] "AT+CIPSEND=24" (13)
22:26:39  [AT] " S,1440,00,00,1743,P1,32" (24)
22:26:39  [AT] "SEND OK" (7)
22:26:40  [TX] S,1441,00,00,1744,P1,34
22:26:40  [SLOT] n=1454 tx=23 ack=0 due=0 r=1
22:26:40  [AT] "AT+CIPSEND=24" (13)
22:26:40  [AT] " S,1441,00,00,1744,P1,34" (24)
22:26:40  [AT] "SEND OK" (7)
22:26:41  [TX] S,1442,00,00,1746,P1,35
22:26:42  [SLOT] n=1455 tx=23 ack=0 due=0 r=1
22:26:42  [AT] "AT+CIPSEND=24" (13)
22:26:42  [AT] " S,1442,00,00,1746,P1,35" (24)
22:26:42  [AT] "SEND OK" (7)
22:26:43  [TX] S,1443,00,00,1747,P1,35
22:26:43  [SLOT] n=1456 tx=23 ack=0 due=0 r=1
22:26:43  [AT] "AT+CIPSEND=24" (13)
22:26:43  [AT] " S,1443,00,00,1747,P1,35" (24)
22:26:43  [AT] "SEND OK" (7)
22:26:44  [TX] S,1444,00,00,1748,P1,3D
22:26:44  [SLOT] n=1457 tx=23 ack=0 due=0 r=1
22:26:44  [AT] "AT+CIPSEND=24" (13)
22:26:44  [AT] " S,1444,00,00,1748,P1,3D" (24)
22:26:44  [AT] "SEND OK" (7)
22:26:45  [TX] S,1445,00,00,1749,P1,3D
22:26:45  [SLOT] n=1458 tx=23 ack=0 due=0 r=1
22:26:45  [AT] "AT+CIPSEND=24" (13)
22:26:45  [AT] " S,1445,00,00,1749,P1,3D" (24)
22:26:45  [AT] "SEND OK" (7)
22:26:46  [TX] S,1446,00,00,1750,P1,36
22:26:46  [SLOT] n=1459 tx=23 ack=0 due=0 r=1
22:26:46  [AT] "AT+CIPSEND=24" (13)
22:26:46  [AT] " S,1446,00,00,1750,P1,36" (24)
22:26:46  [AT] "SEND OK" (7)
22:26:47  [TX] S,1447,00,00,1752,P1,35
22:26:48  [SLOT] n=1460 tx=23 ack=0 due=0 r=1
22:26:48  [AT] "AT+CIPSEND=24" (13)
22:26:48  [AT] " S,1447,00,00,1752,P1,35" (24)
22:26:48  [AT] "SEND OK" (7)
22:26:49  [TX] S,1448,00,00,1753,P1,3B
22:26:49  [SLOT] n=1461 tx=23 ack=0 due=0 r=1
22:26:49  [AT] "AT+CIPSEND=24" (13)
22:26:49  [AT] " S,1448,00,00,1753,P1,3B" (24)
22:26:49  [AT] "SEND OK" (7)
22:26:50  [TX] S,1449,00,00,1754,P1,3D
22:26:50  [SLOT] n=1462 tx=23 ack=0 due=0 r=1
22:26:50  [AT] "AT+CIPSEND=24" (13)
22:26:50  [AT] " S,1449,00,00,1754,P1,3D" (24)
22:26:50  [AT] "SEND OK" (7)
22:26:51  [TX] S,1450,00,00,1755,P1,34
22:26:51  [SLOT] n=1463 tx=23 ack=0 due=0 r=1
22:26:51  [AT] "AT+CIPSEND=24" (13)
22:26:51  [AT] " S,1450,00,00,1755,P1,34" (24)
22:26:51  [AT] "SEND OK" (7)
22:26:52  [TX] S,1451,00,00,1756,P1,36
22:26:52  [SLOT] n=1464 tx=23 ack=0 due=0 r=1
22:26:52  [AT] "AT+CIPSEND=24" (13)
22:26:52  [AT] " S,1451,00,00,1756,P1,36" (24)
22:26:52  [AT] "SEND OK" (7)
22:26:53  [TX] S,1452,00,00,1758,P1,3B
22:26:53  [SLOT] n=1465 tx=23 ack=0 due=0 r=1
22:26:53  [AT] "AT+CIPSEND=24" (13)
22:26:54  [AT] " S,1452,00,00,1758,P1,3B" (24)
22:26:54  [AT] "SEND OK" (7)
22:26:55  [TX] S,1453,00,00,1759,P1,3B
22:26:55  [SLOT] n=1466 tx=23 ack=0 due=0 r=1
22:26:55  [AT] "AT+CIPSEND=24" (13)
22:26:55  [AT] " S,1453,00,00,1759,P1,3B" (24)
22:26:55  [AT] "SEND OK" (7)
22:26:56  [TX] S,1454,00,00,1760,P1,36
22:26:56  [SLOT] n=1467 tx=23 ack=0 due=0 r=1
22:26:56  [AT] "AT+CIPSEND=24" (13)
22:26:56  [AT] " S,1454,00,00,1760,P1,36" (24)
22:26:56  [AT] "SEND OK" (7)
22:26:57  [TX] S,1455,00,00,1761,P1,36
22:26:57  [SLOT] n=1468 tx=23 ack=0 due=0 r=1
22:26:57  [AT] "AT+CIPSEND=24" (13)
22:26:57  [AT] " S,1455,00,00,1761,P1,36" (24)
22:26:57  [AT] "SEND OK" (7)
22:26:58  [TX] S,1456,00,00,1762,P1,36
22:26:58  [SLOT] n=1469 tx=23 ack=0 due=0 r=1
22:26:58  [AT] "AT+CIPSEND=24" (13)
22:26:58  [AT] " S,1456,00,00,1762,P1,36" (24)
22:26:58  [AT] "SEND OK" (7)
22:26:59  [TX] S,1457,00,00,1764,P1,31
22:26:59  [SLOT] n=1470 tx=23 ack=0 due=0 r=1
22:26:59  [AT] "AT+CIPSEND=24" (13)
22:27:00  [AT] " S,1457,00,00,1764,P1,31" (24)
22:27:00  [AT] "SEND OK" (7)
22:27:01  [TX] S,1458,00,00,1765,P1,3F
22:27:01  [SLOT] n=1471 tx=23 ack=0 due=0 r=1
22:27:01  [AT] "AT+CIPSEND=24" (13)
22:27:01  [AT] " S,1458,00,00,1765,P1,3F" (24)
22:27:01  [AT] "SEND OK" (7)
22:27:02  [TX] S,1459,00,00,1766,P1,3D
22:27:02  [SLOT] n=1472 tx=23 ack=0 due=0 r=1
22:27:02  [AT] "AT+CIPSEND=24" (13)
22:27:02  [AT] " S,1459,00,00,1766,P1,3D" (24)
22:27:02  [AT] "SEND OK" (7)
22:27:03  [TX] S,1460,00,00,1767,P1,36
22:27:03  [SLOT] n=1473 tx=23 ack=0 due=0 r=1
22:27:03  [AT] "AT+CIPSEND=24" (13)
22:27:03  [AT] " S,1460,00,00,1767,P1,36" (24)
22:27:03  [AT] "SEND OK" (7)
22:27:04  [TX] S,1461,00,00,1768,P1,38
22:27:04  [SLOT] n=1474 tx=23 ack=0 due=0 r=1
22:27:04  [AT] "AT+CIPSEND=24" (13)
22:27:04  [AT] " S,1461,00,00,1768,P1,38" (24)
22:27:04  [AT] "SEND OK" (7)
22:27:05  [TX] S,1462,00,00,1770,P1,32
22:27:05  [SLOT] n=1475 tx=23 ack=0 due=0 r=1
22:27:05  [AT] "AT+CIPSEND=24" (13)
22:27:06  [AT] " S,1462,00,00,1770,P1,32" (24)
22:27:06  [AT] "SEND OK" (7)
22:27:07  [TX] S,1463,00,00,1771,P1,32
22:27:07  [SLOT] n=1476 tx=23 ack=0 due=0 r=1
22:27:07  [AT] "AT+CIPSEND=24" (13)
22:27:07  [AT] " S,1463,00,00,1771,P1,32" (24)
22:27:07  [AT] "SEND OK" (7)
22:27:08  [TX] S,1464,00,00,1772,P1,36
22:27:08  [SLOT] n=1477 tx=23 ack=0 due=0 r=1
22:27:08  [AT] "AT+CIPSEND=24" (13)
22:27:08  [AT] " S,1464,00,00,1772,P1,36" (24)
22:27:08  [AT] "SEND OK" (7)
22:27:09  [TX] S,1465,00,00,1773,P1,36
22:27:09  [SLOT] n=1478 tx=23 ack=0 due=0 r=1
22:27:09  [AT] "AT+CIPSEND=24" (13)
22:27:09  [AT] " S,1465,00,00,1773,P1,36" (24)
22:27:09  [AT] "SEND OK" (7)
22:27:10  [TX] S,1466,00,00,1774,P1,32
22:27:10  [SLOT] n=1479 tx=23 ack=0 due=0 r=1
22:27:10  [AT] "AT+CIPSEND=24" (13)
22:27:10  [AT] " S,1466,00,00,1774,P1,32" (24)
22:27:10  [AT] "SEND OK" (7)
22:27:11  [TX] S,1467,00,00,1776,P1,31
22:27:11  [SLOT] n=1480 tx=23 ack=0 due=0 r=1
22:27:11  [AT] "AT+CIPSEND=24" (13)
22:27:11  [AT] " S,1467,00,00,1776,P1,31" (24)
22:27:11  [AT] "SEND OK" (7)
22:27:13  [TX] S,1468,00,00,1777,P1,3F
22:27:13  [SLOT] n=1481 tx=23 ack=0 due=0 r=1
22:27:13  [AT] "AT+CIPSEND=24" (13)
22:27:13  [AT] " S,1468,00,00,1777,P1,3F" (24)
22:27:13  [AT] "SEND OK" (7)
22:27:14  [TX] S,1469,00,00,1778,P1,31
22:27:14  [SLOT] n=1482 tx=23 ack=0 due=0 r=1
22:27:14  [AT] "AT+CIPSEND=24" (13)
22:27:14  [AT] " S,1469,00,00,1778,P1,31" (24)
22:27:14  [AT] "SEND OK" (7)
22:27:15  [TX] S,1470,00,00,1779,P1,38
22:27:15  [SLOT] n=1483 tx=23 ack=0 due=0 r=1
22:27:15  [AT] "AT+CIPSEND=24" (13)
22:27:15  [AT] " S,1470,00,00,1779,P1,38" (24)
22:27:15  [AT] "SEND OK" (7)
22:27:16  [TX] S,1471,00,00,1780,P1,3F
22:27:16  [SLOT] n=1484 tx=23 ack=0 due=0 r=1
22:27:16  [AT] "AT+CIPSEND=24" (13)
22:27:16  [AT] " S,1471,00,00,1780,P1,3F" (24)
22:27:16  [AT] "SEND OK" (7)
22:27:17  [TX] S,1472,00,00,1782,P1,3E
22:27:17  [SLOT] n=1485 tx=23 ack=0 due=0 r=1
22:27:17  [AT] "AT+CIPSEND=24" (13)
22:27:17  [AT] " S,1472,00,00,1782,P1,3E" (24)
22:27:17  [AT] "SEND OK" (7)
22:27:19  [TX] S,1473,00,00,1783,P1,3E
22:27:19  [SLOT] n=1486 tx=23 ack=0 due=0 r=1
22:27:19  [AT] "AT+CIPSEND=24" (13)
22:27:19  [AT] " S,1473,00,00,1783,P1,3E" (24)
22:27:19  [AT] "SEND OK" (7)
22:27:20  [TX] S,1474,00,00,1784,P1,3E
22:27:20  [SLOT] n=1487 tx=23 ack=0 due=0 r=1
22:27:20  [AT] "AT+CIPSEND=24" (13)
22:27:20  [AT] " S,1474,00,00,1784,P1,3E" (24)
22:27:20  [AT] "SEND OK" (7)
22:27:21  [TX] S,1475,00,00,1785,P1,3E
22:27:21  [SLOT] n=1488 tx=23 ack=0 due=0 r=1
22:27:21  [AT] "AT+CIPSEND=24" (13)
22:27:21  [AT] " S,1475,00,00,1785,P1,3E" (24)
22:27:21  [AT] "SEND OK" (7)
22:27:22  [TX] S,1476,00,00,1786,P1,3E
22:27:22  [SLOT] n=1489 tx=23 ack=0 due=0 r=1
22:27:22  [AT] "AT+CIPSEND=24" (13)
22:27:22  [AT] " S,1476,00,00,1786,P1,3E" (24)
22:27:22  [AT] "SEND OK" (7)
22:27:23  [TX] S,1477,00,00,1788,P1,31
22:27:23  [SLOT] n=1490 tx=23 ack=0 due=0 r=1
22:27:23  [AT] "AT+CIPSEND=24" (13)
22:27:24  [AT] " S,1477,00,00,1788,P1,31" (24)
22:27:24  [AT] "SEND OK" (7)
22:27:25  [TX] S,1478,00,00,1789,P1,3F
22:27:25  [SLOT] n=1491 tx=23 ack=0 due=0 r=1
22:27:25  [AT] "AT+CIPSEND=24" (13)
22:27:25  [AT] " S,1478,00,00,1789,P1,3F" (24)
22:27:25  [AT] "SEND OK" (7)
22:27:26  [TX] S,1479,00,00,1790,P1,36
22:27:26  [SLOT] n=1492 tx=23 ack=0 due=0 r=1
22:27:26  [AT] "AT+CIPSEND=24" (13)
22:27:26  [AT] " S,1479,00,00,1790,P1,36" (24)
22:27:26  [AT] "SEND OK" (7)
22:27:27  [TX] S,1480,00,00,1791,P1,31
22:27:27  [SLOT] n=1493 tx=23 ack=0 due=0 r=1
22:27:27  [AT] "AT+CIPSEND=24" (13)
22:27:27  [AT] " S,1480,00,00,1791,P1,31" (24)
22:27:27  [AT] "SEND OK" (7)
22:27:28  [TX] S,1481,00,00,1792,P1,33
22:27:28  [SLOT] n=1494 tx=23 ack=0 due=0 r=1
22:27:28  [AT] "AT+CIPSEND=24" (13)
22:27:28  [AT] " S,1481,00,00,1792,P1,33" (24)
22:27:28  [AT] "SEND OK" (7)
22:27:29  [TX] S,1482,00,00,1794,P1,36
22:27:29  [SLOT] n=1495 tx=23 ack=0 due=0 r=1
22:27:29  [AT] "AT+CIPSEND=24" (13)
22:27:29  [AT] " S,1482,00,00,1794,P1,36" (24)
22:27:29  [AT] "SEND OK" (7)
22:27:31  [TX] S,1483,00,00,1795,P1,36
22:27:31  [SLOT] n=1496 tx=23 ack=0 due=0 r=1
22:27:31  [AT] "AT+CIPSEND=24" (13)
22:27:31  [AT] " S,1483,00,00,1795,P1,36" (24)
22:27:31  [AT] "SEND OK" (7)
22:27:32  [TX] S,1484,00,00,1796,P1,32
22:27:32  [SLOT] n=1497 tx=23 ack=0 due=0 r=1
22:27:32  [AT] "AT+CIPSEND=24" (13)
22:27:32  [AT] " S,1484,00,00,1796,P1,32" (24)
22:27:32  [AT] "SEND OK" (7)
22:27:33  [TX] S,1485,00,00,1797,P1,32
22:27:33  [SLOT] n=1498 tx=23 ack=0 due=0 r=1
22:27:33  [AT] "AT+CIPSEND=24" (13)
22:27:33  [AT] " S,1485,00,00,1797,P1,32" (24)
22:27:33  [AT] "SEND OK" (7)
22:27:34  [TX] S,1486,00,00,1798,P1,3E
22:27:34  [SLOT] n=1499 tx=23 ack=0 due=0 r=1
22:27:34  [AT] "AT+CIPSEND=24" (13)
22:27:34  [AT] " S,1486,00,00,1798,P1,3E" (24)
22:27:34  [AT] "SEND OK" (7)
22:27:35  [TX] S,1487,00,00,1800,P1,31
22:27:35  [SLOT] n=1500 tx=23 ack=0 due=0 r=1
22:27:35  [CNT] up=1800 drop=0 esprst=0 hwrst=0/0 resync=0 sendfail=0 okto=0 stuck=0 ackq=0 ackdrop=0 ackstale=0 slot=1500 oow=18 smiss=2 ssovf=0 cksumng=0 okstream=1485 penddrop=0 pendfill=1488 bigfill=3 bigdrop=0 bigokst=3 oklost=0 bigoklost=0 skip=2 online=1
22:27:35  [RAM] 최저 여유 585 B · 프롬프트 재동기 0회 (서버의 '버린줄' 과 맞아야 한다)
22:27:36  [AT] " S,1487,00,00,1800,P1,31" (24)
22:27:36  [AT] "SEND OK" (7)
22:27:36  [AT] "AT+CIPSEND=24" (13)
22:27:37  [TX] S,1488,00,00,1801,P1,3F
22:27:37  [SLOT] n=1501 tx=23 ack=0 due=0 r=1
22:27:37  [AT] "AT+CIPSEND=24" (13)
22:27:37  [AT] " S,1488,00,00,1801,P1,3F" (24)
22:27:37  [AT] "SEND OK" (7)
22:27:38  «tap» 살아있음 — 최근 60초 rx=7956B (이 줄이 끊기면 탭이 죽은 것이다)
22:27:38  [TX] S,1489,00,00,1802,P1,3D
22:27:38  [SLOT] n=1502 tx=23 ack=0 due=0 r=1
22:27:38  [AT] "AT+CIPSEND=24" (13)
22:27:38  [AT] " S,1489,00,00,1802,P1,3D" (24)
22:27:38  [AT] "SEND OK" (7)
22:27:39  [TX] S,1490,00,00,1803,P1,34
22:27:39  [SLOT] n=1503 tx=23 ack=0 due=0 r=1
22:27:39  [AT] "AT+CIPSEND=24" (13)
22:27:39  [AT] " S,1490,00,00,1803,P1,34" (24)
22:27:39  [AT] "SEND OK" (7)
22:27:40  [TX] S,1491,00,00,1804,P1,32
22:27:40  [SLOT] n=1504 tx=23 ack=0 due=0 r=1
22:27:40  [AT] "AT+CIPSEND=24" (13)
22:27:40  [AT] " S,1491,00,00,1804,P1,32" (24)
22:27:40  [AT] "SEND OK" (7)
22:27:41  [TX] S,1492,00,00,1806,P1,33
22:27:41  [SLOT] n=1505 tx=23 ack=0 due=0 r=1
22:27:41  [AT] "AT+CIPSEND=24" (13)
22:27:41  [AT] " S,1492,00,00,1806,P1,33" (24)
22:27:41  [AT] "SEND OK" (7)
22:27:43  [TX] S,1493,00,00,1807,P1,33
22:27:43  [SLOT] n=1506 tx=23 ack=0 due=0 r=1
22:27:43  [AT] "AT+CIPSEND=24" (13)
22:27:43  [AT] " S,1493,00,00,1807,P1,33" (24)
22:27:43  [AT] "SEND OK" (7)
22:27:44  [TX] S,1494,00,00,1808,P1,3B
22:27:44  [SLOT] n=1507 tx=23 ack=0 due=0 r=1
22:27:44  [AT] "AT+CIPSEND=24" (13)
22:27:44  [AT] " S,1494,00,00,1808,P1,3B" (24)
22:27:44  [AT] "SEND OK" (7)
22:27:45  [TX] S,1495,00,00,1809,P1,3B
22:27:45  [SLOT] n=1508 tx=23 ack=0 due=0 r=1
22:27:45  [AT] "AT+CIPSEND=24" (13)
22:27:45  [AT] " S,1495,00,00,1809,P1,3B" (24)
22:27:45  [AT] "SEND OK" (7)
22:27:46  [TX] S,1496,00,00,1810,P1,30
22:27:46  [SLOT] n=1509 tx=23 ack=0 due=0 r=1
22:27:46  [AT] "AT+CIPSEND=24" (13)
22:27:47  [AT] " S,1496,00,00,1810,P1,30" (24)
22:27:47  [AT] "SEND OK" (7)
22:27:47  [TX] S,1497,00,00,1812,P1,33
22:27:47  [SLOT] n=1510 tx=23 ack=0 due=0 r=1
22:27:47  [AT] "AT+CIPSEND=24" (13)
22:27:47  [AT] " S,1497,00,00,1812,P1,33" (24)
22:27:47  [AT] "SEND OK" (7)
22:27:49  [TX] S,1498,00,00,1813,P1,3D
22:27:49  [SLOT] n=1511 tx=23 ack=0 due=0 r=1
22:27:49  [AT] "AT+CIPSEND=24" (13)
22:27:49  [AT] " S,1498,00,00,1813,P1,3D" (24)
22:27:49  [AT] "SEND OK" (7)
22:27:50  [TX] S,1499,00,00,1814,P1,3B
22:27:50  [SLOT] n=1512 tx=23 ack=0 due=0 r=1
22:27:50  [AT] "AT+CIPSEND=24\x19" (14)
22:27:50  [AT] " S,1499,00,00,1814,P1,3B" (24)
22:27:50  [AT] "SEND OK" (7)
22:27:51  [TX] S,1500,00,00,1815,P1,3B
22:27:51  [SLOT] n=1513 tx=23 ack=0 due=0 r=1
22:27:51  [AT] "AT+CIPSEND=24" (13)
22:27:51  [AT] " S,1500,00,00,1815,P1,3B" (24)
22:27:51  [AT] "SEND OK" (7)
22:27:52  [TX] S,1501,00,00,1816,P1,39
22:27:52  [SLOT] n=1514 tx=23 ack=0 due=0 r=1
22:27:52  [AT] "AT+CIPSEND=24" (13)
22:27:52  [AT] " S,1501,00,00,1816,P1,39" (24)
22:27:52  [AT] "SEND OK" (7)
22:27:53  [TX] S,1502,00,00,1818,P1,34
22:27:53  [SLOT] n=1515 tx=23 ack=0 due=0 r=1
22:27:53  [AT] "AT+CIPSEND=24" (13)
22:27:54  [AT] " S,1502,00,00,1818,P1,34" (24)
22:27:54  [AT] "SEND OK" (7)
22:27:55  [TX] S,1503,00,00,1819,P1,34
22:27:55  [SLOT] n=1516 tx=23 ack=0 due=0 r=1
22:27:55  [AT] "AT+CIPSEND=24" (13)
22:27:55  [AT] " S,1503,00,00,1819,P1,34" (24)
22:27:55  [AT] "SEND OK" (7)
22:27:56  [TX] S,1504,00,00,1820,P1,39
22:27:56  [SLOT] n=1517 tx=23 ack=0 due=0 r=1
22:27:56  [AT] "AT+CIPSEND=24" (13)
22:27:56  [AT] " S,1504,00,00,1820,P1,39" (24)
22:27:56  [AT] "SEND OK" (7)
22:27:57  [TX] S,1505,00,00,1821,P1,39
22:27:57  [SLOT] n=1518 tx=23 ack=0 due=0 r=1
22:27:57  [AT] "AT+CIPSEND=24" (13)
22:27:57  [AT] " S,1505,00,00,1821,P1,39" (24)
22:27:57  [AT] "SEND OK" (7)
22:27:58  [TX] S,1506,00,00,1822,P1,39
22:27:58  [SLOT] n=1519 tx=23 ack=0 due=0 r=1
22:27:58  [AT] "AT+CIPSEND=24" (13)
22:27:58  [AT] " S,1506,00,00,1822,P1,39" (24)
22:27:58  [AT] "SEND OK" (7)
22:27:59  [TX] S,1507,00,00,1824,P1,3E
22:27:59  [SLOT] n=1520 tx=23 ack=0 due=0 r=1
22:27:59  [AT] "AT+CIPSEND=24" (13)
22:27:59  [AT] " S,1507,00,00,1824,P1,3E" (24)
22:27:59  [AT] "SEND OK" (7)
22:28:01  [TX] S,1508,00,00,1825,P1,30
22:28:01  [SLOT] n=1521 tx=23 ack=0 due=0 r=1
22:28:01  [AT] "AT+CIPSEND=24" (13)
22:28:01  [AT] " S,1508,00,00,1825,P1,30" (24)
22:28:01  [AT] "SEND OK" (7)
22:28:02  [TX] S,1509,00,00,1826,P1,32
22:28:02  [SLOT] n=1522 tx=23 ack=0 due=0 r=1
22:28:02  [AT] "AT+CIPSEND=24" (13)
22:28:02  [AT] " S,1509,00,00,1826,P1,32" (24)
22:28:02  [AT] "SEND OK" (7)
22:28:03  [TX] S,1510,00,00,1827,P1,3B
22:28:03  [SLOT] n=1523 tx=23 ack=0 due=0 r=1
22:28:03  [AT] "AT+CIPSEND=24" (13)
22:28:03  [AT] " S,1510,00,00,1827,P1,3B" (24)
22:28:03  [AT] "SEND OK" (7)
22:28:04  [TX] S,1511,00,00,1828,P1,35
22:28:04  [SLOT] n=1524 tx=23 ack=0 due=0 r=1
22:28:04  [AT] "AT+CIPSEND=24" (13)
22:28:04  [AT] " S,1511,00,00,1828,P1,35" (24)
22:28:04  [AT] "SEND OK" (7)
22:28:05  [TX] S,1512,00,00,1830,P1,3F
22:28:05  [SLOT] n=1525 tx=23 ack=0 due=0 r=1
22:28:05  [AT] "AT+CIPSEND=24" (13)
22:28:05  [AT] " S,1512,00,00,1830,P1,3F" (24)
22:28:05  [AT] "SEND OK" (7)
22:28:07  [TX] S,1513,00,00,1831,P1,3F
22:28:07  [SLOT] n=1526 tx=23 ack=0 due=0 r=1
22:28:07  [AT] "AT+CIPSEND=24" (13)
22:28:07  [AT] " S,1513,00,00,1831,P1,3F" (24)
22:28:07  [AT] "SEND OK" (7)
22:28:08  [TX] S,1514,00,00,1832,P1,3B
22:28:08  [SLOT] n=1527 tx=23 ack=0 due=0 r=1
22:28:08  [AT] "AT+CIPSEND=24" (13)
22:28:08  [AT] " S,1514,00,00,1832,P1,3B" (24)
22:28:08  [AT] "SEND OK" (7)
22:28:09  [TX] S,1515,00,00,1833,P1,3B
22:28:09  [SLOT] n=1528 tx=23 ack=0 due=0 r=1
22:28:09  [AT] "AT+CIPSEND=24" (13)
22:28:09  [AT] " S,1515,00,00,1833,P1,3B" (24)
22:28:09  [AT] "SEND OK" (7)
22:28:10  [TX] S,1516,00,00,1834,P1,3F
22:28:10  [SLOT] n=1529 tx=23 ack=0 due=0 r=1
22:28:10  [AT] "AT+CIPSEND=24" (13)
22:28:10  [AT] " S,1516,00,00,1834,P1,3F" (24)
22:28:10  [AT] "SEND OK" (7)
22:28:11  [TX] S,1517,00,00,1836,P1,3C
22:28:11  [SLOT] n=1530 tx=23 ack=0 due=0 r=1
22:28:11  [AT] "AT+CIPSEND=24" (13)
22:28:11  [AT] " S,1517,00,00,1836,P1,3C" (24)
22:28:11  [AT] "SEND OK" (7)
22:28:13  [TX] S,1518,00,00,1837,P1,32
22:28:13  [SLOT] n=1531 tx=23 ack=0 due=0 r=1
22:28:13  [AT] "AT+CIPSEND=f4" (13)
22:28:13  [AT] " S,1518,00,00,1837,P1,32" (24)
22:28:13  [AT] "SEND OK" (7)
22:28:14  [TX] S,1519,00,00,1838,P1,3C
22:28:14  [SLOT] n=1532 tx=23 ack=0 due=0 r=1
22:28:14  [AT] "AT+CIPSEND=24" (13)
22:28:14  [AT] " S,1519,00,00,1838,P1,3C" (24)
22:28:14  [AT] "SEND OK" (7)
22:28:15  [TX] S,1520,00,00,1839,P1,37
22:28:15  [SLOT] n=1533 tx=23 ack=0 due=0 r=1
22:28:15  [AT] "AT+CIPSEND=24" (13)
22:28:15  [AT] " S,1520,00,00,1839,P1,37" (24)
22:28:15  [AT] "SEND OK" (7)
22:28:16  [TX] S,1521,00,00,1840,P1,38
22:28:16  [SLOT] n=1534 tx=23 ack=0 due=0 r=1
22:28:16  [AT] "AT+CIPSEND=24" (13)
22:28:16  [AT] " S,1521,00,00,1840,P1,38" (24)
22:28:16  [AT] "SEND OK" (7)
22:28:17  [TX] S,1522,00,00,1842,P1,39
22:28:17  [SLOT] n=1535 tx=23 ack=0 due=0 r=1
22:28:17  [AT] "AT+CIPSEND=24" (13)
22:28:18  [AT] " S,1522,00,00,1842,P1,39" (24)
22:28:18  [AT] "SEND OK" (7)
22:28:19  [TX] S,1523,00,00,1843,P1,39
22:28:19  [SLOT] n=1536 tx=23 ack=0 due=0 r=1
22:28:19  [AT] "AT+CIPSEND=24" (13)
22:28:19  [AT] " S,1523,00,00,1843,P1,39" (24)
22:28:19  [AT] "SEND OK" (7)
22:28:20  [TX] S,1524,00,00,1844,P1,39
22:28:20  [SLOT] n=1537 tx=23 ack=0 due=0 r=1
22:28:20  [AT] "AT+CIPSEND=24" (13)
22:28:20  [AT] " S,1524,00,00,1844,P1,39" (24)
22:28:20  [AT] "SEND OK" (7)
22:28:21  [TX] S,1525,00,00,1845,P1,39
22:28:21  [SLOT] n=1538 tx=23 ack=0 due=0 r=1
22:28:21  [AT] "AT+CIPSEND=24" (13)
22:28:21  [AT] " S,1525,00,00,1845,P1,39" (24)
22:28:21  [AT] "SEND OK" (7)
22:28:22  [TX] S,1526,00,00,1846,P1,39
22:28:22  [SLOT] n=1539 tx=23 ack=0 due=0 r=1
22:28:22  [AT] "AT+CIPSEND=24" (13)
22:28:22  [AT] " S,1526,00,00,1846,P1,39" (24)
22:28:22  [AT] "SEND OK" (7)
22:28:23  [TX] S,1527,00,00,1848,P1,36
22:28:23  [SLOT] n=1540 tx=23 ack=0 due=0 r=1
22:28:23  [AT] "AT+CIPSEND=24" (13)
22:28:23  [AT] " S,1527,00,00,1848,P1,36" (24)
22:28:23  [AT] "SEND OK" (7)
22:28:25  [TX] S,1528,00,00,1849,P1,38
22:28:25  [SLOT] n=1541 tx=23 ack=0 due=0 r=1
22:28:25  [AT] "AT+CIPSEND=24" (13)
22:28:25  [AT] " S,1528,00,00,1849,P1,38" (24)
22:28:25  [AT] "SEND OK" (7)
22:28:26  [TX] S,1529,00,00,1850,P1,31
22:28:26  [SLOT] n=1542 tx=23 ack=0 due=0 r=1
22:28:26  [AT] "AT+CIPSEND=24" (13)
22:28:26  [AT] " S,1529,00,00,1850,P1,31" (24)
22:28:26  [AT] "SEND OK" (7)
22:28:27  [TX] S,1530,00,00,1851,P1,38
22:28:27  [SLOT] n=1543 tx=23 ack=0 due=0 r=1
22:28:27  [AT] "AT+CIPSEND=24" (13)
22:28:27  [AT] " S,1530,00,00,1851,P1,38" (24)
22:28:27  [AT] "SEND OK" (7)
22:28:28  [TX] S,1531,00,00,1852,P1,3A
22:28:28  [SLOT] n=1544 tx=23 ack=0 due=0 r=1
22:28:28  [AT] "AT+CIPSEND=24" (13)
22:28:28  [AT] " S,1531,00,00,1852,P1,3A" (24)
22:28:28  [AT] "SEND OK" (7)
22:28:29  [TX] S,1532,00,00,1854,P1,3F
22:28:29  [SLOT] n=1545 tx=23 ack=0 due=0 r=1
22:28:29  [AT] "AT+CIPSEND=24" (13)
22:28:29  [AT] " S,1532,00,00,1854,P1,3F" (24)
22:28:29  [AT] "SEND OK" (7)
22:28:30  [TX] S,1533,00,00,1855,P1,3F
22:28:30  [SLOT] n=1546 tx=23 ack=0 due=0 r=1
22:28:30  [AT] "AT+CIPSEND=24" (13)
22:28:30  [AT] " S,1533,00,00,1855,P1,3F" (24)
22:28:31  [AT] "SEND OK" (7)
22:28:32  [TX] S,1534,00,00,1856,P1,3B
22:28:32  [SLOT] n=1547 tx=23 ack=0 due=0 r=1
22:28:32  [AT] "AT+CIPSEND=24" (13)
22:28:32  [AT] " S,1534,00,00,1856,P1,3B" (24)
22:28:32  [AT] "SEND OK" (7)
22:28:33  [TX] S,1535,00,00,1857,P1,3B
22:28:33  [SLOT] n=1548 tx=23 ack=0 due=0 r=1
22:28:33  [AT] "AT+CIPSEND=24" (13)
22:28:33  [AT] " S,1535,00,00,1857,P1,3B" (24)
22:28:33  [AT] "SEND OK" (7)
22:28:34  [TX] S,1536,00,00,1858,P1,37
22:28:34  [SLOT] n=1549 tx=23 ack=0 due=0 r=1
22:28:34  [AT] "AT+CIPSEND=24" (13)
22:28:34  [AT] " S,1536,00,00,1858,P1,37" (24)
22:28:34  [AT] "SEND OK" (7)
22:28:35  [TX] S,1537,00,00,1860,P1,3D
22:28:35  [SLOT] n=1550 tx=23 ack=0 due=0 r=1
22:28:35  [CNT] up=1860 drop=0 esprst=0 hwrst=0/0 resync=0 sendfail=0 okto=0 stuck=0 ackq=0 ackdrop=0 ackstale=0 slot=1550 oow=18 smiss=2 ssovf=0 cksumng=0 okstream=1535 penddrop=0 pendfill=1538 bigfill=3 bigdrop=0 bigokst=3 oklost=0 bigoklost=0 skip=2 online=1
22:28:35  [RAM] 최저 여유 585 B · 프롬프트 재동기 0회 (서버의 '버린줄' 과 맞아야 한다)
22:28:35  [AT] " S,1537,00,00,1860,P1,3D" (24)
22:28:35  [AT] "SEND OK" (7)
22:28:35  [AT] "AT+CIPSEND=24" (13)
22:28:36  [TX] S,1538,00,00,1861,P1,33
22:28:36  [SLOT] n=1551 tx=23 ack=0 due=0 r=1
22:28:36  [AT] "AT+CIPSEND=24" (13)
22:28:36  [AT] " S,1538,00,00,1861,P1,33" (24)
22:28:36  [AT] "SEND OK" (7)
22:28:38  «tap» 살아있음 — 최근 60초 rx=7960B (이 줄이 끊기면 탭이 죽은 것이다)
22:28:38  [TX] S,1539,00,00,1862,P1,31
22:28:38  [SLOT] n=1552 tx=23 ack=0 due=0 r=1
22:28:38  [AT] "AT+CIPSEND=24" (13)
22:28:38  [AT] " S,1539,00,00,1862,P1,31" (24)
22:28:38  [AT] "SEND OK" (7)
22:28:39  [TX] S,1540,00,00,1863,P1,3E
22:28:39  [SLOT] n=1553 tx=23 ack=0 due=0 r=1
22:28:39  [AT] "AT+CIPSEND=24" (13)
22:28:39  [AT] " S,1540,00,00,1863,P1,3E" (24)
22:28:39  [AT] "SEND OK" (7)
22:28:40  [TX] S,1541,00,00,1864,P1,38
22:28:40  [SLOT] n=1554 tx=23 ack=0 due=0 r=1
22:28:40  [AT] "AT+CIPSEND=24" (13)
22:28:40  [AT] " S,1541,00,00,1864,P1,38" (24)
22:28:40  [AT] "SEND OK" (7)
22:28:41  [TX] S,1542,00,00,1866,P1,39
22:28:41  [SLOT] n=1555 tx=23 ack=0 due=0 r=1
22:28:41  [AT] "AT+CIPSEND=24" (13)
22:28:41  [AT] " S,1542,00,00,1866,P1,39" (24)
22:28:41  [AT] "SEND OK" (7)
22:28:43  [TX] S,1543,00,00,1867,P1,39
22:28:43  [SLOT] n=1556 tx=23 ack=0 due=0 r=1
22:28:43  [AT] "AT+CIPSEND=24" (13)
22:28:43  [AT] " S,1543,00,00,1867,P1,39" (24)
22:28:43  [AT] "SEND OK" (7)
22:28:45  [TX] S,1544,00,00,1868,P1,31
22:28:45  [SLOT] n=1557 tx=23 ack=0 due=0 r=1
22:28:45  [AT] "AT+CIPSEND=24" (13)
22:28:45  [AT] " S,1544,00,00,1868,P1,31" (24)
22:28:45  [AT] "SEND OK" (7)
22:28:46  [TX] S,1545,00,00,1869,P1,31
22:28:46  [SLOT] n=1558 tx=23 ack=0 due=0 r=1
22:28:46  [AT] "AT+CIPSEND=24" (13)
22:28:46  [AT] " S,1545,00,00,1869,P1,31" (24)
22:28:46  [AT] "SEND OK" (7)
22:28:47  [TX] S,1546,00,00,1870,P1,3A
22:28:47  [SLOT] n=1559 tx=23 ack=0 due=0 r=1
22:28:47  [AT] "AT+CIPSEND=24" (13)
22:28:47  [AT] " S,1546,00,00,1870,P1,3A" (24)
22:28:47  [AT] "SEND OK" (7)
22:28:48  [TX] S,1547,00,00,1872,P1,39
22:28:48  [SLOT] n=1560 tx=23 ack=0 due=0 r=1
22:28:48  [AT] "AT+CIPSEND=24" (13)
22:28:48  [AT] " S,1547,00,00,1872,P1,39" (24)
22:28:48  [AT] "SEND OK" (7)
22:28:49  [TX] S,1548,00,00,1873,P1,37
22:28:49  [SLOT] n=1561 tx=23 ack=0 due=0 r=1
22:28:49  [AT] "AT+CIPSEND=24" (13)
22:28:50  [AT] " S,1548,00,00,1873,P1,37" (24)
22:28:50  [AT] "SEND OK" (7)
22:28:51  [TX] S,1549,00,00,1874,P1,31
22:28:51  [SLOT] n=1562 tx=23 ack=0 due=0 r=1
22:28:51  [AT] "AT+CIPSEND=24" (13)
22:28:51  [AT] " S,1549,00,00,1874,P1,31" (24)
22:28:51  [AT] "SEND OK" (7)
22:28:52  [TX] S,1550,00,00,1875,P1,38
22:28:52  [SLOT] n=1563 tx=23 ack=0 due=0 r=1
22:28:52  [AT] "AT+CIPSEND=24" (13)
22:28:52  [AT] " S,1550,00,00,1875,P1,38" (24)
22:28:52  [AT] "SEND OK" (7)
22:28:53  [TX] S,1551,00,00,1876,P1,3A
22:28:53  [SLOT] n=1564 tx=23 ack=0 due=0 r=1
22:28:53  [AT] "AT+CIPSEND=24" (13)
22:28:53  [AT] " S,1551,00,00,1876,P1,3A" (24)
22:28:53  [AT] "SEND OK" (7)
22:28:54  [TX] S,1552,00,00,1878,P1,37
22:28:54  [SLOT] n=1565 tx=23 ack=0 due=0 r=1
22:28:54  [AT] "AT+CIPSEND=24" (13)
22:28:54  [AT] " S,1552,00,00,1878,P1,37" (24)
22:28:54  [AT] "SEND OK" (7)
22:28:55  [TX] S,1553,00,00,1879,P1,37
22:28:55  [SLOT] n=1566 tx=23 ack=0 due=0 r=1
22:28:55  [AT] "AT+CIPSEND=24" (13)
22:28:55  [AT] " S,1553,00,00,1879,P1,37" (24)
22:28:55  [AT] "SEND OK" (7)
22:28:57  [TX] S,1554,00,00,1880,P1,36
22:28:57  [SLOT] n=1567 tx=23 ack=0 due=0 r=1
22:28:57  [AT] "AT+CIPSEND=24" (13)
22:28:57  [AT] " S,1554,00,00,1880,P1,36" (24)
22:28:57  [AT] "SEND OK" (7)
22:28:58  [TX] S,1555,00,00,1881,P1,36
22:28:58  [SLOT] n=1568 tx=23 ack=0 due=0 r=1
22:28:58  [AT] "AT+CIPSEND=24" (13)
22:28:58  [AT] " S,1555,00,00,1881,P1,36" (24)
22:28:58  [AT] "SEND OK" (7)
22:28:59  [TX] S,1556,00,00,1882,P1,36
22:28:59  [SLOT] n=1569 tx=23 ack=0 due=0 r=1
22:28:59  [AT] "AT+CIPSEND=24" (13)
22:28:59  [AT] " S,1556,00,00,1882,P1,36" (24)
22:28:59  [AT] "SEND OK" (7)
22:29:00  [TX] S,1557,00,00,1884,P1,31
22:29:00  [SLOT] n=1570 tx=23 ack=0 due=0 r=1
22:29:00  [AT] "AT+CIPSEND=24" (13)
22:29:00  [AT] " S,1557,00,00,1884,P1,31" (24)
22:29:00  [AT] "SEND OK" (7)
22:29:01  [TX] S,1558,00,00,1885,P1,3F
22:29:01  [SLOT] n=1571 tx=23 ack=0 due=0 r=1
22:29:01  [AT] "AT+CIPSEND=24" (13)
22:29:01  [AT] " S,1558,00,00,1885,P1,3F" (24)
22:29:01  [AT] "SEND OK" (7)
22:29:03  [TX] S,1559,00,00,1886,P1,3D
22:29:03  [SLOT] n=1572 tx=23 ack=0 due=0 r=1
22:29:03  [AT] "AT+CIPSEND=24" (13)
22:29:03  [AT] " S,1559,00,00,1886,P1,3D" (24)
22:29:03  [AT] "SEND OK" (7)
22:29:04  [TX] S,1560,00,00,1887,P1,36
22:29:04  [SLOT] n=1573 tx=23 ack=0 due=0 r=1
22:29:04  [AT] "AT+CIPSEND=24" (13)
22:29:04  [AT] " S,1560,00,00,1887,P1,36" (24)
22:29:04  [AT] "SEND OK" (7)
22:29:05  [TX] S,1561,00,00,1888,P1,38
22:29:05  [SLOT] n=1574 tx=23 ack=0 due=0 r=1
22:29:05  [AT] "AT+CIPSEND=24" (13)
22:29:05  [AT] " S,1561,00,00,1888,P1,38" (24)
22:29:05  [AT] "SEND OK" (7)
22:29:06  [TX] S,1562,00,00,1890,P1,32
22:29:06  [SLOT] n=1575 tx=23 ack=0 due=0 r=1
22:29:06  [AT] "AT+CIPSEND=24" (13)
22:29:06  [AT] " S,1562,00,00,1890,P1,32" (24)
22:29:06  [AT] "SEND OK" (7)
22:29:07  [TX] S,1563,00,00,1891,P1,32
22:29:07  [SLOT] n=1576 tx=23 ack=0 due=0 r=1
22:29:07  [AT] "AT+CIPSEND=24" (13)
22:29:07  [AT] " S,1563,00,00,1891,P1,32" (24)
22:29:07  [AT] "SEND OK" (7)
22:29:09  [TX] S,1564,00,00,1892,P1,36
22:29:09  [SLOT] n=1577 tx=23 ack=0 due=0 r=1
22:29:09  [AT] "AT+CIPSEND=24" (13)
22:29:09  [AT] " S,1564,00,00,1892,P1,36" (24)
22:29:09  [AT] "SEND OK" (7)
22:29:10  [TX] S,1565,00,00,1893,P1,36
22:29:10  [SLOT] n=1578 tx=23 ack=0 due=0 r=1
22:29:10  [AT] "AT+CIPSEND=24" (13)
22:29:10  [AT] " S,1565,00,00,1893,P1,36" (24)
22:29:10  [AT] "SEND OK" (7)
22:29:11  [TX] S,1566,00,00,1894,P1,32
22:29:11  [SLOT] n=1579 tx=23 ack=0 due=0 r=1
22:29:11  [AT] "AT+CIPSEND=24" (13)
22:29:11  [AT] " S,1566,00,00,1894,P1,32" (24)
22:29:11  [AT] "SEND OK" (7)
22:29:12  [TX] S,1567,00,00,1896,P1,31
22:29:12  [SLOT] n=1580 tx=23 ack=0 due=0 r=1
22:29:12  [AT] "AT+CIPSEND=24" (13)
22:29:12  [AT] " S,1567,00,00,1896,P1,31" (24)
22:29:12  [AT] "SEND OK" (7)
22:29:13  [TX] S,1568,00,00,1897,P1,3F
22:29:13  [SLOT] n=1581 tx=23 ack=0 due=0 r=1
22:29:13  [AT] "AT+CIPSEND=24" (13)
22:29:13  [AT] " S,1568,00,00,1897,P1,3F" (24)
22:29:13  [AT] "SEND OK" (7)
22:29:14  [TX] S,1569,00,00,1898,P1,31
22:29:14  [SLOT] n=1582 tx=23 ack=0 due=0 r=1
22:29:14  [AT] "AT+CIPSEND=24" (13)
22:29:15  [AT] " S,1569,00,00,1898,P1,31" (24)
22:29:15  [AT] "SEND OK" (7)
22:29:16  [TX] S,1570,00,00,1899,P1,38
22:29:16  [SLOT] n=1583 tx=23 ack=0 due=0 r=1
22:29:16  [AT] "AT+CIPSEND=24" (13)
22:29:16  [AT] " S,1570,00,00,1899,P1,38" (24)
22:29:16  [AT] "SEND OK" (7)
22:29:17  [TX] S,1571,00,00,1900,P1,38
22:29:17  [SLOT] n=1584 tx=23 ack=0 due=0 r=1
22:29:17  [AT] "AT+CIPSEND=24" (13)
22:29:17  [AT] " S,1571,00,00,1900,P1,38" (24)
22:29:17  [AT] "SEND OK" (7)
22:29:18  [TX] S,1572,00,00,1902,P1,39
22:29:18  [SLOT] n=1585 tx=23 ack=0 due=0 r=1
22:29:18  [AT] "AT+CIPSEND=24" (13)
22:29:18  [AT] " S,1572,00,00,1902,P1,39" (24)
22:29:18  [AT] "SEND OK" (7)
22:29:19  [TX] S,1573,00,00,1903,P1,39
22:29:19  [SLOT] n=1586 tx=23 ack=0 due=0 r=1
22:29:19  [AT] "AT+CIPSEND=24" (13)
22:29:19  [AT] " S,1573,00,00,1903,P1,39" (24)
22:29:19  [AT] "SEND OK" (7)
22:29:20  [TX] S,1574,00,00,1904,P1,39
22:29:20  [SLOT] n=1587 tx=23 ack=0 due=0 r=1
22:29:20  [AT] "AT+CIPSEND=24" (13)
22:29:20  [AT] " S,1574,00,00,1904,P1,39" (24)
22:29:20  [AT] "SEND OK" (7)
22:29:22  [TX] S,1575,00,00,1905,P1,39
22:29:22  [SLOT] n=1588 tx=23 ack=0 due=0 r=1
22:29:22  [AT] "AT+CIPSEND=24" (13)
22:29:22  [AT] " S,1575,00,00,1905,P1,39" (24)
22:29:22  [AT] "SEND OK" (7)
22:29:23  [TX] S,1576,00,00,1906,P1,39
22:29:23  [SLOT] n=1589 tx=23 ack=0 due=0 r=1
22:29:23  [AT] "AT+CIPSEND=24" (13)
22:29:23  [AT] " S,1576,00,00,1906,P1,39" (24)
22:29:23  [AT] "SEND OK" (7)
22:29:24  [TX] S,1577,00,00,1908,P1,36
22:29:24  [SLOT] n=1590 tx=23 ack=0 due=0 r=1
22:29:24  [AT] "AT+CIPSEND=24" (13)
22:29:24  [AT] " S,1577,00,00,1908XP1,36" (24)
22:29:24  [AT] "SEND OK" (7)
22:29:25  [TX] S,1578,00,00,1909,P1,38
22:29:25  [SLOT] n=1591 tx=23 ack=0 due=0 r=1
22:29:25  [AT] "AT+CIPSEND=24" (13)
22:29:25  [AT] " S,1578,00,00,1909,P1,38" (24)
22:29:25  [AT] "SEND OK" (7)
22:29:26  [TX] S,1579,00,00,1910,P1,31
22:29:26  [SLOT] n=1592 tx=23 ack=0 due=0 r=1
22:29:26  [AT] "AT+CIPSEND=24" (13)
22:29:26  [AT] " S,1579,00,00,1910,P1,31" (24)
22:29:26  [AT] "SEND OK" (7)
22:29:28  [TX] S,1580,00,00,1911,P1,36
22:29:28  [SLOT] n=1593 tx=23 ack=0 due=0 r=1
22:29:28  [AT] "AT+CIPSEND=24" (13)
22:29:28  [AT] " S,1580,00,00,1911,P1,36" (24)
22:29:28  [AT] "SEND OK" (7)
22:29:29  [TX] S,1581,00,00,1912,P1,34
22:29:29  [SLOT] n=1594 tx=23 ack=0 due=0 r=1
22:29:29  [AT] "AT+CIPSEND=24" (13)
22:29:29  [AT] " S,1581,00,00,1912,P1,34" (24)
22:29:29  [AT] "SEND OK" (7)
22:29:30  [TX] S,1582,00,00,1914,P1,31
22:29:30  [SLOT] n=1595 tx=23 ack=0 due=0 r=1
22:29:30  [AT] "AT+CIPSEND=24" (13)
22:29:30  [AT] " S,1582,00,00,1914,P1,31" (24)
22:29:30  [AT] "SEND OK" (7)
22:29:31  [TX] S,1583,00,00,1915,P1,31
22:29:31  [SLOT] n=1596 tx=23 ack=0 due=0 r=1
22:29:31  [AT] "AT+CIPSEND=24" (13)
22:29:31  [AT] " S,1583,00,00,1915,P1,31" (24)
22:29:31  [AT] "SEND OK" (7)
22:29:32  [TX] S,1584,00,00,1916,P1,35
22:29:32  [SLOT] n=1597 tx=23 ack=0 due=0 r=1
22:29:32  [AT] "AT+CIPSEND=24" (13)
22:29:32  [AT] " S,1584,00,00,1916,P1,35" (24)
22:29:32  [AT] "SEND OK" (7)
22:29:34  [TX] S,1585,00,00,1917,P1,35
22:29:34  [SLOT] n=1598 tx=23 ack=0 due=0 r=1
22:29:34  [AT] "AT+CIPSEND=24" (13)
22:29:34  [AT] " S,1585,00,00,1917,P1,35" (24)
22:29:34  [AT] "SEND OK" (7)
22:29:35  [TX] S,1586,00,00,1918,P1,39
22:29:35  [SLOT] n=1599 tx=23 ack=0 due=0 r=1
22:29:35  [AT] "AT+CIPSEND=24" (13)
22:29:35  [AT] " S,1586,00,00,1918,P1,39" (24)
22:29:35  [AT] "SEND OK" (7)
22:29:36  [TX] S,1587,00,00,1920,P1,33
22:29:36  [SLOT] n=1600 tx=23 ack=0 due=0 r=1
22:29:36  [CNT] up=1920 drop=0 esprst=0 hwrst=0/0 resync=0 sendfail=0 okto=0 stuck=0 ackq=0 ackdrop=0 ackstale=0 slot=1600 oow=18 smiss=2 ssovf=0 cksumng=0 okstream=1585 penddrop=0 pendfill=1588 bigfill=3 bigdrop=0 bigokst=3 oklost=0 bigoklost=0 skip=2 online=1
22:29:36  [RAM] 최저 여유 585 B · 프롬프트 재동기 0회 (서버의 '버린줄' 과 맞아야 한다)
22:29:36  [AT] " S,1587,00,00,1920,P1,33" (24)
22:29:36  [AT] "SEND OK" (7)
22:29:36  [AT] "AT+CIPSE\x9ED=24" (13)
22:29:37  [TX] S,1588,00,00,1921,P1,3D
22:29:37  [SLOT] n=1601 tx=23 ack=0 due=0 r=1
22:29:37  [AT] "AT+CIPSEND=24" (13)
22:29:37  [AT] " S,1588,00,00,1921,P1,3D" (24)
22:29:37  [AT] "SEND OK" (7)
22:29:38  [TX] S,1589,00,00,1922,P1,3F
22:29:38  [SLOT] n=1602 tx=23 ack=0 due=0 r=1
22:29:38  [AT] "AT+CIPSEND=24" (13)
22:29:38  [AT] " S,1589,00,00,1922,P1,3F" (24)
22:29:38  [AT] "SEND OK" (7)
22:29:39  «tap» 살아있음 — 최근 60초 rx=8111B (이 줄이 끊기면 탭이 죽은 것이다)
22:29:40  [TX] S,1590,00,00,1923,P1,36
22:29:40  [SLOT] n=1603 tx=23 ack=0 due=0 r=1
22:29:40  [AT] "AT+CIPSEND=24" (13)
22:29:40  [AT] " S,1590,00,00,1923,P1,36" (24)
22:29:40  [AT] "SEND OK" (7)
22:29:41  [TX] S,1591,00,00,1924,P1,30
22:29:41  [SLOT] n=1604 tx=23 ack=0 due=0 r=1
22:29:41  [AT] "AT+CIPSEND=24" (13)
22:29:41  [AT] " S,1591,00,00,1924,P1,30" (24)
22:29:41  [AT] "SEND OK" (7)
22:29:42  [TX] S,1592,00,00,1926,P1,31
22:29:42  [SLOT] n=1605 tx=23 ack=0 due=0 r=1
22:29:42  [AT] "AT+CIPSEND=24" (13)
22:29:42  [AT] " S,1592,00,00,1926,P1,31" (24)
22:29:42  [AT] "SEND OK" (7)
22:29:43  [TX] S,1593,00,00,1927,P1,31
22:29:43  [SLOT] n=1606 tx=23 ack=0 due=0 r=1
22:29:43  [AT] "AT+CIPSEND=24" (13)
22:29:43  [AT] " S,1593,00,00,1927,P1,31" (24)
22:29:43  [AT] "SEND OK" (7)
22:29:44  [TX] S,1594,00,00,1928,P1,39
22:29:44  [SLOT] n=1607 tx=23 ack=0 due=0 r=1
22:29:44  [AT] "AT+CIPSEND=24" (13)
22:29:44  [AT] " S,1594,00,00,1928,P1,39" (24)
22:29:44  [AT] "SEND OK" (7)
22:29:46  [TX] S,1595,00,00,1929,P1,39
22:29:46  [SLOT] n=1608 tx=23 ack=0 due=0 r=1
22:29:46  [AT] "AT+CIPSEND=24" (13)
22:29:46  [AT] " S,1595,00,00,1929,P1,39" (24)
22:29:46  [AT] "SEND OK" (7)
22:29:47  [TX] S,1596,00,00,1930,P1,32
22:29:47  [SLOT] n=1609 tx=23 ack=0 due=0 r=1
22:29:47  [AT] "AT+CIPSEND=24" (13)
22:29:47  [AT] " S,1596,00,00,1930,P1,32" (24)
22:29:47  [AT] "SEND OK" (7)
22:29:48  [TX] S,1597,00,00,1932,P1,31
22:29:48  [SLOT] n=1610 tx=23 ack=0 due=0 r=1
22:29:48  [AT] "AT+CIPSEND=24" (13)
22:29:48  [AT] " S,1597,00,00,1932,P1,31" (24)
22:29:48  [AT] "SEND OK" (7)
22:29:49  [TX] S,1598,00,00,1933,P1,3F
22:29:49  [SLOT] n=1611 tx=23 ack=0 due=0 r=1
22:29:49  [AT] "AT+CIPSEND=24" (13)
22:29:49  [AT] " S,1598,00,00,1933,P1,3F" (24)
22:29:49  [AT] "SEND OK" (7)
22:29:50  [TX] S,1599,00,00,1934,P1,39
22:29:50  [SLOT] n=1612 tx=23 ack=0 due=0 r=1
22:29:50  [AT] "AT+CIPSEND=24" (13)
22:29:50  [AT] " S,1599,00,00,1934,P1,39" (24)
22:29:50  [AT] "SEND OK" (7)
22:29:51  [TX] S,1600,00,00,1935,P1,3B
22:29:51  [SLOT] n=1613 tx=23 ack=0 due=0 r=1
22:29:52  [AT] "AT+CIPSEND=24" (13)
22:29:52  [AT] " S,1600,00,00,1935,P1,3B" (24)
22:29:52  [AT] "SEND OK" (7)
22:29:53  [TX] S,1601,00,00,1936,P1,39
22:29:53  [SLOT] n=1614 tx=23 ack=0 due=0 r=1
22:29:53  [AT] "AT+CIPSEND=24" (13)
22:29:53  [AT] " S,1601,00,00,1936,P1,39" (24)
22:29:53  [AT] "SEND OK" (7)
22:29:54  [TX] S,1602,00,00,1938,P1,34
22:29:54  [SLOT] n=1615 tx=23 ack=0 due=0 r=1
22:29:54  [AT] "AT+CIPSEND=24" (13)
22:29:54  [AT] " S,1602,00,00,1938,P1,34" (24)
22:29:54  [AT] "SEND OK" (7)
22:29:55  [TX] S,1603,00,00,1939,P1,34
22:29:55  [SLOT] n=1616 tx=23 ack=0 due=0 r=1
22:29:55  [AT] "AT+CIPSEND=24" (13)
22:29:55  [AT] " S,1603,00,00,1939,P1,34" (24)
22:29:55  [AT] "SEND OK" (7)
22:29:56  [TX] S,1604,00,00,1940,P1,3D
22:29:56  [SLOT] n=1617 tx=23 ack=0 due=0 r=1
22:29:56  [AT] "AT+CIPSEND=24" (13)
22:29:56  [AT] " S,1604,00,00,1940,P1,3D" (24)
22:29:56  [AT] "SEND OK" (7)
22:29:57  [TX] S,1605,00,00,1941,P1,3D
22:29:57  [SLOT] n=1618 tx=23 ack=0 due=0 r=1
22:29:57  [AT] "AT+CIPSEND=24" (13)
22:29:58  [AT] " S,1605,00,00,1941,P1,3D" (24)
22:29:58  [AT] "SEND OK" (7)
22:29:59  [TX] S,1606,00,00,1942,P1,3D
22:29:59  [SLOT] n=1619 tx=23 ack=0 due=0 r=1
22:29:59  [AT] "AT+CIPSEND=24" (13)
22:29:59  [AT] " S,1606,00,00,1942,P1,3D" (24)
22:29:59  [AT] "SEND OK" (7)
22:30:00  [TX] S,1607,00,00,1944,P1,3A
22:30:00  [SLOT] n=1620 tx=23 ack=0 due=0 r=1
22:30:00  [AT] "AT+CIPSEND=24" (13)
22:30:00  [AT] " S,1607,00,00,1944,P1,3A" (24)
22:30:00  [AT] "SEND OK" (7)
22:30:01  [TX] S,1608,00,00,1945,P1,34
22:30:01  [SLOT] n=1621 tx=23 ack=0 due=0 r=1
22:30:01  [AT] "AT+CIPSEND=24" (13)
22:30:01  [AT] " S,1608,00,00,1945,P1,34" (24)
22:30:01  [AT] "SEND OK" (7)
22:30:02  [TX] S,1609,00,00,1946,P1,36
22:30:02  [SLOT] n=1622 tx=23 ack=0 due=0 r=1
22:30:02  [AT] "AT+CIPSEND=24" (13)
22:30:02  [AT] " S,1609,00,00,1946,P1,36" (24)
22:30:02  [AT] "SEND OK" (7)
22:30:03  [TX] S,1610,00,00,1947,P1,3F
22:30:03  [SLOT] n=1623 tx=23 ack=0 due=0 r=1
22:30:03  [AT] "AT+CIPSEND=24" (13)
22:30:04  [AT] " S,1610,00,00,1947,P1,3F" (24)
22:30:04  [AT] "SEND OK" (7)
22:30:05  [TX] S,1611,00,00,1948,P1,31
22:30:05  [SLOT] n=1624 tx=23 ack=0 due=0 r=1
22:30:05  [AT] "AT+CIPSEND=24" (13)
22:30:05  [AT] " S,1611,00,00,1948,P1,31" (24)
22:30:05  [AT] "SEND OK" (7)
22:30:06  [TX] S,1612,00,00,1950,P1,3B
22:30:06  [SLOT] n=1625 tx=23 ack=0 due=0 r=1
22:30:06  [AT] "AT+CIPSEND=24" (13)
22:30:06  [AT] " S,1612,00,00,1950,P1,3B" (24)
22:30:06  [AT] "SEND OK" (7)
22:30:07  [TX] S,1613,00,00,1951,P1,3B
22:30:07  [SLOT] n=1626 tx=23 ack=0 due=0 r=1
22:30:07  [AT] "AT+CIPSEND=24" (13)
22:30:07  [AT] " S,1613,00,00,1951,P1,3B" (24)
22:30:07  [AT] "SEND OK" (7)
22:30:08  [TX] S,1614,00,00,1952,P1,3F
22:30:08  [SLOT] n=1627 tx=23 ack=0 due=0 r=1
22:30:08  [AT] "AT+CIPSEND=24" (13)
22:30:08  [AT] " S,1614,00,00,1952,P1,3F" (24)
22:30:08  [AT] "SEND OK" (7)
22:30:09  [TX] S,1615,00,00,1953,P1,3F
22:30:09  [SLOT] n=1628 tx=23 ack=0 due=0 r=1
22:30:09  [AT] "AT+CIPSEND=24" (13)
22:30:09  [AT] " S,1615,00,00,1953,P1,3F" (24)
22:30:09  [AT] "SEND OK" (7)
22:30:11  [TX] S,1616,00,00,1954,P1,3B
22:30:11  [SLOT] n=1629 tx=23 ack=0 due=0 r=1
22:30:11  [AT] "AT+CIPSEND=24" (13)
22:30:11  [AT] " S,1616,00,00,1954,P1,3B" (24)
22:30:11  [AT] "SEND OK" (7)
22:30:12  [TX] S,1617,00,00,1956,P1,38
22:30:12  [SLOT] n=1630 tx=23 ack=0 due=0 r=1
22:30:12  [AT] "AT+CIPSEND=24" (13)
22:30:12  [AT] " S,1617,00,00,1956,P1,38" (24)
22:30:12  [AT] "SEND OK" (7)
22:30:13  [TX] S,1618,00,00,1957,P1,36
22:30:13  [SLOT] n=1631 tx=23 ack=0 due=0 r=1
22:30:13  [AT] "AT+CIPSEND=24" (13)
22:30:13  [AT] " S,1618,00,00,1957,P1,36" (24)
22:30:13  [AT] "SEND OK" (7)
22:30:14  [TX] S,1619,00,00,1958,P1,38
22:30:14  [SLOT] n=1632 tx=23 ack=0 due=0 r=1
22:30:14  [AT] "AT+CIPSEND=24" (13)
22:30:14  [AT] " S,1619,00,00,1958,P1,38" (24)
22:30:14  [AT] "SEND OK" (7)
22:30:15  [TX] S,1620,00,00,1959,P1,33
22:30:15  [SLOT] n=1633 tx=23 ack=0 due=0 r=1
22:30:15  [AT] "AT+CIPSEND=24" (13)
22:30:16  [AT] " S,1620,00,00,1959,P1,33" (24)
22:30:16  [AT] "SEND OK" (7)
22:30:17  [TX] S,1621,00,00,1960,P1,38
22:30:17  [SLOT] n=1634 tx=23 ack=0 due=0 r=1
22:30:17  [AT] "AT+CIPSEND=24" (13)
22:30:17  [AT] " S,1621,00,00,1960,P1,38" (24)
22:30:17  [AT] "SEND OK" (7)
22:30:18  [TX] S,1622,00,00,1962,P1,39
22:30:18  [SLOT] n=1635 tx=23 ack=0 due=0 r=1
22:30:18  [AT] "AT+CIPSEND=24" (13)
22:30:18  [AT] " S,1622,00,00,1962,P1,39" (24)
22:30:18  [AT] "SEND OK" (7)
22:30:19  [TX] S,1623,00,00,1963,P1,39
22:30:19  [SLOT] n=1636 tx=23 ack=0 due=0 r=1
22:30:19  [AT] "AT+CIPSEND=24" (13)
22:30:19  [AT] " S,1623,00,00,1963,P1,39" (24)
22:30:19  [AT] "SEND OK" (7)
22:30:20  [TX] S,1624,00,00,1964,P1,39
22:30:20  [SLOT] n=1637 tx=23 ack=0 due=0 r=1
22:30:20  [AT] "AT+CIPSEND=24" (13)
22:30:20  [AT] " S,1624,00,00,1964,P1,39" (24)
22:30:20  [AT] "SEND OK" (7)
22:30:21  [TX] S,1625,00,00,1965,P1,39
22:30:21  [SLOT] n=1638 tx=23 ack=0 due=0 r=1
22:30:21  [AT] "AT+CIPSEND=24" (13)
22:30:21  [AT] " S,1625,00,00,1965,P1,39" (24)
22:30:21  [AT] "SEND OK" (7)
22:30:23  [TX] S,1626,00,00,1966,P1,39
22:30:23  [SLOT] n=1639 tx=23 ack=0 due=0 r=1
22:30:23  [AT] "AT+CIPSEND=24" (13)
22:30:23  [AT] " S,1626,00,00,1966,P1,39" (24)
22:30:23  [AT] "SEND OK" (7)
22:30:24  [TX] S,1627,00,00,1968,P1,36
22:30:24  [SLOT] n=1640 tx=23 ack=0 due=0 r=1
22:30:24  [AT] "AT+CIPSEND=24" (13)
22:30:24  [AT] " S,1627,00,00,1968,P1,36" (24)
22:30:24  [AT] "SEND OK" (7)
22:30:25  [TX] S,1628,00,00,1969,P1,38
22:30:25  [SLOT] n=1641 tx=23 ack=0 due=0 r=1
22:30:25  [AT] "AT+CIPSEND=24" (13)
22:30:25  [AT] " S,1628,00,00,1969,P1,38" (24)
22:30:25  [AT] "SEND OK" (7)
22:30:26  [TX] S,1629,00,00,1970,P1,31
22:30:26  [SLOT] n=1642 tx=23 ack=0 due=0 r=1
22:30:26  [AT] "AT+CIPSEND=24" (13)
22:30:26  [AT] " S,1629,00,00,1970,P1,31" (24)
22:30:26  [AT] "SEND OK" (7)
22:30:27  [TX] S,1630,00,00,1971,P1,38
22:30:27  [SLOT] n=1643 tx=23 ack=0 due=0 r=1
22:30:27  [AT] "AT+CIPSEND=24" (13)
22:30:27  [AT] " S,1630,00,00,1971,P1,38" (24)
22:30:27  [AT] "SEND OK" (7)
22:30:29  [TX] S,1631,00,00,1972,P1,3A
22:30:29  [SLOT] n=1644 tx=23 ack=0 due=0 r=1
22:30:29  [AT] "AT+CIPSEND=24" (13)
22:30:29  [AT] " S,1631,00,00,1972,P1,3A" (24)
22:30:29  [AT] "SEND OK" (7)
22:30:30  [TX] S,1632,00,00,1974,P1,3F
22:30:30  [SLOT] n=1645 tx=23 ack=0 due=0 r=1
22:30:30  [AT] "AT+CIPSEND=24" (13)
22:30:30  [AT] " S,1632,00,00,1974,P1,3F" (24)
22:30:30  [AT] "SEND OK" (7)
22:30:31  [TX] S,1633,00,00,1975,P1,3F
22:30:31  [SLOT] n=1646 tx=23 ack=0 due=0 r=1
22:30:31  [AT] "AT+CIPSEND=24" (13)
22:30:31  [AT] " S,1633,00,00,1975,P1,3F" (24)
22:30:31  [AT] "SEND OK" (7)
22:30:32  [TX] S,1634,00,00,1976,P1,3B
22:30:32  [SLOT] n=1647 tx=23 ack=0 due=0 r=1
22:30:32  [AT] "AT+CIPSEND=24" (13)
22:30:32  [AT] " S,1634,00,00,1976,P1,3B" (24)
22:30:32  [AT] "SEND OK" (7)
22:30:33  [TX] S,1635,00,00,1977,P1,3B
22:30:33  [SLOT] n=1648 tx=23 ack=0 due=0 r=1
22:30:33  [AT] "AT+CIPSEND=24" (13)
22:30:33  [AT] " S,1635,00,00,1977,P1,3B" (24)
22:30:33  [AT] "SEND OK" (7)
22:30:35  [TX] S,1636,00,00,1978,P1,37
22:30:35  [SLOT] n=1649 tx=23 ack=0 due=0 r=1
22:30:35  [AT] "AT+CIPSEND=24" (13)
22:30:35  [AT] " S,1636,00,00,1978,P1,37" (24)
22:30:35  [AT] "SEND OK" (7)
22:30:36  [TX] S,1637,00,00,1980,P1,31
22:30:36  [SLOT] n=1650 tx=23 ack=0 due=0 r=1
22:30:36  [CNT] up=1980 drop=0 esprst=0 hwrst=0/0 resync=0 sendfail=0 okto=0 stuck=0 ackq=0 ackdrop=0 ackstale=0 slot=1650 oow=18 smiss=2 ssovf=0 cksumng=0 okstream=1635 penddrop=0 pendfill=1638 bigfill=3 bigdrop=0 bigokst=3 oklost=0 bigoklost=0 skip=2 online=1
22:30:36  [RAM] 최저 여유 585 B · 프롬프트 재동기 0회 (서버의 '버린줄' 과 맞아야 한다)
22:30:36  [AT] " S,1637,00,00,1980,P1,31" (24)
22:30:36  [AT] "SEND OK" (7)
22:30:36  [AT] "AT+CIPSEND=24" (13)
22:30:37  [TX] S,1638,00,00,1981,P1,3F
22:30:37  [SLOT] n=1651 tx=23 ack=0 due=0 r=1
22:30:37  [AT] "AT+CIPSEND=24" (13)
22:30:37  [AT] " S,1638,00,00,1981,P1,3F" (24)
22:30:37  [AT] "SEND OK" (7)
22:30:38  [TX] S,1639,00,00,1982,P1,3D
22:30:38  [SLOT] n=1652 tx=23 ack=0 due=0 r=1
22:30:38  [AT] "AT+CIPSEND=24" (13)
22:30:38  [AT] " S,1639,00,00,1982,P1,3D" (24)
22:30:38  [AT] "SEND OK" (7)
22:30:39  «tap» 살아있음 — 최근 60초 rx=7956B (이 줄이 끊기면 탭이 죽은 것이다)
22:30:39  [TX] S,1640,00,00,1983,P1,32
22:30:39  [SLOT] n=1653 tx=23 ack=0 due=0 r=1
22:30:39  [AT] "AT+CIPSEND=24" (13)
22:30:39  [AT] " S,1640,00,00,1983,P1,32" (24)
22:30:39  [AT] "SEND OK" (7)
22:30:41  [TX] S,1641,00,00,1984,P1,34
22:30:41  [SLOT] n=1654 tx=23 ack=0 due=0 r=1
22:30:41  [AT] "AT+CIPSEND=24" (13)
22:30:41  [AT] " S,1641,00,00,1984,P1,34" (24)
22:30:41  [AT] "SEND OK" (7)
22:30:42  [TX] S,1642,00,00,1986,P1,35
22:30:42  [SLOT] n=1655 tx=23 ack=0 due=0 r=1
22:30:42  [AT] "AT+CIPSEND=24" (13)
22:30:42  [AT] " S,1642,00,00,1986,P1,35" (24)
22:30:42  [AT] "SEND OK" (7)
22:30:43  [TX] S,1643,00,00,1987,P1,35
22:30:43  [SLOT] n=1656 tx=23 ack=0 due=0 r=1
22:30:43  [AT] "AT+CIPSEND=24" (13)
22:30:43  [AT] " S,1643,00,00,1987,P1,35" (24)
22:30:43  [AT] "SEND OK" (7)
22:30:44  [TX] S,1644,00,00,1988,P1,3D
22:30:44  [SLOT] n=1657 tx=23 ack=0 due=0 r=1
22:30:44  [AT] "AT+CIPSEND=24" (13)
22:30:44  [AT] " S,1644,00,00,1988,P1,3D" (24)
22:30:44  [AT] "SEND OK" (7)
22:30:45  [TX] S,1645,00,00,1989,P1,3D
22:30:45  [SLOT] n=1658 tx=23 ack=0 due=0 r=1
22:30:45  [AT] "AT+CIPSEND=24" (13)
22:30:45  [AT] " S,1645,00,00,1989,P1,3D" (24)
22:30:45  [AT] "SEND OK" (7)
22:30:47  [TX] S,1646,00,00,1990,P1,36
22:30:47  [SLOT] n=1659 tx=23 ack=0 due=0 r=1
22:30:47  [AT] "AT+CIPSEND=24" (13)
22:30:47  [AT] " S,1646,00,00,1990,P1,36" (24)
22:30:47  [AT] "SEND OK" (7)
22:30:48  [TX] S,1647,00,00,1992,P1,35
22:30:48  [SLOT] n=1660 tx=23 ack=0 due=0 r=1
22:30:48  [AT] "AT+CIPSEND=24" (13)
22:30:48  [AT] " S,1647,00,00,1992,P1,35" (24)
22:30:48  [AT] "SEND OK" (7)
22:30:49  [TX] S,1648,00,00,1993,P1,3B
22:30:49  [SLOT] n=1661 tx=23 ack=0 due=0 r=1
22:30:49  [AT] "AT+CIPSEND=24" (13)
22:30:49  [AT] " S,1648,00,00,1993,P1,3B" (24)
22:30:49  [AT] "SEND OK" (7)
22:30:50  [TX] S,1649,00,00,1994,P1,3D
22:30:50  [SLOT] n=1662 tx=23 ack=0 due=0 r=1
22:30:50  [AT] "AT+CIPSEND=24" (13)
22:30:50  [AT] " S,1649,00,00,1994,P1,3D" (24)
22:30:50  [AT] "SEND OK" (7)
22:30:51  [TX] S,1650,00,00,1995,P1,34
22:30:51  [SLOT] n=1663 tx=23 ack=0 due=0 r=1
22:30:51  [AT] "ATWCIPSEND=24" (13)
22:30:51  [AT] " S,1650,00,00,1995,P1,34" (24)
22:30:51  [AT] "SEND OK" (7)
22:30:53  [TX] S,1651,00,00,1996,P1,36
22:30:53  [SLOT] n=1664 tx=23 ack=0 due=0 r=1
22:30:53  [AT] "AT+CIPSEND=24" (13)
22:30:53  [AT] " S,1651,00,00,1996,P1,36" (24)
22:30:53  [AT] "SEND OK" (7)
22:30:54  [TX] S,1652,00,00,1998,P1,3B
22:30:54  [SLOT] n=1665 tx=23 ack=0 due=0 r=1
22:30:54  [AT] "AT+CIPSEND=24" (13)
22:30:54  [AT] " S,1652,00,00,1998,P1,3B" (24)
22:30:54  [AT] "SEND OK" (7)
22:30:55  [TX] S,1653,00,00,1999,P1,3B
22:30:55  [SLOT] n=1666 tx=23 ack=0 due=0 r=1
22:30:55  [AT] "AT+CIPSEND=24" (13)
22:30:55  [AT] " S,1653,00,00,1999,P1,3B" (24)
22:30:55  [AT] "SEND OK" (7)
22:30:56  [TX] S,1654,00,00,2000,P1,36
22:30:56  [SLOT] n=1667 tx=23 ack=0 due=0 r=1
22:30:56  [AT] "AT+CIPSEND=24" (13)
22:30:56  [AT] " S,1654,00,00,2000,P1,36" (24)
22:30:56  [AT] "SEND OK" (7)
22:30:57  [TX] S,1655,00,00,2001,P1,36
22:30:57  [SLOT] n=1668 tx=23 ack=0 due=0 r=1
22:30:57  [AT] "AT+CIPSEND=24" (13)
22:30:57  [AT] " S,1655,00,00,2001,P1,36" (24)
22:30:57  [AT] "SEND OK" (7)
22:30:59  [TX] S,1656,00,00,2002,P1,36
22:30:59  [SLOT] n=1669 tx=23 ack=0 due=0 r=1
22:30:59  [AT] "AT+CIPSEND=24" (13)
22:30:59  [AT] " S,1656,00,00,2002,P1,36" (24)
22:30:59  [AT] "SEND OK" (7)
22:31:00  [TX] S,1657,00,00,2004,P1,31
22:31:00  [SLOT] n=1670 tx=23 ack=0 due=0 r=1
22:31:00  [AT] "AT+CIPSEND=24" (13)
22:31:00  [AT] " S,1657,00,00,2004,P1,31" (24)
22:31:00  [AT] "SEND OK" (7)
22:31:01  [TX] S,1658,00,00,2005,P1,3F
22:31:01  [SLOT] n=1671 tx=23 ack=0 due=0 r=1
22:31:01  [AT] "AT+CIPSEND=24" (13)
22:31:01  [AT] " S,1658,00,00,2005,P1,3F" (24)
22:31:01  [AT] "SEND OK" (7)
22:31:02  [TX] S,1659,00,00,2006,P1,3D
22:31:02  [SLOT] n=1672 tx=23 ack=0 due=0 r=1
22:31:02  [AT] "AT+CIPSEND=24" (13)
22:31:02  [AT] " S,1659,00,00,2006,P1,3D" (24)
22:31:02  [AT] "SEND OK" (7)
22:31:03  [TX] S,1660,00,00,2007,P1,36
22:31:03  [SLOT] n=1673 tx=23 ack=0 due=0 r=1
22:31:03  [AT] "AT+CIPSEND=24" (13)
22:31:03  [AT] " S,1660,00,00,2007,P1,36" (24)
22:31:03  [AT] "SEND OK" (7)
22:31:04  «tap» 캡처 종료 — SIGTERM 수신. 이 줄이 이 로그의 마지막 경계다.
