13:21:00  «tap» 캡처 시작 — port=/dev/cu.usbmodem21201 baud=115200 pid=56845 date=2026-08-19 13:21:00
13:21:00  «tap» ⚠ 이 시각에 DTR 로 보드가 리셋된다 — 분석에서 '우리가 만든 리셋'으로 표시할 것
13:21:00  «tap» 포트 열림 (dsrdtr=False)
13:21:02  
13:21:02  [PARKING NODE] proto v1 / 10 slots / dev=P1
13:21:02  [BOOT] 리셋 원인: 불명 (부트로더가 MCUSR 을 지우고 넘어왔다)
13:21:02  [BOOT] 사다리 4단(ESP 하드리셋선) 미배선 — A2 를 ESP RST 에 물리고 ESP_RST_WIRED=1 · 6단(워치독) 끔
13:21:03  [NET] 0 RST
13:21:03  [AT] "AT+RST" (6)
13:21:03  [AT] "OK" (2)
13:21:04  [AT] "`B\xD4\x84@\xF9Rc\xE0\xFCR\x89:\x97bD\xCE\xFF\xCA\xC9\xA5\x9D\x1C\xFF\xC2I\x8D" (27)
13:21:04  [AT] "[System Ready, Vendor:www.ai-thinker.com]" (41)
13:21:05  [NET] 1 CWMODE=1
13:21:05  [AT] "AT+CWMODE=1" (11)
13:21:05  [AT] "no change" (9)
13:21:05  [DIAG] offline step=2 사다리=0/0 rx=112 lines=6 up=3s
13:21:06  [NET] 2 CWJAP (응답까지 최대 30초 기다린다)
13:21:06  [AT] "AT+CWJAP="3F_302","0424719222!!"" (32)
13:21:08  [DIAG] offline step=2 사다리=0/0 rx=147 lines=7 up=6s
13:21:11  [AT] "OK" (2)
13:21:11  [NET] CWJAP OK — 결합됐다. IP 를 실제로 받았는지 CIFSR 로 확인한다
13:21:11  [DIAG] offline step=3 사다리=0/0 rx=153 lines=8 up=9s
13:21:11  [NET] 3 CIFSR (IP 를 실제로 받았는가)
13:21:11  [AT] "AT+CIFSR" (8)
13:21:11  [AT] "192.168.0.214" (13)
13:21:11  [NET] ★ IP 확보: 192.168.0.214
13:21:11  [AT] "OK" (2)
13:21:11  [NET] 4 CIPMUX=0
13:21:11  [AT] "AT+CIPMUX=0" (11)
13:21:11  [AT] "OK" (2)
13:21:11  [NET] CIPMUX=0 적용됨 → CIPSTART
13:21:12  [NET] 5 CIPSTART
13:21:12  [AT] "AT+CIPSTART="TCP","192.168.0.29",9991" (37)
13:21:12  [AT] "OK" (2)
13:21:12  [AT] "Linked" (6)
13:21:12  [NET] online (CONNECT) + 캐시 비움
13:21:12  [TX] S,0,60A,000,9,P1,4C
13:21:12  [SLOT] n=8 tx=19 ack=0 due=247 r=1
13:21:12  [AT] "AT+CIPSEND=20" (13)
13:21:12  [AT] " S,0,60A,000,9,P1,4C" (20)
13:21:12  [AT] "SEND OK" (7)
13:21:13  [TX] D,*,7,12,5A
13:21:13  D,A1,IP,01
13:21:13  D,A2,IP,02
13:21:13  D,A3,IP,03
13:21:13  D,A4,IP,04
13:21:13  D,A5,IP,05
13:21:13  D,B1,IP,02
13:21:13  D,B2,IP,01
13:21:13  D,B3,IP,00
13:21:13  D,B4,IP,07
13:21:13  D,B5,IP,06
13:21:13  D,E1,OBV,47
13:21:13  D,X1,OBV,5A
13:21:13  [REG] 등록 전송 145B
13:21:13  [SLOT] n=9 tx=145 ack=0 due=0 r=1
13:21:13  [AT] "AT+CIPSEND=146" (14)
13:21:13  [DROP-OVF] 줄이 96바이트를 넘어 버렸다
13:21:13  [AT] "SEND OK" (7)
13:21:14  [TX] S,2,608,000,12,P1,0D
13:21:14  [SLOT] n=10 tx=20 ack=0 due=0 r=1
13:21:14  [AT] "AT+CIPSEND=21" (13)
13:21:14  [AT] " S,2,608,000,12,P1,0D" (21)
13:21:14  [AT] "SEND OK" (7)
13:21:15  [TX] S,3,608,000,13,P1,0D
13:21:15  [SLOT] n=11 tx=20 ack=0 due=0 r=1
13:21:15  [AT] "AT+CIPSEND=21" (13)
13:21:15  [AT] " S,3,608,000,13,P1,0D" (21)
13:21:15  [AT] "SEND OK" (7)
13:21:16  [TX] S,4,608,000,14,P1,0D
13:21:16  [SLOT] n=12 tx=20 ack=0 due=0 r=1
13:21:16  [AT] "AT+CIPSEND=21" (13)
13:21:17  [AT] " S,4,608,000,14,P1,0D" (21)
13:21:17  [AT] "SEND OK" (7)
13:21:18  [TX] S,5,608,000,15,P1,0D
13:21:18  [SLOT] n=13 tx=20 ack=0 due=0 r=1
13:21:18  [AT] "AT+CIPSEND=21" (13)
13:21:18  [AT] " S,5,608,000,15,P1,0D" (21)
13:21:18  [AT] "SEND OK" (7)
13:21:19  [TX] S,6,609,000,16,P1,0C
13:21:19  [SLOT] n=14 tx=20 ack=0 due=0 r=1
13:21:19  [AT] "AT+CIPSEND=21" (13)
13:21:19  [AT] " S,6,609,000,16,P1,0C" (21)
13:21:19  [AT] "SEND OK" (7)
13:21:20  [TX] S,7,609,000,18,P1,03
13:21:20  [SLOT] n=15 tx=20 ack=0 due=0 r=1
13:21:20  [AT] "AT+CIPSEND=21" (13)
13:21:20  [AT] " S,7,609,000,18,P1,03" (21)
13:21:20  [AT] "SEND OK" (7)
13:21:21  [TX] S,8,609,000,19,P1,0D
13:21:21  [SLOT] n=16 tx=20 ack=0 due=0 r=1
13:21:21  [AT] "AT+CIPSEND=21" (13)
13:21:21  [AT] " S,8,609,000,19,P1,0D" (21)
13:21:21  [AT] "SEND OK" (7)
13:21:22  [TX] S,9,609,000,20,P1,06
13:21:22  [SLOT] n=17 tx=20 ack=0 due=0 r=1
13:21:22  [AT] "AT+CIPSEND=21" (13)
13:21:24  [TX-WAIT] 앞 전송의 SEND OK 를 아직 못 봤다 — 이번 주기는 건너뛴다
13:21:24  [SLOT] n=18 tx=21 ack=0 due=0 r=0
13:21:25  [AT] " S,9,609,000,20,P1,06" (21)
13:21:25  [AT] "SEND OK" (7)
13:21:25  [TX] S,10,609,000,22,P1,3C
13:21:25  [SLOT] n=19 tx=21 ack=0 due=0 r=1
13:21:25  [AT] "AT+CIPSEND=22" (13)
13:21:26  [TX-WAIT] 앞 전송의 SEND OK 를 아직 못 봤다 — 이번 주기는 건너뛴다
13:21:26  [SLOT] n=20 tx=21 ack=0 due=0 r=0
13:21:27  [TX-WAIT] ★ T1 초과 — 그래도 계속 기다린다(두들기지 않는다)
13:21:27  [TX-WAIT] 앞 전송의 SEND OK 를 아직 못 봤다 — 이번 주기는 건너뛴다
13:21:27  [SLOT] n=21 tx=21 ack=0 due=0 r=0
13:21:28  [TX-WAIT] 앞 전송의 SEND OK 를 아직 못 봤다 — 이번 주기는 건너뛴다
13:21:28  [SLOT] n=22 tx=21 ack=0 due=0 r=0
13:21:30  [TX-WAIT] 앞 전송의 SEND OK 를 아직 못 봤다 — 이번 주기는 건너뛴다
13:21:30  [SLOT] n=23 tx=21 ack=0 due=0 r=0
13:21:32  [TX-WAIT] 앞 전송의 SEND OK 를 아직 못 봤다 — 이번 주기는 건너뛴다
13:21:32  [SLOT] n=24 tx=21 ack=0 due=0 r=0
13:21:33  [AT] " S,10,609,000,22,P1,3C" (22)
13:21:33  [AT] "SEND OK" (7)
13:21:33  [TX] S,11,60A,000,30,P1,46
13:21:33  [SLOT] n=25 tx=21 ack=0 due=0 r=1
13:21:33  [AT] "AT+CIPSEND=22" (13)
13:21:33  [AT] " S,11,60A,000,30,P1,46" (22)
13:21:33  [AT] "SEND OK" (7)
13:21:34  [TX] S,12,60A,000,31,P1,44
13:21:34  [SLOT] n=26 tx=21 ack=0 due=0 r=1
13:21:34  [AT] "AT+CIPSEND=22" (13)
13:21:34  [AT] " S,12,60A,000,31,P1,44" (22)
13:21:34  [AT] "SEND OK" (7)
13:21:35  [TX] S,13,60A,000,32,P1,46
13:21:35  [SLOT] n=27 tx=21 ack=0 due=0 r=1
13:21:35  [AT] "AT+CIPSEND=22" (13)
13:21:36  [AT] " S,13,60A,000,32,P1,46" (22)
13:21:36  [AT] "SEND OK" (7)
13:21:37  [TX] S,14,60B,000,33,P1,43
13:21:37  [SLOT] n=28 tx=21 ack=0 due=0 r=1
13:21:37  [AT] "AT+CIPSEND=22" (13)
13:21:37  [AT] " S,14,60B,000,33,P1,43" (22)
13:21:37  [AT] "SEND OK" (7)
13:21:38  [TX] S,15,60B,000,34,P1,45
13:21:38  [SLOT] n=29 tx=21 ack=0 due=0 r=1
13:21:38  [AT] "AT+CIPSEND=22" (13)
13:21:38  [AT] " S,15,60B,000,34,P1,45" (22)
13:21:38  [AT] "SEND OK" (7)
13:21:39  [TX] S,16,609,000,36,P1,3F
13:21:39  [SLOT] n=30 tx=21 ack=0 due=0 r=1
13:21:39  [AT] "AT+CIPSEND=22" (13)
13:21:39  [AT] " S,16,609,000,36,P1,3F" (22)
13:21:39  [AT] "SEND OK" (7)
13:21:40  [TX] S,17,609,000,37,P1,3F
13:21:40  [SLOT] n=31 tx=21 ack=0 due=0 r=1
13:21:40  [AT] "AT+CIPSEND=22" (13)
13:21:40  [AT] " S,17,609,000,37,P1,3F" (22)
13:21:40  [AT] "SEND OK" (7)
13:21:41  [TX] S,18,609,000,38,P1,3F
13:21:41  [SLOT] n=32 tx=21 ack=0 due=0 r=1
13:21:41  [AT] "AT+CIPSEND=22" (13)
13:21:42  [AT] " S,18,609,000,38,P1,3F" (22)
13:21:42  [AT] "SEND OK" (7)
13:21:43  [TX] S,19,609,000,39,P1,3F
13:21:43  [SLOT] n=33 tx=21 ack=0 due=0 r=1
13:21:43  [AT] "AT+CIPSEND=22" (13)
13:21:43  [AT] " S,19,609,000,39,P1,3F" (22)
13:21:43  [AT] "SEND OK" (7)
13:21:44  [TX] S,20,609,000,40,P1,3B
13:21:44  [SLOT] n=34 tx=21 ack=0 due=0 r=1
13:21:44  [AT] "AT+CIPSEND=22" (13)
13:21:44  [AT] " S,20,609,000,40,P1,3B" (22)
13:21:44  [AT] "SEND OK" (7)
13:21:45  [TX] S,21,608,000,42,P1,39
13:21:45  [SLOT] n=35 tx=21 ack=0 due=0 r=1
13:21:45  [AT] "AT+CIPSEND=22" (13)
13:21:45  [AT] " S,21,608,000,42,P1,39" (22)
13:21:45  [AT] "SEND OK" (7)
13:21:46  [TX] S,22,608,000,43,P1,3B
13:21:46  [SLOT] n=36 tx=21 ack=0 due=0 r=1
13:21:46  [AT] "AT+CIPSEND=22" (13)
13:21:46  [AT] " S,22,608,000,43,P1,3B" (22)
13:21:46  [AT] "SEND OK" (7)
13:21:47  [TX] S,23,608,000,44,P1,3D
13:21:47  [SLOT] n=37 tx=21 ack=0 due=0 r=1
13:21:47  [AT] "AT+CIPSEND=22" (13)
13:21:48  [AT] " S,23,608,000,44,P1,3D" (22)
13:21:48  [AT] "SEND OK" (7)
13:21:49  [TX] S,24,608,000,45,P1,3B
13:21:49  [SLOT] n=38 tx=21 ack=0 due=0 r=1
13:21:49  [AT] "AT+CIPSEND=22" (13)
13:21:50  [TX-WAIT] 앞 전송의 SEND OK 를 아직 못 봤다 — 이번 주기는 건너뛴다
13:21:50  [SLOT] n=39 tx=21 ack=0 due=0 r=0
13:21:50  [AT] " S,24,608,000,45,P1,3B" (22)
13:21:50  [AT] "SEND OK" (7)
13:21:51  [TX] S,25,60A,000,48,P1,4E
13:21:51  [SLOT] n=40 tx=21 ack=0 due=0 r=1
13:21:51  [AT] "AT+CIPSEND=22" (13)
13:21:51  [AT] " S,25,60A,000,48,P1,4E" (22)
13:21:51  [AT] "SEND OK" (7)
13:21:52  [TX] S,26,60A,000,49,P1,4C
13:21:52  [SLOT] n=41 tx=21 ack=0 due=0 r=1
13:21:52  [AT] "AT+CIPSEND=22" (13)
13:21:53  [TX-WAIT] 앞 전송의 SEND OK 를 아직 못 봤다 — 이번 주기는 건너뛴다
13:21:53  [SLOT] n=42 tx=21 ack=0 due=0 r=0
13:21:54  [AT] " S,26,60A,000,49,P1,4C" (22)
13:21:54  [AT] "SEND OK" (7)
13:21:55  [TX] S,27,60B,000,51,P1,47
13:21:55  [SLOT] n=43 tx=21 ack=0 due=0 r=1
13:21:55  [AT] "AT+CIPSEND=22" (13)
13:21:55  [AT] " S,27,60B,000,51,P1,47" (22)
13:21:55  [AT] "SEND OK" (7)
13:21:56  [TX] S,28,60B,000,52,P1,4B
13:21:56  [SLOT] n=44 tx=21 ack=0 due=0 r=1
13:21:56  [AT] "AT+CIPSEND=22" (13)
13:21:56  [AT] " S,28,60B,000,52,P1,4B" (22)
13:21:56  [AT] "SEND OK" (7)
13:21:57  [TX] S,29,60B,000,54,P1,4C
13:21:57  [SLOT] n=45 tx=21 ack=0 due=0 r=1
13:21:57  [AT] "AT+CIPSEND=22" (13)
13:21:57  [AT] " S,29,60B,000,54,P1,4C" (22)
13:21:57  [AT] "SEND OK" (7)
13:21:58  [TX] S,30,60B,000,55,P1,45
13:21:58  [SLOT] n=46 tx=21 ack=0 due=0 r=1
13:21:58  [AT] "AT+CIPSEND=22" (13)
13:21:58  [AT] " S,30,60B,000,55,P1,45" (22)
13:21:58  [AT] "SEND OK" (7)
13:21:59  [TX] S,31,60B,000,56,P1,47
13:21:59  [SLOT] n=47 tx=21 ack=0 due=0 r=1
13:21:59  [AT] "AT+CIPSEND=22" (13)
13:21:59  [AT] " S,31,60B,000,56,P1,47" (22)
13:21:59  [AT] "SEND OK" (7)
13:22:01  «tap» 살아있음 — 최근 60초 rx=7170B (이 줄이 끊기면 탭이 죽은 것이다)
13:22:01  [TX] S,32,60B,000,57,P1,45
13:22:01  [SLOT] n=48 tx=21 ack=0 due=0 r=1
13:22:01  [AT] "AT+CIPSEND=22" (13)
13:22:01  [AT] " S,32,60B,000,57,P1,45" (22)
13:22:01  [AT] "SEND OK" (7)
13:22:02  [TX] S,33,60A,000,58,P1,48
13:22:02  [SLOT] n=49 tx=21 ack=0 due=0 r=1
13:22:02  [AT] "AT+CIPSEND=22" (13)
13:22:02  [AT] " S,33,60A,000,58,P1,48" (22)
13:22:02  [AT] "SEND OK" (7)
13:22:03  [TX] S,34,608,000,60,P1,3D
13:22:03  [SLOT] n=50 tx=21 ack=0 due=0 r=1
13:22:03  [CNT] up=60 drop=0 esprst=0 resync=0 sendfail=0 okto=1 stuck=0 ackq=0 ackdrop=0 ackstale=0 slot=50 oow=0 smiss=0 ssovf=0 cksumng=0 okstream=34 penddrop=0 pendfill=35 bigfill=1 bigdrop=0 bigokst=1 oklost=0 bigoklost=0 skip=8 online=1
13:22:03  [RAM] 최저 여유 617 B · 프롬프트 재동기 0회 (서버의 '버린줄' 과 맞아야 한다)
13:22:03  [AT] "AT+CIPSEND=22" (13)
13:22:03  [AT] " S,34,608,000,60,P1,3D" (22)
13:22:03  [AT] "SEND OK" (7)
13:22:04  [TX] S,35,608,000,61,P1,3D
13:22:04  [SLOT] n=51 tx=21 ack=0 due=0 r=1
13:22:04  [AT] "AT+CIPSEND=22" (13)
13:22:04  [AT] " S,35,608,000,61,P1,3D" (22)
13:22:04  [AT] "SEND OK" (7)
13:22:05  [TX] S,36,608,000,62,P1,3D
13:22:05  [SLOT] n=52 tx=21 ack=0 due=0 r=1
13:22:05  [AT] "AT+CIPSEND=22" (13)
13:22:05  [AT] " S,36,608,000,62,P1,3D" (22)
13:22:05  [AT] "SEND OK" (7)
13:22:07  [TX] S,37,608,000,63,P1,3D
13:22:07  [SLOT] n=53 tx=21 ack=0 due=0 r=1
13:22:07  [AT] "AT+CIPSEND=22" (13)
13:22:07  [AT] " S,37,608,000,63,P1,3D" (22)
13:22:07  [AT] "SEND OK" (7)
13:22:08  [TX] S,38,608,000,64,P1,35
13:22:08  [SLOT] n=54 tx=21 ack=0 due=0 r=1
13:22:08  [AT] "AT+CIPSEND=22" (13)
13:22:08  [AT] " S,38,608,000,64,P1,35" (22)
13:22:08  [AT] "SEND OK" (7)
13:22:09  [TX] S,39,608,000,66,P1,36
13:22:09  [SLOT] n=55 tx=21 ack=0 due=0 r=1
13:22:09  [AT] "AT+CIPSEND=22" (13)
13:22:09  [AT] " S,39,608,000,66,P1,36" (22)
13:22:09  [AT] "SEND OK" (7)
13:22:10  [TX] S,40,609,000,67,P1,38
13:22:10  [SLOT] n=56 tx=21 ack=0 due=0 r=1
13:22:10  [AT] "AT+CIPSEND=22" (13)
13:22:10  [AT] " S,40,609,000,67,P1,38" (22)
13:22:10  [AT] "SEND OK" (7)
13:22:11  [TX] S,41,609,000,68,P1,36
13:22:11  [SLOT] n=57 tx=21 ack=0 due=0 r=1
13:22:11  [AT] "AT+CIPSEND=22" (13)
13:22:11  [AT] " S,41,609,000,68,P1,36" (22)
13:22:11  [AT] "SEND OK" (7)
13:22:13  [TX] S,42,609,000,69,P1,34
13:22:13  [SLOT] n=58 tx=21 ack=0 due=0 r=1
13:22:13  [AT] "AT+CIPSEND=22" (13)
13:22:13  [AT] " S,42,609,000,69,P1,34" (22)
13:22:13  [AT] "SEND OK" (7)
13:22:14  [TX] S,43,609,000,70,P1,3D
13:22:14  [SLOT] n=59 tx=21 ack=0 due=0 r=1
13:22:14  [AT] "AT+CIPSEND=22" (13)
13:22:14  [AT] " S,43,609,000,70,P1,3D" (22)
13:22:14  [AT] "SEND OK" (7)
13:22:15  [TX] S,44,60B,000,72,P1,43
13:22:15  [SLOT] n=60 tx=21 ack=0 due=0 r=1
13:22:15  [AT] "AT+CIPSEND=22" (13)
13:22:15  [AT] " S,44,60B,000,72,P1,43" (22)
13:22:15  [AT] "SEND OK" (7)
13:22:16  [TX] S,45,60B,000,73,P1,43
13:22:16  [SLOT] n=61 tx=21 ack=0 due=0 r=1
13:22:16  [AT] "AT+CIPSEND=22" (13)
13:22:16  [AT] " S,45,60B,000,73,P1,43" (22)
13:22:16  [AT] "SEND OK" (7)
13:22:17  [TX] S,46,60B,000,74,P1,47
13:22:17  [SLOT] n=62 tx=21 ack=0 due=0 r=1
13:22:17  [AT] "AT+CIPSEND=22" (13)
13:22:17  [AT] " S,46,60B,000,74,P1,47" (22)
13:22:17  [AT] "SEND OK" (7)
13:22:19  [TX] S,47,60A,000,75,P1,44
13:22:19  [SLOT] n=63 tx=21 ack=0 due=0 r=1
13:22:19  [AT] "AT+CIPSEND=22" (13)
13:22:19  [AT] " S,47,60A,000,75,P1,44" (22)
13:22:19  [AT] "SEND OK" (7)
13:22:20  [TX] S,48,60A,000,76,P1,48
13:22:20  [SLOT] n=64 tx=21 ack=0 due=0 r=1
13:22:20  [AT] "AT+CIPSEND=22" (13)
13:22:20  [AT] " S,48,60A,000,76,P1,48" (22)
13:22:20  [AT] "SEND OK" (7)
13:22:21  [TX] S,49,60A,000,78,P1,47
13:22:21  [SLOT] n=65 tx=21 ack=0 due=0 r=1
13:22:21  [AT] "AT+CIPSEND=22" (13)
13:22:21  [AT] " S,49,60A,000,78,P1,47" (22)
13:22:21  [AT] "SEND OK" (7)
13:22:22  [TX] S,50,60A,000,79,P1,4E
13:22:22  [SLOT] n=66 tx=21 ack=0 due=0 r=1
13:22:22  [AT] "AT+CIPSEND=22" (13)
13:22:22  [AT] " S,50,60A,000,79,P1,4E" (22)
13:22:22  [AT] "SEND OK" (7)
13:22:23  [TX] S,51,60A,000,80,P1,49
13:22:23  [SLOT] n=67 tx=21 ack=0 due=0 r=1
13:22:23  [AT] "AT+CIPSEND=22" (13)
13:22:23  [AT] " S,51,60A,000,80,P1,49" (22)
13:22:23  [AT] "SEND OK" (7)
13:22:25  [TX] S,52,60A,000,81,P1,4B
13:22:25  [SLOT] n=68 tx=21 ack=0 due=0 r=1
13:22:25  [AT] "AT+CIPSEND=22" (13)
13:22:25  [AT] " S,52,60A,000,81,P1,4B" (22)
13:22:25  [AT] "SEND OK" (7)
13:22:26  [TX] S,53,60A,000,82,P1,49
13:22:26  [SLOT] n=69 tx=21 ack=0 due=0 r=1
13:22:26  [AT] "AT+CIPSEND=22" (13)
13:22:26  [AT] " S,53,60A,000,82,P1,49" (22)
13:22:26  [AT] "SEND OK" (7)
13:22:27  [TX] S,54,609,000,84,P1,30
13:22:27  [SLOT] n=70 tx=21 ack=0 due=0 r=1
13:22:27  [AT] "AT+CIPSEND=22" (13)
13:22:27  [AT] " S,54,609,000,84,P1,30" (22)
13:22:27  [AT] "SEND OK" (7)
13:22:28  [TX] S,55,609,000,85,P1,30
13:22:28  [SLOT] n=71 tx=21 ack=0 due=0 r=1
13:22:28  [AT] "AT+CIPSEND=22" (13)
13:22:28  [AT] " S,55,609,000,85,P1,30" (22)
13:22:28  [AT] "SEND OK" (7)
13:22:29  [TX] S,56,609,000,86,P1,30
13:22:29  [SLOT] n=72 tx=21 ack=0 due=0 r=1
13:22:29  [AT] "AT+CIPSEND=22" (13)
13:22:29  [AT] " S,56,609,000,86,P1,30" (22)
13:22:29  [AT] "SEND OK" (7)
13:22:31  [TX] S,57,609,000,87,P1,30
13:22:31  [SLOT] n=73 tx=21 ack=0 due=0 r=1
13:22:31  [AT] "AT+CIPSEND=22" (13)
13:22:31  [AT] " S,57,609,000,87,P1,30" (22)
13:22:31  [AT] "SEND OK" (7)
13:22:32  [TX] S,58,609,000,88,P1,30
13:22:32  [SLOT] n=74 tx=21 ack=0 due=0 r=1
13:22:32  [AT] "AT+CIPSEND=22" (13)
13:22:33  [TX-WAIT] 앞 전송의 SEND OK 를 아직 못 봤다 — 이번 주기는 건너뛴다
13:22:33  [SLOT] n=75 tx=21 ack=0 due=0 r=0
13:22:33  [AT] " S,58,609,000,88,P1,30" (22)
13:22:33  [AT] "SEND OK" (7)
13:22:34  [TX] S,59,609,000,91,P1,39
13:22:34  [SLOT] n=76 tx=21 ack=0 due=0 r=1
13:22:34  [AT] "AT+CIPSEND=22" (13)
13:22:34  [AT] " S,59,609,000,91,P1,39" (22)
13:22:34  [AT] "SEND OK" (7)
13:22:35  [TX] S,60,608,000,92,P1,31
13:22:35  [SLOT] n=77 tx=21 ack=0 due=0 r=1
13:22:35  [AT] "AT+CIPSEND=22" (13)
13:22:35  [AT] " S,60,608,000,92,P1,31" (22)
13:22:35  [AT] "SEND OK" (7)
13:22:37  [TX] S,61,608,000,93,P1,31
13:22:37  [SLOT] n=78 tx=21 ack=0 due=0 r=1
13:22:37  [AT] "AT+CIPSEND=22" (13)
13:22:37  [AT] " S,61,608,000,93,P1,31" (22)
13:22:37  [AT] "SEND OK" (7)
13:22:38  [TX] S,62,608,000,94,P1,35
13:22:38  [SLOT] n=79 tx=21 ack=0 due=0 r=1
13:22:38  [AT] "AT+CIPSEND=22" (13)
13:22:38  [AT] " S,62,608,000,94,P1,35" (22)
13:22:38  [AT] "SEND OK" (7)
13:22:39  [TX] S,63,60A,000,96,P1,4F
13:22:39  [SLOT] n=80 tx=21 ack=0 due=0 r=1
13:22:39  [AT] "AT+CIPSEND=22" (13)
13:22:39  [AT] " S,63,60A,000,96,P1,4F" (22)
13:22:39  [AT] "SEND OK" (7)
13:22:40  [TX] S,64,60A,000,97,P1,49
13:22:40  [SLOT] n=81 tx=21 ack=0 due=0 r=1
13:22:40  [AT] "AT+CIPSEND=22" (13)
13:22:40  [AT] " S,64,60A,000,97,P1,49" (22)
13:22:40  [AT] "SEND OK" (7)
13:22:41  [TX] S,65,60A,000,98,P1,47
13:22:41  [SLOT] n=82 tx=21 ack=0 due=0 r=1
13:22:41  [AT] "AT+CIPSEND=22" (13)
13:22:41  [AT] " S,65,60A,000,98,P1,47" (22)
13:22:41  [AT] "SEND OK" (7)
13:22:43  [TX] S,66,60A,000,99,P1,45
13:22:43  [SLOT] n=83 tx=21 ack=0 due=0 r=1
13:22:43  [AT] "AT+CIPSEND=22" (13)
13:22:43  [AT] " S,66,60A,000,99,P1,45" (22)
13:22:43  [AT] "SEND OK" (7)
13:22:44  [TX] S,67,60B,000,100,P1,76
13:22:44  [SLOT] n=84 tx=22 ack=0 due=0 r=1
13:22:44  [AT] "AT+CIPSEND=23" (13)
13:22:44  [AT] " S,67,60B,000,100,P1,76" (23)
13:22:44  [AT] "SEND OK" (7)
13:22:45  [TX] S,68,60B,000,102,P1,7B
13:22:45  [SLOT] n=85 tx=22 ack=0 due=0 r=1
13:22:45  [AT] "AT+CIPSEND=23" (13)
13:22:45  [AT] " S,68,60B,000,102,P1,7B" (23)
13:22:45  [AT] "SEND OK" (7)
13:22:46  [TX] S,69,60B,000,103,P1,7B
13:22:46  [SLOT] n=86 tx=22 ack=0 due=0 r=1
13:22:46  [AT] "AT+CIPSEND=23" (13)
13:22:46  [AT] " S,69,60B,000,103,P1,7B" (23)
13:22:46  [AT] "SEND OK" (7)
13:22:47  [TX] S,70,60B,000,104,P1,74
13:22:47  [SLOT] n=87 tx=22 ack=0 due=0 r=1
13:22:47  [AT] "AT+CIPSEND=23" (13)
13:22:47  [AT] " S,70,60B,000,104,P1,74" (23)
13:22:47  [AT] "SEND OK" (7)
13:22:49  [TX] S,71,60B,000,105,P1,74
13:22:49  [SLOT] n=88 tx=22 ack=0 due=0 r=1
13:22:49  [AT] "AT+CIPSEND=23" (13)
13:22:49  [AT] " S,71,60B,000,105,P1,74" (23)
13:22:49  [AT] "SEND OK" (7)
13:22:50  [TX] S,72,60B,000,106,P1,74
13:22:50  [SLOT] n=89 tx=22 ack=0 due=0 r=1
13:22:50  [AT] "AT+CIPSEND=23" (13)
13:22:50  [AT] " S,72,60B,000,106,P1,74" (23)
13:22:50  [AT] "SEND OK" (7)
13:22:51  [TX] S,73,609,000,108,P1,00
13:22:51  [SLOT] n=90 tx=22 ack=0 due=0 r=1
13:22:51  [AT] "AT+CIPSEND=23" (13)
13:22:51  [AT] " S,73,609,000,108,P1,00" (23)
13:22:51  [AT] "SEND OK" (7)
13:22:52  [TX] S,74,608,000,109,P1,07
13:22:52  [SLOT] n=91 tx=22 ack=0 due=0 r=1
13:22:52  [AT] "AT+CIPSEND=23" (13)
13:22:52  [AT] " S,74,608,000,109,P1,07" (23)
13:22:52  [AT] "SEND OK" (7)
13:22:53  [TX] S,75,608,000,110,P1,0E
13:22:53  [SLOT] n=92 tx=22 ack=0 due=0 r=1
13:22:53  [AT] "AT+CIPSEND=23" (13)
13:22:54  [AT] " S,75,608,000,110,P1,0E" (23)
13:22:54  [AT] "SEND OK" (7)
13:22:55  [TX] S,76,608,000,111,P1,0C
13:22:55  [SLOT] n=93 tx=22 ack=0 due=0 r=1
13:22:55  [AT] "AT+CIPSEND=23" (13)
13:22:55  [AT] " S,76,608,000,111,P1,0C" (23)
13:22:55  [AT] "SEND OK" (7)
13:22:56  [TX] S,77,608,000,112,P1,0E
13:22:56  [SLOT] n=94 tx=22 ack=0 due=0 r=1
13:22:56  [AT] "AT+CIPSEND=23" (13)
13:22:56  [AT] " S,77,608,000,112,P1,0E" (23)
13:22:56  [AT] "SEND OK" (7)
13:22:57  [TX] S,78,608,000,114,P1,07
13:22:57  [SLOT] n=95 tx=22 ack=0 due=0 r=1
13:22:57  [AT] "AT+CIPSEND=23" (13)
13:22:57  [AT] " S,78,608,000,114,P1,07" (23)
13:22:57  [AT] "SEND OK" (7)
13:22:58  [TX] S,79,608,000,115,P1,07
13:22:58  [SLOT] n=96 tx=22 ack=0 due=0 r=1
13:22:58  [AT] "AT+CIPSEND=23" (13)
13:22:58  [AT] " S,79,608,000,115,P1,07" (23)
13:22:58  [AT] "SEND OK" (7)
13:22:59  [TX] S,80,608,000,116,P1,02
13:22:59  [SLOT] n=97 tx=22 ack=0 due=0 r=1
13:22:59  [AT] "AT+CIPSEND=23" (13)
13:22:59  [AT] " S,80,608,000,116,P1,02" (23)
13:22:59  [AT] "SEND OK" (7)
13:23:01  «tap» 살아있음 — 최근 60초 rx=7643B (이 줄이 끊기면 탭이 죽은 것이다)
13:23:01  [TX] S,81,609,000,117,P1,03
13:23:01  [SLOT] n=98 tx=22 ack=0 due=0 r=1
13:23:01  [AT] "AT+CIPSEND=23" (13)
13:23:01  [AT] " S,81,609,000,117,P1,03" (23)
13:23:01  [AT] "SEND OK" (7)
13:23:02  [TX] S,82,609,000,118,P1,0F
13:23:02  [SLOT] n=99 tx=22 ack=0 due=0 r=1
13:23:02  [AT] "AT+CIPSEND=23" (13)
13:23:02  [AT] " S,82,609,000,118,P1,0F" (23)
13:23:02  [AT] "SEND OK" (7)
13:23:03  [TX] S,83,60B,000,120,P1,7E
13:23:03  [SLOT] n=100 tx=22 ack=0 due=0 r=1
13:23:03  [CNT] up=120 drop=0 esprst=0 resync=0 sendfail=0 okto=1 stuck=0 ackq=0 ackdrop=0 ackstale=0 slot=100 oow=0 smiss=0 ssovf=0 cksumng=0 okstream=83 penddrop=0 pendfill=84 bigfill=1 bigdrop=0 bigokst=1 oklost=0 bigoklost=0 skip=9 online=1
13:23:03  [RAM] 최저 여유 617 B · 프롬프트 재동기 0회 (서버의 '버린줄' 과 맞아야 한다)
13:23:03  [AT] "AT+CIPSEND=23" (13)
13:23:03  [AT] " S,83,60B,000,120,P1,7E" (23)
13:23:03  [AT] "SEND OK" (7)
13:23:04  [TX] S,84,60B,000,121,P1,78
13:23:04  [SLOT] n=101 tx=22 ack=0 due=0 r=1
13:23:04  [AT] "AT+CIPSEND=23" (13)
13:23:04  [AT] " S,84,60B,000,121,P1,78" (23)
13:23:04  [AT] "SEND OK" (7)
13:23:05  [TX] S,85,60B,000,122,P1,7A
13:23:05  [SLOT] n=102 tx=22 ack=0 due=0 r=1
13:23:05  [AT] "AT+CIPSEND=23" (13)
13:23:05  [AT] " S,85,60B,000,122,P1,7A" (23)
13:23:05  [AT] "SEND OK" (7)
13:23:06  [TX] S,86,60B,000,123,P1,78
13:23:07  [SLOT] n=103 tx=22 ack=0 due=0 r=1
13:23:07  [AT] "AT+CIPSEND=23" (13)
13:23:07  [AT] " S,86,60B,000,123,P1,78" (23)
13:23:07  [AT] "SEND OK" (7)
13:23:08  [TX] S,87,60B,000,124,P1,7E
13:23:08  [SLOT] n=104 tx=22 ack=0 due=0 r=1
13:23:08  [AT] "AT+CIPSEND=23" (13)
13:23:08  [AT] " S,87,60B,000,124,P1,7E" (23)
13:23:08  [AT] "SEND OK" (7)
13:23:09  [TX] S,88,60A,000,126,P1,70
13:23:09  [SLOT] n=105 tx=22 ack=0 due=0 r=1
13:23:09  [AT] "AT+CIPSEND=23" (13)
13:23:09  [AT] " S,88,60A,000,126,P1,70" (23)
13:23:09  [AT] "SEND OK" (7)
13:23:10  [TX] S,89,60A,000,127,P1,70
13:23:10  [SLOT] n=106 tx=22 ack=0 due=0 r=1
13:23:10  [AT] "AT+CIPSEND=23" (13)
13:23:10  [AT] " S,89,60A,000,127,P1,70" (23)
13:23:10  [AT] "SEND OK" (7)
13:23:11  [TX] S,90,60A,000,128,P1,77
13:23:11  [SLOT] n=107 tx=22 ack=0 due=0 r=1
13:23:11  [AT] "AT+CIPSEND=23" (13)
13:23:11  [AT] " S,90,60A,000,128,P1,77" (23)
13:23:11  [AT] "SEND OK" (7)
13:23:12  [TX] S,91,60A,000,129,P1,77
13:23:12  [SLOT] n=108 tx=22 ack=0 due=0 r=1
13:23:13  [AT] "AT+CIPSEND=23" (13)
13:23:13  [AT] " S,91,60A,000,129,P1,77" (23)
13:23:13  [AT] "SEND OK" (7)
13:23:14  [TX] S,92,60A,000,130,P1,7C
13:23:14  [SLOT] n=109 tx=22 ack=0 due=0 r=1
13:23:14  [AT] "AT+CIPSEND=23" (13)
13:23:14  [AT] " S,92,60A,000,130,P1,7C" (23)
13:23:14  [AT] "SEND OK" (7)
13:23:15  [TX] S,93,608,000,132,P1,06
13:23:15  [SLOT] n=110 tx=22 ack=0 due=0 r=1
13:23:15  [AT] "AT+CIPSEND=23" (13)
13:23:15  [AT] " S,93,608,000,132,P1,06" (23)
13:23:15  [AT] "SEND OK" (7)
13:23:16  [TX] S,94,608,000,133,P1,00
13:23:16  [SLOT] n=111 tx=22 ack=0 due=0 r=1
13:23:16  [AT] "AT+CIPSEND=23" (13)
13:23:16  [AT] " S,94,608,000,133,P1,00" (23)
13:23:16  [AT] "SEND OK" (7)
13:23:17  [TX] S,95,609,000,134,P1,07
13:23:17  [SLOT] n=112 tx=22 ack=0 due=0 r=1
13:23:17  [AT] "AT+CIPSEND=23" (13)
13:23:17  [AT] " S,95,609,000,134,P1,07" (23)
13:23:17  [AT] "SEND OK" (7)
13:23:18  [TX] S,96,609,000,135,P1,05
13:23:19  [SLOT] n=113 tx=22 ack=0 due=0 r=1
13:23:19  [AT] "AT+CIPSEND=23" (13)
13:23:19  [AT] " S,96,609,000,135,P1,05" (23)
13:23:19  [AT] "SEND OK" (7)
13:23:20  [TX] S,97,609,000,136,P1,07
13:23:20  [SLOT] n=114 tx=22 ack=0 due=0 r=1
13:23:20  [AT] "AT+CIPSEND=23" (13)
13:23:20  [AT] " S,97,609,000,136,P1,07" (23)
13:23:20  [AT] "SEND OK" (7)
13:23:21  [TX] S,98,609,000,138,P1,06
13:23:21  [SLOT] n=115 tx=22 ack=0 due=0 r=1
13:23:21  [AT] "AT+CIPSEND=23" (13)
13:23:21  [AT] " S,98,609,000,138,P1,06" (23)
13:23:21  [AT] "SEND OK" (7)
13:23:22  [TX] S,99,609,000,139,P1,06
13:23:22  [SLOT] n=116 tx=22 ack=0 due=0 r=1
13:23:22  [AT] "AT+CIPSEND=23" (13)
13:23:22  [AT] " S,99,609,000,139,P1,06" (23)
13:23:22  [AT] "SEND OK" (7)
13:23:23  [TX] S,100,609,000,140,P1,39
13:23:23  [SLOT] n=117 tx=23 ack=0 due=0 r=1
13:23:23  [AT] "AT+CIPSEND=24" (13)
13:23:23  [AT] " S,100,609,000,140,P1,39" (24)
13:23:23  [AT] "SEND OK" (7)
13:23:24  [TX] S,101,609,000,141,P1,39
13:23:24  [SLOT] n=118 tx=23 ack=0 due=0 r=1
13:23:24  [AT] "AT+CIPSEND=24" (13)
13:23:25  [AT] " S,101,609,000,141,P1,39" (24)
13:23:25  [AT] "SEND OK" (7)
13:23:26  [TX] S,102,608,000,142,P1,38
13:23:26  [SLOT] n=119 tx=23 ack=0 due=0 r=1
13:23:26  [AT] "AT+CIPSEND=24" (13)
13:23:26  [AT] " S,102,608,000,142,P1,38" (24)
13:23:26  [AT] "SEND OK" (7)
13:23:27  [TX] S,103,60A,000,144,P1,46
13:23:27  [SLOT] n=120 tx=23 ack=0 due=0 r=1
13:23:27  [AT] "AT+CIPSEND=24" (13)
13:23:27  [AT] " S,103,60A,000,144,P1,46" (24)
13:23:27  [AT] "SEND OK" (7)
13:23:28  [TX] S,104,60A,000,145,P1,40
13:23:28  [SLOT] n=121 tx=23 ack=0 due=0 r=1
13:23:28  [AT] "AT+CIPSEND=24" (13)
13:23:28  [AT] " S,104,60A,000,145,P1,40" (24)
13:23:28  [AT] "SEND OK" (7)
13:23:29  [TX] S,105,60A,000,146,P1,42
13:23:29  [SLOT] n=122 tx=23 ack=0 due=0 r=1
13:23:29  [AT] "AT+CIPSEND=24" (13)
13:23:29  [AT] " S,105,60A,000,146,P1,42" (24)
13:23:29  [AT] "SEND OK" (7)
13:23:30  [TX] S,106,60A,000,147,P1,40
13:23:30  [SLOT] n=123 tx=23 ack=0 due=0 r=1
13:23:30  [AT] "AT+CIPSEND=24" (13)
13:23:31  [AT] " S,106,60A,000,147,P1,40" (24)
13:23:31  [AT] "SEND OK" (7)
13:23:32  [TX] S,107,60A,000,148,P1,4E
13:23:32  [SLOT] n=124 tx=23 ack=0 due=0 r=1
13:23:32  [AT] "AT+CIPSEND=24" (13)
13:23:32  [AT] " S,107,60A,000,148,P1,4E" (24)
13:23:32  [AT] "SEND OK" (7)
13:23:33  [TX] S,108,60A,000,150,P1,48
13:23:33  [SLOT] n=125 tx=23 ack=0 due=0 r=1
13:23:33  [AT] "AT+CIPSEND=24" (13)
13:23:33  [AT] " S,108,60A,000,150,P1,48" (24)
13:23:33  [AT] "SEND OK" (7)
13:23:34  [TX] S,109,60B,000,151,P1,4B
13:23:34  [SLOT] n=126 tx=23 ack=0 due=0 r=1
13:23:34  [AT] "AT+CIPSEND=24" (13)
13:23:34  [AT] " S,109,60B,000,151,P1,4B" (24)
13:23:34  [AT] "SEND OK" (7)
13:23:35  [TX] S,110,60B,000,152,P1,40
13:23:35  [SLOT] n=127 tx=23 ack=0 due=0 r=1
13:23:35  [AT] "AT+CIPSEND=24" (13)
13:23:35  [AT] " S,110,60B,000,152,P1,40" (24)
13:23:35  [AT] "SEND OK" (7)
13:23:36  [TX] S,111,60B,000,153,P1,40
13:23:36  [SLOT] n=128 tx=23 ack=0 due=0 r=1
13:23:36  [AT] "AT+CIPSEND=24" (13)
13:23:37  [AT] " S,111,60B,000,153,P1,40" (24)
13:23:37  [AT] "SEND OK" (7)
13:23:38  [TX] S,112,60B,000,154,P1,44
13:23:38  [SLOT] n=129 tx=23 ack=0 due=0 r=1
13:23:38  [AT] "AT+CIPSEND=24" (13)
13:23:38  [AT] " S,112,60B,000,154,P1,44" (24)
13:23:38  [AT] "SEND OK" (7)
13:23:39  [TX] S,113,609,000,156,P1,3C
13:23:39  [SLOT] n=130 tx=23 ack=0 due=0 r=1
13:23:39  [AT] "AT+CIPSEND=24" (13)
13:23:39  [AT] " S,113,609,000,156,P1,3C" (24)
13:23:39  [AT] "SEND OK" (7)
13:23:40  [TX] S,114,609,000,157,P1,3A
13:23:40  [SLOT] n=131 tx=23 ack=0 due=0 r=1
13:23:40  [AT] "AT+CIPSEND=24" (13)
13:23:40  [AT] " S,114,609,000,157,P1,3A" (24)
13:23:40  [AT] "SEND OK" (7)
13:23:41  [TX] S,115,609,000,158,P1,34
13:23:41  [SLOT] n=132 tx=23 ack=0 due=0 r=1
13:23:41  [AT] "AT+CIPSEND=24" (13)
13:23:41  [AT] " S,115,609,000,158,P1,34" (24)
13:23:41  [AT] "SEND OK" (7)
13:23:42  [TX] S,116,608,000,159,P1,37
13:23:42  [SLOT] n=133 tx=23 ack=0 due=0 r=1
13:23:42  [AT] "AT+CIPSEND=24" (13)
13:23:43  [AT] " S,116,608,000,159,P1,37" (24)
13:23:43  [AT] "SEND OK" (7)
13:23:44  [TX] S,117,608,000,160,P1,3C
13:23:44  [SLOT] n=134 tx=23 ack=0 due=0 r=1
13:23:44  [AT] "AT+CIPSEND=24" (13)
13:23:44  [AT] " S,117,608,000,160,P1,3C" (24)
13:23:44  [AT] "SEND OK" (7)
13:23:45  [TX] S,118,608,000,162,P1,31
13:23:45  [SLOT] n=135 tx=23 ack=0 due=0 r=1
13:23:45  [AT] "AT+CIPSEND=24" (13)
13:23:45  [AT] " S,118,608,000,162,P1,31" (24)
13:23:45  [AT] "SEND OK" (7)
13:23:46  [TX] S,119,608,000,163,P1,31
13:23:46  [SLOT] n=136 tx=23 ack=0 due=0 r=1
13:23:46  [AT] "AT+CIPSEND=24" (13)
13:23:46  [AT] " S,119,608,000,163,P1,31" (24)
13:23:46  [AT] "SEND OK" (7)
13:23:47  [TX] S,120,608,000,164,P1,3C
13:23:47  [SLOT] n=137 tx=23 ack=0 due=0 r=1
13:23:47  [AT] "AT+CIPSEND=24" (13)
13:23:48  [AT] " S,120,608,000,164,P1,3C" (24)
13:23:48  [AT] "SEND OK" (7)
13:23:48  [TX] S,121,608,000,165,P1,3C
13:23:48  [SLOT] n=138 tx=23 ack=0 due=0 r=1
13:23:48  [AT] "AT+CIPSEND=24" (13)
13:23:49  [AT] " S,121,608,000,165,P1,3C" (24)
13:23:49  [AT] "SEND OK" (7)
13:23:50  [TX] S,122,608,000,166,P1,3C
13:23:50  [SLOT] n=139 tx=23 ack=0 due=0 r=1
13:23:50  [AT] "AT+CIPSEND=24" (13)
13:23:50  [AT] " S,122,608,000,166,P1,3C" (24)
13:23:50  [AT] "SEND OK" (7)
13:23:51  [TX] S,123,60B,000,168,P1,49
13:23:51  [SLOT] n=140 tx=23 ack=0 due=0 r=1
13:23:51  [AT] "AT+CIPSEND=24" (13)
13:23:51  [AT] " S,123,60B,000,168,P1,49" (24)
13:23:51  [AT] "SEND OK" (7)
13:23:52  [TX] S,124,60B,000,169,P1,4F
13:23:52  [SLOT] n=141 tx=23 ack=0 due=0 r=1
13:23:52  [AT] "AT+CIPSEND=24" (13)
13:23:53  [AT] " S,124,60B,000,169,P1,4F" (24)
13:23:53  [AT] "SEND OK" (7)
13:23:53  [TX] S,125,60B,000,170,P1,46
13:23:53  [SLOT] n=142 tx=23 ack=0 due=0 r=1
13:23:53  [AT] "AT+CIPSEND=24" (13)
13:23:53  [AT] " S,125,60B,000,170,P1,46" (24)
13:23:53  [AT] "SEND OK" (7)
13:23:54  [TX] S,126,60B,000,171,P1,44
13:23:54  [SLOT] n=143 tx=23 ack=0 due=0 r=1
13:23:54  [AT] "AT+CIPSEND=24" (13)
13:23:55  [AT] " S,126,60B,000,171,P1,44" (24)
13:23:55  [AT] "SEND OK" (7)
13:23:56  [TX] S,127,60B,000,172,P1,46
13:23:56  [SLOT] n=144 tx=23 ack=0 due=0 r=1
13:23:56  [AT] "AT+CIPSEND=24" (13)
13:23:56  [AT] " S,127,60B,000,172,P1,46" (24)
13:23:56  [AT] "SEND OK" (7)
13:23:57  [TX] S,128,60B,000,174,P1,4F
13:23:57  [SLOT] n=145 tx=23 ack=0 due=0 r=1
13:23:57  [AT] "AT+CIPSEND=24" (13)
13:23:57  [AT] " S,128,60B,000,174,P1,4F" (24)
13:23:57  [AT] "SEND OK" (7)
13:23:58  [TX] S,129,60B,000,175,P1,4F
13:23:58  [SLOT] n=146 tx=23 ack=0 due=0 r=1
13:23:58  [AT] "AT+CIPSEND=24" (13)
13:23:58  [AT] " S,129,60B,000,175,P1,4F" (24)
13:23:58  [AT] "SEND OK" (7)
13:23:59  [TX] S,130,60A,000,176,P1,47
13:23:59  [SLOT] n=147 tx=23 ack=0 due=0 r=1
13:23:59  [AT] "AT+CIPSEND=24" (13)
13:23:59  [AT] " S,130,60A,000,176,P1,47" (24)
13:23:59  [AT] "SEND OK" (7)
13:24:00  [TX] S,131,60A,000,177,P1,47
13:24:00  [SLOT] n=148 tx=23 ack=0 due=0 r=1
13:24:00  [AT] "AT+CIPSEND=24" (13)
13:24:01  «tap» 살아있음 — 최근 60초 rx=7942B (이 줄이 끊기면 탭이 죽은 것이다)
13:24:01  [AT] " S,131,60A,000,177,P1,47" (24)
13:24:01  [AT] "SEND OK" (7)
13:24:02  [TX] S,132,60A,000,178,P1,4B
13:24:02  [SLOT] n=149 tx=23 ack=0 due=0 r=1
13:24:02  [AT] "AT+CIPSEND=24" (13)
13:24:02  [AT] " S,132,60A,000,178,P1,4B" (24)
13:24:02  [AT] "SEND OK" (7)
13:24:03  [TX] S,133,608,000,180,P1,34
13:24:03  [SLOT] n=150 tx=23 ack=0 due=0 r=1
13:24:03  [CNT] up=180 drop=0 esprst=0 resync=0 sendfail=0 okto=1 stuck=0 ackq=0 ackdrop=0 ackstale=0 slot=150 oow=0 smiss=0 ssovf=0 cksumng=0 okstream=133 penddrop=0 pendfill=134 bigfill=1 bigdrop=0 bigokst=1 oklost=0 bigoklost=0 skip=9 online=1
13:24:03  [RAM] 최저 여유 617 B · 프롬프트 재동기 0회 (서버의 '버린줄' 과 맞아야 한다)
13:24:03  [AT] "AT+CIPSEND=24" (13)
13:24:03  [AT] " S,133,608,000,180,P1,34" (24)
13:24:03  [AT] "SEND OK" (7)
13:24:04  [TX] S,134,608,000,181,P1,32
13:24:04  [SLOT] n=151 tx=23 ack=0 due=0 r=1
13:24:04  [AT] "AT+CIPSEND=24" (13)
13:24:04  [AT] " S,134,608,000,181,P1,32" (24)
13:24:04  [AT] "SEND OK" (7)
13:24:05  [TX] S,135,608,000,182,P1,30
13:24:05  [SLOT] n=152 tx=23 ack=0 due=0 r=1
13:24:05  [AT] "AT+CIPSEND=24" (13)
13:24:06  [AT] " S,135,608,000,182,P1,30" (24)
13:24:06  [AT] "SEND OK" (7)
13:24:06  [TX] S,136,608,000,183,P1,32
13:24:06  [SLOT] n=153 tx=23 ack=0 due=0 r=1
13:24:06  [AT] "AT+CIPSEND=24" (13)
13:24:07  [AT] " S,136,608,000,183,P1,32" (24)
13:24:07  [AT] "SEND OK" (7)
13:24:08  [TX] S,137,609,000,184,P1,35
13:24:08  [SLOT] n=154 tx=23 ack=0 due=0 r=1
13:24:08  [AT] "AT+CIPSEND=24" (13)
13:24:08  [AT] " S,137,609,000,184,P1,35" (24)
13:24:08  [AT] "SEND OK" (7)
13:24:09  [TX] S,138,609,000,186,P1,38
13:24:09  [SLOT] n=155 tx=23 ack=0 due=0 r=1
13:24:09  [AT] "AT+CIPSEND=24" (13)
13:24:09  [AT] " S,138,609,000,186,P1,38" (24)
13:24:09  [AT] "SEND OK" (7)
13:24:10  [TX] S,139,609,000,187,P1,38
13:24:10  [SLOT] n=156 tx=23 ack=0 due=0 r=1
13:24:10  [AT] "AT+CIPSEND=24" (13)
13:24:10  [AT] " S,139,609,000,187,P1,38" (24)
13:24:10  [AT] "SEND OK" (7)
13:24:11  [TX] S,140,609,000,188,P1,39
13:24:11  [SLOT] n=157 tx=23 ack=0 due=0 r=1
13:24:11  [AT] "AT+CIPSEND=24" (13)
13:24:11  [AT] " S,140,609,000,188,P1,39" (24)
13:24:11  [AT] "SEND OK" (7)
13:24:12  [TX] S,141,609,000,189,P1,39
13:24:12  [SLOT] n=158 tx=23 ack=0 due=0 r=1
13:24:12  [AT] "AT+CIPSEND=24" (13)
13:24:13  [AT] " S,141,609,000,189,P1,39" (24)
13:24:13  [AT] "SEND OK" (7)
13:24:14  [TX] S,142,609,000,190,P1,32
13:24:14  [SLOT] n=159 tx=23 ack=0 due=0 r=1
13:24:14  [AT] "AT+CIPSEND=24" (13)
13:24:14  [AT] " S,142,609,000,190,P1,32" (24)
13:24:14  [AT] "SEND OK" (7)
13:24:15  [TX] S,143,60B,000,192,P1,4A
13:24:15  [SLOT] n=160 tx=23 ack=0 due=0 r=1
13:24:15  [AT] "AT+CIPSEND=24" (13)
13:24:15  [AT] " S,143,60B,000,192,P1,4A" (24)
13:24:15  [AT] "SEND OK" (7)
13:24:16  [TX] S,144,60A,000,193,P1,4F
13:24:16  [SLOT] n=161 tx=23 ack=0 due=0 r=1
13:24:16  [AT] "AT+CIPSEND=24" (13)
13:24:16  [AT] " S,144,60A,000,193,P1,4F" (24)
13:24:16  [AT] "SEND OK" (7)
13:24:17  [TX] S,145,60A,000,194,P1,49
13:24:17  [SLOT] n=162 tx=23 ack=0 due=0 r=1
13:24:17  [AT] "AT+CIPSEND=24" (13)
13:24:17  [AT] " S,145,60A,000,194,P1,49" (24)
13:24:17  [AT] "SEND OK" (7)
13:24:18  [TX] S,146,60A,000,195,P1,4B
13:24:18  [SLOT] n=163 tx=23 ack=0 due=0 r=1
13:24:18  [AT] "AT+CIPSEND=24" (13)
13:24:19  [AT] " S,146,60A,000,195,P1,4B" (24)
13:24:19  [AT] "SEND OK" (7)
13:24:20  [TX] S,147,60A,000,196,P1,49
13:24:20  [SLOT] n=164 tx=23 ack=0 due=0 r=1
13:24:20  [AT] "AT+CIPSEND=24" (13)
13:24:20  [AT] " S,147,60A,000,196,P1,49" (24)
13:24:20  [AT] "SEND OK" (7)
13:24:21  [TX] S,148,60A,000,198,P1,48
13:24:21  [SLOT] n=165 tx=23 ack=0 due=0 r=1
13:24:21  [AT] "AT+CIPSEND=24" (13)
13:24:21  [AT] " S,148,60A,000,198,P1,48" (24)
13:24:21  [AT] "SEND OK" (7)
13:24:22  [TX] S,149,60A,000,199,P1,48
13:24:22  [SLOT] n=166 tx=23 ack=0 due=0 r=1
13:24:22  [AT] "AT+CIPSEND=24" (13)
13:24:22  [AT] " S,149,60A,000,199,P1,48" (24)
13:24:22  [AT] "SEND OK" (7)
13:24:23  [TX] S,150,60A,000,200,P1,43
13:24:23  [SLOT] n=167 tx=23 ack=0 due=0 r=1
13:24:23  [AT] "AT+CIPSEND=24" (13)
13:24:23  [AT] " S,150,60A,000,200,P1,43" (24)
13:24:23  [AT] "SEND OK" (7)
13:24:24  [TX] S,151,60B,000,201,P1,40
13:24:24  [SLOT] n=168 tx=23 ack=0 due=0 r=1
13:24:24  [AT] "AT+CIPSEND=24" (13)
13:24:25  [AT] " S,151,60B,000,201,P1,40" (24)
13:24:25  [AT] "SEND OK" (7)
13:24:26  [TX] S,152,60B,000,202,P1,40
13:24:26  [SLOT] n=169 tx=23 ack=0 due=0 r=1
13:24:26  [AT] "AT+CIPSEND=24" (13)
13:24:26  [AT] " S,152,60B,000,202,P1,40" (24)
13:24:26  [AT] "SEND OK" (7)
13:24:27  [TX] S,153,609,000,204,P1,3C
13:24:27  [SLOT] n=170 tx=23 ack=0 due=0 r=1
13:24:27  [AT] "AT+CIPSEND=24" (13)
13:24:27  [AT] " S,153,609,000,204,P1,3C" (24)
13:24:27  [AT] "SEND OK" (7)
13:24:28  [TX] S,154,609,000,205,P1,3A
13:24:28  [SLOT] n=171 tx=23 ack=0 due=0 r=1
13:24:28  [AT] "AT+CIPSEND=24" (13)
13:24:28  [AT] " S,154,609,000,205,P1,3A" (24)
13:24:28  [AT] "SEND OK" (7)
13:24:29  [TX] S,155,609,000,206,P1,38
13:24:29  [SLOT] n=172 tx=23 ack=0 due=0 r=1
13:24:29  [AT] "AT+CIPSEND=24" (13)
13:24:29  [AT] " S,155,609,000,206,P1,38" (24)
13:24:29  [AT] "SEND OK" (7)
13:24:30  [TX] S,156,609,000,207,P1,3A
13:24:30  [SLOT] n=173 tx=23 ack=0 due=0 r=1
13:24:30  [AT] "AT+CIPSEND=24" (13)
13:24:30  [AT] " S,156,609,000,207,P1,3A" (24)
13:24:30  [AT] "SEND OK" (7)
13:24:32  [TX] S,157,609,000,208,P1,34
13:24:32  [SLOT] n=174 tx=23 ack=0 due=0 r=1
13:24:32  [AT] "AT+CIPSEND=24" (13)
13:24:32  [AT] " S,157,609,000,208,P1,34" (24)
13:24:32  [AT] "SEND OK" (7)
13:24:33  [TX] S,158,608,000,210,P1,33
13:24:33  [SLOT] n=175 tx=23 ack=0 due=0 r=1
13:24:33  [AT] "AT+CIPSEND=24" (13)
13:24:33  [AT] " S,158,608,000,210,P1,33" (24)
13:24:33  [AT] "SEND OK" (7)
13:24:34  [TX] S,159,608,000,211,P1,33
13:24:34  [SLOT] n=176 tx=23 ack=0 due=0 r=1
13:24:34  [AT] "AT+CIPSEND=24" (13)
13:24:34  [AT] " S,159,608,000,211,P1,33" (24)
13:24:34  [AT] "SEND OK" (7)
13:24:35  [TX] S,160,608,000,212,P1,3A
13:24:35  [SLOT] n=177 tx=23 ack=0 due=0 r=1
13:24:35  [AT] "AT+CIPSEND=24" (13)
13:24:35  [AT] " S,160,608,000,212,P1,3A" (24)
13:24:35  [AT] "SEND OK" (7)
13:24:36  [TX] S,161,608,000,213,P1,3A
13:24:36  [SLOT] n=178 tx=23 ack=0 due=0 r=1
13:24:36  [AT] "AT+CIPSEND=24" (13)
13:24:36  [AT] " S,161,608,000,213,P1,3A" (24)
13:24:36  [AT] "SEND OK" (7)
13:24:38  [TX] S,162,608,000,214,P1,3E
13:24:38  [SLOT] n=179 tx=23 ack=0 due=0 r=1
13:24:38  [AT] "AT+CIPSEND=24" (13)
13:24:38  [AT] " S,162,608,000,214,P1,3E" (24)
13:24:38  [AT] "SEND OK" (7)
13:24:39  [TX] S,163,60A,000,216,P1,44
13:24:39  [SLOT] n=180 tx=23 ack=0 due=0 r=1
13:24:39  [AT] "AT+CIPSEND=24" (13)
13:24:39  [AT] " S,163,60A,000,216,P1,44" (24)
13:24:39  [AT] "SEND OK" (7)
13:24:40  [TX] S,164,60A,000,217,P1,42
13:24:40  [SLOT] n=181 tx=23 ack=0 due=0 r=1
13:24:40  [AT] "AT+CIPSEND=24" (13)
13:24:40  [AT] " S,164,60A,000,217,P1,42" (24)
13:24:40  [AT] "SEND OK" (7)
13:24:41  [TX] S,165,60B,000,218,P1,4F
13:24:41  [SLOT] n=182 tx=23 ack=0 due=0 r=1
13:24:41  [AT] "AT+CIPSEND=24" (13)
13:24:41  [AT] " S,165,60B,000,218,P1,4F" (24)
13:24:41  [AT] "SEND OK" (7)
13:24:42  [TX] S,166,60B,000,219,P1,4D
13:24:42  [SLOT] n=183 tx=23 ack=0 due=0 r=1
13:24:42  [AT] "AT+CIPSEND=24" (13)
13:24:42  [AT] " S,166,60B,000,219,P1,4D" (24)
13:24:42  [AT] "SEND OK" (7)
13:24:44  [TX] S,167,60B,000,220,P1,46
13:24:44  [SLOT] n=184 tx=23 ack=0 due=0 r=1
13:24:44  [AT] "AT+CIPSEND=24" (13)
13:24:44  [AT] " S,167,60B,000,220,P1,46" (24)
13:24:44  [AT] "SEND OK" (7)
13:24:45  [TX] S,168,60B,000,222,P1,4B
13:24:45  [SLOT] n=185 tx=23 ack=0 due=0 r=1
13:24:45  [AT] "AT+CIPSEND=24" (13)
13:24:45  [AT] " S,168,60B,000,222,P1,4B" (24)
13:24:45  [AT] "SEND OK" (7)
13:24:46  [TX] S,169,60B,000,223,P1,4B
13:24:46  [SLOT] n=186 tx=23 ack=0 due=0 r=1
13:24:46  [AT] "AT+CIPSEND=24" (13)
13:24:46  [AT] " S,169,60B,000,223,P1,4B" (24)
13:24:46  [AT] "SEND OK" (7)
13:24:47  [TX] S,170,60B,000,224,P1,44
13:24:47  [SLOT] n=187 tx=23 ack=0 due=0 r=1
13:24:47  [AT] "AT+CIPSEND=24" (13)
13:24:47  [AT] " S,170,60B,000,224,P1,44" (24)
13:24:47  [AT] "SEND OK" (7)
13:24:48  [TX] S,171,60B,000,225,P1,44
13:24:48  [SLOT] n=188 tx=23 ack=0 due=0 r=1
13:24:48  [AT] "AT+CIPSEND=24" (13)
13:24:48  [AT] " S,171,60B,000,225,P1,44" (24)
13:24:48  [AT] "SEND OK" (7)
13:24:50  [TX] S,172,60A,000,226,P1,47
13:24:50  [SLOT] n=189 tx=23 ack=0 due=0 r=1
13:24:50  [AT] "AT+CIPSEND=24" (13)
13:24:50  [AT] " S,172,60A,000,226,P1,47" (24)
13:24:50  [AT] "SEND OK" (7)
13:24:51  [TX] S,173,608,000,228,P1,31
13:24:51  [SLOT] n=190 tx=23 ack=0 due=0 r=1
13:24:51  [AT] "AT+CIPSEND=24" (13)
13:24:51  [AT] " S,173,608,000,228,P1,31" (24)
13:24:51  [AT] "SEND OK" (7)
13:24:52  [TX] S,174,608,000,229,P1,37
13:24:52  [SLOT] n=191 tx=23 ack=0 due=0 r=1
13:24:52  [AT] "AT+CIPSEND=24" (13)
13:24:52  [AT] " S,174,608,000,229,P1,37" (24)
13:24:52  [AT] "SEND OK" (7)
13:24:53  [TX] S,175,608,000,230,P1,3E
13:24:53  [SLOT] n=192 tx=23 ack=0 due=0 r=1
13:24:53  [AT] "AT+CIPSEND=24" (13)
13:24:53  [AT] " S,175,608,000,230,P1,3E" (24)
13:24:53  [AT] "SEND OK" (7)
13:24:54  [TX] S,176,608,000,231,P1,3C
13:24:54  [SLOT] n=193 tx=23 ack=0 due=0 r=1
13:24:54  [AT] "AT+CIPSEND=24" (13)
13:24:55  [AT] " S,176,608,000,231,P1,3C" (24)
13:24:55  [AT] "SEND OK" (7)
13:24:56  [TX] S,177,608,000,232,P1,3E
13:24:56  [SLOT] n=194 tx=23 ack=0 due=0 r=1
13:24:56  [AT] "AT+CIPSEND=24" (13)
13:24:56  [AT] " S,177,608,000,232,P1,3E" (24)
13:24:56  [AT] "SEND OK" (7)
13:24:57  [TX] S,178,608,000,234,P1,37
13:24:57  [SLOT] n=195 tx=23 ack=0 due=0 r=1
13:24:57  [AT] "AT+CIPSEND=24" (13)
13:24:57  [AT] " S,178,608,000,234,P1,37" (24)
13:24:57  [AT] "SEND OK" (7)
13:24:58  [TX] S,179,609,000,235,P1,36
13:24:58  [SLOT] n=196 tx=23 ack=0 due=0 r=1
13:24:58  [AT] "AT+CIPSEND=24" (13)
13:24:58  [AT] " S,179,609,000,235,P1,36" (24)
13:24:58  [AT] "SEND OK" (7)
13:24:59  [TX] S,180,609,000,236,P1,33
13:24:59  [SLOT] n=197 tx=23 ack=0 due=0 r=1
13:24:59  [AT] "AT+CIPSEND=24" (13)
13:24:59  [AT] " S,180,609,000,236,P1,33" (24)
13:24:59  [AT] "SEND OK" (7)
13:25:00  [TX] S,181,609,000,237,P1,33
13:25:00  [SLOT] n=198 tx=23 ack=0 due=0 r=1
13:25:00  [AT] "AT+CIPSEND=24" (13)
13:25:01  «tap» 살아있음 — 최근 60초 rx=7891B (이 줄이 끊기면 탭이 죽은 것이다)
13:25:01  [AT] " S,181,609,000,237,P1,33" (24)
13:25:01  [AT] "SEND OK" (7)
13:25:02  [TX] S,182,609,000,238,P1,3F
13:25:02  [SLOT] n=199 tx=23 ack=0 due=0 r=1
13:25:02  [AT] "AT+CIPSEND=24" (13)
13:25:02  [AT] " S,182,609,000,238,P1,3F" (24)
13:25:02  [AT] "SEND OK" (7)
13:25:03  [TX] S,183,60B,000,240,P1,4A
13:25:03  [SLOT] n=200 tx=23 ack=0 due=0 r=1
13:25:03  [CNT] up=240 drop=0 esprst=0 resync=0 sendfail=0 okto=1 stuck=0 ackq=0 ackdrop=0 ackstale=0 slot=200 oow=0 smiss=0 ssovf=0 cksumng=0 okstream=183 penddrop=0 pendfill=184 bigfill=1 bigdrop=0 bigokst=1 oklost=0 bigoklost=0 skip=9 online=1
13:25:03  [RAM] 최저 여유 617 B · 프롬프트 재동기 0회 (서버의 '버린줄' 과 맞아야 한다)
13:25:03  [AT] "AT+CIPSEND=24" (13)
13:25:03  [AT] " S,183,60B,000,240,P1,4A" (24)
13:25:03  [AT] "SEND OK" (7)
13:25:04  [TX] S,184,60B,000,241,P1,4C
13:25:04  [SLOT] n=201 tx=23 ack=0 due=0 r=1
13:25:04  [AT] "AT+CIPSEND=24" (13)
13:25:04  [AT] " S,184,60B,000,241,P1,4C" (24)
13:25:04  [AT] "SEND OK" (7)
13:25:05  [TX] S,185,60B,000,242,P1,4E
13:25:05  [SLOT] n=202 tx=23 ack=0 due=0 r=1
13:25:05  [AT] "AT+CIPSEND=24" (13)
13:25:05  [AT] " S,185,60B,000,242,P1,4E" (24)
13:25:05  [AT] "SEND OK" (7)
13:25:06  [TX] S,186,60A,000,243,P1,4F
13:25:06  [SLOT] n=203 tx=23 ack=0 due=0 r=1
13:25:06  [AT] "AT+CIPSEND=24" (13)
13:25:06  [AT] " S,186,60A,000,243,P1,4F" (24)
13:25:06  [AT] "SEND OK" (7)
13:25:08  [TX] S,187,60A,000,244,P1,49
13:25:08  [SLOT] n=204 tx=23 ack=0 due=0 r=1
13:25:08  [AT] "AT+CIPSEND=24" (13)
13:25:08  [AT] " S,187,60A,000,244,P1,49" (24)
13:25:08  [AT] "SEND OK" (7)
13:25:09  [TX] S,188,60A,000,246,P1,44
13:25:09  [SLOT] n=205 tx=23 ack=0 due=0 r=1
13:25:09  [AT] "AT+CIPSEND=24" (13)
13:25:09  [AT] " S,188,60A,000,246,P1,44" (24)
13:25:09  [AT] "SEND OK" (7)
13:25:10  [TX] S,189,60A,000,247,P1,44
13:25:10  [SLOT] n=206 tx=23 ack=0 due=0 r=1
13:25:10  [AT] "AT+CIPSEND=24" (13)
13:25:10  [AT] " S,189,60A,000,247,P1,44" (24)
13:25:10  [AT] "SEND OK" (7)
13:25:11  [TX] S,190,60A,000,248,P1,43
13:25:11  [SLOT] n=207 tx=23 ack=0 due=0 r=1
13:25:11  [AT] "AT+CIPSEND=24" (13)
13:25:11  [AT] " S,190,60A,000,248,P1,43" (24)
13:25:11  [AT] "SEND OK" (7)
13:25:12  [TX] S,191,60A,000,249,P1,43
13:25:12  [SLOT] n=208 tx=23 ack=0 due=0 r=1
13:25:12  [AT] "AT+CIPSEND=24" (13)
13:25:12  [AT] " S,191,60A,000,249,P1,43" (24)
13:25:12  [AT] "SEND OK" (7)
13:25:14  [TX] S,192,60A,000,250,P1,48
13:25:14  [SLOT] n=209 tx=23 ack=0 due=0 r=1
13:25:14  [AT] "AT+CIPSEND=24" (13)
13:25:14  [AT] " S,192,60A,000,250,P1,48" (24)
13:25:14  [AT] "SEND OK" (7)
13:25:15  [TX] S,193,609,000,252,P1,33
13:25:15  [SLOT] n=210 tx=23 ack=0 due=0 r=1
13:25:15  [AT] "AT+CIPSEND=24" (13)
13:25:16  [TX-WAIT] 앞 전송의 SEND OK 를 아직 못 봤다 — 이번 주기는 건너뛴다
13:25:16  [SLOT] n=211 tx=23 ack=0 due=0 r=0
13:25:16  [AT] " S,193,609,000,252,P1,33" (24)
13:25:16  [AT] "SEND OK" (7)
13:25:17  [TX] S,194,609,000,254,P1,32
13:25:17  [SLOT] n=212 tx=23 ack=0 due=0 r=1
13:25:17  [AT] "AT+CIPSEND=24" (13)
13:25:17  [AT] " S,194,609,000,254,P1,32" (24)
13:25:17  [AT] "SEND OK" (7)
13:25:18  [TX] S,195,609,000,255,P1,32
13:25:18  [SLOT] n=213 tx=23 ack=0 due=0 r=1
13:25:18  [AT] "AT+CIPSEND=24" (13)
13:25:18  [AT] " S,195,609,000,255,P1,32" (24)
13:25:18  [AT] "SEND OK" (7)
13:25:20  [TX] S,196,609,000,256,P1,32
13:25:20  [SLOT] n=214 tx=23 ack=0 due=0 r=1
13:25:20  [AT] "AT+CIPSEND=24" (13)
13:25:20  [AT] " S,196,609,000,256,P1,32" (24)
13:25:20  [AT] "SEND OK" (7)
13:25:21  [TX] S,197,609,000,258,P1,3D
13:25:21  [SLOT] n=215 tx=23 ack=0 due=0 r=1
13:25:21  [AT] "AT+CIPSEND=24" (13)
13:25:21  [AT] " S,197,609,000,258,P1,3D" (24)
13:25:21  [AT] "SEND OK" (7)
13:25:22  [TX] S,198,609,000,259,P1,33
13:25:22  [SLOT] n=216 tx=23 ack=0 due=0 r=1
13:25:22  [AT] "AT+CIPSEND=24" (13)
13:25:22  [AT] " S,198,609,000,259,P1,33" (24)
13:25:22  [AT] "SEND OK" (7)
13:25:23  [TX] S,199,608,000,260,P1,39
13:25:23  [SLOT] n=217 tx=23 ack=0 due=0 r=1
13:25:23  [AT] "AT+CIPSEND=24" (13)
13:25:23  [AT] " S,199,608,000,260,P1,39" (24)
13:25:23  [AT] "SEND OK" (7)
13:25:24  [TX] S,200,608,000,261,P1,3B
13:25:24  [SLOT] n=218 tx=23 ack=0 due=0 r=1
13:25:24  [AT] "AT+CIPSEND=24" (13)
13:25:24  [AT] " S,200,608,000,261,P1,3B" (24)
13:25:24  [AT] "SEND OK" (7)
13:25:26  [TX] S,201,608,000,262,P1,39
13:25:26  [SLOT] n=219 tx=23 ack=0 due=0 r=1
13:25:26  [AT] "AT+CIPSEND=24" (13)
13:25:26  [AT] " S,201,608,000,262,P1,39" (24)
13:25:26  [AT] "SEND OK" (7)
13:25:27  [TX] S,202,60A,000,264,P1,45
13:25:27  [SLOT] n=220 tx=23 ack=0 due=0 r=1
13:25:27  [AT] "AT+CIPSEND=24" (13)
13:25:27  [AT] " S,202,60A,000,264,P1,45" (24)
13:25:27  [AT] "SEND OK" (7)
13:25:28  [TX] S,203,60A,000,265,P1,45
13:25:28  [SLOT] n=221 tx=23 ack=0 due=0 r=1
13:25:28  [AT] "AT+CIPSEND=24" (13)
13:25:28  [AT] " S,203,60A,000,265,P1,45" (24)
13:25:28  [AT] "SEND OK" (7)
13:25:29  [TX] S,204,60A,000,266,P1,41
13:25:29  [SLOT] n=222 tx=23 ack=0 due=0 r=1
13:25:29  [AT] "AT+CIPSEND=24" (13)
13:25:30  [TX-WAIT] 앞 전송의 SEND OK 를 아직 못 봤다 — 이번 주기는 건너뛴다
13:25:30  [SLOT] n=223 tx=23 ack=0 due=0 r=0
13:25:30  [AT] " S,204,60A,000,266,P1,41" (24)
13:25:30  [AT] "SEND OK" (7)
13:25:32  [TX] S,205,60B,000,268,P1,4D
13:25:32  [SLOT] n=224 tx=23 ack=0 due=0 r=1
13:25:32  [AT] "AT+CIPSEND=24" (13)
13:25:32  [AT] " S,205,60B,000,268,P1,4D" (24)
13:25:32  [AT] "SEND OK" (7)
13:25:33  [TX] S,206,60B,000,270,P1,47
13:25:33  [SLOT] n=225 tx=23 ack=0 due=0 r=1
13:25:33  [AT] "AT+CIPSEND=24" (13)
13:25:33  [AT] " S,206,60B,000,270,P1,47" (24)
13:25:33  [AT] "SEND OK" (7)
13:25:34  [TX] S,207,60B,000,271,P1,47
13:25:34  [SLOT] n=226 tx=23 ack=0 due=0 r=1
13:25:34  [AT] "AT+CIPSEND=24" (13)
13:25:34  [AT] " S,207,60B,000,271,P1,47" (24)
13:25:34  [AT] "SEND OK" (7)
13:25:35  [TX] S,208,60B,000,272,P1,4B
13:25:35  [SLOT] n=227 tx=23 ack=0 due=0 r=1
13:25:35  [AT] "AT+CIPSEND=24" (13)
13:25:35  [AT] " S,208,60B,000,272,P1,4B" (24)
13:25:35  [AT] "SEND OK" (7)
13:25:37  [TX] S,209,60B,000,273,P1,4B
13:25:37  [SLOT] n=228 tx=23 ack=0 due=0 r=1
13:25:37  [AT] "AT+CIPSEND=24" (13)
13:25:37  [AT] " S,209,60B,000,273,P1,4B" (24)
13:25:37  [AT] "SEND OK" (7)
13:25:39  [TX] S,210,60B,000,274,P1,44
13:25:39  [SLOT] n=229 tx=23 ack=0 due=0 r=1
13:25:39  [AT] "AT+CIPSEND=24" (13)
13:25:39  [AT] " S,210,60B,000,274,P1,44" (24)
13:25:39  [AT] "SEND OK" (7)
13:25:40  [TX] S,211,609,000,276,P1,3C
13:25:40  [SLOT] n=230 tx=23 ack=0 due=0 r=1
13:25:40  [AT] "AT+CIPSEND=24" (13)
13:25:40  [AT] " S,211,609,000,276,P1,3C" (24)
13:25:40  [AT] "SEND OK" (7)
13:25:41  [TX] S,212,608,000,277,P1,3F
13:25:41  [SLOT] n=231 tx=23 ack=0 due=0 r=1
13:25:41  [AT] "AT+CIPSEND=24" (13)
13:25:41  [AT] " S,212,608,000,277,P1,3F" (24)
13:25:41  [AT] "SEND OK" (7)
13:25:42  [TX] S,213,608,000,278,P1,31
13:25:42  [SLOT] n=232 tx=23 ack=0 due=0 r=1
13:25:42  [AT] "AT+CIPSEND=24" (13)
13:25:42  [AT] " S,213,608,000,278,P1,31" (24)
13:25:42  [AT] "SEND OK" (7)
13:25:43  [TX] S,214,608,000,279,P1,37
13:25:43  [SLOT] n=233 tx=23 ack=0 due=0 r=1
13:25:43  [AT] "AT+CIPSEND=24" (13)
13:25:43  [AT] " S,214,608,000,279,P1,37" (24)
13:25:43  [AT] "SEND OK" (7)
13:25:45  [TX] S,215,608,000,280,P1,30
13:25:45  [SLOT] n=234 tx=23 ack=0 due=0 r=1
13:25:45  [AT] "AT+CIPSEND=24" (13)
13:25:45  [AT] " S,215,608,000,280,P1,30" (24)
13:25:45  [AT] "SEND OK" (7)
13:25:46  [TX] S,216,608,000,282,P1,31
13:25:46  [SLOT] n=235 tx=23 ack=0 due=0 r=1
13:25:46  [AT] "AT+CIPSEND=24" (13)
13:25:46  [AT] " S,216,608,000,282,P1,31" (24)
13:25:46  [AT] "SEND OK" (7)
13:25:47  [TX] S,217,608,000,283,P1,31
13:25:47  [SLOT] n=236 tx=23 ack=0 due=0 r=1
13:25:47  [AT] "AT+CIPSEND=24" (13)
13:25:48  [AT] " S,217,608,000,283,P1,31" (24)
13:25:48  [AT] "SEND OK" (7)
13:25:48  [TX] S,218,608,000,284,P1,39
13:25:48  [SLOT] n=237 tx=23 ack=0 due=0 r=1
13:25:48  [AT] "AT+CIPSEND=24" (13)
13:25:48  [AT] " S,218,608,000,284,P1,39" (24)
13:25:48  [AT] "SEND OK" (7)
13:25:49  [TX] S,219,609,000,285,P1,38
13:25:49  [SLOT] n=238 tx=23 ack=0 due=0 r=1
13:25:49  [AT] "AT+CIPSEND=24" (13)
13:25:49  [AT] " S,219,609,000,285,P1,38" (24)
13:25:49  [AT] "SEND OK" (7)
13:25:51  [TX] S,220,609,000,286,P1,31
13:25:51  [SLOT] n=239 tx=23 ack=0 due=0 r=1
13:25:51  [AT] "AT+CIPSEND=24" (13)
13:25:51  [AT] " S,220,609,000,286,P1,31" (24)
13:25:51  [AT] "SEND OK" (7)
13:25:52  [TX] S,221,60B,000,288,P1,45
13:25:52  [SLOT] n=240 tx=23 ack=0 due=0 r=1
13:25:52  [AT] "AT+CIPSEND=24" (13)
13:25:52  [AT] " S,221,60B,000,288,P1,45" (24)
13:25:52  [AT] "SEND OK" (7)
13:25:53  [TX] S,222,60B,000,289,P1,47
13:25:53  [SLOT] n=241 tx=23 ack=0 due=0 r=1
13:25:53  [AT] "AT+CIPSEND=24" (13)
13:25:53  [AT] " S,222,60B,000,289,P1,47" (24)
13:25:53  [AT] "SEND OK" (7)
13:25:54  [TX] S,223,60B,000,290,P1,4E
13:25:54  [SLOT] n=242 tx=23 ack=0 due=0 r=1
13:25:54  [AT] "AT+CIPSEND=24" (13)
13:25:54  [AT] " S,223,60B,000,290,P1,4E" (24)
13:25:54  [AT] "SEND OK" (7)
13:25:55  [TX] S,224,60B,000,291,P1,48
13:25:55  [SLOT] n=243 tx=23 ack=0 due=0 r=1
13:25:55  [AT] "AT+CIPSEND=24" (13)
13:25:55  [AT] " S,224,60B,000,291,P1,48" (24)
13:25:55  [AT] "SEND OK" (7)
13:25:57  [TX] S,225,60B,000,292,P1,4A
13:25:57  [SLOT] n=244 tx=23 ack=0 due=0 r=1
13:25:57  [AT] "AT+CIPSEND=24" (13)
13:25:57  [AT] " S,225,60B,000,292,P1,4A" (24)
13:25:57  [AT] "SEND OK" (7)
13:25:58  [TX] S,226,60A,000,294,P1,4C
13:25:58  [SLOT] n=245 tx=23 ack=0 due=0 r=1
13:25:58  [AT] "AT+CIPSEND=24" (13)
13:25:58  [AT] " S,226,60A,000,294,P1,4C" (24)
13:25:58  [AT] "SEND OK" (7)
13:25:59  [TX] S,227,60A,000,295,P1,4C
13:25:59  [SLOT] n=246 tx=23 ack=0 due=0 r=1
13:25:59  [AT] "AT+CIPSEND=24" (13)
13:25:59  [AT] " S,227,60A,000,295,P1,4C" (24)
13:25:59  [AT] "SEND OK" (7)
13:26:00  [TX] S,228,60A,000,296,P1,40
13:26:00  [SLOT] n=247 tx=23 ack=0 due=0 r=1
13:26:00  [AT] "AT+CIPSEND=24" (13)
13:26:00  [AT] " S,228,60A,000,296,P1,40" (24)
13:26:00  [AT] "SEND OK" (7)
13:26:01  [TX] S,229,60A,000,297,P1,40
13:26:01  [SLOT] n=248 tx=23 ack=0 due=0 r=1
13:26:01  [AT] "AT+CIPSEND=24" (13)
13:26:01  [AT] " S,229,60A,000,297,P1,40" (24)
13:26:01  [AT] "SEND OK" (7)
13:26:02  «tap» 살아있음 — 최근 60초 rx=7897B (이 줄이 끊기면 탭이 죽은 것이다)
13:26:02  [TX] S,230,60A,000,298,P1,47
13:26:03  [SLOT] n=249 tx=23 ack=0 due=0 r=1
13:26:03  [AT] "AT+CIPSEND=24" (13)
13:26:03  [AT] " S,230,60A,000,298,P1,47" (24)
13:26:03  [AT] "SEND OK" (7)
13:26:04  [TX] S,231,608,000,300,P1,3F
13:26:04  [SLOT] n=250 tx=23 ack=0 due=0 r=1
13:26:04  [CNT] up=300 drop=0 esprst=0 resync=0 sendfail=0 okto=1 stuck=0 ackq=0 ackdrop=0 ackstale=0 slot=250 oow=0 smiss=0 ssovf=0 cksumng=0 okstream=231 penddrop=0 pendfill=232 bigfill=1 bigdrop=0 bigokst=1 oklost=0 bigoklost=0 skip=11 online=1
13:26:04  [RAM] 최저 여유 617 B · 프롬프트 재동기 0회 (서버의 '버린줄' 과 맞아야 한다)
13:26:04  [AT] "AT+CIPSEND=24" (13)
13:26:04  [AT] " S,231,608,000,300,P1,3F" (24)
13:26:04  [AT] "SEND OK" (7)
13:26:05  [TX] S,232,608,000,301,P1,3D
13:26:05  [SLOT] n=251 tx=23 ack=0 due=0 r=1
13:26:05  [AT] "AT+CIPSEND=24" (13)
13:26:05  [AT] " S,232,608,000,301,P1,3D" (24)
13:26:05  [AT] "SEND OK" (7)
13:26:06  [TX] S,233,609,000,302,P1,3E
13:26:06  [SLOT] n=252 tx=23 ack=0 due=0 r=1
13:26:06  [AT] "AT+CIPSEND=24" (13)
13:26:06  [AT] " S,233,609,000,302,P1,3E" (24)
13:26:06  [AT] "SEND OK" (7)
13:26:07  [TX] S,234,609,000,303,P1,38
13:26:07  [SLOT] n=253 tx=23 ack=0 due=0 r=1
13:26:07  [AT] "AT+CIPSEND=24" (13)
13:26:07  [AT] " S,234,609,000,303,P1,38" (24)
13:26:07  [AT] "SEND OK" (7)
13:26:08  [TX] S,235,609,000,304,P1,3E
13:26:08  [SLOT] n=254 tx=23 ack=0 due=0 r=1
13:26:08  [AT] "AT+CIPSEND=24" (13)
13:26:09  [AT] " S,235,609,000,304,P1,3E" (24)
13:26:09  [AT] "SEND OK" (7)
13:26:10  [TX] S,236,609,000,306,P1,3F
13:26:10  [SLOT] n=255 tx=23 ack=0 due=0 r=1
13:26:10  [AT] "AT+CIPSEND=24" (13)
13:26:10  [AT] " S,236,609,000,306,P1,3F" (24)
13:26:10  [AT] "SEND OK" (7)
13:26:11  [TX] S,237,609,000,307,P1,3F
13:26:11  [SLOT] n=256 tx=23 ack=0 due=0 r=1
13:26:11  [AT] "AT+CIPSEND=24" (13)
13:26:11  [AT] " S,237,609,000,307,P1,3F" (24)
13:26:11  [AT] "SEND OK" (7)
13:26:12  [TX] S,238,609,000,308,P1,3F
13:26:12  [SLOT] n=257 tx=23 ack=0 due=0 r=1
13:26:12  [AT] "AT+CIPSEND=24" (13)
13:26:12  [AT] " S,238,609,000,308,P1,3F" (24)
13:26:12  [AT] "SEND OK" (7)
13:26:13  [TX] S,239,609,000,309,P1,3F
13:26:13  [SLOT] n=258 tx=23 ack=0 due=0 r=1
13:26:13  [AT] "AT+CIPSEND=24" (13)
13:26:13  [AT] " S,239,609,000,309,P1,3F" (24)
13:26:13  [AT] "SEND OK" (7)
13:26:14  [TX] S,240,608,000,310,P1,38
13:26:14  [SLOT] n=259 tx=23 ack=0 due=0 r=1
13:26:14  [AT] "AT+CIPSEND=24" (13)
13:26:15  [AT] " S,240,608,000,310,P1,38" (24)
13:26:15  [AT] "SEND OK" (7)
13:26:16  [TX] S,241,60A,000,312,P1,42
13:26:16  [SLOT] n=260 tx=23 ack=0 due=0 r=1
13:26:16  [AT] "AT+CIPSEND=24" (13)
13:26:16  [AT] " S,241,60A,000,312,P1,42" (24)
13:26:16  [AT] "SEND OK" (7)
13:26:17  [TX] S,242,60A,000,313,P1,40
13:26:17  [SLOT] n=261 tx=23 ack=0 due=0 r=1
13:26:17  [AT] "AT+CIPSEND=24" (13)
13:26:17  [AT] " S,242,60A,000,313,P1,40" (24)
13:26:17  [AT] "SEND OK" (7)
13:26:18  [TX] S,243,60A,000,314,P1,46
13:26:18  [SLOT] n=262 tx=23 ack=0 due=0 r=1
13:26:18  [AT] "AT+CIPSEND=24" (13)
13:26:18  [AT] " S,243,60A,000,314,P1,46" (24)
13:26:18  [AT] "SEND OK" (7)
13:26:19  [TX] S,244,60A,000,315,P1,40
13:26:19  [SLOT] n=263 tx=23 ack=0 due=0 r=1
13:26:19  [AT] "AT+CIPSEND=24" (13)
13:26:19  [AT] " S,244,60A,000,315,P1,40" (24)
13:26:19  [AT] "SEND OK" (7)
13:26:20  [TX] S,245,60A,000,316,P1,42
13:26:20  [SLOT] n=264 tx=23 ack=0 due=0 r=1
13:26:20  [AT] "AT+CIPSEND=24" (13)
13:26:21  [AT] " S,245,60A,000,316,P1,42" (24)
13:26:21  [AT] "SEND OK" (7)
13:26:22  [TX] S,246,60A,000,318,P1,4F
13:26:22  [SLOT] n=265 tx=23 ack=0 due=0 r=1
13:26:22  [AT] "AT+CIPSEND=24" (13)
13:26:22  [AT] " S,246,60A,000,318,P1,4F" (24)
13:26:22  [AT] "SEND OK" (7)
13:26:23  [TX] S,247,60B,000,319,P1,4C
13:26:23  [SLOT] n=266 tx=23 ack=0 due=0 r=1
13:26:23  [AT] "AT+CIPSEND=24" (13)
13:26:23  [AT] " S,247,60B,000,319,P1,4C" (24)
13:26:23  [AT] "SEND OK" (7)
13:26:24  [TX] S,248,60B,000,320,P1,49
13:26:24  [SLOT] n=267 tx=23 ack=0 due=0 r=1
13:26:24  [AT] "AT+CIPSEND=24" (13)
13:26:24  [AT] " S,248,60B,000,320,P1,49" (24)
13:26:24  [AT] "SEND OK" (7)
13:26:25  [TX] S,249,60B,000,321,P1,49
13:26:25  [SLOT] n=268 tx=23 ack=0 due=0 r=1
13:26:25  [AT] "AT+CIPSEND=24" (13)
13:26:25  [AT] " S,249,60B,000,321,P1,49" (24)
13:26:25  [AT] "SEND OK" (7)
13:26:26  [TX] S,250,60B,000,322,P1,42
13:26:26  [SLOT] n=269 tx=23 ack=0 due=0 r=1
13:26:26  [AT] "AT+CIPSEND=24" (13)
13:26:27  [AT] " S,250,60B,000,322,P1,42" (24)
13:26:27  [AT] "SEND OK" (7)
13:26:28  [TX] S,251,609,000,324,P1,3E
13:26:28  [SLOT] n=270 tx=23 ack=0 due=0 r=1
13:26:28  [AT] "AT+CIPSEND=24" (13)
13:26:28  [AT] " S,251,609,000,324,P1,3E" (24)
13:26:28  [AT] "SEND OK" (7)
13:26:29  [TX] S,252,609,000,325,P1,3C
13:26:29  [SLOT] n=271 tx=23 ack=0 due=0 r=1
13:26:29  [AT] "AT+CIPSEND=24" (13)
13:26:29  [AT] " S,252,609,000,325,P1,3C" (24)
13:26:29  [AT] "SEND OK" (7)
13:26:30  [TX] S,253,609,000,326,P1,3E
13:26:30  [SLOT] n=272 tx=23 ack=0 due=0 r=1
13:26:30  [AT] "AT+CIPSEND=24" (13)
13:26:30  [AT] " S,253,609,000,326,P1,3E" (24)
13:26:30  [AT] "SEND OK" (7)
13:26:31  [TX] S,254,608,000,327,P1,39
13:26:31  [SLOT] n=273 tx=23 ack=0 due=0 r=1
13:26:31  [AT] "AT+CIPSEND=24" (13)
13:26:31  [AT] " S,254,608,000,327,P1,39" (24)
13:26:31  [AT] "SEND OK" (7)
13:26:32  [TX] S,255,608,000,328,P1,37
13:26:32  [SLOT] n=274 tx=23 ack=0 due=0 r=1
13:26:32  [AT] "AT+CIPSEND=24" (13)
13:26:33  [AT] " S,255,608,000,328,P1,37" (24)
13:26:33  [AT] "SEND OK" (7)
13:26:34  [TX] S,256,608,000,330,P1,3D
13:26:34  [SLOT] n=275 tx=23 ack=0 due=0 r=1
13:26:34  [AT] "AT+CIPSEND=24" (13)
13:26:34  [AT] " S,256,608,000,330,P1,3D" (24)
13:26:34  [AT] "SEND OK" (7)
13:26:35  [TX] S,257,608,000,331,P1,3D
13:26:35  [SLOT] n=276 tx=23 ack=0 due=0 r=1
13:26:35  [AT] "AT+CIPSEND=24" (13)
13:26:35  [AT] " S,257,608,000,331,P1,3D" (24)
13:26:35  [AT] "SEND OK" (7)
13:26:36  [TX] S,258,608,000,332,P1,31
13:26:36  [SLOT] n=277 tx=23 ack=0 due=0 r=1
13:26:36  [AT] "AT+CIPSEND=24" (13)
13:26:36  [AT] " S,258,608,000,332,P1,31" (24)
13:26:36  [AT] "SEND OK" (7)
13:26:37  [TX] S,259,608,000,333,P1,31
13:26:37  [SLOT] n=278 tx=23 ack=0 due=0 r=1
13:26:37  [AT] "AT+CIPSEND=24" (13)
13:26:37  [AT] " S,259,608,000,333,P1,31" (24)
13:26:37  [AT] "SEND OK" (7)
13:26:38  [TX] S,260,608,000,334,P1,3C
13:26:38  [SLOT] n=279 tx=23 ack=0 due=0 r=1
13:26:38  [AT] "AT+CIPSEND=24" (13)
13:26:39  [AT] " S,260,608,000,334,P1,3C" (24)
13:26:39  [AT] "SEND OK" (7)
13:26:40  [TX] S,261,60B,000,336,P1,45
13:26:40  [SLOT] n=280 tx=23 ack=0 due=0 r=1
13:26:40  [AT] "AT+CIPSEND=24" (13)
13:26:40  [AT] " S,261,60B,000,336,P1,45" (24)
13:26:40  [AT] "SEND OK" (7)
13:26:41  [TX] S,262,60B,000,337,P1,47
13:26:41  [SLOT] n=281 tx=23 ack=0 due=0 r=1
13:26:41  [AT] "AT+CIPSEND=24" (13)
13:26:41  [AT] " S,262,60B,000,337,P1,47" (24)
13:26:41  [AT] "SEND OK" (7)
13:26:42  [TX] S,263,60B,000,338,P1,49
13:26:42  [SLOT] n=282 tx=23 ack=0 due=0 r=1
13:26:42  [AT] "AT+CIPSEND=24" (13)
13:26:42  [AT] " S,263,60B,000,338,P1,49" (24)
13:26:42  [AT] "SEND OK" (7)
13:26:43  [TX] S,264,60B,000,339,P1,4F
13:26:43  [SLOT] n=283 tx=23 ack=0 due=0 r=1
13:26:43  [AT] "AT+CIPSEND=24" (13)
13:26:43  [AT] " S,264,60B,000,339,P1,4F" (24)
13:26:43  [AT] "SEND OK" (7)
13:26:44  [TX] S,265,60B,000,340,P1,40
13:26:44  [SLOT] n=284 tx=23 ack=0 due=0 r=1
13:26:44  [AT] "AT+CIPSEND=24" (13)
13:26:45  [AT] " S,265,60B,000,340,P1,40" (24)
13:26:45  [AT] "SEND OK" (7)
13:26:46  [TX] S,266,60B,000,342,P1,41
13:26:46  [SLOT] n=285 tx=23 ack=0 due=0 r=1
13:26:46  [AT] "AT+CIPSEND=24" (13)
13:26:46  [AT] " S,266,60B,000,342,P1,41" (24)
13:26:46  [AT] "SEND OK" (7)
13:26:47  [TX] S,267,60B,000,343,P1,41
13:26:47  [SLOT] n=286 tx=23 ack=0 due=0 r=1
13:26:47  [AT] "AT+CIPSEND=24" (13)
13:26:47  [AT] " S,267,60B,000,343,P1,41" (24)
13:26:47  [AT] "SEND OK" (7)
13:26:48  [TX] S,268,60A,000,344,P1,4A
13:26:48  [SLOT] n=287 tx=23 ack=0 due=0 r=1
13:26:48  [AT] "AT+CIPSEND=24" (13)
13:26:48  [AT] " S,268,60A,000,344,P1,4A" (24)
13:26:48  [AT] "SEND OK" (7)
13:26:49  [TX] S,269,60A,000,345,P1,4A
13:26:49  [SLOT] n=288 tx=23 ack=0 due=0 r=1
13:26:49  [AT] "AT+CIPSEND=24" (13)
13:26:50  [AT] " S,269,60A,000,345,P1,4A" (24)
13:26:50  [AT] "SEND OK" (7)
13:26:50  [TX] S,270,60A,000,346,P1,41
13:26:50  [SLOT] n=289 tx=23 ack=0 due=0 r=1
13:26:50  [AT] "AT+CIPSEND=24" (13)
13:26:51  [AT] " S,270,60A,000,346,P1,41" (24)
13:26:51  [AT] "SEND OK" (7)
13:26:52  [TX] S,271,608,000,348,P1,37
13:26:52  [SLOT] n=290 tx=23 ack=0 due=0 r=1
13:26:52  [AT] "AT+CIPSEND=24" (13)
13:26:52  [AT] " S,271,608,000,348,P1,37" (24)
13:26:52  [AT] "SEND OK" (7)
13:26:53  [TX] S,272,608,000,349,P1,35
13:26:53  [SLOT] n=291 tx=23 ack=0 due=0 r=1
13:26:53  [AT] "AT+CIPSEND=24" (13)
13:26:53  [AT] " S,272,608,000,349,P1,35" (24)
13:26:53  [AT] "SEND OK" (7)
13:26:54  [TX] S,273,608,000,350,P1,3C
13:26:54  [SLOT] n=292 tx=23 ack=0 due=0 r=1
13:26:54  [AT] "AT+CIPSEND=24" (13)
13:26:54  [AT] " S,273,608,000,350,P1,3C" (24)
13:26:54  [AT] "SEND OK" (7)
13:26:55  [TX] S,274,608,000,351,P1,3A
13:26:55  [SLOT] n=293 tx=23 ack=0 due=0 r=1
13:26:55  [AT] "AT+CIPSEND=24" (13)
13:26:55  [AT] " S,274,608,000,351,P1,3A" (24)
13:26:55  [AT] "SEND OK" (7)
13:26:56  [TX] S,275,609,000,352,P1,39
13:26:56  [SLOT] n=294 tx=23 ack=0 due=0 r=1
13:26:56  [AT] "AT+CIPSEND=24" (13)
13:26:56  [AT] " S,275,609,000,352,P1,39" (24)
13:26:56  [AT] "SEND OK" (7)
13:26:58  [TX] S,276,609,000,354,P1,3C
13:26:58  [SLOT] n=295 tx=23 ack=0 due=0 r=1
13:26:58  [AT] "AT+CIPSEND=24" (13)
13:26:58  [AT] " S,276,609,000,354,P1,3C" (24)
13:26:58  [AT] "SEND OK" (7)
13:26:59  [TX] S,277,609,000,355,P1,3C
13:26:59  [SLOT] n=296 tx=23 ack=0 due=0 r=1
13:26:59  [AT] "AT+CIPSEND=24" (13)
13:26:59  [AT] " S,277,609,000,355,P1,3C" (24)
13:26:59  [AT] "SEND OK" (7)
13:27:00  [TX] S,278,609,000,356,P1,30
13:27:00  [SLOT] n=297 tx=23 ack=0 due=0 r=1
13:27:00  [AT] "AT+CIPSEND=24" (13)
13:27:00  [AT] " S,278,609,000,356,P1,30" (24)
13:27:00  [AT] "SEND OK" (7)
13:27:01  [TX] S,279,609,000,357,P1,30
13:27:01  [SLOT] n=298 tx=23 ack=0 due=0 r=1
13:27:01  [AT] "AT+CIPSEND=24" (13)
13:27:01  [AT] " S,279,609,000,357,P1,30" (24)
13:27:01  [AT] "SEND OK" (7)
13:27:02  «tap» 살아있음 — 최근 60초 rx=7892B (이 줄이 끊기면 탭이 죽은 것이다)
13:27:02  [TX] S,280,609,000,358,P1,39
13:27:02  [SLOT] n=299 tx=23 ack=0 due=0 r=1
13:27:02  [AT] "AT+CIPSEND=24" (13)
13:27:02  [AT] " S,280,609,000,358,P1,39" (24)
13:27:02  [AT] "SEND OK" (7)
13:27:04  [TX] S,281,60B,000,360,P1,48
13:27:04  [SLOT] n=300 tx=23 ack=0 due=0 r=1
13:27:04  [CNT] up=360 drop=0 esprst=0 resync=0 sendfail=0 okto=1 stuck=0 ackq=0 ackdrop=0 ackstale=0 slot=300 oow=0 smiss=0 ssovf=0 cksumng=0 okstream=281 penddrop=0 pendfill=282 bigfill=1 bigdrop=0 bigokst=1 oklost=0 bigoklost=0 skip=11 online=1
13:27:04  [RAM] 최저 여유 617 B · 프롬프트 재동기 0회 (서버의 '버린줄' 과 맞아야 한다)
13:27:04  [AT] "AT+CIPSEND=24" (13)
13:27:04  [AT] " S,281,60B,000,360,P1,48" (24)
13:27:04  [AT] "SEND OK" (7)
13:27:05  [TX] S,282,60A,000,361,P1,49
13:27:05  [SLOT] n=301 tx=23 ack=0 due=0 r=1
13:27:05  [AT] "AT+CIPSEND=24" (13)
13:27:05  [AT] " S,282,60A,000,361,P1,49" (24)
13:27:05  [AT] "SEND OK" (7)
13:27:06  [TX] S,283,60A,000,362,P1,4B
13:27:06  [SLOT] n=302 tx=23 ack=0 due=0 r=1
13:27:06  [AT] "AT+CIPSEND=24" (13)
13:27:06  [AT] " S,283,60A,000,362,P1,4B" (24)
13:27:06  [AT] "SEND OK" (7)
13:27:07  [TX] S,284,60A,000,363,P1,4D
13:27:07  [SLOT] n=303 tx=23 ack=0 due=0 r=1
13:27:07  [AT] "AT+CIPSEND=24" (13)
13:27:07  [AT] " S,284,60A,000,363,P1,4D" (24)
13:27:07  [AT] "SEND OK" (7)
13:27:08  [TX] S,285,60A,000,364,P1,4B
13:27:08  [SLOT] n=304 tx=23 ack=0 due=0 r=1
13:27:08  [AT] "AT+CIPSEND=24" (13)
13:27:08  [AT] " S,285,60A,000,364,P1,4B" (24)
13:27:08  [AT] "SEND OK" (7)
13:27:10  [TX] S,286,60A,000,366,P1,4A
13:27:10  [SLOT] n=305 tx=23 ack=0 due=0 r=1
13:27:10  [AT] "AT+CIPSEND=24" (13)
13:27:10  [AT] " S,286,60A,000,366,P1,4A" (24)
13:27:10  [AT] "SEND OK" (7)
13:27:11  [TX] S,287,60A,000,367,P1,4A
13:27:11  [SLOT] n=306 tx=23 ack=0 due=0 r=1
13:27:11  [AT] "AT+CIPSEND=24" (13)
13:27:11  [AT] " S,287,60A,000,367,P1,4A" (24)
13:27:11  [AT] "SEND OK" (7)
13:27:12  [TX] S,288,60A,000,368,P1,4A
13:27:12  [SLOT] n=307 tx=23 ack=0 due=0 r=1
13:27:12  [AT] "AT+CIPSEND=24" (13)
13:27:12  [AT] " S,288,60A,000,368,P1,4A" (24)
13:27:12  [AT] "SEND OK" (7)
13:27:13  [TX] S,289,60B,000,369,P1,49
13:27:13  [SLOT] n=308 tx=23 ack=0 due=0 r=1
13:27:13  [AT] "AT+CIPSEND=24" (13)
13:27:13  [AT] " S,289,60B,000,369,P1,49" (24)
13:27:13  [AT] "SEND OK" (7)
13:27:14  [TX] S,290,60B,000,370,P1,49
13:27:14  [SLOT] n=309 tx=23 ack=0 due=0 r=1
13:27:14  [AT] "AT+CIPSEND=24" (13)
13:27:14  [AT] " S,290,60B,000,370,P1,49" (24)
13:27:14  [AT] "SEND OK" (7)
13:27:16  [TX] S,291,609,000,372,P1,31
13:27:16  [SLOT] n=310 tx=23 ack=0 due=0 r=1
13:27:16  [AT] "AT+CIPSEND=24" (13)
13:27:16  [AT] " S,291,609,000,372,P1,31" (24)
13:27:16  [AT] "SEND OK" (7)
13:27:17  [TX] S,292,609,000,373,P1,33
13:27:17  [SLOT] n=311 tx=23 ack=0 due=0 r=1
13:27:17  [AT] "AT+CIPSEND=24" (13)
13:27:17  [AT] " S,292,609,000,373,P1,33" (24)
13:27:17  [AT] "SEND OK" (7)
13:27:18  [TX] S,293,609,000,374,P1,35
13:27:18  [SLOT] n=312 tx=23 ack=0 due=0 r=1
13:27:18  [AT] "AT+CIPSEND=24" (13)
13:27:18  [AT] " S,293,609,000,374,P1,35" (24)
13:27:18  [AT] "SEND OK" (7)
13:27:19  [TX] S,294,609,000,375,P1,33
13:27:19  [SLOT] n=313 tx=23 ack=0 due=0 r=1
13:27:19  [AT] "AT+CIPSEND=24" (13)
13:27:19  [AT] " S,294,609,000,375,P1,33" (24)
13:27:19  [AT] "SEND OK" (7)
13:27:20  [TX] S,295,609,000,376,P1,31
13:27:20  [SLOT] n=314 tx=23 ack=0 due=0 r=1
13:27:20  [AT] "AT+CIPSEND=24" (13)
13:27:20  [AT] " S,295,609,000,376,P1,31" (24)
13:27:20  [AT] "SEND OK" (7)
13:27:22  [TX] S,296,608,000,378,P1,3D
13:27:22  [SLOT] n=315 tx=23 ack=0 due=0 r=1
13:27:22  [AT] "AT+CIPSEND=24" (13)
13:27:22  [AT] " S,296,608,000,378,P1,3D" (24)
13:27:22  [AT] "SEND OK" (7)
13:27:23  [TX] S,297,608,000,379,P1,3D
13:27:23  [SLOT] n=316 tx=23 ack=0 due=0 r=1
13:27:23  [AT] "AT+CIPSEND=24" (13)
13:27:23  [AT] " S,297,608,000,379,P1,3D" (24)
13:27:23  [AT] "SEND OK" (7)
13:27:24  [TX] S,298,608,000,380,P1,34
13:27:24  [SLOT] n=317 tx=23 ack=0 due=0 r=1
13:27:24  [AT] "AT+CIPSEND=24" (13)
13:27:24  [AT] " S,298,608,000,380,P1,34" (24)
13:27:24  [AT] "SEND OK" (7)
13:27:25  [TX] S,299,608,000,381,P1,34
13:27:25  [SLOT] n=318 tx=23 ack=0 due=0 r=1
13:27:25  [AT] "AT+CIPSEND=24" (13)
13:27:25  [AT] " S,299,608,000,381,P1,34" (24)
13:27:25  [AT] "SEND OK" (7)
13:27:26  [TX] S,300,608,000,382,P1,36
13:27:26  [SLOT] n=319 tx=23 ack=0 due=0 r=1
13:27:26  [AT] "AT+CIPSEND=24" (13)
13:27:26  [AT] " S,300,608,000,382,P1,36" (24)
13:27:26  [AT] "SEND OK" (7)
13:27:28  [TX] S,301,60A,000,384,P1,48
13:27:28  [SLOT] n=320 tx=23 ack=0 due=0 r=1
13:27:28  [AT] "AT+CIPSEND=24" (13)
13:27:28  [AT] " S,301,60A,000,384,P1,48" (24)
13:27:28  [AT] "SEND OK" (7)
13:27:29  [TX] S,302,60A,000,385,P1,4A
13:27:29  [SLOT] n=321 tx=23 ack=0 due=0 r=1
13:27:29  [AT] "AT+CIPSEND=24" (13)
13:27:29  [AT] " S,302,60A,000,385,P1,4A" (24)
13:27:29  [AT] "SEND OK" (7)
13:27:30  [TX] S,303,60B,000,386,P1,4B
13:27:30  [SLOT] n=322 tx=23 ack=0 due=0 r=1
13:27:30  [AT] "AT+CIPSEND=24" (13)
13:27:30  [AT] " S,303,60B,000,386,P1,4B" (24)
13:27:30  [AT] "SEND OK" (7)
13:27:31  [TX] S,304,60B,000,387,P1,4D
13:27:31  [SLOT] n=323 tx=23 ack=0 due=0 r=1
13:27:31  [AT] "AT+CIPSEND=24" (13)
13:27:31  [AT] " S,304,60B,000,387,P1,4D" (24)
13:27:31  [AT] "SEND OK" (7)
13:27:32  [TX] S,305,60B,000,388,P1,43
13:27:32  [SLOT] n=324 tx=23 ack=0 due=0 r=1
13:27:32  [AT] "AT+CIPSEND=24" (13)
13:27:32  [AT] " S,305,60B,000,388,P1,43" (24)
13:27:32  [AT] "SEND OK" (7)
13:27:34  [TX] S,306,60B,000,390,P1,49
13:27:34  [SLOT] n=325 tx=23 ack=0 due=0 r=1
13:27:34  [AT] "AT+CIPSEND=24" (13)
13:27:34  [AT] " S,306,60B,000,390,P1,49" (24)
13:27:34  [AT] "SEND OK" (7)
13:27:35  [TX] S,307,60B,000,391,P1,49
13:27:35  [SLOT] n=326 tx=23 ack=0 due=0 r=1
13:27:35  [AT] "AT+CIPSEND=24" (13)
13:27:35  [AT] " S,307,60B,000,391,P1,49" (24)
13:27:35  [AT] "SEND OK" (7)
13:27:36  [TX] S,308,60B,000,392,P1,45
13:27:36  [SLOT] n=327 tx=23 ack=0 due=0 r=1
13:27:36  [AT] "AT+CIPSEND=24" (13)
13:27:36  [AT] " S,308,60B,000,392,P1,45" (24)
13:27:36  [AT] "SEND OK" (7)
13:27:37  [TX] S,309,60B,000,393,P1,45
13:27:37  [SLOT] n=328 tx=23 ack=0 due=0 r=1
13:27:37  [AT] "AT+CIPSEND=24" (13)
13:27:37  [AT] " S,309,60B,000,393,P1,45" (24)
13:27:37  [AT] "SEND OK" (7)
13:27:38  [TX] S,310,60A,000,394,P1,49
13:27:38  [SLOT] n=329 tx=23 ack=0 due=0 r=1
13:27:38  [AT] "AT+CIPSEND=24" (13)
13:27:38  [AT] " S,310,60A,000,394,P1,49" (24)
13:27:38  [AT] "SEND OK" (7)
13:27:40  [TX] S,311,608,000,396,P1,33
13:27:40  [SLOT] n=330 tx=23 ack=0 due=0 r=1
13:27:40  [AT] "AT+CIPSEND=24" (13)
13:27:40  [AT] " S,311,608,000,396,P1,33" (24)
13:27:40  [AT] "SEND OK" (7)
13:27:41  [TX] S,312,608,000,397,P1,31
13:27:41  [SLOT] n=331 tx=23 ack=0 due=0 r=1
13:27:41  [AT] "AT+CIPSEND=24" (13)
13:27:41  [AT] " S,312,608,000,397,P1,31" (24)
13:27:41  [AT] "SEND OK" (7)
13:27:42  [TX] S,313,608,000,398,P1,3F
13:27:42  [SLOT] n=332 tx=23 ack=0 due=0 r=1
13:27:42  [AT] "AT+CIPSEND=24" (13)
13:27:42  [AT] " S,313,608,000,398,P1,3F" (24)
13:27:42  [AT] "SEND OK" (7)
13:27:43  [TX] S,314,608,000,399,P1,39
13:27:43  [SLOT] n=333 tx=23 ack=0 due=0 r=1
13:27:43  [AT] "AT+CIPSEND=24" (13)
13:27:43  [AT] " S,314,608,000,399,P1,39" (24)
13:27:43  [AT] "SEND OK" (7)
13:27:44  [TX] S,315,608,000,400,P1,3F
13:27:44  [SLOT] n=334 tx=23 ack=0 due=0 r=1
13:27:44  [AT] "AT+CIPSEND=24" (13)
13:27:44  [AT] " S,315,608,000,400,P1,3F" (24)
13:27:44  [AT] "SEND OK" (7)
13:27:46  [TX] S,316,608,000,402,P1,3E
13:27:46  [SLOT] n=335 tx=23 ack=0 due=0 r=1
13:27:46  [AT] "AT+CIPSEND=24" (13)
13:27:46  [AT] " S,316,608,000,402,P1,3E" (24)
13:27:46  [AT] "SEND OK" (7)
13:27:47  [TX] S,317,609,000,403,P1,3F
13:27:47  [SLOT] n=336 tx=23 ack=0 due=0 r=1
13:27:47  [AT] "AT+CIPSEND=24" (13)
13:27:47  [AT] " S,317,609,000,403,P1,3F" (24)
13:27:47  [AT] "SEND OK" (7)
13:27:48  [TX] S,318,609,000,404,P1,37
13:27:48  [SLOT] n=337 tx=23 ack=0 due=0 r=1
13:27:48  [AT] "AT+CIPSEND=24" (13)
13:27:48  [AT] " S,318,609,000,404,P1,37" (24)
13:27:48  [AT] "SEND OK" (7)
13:27:49  [TX] S,319,609,000,405,P1,37
13:27:49  [SLOT] n=338 tx=23 ack=0 due=0 r=1
13:27:49  [AT] "AT+CIPSEND=24" (13)
13:27:49  [AT] " S,319,609,000,405,P1,37" (24)
13:27:49  [AT] "SEND OK" (7)
13:27:50  [TX] S,320,609,000,406,P1,3E
13:27:50  [SLOT] n=339 tx=23 ack=0 due=0 r=1
13:27:50  [AT] "AT+CIPSEND=24" (13)
13:27:50  [AT] " S,320,609,000,406,P1,3E" (24)
13:27:50  [AT] "SEND OK" (7)
13:27:52  [TX] S,321,60B,000,408,P1,4A
13:27:52  [SLOT] n=340 tx=23 ack=0 due=0 r=1
13:27:52  [AT] "AT+CIPSEND=24" (13)
13:27:52  [AT] " S,321,60B,000,408,P1,4A" (24)
13:27:52  [AT] "SEND OK" (7)
13:27:53  [TX] S,322,60B,000,409,P1,48
13:27:53  [SLOT] n=341 tx=23 ack=0 due=0 r=1
13:27:53  [AT] "AT+CIPSEND=24" (13)
13:27:53  [AT] " S,322,60B,000,409,P1,48" (24)
13:27:53  [AT] "SEND OK" (7)
13:27:54  [TX] S,323,60B,000,410,P1,41
13:27:54  [SLOT] n=342 tx=23 ack=0 due=0 r=1
13:27:54  [AT] "AT+CIPSEND=24" (13)
13:27:54  [AT] " S,323,60B,000,410,P1,41" (24)
13:27:54  [AT] "SEND OK" (7)
13:27:55  [TX] S,324,60A,000,411,P1,44
13:27:55  [SLOT] n=343 tx=23 ack=0 due=0 r=1
13:27:55  [AT] "AT+CIPSEND=24" (13)
13:27:55  [AT] " S,324,60A,000,411,P1,44" (24)
13:27:55  [AT] "SEND OK" (7)
13:27:56  [TX] S,325,60A,000,412,P1,46
13:27:56  [SLOT] n=344 tx=23 ack=0 due=0 r=1
13:27:56  [AT] "AT+CIPSEND=24" (13)
13:27:56  [AT] " S,325,60A,000,412,P1,46" (24)
13:27:56  [AT] "SEND OK" (7)
13:27:58  [TX] S,326,60A,000,414,P1,43
13:27:58  [SLOT] n=345 tx=23 ack=0 due=0 r=1
13:27:58  [AT] "AT+CIPSEND=24" (13)
13:27:58  [AT] " S,326,60A,000,414,P1,43" (24)
13:27:58  [AT] "SEND OK" (7)
13:27:59  [TX] S,327,60A,000,415,P1,43
13:27:59  [SLOT] n=346 tx=23 ack=0 due=0 r=1
13:27:59  [AT] "AT+CIPSEND=24" (13)
13:27:59  [AT] " S,327,60A,000,415,P1,43" (24)
13:27:59  [AT] "SEND OK" (7)
13:28:00  [TX] S,328,60A,000,416,P1,4F
13:28:00  [SLOT] n=347 tx=23 ack=0 due=0 r=1
13:28:00  [AT] "AT+CIPSEND=24" (13)
13:28:00  [AT] " S,328,60A,000,416,P1,4F" (24)
13:28:00  [AT] "SEND OK" (7)
13:28:01  [TX] S,329,60A,000,417,P1,4F
13:28:01  [SLOT] n=348 tx=23 ack=0 due=0 r=1
13:28:01  [AT] "AT+CIPSEND=24" (13)
13:28:01  [AT] " S,329,60A,000,417,P1,4F" (24)
13:28:01  [AT] "SEND OK" (7)
13:28:02  «tap» 살아있음 — 최근 60초 rx=7892B (이 줄이 끊기면 탭이 죽은 것이다)
13:28:02  [TX] S,330,60A,000,418,P1,48
13:28:02  [SLOT] n=349 tx=23 ack=0 due=0 r=1
13:28:02  [AT] "AT+CIPSEND=24" (13)
13:28:02  [AT] " S,330,60A,000,418,P1,48" (24)
13:28:02  [AT] "SEND OK" (7)
13:28:04  [TX] S,331,609,000,420,P1,3A
13:28:04  [SLOT] n=350 tx=23 ack=0 due=0 r=1
13:28:04  [CNT] up=420 drop=0 esprst=0 resync=0 sendfail=0 okto=1 stuck=0 ackq=0 ackdrop=0 ackstale=0 slot=350 oow=0 smiss=0 ssovf=0 cksumng=0 okstream=331 penddrop=0 pendfill=332 bigfill=1 bigdrop=0 bigokst=1 oklost=0 bigoklost=0 skip=11 online=1
13:28:04  [RAM] 최저 여유 617 B · 프롬프트 재동기 0회 (서버의 '버린줄' 과 맞아야 한다)
13:28:04  [AT] " S,331,609,000,420,P1,3A" (24)
13:28:04  [AT] "SEND OK" (7)
13:28:04  [AT] "AT+CIPSEND=24" (13)
13:28:05  [TX] S,332,609,000,421,P1,38
13:28:05  [SLOT] n=351 tx=23 ack=0 due=0 r=1
13:28:05  [AT] "AT+CIPSEND=24" (13)
13:28:05  [AT] " S,332,609,000,421,P1,38" (24)
13:28:05  [AT] "SEND OK" (7)
13:28:06  [TX] S,333,609,000,422,P1,3A
13:28:06  [SLOT] n=352 tx=23 ack=0 due=0 r=1
13:28:06  [AT] "AT+CIPSEND=24" (13)
13:28:06  [AT] " S,333,609,000,422,P1,3A" (24)
13:28:06  [AT] "SEND OK" (7)
13:28:07  [TX] S,334,609,000,423,P1,3C
13:28:07  [SLOT] n=353 tx=23 ack=0 due=0 r=1
13:28:07  [AT] "AT+CIPSEND=24" (13)
13:28:07  [AT] " S,334,609,000,423,P1,3C" (24)
13:28:07  [AT] "SEND OK" (7)
13:28:08  [TX] S,335,609,000,424,P1,3A
13:28:08  [SLOT] n=354 tx=23 ack=0 due=0 r=1
13:28:08  [AT] "AT+CIPSEND=24" (13)
13:28:08  [AT] " S,335,609,000,424,P1,3A" (24)
13:28:08  [AT] "SEND OK" (7)
13:28:10  [TX] S,336,609,000,426,P1,3B
13:28:10  [SLOT] n=355 tx=23 ack=0 due=0 r=1
13:28:10  [AT] "AT+CIPSEND=24" (13)
13:28:10  [AT] " S,336,609,000,426,P1,3B" (24)
13:28:10  [AT] "SEND OK" (7)
13:28:11  [TX] S,337,609,000,427,P1,3B
13:28:11  [SLOT] n=356 tx=23 ack=0 due=0 r=1
13:28:11  [AT] "AT+CIPSEND=24" (13)
13:28:11  [AT] " S,337,609,000,427,P1,3B" (24)
13:28:11  [AT] "SEND OK" (7)
13:28:12  [TX] S,338,608,000,428,P1,3A
13:28:12  [SLOT] n=357 tx=23 ack=0 due=0 r=1
13:28:12  [AT] "AT+CIPSEND=24" (13)
13:28:12  [AT] " S,338,608,000,428,P1,3A" (24)
13:28:12  [AT] "SEND OK" (7)
13:28:13  [TX] S,339,608,000,429,P1,3A
13:28:13  [SLOT] n=358 tx=23 ack=0 due=0 r=1
13:28:13  [AT] "AT+CIPSEND=24" (13)
13:28:13  [AT] " S,339,608,000,429,P1,3A" (24)
13:28:13  [AT] "SEND OK" (7)
13:28:14  [TX] S,340,608,000,430,P1,3C
13:28:14  [SLOT] n=359 tx=23 ack=0 due=0 r=1
13:28:14  [AT] "AT+CIPSEND=24" (13)
13:28:14  [AT] " S,340,608,000,430,P1,3C" (24)
13:28:14  [AT] "SEND OK" (7)
13:28:16  [TX] S,341,60A,000,432,P1,46
13:28:16  [SLOT] n=360 tx=23 ack=0 due=0 r=1
13:28:16  [AT] "AT+CIPSEND=24" (13)
13:28:16  [AT] " S,341,60A,000,432,P1,46" (24)
13:28:16  [AT] "SEND OK" (7)
13:28:17  [TX] S,342,60A,000,433,P1,44
13:28:17  [SLOT] n=361 tx=23 ack=0 due=0 r=1
13:28:17  [AT] "AT+CIPSEND=24" (13)
13:28:17  [AT] " S,342,60A,000,433,P1,44" (24)
13:28:17  [AT] "SEND OK" (7)
13:28:18  [TX] S,343,60A,000,434,P1,42
13:28:18  [SLOT] n=362 tx=23 ack=0 due=0 r=1
13:28:18  [AT] "AT+CIPSEND=24" (13)
13:28:18  [AT] " S,343,60A,000,434,P1,42" (24)
13:28:18  [AT] "SEND OK" (7)
13:28:19  [TX] S,344,60A,000,435,P1,44
13:28:19  [SLOT] n=363 tx=23 ack=0 due=0 r=1
13:28:19  [AT] "AT+CIPSEND=24" (13)
13:28:19  [AT] " S,344,60A,000,435,P1,44" (24)
13:28:19  [AT] "SEND OK" (7)
13:28:20  [TX] S,345,60B,000,436,P1,45
13:28:20  [SLOT] n=364 tx=23 ack=0 due=0 r=1
13:28:20  [AT] "AT+CIPSEND=24" (13)
13:28:20  [AT] " S,345,60B,000,436,P1,45" (24)
13:28:20  [AT] "SEND OK" (7)
13:28:21  [TX] S,346,60B,000,438,P1,48
13:28:21  [SLOT] n=365 tx=23 ack=0 due=0 r=1
13:28:22  [AT] "AT+CIPSEND=24" (13)
13:28:22  [AT] " S,346,60B,000,438,P1,48" (24)
13:28:22  [AT] "SEND OK" (7)
13:28:23  [TX] S,347,60B,000,439,P1,48
13:28:23  [SLOT] n=366 tx=23 ack=0 due=0 r=1
13:28:23  [AT] "AT+CIPSEND=24" (13)
13:28:23  [AT] " S,347,60B,000,439,P1,48" (24)
13:28:23  [AT] "SEND OK" (7)
13:28:24  [TX] S,348,60B,000,440,P1,49
13:28:24  [SLOT] n=367 tx=23 ack=0 due=0 r=1
13:28:24  [AT] "AT+CIPSEND=24" (13)
13:28:24  [AT] " S,348,60B,000,440,P1,49" (24)
13:28:24  [AT] "SEND OK" (7)
13:28:25  [TX] S,349,60B,000,441,P1,49
13:28:25  [SLOT] n=368 tx=23 ack=0 due=0 r=1
13:28:25  [AT] "AT+CIPSEND=24" (13)
13:28:25  [AT] " S,349,60B,000,441,P1,49" (24)
13:28:25  [AT] "SEND OK" (7)
13:28:26  [TX] S,350,60B,000,442,P1,42
13:28:26  [SLOT] n=369 tx=23 ack=0 due=0 r=1
13:28:26  [AT] "AT+CIPSEND=24" (13)
13:28:26  [AT] " S,350,60B,000,442,P1,42" (24)
13:28:26  [AT] "SEND OK" (7)
13:28:27  [TX] S,351,609,000,444,P1,3E
13:28:27  [SLOT] n=370 tx=23 ack=0 due=0 r=1
13:28:27  [AT] "AT+CIPSEND=24" (13)
13:28:28  [AT] " S,351,609,000,444,P1,3E" (24)
13:28:28  [AT] "SEND OK" (7)
13:28:29  [TX] S,352,608,000,445,P1,3D
13:28:29  [SLOT] n=371 tx=23 ack=0 due=0 r=1
13:28:29  [AT] "AT+CIPSEND=24" (13)
13:28:29  [AT] " S,352,608,000,445,P1,3D" (24)
13:28:29  [AT] "SEND OK" (7)
13:28:30  [TX] S,353,608,000,446,P1,3F
13:28:30  [SLOT] n=372 tx=23 ack=0 due=0 r=1
13:28:30  [AT] "AT+CIPSEND=24" (13)
13:28:30  [AT] " S,353,608,000,446,P1,3F" (24)
13:28:30  [AT] "SEND OK" (7)
13:28:31  [TX] S,354,608,000,447,P1,39
13:28:31  [SLOT] n=373 tx=23 ack=0 due=0 r=1
13:28:31  [AT] "AT+CIPSEND=24" (13)
13:28:31  [AT] " S,354,608,000,447,P1,39" (24)
13:28:31  [AT] "SEND OK" (7)
13:28:32  [TX] S,355,608,000,448,P1,37
13:28:32  [SLOT] n=374 tx=23 ack=0 due=0 r=1
13:28:32  [AT] "AT+CIPSEND=24" (13)
13:28:33  [AT] " S,355,608,000,448,P1,37" (24)
13:28:33  [AT] "SEND OK" (7)
13:28:33  [TX] S,356,608,000,450,P1,3D
13:28:33  [SLOT] n=375 tx=23 ack=0 due=0 r=1
13:28:33  [AT] "AT+CIPSEND=24" (13)
13:28:34  [AT] " S,356,608,000,450,P1,3D" (24)
13:28:34  [AT] "SEND OK" (7)
13:28:35  [TX] S,357,608,000,451,P1,3D
13:28:35  [SLOT] n=376 tx=23 ack=0 due=0 r=1
13:28:35  [AT] "AT+CIPSEND=24" (13)
13:28:36  [AT] " S,357,608,000,451,P1,3D" (24)
13:28:36  [AT] "SEND OK" (7)
13:28:36  [TX] S,358,608,000,452,P1,31
13:28:36  [SLOT] n=377 tx=23 ack=0 due=0 r=1
13:28:36  [AT] "AT+CIPSEND=24" (13)
13:28:36  [AT] " S,358,608,000,452,P1,31" (24)
13:28:36  [AT] "SEND OK" (7)
13:28:37  [TX] S,359,609,000,453,P1,30
13:28:37  [SLOT] n=378 tx=23 ack=0 due=0 r=1
13:28:37  [AT] "AT+CIPSEND=24" (13)
13:28:37  [AT] " S,359,609,000,453,P1,30" (24)
13:28:37  [AT] "SEND OK" (7)
13:28:38  [TX] S,360,609,000,454,P1,3D
13:28:38  [SLOT] n=379 tx=23 ack=0 due=0 r=1
13:28:38  [AT] "AT+CIPSEND=24" (13)
13:28:38  [AT] " S,360,609,000,454,P1,3D" (24)
13:28:38  [AT] "SEND OK" (7)
13:28:39  [TX] S,361,60B,000,456,P1,45
13:28:39  [SLOT] n=380 tx=23 ack=0 due=0 r=1
13:28:39  [AT] "AT+CIPSEND=24" (13)
13:28:40  [AT] " S,361,60B,000,456,P1,45" (24)
13:28:40  [AT] "SEND OK" (7)
13:28:41  [TX] S,362,60B,000,457,P1,47
13:28:41  [SLOT] n=381 tx=23 ack=0 due=0 r=1
13:28:41  [AT] "AT+CIPSEND=24" (13)
13:28:41  [AT] " S,362,60B,000,457,P1,47" (24)
13:28:41  [AT] "SEND OK" (7)
13:28:42  [TX] S,363,60B,000,458,P1,49
13:28:42  [SLOT] n=382 tx=23 ack=0 due=0 r=1
13:28:42  [AT] "AT+CIPSEND=24" (13)
13:28:42  [AT] " S,363,60B,000,458,P1,49" (24)
13:28:42  [AT] "SEND OK" (7)
13:28:43  [TX] S,364,60B,000,459,P1,4F
13:28:43  [SLOT] n=383 tx=23 ack=0 due=0 r=1
13:28:43  [AT] "AT+CIPSEND=24" (13)
13:28:43  [AT] " S,364,60B,000,459,P1,4F" (24)
13:28:43  [AT] "SEND OK" (7)
13:28:44  [TX] S,365,60B,000,460,P1,44
13:28:44  [SLOT] n=384 tx=23 ack=0 due=0 r=1
13:28:44  [AT] "AT+CIPSEND=24" (13)
13:28:45  [TX-WAIT] 앞 전송의 SEND OK 를 아직 못 봤다 — 이번 주기는 건너뛴다
13:28:45  [SLOT] n=385 tx=23 ack=0 due=0 r=0
13:28:46  [AT] " S,365,60B,000,460,P1,44" (24)
13:28:46  [AT] "SEND OK" (7)
13:28:47  [TX] S,366,60A,000,463,P1,47
13:28:47  [SLOT] n=386 tx=23 ack=0 due=0 r=1
13:28:47  [AT] "AT+CIPSEND=24" (13)
13:28:47  [AT] " S,366,60A,000,463,P1,47" (24)
13:28:47  [AT] "SEND OK" (7)
13:28:48  [TX] S,367,60A,000,464,P1,41
13:28:48  [SLOT] n=387 tx=23 ack=0 due=0 r=1
13:28:48  [AT] "AT+CIPSEND=24" (13)
13:28:48  [AT] " S,367,60A,000,464,P1,41" (24)
13:28:48  [AT] "SEND OK" (7)
13:28:49  [TX] S,368,60A,000,465,P1,4F
13:28:49  [SLOT] n=388 tx=23 ack=0 due=0 r=1
13:28:49  [AT] "AT+CIPSEND=24" (13)
13:28:49  [AT] " S,368,60A,000,465,P1,4F" (24)
13:28:49  [AT] "SEND OK" (7)
13:28:50  [TX] S,369,60A,000,466,P1,4D
13:28:50  [SLOT] n=389 tx=23 ack=0 due=0 r=1
13:28:50  [AT] "AT+CIPSEND=24" (13)
13:28:50  [AT] " S,369,60A,000,466,P1,4D" (24)
13:28:50  [AT] "SEND OK" (7)
13:28:51  [TX] S,370,608,000,468,P1,32
13:28:51  [SLOT] n=390 tx=23 ack=0 due=0 r=1
13:28:51  [AT] "AT+CIPSEND=24" (13)
13:28:51  [AT] " S,370,608,000,468,P1,32" (24)
13:28:51  [AT] "SEND OK" (7)
13:28:53  [TX] S,371,608,000,469,P1,32
13:28:53  [SLOT] n=391 tx=23 ack=0 due=0 r=1
13:28:53  [AT] "AT+CIPSEND=24" (13)
13:28:53  [AT] " S,371,608,000,469,P1,32" (24)
13:28:53  [AT] "SEND OK" (7)
13:28:54  [TX] S,372,609,000,470,P1,38
13:28:54  [SLOT] n=392 tx=23 ack=0 due=0 r=1
13:28:54  [AT] "AT+CIPSEND=24" (13)
13:28:54  [AT] " S,372,609,000,470,P1,38" (24)
13:28:54  [AT] "SEND OK" (7)
13:28:55  [TX] S,373,609,000,471,P1,38
13:28:55  [SLOT] n=393 tx=23 ack=0 due=0 r=1
13:28:55  [AT] "AT+CIPSEND=24" (13)
13:28:55  [AT] " S,373,609,000,471,P1,38" (24)
13:28:55  [AT] "SEND OK" (7)
13:28:56  [TX] S,374,609,000,472,P1,3C
13:28:56  [SLOT] n=394 tx=23 ack=0 due=0 r=1
13:28:56  [AT] "AT+CIPSEND=24" (13)
13:28:56  [AT] " S,374,609,000,472,P1,3C" (24)
13:28:56  [AT] "SEND OK" (7)
13:28:57  [TX] S,375,609,000,474,P1,3B
13:28:57  [SLOT] n=395 tx=23 ack=0 due=0 r=1
13:28:57  [AT] "AT+CIPSEND=24" (13)
13:28:58  [AT] " S,375,609,000,474,P1,3B" (24)
13:28:58  [AT] "SEND OK" (7)
13:28:59  [TX] S,376,609,000,475,P1,39
13:28:59  [SLOT] n=396 tx=23 ack=0 due=0 r=1
13:28:59  [AT] "AT+CIPSEND=24" (13)
13:28:59  [AT] " S,376,609,000,475,P1,39" (24)
13:28:59  [AT] "SEND OK" (7)
13:29:00  [TX] S,377,609,000,476,P1,3B
13:29:00  [SLOT] n=397 tx=23 ack=0 due=0 r=1
13:29:00  [AT] "AT+CIPSEND=24" (13)
13:29:00  [AT] " S,377,609,000,476,P1,3B" (24)
13:29:00  [AT] "SEND OK" (7)
13:29:01  [TX] S,378,609,000,477,P1,35
13:29:01  [SLOT] n=398 tx=23 ack=0 due=0 r=1
13:29:01  [AT] "AT+CIPSEND=24" (13)
13:29:01  [AT] " S,378,609,000,477,P1,35" (24)
13:29:01  [AT] "SEND OK" (7)
13:29:02  «tap» 살아있음 — 최근 60초 rx=7866B (이 줄이 끊기면 탭이 죽은 것이다)
13:29:02  [TX] S,379,608,000,478,P1,3A
13:29:02  [SLOT] n=399 tx=23 ack=0 due=0 r=1
13:29:02  [AT] "AT+CIPSEND=24" (13)
13:29:02  [AT] " S,379,608,000,478,P1,3A" (24)
13:29:02  [AT] "SEND OK" (7)
13:29:03  [TX] S,380,60A,000,480,P1,42
13:29:03  [SLOT] n=400 tx=23 ack=0 due=0 r=1
13:29:03  [CNT] up=480 drop=0 esprst=0 resync=0 sendfail=0 okto=1 stuck=0 ackq=0 ackdrop=0 ackstale=0 slot=400 oow=0 smiss=0 ssovf=0 cksumng=0 okstream=380 penddrop=0 pendfill=381 bigfill=1 bigdrop=0 bigokst=1 oklost=0 bigoklost=0 skip=12 online=1
13:29:03  [RAM] 최저 여유 617 B · 프롬프트 재동기 0회 (서버의 '버린줄' 과 맞아야 한다)
13:29:03  [AT] "AT+CIPSEND=24" (13)
13:29:04  [AT] " S,380,60A,000,480,P1,42" (24)
13:29:04  [AT] "SEND OK" (7)
13:29:05  [TX] S,381,60A,000,481,P1,42
13:29:05  [SLOT] n=401 tx=23 ack=0 due=0 r=1
13:29:05  [AT] "AT+CIPSEND=24" (13)
13:29:05  [AT] " S,381,60A,000,481,P1,42" (24)
13:29:05  [AT] "SEND OK" (7)
13:29:06  [TX] S,382,60A,000,482,P1,42
13:29:06  [SLOT] n=402 tx=23 ack=0 due=0 r=1
13:29:06  [AT] "AT+CIPSEND=24" (13)
13:29:06  [AT] " S,382,60A,000,482,P1,42" (24)
13:29:06  [AT] "SEND OK" (7)
13:29:07  [TX] S,383,60A,000,483,P1,42
13:29:07  [SLOT] n=403 tx=23 ack=0 due=0 r=1
13:29:07  [AT] "AT+CIPSEND=24" (13)
13:29:08  [AT] " S,383,60A,000,483,P1,42" (24)
13:29:08  [AT] "SEND OK" (7)
13:29:08  [TX] S,384,60A,000,484,P1,42
13:29:08  [SLOT] n=404 tx=23 ack=0 due=0 r=1
13:29:08  [AT] "AT+CIPSEND=24" (13)
13:29:08  [AT] " S,384,60A,000,484,P1,42" (24)
13:29:08  [AT] "SEND OK" (7)
13:29:09  [TX] S,385,60A,000,486,P1,41
13:29:09  [SLOT] n=405 tx=23 ack=0 due=0 r=1
13:29:09  [AT] "AT+CIPSEND=24" (13)
13:29:09  [AT] " S,385,60A,000,486,P1,41" (24)
13:29:09  [AT] "SEND OK" (7)
13:29:11  [TX] S,386,60B,000,487,P1,40
13:29:11  [SLOT] n=406 tx=23 ack=0 due=0 r=1
13:29:11  [AT] "AT+CIPSEND=24" (13)
13:29:11  [AT] " S,386,60B,000,487,P1,40" (24)
13:29:11  [AT] "SEND OK" (7)
13:29:12  [TX] S,387,60B,000,488,P1,4E
13:29:12  [SLOT] n=407 tx=23 ack=0 due=0 r=1
13:29:12  [AT] "AT+CIPSEND=24" (13)
13:29:12  [AT] " S,387,60B,000,488,P1,4E" (24)
13:29:12  [AT] "SEND OK" (7)
13:29:13  [TX] S,388,60B,000,489,P1,40
13:29:13  [SLOT] n=408 tx=23 ack=0 due=0 r=1
13:29:13  [AT] "AT+CIPSEND=24" (13)
13:29:13  [AT] " S,388,60B,000,489,P1,40" (24)
13:29:13  [AT] "SEND OK" (7)
13:29:14  [TX] S,389,60B,000,490,P1,49
13:29:14  [SLOT] n=409 tx=23 ack=0 due=0 r=1
13:29:14  [AT] "AT+CIPSEND=24" (13)
13:29:14  [AT] " S,389,60B,000,490,P1,49" (24)
13:29:14  [AT] "SEND OK" (7)
13:29:15  [TX] S,390,609,000,492,P1,38
13:29:15  [SLOT] n=410 tx=23 ack=0 due=0 r=1
13:29:15  [AT] "AT+CIPSEND=24" (13)
13:29:15  [AT] " S,390,609,000,492,P1,38" (24)
13:29:15  [AT] "SEND OK" (7)
13:29:17  [TX] S,391,609,000,493,P1,38
13:29:17  [SLOT] n=411 tx=23 ack=0 due=0 r=1
13:29:17  [AT] "AT+CIPSEND=24" (13)
13:29:17  [AT] " S,391,609,000,493,P1,38" (24)
13:29:17  [AT] "SEND OK" (7)
13:29:18  [TX] S,392,609,000,494,P1,3C
13:29:18  [SLOT] n=412 tx=23 ack=0 due=0 r=1
13:29:18  [AT] "AT+CIPSEND=24" (13)
13:29:18  [AT] " S,392,609,000,494,P1,3C" (24)
13:29:18  [AT] "SEND OK" (7)
13:29:19  [TX] S,393,608,000,495,P1,3D
13:29:19  [SLOT] n=413 tx=23 ack=0 due=0 r=1
13:29:19  [AT] "AT+CIPSEND=24" (13)
13:29:19  [AT] " S,393,608,000,495,P1,3D" (24)
13:29:19  [AT] "SEND OK" (7)
13:29:20  [TX] S,394,608,000,496,P1,39
13:29:20  [SLOT] n=414 tx=23 ack=0 due=0 r=1
13:29:20  [AT] "AT+CIPSEND=24" (13)
13:29:20  [AT] " S,394,608,000,496,P1,39" (24)
13:29:20  [AT] "SEND OK" (7)
13:29:21  [TX] S,395,608,000,498,P1,36
13:29:21  [SLOT] n=415 tx=23 ack=0 due=0 r=1
13:29:21  [AT] "AT+CIPSEND=24" (13)
13:29:21  [AT] " S,395,608,000,498,P1,36" (24)
13:29:21  [AT] "SEND OK" (7)
13:29:23  [TX] S,396,608,000,499,P1,34
13:29:23  [SLOT] n=416 tx=23 ack=0 due=0 r=1
13:29:23  [AT] "AT+CIPSEND=24" (13)
13:29:23  [AT] " S,396,608,000,499,P1,34" (24)
13:29:23  [AT] "SEND OK" (7)
13:29:24  [TX] S,397,608,000,500,P1,34
13:29:24  [SLOT] n=417 tx=23 ack=0 due=0 r=1
13:29:24  [AT] "AT+CIPSEND=24" (13)
13:29:24  [AT] " S,397,608,000,500,P1,34" (24)
13:29:24  [AT] "SEND OK" (7)
13:29:25  [TX] S,398,608,000,501,P1,3A
13:29:25  [SLOT] n=418 tx=23 ack=0 due=0 r=1
13:29:25  [AT] "AT+CIPSEND=24" (13)
13:29:25  [AT] " S,398,608,000,501,P1,3A" (24)
13:29:25  [AT] "SEND OK" (7)
13:29:26  [TX] S,399,608,000,502,P1,38
13:29:26  [SLOT] n=419 tx=23 ack=0 due=0 r=1
13:29:26  [AT] "AT+CIPSEND=24" (13)
13:29:26  [AT] " S,399,608,000,502,P1,38" (24)
13:29:26  [AT] "SEND OK" (7)
13:29:27  [TX] S,400,60B,000,504,P1,43
13:29:27  [SLOT] n=420 tx=23 ack=0 due=0 r=1
13:29:27  [AT] "AT+CIPSEND=24" (13)
13:29:27  [AT] " S,400,60B,000,504,P1,43" (24)
13:29:27  [AT] "SEND OK" (7)
13:29:29  [TX] S,401,60B,000,505,P1,43
13:29:29  [SLOT] n=421 tx=23 ack=0 due=0 r=1
13:29:29  [AT] "AT+CIPSEND=24" (13)
13:29:29  [AT] " S,401,60B,000,505,P1,43" (24)
13:29:29  [AT] "SEND OK" (7)
13:29:30  [TX] S,402,60B,000,506,P1,43
13:29:30  [SLOT] n=422 tx=23 ack=0 due=0 r=1
13:29:30  [AT] "AT+CIPSEND=24" (13)
13:29:30  [AT] " S,402,60B,000,506,P1,43" (24)
13:29:30  [AT] "SEND OK" (7)
13:29:31  [TX] S,403,60B,000,507,P1,43
13:29:31  [SLOT] n=423 tx=23 ack=0 due=0 r=1
13:29:31  [AT] "AT+CIPSEND=24" (13)
13:29:31  [AT] " S,403,60B,000,507,P1,43" (24)
13:29:31  [AT] "SEND OK" (7)
13:29:32  [TX] S,404,60B,000,508,P1,4B
13:29:32  [SLOT] n=424 tx=23 ack=0 due=0 r=1
13:29:32  [AT] "AT+CIPSEND=24" (13)
13:29:32  [AT] " S,404,60B,000,508,P1,4B" (24)
13:29:32  [AT] "SEND OK" (7)
13:29:33  [TX] S,405,60B,000,510,P1,43
13:29:33  [SLOT] n=425 tx=23 ack=0 due=0 r=1
13:29:33  [AT] "AT+CIPSEND=24" (13)
13:29:33  [AT] " S,405,60B,000,510,P1,43" (24)
13:29:33  [AT] "SEND OK" (7)
13:29:35  [TX] S,406,60B,000,511,P1,41
13:29:35  [SLOT] n=426 tx=23 ack=0 due=0 r=1
13:29:35  [AT] "AT+CIPSEND=24" (13)
13:29:35  [AT] " S,406,60B,000,511,P1,41" (24)
13:29:35  [AT] "SEND OK" (7)
13:29:37  [TX] S,407,60A,000,512,P1,40
13:29:37  [SLOT] n=427 tx=23 ack=0 due=0 r=1
13:29:37  [AT] "AT+CIPSEND=24" (13)
13:29:37  [AT] " S,407,60A,000,512,P1,40" (24)
13:29:37  [AT] "SEND OK" (7)
13:29:38  [TX] S,408,60A,000,513,P1,4E
13:29:38  [SLOT] n=428 tx=23 ack=0 due=0 r=1
13:29:38  [AT] "AT+CIPSEND=24" (13)
13:29:38  [AT] " S,408,60A,000,513,P1,4E" (24)
13:29:38  [AT] "SEND OK" (7)
13:29:39  [TX] S,409,60A,000,514,P1,48
13:29:39  [SLOT] n=429 tx=23 ack=0 due=0 r=1
13:29:39  [AT] "AT+CIPSEND=24" (13)
13:29:39  [AT] " S,409,60A,000,514,P1,48" (24)
13:29:39  [AT] "SEND OK" (7)
13:29:40  [TX] S,410,608,000,516,P1,3B
13:29:40  [SLOT] n=430 tx=23 ack=0 due=0 r=1
13:29:40  [AT] "AT+CIPSEND=24" (13)
13:29:40  [AT] " S,410,608,000,516,P1,3B" (24)
13:29:40  [AT] "SEND OK" (7)
13:29:42  [TX] S,411,608,000,517,P1,3B
13:29:42  [SLOT] n=431 tx=23 ack=0 due=0 r=1
13:29:42  [AT] "AT+CIPSEND=24" (13)
13:29:42  [AT] " S,411,608,000,517,P1,3B" (24)
13:29:42  [AT] "SEND OK" (7)
13:29:43  [TX] S,412,608,000,518,P1,37
13:29:43  [SLOT] n=432 tx=23 ack=0 due=0 r=1
13:29:43  [AT] "AT+CIPSEND=24" (13)
13:29:43  [AT] " S,412,608,000,518,P1,37" (24)
13:29:43  [AT] "SEND OK" (7)
13:29:44  [TX] S,413,608,000,519,P1,37
13:29:44  [SLOT] n=433 tx=23 ack=0 due=0 r=1
13:29:44  [AT] "AT+CIPSEND=24" (13)
13:29:44  [AT] " S,413,608,000,519,P1,37" (24)
13:29:44  [AT] "SEND OK" (7)
13:29:45  [TX] S,414,609,000,520,P1,3B
13:29:45  [SLOT] n=434 tx=23 ack=0 due=0 r=1
13:29:45  [AT] "AT+CIPSEND=24" (13)
13:29:45  [AT] " S,414,609,000,520,P1,3B" (24)
13:29:45  [AT] "SEND OK" (7)
13:29:46  [TX] S,415,609,000,522,P1,38
13:29:46  [SLOT] n=435 tx=23 ack=0 due=0 r=1
13:29:46  [AT] "AT+CIPSEND=24" (13)
13:29:47  [AT] " S,415,609,000,522,P1,38" (24)
13:29:47  [AT] "SEND OK" (7)
13:29:48  [TX] S,416,609,000,523,P1,3A
13:29:48  [SLOT] n=436 tx=23 ack=0 due=0 r=1
13:29:48  [AT] "AT+CIPSEND=24" (13)
13:29:48  [AT] " S,416,609,000,523,P1,3A" (24)
13:29:48  [AT] "SEND OK" (7)
13:29:49  [TX] S,417,609,000,524,P1,3C
13:29:49  [SLOT] n=437 tx=23 ack=0 due=0 r=1
13:29:49  [AT] "AT+CIPSEND=24" (13)
13:29:49  [AT] " S,417,609,000,524,P1,3C" (24)
13:29:49  [AT] "SEND OK" (7)
13:29:50  [TX] S,418,609,000,525,P1,32
13:29:50  [SLOT] n=438 tx=23 ack=0 due=0 r=1
13:29:50  [AT] "AT+CIPSEND=24" (13)
13:29:50  [AT] " S,418,609,000,525,P1,32" (24)
13:29:50  [AT] "SEND OK" (7)
13:29:51  [TX] S,419,609,000,526,P1,30
13:29:51  [SLOT] n=439 tx=23 ack=0 due=0 r=1
13:29:51  [AT] "AT+CIPSEND=24" (13)
13:29:52  [AT] " S,419,609,000,526,P1,30" (24)
13:29:52  [AT] "SEND OK" (7)
13:29:52  [TX] S,420,60B,000,528,P1,4F
13:29:52  [SLOT] n=440 tx=23 ack=0 due=0 r=1
13:29:52  [AT] "AT+CIPSEND=24" (13)
13:29:52  [AT] " S,420,60B,000,528,P1,4F" (24)
13:29:52  [AT] "SEND OK" (7)
13:29:54  [TX] S,421,60A,000,529,P1,4C
13:29:54  [SLOT] n=441 tx=23 ack=0 due=0 r=1
13:29:54  [AT] "AT+CIPSEND=24" (13)
13:29:54  [AT] " S,421,60A,000,529,P1,4C" (24)
13:29:54  [AT] "SEND OK" (7)
13:29:55  [TX] S,422,60A,000,530,P1,47
13:29:55  [SLOT] n=442 tx=23 ack=0 due=0 r=1
13:29:55  [AT] "AT+CIPSEND=24" (13)
13:29:55  [AT] " S,422,60A,000,530,P1,47" (24)
13:29:55  [AT] "SEND OK" (7)
13:29:56  [TX] S,423,60A,000,531,P1,47
13:29:56  [SLOT] n=443 tx=23 ack=0 due=0 r=1
13:29:56  [AT] "AT+CIPSEND=24" (13)
13:29:56  [AT] " S,423,60A,000,531,P1,47" (24)
13:29:56  [AT] "SEND OK" (7)
13:29:57  [TX] S,424,60A,000,532,P1,43
13:29:57  [SLOT] n=444 tx=23 ack=0 due=0 r=1
13:29:57  [AT] "AT+CIPSEND=24" (13)
13:29:57  [AT] " S,424,60A,000,532,P1,43" (24)
13:29:57  [AT] "SEND OK" (7)
13:29:58  [TX] S,425,60A,000,534,P1,44
13:29:58  [SLOT] n=445 tx=23 ack=0 due=0 r=1
13:29:58  [AT] "AT+CIPSEND=24" (13)
13:29:58  [AT] " S,425,60A,000,534,P1,44" (24)
13:29:58  [AT] "SEND OK" (7)
13:30:00  [TX] S,426,60A,000,535,P1,46
13:30:00  [SLOT] n=446 tx=23 ack=0 due=0 r=1
13:30:00  [AT] "AT+CIPSEND=24" (13)
13:30:00  [AT] " S,426,60A,000,535,P1,46" (24)
13:30:00  [AT] "SEND OK" (7)
13:30:01  [TX] S,427,60A,000,536,P1,44
13:30:01  [SLOT] n=447 tx=23 ack=0 due=0 r=1
13:30:01  [AT] "AT+CIPSEND=24" (13)
13:30:01  [AT] " S,427,60A,000,536,P1,44" (24)
13:30:01  [AT] "SEND OK" (7)
13:30:02  [TX] S,428,60B,000,537,P1,49
13:30:02  [SLOT] n=448 tx=23 ack=0 due=0 r=1
13:30:02  [AT] "AT+CIPSEND=24" (13)
13:30:02  [AT] " S,428,60B,000,537,P1,49" (24)
13:30:02  [AT] "SEND OK" (7)
13:30:03  «tap» 살아있음 — 최근 60초 rx=7892B (이 줄이 끊기면 탭이 죽은 것이다)
13:30:03  [TX] S,429,60B,000,538,P1,47
13:30:03  [SLOT] n=449 tx=23 ack=0 due=0 r=1
13:30:03  [AT] "AT+CIPSEND=24" (13)
13:30:03  [AT] " S,429,60B,000,538,P1,47" (24)
13:30:03  [AT] "SEND OK" (7)
13:30:04  [TX] S,430,609,000,540,P1,3B
13:30:04  [SLOT] n=450 tx=23 ack=0 due=0 r=1
13:30:04  [CNT] up=540 drop=0 esprst=0 resync=0 sendfail=0 okto=1 stuck=0 ackq=0 ackdrop=0 ackstale=0 slot=450 oow=0 smiss=0 ssovf=0 cksumng=0 okstream=430 penddrop=0 pendfill=431 bigfill=1 bigdrop=0 bigokst=1 oklost=0 bigoklost=0 skip=12 online=1
13:30:04  [RAM] 최저 여유 617 B · 프롬프트 재동기 0회 (서버의 '버린줄' 과 맞아야 한다)
13:30:04  [AT] "AT+CIPSEND=24" (13)
13:30:05  [AT] " S,430,609,000,540,P1,3B" (24)
13:30:05  [AT] "SEND OK" (7)
13:30:06  [TX] S,431,609,000,541,P1,3B
13:30:06  [SLOT] n=451 tx=23 ack=0 due=0 r=1
13:30:06  [AT] "AT+CIPSEND=24" (13)
13:30:06  [AT] " S,431,609,000,541,P1,3B" (24)
13:30:06  [AT] "SEND OK" (7)
13:30:07  [TX] S,432,609,000,542,P1,3B
13:30:07  [SLOT] n=452 tx=23 ack=0 due=0 r=1
13:30:07  [AT] "AT+CIPSEND=24" (13)
13:30:07  [AT] " S,432,609,000,542,P1,3B" (24)
13:30:07  [AT] "SEND OK" (7)
13:30:08  [TX] S,433,609,000,543,P1,3B
13:30:08  [SLOT] n=453 tx=23 ack=0 due=0 r=1
13:30:08  [AT] "AT+CIPSEND=24" (13)
13:30:08  [AT] " S,433,609,000,543,P1,3B" (24)
13:30:08  [AT] "SEND OK" (7)
13:30:09  [TX] S,434,609,000,544,P1,3B
13:30:09  [SLOT] n=454 tx=23 ack=0 due=0 r=1
13:30:09  [AT] "AT+CIPSEND=24" (13)
13:30:09  [AT] " S,434,609,000,544,P1,3B" (24)
13:30:09  [AT] "SEND OK" (7)
13:30:10  [TX] S,435,608,000,546,P1,39
13:30:10  [SLOT] n=455 tx=23 ack=0 due=0 r=1
13:30:10  [AT] "AT+CIPSEND=24" (13)
13:30:10  [AT] " S,435,608,000,546,P1,39" (24)
13:30:10  [AT] "SEND OK" (7)
13:30:12  [TX] S,436,608,000,547,P1,3B
13:30:12  [SLOT] n=456 tx=23 ack=0 due=0 r=1
13:30:12  [AT] "AT+CIPSEND=24" (13)
13:30:12  [AT] " S,436,608,000,547,P1,3B" (24)
13:30:12  [AT] "SEND OK" (7)
13:30:13  [TX] S,437,608,000,548,P1,35
13:30:13  [SLOT] n=457 tx=23 ack=0 due=0 r=1
13:30:13  [AT] "AT+CIPSEND=24" (13)
13:30:13  [AT] " S,437,608,000,548,P1,35" (24)
13:30:13  [AT] "SEND OK" (7)
13:30:14  [TX] S,438,608,000,549,P1,3B
13:30:14  [SLOT] n=458 tx=23 ack=0 due=0 r=1
13:30:14  [AT] "AT+CIPSEND=24" (13)
13:30:14  [AT] " S,438,608,000,549,P1,3B" (24)
13:30:14  [AT] "SEND OK" (7)
13:30:15  [TX] S,439,608,000,550,P1,32
13:30:15  [SLOT] n=459 tx=23 ack=0 due=0 r=1
13:30:15  [AT] "AT+CIPSEND=24" (13)
13:30:15  [AT] " S,439,608,000,550,P1,32" (24)
13:30:15  [AT] "SEND OK" (7)
13:30:16  [TX] S,440,60A,000,552,P1,47
13:30:16  [SLOT] n=460 tx=23 ack=0 due=0 r=1
13:30:16  [AT] "AT+CIPSEND=24" (13)
13:30:16  [AT] " S,440,60A,000,552,P1,47" (24)
13:30:16  [AT] "SEND OK" (7)
13:30:18  [TX] S,441,60A,000,553,P1,47
13:30:18  [SLOT] n=461 tx=23 ack=0 due=0 r=1
13:30:18  [AT] "AT+CIPSEND=24" (13)
13:30:18  [AT] " S,441,60A,000,553,P1,47" (24)
13:30:18  [AT] "SEND OK" (7)
13:30:19  [TX] S,442,60B,000,554,P1,40
13:30:19  [SLOT] n=462 tx=23 ack=0 due=0 r=1
13:30:19  [AT] "AT+CIPSEND=24" (13)
13:30:19  [AT] " S,442,60B,000,554,P1,40" (24)
13:30:19  [AT] "SEND OK" (7)
13:30:20  [TX] S,443,60B,000,555,P1,40
13:30:20  [SLOT] n=463 tx=23 ack=0 due=0 r=1
13:30:20  [AT] "AT+CIPSEND=24" (13)
13:30:20  [AT] " S,443,60B,000,555,P1,40" (24)
13:30:20  [AT] "SEND OK" (7)
13:30:21  [TX] S,444,60B,000,556,P1,44
13:30:21  [SLOT] n=464 tx=23 ack=0 due=0 r=1
13:30:21  [AT] "AT+CIPSEND=24" (13)
13:30:22  [AT] " S,444,60B,000,556,P1,44" (24)
13:30:22  [AT] "SEND OK" (7)
13:30:22  [TX] S,445,60B,000,558,P1,4B
13:30:22  [SLOT] n=465 tx=23 ack=0 due=0 r=1
13:30:22  [AT] "AT+CIPSEND=24" (13)
13:30:22  [AT] " S,445,60B,000,558,P1,4B" (24)
13:30:22  [AT] "SEND OK" (7)
13:30:24  [TX] S,446,60B,000,559,P1,49
13:30:24  [SLOT] n=466 tx=23 ack=0 due=0 r=1
13:30:24  [AT] "AT+CIPSEND=24" (13)
13:30:24  [AT] " S,446,60B,000,559,P1,49" (24)
13:30:24  [AT] "SEND OK" (7)
13:30:25  [TX] S,447,60B,000,560,P1,42
13:30:25  [SLOT] n=467 tx=23 ack=0 due=0 r=1
13:30:25  [AT] "AT+CIPSEND=24" (13)
13:30:25  [AT] " S,447,60B,000,560,P1,42" (24)
13:30:25  [AT] "SEND OK" (7)
13:30:26  [TX] S,448,60B,000,561,P1,4C
13:30:26  [SLOT] n=468 tx=23 ack=0 due=0 r=1
13:30:26  [AT] "AT+CIPSEND=24" (13)
13:30:26  [AT] " S,448,60B,000,561,P1,4C" (24)
13:30:26  [AT] "SEND OK" (7)
13:30:27  [TX] S,449,60A,000,562,P1,4D
13:30:27  [SLOT] n=469 tx=23 ack=0 due=0 r=1
13:30:27  [AT] "AT+CIPSEND=24" (13)
13:30:27  [AT] " S,449,60A,000,562,P1,4D" (24)
13:30:27  [AT] "SEND OK" (7)
13:30:28  [TX] S,450,608,000,564,P1,3A
13:30:28  [SLOT] n=470 tx=23 ack=0 due=0 r=1
13:30:28  [AT] "AT+CIPSEND=24" (13)
13:30:28  [AT] " S,450,608,000,564,P1,3A" (24)
13:30:28  [AT] "SEND OK" (7)
13:30:29  [TX] S,451,608,000,565,P1,3A
13:30:30  [SLOT] n=471 tx=23 ack=0 due=0 r=1
13:30:30  [AT] "AT+CIPSEND=24" (13)
13:30:30  [AT] " S,451,608,000,565,P1,3A" (24)
13:30:30  [AT] "SEND OK" (7)
13:30:31  [TX] S,452,608,000,566,P1,3A
13:30:31  [SLOT] n=472 tx=23 ack=0 due=0 r=1
13:30:31  [AT] "AT+CIPSEND=24" (13)
13:30:31  [AT] " S,452,608,000,566,P1,3A" (24)
13:30:31  [AT] "SEND OK" (7)
13:30:32  [TX] S,453,608,000,567,P1,3A
13:30:32  [SLOT] n=473 tx=23 ack=0 due=0 r=1
13:30:32  [AT] "AT+CIPSEND=24" (13)
13:30:32  [AT] " S,453,608,000,567,P1,3A" (24)
13:30:32  [AT] "SEND OK" (7)
13:30:33  [TX] S,454,608,000,568,P1,32
13:30:33  [SLOT] n=474 tx=23 ack=0 due=0 r=1
13:30:33  [AT] "AT+CIPSEND=24" (13)
13:30:33  [AT] " S,454,608,000,568,P1,32" (24)
13:30:33  [AT] "SEND OK" (7)
13:30:34  [TX] S,455,608,000,570,P1,3A
13:30:34  [SLOT] n=475 tx=23 ack=0 due=0 r=1
13:30:34  [AT] "AT+CIPSEND=24" (13)
13:30:35  [AT] " S,455,608,000,570,P1,3A" (24)
13:30:35  [AT] "SEND OK" (7)
13:30:35  [TX] S,456,609,000,571,P1,39
13:30:35  [SLOT] n=476 tx=23 ack=0 due=0 r=1
13:30:35  [AT] "AT+CIPSEND=24" (13)
13:30:36  [AT] " S,456,609,000,571,P1,39" (24)
13:30:36  [AT] "SEND OK" (7)
13:30:37  [TX] S,457,609,000,572,P1,3B
13:30:37  [SLOT] n=477 tx=23 ack=0 due=0 r=1
13:30:37  [AT] "AT+CIPSEND=24" (13)
13:30:37  [AT] " S,457,609,000,572,P1,3B" (24)
13:30:37  [AT] "SEND OK" (7)
13:30:38  [TX] S,458,609,000,573,P1,35
13:30:38  [SLOT] n=478 tx=23 ack=0 due=0 r=1
13:30:38  [AT] "AT+CIPSEND=24" (13)
13:30:38  [AT] " S,458,609,000,573,P1,35" (24)
13:30:38  [AT] "SEND OK" (7)
13:30:39  [TX] S,459,609,000,574,P1,33
13:30:39  [SLOT] n=479 tx=23 ack=0 due=0 r=1
13:30:39  [AT] "AT+CIPSEND=24" (13)
13:30:39  [AT] " S,459,609,000,574,P1,33" (24)
13:30:39  [AT] "SEND OK" (7)
13:30:40  [TX] S,460,60B,000,576,P1,40
13:30:40  [SLOT] n=480 tx=23 ack=0 due=0 r=1
13:30:40  [AT] "AT+CIPSEND=24" (13)
13:30:40  [AT] " S,460,60B,000,576,P1,40" (24)
13:30:40  [AT] "SEND OK" (7)
13:30:41  [TX] S,461,60B,000,577,P1,40
13:30:41  [SLOT] n=481 tx=23 ack=0 due=0 r=1
13:30:41  [AT] "AT+CIPSEND=24" (13)
13:30:42  [AT] " S,461,60B,000,577,P1,40" (24)
13:30:42  [AT] "SEND OK" (7)
13:30:43  [TX] S,462,60B,000,578,P1,4C
13:30:43  [SLOT] n=482 tx=23 ack=0 due=0 r=1
13:30:43  [AT] "AT+CIPSEND=24" (13)
13:30:44  [TX-WAIT] 앞 전송의 SEND OK 를 아직 못 봤다 — 이번 주기는 건너뛴다
13:30:44  [SLOT] n=483 tx=23 ack=0 due=0 r=0
13:30:44  [AT] " S,462,60B,000,578,P1,4C" (24)
13:30:44  [AT] "SEND OK" (7)
13:30:45  [TX] S,463,60A,000,580,P1,49
13:30:45  [SLOT] n=484 tx=23 ack=0 due=0 r=1
13:30:45  [AT] "AT+CIPSEND=24" (13)
13:30:45  [AT] " S,463,60A,000,580,P1,49" (24)
13:30:45  [AT] "SEND OK" (7)
13:30:46  [TX] S,464,60A,000,582,P1,4C
13:30:46  [SLOT] n=485 tx=23 ack=0 due=0 r=1
13:30:46  [AT] "AT+CIPSEND=24" (13)
13:30:46  [AT] " S,464,60A,000,582,P1,4C" (24)
13:30:46  [AT] "SEND OK" (7)
13:30:47  [TX] S,465,60A,000,583,P1,4C
13:30:47  [SLOT] n=486 tx=23 ack=0 due=0 r=1
13:30:47  [AT] "AT+CIPSEND=24" (13)
13:30:48  [AT] " S,465,60A,000,583,P1,4C" (24)
13:30:48  [AT] "SEND OK" (7)
13:30:49  [TX] S,466,60A,000,584,P1,48
13:30:49  [SLOT] n=487 tx=23 ack=0 due=0 r=1
13:30:49  [AT] "AT+CIPSEND=24" (13)
13:30:49  [AT] " S,466,60A,000,584,P1,48" (24)
13:30:49  [AT] "SEND OK" (7)
13:30:50  [TX] S,467,60A,000,585,P1,48
13:30:50  [SLOT] n=488 tx=23 ack=0 due=0 r=1
13:30:50  [AT] "AT+CIPSEND=24" (13)
13:30:50  [AT] " S,467,60A,000,585,P1,48" (24)
13:30:50  [AT] "SEND OK" (7)
13:30:51  [TX] S,468,60A,000,586,P1,44
13:30:51  [SLOT] n=489 tx=23 ack=0 due=0 r=1
13:30:51  [AT] "AT+CIPSEND=24" (13)
13:30:51  [AT] " S,468,60A,000,586,P1,44" (24)
13:30:51  [AT] "SEND OK" (7)
13:30:52  [TX] S,469,609,000,588,P1,33
13:30:52  [SLOT] n=490 tx=23 ack=0 due=0 r=1
13:30:52  [AT] "AT+CIPSEND=24" (13)
13:30:52  [AT] " S,469,609,000,588,P1,33" (24)
13:30:52  [AT] "SEND OK" (7)
13:30:53  [TX] S,470,609,000,589,P1,3A
13:30:53  [SLOT] n=491 tx=23 ack=0 due=0 r=1
13:30:53  [AT] "AT+CIPSEND=24" (13)
13:30:53  [AT] " S,470,609,000,589,P1,3A" (24)
13:30:53  [AT] "SEND OK" (7)
13:30:55  [TX] S,471,609,000,590,P1,33
13:30:55  [SLOT] n=492 tx=23 ack=0 due=0 r=1
13:30:55  [AT] "AT+CIPSEND=24" (13)
13:30:55  [AT] " S,471,609,000,590,P1,33" (24)
13:30:55  [AT] "SEND OK" (7)
13:30:56  [TX] S,472,609,000,591,P1,31
13:30:56  [SLOT] n=493 tx=23 ack=0 due=0 r=1
13:30:56  [AT] "AT+CIPSEND=24" (13)
13:30:56  [AT] " S,472,609,000,591,P1,31" (24)
13:30:56  [AT] "SEND OK" (7)
13:30:57  [TX] S,473,609,000,592,P1,33
13:30:57  [SLOT] n=494 tx=23 ack=0 due=0 r=1
13:30:57  [AT] "AT+CIPSEND=24" (13)
13:30:57  [AT] " S,473,609,000,592,P1,33" (24)
13:30:57  [AT] "SEND OK" (7)
13:30:58  [TX] S,474,609,000,594,P1,32
13:30:58  [SLOT] n=495 tx=23 ack=0 due=0 r=1
13:30:58  [AT] "AT+CIPSEND=24" (13)
13:30:58  [AT] " S,474,609,000,594,P1,32" (24)
13:30:58  [AT] "SEND OK" (7)
13:30:59  [TX] S,475,609,000,595,P1,32
13:30:59  [SLOT] n=496 tx=23 ack=0 due=0 r=1
13:30:59  [AT] "AT+CIPSEND=24" (13)
13:31:00  [AT] " S,475,609,000,595,P1,32" (24)
13:31:00  [AT] "SEND OK" (7)
13:31:01  [TX] S,476,608,000,596,P1,33
13:31:01  [SLOT] n=497 tx=23 ack=0 due=0 r=1
13:31:01  [AT] "AT+CIPSEND=24" (13)
13:31:01  [AT] " S,476,608,000,596,P1,33" (24)
13:31:01  [AT] "SEND OK" (7)
13:31:02  [TX] S,477,608,000,597,P1,33
13:31:02  [SLOT] n=498 tx=23 ack=0 due=0 r=1
13:31:02  [AT] "AT+CIPSEND=24" (13)
13:31:02  [AT] " S,477,608,000,597,P1,33" (24)
13:31:02  [AT] "SEND OK" (7)
13:31:03  «tap» 살아있음 — 최근 60초 rx=7866B (이 줄이 끊기면 탭이 죽은 것이다)
13:31:03  [TX] S,478,608,000,598,P1,33
13:31:03  [SLOT] n=499 tx=23 ack=0 due=0 r=1
13:31:03  [AT] "AT+CIPSEND=24" (13)
13:31:03  [AT] " S,478,608,000,598,P1,33" (24)
13:31:03  [AT] "SEND OK" (7)
13:31:04  [TX] S,479,60A,000,600,P1,49
13:31:04  [SLOT] n=500 tx=23 ack=0 due=0 r=1
13:31:04  [CNT] up=600 drop=0 esprst=0 resync=0 sendfail=0 okto=1 stuck=0 ackq=0 ackdrop=0 ackstale=0 slot=500 oow=0 smiss=0 ssovf=0 cksumng=0 okstream=479 penddrop=0 pendfill=480 bigfill=1 bigdrop=0 bigokst=1 oklost=0 bigoklost=0 skip=13 online=1
13:31:04  [RAM] 최저 여유 617 B · 프롬프트 재동기 0회 (서버의 '버린줄' 과 맞아야 한다)
13:31:04  [AT] "AT+CIPSEND=24" (13)
13:31:04  [AT] " S,479,60A,000,600,P1,49" (24)
13:31:04  [AT] "SEND OK" (7)
13:31:05  [TX] S,480,60A,000,601,P1,4E
13:31:05  [SLOT] n=501 tx=23 ack=0 due=0 r=1
13:31:05  [AT] "AT+CIPSEND=24" (13)
13:31:06  [AT] " S,480,60A,000,601,P1,4E" (24)
13:31:06  [AT] "SEND OK" (7)
13:31:07  [TX] S,481,60A,000,602,P1,4C
13:31:07  [SLOT] n=502 tx=23 ack=0 due=0 r=1
13:31:07  [AT] "AT+CIPSEND=24" (13)
13:31:07  [AT] " S,481,60A,000,602,P1,4C" (24)
13:31:07  [AT] "SEND OK" (7)
13:31:08  [TX] S,482,60A,000,603,P1,4E
13:31:08  [SLOT] n=503 tx=23 ack=0 due=0 r=1
13:31:08  [AT] "AT+CIPSEND=24" (13)
13:31:08  [AT] " S,482,60A,000,603,P1,4E" (24)
13:31:08  [AT] "SEND OK" (7)
13:31:09  [TX] S,483,60B,000,604,P1,4B
13:31:09  [SLOT] n=504 tx=23 ack=0 due=0 r=1
13:31:09  [AT] "AT+CIPSEND=24" (13)
13:31:09  [AT] " S,483,60B,000,604,P1,4B" (24)
13:31:09  [AT] "SEND OK" (7)
13:31:10  [TX] S,484,60B,000,606,P1,4E
13:31:10  [SLOT] n=505 tx=23 ack=0 due=0 r=1
13:31:10  [AT] "AT+CIPSEND=24" (13)
13:31:10  [AT] " S,484,60B,000,606,P1,4E" (24)
13:31:10  [AT] "SEND OK" (7)
13:31:11  [TX] S,485,60B,000,607,P1,4E
13:31:11  [SLOT] n=506 tx=23 ack=0 due=0 r=1
13:31:11  [AT] "AT+CIPSEND=24" (13)
13:31:12  [AT] " S,485,60B,000,607,P1,4E" (24)
13:31:12  [AT] "SEND OK" (7)
13:31:13  [TX] S,486,60B,000,608,P1,42
13:31:13  [SLOT] n=507 tx=23 ack=0 due=0 r=1
13:31:13  [AT] "AT+CIPSEND=24" (13)
13:31:13  [AT] " S,486,60B,000,608,P1,42" (24)
13:31:13  [AT] "SEND OK" (7)
13:31:14  [TX] S,487,60B,000,609,P1,42
13:31:14  [SLOT] n=508 tx=23 ack=0 due=0 r=1
13:31:14  [AT] "AT+CIPSEND=24" (13)
13:31:14  [AT] " S,487,60B,000,609,P1,42" (24)
13:31:14  [AT] "SEND OK" (7)
13:31:15  [TX] S,488,60B,000,610,P1,45
13:31:15  [SLOT] n=509 tx=23 ack=0 due=0 r=1
13:31:15  [AT] "AT+CIPSEND=24" (13)
13:31:15  [AT] " S,488,60B,000,610,P1,45" (24)
13:31:15  [AT] "SEND OK" (7)
13:31:16  [TX] S,489,609,000,612,P1,3D
13:31:16  [SLOT] n=510 tx=23 ack=0 due=0 r=1
13:31:16  [AT] "AT+CIPSEND=24" (13)
13:31:16  [AT] " S,489,609,000,612,P1,3D" (24)
13:31:16  [AT] "SEND OK" (7)
13:31:17  [TX] S,490,608,000,613,P1,35
13:31:17  [SLOT] n=511 tx=23 ack=0 due=0 r=1
13:31:17  [AT] "AT+CIPSEND=24" (13)
13:31:17  [AT] " S,490,608,000,613,P1,35" (24)
13:31:17  [AT] "SEND OK" (7)
13:31:19  [TX] S,491,608,000,614,P1,33
13:31:19  [SLOT] n=512 tx=23 ack=0 due=0 r=1
13:31:19  [AT] "AT+CIPSEND=24" (13)
13:31:19  [AT] " S,491,608,000,614,P1,33" (24)
13:31:19  [AT] "SEND OK" (7)
13:31:20  [TX] S,492,608,000,615,P1,31
13:31:20  [SLOT] n=513 tx=23 ack=0 due=0 r=1
13:31:20  [AT] "AT+CIPSEND=24" (13)
13:31:21  [AT] " S,492,608,000,615,P1,31" (24)
13:31:21  [AT] "SEND OK" (7)
13:31:21  [TX] S,493,608,000,616,P1,33
13:31:21  [SLOT] n=514 tx=23 ack=0 due=2 r=1
13:31:21  [AT] "AT+CIPSEND=24" (13)
13:31:22  [TX-WAIT] 앞 전송의 SEND OK 를 아직 못 봤다 — 이번 주기는 건너뛴다
13:31:22  [SLOT] n=515 tx=23 ack=0 due=0 r=0
13:31:23  [TX-WAIT] ★ T1 초과 — 그래도 계속 기다린다(두들기지 않는다)
13:31:23  [TX-WAIT] 앞 전송의 SEND OK 를 아직 못 봤다 — 이번 주기는 건너뛴다
13:31:23  [SLOT] n=516 tx=23 ack=0 due=0 r=0
13:31:24  [AT] " S,493,608,000,616,P1,33" (24)
13:31:24  [AT] "SEND OK" (7)
13:31:25  [TX] S,494,608,000,620,P1,31
13:31:25  [SLOT] n=517 tx=23 ack=0 due=0 r=1
13:31:25  [AT] "AT+CIPSEND=24" (13)
13:31:25  [AT] " S,494,608,000,620,P1,31" (24)
13:31:25  [AT] "SEND OK" (7)
13:31:26  [TX] S,495,609,000,621,P1,30
13:31:26  [SLOT] n=518 tx=23 ack=0 due=0 r=1
13:31:26  [AT] "AT+CIPSEND=24" (13)
13:31:26  [AT] " S,495,609,000,621,P1,30" (24)
13:31:26  [AT] "SEND OK" (7)
13:31:27  [TX] S,496,609,000,622,P1,30
13:31:27  [SLOT] n=519 tx=23 ack=0 due=0 r=1
13:31:27  [AT] "AT+CIPSEND=24" (13)
13:31:27  [AT] " S,496,609,000,622,P1,30" (24)
13:31:27  [AT] "SEND OK" (7)
13:31:28  [TX] S,497,60B,000,624,P1,4C
13:31:28  [SLOT] n=520 tx=23 ack=0 due=0 r=1
13:31:28  [AT] "AT+CIPSEND=24" (13)
13:31:28  [AT] " S,497,60B,000,624,P1,4C" (24)
13:31:28  [AT] "SEND OK" (7)
13:31:29  [TX] S,498,60B,000,625,P1,42
13:31:29  [SLOT] n=521 tx=23 ack=0 due=0 r=1
13:31:29  [AT] "AT+CIPSEND=24" (13)
13:31:29  [AT] " S,498,60B,000,625,P1,42" (24)
13:31:29  [AT] "SEND OK" (7)
13:31:31  [TX] S,499,60B,000,626,P1,40
13:31:31  [SLOT] n=522 tx=23 ack=0 due=0 r=1
13:31:31  [AT] "AT+CIPSEND=24" (13)
13:31:31  [AT] " S,499,60B,000,626,P1,40" (24)
13:31:31  [AT] "SEND OK" (7)
13:31:32  [TX] S,500,60B,000,627,P1,40
13:31:32  [SLOT] n=523 tx=23 ack=0 due=0 r=1
13:31:32  [AT] "AT+CIPSEND=24" (13)
13:31:32  [AT] " S,500,60B,000,627,P1,40" (24)
13:31:32  [AT] "SEND OK" (7)
13:31:33  [TX] S,501,60B,000,628,P1,4E
13:31:33  [SLOT] n=524 tx=23 ack=0 due=0 r=1
13:31:33  [AT] "AT+CIPSEND=24" (13)
13:31:33  [AT] " S,501,60B,000,628,P1,4E" (24)
13:31:33  [AT] "SEND OK" (7)
13:31:34  [TX] S,502,60A,000,630,P1,47
13:31:34  [SLOT] n=525 tx=23 ack=0 due=0 r=1
13:31:34  [AT] "AT+CIPSEND=24" (13)
13:31:34  [AT] " S,502,60A,000,630,P1,47" (24)
13:31:34  [AT] "SEND OK" (7)
13:31:35  [TX] S,503,60A,000,631,P1,47
13:31:35  [SLOT] n=526 tx=23 ack=0 due=0 r=1
13:31:35  [AT] "AT+CIPSEND=24" (13)
13:31:35  [AT] " S,503,60A,000,631,P1,47" (24)
13:31:35  [AT] "SEND OK" (7)
13:31:37  [TX] S,504,60A,000,632,P1,43
13:31:37  [SLOT] n=527 tx=23 ack=0 due=0 r=1
13:31:37  [AT] "AT+CIPSEND=24" (13)
13:31:37  [AT] " S,504,60A,000,632,P1,43" (24)
13:31:37  [AT] "SEND OK" (7)
13:31:38  [TX] S,505,60A,000,633,P1,43
13:31:38  [SLOT] n=528 tx=23 ack=0 due=0 r=1
13:31:38  [AT] "AT+CIPSEND=24" (13)
13:31:38  [AT] " S,505,60A,000,633,P1,43" (24)
13:31:38  [AT] "SEND OK" (7)
13:31:39  [TX] S,506,60A,000,634,P1,47
13:31:39  [SLOT] n=529 tx=23 ack=0 due=0 r=1
13:31:39  [AT] "AT+CIPSEND=24" (13)
13:31:39  [AT] " S,506,60A,000,634,P1,47" (24)
13:31:39  [AT] "SEND OK" (7)
13:31:40  [TX] S,507,608,000,636,P1,3D
13:31:40  [SLOT] n=530 tx=23 ack=0 due=0 r=1
13:31:40  [AT] "AT+CIPSEND=24" (13)
13:31:41  [AT] " S,507,608,000,636,P1,3D" (24)
13:31:41  [AT] "SEND OK" (7)
13:31:41  [TX] S,508,608,000,637,P1,33
13:31:41  [SLOT] n=531 tx=23 ack=0 due=0 r=1
13:31:41  [AT] "AT+CIPSEND=24" (13)
13:31:41  [AT] " S,508,608,000,637,P1,33" (24)
13:31:41  [AT] "SEND OK" (7)
13:31:42  [TX] S,509,609,000,638,P1,3C
13:31:42  [SLOT] n=532 tx=23 ack=0 due=0 r=1
13:31:42  [AT] "AT+CIPSEND=24" (13)
13:31:43  [AT] " S,509,609,000,638,P1,3C" (24)
13:31:43  [AT] "SEND OK" (7)
13:31:44  [TX] S,510,609,000,639,P1,35
13:31:44  [SLOT] n=533 tx=23 ack=0 due=0 r=1
13:31:44  [AT] "AT+CIPSEND=24" (13)
13:31:44  [AT] " S,510,609,000,639,P1,35" (24)
13:31:44  [AT] "SEND OK" (7)
13:31:45  [TX] S,511,609,000,640,P1,3A
13:31:45  [SLOT] n=534 tx=23 ack=0 due=0 r=1
13:31:45  [AT] "AT+CIPSEND=24" (13)
13:31:45  [AT] " S,511,609,000,640,P1,3A" (24)
13:31:45  [AT] "SEND OK" (7)
13:31:46  [TX] S,512,609,000,642,P1,3B
13:31:46  [SLOT] n=535 tx=23 ack=0 due=0 r=1
13:31:46  [AT] "AT+CIPSEND=24" (13)
13:31:46  [AT] " S,512,609,000,642,P1,3B" (24)
13:31:46  [AT] "SEND OK" (7)
13:31:47  [TX] S,513,609,000,643,P1,3B
13:31:47  [SLOT] n=536 tx=23 ack=0 due=0 r=1
13:31:47  [AT] "AT+CIPSEND=24" (13)
13:31:47  [AT] " S,513,609,000,643,P1,3B" (24)
13:31:47  [AT] "SEND OK" (7)
13:31:48  [TX] S,514,609,000,644,P1,3B
13:31:48  [SLOT] n=537 tx=23 ack=0 due=0 r=1
13:31:48  [AT] "AT+CIPSEND=24" (13)
13:31:49  [AT] " S,514,609,000,644,P1,3B" (24)
13:31:49  [AT] "SEND OK" (7)
13:31:50  [TX] S,515,609,000,645,P1,3B
13:31:50  [SLOT] n=538 tx=23 ack=0 due=0 r=1
13:31:50  [AT] "AT+CIPSEND=24" (13)
13:31:50  [AT] " S,515,609,000,645,P1,3B" (24)
13:31:50  [AT] "SEND OK" (7)
13:31:51  [TX] S,516,608,000,646,P1,3A
13:31:51  [SLOT] n=539 tx=23 ack=0 due=0 r=1
13:31:51  [AT] "AT+CIPSEND=24" (13)
13:31:51  [AT] " S,516,608,000,646,P1,3A" (24)
13:31:51  [AT] "SEND OK" (7)
13:31:52  [TX] S,517,60A,000,648,P1,4C
13:31:52  [SLOT] n=540 tx=23 ack=0 due=0 r=1
13:31:52  [AT] "AT+CIPSEND=24" (13)
13:31:52  [AT] " S,517,60A,000,648,P1,4C" (24)
13:31:52  [AT] "SEND OK" (7)
13:31:53  [TX] S,518,60A,000,649,P1,42
13:31:53  [SLOT] n=541 tx=23 ack=0 due=0 r=1
13:31:53  [AT] "AT+CIPSEND=24" (13)
13:31:53  [AT] " S,518,60A,000,649,P1,42" (24)
13:31:53  [AT] "SEND OK" (7)
13:31:54  [TX] S,519,60A,000,650,P1,4B
13:31:54  [SLOT] n=542 tx=23 ack=0 due=0 r=1
13:31:54  [AT] "AT+CIPSEND=24" (13)
13:31:55  [AT] " S,519,60A,000,650,P1,4B" (24)
13:31:55  [AT] "SEND OK" (7)
13:31:56  [TX] S,520,60A,000,651,P1,40
13:31:56  [SLOT] n=543 tx=23 ack=0 due=0 r=1
13:31:56  [AT] "AT+CIPSEND=24" (13)
13:31:56  [AT] " S,520,60A,000,651,P1,40" (24)
13:31:56  [AT] "SEND OK" (7)
13:31:57  [TX] S,521,60A,000,652,P1,42
13:31:57  [SLOT] n=544 tx=23 ack=0 due=0 r=1
13:31:57  [AT] "AT+CIPSEND=24" (13)
13:31:57  [AT] " S,521,60A,000,652,P1,42" (24)
13:31:57  [AT] "SEND OK" (7)
13:31:58  [TX] S,522,60A,000,654,P1,47
13:31:58  [SLOT] n=545 tx=23 ack=0 due=0 r=1
13:31:58  [AT] "AT+CIPSEND=24" (13)
13:31:58  [AT] " S,522,60A,000,654,P1,47" (24)
13:31:58  [AT] "SEND OK" (7)
13:31:59  [TX] S,523,60B,000,655,P1,44
13:31:59  [SLOT] n=546 tx=23 ack=0 due=0 r=1
13:31:59  [AT] "AT+CIPSEND=24" (13)
13:31:59  [AT] " S,523,60B,000,655,P1,44" (24)
13:31:59  [AT] "SEND OK" (7)
13:32:00  [TX] S,524,60B,000,656,P1,40
13:32:00  [SLOT] n=547 tx=23 ack=0 due=0 r=1
13:32:00  [AT] "AT+CIPSEND=24" (13)
13:32:01  [AT] " S,524,60B,000,656,P1,40" (24)
13:32:01  [AT] "SEND OK" (7)
13:32:02  [TX] S,525,60B,000,657,P1,40
13:32:02  [SLOT] n=548 tx=23 ack=0 due=0 r=1
13:32:02  [AT] "AT+CIPSEND=24" (13)
13:32:02  [AT] " S,525,60B,000,657,P1,40" (24)
13:32:02  [AT] "SEND OK" (7)
13:32:03  «tap» 살아있음 — 최근 60초 rx=7923B (이 줄이 끊기면 탭이 죽은 것이다)
13:32:03  [TX] S,526,60B,000,658,P1,4C
13:32:03  [SLOT] n=549 tx=23 ack=0 due=0 r=1
13:32:03  [AT] "AT+CIPSEND=24" (13)
13:32:03  [AT] " S,526,60B,000,658,P1,4C" (24)
13:32:03  [AT] "SEND OK" (7)
13:32:04  [TX] S,527,609,000,660,P1,3D
13:32:04  [SLOT] n=550 tx=23 ack=0 due=0 r=1
13:32:04  [CNT] up=660 drop=0 esprst=0 resync=0 sendfail=0 okto=2 stuck=0 ackq=0 ackdrop=0 ackstale=0 slot=550 oow=0 smiss=0 ssovf=0 cksumng=0 okstream=527 penddrop=0 pendfill=528 bigfill=1 bigdrop=0 bigokst=1 oklost=0 bigoklost=0 skip=15 online=1
13:32:04  [RAM] 최저 여유 617 B · 프롬프트 재동기 0회 (서버의 '버린줄' 과 맞아야 한다)
13:32:04  [AT] "AT+CIPSEND=24" (13)
13:32:04  [AT] " S,527,609,000,660,P1,3D" (24)
13:32:04  [AT] "SEND OK" (7)
13:32:05  [TX] S,528,609,000,661,P1,33
13:32:05  [SLOT] n=551 tx=23 ack=0 due=0 r=1
13:32:05  [AT] "AT+CIPSEND=24" (13)
13:32:05  [AT] " S,528,609,000,661,P1,33" (24)
13:32:05  [AT] "SEND OK" (7)
13:32:06  [TX] S,529,609,000,662,P1,31
13:32:06  [SLOT] n=552 tx=23 ack=0 due=0 r=1
13:32:06  [AT] "AT+CIPSEND=24" (13)
13:32:06  [AT] " S,529,609,000,662,P1,31" (24)
13:32:06  [AT] "SEND OK" (7)
13:32:08  [TX] S,530,608,000,663,P1,39
13:32:08  [SLOT] n=553 tx=23 ack=0 due=0 r=1
13:32:08  [AT] "AT+CIPSEND=24" (13)
13:32:08  [AT] " S,530,608,000,663,P1,39" (24)
13:32:08  [AT] "SEND OK" (7)
13:32:09  [TX] S,531,608,000,664,P1,3F
13:32:09  [SLOT] n=554 tx=23 ack=0 due=0 r=1
13:32:09  [AT] "AT+CIPSEND=24" (13)
13:32:09  [AT] " S,531,608,000,664,P1,3F" (24)
13:32:09  [AT] "SEND OK" (7)
13:32:10  [TX] S,532,608,000,666,P1,3E
13:32:10  [SLOT] n=555 tx=23 ack=0 due=0 r=1
13:32:10  [AT] "AT+CIPSEND=24" (13)
13:32:10  [AT] " S,532,608,000,666,P1,3E" (24)
13:32:10  [AT] "SEND OK" (7)
13:32:11  [TX] S,533,608,000,667,P1,3E
13:32:11  [SLOT] n=556 tx=23 ack=0 due=0 r=1
13:32:11  [AT] "AT+CIPSEND=24" (13)
13:32:11  [AT] " S,533,608,000,667,P1,3E" (24)
13:32:11  [AT] "SEND OK" (7)
13:32:12  [TX] S,534,608,000,668,P1,36
13:32:12  [SLOT] n=557 tx=23 ack=0 due=0 r=1
13:32:12  [AT] "AT+CIPSEND=24" (13)
13:32:12  [AT] " S,534,608,000,668,P1,36" (24)
13:32:12  [AT] "SEND OK" (7)
13:32:14  [TX] S,535,608,000,669,P1,36
13:32:14  [SLOT] n=558 tx=23 ack=0 due=0 r=1
13:32:14  [AT] "AT+CIPSEND=24" (13)
13:32:14  [AT] " S,535,608,000,669,P1,36" (24)
13:32:14  [AT] "SEND OK" (7)
13:32:15  [TX] S,536,608,000,670,P1,3D
13:32:15  [SLOT] n=559 tx=23 ack=0 due=0 r=1
13:32:15  [AT] "AT+CIPSEND=24" (13)
13:32:15  [AT] " S,536,608,000,670,P1,3D" (24)
13:32:15  [AT] "SEND OK" (7)
13:32:16  [TX] S,537,60B,000,672,P1,44
13:32:16  [SLOT] n=560 tx=23 ack=0 due=0 r=1
13:32:16  [AT] "AT+CIPSEND=24" (13)
13:32:16  [AT] " S,537,60B,000,672,P1,44" (24)
13:32:16  [AT] "SEND OK" (7)
13:32:17  [TX] S,538,60B,000,673,P1,4A
13:32:17  [SLOT] n=561 tx=23 ack=0 due=0 r=1
13:32:17  [AT] "AT+CIPSEND=24" (13)
13:32:17  [AT] " S,538,60B,000,673,P1,4A" (24)
13:32:17  [AT] "SEND OK" (7)
13:32:18  [TX] S,539,60B,000,674,P1,4C
13:32:18  [SLOT] n=562 tx=23 ack=0 due=0 r=1
13:32:18  [AT] "AT+CIPSEND=24" (13)
13:32:19  [AT] " S,539,60B,000,674,P1,4C" (24)
13:32:19  [AT] "SEND OK" (7)
13:32:19  [TX] S,540,60B,000,675,P1,43
13:32:20  [SLOT] n=563 tx=23 ack=0 due=0 r=1
13:32:20  [AT] "AT+CIPSEND=24" (13)
13:32:20  [AT] " S,540,60B,000,675,P1,43" (24)
13:32:20  [AT] "SEND OK" (7)
13:32:21  [TX] S,541,60B,000,676,P1,41
13:32:21  [SLOT] n=564 tx=23 ack=0 due=0 r=1
13:32:21  [AT] "AT+CIPSEND=24" (13)
13:32:22  [AT] " S,541,60B,000,676,P1,41" (24)
13:32:22  [AT] "SEND OK" (7)
13:32:22  [TX] S,542,60B,000,678,P1,4C
13:32:22  [SLOT] n=565 tx=23 ack=0 due=0 r=1
13:32:22  [AT] "AT+CIPSEND=24" (13)
13:32:22  [AT] " S,542,60B,000,678,P1,4C" (24)
13:32:22  [AT] "SEND OK" (7)
13:32:23  [TX] S,543,60B,000,679,P1,4C
13:32:23  [SLOT] n=566 tx=23 ack=0 due=0 r=1
13:32:23  [AT] "AT+CIPSEND=24" (13)
13:32:23  [AT] " S,543,60B,000,679,P1,4C" (24)
13:32:23  [AT] "SEND OK" (7)
13:32:24  [TX] S,544,60A,000,680,P1,4E
13:32:24  [SLOT] n=567 tx=23 ack=0 due=0 r=1
13:32:24  [AT] "AT+CIPSEND=24" (13)
13:32:25  [AT] " S,544,60A,000,680,P1,4E" (24)
13:32:25  [AT] "SEND OK" (7)
13:32:25  [TX] S,545,60A,000,681,P1,4E
13:32:25  [SLOT] n=568 tx=23 ack=0 due=0 r=1
13:32:25  [AT] "AT+CIPSEND=24" (13)
13:32:26  [AT] " S,545,60A,000,681,P1,4E" (24)
13:32:26  [AT] "SEND OK" (7)
13:32:28  [TX] S,546,60A,000,682,P1,4E
13:32:28  [SLOT] n=569 tx=23 ack=0 due=0 r=1
13:32:28  [AT] "AT+CIPSEND=24" (13)
13:32:29  [TX-WAIT] 앞 전송의 SEND OK 를 아직 못 봤다 — 이번 주기는 건너뛴다
13:32:29  [SLOT] n=570 tx=23 ack=0 due=0 r=0
13:32:29  [AT] " S,546,60A,000,682,P1,4E" (24)
13:32:29  [AT] "SEND OK" (7)
13:32:30  [TX] S,547,608,000,685,P1,31
13:32:30  [SLOT] n=571 tx=23 ack=0 due=0 r=1
13:32:30  [AT] "AT+CIPSEND=24" (13)
13:32:30  [AT] " S,547,608,000,685,P1,31" (24)
13:32:30  [AT] "SEND OK" (7)
13:32:31  [TX] S,548,608,000,686,P1,3D
13:32:31  [SLOT] n=572 tx=23 ack=0 due=0 r=1
13:32:31  [AT] "AT+CIPSEND=24" (13)
13:32:31  [AT] " S,548,608,000,686,P1,3D" (24)
13:32:31  [AT] "SEND OK" (7)
13:32:32  [TX] S,549,608,000,687,P1,3D
13:32:32  [SLOT] n=573 tx=23 ack=0 due=0 r=1
13:32:32  [AT] "AT+CIPSEND=24" (13)
13:32:33  [AT] " S,549,608,000,687,P1,3D" (24)
13:32:33  [AT] "SEND OK" (7)
13:32:34  [TX] S,550,609,000,688,P1,3B
13:32:34  [SLOT] n=574 tx=23 ack=0 due=0 r=1
13:32:34  [AT] "AT+CIPSEND=24" (13)
13:32:34  [AT] " S,550,609,000,688,P1,3B" (24)
13:32:34  [AT] "SEND OK" (7)
13:32:35  [TX] S,551,609,000,690,P1,33
13:32:35  [SLOT] n=575 tx=23 ack=0 due=0 r=1
13:32:35  [AT] "AT+CIPSEND=24" (13)
13:32:35  [AT] " S,551,609,000,690,P1,33" (24)
13:32:35  [AT] "SEND OK" (7)
13:32:36  [TX] S,552,609,000,691,P1,31
13:32:36  [SLOT] n=576 tx=23 ack=0 due=0 r=1
13:32:36  [AT] "AT+CIPSEND=24" (13)
13:32:36  [AT] " S,552,609,000,691,P1,31" (24)
13:32:36  [AT] "SEND OK" (7)
13:32:37  [TX] S,553,609,000,692,P1,33
13:32:37  [SLOT] n=577 tx=23 ack=0 due=0 r=1
13:32:37  [AT] "AT+CIPSEND=24" (13)
13:32:37  [AT] " S,553,609,000,692,P1,33" (24)
13:32:37  [AT] "SEND OK" (7)
13:32:38  [TX] S,554,609,000,693,P1,35
13:32:38  [SLOT] n=578 tx=23 ack=0 due=0 r=1
13:32:38  [AT] "AT+CIPSEND=24" (13)
13:32:38  [AT] " S,554,609,000,693,P1,35" (24)
13:32:38  [AT] "SEND OK" (7)
13:32:40  [TX] S,555,609,000,694,P1,33
13:32:40  [SLOT] n=579 tx=23 ack=0 due=0 r=1
13:32:40  [AT] "AT+CIPSEND=24" (13)
13:32:40  [AT] " S,555,609,000,694,P1,33" (24)
13:32:40  [AT] "SEND OK" (7)
13:32:41  [TX] S,556,60B,000,696,P1,49
13:32:41  [SLOT] n=580 tx=23 ack=0 due=0 r=1
13:32:41  [AT] "AT+CIPSEND=24" (13)
13:32:41  [AT] " S,556,60B,000,696,P1,49" (24)
13:32:41  [AT] "SEND OK" (7)
13:32:42  [TX] S,557,60A,000,697,P1,4A
13:32:42  [SLOT] n=581 tx=23 ack=0 due=0 r=1
13:32:42  [AT] "AT+CIPSEND=24" (13)
13:32:42  [AT] " S,557,60A,000,697,P1,4A" (24)
13:32:42  [AT] "SEND OK" (7)
13:32:43  [TX] S,558,60A,000,698,P1,4A
13:32:43  [SLOT] n=582 tx=23 ack=0 due=0 r=1
13:32:43  [AT] "AT+CIPSEND=24" (13)
13:32:43  [AT] " S,558,60A,000,698,P1,4A" (24)
13:32:43  [AT] "SEND OK" (7)
13:32:44  [TX] S,559,60A,000,699,P1,4A
13:32:44  [SLOT] n=583 tx=23 ack=0 due=0 r=1
13:32:44  [AT] "AT+CIPSEND=24" (13)
13:32:44  [AT] " S,559,60A,000,699,P1,4A" (24)
13:32:44  [AT] "SEND OK" (7)
13:32:46  [TX] S,560,60A,000,700,P1,41
13:32:46  [SLOT] n=584 tx=23 ack=0 due=0 r=1
13:32:46  [AT] "AT+CIPSEND=24" (13)
13:32:46  [AT] " S,560,60A,000,700,P1,41" (24)
13:32:46  [AT] "SEND OK" (7)
13:32:47  [TX] S,561,60A,000,702,P1,42
13:32:47  [SLOT] n=585 tx=23 ack=0 due=0 r=1
13:32:47  [AT] "AT+CIPSEND=24" (13)
13:32:47  [AT] " S,561,60A,000,702,P1,42" (24)
13:32:47  [AT] "SEND OK" (7)
13:32:48  [TX] S,562,60A,000,703,P1,40
13:32:48  [SLOT] n=586 tx=23 ack=0 due=0 r=1
13:32:48  [AT] "AT+CIPSEND=24" (13)
13:32:48  [AT] " S,562,60A,000,703,P1,40" (24)
13:32:48  [AT] "SEND OK" (7)
13:32:49  [TX] S,563,60A,000,704,P1,46
13:32:49  [SLOT] n=587 tx=23 ack=0 due=0 r=1
13:32:49  [AT] "AT+CIPSEND=24" (13)
13:32:49  [AT] " S,563,60A,000,704,P1,46" (24)
13:32:49  [AT] "SEND OK" (7)
13:32:50  [TX] S,564,60B,000,705,P1,43
13:32:50  [SLOT] n=588 tx=23 ack=0 due=0 r=1
13:32:50  [AT] "AT+CIPSEND=24" (13)
13:32:50  [AT] " S,564,60B,000,705,P1,43" (24)
13:32:50  [AT] "SEND OK" (7)
13:32:52  [TX] S,565,60B,000,706,P1,41
13:32:52  [SLOT] n=589 tx=23 ack=0 due=0 r=1
13:32:52  [AT] "AT+CIPSEND=24" (13)
13:32:52  [AT] " S,565,60B,000,706,P1,41" (24)
13:32:52  [AT] "SEND OK" (7)
13:32:53  [TX] S,566,609,000,708,P1,37
13:32:53  [SLOT] n=590 tx=23 ack=0 due=0 r=1
13:32:53  [AT] "AT+CIPSEND=24" (13)
13:32:53  [AT] " S,566,609,000,708,P1,37" (24)
13:32:53  [AT] "SEND OK" (7)
13:32:54  [TX] S,567,609,000,709,P1,37
13:32:54  [SLOT] n=591 tx=23 ack=0 due=0 r=1
13:32:54  [AT] "AT+CIPSEND=24" (13)
13:32:54  [AT] " S,567,609,000,709,P1,37" (24)
13:32:54  [AT] "SEND OK" (7)
13:32:55  [TX] S,568,609,000,710,P1,30
13:32:55  [SLOT] n=592 tx=23 ack=0 due=0 r=1
13:32:55  [AT] "AT+CIPSEND=24" (13)
13:32:55  [AT] " S,568,609,000,710,P1,30" (24)
13:32:55  [AT] "SEND OK" (7)
13:32:56  [TX] S,569,609,000,711,P1,30
13:32:56  [SLOT] n=593 tx=23 ack=0 due=0 r=1
13:32:56  [AT] "AT+CIPSEND=24" (13)
13:32:57  [AT] " S,569,609,000,711,P1,30" (24)
13:32:57  [AT] "SEND OK" (7)
13:32:58  [TX] S,570,609,000,712,P1,3B
13:32:58  [SLOT] n=594 tx=23 ack=0 due=0 r=1
13:32:58  [AT] "AT+CIPSEND=24" (13)
13:32:58  [AT] " S,570,609,000,712,P1,3B" (24)
13:32:58  [AT] "SEND OK" (7)
13:32:59  [TX] S,571,608,000,714,P1,3D
13:32:59  [SLOT] n=595 tx=23 ack=0 due=0 r=1
13:32:59  [AT] "AT+CIPSEND=24" (13)
13:32:59  [AT] " S,571,608,000,714,P1,3D" (24)
13:32:59  [AT] "SEND OK" (7)
13:33:00  [TX] S,572,608,000,715,P1,3F
13:33:00  [SLOT] n=596 tx=23 ack=0 due=0 r=1
13:33:00  [AT] "AT+CIPSEND=24" (13)
13:33:00  [AT] " S,572,608,000,715,P1,3F" (24)
13:33:00  [AT] "SEND OK" (7)
13:33:01  [TX] S,573,608,000,716,P1,3D
13:33:01  [SLOT] n=597 tx=23 ack=0 due=0 r=1
13:33:01  [AT] "AT+CIPSEND=24" (13)
13:33:01  [AT] " S,573,608,000,716,P1,3D" (24)
13:33:01  [AT] "SEND OK" (7)
13:33:02  [TX] S,574,608,000,717,P1,3B
13:33:02  [SLOT] n=598 tx=23 ack=0 due=0 r=1
13:33:02  [AT] "AT+CIPSEND=24" (13)
13:33:02  [AT] " S,574,608,000,717,P1,3B" (24)
13:33:02  [AT] "SEND OK" (7)
13:33:03  [TX] S,575,608,000,718,P1,35
13:33:03  [SLOT] n=599 tx=23 ack=0 due=0 r=1
13:33:03  [AT] "AT+CIPSEND=24" (13)
13:33:04  «tap» 살아있음 — 최근 60초 rx=7959B (이 줄이 끊기면 탭이 죽은 것이다)
13:33:04  [AT] " S,575,608,000,718,P1,35" (24)
13:33:04  [AT] "SEND OK" (7)
13:33:05  [TX] S,576,60A,000,720,P1,44
13:33:05  [SLOT] n=600 tx=23 ack=0 due=0 r=1
13:33:05  [CNT] up=720 drop=0 esprst=0 resync=0 sendfail=0 okto=2 stuck=0 ackq=0 ackdrop=0 ackstale=0 slot=600 oow=0 smiss=0 ssovf=0 cksumng=0 okstream=576 penddrop=0 pendfill=577 bigfill=1 bigdrop=0 bigokst=1 oklost=0 bigoklost=0 skip=16 online=1
13:33:05  [RAM] 최저 여유 617 B · 프롬프트 재동기 0회 (서버의 '버린줄' 과 맞아야 한다)
13:33:05  [AT] "AT+CIPSEND=24" (13)
13:33:05  [AT] " S,576,60A,000,720,P1,44" (24)
13:33:05  [AT] "SEND OK" (7)
13:33:06  [TX] S,577,60A,000,721,P1,44
13:33:06  [SLOT] n=601 tx=23 ack=0 due=0 r=1
13:33:06  [AT] "AT+CIPSEND=24" (13)
13:33:06  [AT] " S,577,60A,000,721,P1,44" (24)
13:33:06  [AT] "SEND OK" (7)
13:33:07  [TX] S,578,60B,000,722,P1,4B
13:33:07  [SLOT] n=602 tx=23 ack=0 due=0 r=1
13:33:07  [AT] "AT+CIPSEND=24" (13)
13:33:07  [AT] " S,578,60B,000,722,P1,4B" (24)
13:33:07  [AT] "SEND OK" (7)
13:33:08  [TX] S,579,60B,000,723,P1,4B
13:33:08  [SLOT] n=603 tx=23 ack=0 due=0 r=1
13:33:08  [AT] "AT+CIPSEND=24" (13)
13:33:08  [AT] " S,579,60B,000,723,P1,4B" (24)
13:33:08  [AT] "SEND OK" (7)
13:33:09  [TX] S,580,60B,000,724,P1,4A
13:33:09  [SLOT] n=604 tx=23 ack=0 due=0 r=1
13:33:09  [AT] "AT+CIPSEND=24" (13)
13:33:10  [AT] " S,580,60B,000,724,P1,4A" (24)
13:33:10  [AT] "SEND OK" (7)
13:33:11  [TX] S,581,60B,000,726,P1,49
13:33:11  [SLOT] n=605 tx=23 ack=0 due=0 r=1
13:33:11  [AT] "AT+CIPSEND=24" (13)
13:33:11  [AT] " S,581,60B,000,726,P1,49" (24)
13:33:11  [AT] "SEND OK" (7)
13:33:12  [TX] S,582,60B,000,727,P1,4B
13:33:12  [SLOT] n=606 tx=23 ack=0 due=0 r=1
13:33:12  [AT] "AT+CIPSEND=24" (13)
13:33:12  [AT] " S,582,60B,000,727,P1,4B" (24)
13:33:12  [AT] "SEND OK" (7)
13:33:13  [TX] S,583,60B,000,728,P1,45
13:33:13  [SLOT] n=607 tx=23 ack=0 due=0 r=1
13:33:13  [AT] "AT+CIPSEND=24" (13)
13:33:14  [TX-WAIT] 앞 전송의 SEND OK 를 아직 못 봤다 — 이번 주기는 건너뛴다
13:33:14  [SLOT] n=608 tx=23 ack=0 due=0 r=0
13:33:14  [AT] " S,583,60B,000,728,P1,45" (24)
13:33:14  [AT] "SEND OK" (7)
13:33:15  [TX] S,584,60A,000,730,P1,48
13:33:15  [SLOT] n=609 tx=23 ack=0 due=0 r=1
13:33:15  [AT] "AT+CIPSEND=24" (13)
13:33:16  [AT] " S,584,60A,000,730,P1,48" (24)
13:33:16  [AT] "SEND OK" (7)
13:33:17  [TX] S,585,608,000,732,P1,32
13:33:17  [SLOT] n=610 tx=23 ack=0 due=0 r=1
13:33:17  [AT] "AT+CIPSEND=24" (13)
13:33:17  [AT] " S,585,608,000,732,P1,32" (24)
13:33:17  [AT] "SEND OK" (7)
13:33:18  [TX] S,586,608,000,733,P1,30
13:33:18  [SLOT] n=611 tx=23 ack=0 due=0 r=1
13:33:18  [AT] "AT+CIPSEND=24" (13)
13:33:18  [AT] " S,586,608,000,733,P1,30" (24)
13:33:18  [AT] "SEND OK" (7)
13:33:19  [TX] S,587,608,000,734,P1,36
13:33:19  [SLOT] n=612 tx=23 ack=0 due=0 r=1
13:33:19  [AT] "AT+CIPSEND=24" (13)
13:33:19  [AT] " S,587,608,000,734,P1,36" (24)
13:33:19  [AT] "SEND OK" (7)
13:33:20  [TX] S,588,608,000,735,P1,38
13:33:20  [SLOT] n=613 tx=23 ack=0 due=0 r=1
13:33:20  [AT] "AT+CIPSEND=24" (13)
13:33:20  [AT] " S,588,608,000,735,P1,38" (24)
13:33:20  [AT] "SEND OK" (7)
13:33:21  [TX] S,589,608,000,736,P1,3A
13:33:21  [SLOT] n=614 tx=23 ack=0 due=0 r=1
13:33:21  [AT] "AT+CIPSEND=24" (13)
13:33:22  [AT] " S,589,608,000,736,P1,3A" (24)
13:33:22  [AT] "SEND OK" (7)
13:33:23  [TX] S,590,608,000,738,P1,3C
13:33:23  [SLOT] n=615 tx=23 ack=0 due=0 r=1
13:33:23  [AT] "AT+CIPSEND=24" (13)
13:33:23  [AT] " S,590,608,000,738,P1,3C" (24)
13:33:23  [AT] "SEND OK" (7)
13:33:24  [TX] S,591,609,000,739,P1,3D
13:33:24  [SLOT] n=616 tx=23 ack=0 due=0 r=1
13:33:24  [AT] "AT+CIPSEND=24" (13)
13:33:24  [AT] " S,591,609,000,739,P1,3D" (24)
13:33:24  [AT] "SEND OK" (7)
13:33:25  [TX] S,592,609,000,740,P1,30
13:33:25  [SLOT] n=617 tx=23 ack=0 due=0 r=1
13:33:25  [AT] "AT+CIPSEND=24" (13)
13:33:25  [AT] " S,592,609,000,740,P1,30" (24)
13:33:25  [AT] "SEND OK" (7)
13:33:26  [TX] S,593,609,000,741,P1,30
13:33:26  [SLOT] n=618 tx=23 ack=0 due=0 r=1
13:33:26  [AT] "AT+CIPSEND=24" (13)
13:33:26  [AT] " S,593,609,000,741,P1,30" (24)
13:33:26  [AT] "SEND OK" (7)
13:33:27  [TX] S,594,609,000,742,P1,34
13:33:27  [SLOT] n=619 tx=23 ack=0 due=0 r=1
13:33:27  [AT] "AT+CIPSEND=24" (13)
13:33:27  [AT] " S,594,609,000,742,P1,34" (24)
13:33:27  [AT] "SEND OK" (7)
13:33:29  [TX] S,595,60B,000,744,P1,48
13:33:29  [SLOT] n=620 tx=23 ack=0 due=0 r=1
13:33:29  [AT] "AT+CIPSEND=24" (13)
13:33:29  [AT] " S,595,60B,000,744,P1,48" (24)
13:33:29  [AT] "SEND OK" (7)
13:33:30  [TX] S,596,60B,000,745,P1,4A
13:33:30  [SLOT] n=621 tx=23 ack=0 due=0 r=1
13:33:30  [AT] "AT+CIPSEND=24" (13)
13:33:30  [AT] " S,596,60B,000,745,P1,4A" (24)
13:33:30  [AT] "SEND OK" (7)
13:33:31  [TX] S,597,60B,000,746,P1,48
13:33:31  [SLOT] n=622 tx=23 ack=0 due=0 r=1
13:33:31  [AT] "AT+CIPSEND=24" (13)
13:33:31  [AT] " S,597,60B,000,746,P1,48" (24)
13:33:31  [AT] "SEND OK" (7)
13:33:32  [TX] S,598,60A,000,747,P1,45
13:33:32  [SLOT] n=623 tx=23 ack=0 due=0 r=1
13:33:32  [AT] "AT+CIPSEND=24" (13)
13:33:32  [AT] " S,598,60A,000,747,P1,45" (24)
13:33:32  [AT] "SEND OK" (7)
13:33:33  [TX] S,599,60A,000,748,P1,4B
13:33:33  [SLOT] n=624 tx=23 ack=0 due=0 r=1
13:33:33  [AT] "AT+CIPSEND=24" (13)
13:33:33  [AT] " S,599,60A,000,748,P1,4B" (24)
13:33:33  [AT] "SEND OK" (7)
13:33:35  [TX] S,600,60A,000,750,P1,41
13:33:35  [SLOT] n=625 tx=23 ack=0 due=0 r=1
13:33:35  [AT] "AT+CIPSEND=24" (13)
13:33:35  [AT] " S,600,60A,000,750,P1,41" (24)
13:33:35  [AT] "SEND OK" (7)
13:33:36  [TX] S,601,60A,000,751,P1,41
13:33:36  [SLOT] n=626 tx=23 ack=0 due=0 r=1
13:33:36  [AT] "AT+CIPSEND=24" (13)
13:33:36  [AT] " S,601,60A,000,751,P1,41" (24)
13:33:36  [AT] "SEND OK" (7)
13:33:37  [TX] S,602,60A,000,752,P1,41
13:33:37  [SLOT] n=627 tx=23 ack=0 due=0 r=1
13:33:37  [AT] "AT+CIPSEND=24" (13)
13:33:37  [AT] " S,602,60A,000,752,P1,41" (24)
13:33:37  [AT] "SEND OK" (7)
13:33:38  [TX] S,603,60A,000,753,P1,41
13:33:38  [SLOT] n=628 tx=23 ack=0 due=0 r=1
13:33:38  [AT] "AT+CIPSEND=24" (13)
13:33:38  [AT] " S,603,60A,000,753,P1,41" (24)
13:33:38  [AT] "SEND OK" (7)
13:33:39  [TX] S,604,60A,000,754,P1,41
13:33:39  [SLOT] n=629 tx=23 ack=0 due=0 r=1
13:33:39  [AT] "AT+CIPSEND=24" (13)
13:33:39  [AT] " S,604,60A,000,754,P1,41" (24)
13:33:39  [AT] "SEND OK" (7)
13:33:41  [TX] S,605,609,000,756,P1,3A
13:33:41  [SLOT] n=630 tx=23 ack=0 due=0 r=1
13:33:41  [AT] "AT+CIPSEND=24" (13)
13:33:41  [AT] " S,605,609,000,756,P1,3A" (24)
13:33:41  [AT] "SEND OK" (7)
13:33:42  [TX] S,606,609,000,757,P1,38
13:33:42  [SLOT] n=631 tx=23 ack=0 due=0 r=1
13:33:42  [AT] "AT+CIPSEND=24" (13)
13:33:42  [AT] " S,606,609,000,757,P1,38" (24)
13:33:42  [AT] "SEND OK" (7)
13:33:43  [TX] S,607,609,000,758,P1,36
13:33:43  [SLOT] n=632 tx=23 ack=0 due=0 r=1
13:33:43  [AT] "AT+CIPSEND=24" (13)
13:33:43  [AT] " S,607,609,000,758,P1,36" (24)
13:33:43  [AT] "SEND OK" (7)
13:33:44  [TX] S,608,609,000,759,P1,38
13:33:44  [SLOT] n=633 tx=23 ack=0 due=0 r=1
13:33:44  [AT] "AT+CIPSEND=24" (13)
13:33:44  [AT] " S,608,609,000,759,P1,38" (24)
13:33:44  [AT] "SEND OK" (7)
13:33:45  [TX] S,609,609,000,760,P1,33
13:33:45  [SLOT] n=634 tx=23 ack=0 due=0 r=1
13:33:45  [AT] "AT+CIPSEND=24" (13)
13:33:45  [AT] " S,609,609,000,760,P1,33" (24)
13:33:45  [AT] "SEND OK" (7)
13:33:46  [TX] S,610,609,000,762,P1,39
13:33:47  [SLOT] n=635 tx=23 ack=0 due=0 r=1
13:33:47  [AT] "AT+CIPSEND=24" (13)
13:33:47  [AT] " S,610,609,000,762,P1,39" (24)
13:33:47  [AT] "SEND OK" (7)
13:33:48  [TX] S,611,609,000,763,P1,39
13:33:48  [SLOT] n=636 tx=23 ack=0 due=0 r=1
13:33:48  [AT] "AT+CIPSEND=24" (13)
13:33:48  [AT] " S,611,609,000,763,P1,39" (24)
13:33:48  [AT] "SEND OK" (7)
13:33:49  [TX] S,612,608,000,764,P1,3C
13:33:49  [SLOT] n=637 tx=23 ack=0 due=0 r=1
13:33:49  [AT] "AT+CIPSEND=24" (13)
13:33:49  [AT] " S,612,608,000,764,P1,3C" (24)
13:33:49  [AT] "SEND OK" (7)
13:33:50  [TX] S,613,608,000,765,P1,3C
13:33:50  [SLOT] n=638 tx=23 ack=0 due=0 r=1
13:33:50  [AT] "AT+CIPSEND=24" (13)
13:33:50  [AT] " S,613,608,000,765,P1,3C" (24)
13:33:50  [AT] "SEND OK" (7)
13:33:51  [TX] S,614,608,000,766,P1,38
13:33:51  [SLOT] n=639 tx=23 ack=0 due=0 r=1
13:33:51  [AT] "AT+CIPSEND=24" (13)
13:33:51  [AT] " S,614,608,000,766,P1,38" (24)
13:33:51  [AT] "SEND OK" (7)
13:33:52  [TX] S,615,60A,000,768,P1,4E
13:33:52  [SLOT] n=640 tx=23 ack=0 due=0 r=1
13:33:52  [AT] "AT+CIPSEND=24" (13)
13:33:53  [AT] " S,615,60A,000,768,P1,4E" (24)
13:33:53  [AT] "SEND OK" (7)
13:33:54  [TX] S,616,60A,000,769,P1,4C
13:33:54  [SLOT] n=641 tx=23 ack=0 due=0 r=1
13:33:54  [AT] "AT+CIPSEND=24" (13)
13:33:54  [AT] " S,616,60A,000,769,P1,4C" (24)
13:33:54  [AT] "SEND OK" (7)
13:33:55  [TX] S,617,60A,000,770,P1,45
13:33:55  [SLOT] n=642 tx=23 ack=0 due=0 r=1
13:33:55  [AT] "AT+CIPSEND=24" (13)
13:33:55  [AT] " S,617,60A,000,770,P1,45" (24)
13:33:55  [AT] "SEND OK" (7)
13:33:56  [TX] S,618,60A,000,771,P1,4B
13:33:56  [SLOT] n=643 tx=23 ack=0 due=0 r=1
13:33:56  [AT] "AT+CIPSEND=24" (13)
13:33:56  [AT] " S,618,60A,000,771,P1,4B" (24)
13:33:56  [AT] "SEND OK" (7)
13:33:57  [TX] S,619,60B,000,772,P1,4A
13:33:57  [SLOT] n=644 tx=23 ack=0 due=0 r=1
13:33:57  [AT] "AT+CIPSEND=24" (13)
13:33:57  [AT] " S,619,60B,000,772,P1,4A" (24)
13:33:57  [AT] "SEND OK" (7)
13:33:58  [TX] S,620,60B,000,774,P1,46
13:33:58  [SLOT] n=645 tx=23 ack=0 due=0 r=1
13:33:58  [AT] "AT+CIPSEND=24" (13)
13:33:58  [AT] " S,620,60B,000,774,P1,46" (24)
13:33:58  [AT] "SEND OK" (7)
13:34:00  [TX] S,621,60B,000,775,P1,46
13:34:00  [SLOT] n=646 tx=23 ack=0 due=0 r=1
13:34:00  [AT] "AT+CIPSEND=24" (13)
13:34:00  [AT] " S,621,60B,000,775,P1,46" (24)
13:34:00  [AT] "SEND OK" (7)
13:34:01  [TX] S,622,60B,000,776,P1,46
13:34:01  [SLOT] n=647 tx=23 ack=0 due=0 r=1
13:34:01  [AT] "AT+CIPSEND=24" (13)
13:34:01  [AT] " S,622,60B,000,776,P1,46" (24)
13:34:01  [AT] "SEND OK" (7)
13:34:02  [TX] S,623,60B,000,777,P1,46
13:34:02  [SLOT] n=648 tx=23 ack=0 due=0 r=1
13:34:02  [AT] "AT+CIPSEND=24" (13)
13:34:02  [AT] " S,623,60B,000,777,P1,46" (24)
13:34:02  [AT] "SEND OK" (7)
13:34:03  [TX] S,624,60B,000,778,P1,4E
13:34:03  [SLOT] n=649 tx=23 ack=0 due=0 r=1
13:34:03  [AT] "AT+CIPSEND=24" (13)
13:34:03  [AT] " S,624,60B,000,778,P1,4E" (24)
13:34:03  [AT] "SEND OK" (7)
13:34:04  «tap» 살아있음 — 최근 60초 rx=7924B (이 줄이 끊기면 탭이 죽은 것이다)
13:34:04  [TX] S,625,609,000,780,P1,33
13:34:04  [SLOT] n=650 tx=23 ack=0 due=0 r=1
13:34:04  [CNT] up=780 drop=0 esprst=0 resync=0 sendfail=0 okto=2 stuck=0 ackq=0 ackdrop=0 ackstale=0 slot=650 oow=0 smiss=0 ssovf=0 cksumng=0 okstream=625 penddrop=0 pendfill=626 bigfill=1 bigdrop=0 bigokst=1 oklost=0 bigoklost=0 skip=17 online=1
13:34:04  [RAM] 최저 여유 617 B · 프롬프트 재동기 0회 (서버의 '버린줄' 과 맞아야 한다)
13:34:04  [AT] "AT+CIPSEND=24" (13)
13:34:05  [AT] " S,625,609,000,780,P1,33" (24)
13:34:05  [AT] "SEND OK" (7)
13:34:06  [TX] S,626,608,000,781,P1,30
13:34:06  [SLOT] n=651 tx=23 ack=0 due=0 r=1
13:34:06  [AT] "AT+CIPSEND=24" (13)
13:34:06  [AT] " S,626,608,000,781,P1,30" (24)
13:34:06  [AT] "SEND OK" (7)
13:34:07  [TX] S,627,608,000,782,P1,32
13:34:07  [SLOT] n=652 tx=23 ack=0 due=0 r=1
13:34:07  [AT] "AT+CIPSEND=24" (13)
13:34:07  [AT] " S,627,608,000,782,P1,32" (24)
13:34:07  [AT] "SEND OK" (7)
13:34:08  [TX] S,628,608,000,783,P1,3C
13:34:08  [SLOT] n=653 tx=23 ack=0 due=0 r=1
13:34:08  [AT] "AT+CIPSEND=24" (13)
13:34:08  [AT] " S,628,608,000,783,P1,3C" (24)
13:34:08  [AT] "SEND OK" (7)
13:34:09  [TX] S,629,608,000,784,P1,3A
13:34:09  [SLOT] n=654 tx=23 ack=0 due=0 r=1
13:34:09  [AT] "AT+CIPSEND=24" (13)
13:34:09  [AT] " S,629,608,000,784,P1,3A" (24)
13:34:09  [AT] "SEND OK" (7)
13:34:10  [TX] S,630,608,000,786,P1,30
13:34:10  [SLOT] n=655 tx=23 ack=0 due=0 r=1
13:34:10  [AT] "AT+CIPSEND=24" (13)
13:34:10  [AT] " S,630,608,000,786,P1,30" (24)
13:34:10  [AT] "SEND OK" (7)
13:34:12  [TX] S,631,608,000,787,P1,30
13:34:12  [SLOT] n=656 tx=23 ack=0 due=0 r=1
13:34:12  [AT] "AT+CIPSEND=24" (13)
13:34:12  [AT] " S,631,608,000,787,P1,30" (24)
13:34:12  [AT] "SEND OK" (7)
13:34:13  [TX] S,632,608,000,788,P1,3C
13:34:13  [SLOT] n=657 tx=23 ack=0 due=0 r=1
13:34:13  [AT] "AT+CIPSEND=24" (13)
13:34:13  [AT] " S,632,608,000,788,P1,3C" (24)
13:34:13  [AT] "SEND OK" (7)
13:34:14  [TX] S,633,609,000,789,P1,3D
13:34:14  [SLOT] n=658 tx=23 ack=0 due=0 r=1
13:34:14  [AT] "AT+CIPSEND=24" (13)
13:34:14  [AT] " S,633,609,000,789,P1,3D" (24)
13:34:14  [AT] "SEND OK" (7)
13:34:15  [TX] S,634,609,000,790,P1,32
13:34:15  [SLOT] n=659 tx=23 ack=0 due=0 r=1
13:34:15  [AT] "AT+CIPSEND=24" (13)
13:34:15  [AT] " S,634,609,000,790,P1,32" (24)
13:34:15  [AT] "SEND OK" (7)
13:34:16  [TX] S,635,60B,000,792,P1,4A
13:34:16  [SLOT] n=660 tx=23 ack=0 due=0 r=1
13:34:16  [AT] "AT+CIPSEND=24" (13)
13:34:16  [AT] " S,635,60B,000,792,P1,4A" (24)
13:34:16  [AT] "SEND OK" (7)
13:34:18  [TX] S,636,60B,000,793,P1,48
13:34:18  [SLOT] n=661 tx=23 ack=0 due=0 r=1
13:34:18  [AT] "AT+CIPSEND=24" (13)
13:34:18  [AT] " S,636,60B,000,793,P1,48" (24)
13:34:18  [AT] "SEND OK" (7)
13:34:19  [TX] S,637,60B,000,794,P1,4E
13:34:19  [SLOT] n=662 tx=23 ack=0 due=0 r=1
13:34:19  [AT] "AT+CIPSEND=24" (13)
13:34:19  [AT] " S,637,60B,000,794,P1,4E" (24)
13:34:19  [AT] "SEND OK" (7)
13:34:20  [TX] S,638,60B,000,795,P1,40
13:34:20  [SLOT] n=663 tx=23 ack=0 due=0 r=1
13:34:20  [AT] "AT+CIPSEND=24" (13)
13:34:20  [AT] " S,638,60B,000,795,P1,40" (24)
13:34:20  [AT] "SEND OK" (7)
13:34:21  [TX] S,639,60B,000,796,P1,42
13:34:21  [SLOT] n=664 tx=23 ack=0 due=0 r=1
13:34:21  [AT] "AT+CIPSEND=24" (13)
13:34:21  [AT] " S,639,60B,000,796,P1,42" (24)
13:34:21  [AT] "SEND OK" (7)
13:34:22  [TX] S,640,60A,000,798,P1,41
13:34:22  [SLOT] n=665 tx=23 ack=0 due=0 r=1
13:34:22  [AT] "AT+CIPSEND=24" (13)
13:34:22  [AT] " S,640,60A,000,798,P1,41" (24)
13:34:22  [AT] "SEND OK" (7)
13:34:24  [TX] S,641,60A,000,799,P1,41
13:34:24  [SLOT] n=666 tx=23 ack=0 due=0 r=1
13:34:24  [AT] "AT+CIPSEND=24" (13)
13:34:24  [AT] " S,641,60A,000,799,P1,41" (24)
13:34:24  [AT] "SEND OK" (7)
13:34:25  [TX] S,642,60A,000,800,P1,4D
13:34:25  [SLOT] n=667 tx=23 ack=0 due=0 r=1
13:34:25  [AT] "AT+CIPSEND=24" (13)
13:34:25  [AT] " S,642,60A,000,800,P1,4D" (24)
13:34:25  [AT] "SEND OK" (7)
13:34:26  [TX] S,643,60A,000,801,P1,4D
13:34:26  [SLOT] n=668 tx=23 ack=0 due=0 r=1
13:34:26  [AT] "AT+CIPSEND=24" (13)
13:34:26  [AT] " S,643,60A,000,801,P1,4D" (24)
13:34:26  [AT] "SEND OK" (7)
13:34:27  [TX] S,644,60A,000,802,P1,49
13:34:27  [SLOT] n=669 tx=23 ack=0 due=0 r=1
13:34:27  [AT] "AT+CIPSEND=24" (13)
13:34:27  [AT] " S,644,60A,000,802,P1,49" (24)
13:34:27  [AT] "SEND OK" (7)
13:34:28  [TX] S,645,608,000,804,P1,37
13:34:28  [SLOT] n=670 tx=23 ack=0 due=0 r=1
13:34:28  [AT] "AT+CIPSEND=24" (13)
13:34:28  [AT] " S,645,608,000,804,P1,37" (24)
13:34:28  [AT] "SEND OK" (7)
13:34:30  [TX] S,646,608,000,805,P1,35
13:34:30  [SLOT] n=671 tx=23 ack=0 due=0 r=1
13:34:30  [AT] "AT+CIPSEND=24" (13)
13:34:30  [AT] " S,646,608,000,805,P1,35" (24)
13:34:30  [AT] "SEND OK" (7)
13:34:31  [TX] S,647,609,000,806,P1,36
13:34:31  [SLOT] n=672 tx=23 ack=0 due=0 r=1
13:34:31  [AT] "AT+CIPSEND=24" (13)
13:34:31  [AT] " S,647,609,000,806,P1,36" (24)
13:34:31  [AT] "SEND OK" (7)
13:34:32  [TX] S,648,609,000,807,P1,38
13:34:32  [SLOT] n=673 tx=23 ack=0 due=0 r=1
13:34:32  [AT] "AT+CIPSEND=24" (13)
13:34:33  [AT] " S,648,609,000,807,P1,38" (24)
13:34:33  [AT] "SEND OK" (7)
13:34:33  [TX] S,649,609,000,808,P1,36
13:34:33  [SLOT] n=674 tx=23 ack=0 due=0 r=1
13:34:33  [AT] "AT+CIPSEND=24" (13)
13:34:33  [AT] " S,649,609,000,808,P1,36" (24)
13:34:33  [AT] "SEND OK" (7)
13:34:34  [TX] S,650,609,000,810,P1,37
13:34:34  [SLOT] n=675 tx=23 ack=0 due=0 r=1
13:34:34  [AT] "AT+CIPSEND=24" (13)
13:34:34  [AT] " S,650,609,000,810,P1,37" (24)
13:34:34  [AT] "SEND OK" (7)
13:34:35  [TX] S,651,609,000,811,P1,37
13:34:35  [SLOT] n=676 tx=23 ack=0 due=0 r=1
13:34:35  [AT] "AT+CIPSEND=24" (13)
13:34:36  [AT] " S,651,609,000,811,P1,37" (24)
13:34:36  [AT] "SEND OK" (7)
13:34:37  [TX] S,652,609,000,812,P1,37
13:34:37  [SLOT] n=677 tx=23 ack=0 due=0 r=1
13:34:37  [AT] "AT+CIPSEND=24" (13)
13:34:37  [AT] " S,652,609,000,812,P1,37" (24)
13:34:37  [AT] "SEND OK" (7)
13:34:38  [TX] S,653,609,000,813,P1,37
13:34:38  [SLOT] n=678 tx=23 ack=0 due=0 r=1
13:34:38  [AT] "AT+CIPSEND=24" (13)
13:34:38  [AT] " S,653,609,000,813,P1,37" (24)
13:34:38  [AT] "SEND OK" (7)
13:34:39  [TX] S,654,608,000,814,P1,36
13:34:39  [SLOT] n=679 tx=23 ack=0 due=0 r=1
13:34:39  [AT] "AT+CIPSEND=24" (13)
13:34:39  [AT] " S,654,608,000,814,P1,36" (24)
13:34:39  [AT] "SEND OK" (7)
13:34:40  [TX] S,655,60A,000,816,P1,4C
13:34:40  [SLOT] n=680 tx=23 ack=0 due=0 r=1
13:34:40  [AT] "AT+CIPSEND=24" (13)
13:34:40  [AT] " S,655,60A,000,816,P1,4C" (24)
13:34:40  [AT] "SEND OK" (7)
13:34:41  [TX] S,656,60A,000,817,P1,4E
13:34:41  [SLOT] n=681 tx=23 ack=0 due=0 r=1
13:34:41  [AT] "AT+CIPSEND=24" (13)
13:34:42  [AT] " S,656,60A,000,817,P1,4E" (24)
13:34:42  [AT] "SEND OK" (7)
13:34:43  [TX] S,657,60A,000,818,P1,40
13:34:43  [SLOT] n=682 tx=23 ack=0 due=0 r=1
13:34:43  [AT] "AT+CIPSEND=24" (13)
13:34:43  [AT] " S,657,60A,000,818,P1,40" (24)
13:34:43  [AT] "SEND OK" (7)
13:34:44  [TX] S,658,60A,000,819,P1,4E
13:34:44  [SLOT] n=683 tx=23 ack=0 due=0 r=1
13:34:44  [AT] "AT+CIPSEND=24" (13)
13:34:44  [AT] " S,658,60A,000,819,P1,4E" (24)
13:34:44  [AT] "SEND OK" (7)
13:34:45  [TX] S,659,60A,000,820,P1,45
13:34:45  [SLOT] n=684 tx=23 ack=0 due=0 r=1
13:34:45  [AT] "AT+CIPSEND=24" (13)
13:34:45  [AT] " S,659,60A,000,820,P1,45" (24)
13:34:45  [AT] "SEND OK" (7)
13:34:47  [TX] S,660,60A,000,822,P1,4D
13:34:47  [SLOT] n=685 tx=23 ack=0 due=0 r=1
13:34:47  [AT] "AT+CIPSEND=24" (13)
13:34:47  [AT] " S,660,60A,000,822,P1,4D" (24)
13:34:47  [AT] "SEND OK" (7)
13:34:48  [TX] S,661,60B,000,823,P1,4E
13:34:48  [SLOT] n=686 tx=23 ack=0 due=0 r=1
13:34:48  [AT] "AT+CIPSEND=24" (13)
13:34:49  [AT] " S,661,60B,000,823,P1,4E" (24)
13:34:49  [AT] "SEND OK" (7)
13:34:50  [TX] S,662,60B,000,824,P1,4A
13:34:50  [SLOT] n=687 tx=23 ack=0 due=0 r=1
13:34:50  [AT] "AT+CIPSEND=24" (13)
13:34:50  [AT] " S,662,60B,000,824,P1,4A" (24)
13:34:50  [AT] "SEND OK" (7)
13:34:51  [TX] S,663,60B,000,825,P1,4A
13:34:51  [SLOT] n=688 tx=23 ack=0 due=0 r=1
13:34:51  [AT] "AT+CIPSEND=24" (13)
13:34:51  [AT] " S,663,60B,000,825,P1,4A" (24)
13:34:51  [AT] "SEND OK" (7)
13:34:52  [TX] S,664,60B,000,826,P1,4E
13:34:52  [SLOT] n=689 tx=23 ack=0 due=0 r=1
13:34:52  [AT] "AT+CIPSEND=24" (13)
13:34:52  [AT] " S,664,60B,000,826,P1,4E" (24)
13:34:52  [AT] "SEND OK" (7)
13:34:53  [TX] S,665,609,000,828,P1,3A
13:34:53  [SLOT] n=690 tx=23 ack=0 due=0 r=1
13:34:53  [AT] "AT+CIPSEND=24" (13)
13:34:53  [AT] " S,665,609,000,828,P1,3A" (24)
13:34:53  [AT] "SEND OK" (7)
13:34:54  [TX] S,666,609,000,829,P1,38
13:34:54  [SLOT] n=691 tx=23 ack=0 due=0 r=1
13:34:54  [AT] "AT+CIPSEND=24" (13)
13:34:54  [AT] " S,666,609,000,829,P1,38" (24)
13:34:54  [AT] "SEND OK" (7)
13:34:56  [TX] S,667,609,000,830,P1,31
13:34:56  [SLOT] n=692 tx=23 ack=0 due=0 r=1
13:34:56  [AT] "AT+CIPSEND=24" (13)
13:34:56  [AT] " S,667,609,000,830,P1,31" (24)
13:34:56  [AT] "SEND OK" (7)
13:34:57  [TX] S,668,608,000,831,P1,3E
13:34:57  [SLOT] n=693 tx=23 ack=0 due=0 r=1
13:34:57  [AT] "AT+CIPSEND=24" (13)
13:34:57  [AT] " S,668,608,000,831,P1,3E" (24)
13:34:57  [AT] "SEND OK" (7)
13:34:58  [TX] S,669,608,000,832,P1,3C
13:34:58  [SLOT] n=694 tx=23 ack=0 due=0 r=1
13:34:58  [AT] "AT+CIPSEND=24" (13)
13:34:58  [AT] " S,669,608,000,832,P1,3C" (24)
13:34:58  [AT] "SEND OK" (7)
13:34:59  [TX] S,670,608,000,834,P1,32
13:34:59  [SLOT] n=695 tx=23 ack=0 due=0 r=1
13:34:59  [AT] "AT+CIPSEND=24" (13)
13:34:59  [AT] " S,670,608,000,834,P1,32" (24)
13:34:59  [AT] "SEND OK" (7)
13:35:00  [TX] S,671,608,000,835,P1,32
13:35:00  [SLOT] n=696 tx=23 ack=0 due=0 r=1
13:35:00  [AT] "AT+CIPSEND=24" (13)
13:35:00  [AT] " S,671,608,000,835,P1,32" (24)
13:35:00  [AT] "SEND OK" (7)
13:35:02  [TX] S,672,608,000,836,P1,32
13:35:02  [SLOT] n=697 tx=23 ack=0 due=0 r=1
13:35:02  [AT] "AT+CIPSEND=24" (13)
13:35:02  [AT] " S,672,608,000,836,P1,32" (24)
13:35:02  [AT] "SEND OK" (7)
13:35:03  [TX] S,673,608,000,837,P1,32
13:35:03  [SLOT] n=698 tx=23 ack=0 due=0 r=1
13:35:03  [AT] "AT+CIPSEND=24" (13)
13:35:03  [AT] " S,673,608,000,837,P1,32" (24)
13:35:03  [AT] "SEND OK" (7)
13:35:04  [TX] S,674,608,000,838,P1,3A
13:35:04  [SLOT] n=699 tx=23 ack=0 due=0 r=1
13:35:04  [AT] "AT+CIPSEND=24" (13)
13:35:05  «tap» 살아있음 — 최근 60초 rx=7834B (이 줄이 끊기면 탭이 죽은 것이다)
13:35:05  [AT] " S,674,608,000,838,P1,3A" (24)
13:35:05  [AT] "SEND OK" (7)
13:35:05  [TX] S,675,60B,000,840,P1,4E
13:35:05  [SLOT] n=700 tx=23 ack=0 due=0 r=1
13:35:05  [CNT] up=840 drop=0 esprst=0 resync=0 sendfail=0 okto=2 stuck=0 ackq=0 ackdrop=0 ackstale=0 slot=700 oow=0 smiss=0 ssovf=0 cksumng=0 okstream=675 penddrop=0 pendfill=676 bigfill=1 bigdrop=0 bigokst=1 oklost=0 bigoklost=0 skip=17 online=1
13:35:05  [RAM] 최저 여유 617 B · 프롬프트 재동기 0회 (서버의 '버린줄' 과 맞아야 한다)
13:35:05  [AT] "AT+CIPSEND=24" (13)
13:35:05  [AT] " S,675,60B,000,840,P1,4E" (24)
13:35:05  [AT] "SEND OK" (7)
13:35:06  [TX] S,676,60B,000,841,P1,4C
13:35:06  [SLOT] n=701 tx=23 ack=0 due=0 r=1
13:35:06  [AT] "AT+CIPSEND=24" (13)
13:35:06  [AT] " S,676,60B,000,841,P1,4C" (24)
13:35:06  [AT] "SEND OK" (7)
13:35:08  [TX] S,677,60B,000,842,P1,4E
13:35:08  [SLOT] n=702 tx=23 ack=0 due=0 r=1
13:35:08  [AT] "AT+CIPSEND=24" (13)
13:35:08  [AT] " S,677,60B,000,842,P1,4E" (24)
13:35:08  [AT] "SEND OK" (7)
13:35:09  [TX] S,678,60B,000,843,P1,40
13:35:09  [SLOT] n=703 tx=23 ack=0 due=0 r=1
13:35:09  [AT] "AT+CIPSEND=24" (13)
13:35:09  [AT] " S,678,60B,000,843,P1,40" (24)
13:35:09  [AT] "SEND OK" (7)
13:35:10  [TX] S,679,60B,000,844,P1,46
13:35:10  [SLOT] n=704 tx=23 ack=0 due=0 r=1
13:35:10  [AT] "AT+CIPSEND=24" (13)
13:35:10  [AT] " S,679,60B,000,844,P1,46" (24)
13:35:10  [AT] "SEND OK" (7)
13:35:11  [TX] S,680,60B,000,846,P1,42
13:35:11  [SLOT] n=705 tx=23 ack=0 due=0 r=1
13:35:11  [AT] "AT+CIPSEND=24" (13)
13:35:11  [AT] " S,680,60B,000,846,P1,42" (24)
13:35:11  [AT] "SEND OK" (7)
13:35:12  [TX] S,681,60B,000,847,P1,42
13:35:12  [SLOT] n=706 tx=23 ack=0 due=0 r=1
13:35:12  [AT] "AT+CIPSEND=24" (13)
13:35:12  [AT] " S,681,60B,000,847,P1,42" (24)
13:35:12  [AT] "SEND OK" (7)
13:35:14  [TX] S,682,60A,000,848,P1,4D
13:35:14  [SLOT] n=707 tx=23 ack=0 due=0 r=1
13:35:14  [AT] "AT+CIPSEND=24" (13)
13:35:14  [AT] " S,682,60A,000,848,P1,4D" (24)
13:35:14  [AT] "SEND OK" (7)
13:35:15  [TX] S,683,60A,000,849,P1,4D
13:35:15  [SLOT] n=708 tx=23 ack=0 due=0 r=1
13:35:15  [AT] "AT+CIPSEND=24" (13)
13:35:15  [AT] " S,683,60A,000,849,P1,4D" (24)
13:35:15  [AT] "SEND OK" (7)
13:35:16  [TX] S,684,60A,000,850,P1,42
13:35:16  [SLOT] n=709 tx=23 ack=0 due=0 r=1
13:35:16  [AT] "AT+CIPSEND=24" (13)
13:35:16  [AT] " S,684,60A,000,850,P1,42" (24)
13:35:16  [AT] "SEND OK" (7)
13:35:17  [TX] S,685,608,000,852,P1,38
13:35:17  [SLOT] n=710 tx=23 ack=0 due=0 r=1
13:35:17  [AT] "AT+CIPSEND=24" (13)
13:35:17  [AT] " S,685,608,000,852,P1,38" (24)
13:35:17  [AT] "SEND OK" (7)
13:35:18  [TX] S,686,608,000,853,P1,3A
13:35:18  [SLOT] n=711 tx=23 ack=0 due=0 r=1
13:35:18  [AT] "AT+CIPSEND=24" (13)
13:35:18  [AT] " S,686,608,000,853,P1,3A" (24)
13:35:18  [AT] "SEND OK" (7)
13:35:19  [TX] S,687,608,000,854,P1,3C
13:35:19  [SLOT] n=712 tx=23 ack=0 due=0 r=1
13:35:19  [AT] "AT+CIPSEND=24" (13)
13:35:20  [AT] " S,687,608,000,854,P1,3C" (24)
13:35:20  [AT] "SEND OK" (7)
13:35:21  [TX] S,688,608,000,855,P1,32
13:35:21  [SLOT] n=713 tx=23 ack=0 due=0 r=1
13:35:21  [AT] "AT+CIPSEND=24" (13)
13:35:21  [AT] " S,688,608,000,855,P1,32" (24)
13:35:21  [AT] "SEND OK" (7)
13:35:22  [TX] S,689,609,000,856,P1,31
13:35:22  [SLOT] n=714 tx=23 ack=0 due=0 r=1
13:35:22  [AT] "AT+CIPSEND=24" (13)
13:35:22  [AT] " S,689,609,000,856,P1,31" (24)
13:35:22  [AT] "SEND OK" (7)
13:35:23  [TX] S,690,609,000,858,P1,37
13:35:23  [SLOT] n=715 tx=23 ack=0 due=0 r=1
13:35:23  [AT] "AT+CIPSEND=24" (13)
13:35:23  [AT] " S,690,609,000,858,P1,37" (24)
13:35:23  [AT] "SEND OK" (7)
13:35:24  [TX] S,691,609,000,859,P1,37
13:35:24  [SLOT] n=716 tx=23 ack=0 due=0 r=1
13:35:24  [AT] "AT+CIPSEND=24" (13)
13:35:24  [AT] " S,691,609,000,859,P1,37" (24)
13:35:24  [AT] "SEND OK" (7)
13:35:25  [TX] S,692,609,000,860,P1,3E
13:35:25  [SLOT] n=717 tx=23 ack=0 due=0 r=1
13:35:25  [AT] "AT+CIPSEND=24" (13)
13:35:26  [AT] " S,692,609,000,860,P1,3E" (24)
13:35:26  [AT] "SEND OK" (7)
13:35:27  [TX] S,693,609,000,861,P1,3E
13:35:27  [SLOT] n=718 tx=23 ack=0 due=0 r=1
13:35:27  [AT] "AT+CIPSEND=24" (13)
13:35:27  [AT] " S,693,609,000,861,P1,3E" (24)
13:35:27  [AT] "SEND OK" (7)
13:35:28  [TX] S,694,609,000,862,P1,3A
13:35:28  [SLOT] n=719 tx=23 ack=0 due=0 r=1
13:35:28  [AT] "AT+CIPSEND=24" (13)
13:35:28  [AT] " S,694,609,000,862,P1,3A" (24)
13:35:28  [AT] "SEND OK" (7)
13:35:29  [TX] S,695,60B,000,864,P1,46
13:35:29  [SLOT] n=720 tx=23 ack=0 due=0 r=1
13:35:29  [AT] "AT+CIPSEND=24" (13)
13:35:29  [AT] " S,695,60B,000,864,P1,46" (24)
13:35:29  [AT] "SEND OK" (7)
13:35:30  [TX] S,696,60A,000,865,P1,47
13:35:30  [SLOT] n=721 tx=23 ack=0 due=0 r=1
13:35:30  [AT] "AT+CIPSEND=24" (13)
13:35:30  [AT] " S,696,60A,000,865,P1,47" (24)
13:35:30  [AT] "SEND OK" (7)
13:35:31  [TX] S,697,60A,000,866,P1,45
13:35:31  [SLOT] n=722 tx=23 ack=0 due=0 r=1
13:35:31  [AT] "AT+CIPSEND=24" (13)
13:35:31  [AT] " S,697,60A,000,866,P1,45" (24)
13:35:31  [AT] "SEND OK" (7)
13:35:33  [TX] S,698,60A,000,867,P1,4B
13:35:33  [SLOT] n=723 tx=23 ack=0 due=0 r=1
13:35:33  [AT] "AT+CIPSEND=24" (13)
13:35:33  [AT] " S,698,60A,000,867,P1,4B" (24)
13:35:33  [AT] "SEND OK" (7)
13:35:34  [TX] S,699,60A,000,868,P1,45
13:35:34  [SLOT] n=724 tx=23 ack=0 due=0 r=1
13:35:34  [AT] "AT+CIPSEND=24" (13)
13:35:34  [AT] " S,699,60A,000,868,P1,45" (24)
13:35:34  [AT] "SEND OK" (7)
13:35:35  [TX] S,700,60A,000,870,P1,4D
13:35:35  [SLOT] n=725 tx=23 ack=0 due=0 r=1
13:35:35  [AT] "AT+CIPSEND=24" (13)
13:35:35  [AT] " S,700,60A,000,870,P1,4D" (24)
13:35:35  [AT] "SEND OK" (7)
13:35:36  [TX] S,701,60A,000,871,P1,4D
13:35:36  [SLOT] n=726 tx=23 ack=0 due=0 r=1
13:35:36  [AT] "AT+CIPSEND=24" (13)
13:35:36  [AT] " S,701,60A,000,871,P1,4D" (24)
13:35:36  [AT] "SEND OK" (7)
13:35:37  [TX] S,702,60A,000,872,P1,4D
13:35:37  [SLOT] n=727 tx=23 ack=0 due=0 r=1
13:35:37  [AT] "AT+CIPSEND=24" (13)
13:35:37  [AT] " S,702,60A,000,872,P1,4D" (24)
13:35:37  [AT] "SEND OK" (7)
13:35:39  [TX] S,703,60B,000,873,P1,4E
13:35:39  [SLOT] n=728 tx=23 ack=0 due=0 r=1
13:35:39  [AT] "AT+CIPSEND=24" (13)
13:35:39  [AT] " S,703,60B,000,873,P1,4E" (24)
13:35:39  [AT] "SEND OK" (7)
13:35:40  [TX] S,704,60B,000,874,P1,4E
13:35:40  [SLOT] n=729 tx=23 ack=0 due=0 r=1
13:35:40  [AT] "AT+CIPSEND=24" (13)
13:35:40  [AT] " S,704,60B,000,874,P1,4E" (24)
13:35:40  [AT] "SEND OK" (7)
13:35:41  [TX] S,705,609,000,876,P1,36
13:35:41  [SLOT] n=730 tx=23 ack=0 due=0 r=1
13:35:41  [AT] "AT+CIPSEND=24" (13)
13:35:41  [AT] " S,705,609,000,876,P1,36" (24)
13:35:41  [AT] "SEND OK" (7)
13:35:42  [TX] S,706,609,000,877,P1,34
13:35:42  [SLOT] n=731 tx=23 ack=0 due=0 r=1
13:35:42  [AT] "AT+CIPSEND=24" (13)
13:35:42  [AT] " S,706,609,000,877,P1,34" (24)
13:35:42  [AT] "SEND OK" (7)
13:35:43  [TX] S,707,609,000,878,P1,3A
13:35:43  [SLOT] n=732 tx=23 ack=0 due=0 r=1
13:35:43  [AT] "AT+CIPSEND=24" (13)
13:35:43  [AT] " S,707,609,000,878,P1,3A" (24)
13:35:43  [AT] "SEND OK" (7)
13:35:45  [TX] S,708,609,000,879,P1,34
13:35:45  [SLOT] n=733 tx=23 ack=0 due=0 r=1
13:35:45  [AT] "AT+CIPSEND=24" (13)
13:35:45  [AT] " S,708,609,000,879,P1,34" (24)
13:35:45  [AT] "SEND OK" (7)
13:35:46  [TX] S,709,609,000,880,P1,33
13:35:46  [SLOT] n=734 tx=23 ack=0 due=0 r=1
13:35:46  [AT] "AT+CIPSEND=24" (13)
13:35:46  [AT] " S,709,609,000,880,P1,33" (24)
13:35:46  [AT] "SEND OK" (7)
13:35:47  [TX] S,710,608,000,882,P1,38
13:35:47  [SLOT] n=735 tx=23 ack=0 due=0 r=1
13:35:47  [AT] "AT+CIPSEND=24" (13)
13:35:47  [AT] " S,710,608,000,882,P1,38" (24)
13:35:47  [AT] "SEND OK" (7)
13:35:48  [TX] S,711,608,000,883,P1,38
13:35:48  [SLOT] n=736 tx=23 ack=0 due=0 r=1
13:35:48  [AT] "AT+CIPSEND=24" (13)
13:35:49  [AT] " S,711,608,000,883,P1,38" (24)
13:35:49  [AT] "SEND OK" (7)
13:35:49  [TX] S,712,608,000,884,P1,3C
13:35:49  [SLOT] n=737 tx=23 ack=0 due=0 r=1
13:35:49  [AT] "AT+CIPSEND=24" (13)
13:35:49  [AT] " S,712,608,000,884,P1,3C" (24)
13:35:49  [AT] "SEND OK" (7)
13:35:51  [TX] S,713,608,000,885,P1,3C
13:35:51  [SLOT] n=738 tx=23 ack=0 due=0 r=1
13:35:51  [AT] "AT+CIPSEND=24" (13)
13:35:51  [AT] " S,713,608,000,885,P1,3C" (24)
13:35:51  [AT] "SEND OK" (7)
13:35:52  [TX] S,714,608,000,886,P1,38
13:35:52  [SLOT] n=739 tx=23 ack=0 due=0 r=1
13:35:52  [AT] "AT+CIPSEND=24" (13)
13:35:52  [AT] " S,714,608,000,886,P1,38" (24)
13:35:52  [AT] "SEND OK" (7)
13:35:53  [TX] S,715,60A,000,888,P1,4E
13:35:53  [SLOT] n=740 tx=23 ack=0 due=0 r=1
13:35:53  [AT] "AT+CIPSEND=24" (13)
13:35:53  [AT] " S,715,60A,000,888,P1,4E" (24)
13:35:53  [AT] "SEND OK" (7)
13:35:54  [TX] S,716,60A,000,889,P1,4C
13:35:54  [SLOT] n=741 tx=23 ack=0 due=0 r=1
13:35:54  [AT] "AT+CIPSEND=24" (13)
13:35:54  [AT] " S,716,60A,000,889,P1,4C" (24)
13:35:54  [AT] "SEND OK" (7)
13:35:55  [TX] S,717,60B,000,890,P1,46
13:35:55  [SLOT] n=742 tx=23 ack=0 due=0 r=1
13:35:55  [AT] "AT+CIPSEND=24" (13)
13:35:55  [AT] " S,717,60B,000,890,P1,46" (24)
13:35:55  [AT] "SEND OK" (7)
13:35:57  [TX] S,718,60B,000,891,P1,48
13:35:57  [SLOT] n=743 tx=23 ack=0 due=0 r=1
13:35:57  [AT] "AT+CIPSEND=24" (13)
13:35:57  [AT] " S,718,60B,000,891,P1,48" (24)
13:35:57  [AT] "SEND OK" (7)
13:35:58  [TX] S,719,60B,000,892,P1,4A
13:35:58  [SLOT] n=744 tx=23 ack=0 due=0 r=1
13:35:58  [AT] "AT+CIPSEND=24" (13)
13:35:58  [AT] " S,719,60B,000,892,P1,4A" (24)
13:35:58  [AT] "SEND OK" (7)
13:35:59  [TX] S,720,60B,000,894,P1,46
13:35:59  [SLOT] n=745 tx=23 ack=0 due=0 r=1
13:35:59  [AT] "AT+CIPSEND=24" (13)
13:35:59  [AT] " S,720,60B,000,894,P1,46" (24)
13:35:59  [AT] "SEND OK" (7)
13:36:00  [TX] S,721,60B,000,895,P1,46
13:36:00  [SLOT] n=746 tx=23 ack=0 due=0 r=1
13:36:00  [AT] "AT+CIPSEND=24" (13)
13:36:00  [AT] " S,721,60B,000,895,P1,46" (24)
13:36:00  [AT] "SEND OK" (7)
13:36:01  [TX] S,722,60B,000,896,P1,46
13:36:01  [SLOT] n=747 tx=23 ack=0 due=0 r=1
13:36:01  [AT] "AT+CIPSEND=24" (13)
13:36:02  [AT] " S,722,60B,000,896,P1,46" (24)
13:36:02  [AT] "SEND OK" (7)
13:36:03  [TX] S,723,60B,000,897,P1,46
13:36:03  [SLOT] n=748 tx=23 ack=0 due=0 r=1
13:36:03  [AT] "AT+CIPSEND=24" (13)
13:36:03  [AT] " S,723,60B,000,897,P1,46" (24)
13:36:03  [AT] "SEND OK" (7)
13:36:04  [TX] S,724,60A,000,898,P1,4D
13:36:04  [SLOT] n=749 tx=23 ack=0 due=0 r=1
13:36:04  [AT] "AT+CIPSEND=24" (13)
13:36:04  [AT] " S,724,60A,000,898,P1,4D" (24)
13:36:04  [AT] "SEND OK" (7)
13:36:05  «tap» 살아있음 — 최근 60초 rx=7950B (이 줄이 끊기면 탭이 죽은 것이다)
13:36:05  [TX] S,725,608,000,900,P1,35
13:36:05  [SLOT] n=750 tx=23 ack=0 due=0 r=1
13:36:05  [CNT] up=900 drop=0 esprst=0 resync=0 sendfail=0 okto=2 stuck=0 ackq=0 ackdrop=0 ackstale=0 slot=750 oow=0 smiss=0 ssovf=0 cksumng=0 okstream=725 penddrop=0 pendfill=726 bigfill=1 bigdrop=0 bigokst=1 oklost=0 bigoklost=0 skip=17 online=1
13:36:05  [RAM] 최저 여유 617 B · 프롬프트 재동기 0회 (서버의 '버린줄' 과 맞아야 한다)
13:36:05  [AT] "AT+CIPSEND=24" (13)
13:36:05  [AT] " S,725,608,000,900,P1,35" (24)
13:36:05  [AT] "SEND OK" (7)
13:36:06  [TX] S,726,608,000,901,P1,37
13:36:06  [SLOT] n=751 tx=23 ack=0 due=0 r=1
13:36:06  [AT] "AT+CIPSEND=24" (13)
13:36:06  [AT] " S,726,608,000,901,P1,37" (24)
13:36:06  [AT] "SEND OK" (7)
13:36:07  [TX] S,727,608,000,902,P1,35
13:36:07  [SLOT] n=752 tx=23 ack=0 due=0 r=1
13:36:07  [AT] "AT+CIPSEND=24" (13)
13:36:08  [TX-WAIT] 앞 전송의 SEND OK 를 아직 못 봤다 — 이번 주기는 건너뛴다
13:36:08  [SLOT] n=753 tx=23 ack=0 due=0 r=0
13:36:10  [TX-WAIT] ★ T1 초과 — 그래도 계속 기다린다(두들기지 않는다)
13:36:10  [TX-WAIT] 앞 전송의 SEND OK 를 아직 못 봤다 — 이번 주기는 건너뛴다
13:36:10  [SLOT] n=754 tx=23 ack=0 due=0 r=0
13:36:11  [TX-WAIT] 앞 전송의 SEND OK 를 아직 못 봤다 — 이번 주기는 건너뛴다
13:36:11  [SLOT] n=755 tx=23 ack=0 due=0 r=0
13:36:12  [TX-WAIT] 앞 전송의 SEND OK 를 아직 못 봤다 — 이번 주기는 건너뛴다
13:36:12  [SLOT] n=756 tx=23 ack=0 due=0 r=0
13:36:12  [AT] " S,727,608,000,902,P1,35" (24)
13:36:12  [AT] "SEND OK" (7)
13:36:13  [TX] S,728,609,000,908,P1,31
13:36:13  [SLOT] n=757 tx=23 ack=0 due=0 r=1
13:36:13  [AT] "AT+CIPSEND=24" (13)
13:36:13  [AT] " S,728,609,000,908,P1,31" (24)
13:36:13  [AT] "SEND OK" (7)
13:36:14  [TX] S,729,609,000,909,P1,31
13:36:14  [SLOT] n=758 tx=23 ack=0 due=0 r=1
13:36:14  [AT] "AT+CIPSEND=24" (13)
13:36:15  [AT] " S,729,609,000,909,P1,31" (24)
13:36:15  [AT] "SEND OK" (7)
13:36:16  [TX] S,730,609,000,910,P1,31
13:36:16  [SLOT] n=759 tx=23 ack=0 due=0 r=1
13:36:16  [AT] "AT+CIPSEND=24" (13)
13:36:16  [AT] " S,730,609,000,910,P1,31" (24)
13:36:16  [AT] "SEND OK" (7)
13:36:17  [TX] S,731,60B,000,912,P1,49
13:36:17  [SLOT] n=760 tx=23 ack=0 due=0 r=1
13:36:17  [AT] "AT+CIPSEND=24" (13)
13:36:17  [AT] " S,731,60B,000,912,P1,49" (24)
13:36:17  [AT] "SEND OK" (7)
13:36:18  [TX] S,732,60B,000,913,P1,4B
13:36:18  [SLOT] n=761 tx=23 ack=0 due=0 r=1
13:36:18  [AT] "AT+CIPSEND=24" (13)
13:36:18  [AT] " S,732,60B,000,913,P1,4B" (24)
13:36:18  [AT] "SEND OK" (7)
13:36:19  [TX] S,733,60B,000,914,P1,4D
13:36:19  [SLOT] n=762 tx=23 ack=0 due=0 r=1
13:36:19  [AT] "AT+CIPSEND=24" (13)
13:36:19  [AT] " S,733,60B,000,914,P1,4D" (24)
13:36:19  [AT] "SEND OK" (7)
13:36:20  [TX] S,734,60A,000,915,P1,48
13:36:20  [SLOT] n=763 tx=23 ack=0 due=0 r=1
13:36:20  [AT] "AT+CIPSEND=24" (13)
13:36:21  [AT] " S,734,60A,000,915,P1,48" (24)
13:36:21  [AT] "SEND OK" (7)
13:36:22  [TX] S,735,60A,000,916,P1,4A
13:36:22  [SLOT] n=764 tx=23 ack=0 due=0 r=1
13:36:22  [AT] "AT+CIPSEND=24" (13)
13:36:22  [AT] " S,735,60A,000,916,P1,4A" (24)
13:36:22  [AT] "SEND OK" (7)
13:36:23  [TX] S,736,60A,000,918,P1,47
13:36:23  [SLOT] n=765 tx=23 ack=0 due=0 r=1
13:36:23  [AT] "AT+CIPSEND=24" (13)
13:36:23  [AT] " S,736,60A,000,918,P1,47" (24)
13:36:23  [AT] "SEND OK" (7)
13:36:24  [TX] S,737,60A,000,919,P1,47
13:36:24  [SLOT] n=766 tx=23 ack=0 due=0 r=1
13:36:24  [AT] "AT+CIPSEND=24" (13)
13:36:24  [AT] " S,737,60A,000,919,P1,47" (24)
13:36:24  [AT] "SEND OK" (7)
13:36:25  [TX] S,738,60A,000,920,P1,42
13:36:25  [SLOT] n=767 tx=23 ack=0 due=0 r=1
13:36:25  [AT] "AT+CIPSEND=24" (13)
13:36:25  [AT] " S,738,60A,000,920,P1,42" (24)
13:36:25  [AT] "SEND OK" (7)
13:36:26  [TX] S,739,60A,000,921,P1,42
13:36:26  [SLOT] n=768 tx=23 ack=0 due=0 r=1
13:36:26  [AT] "AT+CIPSEND=24" (13)
13:36:27  [AT] " S,739,60A,000,921,P1,42" (24)
13:36:27  [AT] "SEND OK" (7)
13:36:28  [TX] S,740,60A,000,922,P1,4F
13:36:28  [SLOT] n=769 tx=23 ack=0 due=0 r=1
13:36:28  [AT] "AT+CIPSEND=24" (13)
13:36:28  [AT] " S,740,60A,000,922,P1,4F" (24)
13:36:28  [AT] "SEND OK" (7)
13:36:29  [TX] S,741,609,000,924,P1,30
13:36:29  [SLOT] n=770 tx=23 ack=0 due=0 r=1
13:36:29  [AT] "AT+CIPSEND=24" (13)
13:36:29  [AT] " S,741,609,000,924,P1,30" (24)
13:36:29  [AT] "SEND OK" (7)
13:36:30  [TX] S,742,609,000,925,P1,32
13:36:30  [SLOT] n=771 tx=23 ack=0 due=0 r=1
13:36:30  [AT] "AT+CIPSEND=24" (13)
13:36:30  [AT] " S,742,609,000,925,P1,32" (24)
13:36:30  [AT] "SEND OK" (7)
13:36:31  [TX] S,743,609,000,926,P1,30
13:36:31  [SLOT] n=772 tx=23 ack=0 due=0 r=1
13:36:31  [AT] "AT+CIPSEND=24" (13)
13:36:31  [AT] " S,743,609,000,926,P1,30" (24)
13:36:31  [AT] "SEND OK" (7)
13:36:32  [TX] S,744,609,000,927,P1,36
13:36:32  [SLOT] n=773 tx=23 ack=0 due=0 r=1
13:36:32  [AT] "AT+CIPSEND=24" (13)
13:36:32  [AT] " S,744,609,000,927,P1,36" (24)
13:36:32  [AT] "SEND OK" (7)
13:36:34  [TX] S,745,609,000,928,P1,38
13:36:34  [SLOT] n=774 tx=23 ack=0 due=0 r=1
13:36:34  [AT] "AT+CIPSEND=24" (13)
13:36:34  [AT] " S,745,609,000,928,P1,38" (24)
13:36:34  [AT] "SEND OK" (7)
13:36:35  [TX] S,746,609,000,930,P1,32
13:36:35  [SLOT] n=775 tx=23 ack=0 due=0 r=1
13:36:35  [AT] "AT+CIPSEND=24" (13)
13:36:35  [AT] " S,746,609,000,930,P1,32" (24)
13:36:35  [AT] "SEND OK" (7)
13:36:36  [TX] S,747,609,000,931,P1,32
13:36:36  [SLOT] n=776 tx=23 ack=0 due=0 r=1
13:36:36  [AT] "AT+CIPSEND=24" (13)
13:36:36  [AT] " S,747,609,000,931,P1,32" (24)
13:36:36  [AT] "SEND OK" (7)
13:36:37  [TX] S,748,608,000,932,P1,3F
13:36:37  [SLOT] n=777 tx=23 ack=0 due=0 r=1
13:36:37  [AT] "AT+CIPSEND=24" (13)
13:36:37  [AT] " S,748,608,000,932,P1,3F" (24)
13:36:37  [AT] "SEND OK" (7)
13:36:38  [TX] S,749,608,000,933,P1,3F
13:36:38  [SLOT] n=778 tx=23 ack=0 due=0 r=1
13:36:38  [AT] "AT+CIPSEND=24" (13)
13:36:38  [AT] " S,749,608,000,933,P1,3F" (24)
13:36:38  [AT] "SEND OK" (7)
13:36:40  [TX] S,750,608,000,934,P1,30
13:36:40  [SLOT] n=779 tx=23 ack=0 due=0 r=1
13:36:40  [AT] "AT+CIPSEND=24" (13)
13:36:40  [AT] " S,750,608,000,934,P1,30" (24)
13:36:40  [AT] "SEND OK" (7)
13:36:41  [TX] S,751,60A,000,936,P1,4A
13:36:41  [SLOT] n=780 tx=23 ack=0 due=0 r=1
13:36:41  [AT] "AT+CIPSEND=24" (13)
13:36:41  [AT] " S,751,60A,000,936,P1,4A" (24)
13:36:41  [AT] "SEND OK" (7)
13:36:42  [TX] S,752,60A,000,937,P1,48
13:36:42  [SLOT] n=781 tx=23 ack=0 due=0 r=1
13:36:42  [AT] "AT+CIPSEND=24" (13)
13:36:42  [AT] " S,752,60A,000,937,P1,48" (24)
13:36:42  [AT] "SEND OK" (7)
13:36:43  [TX] S,753,60A,000,938,P1,46
13:36:43  [SLOT] n=782 tx=23 ack=0 due=0 r=1
13:36:43  [AT] "AT+CIPSEND=24" (13)
13:36:43  [AT] " S,753,60A,000,938,P1,46" (24)
13:36:43  [AT] "SEND OK" (7)
13:36:44  [TX] S,754,60A,000,939,P1,40
13:36:44  [SLOT] n=783 tx=23 ack=0 due=0 r=1
13:36:44  [AT] "AT+CIPSEND=24" (13)
13:36:45  [AT] " S,754,60A,000,939,P1,40" (24)
13:36:45  [AT] "SEND OK" (7)
13:36:45  [TX] S,755,60B,000,940,P1,4C
13:36:45  [SLOT] n=784 tx=23 ack=0 due=0 r=1
13:36:45  [AT] "AT+CIPSEND=24" (13)
13:36:46  [AT] " S,755,60B,000,940,P1,4C" (24)
13:36:46  [AT] "SEND OK" (7)
13:36:47  [TX] S,756,60B,000,942,P1,4D
13:36:47  [SLOT] n=785 tx=23 ack=0 due=0 r=1
13:36:47  [AT] "AT+CIPSEND=24" (13)
13:36:47  [AT] " S,756,60B,000,942,P1,4D" (24)
13:36:47  [AT] "SEND OK" (7)
13:36:48  [TX] S,757,60B,000,943,P1,4D
13:36:48  [SLOT] n=786 tx=23 ack=0 due=0 r=1
13:36:48  [AT] "AT+CIPSEND=24" (13)
13:36:48  [AT] " S,757,60B,000,943,P1,4D" (24)
13:36:48  [AT] "SEND OK" (7)
13:36:49  [TX] S,758,60B,000,944,P1,45
13:36:49  [SLOT] n=787 tx=23 ack=0 due=0 r=1
13:36:49  [AT] "AT+CIPSEND=24" (13)
13:36:49  [AT] " S,758,60B,000,944,P1,45" (24)
13:36:49  [AT] "SEND OK" (7)
13:36:50  [TX] S,759,60B,000,945,P1,45
13:36:50  [SLOT] n=788 tx=23 ack=0 due=0 r=1
13:36:50  [AT] "AT+CIPSEND=24" (13)
13:36:51  [AT] " S,759,60B,000,945,P1,45" (24)
13:36:51  [AT] "SEND OK" (7)
13:36:51  [TX] S,760,60B,000,946,P1,4C
13:36:51  [SLOT] n=789 tx=23 ack=0 due=0 r=1
13:36:51  [AT] "AT+CIPSEND=24" (13)
13:36:52  [AT] " S,760,60B,000,946,P1,4C" (24)
13:36:52  [AT] "SEND OK" (7)
13:36:53  [TX] S,761,609,000,948,P1,38
13:36:53  [SLOT] n=790 tx=23 ack=0 due=0 r=1
13:36:53  [AT] "AT+CIPSEND=24" (13)
13:36:53  [AT] " S,761,609,000,948,P1,38" (24)
13:36:53  [AT] "SEND OK" (7)
13:36:54  [TX] S,762,608,000,949,P1,3B
13:36:54  [SLOT] n=791 tx=23 ack=0 due=0 r=1
13:36:54  [AT] "AT+CIPSEND=24" (13)
13:36:54  [AT] " S,762,608,000,949,P1,3B" (24)
13:36:54  [AT] "SEND OK" (7)
13:36:55  [TX] S,763,608,000,950,P1,32
13:36:55  [SLOT] n=792 tx=23 ack=0 due=0 r=1
13:36:55  [AT] "AT+CIPSEND=24" (13)
13:36:55  [AT] " S,763,608,000,950,P1,32" (24)
13:36:55  [AT] "SEND OK" (7)
13:36:56  [TX] S,764,608,000,951,P1,34
13:36:56  [SLOT] n=793 tx=23 ack=0 due=0 r=1
13:36:56  [AT] "AT+CIPSEND=24" (13)
13:36:56  [AT] " S,764,608,000,951,P1,34" (24)
13:36:56  [AT] "SEND OK" (7)
13:36:57  [TX] S,765,608,000,952,P1,36
13:36:57  [SLOT] n=794 tx=23 ack=0 due=0 r=1
13:36:57  [AT] "AT+CIPSEND=24" (13)
13:36:58  [AT] " S,765,608,000,952,P1,36" (24)
13:36:58  [AT] "SEND OK" (7)
13:36:59  [TX] S,766,608,000,954,P1,33
13:36:59  [SLOT] n=795 tx=23 ack=0 due=0 r=1
13:36:59  [AT] "AT+CIPSEND=24" (13)
13:36:59  [AT] " S,766,608,000,954,P1,33" (24)
13:36:59  [AT] "SEND OK" (7)
13:37:00  [TX] S,767,608,000,955,P1,33
13:37:00  [SLOT] n=796 tx=23 ack=0 due=0 r=1
13:37:00  [AT] "AT+CIPSEND=24" (13)
13:37:00  [AT] " S,767,608,000,955,P1,33" (24)
13:37:00  [AT] "SEND OK" (7)
13:37:02  [TX] S,768,608,000,956,P1,3F
13:37:02  [SLOT] n=797 tx=23 ack=0 due=0 r=1
13:37:02  [AT] "AT+CIPSEND=24" (13)
13:37:02  [AT] " S,768,608,000,956,P1,3F" (24)
13:37:02  [AT] "SEND OK" (7)
13:37:03  [TX] S,769,609,000,957,P1,3E
13:37:03  [SLOT] n=798 tx=23 ack=0 due=0 r=1
13:37:03  [AT] "AT+CIPSEND=24" (13)
13:37:03  [AT] " S,769,609,000,957,P1,3E" (24)
13:37:03  [AT] "SEND OK" (7)
13:37:04  [TX] S,770,609,000,958,P1,39
13:37:04  [SLOT] n=799 tx=23 ack=0 due=0 r=1
13:37:04  [AT] "AT+CIPSEND=24" (13)
13:37:05  [AT] " S,770,609,000,958,P1,39" (24)
13:37:05  [AT] "SEND OK" (7)
13:37:06  «tap» 살아있음 — 최근 60초 rx=7871B (이 줄이 끊기면 탭이 죽은 것이다)
13:37:06  [TX] S,771,60B,000,960,P1,48
13:37:06  [SLOT] n=800 tx=23 ack=0 due=0 r=1
13:37:06  [CNT] up=960 drop=0 esprst=0 resync=0 sendfail=0 okto=3 stuck=0 ackq=0 ackdrop=0 ackstale=0 slot=800 oow=0 smiss=0 ssovf=0 cksumng=0 okstream=771 penddrop=0 pendfill=772 bigfill=1 bigdrop=0 bigokst=1 oklost=0 bigoklost=0 skip=21 online=1
13:37:06  [RAM] 최저 여유 617 B · 프롬프트 재동기 0회 (서버의 '버린줄' 과 맞아야 한다)
13:37:06  [AT] " S,771,60B,000,960,P1,48" (24)
13:37:06  [AT] "SEND OK" (7)
13:37:06  [AT] "AT+CIPSEND=24" (13)
13:37:07  [TX] S,772,60B,000,961,P1,4A
13:37:07  [SLOT] n=801 tx=23 ack=0 due=0 r=1
13:37:07  [AT] "AT+CIPSEND=24" (13)
13:37:07  [AT] " S,772,60B,000,961,P1,4A" (24)
13:37:07  [AT] "SEND OK" (7)
13:37:08  [TX] S,773,60B,000,962,P1,48
13:37:08  [SLOT] n=802 tx=23 ack=0 due=0 r=1
13:37:08  [AT] "AT+CIPSEND=24" (13)
13:37:08  [AT] " S,773,60B,000,962,P1,48" (24)
13:37:08  [AT] "SEND OK" (7)
13:37:09  [TX] S,774,60B,000,963,P1,4E
13:37:09  [SLOT] n=803 tx=23 ack=0 due=0 r=1
13:37:09  [AT] "AT+CIPSEND=24" (13)
13:37:09  [AT] " S,774,60B,000,963,P1,4E" (24)
13:37:09  [AT] "SEND OK" (7)
13:37:10  [TX] S,775,60B,000,964,P1,48
13:37:10  [SLOT] n=804 tx=23 ack=0 due=0 r=1
13:37:10  [AT] "AT+CIPSEND=24" (13)
13:37:10  [AT] " S,775,60B,000,964,P1,48" (24)
13:37:10  [AT] "SEND OK" (7)
13:37:12  [TX] S,776,60A,000,966,P1,4A
13:37:12  [SLOT] n=805 tx=23 ack=0 due=0 r=1
13:37:12  [AT] "AT+CIPSEND=24" (13)
13:37:12  [AT] " S,776,60A,000,966,P1,4A" (24)
13:37:12  [AT] "SEND OK" (7)
13:37:13  [TX] S,777,60A,000,967,P1,4A
13:37:13  [SLOT] n=806 tx=23 ack=0 due=0 r=1
13:37:13  [AT] "AT+CIPSEND=24" (13)
13:37:13  [AT] " S,777,60A,000,967,P1,4A" (24)
13:37:13  [AT] "SEND OK" (7)
13:37:14  [TX] S,778,60A,000,968,P1,4A
13:37:14  [SLOT] n=807 tx=23 ack=0 due=0 r=1
13:37:14  [AT] "AT+CIPSEND=24" (13)
13:37:14  [AT] " S,778,60A,000,968,P1,4A" (24)
13:37:14  [AT] "SEND OK" (7)
13:37:15  [TX] S,779,60A,000,969,P1,4A
13:37:15  [SLOT] n=808 tx=23 ack=0 due=0 r=1
13:37:15  [AT] "AT+CIPSEND=24" (13)
13:37:15  [AT] " S,779,60A,000,969,P1,4A" (24)
13:37:15  [AT] "SEND OK" (7)
13:37:16  [TX] S,780,60A,000,970,P1,44
13:37:16  [SLOT] n=809 tx=23 ack=0 due=0 r=1
13:37:16  [AT] "AT+CIPSEND=24" (13)
13:37:17  [AT] " S,780,60A,000,970,P1,44" (24)
13:37:17  [AT] "SEND OK" (7)
13:37:18  [TX] S,781,608,000,972,P1,3E
13:37:18  [SLOT] n=810 tx=23 ack=0 due=0 r=1
13:37:18  [AT] "AT+CIPSEND=24" (13)
13:37:18  [AT] " S,781,608,000,972,P1,3E" (24)
13:37:18  [AT] "SEND OK" (7)
13:37:19  [TX] S,782,608,000,973,P1,3C
13:37:19  [SLOT] n=811 tx=23 ack=0 due=0 r=1
13:37:19  [AT] "AT+CIPSEND=24" (13)
13:37:19  [AT] " S,782,608,000,973,P1,3C" (24)
13:37:19  [AT] "SEND OK" (7)
13:37:20  [TX] S,783,609,000,974,P1,3B
13:37:20  [SLOT] n=812 tx=23 ack=0 due=0 r=1
13:37:20  [AT] "AT+CIPSEND=24" (13)
13:37:20  [AT] " S,783,609,000,974,P1,3B" (24)
13:37:20  [AT] "SEND OK" (7)
13:37:21  [TX] S,784,609,000,975,P1,3D
13:37:21  [SLOT] n=813 tx=23 ack=0 due=0 r=1
13:37:21  [AT] "AT+CIPSEND=24" (13)
13:37:21  [AT] " S,784,609,000,975,P1,3D" (24)
13:37:21  [AT] "SEND OK" (7)
13:37:22  [TX] S,785,609,000,976,P1,3F
13:37:22  [SLOT] n=814 tx=23 ack=0 due=0 r=1
13:37:22  [AT] "AT+CIPSEND=24" (13)
13:37:22  [AT] " S,785,609,000,976,P1,3F" (24)
13:37:22  [AT] "SEND OK" (7)
13:37:24  [TX] S,786,609,000,978,P1,32
13:37:24  [SLOT] n=815 tx=23 ack=0 due=0 r=1
13:37:24  [AT] "AT+CIPSEND=24" (13)
13:37:24  [AT] " S,786,609,000,978,P1,32" (24)
13:37:24  [AT] "SEND OK" (7)
13:37:25  [TX] S,787,609,000,979,P1,32
13:37:25  [SLOT] n=816 tx=23 ack=0 due=0 r=1
13:37:25  [AT] "AT+CIPSEND=24" (13)
13:37:25  [AT] " S,787,609,000,979,P1,32" (24)
13:37:25  [AT] "SEND OK" (7)
13:37:26  [TX] S,788,609,000,980,P1,3B
13:37:26  [SLOT] n=817 tx=23 ack=0 due=0 r=1
13:37:26  [AT] "AT+CIPSEND=24" (13)
13:37:26  [AT] " S,788,609,000,980,P1,3B" (24)
13:37:26  [AT] "SEND OK" (7)
13:37:27  [TX] S,789,609,000,981,P1,3B
13:37:27  [SLOT] n=818 tx=23 ack=0 due=0 r=1
13:37:27  [AT] "AT+CIPSEND=24" (13)
13:37:27  [AT] " S,789,609,000,981,P1,3B" (24)
13:37:27  [AT] "SEND OK" (7)
13:37:28  [TX] S,790,608,000,982,P1,31
13:37:28  [SLOT] n=819 tx=23 ack=0 due=0 r=1
13:37:28  [AT] "AT+CIPSEND=24" (13)
13:37:28  [AT] " S,790,608,000,982,P1,31" (24)
13:37:28  [AT] "SEND OK" (7)
13:37:30  [TX] S,791,60A,000,984,P1,4F
13:37:30  [SLOT] n=820 tx=23 ack=0 due=0 r=1
13:37:30  [AT] "AT+CIPSEND=24" (13)
13:37:30  [AT] " S,791,60A,000,984,P1,4F" (24)
13:37:30  [AT] "SEND OK" (7)
13:37:31  [TX] S,792,60A,000,985,P1,4D
13:37:31  [SLOT] n=821 tx=23 ack=0 due=0 r=1
13:37:31  [AT] "AT+CIPSEND=24" (13)
13:37:31  [AT] " S,792,60A,000,985,P1,4D" (24)
13:37:31  [AT] "SEND OK" (7)
13:37:32  [TX] S,793,60A,000,986,P1,4F
13:37:32  [SLOT] n=822 tx=23 ack=0 due=0 r=1
13:37:32  [AT] "AT+CIPSEND=24" (13)
13:37:32  [AT] " S,793,60A,000,986,P1,4F" (24)
13:37:32  [AT] "SEND OK" (7)
13:37:33  [TX] S,794,60A,000,987,P1,49
13:37:33  [SLOT] n=823 tx=23 ack=0 due=0 r=1
13:37:33  [AT] "AT+CIPSEND=24" (13)
13:37:33  [AT] " S,794,60A,000,987,P1,49" (24)
13:37:33  [AT] "SEND OK" (7)
13:37:34  [TX] S,795,60A,000,988,P1,47
13:37:34  [SLOT] n=824 tx=23 ack=0 due=0 r=1
13:37:34  [AT] "AT+CIPSEND=24" (13)
13:37:34  [AT] " S,795,60A,000,988,P1,47" (24)
13:37:34  [AT] "SEND OK" (7)
13:37:35  [TX] S,796,60A,000,990,P1,4D
13:37:35  [SLOT] n=825 tx=23 ack=0 due=0 r=1
13:37:35  [AT] "AT+CIPSEND=24" (13)
13:37:36  [AT] " S,796,60A,000,990,P1,4D" (24)
13:37:36  [AT] "SEND OK" (7)
13:37:37  [TX] S,797,60B,000,991,P1,4E
13:37:37  [SLOT] n=826 tx=23 ack=0 due=0 r=1
13:37:37  [AT] "AT+CIPSEND=24" (13)
13:37:37  [AT] " S,797,60B,000,991,P1,4E" (24)
13:37:37  [AT] "SEND OK" (7)
13:37:38  [TX] S,798,60B,000,992,P1,42
13:37:38  [SLOT] n=827 tx=23 ack=0 due=0 r=1
13:37:38  [AT] "AT+CIPSEND=24" (13)
13:37:38  [AT] " S,798,60B,000,992,P1,42" (24)
13:37:38  [AT] "SEND OK" (7)
13:37:39  [TX] S,799,60B,000,993,P1,42
13:37:39  [SLOT] n=828 tx=23 ack=0 due=0 r=1
13:37:39  [AT] "AT+CIPSEND=24" (13)
13:37:39  [AT] " S,799,60B,000,993,P1,42" (24)
13:37:39  [AT] "SEND OK" (7)
13:37:40  [TX] S,800,60B,000,994,P1,4A
13:37:40  [SLOT] n=829 tx=23 ack=0 due=0 r=1
13:37:40  [AT] "AT+CIPSEND=24" (13)
13:37:40  [AT] " S,800,60B,000,994,P1,4A" (24)
13:37:40  [AT] "SEND OK" (7)
13:37:41  [TX] S,801,609,000,996,P1,32
13:37:41  [SLOT] n=830 tx=23 ack=0 due=0 r=1
13:37:41  [AT] "AT+CIPSEND=24" (13)
13:37:42  [AT] " S,801,609,000,996,P1,32" (24)
13:37:42  [AT] "SEND OK" (7)
13:37:43  [TX] S,802,609,000,997,P1,30
13:37:43  [SLOT] n=831 tx=23 ack=0 due=0 r=1
13:37:43  [AT] "AT+CIPSEND=24" (13)
13:37:43  [AT] " S,802,609,000,997,P1,30" (24)
13:37:43  [AT] "SEND OK" (7)
13:37:44  [TX] S,803,609,000,998,P1,3E
13:37:44  [SLOT] n=832 tx=23 ack=0 due=0 r=1
13:37:44  [AT] "AT+CIPSEND=24" (13)
13:37:44  [AT] " S,803,609,000,998,P1,3E" (24)
13:37:44  [AT] "SEND OK" (7)
13:37:45  [TX] S,804,608,000,999,P1,39
13:37:45  [SLOT] n=833 tx=23 ack=0 due=0 r=1
13:37:45  [AT] "AT+CIPSEND=24" (13)
13:37:45  [AT] " S,804,608,000,999,P1,39" (24)
13:37:45  [AT] "SEND OK" (7)
13:37:46  [TX] S,805,608,000,1000,P1,00
13:37:46  [SLOT] n=834 tx=24 ack=0 due=0 r=1
13:37:46  [AT] "AT+CIPSEND=25" (13)
13:37:47  [AT] " S,805,608,000,1000,P1,00" (25)
13:37:47  [AT] "SEND OK" (7)
13:37:47  [TX] S,806,608,000,1002,P1,01
13:37:47  [SLOT] n=835 tx=24 ack=0 due=0 r=1
13:37:47  [AT] "AT+CIPSEND=25" (13)
13:37:48  [AT] " S,806,608,000,1002,P1,01" (25)
13:37:48  [AT] "SEND OK" (7)
13:37:49  [TX] S,807,608,000,1003,P1,01
13:37:49  [SLOT] n=836 tx=24 ack=0 due=0 r=1
13:37:49  [AT] "AT+CIPSEND=25" (13)
13:37:49  [AT] " S,807,608,000,1003,P1,01" (25)
13:37:49  [AT] "SEND OK" (7)
13:37:50  [TX] S,808,608,000,1004,P1,09
13:37:50  [SLOT] n=837 tx=24 ack=0 due=0 r=1
13:37:50  [AT] "AT+CIPSEND=25" (13)
13:37:50  [AT] " S,808,608,000,1004,P1,09" (25)
13:37:50  [AT] "SEND OK" (7)
13:37:51  [TX] S,809,608,000,1005,P1,09
13:37:51  [SLOT] n=838 tx=24 ack=0 due=0 r=1
13:37:51  [AT] "AT+CIPSEND=25" (13)
13:37:51  [AT] " S,809,608,000,1005,P1,09" (25)
13:37:51  [AT] "SEND OK" (7)
13:37:52  [TX] S,810,608,000,1006,P1,02
13:37:52  [SLOT] n=839 tx=24 ack=0 due=0 r=1
13:37:52  [AT] "AT+CIPSEND=25" (13)
13:37:52  [AT] " S,810,608,000,1006,P1,02" (25)
13:37:52  [AT] "SEND OK" (7)
13:37:53  [TX] S,811,60B,000,1008,P1,77
13:37:53  [SLOT] n=840 tx=24 ack=0 due=0 r=1
13:37:53  [AT] "AT+CIPSEND=25" (13)
13:37:53  [AT] " S,811,60B,000,1008,P1,77" (25)
13:37:53  [AT] "SEND OK" (7)
13:37:55  [TX] S,812,60B,000,1009,P1,75
13:37:55  [SLOT] n=841 tx=24 ack=0 due=0 r=1
13:37:55  [AT] "AT+CIPSEND=25" (13)
13:37:55  [AT] " S,812,60B,000,1009,P1,75" (25)
13:37:55  [AT] "SEND OK" (7)
13:37:56  [TX] S,813,60B,000,1010,P1,7C
13:37:56  [SLOT] n=842 tx=24 ack=0 due=0 r=1
13:37:56  [AT] "AT+CIPSEND=25" (13)
13:37:56  [AT] " S,813,60B,000,1010,P1,7C" (25)
13:37:56  [AT] "SEND OK" (7)
13:37:57  [TX] S,814,60B,000,1011,P1,7A
13:37:57  [SLOT] n=843 tx=24 ack=0 due=0 r=1
13:37:57  [AT] "AT+CIPSEND=25" (13)
13:37:57  [AT] " S,814,60B,000,1011,P1,7A" (25)
13:37:57  [AT] "SEND OK" (7)
13:37:58  [TX] S,815,60B,000,1012,P1,78
13:37:58  [SLOT] n=844 tx=24 ack=0 due=0 r=1
13:37:58  [AT] "AT+CIPSEND=25" (13)
13:37:58  [AT] " S,815,60B,000,1012,P1,78" (25)
13:37:58  [AT] "SEND OK" (7)
13:37:59  [TX] S,816,60B,000,1014,P1,7D
13:37:59  [SLOT] n=845 tx=24 ack=0 due=0 r=1
13:37:59  [AT] "AT+CIPSEND=25" (13)
13:38:00  [AT] " S,816,60B,000,1014,P1,7D" (25)
13:38:00  [AT] "SEND OK" (7)
13:38:01  [TX] S,817,60B,000,1015,P1,7D
13:38:01  [SLOT] n=846 tx=24 ack=0 due=0 r=1
13:38:01  [AT] "AT+CIPSEND=25" (13)
13:38:01  [AT] " S,817,60B,000,1015,P1,7D" (25)
13:38:01  [AT] "SEND OK" (7)
13:38:02  [TX] S,818,60A,000,1016,P1,72
13:38:02  [SLOT] n=847 tx=24 ack=0 due=0 r=1
13:38:02  [AT] "AT+CIPSEND=25" (13)
13:38:02  [AT] " S,818,60A,000,1016,P1,72" (25)
13:38:02  [AT] "SEND OK" (7)
13:38:03  [TX] S,819,60A,000,1017,P1,72
13:38:03  [SLOT] n=848 tx=24 ack=0 due=0 r=1
13:38:03  [AT] "AT+CIPSEND=25" (13)
13:38:03  [AT] " S,819,60A,000,1017,P1,72" (25)
13:38:03  [AT] "SEND OK" (7)
13:38:04  [TX] S,820,60A,000,1018,P1,77
13:38:04  [SLOT] n=849 tx=24 ack=0 due=0 r=1
13:38:04  [AT] "AT+CIPSEND=25" (13)
13:38:04  [AT] " S,820,60A,000,1018,P1,77" (25)
13:38:04  [AT] "SEND OK" (7)
13:38:05  [TX] S,821,608,000,1020,P1,04
13:38:05  [SLOT] n=850 tx=24 ack=0 due=0 r=1
13:38:05  [CNT] up=1020 drop=0 esprst=0 resync=0 sendfail=0 okto=3 stuck=0 ackq=0 ackdrop=0 ackstale=0 slot=850 oow=0 smiss=0 ssovf=0 cksumng=0 okstream=821 penddrop=0 pendfill=822 bigfill=1 bigdrop=0 bigokst=1 oklost=0 bigoklost=0 skip=21 online=1
13:38:05  [RAM] 최저 여유 617 B · 프롬프트 재동기 0회 (서버의 '버린줄' 과 맞아야 한다)
13:38:05  [AT] "AT+CIPSEND=25" (13)
13:38:05  [AT] " S,821,608,000,1020,P1,04" (25)
13:38:05  [AT] "SEND OK" (7)
13:38:06  «tap» 살아있음 — 최근 60초 rx=8420B (이 줄이 끊기면 탭이 죽은 것이다)
13:38:07  [TX] S,822,608,000,1021,P1,06
13:38:07  [SLOT] n=851 tx=24 ack=0 due=0 r=1
13:38:07  [AT] "AT+CIPSEND=25" (13)
13:38:07  [AT] " S,822,608,000,1021,P1,06" (25)
13:38:07  [AT] "SEND OK" (7)
13:38:08  [TX] S,823,608,000,1022,P1,04
13:38:08  [SLOT] n=852 tx=24 ack=0 due=0 r=1
13:38:08  [AT] "AT+CIPSEND=25" (13)
13:38:08  [AT] " S,823,608,000,1022,P1,04" (25)
13:38:08  [AT] "SEND OK" (7)
13:38:09  [TX] S,824,608,000,1023,P1,02
13:38:09  [SLOT] n=853 tx=24 ack=0 due=0 r=1
13:38:09  [AT] "AT+CIPSEND=25" (13)
13:38:09  [AT] " S,824,608,000,1023,P1,02" (25)
13:38:09  [AT] "SEND OK" (7)
13:38:10  [TX] S,825,609,000,1024,P1,05
13:38:10  [SLOT] n=854 tx=24 ack=0 due=0 r=1
13:38:10  [AT] "AT+CIPSEND=25" (13)
13:38:10  [AT] " S,825,609,000,1024,P1,05" (25)
13:38:10  [AT] "SEND OK" (7)
13:38:11  [TX] S,826,609,000,1026,P1,04
13:38:11  [SLOT] n=855 tx=24 ack=0 due=0 r=1
13:38:11  [AT] "AT+CIPSEND=25" (13)
13:38:12  [AT] " S,826,609,000,1026,P1,04" (25)
13:38:12  [AT] "SEND OK" (7)
13:38:13  [TX] S,827,609,000,1027,P1,04
13:38:13  [SLOT] n=856 tx=24 ack=0 due=0 r=1
13:38:13  [AT] "AT+CIPSEND=25" (13)
13:38:13  [AT] " S,827,609,000,1027,P1,04" (25)
13:38:13  [AT] "SEND OK" (7)
13:38:14  [TX] S,828,609,000,1028,P1,04
13:38:14  [SLOT] n=857 tx=24 ack=0 due=0 r=1
13:38:14  [AT] "AT+CIPSEND=25" (13)
13:38:14  [AT] " S,828,609,000,1028,P1,04" (25)
13:38:14  [AT] "SEND OK" (7)
13:38:15  [TX] S,829,609,000,1029,P1,04
13:38:15  [SLOT] n=858 tx=24 ack=0 due=0 r=1
13:38:15  [AT] "AT+CIPSEND=25" (13)
13:38:15  [AT] " S,829,609,000,1029,P1,04" (25)
13:38:15  [AT] "SEND OK" (7)
13:38:16  [TX] S,830,609,000,1030,P1,04
13:38:16  [SLOT] n=859 tx=24 ack=0 due=0 r=1
13:38:16  [AT] "AT+CIPSEND=25" (13)
13:38:16  [AT] " S,830,609,000,1030,P1,04" (25)
13:38:16  [AT] "SEND OK" (7)
13:38:17  [TX] S,831,60B,000,1032,P1,7C
13:38:17  [SLOT] n=860 tx=24 ack=0 due=0 r=1
13:38:17  [AT] "AT+CIPSEND=25" (13)
13:38:18  [AT] " S,831,60B,000,1032,P1,7C" (25)
13:38:18  [AT] "SEND OK" (7)
13:38:18  [TX] S,832,60A,000,1033,P1,7D
13:38:18  [SLOT] n=861 tx=24 ack=0 due=0 r=1
13:38:18  [AT] "AT+CIPSEND=25" (13)
13:38:19  [AT] " S,832,60A,000,1033,P1,7D" (25)
13:38:19  [AT] "SEND OK" (7)
13:38:20  [TX] S,833,60A,000,1034,P1,7B
13:38:20  [SLOT] n=862 tx=24 ack=0 due=0 r=1
13:38:20  [AT] "AT+CIPSEND=25" (13)
13:38:20  [AT] " S,833,60A,000,1034,P1,7B" (25)
13:38:20  [AT] "SEND OK" (7)
13:38:21  [TX] S,834,60A,000,1035,P1,7D
13:38:21  [SLOT] n=863 tx=24 ack=0 due=0 r=1
13:38:21  [AT] "AT+CIPSEND=25" (13)
13:38:21  [AT] " S,834,60A,000,1035,P1,7D" (25)
13:38:21  [AT] "SEND OK" (7)
13:38:22  [TX] S,835,60A,000,1036,P1,7F
13:38:22  [SLOT] n=864 tx=24 ack=0 due=0 r=1
13:38:22  [AT] "AT+CIPSEND=25" (13)
13:38:22  [AT] " S,835,60A,000,1036,P1,7F" (25)
13:38:22  [AT] "SEND OK" (7)
13:38:23  [TX] S,836,60A,000,1038,P1,72
13:38:23  [SLOT] n=865 tx=24 ack=0 due=0 r=1
13:38:23  [AT] "AT+CIPSEND=25" (13)
13:38:23  [AT] " S,836,60A,000,1038,P1,72" (25)
13:38:23  [AT] "SEND OK" (7)
13:38:24  [TX] S,837,60A,000,1039,P1,72
13:38:24  [SLOT] n=866 tx=24 ack=0 due=0 r=1
13:38:24  [AT] "AT+CIPSEND=25" (13)
13:38:25  [AT] " S,837,60A,000,1039,P1,72" (25)
13:38:25  [AT] "SEND OK" (7)
13:38:26  [TX] S,838,60A,000,1040,P1,73
13:38:26  [SLOT] n=867 tx=24 ack=0 due=0 r=1
13:38:26  [AT] "AT+CIPSEND=25" (13)
13:38:26  [AT] " S,838,60A,000,1040,P1,73" (25)
13:38:26  [AT] "SEND OK" (7)
13:38:27  [TX] S,839,60B,000,1041,P1,70
13:38:27  [SLOT] n=868 tx=24 ack=0 due=0 r=1
13:38:27  [AT] "AT+CIPSEND=25" (13)
13:38:27  [AT] " S,839,60B,000,1041,P1,70" (25)
13:38:27  [AT] "SEND OK" (7)
13:38:28  [TX] S,840,60B,000,1042,P1,7D
13:38:28  [SLOT] n=869 tx=24 ack=0 due=0 r=1
13:38:28  [AT] "AT+CIPSEND=25" (13)
13:38:28  [AT] " S,840,60B,000,1042,P1,7D" (25)
13:38:28  [AT] "SEND OK" (7)
13:38:29  [TX] S,841,609,000,1044,P1,01
13:38:29  [SLOT] n=870 tx=24 ack=0 due=0 r=1
13:38:29  [AT] "AT+CIPSEND=25" (13)
13:38:29  [AT] " S,841,609,000,1044,P1,01" (25)
13:38:29  [AT] "SEND OK" (7)
13:38:30  [TX] S,842,609,000,1045,P1,03
13:38:30  [SLOT] n=871 tx=24 ack=0 due=0 r=1
13:38:30  [AT] "AT+CIPSEND=25" (13)
13:38:31  [AT] " S,842,609,000,1045,P1,03" (25)
13:38:31  [AT] "SEND OK" (7)
13:38:32  [TX] S,843,609,000,1046,P1,01
13:38:32  [SLOT] n=872 tx=24 ack=0 due=0 r=1
13:38:32  [AT] "AT+CIPSEND=25" (13)
13:38:32  [AT] " S,843,609,000,1046,P1,01" (25)
13:38:32  [AT] "SEND OK" (7)
13:38:33  [TX] S,844,609,000,1047,P1,07
13:38:33  [SLOT] n=873 tx=24 ack=0 due=0 r=1
13:38:33  [AT] "AT+CIPSEND=25" (13)
13:38:34  [AT] " S,844,609,000,1047,P1,07" (25)
13:38:34  [AT] "SEND OK" (7)
13:38:34  [TX] S,845,609,000,1048,P1,09
13:38:34  [SLOT] n=874 tx=24 ack=0 due=0 r=1
13:38:34  [AT] "AT+CIPSEND=25" (13)
13:38:34  [AT] " S,845,609,000,1048,P1,09" (25)
13:38:34  [AT] "SEND OK" (7)
13:38:35  [TX] S,846,608,000,1050,P1,02
13:38:35  [SLOT] n=875 tx=24 ack=0 due=0 r=1
13:38:35  [AT] "AT+CIPSEND=25" (13)
13:38:36  [AT] " S,846,608,000,1050,P1,02" (25)
13:38:36  [AT] "SEND OK" (7)
13:38:36  [TX] S,847,608,000,1051,P1,02
13:38:36  [SLOT] n=876 tx=24 ack=0 due=0 r=1
13:38:36  [AT] "AT+CIPSEND=25" (13)
13:38:37  [AT] " S,847,608,000,1051,P1,02" (25)
13:38:37  [AT] "SEND OK" (7)
13:38:38  [TX] S,848,608,000,1052,P1,0E
13:38:38  [SLOT] n=877 tx=24 ack=0 due=0 r=1
13:38:38  [AT] "AT+CIPSEND=25" (13)
13:38:38  [AT] " S,848,608,000,1052,P1,0E" (25)
13:38:38  [AT] "SEND OK" (7)
13:38:39  [TX] S,849,608,000,1053,P1,0E
13:38:39  [SLOT] n=878 tx=24 ack=0 due=0 r=1
13:38:39  [AT] "AT+CIPSEND=25" (13)
13:38:39  [AT] " S,849,608,000,1053,P1,0E" (25)
13:38:39  [AT] "SEND OK" (7)
13:38:40  [TX] S,850,608,000,1054,P1,01
13:38:40  [SLOT] n=879 tx=24 ack=0 due=0 r=1
13:38:40  [AT] "AT+CIPSEND=25" (13)
13:38:40  [AT] " S,850,608,000,1054,P1,01" (25)
13:38:40  [AT] "SEND OK" (7)
13:38:41  [TX] S,851,60A,000,1056,P1,7B
13:38:41  [SLOT] n=880 tx=24 ack=0 due=0 r=1
13:38:41  [AT] "AT+CIPSEND=25" (13)
13:38:41  [AT] " S,851,60A,000,1056,P1,7B" (25)
13:38:41  [AT] "SEND OK" (7)
13:38:42  [TX] S,852,60A,000,1057,P1,79
13:38:42  [SLOT] n=881 tx=24 ack=0 due=0 r=1
13:38:42  [AT] "AT+CIPSEND=25" (13)
13:38:42  [AT] " S,852,60A,000,1057,P1,79" (25)
13:38:42  [AT] "SEND OK" (7)
13:38:44  [TX] S,853,60B,000,1058,P1,74
13:38:44  [SLOT] n=882 tx=24 ack=0 due=0 r=1
13:38:44  [AT] "AT+CIPSEND=25" (13)
13:38:44  [AT] " S,853,60B,000,1058,P1,74" (25)
13:38:44  [AT] "SEND OK" (7)
13:38:45  [TX] S,854,60B,000,1059,P1,72
13:38:45  [SLOT] n=883 tx=24 ack=0 due=0 r=1
13:38:45  [AT] "AT+CIPSEND=25" (13)
13:38:45  [AT] " S,854,60B,000,1059,P1,72" (25)
13:38:45  [AT] "SEND OK" (7)
13:38:46  [TX] S,855,60B,000,1060,P1,79
13:38:46  [SLOT] n=884 tx=24 ack=0 due=0 r=1
13:38:46  [AT] "AT+CIPSEND=25" (13)
13:38:46  [AT] " S,855,60B,000,1060,P1,79" (25)
13:38:46  [AT] "SEND OK" (7)
13:38:47  [TX] S,856,60B,000,1062,P1,78
13:38:47  [SLOT] n=885 tx=24 ack=0 due=0 r=1
13:38:47  [AT] "AT+CIPSEND=25" (13)
13:38:48  [AT] " S,856,60B,000,1062,P1,78" (25)
13:38:48  [AT] "SEND OK" (7)
13:38:48  [TX] S,857,60B,000,1063,P1,78
13:38:48  [SLOT] n=886 tx=24 ack=0 due=0 r=1
13:38:48  [AT] "AT+CIPSEND=25" (13)
13:38:48  [AT] " S,857,60B,000,1063,P1,78" (25)
13:38:48  [AT] "SEND OK" (7)
13:38:50  [TX] S,858,60B,000,1064,P1,70
13:38:50  [SLOT] n=887 tx=24 ack=0 due=0 r=1
13:38:50  [AT] "AT+CIPSEND=25" (13)
13:38:50  [AT] " S,858,60B,000,1064,P1,70" (25)
13:38:50  [AT] "SEND OK" (7)
13:38:51  [TX] S,859,60B,000,1065,P1,70
13:38:51  [SLOT] n=888 tx=24 ack=0 due=0 r=1
13:38:51  [AT] "AT+CIPSEND=25" (13)
13:38:51  [AT] " S,859,60B,000,1065,P1,70" (25)
13:38:51  [AT] "SEND OK" (7)
13:38:52  [TX] S,860,60A,000,1066,P1,7A
13:38:52  [SLOT] n=889 tx=24 ack=0 due=0 r=1
13:38:52  [AT] "AT+CIPSEND=25" (13)
13:38:52  [AT] " S,860,60A,000,1066,P1,7A" (25)
13:38:52  [AT] "SEND OK" (7)
13:38:53  [TX] S,861,608,000,1068,P1,0C
13:38:53  [SLOT] n=890 tx=24 ack=0 due=0 r=1
13:38:53  [AT] "AT+CIPSEND=25" (13)
13:38:53  [AT] " S,861,608,000,1068,P1,0C" (25)
13:38:53  [AT] "SEND OK" (7)
13:38:54  [TX] S,862,608,000,1069,P1,0E
13:38:54  [SLOT] n=891 tx=24 ack=0 due=0 r=1
13:38:54  [AT] "AT+CIPSEND=25" (13)
13:38:54  [AT] " S,862,608,000,1069,P1,0E" (25)
13:38:54  [AT] "SEND OK" (7)
13:38:56  [TX] S,863,608,000,1070,P1,07
13:38:56  [SLOT] n=892 tx=24 ack=0 due=0 r=1
13:38:56  [AT] "AT+CIPSEND=25" (13)
13:38:56  [AT] " S,863,608,000,1070,P1,07" (25)
13:38:56  [AT] "SEND OK" (7)
13:38:57  [TX] S,864,608,000,1071,P1,01
13:38:57  [SLOT] n=893 tx=24 ack=0 due=0 r=1
13:38:57  [AT] "AT+CIPSEND=25" (13)
13:38:57  [AT] " S,864,608,000,1071,P1,01" (25)
13:38:57  [AT] "SEND OK" (7)
13:38:58  [TX] S,865,608,000,1072,P1,03
13:38:58  [SLOT] n=894 tx=24 ack=0 due=0 r=1
13:38:58  [AT] "AT+CIPSEND=25" (13)
13:38:58  [AT] " S,865,608,000,1072,P1,03" (25)
13:38:58  [AT] "SEND OK" (7)
13:38:59  [TX] S,866,608,000,1074,P1,06
13:38:59  [SLOT] n=895 tx=24 ack=0 due=0 r=1
13:38:59  [AT] "AT+CIPSEND=25" (13)
13:38:59  [AT] " S,866,608,000,1074,P1,06" (25)
13:38:59  [AT] "SEND OK" (7)
13:39:00  [TX] S,867,609,000,1075,P1,07
13:39:00  [SLOT] n=896 tx=24 ack=0 due=0 r=1
13:39:00  [AT] "AT+CIPSEND=25" (13)
13:39:00  [AT] " S,867,609,000,1075,P1,07" (25)
13:39:00  [AT] "SEND OK" (7)
13:39:01  [TX] S,868,609,000,1076,P1,0B
13:39:02  [SLOT] n=897 tx=24 ack=0 due=0 r=1
13:39:02  [AT] "AT+CIPSEND=25" (13)
13:39:02  [AT] " S,868,609,000,1076,P1,0B" (25)
13:39:02  [AT] "SEND OK" (7)
13:39:03  [TX] S,869,609,000,1077,P1,0B
13:39:03  [SLOT] n=898 tx=24 ack=0 due=0 r=1
13:39:03  [AT] "AT+CIPSEND=25" (13)
13:39:03  [AT] " S,869,609,000,1077,P1,0B" (25)
13:39:03  [AT] "SEND OK" (7)
13:39:04  [TX] S,870,609,000,1078,P1,0C
13:39:04  [SLOT] n=899 tx=24 ack=0 due=0 r=1
13:39:04  [AT] "AT+CIPSEND=25" (13)
13:39:04  [AT] " S,870,609,000,1078,P1,0C" (25)
13:39:04  [AT] "SEND OK" (7)
13:39:05  [TX] S,871,60B,000,1080,P1,71
13:39:05  [SLOT] n=900 tx=24 ack=0 due=0 r=1
13:39:05  [CNT] up=1080 drop=0 esprst=0 resync=0 sendfail=0 okto=3 stuck=0 ackq=0 ackdrop=0 ackstale=0 slot=900 oow=0 smiss=0 ssovf=0 cksumng=0 okstream=871 penddrop=0 pendfill=872 bigfill=1 bigdrop=0 bigokst=1 oklost=0 bigoklost=0 skip=21 online=1
13:39:05  [RAM] 최저 여유 617 B · 프롬프트 재동기 0회 (서버의 '버린줄' 과 맞아야 한다)
13:39:05  [AT] " S,871,60B,000,1080,P1,71" (25)
13:39:05  [AT] "SEND OK" (7)
13:39:05  [AT] "AT+CIPSEND=25" (13)
13:39:06  «tap» 살아있음 — 최근 60초 rx=7993B (이 줄이 끊기면 탭이 죽은 것이다)
13:39:06  [TX] S,872,60B,000,1081,P1,73
13:39:06  [SLOT] n=901 tx=24 ack=0 due=0 r=1
13:39:06  [AT] "AT+CIPSEND=25" (13)
13:39:06  [AT] " S,872,60B,000,1081,P1,73" (25)
13:39:06  [AT] "SEND OK" (7)
13:39:07  [TX] S,873,60B,000,1082,P1,71
13:39:07  [SLOT] n=902 tx=24 ack=0 due=0 r=1
13:39:07  [AT] "AT+CIPSEND=25" (13)
13:39:08  [AT] " S,873,60B,000,1082,P1,71" (25)
13:39:08  [AT] "SEND OK" (7)
13:39:09  [TX] S,874,60A,000,1083,P1,74
13:39:09  [SLOT] n=903 tx=24 ack=0 due=0 r=1
13:39:09  [AT] "AT+CIPSEND=25" (13)
13:39:09  [AT] " S,874,60A,000,1083,P1,74" (25)
13:39:09  [AT] "SEND OK" (7)
13:39:10  [TX] S,875,60A,000,1084,P1,72
13:39:10  [SLOT] n=904 tx=24 ack=0 due=0 r=1
13:39:10  [AT] "AT+CIPSEND=25" (13)
13:39:10  [AT] " S,875,60A,000,1084,P1,72" (25)
13:39:10  [AT] "SEND OK" (7)
13:39:11  [TX] S,876,60A,000,1086,P1,73
13:39:11  [SLOT] n=905 tx=24 ack=0 due=0 r=1
13:39:11  [AT] "AT+CIPSEND=25" (13)
13:39:11  [AT] " S,876,60A,000,1086,P1,73" (25)
13:39:11  [AT] "SEND OK" (7)
13:39:12  [TX] S,877,60A,000,1087,P1,73
13:39:12  [SLOT] n=906 tx=24 ack=0 due=0 r=1
13:39:12  [AT] "AT+CIPSEND=25" (13)
13:39:12  [AT] " S,877,60A,000,1087,P1,73" (25)
13:39:12  [AT] "SEND OK" (7)
13:39:13  [AT] "ERROR" (5)
13:39:13  [NET] 송신 오류 응답(로그만, 카운터는 sendLine 이 센다): ERROR
13:39:13  [AT] "Unlink" (6)
13:39:13  [DIAG] offline step=3 사다리=0/0 rx=45063 lines=2651 up=1087s
13:39:13  [NET] 3 CIFSR (IP 를 실제로 받았는가)
13:39:13  [AT] "AT+CIFSR" (8)
13:39:13  [AT] "0.0.0.0" (7)
13:39:13  [NET] ★ ESP 가 IP 를 잃었다 — 모듈 리셋으로 본다. 누적 사건 1
13:39:13  [AT] "OK" (2)
13:39:15  [NET] 3 CIFSR (IP 를 실제로 받았는가)
13:39:15  [AT] "AT+CIFSR" (8)
13:39:15  [AT] "0.0.0.0" (7)
13:39:15  [AT] "OK" (2)
13:39:16  [DIAG] offline step=3 사다리=0/0 rx=45115 lines=2657 up=1090s
13:39:18  [NET] 3 CIFSR (IP 를 실제로 받았는가)
13:39:18  [NET] CIFSR 3회에도 IP 가 없다 → CWJAP 부터 다시
13:39:18  [LADDER] 실패(CWJAP FAIL) CWJAP소요 1089s · 연속 0회 · 결합유지 1084s · 현재 0단(0회 누적)
13:39:18  [LADDER] ↑↑ 단 상승 → 1단
13:39:18  [LADDER] 1단 조치: 시리얼 드레인 32바이트 버림 + 줄 조립 초기화
13:39:19  [DIAG] offline step=2 사다리=1/0 rx=45115 lines=2657 up=1093s
13:39:19  [NET] 2 CWJAP (응답까지 최대 30초 기다린다)
13:39:19  [AT] "AT+CWJAP="3F_302","0424719222!!"" (32)
13:39:21  [DIAG] offline step=2 사다리=1/0 rx=45150 lines=2658 up=1096s
13:39:24  [DIAG] offline step=2 사다리=1/0 rx=45150 lines=2658 up=1099s
13:39:27  [AT] "OK" (2)
13:39:27  [NET] CWJAP OK — 결합됐다. IP 를 실제로 받았는지 CIFSR 로 확인한다
13:39:27  [NET] 3 CIFSR (IP 를 실제로 받았는가)
13:39:27  [AT] "AT+CIFSR" (8)
13:39:27  [AT] "0.0.0.0" (7)
13:39:27  [AT] "OK" (2)
13:39:28  [DIAG] offline step=3 사다리=1/0 rx=45182 lines=2662 up=1102s
13:39:30  [NET] 3 CIFSR (IP 를 실제로 받았는가)
13:39:30  [AT] "AT+CIFSR" (8)
13:39:30  [AT] "0.0.0.0" (7)
13:39:30  [AT] "OK" (2)
13:39:31  [DIAG] offline step=3 사다리=1/0 rx=45208 lines=2665 up=1105s
13:39:32  [NET] 3 CIFSR (IP 를 실제로 받았는가)
13:39:32  [NET] CIFSR 3회에도 IP 가 없다 → CWJAP 부터 다시
13:39:32  [LADDER] 실패(CWJAP FAIL) CWJAP소요 12s · 연속 0회 · 결합유지 5s · 현재 1단(0회 누적)
13:39:32  [LADDER] 1단 조치: 시리얼 드레인 26바이트 버림 + 줄 조립 초기화
13:39:34  [NET] 2 CWJAP (응답까지 최대 30초 기다린다)
13:39:34  [AT] "AT+CWJAP="3F_302","0424719222!!"" (32)
13:39:34  [DIAG] offline step=2 사다리=1/1 rx=45243 lines=2666 up=1108s
13:39:37  [DIAG] offline step=2 사다리=1/1 rx=45243 lines=2666 up=1111s
13:39:40  [DIAG] offline step=2 사다리=1/1 rx=45243 lines=2666 up=1114s
13:39:41  [AT] "OK" (2)
13:39:41  [NET] CWJAP OK — 결합됐다. IP 를 실제로 받았는지 CIFSR 로 확인한다
13:39:41  [NET] 3 CIFSR (IP 를 실제로 받았는가)
13:39:41  [AT] "AT+CIFSR" (8)
13:39:41  [AT] "192.168.0.214" (13)
13:39:41  [NET] ★ IP 확보: 192.168.0.214
13:39:41  [AT] "OK" (2)
13:39:41  [NET] 4 CIPMUX=0
13:39:41  [AT] "AT+CIPMUX=0" (11)
13:39:41  [AT] "OK" (2)
13:39:41  [NET] CIPMUX=0 적용됨 → CIPSTART
13:39:41  [NET] 5 CIPSTART
13:39:41  [AT] "AT+CIPSTART="TCP","192.168.0.29",9991" (37)
13:39:42  [AT] "ERROR" (5)
13:39:42  [AT] "Unlink" (6)
13:39:42  [NET] 3 CIFSR (IP 를 실제로 받았는가)
13:39:42  [AT] "AT+CIFSR" (8)
13:39:42  [AT] "0.0.0.0" (7)
13:39:42  [NET] ★ ESP 가 IP 를 잃었다 — 모듈 리셋으로 본다. 누적 사건 2
13:39:42  [AT] "OK" (2)
13:39:43  [DIAG] offline step=3 사다리=1/1 rx=45384 lines=2678 up=1117s
13:39:44  [NET] 3 CIFSR (IP 를 실제로 받았는가)
13:39:44  [AT] "AT+CIFSR" (8)
13:39:44  [AT] "0.0.0.0" (7)
13:39:44  [AT] "OK" (2)
13:39:46  [DIAG] offline step=3 사다리=1/1 rx=45410 lines=2681 up=1120s
13:39:47  [NET] 3 CIFSR (IP 를 실제로 받았는가)
13:39:47  [NET] CIFSR 3회에도 IP 가 없다 → CWJAP 부터 다시
13:39:47  [LADDER] 실패(CWJAP FAIL) CWJAP소요 13s · 연속 0회 · 결합유지 6s · 현재 1단(1회 누적)
13:39:47  [LADDER] ↑↑ 단 상승 → 2단
13:39:47  [LADDER] 2단 조치: 5초 쉬고 AT+CWQAP 로 결합을 명시적으로 끊은 뒤 다시 붙는다
13:39:47  [AT] "AT+CIFSR" (8)
13:39:47  [AT] "192.168.0.214" (13)
13:39:47  [NET] ★ IP 확보: 192.168.0.214
13:39:47  [AT] "OK" (2)
13:39:47  [NET] 4 CIPMUX=0
13:39:47  [AT] "AT+CIPMUX=0" (11)
13:39:47  [AT] "OK" (2)
13:39:47  [NET] CIPMUX=0 적용됨 → CIPSTART
13:39:47  [NET] 5 CIPSTART
13:39:47  [AT] "AT+CIPSTART="TCP","192.168.0.29",9991" (37)
13:39:48  [AT] "OK" (2)
13:39:48  [AT] "Linked" (6)
13:39:48  [NET] online (CONNECT) + 캐시 비움
13:39:48  [TX] S,878,608,000,1122,P1,0B
13:39:48  [SLOT] n=935 tx=24 ack=0 due=0 r=1
13:39:48  [AT] "AT+CIPSEND=25" (13)
13:39:48  [AT] " S,878,608,000,1122,P1,0B" (25)
13:39:48  [AT] "SEND OK" (7)
13:39:49  [TX] D,*,7,12,5A
13:39:49  D,A1,IP,01
13:39:49  D,A2,IP,02
13:39:49  D,A3,IP,03
13:39:49  D,A4,IP,04
13:39:49  D,A5,IP,05
13:39:49  D,B1,IP,02
13:39:49  D,B2,IP,01
13:39:49  D,B3,IP,00
13:39:49  D,B4,IP,07
13:39:49  D,B5,IP,06
13:39:49  D,E1,OBV,47
13:39:49  D,X1,OBV,5A
13:39:49  [REG] 등록 전송 145B
13:39:49  [SLOT] n=936 tx=145 ack=0 due=0 r=1
13:39:49  [AT] "AT+CIPSEND=146" (14)
13:39:49  [DROP-OVF] 줄이 96바이트를 넘어 버렸다
13:39:49  [AT] "SEND OK" (7)
13:39:50  [TX] S,880,608,000,1124,P1,0A
13:39:50  [SLOT] n=937 tx=24 ack=0 due=0 r=1
13:39:50  [AT] "AT+CIPSEND=25" (13)
13:39:51  [AT] " S,880,608,000,1124,P1,0A" (25)
13:39:51  [AT] "SEND OK" (7)
13:39:51  [AT] "ERROR" (5)
13:39:51  [NET] 송신 오류 응답(로그만, 카운터는 sendLine 이 센다): ERROR
13:39:51  [AT] "Unlink" (6)
13:39:51  [DIAG] offline step=3 사다리=2/0 rx=45799 lines=2699 up=1124s
13:39:51  [NET] 3 CIFSR (IP 를 실제로 받았는가)
13:39:51  [AT] "AT+CIFSR" (8)
13:39:51  [AT] "0.0.0.0" (7)
13:39:51  [NET] ★ ESP 가 IP 를 잃었다 — 모듈 리셋으로 본다. 누적 사건 3
13:39:51  [AT] "OK" (2)
13:39:53  [NET] 3 CIFSR (IP 를 실제로 받았는가)
13:39:53  [AT] "AT+CIFSR" (8)
13:39:53  [AT] "0.0.0.0" (7)
13:39:53  [AT] "OK" (2)
13:39:54  [DIAG] offline step=3 사다리=2/0 rx=45851 lines=2705 up=1127s
13:39:56  [NET] 3 CIFSR (IP 를 실제로 받았는가)
13:39:56  [NET] CIFSR 3회에도 IP 가 없다 → CWJAP 부터 다시
13:39:56  [LADDER] 실패(CWJAP FAIL) CWJAP소요 22s · 연속 0회 · 결합유지 9s · 현재 2단(0회 누적)
13:39:56  [LADDER] 2단 조치: 5초 쉬고 AT+CWQAP 로 결합을 명시적으로 끊은 뒤 다시 붙는다
13:39:56  [AT] "AT+CIFSR" (8)
13:39:56  [AT] "0.0.0.0" (7)
13:39:56  [AT] "OK" (2)
13:39:57  [DIAG] offline step=10 사다리=2/1 rx=45877 lines=2708 up=1130s
13:40:00  [DIAG] offline step=10 사다리=2/1 rx=45877 lines=2708 up=1133s
13:40:01  [NET] 10 CWQAP (결합 해제 — 사다리 2단)
13:40:01  [AT] "AT+CWQAP" (8)
13:40:01  [AT] "OK" (2)
13:40:01  [LADDER] 2단: 결합 해제 완료 → 깨끗한 상태에서 CWJAP 재시도
13:40:01  [NET] 2 CWJAP (응답까지 최대 30초 기다린다)
13:40:01  [AT] "AT+CWJAP="3F_302","0424719222!!"" (32)
13:40:02  [DIAG] offline step=2 사다리=2/1 rx=45929 lines=2711 up=1136s
13:40:04  [AT] "OK" (2)
13:40:04  [NET] CWJAP OK — 결합됐다. IP 를 실제로 받았는지 CIFSR 로 확인한다
13:40:05  [NET] 3 CIFSR (IP 를 실제로 받았는가)
13:40:05  [AT] "AT+CIFSR" (8)
13:40:05  [AT] "192.168.0.214" (13)
13:40:05  [NET] ★ IP 확보: 192.168.0.214
13:40:05  [AT] "OK" (2)
13:40:05  [NET] 4 CIPMUX=0
13:40:05  [AT] "AT+CIPMUX=0" (11)
13:40:05  [AT] "OK" (2)
13:40:05  [NET] CIPMUX=0 적용됨 → CIPSTART
13:40:05  [NET] 5 CIPSTART
13:40:05  [AT] "AT+CIPSTART="TCP","192.168.0.29",9991" (37)
13:40:05  [AT] "OK" (2)
13:40:05  [AT] "Linked" (6)
13:40:05  [NET] online (CONNECT) + 캐시 비움
13:40:06  [TX] S,881,608,000,1140,P1,09
13:40:06  [SLOT] n=950 tx=24 ack=0 due=0 r=1
13:40:06  [CNT] up=1140 drop=0 esprst=3 resync=0 sendfail=0 okto=3 stuck=0 ackq=0 ackdrop=0 ackstale=0 slot=950 oow=0 smiss=2 ssovf=0 cksumng=0 okstream=881 penddrop=0 pendfill=882 bigfill=2 bigdrop=0 bigokst=2 oklost=0 bigoklost=0 skip=21 online=1
13:40:06  [RAM] 최저 여유 617 B · 프롬프트 재동기 0회 (서버의 '버린줄' 과 맞아야 한다)
13:40:06  [AT] "AT+CIPSEND=25" (13)
13:40:06  [AT] " S,881,608,000,1140,P1,09" (25)
13:40:06  [AT] "SEND OK" (7)
13:40:07  «tap» 살아있음 — 최근 60초 rx=7694B (이 줄이 끊기면 탭이 죽은 것이다)
13:40:07  [TX] D,*,7,12,5A
13:40:07  D,A1,IP,01
13:40:07  D,A2,IP,02
13:40:07  D,A3,IP,03
13:40:07  D,A4,IP,04
13:40:07  D,A5,IP,05
13:40:07  D,B1,IP,02
13:40:07  D,B2,IP,01
13:40:07  D,B3,IP,00
13:40:07  D,B4,IP,07
13:40:07  D,B5,IP,06
13:40:07  D,E1,OBV,47
13:40:07  D,X1,OBV,5A
13:40:07  [REG] 등록 전송 145B
13:40:07  [SLOT] n=951 tx=145 ack=0 due=0 r=1
13:40:07  [AT] "AT+CIPSEND=146" (14)
13:40:08  [DROP-OVF] 줄이 96바이트를 넘어 버렸다
13:40:08  [AT] "SEND OK" (7)
13:40:08  [TX] S,883,609,000,1142,P1,08
13:40:08  [SLOT] n=952 tx=24 ack=0 due=0 r=1
13:40:08  [AT] "AT+CIPSEND=25" (13)
13:40:08  [AT] " S,883,609,000,1142,P1,08" (25)
13:40:08  [AT] "SEND OK" (7)
13:40:09  [TX] S,884,609,000,1143,P1,0E
13:40:09  [SLOT] n=953 tx=24 ack=0 due=0 r=1
13:40:09  [AT] "AT+CIPSEND=25" (13)
13:40:09  [AT] " S,884,609,000,1143,P1,0E" (25)
13:40:09  [AT] "SEND OK" (7)
13:40:10  [AT] "ERROR" (5)
13:40:10  [NET] 송신 오류 응답(로그만, 카운터는 sendLine 이 센다): ERROR
13:40:10  [AT] "Unlink" (6)
13:40:10  [DIAG] offline step=3 사다리=2/1 rx=46376 lines=2733 up=1144s
13:40:10  [NET] 3 CIFSR (IP 를 실제로 받았는가)
13:40:10  [AT] "AT+CIFSR" (8)
13:40:10  [AT] "0.0.0.0" (7)
13:40:10  [NET] ★ ESP 가 IP 를 잃었다 — 모듈 리셋으로 본다. 누적 사건 4
13:40:10  [AT] "OK" (2)
13:40:13  [NET] 3 CIFSR (IP 를 실제로 받았는가)
13:40:13  [AT] "AT+CIFSR" (8)
13:40:13  [AT] "0.0.0.0" (7)
13:40:13  [AT] "OK" (2)
13:40:13  [DIAG] offline step=3 사다리=2/1 rx=46428 lines=2739 up=1147s
13:40:15  [NET] 3 CIFSR (IP 를 실제로 받았는가)
13:40:15  [NET] CIFSR 3회에도 IP 가 없다 → CWJAP 부터 다시
13:40:15  [LADDER] 실패(CWJAP FAIL) CWJAP소요 13s · 연속 0회 · 결합유지 10s · 현재 2단(1회 누적)
13:40:15  [LADDER] ↑↑ 단 상승 → 3단
13:40:15  [LADDER] 3단 조치: 15초 쉬고 AT+RST (모듈 소프트 리셋)
13:40:15  [AT] "AT+CIFSR" (8)
13:40:15  [AT] "192.168.0.214" (13)
13:40:15  [NET] ★ IP 확보: 192.168.0.214
13:40:15  [AT] "OK" (2)
13:40:16  [NET] 4 CIPMUX=0
13:40:16  [AT] "AT+CIPMUX=0" (11)
13:40:16  [AT] "OK" (2)
13:40:16  [NET] CIPMUX=0 적용됨 → CIPSTART
13:40:16  [NET] 5 CIPSTART
13:40:16  [AT] "AT+CIPSTART="TCP","192.168.0.29",9991" (37)
13:40:16  [AT] "OK" (2)
13:40:16  [AT] "Linked" (6)
13:40:16  [NET] online (CONNECT) + 캐시 비움
13:40:17  [TX] S,885,608,000,1150,P1,0C
13:40:17  [SLOT] n=959 tx=24 ack=0 due=0 r=1
13:40:17  [AT] "AT+CIPSEND=25" (13)
13:40:17  [AT] " S,885,608,000,1150,P1,0C" (25)
13:40:17  [AT] "SEND OK" (7)
13:40:18  [TX] D,*,7,12,5A
13:40:18  D,A1,IP,01
13:40:18  D,A2,IP,02
13:40:18  D,A3,IP,03
13:40:18  D,A4,IP,04
13:40:18  D,A5,IP,05
13:40:18  D,B1,IP,02
13:40:18  D,B2,IP,01
13:40:18  D,B3,IP,00
13:40:18  D,B4,IP,07
13:40:18  D,B5,IP,06
13:40:18  D,E1,OBV,47
13:40:18  D,X1,OBV,5A
13:40:18  [REG] 등록 전송 145B
13:40:18  [SLOT] n=960 tx=145 ack=0 due=0 r=1
13:40:18  [AT] "AT+CIPSEND=146" (14)
13:40:18  [DROP-OVF] 줄이 96바이트를 넘어 버렸다
13:40:18  [AT] "SEND OK" (7)
13:40:19  [TX] S,887,60A,000,1153,P1,74
13:40:19  [SLOT] n=961 tx=24 ack=0 due=0 r=1
13:40:19  [AT] "AT+CIPSEND=25" (13)
13:40:19  [AT] " S,887,60A,000,1153,P1,74" (25)
13:40:19  [AT] "SEND OK" (7)
13:40:20  [TX] S,888,60A,000,1154,P1,7C
13:40:20  [SLOT] n=962 tx=24 ack=0 due=0 r=1
13:40:20  [AT] "AT+CIPSEND=25" (13)
13:40:20  [AT] " S,888,60A,000,1154,P1,7C" (25)
13:40:20  [AT] "SEND OK" (7)
13:40:21  [TX] S,889,60A,000,1155,P1,7C
13:40:21  [SLOT] n=963 tx=24 ack=0 due=0 r=1
13:40:21  [AT] "AT+CIPSEND=25" (13)
13:40:21  [AT] " S,889,60A,000,1155,P1,7C" (25)
13:40:21  [AT] "SEND OK" (7)
13:40:23  [TX] S,890,60A,000,1156,P1,77
13:40:23  [SLOT] n=964 tx=24 ack=0 due=0 r=1
13:40:23  [AT] "AT+CIPSEND=25" (13)
13:40:23  [AT] " S,890,60A,000,1156,P1,77" (25)
13:40:23  [AT] "SEND OK" (7)
13:40:23  [AT] "ERROR" (5)
13:40:23  [NET] 송신 오류 응답(로그만, 카운터는 sendLine 이 센다): ERROR
13:40:23  [AT] "Unlink" (6)
13:40:23  [DIAG] offline step=3 사다리=3/0 rx=46973 lines=2766 up=1157s
13:40:23  [NET] 3 CIFSR (IP 를 실제로 받았는가)
13:40:23  [AT] "AT+CIFSR" (8)
13:40:23  [AT] "0.0.0.0" (7)
13:40:23  [NET] ★ ESP 가 IP 를 잃었다 — 모듈 리셋으로 본다. 누적 사건 5
13:40:23  [AT] "OK" (2)
13:40:26  [NET] 3 CIFSR (IP 를 실제로 받았는가)
13:40:26  [AT] "AT+CIFSR" (8)
13:40:26  [AT] "0.0.0.0" (7)
13:40:26  [AT] "OK" (2)
13:40:26  [DIAG] offline step=3 사다리=3/0 rx=47025 lines=2772 up=1160s
13:40:28  [NET] 3 CIFSR (IP 를 실제로 받았는가)
13:40:28  [NET] CIFSR 3회에도 IP 가 없다 → CWJAP 부터 다시
13:40:28  [LADDER] 실패(CWJAP FAIL) CWJAP소요 26s · 연속 0회 · 결합유지 13s · 현재 3단(0회 누적)
13:40:28  [LADDER] 3단 조치: 15초 쉬고 AT+RST (모듈 소프트 리셋)
13:40:28  [AT] "AT+CIFSR" (8)
13:40:28  [AT] "0.0.0.0" (7)
13:40:28  [AT] "OK" (2)
13:40:29  [DIAG] offline step=0 사다리=3/1 rx=47051 lines=2775 up=1163s
13:40:32  [DIAG] offline step=0 사다리=3/1 rx=47051 lines=2775 up=1166s
13:40:35  [DIAG] offline step=0 사다리=3/1 rx=47051 lines=2775 up=1169s
13:40:38  [DIAG] offline step=0 사다리=3/1 rx=47051 lines=2775 up=1172s
13:40:41  [DIAG] offline step=0 사다리=3/1 rx=47051 lines=2775 up=1175s
13:40:43  [NET] 0 RST
13:40:43  [AT] "AT+RST" (6)
13:40:43  [AT] "OK" (2)
13:40:44  [AT] "bB\xD6\x84@\xF9Rc\xE2\xFCR\x89:\x97`@\xCE\xFF\xC8\xC9\xA5\x9D\x1C\xFF\xC0I\x8D" (27)
13:40:44  [AT] "[System Ready, Vendor:www.ai-thinker.com]" (41)
13:40:44  [DIAG] offline step=1 사다리=3/1 rx=47138 lines=2779 up=1178s
13:40:46  [NET] 1 CWMODE=1
13:40:46  [AT] "AT+CWMODE=1" (11)
13:40:46  [AT] "no change" (9)
13:40:47  [NET] 2 CWJAP (응답까지 최대 30초 기다린다)
13:40:47  [AT] "AT+CWJAP="3F_302","0424719222!!"" (32)
13:40:47  [DIAG] offline step=2 사다리=3/1 rx=47198 lines=2782 up=1181s
13:40:50  [DIAG] offline step=2 사다리=3/1 rx=47198 lines=2782 up=1184s
13:40:53  [DIAG] offline step=2 사다리=3/1 rx=47198 lines=2782 up=1187s
13:40:56  [DIAG] offline step=2 사다리=3/1 rx=47198 lines=2782 up=1190s
13:40:59  [DIAG] offline step=2 사다리=3/1 rx=47198 lines=2782 up=1193s
13:41:02  [AT] "FAIL" (4)
13:41:02  [NET] ★ CWJAP 실패 1회 (구형 펌웨어는 사유를 주지 않는다)
13:41:02  [LADDER] 실패(CWJAP FAIL) CWJAP소요 14s · 연속 1회 · 결합유지 없음 · 현재 3단(1회 누적)
13:41:02  [LADDER] ↑↑ 단 상승 → 4단
13:41:02  [LADDER] ⚠4단 미실행: 하드웨어 리셋선이 배선되지 않았다(ESP_RST_WIRED=0)
13:41:02  [LADDER]   → Uno A2 를 ESP 의 RST 에 물리고 ESP_RST_WIRED 를 1 로 바꿔 다시 구워라
13:41:02  [LADDER]   지금은 30초 쉬고 AT+RST 만 되풀이한다
13:41:02  [DIAG] offline step=0 사다리=4/0 rx=47206 lines=2783 up=1196s
13:41:05  [DIAG] offline step=0 사다리=4/0 rx=47206 lines=2783 up=1199s
13:41:06  [CNT] up=1200 drop=0 esprst=5 resync=0 sendfail=0 okto=3 stuck=0 ackq=0 ackdrop=0 ackstale=0 slot=1000 oow=0 smiss=3 ssovf=0 cksumng=0 okstream=891 penddrop=0 pendfill=891 bigfill=4 bigdrop=0 bigokst=4 oklost=0 bigoklost=0 skip=21 online=0
13:41:06  [RAM] 최저 여유 617 B · 프롬프트 재동기 0회 (서버의 '버린줄' 과 맞아야 한다)
13:41:07  «tap» 살아있음 — 최근 60초 rx=5845B (이 줄이 끊기면 탭이 죽은 것이다)
13:41:08  [DIAG] offline step=0 사다리=4/0 rx=47206 lines=2783 up=1202s
13:41:11  [DIAG] offline step=0 사다리=4/0 rx=47206 lines=2783 up=1205s
13:41:14  [DIAG] offline step=0 사다리=4/0 rx=47206 lines=2783 up=1208s
13:41:17  [DIAG] offline step=0 사다리=4/0 rx=47206 lines=2783 up=1211s
13:41:20  [DIAG] offline step=0 사다리=4/0 rx=47206 lines=2783 up=1214s
13:41:23  [DIAG] offline step=0 사다리=4/0 rx=47206 lines=2783 up=1217s
13:41:26  [DIAG] offline step=0 사다리=4/0 rx=47206 lines=2783 up=1220s
13:41:29  [DIAG] offline step=0 사다리=4/0 rx=47206 lines=2783 up=1223s
13:41:32  [NET] 0 RST
13:41:32  [AT] "AT+RST" (6)
13:41:32  [AT] "OK" (2)
13:41:32  [DIAG] offline step=1 사다리=4/0 rx=47221 lines=2785 up=1226s
13:41:33  [AT] "`B\xD4\x84@\xF9Rc\xE0\xFER\x89:\x97bB\xCE\xFF\xCA\xC9\xA5\x9D\x1C\xFF\xC2I\x8D" (27)
13:41:33  [AT] "[System Ready, Vendor:www.ai-thinker.com]" (41)
13:41:34  [NET] 1 CWMODE=1
13:41:34  [AT] "AT+CWMODE=1" (11)
13:41:34  [AT] "no change" (9)
13:41:35  [DIAG] offline step=2 사다리=4/0 rx=47318 lines=2789 up=1229s
13:41:35  [NET] 2 CWJAP (응답까지 최대 30초 기다린다)
13:41:35  [AT] "AT+CWJAP="3F_302","0424719222!!"" (32)
13:41:38  [DIAG] offline step=2 사다리=4/0 rx=47353 lines=2790 up=1232s
13:41:38  [AT] "OK" (2)
13:41:38  [NET] CWJAP OK — 결합됐다. IP 를 실제로 받았는지 CIFSR 로 확인한다
13:41:38  [NET] 3 CIFSR (IP 를 실제로 받았는가)
13:41:38  [AT] "AT+CIFSR" (8)
13:41:38  [AT] "192.168.0.214" (13)
13:41:38  [NET] ★ IP 확보: 192.168.0.214
13:41:38  [AT] "OK" (2)
13:41:39  [NET] 4 CIPMUX=0
13:41:39  [AT] "AT+CIPMUX=0" (11)
13:41:39  [AT] "OK" (2)
13:41:39  [NET] CIPMUX=0 적용됨 → CIPSTART
13:41:39  [NET] 5 CIPSTART
13:41:39  [AT] "AT+CIPSTART="TCP","192.168.0.29",9991" (37)
13:41:39  [AT] "OK" (2)
13:41:39  [AT] "Linked" (6)
13:41:39  [NET] online (CONNECT) + 캐시 비움
13:41:39  [TX] S,891,60B,000,1233,P1,75
13:41:39  [SLOT] n=1028 tx=24 ack=0 due=0 r=1
13:41:39  [AT] "AT+CIPSEND=25" (13)
13:41:39  [AT] " S,891,60B,000,1233,P1,75" (25)
13:41:39  [AT] "SEND OK" (7)
13:41:41  [TX] D,*,7,12,5A
13:41:41  D,A1,IP,01
13:41:41  D,A2,IP,02
13:41:41  D,A3,IP,03
13:41:41  D,A4,IP,04
13:41:41  D,A5,IP,05
13:41:41  D,B1,IP,02
13:41:41  D,B2,IP,01
13:41:41  D,B3,IP,00
13:41:41  D,B4,IP,07
13:41:41  D,B5,IP,06
13:41:41  D,E1,OBV,47
13:41:41  D,X1,OBV,5A
13:41:41  [REG] 등록 전송 145B
13:41:41  [SLOT] n=1029 tx=145 ack=0 due=0 r=1
13:41:41  [AT] "AT+CIPSEND=146" (14)
13:41:41  [DROP-OVF] 줄이 96바이트를 넘어 버렸다
13:41:41  [AT] "SEND OK" (7)
13:41:42  [TX] S,893,608,000,1236,P1,08
13:41:42  [SLOT] n=1030 tx=24 ack=0 due=0 r=1
13:41:42  [AT] "AT+CIPSEND=25" (13)
13:41:43  [TX-WAIT] 앞 전송의 SEND OK 를 아직 못 봤다 — 이번 주기는 건너뛴다
13:41:43  [SLOT] n=1031 tx=24 ack=0 due=0 r=0
13:41:43  [AT] " S,893,608,000,1236,P1,08" (25)
13:41:43  [AT] "SEND OK" (7)
13:41:44  [TX] S,894,608,000,1238,P1,01
13:41:44  [SLOT] n=1032 tx=24 ack=0 due=0 r=1
13:41:44  [AT] "AT+CIPSEND=25" (13)
13:41:45  [AT] " S,894,608,000,1238,P1,01" (25)
13:41:45  [AT] "SEND OK" (7)
13:41:45  [TX] S,895,608,000,1239,P1,01
13:41:45  [SLOT] n=1033 tx=24 ack=0 due=0 r=1
13:41:45  [AT] "AT+CIPSEND=25" (13)
13:41:45  [AT] " S,895,608,000,1239,P1,01" (25)
13:41:45  [AT] "SEND OK" (7)
13:41:46  [TX] S,896,608,000,1240,P1,0C
13:41:46  [SLOT] n=1034 tx=24 ack=0 due=0 r=1
13:41:46  [AT] "AT+CIPSEND=25" (13)
13:41:47  [AT] " S,896,608,000,1240,P1,0C" (25)
13:41:47  [AT] "SEND OK" (7)
13:41:48  [TX] S,897,608,000,1242,P1,0F
13:41:48  [SLOT] n=1035 tx=24 ack=0 due=0 r=1
13:41:48  [AT] "AT+CIPSEND=25" (13)
13:41:48  [AT] " S,897,608,000,1242,P1,0F" (25)
13:41:48  [AT] "SEND OK" (7)
13:41:49  [TX] S,898,609,000,1243,P1,00
13:41:49  [SLOT] n=1036 tx=24 ack=0 due=0 r=1
13:41:49  [AT] "AT+CIPSEND=25" (13)
13:41:50  [TX-WAIT] 앞 전송의 SEND OK 를 아직 못 봤다 — 이번 주기는 건너뛴다
13:41:50  [SLOT] n=1037 tx=24 ack=0 due=0 r=0
13:41:51  [TX-WAIT] ★ T1 초과 — 그래도 계속 기다린다(두들기지 않는다)
13:41:51  [TX-WAIT] 앞 전송의 SEND OK 를 아직 못 봤다 — 이번 주기는 건너뛴다
13:41:51  [SLOT] n=1038 tx=24 ack=0 due=0 r=0
13:41:52  [TX-WAIT] 앞 전송의 SEND OK 를 아직 못 봤다 — 이번 주기는 건너뛴다
13:41:52  [SLOT] n=1039 tx=24 ack=0 due=0 r=0
13:41:54  [TX-WAIT] 앞 전송의 SEND OK 를 아직 못 봤다 — 이번 주기는 건너뛴다
13:41:54  [SLOT] n=1040 tx=24 ack=0 due=0 r=0
13:41:55  [TX-WAIT] 앞 전송의 SEND OK 를 아직 못 봤다 — 이번 주기는 건너뛴다
13:41:55  [SLOT] n=1041 tx=24 ack=0 due=0 r=0
13:41:55  [AT] " S,898,609,000,1243,P1,00" (25)
13:41:55  [AT] "SEND OK" (7)
13:41:56  [TX] S,899,60B,000,1250,P1,78
13:41:56  [SLOT] n=1042 tx=24 ack=0 due=0 r=1
13:41:56  [AT] "AT+CIPSEND=25" (13)
13:41:56  [AT] " S,899,60B,000,1250,P1,78" (25)
13:41:56  [AT] "SEND OK" (7)
13:41:57  [TX] S,900,60A,000,1251,P1,7B
13:41:57  [SLOT] n=1043 tx=24 ack=0 due=0 r=1
13:41:57  [AT] "AT+CIPSEND=25" (13)
13:41:58  [AT] " S,900,60A,000,1251,P1,7B" (25)
13:41:58  [AT] "SEND OK" (7)
13:41:58  [AT] "ERROR" (5)
13:41:58  [NET] 송신 오류 응답(로그만, 카운터는 sendLine 이 센다): ERROR
13:41:58  [AT] "Unlink" (6)
13:41:58  [DIAG] offline step=3 사다리=4/0 rx=48112 lines=2830 up=1252s
13:41:59  [NET] 3 CIFSR (IP 를 실제로 받았는가)
13:41:59  [AT] "AT+CIFSR" (8)
13:41:59  [AT] "0.0.0.0" (7)
13:41:59  [NET] ★ ESP 가 IP 를 잃었다 — 모듈 리셋으로 본다. 누적 사건 6
13:41:59  [AT] "OK" (2)
13:42:01  [NET] 3 CIFSR (IP 를 실제로 받았는가)
13:42:01  [AT] "AT+CIFSR" (8)
13:42:01  [AT] "0.0.0.0" (7)
13:42:01  [AT] "OK" (2)
13:42:01  [DIAG] offline step=3 사다리=4/0 rx=48164 lines=2836 up=1255s
13:42:04  [NET] 3 CIFSR (IP 를 실제로 받았는가)
13:42:04  [NET] CIFSR 3회에도 IP 가 없다 → CWJAP 부터 다시
13:42:04  [LADDER] 실패(CWJAP FAIL) CWJAP소요 28s · 연속 0회 · 결합유지 25s · 현재 4단(0회 누적)
13:42:04  [LADDER] ⚠4단 미실행: 하드웨어 리셋선이 배선되지 않았다(ESP_RST_WIRED=0)
13:42:04  [LADDER]   → Uno A2 를 ESP 의 RST 에 물리고 ESP_RST_WIRED 를 1 로 바꿔 다시 구워라
13:42:04  [LADDER]   지금은 30초 쉬고 AT+RST 만 되풀이한다
13:42:04  [AT] "AT+CIFSR" (8)
13:42:04  [AT] "0.0.0.0" (7)
13:42:04  [AT] "OK" (2)
13:42:04  [DIAG] offline step=0 사다리=4/1 rx=48190 lines=2839 up=1258s
13:42:06  [CNT] up=1260 drop=0 esprst=6 resync=0 sendfail=0 okto=4 stuck=0 ackq=0 ackdrop=0 ackstale=0 slot=1050 oow=0 smiss=4 ssovf=0 cksumng=0 okstream=901 penddrop=0 pendfill=901 bigfill=5 bigdrop=0 bigokst=5 oklost=0 bigoklost=0 skip=27 online=0
13:42:06  [RAM] 최저 여유 617 B · 프롬프트 재동기 0회 (서버의 '버린줄' 과 맞아야 한다)
13:42:07  «tap» 살아있음 — 최근 60초 rx=5595B (이 줄이 끊기면 탭이 죽은 것이다)
13:42:07  [DIAG] offline step=0 사다리=4/1 rx=48190 lines=2839 up=1261s
13:42:10  [DIAG] offline step=0 사다리=4/1 rx=48190 lines=2839 up=1264s
13:42:13  [DIAG] offline step=0 사다리=4/1 rx=48190 lines=2839 up=1267s
13:42:16  [DIAG] offline step=0 사다리=4/1 rx=48190 lines=2839 up=1270s
13:42:19  [DIAG] offline step=0 사다리=4/1 rx=48190 lines=2839 up=1273s
13:42:22  [DIAG] offline step=0 사다리=4/1 rx=48190 lines=2839 up=1276s
13:42:25  [DIAG] offline step=0 사다리=4/1 rx=48190 lines=2839 up=1279s
13:42:28  [DIAG] offline step=0 사다리=4/1 rx=48190 lines=2839 up=1282s
13:42:31  [DIAG] offline step=0 사다리=4/1 rx=48190 lines=2839 up=1285s
13:42:34  [NET] 0 RST
13:42:34  [AT] "AT+RST" (6)
13:42:34  [AT] "OK" (2)
13:42:34  [DIAG] offline step=1 사다리=4/1 rx=48205 lines=2841 up=1288s
13:42:35  [AT] "bB\xD6\x84@\xF9Pc\xE2\xFCR\x89:\x97`@\xCE\xFF\xCA\xC9\xA5\x9D\x1C\xFF\xC2I\x8D" (27)
13:42:35  [AT] "[System Ready, Vendor:www.ai-thinker.com]" (41)
13:42:36  [NET] 1 CWMODE=1
13:42:36  [AT] "AT+CWMODE=1" (11)
13:42:36  [AT] "no change" (9)
13:42:37  [NET] 2 CWJAP (응답까지 최대 30초 기다린다)
13:42:37  [AT] "AT+CWJAP="3F_302","0424719222!!"" (32)
13:42:37  [DIAG] offline step=2 사다리=4/1 rx=48337 lines=2846 up=1291s
13:42:40  [DIAG] offline step=2 사다리=4/1 rx=48337 lines=2846 up=1294s
13:42:42  [AT] "OK" (2)
13:42:42  [NET] CWJAP OK — 결합됐다. IP 를 실제로 받았는지 CIFSR 로 확인한다
13:42:43  [NET] 3 CIFSR (IP 를 실제로 받았는가)
13:42:43  [AT] "AT+CIFSR" (8)
13:42:43  [AT] "192.168.0.214" (13)
13:42:43  [NET] ★ IP 확보: 192.168.0.214
13:42:43  [AT] "OK" (2)
13:42:43  [NET] 4 CIPMUX=0
13:42:43  [AT] "AT+CIPMUX=0" (11)
13:42:43  [AT] "OK" (2)
13:42:43  [NET] CIPMUX=0 적용됨 → CIPSTART
13:42:43  [NET] 5 CIPSTART
13:42:43  [AT] "AT+CIPSTART="TCP","192.168.0.29",9991" (37)
13:42:43  [DIAG] offline step=5 사다리=4/1 rx=48435 lines=2853 up=1297s
13:42:46  [DIAG] offline step=5 사다리=4/1 rx=48435 lines=2853 up=1300s
13:42:47  [AT] "OK" (2)
13:42:47  [AT] "Linked" (6)
13:42:47  [NET] online (CONNECT) + 캐시 비움
13:42:47  [AT] "ERROR" (5)
13:42:47  [NET] 송신 오류 응답(로그만, 카운터는 sendLine 이 센다): ERROR
13:42:47  [AT] "Unlink" (6)
13:42:48  [NET] 3 CIFSR (IP 를 실제로 받았는가)
13:42:48  [AT] "AT+CIFSR" (8)
13:42:48  [AT] "0.0.0.0" (7)
13:42:48  [NET] ★ ESP 가 IP 를 잃었다 — 모듈 리셋으로 본다. 누적 사건 7
13:42:48  [AT] "OK" (2)
13:42:49  [DIAG] offline step=3 사다리=4/1 rx=48492 lines=2860 up=1303s
13:42:50  [NET] 3 CIFSR (IP 를 실제로 받았는가)
13:42:50  [AT] "AT+CIFSR" (8)
13:42:50  [AT] "0.0.0.0" (7)
13:42:50  [AT] "OK" (2)
13:42:52  [DIAG] offline step=3 사다리=4/1 rx=48518 lines=2863 up=1306s
13:42:53  [NET] 3 CIFSR (IP 를 실제로 받았는가)
13:42:53  [NET] CIFSR 3회에도 IP 가 없다 → CWJAP 부터 다시
13:42:53  [LADDER] 실패(CWJAP FAIL) CWJAP소요 15s · 연속 0회 · 결합유지 10s · 현재 4단(1회 누적)
13:42:53  [LADDER] ↑↑ 단 상승 → 5단
13:42:53  [LADDER] ⚠5단 미실행: 전원 재투입은 **부품 미보유로 미구현**이다
13:42:53  [LADDER]   필요 부품: 로우사이드 MOSFET 스위치(예: 2N7000/AO3400 + 10k)
13:42:53  [LADDER]   대신 4단 조치를 60초 백오프로 되풀이한다(종착역)
13:42:53  [AT] "AT+CIFSR" (8)
13:42:53  [AT] "192.168.0.214" (13)
13:42:53  [NET] ★ IP 확보: 192.168.0.214
13:42:53  [AT] "OK" (2)
13:42:53  [NET] 4 CIPMUX=0
13:42:53  [AT] "AT+CIPMUX=0" (11)
13:42:53  [AT] "OK" (2)
13:42:53  [NET] CIPMUX=0 적용됨 → CIPSTART
13:42:53  [NET] 5 CIPSTART
13:42:53  [AT] "AT+CIPSTART="TCP","192.168.0.29",9991" (37)
13:42:53  [AT] "OK" (2)
13:42:53  [AT] "Linked" (6)
13:42:53  [NET] online (CONNECT) + 캐시 비움
13:42:55  [TX] S,901,608,000,1308,P1,0E
13:42:55  [SLOT] n=1090 tx=24 ack=0 due=0 r=1
13:42:55  [AT] "AT+CIPSEND=25" (13)
13:42:55  [AT] " S,901,608,000,1308,P1,0E" (25)
13:42:55  [AT] "SEND OK" (7)
13:42:56  [TX] D,*,7,12,5A
13:42:56  D,A1,IP,01
13:42:56  D,A2,IP,02
13:42:56  D,A3,IP,03
13:42:56  D,A4,IP,04
13:42:56  D,A5,IP,05
13:42:56  D,B1,IP,02
13:42:56  D,B2,IP,01
13:42:56  D,B3,IP,00
13:42:56  D,B4,IP,07
13:42:56  D,B5,IP,06
13:42:56  D,E1,OBV,47
13:42:56  D,X1,OBV,5A
13:42:56  [REG] 등록 전송 145B
13:42:56  [SLOT] n=1091 tx=145 ack=0 due=0 r=1
13:42:56  [AT] "AT+CIPSEND=146" (14)
13:42:57  [TX-WAIT] 앞 전송의 SEND OK 를 아직 못 봤다 — 이번 주기는 건너뛴다
13:42:57  [SLOT] n=1092 tx=24 ack=0 due=0 r=0
13:42:58  [DROP-OVF] 줄이 96바이트를 넘어 버렸다
13:42:58  [AT] "SEND OK" (7)
13:42:58  [TX] S,903,609,000,1311,P1,05
13:42:58  [SLOT] n=1093 tx=24 ack=0 due=0 r=1
13:42:58  [AT] "AT+CIPSEND=25" (13)
13:42:58  [AT] " S,903,609,000,1311,P1,05" (25)
13:42:58  [AT] "SEND OK" (7)
13:42:59  [TX] S,904,609,000,1312,P1,01
13:42:59  [SLOT] n=1094 tx=24 ack=0 due=0 r=1
13:42:59  [AT] "AT+CIPSEND=25" (13)
13:43:00  [AT] " S,904,609,000,1312,P1,01" (25)
13:43:00  [AT] "SEND OK" (7)
13:43:01  [TX] S,905,609,000,1314,P1,06
13:43:01  [SLOT] n=1095 tx=24 ack=0 due=0 r=1
13:43:01  [AT] "AT+CIPSEND=25" (13)
13:43:01  [AT] " S,905,609,000,1314,P1,06" (25)
13:43:01  [AT] "ERROR" (5)
13:43:01  [NET] 송신 오류 응답(로그만, 카운터는 sendLine 이 센다): ERROR
13:43:01  [AT] "Unlink" (6)
13:43:01  [DIAG] offline step=3 사다리=5/0 rx=49000 lines=2886 up=1314s
13:43:02  [NET] 3 CIFSR (IP 를 실제로 받았는가)
13:43:02  [AT] "AT+CIFSR" (8)
13:43:02  [AT] "0.0.0.0" (7)
13:43:02  [NET] ★ ESP 가 IP 를 잃었다 — 모듈 리셋으로 본다. 누적 사건 8
13:43:02  [AT] "OK" (2)
13:43:04  [NET] 3 CIFSR (IP 를 실제로 받았는가)
13:43:04  [AT] "AT+CIFSR" (8)
13:43:04  [AT] "192.168.0.214" (13)
13:43:04  [NET] ★ IP 확보: 192.168.0.214
13:43:04  [AT] "OK" (2)
13:43:04  [DIAG] offline step=4 사다리=5/0 rx=49058 lines=2892 up=1317s
13:43:05  [NET] 4 CIPMUX=0
13:43:05  [AT] "AT+CIPMUX=0" (11)
13:43:05  [AT] "OK" (2)
13:43:05  [NET] CIPMUX=0 적용됨 → CIPSTART
13:43:05  [NET] 5 CIPSTART
13:43:05  [AT] "AT+CIPSTART="TCP","192.168.0.29",9991" (37)
13:43:06  [AT] "OK" (2)
13:43:06  [AT] "Linked" (6)
13:43:06  [NET] online (CONNECT) + 캐시 비움
13:43:07  [TX] S,906,60A,000,1320,P1,7A
13:43:07  [SLOT] n=1100 tx=24 ack=0 due=0 r=1
13:43:07  [CNT] up=1320 drop=0 esprst=8 resync=0 sendfail=0 okto=4 stuck=0 ackq=0 ackdrop=0 ackstale=0 slot=1100 oow=0 smiss=6 ssovf=0 cksumng=0 okstream=905 penddrop=0 pendfill=907 bigfill=6 bigdrop=0 bigokst=6 oklost=0 bigoklost=0 skip=28 online=1
13:43:07  [RAM] 최저 여유 617 B · 프롬프트 재동기 0회 (서버의 '버린줄' 과 맞아야 한다)
13:43:07  [AT] "AT+CIPSEND=25" (13)
13:43:07  [AT] " S,906,60A,000,1320,P1,7A" (25)
13:43:07  [AT] "SEND OK" (7)
13:43:08  «tap» 살아있음 — 최근 60초 rx=5517B (이 줄이 끊기면 탭이 죽은 것이다)
13:43:08  [TX] D,*,7,12,5A
13:43:08  D,A1,IP,01
13:43:08  D,A2,IP,02
13:43:08  D,A3,IP,03
13:43:08  D,A4,IP,04
13:43:08  D,A5,IP,05
13:43:08  D,B1,IP,02
13:43:08  D,B2,IP,01
13:43:08  D,B3,IP,00
13:43:08  D,B4,IP,07
13:43:08  D,B5,IP,06
13:43:08  D,E1,OBV,47
13:43:08  D,X1,OBV,5A
13:43:08  [REG] 등록 전송 145B
13:43:08  [SLOT] n=1101 tx=145 ack=0 due=0 r=1
13:43:08  [DROP-OVF] 줄이 96바이트를 넘어 버렸다
13:43:08  [AT] "5" (1)
13:43:08  [AT] "Error" (5)
13:43:08  [AT] "AT+CIPSEND=146" (14)
13:43:09  [TX-WAIT] 앞 전송의 SEND OK 를 아직 못 봤다 — 이번 주기는 건너뛴다
13:43:09  [SLOT] n=1102 tx=24 ack=0 due=0 r=0
13:43:10  [TX-WAIT] ★ T1 초과 — 그래도 계속 기다린다(두들기지 않는다)
13:43:10  [TX-WAIT] 앞 전송의 SEND OK 를 아직 못 봤다 — 이번 주기는 건너뛴다
13:43:10  [SLOT] n=1103 tx=24 ack=0 due=0 r=0
13:43:11  [TX-WAIT] 앞 전송의 SEND OK 를 아직 못 봤다 — 이번 주기는 건너뛴다
13:43:11  [SLOT] n=1104 tx=24 ack=0 due=0 r=0
13:43:12  [TX-WAIT] 앞 전송의 SEND OK 를 아직 못 봤다 — 이번 주기는 건너뛴다
13:43:13  [SLOT] n=1105 tx=24 ack=0 due=0 r=0
13:43:14  [TX-WAIT] 앞 전송의 SEND OK 를 아직 못 봤다 — 이번 주기는 건너뛴다
13:43:14  [SLOT] n=1106 tx=24 ack=0 due=0 r=0
13:43:15  [TX-WAIT] 앞 전송의 SEND OK 를 아직 못 봤다 — 이번 주기는 건너뛴다
13:43:15  [SLOT] n=1107 tx=24 ack=0 due=0 r=0
13:43:16  [TX-WAIT] ★★ T2 초과 — SEND OK 가 끝내 안 온다 → 링크를 다시 세운다
13:43:16  [SLOT] n=1108 tx=24 ack=0 due=0 r=0
13:43:16  [DIAG] offline step=6 사다리=5/0 rx=49352 lines=2903 up=1329s
13:43:16  [NET] 6 CIPCLOSE (낡은 소켓 닫기)
13:43:16  [AT] "AT+CIPCLOSE" (11)
13:43:16  [AT] "ERROR" (5)
13:43:17  [NET] 3 CIFSR (IP 를 실제로 받았는가)
13:43:17  [AT] "AT+CIFSR" (8)
13:43:17  [AT] "0.0.0.0" (7)
13:43:17  [NET] ★ ESP 가 IP 를 잃었다 — 모듈 리셋으로 본다. 누적 사건 9
13:43:17  [AT] "OK" (2)
13:43:19  [DIAG] offline step=3 사다리=5/0 rx=49401 lines=2908 up=1332s
13:43:19  [NET] 3 CIFSR (IP 를 실제로 받았는가)
13:43:19  [AT] "AT+CIFSR" (8)
13:43:19  [AT] "0.0.0.0" (7)
13:43:19  [AT] "OK" (2)
13:43:22  [NET] 3 CIFSR (IP 를 실제로 받았는가)
13:43:22  [NET] CIFSR 3회에도 IP 가 없다 → CWJAP 부터 다시
13:43:22  [LADDER] 실패(CWJAP FAIL) CWJAP소요 43s · 연속 0회 · 결합유지 28s · 현재 5단(0회 누적)
13:43:22  [LADDER] ⚠5단 미실행: 전원 재투입은 **부품 미보유로 미구현**이다
13:43:22  [LADDER]   필요 부품: 로우사이드 MOSFET 스위치(예: 2N7000/AO3400 + 10k)
13:43:22  [LADDER]   대신 4단 조치를 60초 백오프로 되풀이한다(종착역)
13:43:22  [AT] "AT+CIFSR" (8)
13:43:22  [AT] "192.168.0.214" (13)
13:43:22  [NET] ★ IP 확보: 192.168.0.214
13:43:22  [AT] "OK" (2)
13:43:22  [DIAG] offline step=4 사다리=5/1 rx=49459 lines=2914 up=1335s
13:43:22  [NET] 4 CIPMUX=0
13:43:22  [AT] "AT+CIPMUX=0" (11)
13:43:22  [AT] "OK" (2)
13:43:22  [NET] CIPMUX=0 적용됨 → CIPSTART
13:43:22  [NET] 5 CIPSTART
13:43:22  [AT] "AT+CIPSTART="TCP","192.168.0.29",9991" (37)
13:43:25  [DIAG] offline step=6 사다리=5/1 rx=49519 lines=2917 up=1338s
13:43:28  [DIAG] offline step=6 사다리=5/1 rx=49519 lines=2917 up=1341s
13:43:30  [NET] 6 CIPCLOSE (낡은 소켓 닫기)
13:43:30  [AT] "AT+CIPCLOSE" (11)
13:43:30  [AT] "busy p..." (9)
13:43:30  [NET] busy — ESP 가 앞 명령을 처리 중이다. 전진하지 않는다
13:43:31  [DIAG] offline step=3 사다리=5/1 rx=49544 lines=2919 up=1344s
13:43:31  [NET] 3 CIFSR (IP 를 실제로 받았는가)
13:43:31  [AT] "AT+CIFSR" (8)
13:43:31  [AT] "busy p..." (9)
13:43:31  [NET] busy — ESP 가 앞 명령을 처리 중이다. 전진하지 않는다
13:43:33  [NET] 3 CIFSR (IP 를 실제로 받았는가)
13:43:33  [AT] "AT+CIFSR" (8)
13:43:33  [AT] "busy p..." (9)
13:43:33  [NET] busy — ESP 가 앞 명령을 처리 중이다. 전진하지 않는다
13:43:34  [DIAG] offline step=3 사다리=5/1 rx=49588 lines=2923 up=1347s
13:43:34  [NET] 3 CIFSR (IP 를 실제로 받았는가)
13:43:34  [NET] CIFSR 3회 소진 — 그러나 busy 거부였다. IP 소실로 세지 않는다
13:43:34  [NET] CIFSR 3회에도 IP 가 없다 → CWJAP 부터 다시
13:43:34  [LADDER] 실패(CWJAP FAIL) CWJAP소요 56s · 연속 0회 · 결합유지 12s · 현재 5단(1회 누적)
13:43:34  [LADDER] ⚠5단 미실행: 전원 재투입은 **부품 미보유로 미구현**이다
13:43:34  [LADDER]   필요 부품: 로우사이드 MOSFET 스위치(예: 2N7000/AO3400 + 10k)
13:43:34  [LADDER]   대신 4단 조치를 60초 백오프로 되풀이한다(종착역)
13:43:34  [AT] "AT+CIFSR" (8)
13:43:34  [AT] "busy p..." (9)
13:43:34  [NET] busy — ESP 가 앞 명령을 처리 중이다. 전진하지 않는다
13:43:36  [NET] 3 CIFSR (IP 를 실제로 받았는가)
13:43:36  [AT] "AT+CIFSR" (8)
13:43:36  [AT] "busy p..." (9)
13:43:36  [NET] busy — ESP 가 앞 명령을 처리 중이다. 전진하지 않는다
13:43:37  [DIAG] offline step=3 사다리=5/2 rx=49632 lines=2927 up=1350s
13:43:37  [NET] 3 CIFSR (IP 를 실제로 받았는가)
13:43:37  [AT] "AT+CIFSR" (8)
13:43:37  [AT] "busy p..." (9)
13:43:37  [NET] busy — ESP 가 앞 명령을 처리 중이다. 전진하지 않는다
13:43:39  [NET] 3 CIFSR (IP 를 실제로 받았는가)
13:43:39  [NET] CIFSR 3회 소진 — 그러나 busy 거부였다. IP 소실로 세지 않는다
13:43:39  [NET] CIFSR 3회에도 IP 가 없다 → CWJAP 부터 다시
13:43:39  [LADDER] 실패(CWJAP FAIL) CWJAP소요 60s · 연속 0회 · 결합유지 없음 · 현재 5단(2회 누적)
13:43:39  [LADDER] ⚠5단 미실행: 전원 재투입은 **부품 미보유로 미구현**이다
13:43:39  [LADDER]   필요 부품: 로우사이드 MOSFET 스위치(예: 2N7000/AO3400 + 10k)
13:43:39  [LADDER]   대신 4단 조치를 60초 백오프로 되풀이한다(종착역)
13:43:39  [AT] "AT+CIFSR" (8)
13:43:39  [AT] "busy p..." (9)
13:43:39  [NET] busy — ESP 가 앞 명령을 처리 중이다. 전진하지 않는다
13:43:40  [DIAG] offline step=3 사다리=5/3 rx=49676 lines=2931 up=1353s
13:43:41  [NET] 3 CIFSR (IP 를 실제로 받았는가)
13:43:41  [AT] "AT+CIFSR" (8)
13:43:41  [AT] "busy p..." (9)
13:43:41  [NET] busy — ESP 가 앞 명령을 처리 중이다. 전진하지 않는다
13:43:42  [NET] 3 CIFSR (IP 를 실제로 받았는가)
13:43:42  [AT] "AT+CIFSR" (8)
13:43:42  [AT] "busy p..." (9)
13:43:42  [NET] busy — ESP 가 앞 명령을 처리 중이다. 전진하지 않는다
13:43:43  [DIAG] offline step=3 사다리=5/3 rx=49720 lines=2935 up=1356s
13:43:44  [NET] 3 CIFSR (IP 를 실제로 받았는가)
13:43:44  [NET] CIFSR 3회 소진 — 그러나 busy 거부였다. IP 소실로 세지 않는다
13:43:44  [NET] CIFSR 3회에도 IP 가 없다 → CWJAP 부터 다시
13:43:44  [LADDER] 실패(CWJAP FAIL) CWJAP소요 65s · 연속 0회 · 결합유지 없음 · 현재 5단(3회 누적)
13:43:44  [LADDER] ⚠5단 미실행: 전원 재투입은 **부품 미보유로 미구현**이다
13:43:44  [LADDER]   필요 부품: 로우사이드 MOSFET 스위치(예: 2N7000/AO3400 + 10k)
13:43:44  [LADDER]   대신 4단 조치를 60초 백오프로 되풀이한다(종착역)
13:43:44  [AT] "AT+CIFSR" (8)
13:43:44  [AT] "busy p..." (9)
13:43:44  [NET] busy — ESP 가 앞 명령을 처리 중이다. 전진하지 않는다
13:43:45  [NET] 3 CIFSR (IP 를 실제로 받았는가)
13:43:45  [AT] "AT+CIFSR" (8)
13:43:45  [AT] "busy p..." (9)
13:43:45  [NET] busy — ESP 가 앞 명령을 처리 중이다. 전진하지 않는다
13:43:46  [DIAG] offline step=3 사다리=5/4 rx=49764 lines=2939 up=1359s
13:43:47  [NET] 3 CIFSR (IP 를 실제로 받았는가)
13:43:47  [AT] "AT+CIFSR" (8)
13:43:47  [AT] "busy p..." (9)
13:43:47  [NET] busy — ESP 가 앞 명령을 처리 중이다. 전진하지 않는다
13:43:48  [NET] 3 CIFSR (IP 를 실제로 받았는가)
13:43:48  [NET] CIFSR 3회 소진 — 그러나 busy 거부였다. IP 소실로 세지 않는다
13:43:48  [NET] CIFSR 3회에도 IP 가 없다 → CWJAP 부터 다시
13:43:48  [LADDER] 실패(CWJAP FAIL) CWJAP소요 70s · 연속 0회 · 결합유지 없음 · 현재 5단(4회 누적)
13:43:48  [LADDER] ⚠5단 미실행: 전원 재투입은 **부품 미보유로 미구현**이다
13:43:48  [LADDER]   필요 부품: 로우사이드 MOSFET 스위치(예: 2N7000/AO3400 + 10k)
13:43:48  [LADDER]   대신 4단 조치를 60초 백오프로 되풀이한다(종착역)
13:43:48  [AT] "AT+CIFSR" (8)
13:43:48  [AT] "busy p..." (9)
13:43:48  [NET] busy — ESP 가 앞 명령을 처리 중이다. 전진하지 않는다
13:43:49  [DIAG] offline step=3 사다리=5/5 rx=49808 lines=2943 up=1362s
13:43:50  [NET] 3 CIFSR (IP 를 실제로 받았는가)
13:43:50  [AT] "AT+CIFSR" (8)
13:43:50  [AT] "busy p..." (9)
13:43:50  [NET] busy — ESP 가 앞 명령을 처리 중이다. 전진하지 않는다
13:43:51  [NET] 3 CIFSR (IP 를 실제로 받았는가)
13:43:51  [AT] "AT+CIFSR" (8)
13:43:51  [AT] "busy p..." (9)
13:43:51  [NET] busy — ESP 가 앞 명령을 처리 중이다. 전진하지 않는다
13:43:52  [DIAG] offline step=3 사다리=5/5 rx=49852 lines=2947 up=1365s
13:43:53  [NET] 3 CIFSR (IP 를 실제로 받았는가)
13:43:53  [NET] CIFSR 3회 소진 — 그러나 busy 거부였다. IP 소실로 세지 않는다
13:43:53  [NET] CIFSR 3회에도 IP 가 없다 → CWJAP 부터 다시
13:43:53  [LADDER] 실패(CWJAP FAIL) CWJAP소요 74s · 연속 0회 · 결합유지 없음 · 현재 5단(5회 누적)
13:43:53  [LADDER] ⚠5단 미실행: 전원 재투입은 **부품 미보유로 미구현**이다
13:43:53  [LADDER]   필요 부품: 로우사이드 MOSFET 스위치(예: 2N7000/AO3400 + 10k)
13:43:53  [LADDER]   대신 4단 조치를 60초 백오프로 되풀이한다(종착역)
13:43:53  [AT] "AT+CIFSR" (8)
13:43:53  [AT] "busy p..." (9)
13:43:53  [NET] busy — ESP 가 앞 명령을 처리 중이다. 전진하지 않는다
13:43:55  [NET] 3 CIFSR (IP 를 실제로 받았는가)
13:43:55  [AT] "AT+CIFSR" (8)
13:43:55  [AT] "busy p..." (9)
13:43:55  [NET] busy — ESP 가 앞 명령을 처리 중이다. 전진하지 않는다
13:43:55  [DIAG] offline step=3 사다리=5/6 rx=49896 lines=2951 up=1368s
13:43:56  [NET] 3 CIFSR (IP 를 실제로 받았는가)
13:43:56  [AT] "AT+CIFSR" (8)
13:43:56  [AT] "busy p..." (9)
13:43:56  [NET] busy — ESP 가 앞 명령을 처리 중이다. 전진하지 않는다
13:43:58  [NET] 3 CIFSR (IP 를 실제로 받았는가)
13:43:58  [NET] CIFSR 3회 소진 — 그러나 busy 거부였다. IP 소실로 세지 않는다
13:43:58  [NET] CIFSR 3회에도 IP 가 없다 → CWJAP 부터 다시
13:43:58  [LADDER] 실패(CWJAP FAIL) CWJAP소요 79s · 연속 0회 · 결합유지 없음 · 현재 5단(6회 누적)
13:43:58  [LADDER] ⚠5단 미실행: 전원 재투입은 **부품 미보유로 미구현**이다
13:43:58  [LADDER]   필요 부품: 로우사이드 MOSFET 스위치(예: 2N7000/AO3400 + 10k)
13:43:58  [LADDER]   대신 4단 조치를 60초 백오프로 되풀이한다(종착역)
13:43:58  [AT] "AT+CIFSR" (8)
13:43:58  [AT] "busy p..." (9)
13:43:58  [NET] busy — ESP 가 앞 명령을 처리 중이다. 전진하지 않는다
13:43:58  [DIAG] offline step=3 사다리=5/7 rx=49940 lines=2955 up=1371s
13:43:59  [NET] 3 CIFSR (IP 를 실제로 받았는가)
13:43:59  [AT] "AT+CIFSR" (8)
13:43:59  [AT] "busy p..." (9)
13:43:59  [NET] busy — ESP 가 앞 명령을 처리 중이다. 전진하지 않는다
13:44:01  [NET] 3 CIFSR (IP 를 실제로 받았는가)
13:44:01  [AT] "AT+CIFSR" (8)
13:44:01  [AT] "busy p..." (9)
13:44:01  [NET] busy — ESP 가 앞 명령을 처리 중이다. 전진하지 않는다
13:44:01  [DIAG] offline step=3 사다리=5/7 rx=49984 lines=2959 up=1374s
13:44:02  [NET] 3 CIFSR (IP 를 실제로 받았는가)
13:44:02  [NET] CIFSR 3회 소진 — 그러나 busy 거부였다. IP 소실로 세지 않는다
13:44:02  [NET] CIFSR 3회에도 IP 가 없다 → CWJAP 부터 다시
13:44:02  [LADDER] 실패(CWJAP FAIL) CWJAP소요 84s · 연속 0회 · 결합유지 없음 · 현재 5단(7회 누적)
13:44:02  [LADDER] ⚠5단 미실행: 전원 재투입은 **부품 미보유로 미구현**이다
13:44:02  [LADDER]   필요 부품: 로우사이드 MOSFET 스위치(예: 2N7000/AO3400 + 10k)
13:44:02  [LADDER]   대신 4단 조치를 60초 백오프로 되풀이한다(종착역)
13:44:02  [AT] "AT+CIFSR" (8)
13:44:02  [AT] "busy p..." (9)
13:44:02  [NET] busy — ESP 가 앞 명령을 처리 중이다. 전진하지 않는다
13:44:04  [NET] 3 CIFSR (IP 를 실제로 받았는가)
13:44:04  [AT] "AT+CIFSR" (8)
13:44:04  [AT] "busy p..." (9)
13:44:04  [NET] busy — ESP 가 앞 명령을 처리 중이다. 전진하지 않는다
13:44:04  [DIAG] offline step=3 사다리=5/8 rx=50028 lines=2963 up=1377s
13:44:05  [NET] 3 CIFSR (IP 를 실제로 받았는가)
13:44:05  [AT] "AT+CIFSR" (8)
13:44:05  [AT] "busy p..." (9)
13:44:05  [NET] busy — ESP 가 앞 명령을 처리 중이다. 전진하지 않는다
13:44:06  [CNT] up=1380 drop=1 esprst=9 resync=0 sendfail=0 okto=5 stuck=1 ackq=0 ackdrop=0 ackstale=0 slot=1150 oow=0 smiss=6 ssovf=0 cksumng=0 okstream=906 penddrop=0 pendfill=908 bigfill=7 bigdrop=0 bigokst=6 oklost=0 bigoklost=0 skip=34 online=0
13:44:06  [RAM] 최저 여유 617 B · 프롬프트 재동기 0회 (서버의 '버린줄' 과 맞아야 한다)
13:44:07  [NET] 3 CIFSR (IP 를 실제로 받았는가)
13:44:07  [NET] CIFSR 3회 소진 — 그러나 busy 거부였다. IP 소실로 세지 않는다
13:44:07  [NET] CIFSR 3회에도 IP 가 없다 → CWJAP 부터 다시
13:44:07  [LADDER] 실패(CWJAP FAIL) CWJAP소요 88s · 연속 0회 · 결합유지 없음 · 현재 5단(8회 누적)
13:44:07  [LADDER] ⚠5단 미실행: 전원 재투입은 **부품 미보유로 미구현**이다
13:44:07  [LADDER]   필요 부품: 로우사이드 MOSFET 스위치(예: 2N7000/AO3400 + 10k)
13:44:07  [LADDER]   대신 4단 조치를 60초 백오프로 되풀이한다(종착역)
13:44:07  [AT] "AT+CIFSR" (8)
13:44:07  [AT] "busy p..." (9)
13:44:07  [NET] busy — ESP 가 앞 명령을 처리 중이다. 전진하지 않는다
13:44:07  [DIAG] offline step=3 사다리=5/9 rx=50072 lines=2967 up=1380s
13:44:08  «tap» 살아있음 — 최근 60초 rx=12287B (이 줄이 끊기면 탭이 죽은 것이다)
13:44:08  [NET] 3 CIFSR (IP 를 실제로 받았는가)
13:44:08  [AT] "AT+CIFSR" (8)
13:44:08  [AT] "busy p..." (9)
13:44:08  [NET] busy — ESP 가 앞 명령을 처리 중이다. 전진하지 않는다
13:44:10  [NET] 3 CIFSR (IP 를 실제로 받았는가)
13:44:10  [AT] "AT+CIFSR" (8)
13:44:10  [AT] "busy p..." (9)
13:44:10  [NET] busy — ESP 가 앞 명령을 처리 중이다. 전진하지 않는다
13:44:10  [DIAG] offline step=3 사다리=5/9 rx=50116 lines=2971 up=1383s
13:44:12  [NET] 3 CIFSR (IP 를 실제로 받았는가)
13:44:12  [NET] CIFSR 3회 소진 — 그러나 busy 거부였다. IP 소실로 세지 않는다
13:44:12  [NET] CIFSR 3회에도 IP 가 없다 → CWJAP 부터 다시
13:44:12  [LADDER] 실패(CWJAP FAIL) CWJAP소요 93s · 연속 0회 · 결합유지 없음 · 현재 5단(9회 누적)
13:44:12  [LADDER] ⚠5단 미실행: 전원 재투입은 **부품 미보유로 미구현**이다
13:44:12  [LADDER]   필요 부품: 로우사이드 MOSFET 스위치(예: 2N7000/AO3400 + 10k)
13:44:12  [LADDER]   대신 4단 조치를 60초 백오프로 되풀이한다(종착역)
13:44:12  [AT] "AT+CIFSR" (8)
13:44:12  [AT] "busy p..." (9)
13:44:12  [NET] busy — ESP 가 앞 명령을 처리 중이다. 전진하지 않는다
13:44:13  [DIAG] offline step=3 사다리=5/10 rx=50138 lines=2973 up=1386s
13:44:13  [NET] 3 CIFSR (IP 를 실제로 받았는가)
13:44:13  [AT] "AT+CIFSR" (8)
13:44:13  [AT] "busy p..." (9)
13:44:13  [NET] busy — ESP 가 앞 명령을 처리 중이다. 전진하지 않는다
13:44:15  [NET] 3 CIFSR (IP 를 실제로 받았는가)
13:44:15  [AT] "AT+CIFSR" (8)
13:44:15  [AT] "busy p..." (9)
13:44:15  [NET] busy — ESP 가 앞 명령을 처리 중이다. 전진하지 않는다
13:44:16  [DIAG] offline step=3 사다리=5/10 rx=50182 lines=2977 up=1389s
13:44:16  [NET] 3 CIFSR (IP 를 실제로 받았는가)
13:44:16  [NET] CIFSR 3회 소진 — 그러나 busy 거부였다. IP 소실로 세지 않는다
13:44:16  [NET] CIFSR 3회에도 IP 가 없다 → CWJAP 부터 다시
13:44:16  [LADDER] 실패(CWJAP FAIL) CWJAP소요 98s · 연속 0회 · 결합유지 없음 · 현재 5단(10회 누적)
13:44:16  [LADDER] ⚠5단 미실행: 전원 재투입은 **부품 미보유로 미구현**이다
13:44:16  [LADDER]   필요 부품: 로우사이드 MOSFET 스위치(예: 2N7000/AO3400 + 10k)
13:44:16  [LADDER]   대신 4단 조치를 60초 백오프로 되풀이한다(종착역)
13:44:16  [AT] "AT+CIFSR" (8)
13:44:16  [AT] "busy p..." (9)
13:44:16  [NET] busy — ESP 가 앞 명령을 처리 중이다. 전진하지 않는다
13:44:18  [NET] 3 CIFSR (IP 를 실제로 받았는가)
13:44:18  [AT] "AT+CIFSR" (8)
13:44:18  [AT] "busy p..." (9)
13:44:18  [NET] busy — ESP 가 앞 명령을 처리 중이다. 전진하지 않는다
13:44:19  [DIAG] offline step=3 사다리=5/11 rx=50226 lines=2981 up=1392s
13:44:19  [NET] 3 CIFSR (IP 를 실제로 받았는가)
13:44:19  [AT] "AT+CIFSR" (8)
13:44:19  [AT] "busy p..." (9)
13:44:19  [NET] busy — ESP 가 앞 명령을 처리 중이다. 전진하지 않는다
13:44:21  [NET] 3 CIFSR (IP 를 실제로 받았는가)
13:44:21  [NET] CIFSR 3회 소진 — 그러나 busy 거부였다. IP 소실로 세지 않는다
13:44:21  [NET] CIFSR 3회에도 IP 가 없다 → CWJAP 부터 다시
13:44:21  [LADDER] 실패(CWJAP FAIL) CWJAP소요 102s · 연속 0회 · 결합유지 없음 · 현재 5단(11회 누적)
13:44:21  [LADDER] ⚠5단 미실행: 전원 재투입은 **부품 미보유로 미구현**이다
13:44:21  [LADDER]   필요 부품: 로우사이드 MOSFET 스위치(예: 2N7000/AO3400 + 10k)
13:44:21  [LADDER]   대신 4단 조치를 60초 백오프로 되풀이한다(종착역)
13:44:21  [AT] "AT+CIFSR" (8)
13:44:21  [AT] "busy p..." (9)
13:44:21  [NET] busy — ESP 가 앞 명령을 처리 중이다. 전진하지 않는다
13:44:22  [DIAG] offline step=3 사다리=5/12 rx=50270 lines=2985 up=1395s
13:44:22  [NET] 3 CIFSR (IP 를 실제로 받았는가)
13:44:22  [AT] "AT+CIFSR" (8)
13:44:22  [AT] "busy p..." (9)
13:44:22  [NET] busy — ESP 가 앞 명령을 처리 중이다. 전진하지 않는다
13:44:24  [NET] 3 CIFSR (IP 를 실제로 받았는가)
13:44:24  [AT] "AT+CIFSR" (8)
13:44:24  [AT] "busy p..." (9)
13:44:24  [NET] busy — ESP 가 앞 명령을 처리 중이다. 전진하지 않는다
13:44:25  [DIAG] offline step=3 사다리=5/12 rx=50314 lines=2989 up=1398s
13:44:26  [NET] 3 CIFSR (IP 를 실제로 받았는가)
13:44:26  [NET] CIFSR 3회 소진 — 그러나 busy 거부였다. IP 소실로 세지 않는다
13:44:26  [NET] CIFSR 3회에도 IP 가 없다 → CWJAP 부터 다시
13:44:26  [LADDER] 실패(CWJAP FAIL) CWJAP소요 107s · 연속 0회 · 결합유지 없음 · 현재 5단(12회 누적)
13:44:26  [LADDER] ⚠5단 미실행: 전원 재투입은 **부품 미보유로 미구현**이다
13:44:26  [LADDER]   필요 부품: 로우사이드 MOSFET 스위치(예: 2N7000/AO3400 + 10k)
13:44:26  [LADDER]   대신 4단 조치를 60초 백오프로 되풀이한다(종착역)
13:44:26  [AT] "AT+CIFSR" (8)
13:44:26  [AT] "busy p..." (9)
13:44:26  [NET] busy — ESP 가 앞 명령을 처리 중이다. 전진하지 않는다
13:44:27  [NET] 3 CIFSR (IP 를 실제로 받았는가)
13:44:27  [AT] "AT+CIFSR" (8)
13:44:27  [AT] "busy p..." (9)
13:44:27  [NET] busy — ESP 가 앞 명령을 처리 중이다. 전진하지 않는다
13:44:28  [DIAG] offline step=3 사다리=5/13 rx=50358 lines=2993 up=1401s
13:44:29  [NET] 3 CIFSR (IP 를 실제로 받았는가)
13:44:29  [AT] "AT+CIFSR" (8)
13:44:29  [AT] "busy p..." (9)
13:44:29  [NET] busy — ESP 가 앞 명령을 처리 중이다. 전진하지 않는다
13:44:30  [NET] 3 CIFSR (IP 를 실제로 받았는가)
13:44:30  [NET] CIFSR 3회 소진 — 그러나 busy 거부였다. IP 소실로 세지 않는다
13:44:30  [NET] CIFSR 3회에도 IP 가 없다 → CWJAP 부터 다시
13:44:30  [LADDER] 실패(CWJAP FAIL) CWJAP소요 112s · 연속 0회 · 결합유지 없음 · 현재 5단(13회 누적)
13:44:30  [LADDER] ⚠5단 미실행: 전원 재투입은 **부품 미보유로 미구현**이다
13:44:30  [LADDER]   필요 부품: 로우사이드 MOSFET 스위치(예: 2N7000/AO3400 + 10k)
13:44:30  [LADDER]   대신 4단 조치를 60초 백오프로 되풀이한다(종착역)
13:44:30  [AT] "AT+CIFSR" (8)
13:44:30  [AT] "busy p..." (9)
13:44:30  [NET] busy — ESP 가 앞 명령을 처리 중이다. 전진하지 않는다
13:44:31  [DIAG] offline step=3 사다리=5/14 rx=50402 lines=2997 up=1404s
13:44:32  [NET] 3 CIFSR (IP 를 실제로 받았는가)
13:44:32  [AT] "AT+CIFSR" (8)
13:44:32  [AT] "busy p..." (9)
13:44:32  [NET] busy — ESP 가 앞 명령을 처리 중이다. 전진하지 않는다
13:44:33  [NET] 3 CIFSR (IP 를 실제로 받았는가)
13:44:33  [AT] "AT+CIFSR" (8)
13:44:33  [AT] "busy p..." (9)
13:44:33  [NET] busy — ESP 가 앞 명령을 처리 중이다. 전진하지 않는다
13:44:34  [DIAG] offline step=3 사다리=5/14 rx=50446 lines=3001 up=1407s
13:44:35  [NET] 3 CIFSR (IP 를 실제로 받았는가)
13:44:35  [NET] CIFSR 3회 소진 — 그러나 busy 거부였다. IP 소실로 세지 않는다
13:44:35  [NET] CIFSR 3회에도 IP 가 없다 → CWJAP 부터 다시
13:44:35  [LADDER] 실패(CWJAP FAIL) CWJAP소요 116s · 연속 0회 · 결합유지 없음 · 현재 5단(14회 누적)
13:44:35  [LADDER] ⚠5단 미실행: 전원 재투입은 **부품 미보유로 미구현**이다
13:44:35  [LADDER]   필요 부품: 로우사이드 MOSFET 스위치(예: 2N7000/AO3400 + 10k)
13:44:35  [LADDER]   대신 4단 조치를 60초 백오프로 되풀이한다(종착역)
13:44:35  [AT] "AT+CIFSR" (8)
13:44:35  [AT] "busy p..." (9)
13:44:35  [NET] busy — ESP 가 앞 명령을 처리 중이다. 전진하지 않는다
13:44:36  [NET] 3 CIFSR (IP 를 실제로 받았는가)
13:44:36  [AT] "AT+CIFSR" (8)
13:44:36  [AT] "busy p..." (9)
13:44:36  [NET] busy — ESP 가 앞 명령을 처리 중이다. 전진하지 않는다
13:44:37  [DIAG] offline step=3 사다리=5/15 rx=50490 lines=3005 up=1410s
13:44:38  [NET] 3 CIFSR (IP 를 실제로 받았는가)
13:44:38  [AT] "AT+CIFSR" (8)
13:44:38  [AT] "busy p..." (9)
13:44:38  [NET] busy — ESP 가 앞 명령을 처리 중이다. 전진하지 않는다
13:44:39  [NET] 3 CIFSR (IP 를 실제로 받았는가)
13:44:39  [NET] CIFSR 3회 소진 — 그러나 busy 거부였다. IP 소실로 세지 않는다
13:44:39  [NET] CIFSR 3회에도 IP 가 없다 → CWJAP 부터 다시
13:44:40  [LADDER] 실패(CWJAP FAIL) CWJAP소요 121s · 연속 0회 · 결합유지 없음 · 현재 5단(15회 누적)
13:44:40  [LADDER] ⚠5단 미실행: 전원 재투입은 **부품 미보유로 미구현**이다
13:44:40  [LADDER]   필요 부품: 로우사이드 MOSFET 스위치(예: 2N7000/AO3400 + 10k)
13:44:40  [LADDER]   대신 4단 조치를 60초 백오프로 되풀이한다(종착역)
13:44:40  [AT] "AT+CIFSR" (8)
13:44:40  [AT] "busy p..." (9)
13:44:40  [NET] busy — ESP 가 앞 명령을 처리 중이다. 전진하지 않는다
13:44:40  [DIAG] offline step=3 사다리=5/16 rx=50534 lines=3009 up=1413s
13:44:41  [NET] 3 CIFSR (IP 를 실제로 받았는가)
13:44:41  [AT] "AT+CIFSR" (8)
13:44:41  [AT] "busy p..." (9)
13:44:41  [NET] busy — ESP 가 앞 명령을 처리 중이다. 전진하지 않는다
13:44:43  [NET] 3 CIFSR (IP 를 실제로 받았는가)
13:44:43  [AT] "AT+CIFSR" (8)
13:44:43  [AT] "busy p..." (9)
13:44:43  [NET] busy — ESP 가 앞 명령을 처리 중이다. 전진하지 않는다
13:44:43  [DIAG] offline step=3 사다리=5/16 rx=50578 lines=3013 up=1416s
13:44:44  [NET] 3 CIFSR (IP 를 실제로 받았는가)
13:44:44  [NET] CIFSR 3회 소진 — 그러나 busy 거부였다. IP 소실로 세지 않는다
13:44:44  [NET] CIFSR 3회에도 IP 가 없다 → CWJAP 부터 다시
13:44:44  [LADDER] 실패(CWJAP FAIL) CWJAP소요 126s · 연속 0회 · 결합유지 없음 · 현재 5단(16회 누적)
13:44:44  [LADDER] ⚠5단 미실행: 전원 재투입은 **부품 미보유로 미구현**이다
13:44:44  [LADDER]   필요 부품: 로우사이드 MOSFET 스위치(예: 2N7000/AO3400 + 10k)
13:44:44  [LADDER]   대신 4단 조치를 60초 백오프로 되풀이한다(종착역)
13:44:44  [AT] "AT+CIFSR" (8)
13:44:44  [AT] "busy p..." (9)
13:44:44  [NET] busy — ESP 가 앞 명령을 처리 중이다. 전진하지 않는다
13:44:46  [NET] 3 CIFSR (IP 를 실제로 받았는가)
13:44:46  [AT] "AT+CIFSR" (8)
13:44:46  [AT] "busy p..." (9)
13:44:46  [NET] busy — ESP 가 앞 명령을 처리 중이다. 전진하지 않는다
13:44:46  [DIAG] offline step=3 사다리=5/17 rx=50622 lines=3017 up=1419s
13:44:47  [NET] 3 CIFSR (IP 를 실제로 받았는가)
13:44:47  [AT] "AT+CIFSR" (8)
13:44:47  [AT] "busy p..." (9)
13:44:47  [NET] busy — ESP 가 앞 명령을 처리 중이다. 전진하지 않는다
13:44:49  [NET] 3 CIFSR (IP 를 실제로 받았는가)
13:44:49  [NET] CIFSR 3회 소진 — 그러나 busy 거부였다. IP 소실로 세지 않는다
13:44:49  [NET] CIFSR 3회에도 IP 가 없다 → CWJAP 부터 다시
13:44:49  [LADDER] 실패(CWJAP FAIL) CWJAP소요 130s · 연속 0회 · 결합유지 없음 · 현재 5단(17회 누적)
13:44:49  [LADDER] ⚠5단 미실행: 전원 재투입은 **부품 미보유로 미구현**이다
13:44:49  [LADDER]   필요 부품: 로우사이드 MOSFET 스위치(예: 2N7000/AO3400 + 10k)
13:44:49  [LADDER]   대신 4단 조치를 60초 백오프로 되풀이한다(종착역)
13:44:49  [AT] "AT+CIFSR" (8)
13:44:49  [AT] "busy p..." (9)
13:44:49  [NET] busy — ESP 가 앞 명령을 처리 중이다. 전진하지 않는다
13:44:49  [DIAG] offline step=3 사다리=5/18 rx=50666 lines=3021 up=1422s
13:44:50  [NET] 3 CIFSR (IP 를 실제로 받았는가)
13:44:50  [AT] "AT+CIFSR" (8)
13:44:50  [AT] "busy p..." (9)
13:44:50  [NET] busy — ESP 가 앞 명령을 처리 중이다. 전진하지 않는다
13:44:52  [NET] 3 CIFSR (IP 를 실제로 받았는가)
13:44:52  [AT] "AT+CIFSR" (8)
13:44:52  [AT] "busy p..." (9)
13:44:52  [NET] busy — ESP 가 앞 명령을 처리 중이다. 전진하지 않는다
13:44:52  [DIAG] offline step=3 사다리=5/18 rx=50710 lines=3025 up=1425s
13:44:53  [NET] 3 CIFSR (IP 를 실제로 받았는가)
13:44:53  [NET] CIFSR 3회 소진 — 그러나 busy 거부였다. IP 소실로 세지 않는다
13:44:53  [NET] CIFSR 3회에도 IP 가 없다 → CWJAP 부터 다시
13:44:53  [LADDER] 실패(CWJAP FAIL) CWJAP소요 135s · 연속 0회 · 결합유지 없음 · 현재 5단(18회 누적)
13:44:53  [LADDER] ⚠5단 미실행: 전원 재투입은 **부품 미보유로 미구현**이다
13:44:53  [LADDER]   필요 부품: 로우사이드 MOSFET 스위치(예: 2N7000/AO3400 + 10k)
13:44:53  [LADDER]   대신 4단 조치를 60초 백오프로 되풀이한다(종착역)
13:44:53  [AT] "AT+CIFSR" (8)
13:44:53  [AT] "busy p..." (9)
13:44:53  [NET] busy — ESP 가 앞 명령을 처리 중이다. 전진하지 않는다
13:44:55  [DIAG] offline step=3 사다리=5/19 rx=50732 lines=3027 up=1428s
13:44:55  [NET] 3 CIFSR (IP 를 실제로 받았는가)
13:44:55  [AT] "AT+CIFSR" (8)
13:44:55  [AT] "busy p..." (9)
13:44:55  [NET] busy — ESP 가 앞 명령을 처리 중이다. 전진하지 않는다
13:44:57  [NET] 3 CIFSR (IP 를 실제로 받았는가)
13:44:57  [AT] "AT+CIFSR" (8)
13:44:57  [AT] "busy p..." (9)
13:44:57  [NET] busy — ESP 가 앞 명령을 처리 중이다. 전진하지 않는다
13:44:58  [DIAG] offline step=3 사다리=5/19 rx=50776 lines=3031 up=1431s
13:44:58  [NET] 3 CIFSR (IP 를 실제로 받았는가)
13:44:58  [NET] CIFSR 3회 소진 — 그러나 busy 거부였다. IP 소실로 세지 않는다
13:44:58  [NET] CIFSR 3회에도 IP 가 없다 → CWJAP 부터 다시
13:44:58  [LADDER] 실패(CWJAP FAIL) CWJAP소요 140s · 연속 0회 · 결합유지 없음 · 현재 5단(19회 누적)
13:44:58  [LADDER] ⚠5단 미실행: 전원 재투입은 **부품 미보유로 미구현**이다
13:44:58  [LADDER]   필요 부품: 로우사이드 MOSFET 스위치(예: 2N7000/AO3400 + 10k)
13:44:58  [LADDER]   대신 4단 조치를 60초 백오프로 되풀이한다(종착역)
13:44:58  [AT] "AT+CIFSR" (8)
13:44:58  [AT] "busy p..." (9)
13:44:58  [NET] busy — ESP 가 앞 명령을 처리 중이다. 전진하지 않는다
13:45:00  [NET] 3 CIFSR (IP 를 실제로 받았는가)
13:45:00  [AT] "AT+CIFSR" (8)
13:45:00  [AT] "busy p..." (9)
13:45:00  [NET] busy — ESP 가 앞 명령을 처리 중이다. 전진하지 않는다
13:45:01  [DIAG] offline step=3 사다리=5/20 rx=50820 lines=3035 up=1434s
13:45:01  [NET] 3 CIFSR (IP 를 실제로 받았는가)
13:45:01  [AT] "AT+CIFSR" (8)
13:45:01  [AT] "busy p..." (9)
13:45:01  [NET] busy — ESP 가 앞 명령을 처리 중이다. 전진하지 않는다
13:45:03  [NET] 3 CIFSR (IP 를 실제로 받았는가)
13:45:03  [NET] CIFSR 3회 소진 — 그러나 busy 거부였다. IP 소실로 세지 않는다
13:45:03  [NET] CIFSR 3회에도 IP 가 없다 → CWJAP 부터 다시
13:45:03  [LADDER] 실패(CWJAP FAIL) CWJAP소요 144s · 연속 0회 · 결합유지 없음 · 현재 5단(20회 누적)
13:45:03  [LADDER] ⚠5단 미실행: 전원 재투입은 **부품 미보유로 미구현**이다
13:45:03  [LADDER]   필요 부품: 로우사이드 MOSFET 스위치(예: 2N7000/AO3400 + 10k)
13:45:03  [LADDER]   대신 4단 조치를 60초 백오프로 되풀이한다(종착역)
13:45:03  [AT] "AT+CIFSR" (8)
13:45:03  [AT] "busy p..." (9)
13:45:03  [NET] busy — ESP 가 앞 명령을 처리 중이다. 전진하지 않는다
13:45:04  [DIAG] offline step=3 사다리=5/21 rx=50864 lines=3039 up=1437s
13:45:04  [NET] 3 CIFSR (IP 를 실제로 받았는가)
13:45:04  [AT] "AT+CIFSR" (8)
13:45:04  [AT] "busy p..." (9)
13:45:04  [NET] busy — ESP 가 앞 명령을 처리 중이다. 전진하지 않는다
13:45:06  [NET] 3 CIFSR (IP 를 실제로 받았는가)
13:45:06  [AT] "AT+CIFSR" (8)
13:45:06  [AT] "busy p..." (9)
13:45:06  [NET] busy — ESP 가 앞 명령을 처리 중이다. 전진하지 않는다
13:45:06  [CNT] up=1440 drop=1 esprst=9 resync=0 sendfail=0 okto=5 stuck=1 ackq=0 ackdrop=0 ackstale=0 slot=1200 oow=0 smiss=6 ssovf=0 cksumng=0 okstream=906 penddrop=0 pendfill=908 bigfill=7 bigdrop=0 bigokst=6 oklost=0 bigoklost=0 skip=34 online=0
13:45:06  [RAM] 최저 여유 617 B · 프롬프트 재동기 0회 (서버의 '버린줄' 과 맞아야 한다)
13:45:07  [DIAG] offline step=3 사다리=5/21 rx=50908 lines=3043 up=1440s
13:45:07  [NET] 3 CIFSR (IP 를 실제로 받았는가)
13:45:07  [NET] CIFSR 3회 소진 — 그러나 busy 거부였다. IP 소실로 세지 않는다
13:45:07  [NET] CIFSR 3회에도 IP 가 없다 → CWJAP 부터 다시
13:45:07  [LADDER] 실패(CWJAP FAIL) CWJAP소요 149s · 연속 0회 · 결합유지 없음 · 현재 5단(21회 누적)
13:45:07  [LADDER] ⚠5단 미실행: 전원 재투입은 **부품 미보유로 미구현**이다
13:45:07  [LADDER]   필요 부품: 로우사이드 MOSFET 스위치(예: 2N7000/AO3400 + 10k)
13:45:07  [LADDER]   대신 4단 조치를 60초 백오프로 되풀이한다(종착역)
13:45:07  [AT] "AT+CIFSR" (8)
13:45:07  [AT] "busy p..." (9)
13:45:07  [NET] busy — ESP 가 앞 명령을 처리 중이다. 전진하지 않는다
13:45:08  «tap» 살아있음 — 최근 60초 rx=15005B (이 줄이 끊기면 탭이 죽은 것이다)
13:45:09  [NET] 3 CIFSR (IP 를 실제로 받았는가)
13:45:09  [AT] "AT+CIFSR" (8)
13:45:09  [AT] "busy p..." (9)
13:45:09  [NET] busy — ESP 가 앞 명령을 처리 중이다. 전진하지 않는다
13:45:10  [DIAG] offline step=3 사다리=5/22 rx=50952 lines=3047 up=1443s
13:45:11  [NET] 3 CIFSR (IP 를 실제로 받았는가)
13:45:11  [AT] "AT+CIFSR" (8)
13:45:11  [AT] "busy p..." (9)
13:45:11  [NET] busy — ESP 가 앞 명령을 처리 중이다. 전진하지 않는다
13:45:12  [NET] 3 CIFSR (IP 를 실제로 받았는가)
13:45:12  [NET] CIFSR 3회 소진 — 그러나 busy 거부였다. IP 소실로 세지 않는다
13:45:12  [NET] CIFSR 3회에도 IP 가 없다 → CWJAP 부터 다시
13:45:12  [LADDER] 실패(CWJAP FAIL) CWJAP소요 154s · 연속 0회 · 결합유지 없음 · 현재 5단(22회 누적)
13:45:12  [LADDER] ⚠5단 미실행: 전원 재투입은 **부품 미보유로 미구현**이다
13:45:12  [LADDER]   필요 부품: 로우사이드 MOSFET 스위치(예: 2N7000/AO3400 + 10k)
13:45:12  [LADDER]   대신 4단 조치를 60초 백오프로 되풀이한다(종착역)
13:45:12  [AT] "AT+CIFSR" (8)
13:45:12  [AT] "busy p..." (9)
13:45:12  [NET] busy — ESP 가 앞 명령을 처리 중이다. 전진하지 않는다
13:45:13  [DIAG] offline step=3 사다리=5/23 rx=50996 lines=3051 up=1446s
13:45:14  [NET] 3 CIFSR (IP 를 실제로 받았는가)
13:45:14  [AT] "AT+CIFSR" (8)
13:45:14  [AT] "busy p..." (9)
13:45:14  [NET] busy — ESP 가 앞 명령을 처리 중이다. 전진하지 않는다
13:45:15  [NET] 3 CIFSR (IP 를 실제로 받았는가)
13:45:15  [AT] "AT+CIFSR" (8)
13:45:15  [AT] "busy p..." (9)
13:45:15  [NET] busy — ESP 가 앞 명령을 처리 중이다. 전진하지 않는다
13:45:16  [DIAG] offline step=3 사다리=5/23 rx=51040 lines=3055 up=1449s
13:45:17  [NET] 3 CIFSR (IP 를 실제로 받았는가)
13:45:17  [NET] CIFSR 3회 소진 — 그러나 busy 거부였다. IP 소실로 세지 않는다
13:45:17  [NET] CIFSR 3회에도 IP 가 없다 → CWJAP 부터 다시
13:45:17  [LADDER] 실패(CWJAP FAIL) CWJAP소요 158s · 연속 0회 · 결합유지 없음 · 현재 5단(23회 누적)
13:45:17  [LADDER] ⚠5단 미실행: 전원 재투입은 **부품 미보유로 미구현**이다
13:45:17  [LADDER]   필요 부품: 로우사이드 MOSFET 스위치(예: 2N7000/AO3400 + 10k)
13:45:17  [LADDER]   대신 4단 조치를 60초 백오프로 되풀이한다(종착역)
13:45:17  [AT] "AT+CIFSR" (8)
13:45:17  [AT] "busy p..." (9)
13:45:17  [NET] busy — ESP 가 앞 명령을 처리 중이다. 전진하지 않는다
13:45:18  [NET] 3 CIFSR (IP 를 실제로 받았는가)
13:45:18  [AT] "AT+CIFSR" (8)
13:45:18  [AT] "busy p..." (9)
13:45:18  [NET] busy — ESP 가 앞 명령을 처리 중이다. 전진하지 않는다
13:45:19  [DIAG] offline step=3 사다리=5/24 rx=51084 lines=3059 up=1452s
13:45:20  [NET] 3 CIFSR (IP 를 실제로 받았는가)
13:45:20  [AT] "AT+CIFSR" (8)
13:45:20  [AT] "busy p..." (9)
13:45:20  [NET] busy — ESP 가 앞 명령을 처리 중이다. 전진하지 않는다
13:45:21  [NET] 3 CIFSR (IP 를 실제로 받았는가)
13:45:21  [NET] CIFSR 3회 소진 — 그러나 busy 거부였다. IP 소실로 세지 않는다
13:45:21  [NET] CIFSR 3회에도 IP 가 없다 → CWJAP 부터 다시
13:45:21  [LADDER] 실패(CWJAP FAIL) CWJAP소요 163s · 연속 0회 · 결합유지 없음 · 현재 5단(24회 누적)
13:45:21  [LADDER] ⚠5단 미실행: 전원 재투입은 **부품 미보유로 미구현**이다
13:45:21  [LADDER]   필요 부품: 로우사이드 MOSFET 스위치(예: 2N7000/AO3400 + 10k)
13:45:21  [LADDER]   대신 4단 조치를 60초 백오프로 되풀이한다(종착역)
13:45:21  [AT] "AT+CIFSR" (8)
13:45:21  [AT] "busy p..." (9)
13:45:21  [NET] busy — ESP 가 앞 명령을 처리 중이다. 전진하지 않는다
13:45:22  [DIAG] offline step=3 사다리=5/25 rx=51128 lines=3063 up=1455s
13:45:23  [NET] 3 CIFSR (IP 를 실제로 받았는가)
13:45:23  [AT] "AT+CIFSR" (8)
13:45:23  [AT] "busy p..." (9)
13:45:23  [NET] busy — ESP 가 앞 명령을 처리 중이다. 전진하지 않는다
13:45:24  [NET] 3 CIFSR (IP 를 실제로 받았는가)
13:45:24  [AT] "AT+CIFSR" (8)
13:45:24  [AT] "busy p..." (9)
13:45:24  [NET] busy — ESP 가 앞 명령을 처리 중이다. 전진하지 않는다
13:45:25  [DIAG] offline step=3 사다리=5/25 rx=51172 lines=3067 up=1458s
13:45:26  [NET] 3 CIFSR (IP 를 실제로 받았는가)
13:45:26  [NET] CIFSR 3회 소진 — 그러나 busy 거부였다. IP 소실로 세지 않는다
13:45:26  [NET] CIFSR 3회에도 IP 가 없다 → CWJAP 부터 다시
13:45:26  [LADDER] 실패(CWJAP FAIL) CWJAP소요 168s · 연속 0회 · 결합유지 없음 · 현재 5단(25회 누적)
13:45:26  [LADDER] ⚠5단 미실행: 전원 재투입은 **부품 미보유로 미구현**이다
13:45:26  [LADDER]   필요 부품: 로우사이드 MOSFET 스위치(예: 2N7000/AO3400 + 10k)
13:45:26  [LADDER]   대신 4단 조치를 60초 백오프로 되풀이한다(종착역)
13:45:26  [AT] "AT+CIFSR" (8)
13:45:26  [AT] "busy p..." (9)
13:45:26  [NET] busy — ESP 가 앞 명령을 처리 중이다. 전진하지 않는다
13:45:28  [NET] 3 CIFSR (IP 를 실제로 받았는가)
13:45:28  [AT] "AT+CIFSR" (8)
13:45:28  [AT] "busy p..." (9)
13:45:28  [NET] busy — ESP 가 앞 명령을 처리 중이다. 전진하지 않는다
13:45:28  [DIAG] offline step=3 사다리=5/26 rx=51216 lines=3071 up=1461s
13:45:29  [NET] 3 CIFSR (IP 를 실제로 받았는가)
13:45:29  [AT] "AT+CIFSR" (8)
13:45:29  [AT] "busy p..." (9)
13:45:29  [NET] busy — ESP 가 앞 명령을 처리 중이다. 전진하지 않는다
13:45:31  [NET] 3 CIFSR (IP 를 실제로 받았는가)
13:45:31  [NET] CIFSR 3회 소진 — 그러나 busy 거부였다. IP 소실로 세지 않는다
13:45:31  [NET] CIFSR 3회에도 IP 가 없다 → CWJAP 부터 다시
13:45:31  [LADDER] 실패(CWJAP FAIL) CWJAP소요 172s · 연속 0회 · 결합유지 없음 · 현재 5단(26회 누적)
13:45:31  [LADDER] ⚠5단 미실행: 전원 재투입은 **부품 미보유로 미구현**이다
13:45:31  [LADDER]   필요 부품: 로우사이드 MOSFET 스위치(예: 2N7000/AO3400 + 10k)
13:45:31  [LADDER]   대신 4단 조치를 60초 백오프로 되풀이한다(종착역)
13:45:31  [AT] "AT+CIFSR" (8)
13:45:31  [AT] "busy p..." (9)
13:45:31  [NET] busy — ESP 가 앞 명령을 처리 중이다. 전진하지 않는다
13:45:31  [DIAG] offline step=3 사다리=5/27 rx=51260 lines=3075 up=1464s
13:45:32  [NET] 3 CIFSR (IP 를 실제로 받았는가)
13:45:32  [AT] "AT+CIFSR" (8)
13:45:32  [AT] "busy p..." (9)
13:45:32  [NET] busy — ESP 가 앞 명령을 처리 중이다. 전진하지 않는다
13:45:34  [NET] 3 CIFSR (IP 를 실제로 받았는가)
13:45:34  [AT] "AT+CIFSR" (8)
13:45:34  [AT] "busy p..." (9)
13:45:34  [NET] busy — ESP 가 앞 명령을 처리 중이다. 전진하지 않는다
13:45:34  [DIAG] offline step=3 사다리=5/27 rx=51304 lines=3079 up=1467s
13:45:35  [NET] 3 CIFSR (IP 를 실제로 받았는가)
13:45:35  [NET] CIFSR 3회 소진 — 그러나 busy 거부였다. IP 소실로 세지 않는다
13:45:35  [NET] CIFSR 3회에도 IP 가 없다 → CWJAP 부터 다시
13:45:35  [LADDER] 실패(CWJAP FAIL) CWJAP소요 177s · 연속 0회 · 결합유지 없음 · 현재 5단(27회 누적)
13:45:35  [LADDER] ⚠5단 미실행: 전원 재투입은 **부품 미보유로 미구현**이다
13:45:35  [LADDER]   필요 부품: 로우사이드 MOSFET 스위치(예: 2N7000/AO3400 + 10k)
13:45:35  [LADDER]   대신 4단 조치를 60초 백오프로 되풀이한다(종착역)
13:45:35  [AT] "AT+CIFSR" (8)
13:45:35  [AT] "busy p..." (9)
13:45:35  [NET] busy — ESP 가 앞 명령을 처리 중이다. 전진하지 않는다
13:45:37  [NET] 3 CIFSR (IP 를 실제로 받았는가)
13:45:37  [AT] "AT+CIFSR" (8)
13:45:37  [AT] "busy p..." (9)
13:45:37  [NET] busy — ESP 가 앞 명령을 처리 중이다. 전진하지 않는다
13:45:37  [DIAG] offline step=3 사다리=5/28 rx=51348 lines=3083 up=1470s
13:45:38  [NET] 3 CIFSR (IP 를 실제로 받았는가)
13:45:38  [AT] "AT+CIFSR" (8)
13:45:38  [AT] "busy p..." (9)
13:45:38  [NET] busy — ESP 가 앞 명령을 처리 중이다. 전진하지 않는다
13:45:40  [DIAG] offline step=3 사다리=5/28 rx=51370 lines=3085 up=1473s
13:45:40  [NET] 3 CIFSR (IP 를 실제로 받았는가)
13:45:40  [NET] CIFSR 3회 소진 — 그러나 busy 거부였다. IP 소실로 세지 않는다
13:45:40  [NET] CIFSR 3회에도 IP 가 없다 → CWJAP 부터 다시
13:45:40  [LADDER] 실패(CWJAP FAIL) CWJAP소요 182s · 연속 0회 · 결합유지 없음 · 현재 5단(28회 누적)
13:45:40  [LADDER] ⚠5단 미실행: 전원 재투입은 **부품 미보유로 미구현**이다
13:45:40  [LADDER]   필요 부품: 로우사이드 MOSFET 스위치(예: 2N7000/AO3400 + 10k)
13:45:40  [LADDER]   대신 4단 조치를 60초 백오프로 되풀이한다(종착역)
13:45:40  [AT] "AT+CIFSR" (8)
13:45:40  [AT] "busy p..." (9)
13:45:40  [NET] busy — ESP 가 앞 명령을 처리 중이다. 전진하지 않는다
13:45:42  [NET] 3 CIFSR (IP 를 실제로 받았는가)
13:45:42  [AT] "AT+CIFSR" (8)
13:45:42  [AT] "busy p..." (9)
13:45:42  [NET] busy — ESP 가 앞 명령을 처리 중이다. 전진하지 않는다
13:45:43  [DIAG] offline step=3 사다리=5/29 rx=51414 lines=3089 up=1476s
13:45:43  [NET] 3 CIFSR (IP 를 실제로 받았는가)
13:45:43  [AT] "AT+CIFSR" (8)
13:45:43  [AT] "busy p..." (9)
13:45:43  [NET] busy — ESP 가 앞 명령을 처리 중이다. 전진하지 않는다
13:45:45  [NET] 3 CIFSR (IP 를 실제로 받았는가)
13:45:45  [NET] CIFSR 3회 소진 — 그러나 busy 거부였다. IP 소실로 세지 않는다
13:45:45  [NET] CIFSR 3회에도 IP 가 없다 → CWJAP 부터 다시
13:45:45  [LADDER] 실패(CWJAP FAIL) CWJAP소요 186s · 연속 0회 · 결합유지 없음 · 현재 5단(29회 누적)
13:45:45  [LADDER] ⚠5단 미실행: 전원 재투입은 **부품 미보유로 미구현**이다
13:45:45  [LADDER]   필요 부품: 로우사이드 MOSFET 스위치(예: 2N7000/AO3400 + 10k)
13:45:45  [LADDER]   대신 4단 조치를 60초 백오프로 되풀이한다(종착역)
13:45:45  [AT] "AT+CIFSR" (8)
13:45:45  [AT] "busy p..." (9)
13:45:45  [NET] busy — ESP 가 앞 명령을 처리 중이다. 전진하지 않는다
13:45:46  [DIAG] offline step=3 사다리=5/30 rx=51458 lines=3093 up=1479s
13:45:46  [NET] 3 CIFSR (IP 를 실제로 받았는가)
13:45:46  [AT] "AT+CIFSR" (8)
13:45:46  [AT] "busy p..." (9)
13:45:46  [NET] busy — ESP 가 앞 명령을 처리 중이다. 전진하지 않는다
13:45:48  [NET] 3 CIFSR (IP 를 실제로 받았는가)
13:45:48  [AT] "AT+CIFSR" (8)
13:45:48  [AT] "busy p..." (9)
13:45:48  [NET] busy — ESP 가 앞 명령을 처리 중이다. 전진하지 않는다
13:45:49  [DIAG] offline step=3 사다리=5/30 rx=51502 lines=3097 up=1482s
13:45:49  [NET] 3 CIFSR (IP 를 실제로 받았는가)
13:45:49  [NET] CIFSR 3회 소진 — 그러나 busy 거부였다. IP 소실로 세지 않는다
13:45:49  [NET] CIFSR 3회에도 IP 가 없다 → CWJAP 부터 다시
13:45:49  [LADDER] 실패(CWJAP FAIL) CWJAP소요 191s · 연속 0회 · 결합유지 없음 · 현재 5단(30회 누적)
13:45:49  [LADDER] ⚠5단 미실행: 전원 재투입은 **부품 미보유로 미구현**이다
13:45:49  [LADDER]   필요 부품: 로우사이드 MOSFET 스위치(예: 2N7000/AO3400 + 10k)
13:45:49  [LADDER]   대신 4단 조치를 60초 백오프로 되풀이한다(종착역)
13:45:49  [AT] "AT+CIFSR" (8)
13:45:49  [AT] "busy p..." (9)
13:45:49  [NET] busy — ESP 가 앞 명령을 처리 중이다. 전진하지 않는다
13:45:51  [NET] 3 CIFSR (IP 를 실제로 받았는가)
13:45:51  [AT] "AT+CIFSR" (8)
13:45:51  [AT] "busy p..." (9)
13:45:51  [NET] busy — ESP 가 앞 명령을 처리 중이다. 전진하지 않는다
13:45:52  [DIAG] offline step=3 사다리=5/31 rx=51546 lines=3101 up=1485s
13:45:52  [NET] 3 CIFSR (IP 를 실제로 받았는가)
13:45:52  [AT] "AT+CIFSR" (8)
13:45:52  [AT] "busy p..." (9)
13:45:52  [NET] busy — ESP 가 앞 명령을 처리 중이다. 전진하지 않는다
13:45:54  [NET] 3 CIFSR (IP 를 실제로 받았는가)
13:45:54  [NET] CIFSR 3회 소진 — 그러나 busy 거부였다. IP 소실로 세지 않는다
13:45:54  [NET] CIFSR 3회에도 IP 가 없다 → CWJAP 부터 다시
13:45:54  [LADDER] 실패(CWJAP FAIL) CWJAP소요 196s · 연속 0회 · 결합유지 없음 · 현재 5단(31회 누적)
13:45:54  [LADDER] ⚠5단 미실행: 전원 재투입은 **부품 미보유로 미구현**이다
13:45:54  [LADDER]   필요 부품: 로우사이드 MOSFET 스위치(예: 2N7000/AO3400 + 10k)
13:45:54  [LADDER]   대신 4단 조치를 60초 백오프로 되풀이한다(종착역)
13:45:54  [AT] "AT+CIFSR" (8)
13:45:54  [AT] "busy p..." (9)
13:45:54  [NET] busy — ESP 가 앞 명령을 처리 중이다. 전진하지 않는다
13:45:55  [DIAG] offline step=3 사다리=5/32 rx=51590 lines=3105 up=1488s
13:45:56  [NET] 3 CIFSR (IP 를 실제로 받았는가)
13:45:56  [AT] "AT+CIFSR" (8)
13:45:56  [AT] "busy p..." (9)
13:45:56  [NET] busy — ESP 가 앞 명령을 처리 중이다. 전진하지 않는다
13:45:57  [NET] 3 CIFSR (IP 를 실제로 받았는가)
13:45:57  [AT] "AT+CIFSR" (8)
13:45:57  [AT] "busy p..." (9)
13:45:57  [NET] busy — ESP 가 앞 명령을 처리 중이다. 전진하지 않는다
13:45:58  [DIAG] offline step=3 사다리=5/32 rx=51634 lines=3109 up=1491s
13:45:59  [NET] 3 CIFSR (IP 를 실제로 받았는가)
13:45:59  [NET] CIFSR 3회 소진 — 그러나 busy 거부였다. IP 소실로 세지 않는다
13:45:59  [NET] CIFSR 3회에도 IP 가 없다 → CWJAP 부터 다시
13:45:59  [LADDER] 실패(CWJAP FAIL) CWJAP소요 200s · 연속 0회 · 결합유지 없음 · 현재 5단(32회 누적)
13:45:59  [LADDER] ⚠5단 미실행: 전원 재투입은 **부품 미보유로 미구현**이다
13:45:59  [LADDER]   필요 부품: 로우사이드 MOSFET 스위치(예: 2N7000/AO3400 + 10k)
13:45:59  [LADDER]   대신 4단 조치를 60초 백오프로 되풀이한다(종착역)
13:45:59  [AT] "AT+CIFSR" (8)
13:45:59  [AT] "busy p..." (9)
13:45:59  [NET] busy — ESP 가 앞 명령을 처리 중이다. 전진하지 않는다
13:46:00  [NET] 3 CIFSR (IP 를 실제로 받았는가)
13:46:00  [AT] "AT+CIFSR" (8)
13:46:00  [AT] "busy p..." (9)
13:46:00  [NET] busy — ESP 가 앞 명령을 처리 중이다. 전진하지 않는다
13:46:01  [DIAG] offline step=3 사다리=5/33 rx=51678 lines=3113 up=1494s
13:46:02  [NET] 3 CIFSR (IP 를 실제로 받았는가)
13:46:02  [AT] "AT+CIFSR" (8)
13:46:02  [AT] "busy p..." (9)
13:46:02  [NET] busy — ESP 가 앞 명령을 처리 중이다. 전진하지 않는다
13:46:03  [NET] 3 CIFSR (IP 를 실제로 받았는가)
13:46:03  [NET] CIFSR 3회 소진 — 그러나 busy 거부였다. IP 소실로 세지 않는다
13:46:03  [NET] CIFSR 3회에도 IP 가 없다 → CWJAP 부터 다시
13:46:03  [LADDER] 실패(CWJAP FAIL) CWJAP소요 205s · 연속 0회 · 결합유지 없음 · 현재 5단(33회 누적)
13:46:03  [LADDER] ⚠5단 미실행: 전원 재투입은 **부품 미보유로 미구현**이다
13:46:03  [LADDER]   필요 부품: 로우사이드 MOSFET 스위치(예: 2N7000/AO3400 + 10k)
13:46:03  [LADDER]   대신 4단 조치를 60초 백오프로 되풀이한다(종착역)
13:46:03  [AT] "AT+CIFSR" (8)
13:46:03  [AT] "busy p..." (9)
13:46:03  [NET] busy — ESP 가 앞 명령을 처리 중이다. 전진하지 않는다
13:46:04  [DIAG] offline step=3 사다리=5/34 rx=51722 lines=3117 up=1497s
13:46:05  [NET] 3 CIFSR (IP 를 실제로 받았는가)
13:46:05  [AT] "AT+CIFSR" (8)
13:46:05  [AT] "busy p..." (9)
13:46:05  [NET] busy — ESP 가 앞 명령을 처리 중이다. 전진하지 않는다
13:46:06  [CNT] up=1500 drop=1 esprst=9 resync=0 sendfail=0 okto=5 stuck=1 ackq=0 ackdrop=0 ackstale=0 slot=1250 oow=0 smiss=6 ssovf=0 cksumng=0 okstream=906 penddrop=0 pendfill=908 bigfill=7 bigdrop=0 bigokst=6 oklost=0 bigoklost=0 skip=34 online=0
13:46:06  [RAM] 최저 여유 617 B · 프롬프트 재동기 0회 (서버의 '버린줄' 과 맞아야 한다)
13:46:06  [NET] 3 CIFSR (IP 를 실제로 받았는가)
13:46:06  [AT] "AT+CIFSR" (8)
13:46:06  [AT] "busy p..." (9)
13:46:06  [NET] busy — ESP 가 앞 명령을 처리 중이다. 전진하지 않는다
13:46:07  [DIAG] offline step=3 사다리=5/34 rx=51766 lines=3121 up=1500s
13:46:08  «tap» 살아있음 — 최근 60초 rx=14322B (이 줄이 끊기면 탭이 죽은 것이다)
13:46:08  [NET] 3 CIFSR (IP 를 실제로 받았는가)
13:46:08  [NET] CIFSR 3회 소진 — 그러나 busy 거부였다. IP 소실로 세지 않는다
13:46:08  [NET] CIFSR 3회에도 IP 가 없다 → CWJAP 부터 다시
13:46:08  [LADDER] 실패(CWJAP FAIL) CWJAP소요 210s · 연속 0회 · 결합유지 없음 · 현재 5단(34회 누적)
13:46:08  [LADDER] ⚠5단 미실행: 전원 재투입은 **부품 미보유로 미구현**이다
13:46:08  [LADDER]   필요 부품: 로우사이드 MOSFET 스위치(예: 2N7000/AO3400 + 10k)
13:46:08  [LADDER]   대신 4단 조치를 60초 백오프로 되풀이한다(종착역)
13:46:08  [AT] "AT+CIFSR" (8)
13:46:08  [AT] "busy p..." (9)
13:46:08  [NET] busy — ESP 가 앞 명령을 처리 중이다. 전진하지 않는다
13:46:09  [NET] 3 CIFSR (IP 를 실제로 받았는가)
13:46:09  [AT] "AT+CIFSR" (8)
13:46:09  [AT] "busy p..." (9)
13:46:09  [NET] busy — ESP 가 앞 명령을 처리 중이다. 전진하지 않는다
13:46:10  [DIAG] offline step=3 사다리=5/35 rx=51810 lines=3125 up=1503s
13:46:11  [NET] 3 CIFSR (IP 를 실제로 받았는가)
13:46:11  [AT] "AT+CIFSR" (8)
13:46:11  [AT] "busy p..." (9)
13:46:11  [NET] busy — ESP 가 앞 명령을 처리 중이다. 전진하지 않는다
13:46:13  [NET] 3 CIFSR (IP 를 실제로 받았는가)
13:46:13  [NET] CIFSR 3회 소진 — 그러나 busy 거부였다. IP 소실로 세지 않는다
13:46:13  [NET] CIFSR 3회에도 IP 가 없다 → CWJAP 부터 다시
13:46:13  [LADDER] 실패(CWJAP FAIL) CWJAP소요 214s · 연속 0회 · 결합유지 없음 · 현재 5단(35회 누적)
13:46:13  [LADDER] ⚠5단 미실행: 전원 재투입은 **부품 미보유로 미구현**이다
13:46:13  [LADDER]   필요 부품: 로우사이드 MOSFET 스위치(예: 2N7000/AO3400 + 10k)
13:46:13  [LADDER]   대신 4단 조치를 60초 백오프로 되풀이한다(종착역)
13:46:13  [AT] "AT+CIFSR" (8)
13:46:13  [AT] "busy p..." (9)
13:46:13  [NET] busy — ESP 가 앞 명령을 처리 중이다. 전진하지 않는다
13:46:13  [DIAG] offline step=3 사다리=5/36 rx=51854 lines=3129 up=1506s
13:46:14  [NET] 3 CIFSR (IP 를 실제로 받았는가)
13:46:14  [AT] "AT+CIFSR" (8)
13:46:14  [AT] "busy p..." (9)
13:46:14  [NET] busy — ESP 가 앞 명령을 처리 중이다. 전진하지 않는다
13:46:16  [NET] 3 CIFSR (IP 를 실제로 받았는가)
13:46:16  [AT] "AT+CIFSR" (8)
13:46:16  [AT] "busy p..." (9)
13:46:16  [NET] busy — ESP 가 앞 명령을 처리 중이다. 전진하지 않는다
13:46:16  [DIAG] offline step=3 사다리=5/36 rx=51898 lines=3133 up=1509s
13:46:17  [NET] 3 CIFSR (IP 를 실제로 받았는가)
13:46:17  [NET] CIFSR 3회 소진 — 그러나 busy 거부였다. IP 소실로 세지 않는다
13:46:17  [NET] CIFSR 3회에도 IP 가 없다 → CWJAP 부터 다시
13:46:17  [LADDER] 실패(CWJAP FAIL) CWJAP소요 219s · 연속 0회 · 결합유지 없음 · 현재 5단(36회 누적)
13:46:17  [LADDER] ⚠5단 미실행: 전원 재투입은 **부품 미보유로 미구현**이다
13:46:17  [LADDER]   필요 부품: 로우사이드 MOSFET 스위치(예: 2N7000/AO3400 + 10k)
13:46:17  [LADDER]   대신 4단 조치를 60초 백오프로 되풀이한다(종착역)
13:46:17  [AT] "AT+CIFSR" (8)
13:46:17  [AT] "busy p..." (9)
13:46:17  [NET] busy — ESP 가 앞 명령을 처리 중이다. 전진하지 않는다
13:46:19  [NET] 3 CIFSR (IP 를 실제로 받았는가)
13:46:19  [AT] "AT+CIFSR" (8)
13:46:19  [AT] "busy p..." (9)
13:46:19  [NET] busy — ESP 가 앞 명령을 처리 중이다. 전진하지 않는다
13:46:19  [DIAG] offline step=3 사다리=5/37 rx=51942 lines=3137 up=1512s
13:46:20  [NET] 3 CIFSR (IP 를 실제로 받았는가)
13:46:20  [AT] "AT+CIFSR" (8)
13:46:20  [AT] "busy p..." (9)
13:46:20  [NET] busy — ESP 가 앞 명령을 처리 중이다. 전진하지 않는다
13:46:22  [NET] 3 CIFSR (IP 를 실제로 받았는가)
13:46:22  [NET] CIFSR 3회 소진 — 그러나 busy 거부였다. IP 소실로 세지 않는다
13:46:22  [NET] CIFSR 3회에도 IP 가 없다 → CWJAP 부터 다시
13:46:22  [LADDER] 실패(CWJAP FAIL) CWJAP소요 224s · 연속 0회 · 결합유지 없음 · 현재 5단(37회 누적)
13:46:22  [LADDER] ⚠5단 미실행: 전원 재투입은 **부품 미보유로 미구현**이다
13:46:22  [LADDER]   필요 부품: 로우사이드 MOSFET 스위치(예: 2N7000/AO3400 + 10k)
13:46:22  [LADDER]   대신 4단 조치를 60초 백오프로 되풀이한다(종착역)
13:46:22  [AT] "AT+CIFSR" (8)
13:46:22  [AT] "busy p..." (9)
13:46:22  [NET] busy — ESP 가 앞 명령을 처리 중이다. 전진하지 않는다
13:46:22  [DIAG] offline step=3 사다리=5/38 rx=51986 lines=3141 up=1515s
13:46:23  [NET] 3 CIFSR (IP 를 실제로 받았는가)
13:46:23  [AT] "AT+CIFSR" (8)
13:46:23  [AT] "busy p..." (9)
13:46:23  [NET] busy — ESP 가 앞 명령을 처리 중이다. 전진하지 않는다
13:46:25  [DIAG] offline step=3 사다리=5/38 rx=52008 lines=3143 up=1518s
13:46:25  [NET] 3 CIFSR (IP 를 실제로 받았는가)
13:46:25  [AT] "AT+CIFSR" (8)
13:46:25  [AT] "busy p..." (9)
13:46:25  [NET] busy — ESP 가 앞 명령을 처리 중이다. 전진하지 않는다
13:46:27  [NET] 3 CIFSR (IP 를 실제로 받았는가)
13:46:27  [NET] CIFSR 3회 소진 — 그러나 busy 거부였다. IP 소실로 세지 않는다
13:46:27  [NET] CIFSR 3회에도 IP 가 없다 → CWJAP 부터 다시
13:46:27  [LADDER] 실패(CWJAP FAIL) CWJAP소요 228s · 연속 0회 · 결합유지 없음 · 현재 5단(38회 누적)
13:46:27  [LADDER] ⚠5단 미실행: 전원 재투입은 **부품 미보유로 미구현**이다
13:46:27  [LADDER]   필요 부품: 로우사이드 MOSFET 스위치(예: 2N7000/AO3400 + 10k)
13:46:27  [LADDER]   대신 4단 조치를 60초 백오프로 되풀이한다(종착역)
13:46:27  [AT] "AT+CIFSR" (8)
13:46:27  [AT] "busy p..." (9)
13:46:27  [NET] busy — ESP 가 앞 명령을 처리 중이다. 전진하지 않는다
13:46:28  [DIAG] offline step=3 사다리=5/39 rx=52052 lines=3147 up=1521s
13:46:28  [NET] 3 CIFSR (IP 를 실제로 받았는가)
13:46:28  [AT] "AT+CIFSR" (8)
13:46:28  [AT] "busy p..." (9)
13:46:28  [NET] busy — ESP 가 앞 명령을 처리 중이다. 전진하지 않는다
13:46:30  [NET] 3 CIFSR (IP 를 실제로 받았는가)
13:46:30  [AT] "AT+CIFSR" (8)
13:46:30  [AT] "busy p..." (9)
13:46:30  [NET] busy — ESP 가 앞 명령을 처리 중이다. 전진하지 않는다
13:46:31  [DIAG] offline step=3 사다리=5/39 rx=52096 lines=3151 up=1524s
13:46:31  [NET] 3 CIFSR (IP 를 실제로 받았는가)
13:46:31  [NET] CIFSR 3회 소진 — 그러나 busy 거부였다. IP 소실로 세지 않는다
13:46:31  [NET] CIFSR 3회에도 IP 가 없다 → CWJAP 부터 다시
13:46:31  [LADDER] 실패(CWJAP FAIL) CWJAP소요 233s · 연속 0회 · 결합유지 없음 · 현재 5단(39회 누적)
13:46:31  [LADDER] ⚠5단 미실행: 전원 재투입은 **부품 미보유로 미구현**이다
13:46:31  [LADDER]   필요 부품: 로우사이드 MOSFET 스위치(예: 2N7000/AO3400 + 10k)
13:46:31  [LADDER]   대신 4단 조치를 60초 백오프로 되풀이한다(종착역)
13:46:31  [AT] "AT+CIFSR" (8)
13:46:31  [AT] "busy p..." (9)
13:46:31  [NET] busy — ESP 가 앞 명령을 처리 중이다. 전진하지 않는다
13:46:33  [NET] 3 CIFSR (IP 를 실제로 받았는가)
13:46:33  [AT] "AT+CIFSR" (8)
13:46:33  [AT] "busy p..." (9)
13:46:33  [NET] busy — ESP 가 앞 명령을 처리 중이다. 전진하지 않는다
13:46:34  [DIAG] offline step=3 사다리=5/40 rx=52140 lines=3155 up=1527s
13:46:34  [NET] 3 CIFSR (IP 를 실제로 받았는가)
13:46:34  [AT] "AT+CIFSR" (8)
13:46:34  [AT] "busy p..." (9)
13:46:34  [NET] busy — ESP 가 앞 명령을 처리 중이다. 전진하지 않는다
13:46:36  [NET] 3 CIFSR (IP 를 실제로 받았는가)
13:46:36  [NET] CIFSR 3회 소진 — 그러나 busy 거부였다. IP 소실로 세지 않는다
13:46:36  [NET] CIFSR 3회에도 IP 가 없다 → CWJAP 부터 다시
13:46:36  [LADDER] 실패(CWJAP FAIL) CWJAP소요 238s · 연속 0회 · 결합유지 없음 · 현재 5단(40회 누적)
13:46:36  [LADDER] ⚠5단 미실행: 전원 재투입은 **부품 미보유로 미구현**이다
13:46:36  [LADDER]   필요 부품: 로우사이드 MOSFET 스위치(예: 2N7000/AO3400 + 10k)
13:46:36  [LADDER]   대신 4단 조치를 60초 백오프로 되풀이한다(종착역)
13:46:36  [AT] "AT+CIFSR" (8)
13:46:36  [AT] "busy p..." (9)
13:46:36  [NET] busy — ESP 가 앞 명령을 처리 중이다. 전진하지 않는다
13:46:37  [DIAG] offline step=3 사다리=5/41 rx=52184 lines=3159 up=1530s
13:46:37  [NET] 3 CIFSR (IP 를 실제로 받았는가)
13:46:37  [AT] "AT+CIFSR" (8)
13:46:37  [AT] "busy p..." (9)
13:46:37  [NET] busy — ESP 가 앞 명령을 처리 중이다. 전진하지 않는다
13:46:39  [NET] 3 CIFSR (IP 를 실제로 받았는가)
13:46:39  [AT] "AT+CIFSR" (8)
13:46:39  [AT] "busy p..." (9)
13:46:39  [NET] busy — ESP 가 앞 명령을 처리 중이다. 전진하지 않는다
13:46:40  [DIAG] offline step=3 사다리=5/41 rx=52228 lines=3163 up=1533s
13:46:40  [NET] 3 CIFSR (IP 를 실제로 받았는가)
13:46:40  [NET] CIFSR 3회 소진 — 그러나 busy 거부였다. IP 소실로 세지 않는다
13:46:40  [NET] CIFSR 3회에도 IP 가 없다 → CWJAP 부터 다시
13:46:41  [LADDER] 실패(CWJAP FAIL) CWJAP소요 242s · 연속 0회 · 결합유지 없음 · 현재 5단(41회 누적)
13:46:41  [LADDER] ⚠5단 미실행: 전원 재투입은 **부품 미보유로 미구현**이다
13:46:41  [LADDER]   필요 부품: 로우사이드 MOSFET 스위치(예: 2N7000/AO3400 + 10k)
13:46:41  [LADDER]   대신 4단 조치를 60초 백오프로 되풀이한다(종착역)
13:46:41  [AT] "AT+CIFSR" (8)
13:46:41  [AT] "busy p..." (9)
13:46:41  [NET] busy — ESP 가 앞 명령을 처리 중이다. 전진하지 않는다
13:46:42  [NET] 3 CIFSR (IP 를 실제로 받았는가)
13:46:42  [AT] "AT+CIFSR" (8)
13:46:42  [AT] "busy p..." (9)
13:46:42  [NET] busy — ESP 가 앞 명령을 처리 중이다. 전진하지 않는다
13:46:43  [DIAG] offline step=3 사다리=5/42 rx=52272 lines=3167 up=1536s
13:46:44  [NET] 3 CIFSR (IP 를 실제로 받았는가)
13:46:44  [AT] "AT+CIFSR" (8)
13:46:44  [AT] "busy p..." (9)
13:46:44  [NET] busy — ESP 가 앞 명령을 처리 중이다. 전진하지 않는다
13:46:45  [NET] 3 CIFSR (IP 를 실제로 받았는가)
13:46:45  [NET] CIFSR 3회 소진 — 그러나 busy 거부였다. IP 소실로 세지 않는다
13:46:45  [NET] CIFSR 3회에도 IP 가 없다 → CWJAP 부터 다시
13:46:45  [LADDER] 실패(CWJAP FAIL) CWJAP소요 247s · 연속 0회 · 결합유지 없음 · 현재 5단(42회 누적)
13:46:45  [LADDER] ⚠5단 미실행: 전원 재투입은 **부품 미보유로 미구현**이다
13:46:45  [LADDER]   필요 부품: 로우사이드 MOSFET 스위치(예: 2N7000/AO3400 + 10k)
13:46:45  [LADDER]   대신 4단 조치를 60초 백오프로 되풀이한다(종착역)
13:46:45  [AT] "AT+CIFSR" (8)
13:46:45  [AT] "busy p..." (9)
13:46:45  [NET] busy — ESP 가 앞 명령을 처리 중이다. 전진하지 않는다
13:46:46  [DIAG] offline step=3 사다리=5/43 rx=52316 lines=3171 up=1539s
13:46:47  [NET] 3 CIFSR (IP 를 실제로 받았는가)
13:46:47  [AT] "AT+CIFSR" (8)
13:46:47  [AT] "busy p..." (9)
13:46:47  [NET] busy — ESP 가 앞 명령을 처리 중이다. 전진하지 않는다
13:46:48  [NET] 3 CIFSR (IP 를 실제로 받았는가)
13:46:48  [AT] "AT+CIFSR" (8)
13:46:48  [AT] "busy p..." (9)
13:46:48  [NET] busy — ESP 가 앞 명령을 처리 중이다. 전진하지 않는다
13:46:49  [DIAG] offline step=3 사다리=5/43 rx=52360 lines=3175 up=1542s
13:46:50  [NET] 3 CIFSR (IP 를 실제로 받았는가)
13:46:50  [NET] CIFSR 3회 소진 — 그러나 busy 거부였다. IP 소실로 세지 않는다
13:46:50  [NET] CIFSR 3회에도 IP 가 없다 → CWJAP 부터 다시
13:46:50  [LADDER] 실패(CWJAP FAIL) CWJAP소요 252s · 연속 0회 · 결합유지 없음 · 현재 5단(43회 누적)
13:46:50  [LADDER] ⚠5단 미실행: 전원 재투입은 **부품 미보유로 미구현**이다
13:46:50  [LADDER]   필요 부품: 로우사이드 MOSFET 스위치(예: 2N7000/AO3400 + 10k)
13:46:50  [LADDER]   대신 4단 조치를 60초 백오프로 되풀이한다(종착역)
13:46:50  [AT] "AT+CIFSR" (8)
13:46:50  [AT] "busy p..." (9)
13:46:50  [NET] busy — ESP 가 앞 명령을 처리 중이다. 전진하지 않는다
13:46:51  [NET] 3 CIFSR (IP 를 실제로 받았는가)
13:46:51  [AT] "AT+CIFSR" (8)
13:46:51  [AT] "busy p..." (9)
13:46:51  [NET] busy — ESP 가 앞 명령을 처리 중이다. 전진하지 않는다
13:46:52  [DIAG] offline step=3 사다리=5/44 rx=52404 lines=3179 up=1545s
13:46:53  [NET] 3 CIFSR (IP 를 실제로 받았는가)
13:46:53  [AT] "AT+CIFSR" (8)
13:46:53  [AT] "busy p..." (9)
13:46:53  [NET] busy — ESP 가 앞 명령을 처리 중이다. 전진하지 않는다
13:46:54  [NET] 3 CIFSR (IP 를 실제로 받았는가)
13:46:54  [NET] CIFSR 3회 소진 — 그러나 busy 거부였다. IP 소실로 세지 않는다
13:46:54  [NET] CIFSR 3회에도 IP 가 없다 → CWJAP 부터 다시
13:46:54  [LADDER] 실패(CWJAP FAIL) CWJAP소요 256s · 연속 0회 · 결합유지 없음 · 현재 5단(44회 누적)
13:46:54  [LADDER] ⚠5단 미실행: 전원 재투입은 **부품 미보유로 미구현**이다
13:46:54  [LADDER]   필요 부품: 로우사이드 MOSFET 스위치(예: 2N7000/AO3400 + 10k)
13:46:54  [LADDER]   대신 4단 조치를 60초 백오프로 되풀이한다(종착역)
13:46:54  [AT] "AT+CIFSR" (8)
13:46:54  [AT] "busy p..." (9)
13:46:54  [NET] busy — ESP 가 앞 명령을 처리 중이다. 전진하지 않는다
13:46:55  [DIAG] offline step=3 사다리=5/45 rx=52448 lines=3183 up=1548s
13:46:56  [NET] 3 CIFSR (IP 를 실제로 받았는가)
13:46:56  [AT] "AT+CIFSR" (8)
13:46:56  [AT] "busy p..." (9)
13:46:56  [NET] busy — ESP 가 앞 명령을 처리 중이다. 전진하지 않는다
13:46:58  [NET] 3 CIFSR (IP 를 실제로 받았는가)
13:46:58  [AT] "AT+CIFSR" (8)
13:46:58  [AT] "busy p..." (9)
13:46:58  [NET] busy — ESP 가 앞 명령을 처리 중이다. 전진하지 않는다
13:46:58  [DIAG] offline step=3 사다리=5/45 rx=52492 lines=3187 up=1551s
13:46:59  [NET] 3 CIFSR (IP 를 실제로 받았는가)
13:46:59  [NET] CIFSR 3회 소진 — 그러나 busy 거부였다. IP 소실로 세지 않는다
13:46:59  [NET] CIFSR 3회에도 IP 가 없다 → CWJAP 부터 다시
13:46:59  [LADDER] 실패(CWJAP FAIL) CWJAP소요 261s · 연속 0회 · 결합유지 없음 · 현재 5단(45회 누적)
13:46:59  [LADDER] ⚠5단 미실행: 전원 재투입은 **부품 미보유로 미구현**이다
13:46:59  [LADDER]   필요 부품: 로우사이드 MOSFET 스위치(예: 2N7000/AO3400 + 10k)
13:46:59  [LADDER]   대신 4단 조치를 60초 백오프로 되풀이한다(종착역)
13:46:59  [AT] "AT+CIFSR" (8)
13:46:59  [AT] "busy p..." (9)
13:46:59  [NET] busy — ESP 가 앞 명령을 처리 중이다. 전진하지 않는다
13:47:01  [NET] 3 CIFSR (IP 를 실제로 받았는가)
13:47:01  [AT] "AT+CIFSR" (8)
13:47:01  [AT] "busy p..." (9)
13:47:01  [NET] busy — ESP 가 앞 명령을 처리 중이다. 전진하지 않는다
13:47:01  [DIAG] offline step=3 사다리=5/46 rx=52536 lines=3191 up=1554s
13:47:02  [NET] 3 CIFSR (IP 를 실제로 받았는가)
13:47:02  [AT] "AT+CIFSR" (8)
13:47:02  [AT] "busy p..." (9)
13:47:02  [NET] busy — ESP 가 앞 명령을 처리 중이다. 전진하지 않는다
13:47:04  [NET] 3 CIFSR (IP 를 실제로 받았는가)
13:47:04  [NET] CIFSR 3회 소진 — 그러나 busy 거부였다. IP 소실로 세지 않는다
13:47:04  [NET] CIFSR 3회에도 IP 가 없다 → CWJAP 부터 다시
13:47:04  [LADDER] 실패(CWJAP FAIL) CWJAP소요 266s · 연속 0회 · 결합유지 없음 · 현재 5단(46회 누적)
13:47:04  [LADDER] ⚠5단 미실행: 전원 재투입은 **부품 미보유로 미구현**이다
13:47:04  [LADDER]   필요 부품: 로우사이드 MOSFET 스위치(예: 2N7000/AO3400 + 10k)
13:47:04  [LADDER]   대신 4단 조치를 60초 백오프로 되풀이한다(종착역)
13:47:04  [AT] "AT+CIFSR" (8)
13:47:04  [AT] "busy p..." (9)
13:47:04  [NET] busy — ESP 가 앞 명령을 처리 중이다. 전진하지 않는다
13:47:04  [DIAG] offline step=3 사다리=5/47 rx=52580 lines=3195 up=1557s
13:47:06  [NET] 3 CIFSR (IP 를 실제로 받았는가)
13:47:06  [AT] "AT+CIFSR" (8)
13:47:06  [AT] "busy p..." (9)
13:47:06  [NET] busy — ESP 가 앞 명령을 처리 중이다. 전진하지 않는다
13:47:07  [CNT] up=1560 drop=1 esprst=9 resync=0 sendfail=0 okto=5 stuck=1 ackq=0 ackdrop=0 ackstale=0 slot=1300 oow=0 smiss=6 ssovf=0 cksumng=0 okstream=906 penddrop=0 pendfill=908 bigfill=7 bigdrop=0 bigokst=6 oklost=0 bigoklost=0 skip=34 online=0
13:47:07  [RAM] 최저 여유 617 B · 프롬프트 재동기 0회 (서버의 '버린줄' 과 맞아야 한다)
13:47:08  [NET] 3 CIFSR (IP 를 실제로 받았는가)
13:47:08  [AT] "AT+CIFSR" (8)
13:47:08  [AT] "busy p..." (9)
13:47:08  [NET] busy — ESP 가 앞 명령을 처리 중이다. 전진하지 않는다
13:47:08  [DIAG] offline step=3 사다리=5/47 rx=52624 lines=3199 up=1560s
13:47:09  «tap» 살아있음 — 최근 60초 rx=15009B (이 줄이 끊기면 탭이 죽은 것이다)
13:47:09  [NET] 3 CIFSR (IP 를 실제로 받았는가)
13:47:09  [NET] CIFSR 3회 소진 — 그러나 busy 거부였다. IP 소실로 세지 않는다
13:47:09  [NET] CIFSR 3회에도 IP 가 없다 → CWJAP 부터 다시
13:47:09  [LADDER] 실패(CWJAP FAIL) CWJAP소요 270s · 연속 0회 · 결합유지 없음 · 현재 5단(47회 누적)
13:47:09  [LADDER] ⚠5단 미실행: 전원 재투입은 **부품 미보유로 미구현**이다
13:47:09  [LADDER]   필요 부품: 로우사이드 MOSFET 스위치(예: 2N7000/AO3400 + 10k)
13:47:09  [LADDER]   대신 4단 조치를 60초 백오프로 되풀이한다(종착역)
13:47:09  [AT] "AT+CIFSR" (8)
13:47:09  [AT] "busy p..." (9)
13:47:09  [NET] busy — ESP 가 앞 명령을 처리 중이다. 전진하지 않는다
13:47:11  [DIAG] offline step=3 사다리=5/48 rx=52646 lines=3201 up=1563s
13:47:11  [NET] 3 CIFSR (IP 를 실제로 받았는가)
13:47:11  [AT] "AT+CIFSR" (8)
13:47:11  [AT] "busy p..." (9)
13:47:11  [NET] busy — ESP 가 앞 명령을 처리 중이다. 전진하지 않는다
13:47:13  [NET] 3 CIFSR (IP 를 실제로 받았는가)
13:47:13  [AT] "AT+CIFSR" (8)
13:47:13  [AT] "busy p..." (9)
13:47:13  [NET] busy — ESP 가 앞 명령을 처리 중이다. 전진하지 않는다
13:47:14  [DIAG] offline step=3 사다리=5/48 rx=52690 lines=3205 up=1566s
13:47:14  [NET] 3 CIFSR (IP 를 실제로 받았는가)
13:47:14  [NET] CIFSR 3회 소진 — 그러나 busy 거부였다. IP 소실로 세지 않는다
13:47:14  [NET] CIFSR 3회에도 IP 가 없다 → CWJAP 부터 다시
13:47:14  [LADDER] 실패(CWJAP FAIL) CWJAP소요 275s · 연속 0회 · 결합유지 없음 · 현재 5단(48회 누적)
13:47:14  [LADDER] ⚠5단 미실행: 전원 재투입은 **부품 미보유로 미구현**이다
13:47:14  [LADDER]   필요 부품: 로우사이드 MOSFET 스위치(예: 2N7000/AO3400 + 10k)
13:47:14  [LADDER]   대신 4단 조치를 60초 백오프로 되풀이한다(종착역)
13:47:14  [AT] "AT+CIFSR" (8)
13:47:14  [AT] "busy p..." (9)
13:47:14  [NET] busy — ESP 가 앞 명령을 처리 중이다. 전진하지 않는다
13:47:16  [NET] 3 CIFSR (IP 를 실제로 받았는가)
13:47:16  [AT] "AT+CIFSR" (8)
13:47:16  [AT] "busy p..." (9)
13:47:16  [NET] busy — ESP 가 앞 명령을 처리 중이다. 전진하지 않는다
13:47:17  [DIAG] offline step=3 사다리=5/49 rx=52734 lines=3209 up=1569s
13:47:17  [NET] 3 CIFSR (IP 를 실제로 받았는가)
13:47:17  [AT] "AT+CIFSR" (8)
13:47:17  [AT] "busy p..." (9)
13:47:17  [NET] busy — ESP 가 앞 명령을 처리 중이다. 전진하지 않는다
13:47:19  [NET] 3 CIFSR (IP 를 실제로 받았는가)
13:47:19  [NET] CIFSR 3회 소진 — 그러나 busy 거부였다. IP 소실로 세지 않는다
13:47:19  [NET] CIFSR 3회에도 IP 가 없다 → CWJAP 부터 다시
13:47:19  [LADDER] 실패(CWJAP FAIL) CWJAP소요 280s · 연속 0회 · 결합유지 없음 · 현재 5단(49회 누적)
13:47:19  [LADDER] ⚠5단 미실행: 전원 재투입은 **부품 미보유로 미구현**이다
13:47:19  [LADDER]   필요 부품: 로우사이드 MOSFET 스위치(예: 2N7000/AO3400 + 10k)
13:47:19  [LADDER]   대신 4단 조치를 60초 백오프로 되풀이한다(종착역)
13:47:19  [AT] "AT+CIFSR" (8)
13:47:19  [AT] "busy p..." (9)
13:47:19  [NET] busy — ESP 가 앞 명령을 처리 중이다. 전진하지 않는다
13:47:20  [DIAG] offline step=3 사다리=5/50 rx=52778 lines=3213 up=1572s
13:47:20  [NET] 3 CIFSR (IP 를 실제로 받았는가)
13:47:20  [AT] "AT+CIFSR" (8)
13:47:20  [AT] "busy p..." (9)
13:47:20  [NET] busy — ESP 가 앞 명령을 처리 중이다. 전진하지 않는다
13:47:22  [NET] 3 CIFSR (IP 를 실제로 받았는가)
13:47:22  [AT] "AT+CIFSR" (8)
13:47:22  [AT] "busy p..." (9)
13:47:22  [NET] busy — ESP 가 앞 명령을 처리 중이다. 전진하지 않는다
13:47:23  [DIAG] offline step=3 사다리=5/50 rx=52822 lines=3217 up=1575s
13:47:23  [NET] 3 CIFSR (IP 를 실제로 받았는가)
13:47:23  [NET] CIFSR 3회 소진 — 그러나 busy 거부였다. IP 소실로 세지 않는다
13:47:23  [NET] CIFSR 3회에도 IP 가 없다 → CWJAP 부터 다시
13:47:23  [LADDER] 실패(CWJAP FAIL) CWJAP소요 284s · 연속 0회 · 결합유지 없음 · 현재 5단(50회 누적)
13:47:23  [LADDER] ⚠5단 미실행: 전원 재투입은 **부품 미보유로 미구현**이다
13:47:23  [LADDER]   필요 부품: 로우사이드 MOSFET 스위치(예: 2N7000/AO3400 + 10k)
13:47:23  [LADDER]   대신 4단 조치를 60초 백오프로 되풀이한다(종착역)
13:47:23  [AT] "AT+CIFSR" (8)
13:47:23  [AT] "busy p..." (9)
13:47:23  [NET] busy — ESP 가 앞 명령을 처리 중이다. 전진하지 않는다
13:47:25  [NET] 3 CIFSR (IP 를 실제로 받았는가)
13:47:25  [AT] "AT+CIFSR" (8)
13:47:25  [AT] "busy p..." (9)
13:47:25  [NET] busy — ESP 가 앞 명령을 처리 중이다. 전진하지 않는다
13:47:26  [DIAG] offline step=3 사다리=5/51 rx=52866 lines=3221 up=1578s
13:47:26  [NET] 3 CIFSR (IP 를 실제로 받았는가)
13:47:26  [AT] "AT+CIFSR" (8)
13:47:26  [AT] "busy p..." (9)
13:47:26  [NET] busy — ESP 가 앞 명령을 처리 중이다. 전진하지 않는다
13:47:28  [NET] 3 CIFSR (IP 를 실제로 받았는가)
13:47:28  [NET] CIFSR 3회 소진 — 그러나 busy 거부였다. IP 소실로 세지 않는다
13:47:28  [NET] CIFSR 3회에도 IP 가 없다 → CWJAP 부터 다시
13:47:28  [LADDER] 실패(CWJAP FAIL) CWJAP소요 289s · 연속 0회 · 결합유지 없음 · 현재 5단(51회 누적)
13:47:28  [LADDER] ⚠5단 미실행: 전원 재투입은 **부품 미보유로 미구현**이다
13:47:28  [LADDER]   필요 부품: 로우사이드 MOSFET 스위치(예: 2N7000/AO3400 + 10k)
13:47:28  [LADDER]   대신 4단 조치를 60초 백오프로 되풀이한다(종착역)
13:47:28  [AT] "AT+CIFSR" (8)
13:47:28  [AT] "busy p..." (9)
13:47:28  [NET] busy — ESP 가 앞 명령을 처리 중이다. 전진하지 않는다
13:47:29  [DIAG] offline step=3 사다리=5/52 rx=52910 lines=3225 up=1581s
13:47:30  [NET] 3 CIFSR (IP 를 실제로 받았는가)
13:47:30  [AT] "AT+CIFSR" (8)
13:47:30  [AT] "busy p..." (9)
13:47:30  [NET] busy — ESP 가 앞 명령을 처리 중이다. 전진하지 않는다
13:47:31  [NET] 3 CIFSR (IP 를 실제로 받았는가)
13:47:31  [AT] "AT+CIFSR" (8)
13:47:31  [AT] "busy p..." (9)
13:47:31  [NET] busy — ESP 가 앞 명령을 처리 중이다. 전진하지 않는다
13:47:32  [DIAG] offline step=3 사다리=5/52 rx=52954 lines=3229 up=1584s
13:47:33  [NET] 3 CIFSR (IP 를 실제로 받았는가)
13:47:33  [NET] CIFSR 3회 소진 — 그러나 busy 거부였다. IP 소실로 세지 않는다
13:47:33  [NET] CIFSR 3회에도 IP 가 없다 → CWJAP 부터 다시
13:47:33  [LADDER] 실패(CWJAP FAIL) CWJAP소요 294s · 연속 0회 · 결합유지 없음 · 현재 5단(52회 누적)
13:47:33  [LADDER] ⚠5단 미실행: 전원 재투입은 **부품 미보유로 미구현**이다
13:47:33  [LADDER]   필요 부품: 로우사이드 MOSFET 스위치(예: 2N7000/AO3400 + 10k)
13:47:33  [LADDER]   대신 4단 조치를 60초 백오프로 되풀이한다(종착역)
13:47:33  [AT] "AT+CIFSR" (8)
13:47:33  [AT] "busy p..." (9)
13:47:33  [NET] busy — ESP 가 앞 명령을 처리 중이다. 전진하지 않는다
13:47:34  [NET] 3 CIFSR (IP 를 실제로 받았는가)
13:47:34  [AT] "AT+CIFSR" (8)
13:47:34  [AT] "busy p..." (9)
13:47:34  [NET] busy — ESP 가 앞 명령을 처리 중이다. 전진하지 않는다
13:47:35  [DIAG] offline step=3 사다리=5/53 rx=52998 lines=3233 up=1587s
13:47:36  [NET] 3 CIFSR (IP 를 실제로 받았는가)
13:47:36  [AT] "AT+CIFSR" (8)
13:47:36  [AT] "busy p..." (9)
13:47:36  [NET] busy — ESP 가 앞 명령을 처리 중이다. 전진하지 않는다
13:47:37  [NET] 3 CIFSR (IP 를 실제로 받았는가)
13:47:37  [NET] CIFSR 3회 소진 — 그러나 busy 거부였다. IP 소실로 세지 않는다
13:47:37  [NET] CIFSR 3회에도 IP 가 없다 → CWJAP 부터 다시
13:47:37  [LADDER] 실패(CWJAP FAIL) CWJAP소요 298s · 연속 0회 · 결합유지 없음 · 현재 5단(53회 누적)
13:47:37  [LADDER] ⚠5단 미실행: 전원 재투입은 **부품 미보유로 미구현**이다
13:47:37  [LADDER]   필요 부품: 로우사이드 MOSFET 스위치(예: 2N7000/AO3400 + 10k)
13:47:37  [LADDER]   대신 4단 조치를 60초 백오프로 되풀이한다(종착역)
13:47:37  [AT] "AT+CIFSR" (8)
13:47:37  [AT] "busy p..." (9)
13:47:37  [NET] busy — ESP 가 앞 명령을 처리 중이다. 전진하지 않는다
13:47:38  [DIAG] offline step=3 사다리=5/54 rx=53042 lines=3237 up=1590s
13:47:39  [NET] 3 CIFSR (IP 를 실제로 받았는가)
13:47:39  [AT] "AT+CIFSR" (8)
13:47:39  [AT] "busy p..." (9)
13:47:39  [NET] busy — ESP 가 앞 명령을 처리 중이다. 전진하지 않는다
13:47:40  [NET] 3 CIFSR (IP 를 실제로 받았는가)
13:47:40  [AT] "AT+CIFSR" (8)
13:47:40  [AT] "busy p..." (9)
13:47:40  [NET] busy — ESP 가 앞 명령을 처리 중이다. 전진하지 않는다
13:47:41  [DIAG] offline step=3 사다리=5/54 rx=53086 lines=3241 up=1593s
13:47:42  [NET] 3 CIFSR (IP 를 실제로 받았는가)
13:47:42  [NET] CIFSR 3회 소진 — 그러나 busy 거부였다. IP 소실로 세지 않는다
13:47:42  [NET] CIFSR 3회에도 IP 가 없다 → CWJAP 부터 다시
13:47:42  [LADDER] 실패(CWJAP FAIL) CWJAP소요 303s · 연속 0회 · 결합유지 없음 · 현재 5단(54회 누적)
13:47:42  [LADDER] ⚠5단 미실행: 전원 재투입은 **부품 미보유로 미구현**이다
13:47:42  [LADDER]   필요 부품: 로우사이드 MOSFET 스위치(예: 2N7000/AO3400 + 10k)
13:47:42  [LADDER]   대신 4단 조치를 60초 백오프로 되풀이한다(종착역)
13:47:42  [AT] "AT+CIFSR" (8)
13:47:42  [AT] "busy p..." (9)
13:47:42  [NET] busy — ESP 가 앞 명령을 처리 중이다. 전진하지 않는다
13:47:44  [NET] 3 CIFSR (IP 를 실제로 받았는가)
13:47:44  [AT] "AT+CIFSR" (8)
13:47:44  [AT] "busy p..." (9)
13:47:44  [NET] busy — ESP 가 앞 명령을 처리 중이다. 전진하지 않는다
13:47:44  [DIAG] offline step=3 사다리=5/55 rx=53130 lines=3245 up=1596s
13:47:45  [NET] 3 CIFSR (IP 를 실제로 받았는가)
13:47:45  [AT] "AT+CIFSR" (8)
13:47:45  [AT] "busy p..." (9)
13:47:45  [NET] busy — ESP 가 앞 명령을 처리 중이다. 전진하지 않는다
13:47:47  [NET] 3 CIFSR (IP 를 실제로 받았는가)
13:47:47  [NET] CIFSR 3회 소진 — 그러나 busy 거부였다. IP 소실로 세지 않는다
13:47:47  [NET] CIFSR 3회에도 IP 가 없다 → CWJAP 부터 다시
13:47:47  [LADDER] 실패(CWJAP FAIL) CWJAP소요 307s · 연속 0회 · 결합유지 없음 · 현재 5단(55회 누적)
13:47:47  [LADDER] ⚠5단 미실행: 전원 재투입은 **부품 미보유로 미구현**이다
13:47:47  [LADDER]   필요 부품: 로우사이드 MOSFET 스위치(예: 2N7000/AO3400 + 10k)
13:47:47  [LADDER]   대신 4단 조치를 60초 백오프로 되풀이한다(종착역)
13:47:47  [AT] "AT+CIFSR" (8)
13:47:47  [AT] "busy p..." (9)
13:47:47  [NET] busy — ESP 가 앞 명령을 처리 중이다. 전진하지 않는다
13:47:47  [DIAG] offline step=3 사다리=5/56 rx=53174 lines=3249 up=1599s
13:47:48  [NET] 3 CIFSR (IP 를 실제로 받았는가)
13:47:48  [AT] "AT+CIFSR" (8)
13:47:48  [AT] "busy p..." (9)
13:47:48  [NET] busy — ESP 가 앞 명령을 처리 중이다. 전진하지 않는다
13:47:50  [NET] 3 CIFSR (IP 를 실제로 받았는가)
13:47:50  [AT] "AT+CIFSR" (8)
13:47:50  [AT] "busy p..." (9)
13:47:50  [NET] busy — ESP 가 앞 명령을 처리 중이다. 전진하지 않는다
13:47:50  [DIAG] offline step=3 사다리=5/56 rx=53218 lines=3253 up=1602s
13:47:51  [NET] 3 CIFSR (IP 를 실제로 받았는가)
13:47:51  [NET] CIFSR 3회 소진 — 그러나 busy 거부였다. IP 소실로 세지 않는다
13:47:51  [NET] CIFSR 3회에도 IP 가 없다 → CWJAP 부터 다시
13:47:51  [LADDER] 실패(CWJAP FAIL) CWJAP소요 312s · 연속 0회 · 결합유지 없음 · 현재 5단(56회 누적)
13:47:51  [LADDER] ⚠5단 미실행: 전원 재투입은 **부품 미보유로 미구현**이다
13:47:51  [LADDER]   필요 부품: 로우사이드 MOSFET 스위치(예: 2N7000/AO3400 + 10k)
13:47:51  [LADDER]   대신 4단 조치를 60초 백오프로 되풀이한다(종착역)
13:47:51  [AT] "AT+CIFSR" (8)
13:47:51  [AT] "busy p..." (9)
13:47:51  [NET] busy — ESP 가 앞 명령을 처리 중이다. 전진하지 않는다
13:47:53  [DIAG] offline step=3 사다리=5/57 rx=53240 lines=3255 up=1605s
13:47:53  [NET] 3 CIFSR (IP 를 실제로 받았는가)
13:47:53  [AT] "AT+CIFSR" (8)
13:47:53  [AT] "busy p..." (9)
13:47:53  [NET] busy — ESP 가 앞 명령을 처리 중이다. 전진하지 않는다
13:47:54  [NET] 3 CIFSR (IP 를 실제로 받았는가)
13:47:54  [AT] "AT+CIFSR" (8)
13:47:54  [AT] "busy p..." (9)
13:47:54  [NET] busy — ESP 가 앞 명령을 처리 중이다. 전진하지 않는다
13:47:56  [DIAG] offline step=3 사다리=5/57 rx=53284 lines=3259 up=1608s
13:47:56  [NET] 3 CIFSR (IP 를 실제로 받았는가)
13:47:56  [NET] CIFSR 3회 소진 — 그러나 busy 거부였다. IP 소실로 세지 않는다
13:47:56  [NET] CIFSR 3회에도 IP 가 없다 → CWJAP 부터 다시
13:47:56  [LADDER] 실패(CWJAP FAIL) CWJAP소요 317s · 연속 0회 · 결합유지 없음 · 현재 5단(57회 누적)
13:47:56  [LADDER] ⚠5단 미실행: 전원 재투입은 **부품 미보유로 미구현**이다
13:47:56  [LADDER]   필요 부품: 로우사이드 MOSFET 스위치(예: 2N7000/AO3400 + 10k)
13:47:56  [LADDER]   대신 4단 조치를 60초 백오프로 되풀이한다(종착역)
13:47:56  [AT] "AT+CIFSR" (8)
13:47:56  [AT] "busy p..." (9)
13:47:56  [NET] busy — ESP 가 앞 명령을 처리 중이다. 전진하지 않는다
13:47:58  [NET] 3 CIFSR (IP 를 실제로 받았는가)
13:47:58  [AT] "AT+CIFSR" (8)
13:47:58  [AT] "busy p..." (9)
13:47:58  [NET] busy — ESP 가 앞 명령을 처리 중이다. 전진하지 않는다
13:47:59  [DIAG] offline step=3 사다리=5/58 rx=53328 lines=3263 up=1611s
13:47:59  [NET] 3 CIFSR (IP 를 실제로 받았는가)
13:47:59  [AT] "AT+CIFSR" (8)
13:47:59  [AT] "busy p..." (9)
13:47:59  [NET] busy — ESP 가 앞 명령을 처리 중이다. 전진하지 않는다
13:48:01  [NET] 3 CIFSR (IP 를 실제로 받았는가)
13:48:01  [NET] CIFSR 3회 소진 — 그러나 busy 거부였다. IP 소실로 세지 않는다
13:48:01  [NET] CIFSR 3회에도 IP 가 없다 → CWJAP 부터 다시
13:48:01  [LADDER] 실패(CWJAP FAIL) CWJAP소요 321s · 연속 0회 · 결합유지 없음 · 현재 5단(58회 누적)
13:48:01  [LADDER] ⚠5단 미실행: 전원 재투입은 **부품 미보유로 미구현**이다
13:48:01  [LADDER]   필요 부품: 로우사이드 MOSFET 스위치(예: 2N7000/AO3400 + 10k)
13:48:01  [LADDER]   대신 4단 조치를 60초 백오프로 되풀이한다(종착역)
13:48:01  [AT] "AT+CIFSR" (8)
13:48:01  [AT] "busy p..." (9)
13:48:01  [NET] busy — ESP 가 앞 명령을 처리 중이다. 전진하지 않는다
13:48:02  [DIAG] offline step=3 사다리=5/59 rx=53372 lines=3267 up=1614s
13:48:02  [NET] 3 CIFSR (IP 를 실제로 받았는가)
13:48:02  [AT] "AT+CIFSR" (8)
13:48:02  [AT] "busy p..." (9)
13:48:02  [NET] busy — ESP 가 앞 명령을 처리 중이다. 전진하지 않는다
13:48:04  [NET] 3 CIFSR (IP 를 실제로 받았는가)
13:48:04  [AT] "AT+CIFSR" (8)
13:48:04  [AT] "busy p..." (9)
13:48:04  [NET] busy — ESP 가 앞 명령을 처리 중이다. 전진하지 않는다
13:48:05  [DIAG] offline step=3 사다리=5/59 rx=53416 lines=3271 up=1617s
13:48:05  [NET] 3 CIFSR (IP 를 실제로 받았는가)
13:48:05  [NET] CIFSR 3회 소진 — 그러나 busy 거부였다. IP 소실로 세지 않는다
13:48:05  [NET] CIFSR 3회에도 IP 가 없다 → CWJAP 부터 다시
13:48:05  [LADDER] 실패(CWJAP FAIL) CWJAP소요 326s · 연속 0회 · 결합유지 없음 · 현재 5단(59회 누적)
13:48:05  [LADDER] ⚠5단 미실행: 전원 재투입은 **부품 미보유로 미구현**이다
13:48:05  [LADDER]   필요 부품: 로우사이드 MOSFET 스위치(예: 2N7000/AO3400 + 10k)
13:48:05  [LADDER]   대신 4단 조치를 60초 백오프로 되풀이한다(종착역)
13:48:05  [AT] "AT+CIFSR" (8)
13:48:05  [AT] "busy p..." (9)
13:48:05  [NET] busy — ESP 가 앞 명령을 처리 중이다. 전진하지 않는다
13:48:07  [NET] 3 CIFSR (IP 를 실제로 받았는가)
13:48:07  [AT] "AT+CIFSR" (8)
13:48:07  [AT] "busy p..." (9)
13:48:07  [NET] busy — ESP 가 앞 명령을 처리 중이다. 전진하지 않는다
13:48:07  [CNT] up=1620 drop=1 esprst=9 resync=0 sendfail=0 okto=5 stuck=1 ackq=0 ackdrop=0 ackstale=0 slot=1350 oow=0 smiss=6 ssovf=0 cksumng=0 okstream=906 penddrop=0 pendfill=908 bigfill=7 bigdrop=0 bigokst=6 oklost=0 bigoklost=0 skip=34 online=0
13:48:07  [RAM] 최저 여유 617 B · 프롬프트 재동기 0회 (서버의 '버린줄' 과 맞아야 한다)
13:48:08  [DIAG] offline step=3 사다리=5/60 rx=53460 lines=3275 up=1620s
13:48:08  [NET] 3 CIFSR (IP 를 실제로 받았는가)
13:48:08  [AT] "AT+CIFSR" (8)
13:48:08  [AT] "busy p..." (9)
13:48:08  [NET] busy — ESP 가 앞 명령을 처리 중이다. 전진하지 않는다
13:48:09  «tap» 살아있음 — 최근 60초 rx=15009B (이 줄이 끊기면 탭이 죽은 것이다)
13:48:10  [NET] 3 CIFSR (IP 를 실제로 받았는가)
13:48:10  [NET] CIFSR 3회 소진 — 그러나 busy 거부였다. IP 소실로 세지 않는다
13:48:10  [NET] CIFSR 3회에도 IP 가 없다 → CWJAP 부터 다시
13:48:10  [LADDER] 실패(CWJAP FAIL) CWJAP소요 331s · 연속 0회 · 결합유지 없음 · 현재 5단(60회 누적)
13:48:10  [LADDER] ⚠5단 미실행: 전원 재투입은 **부품 미보유로 미구현**이다
13:48:10  [LADDER]   필요 부품: 로우사이드 MOSFET 스위치(예: 2N7000/AO3400 + 10k)
13:48:10  [LADDER]   대신 4단 조치를 60초 백오프로 되풀이한다(종착역)
13:48:10  [AT] "AT+CIFSR" (8)
13:48:10  [AT] "busy p..." (9)
13:48:10  [NET] busy — ESP 가 앞 명령을 처리 중이다. 전진하지 않는다
13:48:11  [DIAG] offline step=3 사다리=5/61 rx=53504 lines=3279 up=1623s
13:48:11  [NET] 3 CIFSR (IP 를 실제로 받았는가)
13:48:11  [AT] "AT+CIFSR" (8)
13:48:11  [AT] "busy p..." (9)
13:48:11  [NET] busy — ESP 가 앞 명령을 처리 중이다. 전진하지 않는다
13:48:13  [NET] 3 CIFSR (IP 를 실제로 받았는가)
13:48:13  [AT] "AT+CIFSR" (8)
13:48:13  [AT] "busy p..." (9)
13:48:13  [NET] busy — ESP 가 앞 명령을 처리 중이다. 전진하지 않는다
13:48:14  [DIAG] offline step=3 사다리=5/61 rx=53548 lines=3283 up=1626s
13:48:15  [NET] 3 CIFSR (IP 를 실제로 받았는가)
13:48:15  [NET] CIFSR 3회 소진 — 그러나 busy 거부였다. IP 소실로 세지 않는다
13:48:15  [NET] CIFSR 3회에도 IP 가 없다 → CWJAP 부터 다시
13:48:15  [LADDER] 실패(CWJAP FAIL) CWJAP소요 335s · 연속 0회 · 결합유지 없음 · 현재 5단(61회 누적)
13:48:15  [LADDER] ⚠5단 미실행: 전원 재투입은 **부품 미보유로 미구현**이다
13:48:15  [LADDER]   필요 부품: 로우사이드 MOSFET 스위치(예: 2N7000/AO3400 + 10k)
13:48:15  [LADDER]   대신 4단 조치를 60초 백오프로 되풀이한다(종착역)
13:48:15  [AT] "AT+CIFSR" (8)
13:48:15  [AT] "busy p..." (9)
13:48:15  [NET] busy — ESP 가 앞 명령을 처리 중이다. 전진하지 않는다
13:48:16  [NET] 3 CIFSR (IP 를 실제로 받았는가)
13:48:16  [AT] "AT+CIFSR" (8)
13:48:16  [AT] "busy p..." (9)
13:48:16  [NET] busy — ESP 가 앞 명령을 처리 중이다. 전진하지 않는다
13:48:17  [DIAG] offline step=3 사다리=5/62 rx=53592 lines=3287 up=1629s
13:48:18  [NET] 3 CIFSR (IP 를 실제로 받았는가)
13:48:18  [AT] "AT+CIFSR" (8)
13:48:18  [AT] "busy p..." (9)
13:48:18  [NET] busy — ESP 가 앞 명령을 처리 중이다. 전진하지 않는다
13:48:19  [NET] 3 CIFSR (IP 를 실제로 받았는가)
13:48:19  [NET] CIFSR 3회 소진 — 그러나 busy 거부였다. IP 소실로 세지 않는다
13:48:19  [NET] CIFSR 3회에도 IP 가 없다 → CWJAP 부터 다시
13:48:19  [LADDER] 실패(CWJAP FAIL) CWJAP소요 340s · 연속 0회 · 결합유지 없음 · 현재 5단(62회 누적)
13:48:19  [LADDER] ⚠5단 미실행: 전원 재투입은 **부품 미보유로 미구현**이다
13:48:19  [LADDER]   필요 부품: 로우사이드 MOSFET 스위치(예: 2N7000/AO3400 + 10k)
13:48:19  [LADDER]   대신 4단 조치를 60초 백오프로 되풀이한다(종착역)
13:48:19  [AT] "AT+CIFSR" (8)
13:48:19  [AT] "busy p..." (9)
13:48:19  [NET] busy — ESP 가 앞 명령을 처리 중이다. 전진하지 않는다
13:48:20  [DIAG] offline step=3 사다리=5/63 rx=53636 lines=3291 up=1632s
13:48:21  [NET] 3 CIFSR (IP 를 실제로 받았는가)
13:48:21  [AT] "AT+CIFSR" (8)
13:48:21  [AT] "busy p..." (9)
13:48:21  [NET] busy — ESP 가 앞 명령을 처리 중이다. 전진하지 않는다
13:48:22  [NET] 3 CIFSR (IP 를 실제로 받았는가)
13:48:22  [AT] "AT+CIFSR" (8)
13:48:22  [AT] "busy p..." (9)
13:48:22  [NET] busy — ESP 가 앞 명령을 처리 중이다. 전진하지 않는다
13:48:23  [DIAG] offline step=3 사다리=5/63 rx=53680 lines=3295 up=1635s
13:48:24  [NET] 3 CIFSR (IP 를 실제로 받았는가)
13:48:24  [NET] CIFSR 3회 소진 — 그러나 busy 거부였다. IP 소실로 세지 않는다
13:48:24  [NET] CIFSR 3회에도 IP 가 없다 → CWJAP 부터 다시
13:48:24  [LADDER] 실패(CWJAP FAIL) CWJAP소요 345s · 연속 0회 · 결합유지 없음 · 현재 5단(63회 누적)
13:48:24  [LADDER] ⚠5단 미실행: 전원 재투입은 **부품 미보유로 미구현**이다
13:48:24  [LADDER]   필요 부품: 로우사이드 MOSFET 스위치(예: 2N7000/AO3400 + 10k)
13:48:24  [LADDER]   대신 4단 조치를 60초 백오프로 되풀이한다(종착역)
13:48:24  [AT] "AT+CIFSR" (8)
13:48:24  [AT] "busy p..." (9)
13:48:24  [NET] busy — ESP 가 앞 명령을 처리 중이다. 전진하지 않는다
13:48:25  [NET] 3 CIFSR (IP 를 실제로 받았는가)
13:48:25  [AT] "AT+CIFSR" (8)
13:48:25  [AT] "busy p..." (9)
13:48:25  [NET] busy — ESP 가 앞 명령을 처리 중이다. 전진하지 않는다
13:48:26  [DIAG] offline step=3 사다리=5/64 rx=53724 lines=3299 up=1638s
13:48:27  [NET] 3 CIFSR (IP 를 실제로 받았는가)
13:48:27  [AT] "AT+CIFSR" (8)
13:48:27  [AT] "busy p..." (9)
13:48:27  [NET] busy — ESP 가 앞 명령을 처리 중이다. 전진하지 않는다
13:48:29  [NET] 3 CIFSR (IP 를 실제로 받았는가)
13:48:29  [NET] CIFSR 3회 소진 — 그러나 busy 거부였다. IP 소실로 세지 않는다
13:48:29  [NET] CIFSR 3회에도 IP 가 없다 → CWJAP 부터 다시
13:48:29  [LADDER] 실패(CWJAP FAIL) CWJAP소요 349s · 연속 0회 · 결합유지 없음 · 현재 5단(64회 누적)
13:48:29  [LADDER] ⚠5단 미실행: 전원 재투입은 **부품 미보유로 미구현**이다
13:48:29  [LADDER]   필요 부품: 로우사이드 MOSFET 스위치(예: 2N7000/AO3400 + 10k)
13:48:29  [LADDER]   대신 4단 조치를 60초 백오프로 되풀이한다(종착역)
13:48:29  [AT] "AT+CIFSR" (8)
13:48:29  [AT] "busy p..." (9)
13:48:29  [NET] busy — ESP 가 앞 명령을 처리 중이다. 전진하지 않는다
13:48:29  [DIAG] offline step=3 사다리=5/65 rx=53768 lines=3303 up=1641s
13:48:30  [NET] 3 CIFSR (IP 를 실제로 받았는가)
13:48:30  [AT] "AT+CIFSR" (8)
13:48:30  [AT] "busy p..." (9)
13:48:30  [NET] busy — ESP 가 앞 명령을 처리 중이다. 전진하지 않는다
13:48:32  [NET] 3 CIFSR (IP 를 실제로 받았는가)
13:48:32  [AT] "AT+CIFSR" (8)
13:48:32  [AT] "busy p..." (9)
13:48:32  [NET] busy — ESP 가 앞 명령을 처리 중이다. 전진하지 않는다
13:48:32  [DIAG] offline step=3 사다리=5/65 rx=53812 lines=3307 up=1644s
13:48:33  [NET] 3 CIFSR (IP 를 실제로 받았는가)
13:48:33  [NET] CIFSR 3회 소진 — 그러나 busy 거부였다. IP 소실로 세지 않는다
13:48:33  [NET] CIFSR 3회에도 IP 가 없다 → CWJAP 부터 다시
13:48:33  [LADDER] 실패(CWJAP FAIL) CWJAP소요 354s · 연속 0회 · 결합유지 없음 · 현재 5단(65회 누적)
13:48:33  [LADDER] ⚠5단 미실행: 전원 재투입은 **부품 미보유로 미구현**이다
13:48:33  [LADDER]   필요 부품: 로우사이드 MOSFET 스위치(예: 2N7000/AO3400 + 10k)
13:48:33  [LADDER]   대신 4단 조치를 60초 백오프로 되풀이한다(종착역)
13:48:33  [AT] "AT+CIFSR" (8)
13:48:33  [AT] "busy p..." (9)
13:48:33  [NET] busy — ESP 가 앞 명령을 처리 중이다. 전진하지 않는다
13:48:35  [NET] 3 CIFSR (IP 를 실제로 받았는가)
13:48:35  [AT] "AT+CIFSR" (8)
13:48:35  [AT] "busy p..." (9)
13:48:35  [NET] busy — ESP 가 앞 명령을 처리 중이다. 전진하지 않는다
13:48:35  [DIAG] offline step=3 사다리=5/66 rx=53856 lines=3311 up=1647s
13:48:36  [NET] 3 CIFSR (IP 를 실제로 받았는가)
13:48:36  [AT] "AT+CIFSR" (8)
13:48:36  [AT] "busy p..." (9)
13:48:36  [NET] busy — ESP 가 앞 명령을 처리 중이다. 전진하지 않는다
13:48:38  [DIAG] offline step=3 사다리=5/66 rx=53878 lines=3313 up=1650s
13:48:38  [NET] 3 CIFSR (IP 를 실제로 받았는가)
13:48:38  [NET] CIFSR 3회 소진 — 그러나 busy 거부였다. IP 소실로 세지 않는다
13:48:38  [NET] CIFSR 3회에도 IP 가 없다 → CWJAP 부터 다시
13:48:38  [LADDER] 실패(CWJAP FAIL) CWJAP소요 359s · 연속 0회 · 결합유지 없음 · 현재 5단(66회 누적)
13:48:38  [LADDER] ⚠5단 미실행: 전원 재투입은 **부품 미보유로 미구현**이다
13:48:38  [LADDER]   필요 부품: 로우사이드 MOSFET 스위치(예: 2N7000/AO3400 + 10k)
13:48:38  [LADDER]   대신 4단 조치를 60초 백오프로 되풀이한다(종착역)
13:48:38  [AT] "AT+CIFSR" (8)
13:48:38  [AT] "busy p..." (9)
13:48:38  [NET] busy — ESP 가 앞 명령을 처리 중이다. 전진하지 않는다
13:48:39  [NET] 3 CIFSR (IP 를 실제로 받았는가)
13:48:39  [AT] "AT+CIFSR" (8)
13:48:39  [AT] "busy p..." (9)
13:48:39  [NET] busy — ESP 가 앞 명령을 처리 중이다. 전진하지 않는다
13:48:41  [DIAG] offline step=3 사다리=5/67 rx=53922 lines=3317 up=1653s
13:48:41  [NET] 3 CIFSR (IP 를 실제로 받았는가)
13:48:41  [AT] "AT+CIFSR" (8)
13:48:41  [AT] "busy p..." (9)
13:48:41  [NET] busy — ESP 가 앞 명령을 처리 중이다. 전진하지 않는다
13:48:42  [NET] 3 CIFSR (IP 를 실제로 받았는가)
13:48:42  [NET] CIFSR 3회 소진 — 그러나 busy 거부였다. IP 소실로 세지 않는다
13:48:42  [NET] CIFSR 3회에도 IP 가 없다 → CWJAP 부터 다시
13:48:42  [LADDER] 실패(CWJAP FAIL) CWJAP소요 363s · 연속 0회 · 결합유지 없음 · 현재 5단(67회 누적)
13:48:43  [LADDER] ⚠5단 미실행: 전원 재투입은 **부품 미보유로 미구현**이다
13:48:43  [LADDER]   필요 부품: 로우사이드 MOSFET 스위치(예: 2N7000/AO3400 + 10k)
13:48:43  [LADDER]   대신 4단 조치를 60초 백오프로 되풀이한다(종착역)
13:48:43  [AT] "AT+CIFSR" (8)
13:48:43  [AT] "busy p..." (9)
13:48:43  [NET] busy — ESP 가 앞 명령을 처리 중이다. 전진하지 않는다
13:48:44  [DIAG] offline step=3 사다리=5/68 rx=53966 lines=3321 up=1656s
13:48:44  [NET] 3 CIFSR (IP 를 실제로 받았는가)
13:48:44  [AT] "AT+CIFSR" (8)
13:48:44  [AT] "busy p..." (9)
13:48:44  [NET] busy — ESP 가 앞 명령을 처리 중이다. 전진하지 않는다
13:48:46  [NET] 3 CIFSR (IP 를 실제로 받았는가)
13:48:46  [AT] "AT+CIFSR" (8)
13:48:46  [AT] "busy p..." (9)
13:48:46  [NET] busy — ESP 가 앞 명령을 처리 중이다. 전진하지 않는다
13:48:47  [DIAG] offline step=3 사다리=5/68 rx=54010 lines=3325 up=1659s
13:48:47  [NET] 3 CIFSR (IP 를 실제로 받았는가)
13:48:47  [NET] CIFSR 3회 소진 — 그러나 busy 거부였다. IP 소실로 세지 않는다
13:48:47  [NET] CIFSR 3회에도 IP 가 없다 → CWJAP 부터 다시
13:48:47  [LADDER] 실패(CWJAP FAIL) CWJAP소요 368s · 연속 0회 · 결합유지 없음 · 현재 5단(68회 누적)
13:48:47  [LADDER] ⚠5단 미실행: 전원 재투입은 **부품 미보유로 미구현**이다
13:48:47  [LADDER]   필요 부품: 로우사이드 MOSFET 스위치(예: 2N7000/AO3400 + 10k)
13:48:47  [LADDER]   대신 4단 조치를 60초 백오프로 되풀이한다(종착역)
13:48:47  [AT] "AT+CIFSR" (8)
13:48:47  [AT] "busy p..." (9)
13:48:47  [NET] busy — ESP 가 앞 명령을 처리 중이다. 전진하지 않는다
13:48:49  [NET] 3 CIFSR (IP 를 실제로 받았는가)
13:48:49  [AT] "AT+CIFSR" (8)
13:48:49  [AT] "busy p..." (9)
13:48:49  [NET] busy — ESP 가 앞 명령을 처리 중이다. 전진하지 않는다
13:48:50  [DIAG] offline step=3 사다리=5/69 rx=54054 lines=3329 up=1662s
13:48:50  [NET] 3 CIFSR (IP 를 실제로 받았는가)
13:48:50  [AT] "AT+CIFSR" (8)
13:48:50  [AT] "busy p..." (9)
13:48:50  [NET] busy — ESP 가 앞 명령을 처리 중이다. 전진하지 않는다
13:48:52  [NET] 3 CIFSR (IP 를 실제로 받았는가)
13:48:52  [NET] CIFSR 3회 소진 — 그러나 busy 거부였다. IP 소실로 세지 않는다
13:48:52  [NET] CIFSR 3회에도 IP 가 없다 → CWJAP 부터 다시
13:48:52  [LADDER] 실패(CWJAP FAIL) CWJAP소요 373s · 연속 0회 · 결합유지 없음 · 현재 5단(69회 누적)
13:48:52  [LADDER] ⚠5단 미실행: 전원 재투입은 **부품 미보유로 미구현**이다
13:48:52  [LADDER]   필요 부품: 로우사이드 MOSFET 스위치(예: 2N7000/AO3400 + 10k)
13:48:52  [LADDER]   대신 4단 조치를 60초 백오프로 되풀이한다(종착역)
13:48:52  [AT] "AT+CIFSR" (8)
13:48:52  [AT] "busy p..." (9)
13:48:52  [NET] busy — ESP 가 앞 명령을 처리 중이다. 전진하지 않는다
13:48:53  [DIAG] offline step=3 사다리=5/70 rx=54098 lines=3333 up=1665s
13:48:53  [NET] 3 CIFSR (IP 를 실제로 받았는가)
13:48:53  [AT] "AT+CIFSR" (8)
13:48:53  [AT] "busy p..." (9)
13:48:53  [NET] busy — ESP 가 앞 명령을 처리 중이다. 전진하지 않는다
13:48:55  [NET] 3 CIFSR (IP 를 실제로 받았는가)
13:48:55  [AT] "AT+CIFSR" (8)
13:48:55  [AT] "busy p..." (9)
13:48:55  [NET] busy — ESP 가 앞 명령을 처리 중이다. 전진하지 않는다
13:48:56  [DIAG] offline step=3 사다리=5/70 rx=54142 lines=3337 up=1668s
13:48:56  [NET] 3 CIFSR (IP 를 실제로 받았는가)
13:48:56  [NET] CIFSR 3회 소진 — 그러나 busy 거부였다. IP 소실로 세지 않는다
13:48:56  [NET] CIFSR 3회에도 IP 가 없다 → CWJAP 부터 다시
13:48:56  [LADDER] 실패(CWJAP FAIL) CWJAP소요 377s · 연속 0회 · 결합유지 없음 · 현재 5단(70회 누적)
13:48:56  [LADDER] ⚠5단 미실행: 전원 재투입은 **부품 미보유로 미구현**이다
13:48:56  [LADDER]   필요 부품: 로우사이드 MOSFET 스위치(예: 2N7000/AO3400 + 10k)
13:48:56  [LADDER]   대신 4단 조치를 60초 백오프로 되풀이한다(종착역)
13:48:56  [AT] "AT+CIFSR" (8)
13:48:56  [AT] "busy p..." (9)
13:48:56  [NET] busy — ESP 가 앞 명령을 처리 중이다. 전진하지 않는다
13:48:58  [NET] 3 CIFSR (IP 를 실제로 받았는가)
13:48:58  [AT] "AT+CIFSR" (8)
13:48:58  [AT] "busy p..." (9)
13:48:58  [NET] busy — ESP 가 앞 명령을 처리 중이다. 전진하지 않는다
13:48:59  [DIAG] offline step=3 사다리=5/71 rx=54186 lines=3341 up=1671s
13:49:00  [NET] 3 CIFSR (IP 를 실제로 받았는가)
13:49:00  [AT] "AT+CIFSR" (8)
13:49:00  [AT] "busy p..." (9)
13:49:00  [NET] busy — ESP 가 앞 명령을 처리 중이다. 전진하지 않는다
13:49:01  [NET] 3 CIFSR (IP 를 실제로 받았는가)
13:49:01  [NET] CIFSR 3회 소진 — 그러나 busy 거부였다. IP 소실로 세지 않는다
13:49:01  [NET] CIFSR 3회에도 IP 가 없다 → CWJAP 부터 다시
13:49:01  [LADDER] 실패(CWJAP FAIL) CWJAP소요 382s · 연속 0회 · 결합유지 없음 · 현재 5단(71회 누적)
13:49:01  [LADDER] ⚠5단 미실행: 전원 재투입은 **부품 미보유로 미구현**이다
13:49:01  [LADDER]   필요 부품: 로우사이드 MOSFET 스위치(예: 2N7000/AO3400 + 10k)
13:49:01  [LADDER]   대신 4단 조치를 60초 백오프로 되풀이한다(종착역)
13:49:01  [AT] "AT+CIFSR" (8)
13:49:01  [AT] "busy p..." (9)
13:49:01  [NET] busy — ESP 가 앞 명령을 처리 중이다. 전진하지 않는다
13:49:02  [DIAG] offline step=3 사다리=5/72 rx=54230 lines=3345 up=1674s
13:49:03  [NET] 3 CIFSR (IP 를 실제로 받았는가)
13:49:03  [AT] "AT+CIFSR" (8)
13:49:03  [AT] "busy p..." (9)
13:49:03  [NET] busy — ESP 가 앞 명령을 처리 중이다. 전진하지 않는다
13:49:04  [NET] 3 CIFSR (IP 를 실제로 받았는가)
13:49:04  [AT] "AT+CIFSR" (8)
13:49:04  [AT] "busy p..." (9)
13:49:04  [NET] busy — ESP 가 앞 명령을 처리 중이다. 전진하지 않는다
13:49:05  [DIAG] offline step=3 사다리=5/72 rx=54274 lines=3349 up=1677s
13:49:06  [NET] 3 CIFSR (IP 를 실제로 받았는가)
13:49:06  [NET] CIFSR 3회 소진 — 그러나 busy 거부였다. IP 소실로 세지 않는다
13:49:06  [NET] CIFSR 3회에도 IP 가 없다 → CWJAP 부터 다시
13:49:06  [LADDER] 실패(CWJAP FAIL) CWJAP소요 387s · 연속 0회 · 결합유지 없음 · 현재 5단(72회 누적)
13:49:06  [LADDER] ⚠5단 미실행: 전원 재투입은 **부품 미보유로 미구현**이다
13:49:06  [LADDER]   필요 부품: 로우사이드 MOSFET 스위치(예: 2N7000/AO3400 + 10k)
13:49:06  [LADDER]   대신 4단 조치를 60초 백오프로 되풀이한다(종착역)
13:49:06  [AT] "AT+CIFSR" (8)
13:49:06  [AT] "busy p..." (9)
13:49:06  [NET] busy — ESP 가 앞 명령을 처리 중이다. 전진하지 않는다
13:49:07  [CNT] up=1680 drop=1 esprst=9 resync=0 sendfail=0 okto=5 stuck=1 ackq=0 ackdrop=0 ackstale=0 slot=1400 oow=0 smiss=6 ssovf=0 cksumng=0 okstream=906 penddrop=0 pendfill=908 bigfill=7 bigdrop=0 bigokst=6 oklost=0 bigoklost=0 skip=34 online=0
13:49:07  [RAM] 최저 여유 617 B · 프롬프트 재동기 0회 (서버의 '버린줄' 과 맞아야 한다)
13:49:07  [NET] 3 CIFSR (IP 를 실제로 받았는가)
13:49:07  [AT] "AT+CIFSR" (8)
13:49:07  [AT] "busy p..." (9)
13:49:07  [NET] busy — ESP 가 앞 명령을 처리 중이다. 전진하지 않는다
13:49:08  [DIAG] offline step=3 사다리=5/73 rx=54318 lines=3353 up=1680s
13:49:09  «tap» 살아있음 — 최근 60초 rx=14840B (이 줄이 끊기면 탭이 죽은 것이다)
13:49:09  [NET] 3 CIFSR (IP 를 실제로 받았는가)
13:49:09  [AT] "AT+CIFSR" (8)
13:49:09  [AT] "busy p..." (9)
13:49:09  [NET] busy — ESP 가 앞 명령을 처리 중이다. 전진하지 않는다
13:49:10  [NET] 3 CIFSR (IP 를 실제로 받았는가)
13:49:10  [NET] CIFSR 3회 소진 — 그러나 busy 거부였다. IP 소실로 세지 않는다
13:49:10  [NET] CIFSR 3회에도 IP 가 없다 → CWJAP 부터 다시
13:49:10  [LADDER] 실패(CWJAP FAIL) CWJAP소요 391s · 연속 0회 · 결합유지 없음 · 현재 5단(73회 누적)
13:49:10  [LADDER] ⚠5단 미실행: 전원 재투입은 **부품 미보유로 미구현**이다
13:49:10  [LADDER]   필요 부품: 로우사이드 MOSFET 스위치(예: 2N7000/AO3400 + 10k)
13:49:10  [LADDER]   대신 4단 조치를 60초 백오프로 되풀이한다(종착역)
13:49:10  [AT] "AT+CIFSR" (8)
13:49:10  [AT] "busy p..." (9)
13:49:10  [NET] busy — ESP 가 앞 명령을 처리 중이다. 전진하지 않는다
13:49:11  [DIAG] offline step=3 사다리=5/74 rx=54362 lines=3357 up=1683s
13:49:12  [NET] 3 CIFSR (IP 를 실제로 받았는가)
13:49:12  [AT] "AT+CIFSR" (8)
13:49:12  [AT] "busy p..." (9)
13:49:12  [NET] busy — ESP 가 앞 명령을 처리 중이다. 전진하지 않는다
13:49:14  [NET] 3 CIFSR (IP 를 실제로 받았는가)
13:49:14  [AT] "AT+CIFSR" (8)
13:49:14  [AT] "busy p..." (9)
13:49:14  [NET] busy — ESP 가 앞 명령을 처리 중이다. 전진하지 않는다
13:49:14  [DIAG] offline step=3 사다리=5/74 rx=54406 lines=3361 up=1686s
13:49:15  [NET] 3 CIFSR (IP 를 실제로 받았는가)
13:49:15  [NET] CIFSR 3회 소진 — 그러나 busy 거부였다. IP 소실로 세지 않는다
13:49:15  [NET] CIFSR 3회에도 IP 가 없다 → CWJAP 부터 다시
13:49:15  [LADDER] 실패(CWJAP FAIL) CWJAP소요 396s · 연속 0회 · 결합유지 없음 · 현재 5단(74회 누적)
13:49:15  [LADDER] ⚠5단 미실행: 전원 재투입은 **부품 미보유로 미구현**이다
13:49:15  [LADDER]   필요 부품: 로우사이드 MOSFET 스위치(예: 2N7000/AO3400 + 10k)
13:49:15  [LADDER]   대신 4단 조치를 60초 백오프로 되풀이한다(종착역)
13:49:15  [AT] "AT+CIFSR" (8)
13:49:15  [AT] "busy p..." (9)
13:49:15  [NET] busy — ESP 가 앞 명령을 처리 중이다. 전진하지 않는다
13:49:17  [NET] 3 CIFSR (IP 를 실제로 받았는가)
13:49:17  [AT] "AT+CIFSR" (8)
13:49:17  [AT] "busy p..." (9)
13:49:17  [NET] busy — ESP 가 앞 명령을 처리 중이다. 전진하지 않는다
13:49:17  [DIAG] offline step=3 사다리=5/75 rx=54450 lines=3365 up=1689s
13:49:18  [NET] 3 CIFSR (IP 를 실제로 받았는가)
13:49:18  [AT] "AT+CIFSR" (8)
13:49:18  [AT] "busy p..." (9)
13:49:18  [NET] busy — ESP 가 앞 명령을 처리 중이다. 전진하지 않는다
13:49:20  [NET] 3 CIFSR (IP 를 실제로 받았는가)
13:49:20  [NET] CIFSR 3회 소진 — 그러나 busy 거부였다. IP 소실로 세지 않는다
13:49:20  [NET] CIFSR 3회에도 IP 가 없다 → CWJAP 부터 다시
13:49:20  [LADDER] 실패(CWJAP FAIL) CWJAP소요 401s · 연속 0회 · 결합유지 없음 · 현재 5단(75회 누적)
13:49:20  [LADDER] ⚠5단 미실행: 전원 재투입은 **부품 미보유로 미구현**이다
13:49:20  [LADDER]   필요 부품: 로우사이드 MOSFET 스위치(예: 2N7000/AO3400 + 10k)
13:49:20  [LADDER]   대신 4단 조치를 60초 백오프로 되풀이한다(종착역)
13:49:20  [AT] "AT+CIFSR" (8)
13:49:20  [AT] "busy p..." (9)
13:49:20  [NET] busy — ESP 가 앞 명령을 처리 중이다. 전진하지 않는다
13:49:20  [DIAG] offline step=3 사다리=5/76 rx=54494 lines=3369 up=1692s
13:49:21  [NET] 3 CIFSR (IP 를 실제로 받았는가)
13:49:21  [AT] "AT+CIFSR" (8)
13:49:21  [AT] "busy p..." (9)
13:49:21  [NET] busy — ESP 가 앞 명령을 처리 중이다. 전진하지 않는다
13:49:23  [DIAG] offline step=3 사다리=5/76 rx=54516 lines=3371 up=1695s
13:49:23  [NET] 3 CIFSR (IP 를 실제로 받았는가)
13:49:23  [AT] "AT+CIFSR" (8)
13:49:23  [AT] "busy p..." (9)
13:49:23  [NET] busy — ESP 가 앞 명령을 처리 중이다. 전진하지 않는다
13:49:24  [NET] 3 CIFSR (IP 를 실제로 받았는가)
13:49:24  [NET] CIFSR 3회 소진 — 그러나 busy 거부였다. IP 소실로 세지 않는다
13:49:24  [NET] CIFSR 3회에도 IP 가 없다 → CWJAP 부터 다시
13:49:24  [LADDER] 실패(CWJAP FAIL) CWJAP소요 405s · 연속 0회 · 결합유지 없음 · 현재 5단(76회 누적)
13:49:24  [LADDER] ⚠5단 미실행: 전원 재투입은 **부품 미보유로 미구현**이다
13:49:24  [LADDER]   필요 부품: 로우사이드 MOSFET 스위치(예: 2N7000/AO3400 + 10k)
13:49:24  [LADDER]   대신 4단 조치를 60초 백오프로 되풀이한다(종착역)
13:49:24  [AT] "AT+CIFSR" (8)
13:49:24  [AT] "busy p..." (9)
13:49:24  [NET] busy — ESP 가 앞 명령을 처리 중이다. 전진하지 않는다
13:49:26  [DIAG] offline step=3 사다리=5/77 rx=54560 lines=3375 up=1698s
13:49:26  [NET] 3 CIFSR (IP 를 실제로 받았는가)
13:49:26  [AT] "AT+CIFSR" (8)
13:49:26  [AT] "busy p..." (9)
13:49:26  [NET] busy — ESP 가 앞 명령을 처리 중이다. 전진하지 않는다
13:49:27  [NET] 3 CIFSR (IP 를 실제로 받았는가)
13:49:27  [AT] "AT+CIFSR" (8)
13:49:27  [AT] "busy p..." (9)
13:49:27  [NET] busy — ESP 가 앞 명령을 처리 중이다. 전진하지 않는다
13:49:29  [DIAG] offline step=3 사다리=5/77 rx=54604 lines=3379 up=1701s
13:49:29  [NET] 3 CIFSR (IP 를 실제로 받았는가)
13:49:29  [NET] CIFSR 3회 소진 — 그러나 busy 거부였다. IP 소실로 세지 않는다
13:49:29  [NET] CIFSR 3회에도 IP 가 없다 → CWJAP 부터 다시
13:49:29  [LADDER] 실패(CWJAP FAIL) CWJAP소요 410s · 연속 0회 · 결합유지 없음 · 현재 5단(77회 누적)
13:49:29  [LADDER] ⚠5단 미실행: 전원 재투입은 **부품 미보유로 미구현**이다
13:49:29  [LADDER]   필요 부품: 로우사이드 MOSFET 스위치(예: 2N7000/AO3400 + 10k)
13:49:29  [LADDER]   대신 4단 조치를 60초 백오프로 되풀이한다(종착역)
13:49:29  [AT] "AT+CIFSR" (8)
13:49:29  [AT] "busy p..." (9)
13:49:29  [NET] busy — ESP 가 앞 명령을 처리 중이다. 전진하지 않는다
13:49:31  [NET] 3 CIFSR (IP 를 실제로 받았는가)
13:49:31  [AT] "AT+CIFSR" (8)
13:49:31  [AT] "busy p..." (9)
13:49:31  [NET] busy — ESP 가 앞 명령을 처리 중이다. 전진하지 않는다
13:49:32  [DIAG] offline step=3 사다리=5/78 rx=54648 lines=3383 up=1704s
13:49:32  [NET] 3 CIFSR (IP 를 실제로 받았는가)
13:49:32  [AT] "AT+CIFSR" (8)
13:49:32  [AT] "busy p..." (9)
13:49:32  [NET] busy — ESP 가 앞 명령을 처리 중이다. 전진하지 않는다
13:49:34  [NET] 3 CIFSR (IP 를 실제로 받았는가)
13:49:34  [NET] CIFSR 3회 소진 — 그러나 busy 거부였다. IP 소실로 세지 않는다
13:49:34  [NET] CIFSR 3회에도 IP 가 없다 → CWJAP 부터 다시
13:49:34  [LADDER] 실패(CWJAP FAIL) CWJAP소요 415s · 연속 0회 · 결합유지 없음 · 현재 5단(78회 누적)
13:49:34  [LADDER] ⚠5단 미실행: 전원 재투입은 **부품 미보유로 미구현**이다
13:49:34  [LADDER]   필요 부품: 로우사이드 MOSFET 스위치(예: 2N7000/AO3400 + 10k)
13:49:34  [LADDER]   대신 4단 조치를 60초 백오프로 되풀이한다(종착역)
13:49:34  [AT] "AT+CIFSR" (8)
13:49:34  [AT] "busy p..." (9)
13:49:34  [NET] busy — ESP 가 앞 명령을 처리 중이다. 전진하지 않는다
13:49:35  [DIAG] offline step=3 사다리=5/79 rx=54692 lines=3387 up=1707s
13:49:35  [NET] 3 CIFSR (IP 를 실제로 받았는가)
13:49:35  [AT] "AT+CIFSR" (8)
13:49:35  [AT] "busy p..." (9)
13:49:35  [NET] busy — ESP 가 앞 명령을 처리 중이다. 전진하지 않는다
13:49:37  [NET] 3 CIFSR (IP 를 실제로 받았는가)
13:49:37  [AT] "AT+CIFSR" (8)
13:49:37  [AT] "busy p..." (9)
13:49:37  [NET] busy — ESP 가 앞 명령을 처리 중이다. 전진하지 않는다
13:49:38  [DIAG] offline step=3 사다리=5/79 rx=54736 lines=3391 up=1710s
13:49:38  [NET] 3 CIFSR (IP 를 실제로 받았는가)
13:49:38  [NET] CIFSR 3회 소진 — 그러나 busy 거부였다. IP 소실로 세지 않는다
13:49:38  [NET] CIFSR 3회에도 IP 가 없다 → CWJAP 부터 다시
13:49:38  [LADDER] 실패(CWJAP FAIL) CWJAP소요 419s · 연속 0회 · 결합유지 없음 · 현재 5단(79회 누적)
13:49:38  [LADDER] ⚠5단 미실행: 전원 재투입은 **부품 미보유로 미구현**이다
13:49:38  [LADDER]   필요 부품: 로우사이드 MOSFET 스위치(예: 2N7000/AO3400 + 10k)
13:49:38  [LADDER]   대신 4단 조치를 60초 백오프로 되풀이한다(종착역)
13:49:38  [AT] "AT+CIFSR" (8)
13:49:38  [AT] "busy p..." (9)
13:49:38  [NET] busy — ESP 가 앞 명령을 처리 중이다. 전진하지 않는다
13:49:40  [NET] 3 CIFSR (IP 를 실제로 받았는가)
13:49:40  [AT] "AT+CIFSR" (8)
13:49:40  [AT] "busy p..." (9)
13:49:40  [NET] busy — ESP 가 앞 명령을 처리 중이다. 전진하지 않는다
13:49:41  [DIAG] offline step=3 사다리=5/80 rx=54780 lines=3395 up=1713s
13:49:41  [NET] 3 CIFSR (IP 를 실제로 받았는가)
13:49:41  [AT] "AT+CIFSR" (8)
13:49:41  [AT] "busy p..." (9)
13:49:41  [NET] busy — ESP 가 앞 명령을 처리 중이다. 전진하지 않는다
13:49:43  [NET] 3 CIFSR (IP 를 실제로 받았는가)
13:49:43  [NET] CIFSR 3회 소진 — 그러나 busy 거부였다. IP 소실로 세지 않는다
13:49:43  [NET] CIFSR 3회에도 IP 가 없다 → CWJAP 부터 다시
13:49:43  [LADDER] 실패(CWJAP FAIL) CWJAP소요 424s · 연속 0회 · 결합유지 없음 · 현재 5단(80회 누적)
13:49:43  [LADDER] ⚠5단 미실행: 전원 재투입은 **부품 미보유로 미구현**이다
13:49:43  [LADDER]   필요 부품: 로우사이드 MOSFET 스위치(예: 2N7000/AO3400 + 10k)
13:49:43  [LADDER]   대신 4단 조치를 60초 백오프로 되풀이한다(종착역)
13:49:43  [AT] "AT+CIFSR" (8)
13:49:43  [AT] "busy p..." (9)
13:49:43  [NET] busy — ESP 가 앞 명령을 처리 중이다. 전진하지 않는다
13:49:44  [DIAG] offline step=3 사다리=5/81 rx=54824 lines=3399 up=1716s
13:49:45  [NET] 3 CIFSR (IP 를 실제로 받았는가)
13:49:45  [AT] "AT+CIFSR" (8)
13:49:45  [AT] "busy p..." (9)
13:49:45  [NET] busy — ESP 가 앞 명령을 처리 중이다. 전진하지 않는다
13:49:46  [NET] 3 CIFSR (IP 를 실제로 받았는가)
13:49:46  [AT] "AT+CIFSR" (8)
13:49:46  [AT] "busy p..." (9)
13:49:46  [NET] busy — ESP 가 앞 명령을 처리 중이다. 전진하지 않는다
13:49:47  [DIAG] offline step=3 사다리=5/81 rx=54868 lines=3403 up=1719s
13:49:48  [NET] 3 CIFSR (IP 를 실제로 받았는가)
13:49:48  [NET] CIFSR 3회 소진 — 그러나 busy 거부였다. IP 소실로 세지 않는다
13:49:48  [NET] CIFSR 3회에도 IP 가 없다 → CWJAP 부터 다시
13:49:48  [LADDER] 실패(CWJAP FAIL) CWJAP소요 429s · 연속 0회 · 결합유지 없음 · 현재 5단(81회 누적)
13:49:48  [LADDER] ⚠5단 미실행: 전원 재투입은 **부품 미보유로 미구현**이다
13:49:48  [LADDER]   필요 부품: 로우사이드 MOSFET 스위치(예: 2N7000/AO3400 + 10k)
13:49:48  [LADDER]   대신 4단 조치를 60초 백오프로 되풀이한다(종착역)
13:49:48  [AT] "AT+CIFSR" (8)
13:49:48  [AT] "busy p..." (9)
13:49:48  [NET] busy — ESP 가 앞 명령을 처리 중이다. 전진하지 않는다
13:49:49  [NET] 3 CIFSR (IP 를 실제로 받았는가)
13:49:49  [AT] "AT+CIFSR" (8)
13:49:49  [AT] "busy p..." (9)
13:49:49  [NET] busy — ESP 가 앞 명령을 처리 중이다. 전진하지 않는다
13:49:50  [DIAG] offline step=3 사다리=5/82 rx=54912 lines=3407 up=1722s
13:49:51  [NET] 3 CIFSR (IP 를 실제로 받았는가)
13:49:51  [AT] "AT+CIFSR" (8)
13:49:51  [AT] "busy p..." (9)
13:49:51  [NET] busy — ESP 가 앞 명령을 처리 중이다. 전진하지 않는다
13:49:52  [NET] 3 CIFSR (IP 를 실제로 받았는가)
13:49:52  [NET] CIFSR 3회 소진 — 그러나 busy 거부였다. IP 소실로 세지 않는다
13:49:52  [NET] CIFSR 3회에도 IP 가 없다 → CWJAP 부터 다시
13:49:52  [LADDER] 실패(CWJAP FAIL) CWJAP소요 433s · 연속 0회 · 결합유지 없음 · 현재 5단(82회 누적)
13:49:52  [LADDER] ⚠5단 미실행: 전원 재투입은 **부품 미보유로 미구현**이다
13:49:52  [LADDER]   필요 부품: 로우사이드 MOSFET 스위치(예: 2N7000/AO3400 + 10k)
13:49:52  [LADDER]   대신 4단 조치를 60초 백오프로 되풀이한다(종착역)
13:49:52  [AT] "AT+CIFSR" (8)
13:49:52  [AT] "busy p..." (9)
13:49:52  [NET] busy — ESP 가 앞 명령을 처리 중이다. 전진하지 않는다
13:49:53  [DIAG] offline step=3 사다리=5/83 rx=54956 lines=3411 up=1725s
13:49:54  [NET] 3 CIFSR (IP 를 실제로 받았는가)
13:49:54  [AT] "AT+CIFSR" (8)
13:49:54  [AT] "busy p..." (9)
13:49:54  [NET] busy — ESP 가 앞 명령을 처리 중이다. 전진하지 않는다
13:49:55  [NET] 3 CIFSR (IP 를 실제로 받았는가)
13:49:55  [AT] "AT+CIFSR" (8)
13:49:55  [AT] "busy p..." (9)
13:49:55  [NET] busy — ESP 가 앞 명령을 처리 중이다. 전진하지 않는다
13:49:56  [DIAG] offline step=3 사다리=5/83 rx=55000 lines=3415 up=1728s
13:49:57  [NET] 3 CIFSR (IP 를 실제로 받았는가)
13:49:57  [NET] CIFSR 3회 소진 — 그러나 busy 거부였다. IP 소실로 세지 않는다
13:49:57  [NET] CIFSR 3회에도 IP 가 없다 → CWJAP 부터 다시
13:49:57  [LADDER] 실패(CWJAP FAIL) CWJAP소요 438s · 연속 0회 · 결합유지 없음 · 현재 5단(83회 누적)
13:49:57  [LADDER] ⚠5단 미실행: 전원 재투입은 **부품 미보유로 미구현**이다
13:49:57  [LADDER]   필요 부품: 로우사이드 MOSFET 스위치(예: 2N7000/AO3400 + 10k)
13:49:57  [LADDER]   대신 4단 조치를 60초 백오프로 되풀이한다(종착역)
13:49:57  [AT] "AT+CIFSR" (8)
13:49:57  [AT] "busy p..." (9)
13:49:57  [NET] busy — ESP 가 앞 명령을 처리 중이다. 전진하지 않는다
13:49:59  [NET] 3 CIFSR (IP 를 실제로 받았는가)
13:49:59  [AT] "AT+CIFSR" (8)
13:49:59  [AT] "busy p..." (9)
13:49:59  [NET] busy — ESP 가 앞 명령을 처리 중이다. 전진하지 않는다
13:49:59  [DIAG] offline step=3 사다리=5/84 rx=55044 lines=3419 up=1731s
13:50:00  [NET] 3 CIFSR (IP 를 실제로 받았는가)
13:50:00  [AT] "AT+CIFSR" (8)
13:50:00  [AT] "busy p..." (9)
13:50:00  [NET] busy — ESP 가 앞 명령을 처리 중이다. 전진하지 않는다
13:50:02  [NET] 3 CIFSR (IP 를 실제로 받았는가)
13:50:02  [NET] CIFSR 3회 소진 — 그러나 busy 거부였다. IP 소실로 세지 않는다
13:50:02  [NET] CIFSR 3회에도 IP 가 없다 → CWJAP 부터 다시
13:50:02  [LADDER] 실패(CWJAP FAIL) CWJAP소요 443s · 연속 0회 · 결합유지 없음 · 현재 5단(84회 누적)
13:50:02  [LADDER] ⚠5단 미실행: 전원 재투입은 **부품 미보유로 미구현**이다
13:50:02  [LADDER]   필요 부품: 로우사이드 MOSFET 스위치(예: 2N7000/AO3400 + 10k)
13:50:02  [LADDER]   대신 4단 조치를 60초 백오프로 되풀이한다(종착역)
13:50:02  [AT] "AT+CIFSR" (8)
13:50:02  [AT] "busy p..." (9)
13:50:02  [NET] busy — ESP 가 앞 명령을 처리 중이다. 전진하지 않는다
13:50:02  [DIAG] offline step=3 사다리=5/85 rx=55088 lines=3423 up=1734s
13:50:03  [NET] 3 CIFSR (IP 를 실제로 받았는가)
13:50:03  [AT] "AT+CIFSR" (8)
13:50:03  [AT] "busy p..." (9)
13:50:03  [NET] busy — ESP 가 앞 명령을 처리 중이다. 전진하지 않는다
13:50:05  [NET] 3 CIFSR (IP 를 실제로 받았는가)
13:50:05  [AT] "AT+CIFSR" (8)
13:50:05  [AT] "busy p..." (9)
13:50:05  [NET] busy — ESP 가 앞 명령을 처리 중이다. 전진하지 않는다
13:50:05  [DIAG] offline step=3 사다리=5/85 rx=55132 lines=3427 up=1737s
13:50:06  [NET] 3 CIFSR (IP 를 실제로 받았는가)
13:50:06  [NET] CIFSR 3회 소진 — 그러나 busy 거부였다. IP 소실로 세지 않는다
13:50:06  [NET] CIFSR 3회에도 IP 가 없다 → CWJAP 부터 다시
13:50:06  [LADDER] 실패(CWJAP FAIL) CWJAP소요 447s · 연속 0회 · 결합유지 없음 · 현재 5단(85회 누적)
13:50:06  [LADDER] ⚠5단 미실행: 전원 재투입은 **부품 미보유로 미구현**이다
13:50:06  [LADDER]   필요 부품: 로우사이드 MOSFET 스위치(예: 2N7000/AO3400 + 10k)
13:50:06  [LADDER]   대신 4단 조치를 60초 백오프로 되풀이한다(종착역)
13:50:06  [AT] "AT+CIFSR" (8)
13:50:06  [AT] "busy p..." (9)
13:50:06  [NET] busy — ESP 가 앞 명령을 처리 중이다. 전진하지 않는다
13:50:07  [CNT] up=1740 drop=1 esprst=9 resync=0 sendfail=0 okto=5 stuck=1 ackq=0 ackdrop=0 ackstale=0 slot=1450 oow=0 smiss=6 ssovf=0 cksumng=0 okstream=906 penddrop=0 pendfill=908 bigfill=7 bigdrop=0 bigokst=6 oklost=0 bigoklost=0 skip=34 online=0
13:50:07  [RAM] 최저 여유 617 B · 프롬프트 재동기 0회 (서버의 '버린줄' 과 맞아야 한다)
13:50:08  [DIAG] offline step=3 사다리=5/86 rx=55154 lines=3429 up=1740s
13:50:08  [NET] 3 CIFSR (IP 를 실제로 받았는가)
13:50:08  [AT] "AT+CIFSR" (8)
13:50:08  [AT] "busy p..." (9)
13:50:08  [NET] busy — ESP 가 앞 명령을 처리 중이다. 전진하지 않는다
13:50:09  «tap» 살아있음 — 최근 60초 rx=15009B (이 줄이 끊기면 탭이 죽은 것이다)
13:50:09  [NET] 3 CIFSR (IP 를 실제로 받았는가)
13:50:09  [AT] "AT+CIFSR" (8)
13:50:09  [AT] "busy p..." (9)
13:50:09  [NET] busy — ESP 가 앞 명령을 처리 중이다. 전진하지 않는다
13:50:11  [DIAG] offline step=3 사다리=5/86 rx=55198 lines=3433 up=1743s
13:50:11  [NET] 3 CIFSR (IP 를 실제로 받았는가)
13:50:11  [NET] CIFSR 3회 소진 — 그러나 busy 거부였다. IP 소실로 세지 않는다
13:50:11  [NET] CIFSR 3회에도 IP 가 없다 → CWJAP 부터 다시
13:50:11  [LADDER] 실패(CWJAP FAIL) CWJAP소요 452s · 연속 0회 · 결합유지 없음 · 현재 5단(86회 누적)
13:50:11  [LADDER] ⚠5단 미실행: 전원 재투입은 **부품 미보유로 미구현**이다
13:50:11  [LADDER]   필요 부품: 로우사이드 MOSFET 스위치(예: 2N7000/AO3400 + 10k)
13:50:11  [LADDER]   대신 4단 조치를 60초 백오프로 되풀이한다(종착역)
13:50:11  [AT] "AT+CIFSR" (8)
13:50:11  [AT] "busy p..." (9)
13:50:11  [NET] busy — ESP 가 앞 명령을 처리 중이다. 전진하지 않는다
13:50:13  [NET] 3 CIFSR (IP 를 실제로 받았는가)
13:50:13  [AT] "AT+CIFSR" (8)
13:50:13  [AT] "busy p..." (9)
13:50:13  [NET] busy — ESP 가 앞 명령을 처리 중이다. 전진하지 않는다
13:50:14  [DIAG] offline step=3 사다리=5/87 rx=55242 lines=3437 up=1746s
13:50:14  [NET] 3 CIFSR (IP 를 실제로 받았는가)
13:50:14  [AT] "AT+CIFSR" (8)
13:50:14  [AT] "busy p..." (9)
13:50:14  [NET] busy — ESP 가 앞 명령을 처리 중이다. 전진하지 않는다
13:50:16  [NET] 3 CIFSR (IP 를 실제로 받았는가)
13:50:16  [NET] CIFSR 3회 소진 — 그러나 busy 거부였다. IP 소실로 세지 않는다
13:50:16  [NET] CIFSR 3회에도 IP 가 없다 → CWJAP 부터 다시
13:50:16  [LADDER] 실패(CWJAP FAIL) CWJAP소요 457s · 연속 0회 · 결합유지 없음 · 현재 5단(87회 누적)
13:50:16  [LADDER] ⚠5단 미실행: 전원 재투입은 **부품 미보유로 미구현**이다
13:50:16  [LADDER]   필요 부품: 로우사이드 MOSFET 스위치(예: 2N7000/AO3400 + 10k)
13:50:16  [LADDER]   대신 4단 조치를 60초 백오프로 되풀이한다(종착역)
13:50:16  [AT] "AT+CIFSR" (8)
13:50:16  [AT] "busy p..." (9)
13:50:16  [NET] busy — ESP 가 앞 명령을 처리 중이다. 전진하지 않는다
13:50:17  [DIAG] offline step=3 사다리=5/88 rx=55286 lines=3441 up=1749s
13:50:17  [NET] 3 CIFSR (IP 를 실제로 받았는가)
13:50:17  [AT] "AT+CIFSR" (8)
13:50:17  [AT] "busy p..." (9)
13:50:17  [NET] busy — ESP 가 앞 명령을 처리 중이다. 전진하지 않는다
13:50:19  [NET] 3 CIFSR (IP 를 실제로 받았는가)
13:50:19  [AT] "AT+CIFSR" (8)
13:50:19  [AT] "busy p..." (9)
13:50:19  [NET] busy — ESP 가 앞 명령을 처리 중이다. 전진하지 않는다
13:50:20  [DIAG] offline step=3 사다리=5/88 rx=55330 lines=3445 up=1752s
13:50:20  [NET] 3 CIFSR (IP 를 실제로 받았는가)
13:50:20  [NET] CIFSR 3회 소진 — 그러나 busy 거부였다. IP 소실로 세지 않는다
13:50:20  [NET] CIFSR 3회에도 IP 가 없다 → CWJAP 부터 다시
13:50:20  [LADDER] 실패(CWJAP FAIL) CWJAP소요 461s · 연속 0회 · 결합유지 없음 · 현재 5단(88회 누적)
13:50:20  [LADDER] ⚠5단 미실행: 전원 재투입은 **부품 미보유로 미구현**이다
13:50:20  [LADDER]   필요 부품: 로우사이드 MOSFET 스위치(예: 2N7000/AO3400 + 10k)
13:50:20  [LADDER]   대신 4단 조치를 60초 백오프로 되풀이한다(종착역)
13:50:20  [AT] "AT+CIFSR" (8)
13:50:20  [AT] "busy p..." (9)
13:50:20  [NET] busy — ESP 가 앞 명령을 처리 중이다. 전진하지 않는다
13:50:22  [NET] 3 CIFSR (IP 를 실제로 받았는가)
13:50:22  [AT] "AT+CIFSR" (8)
13:50:22  [AT] "busy p..." (9)
13:50:22  [NET] busy — ESP 가 앞 명령을 처리 중이다. 전진하지 않는다
13:50:23  [DIAG] offline step=3 사다리=5/89 rx=55374 lines=3449 up=1755s
13:50:23  [NET] 3 CIFSR (IP 를 실제로 받았는가)
13:50:23  [AT] "AT+CIFSR" (8)
13:50:23  [AT] "busy p..." (9)
13:50:23  [NET] busy — ESP 가 앞 명령을 처리 중이다. 전진하지 않는다
13:50:25  [NET] 3 CIFSR (IP 를 실제로 받았는가)
13:50:25  [NET] CIFSR 3회 소진 — 그러나 busy 거부였다. IP 소실로 세지 않는다
13:50:25  [NET] CIFSR 3회에도 IP 가 없다 → CWJAP 부터 다시
13:50:25  [LADDER] 실패(CWJAP FAIL) CWJAP소요 466s · 연속 0회 · 결합유지 없음 · 현재 5단(89회 누적)
13:50:25  [LADDER] ⚠5단 미실행: 전원 재투입은 **부품 미보유로 미구현**이다
13:50:25  [LADDER]   필요 부품: 로우사이드 MOSFET 스위치(예: 2N7000/AO3400 + 10k)
13:50:25  [LADDER]   대신 4단 조치를 60초 백오프로 되풀이한다(종착역)
13:50:25  [AT] "AT+CIFSR" (8)
13:50:25  [AT] "busy p..." (9)
13:50:25  [NET] busy — ESP 가 앞 명령을 처리 중이다. 전진하지 않는다
13:50:26  [DIAG] offline step=3 사다리=5/90 rx=55418 lines=3453 up=1758s
13:50:26  [NET] 3 CIFSR (IP 를 실제로 받았는가)
13:50:26  [AT] "AT+CIFSR" (8)
13:50:26  [AT] "busy p..." (9)
13:50:26  [NET] busy — ESP 가 앞 명령을 처리 중이다. 전진하지 않는다
13:50:28  [NET] 3 CIFSR (IP 를 실제로 받았는가)
13:50:28  [AT] "AT+CIFSR" (8)
13:50:28  [AT] "busy p..." (9)
13:50:28  [NET] busy — ESP 가 앞 명령을 처리 중이다. 전진하지 않는다
13:50:29  [DIAG] offline step=3 사다리=5/90 rx=55462 lines=3457 up=1761s
13:50:30  [NET] 3 CIFSR (IP 를 실제로 받았는가)
13:50:30  [NET] CIFSR 3회 소진 — 그러나 busy 거부였다. IP 소실로 세지 않는다
13:50:30  [NET] CIFSR 3회에도 IP 가 없다 → CWJAP 부터 다시
13:50:30  [LADDER] 실패(CWJAP FAIL) CWJAP소요 471s · 연속 0회 · 결합유지 없음 · 현재 5단(90회 누적)
13:50:30  [LADDER] ⚠5단 미실행: 전원 재투입은 **부품 미보유로 미구현**이다
13:50:30  [LADDER]   필요 부품: 로우사이드 MOSFET 스위치(예: 2N7000/AO3400 + 10k)
13:50:30  [LADDER]   대신 4단 조치를 60초 백오프로 되풀이한다(종착역)
13:50:30  [AT] "AT+CIFSR" (8)
13:50:30  [AT] "busy p..." (9)
13:50:30  [NET] busy — ESP 가 앞 명령을 처리 중이다. 전진하지 않는다
13:50:31  [NET] 3 CIFSR (IP 를 실제로 받았는가)
13:50:31  [AT] "AT+CIFSR" (8)
13:50:31  [AT] "busy p..." (9)
13:50:31  [NET] busy — ESP 가 앞 명령을 처리 중이다. 전진하지 않는다
13:50:32  [DIAG] offline step=3 사다리=5/91 rx=55506 lines=3461 up=1764s
13:50:33  [NET] 3 CIFSR (IP 를 실제로 받았는가)
13:50:33  [AT] "AT+CIFSR" (8)
13:50:33  [AT] "busy p..." (9)
13:50:33  [NET] busy — ESP 가 앞 명령을 처리 중이다. 전진하지 않는다
13:50:34  [NET] 3 CIFSR (IP 를 실제로 받았는가)
13:50:34  [NET] CIFSR 3회 소진 — 그러나 busy 거부였다. IP 소실로 세지 않는다
13:50:34  [NET] CIFSR 3회에도 IP 가 없다 → CWJAP 부터 다시
13:50:34  [LADDER] 실패(CWJAP FAIL) CWJAP소요 475s · 연속 0회 · 결합유지 없음 · 현재 5단(91회 누적)
13:50:34  [LADDER] ⚠5단 미실행: 전원 재투입은 **부품 미보유로 미구현**이다
13:50:34  [LADDER]   필요 부품: 로우사이드 MOSFET 스위치(예: 2N7000/AO3400 + 10k)
13:50:34  [LADDER]   대신 4단 조치를 60초 백오프로 되풀이한다(종착역)
13:50:34  [AT] "AT+CIFSR" (8)
13:50:34  [AT] "busy p..." (9)
13:50:34  [NET] busy — ESP 가 앞 명령을 처리 중이다. 전진하지 않는다
13:50:35  [DIAG] offline step=3 사다리=5/92 rx=55550 lines=3465 up=1767s
13:50:36  [NET] 3 CIFSR (IP 를 실제로 받았는가)
13:50:36  [AT] "AT+CIFSR" (8)
13:50:36  [AT] "busy p..." (9)
13:50:36  [NET] busy — ESP 가 앞 명령을 처리 중이다. 전진하지 않는다
13:50:37  [NET] 3 CIFSR (IP 를 실제로 받았는가)
13:50:37  [AT] "AT+CIFSR" (8)
13:50:37  [AT] "busy p..." (9)
13:50:37  [NET] busy — ESP 가 앞 명령을 처리 중이다. 전진하지 않는다
13:50:38  [DIAG] offline step=3 사다리=5/92 rx=55594 lines=3469 up=1770s
13:50:39  [NET] 3 CIFSR (IP 를 실제로 받았는가)
13:50:39  [NET] CIFSR 3회 소진 — 그러나 busy 거부였다. IP 소실로 세지 않는다
13:50:39  [NET] CIFSR 3회에도 IP 가 없다 → CWJAP 부터 다시
13:50:39  [LADDER] 실패(CWJAP FAIL) CWJAP소요 480s · 연속 0회 · 결합유지 없음 · 현재 5단(92회 누적)
13:50:39  [LADDER] ⚠5단 미실행: 전원 재투입은 **부품 미보유로 미구현**이다
13:50:39  [LADDER]   필요 부품: 로우사이드 MOSFET 스위치(예: 2N7000/AO3400 + 10k)
13:50:39  [LADDER]   대신 4단 조치를 60초 백오프로 되풀이한다(종착역)
13:50:39  [AT] "AT+CIFSR" (8)
13:50:39  [AT] "busy p..." (9)
13:50:39  [NET] busy — ESP 가 앞 명령을 처리 중이다. 전진하지 않는다
13:50:40  [NET] 3 CIFSR (IP 를 실제로 받았는가)
13:50:40  [AT] "AT+CIFSR" (8)
13:50:40  [AT] "busy p..." (9)
13:50:40  [NET] busy — ESP 가 앞 명령을 처리 중이다. 전진하지 않는다
13:50:41  [DIAG] offline step=3 사다리=5/93 rx=55638 lines=3473 up=1773s
13:50:42  [NET] 3 CIFSR (IP 를 실제로 받았는가)
13:50:42  [AT] "AT+CIFSR" (8)
13:50:42  [AT] "busy p..." (9)
13:50:42  [NET] busy — ESP 가 앞 명령을 처리 중이다. 전진하지 않는다
13:50:43  [NET] 3 CIFSR (IP 를 실제로 받았는가)
13:50:44  [NET] CIFSR 3회 소진 — 그러나 busy 거부였다. IP 소실로 세지 않는다
13:50:44  [NET] CIFSR 3회에도 IP 가 없다 → CWJAP 부터 다시
13:50:44  [LADDER] 실패(CWJAP FAIL) CWJAP소요 485s · 연속 0회 · 결합유지 없음 · 현재 5단(93회 누적)
13:50:44  [LADDER] ⚠5단 미실행: 전원 재투입은 **부품 미보유로 미구현**이다
13:50:44  [LADDER]   필요 부품: 로우사이드 MOSFET 스위치(예: 2N7000/AO3400 + 10k)
13:50:44  [LADDER]   대신 4단 조치를 60초 백오프로 되풀이한다(종착역)
13:50:44  [AT] "AT+CIFSR" (8)
13:50:44  [AT] "busy p..." (9)
13:50:44  [NET] busy — ESP 가 앞 명령을 처리 중이다. 전진하지 않는다
13:50:44  [DIAG] offline step=3 사다리=5/94 rx=55682 lines=3477 up=1776s
13:50:45  [NET] 3 CIFSR (IP 를 실제로 받았는가)
13:50:45  [AT] "AT+CIFSR" (8)
13:50:45  [AT] "busy p..." (9)
13:50:45  [NET] busy — ESP 가 앞 명령을 처리 중이다. 전진하지 않는다
13:50:47  [NET] 3 CIFSR (IP 를 실제로 받았는가)
13:50:47  [AT] "AT+CIFSR" (8)
13:50:47  [AT] "busy p..." (9)
13:50:47  [NET] busy — ESP 가 앞 명령을 처리 중이다. 전진하지 않는다
13:50:47  [DIAG] offline step=3 사다리=5/94 rx=55726 lines=3481 up=1779s
13:50:48  [NET] 3 CIFSR (IP 를 실제로 받았는가)
13:50:48  [NET] CIFSR 3회 소진 — 그러나 busy 거부였다. IP 소실로 세지 않는다
13:50:48  [NET] CIFSR 3회에도 IP 가 없다 → CWJAP 부터 다시
13:50:48  [LADDER] 실패(CWJAP FAIL) CWJAP소요 489s · 연속 0회 · 결합유지 없음 · 현재 5단(94회 누적)
13:50:48  [LADDER] ⚠5단 미실행: 전원 재투입은 **부품 미보유로 미구현**이다
13:50:48  [LADDER]   필요 부품: 로우사이드 MOSFET 스위치(예: 2N7000/AO3400 + 10k)
13:50:48  [LADDER]   대신 4단 조치를 60초 백오프로 되풀이한다(종착역)
13:50:48  [AT] "AT+CIFSR" (8)
13:50:48  [AT] "busy p..." (9)
13:50:48  [NET] busy — ESP 가 앞 명령을 처리 중이다. 전진하지 않는다
13:50:50  [DIAG] offline step=3 사다리=5/95 rx=55748 lines=3483 up=1782s
13:50:50  [NET] 3 CIFSR (IP 를 실제로 받았는가)
13:50:50  [AT] "AT+CIFSR" (8)
13:50:50  [AT] "busy p..." (9)
13:50:50  [NET] busy — ESP 가 앞 명령을 처리 중이다. 전진하지 않는다
13:50:51  [NET] 3 CIFSR (IP 를 실제로 받았는가)
13:50:51  [AT] "AT+CIFSR" (8)
13:50:51  [AT] "busy p..." (9)
13:50:51  [NET] busy — ESP 가 앞 명령을 처리 중이다. 전진하지 않는다
13:50:53  [DIAG] offline step=3 사다리=5/95 rx=55792 lines=3487 up=1785s
13:50:53  [NET] 3 CIFSR (IP 를 실제로 받았는가)
13:50:53  [NET] CIFSR 3회 소진 — 그러나 busy 거부였다. IP 소실로 세지 않는다
13:50:53  [NET] CIFSR 3회에도 IP 가 없다 → CWJAP 부터 다시
13:50:53  [LADDER] 실패(CWJAP FAIL) CWJAP소요 494s · 연속 0회 · 결합유지 없음 · 현재 5단(95회 누적)
13:50:53  [LADDER] ⚠5단 미실행: 전원 재투입은 **부품 미보유로 미구현**이다
13:50:53  [LADDER]   필요 부품: 로우사이드 MOSFET 스위치(예: 2N7000/AO3400 + 10k)
13:50:53  [LADDER]   대신 4단 조치를 60초 백오프로 되풀이한다(종착역)
13:50:53  [AT] "AT+CIFSR" (8)
13:50:53  [AT] "busy p..." (9)
13:50:53  [NET] busy — ESP 가 앞 명령을 처리 중이다. 전진하지 않는다
13:50:54  [NET] 3 CIFSR (IP 를 실제로 받았는가)
13:50:54  [AT] "AT+CIFSR" (8)
13:50:54  [AT] "busy p..." (9)
13:50:54  [NET] busy — ESP 가 앞 명령을 처리 중이다. 전진하지 않는다
13:50:56  [DIAG] offline step=3 사다리=5/96 rx=55836 lines=3491 up=1788s
13:50:56  [NET] 3 CIFSR (IP 를 실제로 받았는가)
13:50:56  [AT] "AT+CIFSR" (8)
13:50:56  [AT] "busy p..." (9)
13:50:56  [NET] busy — ESP 가 앞 명령을 처리 중이다. 전진하지 않는다
13:50:57  [NET] 3 CIFSR (IP 를 실제로 받았는가)
13:50:57  [NET] CIFSR 3회 소진 — 그러나 busy 거부였다. IP 소실로 세지 않는다
13:50:57  [NET] CIFSR 3회에도 IP 가 없다 → CWJAP 부터 다시
13:50:57  [LADDER] 실패(CWJAP FAIL) CWJAP소요 499s · 연속 0회 · 결합유지 없음 · 현재 5단(96회 누적)
13:50:57  [LADDER] ⚠5단 미실행: 전원 재투입은 **부품 미보유로 미구현**이다
13:50:58  [LADDER]   필요 부품: 로우사이드 MOSFET 스위치(예: 2N7000/AO3400 + 10k)
13:50:58  [LADDER]   대신 4단 조치를 60초 백오프로 되풀이한다(종착역)
13:50:58  [AT] "AT+CIFSR" (8)
13:50:58  [AT] "busy p..." (9)
13:50:58  [NET] busy — ESP 가 앞 명령을 처리 중이다. 전진하지 않는다
13:50:59  [DIAG] offline step=3 사다리=5/97 rx=55880 lines=3495 up=1791s
13:50:59  [NET] 3 CIFSR (IP 를 실제로 받았는가)
13:50:59  [AT] "AT+CIFSR" (8)
13:50:59  [AT] "busy p..." (9)
13:50:59  [NET] busy — ESP 가 앞 명령을 처리 중이다. 전진하지 않는다
13:51:01  [NET] 3 CIFSR (IP 를 실제로 받았는가)
13:51:01  [AT] "AT+CIFSR" (8)
13:51:01  [AT] "busy p..." (9)
13:51:01  [NET] busy — ESP 가 앞 명령을 처리 중이다. 전진하지 않는다
13:51:02  [DIAG] offline step=3 사다리=5/97 rx=55924 lines=3499 up=1794s
13:51:02  [NET] 3 CIFSR (IP 를 실제로 받았는가)
13:51:02  [NET] CIFSR 3회 소진 — 그러나 busy 거부였다. IP 소실로 세지 않는다
13:51:02  [NET] CIFSR 3회에도 IP 가 없다 → CWJAP 부터 다시
13:51:02  [LADDER] 실패(CWJAP FAIL) CWJAP소요 503s · 연속 0회 · 결합유지 없음 · 현재 5단(97회 누적)
13:51:02  [LADDER] ⚠5단 미실행: 전원 재투입은 **부품 미보유로 미구현**이다
13:51:02  [LADDER]   필요 부품: 로우사이드 MOSFET 스위치(예: 2N7000/AO3400 + 10k)
13:51:02  [LADDER]   대신 4단 조치를 60초 백오프로 되풀이한다(종착역)
13:51:02  [AT] "AT+CIFSR" (8)
13:51:02  [AT] "busy p..." (9)
13:51:02  [NET] busy — ESP 가 앞 명령을 처리 중이다. 전진하지 않는다
13:51:04  [NET] 3 CIFSR (IP 를 실제로 받았는가)
13:51:04  [AT] "AT+CIFSR" (8)
13:51:04  [AT] "busy p..." (9)
13:51:04  [NET] busy — ESP 가 앞 명령을 처리 중이다. 전진하지 않는다
13:51:05  [DIAG] offline step=3 사다리=5/98 rx=55968 lines=3503 up=1797s
13:51:05  [NET] 3 CIFSR (IP 를 실제로 받았는가)
13:51:05  [AT] "AT+CIFSR" (8)
13:51:05  [AT] "busy p..." (9)
13:51:05  [NET] busy — ESP 가 앞 명령을 처리 중이다. 전진하지 않는다
13:51:08  [NET] 3 CIFSR (IP 를 실제로 받았는가)
13:51:08  [NET] CIFSR 3회 소진 — 그러나 busy 거부였다. IP 소실로 세지 않는다
13:51:08  [NET] CIFSR 3회에도 IP 가 없다 → CWJAP 부터 다시
13:51:08  [LADDER] 실패(CWJAP FAIL) CWJAP소요 508s · 연속 0회 · 결합유지 없음 · 현재 5단(98회 누적)
13:51:08  [LADDER] ⚠5단 미실행: 전원 재투입은 **부품 미보유로 미구현**이다
13:51:08  [LADDER]   필요 부품: 로우사이드 MOSFET 스위치(예: 2N7000/AO3400 + 10k)
13:51:08  [LADDER]   대신 4단 조치를 60초 백오프로 되풀이한다(종착역)
13:51:08  [AT] "AT+CIFSR" (8)
13:51:08  [AT] "busy p..." (9)
13:51:08  [NET] busy — ESP 가 앞 명령을 처리 중이다. 전진하지 않는다
13:51:08  [CNT] up=1800 drop=1 esprst=9 resync=0 sendfail=0 okto=5 stuck=1 ackq=0 ackdrop=0 ackstale=0 slot=1500 oow=0 smiss=6 ssovf=0 cksumng=0 okstream=906 penddrop=0 pendfill=908 bigfill=7 bigdrop=0 bigokst=6 oklost=0 bigoklost=0 skip=34 online=0
13:51:08  [RAM] 최저 여유 617 B · 프롬프트 재동기 0회 (서버의 '버린줄' 과 맞아야 한다)
13:51:09  [DIAG] offline step=3 사다리=5/99 rx=56012 lines=3507 up=1800s
13:51:09  [NET] 3 CIFSR (IP 를 실제로 받았는가)
13:51:09  [AT] "AT+CIFSR" (8)
13:51:09  [AT] "busy p..." (9)
13:51:09  [NET] busy — ESP 가 앞 명령을 처리 중이다. 전진하지 않는다
13:51:10  «tap» 살아있음 — 최근 60초 rx=15009B (이 줄이 끊기면 탭이 죽은 것이다)
13:51:11  [NET] 3 CIFSR (IP 를 실제로 받았는가)
13:51:11  [AT] "AT+CIFSR" (8)
13:51:11  [AT] "busy p..." (9)
13:51:11  [NET] busy — ESP 가 앞 명령을 처리 중이다. 전진하지 않는다
13:51:12  [DIAG] offline step=3 사다리=5/99 rx=56056 lines=3511 up=1803s
13:51:12  [NET] 3 CIFSR (IP 를 실제로 받았는가)
13:51:12  [NET] CIFSR 3회 소진 — 그러나 busy 거부였다. IP 소실로 세지 않는다
13:51:12  [NET] CIFSR 3회에도 IP 가 없다 → CWJAP 부터 다시
13:51:12  [LADDER] 실패(CWJAP FAIL) CWJAP소요 513s · 연속 0회 · 결합유지 없음 · 현재 5단(99회 누적)
13:51:12  [LADDER] ⚠5단 미실행: 전원 재투입은 **부품 미보유로 미구현**이다
13:51:12  [LADDER]   필요 부품: 로우사이드 MOSFET 스위치(예: 2N7000/AO3400 + 10k)
13:51:12  [LADDER]   대신 4단 조치를 60초 백오프로 되풀이한다(종착역)
13:51:12  [AT] "AT+CIFSR" (8)
13:51:12  [AT] "busy p..." (9)
13:51:12  [NET] busy — ESP 가 앞 명령을 처리 중이다. 전진하지 않는다
13:51:14  [NET] 3 CIFSR (IP 를 실제로 받았는가)
13:51:14  [AT] "AT+CIFSR" (8)
13:51:14  [AT] "busy p..." (9)
13:51:14  [NET] busy — ESP 가 앞 명령을 처리 중이다. 전진하지 않는다
13:51:15  [DIAG] offline step=3 사다리=5/100 rx=56100 lines=3515 up=1806s
13:51:16  [NET] 3 CIFSR (IP 를 실제로 받았는가)
13:51:16  [AT] "AT+CIFSR" (8)
13:51:16  [AT] "busy p..." (9)
13:51:16  [NET] busy — ESP 가 앞 명령을 처리 중이다. 전진하지 않는다
13:51:17  [NET] 3 CIFSR (IP 를 실제로 받았는가)
13:51:17  [NET] CIFSR 3회 소진 — 그러나 busy 거부였다. IP 소실로 세지 않는다
13:51:17  [NET] CIFSR 3회에도 IP 가 없다 → CWJAP 부터 다시
13:51:17  [LADDER] 실패(CWJAP FAIL) CWJAP소요 517s · 연속 0회 · 결합유지 없음 · 현재 5단(100회 누적)
13:51:17  [LADDER] ⚠5단 미실행: 전원 재투입은 **부품 미보유로 미구현**이다
13:51:17  [LADDER]   필요 부품: 로우사이드 MOSFET 스위치(예: 2N7000/AO3400 + 10k)
13:51:17  [LADDER]   대신 4단 조치를 60초 백오프로 되풀이한다(종착역)
13:51:17  [AT] "AT+CIFSR" (8)
13:51:17  [AT] "busy p..." (9)
13:51:17  [NET] busy — ESP 가 앞 명령을 처리 중이다. 전진하지 않는다
13:51:18  [DIAG] offline step=3 사다리=5/101 rx=56144 lines=3519 up=1809s
13:51:19  [NET] 3 CIFSR (IP 를 실제로 받았는가)
13:51:19  [AT] "AT+CIFSR" (8)
13:51:19  [AT] "busy p..." (9)
13:51:19  [NET] busy — ESP 가 앞 명령을 처리 중이다. 전진하지 않는다
13:51:20  [NET] 3 CIFSR (IP 를 실제로 받았는가)
13:51:20  [AT] "AT+CIFSR" (8)
13:51:20  [AT] "busy p..." (9)
13:51:20  [NET] busy — ESP 가 앞 명령을 처리 중이다. 전진하지 않는다
13:51:21  [DIAG] offline step=3 사다리=5/101 rx=56188 lines=3523 up=1812s
13:51:22  [NET] 3 CIFSR (IP 를 실제로 받았는가)
13:51:22  [NET] CIFSR 3회 소진 — 그러나 busy 거부였다. IP 소실로 세지 않는다
13:51:22  [NET] CIFSR 3회에도 IP 가 없다 → CWJAP 부터 다시
13:51:22  [LADDER] 실패(CWJAP FAIL) CWJAP소요 522s · 연속 0회 · 결합유지 없음 · 현재 5단(101회 누적)
13:51:22  [LADDER] ⚠5단 미실행: 전원 재투입은 **부품 미보유로 미구현**이다
13:51:22  [LADDER]   필요 부품: 로우사이드 MOSFET 스위치(예: 2N7000/AO3400 + 10k)
13:51:22  [LADDER]   대신 4단 조치를 60초 백오프로 되풀이한다(종착역)
13:51:22  [AT] "AT+CIFSR" (8)
13:51:22  [AT] "busy p..." (9)
13:51:22  [NET] busy — ESP 가 앞 명령을 처리 중이다. 전진하지 않는다
13:51:23  [NET] 3 CIFSR (IP 를 실제로 받았는가)
13:51:23  [AT] "AT+CIFSR" (8)
13:51:23  [AT] "busy p..." (9)
13:51:23  [NET] busy — ESP 가 앞 명령을 처리 중이다. 전진하지 않는다
13:51:24  [DIAG] offline step=3 사다리=5/102 rx=56232 lines=3527 up=1815s
13:51:25  [NET] 3 CIFSR (IP 를 실제로 받았는가)
13:51:25  [AT] "AT+CIFSR" (8)
13:51:25  [AT] "busy p..." (9)
13:51:25  [NET] busy — ESP 가 앞 명령을 처리 중이다. 전진하지 않는다
13:51:26  [NET] 3 CIFSR (IP 를 실제로 받았는가)
13:51:26  [NET] CIFSR 3회 소진 — 그러나 busy 거부였다. IP 소실로 세지 않는다
13:51:26  [NET] CIFSR 3회에도 IP 가 없다 → CWJAP 부터 다시
13:51:26  [LADDER] 실패(CWJAP FAIL) CWJAP소요 527s · 연속 0회 · 결합유지 없음 · 현재 5단(102회 누적)
13:51:26  [LADDER] ⚠5단 미실행: 전원 재투입은 **부품 미보유로 미구현**이다
13:51:26  [LADDER]   필요 부품: 로우사이드 MOSFET 스위치(예: 2N7000/AO3400 + 10k)
13:51:26  [LADDER]   대신 4단 조치를 60초 백오프로 되풀이한다(종착역)
13:51:26  [AT] "AT+CIFSR" (8)
13:51:26  [AT] "busy p..." (9)
13:51:26  [NET] busy — ESP 가 앞 명령을 처리 중이다. 전진하지 않는다
13:51:27  [DIAG] offline step=3 사다리=5/103 rx=56276 lines=3531 up=1818s
13:51:28  [NET] 3 CIFSR (IP 를 실제로 받았는가)
13:51:28  [AT] "AT+CIFSR" (8)
13:51:28  [AT] "busy p..." (9)
13:51:28  [NET] busy — ESP 가 앞 명령을 처리 중이다. 전진하지 않는다
13:51:30  [NET] 3 CIFSR (IP 를 실제로 받았는가)
13:51:30  [AT] "AT+CIFSR" (8)
13:51:30  [AT] "busy p..." (9)
13:51:30  [NET] busy — ESP 가 앞 명령을 처리 중이다. 전진하지 않는다
13:51:30  [DIAG] offline step=3 사다리=5/103 rx=56320 lines=3535 up=1821s
13:51:31  [NET] 3 CIFSR (IP 를 실제로 받았는가)
13:51:31  [NET] CIFSR 3회 소진 — 그러나 busy 거부였다. IP 소실로 세지 않는다
13:51:31  [NET] CIFSR 3회에도 IP 가 없다 → CWJAP 부터 다시
13:51:31  [LADDER] 실패(CWJAP FAIL) CWJAP소요 531s · 연속 0회 · 결합유지 없음 · 현재 5단(103회 누적)
13:51:31  [LADDER] ⚠5단 미실행: 전원 재투입은 **부품 미보유로 미구현**이다
13:51:31  [LADDER]   필요 부품: 로우사이드 MOSFET 스위치(예: 2N7000/AO3400 + 10k)
13:51:31  [LADDER]   대신 4단 조치를 60초 백오프로 되풀이한다(종착역)
13:51:31  [AT] "AT+CIFSR" (8)
13:51:31  [AT] "busy p..." (9)
13:51:31  [NET] busy — ESP 가 앞 명령을 처리 중이다. 전진하지 않는다
13:51:33  [NET] 3 CIFSR (IP 를 실제로 받았는가)
13:51:33  [AT] "AT+CIFSR" (8)
13:51:33  [AT] "busy p..." (9)
13:51:33  [NET] busy — ESP 가 앞 명령을 처리 중이다. 전진하지 않는다
13:51:33  [DIAG] offline step=3 사다리=5/104 rx=56364 lines=3539 up=1824s
13:51:34  [NET] 3 CIFSR (IP 를 실제로 받았는가)
13:51:34  [AT] "AT+CIFSR" (8)
13:51:34  [AT] "busy p..." (9)
13:51:34  [NET] busy — ESP 가 앞 명령을 처리 중이다. 전진하지 않는다
13:51:36  [DIAG] offline step=3 사다리=5/104 rx=56386 lines=3541 up=1827s
13:51:36  [NET] 3 CIFSR (IP 를 실제로 받았는가)
13:51:36  [NET] CIFSR 3회 소진 — 그러나 busy 거부였다. IP 소실로 세지 않는다
13:51:36  [NET] CIFSR 3회에도 IP 가 없다 → CWJAP 부터 다시
13:51:36  [LADDER] 실패(CWJAP FAIL) CWJAP소요 536s · 연속 0회 · 결합유지 없음 · 현재 5단(104회 누적)
13:51:36  [LADDER] ⚠5단 미실행: 전원 재투입은 **부품 미보유로 미구현**이다
13:51:36  [LADDER]   필요 부품: 로우사이드 MOSFET 스위치(예: 2N7000/AO3400 + 10k)
13:51:36  [LADDER]   대신 4단 조치를 60초 백오프로 되풀이한다(종착역)
13:51:36  [AT] "AT+CIFSR" (8)
13:51:36  [AT] "busy p..." (9)
13:51:36  [NET] busy — ESP 가 앞 명령을 처리 중이다. 전진하지 않는다
13:51:37  [NET] 3 CIFSR (IP 를 실제로 받았는가)
13:51:37  [AT] "AT+CIFSR" (8)
13:51:37  [AT] "busy p..." (9)
13:51:37  [NET] busy — ESP 가 앞 명령을 처리 중이다. 전진하지 않는다
13:51:39  [DIAG] offline step=3 사다리=5/105 rx=56430 lines=3545 up=1830s
13:51:39  [NET] 3 CIFSR (IP 를 실제로 받았는가)
13:51:39  [AT] "AT+CIFSR" (8)
13:51:39  [AT] "busy p..." (9)
13:51:39  [NET] busy — ESP 가 앞 명령을 처리 중이다. 전진하지 않는다
13:51:40  [NET] 3 CIFSR (IP 를 실제로 받았는가)
13:51:40  [NET] CIFSR 3회 소진 — 그러나 busy 거부였다. IP 소실로 세지 않는다
13:51:40  [NET] CIFSR 3회에도 IP 가 없다 → CWJAP 부터 다시
13:51:40  [LADDER] 실패(CWJAP FAIL) CWJAP소요 541s · 연속 0회 · 결합유지 없음 · 현재 5단(105회 누적)
13:51:40  [LADDER] ⚠5단 미실행: 전원 재투입은 **부품 미보유로 미구현**이다
13:51:40  [LADDER]   필요 부품: 로우사이드 MOSFET 스위치(예: 2N7000/AO3400 + 10k)
13:51:40  [LADDER]   대신 4단 조치를 60초 백오프로 되풀이한다(종착역)
13:51:40  [AT] "AT+CIFSR" (8)
13:51:40  [AT] "busy p..." (9)
13:51:40  [NET] busy — ESP 가 앞 명령을 처리 중이다. 전진하지 않는다
13:51:42  [DIAG] offline step=3 사다리=5/106 rx=56474 lines=3549 up=1833s
13:51:42  [NET] 3 CIFSR (IP 를 실제로 받았는가)
13:51:42  [AT] "AT+CIFSR" (8)
13:51:42  [AT] "busy p..." (9)
13:51:42  [NET] busy — ESP 가 앞 명령을 처리 중이다. 전진하지 않는다
13:51:43  [NET] 3 CIFSR (IP 를 실제로 받았는가)
13:51:43  [AT] "AT+CIFSR" (8)
13:51:43  [AT] "busy p..." (9)
13:51:43  [NET] busy — ESP 가 앞 명령을 처리 중이다. 전진하지 않는다
13:51:45  [DIAG] offline step=3 사다리=5/106 rx=56518 lines=3553 up=1836s
13:51:45  [NET] 3 CIFSR (IP 를 실제로 받았는가)
13:51:45  [NET] CIFSR 3회 소진 — 그러나 busy 거부였다. IP 소실로 세지 않는다
13:51:45  [NET] CIFSR 3회에도 IP 가 없다 → CWJAP 부터 다시
13:51:45  [LADDER] 실패(CWJAP FAIL) CWJAP소요 545s · 연속 0회 · 결합유지 없음 · 현재 5단(106회 누적)
13:51:45  [LADDER] ⚠5단 미실행: 전원 재투입은 **부품 미보유로 미구현**이다
13:51:45  [LADDER]   필요 부품: 로우사이드 MOSFET 스위치(예: 2N7000/AO3400 + 10k)
13:51:45  [LADDER]   대신 4단 조치를 60초 백오프로 되풀이한다(종착역)
13:51:45  [AT] "AT+CIFSR" (8)
13:51:45  [AT] "busy p..." (9)
13:51:45  [NET] busy — ESP 가 앞 명령을 처리 중이다. 전진하지 않는다
13:51:47  [NET] 3 CIFSR (IP 를 실제로 받았는가)
13:51:47  [AT] "AT+CIFSR" (8)
13:51:47  [AT] "busy p..." (9)
13:51:47  [NET] busy — ESP 가 앞 명령을 처리 중이다. 전진하지 않는다
13:51:48  [DIAG] offline step=3 사다리=5/107 rx=56562 lines=3557 up=1839s
13:51:48  [NET] 3 CIFSR (IP 를 실제로 받았는가)
13:51:48  [AT] "AT+CIFSR" (8)
13:51:48  [AT] "busy p..." (9)
13:51:48  [NET] busy — ESP 가 앞 명령을 처리 중이다. 전진하지 않는다
13:51:50  [NET] 3 CIFSR (IP 를 실제로 받았는가)
13:51:50  [NET] CIFSR 3회 소진 — 그러나 busy 거부였다. IP 소실로 세지 않는다
13:51:50  [NET] CIFSR 3회에도 IP 가 없다 → CWJAP 부터 다시
13:51:50  [LADDER] 실패(CWJAP FAIL) CWJAP소요 550s · 연속 0회 · 결합유지 없음 · 현재 5단(107회 누적)
13:51:50  [LADDER] ⚠5단 미실행: 전원 재투입은 **부품 미보유로 미구현**이다
13:51:50  [LADDER]   필요 부품: 로우사이드 MOSFET 스위치(예: 2N7000/AO3400 + 10k)
13:51:50  [LADDER]   대신 4단 조치를 60초 백오프로 되풀이한다(종착역)
13:51:50  [AT] "AT+CIFSR" (8)
13:51:50  [AT] "busy p..." (9)
13:51:50  [NET] busy — ESP 가 앞 명령을 처리 중이다. 전진하지 않는다
13:51:51  [DIAG] offline step=3 사다리=5/108 rx=56606 lines=3561 up=1842s
13:51:51  [NET] 3 CIFSR (IP 를 실제로 받았는가)
13:51:51  [AT] "AT+CIFSR" (8)
13:51:51  [AT] "busy p..." (9)
13:51:51  [NET] busy — ESP 가 앞 명령을 처리 중이다. 전진하지 않는다
13:51:53  [NET] 3 CIFSR (IP 를 실제로 받았는가)
13:51:53  [AT] "AT+CIFSR" (8)
13:51:53  [AT] "busy p..." (9)
13:51:53  [NET] busy — ESP 가 앞 명령을 처리 중이다. 전진하지 않는다
13:51:54  [DIAG] offline step=3 사다리=5/108 rx=56650 lines=3565 up=1845s
13:51:54  [NET] 3 CIFSR (IP 를 실제로 받았는가)
13:51:54  [NET] CIFSR 3회 소진 — 그러나 busy 거부였다. IP 소실로 세지 않는다
13:51:54  [NET] CIFSR 3회에도 IP 가 없다 → CWJAP 부터 다시
13:51:54  [LADDER] 실패(CWJAP FAIL) CWJAP소요 555s · 연속 0회 · 결합유지 없음 · 현재 5단(108회 누적)
13:51:54  [LADDER] ⚠5단 미실행: 전원 재투입은 **부품 미보유로 미구현**이다
13:51:54  [LADDER]   필요 부품: 로우사이드 MOSFET 스위치(예: 2N7000/AO3400 + 10k)
13:51:54  [LADDER]   대신 4단 조치를 60초 백오프로 되풀이한다(종착역)
13:51:54  [AT] "AT+CIFSR" (8)
13:51:54  [AT] "busy p..." (9)
13:51:54  [NET] busy — ESP 가 앞 명령을 처리 중이다. 전진하지 않는다
13:51:56  [NET] 3 CIFSR (IP 를 실제로 받았는가)
13:51:56  [AT] "AT+CIFSR" (8)
13:51:56  [AT] "busy p..." (9)
13:51:56  [NET] busy — ESP 가 앞 명령을 처리 중이다. 전진하지 않는다
13:51:57  [DIAG] offline step=3 사다리=5/109 rx=56694 lines=3569 up=1848s
13:51:57  [NET] 3 CIFSR (IP 를 실제로 받았는가)
13:51:57  [AT] "AT+CIFSR" (8)
13:51:57  [AT] "busy p..." (9)
13:51:57  [NET] busy — ESP 가 앞 명령을 처리 중이다. 전진하지 않는다
13:51:59  [NET] 3 CIFSR (IP 를 실제로 받았는가)
13:51:59  [NET] CIFSR 3회 소진 — 그러나 busy 거부였다. IP 소실로 세지 않는다
13:51:59  [NET] CIFSR 3회에도 IP 가 없다 → CWJAP 부터 다시
13:51:59  [LADDER] 실패(CWJAP FAIL) CWJAP소요 559s · 연속 0회 · 결합유지 없음 · 현재 5단(109회 누적)
13:51:59  [LADDER] ⚠5단 미실행: 전원 재투입은 **부품 미보유로 미구현**이다
13:51:59  [LADDER]   필요 부품: 로우사이드 MOSFET 스위치(예: 2N7000/AO3400 + 10k)
13:51:59  [LADDER]   대신 4단 조치를 60초 백오프로 되풀이한다(종착역)
13:51:59  [AT] "AT+CIFSR" (8)
13:51:59  [AT] "busy p..." (9)
13:51:59  [NET] busy — ESP 가 앞 명령을 처리 중이다. 전진하지 않는다
13:52:00  [DIAG] offline step=3 사다리=5/110 rx=56738 lines=3573 up=1851s
13:52:01  [NET] 3 CIFSR (IP 를 실제로 받았는가)
13:52:01  [AT] "AT+CIFSR" (8)
13:52:01  [AT] "busy p..." (9)
13:52:01  [NET] busy — ESP 가 앞 명령을 처리 중이다. 전진하지 않는다
13:52:02  [NET] 3 CIFSR (IP 를 실제로 받았는가)
13:52:02  [AT] "AT+CIFSR" (8)
13:52:02  [AT] "busy p..." (9)
13:52:02  [NET] busy — ESP 가 앞 명령을 처리 중이다. 전진하지 않는다
13:52:03  [DIAG] offline step=3 사다리=5/110 rx=56782 lines=3577 up=1854s
13:52:04  [NET] 3 CIFSR (IP 를 실제로 받았는가)
13:52:04  [NET] CIFSR 3회 소진 — 그러나 busy 거부였다. IP 소실로 세지 않는다
13:52:04  [NET] CIFSR 3회에도 IP 가 없다 → CWJAP 부터 다시
13:52:04  [LADDER] 실패(CWJAP FAIL) CWJAP소요 564s · 연속 0회 · 결합유지 없음 · 현재 5단(110회 누적)
13:52:04  [LADDER] ⚠5단 미실행: 전원 재투입은 **부품 미보유로 미구현**이다
13:52:04  [LADDER]   필요 부품: 로우사이드 MOSFET 스위치(예: 2N7000/AO3400 + 10k)
13:52:04  [LADDER]   대신 4단 조치를 60초 백오프로 되풀이한다(종착역)
13:52:04  [AT] "AT+CIFSR" (8)
13:52:04  [AT] "busy p..." (9)
13:52:04  [NET] busy — ESP 가 앞 명령을 처리 중이다. 전진하지 않는다
13:52:05  [NET] 3 CIFSR (IP 를 실제로 받았는가)
13:52:05  [AT] "AT+CIFSR" (8)
13:52:05  [AT] "busy p..." (9)
13:52:05  [NET] busy — ESP 가 앞 명령을 처리 중이다. 전진하지 않는다
13:52:06  [DIAG] offline step=3 사다리=5/111 rx=56826 lines=3581 up=1857s
13:52:07  [NET] 3 CIFSR (IP 를 실제로 받았는가)
13:52:07  [AT] "AT+CIFSR" (8)
13:52:07  [AT] "busy p..." (9)
13:52:07  [NET] busy — ESP 가 앞 명령을 처리 중이다. 전진하지 않는다
13:52:08  [CNT] up=1860 drop=1 esprst=9 resync=0 sendfail=0 okto=5 stuck=1 ackq=0 ackdrop=0 ackstale=0 slot=1550 oow=0 smiss=6 ssovf=0 cksumng=0 okstream=906 penddrop=0 pendfill=908 bigfill=7 bigdrop=0 bigokst=6 oklost=0 bigoklost=0 skip=34 online=0
13:52:08  [RAM] 최저 여유 617 B · 프롬프트 재동기 0회 (서버의 '버린줄' 과 맞아야 한다)
13:52:08  [NET] 3 CIFSR (IP 를 실제로 받았는가)
13:52:08  [NET] CIFSR 3회 소진 — 그러나 busy 거부였다. IP 소실로 세지 않는다
13:52:08  [NET] CIFSR 3회에도 IP 가 없다 → CWJAP 부터 다시
13:52:08  [LADDER] 실패(CWJAP FAIL) CWJAP소요 568s · 연속 0회 · 결합유지 없음 · 현재 5단(111회 누적)
13:52:08  [LADDER] ⚠5단 미실행: 전원 재투입은 **부품 미보유로 미구현**이다
13:52:08  [LADDER]   필요 부품: 로우사이드 MOSFET 스위치(예: 2N7000/AO3400 + 10k)
13:52:08  [LADDER]   대신 4단 조치를 60초 백오프로 되풀이한다(종착역)
13:52:08  [AT] "AT+CIFSR" (8)
13:52:08  [AT] "busy p..." (9)
13:52:08  [NET] busy — ESP 가 앞 명령을 처리 중이다. 전진하지 않는다
13:52:09  [DIAG] offline step=3 사다리=5/112 rx=56870 lines=3585 up=1860s
13:52:10  «tap» 살아있음 — 최근 60초 rx=14871B (이 줄이 끊기면 탭이 죽은 것이다)
13:52:10  [NET] 3 CIFSR (IP 를 실제로 받았는가)
13:52:10  [AT] "AT+CIFSR" (8)
13:52:10  [AT] "busy p..." (9)
13:52:10  [NET] busy — ESP 가 앞 명령을 처리 중이다. 전진하지 않는다
13:52:11  [NET] 3 CIFSR (IP 를 실제로 받았는가)
13:52:11  [AT] "AT+CIFSR" (8)
13:52:11  [AT] "busy p..." (9)
13:52:11  [NET] busy — ESP 가 앞 명령을 처리 중이다. 전진하지 않는다
13:52:12  [DIAG] offline step=3 사다리=5/112 rx=56914 lines=3589 up=1863s
13:52:13  [NET] 3 CIFSR (IP 를 실제로 받았는가)
13:52:13  [NET] CIFSR 3회 소진 — 그러나 busy 거부였다. IP 소실로 세지 않는다
13:52:13  [NET] CIFSR 3회에도 IP 가 없다 → CWJAP 부터 다시
13:52:13  [LADDER] 실패(CWJAP FAIL) CWJAP소요 573s · 연속 0회 · 결합유지 없음 · 현재 5단(112회 누적)
13:52:13  [LADDER] ⚠5단 미실행: 전원 재투입은 **부품 미보유로 미구현**이다
13:52:13  [LADDER]   필요 부품: 로우사이드 MOSFET 스위치(예: 2N7000/AO3400 + 10k)
13:52:13  [LADDER]   대신 4단 조치를 60초 백오프로 되풀이한다(종착역)
13:52:13  [AT] "AT+CIFSR" (8)
13:52:13  [AT] "busy p..." (9)
13:52:13  [NET] busy — ESP 가 앞 명령을 처리 중이다. 전진하지 않는다
13:52:15  [NET] 3 CIFSR (IP 를 실제로 받았는가)
13:52:15  [AT] "AT+CIFSR" (8)
13:52:15  [AT] "busy p..." (9)
13:52:15  [NET] busy — ESP 가 앞 명령을 처리 중이다. 전진하지 않는다
13:52:15  [DIAG] offline step=3 사다리=5/113 rx=56958 lines=3593 up=1866s
13:52:16  [NET] 3 CIFSR (IP 를 실제로 받았는가)
13:52:16  [AT] "AT+CIFSR" (8)
13:52:16  [AT] "busy p..." (9)
13:52:16  [NET] busy — ESP 가 앞 명령을 처리 중이다. 전진하지 않는다
13:52:18  [NET] 3 CIFSR (IP 를 실제로 받았는가)
13:52:18  [NET] CIFSR 3회 소진 — 그러나 busy 거부였다. IP 소실로 세지 않는다
13:52:18  [NET] CIFSR 3회에도 IP 가 없다 → CWJAP 부터 다시
13:52:18  [LADDER] 실패(CWJAP FAIL) CWJAP소요 578s · 연속 0회 · 결합유지 없음 · 현재 5단(113회 누적)
13:52:18  [LADDER] ⚠5단 미실행: 전원 재투입은 **부품 미보유로 미구현**이다
13:52:18  [LADDER]   필요 부품: 로우사이드 MOSFET 스위치(예: 2N7000/AO3400 + 10k)
13:52:18  [LADDER]   대신 4단 조치를 60초 백오프로 되풀이한다(종착역)
13:52:18  [AT] "AT+CIFSR" (8)
13:52:18  [AT] "busy p..." (9)
13:52:18  [NET] busy — ESP 가 앞 명령을 처리 중이다. 전진하지 않는다
13:52:18  [DIAG] offline step=3 사다리=5/114 rx=57002 lines=3597 up=1869s
13:52:19  [NET] 3 CIFSR (IP 를 실제로 받았는가)
13:52:19  [AT] "AT+CIFSR" (8)
13:52:19  [AT] "busy p..." (9)
13:52:19  [NET] busy — ESP 가 앞 명령을 처리 중이다. 전진하지 않는다
13:52:21  [DIAG] offline step=3 사다리=5/114 rx=57024 lines=3599 up=1872s
13:52:21  [NET] 3 CIFSR (IP 를 실제로 받았는가)
13:52:21  [AT] "AT+CIFSR" (8)
13:52:21  [AT] "busy p..." (9)
13:52:21  [NET] busy — ESP 가 앞 명령을 처리 중이다. 전진하지 않는다
13:52:22  [NET] 3 CIFSR (IP 를 실제로 받았는가)
13:52:22  [NET] CIFSR 3회 소진 — 그러나 busy 거부였다. IP 소실로 세지 않는다
13:52:22  [NET] CIFSR 3회에도 IP 가 없다 → CWJAP 부터 다시
13:52:22  [LADDER] 실패(CWJAP FAIL) CWJAP소요 582s · 연속 0회 · 결합유지 없음 · 현재 5단(114회 누적)
13:52:22  [LADDER] ⚠5단 미실행: 전원 재투입은 **부품 미보유로 미구현**이다
13:52:22  [LADDER]   필요 부품: 로우사이드 MOSFET 스위치(예: 2N7000/AO3400 + 10k)
13:52:22  [LADDER]   대신 4단 조치를 60초 백오프로 되풀이한다(종착역)
13:52:22  [AT] "AT+CIFSR" (8)
13:52:22  [AT] "busy p..." (9)
13:52:22  [NET] busy — ESP 가 앞 명령을 처리 중이다. 전진하지 않는다
13:52:24  [DIAG] offline step=3 사다리=5/115 rx=57068 lines=3603 up=1875s
13:52:24  [NET] 3 CIFSR (IP 를 실제로 받았는가)
13:52:24  [AT] "AT+CIFSR" (8)
13:52:24  [AT] "busy p..." (9)
13:52:24  [NET] busy — ESP 가 앞 명령을 처리 중이다. 전진하지 않는다
13:52:25  [NET] 3 CIFSR (IP 를 실제로 받았는가)
13:52:25  [AT] "AT+CIFSR" (8)
13:52:25  [AT] "busy p..." (9)
13:52:25  [NET] busy — ESP 가 앞 명령을 처리 중이다. 전진하지 않는다
13:52:27  [DIAG] offline step=3 사다리=5/115 rx=57112 lines=3607 up=1878s
13:52:27  [NET] 3 CIFSR (IP 를 실제로 받았는가)
13:52:27  [NET] CIFSR 3회 소진 — 그러나 busy 거부였다. IP 소실로 세지 않는다
13:52:27  [NET] CIFSR 3회에도 IP 가 없다 → CWJAP 부터 다시
13:52:27  [LADDER] 실패(CWJAP FAIL) CWJAP소요 587s · 연속 0회 · 결합유지 없음 · 현재 5단(115회 누적)
13:52:27  [LADDER] ⚠5단 미실행: 전원 재투입은 **부품 미보유로 미구현**이다
13:52:27  [LADDER]   필요 부품: 로우사이드 MOSFET 스위치(예: 2N7000/AO3400 + 10k)
13:52:27  [LADDER]   대신 4단 조치를 60초 백오프로 되풀이한다(종착역)
13:52:27  [AT] "AT+CIFSR" (8)
13:52:27  [AT] "busy p..." (9)
13:52:27  [NET] busy — ESP 가 앞 명령을 처리 중이다. 전진하지 않는다
13:52:28  [NET] 3 CIFSR (IP 를 실제로 받았는가)
13:52:28  [AT] "AT+CIFSR" (8)
13:52:28  [AT] "busy p..." (9)
13:52:29  [NET] busy — ESP 가 앞 명령을 처리 중이다. 전진하지 않는다
13:52:30  [DIAG] offline step=3 사다리=5/116 rx=57156 lines=3611 up=1881s
13:52:30  [NET] 3 CIFSR (IP 를 실제로 받았는가)
13:52:30  [AT] "AT+CIFSR" (8)
13:52:30  [AT] "busy p..." (9)
13:52:30  [NET] busy — ESP 가 앞 명령을 처리 중이다. 전진하지 않는다
13:52:32  [NET] 3 CIFSR (IP 를 실제로 받았는가)
13:52:32  [NET] CIFSR 3회 소진 — 그러나 busy 거부였다. IP 소실로 세지 않는다
13:52:32  [NET] CIFSR 3회에도 IP 가 없다 → CWJAP 부터 다시
13:52:32  [LADDER] 실패(CWJAP FAIL) CWJAP소요 592s · 연속 0회 · 결합유지 없음 · 현재 5단(116회 누적)
13:52:32  [LADDER] ⚠5단 미실행: 전원 재투입은 **부품 미보유로 미구현**이다
13:52:32  [LADDER]   필요 부품: 로우사이드 MOSFET 스위치(예: 2N7000/AO3400 + 10k)
13:52:32  [LADDER]   대신 4단 조치를 60초 백오프로 되풀이한다(종착역)
13:52:32  [AT] "AT+CIFSR" (8)
13:52:32  [AT] "busy p..." (9)
13:52:32  [NET] busy — ESP 가 앞 명령을 처리 중이다. 전진하지 않는다
13:52:33  [DIAG] offline step=3 사다리=5/117 rx=57200 lines=3615 up=1884s
13:52:33  [NET] 3 CIFSR (IP 를 실제로 받았는가)
13:52:33  [AT] "AT+CIFSR" (8)
13:52:33  [AT] "busy p..." (9)
13:52:33  [NET] busy — ESP 가 앞 명령을 처리 중이다. 전진하지 않는다
13:52:35  [NET] 3 CIFSR (IP 를 실제로 받았는가)
13:52:35  [AT] "AT+CIFSR" (8)
13:52:35  [AT] "busy p..." (9)
13:52:35  [NET] busy — ESP 가 앞 명령을 처리 중이다. 전진하지 않는다
13:52:36  [DIAG] offline step=3 사다리=5/117 rx=57244 lines=3619 up=1887s
13:52:36  [NET] 3 CIFSR (IP 를 실제로 받았는가)
13:52:36  [NET] CIFSR 3회 소진 — 그러나 busy 거부였다. IP 소실로 세지 않는다
13:52:36  [NET] CIFSR 3회에도 IP 가 없다 → CWJAP 부터 다시
13:52:36  [LADDER] 실패(CWJAP FAIL) CWJAP소요 596s · 연속 0회 · 결합유지 없음 · 현재 5단(117회 누적)
13:52:36  [LADDER] ⚠5단 미실행: 전원 재투입은 **부품 미보유로 미구현**이다
13:52:36  [LADDER]   필요 부품: 로우사이드 MOSFET 스위치(예: 2N7000/AO3400 + 10k)
13:52:36  [LADDER]   대신 4단 조치를 60초 백오프로 되풀이한다(종착역)
13:52:36  [AT] "AT+CIFSR" (8)
13:52:36  [AT] "busy p..." (9)
13:52:36  [NET] busy — ESP 가 앞 명령을 처리 중이다. 전진하지 않는다
13:52:38  [NET] 3 CIFSR (IP 를 실제로 받았는가)
13:52:38  [AT] "AT+CIFSR" (8)
13:52:38  [AT] "busy p..." (9)
13:52:38  [NET] busy — ESP 가 앞 명령을 처리 중이다. 전진하지 않는다
13:52:39  [DIAG] offline step=3 사다리=5/118 rx=57288 lines=3623 up=1890s
13:52:39  [NET] 3 CIFSR (IP 를 실제로 받았는가)
13:52:39  [AT] "AT+CIFSR" (8)
13:52:39  [AT] "busy p..." (9)
13:52:39  [NET] busy — ESP 가 앞 명령을 처리 중이다. 전진하지 않는다
13:52:41  [NET] 3 CIFSR (IP 를 실제로 받았는가)
13:52:41  [NET] CIFSR 3회 소진 — 그러나 busy 거부였다. IP 소실로 세지 않는다
13:52:41  [NET] CIFSR 3회에도 IP 가 없다 → CWJAP 부터 다시
13:52:41  [LADDER] 실패(CWJAP FAIL) CWJAP소요 601s · 연속 0회 · 결합유지 없음 · 현재 5단(118회 누적)
13:52:41  [LADDER] ⚠5단 미실행: 전원 재투입은 **부품 미보유로 미구현**이다
13:52:41  [LADDER]   필요 부품: 로우사이드 MOSFET 스위치(예: 2N7000/AO3400 + 10k)
13:52:41  [LADDER]   대신 4단 조치를 60초 백오프로 되풀이한다(종착역)
13:52:41  [AT] "AT+CIFSR" (8)
13:52:41  [AT] "busy p..." (9)
13:52:41  [NET] busy — ESP 가 앞 명령을 처리 중이다. 전진하지 않는다
13:52:42  [DIAG] offline step=3 사다리=5/119 rx=57332 lines=3627 up=1893s
13:52:42  [NET] 3 CIFSR (IP 를 실제로 받았는가)
13:52:42  [AT] "AT+CIFSR" (8)
13:52:42  [AT] "busy p..." (9)
13:52:42  [NET] busy — ESP 가 앞 명령을 처리 중이다. 전진하지 않는다
13:52:44  [NET] 3 CIFSR (IP 를 실제로 받았는가)
13:52:44  [AT] "AT+CIFSR" (8)
13:52:44  [AT] "busy p..." (9)
13:52:44  [NET] busy — ESP 가 앞 명령을 처리 중이다. 전진하지 않는다
13:52:45  [DIAG] offline step=3 사다리=5/119 rx=57376 lines=3631 up=1896s
13:52:46  [NET] 3 CIFSR (IP 를 실제로 받았는가)
13:52:46  [NET] CIFSR 3회 소진 — 그러나 busy 거부였다. IP 소실로 세지 않는다
13:52:46  [NET] CIFSR 3회에도 IP 가 없다 → CWJAP 부터 다시
13:52:46  [LADDER] 실패(CWJAP FAIL) CWJAP소요 606s · 연속 0회 · 결합유지 없음 · 현재 5단(119회 누적)
13:52:46  [LADDER] ⚠5단 미실행: 전원 재투입은 **부품 미보유로 미구현**이다
13:52:46  [LADDER]   필요 부품: 로우사이드 MOSFET 스위치(예: 2N7000/AO3400 + 10k)
13:52:46  [LADDER]   대신 4단 조치를 60초 백오프로 되풀이한다(종착역)
13:52:46  [AT] "AT+CIFSR" (8)
13:52:46  [AT] "busy p..." (9)
13:52:46  [NET] busy — ESP 가 앞 명령을 처리 중이다. 전진하지 않는다
13:52:47  [NET] 3 CIFSR (IP 를 실제로 받았는가)
13:52:47  [AT] "AT+CIFSR" (8)
13:52:47  [AT] "busy p..." (9)
13:52:47  [NET] busy — ESP 가 앞 명령을 처리 중이다. 전진하지 않는다
13:52:48  [DIAG] offline step=3 사다리=5/120 rx=57420 lines=3635 up=1899s
13:52:49  [NET] 3 CIFSR (IP 를 실제로 받았는가)
13:52:49  [AT] "AT+CIFSR" (8)
13:52:49  [AT] "busy p..." (9)
13:52:49  [NET] busy — ESP 가 앞 명령을 처리 중이다. 전진하지 않는다
13:52:50  [NET] 3 CIFSR (IP 를 실제로 받았는가)
13:52:50  [NET] CIFSR 3회 소진 — 그러나 busy 거부였다. IP 소실로 세지 않는다
13:52:50  [NET] CIFSR 3회에도 IP 가 없다 → CWJAP 부터 다시
13:52:50  [LADDER] 실패(CWJAP FAIL) CWJAP소요 610s · 연속 0회 · 결합유지 없음 · 현재 5단(120회 누적)
13:52:50  [LADDER] ⚠5단 미실행: 전원 재투입은 **부품 미보유로 미구현**이다
13:52:50  [LADDER]   필요 부품: 로우사이드 MOSFET 스위치(예: 2N7000/AO3400 + 10k)
13:52:50  [LADDER]   대신 4단 조치를 60초 백오프로 되풀이한다(종착역)
13:52:50  [AT] "AT+CIFSR" (8)
13:52:50  [AT] "busy p..." (9)
13:52:50  [NET] busy — ESP 가 앞 명령을 처리 중이다. 전진하지 않는다
13:52:51  [DIAG] offline step=3 사다리=5/121 rx=57464 lines=3639 up=1902s
13:52:52  [NET] 3 CIFSR (IP 를 실제로 받았는가)
13:52:52  [AT] "AT+CIFSR" (8)
13:52:52  [AT] "busy p..." (9)
13:52:52  [NET] busy — ESP 가 앞 명령을 처리 중이다. 전진하지 않는다
13:52:53  [NET] 3 CIFSR (IP 를 실제로 받았는가)
13:52:53  [AT] "AT+CIFSR" (8)
13:52:53  [AT] "busy p..." (9)
13:52:53  [NET] busy — ESP 가 앞 명령을 처리 중이다. 전진하지 않는다
13:52:54  [DIAG] offline step=3 사다리=5/121 rx=57508 lines=3643 up=1905s
13:52:55  [NET] 3 CIFSR (IP 를 실제로 받았는가)
13:52:55  [NET] CIFSR 3회 소진 — 그러나 busy 거부였다. IP 소실로 세지 않는다
13:52:55  [NET] CIFSR 3회에도 IP 가 없다 → CWJAP 부터 다시
13:52:55  [LADDER] 실패(CWJAP FAIL) CWJAP소요 615s · 연속 0회 · 결합유지 없음 · 현재 5단(121회 누적)
13:52:55  [LADDER] ⚠5단 미실행: 전원 재투입은 **부품 미보유로 미구현**이다
13:52:55  [LADDER]   필요 부품: 로우사이드 MOSFET 스위치(예: 2N7000/AO3400 + 10k)
13:52:55  [LADDER]   대신 4단 조치를 60초 백오프로 되풀이한다(종착역)
13:52:55  [AT] "AT+CIFSR" (8)
13:52:55  [AT] "busy p..." (9)
13:52:55  [NET] busy — ESP 가 앞 명령을 처리 중이다. 전진하지 않는다
13:52:56  [NET] 3 CIFSR (IP 를 실제로 받았는가)
13:52:56  [AT] "AT+CIFSR" (8)
13:52:56  [AT] "busy p..." (9)
13:52:56  [NET] busy — ESP 가 앞 명령을 처리 중이다. 전진하지 않는다
13:52:57  [DIAG] offline step=3 사다리=5/122 rx=57552 lines=3647 up=1908s
13:52:58  [NET] 3 CIFSR (IP 를 실제로 받았는가)
13:52:58  [AT] "AT+CIFSR" (8)
13:52:58  [AT] "busy p..." (9)
13:52:58  [NET] busy — ESP 가 앞 명령을 처리 중이다. 전진하지 않는다
13:52:59  [NET] 3 CIFSR (IP 를 실제로 받았는가)
13:52:59  [NET] CIFSR 3회 소진 — 그러나 busy 거부였다. IP 소실로 세지 않는다
13:53:00  [NET] CIFSR 3회에도 IP 가 없다 → CWJAP 부터 다시
13:53:00  [LADDER] 실패(CWJAP FAIL) CWJAP소요 620s · 연속 0회 · 결합유지 없음 · 현재 5단(122회 누적)
13:53:00  [LADDER] ⚠5단 미실행: 전원 재투입은 **부품 미보유로 미구현**이다
13:53:00  [LADDER]   필요 부품: 로우사이드 MOSFET 스위치(예: 2N7000/AO3400 + 10k)
13:53:00  [LADDER]   대신 4단 조치를 60초 백오프로 되풀이한다(종착역)
13:53:00  [AT] "AT+CIFSR" (8)
13:53:00  [AT] "busy p..." (9)
13:53:00  [NET] busy — ESP 가 앞 명령을 처리 중이다. 전진하지 않는다
13:53:00  [DIAG] offline step=3 사다리=5/123 rx=57596 lines=3651 up=1911s
13:53:01  [NET] 3 CIFSR (IP 를 실제로 받았는가)
13:53:01  [AT] "AT+CIFSR" (8)
13:53:01  [AT] "busy p..." (9)
13:53:01  [NET] busy — ESP 가 앞 명령을 처리 중이다. 전진하지 않는다
13:53:03  [NET] 3 CIFSR (IP 를 실제로 받았는가)
13:53:03  [AT] "AT+CIFSR" (8)
13:53:03  [AT] "busy p..." (9)
13:53:03  [NET] busy — ESP 가 앞 명령을 처리 중이다. 전진하지 않는다
13:53:03  [DIAG] offline step=3 사다리=5/123 rx=57640 lines=3655 up=1914s
13:53:04  [NET] 3 CIFSR (IP 를 실제로 받았는가)
13:53:04  [NET] CIFSR 3회 소진 — 그러나 busy 거부였다. IP 소실로 세지 않는다
13:53:04  [NET] CIFSR 3회에도 IP 가 없다 → CWJAP 부터 다시
13:53:04  [LADDER] 실패(CWJAP FAIL) CWJAP소요 624s · 연속 0회 · 결합유지 없음 · 현재 5단(123회 누적)
13:53:04  [LADDER] ⚠5단 미실행: 전원 재투입은 **부품 미보유로 미구현**이다
13:53:04  [LADDER]   필요 부품: 로우사이드 MOSFET 스위치(예: 2N7000/AO3400 + 10k)
13:53:04  [LADDER]   대신 4단 조치를 60초 백오프로 되풀이한다(종착역)
13:53:04  [AT] "AT+CIFSR" (8)
13:53:04  [AT] "busy p..." (9)
13:53:04  [NET] busy — ESP 가 앞 명령을 처리 중이다. 전진하지 않는다
13:53:06  [DIAG] offline step=3 사다리=5/124 rx=57662 lines=3657 up=1917s
13:53:06  [NET] 3 CIFSR (IP 를 실제로 받았는가)
13:53:06  [AT] "AT+CIFSR" (8)
13:53:06  [AT] "busy p..." (9)
13:53:06  [NET] busy — ESP 가 앞 명령을 처리 중이다. 전진하지 않는다
13:53:07  [NET] 3 CIFSR (IP 를 실제로 받았는가)
13:53:07  [AT] "AT+CIFSR" (8)
13:53:07  [AT] "busy p..." (9)
13:53:07  [NET] busy — ESP 가 앞 명령을 처리 중이다. 전진하지 않는다
13:53:08  [CNT] up=1920 drop=1 esprst=9 resync=0 sendfail=0 okto=5 stuck=1 ackq=0 ackdrop=0 ackstale=0 slot=1600 oow=0 smiss=6 ssovf=0 cksumng=0 okstream=906 penddrop=0 pendfill=908 bigfill=7 bigdrop=0 bigokst=6 oklost=0 bigoklost=0 skip=34 online=0
13:53:08  [RAM] 최저 여유 617 B · 프롬프트 재동기 0회 (서버의 '버린줄' 과 맞아야 한다)
13:53:09  [DIAG] offline step=3 사다리=5/124 rx=57706 lines=3661 up=1920s
13:53:09  [NET] 3 CIFSR (IP 를 실제로 받았는가)
13:53:09  [NET] CIFSR 3회 소진 — 그러나 busy 거부였다. IP 소실로 세지 않는다
13:53:09  [NET] CIFSR 3회에도 IP 가 없다 → CWJAP 부터 다시
13:53:09  [LADDER] 실패(CWJAP FAIL) CWJAP소요 629s · 연속 0회 · 결합유지 없음 · 현재 5단(124회 누적)
13:53:09  [LADDER] ⚠5단 미실행: 전원 재투입은 **부품 미보유로 미구현**이다
13:53:09  [LADDER]   필요 부품: 로우사이드 MOSFET 스위치(예: 2N7000/AO3400 + 10k)
13:53:09  [LADDER]   대신 4단 조치를 60초 백오프로 되풀이한다(종착역)
13:53:09  [AT] "AT+CIFSR" (8)
13:53:09  [AT] "busy p..." (9)
13:53:09  [NET] busy — ESP 가 앞 명령을 처리 중이다. 전진하지 않는다
13:53:10  «tap» 살아있음 — 최근 60초 rx=15042B (이 줄이 끊기면 탭이 죽은 것이다)
13:53:10  [NET] 3 CIFSR (IP 를 실제로 받았는가)
13:53:10  [AT] "AT+CIFSR" (8)
13:53:10  [AT] "busy p..." (9)
13:53:10  [NET] busy — ESP 가 앞 명령을 처리 중이다. 전진하지 않는다
13:53:12  [DIAG] offline step=3 사다리=5/125 rx=57750 lines=3665 up=1923s
13:53:12  [NET] 3 CIFSR (IP 를 실제로 받았는가)
13:53:12  [AT] "AT+CIFSR" (8)
13:53:12  [AT] "busy p..." (9)
13:53:12  [NET] busy — ESP 가 앞 명령을 처리 중이다. 전진하지 않는다
13:53:13  [NET] 3 CIFSR (IP 를 실제로 받았는가)
13:53:13  [NET] CIFSR 3회 소진 — 그러나 busy 거부였다. IP 소실로 세지 않는다
13:53:13  [NET] CIFSR 3회에도 IP 가 없다 → CWJAP 부터 다시
13:53:13  [LADDER] 실패(CWJAP FAIL) CWJAP소요 634s · 연속 0회 · 결합유지 없음 · 현재 5단(125회 누적)
13:53:13  [LADDER] ⚠5단 미실행: 전원 재투입은 **부품 미보유로 미구현**이다
13:53:13  [LADDER]   필요 부품: 로우사이드 MOSFET 스위치(예: 2N7000/AO3400 + 10k)
13:53:13  [LADDER]   대신 4단 조치를 60초 백오프로 되풀이한다(종착역)
13:53:13  [AT] "AT+CIFSR" (8)
13:53:13  [AT] "busy p..." (9)
13:53:14  [NET] busy — ESP 가 앞 명령을 처리 중이다. 전진하지 않는다
13:53:15  [DIAG] offline step=3 사다리=5/126 rx=57794 lines=3669 up=1926s
13:53:15  [NET] 3 CIFSR (IP 를 실제로 받았는가)
13:53:15  [AT] "AT+CIFSR" (8)
13:53:15  [AT] "busy p..." (9)
13:53:15  [NET] busy — ESP 가 앞 명령을 처리 중이다. 전진하지 않는다
13:53:17  [NET] 3 CIFSR (IP 를 실제로 받았는가)
13:53:17  [AT] "AT+CIFSR" (8)
13:53:17  [AT] "busy p..." (9)
13:53:17  [NET] busy — ESP 가 앞 명령을 처리 중이다. 전진하지 않는다
13:53:18  [DIAG] offline step=3 사다리=5/126 rx=57838 lines=3673 up=1929s
13:53:18  [NET] 3 CIFSR (IP 를 실제로 받았는가)
13:53:18  [NET] CIFSR 3회 소진 — 그러나 busy 거부였다. IP 소실로 세지 않는다
13:53:18  [NET] CIFSR 3회에도 IP 가 없다 → CWJAP 부터 다시
13:53:18  [LADDER] 실패(CWJAP FAIL) CWJAP소요 638s · 연속 0회 · 결합유지 없음 · 현재 5단(126회 누적)
13:53:18  [LADDER] ⚠5단 미실행: 전원 재투입은 **부품 미보유로 미구현**이다
13:53:18  [LADDER]   필요 부품: 로우사이드 MOSFET 스위치(예: 2N7000/AO3400 + 10k)
13:53:18  [LADDER]   대신 4단 조치를 60초 백오프로 되풀이한다(종착역)
13:53:18  [AT] "AT+CIFSR" (8)
13:53:18  [AT] "busy p..." (9)
13:53:18  [NET] busy — ESP 가 앞 명령을 처리 중이다. 전진하지 않는다
13:53:20  [NET] 3 CIFSR (IP 를 실제로 받았는가)
13:53:20  [AT] "AT+CIFSR" (8)
13:53:20  [AT] "busy p..." (9)
13:53:20  [NET] busy — ESP 가 앞 명령을 처리 중이다. 전진하지 않는다
13:53:21  [DIAG] offline step=3 사다리=5/127 rx=57882 lines=3677 up=1932s
13:53:21  [NET] 3 CIFSR (IP 를 실제로 받았는가)
13:53:21  [AT] "AT+CIFSR" (8)
13:53:21  [AT] "busy p..." (9)
13:53:21  [NET] busy — ESP 가 앞 명령을 처리 중이다. 전진하지 않는다
13:53:23  [NET] 3 CIFSR (IP 를 실제로 받았는가)
13:53:23  [NET] CIFSR 3회 소진 — 그러나 busy 거부였다. IP 소실로 세지 않는다
13:53:23  [NET] CIFSR 3회에도 IP 가 없다 → CWJAP 부터 다시
13:53:23  [LADDER] 실패(CWJAP FAIL) CWJAP소요 643s · 연속 0회 · 결합유지 없음 · 현재 5단(127회 누적)
13:53:23  [LADDER] ⚠5단 미실행: 전원 재투입은 **부품 미보유로 미구현**이다
13:53:23  [LADDER]   필요 부품: 로우사이드 MOSFET 스위치(예: 2N7000/AO3400 + 10k)
13:53:23  [LADDER]   대신 4단 조치를 60초 백오프로 되풀이한다(종착역)
13:53:23  [AT] "AT+CIFSR" (8)
13:53:23  [AT] "busy p..." (9)
13:53:23  [NET] busy — ESP 가 앞 명령을 처리 중이다. 전진하지 않는다
13:53:24  [DIAG] offline step=3 사다리=5/128 rx=57926 lines=3681 up=1935s
13:53:24  [NET] 3 CIFSR (IP 를 실제로 받았는가)
13:53:24  [AT] "AT+CIFSR" (8)
13:53:24  [AT] "busy p..." (9)
13:53:24  [NET] busy — ESP 가 앞 명령을 처리 중이다. 전진하지 않는다
13:53:26  [NET] 3 CIFSR (IP 를 실제로 받았는가)
13:53:26  [AT] "AT+CIFSR" (8)
13:53:26  [AT] "busy p..." (9)
13:53:26  [NET] busy — ESP 가 앞 명령을 처리 중이다. 전진하지 않는다
13:53:27  [DIAG] offline step=3 사다리=5/128 rx=57970 lines=3685 up=1938s
13:53:27  [NET] 3 CIFSR (IP 를 실제로 받았는가)
13:53:27  [NET] CIFSR 3회 소진 — 그러나 busy 거부였다. IP 소실로 세지 않는다
13:53:27  [NET] CIFSR 3회에도 IP 가 없다 → CWJAP 부터 다시
13:53:27  [LADDER] 실패(CWJAP FAIL) CWJAP소요 648s · 연속 0회 · 결합유지 없음 · 현재 5단(128회 누적)
13:53:27  [LADDER] ⚠5단 미실행: 전원 재투입은 **부품 미보유로 미구현**이다
13:53:27  [LADDER]   필요 부품: 로우사이드 MOSFET 스위치(예: 2N7000/AO3400 + 10k)
13:53:27  [LADDER]   대신 4단 조치를 60초 백오프로 되풀이한다(종착역)
13:53:27  [AT] "AT+CIFSR" (8)
13:53:27  [AT] "busy p..." (9)
13:53:27  [NET] busy — ESP 가 앞 명령을 처리 중이다. 전진하지 않는다
13:53:29  [NET] 3 CIFSR (IP 를 실제로 받았는가)
13:53:29  [AT] "AT+CIFSR" (8)
13:53:29  [AT] "busy p..." (9)
13:53:29  [NET] busy — ESP 가 앞 명령을 처리 중이다. 전진하지 않는다
13:53:30  [DIAG] offline step=3 사다리=5/129 rx=58014 lines=3689 up=1941s
13:53:31  [NET] 3 CIFSR (IP 를 실제로 받았는가)
13:53:31  [AT] "AT+CIFSR" (8)
13:53:31  [AT] "busy p..." (9)
13:53:31  [NET] busy — ESP 가 앞 명령을 처리 중이다. 전진하지 않는다
13:53:32  [NET] 3 CIFSR (IP 를 실제로 받았는가)
13:53:32  [NET] CIFSR 3회 소진 — 그러나 busy 거부였다. IP 소실로 세지 않는다
13:53:32  [NET] CIFSR 3회에도 IP 가 없다 → CWJAP 부터 다시
13:53:32  [LADDER] 실패(CWJAP FAIL) CWJAP소요 652s · 연속 0회 · 결합유지 없음 · 현재 5단(129회 누적)
13:53:32  [LADDER] ⚠5단 미실행: 전원 재투입은 **부품 미보유로 미구현**이다
13:53:32  [LADDER]   필요 부품: 로우사이드 MOSFET 스위치(예: 2N7000/AO3400 + 10k)
13:53:32  [LADDER]   대신 4단 조치를 60초 백오프로 되풀이한다(종착역)
13:53:32  [AT] "AT+CIFSR" (8)
13:53:32  [AT] "busy p..." (9)
13:53:32  [NET] busy — ESP 가 앞 명령을 처리 중이다. 전진하지 않는다
13:53:33  [DIAG] offline step=3 사다리=5/130 rx=58058 lines=3693 up=1944s
13:53:34  [NET] 3 CIFSR (IP 를 실제로 받았는가)
13:53:34  [AT] "AT+CIFSR" (8)
13:53:34  [AT] "busy p..." (9)
13:53:34  [NET] busy — ESP 가 앞 명령을 처리 중이다. 전진하지 않는다
13:53:35  [NET] 3 CIFSR (IP 를 실제로 받았는가)
13:53:35  [AT] "AT+CIFSR" (8)
13:53:35  [AT] "busy p..." (9)
13:53:35  [NET] busy — ESP 가 앞 명령을 처리 중이다. 전진하지 않는다
13:53:36  [DIAG] offline step=3 사다리=5/130 rx=58102 lines=3697 up=1947s
13:53:37  [NET] 3 CIFSR (IP 를 실제로 받았는가)
13:53:37  [NET] CIFSR 3회 소진 — 그러나 busy 거부였다. IP 소실로 세지 않는다
13:53:37  [NET] CIFSR 3회에도 IP 가 없다 → CWJAP 부터 다시
13:53:37  [LADDER] 실패(CWJAP FAIL) CWJAP소요 657s · 연속 0회 · 결합유지 없음 · 현재 5단(130회 누적)
13:53:37  [LADDER] ⚠5단 미실행: 전원 재투입은 **부품 미보유로 미구현**이다
13:53:37  [LADDER]   필요 부품: 로우사이드 MOSFET 스위치(예: 2N7000/AO3400 + 10k)
13:53:37  [LADDER]   대신 4단 조치를 60초 백오프로 되풀이한다(종착역)
13:53:37  [AT] "AT+CIFSR" (8)
13:53:37  [AT] "busy p..." (9)
13:53:37  [NET] busy — ESP 가 앞 명령을 처리 중이다. 전진하지 않는다
13:53:38  [NET] 3 CIFSR (IP 를 실제로 받았는가)
13:53:38  [AT] "AT+CIFSR" (8)
13:53:38  [AT] "busy p..." (9)
13:53:38  [NET] busy — ESP 가 앞 명령을 처리 중이다. 전진하지 않는다
13:53:39  [DIAG] offline step=3 사다리=5/131 rx=58146 lines=3701 up=1950s
13:53:40  [NET] 3 CIFSR (IP 를 실제로 받았는가)
13:53:40  [AT] "AT+CIFSR" (8)
13:53:40  [AT] "busy p..." (9)
13:53:40  [NET] busy — ESP 가 앞 명령을 처리 중이다. 전진하지 않는다
13:53:41  [NET] 3 CIFSR (IP 를 실제로 받았는가)
13:53:41  [NET] CIFSR 3회 소진 — 그러나 busy 거부였다. IP 소실로 세지 않는다
13:53:41  [NET] CIFSR 3회에도 IP 가 없다 → CWJAP 부터 다시
13:53:41  [LADDER] 실패(CWJAP FAIL) CWJAP소요 662s · 연속 0회 · 결합유지 없음 · 현재 5단(131회 누적)
13:53:41  [LADDER] ⚠5단 미실행: 전원 재투입은 **부품 미보유로 미구현**이다
13:53:41  [LADDER]   필요 부품: 로우사이드 MOSFET 스위치(예: 2N7000/AO3400 + 10k)
13:53:41  [LADDER]   대신 4단 조치를 60초 백오프로 되풀이한다(종착역)
13:53:41  [AT] "AT+CIFSR" (8)
13:53:41  [AT] "busy p..." (9)
13:53:41  [NET] busy — ESP 가 앞 명령을 처리 중이다. 전진하지 않는다
13:53:42  [DIAG] offline step=3 사다리=5/132 rx=58190 lines=3705 up=1953s
13:53:43  [NET] 3 CIFSR (IP 를 실제로 받았는가)
13:53:43  [AT] "AT+CIFSR" (8)
13:53:43  [AT] "busy p..." (9)
13:53:43  [NET] busy — ESP 가 앞 명령을 처리 중이다. 전진하지 않는다
13:53:44  [NET] 3 CIFSR (IP 를 실제로 받았는가)
13:53:45  [AT] "AT+CIFSR" (8)
13:53:45  [AT] "busy p..." (9)
13:53:45  [NET] busy — ESP 가 앞 명령을 처리 중이다. 전진하지 않는다
13:53:45  [DIAG] offline step=3 사다리=5/132 rx=58234 lines=3709 up=1956s
13:53:46  [NET] 3 CIFSR (IP 를 실제로 받았는가)
13:53:46  [NET] CIFSR 3회 소진 — 그러나 busy 거부였다. IP 소실로 세지 않는다
13:53:46  [NET] CIFSR 3회에도 IP 가 없다 → CWJAP 부터 다시
13:53:46  [LADDER] 실패(CWJAP FAIL) CWJAP소요 666s · 연속 0회 · 결합유지 없음 · 현재 5단(132회 누적)
13:53:46  [LADDER] ⚠5단 미실행: 전원 재투입은 **부품 미보유로 미구현**이다
13:53:46  [LADDER]   필요 부품: 로우사이드 MOSFET 스위치(예: 2N7000/AO3400 + 10k)
13:53:46  [LADDER]   대신 4단 조치를 60초 백오프로 되풀이한다(종착역)
13:53:46  [AT] "AT+CIFSR" (8)
13:53:46  [AT] "busy p..." (9)
13:53:46  [NET] busy — ESP 가 앞 명령을 처리 중이다. 전진하지 않는다
13:53:48  [DIAG] offline step=3 사다리=5/133 rx=58256 lines=3711 up=1959s
13:53:48  [NET] 3 CIFSR (IP 를 실제로 받았는가)
13:53:48  [AT] "AT+CIFSR" (8)
13:53:48  [AT] "busy p..." (9)
13:53:48  [NET] busy — ESP 가 앞 명령을 처리 중이다. 전진하지 않는다
13:53:49  [NET] 3 CIFSR (IP 를 실제로 받았는가)
13:53:49  [AT] "AT+CIFSR" (8)
13:53:49  [AT] "busy p..." (9)
13:53:49  [NET] busy — ESP 가 앞 명령을 처리 중이다. 전진하지 않는다
13:53:51  [DIAG] offline step=3 사다리=5/133 rx=58300 lines=3715 up=1962s
13:53:51  [NET] 3 CIFSR (IP 를 실제로 받았는가)
13:53:51  [NET] CIFSR 3회 소진 — 그러나 busy 거부였다. IP 소실로 세지 않는다
13:53:51  [NET] CIFSR 3회에도 IP 가 없다 → CWJAP 부터 다시
13:53:51  [LADDER] 실패(CWJAP FAIL) CWJAP소요 671s · 연속 0회 · 결합유지 없음 · 현재 5단(133회 누적)
13:53:51  [LADDER] ⚠5단 미실행: 전원 재투입은 **부품 미보유로 미구현**이다
13:53:51  [LADDER]   필요 부품: 로우사이드 MOSFET 스위치(예: 2N7000/AO3400 + 10k)
13:53:51  [LADDER]   대신 4단 조치를 60초 백오프로 되풀이한다(종착역)
13:53:51  [AT] "AT+CIFSR" (8)
13:53:51  [AT] "busy p..." (9)
13:53:51  [NET] busy — ESP 가 앞 명령을 처리 중이다. 전진하지 않는다
13:53:52  [NET] 3 CIFSR (IP 를 실제로 받았는가)
13:53:52  [AT] "AT+CIFSR" (8)
13:53:52  [AT] "busy p..." (9)
13:53:52  [NET] busy — ESP 가 앞 명령을 처리 중이다. 전진하지 않는다
13:53:54  [DIAG] offline step=3 사다리=5/134 rx=58344 lines=3719 up=1965s
13:53:54  [NET] 3 CIFSR (IP 를 실제로 받았는가)
13:53:54  [AT] "AT+CIFSR" (8)
13:53:54  [AT] "busy p..." (9)
13:53:54  [NET] busy — ESP 가 앞 명령을 처리 중이다. 전진하지 않는다
13:53:55  [NET] 3 CIFSR (IP 를 실제로 받았는가)
13:53:55  [NET] CIFSR 3회 소진 — 그러나 busy 거부였다. IP 소실로 세지 않는다
13:53:55  [NET] CIFSR 3회에도 IP 가 없다 → CWJAP 부터 다시
13:53:55  [LADDER] 실패(CWJAP FAIL) CWJAP소요 676s · 연속 0회 · 결합유지 없음 · 현재 5단(134회 누적)
13:53:55  [LADDER] ⚠5단 미실행: 전원 재투입은 **부품 미보유로 미구현**이다
13:53:55  [LADDER]   필요 부품: 로우사이드 MOSFET 스위치(예: 2N7000/AO3400 + 10k)
13:53:55  [LADDER]   대신 4단 조치를 60초 백오프로 되풀이한다(종착역)
13:53:55  [AT] "AT+CIFSR" (8)
13:53:55  [AT] "busy p..." (9)
13:53:55  [NET] busy — ESP 가 앞 명령을 처리 중이다. 전진하지 않는다
13:53:57  [DIAG] offline step=3 사다리=5/135 rx=58388 lines=3723 up=1968s
13:53:57  [NET] 3 CIFSR (IP 를 실제로 받았는가)
13:53:57  [AT] "AT+CIFSR" (8)
13:53:57  [AT] "busy p..." (9)
13:53:57  [NET] busy — ESP 가 앞 명령을 처리 중이다. 전진하지 않는다
13:53:58  [NET] 3 CIFSR (IP 를 실제로 받았는가)
13:53:58  [AT] "AT+CIFSR" (8)
13:53:58  [AT] "busy p..." (9)
13:53:58  [NET] busy — ESP 가 앞 명령을 처리 중이다. 전진하지 않는다
13:54:00  [DIAG] offline step=3 사다리=5/135 rx=58432 lines=3727 up=1971s
13:54:00  [NET] 3 CIFSR (IP 를 실제로 받았는가)
13:54:00  [NET] CIFSR 3회 소진 — 그러나 busy 거부였다. IP 소실로 세지 않는다
13:54:00  [NET] CIFSR 3회에도 IP 가 없다 → CWJAP 부터 다시
13:54:00  [LADDER] 실패(CWJAP FAIL) CWJAP소요 680s · 연속 0회 · 결합유지 없음 · 현재 5단(135회 누적)
13:54:00  [LADDER] ⚠5단 미실행: 전원 재투입은 **부품 미보유로 미구현**이다
13:54:00  [LADDER]   필요 부품: 로우사이드 MOSFET 스위치(예: 2N7000/AO3400 + 10k)
13:54:00  [LADDER]   대신 4단 조치를 60초 백오프로 되풀이한다(종착역)
13:54:00  [AT] "AT+CIFSR" (8)
13:54:00  [AT] "busy p..." (9)
13:54:00  [NET] busy — ESP 가 앞 명령을 처리 중이다. 전진하지 않는다
13:54:02  [NET] 3 CIFSR (IP 를 실제로 받았는가)
13:54:02  [AT] "AT+CIFSR" (8)
13:54:02  [AT] "busy p..." (9)
13:54:02  [NET] busy — ESP 가 앞 명령을 처리 중이다. 전진하지 않는다
13:54:03  [DIAG] offline step=3 사다리=5/136 rx=58476 lines=3731 up=1974s
13:54:03  [NET] 3 CIFSR (IP 를 실제로 받았는가)
13:54:03  [AT] "AT+CIFSR" (8)
13:54:03  [AT] "busy p..." (9)
13:54:03  [NET] busy — ESP 가 앞 명령을 처리 중이다. 전진하지 않는다
13:54:05  [NET] 3 CIFSR (IP 를 실제로 받았는가)
13:54:05  [NET] CIFSR 3회 소진 — 그러나 busy 거부였다. IP 소실로 세지 않는다
13:54:05  [NET] CIFSR 3회에도 IP 가 없다 → CWJAP 부터 다시
13:54:05  [LADDER] 실패(CWJAP FAIL) CWJAP소요 685s · 연속 0회 · 결합유지 없음 · 현재 5단(136회 누적)
13:54:05  [LADDER] ⚠5단 미실행: 전원 재투입은 **부품 미보유로 미구현**이다
13:54:05  [LADDER]   필요 부품: 로우사이드 MOSFET 스위치(예: 2N7000/AO3400 + 10k)
13:54:05  [LADDER]   대신 4단 조치를 60초 백오프로 되풀이한다(종착역)
13:54:05  [AT] "AT+CIFSR" (8)
13:54:05  [AT] "busy p..." (9)
13:54:05  [NET] busy — ESP 가 앞 명령을 처리 중이다. 전진하지 않는다
13:54:06  [DIAG] offline step=3 사다리=5/137 rx=58520 lines=3735 up=1977s
13:54:06  [NET] 3 CIFSR (IP 를 실제로 받았는가)
13:54:06  [AT] "AT+CIFSR" (8)
13:54:06  [AT] "busy p..." (9)
13:54:06  [NET] busy — ESP 가 앞 명령을 처리 중이다. 전진하지 않는다
13:54:08  [CNT] up=1980 drop=1 esprst=9 resync=0 sendfail=0 okto=5 stuck=1 ackq=0 ackdrop=0 ackstale=0 slot=1650 oow=0 smiss=6 ssovf=0 cksumng=0 okstream=906 penddrop=0 pendfill=908 bigfill=7 bigdrop=0 bigokst=6 oklost=0 bigoklost=0 skip=34 online=0
13:54:08  [RAM] 최저 여유 617 B · 프롬프트 재동기 0회 (서버의 '버린줄' 과 맞아야 한다)
13:54:08  [NET] 3 CIFSR (IP 를 실제로 받았는가)
13:54:08  [AT] "AT+CIFSR" (8)
13:54:08  [AT] "busy p..." (9)
13:54:08  [NET] busy — ESP 가 앞 명령을 처리 중이다. 전진하지 않는다
13:54:09  [DIAG] offline step=3 사다리=5/137 rx=58564 lines=3739 up=1980s
13:54:09  [NET] 3 CIFSR (IP 를 실제로 받았는가)
13:54:09  [NET] CIFSR 3회 소진 — 그러나 busy 거부였다. IP 소실로 세지 않는다
13:54:09  [NET] CIFSR 3회에도 IP 가 없다 → CWJAP 부터 다시
13:54:09  [LADDER] 실패(CWJAP FAIL) CWJAP소요 690s · 연속 0회 · 결합유지 없음 · 현재 5단(137회 누적)
13:54:09  [LADDER] ⚠5단 미실행: 전원 재투입은 **부품 미보유로 미구현**이다
13:54:09  [LADDER]   필요 부품: 로우사이드 MOSFET 스위치(예: 2N7000/AO3400 + 10k)
13:54:09  [LADDER]   대신 4단 조치를 60초 백오프로 되풀이한다(종착역)
13:54:09  [AT] "AT+CIFSR" (8)
13:54:09  [AT] "busy p..." (9)
13:54:09  [NET] busy — ESP 가 앞 명령을 처리 중이다. 전진하지 않는다
13:54:10  «tap» 살아있음 — 최근 60초 rx=15042B (이 줄이 끊기면 탭이 죽은 것이다)
13:54:11  [NET] 3 CIFSR (IP 를 실제로 받았는가)
13:54:11  [AT] "AT+CIFSR" (8)
13:54:11  [AT] "busy p..." (9)
13:54:11  [NET] busy — ESP 가 앞 명령을 처리 중이다. 전진하지 않는다
13:54:12  [DIAG] offline step=3 사다리=5/138 rx=58608 lines=3743 up=1983s
13:54:12  [NET] 3 CIFSR (IP 를 실제로 받았는가)
13:54:12  [AT] "AT+CIFSR" (8)
13:54:12  [AT] "busy p..." (9)
13:54:12  [NET] busy — ESP 가 앞 명령을 처리 중이다. 전진하지 않는다
13:54:14  [NET] 3 CIFSR (IP 를 실제로 받았는가)
13:54:14  [NET] CIFSR 3회 소진 — 그러나 busy 거부였다. IP 소실로 세지 않는다
13:54:14  [NET] CIFSR 3회에도 IP 가 없다 → CWJAP 부터 다시
13:54:14  [LADDER] 실패(CWJAP FAIL) CWJAP소요 694s · 연속 0회 · 결합유지 없음 · 현재 5단(138회 누적)
13:54:14  [LADDER] ⚠5단 미실행: 전원 재투입은 **부품 미보유로 미구현**이다
13:54:14  [LADDER]   필요 부품: 로우사이드 MOSFET 스위치(예: 2N7000/AO3400 + 10k)
13:54:14  [LADDER]   대신 4단 조치를 60초 백오프로 되풀이한다(종착역)
13:54:14  [AT] "AT+CIFSR" (8)
13:54:14  [AT] "busy p..." (9)
13:54:14  [NET] busy — ESP 가 앞 명령을 처리 중이다. 전진하지 않는다
13:54:15  [DIAG] offline step=3 사다리=5/139 rx=58652 lines=3747 up=1986s
13:54:16  [NET] 3 CIFSR (IP 를 실제로 받았는가)
13:54:16  [AT] "AT+CIFSR" (8)
13:54:16  [AT] "busy p..." (9)
13:54:16  [NET] busy — ESP 가 앞 명령을 처리 중이다. 전진하지 않는다
13:54:17  [NET] 3 CIFSR (IP 를 실제로 받았는가)
13:54:17  [AT] "AT+CIFSR" (8)
13:54:17  [AT] "busy p..." (9)
13:54:17  [NET] busy — ESP 가 앞 명령을 처리 중이다. 전진하지 않는다
13:54:18  [DIAG] offline step=3 사다리=5/139 rx=58696 lines=3751 up=1989s
13:54:19  [NET] 3 CIFSR (IP 를 실제로 받았는가)
13:54:19  [NET] CIFSR 3회 소진 — 그러나 busy 거부였다. IP 소실로 세지 않는다
13:54:19  [NET] CIFSR 3회에도 IP 가 없다 → CWJAP 부터 다시
13:54:19  [LADDER] 실패(CWJAP FAIL) CWJAP소요 699s · 연속 0회 · 결합유지 없음 · 현재 5단(139회 누적)
13:54:19  [LADDER] ⚠5단 미실행: 전원 재투입은 **부품 미보유로 미구현**이다
13:54:19  [LADDER]   필요 부품: 로우사이드 MOSFET 스위치(예: 2N7000/AO3400 + 10k)
13:54:19  [LADDER]   대신 4단 조치를 60초 백오프로 되풀이한다(종착역)
13:54:19  [AT] "AT+CIFSR" (8)
13:54:19  [AT] "busy p..." (9)
13:54:19  [NET] busy — ESP 가 앞 명령을 처리 중이다. 전진하지 않는다
13:54:20  [NET] 3 CIFSR (IP 를 실제로 받았는가)
13:54:20  [AT] "AT+CIFSR" (8)
13:54:20  [AT] "busy p..." (9)
13:54:20  [NET] busy — ESP 가 앞 명령을 처리 중이다. 전진하지 않는다
13:54:21  [DIAG] offline step=3 사다리=5/140 rx=58740 lines=3755 up=1992s
13:54:22  [NET] 3 CIFSR (IP 를 실제로 받았는가)
13:54:22  [AT] "AT+CIFSR" (8)
13:54:22  [AT] "busy p..." (9)
13:54:22  [NET] busy — ESP 가 앞 명령을 처리 중이다. 전진하지 않는다
13:54:23  [NET] 3 CIFSR (IP 를 실제로 받았는가)
13:54:23  [NET] CIFSR 3회 소진 — 그러나 busy 거부였다. IP 소실로 세지 않는다
13:54:23  [NET] CIFSR 3회에도 IP 가 없다 → CWJAP 부터 다시
13:54:23  [LADDER] 실패(CWJAP FAIL) CWJAP소요 704s · 연속 0회 · 결합유지 없음 · 현재 5단(140회 누적)
13:54:23  [LADDER] ⚠5단 미실행: 전원 재투입은 **부품 미보유로 미구현**이다
13:54:23  [LADDER]   필요 부품: 로우사이드 MOSFET 스위치(예: 2N7000/AO3400 + 10k)
13:54:23  [LADDER]   대신 4단 조치를 60초 백오프로 되풀이한다(종착역)
13:54:23  [AT] "AT+CIFSR" (8)
13:54:23  [AT] "busy p..." (9)
13:54:23  [NET] busy — ESP 가 앞 명령을 처리 중이다. 전진하지 않는다
13:54:24  [DIAG] offline step=3 사다리=5/141 rx=58784 lines=3759 up=1995s
13:54:25  [NET] 3 CIFSR (IP 를 실제로 받았는가)
13:54:25  [AT] "AT+CIFSR" (8)
13:54:25  [AT] "busy p..." (9)
13:54:25  [NET] busy — ESP 가 앞 명령을 처리 중이다. 전진하지 않는다
13:54:26  [NET] 3 CIFSR (IP 를 실제로 받았는가)
13:54:26  [AT] "AT+CIFSR" (8)
13:54:26  [AT] "busy p..." (9)
13:54:26  [NET] busy — ESP 가 앞 명령을 처리 중이다. 전진하지 않는다
13:54:27  [DIAG] offline step=3 사다리=5/141 rx=58828 lines=3763 up=1998s
13:54:28  [NET] 3 CIFSR (IP 를 실제로 받았는가)
13:54:28  [NET] CIFSR 3회 소진 — 그러나 busy 거부였다. IP 소실로 세지 않는다
13:54:28  [NET] CIFSR 3회에도 IP 가 없다 → CWJAP 부터 다시
13:54:28  [LADDER] 실패(CWJAP FAIL) CWJAP소요 708s · 연속 0회 · 결합유지 없음 · 현재 5단(141회 누적)
13:54:28  [LADDER] ⚠5단 미실행: 전원 재투입은 **부품 미보유로 미구현**이다
13:54:28  [LADDER]   필요 부품: 로우사이드 MOSFET 스위치(예: 2N7000/AO3400 + 10k)
13:54:28  [LADDER]   대신 4단 조치를 60초 백오프로 되풀이한다(종착역)
13:54:28  [AT] "AT+CIFSR" (8)
13:54:28  [AT] "busy p..." (9)
13:54:28  [NET] busy — ESP 가 앞 명령을 처리 중이다. 전진하지 않는다
13:54:30  [NET] 3 CIFSR (IP 를 실제로 받았는가)
13:54:30  [AT] "AT+CIFSR" (8)
13:54:30  [AT] "busy p..." (9)
13:54:30  [NET] busy — ESP 가 앞 명령을 처리 중이다. 전진하지 않는다
13:54:30  [DIAG] offline step=3 사다리=5/142 rx=58872 lines=3767 up=2001s
13:54:31  [NET] 3 CIFSR (IP 를 실제로 받았는가)
13:54:31  [AT] "AT+CIFSR" (8)
13:54:31  [AT] "busy p..." (9)
13:54:31  [NET] busy — ESP 가 앞 명령을 처리 중이다. 전진하지 않는다
13:54:33  [DIAG] offline step=3 사다리=5/142 rx=58894 lines=3769 up=2004s
13:54:33  [NET] 3 CIFSR (IP 를 실제로 받았는가)
13:54:33  [NET] CIFSR 3회 소진 — 그러나 busy 거부였다. IP 소실로 세지 않는다
13:54:33  [NET] CIFSR 3회에도 IP 가 없다 → CWJAP 부터 다시
13:54:33  [LADDER] 실패(CWJAP FAIL) CWJAP소요 713s · 연속 0회 · 결합유지 없음 · 현재 5단(142회 누적)
13:54:33  [LADDER] ⚠5단 미실행: 전원 재투입은 **부품 미보유로 미구현**이다
13:54:33  [LADDER]   필요 부품: 로우사이드 MOSFET 스위치(예: 2N7000/AO3400 + 10k)
13:54:33  [LADDER]   대신 4단 조치를 60초 백오프로 되풀이한다(종착역)
13:54:33  [AT] "AT+CIFSR" (8)
13:54:33  [AT] "busy p..." (9)
13:54:33  [NET] busy — ESP 가 앞 명령을 처리 중이다. 전진하지 않는다
13:54:34  [NET] 3 CIFSR (IP 를 실제로 받았는가)
13:54:34  [AT] "AT+CIFSR" (8)
13:54:34  [AT] "busy p..." (9)
13:54:34  [NET] busy — ESP 가 앞 명령을 처리 중이다. 전진하지 않는다
13:54:36  [DIAG] offline step=3 사다리=5/143 rx=58938 lines=3773 up=2007s
13:54:36  [NET] 3 CIFSR (IP 를 실제로 받았는가)
13:54:36  [AT] "AT+CIFSR" (8)
13:54:36  [AT] "busy p..." (9)
13:54:36  [NET] busy — ESP 가 앞 명령을 처리 중이다. 전진하지 않는다
13:54:37  [NET] 3 CIFSR (IP 를 실제로 받았는가)
13:54:37  [NET] CIFSR 3회 소진 — 그러나 busy 거부였다. IP 소실로 세지 않는다
13:54:37  [NET] CIFSR 3회에도 IP 가 없다 → CWJAP 부터 다시
13:54:37  [LADDER] 실패(CWJAP FAIL) CWJAP소요 718s · 연속 0회 · 결합유지 없음 · 현재 5단(143회 누적)
13:54:37  [LADDER] ⚠5단 미실행: 전원 재투입은 **부품 미보유로 미구현**이다
13:54:37  [LADDER]   필요 부품: 로우사이드 MOSFET 스위치(예: 2N7000/AO3400 + 10k)
13:54:37  [LADDER]   대신 4단 조치를 60초 백오프로 되풀이한다(종착역)
13:54:37  [AT] "AT+CIFSR" (8)
13:54:37  [AT] "busy p..." (9)
13:54:37  [NET] busy — ESP 가 앞 명령을 처리 중이다. 전진하지 않는다
13:54:39  [DIAG] offline step=3 사다리=5/144 rx=58982 lines=3777 up=2010s
13:54:39  [NET] 3 CIFSR (IP 를 실제로 받았는가)
13:54:39  [AT] "AT+CIFSR" (8)
13:54:39  [AT] "busy p..." (9)
13:54:39  [NET] busy — ESP 가 앞 명령을 처리 중이다. 전진하지 않는다
13:54:40  [NET] 3 CIFSR (IP 를 실제로 받았는가)
13:54:40  [AT] "AT+CIFSR" (8)
13:54:40  [AT] "busy p..." (9)
13:54:40  [NET] busy — ESP 가 앞 명령을 처리 중이다. 전진하지 않는다
13:54:42  [DIAG] offline step=3 사다리=5/144 rx=59026 lines=3781 up=2013s
13:54:42  [NET] 3 CIFSR (IP 를 실제로 받았는가)
13:54:42  [NET] CIFSR 3회 소진 — 그러나 busy 거부였다. IP 소실로 세지 않는다
13:54:42  [NET] CIFSR 3회에도 IP 가 없다 → CWJAP 부터 다시
13:54:42  [LADDER] 실패(CWJAP FAIL) CWJAP소요 722s · 연속 0회 · 결합유지 없음 · 현재 5단(144회 누적)
13:54:42  [LADDER] ⚠5단 미실행: 전원 재투입은 **부품 미보유로 미구현**이다
13:54:42  [LADDER]   필요 부품: 로우사이드 MOSFET 스위치(예: 2N7000/AO3400 + 10k)
13:54:42  [LADDER]   대신 4단 조치를 60초 백오프로 되풀이한다(종착역)
13:54:42  [AT] "AT+CIFSR" (8)
13:54:42  [AT] "busy p..." (9)
13:54:42  [NET] busy — ESP 가 앞 명령을 처리 중이다. 전진하지 않는다
13:54:43  [NET] 3 CIFSR (IP 를 실제로 받았는가)
13:54:43  [AT] "AT+CIFSR" (8)
13:54:43  [AT] "busy p..." (9)
13:54:43  [NET] busy — ESP 가 앞 명령을 처리 중이다. 전진하지 않는다
13:54:45  [DIAG] offline step=3 사다리=5/145 rx=59070 lines=3785 up=2016s
13:54:45  [NET] 3 CIFSR (IP 를 실제로 받았는가)
13:54:45  [AT] "AT+CIFSR" (8)
13:54:45  [AT] "busy p..." (9)
13:54:45  [NET] busy — ESP 가 앞 명령을 처리 중이다. 전진하지 않는다
13:54:47  [NET] 3 CIFSR (IP 를 실제로 받았는가)
13:54:47  [NET] CIFSR 3회 소진 — 그러나 busy 거부였다. IP 소실로 세지 않는다
13:54:47  [NET] CIFSR 3회에도 IP 가 없다 → CWJAP 부터 다시
13:54:47  [LADDER] 실패(CWJAP FAIL) CWJAP소요 727s · 연속 0회 · 결합유지 없음 · 현재 5단(145회 누적)
13:54:47  [LADDER] ⚠5단 미실행: 전원 재투입은 **부품 미보유로 미구현**이다
13:54:47  [LADDER]   필요 부품: 로우사이드 MOSFET 스위치(예: 2N7000/AO3400 + 10k)
13:54:47  [LADDER]   대신 4단 조치를 60초 백오프로 되풀이한다(종착역)
13:54:47  [AT] "AT+CIFSR" (8)
13:54:47  [AT] "busy p..." (9)
13:54:47  [NET] busy — ESP 가 앞 명령을 처리 중이다. 전진하지 않는다
13:54:48  [DIAG] offline step=3 사다리=5/146 rx=59114 lines=3789 up=2019s
13:54:48  [NET] 3 CIFSR (IP 를 실제로 받았는가)
13:54:48  [AT] "AT+CIFSR" (8)
13:54:48  [AT] "busy p..." (9)
13:54:48  [NET] busy — ESP 가 앞 명령을 처리 중이다. 전진하지 않는다
13:54:50  [NET] 3 CIFSR (IP 를 실제로 받았는가)
13:54:50  [AT] "AT+CIFSR" (8)
13:54:50  [AT] "busy p..." (9)
13:54:50  [NET] busy — ESP 가 앞 명령을 처리 중이다. 전진하지 않는다
13:54:51  [DIAG] offline step=3 사다리=5/146 rx=59158 lines=3793 up=2022s
13:54:51  [NET] 3 CIFSR (IP 를 실제로 받았는가)
13:54:51  [NET] CIFSR 3회 소진 — 그러나 busy 거부였다. IP 소실로 세지 않는다
13:54:51  [NET] CIFSR 3회에도 IP 가 없다 → CWJAP 부터 다시
13:54:51  [LADDER] 실패(CWJAP FAIL) CWJAP소요 732s · 연속 0회 · 결합유지 없음 · 현재 5단(146회 누적)
13:54:51  [LADDER] ⚠5단 미실행: 전원 재투입은 **부품 미보유로 미구현**이다
13:54:51  [LADDER]   필요 부품: 로우사이드 MOSFET 스위치(예: 2N7000/AO3400 + 10k)
13:54:51  [LADDER]   대신 4단 조치를 60초 백오프로 되풀이한다(종착역)
13:54:51  [AT] "AT+CIFSR" (8)
13:54:51  [AT] "busy p..." (9)
13:54:51  [NET] busy — ESP 가 앞 명령을 처리 중이다. 전진하지 않는다
13:54:53  [NET] 3 CIFSR (IP 를 실제로 받았는가)
13:54:53  [AT] "AT+CIFSR" (8)
13:54:53  [AT] "busy p..." (9)
13:54:53  [NET] busy — ESP 가 앞 명령을 처리 중이다. 전진하지 않는다
13:54:54  [DIAG] offline step=3 사다리=5/147 rx=59202 lines=3797 up=2025s
13:54:54  [NET] 3 CIFSR (IP 를 실제로 받았는가)
13:54:54  [AT] "AT+CIFSR" (8)
13:54:54  [AT] "busy p..." (9)
13:54:54  [NET] busy — ESP 가 앞 명령을 처리 중이다. 전진하지 않는다
13:54:56  [NET] 3 CIFSR (IP 를 실제로 받았는가)
13:54:56  [NET] CIFSR 3회 소진 — 그러나 busy 거부였다. IP 소실로 세지 않는다
13:54:56  [NET] CIFSR 3회에도 IP 가 없다 → CWJAP 부터 다시
13:54:56  [LADDER] 실패(CWJAP FAIL) CWJAP소요 736s · 연속 0회 · 결합유지 없음 · 현재 5단(147회 누적)
13:54:56  [LADDER] ⚠5단 미실행: 전원 재투입은 **부품 미보유로 미구현**이다
13:54:56  [LADDER]   필요 부품: 로우사이드 MOSFET 스위치(예: 2N7000/AO3400 + 10k)
13:54:56  [LADDER]   대신 4단 조치를 60초 백오프로 되풀이한다(종착역)
13:54:56  [AT] "AT+CIFSR" (8)
13:54:56  [AT] "busy p..." (9)
13:54:56  [NET] busy — ESP 가 앞 명령을 처리 중이다. 전진하지 않는다
13:54:57  [DIAG] offline step=3 사다리=5/148 rx=59246 lines=3801 up=2028s
13:54:57  [NET] 3 CIFSR (IP 를 실제로 받았는가)
13:54:57  [AT] "AT+CIFSR" (8)
13:54:57  [AT] "busy p..." (9)
13:54:57  [NET] busy — ESP 가 앞 명령을 처리 중이다. 전진하지 않는다
13:54:59  [NET] 3 CIFSR (IP 를 실제로 받았는가)
13:54:59  [AT] "AT+CIFSR" (8)
13:54:59  [AT] "busy p..." (9)
13:54:59  [NET] busy — ESP 가 앞 명령을 처리 중이다. 전진하지 않는다
13:55:00  [DIAG] offline step=3 사다리=5/148 rx=59290 lines=3805 up=2031s
13:55:01  [NET] 3 CIFSR (IP 를 실제로 받았는가)
13:55:01  [NET] CIFSR 3회 소진 — 그러나 busy 거부였다. IP 소실로 세지 않는다
13:55:01  [NET] CIFSR 3회에도 IP 가 없다 → CWJAP 부터 다시
13:55:01  [LADDER] 실패(CWJAP FAIL) CWJAP소요 741s · 연속 0회 · 결합유지 없음 · 현재 5단(148회 누적)
13:55:01  [LADDER] ⚠5단 미실행: 전원 재투입은 **부품 미보유로 미구현**이다
13:55:01  [LADDER]   필요 부품: 로우사이드 MOSFET 스위치(예: 2N7000/AO3400 + 10k)
13:55:01  [LADDER]   대신 4단 조치를 60초 백오프로 되풀이한다(종착역)
13:55:01  [AT] "AT+CIFSR" (8)
13:55:01  [AT] "busy p..." (9)
13:55:01  [NET] busy — ESP 가 앞 명령을 처리 중이다. 전진하지 않는다
13:55:02  [NET] 3 CIFSR (IP 를 실제로 받았는가)
13:55:02  [AT] "AT+CIFSR" (8)
13:55:02  [AT] "busy p..." (9)
13:55:02  [NET] busy — ESP 가 앞 명령을 처리 중이다. 전진하지 않는다
13:55:03  [DIAG] offline step=3 사다리=5/149 rx=59334 lines=3809 up=2034s
13:55:04  [NET] 3 CIFSR (IP 를 실제로 받았는가)
13:55:04  [AT] "AT+CIFSR" (8)
13:55:04  [AT] "busy p..." (9)
13:55:04  [NET] busy — ESP 가 앞 명령을 처리 중이다. 전진하지 않는다
13:55:05  [NET] 3 CIFSR (IP 를 실제로 받았는가)
13:55:05  [NET] CIFSR 3회 소진 — 그러나 busy 거부였다. IP 소실로 세지 않는다
13:55:05  [NET] CIFSR 3회에도 IP 가 없다 → CWJAP 부터 다시
13:55:05  [LADDER] 실패(CWJAP FAIL) CWJAP소요 746s · 연속 0회 · 결합유지 없음 · 현재 5단(149회 누적)
13:55:05  [LADDER] ⚠5단 미실행: 전원 재투입은 **부품 미보유로 미구현**이다
13:55:05  [LADDER]   필요 부품: 로우사이드 MOSFET 스위치(예: 2N7000/AO3400 + 10k)
13:55:05  [LADDER]   대신 4단 조치를 60초 백오프로 되풀이한다(종착역)
13:55:05  [AT] "AT+CIFSR" (8)
13:55:05  [AT] "busy p..." (9)
13:55:05  [NET] busy — ESP 가 앞 명령을 처리 중이다. 전진하지 않는다
13:55:05  [DIAG] offline step=3 사다리=5/150 rx=59378 lines=3813 up=2037s
13:55:07  [NET] 3 CIFSR (IP 를 실제로 받았는가)
13:55:07  [AT] "AT+CIFSR" (8)
13:55:07  [AT] "busy p..." (9)
13:55:07  [NET] busy — ESP 가 앞 명령을 처리 중이다. 전진하지 않는다
13:55:08  [CNT] up=2040 drop=1 esprst=9 resync=0 sendfail=0 okto=5 stuck=1 ackq=0 ackdrop=0 ackstale=0 slot=1700 oow=0 smiss=6 ssovf=0 cksumng=0 okstream=906 penddrop=0 pendfill=908 bigfill=7 bigdrop=0 bigokst=6 oklost=0 bigoklost=0 skip=34 online=0
13:55:08  [RAM] 최저 여유 617 B · 프롬프트 재동기 0회 (서버의 '버린줄' 과 맞아야 한다)
13:55:08  [NET] 3 CIFSR (IP 를 실제로 받았는가)
13:55:08  [AT] "AT+CIFSR" (8)
13:55:08  [AT] "busy p..." (9)
13:55:08  [NET] busy — ESP 가 앞 명령을 처리 중이다. 전진하지 않는다
13:55:09  [DIAG] offline step=3 사다리=5/150 rx=59422 lines=3817 up=2040s
13:55:10  «tap» 살아있음 — 최근 60초 rx=14354B (이 줄이 끊기면 탭이 죽은 것이다)
13:55:10  [NET] 3 CIFSR (IP 를 실제로 받았는가)
13:55:10  [NET] CIFSR 3회 소진 — 그러나 busy 거부였다. IP 소실로 세지 않는다
13:55:10  [NET] CIFSR 3회에도 IP 가 없다 → CWJAP 부터 다시
13:55:10  [LADDER] 실패(CWJAP FAIL) CWJAP소요 750s · 연속 0회 · 결합유지 없음 · 현재 5단(150회 누적)
13:55:10  [LADDER] ⚠5단 미실행: 전원 재투입은 **부품 미보유로 미구현**이다
13:55:10  [LADDER]   필요 부품: 로우사이드 MOSFET 스위치(예: 2N7000/AO3400 + 10k)
13:55:10  [LADDER]   대신 4단 조치를 60초 백오프로 되풀이한다(종착역)
13:55:10  [AT] "AT+CIFSR" (8)
13:55:10  [AT] "busy p..." (9)
13:55:10  [NET] busy — ESP 가 앞 명령을 처리 중이다. 전진하지 않는다
13:55:11  [NET] 3 CIFSR (IP 를 실제로 받았는가)
13:55:11  [AT] "AT+CIFSR" (8)
13:55:11  [AT] "busy p..." (9)
13:55:11  [NET] busy — ESP 가 앞 명령을 처리 중이다. 전진하지 않는다
13:55:11  [DIAG] offline step=3 사다리=5/151 rx=59466 lines=3821 up=2043s
13:55:13  [NET] 3 CIFSR (IP 를 실제로 받았는가)
13:55:13  [AT] "AT+CIFSR" (8)
13:55:13  [AT] "busy p..." (9)
13:55:13  [NET] busy — ESP 가 앞 명령을 처리 중이다. 전진하지 않는다
13:55:15  [NET] 3 CIFSR (IP 를 실제로 받았는가)
13:55:15  [NET] CIFSR 3회 소진 — 그러나 busy 거부였다. IP 소실로 세지 않는다
13:55:15  [NET] CIFSR 3회에도 IP 가 없다 → CWJAP 부터 다시
13:55:15  [LADDER] 실패(CWJAP FAIL) CWJAP소요 755s · 연속 0회 · 결합유지 없음 · 현재 5단(151회 누적)
13:55:15  [LADDER] ⚠5단 미실행: 전원 재투입은 **부품 미보유로 미구현**이다
13:55:15  [LADDER]   필요 부품: 로우사이드 MOSFET 스위치(예: 2N7000/AO3400 + 10k)
13:55:15  [LADDER]   대신 4단 조치를 60초 백오프로 되풀이한다(종착역)
13:55:15  [AT] "AT+CIFSR" (8)
13:55:15  [AT] "busy p..." (9)
13:55:15  [NET] busy — ESP 가 앞 명령을 처리 중이다. 전진하지 않는다
13:55:15  [DIAG] offline step=3 사다리=5/152 rx=59510 lines=3825 up=2046s
13:55:16  [NET] 3 CIFSR (IP 를 실제로 받았는가)
13:55:16  [AT] "AT+CIFSR" (8)
13:55:16  [AT] "busy p..." (9)
13:55:16  [NET] busy — ESP 가 앞 명령을 처리 중이다. 전진하지 않는다
13:55:18  [DIAG] offline step=3 사다리=5/152 rx=59532 lines=3827 up=2049s
13:55:18  [NET] 3 CIFSR (IP 를 실제로 받았는가)
13:55:18  [AT] "AT+CIFSR" (8)
13:55:18  [AT] "busy p..." (9)
13:55:18  [NET] busy — ESP 가 앞 명령을 처리 중이다. 전진하지 않는다
13:55:19  [NET] 3 CIFSR (IP 를 실제로 받았는가)
13:55:19  [NET] CIFSR 3회 소진 — 그러나 busy 거부였다. IP 소실로 세지 않는다
13:55:19  [NET] CIFSR 3회에도 IP 가 없다 → CWJAP 부터 다시
13:55:19  [LADDER] 실패(CWJAP FAIL) CWJAP소요 760s · 연속 0회 · 결합유지 없음 · 현재 5단(152회 누적)
13:55:19  [LADDER] ⚠5단 미실행: 전원 재투입은 **부품 미보유로 미구현**이다
13:55:19  [LADDER]   필요 부품: 로우사이드 MOSFET 스위치(예: 2N7000/AO3400 + 10k)
13:55:19  [LADDER]   대신 4단 조치를 60초 백오프로 되풀이한다(종착역)
13:55:19  [AT] "AT+CIFSR" (8)
13:55:19  [AT] "busy p..." (9)
13:55:19  [NET] busy — ESP 가 앞 명령을 처리 중이다. 전진하지 않는다
13:55:21  [DIAG] offline step=3 사다리=5/153 rx=59576 lines=3831 up=2052s
13:55:21  [NET] 3 CIFSR (IP 를 실제로 받았는가)
13:55:21  [AT] "AT+CIFSR" (8)
13:55:21  [AT] "busy p..." (9)
13:55:21  [NET] busy — ESP 가 앞 명령을 처리 중이다. 전진하지 않는다
13:55:22  [NET] 3 CIFSR (IP 를 실제로 받았는가)
13:55:22  [AT] "AT+CIFSR" (8)
13:55:22  [AT] "busy p..." (9)
13:55:22  [NET] busy — ESP 가 앞 명령을 처리 중이다. 전진하지 않는다
13:55:24  [DIAG] offline step=3 사다리=5/153 rx=59620 lines=3835 up=2055s
13:55:24  [NET] 3 CIFSR (IP 를 실제로 받았는가)
13:55:24  [NET] CIFSR 3회 소진 — 그러나 busy 거부였다. IP 소실로 세지 않는다
13:55:24  [NET] CIFSR 3회에도 IP 가 없다 → CWJAP 부터 다시
13:55:24  [LADDER] 실패(CWJAP FAIL) CWJAP소요 764s · 연속 0회 · 결합유지 없음 · 현재 5단(153회 누적)
13:55:24  [LADDER] ⚠5단 미실행: 전원 재투입은 **부품 미보유로 미구현**이다
13:55:24  [LADDER]   필요 부품: 로우사이드 MOSFET 스위치(예: 2N7000/AO3400 + 10k)
13:55:24  [LADDER]   대신 4단 조치를 60초 백오프로 되풀이한다(종착역)
13:55:24  [AT] "AT+CIFSR" (8)
13:55:24  [AT] "busy p..." (9)
13:55:24  [NET] busy — ESP 가 앞 명령을 처리 중이다. 전진하지 않는다
13:55:26  [NET] 3 CIFSR (IP 를 실제로 받았는가)
13:55:26  [AT] "AT+CIFSR" (8)
13:55:26  [AT] "busy p..." (9)
13:55:26  [NET] busy — ESP 가 앞 명령을 처리 중이다. 전진하지 않는다
13:55:28  [DIAG] offline step=3 사다리=5/154 rx=59664 lines=3839 up=2058s
13:55:28  [NET] 3 CIFSR (IP 를 실제로 받았는가)
13:55:28  [AT] "AT+CIFSR" (8)
13:55:28  [AT] "busy p..." (9)
13:55:28  [NET] busy — ESP 가 앞 명령을 처리 중이다. 전진하지 않는다
13:55:29  [NET] 3 CIFSR (IP 를 실제로 받았는가)
13:55:29  [NET] CIFSR 3회 소진 — 그러나 busy 거부였다. IP 소실로 세지 않는다
13:55:29  [NET] CIFSR 3회에도 IP 가 없다 → CWJAP 부터 다시
13:55:30  [LADDER] 실패(CWJAP FAIL) CWJAP소요 769s · 연속 0회 · 결합유지 없음 · 현재 5단(154회 누적)
13:55:30  [LADDER] ⚠5단 미실행: 전원 재투입은 **부품 미보유로 미구현**이다
13:55:30  [LADDER]   필요 부품: 로우사이드 MOSFET 스위치(예: 2N7000/AO3400 + 10k)
13:55:30  [LADDER]   대신 4단 조치를 60초 백오프로 되풀이한다(종착역)
13:55:30  [AT] "AT+CIFSR" (8)
13:55:30  [AT] "busy p..." (9)
13:55:30  [NET] busy — ESP 가 앞 명령을 처리 중이다. 전진하지 않는다
13:55:31  [DIAG] offline step=3 사다리=5/155 rx=59708 lines=3843 up=2061s
13:55:31  [NET] 3 CIFSR (IP 를 실제로 받았는가)
13:55:31  [AT] "AT+CIFSR" (8)
13:55:31  [AT] "busy p..." (9)
13:55:31  [NET] busy — ESP 가 앞 명령을 처리 중이다. 전진하지 않는다
13:55:33  [NET] 3 CIFSR (IP 를 실제로 받았는가)
13:55:33  [AT] "AT+CIFSR" (8)
13:55:33  [AT] "busy p..." (9)
13:55:33  [NET] busy — ESP 가 앞 명령을 처리 중이다. 전진하지 않는다
13:55:34  [DIAG] offline step=3 사다리=5/155 rx=59752 lines=3847 up=2064s
13:55:34  [NET] 3 CIFSR (IP 를 실제로 받았는가)
13:55:34  [NET] CIFSR 3회 소진 — 그러나 busy 거부였다. IP 소실로 세지 않는다
13:55:34  [NET] CIFSR 3회에도 IP 가 없다 → CWJAP 부터 다시
13:55:34  [LADDER] 실패(CWJAP FAIL) CWJAP소요 774s · 연속 0회 · 결합유지 없음 · 현재 5단(155회 누적)
13:55:34  [LADDER] ⚠5단 미실행: 전원 재투입은 **부품 미보유로 미구현**이다
13:55:34  [LADDER]   필요 부품: 로우사이드 MOSFET 스위치(예: 2N7000/AO3400 + 10k)
13:55:34  [LADDER]   대신 4단 조치를 60초 백오프로 되풀이한다(종착역)
13:55:34  [AT] "AT+CIFSR" (8)
13:55:34  [AT] "busy p..." (9)
13:55:34  [NET] busy — ESP 가 앞 명령을 처리 중이다. 전진하지 않는다
13:55:36  [NET] 3 CIFSR (IP 를 실제로 받았는가)
13:55:36  [AT] "AT+CIFSR" (8)
13:55:36  [AT] "busy p..." (9)
13:55:36  [NET] busy — ESP 가 앞 명령을 처리 중이다. 전진하지 않는다
13:55:37  [DIAG] offline step=3 사다리=5/156 rx=59796 lines=3851 up=2067s
13:55:37  [NET] 3 CIFSR (IP 를 실제로 받았는가)
13:55:37  [AT] "AT+CIFSR" (8)
13:55:37  [AT] "busy p..." (9)
13:55:37  [NET] busy — ESP 가 앞 명령을 처리 중이다. 전진하지 않는다
13:55:39  [NET] 3 CIFSR (IP 를 실제로 받았는가)
13:55:39  [NET] CIFSR 3회 소진 — 그러나 busy 거부였다. IP 소실로 세지 않는다
13:55:39  [NET] CIFSR 3회에도 IP 가 없다 → CWJAP 부터 다시
13:55:39  [LADDER] 실패(CWJAP FAIL) CWJAP소요 778s · 연속 0회 · 결합유지 없음 · 현재 5단(156회 누적)
13:55:39  [LADDER] ⚠5단 미실행: 전원 재투입은 **부품 미보유로 미구현**이다
13:55:39  [LADDER]   필요 부품: 로우사이드 MOSFET 스위치(예: 2N7000/AO3400 + 10k)
13:55:39  [LADDER]   대신 4단 조치를 60초 백오프로 되풀이한다(종착역)
13:55:39  [AT] "AT+CIFSR" (8)
13:55:39  [AT] "busy p..." (9)
13:55:39  [NET] busy — ESP 가 앞 명령을 처리 중이다. 전진하지 않는다
13:55:40  [DIAG] offline step=3 사다리=5/157 rx=59840 lines=3855 up=2070s
13:55:40  [NET] 3 CIFSR (IP 를 실제로 받았는가)
13:55:40  [AT] "AT+CIFSR" (8)
13:55:40  [AT] "busy p..." (9)
13:55:40  [NET] busy — ESP 가 앞 명령을 처리 중이다. 전진하지 않는다
13:55:42  [NET] 3 CIFSR (IP 를 실제로 받았는가)
13:55:42  [AT] "AT+CIFSR" (8)
13:55:42  [AT] "busy p..." (9)
13:55:42  [NET] busy — ESP 가 앞 명령을 처리 중이다. 전진하지 않는다
13:55:43  [DIAG] offline step=3 사다리=5/157 rx=59884 lines=3859 up=2073s
13:55:43  [NET] 3 CIFSR (IP 를 실제로 받았는가)
13:55:43  [NET] CIFSR 3회 소진 — 그러나 busy 거부였다. IP 소실로 세지 않는다
13:55:43  [NET] CIFSR 3회에도 IP 가 없다 → CWJAP 부터 다시
13:55:43  [LADDER] 실패(CWJAP FAIL) CWJAP소요 783s · 연속 0회 · 결합유지 없음 · 현재 5단(157회 누적)
13:55:43  [LADDER] ⚠5단 미실행: 전원 재투입은 **부품 미보유로 미구현**이다
13:55:43  [LADDER]   필요 부품: 로우사이드 MOSFET 스위치(예: 2N7000/AO3400 + 10k)
13:55:43  [LADDER]   대신 4단 조치를 60초 백오프로 되풀이한다(종착역)
13:55:43  [AT] "AT+CIFSR" (8)
13:55:43  [AT] "busy p..." (9)
13:55:44  [NET] busy — ESP 가 앞 명령을 처리 중이다. 전진하지 않는다
13:55:45  [NET] 3 CIFSR (IP 를 실제로 받았는가)
13:55:45  [AT] "AT+CIFSR" (8)
13:55:45  [AT] "busy p..." (9)
13:55:45  [NET] busy — ESP 가 앞 명령을 처리 중이다. 전진하지 않는다
13:55:46  [DIAG] offline step=3 사다리=5/158 rx=59928 lines=3863 up=2076s
13:55:47  [NET] 3 CIFSR (IP 를 실제로 받았는가)
13:55:47  [AT] "AT+CIFSR" (8)
13:55:47  [AT] "busy p..." (9)
13:55:47  [NET] busy — ESP 가 앞 명령을 처리 중이다. 전진하지 않는다
13:55:48  [NET] 3 CIFSR (IP 를 실제로 받았는가)
13:55:48  [NET] CIFSR 3회 소진 — 그러나 busy 거부였다. IP 소실로 세지 않는다
13:55:48  [NET] CIFSR 3회에도 IP 가 없다 → CWJAP 부터 다시
13:55:48  [LADDER] 실패(CWJAP FAIL) CWJAP소요 788s · 연속 0회 · 결합유지 없음 · 현재 5단(158회 누적)
13:55:48  [LADDER] ⚠5단 미실행: 전원 재투입은 **부품 미보유로 미구현**이다
13:55:48  [LADDER]   필요 부품: 로우사이드 MOSFET 스위치(예: 2N7000/AO3400 + 10k)
13:55:48  [LADDER]   대신 4단 조치를 60초 백오프로 되풀이한다(종착역)
13:55:48  [AT] "AT+CIFSR" (8)
13:55:48  [AT] "busy p..." (9)
13:55:48  [NET] busy — ESP 가 앞 명령을 처리 중이다. 전진하지 않는다
13:55:49  [DIAG] offline step=3 사다리=5/159 rx=59972 lines=3867 up=2079s
13:55:50  [NET] 3 CIFSR (IP 를 실제로 받았는가)
13:55:50  [AT] "AT+CIFSR" (8)
13:55:50  [AT] "busy p..." (9)
13:55:50  [NET] busy — ESP 가 앞 명령을 처리 중이다. 전진하지 않는다
13:55:51  [NET] 3 CIFSR (IP 를 실제로 받았는가)
13:55:51  [AT] "AT+CIFSR" (8)
13:55:51  [AT] "busy p..." (9)
13:55:51  [NET] busy — ESP 가 앞 명령을 처리 중이다. 전진하지 않는다
13:55:52  [DIAG] offline step=3 사다리=5/159 rx=60016 lines=3871 up=2082s
13:55:53  [NET] 3 CIFSR (IP 를 실제로 받았는가)
13:55:53  [NET] CIFSR 3회 소진 — 그러나 busy 거부였다. IP 소실로 세지 않는다
13:55:53  [NET] CIFSR 3회에도 IP 가 없다 → CWJAP 부터 다시
13:55:53  [LADDER] 실패(CWJAP FAIL) CWJAP소요 792s · 연속 0회 · 결합유지 없음 · 현재 5단(159회 누적)
13:55:53  [LADDER] ⚠5단 미실행: 전원 재투입은 **부품 미보유로 미구현**이다
13:55:53  [LADDER]   필요 부품: 로우사이드 MOSFET 스위치(예: 2N7000/AO3400 + 10k)
13:55:53  [LADDER]   대신 4단 조치를 60초 백오프로 되풀이한다(종착역)
13:55:53  [AT] "AT+CIFSR" (8)
13:55:53  [AT] "busy p..." (9)
13:55:53  [NET] busy — ESP 가 앞 명령을 처리 중이다. 전진하지 않는다
13:55:54  [NET] 3 CIFSR (IP 를 실제로 받았는가)
13:55:54  [AT] "AT+CIFSR" (8)
13:55:54  [AT] "busy p..." (9)
13:55:54  [NET] busy — ESP 가 앞 명령을 처리 중이다. 전진하지 않는다
13:55:55  [DIAG] offline step=3 사다리=5/160 rx=60060 lines=3875 up=2085s
13:55:56  [NET] 3 CIFSR (IP 를 실제로 받았는가)
13:55:56  [AT] "AT+CIFSR" (8)
13:55:56  [AT] "busy p..." (9)
13:55:56  [NET] busy — ESP 가 앞 명령을 처리 중이다. 전진하지 않는다
13:55:57  [NET] 3 CIFSR (IP 를 실제로 받았는가)
13:55:57  [NET] CIFSR 3회 소진 — 그러나 busy 거부였다. IP 소실로 세지 않는다
13:55:57  [NET] CIFSR 3회에도 IP 가 없다 → CWJAP 부터 다시
13:55:57  [LADDER] 실패(CWJAP FAIL) CWJAP소요 797s · 연속 0회 · 결합유지 없음 · 현재 5단(160회 누적)
13:55:57  [LADDER] ⚠5단 미실행: 전원 재투입은 **부품 미보유로 미구현**이다
13:55:57  [LADDER]   필요 부품: 로우사이드 MOSFET 스위치(예: 2N7000/AO3400 + 10k)
13:55:57  [LADDER]   대신 4단 조치를 60초 백오프로 되풀이한다(종착역)
13:55:57  [AT] "AT+CIFSR" (8)
13:55:57  [AT] "busy p..." (9)
13:55:57  [NET] busy — ESP 가 앞 명령을 처리 중이다. 전진하지 않는다
13:55:58  [DIAG] offline step=3 사다리=5/161 rx=60104 lines=3879 up=2088s
13:55:59  [NET] 3 CIFSR (IP 를 실제로 받았는가)
13:55:59  [AT] "AT+CIFSR" (8)
13:55:59  [AT] "busy p..." (9)
13:55:59  [NET] busy — ESP 가 앞 명령을 처리 중이다. 전진하지 않는다
13:56:01  [NET] 3 CIFSR (IP 를 실제로 받았는가)
13:56:01  [AT] "AT+CIFSR" (8)
13:56:01  [AT] "busy p..." (9)
13:56:01  [NET] busy — ESP 가 앞 명령을 처리 중이다. 전진하지 않는다
13:56:01  [DIAG] offline step=3 사다리=5/161 rx=60148 lines=3883 up=2092s
13:56:02  [NET] 3 CIFSR (IP 를 실제로 받았는가)
13:56:02  [NET] CIFSR 3회 소진 — 그러나 busy 거부였다. IP 소실로 세지 않는다
13:56:02  [NET] CIFSR 3회에도 IP 가 없다 → CWJAP 부터 다시
13:56:02  [LADDER] 실패(CWJAP FAIL) CWJAP소요 802s · 연속 0회 · 결합유지 없음 · 현재 5단(161회 누적)
13:56:02  [LADDER] ⚠5단 미실행: 전원 재투입은 **부품 미보유로 미구현**이다
13:56:02  [LADDER]   필요 부품: 로우사이드 MOSFET 스위치(예: 2N7000/AO3400 + 10k)
13:56:02  [LADDER]   대신 4단 조치를 60초 백오프로 되풀이한다(종착역)
13:56:02  [AT] "AT+CIFSR" (8)
13:56:02  [AT] "busy p..." (9)
13:56:02  [NET] busy — ESP 가 앞 명령을 처리 중이다. 전진하지 않는다
13:56:04  [DIAG] offline step=3 사다리=5/162 rx=60170 lines=3885 up=2095s
13:56:04  [NET] 3 CIFSR (IP 를 실제로 받았는가)
13:56:04  [AT] "AT+CIFSR" (8)
13:56:04  [AT] "busy p..." (9)
13:56:04  [NET] busy — ESP 가 앞 명령을 처리 중이다. 전진하지 않는다
13:56:05  [NET] 3 CIFSR (IP 를 실제로 받았는가)
13:56:05  [AT] "AT+CIFSR" (8)
13:56:05  [AT] "busy p..." (9)
13:56:05  [NET] busy — ESP 가 앞 명령을 처리 중이다. 전진하지 않는다
13:56:07  [DIAG] offline step=3 사다리=5/162 rx=60214 lines=3889 up=2098s
13:56:07  [NET] 3 CIFSR (IP 를 실제로 받았는가)
13:56:07  [NET] CIFSR 3회 소진 — 그러나 busy 거부였다. IP 소실로 세지 않는다
13:56:07  [NET] CIFSR 3회에도 IP 가 없다 → CWJAP 부터 다시
13:56:07  [LADDER] 실패(CWJAP FAIL) CWJAP소요 806s · 연속 0회 · 결합유지 없음 · 현재 5단(162회 누적)
13:56:07  [LADDER] ⚠5단 미실행: 전원 재투입은 **부품 미보유로 미구현**이다
13:56:07  [LADDER]   필요 부품: 로우사이드 MOSFET 스위치(예: 2N7000/AO3400 + 10k)
13:56:07  [LADDER]   대신 4단 조치를 60초 백오프로 되풀이한다(종착역)
13:56:07  [AT] "AT+CIFSR" (8)
13:56:07  [AT] "busy p..." (9)
13:56:07  [NET] busy — ESP 가 앞 명령을 처리 중이다. 전진하지 않는다
13:56:08  [NET] 3 CIFSR (IP 를 실제로 받았는가)
13:56:08  [AT] "AT+CIFSR" (8)
13:56:08  [AT] "busy p..." (9)
13:56:08  [NET] busy — ESP 가 앞 명령을 처리 중이다. 전진하지 않는다
13:56:09  [CNT] up=2100 drop=1 esprst=9 resync=0 sendfail=0 okto=5 stuck=1 ackq=0 ackdrop=0 ackstale=0 slot=1750 oow=0 smiss=6 ssovf=0 cksumng=0 okstream=906 penddrop=0 pendfill=908 bigfill=7 bigdrop=0 bigokst=6 oklost=0 bigoklost=0 skip=34 online=0
13:56:09  [RAM] 최저 여유 617 B · 프롬프트 재동기 0회 (서버의 '버린줄' 과 맞아야 한다)
13:56:10  [DIAG] offline step=3 사다리=5/163 rx=60258 lines=3893 up=2101s
13:56:10  [NET] 3 CIFSR (IP 를 실제로 받았는가)
13:56:10  [AT] "AT+CIFSR" (8)
13:56:10  [AT] "busy p..." (9)
13:56:10  [NET] busy — ESP 가 앞 명령을 처리 중이다. 전진하지 않는다
13:56:11  «tap» 살아있음 — 최근 60초 rx=15042B (이 줄이 끊기면 탭이 죽은 것이다)
13:56:11  [NET] 3 CIFSR (IP 를 실제로 받았는가)
13:56:11  [NET] CIFSR 3회 소진 — 그러나 busy 거부였다. IP 소실로 세지 않는다
13:56:11  [NET] CIFSR 3회에도 IP 가 없다 → CWJAP 부터 다시
13:56:11  [LADDER] 실패(CWJAP FAIL) CWJAP소요 811s · 연속 0회 · 결합유지 없음 · 현재 5단(163회 누적)
13:56:11  [LADDER] ⚠5단 미실행: 전원 재투입은 **부품 미보유로 미구현**이다
13:56:11  [LADDER]   필요 부품: 로우사이드 MOSFET 스위치(예: 2N7000/AO3400 + 10k)
13:56:11  [LADDER]   대신 4단 조치를 60초 백오프로 되풀이한다(종착역)
13:56:11  [AT] "AT+CIFSR" (8)
13:56:11  [AT] "busy p..." (9)
13:56:11  [NET] busy — ESP 가 앞 명령을 처리 중이다. 전진하지 않는다
13:56:13  [DIAG] offline step=3 사다리=5/164 rx=60302 lines=3897 up=2104s
13:56:13  [NET] 3 CIFSR (IP 를 실제로 받았는가)
13:56:13  [AT] "AT+CIFSR" (8)
13:56:13  [AT] "busy p..." (9)
13:56:13  [NET] busy — ESP 가 앞 명령을 처리 중이다. 전진하지 않는다
13:56:14  [NET] 3 CIFSR (IP 를 실제로 받았는가)
13:56:14  [AT] "AT+CIFSR" (8)
13:56:14  [AT] "busy p..." (9)
13:56:14  [NET] busy — ESP 가 앞 명령을 처리 중이다. 전진하지 않는다
13:56:16  [DIAG] offline step=3 사다리=5/164 rx=60346 lines=3901 up=2107s
13:56:16  [NET] 3 CIFSR (IP 를 실제로 받았는가)
13:56:16  [NET] CIFSR 3회 소진 — 그러나 busy 거부였다. IP 소실로 세지 않는다
13:56:16  [NET] CIFSR 3회에도 IP 가 없다 → CWJAP 부터 다시
13:56:16  [LADDER] 실패(CWJAP FAIL) CWJAP소요 816s · 연속 0회 · 결합유지 없음 · 현재 5단(164회 누적)
13:56:16  [LADDER] ⚠5단 미실행: 전원 재투입은 **부품 미보유로 미구현**이다
13:56:16  [LADDER]   필요 부품: 로우사이드 MOSFET 스위치(예: 2N7000/AO3400 + 10k)
13:56:16  [LADDER]   대신 4단 조치를 60초 백오프로 되풀이한다(종착역)
13:56:16  [AT] "AT+CIFSR" (8)
13:56:16  [AT] "busy p..." (9)
13:56:16  [NET] busy — ESP 가 앞 명령을 처리 중이다. 전진하지 않는다
13:56:18  [NET] 3 CIFSR (IP 를 실제로 받았는가)
13:56:18  [AT] "AT+CIFSR" (8)
13:56:18  [AT] "busy p..." (9)
13:56:18  [NET] busy — ESP 가 앞 명령을 처리 중이다. 전진하지 않는다
13:56:19  [DIAG] offline step=3 사다리=5/165 rx=60390 lines=3905 up=2110s
13:56:19  [NET] 3 CIFSR (IP 를 실제로 받았는가)
13:56:19  [AT] "AT+CIFSR" (8)
13:56:19  [AT] "busy p..." (9)
13:56:19  [NET] busy — ESP 가 앞 명령을 처리 중이다. 전진하지 않는다
13:56:21  [NET] 3 CIFSR (IP 를 실제로 받았는가)
13:56:21  [NET] CIFSR 3회 소진 — 그러나 busy 거부였다. IP 소실로 세지 않는다
13:56:21  [NET] CIFSR 3회에도 IP 가 없다 → CWJAP 부터 다시
13:56:21  [LADDER] 실패(CWJAP FAIL) CWJAP소요 820s · 연속 0회 · 결합유지 없음 · 현재 5단(165회 누적)
13:56:21  [LADDER] ⚠5단 미실행: 전원 재투입은 **부품 미보유로 미구현**이다
13:56:21  [LADDER]   필요 부품: 로우사이드 MOSFET 스위치(예: 2N7000/AO3400 + 10k)
13:56:21  [LADDER]   대신 4단 조치를 60초 백오프로 되풀이한다(종착역)
13:56:21  [AT] "AT+CIFSR" (8)
13:56:21  [AT] "busy p..." (9)
13:56:21  [NET] busy — ESP 가 앞 명령을 처리 중이다. 전진하지 않는다
13:56:22  [DIAG] offline step=3 사다리=5/166 rx=60435 lines=3909 up=2113s
13:56:22  [NET] 3 CIFSR (IP 를 실제로 받았는가)
13:56:22  [AT] "" (0)
13:56:22  [AT] "busy p..." (9)
13:56:22  [NET] busy — ESP 가 앞 명령을 처리 중이다. 전진하지 않는다
13:56:24  [NET] 3 CIFSR (IP 를 실제로 받았는가)
13:56:24  [AT] "AT+CIFSR" (8)
13:56:24  [AT] "busy p..." (9)
13:56:24  [NET] busy — ESP 가 앞 명령을 처리 중이다. 전진하지 않는다
13:56:24  [DIAG] offline step=3 사다리=5/166 rx=60479 lines=3913 up=2116s
13:56:25  [NET] 3 CIFSR (IP 를 실제로 받았는가)
13:56:25  [NET] CIFSR 3회 소진 — 그러나 busy 거부였다. IP 소실로 세지 않는다
13:56:25  [NET] CIFSR 3회에도 IP 가 없다 → CWJAP 부터 다시
13:56:25  [LADDER] 실패(CWJAP FAIL) CWJAP소요 825s · 연속 0회 · 결합유지 없음 · 현재 5단(166회 누적)
13:56:25  [LADDER] ⚠5단 미실행: 전원 재투입은 **부품 미보유로 미구현**이다
13:56:25  [LADDER]   필요 부품: 로우사이드 MOSFET 스위치(예: 2N7000/AO3400 + 10k)
13:56:25  [LADDER]   대신 4단 조치를 60초 백오프로 되풀이한다(종착역)
13:56:25  [AT] "AT+CIFSR" (8)
13:56:25  [AT] "busy p..." (9)
13:56:25  [NET] busy — ESP 가 앞 명령을 처리 중이다. 전진하지 않는다
13:56:27  [NET] 3 CIFSR (IP 를 실제로 받았는가)
13:56:27  [AT] "AT+CIFSR" (8)
13:56:27  [AT] "busy p..." (9)
13:56:27  [NET] busy — ESP 가 앞 명령을 처리 중이다. 전진하지 않는다
13:56:27  [DIAG] offline step=3 사다리=5/167 rx=60523 lines=3917 up=2119s
13:56:28  [NET] 3 CIFSR (IP 를 실제로 받았는가)
13:56:28  [AT] "AT+CIFSR" (8)
13:56:28  [AT] "busy p..." (9)
13:56:28  [NET] busy — ESP 가 앞 명령을 처리 중이다. 전진하지 않는다
13:56:30  [NET] 3 CIFSR (IP 를 실제로 받았는가)
13:56:30  [NET] CIFSR 3회 소진 — 그러나 busy 거부였다. IP 소실로 세지 않는다
13:56:30  [NET] CIFSR 3회에도 IP 가 없다 → CWJAP 부터 다시
13:56:30  [LADDER] 실패(CWJAP FAIL) CWJAP소요 829s · 연속 0회 · 결합유지 없음 · 현재 5단(167회 누적)
13:56:30  [LADDER] ⚠5단 미실행: 전원 재투입은 **부품 미보유로 미구현**이다
13:56:30  [LADDER]   필요 부품: 로우사이드 MOSFET 스위치(예: 2N7000/AO3400 + 10k)
13:56:30  [LADDER]   대신 4단 조치를 60초 백오프로 되풀이한다(종착역)
13:56:30  [AT] "AT+CIFSR" (8)
13:56:30  [AT] "busy p..." (9)
13:56:30  [NET] busy — ESP 가 앞 명령을 처리 중이다. 전진하지 않는다
13:56:30  [DIAG] offline step=3 사다리=5/168 rx=60567 lines=3921 up=2122s
13:56:32  [NET] 3 CIFSR (IP 를 실제로 받았는가)
13:56:32  [AT] "AT+CIFSR" (8)
13:56:32  [AT] "busy p..." (9)
13:56:32  [NET] busy — ESP 가 앞 명령을 처리 중이다. 전진하지 않는다
13:56:33  [NET] 3 CIFSR (IP 를 실제로 받았는가)
13:56:33  [AT] "AT+CIFSR" (8)
13:56:33  [AT] "busy p..." (9)
13:56:33  [NET] busy — ESP 가 앞 명령을 처리 중이다. 전진하지 않는다
13:56:33  [DIAG] offline step=3 사다리=5/168 rx=60611 lines=3925 up=2125s
13:56:35  [NET] 3 CIFSR (IP 를 실제로 받았는가)
13:56:35  [NET] CIFSR 3회 소진 — 그러나 busy 거부였다. IP 소실로 세지 않는다
13:56:35  [NET] CIFSR 3회에도 IP 가 없다 → CWJAP 부터 다시
13:56:35  [LADDER] 실패(CWJAP FAIL) CWJAP소요 834s · 연속 0회 · 결합유지 없음 · 현재 5단(168회 누적)
13:56:35  [LADDER] ⚠5단 미실행: 전원 재투입은 **부품 미보유로 미구현**이다
13:56:35  [LADDER]   필요 부품: 로우사이드 MOSFET 스위치(예: 2N7000/AO3400 + 10k)
13:56:35  [LADDER]   대신 4단 조치를 60초 백오프로 되풀이한다(종착역)
13:56:35  [AT] "AT+CIFSR" (8)
13:56:35  [AT] "busy p..." (9)
13:56:35  [NET] busy — ESP 가 앞 명령을 처리 중이다. 전진하지 않는다
13:56:36  [NET] 3 CIFSR (IP 를 실제로 받았는가)
13:56:36  [AT] "AT+CIFSR" (8)
13:56:36  [AT] "busy p..." (9)
13:56:36  [NET] busy — ESP 가 앞 명령을 처리 중이다. 전진하지 않는다
13:56:36  [DIAG] offline step=3 사다리=5/169 rx=60655 lines=3929 up=2128s
13:56:38  [NET] 3 CIFSR (IP 를 실제로 받았는가)
13:56:38  [AT] "AT+CIFSR" (8)
13:56:38  [AT] "busy p..." (9)
13:56:38  [NET] busy — ESP 가 앞 명령을 처리 중이다. 전진하지 않는다
13:56:39  [NET] 3 CIFSR (IP 를 실제로 받았는가)
13:56:39  [NET] CIFSR 3회 소진 — 그러나 busy 거부였다. IP 소실로 세지 않는다
13:56:39  [NET] CIFSR 3회에도 IP 가 없다 → CWJAP 부터 다시
13:56:39  [LADDER] 실패(CWJAP FAIL) CWJAP소요 839s · 연속 0회 · 결합유지 없음 · 현재 5단(169회 누적)
13:56:39  [LADDER] ⚠5단 미실행: 전원 재투입은 **부품 미보유로 미구현**이다
13:56:39  [LADDER]   필요 부품: 로우사이드 MOSFET 스위치(예: 2N7000/AO3400 + 10k)
13:56:39  [LADDER]   대신 4단 조치를 60초 백오프로 되풀이한다(종착역)
13:56:39  [AT] "AT+CIFSR" (8)
13:56:39  [AT] "busy p..." (9)
13:56:39  [NET] busy — ESP 가 앞 명령을 처리 중이다. 전진하지 않는다
13:56:39  [DIAG] offline step=3 사다리=5/170 rx=60699 lines=3933 up=2131s
13:56:41  [NET] 3 CIFSR (IP 를 실제로 받았는가)
13:56:41  [AT] "AT+CIFSR" (8)
13:56:41  [AT] "busy p..." (9)
13:56:41  [NET] busy — ESP 가 앞 명령을 처리 중이다. 전진하지 않는다
13:56:42  [NET] 3 CIFSR (IP 를 실제로 받았는가)
13:56:42  [AT] "AT+CIFSR" (8)
13:56:42  [AT] "busy p..." (9)
13:56:42  [NET] busy — ESP 가 앞 명령을 처리 중이다. 전진하지 않는다
13:56:42  [DIAG] offline step=3 사다리=5/170 rx=60743 lines=3937 up=2134s
13:56:44  [NET] 3 CIFSR (IP 를 실제로 받았는가)
13:56:44  [NET] CIFSR 3회 소진 — 그러나 busy 거부였다. IP 소실로 세지 않는다
13:56:44  [NET] CIFSR 3회에도 IP 가 없다 → CWJAP 부터 다시
13:56:44  [LADDER] 실패(CWJAP FAIL) CWJAP소요 843s · 연속 0회 · 결합유지 없음 · 현재 5단(170회 누적)
13:56:44  [LADDER] ⚠5단 미실행: 전원 재투입은 **부품 미보유로 미구현**이다
13:56:44  [LADDER]   필요 부품: 로우사이드 MOSFET 스위치(예: 2N7000/AO3400 + 10k)
13:56:44  [LADDER]   대신 4단 조치를 60초 백오프로 되풀이한다(종착역)
13:56:44  [AT] "AT+CIFSR" (8)
13:56:44  [AT] "busy p..." (9)
13:56:44  [NET] busy — ESP 가 앞 명령을 처리 중이다. 전진하지 않는다
13:56:45  [DIAG] offline step=3 사다리=5/171 rx=60765 lines=3939 up=2137s
13:56:46  [NET] 3 CIFSR (IP 를 실제로 받았는가)
13:56:46  [AT] "AT+CIFSR" (8)
13:56:46  [AT] "busy p..." (9)
13:56:46  [NET] busy — ESP 가 앞 명령을 처리 중이다. 전진하지 않는다
13:56:47  [NET] 3 CIFSR (IP 를 실제로 받았는가)
13:56:47  [AT] "AT+CIFSR" (8)
13:56:47  [AT] "busy p..." (9)
13:56:47  [NET] busy — ESP 가 앞 명령을 처리 중이다. 전진하지 않는다
13:56:48  [DIAG] offline step=3 사다리=5/171 rx=60809 lines=3943 up=2140s
13:56:49  [NET] 3 CIFSR (IP 를 실제로 받았는가)
13:56:49  [NET] CIFSR 3회 소진 — 그러나 busy 거부였다. IP 소실로 세지 않는다
13:56:49  [NET] CIFSR 3회에도 IP 가 없다 → CWJAP 부터 다시
13:56:49  [LADDER] 실패(CWJAP FAIL) CWJAP소요 848s · 연속 0회 · 결합유지 없음 · 현재 5단(171회 누적)
13:56:49  [LADDER] ⚠5단 미실행: 전원 재투입은 **부품 미보유로 미구현**이다
13:56:49  [LADDER]   필요 부품: 로우사이드 MOSFET 스위치(예: 2N7000/AO3400 + 10k)
13:56:49  [LADDER]   대신 4단 조치를 60초 백오프로 되풀이한다(종착역)
13:56:49  [AT] "AT+CIFSR" (8)
13:56:49  [AT] "busy p..." (9)
13:56:49  [NET] busy — ESP 가 앞 명령을 처리 중이다. 전진하지 않는다
13:56:50  [NET] 3 CIFSR (IP 를 실제로 받았는가)
13:56:50  [AT] "AT+CIFSR" (8)
13:56:50  [AT] "busy p..." (9)
13:56:50  [NET] busy — ESP 가 앞 명령을 처리 중이다. 전진하지 않는다
13:56:51  [DIAG] offline step=3 사다리=5/172 rx=60853 lines=3947 up=2143s
13:56:52  [NET] 3 CIFSR (IP 를 실제로 받았는가)
13:56:52  [AT] "AT+CIFSR" (8)
13:56:52  [AT] "busy p..." (9)
13:56:52  [NET] busy — ESP 가 앞 명령을 처리 중이다. 전진하지 않는다
13:56:53  [NET] 3 CIFSR (IP 를 실제로 받았는가)
13:56:53  [NET] CIFSR 3회 소진 — 그러나 busy 거부였다. IP 소실로 세지 않는다
13:56:53  [NET] CIFSR 3회에도 IP 가 없다 → CWJAP 부터 다시
13:56:53  [LADDER] 실패(CWJAP FAIL) CWJAP소요 853s · 연속 0회 · 결합유지 없음 · 현재 5단(172회 누적)
13:56:53  [LADDER] ⚠5단 미실행: 전원 재투입은 **부품 미보유로 미구현**이다
13:56:53  [LADDER]   필요 부품: 로우사이드 MOSFET 스위치(예: 2N7000/AO3400 + 10k)
13:56:53  [LADDER]   대신 4단 조치를 60초 백오프로 되풀이한다(종착역)
13:56:53  [AT] "AT+CIFSR" (8)
13:56:53  [AT] "busy p..." (9)
13:56:53  [NET] busy — ESP 가 앞 명령을 처리 중이다. 전진하지 않는다
13:56:54  [DIAG] offline step=3 사다리=5/173 rx=60897 lines=3951 up=2146s
13:56:55  [NET] 3 CIFSR (IP 를 실제로 받았는가)
13:56:55  [AT] "AT+CIFSR" (8)
13:56:55  [AT] "busy p..." (9)
13:56:55  [NET] busy — ESP 가 앞 명령을 처리 중이다. 전진하지 않는다
13:56:56  [NET] 3 CIFSR (IP 를 실제로 받았는가)
13:56:56  [AT] "AT+CIFSR" (8)
13:56:56  [AT] "busy p..." (9)
13:56:56  [NET] busy — ESP 가 앞 명령을 처리 중이다. 전진하지 않는다
13:56:57  [DIAG] offline step=3 사다리=5/173 rx=60941 lines=3955 up=2149s
13:56:58  [NET] 3 CIFSR (IP 를 실제로 받았는가)
13:56:58  [NET] CIFSR 3회 소진 — 그러나 busy 거부였다. IP 소실로 세지 않는다
13:56:58  [NET] CIFSR 3회에도 IP 가 없다 → CWJAP 부터 다시
13:56:58  [LADDER] 실패(CWJAP FAIL) CWJAP소요 857s · 연속 0회 · 결합유지 없음 · 현재 5단(173회 누적)
13:56:58  [LADDER] ⚠5단 미실행: 전원 재투입은 **부품 미보유로 미구현**이다
13:56:58  [LADDER]   필요 부품: 로우사이드 MOSFET 스위치(예: 2N7000/AO3400 + 10k)
13:56:58  [LADDER]   대신 4단 조치를 60초 백오프로 되풀이한다(종착역)
13:56:58  [AT] "AT+CIFSR" (8)
13:56:58  [AT] "busy p..." (9)
13:56:58  [NET] busy — ESP 가 앞 명령을 처리 중이다. 전진하지 않는다
13:56:59  [NET] 3 CIFSR (IP 를 실제로 받았는가)
13:56:59  [AT] "AT+CIFSR" (8)
13:56:59  [AT] "busy p..." (9)
13:56:59  [NET] busy — ESP 가 앞 명령을 처리 중이다. 전진하지 않는다
13:57:00  [DIAG] offline step=3 사다리=5/174 rx=60985 lines=3959 up=2152s
13:57:01  [NET] 3 CIFSR (IP 를 실제로 받았는가)
13:57:01  [AT] "AT+CIFSR" (8)
13:57:01  [AT] "busy p..." (9)
13:57:01  [NET] busy — ESP 가 앞 명령을 처리 중이다. 전진하지 않는다
13:57:03  [NET] 3 CIFSR (IP 를 실제로 받았는가)
13:57:03  [NET] CIFSR 3회 소진 — 그러나 busy 거부였다. IP 소실로 세지 않는다
13:57:03  [NET] CIFSR 3회에도 IP 가 없다 → CWJAP 부터 다시
13:57:03  [LADDER] 실패(CWJAP FAIL) CWJAP소요 862s · 연속 0회 · 결합유지 없음 · 현재 5단(174회 누적)
13:57:03  [LADDER] ⚠5단 미실행: 전원 재투입은 **부품 미보유로 미구현**이다
13:57:03  [LADDER]   필요 부품: 로우사이드 MOSFET 스위치(예: 2N7000/AO3400 + 10k)
13:57:03  [LADDER]   대신 4단 조치를 60초 백오프로 되풀이한다(종착역)
13:57:03  [AT] "AT+CIFSR" (8)
13:57:03  [AT] "busy p..." (9)
13:57:03  [NET] busy — ESP 가 앞 명령을 처리 중이다. 전진하지 않는다
13:57:03  [DIAG] offline step=3 사다리=5/175 rx=61029 lines=3963 up=2155s
13:57:04  [NET] 3 CIFSR (IP 를 실제로 받았는가)
13:57:04  [AT] "AT+CIFSR" (8)
13:57:04  [AT] "busy p..." (9)
13:57:04  [NET] busy — ESP 가 앞 명령을 처리 중이다. 전진하지 않는다
13:57:06  [NET] 3 CIFSR (IP 를 실제로 받았는가)
13:57:06  [AT] "AT+CIFSR" (8)
13:57:06  [AT] "busy p..." (9)
13:57:06  [NET] busy — ESP 가 앞 명령을 처리 중이다. 전진하지 않는다
13:57:06  [DIAG] offline step=3 사다리=5/175 rx=61073 lines=3967 up=2158s
13:57:07  [NET] 3 CIFSR (IP 를 실제로 받았는가)
13:57:07  [NET] CIFSR 3회 소진 — 그러나 busy 거부였다. IP 소실로 세지 않는다
13:57:07  [NET] CIFSR 3회에도 IP 가 없다 → CWJAP 부터 다시
13:57:07  [LADDER] 실패(CWJAP FAIL) CWJAP소요 867s · 연속 0회 · 결합유지 없음 · 현재 5단(175회 누적)
13:57:07  [LADDER] ⚠5단 미실행: 전원 재투입은 **부품 미보유로 미구현**이다
13:57:07  [LADDER]   필요 부품: 로우사이드 MOSFET 스위치(예: 2N7000/AO3400 + 10k)
13:57:07  [LADDER]   대신 4단 조치를 60초 백오프로 되풀이한다(종착역)
13:57:07  [AT] "AT+CIFSR" (8)
13:57:07  [AT] "busy p..." (9)
13:57:07  [NET] busy — ESP 가 앞 명령을 처리 중이다. 전진하지 않는다
13:57:08  [CNT] up=2160 drop=1 esprst=9 resync=0 sendfail=0 okto=5 stuck=1 ackq=0 ackdrop=0 ackstale=0 slot=1800 oow=0 smiss=6 ssovf=0 cksumng=0 okstream=906 penddrop=0 pendfill=908 bigfill=7 bigdrop=0 bigokst=6 oklost=0 bigoklost=0 skip=34 online=0
13:57:08  [RAM] 최저 여유 617 B · 프롬프트 재동기 0회 (서버의 '버린줄' 과 맞아야 한다)
13:57:09  [NET] 3 CIFSR (IP 를 실제로 받았는가)
13:57:09  [AT] "AT+CIFSR" (8)
13:57:09  [AT] "busy p..." (9)
13:57:09  [NET] busy — ESP 가 앞 명령을 처리 중이다. 전진하지 않는다
13:57:09  [DIAG] offline step=3 사다리=5/176 rx=61117 lines=3971 up=2161s
13:57:10  [NET] 3 CIFSR (IP 를 실제로 받았는가)
13:57:10  [AT] "AT+CIFSR" (8)
13:57:10  [AT] "busy p..." (9)
13:57:10  [NET] busy — ESP 가 앞 명령을 처리 중이다. 전진하지 않는다
13:57:11  «tap» 살아있음 — 최근 60초 rx=15034B (이 줄이 끊기면 탭이 죽은 것이다)
13:57:12  [NET] 3 CIFSR (IP 를 실제로 받았는가)
13:57:12  [NET] CIFSR 3회 소진 — 그러나 busy 거부였다. IP 소실로 세지 않는다
13:57:12  [NET] CIFSR 3회에도 IP 가 없다 → CWJAP 부터 다시
13:57:12  [LADDER] 실패(CWJAP FAIL) CWJAP소요 871s · 연속 0회 · 결합유지 없음 · 현재 5단(176회 누적)
13:57:12  [LADDER] ⚠5단 미실행: 전원 재투입은 **부품 미보유로 미구현**이다
13:57:12  [LADDER]   필요 부품: 로우사이드 MOSFET 스위치(예: 2N7000/AO3400 + 10k)
13:57:12  [LADDER]   대신 4단 조치를 60초 백오프로 되풀이한다(종착역)
13:57:12  [AT] "AT+CIFSR" (8)
13:57:12  [AT] "busy p..." (9)
13:57:12  [NET] busy — ESP 가 앞 명령을 처리 중이다. 전진하지 않는다
13:57:12  [DIAG] offline step=3 사다리=5/177 rx=61161 lines=3975 up=2164s
13:57:13  [NET] 3 CIFSR (IP 를 실제로 받았는가)
13:57:13  [AT] "AT+CIFSR" (8)
13:57:13  [AT] "busy p..." (9)
13:57:13  [NET] busy — ESP 가 앞 명령을 처리 중이다. 전진하지 않는다
13:57:15  [NET] 3 CIFSR (IP 를 실제로 받았는가)
13:57:15  [AT] "AT+CIFSR" (8)
13:57:15  [AT] "busy p..." (9)
13:57:15  [NET] busy — ESP 가 앞 명령을 처리 중이다. 전진하지 않는다
13:57:15  [DIAG] offline step=3 사다리=5/177 rx=61205 lines=3979 up=2167s
13:57:17  [NET] 3 CIFSR (IP 를 실제로 받았는가)
13:57:17  [NET] CIFSR 3회 소진 — 그러나 busy 거부였다. IP 소실로 세지 않는다
13:57:17  [NET] CIFSR 3회에도 IP 가 없다 → CWJAP 부터 다시
13:57:17  [LADDER] 실패(CWJAP FAIL) CWJAP소요 876s · 연속 0회 · 결합유지 없음 · 현재 5단(177회 누적)
13:57:17  [LADDER] ⚠5단 미실행: 전원 재투입은 **부품 미보유로 미구현**이다
13:57:17  [LADDER]   필요 부품: 로우사이드 MOSFET 스위치(예: 2N7000/AO3400 + 10k)
13:57:17  [LADDER]   대신 4단 조치를 60초 백오프로 되풀이한다(종착역)
13:57:17  [AT] "AT+CIFSR" (8)
13:57:17  [AT] "busy p..." (9)
13:57:17  [NET] busy — ESP 가 앞 명령을 처리 중이다. 전진하지 않는다
13:57:18  [NET] 3 CIFSR (IP 를 실제로 받았는가)
13:57:18  [AT] "AT+CIFSR" (8)
13:57:18  [AT] "busy p..." (9)
13:57:18  [NET] busy — ESP 가 앞 명령을 처리 중이다. 전진하지 않는다
13:57:18  [DIAG] offline step=3 사다리=5/178 rx=61249 lines=3983 up=2170s
13:57:20  [NET] 3 CIFSR (IP 를 실제로 받았는가)
13:57:20  [AT] "AT+CIFSR" (8)
13:57:20  [AT] "busy p..." (9)
13:57:20  [NET] busy — ESP 가 앞 명령을 처리 중이다. 전진하지 않는다
13:57:21  [NET] 3 CIFSR (IP 를 실제로 받았는가)
13:57:21  [NET] CIFSR 3회 소진 — 그러나 busy 거부였다. IP 소실로 세지 않는다
13:57:21  [NET] CIFSR 3회에도 IP 가 없다 → CWJAP 부터 다시
13:57:21  [LADDER] 실패(CWJAP FAIL) CWJAP소요 881s · 연속 0회 · 결합유지 없음 · 현재 5단(178회 누적)
13:57:21  [LADDER] ⚠5단 미실행: 전원 재투입은 **부품 미보유로 미구현**이다
13:57:21  [LADDER]   필요 부품: 로우사이드 MOSFET 스위치(예: 2N7000/AO3400 + 10k)
13:57:21  [LADDER]   대신 4단 조치를 60초 백오프로 되풀이한다(종착역)
13:57:21  [AT] "AT+CIFSR" (8)
13:57:21  [AT] "busy p..." (9)
13:57:21  [NET] busy — ESP 가 앞 명령을 처리 중이다. 전진하지 않는다
13:57:21  [DIAG] offline step=3 사다리=5/179 rx=61293 lines=3987 up=2173s
13:57:23  [NET] 3 CIFSR (IP 를 실제로 받았는가)
13:57:23  [AT] "AT+CIFSR" (8)
13:57:23  [AT] "busy p..." (9)
13:57:23  [NET] busy — ESP 가 앞 명령을 처리 중이다. 전진하지 않는다
13:57:24  [NET] 3 CIFSR (IP 를 실제로 받았는가)
13:57:24  [AT] "AT+CIFSR" (8)
13:57:24  [AT] "busy p..." (9)
13:57:24  [NET] busy — ESP 가 앞 명령을 처리 중이다. 전진하지 않는다
13:57:24  [DIAG] offline step=3 사다리=5/179 rx=61337 lines=3991 up=2176s
13:57:26  [NET] 3 CIFSR (IP 를 실제로 받았는가)
13:57:26  [NET] CIFSR 3회 소진 — 그러나 busy 거부였다. IP 소실로 세지 않는다
13:57:26  [NET] CIFSR 3회에도 IP 가 없다 → CWJAP 부터 다시
13:57:26  [LADDER] 실패(CWJAP FAIL) CWJAP소요 885s · 연속 0회 · 결합유지 없음 · 현재 5단(179회 누적)
13:57:26  [LADDER] ⚠5단 미실행: 전원 재투입은 **부품 미보유로 미구현**이다
13:57:26  [LADDER]   필요 부품: 로우사이드 MOSFET 스위치(예: 2N7000/AO3400 + 10k)
13:57:26  [LADDER]   대신 4단 조치를 60초 백오프로 되풀이한다(종착역)
13:57:26  [AT] "AT+CIFSR" (8)
13:57:26  [AT] "busy p..." (9)
13:57:26  [NET] busy — ESP 가 앞 명령을 처리 중이다. 전진하지 않는다
13:57:27  [NET] 3 CIFSR (IP 를 실제로 받았는가)
13:57:27  [AT] "AT+CIFSR" (8)
13:57:27  [AT] "busy p..." (9)
13:57:27  [NET] busy — ESP 가 앞 명령을 처리 중이다. 전진하지 않는다
13:57:27  [DIAG] offline step=3 사다리=5/180 rx=61381 lines=3995 up=2179s
13:57:29  [NET] 3 CIFSR (IP 를 실제로 받았는가)
13:57:29  [AT] "AT+CIFSR" (8)
13:57:29  [AT] "busy p..." (9)
13:57:29  [NET] busy — ESP 가 앞 명령을 처리 중이다. 전진하지 않는다
13:57:30  [DIAG] offline step=3 사다리=5/180 rx=61403 lines=3997 up=2182s
13:57:30  [NET] 3 CIFSR (IP 를 실제로 받았는가)
13:57:31  [NET] CIFSR 3회 소진 — 그러나 busy 거부였다. IP 소실로 세지 않는다
13:57:31  [NET] CIFSR 3회에도 IP 가 없다 → CWJAP 부터 다시
13:57:31  [LADDER] 실패(CWJAP FAIL) CWJAP소요 890s · 연속 0회 · 결합유지 없음 · 현재 5단(180회 누적)
13:57:31  [LADDER] ⚠5단 미실행: 전원 재투입은 **부품 미보유로 미구현**이다
13:57:31  [LADDER]   필요 부품: 로우사이드 MOSFET 스위치(예: 2N7000/AO3400 + 10k)
13:57:31  [LADDER]   대신 4단 조치를 60초 백오프로 되풀이한다(종착역)
13:57:31  [AT] "AT+CIFSR" (8)
13:57:31  [AT] "busy p..." (9)
13:57:31  [NET] busy — ESP 가 앞 명령을 처리 중이다. 전진하지 않는다
13:57:32  [NET] 3 CIFSR (IP 를 실제로 받았는가)
13:57:32  [AT] "AT+CIFSR" (8)
13:57:32  [AT] "busy p..." (9)
13:57:32  [NET] busy — ESP 가 앞 명령을 처리 중이다. 전진하지 않는다
13:57:33  [DIAG] offline step=3 사다리=5/181 rx=61447 lines=4001 up=2185s
13:57:34  [NET] 3 CIFSR (IP 를 실제로 받았는가)
13:57:34  [AT] "AT+CIFSR" (8)
13:57:34  [AT] "busy p..." (9)
13:57:34  [NET] busy — ESP 가 앞 명령을 처리 중이다. 전진하지 않는다
13:57:35  [NET] 3 CIFSR (IP 를 실제로 받았는가)
13:57:35  [NET] CIFSR 3회 소진 — 그러나 busy 거부였다. IP 소실로 세지 않는다
13:57:35  [NET] CIFSR 3회에도 IP 가 없다 → CWJAP 부터 다시
13:57:35  [LADDER] 실패(CWJAP FAIL) CWJAP소요 895s · 연속 0회 · 결합유지 없음 · 현재 5단(181회 누적)
13:57:35  [LADDER] ⚠5단 미실행: 전원 재투입은 **부품 미보유로 미구현**이다
13:57:35  [LADDER]   필요 부품: 로우사이드 MOSFET 스위치(예: 2N7000/AO3400 + 10k)
13:57:35  [LADDER]   대신 4단 조치를 60초 백오프로 되풀이한다(종착역)
13:57:35  [AT] "AT+CIFSR" (8)
13:57:35  [AT] "busy p..." (9)
13:57:35  [NET] busy — ESP 가 앞 명령을 처리 중이다. 전진하지 않는다
13:57:36  [DIAG] offline step=3 사다리=5/182 rx=61491 lines=4005 up=2188s
13:57:37  [NET] 3 CIFSR (IP 를 실제로 받았는가)
13:57:37  [AT] "AT+CIFSR" (8)
13:57:37  [AT] "busy p..." (9)
13:57:37  [NET] busy — ESP 가 앞 명령을 처리 중이다. 전진하지 않는다
13:57:38  [NET] 3 CIFSR (IP 를 실제로 받았는가)
13:57:38  [AT] "AT+CIFSR" (8)
13:57:38  [AT] "busy p..." (9)
13:57:38  [NET] busy — ESP 가 앞 명령을 처리 중이다. 전진하지 않는다
13:57:39  [DIAG] offline step=3 사다리=5/182 rx=61535 lines=4009 up=2191s
13:57:40  [NET] 3 CIFSR (IP 를 실제로 받았는가)
13:57:40  [NET] CIFSR 3회 소진 — 그러나 busy 거부였다. IP 소실로 세지 않는다
13:57:40  [NET] CIFSR 3회에도 IP 가 없다 → CWJAP 부터 다시
13:57:40  [LADDER] 실패(CWJAP FAIL) CWJAP소요 899s · 연속 0회 · 결합유지 없음 · 현재 5단(182회 누적)
13:57:40  [LADDER] ⚠5단 미실행: 전원 재투입은 **부품 미보유로 미구현**이다
13:57:40  [LADDER]   필요 부품: 로우사이드 MOSFET 스위치(예: 2N7000/AO3400 + 10k)
13:57:40  [LADDER]   대신 4단 조치를 60초 백오프로 되풀이한다(종착역)
13:57:40  [AT] "AT+CIFSR" (8)
13:57:40  [AT] "busy p..." (9)
13:57:40  [NET] busy — ESP 가 앞 명령을 처리 중이다. 전진하지 않는다
13:57:41  [NET] 3 CIFSR (IP 를 실제로 받았는가)
13:57:41  [AT] "AT+CIFSR" (8)
13:57:41  [AT] "busy p..." (9)
13:57:41  [NET] busy — ESP 가 앞 명령을 처리 중이다. 전진하지 않는다
13:57:42  [DIAG] offline step=3 사다리=5/183 rx=61579 lines=4013 up=2194s
13:57:43  [NET] 3 CIFSR (IP 를 실제로 받았는가)
13:57:43  [AT] "AT+CIFSR" (8)
13:57:43  [AT] "busy p..." (9)
13:57:43  [NET] busy — ESP 가 앞 명령을 처리 중이다. 전진하지 않는다
13:57:44  [NET] 3 CIFSR (IP 를 실제로 받았는가)
13:57:44  [NET] CIFSR 3회 소진 — 그러나 busy 거부였다. IP 소실로 세지 않는다
13:57:44  [NET] CIFSR 3회에도 IP 가 없다 → CWJAP 부터 다시
13:57:44  [LADDER] 실패(CWJAP FAIL) CWJAP소요 904s · 연속 0회 · 결합유지 없음 · 현재 5단(183회 누적)
13:57:44  [LADDER] ⚠5단 미실행: 전원 재투입은 **부품 미보유로 미구현**이다
13:57:44  [LADDER]   필요 부품: 로우사이드 MOSFET 스위치(예: 2N7000/AO3400 + 10k)
13:57:45  [LADDER]   대신 4단 조치를 60초 백오프로 되풀이한다(종착역)
13:57:45  [AT] "AT+CIFSR" (8)
13:57:45  [AT] "busy p..." (9)
13:57:45  [NET] busy — ESP 가 앞 명령을 처리 중이다. 전진하지 않는다
13:57:45  [DIAG] offline step=3 사다리=5/184 rx=61623 lines=4017 up=2197s
13:57:46  [NET] 3 CIFSR (IP 를 실제로 받았는가)
13:57:46  [AT] "AT+CIFSR" (8)
13:57:46  [AT] "busy p..." (9)
13:57:46  [NET] busy — ESP 가 앞 명령을 처리 중이다. 전진하지 않는다
13:57:48  [NET] 3 CIFSR (IP 를 실제로 받았는가)
13:57:48  [AT] "AT+CIFSR" (8)
13:57:48  [AT] "busy p..." (9)
13:57:48  [NET] busy — ESP 가 앞 명령을 처리 중이다. 전진하지 않는다
13:57:48  [DIAG] offline step=3 사다리=5/184 rx=61667 lines=4021 up=2200s
13:57:49  [NET] 3 CIFSR (IP 를 실제로 받았는가)
13:57:49  [NET] CIFSR 3회 소진 — 그러나 busy 거부였다. IP 소실로 세지 않는다
13:57:49  [NET] CIFSR 3회에도 IP 가 없다 → CWJAP 부터 다시
13:57:49  [LADDER] 실패(CWJAP FAIL) CWJAP소요 909s · 연속 0회 · 결합유지 없음 · 현재 5단(184회 누적)
13:57:49  [LADDER] ⚠5단 미실행: 전원 재투입은 **부품 미보유로 미구현**이다
13:57:49  [LADDER]   필요 부품: 로우사이드 MOSFET 스위치(예: 2N7000/AO3400 + 10k)
13:57:49  [LADDER]   대신 4단 조치를 60초 백오프로 되풀이한다(종착역)
13:57:49  [AT] "AT+CIFSR" (8)
13:57:49  [AT] "busy p..." (9)
13:57:49  [NET] busy — ESP 가 앞 명령을 처리 중이다. 전진하지 않는다
13:57:51  [NET] 3 CIFSR (IP 를 실제로 받았는가)
13:57:51  [AT] "AT+CIFSR" (8)
13:57:51  [AT] "busy p..." (9)
13:57:51  [NET] busy — ESP 가 앞 명령을 처리 중이다. 전진하지 않는다
13:57:51  [DIAG] offline step=3 사다리=5/185 rx=61711 lines=4025 up=2203s
13:57:52  [NET] 3 CIFSR (IP 를 실제로 받았는가)
13:57:52  [AT] "AT+CIFSR" (8)
13:57:52  [AT] "busy p..." (9)
13:57:52  [NET] busy — ESP 가 앞 명령을 처리 중이다. 전진하지 않는다
13:57:54  [NET] 3 CIFSR (IP 를 실제로 받았는가)
13:57:54  [NET] CIFSR 3회 소진 — 그러나 busy 거부였다. IP 소실로 세지 않는다
13:57:54  [NET] CIFSR 3회에도 IP 가 없다 → CWJAP 부터 다시
13:57:54  [LADDER] 실패(CWJAP FAIL) CWJAP소요 913s · 연속 0회 · 결합유지 없음 · 현재 5단(185회 누적)
13:57:54  [LADDER] ⚠5단 미실행: 전원 재투입은 **부품 미보유로 미구현**이다
13:57:54  [LADDER]   필요 부품: 로우사이드 MOSFET 스위치(예: 2N7000/AO3400 + 10k)
13:57:54  [LADDER]   대신 4단 조치를 60초 백오프로 되풀이한다(종착역)
13:57:54  [AT] "AT+CIFSR" (8)
13:57:54  [AT] "busy p..." (9)
13:57:54  [NET] busy — ESP 가 앞 명령을 처리 중이다. 전진하지 않는다
13:57:54  [DIAG] offline step=3 사다리=5/186 rx=61755 lines=4029 up=2206s
13:57:55  [NET] 3 CIFSR (IP 를 실제로 받았는가)
13:57:55  [AT] "AT+CIFSR" (8)
13:57:55  [AT] "busy p..." (9)
13:57:55  [NET] busy — ESP 가 앞 명령을 처리 중이다. 전진하지 않는다
13:57:57  [NET] 3 CIFSR (IP 를 실제로 받았는가)
13:57:57  [AT] "AT+CIFSR" (8)
13:57:57  [AT] "busy p..." (9)
13:57:57  [NET] busy — ESP 가 앞 명령을 처리 중이다. 전진하지 않는다
13:57:57  [DIAG] offline step=3 사다리=5/186 rx=61799 lines=4033 up=2209s
13:57:58  [NET] 3 CIFSR (IP 를 실제로 받았는가)
13:57:58  [NET] CIFSR 3회 소진 — 그러나 busy 거부였다. IP 소실로 세지 않는다
13:57:58  [NET] CIFSR 3회에도 IP 가 없다 → CWJAP 부터 다시
13:57:58  [LADDER] 실패(CWJAP FAIL) CWJAP소요 918s · 연속 0회 · 결합유지 없음 · 현재 5단(186회 누적)
13:57:58  [LADDER] ⚠5단 미실행: 전원 재투입은 **부품 미보유로 미구현**이다
13:57:58  [LADDER]   필요 부품: 로우사이드 MOSFET 스위치(예: 2N7000/AO3400 + 10k)
13:57:58  [LADDER]   대신 4단 조치를 60초 백오프로 되풀이한다(종착역)
13:57:58  [AT] "AT+CIFSR" (8)
13:57:58  [AT] "busy p..." (9)
13:57:58  [NET] busy — ESP 가 앞 명령을 처리 중이다. 전진하지 않는다
13:58:00  [NET] 3 CIFSR (IP 를 실제로 받았는가)
13:58:00  [AT] "AT+CIFSR" (8)
13:58:00  [AT] "busy p..." (9)
13:58:00  [NET] busy — ESP 가 앞 명령을 처리 중이다. 전진하지 않는다
13:58:00  [DIAG] offline step=3 사다리=5/187 rx=61843 lines=4037 up=2212s
13:58:02  [NET] 3 CIFSR (IP 를 실제로 받았는가)
13:58:02  [AT] "AT+CIFSR" (8)
13:58:02  [AT] "busy p..." (9)
13:58:02  [NET] busy — ESP 가 앞 명령을 처리 중이다. 전진하지 않는다
13:58:03  [NET] 3 CIFSR (IP 를 실제로 받았는가)
13:58:03  [NET] CIFSR 3회 소진 — 그러나 busy 거부였다. IP 소실로 세지 않는다
13:58:03  [NET] CIFSR 3회에도 IP 가 없다 → CWJAP 부터 다시
13:58:03  [LADDER] 실패(CWJAP FAIL) CWJAP소요 923s · 연속 0회 · 결합유지 없음 · 현재 5단(187회 누적)
13:58:03  [LADDER] ⚠5단 미실행: 전원 재투입은 **부품 미보유로 미구현**이다
13:58:03  [LADDER]   필요 부품: 로우사이드 MOSFET 스위치(예: 2N7000/AO3400 + 10k)
13:58:03  [LADDER]   대신 4단 조치를 60초 백오프로 되풀이한다(종착역)
13:58:03  [AT] "AT+CIFSR" (8)
13:58:03  [AT] "busy p..." (9)
13:58:03  [NET] busy — ESP 가 앞 명령을 처리 중이다. 전진하지 않는다
13:58:03  [DIAG] offline step=3 사다리=5/188 rx=61887 lines=4041 up=2215s
13:58:05  [NET] 3 CIFSR (IP 를 실제로 받았는가)
13:58:05  [AT] "AT+CIFSR" (8)
13:58:05  [AT] "busy p..." (9)
13:58:05  [NET] busy — ESP 가 앞 명령을 처리 중이다. 전진하지 않는다
13:58:06  [NET] 3 CIFSR (IP 를 실제로 받았는가)
13:58:06  [AT] "AT+CIFSR" (8)
13:58:06  [AT] "busy p..." (9)
13:58:06  [NET] busy — ESP 가 앞 명령을 처리 중이다. 전진하지 않는다
13:58:06  [DIAG] offline step=3 사다리=5/188 rx=61931 lines=4045 up=2218s
13:58:08  [NET] 3 CIFSR (IP 를 실제로 받았는가)
13:58:08  [NET] CIFSR 3회 소진 — 그러나 busy 거부였다. IP 소실로 세지 않는다
13:58:08  [NET] CIFSR 3회에도 IP 가 없다 → CWJAP 부터 다시
13:58:08  [LADDER] 실패(CWJAP FAIL) CWJAP소요 927s · 연속 0회 · 결합유지 없음 · 현재 5단(188회 누적)
13:58:08  [LADDER] ⚠5단 미실행: 전원 재투입은 **부품 미보유로 미구현**이다
13:58:08  [LADDER]   필요 부품: 로우사이드 MOSFET 스위치(예: 2N7000/AO3400 + 10k)
13:58:08  [LADDER]   대신 4단 조치를 60초 백오프로 되풀이한다(종착역)
13:58:08  [AT] "AT+CIFSR" (8)
13:58:08  [AT] "busy p..." (9)
13:58:08  [NET] busy — ESP 가 앞 명령을 처리 중이다. 전진하지 않는다
13:58:08  [CNT] up=2220 drop=1 esprst=9 resync=0 sendfail=0 okto=5 stuck=1 ackq=0 ackdrop=0 ackstale=0 slot=1850 oow=0 smiss=6 ssovf=0 cksumng=0 okstream=906 penddrop=0 pendfill=908 bigfill=7 bigdrop=0 bigokst=6 oklost=0 bigoklost=0 skip=34 online=0
13:58:08  [RAM] 최저 여유 617 B · 프롬프트 재동기 0회 (서버의 '버린줄' 과 맞아야 한다)
13:58:09  [NET] 3 CIFSR (IP 를 실제로 받았는가)
13:58:09  [AT] "AT+CIFSR" (8)
13:58:09  [AT] "busy p..." (9)
13:58:09  [NET] busy — ESP 가 앞 명령을 처리 중이다. 전진하지 않는다
13:58:09  [DIAG] offline step=3 사다리=5/189 rx=61975 lines=4049 up=2221s
13:58:11  «tap» 살아있음 — 최근 60초 rx=14873B (이 줄이 끊기면 탭이 죽은 것이다)
13:58:11  [NET] 3 CIFSR (IP 를 실제로 받았는가)
13:58:11  [AT] "AT+CIFSR" (8)
13:58:11  [AT] "busy p..." (9)
13:58:11  [NET] busy — ESP 가 앞 명령을 처리 중이다. 전진하지 않는다
13:58:12  [NET] 3 CIFSR (IP 를 실제로 받았는가)
13:58:12  [NET] CIFSR 3회 소진 — 그러나 busy 거부였다. IP 소실로 세지 않는다
13:58:12  [NET] CIFSR 3회에도 IP 가 없다 → CWJAP 부터 다시
13:58:12  [LADDER] 실패(CWJAP FAIL) CWJAP소요 932s · 연속 0회 · 결합유지 없음 · 현재 5단(189회 누적)
13:58:12  [LADDER] ⚠5단 미실행: 전원 재투입은 **부품 미보유로 미구현**이다
13:58:12  [LADDER]   필요 부품: 로우사이드 MOSFET 스위치(예: 2N7000/AO3400 + 10k)
13:58:12  [LADDER]   대신 4단 조치를 60초 백오프로 되풀이한다(종착역)
13:58:12  [AT] "AT+CIFSR" (8)
13:58:12  [AT] "busy p..." (9)
13:58:12  [NET] busy — ESP 가 앞 명령을 처리 중이다. 전진하지 않는다
13:58:12  [DIAG] offline step=3 사다리=5/190 rx=62019 lines=4053 up=2224s
13:58:14  [NET] 3 CIFSR (IP 를 실제로 받았는가)
13:58:14  [AT] "AT+CIFSR" (8)
13:58:14  [AT] "busy p..." (9)
13:58:14  [NET] busy — ESP 가 앞 명령을 처리 중이다. 전진하지 않는다
13:58:15  [DIAG] offline step=3 사다리=5/190 rx=62041 lines=4055 up=2227s
13:58:16  [NET] 3 CIFSR (IP 를 실제로 받았는가)
13:58:16  [AT] "AT+CIFSR" (8)
13:58:16  [AT] "busy p..." (9)
13:58:16  [NET] busy — ESP 가 앞 명령을 처리 중이다. 전진하지 않는다
13:58:17  [NET] 3 CIFSR (IP 를 실제로 받았는가)
13:58:17  [NET] CIFSR 3회 소진 — 그러나 busy 거부였다. IP 소실로 세지 않는다
13:58:17  [NET] CIFSR 3회에도 IP 가 없다 → CWJAP 부터 다시
13:58:17  [LADDER] 실패(CWJAP FAIL) CWJAP소요 937s · 연속 0회 · 결합유지 없음 · 현재 5단(190회 누적)
13:58:17  [LADDER] ⚠5단 미실행: 전원 재투입은 **부품 미보유로 미구현**이다
13:58:17  [LADDER]   필요 부품: 로우사이드 MOSFET 스위치(예: 2N7000/AO3400 + 10k)
13:58:17  [LADDER]   대신 4단 조치를 60초 백오프로 되풀이한다(종착역)
13:58:17  [AT] "AT+CIFSR" (8)
13:58:17  [AT] "busy p..." (9)
13:58:17  [NET] busy — ESP 가 앞 명령을 처리 중이다. 전진하지 않는다
13:58:18  [DIAG] offline step=3 사다리=5/191 rx=62085 lines=4059 up=2230s
13:58:19  [NET] 3 CIFSR (IP 를 실제로 받았는가)
13:58:19  [AT] "AT+CIFSR" (8)
13:58:19  [AT] "busy p..." (9)
13:58:19  [NET] busy — ESP 가 앞 명령을 처리 중이다. 전진하지 않는다
13:58:20  [NET] 3 CIFSR (IP 를 실제로 받았는가)
13:58:20  [AT] "AT+CIFSR" (8)
13:58:20  [AT] "busy p..." (9)
13:58:20  [NET] busy — ESP 가 앞 명령을 처리 중이다. 전진하지 않는다
13:58:21  [DIAG] offline step=3 사다리=5/191 rx=62129 lines=4063 up=2233s
13:58:22  [NET] 3 CIFSR (IP 를 실제로 받았는가)
13:58:22  [NET] CIFSR 3회 소진 — 그러나 busy 거부였다. IP 소실로 세지 않는다
13:58:22  [NET] CIFSR 3회에도 IP 가 없다 → CWJAP 부터 다시
13:58:22  [LADDER] 실패(CWJAP FAIL) CWJAP소요 941s · 연속 0회 · 결합유지 없음 · 현재 5단(191회 누적)
13:58:22  [LADDER] ⚠5단 미실행: 전원 재투입은 **부품 미보유로 미구현**이다
13:58:22  [LADDER]   필요 부품: 로우사이드 MOSFET 스위치(예: 2N7000/AO3400 + 10k)
13:58:22  [LADDER]   대신 4단 조치를 60초 백오프로 되풀이한다(종착역)
13:58:22  [AT] "AT+CIFSR" (8)
13:58:22  [AT] "busy p..." (9)
13:58:22  [NET] busy — ESP 가 앞 명령을 처리 중이다. 전진하지 않는다
13:58:23  [NET] 3 CIFSR (IP 를 실제로 받았는가)
13:58:23  [AT] "AT+CIFSR" (8)
13:58:23  [AT] "busy p..." (9)
13:58:23  [NET] busy — ESP 가 앞 명령을 처리 중이다. 전진하지 않는다
13:58:24  [DIAG] offline step=3 사다리=5/192 rx=62173 lines=4067 up=2236s
13:58:25  [NET] 3 CIFSR (IP 를 실제로 받았는가)
13:58:25  [AT] "AT+CIFSR" (8)
13:58:25  [AT] "busy p..." (9)
13:58:25  [NET] busy — ESP 가 앞 명령을 처리 중이다. 전진하지 않는다
13:58:26  [NET] 3 CIFSR (IP 를 실제로 받았는가)
13:58:26  [NET] CIFSR 3회 소진 — 그러나 busy 거부였다. IP 소실로 세지 않는다
13:58:26  [NET] CIFSR 3회에도 IP 가 없다 → CWJAP 부터 다시
13:58:26  [LADDER] 실패(CWJAP FAIL) CWJAP소요 946s · 연속 0회 · 결합유지 없음 · 현재 5단(192회 누적)
13:58:26  [LADDER] ⚠5단 미실행: 전원 재투입은 **부품 미보유로 미구현**이다
13:58:26  [LADDER]   필요 부품: 로우사이드 MOSFET 스위치(예: 2N7000/AO3400 + 10k)
13:58:26  [LADDER]   대신 4단 조치를 60초 백오프로 되풀이한다(종착역)
13:58:26  [AT] "AT+CIFSR" (8)
13:58:26  [AT] "busy p..." (9)
13:58:26  [NET] busy — ESP 가 앞 명령을 처리 중이다. 전진하지 않는다
13:58:27  [DIAG] offline step=3 사다리=5/193 rx=62217 lines=4071 up=2239s
13:58:28  [NET] 3 CIFSR (IP 를 실제로 받았는가)
13:58:28  [AT] "AT+CIFSR" (8)
13:58:28  [AT] "busy p..." (9)
13:58:28  [NET] busy — ESP 가 앞 명령을 처리 중이다. 전진하지 않는다
13:58:29  [NET] 3 CIFSR (IP 를 실제로 받았는가)
13:58:29  [AT] "AT+CIFSR" (8)
13:58:29  [AT] "busy p..." (9)
13:58:29  [NET] busy — ESP 가 앞 명령을 처리 중이다. 전진하지 않는다
13:58:30  [DIAG] offline step=3 사다리=5/193 rx=62261 lines=4075 up=2242s
13:58:31  [NET] 3 CIFSR (IP 를 실제로 받았는가)
13:58:31  [NET] CIFSR 3회 소진 — 그러나 busy 거부였다. IP 소실로 세지 않는다
13:58:31  [NET] CIFSR 3회에도 IP 가 없다 → CWJAP 부터 다시
13:58:31  [LADDER] 실패(CWJAP FAIL) CWJAP소요 951s · 연속 0회 · 결합유지 없음 · 현재 5단(193회 누적)
13:58:31  [LADDER] ⚠5단 미실행: 전원 재투입은 **부품 미보유로 미구현**이다
13:58:31  [LADDER]   필요 부품: 로우사이드 MOSFET 스위치(예: 2N7000/AO3400 + 10k)
13:58:31  [LADDER]   대신 4단 조치를 60초 백오프로 되풀이한다(종착역)
13:58:31  [AT] "AT+CIFSR" (8)
13:58:31  [AT] "busy p..." (9)
13:58:31  [NET] busy — ESP 가 앞 명령을 처리 중이다. 전진하지 않는다
13:58:33  [NET] 3 CIFSR (IP 를 실제로 받았는가)
13:58:33  [AT] "AT+CIFSR" (8)
13:58:33  [AT] "busy p..." (9)
13:58:33  [NET] busy — ESP 가 앞 명령을 처리 중이다. 전진하지 않는다
13:58:33  [DIAG] offline step=3 사다리=5/194 rx=62305 lines=4079 up=2245s
13:58:34  [NET] 3 CIFSR (IP 를 실제로 받았는가)
13:58:34  [AT] "AT+CIFSR" (8)
13:58:34  [AT] "busy p..." (9)
13:58:34  [NET] busy — ESP 가 앞 명령을 처리 중이다. 전진하지 않는다
13:58:36  [NET] 3 CIFSR (IP 를 실제로 받았는가)
13:58:36  [NET] CIFSR 3회 소진 — 그러나 busy 거부였다. IP 소실로 세지 않는다
13:58:36  [NET] CIFSR 3회에도 IP 가 없다 → CWJAP 부터 다시
13:58:36  [LADDER] 실패(CWJAP FAIL) CWJAP소요 955s · 연속 0회 · 결합유지 없음 · 현재 5단(194회 누적)
13:58:36  [LADDER] ⚠5단 미실행: 전원 재투입은 **부품 미보유로 미구현**이다
13:58:36  [LADDER]   필요 부품: 로우사이드 MOSFET 스위치(예: 2N7000/AO3400 + 10k)
13:58:36  [LADDER]   대신 4단 조치를 60초 백오프로 되풀이한다(종착역)
13:58:36  [AT] "AT+CIFSR" (8)
13:58:36  [AT] "busy p..." (9)
13:58:36  [NET] busy — ESP 가 앞 명령을 처리 중이다. 전진하지 않는다
13:58:36  [DIAG] offline step=3 사다리=5/195 rx=62349 lines=4083 up=2248s
13:58:37  [NET] 3 CIFSR (IP 를 실제로 받았는가)
13:58:37  [AT] "AT+CIFSR" (8)
13:58:37  [AT] "busy p..." (9)
13:58:37  [NET] busy — ESP 가 앞 명령을 처리 중이다. 전진하지 않는다
13:58:39  [NET] 3 CIFSR (IP 를 실제로 받았는가)
13:58:39  [AT] "AT+CIFSR" (8)
13:58:39  [AT] "busy p..." (9)
13:58:39  [NET] busy — ESP 가 앞 명령을 처리 중이다. 전진하지 않는다
13:58:39  [DIAG] offline step=3 사다리=5/195 rx=62393 lines=4087 up=2251s
13:58:40  [NET] 3 CIFSR (IP 를 실제로 받았는가)
13:58:40  [NET] CIFSR 3회 소진 — 그러나 busy 거부였다. IP 소실로 세지 않는다
13:58:40  [NET] CIFSR 3회에도 IP 가 없다 → CWJAP 부터 다시
13:58:40  [LADDER] 실패(CWJAP FAIL) CWJAP소요 960s · 연속 0회 · 결합유지 없음 · 현재 5단(195회 누적)
13:58:40  [LADDER] ⚠5단 미실행: 전원 재투입은 **부품 미보유로 미구현**이다
13:58:40  [LADDER]   필요 부품: 로우사이드 MOSFET 스위치(예: 2N7000/AO3400 + 10k)
13:58:40  [LADDER]   대신 4단 조치를 60초 백오프로 되풀이한다(종착역)
13:58:40  [AT] "AT+CIFSR" (8)
13:58:40  [AT] "busy p..." (9)
13:58:40  [NET] busy — ESP 가 앞 명령을 처리 중이다. 전진하지 않는다
13:58:42  [NET] 3 CIFSR (IP 를 실제로 받았는가)
13:58:42  [AT] "AT+CIFSR" (8)
13:58:42  [AT] "busy p..." (9)
13:58:42  [NET] busy — ESP 가 앞 명령을 처리 중이다. 전진하지 않는다
13:58:42  [DIAG] offline step=3 사다리=5/196 rx=62437 lines=4091 up=2254s
13:58:43  [NET] 3 CIFSR (IP 를 실제로 받았는가)
13:58:43  [AT] "AT+CIFSR" (8)
13:58:43  [AT] "busy p..." (9)
13:58:43  [NET] busy — ESP 가 앞 명령을 처리 중이다. 전진하지 않는다
13:58:45  [NET] 3 CIFSR (IP 를 실제로 받았는가)
13:58:45  [NET] CIFSR 3회 소진 — 그러나 busy 거부였다. IP 소실로 세지 않는다
13:58:45  [NET] CIFSR 3회에도 IP 가 없다 → CWJAP 부터 다시
13:58:45  [LADDER] 실패(CWJAP FAIL) CWJAP소요 965s · 연속 0회 · 결합유지 없음 · 현재 5단(196회 누적)
13:58:45  [LADDER] ⚠5단 미실행: 전원 재투입은 **부품 미보유로 미구현**이다
13:58:45  [LADDER]   필요 부품: 로우사이드 MOSFET 스위치(예: 2N7000/AO3400 + 10k)
13:58:45  [LADDER]   대신 4단 조치를 60초 백오프로 되풀이한다(종착역)
13:58:45  [AT] "AT+CIFSR" (8)
13:58:45  [AT] "busy p..." (9)
13:58:45  [NET] busy — ESP 가 앞 명령을 처리 중이다. 전진하지 않는다
13:58:45  [DIAG] offline step=3 사다리=5/197 rx=62481 lines=4095 up=2257s
13:58:47  [NET] 3 CIFSR (IP 를 실제로 받았는가)
13:58:47  [AT] "AT+CIFSR" (8)
13:58:47  [AT] "busy p..." (9)
13:58:47  [NET] busy — ESP 가 앞 명령을 처리 중이다. 전진하지 않는다
13:58:48  [NET] 3 CIFSR (IP 를 실제로 받았는가)
13:58:48  [AT] "AT+CIFSR" (8)
13:58:48  [AT] "busy p..." (9)
13:58:48  [NET] busy — ESP 가 앞 명령을 처리 중이다. 전진하지 않는다
13:58:48  [DIAG] offline step=3 사다리=5/197 rx=62525 lines=4099 up=2260s
13:58:50  [NET] 3 CIFSR (IP 를 실제로 받았는가)
13:58:50  [NET] CIFSR 3회 소진 — 그러나 busy 거부였다. IP 소실로 세지 않는다
13:58:50  [NET] CIFSR 3회에도 IP 가 없다 → CWJAP 부터 다시
13:58:50  [LADDER] 실패(CWJAP FAIL) CWJAP소요 969s · 연속 0회 · 결합유지 없음 · 현재 5단(197회 누적)
13:58:50  [LADDER] ⚠5단 미실행: 전원 재투입은 **부품 미보유로 미구현**이다
13:58:50  [LADDER]   필요 부품: 로우사이드 MOSFET 스위치(예: 2N7000/AO3400 + 10k)
13:58:50  [LADDER]   대신 4단 조치를 60초 백오프로 되풀이한다(종착역)
13:58:50  [AT] "AT+CIFSR" (8)
13:58:50  [AT] "busy p..." (9)
13:58:50  [NET] busy — ESP 가 앞 명령을 처리 중이다. 전진하지 않는다
13:58:51  [NET] 3 CIFSR (IP 를 실제로 받았는가)
13:58:51  [AT] "AT+CIFSR" (8)
13:58:51  [AT] "busy p..." (9)
13:58:51  [NET] busy — ESP 가 앞 명령을 처리 중이다. 전진하지 않는다
13:58:51  [DIAG] offline step=3 사다리=5/198 rx=62569 lines=4103 up=2263s
13:58:53  [NET] 3 CIFSR (IP 를 실제로 받았는가)
13:58:53  [AT] "AT+CIFSR" (8)
13:58:53  [AT] "busy p..." (9)
13:58:53  [NET] busy — ESP 가 앞 명령을 처리 중이다. 전진하지 않는다
13:58:54  [NET] 3 CIFSR (IP 를 실제로 받았는가)
13:58:54  [NET] CIFSR 3회 소진 — 그러나 busy 거부였다. IP 소실로 세지 않는다
13:58:54  [NET] CIFSR 3회에도 IP 가 없다 → CWJAP 부터 다시
13:58:54  [LADDER] 실패(CWJAP FAIL) CWJAP소요 974s · 연속 0회 · 결합유지 없음 · 현재 5단(198회 누적)
13:58:54  [LADDER] ⚠5단 미실행: 전원 재투입은 **부품 미보유로 미구현**이다
13:58:54  [LADDER]   필요 부품: 로우사이드 MOSFET 스위치(예: 2N7000/AO3400 + 10k)
13:58:54  [LADDER]   대신 4단 조치를 60초 백오프로 되풀이한다(종착역)
13:58:54  [AT] "AT+CIFSR" (8)
13:58:54  [AT] "busy p..." (9)
13:58:54  [NET] busy — ESP 가 앞 명령을 처리 중이다. 전진하지 않는다
13:58:54  [DIAG] offline step=3 사다리=5/199 rx=62613 lines=4107 up=2266s
13:58:56  [NET] 3 CIFSR (IP 를 실제로 받았는가)
13:58:56  [AT] "AT+CIFSR" (8)
13:58:56  [AT] "busy p..." (9)
13:58:56  [NET] busy — ESP 가 앞 명령을 처리 중이다. 전진하지 않는다
13:58:57  [NET] 3 CIFSR (IP 를 실제로 받았는가)
13:58:57  [AT] "AT+CIFSR" (8)
13:58:57  [AT] "busy p..." (9)
13:58:57  [NET] busy — ESP 가 앞 명령을 처리 중이다. 전진하지 않는다
13:58:57  [DIAG] offline step=3 사다리=5/199 rx=62657 lines=4111 up=2269s
13:58:59  [NET] 3 CIFSR (IP 를 실제로 받았는가)
13:58:59  [NET] CIFSR 3회 소진 — 그러나 busy 거부였다. IP 소실로 세지 않는다
13:58:59  [NET] CIFSR 3회에도 IP 가 없다 → CWJAP 부터 다시
13:58:59  [LADDER] 실패(CWJAP FAIL) CWJAP소요 979s · 연속 0회 · 결합유지 없음 · 현재 5단(199회 누적)
13:58:59  [LADDER] ⚠5단 미실행: 전원 재투입은 **부품 미보유로 미구현**이다
13:58:59  [LADDER]   필요 부품: 로우사이드 MOSFET 스위치(예: 2N7000/AO3400 + 10k)
13:58:59  [LADDER]   대신 4단 조치를 60초 백오프로 되풀이한다(종착역)
13:58:59  [AT] "AT+CIFSR" (8)
13:58:59  [AT] "busy p..." (9)
13:58:59  [NET] busy — ESP 가 앞 명령을 처리 중이다. 전진하지 않는다
13:59:00  [DIAG] offline step=3 사다리=5/200 rx=62679 lines=4113 up=2272s
13:59:01  [NET] 3 CIFSR (IP 를 실제로 받았는가)
13:59:01  [AT] "AT+CIFSR" (8)
13:59:01  [AT] "busy p..." (9)
13:59:01  [NET] busy — ESP 가 앞 명령을 처리 중이다. 전진하지 않는다
13:59:02  [NET] 3 CIFSR (IP 를 실제로 받았는가)
13:59:02  [AT] "AT+CIFSR" (8)
13:59:02  [AT] "busy p..." (9)
13:59:02  [NET] busy — ESP 가 앞 명령을 처리 중이다. 전진하지 않는다
13:59:03  [DIAG] offline step=3 사다리=5/200 rx=62723 lines=4117 up=2275s
13:59:04  [NET] 3 CIFSR (IP 를 실제로 받았는가)
13:59:04  [NET] CIFSR 3회 소진 — 그러나 busy 거부였다. IP 소실로 세지 않는다
13:59:04  [NET] CIFSR 3회에도 IP 가 없다 → CWJAP 부터 다시
13:59:04  [LADDER] 실패(CWJAP FAIL) CWJAP소요 983s · 연속 0회 · 결합유지 없음 · 현재 5단(200회 누적)
13:59:04  [LADDER] ⚠5단 미실행: 전원 재투입은 **부품 미보유로 미구현**이다
13:59:04  [LADDER]   필요 부품: 로우사이드 MOSFET 스위치(예: 2N7000/AO3400 + 10k)
13:59:04  [LADDER]   대신 4단 조치를 60초 백오프로 되풀이한다(종착역)
13:59:04  [AT] "AT+CIFSR" (8)
13:59:04  [AT] "busy p..." (9)
13:59:04  [NET] busy — ESP 가 앞 명령을 처리 중이다. 전진하지 않는다
13:59:05  [NET] 3 CIFSR (IP 를 실제로 받았는가)
13:59:05  [AT] "AT+CIFSR" (8)
13:59:05  [AT] "busy p..." (9)
13:59:05  [NET] busy — ESP 가 앞 명령을 처리 중이다. 전진하지 않는다
13:59:06  [DIAG] offline step=3 사다리=5/201 rx=62767 lines=4121 up=2278s
13:59:07  [NET] 3 CIFSR (IP 를 실제로 받았는가)
13:59:07  [AT] "AT+CIFSR" (8)
13:59:07  [AT] "busy p..." (9)
13:59:07  [NET] busy — ESP 가 앞 명령을 처리 중이다. 전진하지 않는다
13:59:08  [NET] 3 CIFSR (IP 를 실제로 받았는가)
13:59:08  [NET] CIFSR 3회 소진 — 그러나 busy 거부였다. IP 소실로 세지 않는다
13:59:08  [NET] CIFSR 3회에도 IP 가 없다 → CWJAP 부터 다시
13:59:08  [LADDER] 실패(CWJAP FAIL) CWJAP소요 988s · 연속 0회 · 결합유지 없음 · 현재 5단(201회 누적)
13:59:08  [LADDER] ⚠5단 미실행: 전원 재투입은 **부품 미보유로 미구현**이다
13:59:08  [LADDER]   필요 부품: 로우사이드 MOSFET 스위치(예: 2N7000/AO3400 + 10k)
13:59:08  [LADDER]   대신 4단 조치를 60초 백오프로 되풀이한다(종착역)
13:59:08  [AT] "AT+CIFSR" (8)
13:59:08  [AT] "busy p..." (9)
13:59:08  [NET] busy — ESP 가 앞 명령을 처리 중이다. 전진하지 않는다
13:59:08  [CNT] up=2280 drop=1 esprst=9 resync=0 sendfail=0 okto=5 stuck=1 ackq=0 ackdrop=0 ackstale=0 slot=1900 oow=0 smiss=6 ssovf=0 cksumng=0 okstream=906 penddrop=0 pendfill=908 bigfill=7 bigdrop=0 bigokst=6 oklost=0 bigoklost=0 skip=34 online=0
13:59:08  [RAM] 최저 여유 617 B · 프롬프트 재동기 0회 (서버의 '버린줄' 과 맞아야 한다)
13:59:09  [DIAG] offline step=3 사다리=5/202 rx=62811 lines=4125 up=2281s
13:59:10  [NET] 3 CIFSR (IP 를 실제로 받았는가)
13:59:10  [AT] "AT+CIFSR" (8)
13:59:10  [AT] "busy p..." (9)
13:59:10  [NET] busy — ESP 가 앞 명령을 처리 중이다. 전진하지 않는다
13:59:11  «tap» 살아있음 — 최근 60초 rx=15042B (이 줄이 끊기면 탭이 죽은 것이다)
13:59:11  [NET] 3 CIFSR (IP 를 실제로 받았는가)
13:59:11  [AT] "AT+CIFSR" (8)
13:59:11  [AT] "busy p..." (9)
13:59:11  [NET] busy — ESP 가 앞 명령을 처리 중이다. 전진하지 않는다
13:59:12  [DIAG] offline step=3 사다리=5/202 rx=62855 lines=4129 up=2284s
13:59:13  [NET] 3 CIFSR (IP 를 실제로 받았는가)
13:59:13  [NET] CIFSR 3회 소진 — 그러나 busy 거부였다. IP 소실로 세지 않는다
13:59:13  [NET] CIFSR 3회에도 IP 가 없다 → CWJAP 부터 다시
13:59:13  [LADDER] 실패(CWJAP FAIL) CWJAP소요 993s · 연속 0회 · 결합유지 없음 · 현재 5단(202회 누적)
13:59:13  [LADDER] ⚠5단 미실행: 전원 재투입은 **부품 미보유로 미구현**이다
13:59:13  [LADDER]   필요 부품: 로우사이드 MOSFET 스위치(예: 2N7000/AO3400 + 10k)
13:59:13  [LADDER]   대신 4단 조치를 60초 백오프로 되풀이한다(종착역)
13:59:13  [AT] "AT+CIFSR" (8)
13:59:13  [AT] "busy p..." (9)
13:59:13  [NET] busy — ESP 가 앞 명령을 처리 중이다. 전진하지 않는다
13:59:14  [NET] 3 CIFSR (IP 를 실제로 받았는가)
13:59:14  [AT] "AT+CIFSR" (8)
13:59:15  [AT] "busy p..." (9)
13:59:15  [NET] busy — ESP 가 앞 명령을 처리 중이다. 전진하지 않는다
13:59:15  [DIAG] offline step=3 사다리=5/203 rx=62899 lines=4133 up=2287s
13:59:16  [NET] 3 CIFSR (IP 를 실제로 받았는가)
13:59:16  [AT] "AT+CIFSR" (8)
13:59:16  [AT] "busy p..." (9)
13:59:16  [NET] busy — ESP 가 앞 명령을 처리 중이다. 전진하지 않는다
13:59:18  [NET] 3 CIFSR (IP 를 실제로 받았는가)
13:59:18  [NET] CIFSR 3회 소진 — 그러나 busy 거부였다. IP 소실로 세지 않는다
13:59:18  [NET] CIFSR 3회에도 IP 가 없다 → CWJAP 부터 다시
13:59:18  [LADDER] 실패(CWJAP FAIL) CWJAP소요 997s · 연속 0회 · 결합유지 없음 · 현재 5단(203회 누적)
13:59:18  [LADDER] ⚠5단 미실행: 전원 재투입은 **부품 미보유로 미구현**이다
13:59:18  [LADDER]   필요 부품: 로우사이드 MOSFET 스위치(예: 2N7000/AO3400 + 10k)
13:59:18  [LADDER]   대신 4단 조치를 60초 백오프로 되풀이한다(종착역)
13:59:18  [AT] "AT+CIFSR" (8)
13:59:18  [AT] "busy p..." (9)
13:59:18  [NET] busy — ESP 가 앞 명령을 처리 중이다. 전진하지 않는다
13:59:18  [DIAG] offline step=3 사다리=5/204 rx=62943 lines=4137 up=2290s
13:59:19  [NET] 3 CIFSR (IP 를 실제로 받았는가)
13:59:19  [AT] "AT+CIFSR" (8)
13:59:19  [AT] "busy p..." (9)
13:59:19  [NET] busy — ESP 가 앞 명령을 처리 중이다. 전진하지 않는다
13:59:21  [NET] 3 CIFSR (IP 를 실제로 받았는가)
13:59:21  [AT] "AT+CIFSR" (8)
13:59:21  [AT] "busy p..." (9)
13:59:21  [NET] busy — ESP 가 앞 명령을 처리 중이다. 전진하지 않는다
13:59:21  [DIAG] offline step=3 사다리=5/204 rx=62987 lines=4141 up=2293s
13:59:22  [NET] 3 CIFSR (IP 를 실제로 받았는가)
13:59:22  [NET] CIFSR 3회 소진 — 그러나 busy 거부였다. IP 소실로 세지 않는다
13:59:22  [NET] CIFSR 3회에도 IP 가 없다 → CWJAP 부터 다시
13:59:22  [LADDER] 실패(CWJAP FAIL) CWJAP소요 1002s · 연속 0회 · 결합유지 없음 · 현재 5단(204회 누적)
13:59:22  [LADDER] ⚠5단 미실행: 전원 재투입은 **부품 미보유로 미구현**이다
13:59:22  [LADDER]   필요 부품: 로우사이드 MOSFET 스위치(예: 2N7000/AO3400 + 10k)
13:59:22  [LADDER]   대신 4단 조치를 60초 백오프로 되풀이한다(종착역)
13:59:22  [AT] "AT+CIFSR" (8)
13:59:22  [AT] "busy p..." (9)
13:59:22  [NET] busy — ESP 가 앞 명령을 처리 중이다. 전진하지 않는다
13:59:24  [NET] 3 CIFSR (IP 를 실제로 받았는가)
13:59:24  [AT] "AT+CIFSR" (8)
13:59:24  [AT] "busy p..." (9)
13:59:24  [NET] busy — ESP 가 앞 명령을 처리 중이다. 전진하지 않는다
13:59:24  [DIAG] offline step=3 사다리=5/205 rx=63031 lines=4145 up=2296s
13:59:25  [NET] 3 CIFSR (IP 를 실제로 받았는가)
13:59:25  [AT] "AT+CIFSR" (8)
13:59:25  [AT] "busy p..." (9)
13:59:25  [NET] busy — ESP 가 앞 명령을 처리 중이다. 전진하지 않는다
13:59:27  [NET] 3 CIFSR (IP 를 실제로 받았는가)
13:59:27  [NET] CIFSR 3회 소진 — 그러나 busy 거부였다. IP 소실로 세지 않는다
13:59:27  [NET] CIFSR 3회에도 IP 가 없다 → CWJAP 부터 다시
13:59:27  [LADDER] 실패(CWJAP FAIL) CWJAP소요 1007s · 연속 0회 · 결합유지 없음 · 현재 5단(205회 누적)
13:59:27  [LADDER] ⚠5단 미실행: 전원 재투입은 **부품 미보유로 미구현**이다
13:59:27  [LADDER]   필요 부품: 로우사이드 MOSFET 스위치(예: 2N7000/AO3400 + 10k)
13:59:27  [LADDER]   대신 4단 조치를 60초 백오프로 되풀이한다(종착역)
13:59:27  [AT] "AT+CIFSR" (8)
13:59:27  [AT] "busy p..." (9)
13:59:27  [NET] busy — ESP 가 앞 명령을 처리 중이다. 전진하지 않는다
13:59:27  [DIAG] offline step=3 사다리=5/206 rx=63075 lines=4149 up=2299s
13:59:28  [NET] 3 CIFSR (IP 를 실제로 받았는가)
13:59:28  [AT] "AT+CIFSR" (8)
13:59:28  [AT] "busy p..." (9)
13:59:28  [NET] busy — ESP 가 앞 명령을 처리 중이다. 전진하지 않는다
13:59:30  [NET] 3 CIFSR (IP 를 실제로 받았는가)
13:59:30  [AT] "AT+CIFSR" (8)
13:59:30  [AT] "busy p..." (9)
13:59:30  [NET] busy — ESP 가 앞 명령을 처리 중이다. 전진하지 않는다
13:59:30  [DIAG] offline step=3 사다리=5/206 rx=63119 lines=4153 up=2302s
13:59:32  [NET] 3 CIFSR (IP 를 실제로 받았는가)
13:59:32  [NET] CIFSR 3회 소진 — 그러나 busy 거부였다. IP 소실로 세지 않는다
13:59:32  [NET] CIFSR 3회에도 IP 가 없다 → CWJAP 부터 다시
13:59:32  [LADDER] 실패(CWJAP FAIL) CWJAP소요 1011s · 연속 0회 · 결합유지 없음 · 현재 5단(206회 누적)
13:59:32  [LADDER] ⚠5단 미실행: 전원 재투입은 **부품 미보유로 미구현**이다
13:59:32  [LADDER]   필요 부품: 로우사이드 MOSFET 스위치(예: 2N7000/AO3400 + 10k)
13:59:32  [LADDER]   대신 4단 조치를 60초 백오프로 되풀이한다(종착역)
13:59:32  [AT] "AT+CIFSR" (8)
13:59:32  [AT] "busy p..." (9)
13:59:32  [NET] busy — ESP 가 앞 명령을 처리 중이다. 전진하지 않는다
13:59:33  [NET] 3 CIFSR (IP 를 실제로 받았는가)
13:59:33  [AT] "AT+CIFSR" (8)
13:59:33  [AT] "busy p..." (9)
13:59:33  [NET] busy — ESP 가 앞 명령을 처리 중이다. 전진하지 않는다
13:59:33  [DIAG] offline step=3 사다리=5/207 rx=63163 lines=4157 up=2305s
13:59:36  [NET] 3 CIFSR (IP 를 실제로 받았는가)
13:59:36  [AT] "AT+CIFSR" (8)
13:59:36  [AT] "busy p..." (9)
13:59:36  [NET] busy — ESP 가 앞 명령을 처리 중이다. 전진하지 않는다
13:59:37  [NET] 3 CIFSR (IP 를 실제로 받았는가)
13:59:37  [NET] CIFSR 3회 소진 — 그러나 busy 거부였다. IP 소실로 세지 않는다
13:59:37  [NET] CIFSR 3회에도 IP 가 없다 → CWJAP 부터 다시
13:59:37  [LADDER] 실패(CWJAP FAIL) CWJAP소요 1016s · 연속 0회 · 결합유지 없음 · 현재 5단(207회 누적)
13:59:37  [LADDER] ⚠5단 미실행: 전원 재투입은 **부품 미보유로 미구현**이다
13:59:37  [LADDER]   필요 부품: 로우사이드 MOSFET 스위치(예: 2N7000/AO3400 + 10k)
13:59:37  [LADDER]   대신 4단 조치를 60초 백오프로 되풀이한다(종착역)
13:59:37  [AT] "AT+CIFSR" (8)
13:59:37  [AT] "busy p..." (9)
13:59:37  [NET] busy — ESP 가 앞 명령을 처리 중이다. 전진하지 않는다
13:59:37  [DIAG] offline step=3 사다리=5/208 rx=63207 lines=4161 up=2308s
13:59:39  [NET] 3 CIFSR (IP 를 실제로 받았는가)
13:59:39  [AT] "AT+CIFSR" (8)
13:59:39  [AT] "busy p..." (9)
13:59:39  [NET] busy — ESP 가 앞 명령을 처리 중이다. 전진하지 않는다
13:59:40  [NET] 3 CIFSR (IP 를 실제로 받았는가)
13:59:40  [AT] "AT+CIFSR" (8)
13:59:40  [AT] "busy p..." (9)
13:59:40  [NET] busy — ESP 가 앞 명령을 처리 중이다. 전진하지 않는다
13:59:40  [DIAG] offline step=3 사다리=5/208 rx=63251 lines=4165 up=2311s
13:59:42  [NET] 3 CIFSR (IP 를 실제로 받았는가)
13:59:42  [NET] CIFSR 3회 소진 — 그러나 busy 거부였다. IP 소실로 세지 않는다
13:59:42  [NET] CIFSR 3회에도 IP 가 없다 → CWJAP 부터 다시
13:59:42  [LADDER] 실패(CWJAP FAIL) CWJAP소요 1021s · 연속 0회 · 결합유지 없음 · 현재 5단(208회 누적)
13:59:42  [LADDER] ⚠5단 미실행: 전원 재투입은 **부품 미보유로 미구현**이다
13:59:42  [LADDER]   필요 부품: 로우사이드 MOSFET 스위치(예: 2N7000/AO3400 + 10k)
13:59:42  [LADDER]   대신 4단 조치를 60초 백오프로 되풀이한다(종착역)
13:59:42  [AT] "AT+CIFSR" (8)
13:59:42  [AT] "busy p..." (9)
13:59:42  [NET] busy — ESP 가 앞 명령을 처리 중이다. 전진하지 않는다
13:59:43  [DIAG] offline step=3 사다리=5/209 rx=63273 lines=4167 up=2314s
13:59:43  [NET] 3 CIFSR (IP 를 실제로 받았는가)
13:59:43  [AT] "AT+CIFSR" (8)
13:59:43  [AT] "busy p..." (9)
13:59:43  [NET] busy — ESP 가 앞 명령을 처리 중이다. 전진하지 않는다
13:59:45  [NET] 3 CIFSR (IP 를 실제로 받았는가)
13:59:45  [AT] "AT+CIFSR" (8)
13:59:45  [AT] "busy p..." (9)
13:59:45  [NET] busy — ESP 가 앞 명령을 처리 중이다. 전진하지 않는다
13:59:46  [DIAG] offline step=3 사다리=5/209 rx=63317 lines=4171 up=2317s
13:59:46  [NET] 3 CIFSR (IP 를 실제로 받았는가)
13:59:47  [NET] CIFSR 3회 소진 — 그러나 busy 거부였다. IP 소실로 세지 않는다
13:59:47  [NET] CIFSR 3회에도 IP 가 없다 → CWJAP 부터 다시
13:59:47  [LADDER] 실패(CWJAP FAIL) CWJAP소요 1025s · 연속 0회 · 결합유지 없음 · 현재 5단(209회 누적)
13:59:47  [LADDER] ⚠5단 미실행: 전원 재투입은 **부품 미보유로 미구현**이다
13:59:47  [LADDER]   필요 부품: 로우사이드 MOSFET 스위치(예: 2N7000/AO3400 + 10k)
13:59:47  [LADDER]   대신 4단 조치를 60초 백오프로 되풀이한다(종착역)
13:59:47  [AT] "AT+CIFSR" (8)
13:59:47  [AT] "busy p..." (9)
13:59:47  [NET] busy — ESP 가 앞 명령을 처리 중이다. 전진하지 않는다
13:59:48  [NET] 3 CIFSR (IP 를 실제로 받았는가)
13:59:48  [AT] "AT+CIFSR" (8)
13:59:48  [AT] "busy p..." (9)
13:59:48  [NET] busy — ESP 가 앞 명령을 처리 중이다. 전진하지 않는다
13:59:49  [DIAG] offline step=3 사다리=5/210 rx=63361 lines=4175 up=2320s
13:59:50  [NET] 3 CIFSR (IP 를 실제로 받았는가)
13:59:50  [AT] "AT+CIFSR" (8)
13:59:50  [AT] "busy p..." (9)
13:59:50  [NET] busy — ESP 가 앞 명령을 처리 중이다. 전진하지 않는다
13:59:51  [NET] 3 CIFSR (IP 를 실제로 받았는가)
13:59:51  [NET] CIFSR 3회 소진 — 그러나 busy 거부였다. IP 소실로 세지 않는다
13:59:51  [NET] CIFSR 3회에도 IP 가 없다 → CWJAP 부터 다시
13:59:51  [LADDER] 실패(CWJAP FAIL) CWJAP소요 1030s · 연속 0회 · 결합유지 없음 · 현재 5단(210회 누적)
13:59:51  [LADDER] ⚠5단 미실행: 전원 재투입은 **부품 미보유로 미구현**이다
13:59:51  [LADDER]   필요 부품: 로우사이드 MOSFET 스위치(예: 2N7000/AO3400 + 10k)
13:59:51  [LADDER]   대신 4단 조치를 60초 백오프로 되풀이한다(종착역)
13:59:51  [AT] "AT+CIFSR" (8)
13:59:51  [AT] "busy p..." (9)
13:59:51  [NET] busy — ESP 가 앞 명령을 처리 중이다. 전진하지 않는다
13:59:52  [DIAG] offline step=3 사다리=5/211 rx=63405 lines=4179 up=2323s
13:59:53  [NET] 3 CIFSR (IP 를 실제로 받았는가)
13:59:53  [AT] "AT+CIFSR" (8)
13:59:53  [AT] "busy p..." (9)
13:59:53  [NET] busy — ESP 가 앞 명령을 처리 중이다. 전진하지 않는다
13:59:54  [NET] 3 CIFSR (IP 를 실제로 받았는가)
13:59:54  [AT] "AT+CIFSR" (8)
13:59:54  [AT] "busy p..." (9)
13:59:54  [NET] busy — ESP 가 앞 명령을 처리 중이다. 전진하지 않는다
13:59:55  [DIAG] offline step=3 사다리=5/211 rx=63449 lines=4183 up=2326s
13:59:56  [NET] 3 CIFSR (IP 를 실제로 받았는가)
13:59:56  [NET] CIFSR 3회 소진 — 그러나 busy 거부였다. IP 소실로 세지 않는다
13:59:56  [NET] CIFSR 3회에도 IP 가 없다 → CWJAP 부터 다시
13:59:56  [LADDER] 실패(CWJAP FAIL) CWJAP소요 1035s · 연속 0회 · 결합유지 없음 · 현재 5단(211회 누적)
13:59:56  [LADDER] ⚠5단 미실행: 전원 재투입은 **부품 미보유로 미구현**이다
13:59:56  [LADDER]   필요 부품: 로우사이드 MOSFET 스위치(예: 2N7000/AO3400 + 10k)
13:59:56  [LADDER]   대신 4단 조치를 60초 백오프로 되풀이한다(종착역)
13:59:56  [AT] "AT+CIFSR" (8)
13:59:56  [AT] "busy p..." (9)
13:59:56  [NET] busy — ESP 가 앞 명령을 처리 중이다. 전진하지 않는다
13:59:57  [NET] 3 CIFSR (IP 를 실제로 받았는가)
13:59:57  [AT] "AT+CIFSR" (8)
13:59:57  [AT] "busy p..." (9)
13:59:57  [NET] busy — ESP 가 앞 명령을 처리 중이다. 전진하지 않는다
13:59:58  [DIAG] offline step=3 사다리=5/212 rx=63493 lines=4187 up=2329s
13:59:59  [NET] 3 CIFSR (IP 를 실제로 받았는가)
13:59:59  [AT] "AT+CIFSR" (8)
13:59:59  [AT] "busy p..." (9)
13:59:59  [NET] busy — ESP 가 앞 명령을 처리 중이다. 전진하지 않는다
14:00:00  [NET] 3 CIFSR (IP 를 실제로 받았는가)
14:00:00  [NET] CIFSR 3회 소진 — 그러나 busy 거부였다. IP 소실로 세지 않는다
14:00:00  [NET] CIFSR 3회에도 IP 가 없다 → CWJAP 부터 다시
14:00:00  [LADDER] 실패(CWJAP FAIL) CWJAP소요 1039s · 연속 0회 · 결합유지 없음 · 현재 5단(212회 누적)
14:00:00  [LADDER] ⚠5단 미실행: 전원 재투입은 **부품 미보유로 미구현**이다
14:00:00  [LADDER]   필요 부품: 로우사이드 MOSFET 스위치(예: 2N7000/AO3400 + 10k)
14:00:01  [LADDER]   대신 4단 조치를 60초 백오프로 되풀이한다(종착역)
14:00:01  [AT] "AT+CIFSR" (8)
14:00:01  [AT] "busy p..." (9)
14:00:01  [NET] busy — ESP 가 앞 명령을 처리 중이다. 전진하지 않는다
14:00:01  [DIAG] offline step=3 사다리=5/213 rx=63537 lines=4191 up=2332s
14:00:02  [NET] 3 CIFSR (IP 를 실제로 받았는가)
14:00:02  [AT] "AT+CIFSR" (8)
14:00:02  [AT] "busy p..." (9)
14:00:02  [NET] busy — ESP 가 앞 명령을 처리 중이다. 전진하지 않는다
14:00:04  [NET] 3 CIFSR (IP 를 실제로 받았는가)
14:00:04  [AT] "AT+CIFSR" (8)
14:00:04  [AT] "busy p..." (9)
14:00:04  [NET] busy — ESP 가 앞 명령을 처리 중이다. 전진하지 않는다
14:00:04  [DIAG] offline step=3 사다리=5/213 rx=63581 lines=4195 up=2335s
14:00:05  [NET] 3 CIFSR (IP 를 실제로 받았는가)
14:00:05  [NET] CIFSR 3회 소진 — 그러나 busy 거부였다. IP 소실로 세지 않는다
14:00:05  [NET] CIFSR 3회에도 IP 가 없다 → CWJAP 부터 다시
14:00:05  [LADDER] 실패(CWJAP FAIL) CWJAP소요 1044s · 연속 0회 · 결합유지 없음 · 현재 5단(213회 누적)
14:00:05  [LADDER] ⚠5단 미실행: 전원 재투입은 **부품 미보유로 미구현**이다
14:00:05  [LADDER]   필요 부품: 로우사이드 MOSFET 스위치(예: 2N7000/AO3400 + 10k)
14:00:05  [LADDER]   대신 4단 조치를 60초 백오프로 되풀이한다(종착역)
14:00:05  [AT] "AT+CIFSR" (8)
14:00:05  [AT] "busy p..." (9)
14:00:05  [NET] busy — ESP 가 앞 명령을 처리 중이다. 전진하지 않는다
14:00:07  [NET] 3 CIFSR (IP 를 실제로 받았는가)
14:00:07  [AT] "AT+CIFSR" (8)
14:00:07  [AT] "busy p..." (9)
14:00:07  [NET] busy — ESP 가 앞 명령을 처리 중이다. 전진하지 않는다
14:00:07  [DIAG] offline step=3 사다리=5/214 rx=63625 lines=4199 up=2338s
14:00:08  [NET] 3 CIFSR (IP 를 실제로 받았는가)
14:00:08  [AT] "AT+CIFSR" (8)
14:00:08  [AT] "busy p..." (9)
14:00:08  [NET] busy — ESP 가 앞 명령을 처리 중이다. 전진하지 않는다
14:00:09  [CNT] up=2340 drop=1 esprst=9 resync=0 sendfail=0 okto=5 stuck=1 ackq=0 ackdrop=0 ackstale=0 slot=1950 oow=0 smiss=6 ssovf=0 cksumng=0 okstream=906 penddrop=0 pendfill=908 bigfill=7 bigdrop=0 bigokst=6 oklost=0 bigoklost=0 skip=34 online=0
14:00:09  [RAM] 최저 여유 617 B · 프롬프트 재동기 0회 (서버의 '버린줄' 과 맞아야 한다)
14:00:10  [NET] 3 CIFSR (IP 를 실제로 받았는가)
14:00:10  [NET] CIFSR 3회 소진 — 그러나 busy 거부였다. IP 소실로 세지 않는다
14:00:10  [NET] CIFSR 3회에도 IP 가 없다 → CWJAP 부터 다시
14:00:10  [LADDER] 실패(CWJAP FAIL) CWJAP소요 1049s · 연속 0회 · 결합유지 없음 · 현재 5단(214회 누적)
14:00:10  [LADDER] ⚠5단 미실행: 전원 재투입은 **부품 미보유로 미구현**이다
14:00:10  [LADDER]   필요 부품: 로우사이드 MOSFET 스위치(예: 2N7000/AO3400 + 10k)
14:00:10  [LADDER]   대신 4단 조치를 60초 백오프로 되풀이한다(종착역)
14:00:10  [AT] "AT+CIFSR" (8)
14:00:10  [AT] "busy p..." (9)
14:00:10  [NET] busy — ESP 가 앞 명령을 처리 중이다. 전진하지 않는다
14:00:10  [DIAG] offline step=3 사다리=5/215 rx=63669 lines=4203 up=2341s
14:00:11  [NET] 3 CIFSR (IP 를 실제로 받았는가)
14:00:11  [AT] "AT+CIFSR" (8)
14:00:11  [AT] "busy p..." (9)
14:00:11  [NET] busy — ESP 가 앞 명령을 처리 중이다. 전진하지 않는다
14:00:12  «tap» 살아있음 — 최근 60초 rx=15053B (이 줄이 끊기면 탭이 죽은 것이다)
14:00:13  [NET] 3 CIFSR (IP 를 실제로 받았는가)
14:00:13  [AT] "AT+CIFSR" (8)
14:00:13  [AT] "busy p..." (9)
14:00:13  [NET] busy — ESP 가 앞 명령을 처리 중이다. 전진하지 않는다
14:00:13  [DIAG] offline step=3 사다리=5/215 rx=63713 lines=4207 up=2344s
14:00:14  [NET] 3 CIFSR (IP 를 실제로 받았는가)
14:00:14  [NET] CIFSR 3회 소진 — 그러나 busy 거부였다. IP 소실로 세지 않는다
14:00:14  [NET] CIFSR 3회에도 IP 가 없다 → CWJAP 부터 다시
14:00:14  [LADDER] 실패(CWJAP FAIL) CWJAP소요 1053s · 연속 0회 · 결합유지 없음 · 현재 5단(215회 누적)
14:00:14  [LADDER] ⚠5단 미실행: 전원 재투입은 **부품 미보유로 미구현**이다
14:00:14  [LADDER]   필요 부품: 로우사이드 MOSFET 스위치(예: 2N7000/AO3400 + 10k)
14:00:14  [LADDER]   대신 4단 조치를 60초 백오프로 되풀이한다(종착역)
14:00:14  [AT] "AT+CIFSR" (8)
14:00:14  [AT] "busy p..." (9)
14:00:14  [NET] busy — ESP 가 앞 명령을 처리 중이다. 전진하지 않는다
14:00:16  [NET] 3 CIFSR (IP 를 실제로 받았는가)
14:00:16  [AT] "AT+CIFSR" (8)
14:00:16  [AT] "busy p..." (9)
14:00:16  [NET] busy — ESP 가 앞 명령을 처리 중이다. 전진하지 않는다
14:00:16  [DIAG] offline step=3 사다리=5/216 rx=63757 lines=4211 up=2347s
14:00:18  [NET] 3 CIFSR (IP 를 실제로 받았는가)
14:00:18  [AT] "AT+CIFSR" (8)
14:00:18  [AT] "busy p..." (9)
14:00:18  [NET] busy — ESP 가 앞 명령을 처리 중이다. 전진하지 않는다
14:00:19  [NET] 3 CIFSR (IP 를 실제로 받았는가)
14:00:19  [NET] CIFSR 3회 소진 — 그러나 busy 거부였다. IP 소실로 세지 않는다
14:00:19  [NET] CIFSR 3회에도 IP 가 없다 → CWJAP 부터 다시
14:00:19  [LADDER] 실패(CWJAP FAIL) CWJAP소요 1058s · 연속 0회 · 결합유지 없음 · 현재 5단(216회 누적)
14:00:19  [LADDER] ⚠5단 미실행: 전원 재투입은 **부품 미보유로 미구현**이다
14:00:19  [LADDER]   필요 부품: 로우사이드 MOSFET 스위치(예: 2N7000/AO3400 + 10k)
14:00:19  [LADDER]   대신 4단 조치를 60초 백오프로 되풀이한다(종착역)
14:00:19  [AT] "AT+CIFSR" (8)
14:00:19  [AT] "busy p..." (9)
14:00:19  [NET] busy — ESP 가 앞 명령을 처리 중이다. 전진하지 않는다
14:00:19  [DIAG] offline step=3 사다리=5/217 rx=63801 lines=4215 up=2350s
14:00:21  [NET] 3 CIFSR (IP 를 실제로 받았는가)
14:00:21  [AT] "AT+CIFSR" (8)
14:00:21  [AT] "busy p..." (9)
14:00:21  [NET] busy — ESP 가 앞 명령을 처리 중이다. 전진하지 않는다
14:00:22  [NET] 3 CIFSR (IP 를 실제로 받았는가)
14:00:22  [AT] "AT+CIFSR" (8)
14:00:22  [AT] "busy p..." (9)
14:00:22  [NET] busy — ESP 가 앞 명령을 처리 중이다. 전진하지 않는다
14:00:22  [DIAG] offline step=3 사다리=5/217 rx=63845 lines=4219 up=2353s
14:00:24  [NET] 3 CIFSR (IP 를 실제로 받았는가)
14:00:24  [NET] CIFSR 3회 소진 — 그러나 busy 거부였다. IP 소실로 세지 않는다
14:00:24  [NET] CIFSR 3회에도 IP 가 없다 → CWJAP 부터 다시
14:00:24  [LADDER] 실패(CWJAP FAIL) CWJAP소요 1063s · 연속 0회 · 결합유지 없음 · 현재 5단(217회 누적)
14:00:24  [LADDER] ⚠5단 미실행: 전원 재투입은 **부품 미보유로 미구현**이다
14:00:24  [LADDER]   필요 부품: 로우사이드 MOSFET 스위치(예: 2N7000/AO3400 + 10k)
14:00:24  [LADDER]   대신 4단 조치를 60초 백오프로 되풀이한다(종착역)
14:00:24  [AT] "AT+CIFSR" (8)
14:00:24  [AT] "busy p..." (9)
14:00:24  [NET] busy — ESP 가 앞 명령을 처리 중이다. 전진하지 않는다
14:00:25  [NET] 3 CIFSR (IP 를 실제로 받았는가)
14:00:25  [AT] "AT+CIFSR" (8)
14:00:25  [AT] "busy p..." (9)
14:00:25  [NET] busy — ESP 가 앞 명령을 처리 중이다. 전진하지 않는다
14:00:25  [DIAG] offline step=3 사다리=5/218 rx=63889 lines=4223 up=2356s
14:00:27  [NET] 3 CIFSR (IP 를 실제로 받았는가)
14:00:27  [AT] "AT+CIFSR" (8)
14:00:27  [AT] "busy p..." (9)
14:00:27  [NET] busy — ESP 가 앞 명령을 처리 중이다. 전진하지 않는다
14:00:28  [DIAG] offline step=3 사다리=5/218 rx=63911 lines=4225 up=2359s
14:00:28  [NET] 3 CIFSR (IP 를 실제로 받았는가)
14:00:28  [NET] CIFSR 3회 소진 — 그러나 busy 거부였다. IP 소실로 세지 않는다
14:00:28  [NET] CIFSR 3회에도 IP 가 없다 → CWJAP 부터 다시
14:00:28  [LADDER] 실패(CWJAP FAIL) CWJAP소요 1067s · 연속 0회 · 결합유지 없음 · 현재 5단(218회 누적)
14:00:28  [LADDER] ⚠5단 미실행: 전원 재투입은 **부품 미보유로 미구현**이다
14:00:28  [LADDER]   필요 부품: 로우사이드 MOSFET 스위치(예: 2N7000/AO3400 + 10k)
14:00:28  [LADDER]   대신 4단 조치를 60초 백오프로 되풀이한다(종착역)
14:00:28  [AT] "AT+CIFSR" (8)
14:00:28  [AT] "busy p..." (9)
14:00:28  [NET] busy — ESP 가 앞 명령을 처리 중이다. 전진하지 않는다
14:00:30  [NET] 3 CIFSR (IP 를 실제로 받았는가)
14:00:30  [AT] "AT+CIFSR" (8)
14:00:30  [AT] "busy p..." (9)
14:00:30  [NET] busy — ESP 가 앞 명령을 처리 중이다. 전진하지 않는다
14:00:31  [DIAG] offline step=3 사다리=5/219 rx=63955 lines=4229 up=2362s
14:00:32  [NET] 3 CIFSR (IP 를 실제로 받았는가)
14:00:32  [AT] "AT+CIFSR" (8)
14:00:32  [AT] "busy p..." (9)
14:00:32  [NET] busy — ESP 가 앞 명령을 처리 중이다. 전진하지 않는다
14:00:33  [NET] 3 CIFSR (IP 를 실제로 받았는가)
14:00:33  [NET] CIFSR 3회 소진 — 그러나 busy 거부였다. IP 소실로 세지 않는다
14:00:33  [NET] CIFSR 3회에도 IP 가 없다 → CWJAP 부터 다시
14:00:33  [LADDER] 실패(CWJAP FAIL) CWJAP소요 1072s · 연속 0회 · 결합유지 없음 · 현재 5단(219회 누적)
14:00:33  [LADDER] ⚠5단 미실행: 전원 재투입은 **부품 미보유로 미구현**이다
14:00:33  [LADDER]   필요 부품: 로우사이드 MOSFET 스위치(예: 2N7000/AO3400 + 10k)
14:00:33  [LADDER]   대신 4단 조치를 60초 백오프로 되풀이한다(종착역)
14:00:33  [AT] "AT+CIFSR" (8)
14:00:33  [AT] "busy p..." (9)
14:00:33  [NET] busy — ESP 가 앞 명령을 처리 중이다. 전진하지 않는다
14:00:34  [DIAG] offline step=3 사다리=5/220 rx=63999 lines=4233 up=2365s
14:00:35  [NET] 3 CIFSR (IP 를 실제로 받았는가)
14:00:35  [AT] "AT+CIFSR" (8)
14:00:35  [AT] "busy p..." (9)
14:00:35  [NET] busy — ESP 가 앞 명령을 처리 중이다. 전진하지 않는다
14:00:36  [NET] 3 CIFSR (IP 를 실제로 받았는가)
14:00:36  [AT] "AT+CIFSR" (8)
14:00:36  [AT] "busy p..." (9)
14:00:36  [NET] busy — ESP 가 앞 명령을 처리 중이다. 전진하지 않는다
14:00:37  [DIAG] offline step=3 사다리=5/220 rx=64043 lines=4237 up=2368s
14:00:38  [NET] 3 CIFSR (IP 를 실제로 받았는가)
14:00:38  [NET] CIFSR 3회 소진 — 그러나 busy 거부였다. IP 소실로 세지 않는다
14:00:38  [NET] CIFSR 3회에도 IP 가 없다 → CWJAP 부터 다시
14:00:38  [LADDER] 실패(CWJAP FAIL) CWJAP소요 1077s · 연속 0회 · 결합유지 없음 · 현재 5단(220회 누적)
14:00:38  [LADDER] ⚠5단 미실행: 전원 재투입은 **부품 미보유로 미구현**이다
14:00:38  [LADDER]   필요 부품: 로우사이드 MOSFET 스위치(예: 2N7000/AO3400 + 10k)
14:00:38  [LADDER]   대신 4단 조치를 60초 백오프로 되풀이한다(종착역)
14:00:38  [AT] "AT+CIFSR" (8)
14:00:38  [AT] "busy p..." (9)
14:00:38  [NET] busy — ESP 가 앞 명령을 처리 중이다. 전진하지 않는다
14:00:39  [NET] 3 CIFSR (IP 를 실제로 받았는가)
14:00:39  [AT] "AT+CIFSR" (8)
14:00:39  [AT] "busy p..." (9)
14:00:39  [NET] busy — ESP 가 앞 명령을 처리 중이다. 전진하지 않는다
14:00:40  [DIAG] offline step=3 사다리=5/221 rx=64087 lines=4241 up=2371s
14:00:41  [NET] 3 CIFSR (IP 를 실제로 받았는가)
14:00:41  [AT] "AT+CIFSR" (8)
14:00:41  [AT] "busy p..." (9)
14:00:41  [NET] busy — ESP 가 앞 명령을 처리 중이다. 전진하지 않는다
14:00:42  [NET] 3 CIFSR (IP 를 실제로 받았는가)
14:00:42  [NET] CIFSR 3회 소진 — 그러나 busy 거부였다. IP 소실로 세지 않는다
14:00:42  [NET] CIFSR 3회에도 IP 가 없다 → CWJAP 부터 다시
14:00:42  [LADDER] 실패(CWJAP FAIL) CWJAP소요 1081s · 연속 0회 · 결합유지 없음 · 현재 5단(221회 누적)
14:00:42  [LADDER] ⚠5단 미실행: 전원 재투입은 **부품 미보유로 미구현**이다
14:00:42  [LADDER]   필요 부품: 로우사이드 MOSFET 스위치(예: 2N7000/AO3400 + 10k)
14:00:42  [LADDER]   대신 4단 조치를 60초 백오프로 되풀이한다(종착역)
14:00:42  [AT] "AT+CIFSR" (8)
14:00:42  [AT] "busy p..." (9)
14:00:42  [NET] busy — ESP 가 앞 명령을 처리 중이다. 전진하지 않는다
14:00:43  [DIAG] offline step=3 사다리=5/222 rx=64131 lines=4245 up=2374s
14:00:44  [NET] 3 CIFSR (IP 를 실제로 받았는가)
14:00:44  [AT] "AT+CIFSR" (8)
14:00:44  [AT] "busy p..." (9)
14:00:44  [NET] busy — ESP 가 앞 명령을 처리 중이다. 전진하지 않는다
14:00:45  [NET] 3 CIFSR (IP 를 실제로 받았는가)
14:00:45  [AT] "AT+CIFSR" (8)
14:00:45  [AT] "busy p..." (9)
14:00:46  [NET] busy — ESP 가 앞 명령을 처리 중이다. 전진하지 않는다
14:00:46  [DIAG] offline step=3 사다리=5/222 rx=64175 lines=4249 up=2377s
14:00:47  [NET] 3 CIFSR (IP 를 실제로 받았는가)
14:00:47  [NET] CIFSR 3회 소진 — 그러나 busy 거부였다. IP 소실로 세지 않는다
14:00:47  [NET] CIFSR 3회에도 IP 가 없다 → CWJAP 부터 다시
14:00:47  [LADDER] 실패(CWJAP FAIL) CWJAP소요 1086s · 연속 0회 · 결합유지 없음 · 현재 5단(222회 누적)
14:00:47  [LADDER] ⚠5단 미실행: 전원 재투입은 **부품 미보유로 미구현**이다
14:00:47  [LADDER]   필요 부품: 로우사이드 MOSFET 스위치(예: 2N7000/AO3400 + 10k)
14:00:47  [LADDER]   대신 4단 조치를 60초 백오프로 되풀이한다(종착역)
14:00:47  [AT] "AT+CIFSR" (8)
14:00:47  [AT] "busy p..." (9)
14:00:47  [NET] busy — ESP 가 앞 명령을 처리 중이다. 전진하지 않는다
14:00:49  [NET] 3 CIFSR (IP 를 실제로 받았는가)
14:00:49  [AT] "AT+CIFSR" (8)
14:00:49  [AT] "busy p..." (9)
14:00:49  [NET] busy — ESP 가 앞 명령을 처리 중이다. 전진하지 않는다
14:00:49  [DIAG] offline step=3 사다리=5/223 rx=64219 lines=4253 up=2380s
14:00:50  [NET] 3 CIFSR (IP 를 실제로 받았는가)
14:00:50  [AT] "AT+CIFSR" (8)
14:00:50  [AT] "busy p..." (9)
14:00:50  [NET] busy — ESP 가 앞 명령을 처리 중이다. 전진하지 않는다
14:00:52  [NET] 3 CIFSR (IP 를 실제로 받았는가)
14:00:52  [NET] CIFSR 3회 소진 — 그러나 busy 거부였다. IP 소실로 세지 않는다
14:00:52  [NET] CIFSR 3회에도 IP 가 없다 → CWJAP 부터 다시
14:00:52  [LADDER] 실패(CWJAP FAIL) CWJAP소요 1090s · 연속 0회 · 결합유지 없음 · 현재 5단(223회 누적)
14:00:52  [LADDER] ⚠5단 미실행: 전원 재투입은 **부품 미보유로 미구현**이다
14:00:52  [LADDER]   필요 부품: 로우사이드 MOSFET 스위치(예: 2N7000/AO3400 + 10k)
14:00:52  [LADDER]   대신 4단 조치를 60초 백오프로 되풀이한다(종착역)
14:00:52  [AT] "AT+CIFSR" (8)
14:00:52  [AT] "busy p..." (9)
14:00:52  [NET] busy — ESP 가 앞 명령을 처리 중이다. 전진하지 않는다
14:00:52  [DIAG] offline step=3 사다리=5/224 rx=64263 lines=4257 up=2383s
14:00:53  [NET] 3 CIFSR (IP 를 실제로 받았는가)
14:00:53  [AT] "AT+CIFSR" (8)
14:00:53  [AT] "busy p..." (9)
14:00:53  [NET] busy — ESP 가 앞 명령을 처리 중이다. 전진하지 않는다
14:00:55  [NET] 3 CIFSR (IP 를 실제로 받았는가)
14:00:55  [AT] "AT+CIFSR" (8)
14:00:55  [AT] "busy p..." (9)
14:00:55  [NET] busy — ESP 가 앞 명령을 처리 중이다. 전진하지 않는다
14:00:55  [DIAG] offline step=3 사다리=5/224 rx=64307 lines=4261 up=2386s
14:00:56  [NET] 3 CIFSR (IP 를 실제로 받았는가)
14:00:56  [NET] CIFSR 3회 소진 — 그러나 busy 거부였다. IP 소실로 세지 않는다
14:00:56  [NET] CIFSR 3회에도 IP 가 없다 → CWJAP 부터 다시
14:00:56  [LADDER] 실패(CWJAP FAIL) CWJAP소요 1095s · 연속 0회 · 결합유지 없음 · 현재 5단(224회 누적)
14:00:56  [LADDER] ⚠5단 미실행: 전원 재투입은 **부품 미보유로 미구현**이다
14:00:56  [LADDER]   필요 부품: 로우사이드 MOSFET 스위치(예: 2N7000/AO3400 + 10k)
14:00:56  [LADDER]   대신 4단 조치를 60초 백오프로 되풀이한다(종착역)
14:00:56  [AT] "AT+CIFSR" (8)
14:00:56  [AT] "busy p..." (9)
14:00:56  [NET] busy — ESP 가 앞 명령을 처리 중이다. 전진하지 않는다
14:00:58  [NET] 3 CIFSR (IP 를 실제로 받았는가)
14:00:58  [AT] "AT+CIFSR" (8)
14:00:58  [AT] "busy p..." (9)
14:00:58  [NET] busy — ESP 가 앞 명령을 처리 중이다. 전진하지 않는다
14:00:58  [DIAG] offline step=3 사다리=5/225 rx=64351 lines=4265 up=2389s
14:00:59  [NET] 3 CIFSR (IP 를 실제로 받았는가)
14:00:59  [AT] "AT+CIFSR" (8)
14:00:59  [AT] "busy p..." (9)
14:00:59  [NET] busy — ESP 가 앞 명령을 처리 중이다. 전진하지 않는다
14:01:01  [NET] 3 CIFSR (IP 를 실제로 받았는가)
14:01:01  [NET] CIFSR 3회 소진 — 그러나 busy 거부였다. IP 소실로 세지 않는다
14:01:01  [NET] CIFSR 3회에도 IP 가 없다 → CWJAP 부터 다시
14:01:01  [LADDER] 실패(CWJAP FAIL) CWJAP소요 1100s · 연속 0회 · 결합유지 없음 · 현재 5단(225회 누적)
14:01:01  [LADDER] ⚠5단 미실행: 전원 재투입은 **부품 미보유로 미구현**이다
14:01:01  [LADDER]   필요 부품: 로우사이드 MOSFET 스위치(예: 2N7000/AO3400 + 10k)
14:01:01  [LADDER]   대신 4단 조치를 60초 백오프로 되풀이한다(종착역)
14:01:01  [AT] "AT+CIFSR" (8)
14:01:01  [AT] "busy p..." (9)
14:01:01  [NET] busy — ESP 가 앞 명령을 처리 중이다. 전진하지 않는다
14:01:01  [DIAG] offline step=3 사다리=5/226 rx=64395 lines=4269 up=2392s
14:01:03  [NET] 3 CIFSR (IP 를 실제로 받았는가)
14:01:03  [AT] "AT+CIFSR" (8)
14:01:03  [AT] "busy p..." (9)
14:01:03  [NET] busy — ESP 가 앞 명령을 처리 중이다. 전진하지 않는다
14:01:04  [NET] 3 CIFSR (IP 를 실제로 받았는가)
14:01:04  [AT] "AT+CIFSR" (8)
14:01:04  [AT] "busy p..." (9)
14:01:04  [NET] busy — ESP 가 앞 명령을 처리 중이다. 전진하지 않는다
14:01:04  [DIAG] offline step=3 사다리=5/226 rx=64439 lines=4273 up=2395s
14:01:06  [NET] 3 CIFSR (IP 를 실제로 받았는가)
14:01:06  [NET] CIFSR 3회 소진 — 그러나 busy 거부였다. IP 소실로 세지 않는다
14:01:06  [NET] CIFSR 3회에도 IP 가 없다 → CWJAP 부터 다시
14:01:06  [LADDER] 실패(CWJAP FAIL) CWJAP소요 1104s · 연속 0회 · 결합유지 없음 · 현재 5단(226회 누적)
14:01:06  [LADDER] ⚠5단 미실행: 전원 재투입은 **부품 미보유로 미구현**이다
14:01:06  [LADDER]   필요 부품: 로우사이드 MOSFET 스위치(예: 2N7000/AO3400 + 10k)
14:01:06  [LADDER]   대신 4단 조치를 60초 백오프로 되풀이한다(종착역)
14:01:06  [AT] "AT+CIFSR" (8)
14:01:06  [AT] "busy p..." (9)
14:01:06  [NET] busy — ESP 가 앞 명령을 처리 중이다. 전진하지 않는다
14:01:07  [NET] 3 CIFSR (IP 를 실제로 받았는가)
14:01:07  [AT] "AT+CIFSR" (8)
14:01:07  [AT] "busy p..." (9)
14:01:07  [NET] busy — ESP 가 앞 명령을 처리 중이다. 전진하지 않는다
14:01:07  [DIAG] offline step=3 사다리=5/227 rx=64483 lines=4277 up=2398s
14:01:09  [NET] 3 CIFSR (IP 를 실제로 받았는가)
14:01:09  [AT] "AT+CIFSR" (8)
14:01:09  [AT] "busy p..." (9)
14:01:09  [NET] busy — ESP 가 앞 명령을 처리 중이다. 전진하지 않는다
14:01:09  [CNT] up=2400 drop=1 esprst=9 resync=0 sendfail=0 okto=5 stuck=1 ackq=0 ackdrop=0 ackstale=0 slot=2000 oow=0 smiss=6 ssovf=0 cksumng=0 okstream=906 penddrop=0 pendfill=908 bigfill=7 bigdrop=0 bigokst=6 oklost=0 bigoklost=0 skip=34 online=0
14:01:09  [RAM] 최저 여유 617 B · 프롬프트 재동기 0회 (서버의 '버린줄' 과 맞아야 한다)
14:01:10  [NET] 3 CIFSR (IP 를 실제로 받았는가)
14:01:10  [NET] CIFSR 3회 소진 — 그러나 busy 거부였다. IP 소실로 세지 않는다
14:01:10  [NET] CIFSR 3회에도 IP 가 없다 → CWJAP 부터 다시
14:01:10  [LADDER] 실패(CWJAP FAIL) CWJAP소요 1109s · 연속 0회 · 결합유지 없음 · 현재 5단(227회 누적)
14:01:10  [LADDER] ⚠5단 미실행: 전원 재투입은 **부품 미보유로 미구현**이다
14:01:10  [LADDER]   필요 부품: 로우사이드 MOSFET 스위치(예: 2N7000/AO3400 + 10k)
14:01:10  [LADDER]   대신 4단 조치를 60초 백오프로 되풀이한다(종착역)
14:01:10  [AT] "AT+CIFSR" (8)
14:01:10  [AT] "busy p..." (9)
14:01:10  [NET] busy — ESP 가 앞 명령을 처리 중이다. 전진하지 않는다
14:01:10  [DIAG] offline step=3 사다리=5/228 rx=64527 lines=4281 up=2401s
14:01:12  «tap» 살아있음 — 최근 60초 rx=14886B (이 줄이 끊기면 탭이 죽은 것이다)
14:01:12  [NET] 3 CIFSR (IP 를 실제로 받았는가)
14:01:12  [AT] "AT+CIFSR" (8)
14:01:12  [AT] "busy p..." (9)
14:01:12  [NET] busy — ESP 가 앞 명령을 처리 중이다. 전진하지 않는다
14:01:13  [DIAG] offline step=3 사다리=5/228 rx=64549 lines=4283 up=2404s
14:01:13  [NET] 3 CIFSR (IP 를 실제로 받았는가)
14:01:13  [AT] "AT+CIFSR" (8)
14:01:13  [AT] "busy p..." (9)
14:01:13  [NET] busy — ESP 가 앞 명령을 처리 중이다. 전진하지 않는다
14:01:15  [NET] 3 CIFSR (IP 를 실제로 받았는가)
14:01:15  [NET] CIFSR 3회 소진 — 그러나 busy 거부였다. IP 소실로 세지 않는다
14:01:15  [NET] CIFSR 3회에도 IP 가 없다 → CWJAP 부터 다시
14:01:15  [LADDER] 실패(CWJAP FAIL) CWJAP소요 1114s · 연속 0회 · 결합유지 없음 · 현재 5단(228회 누적)
14:01:15  [LADDER] ⚠5단 미실행: 전원 재투입은 **부품 미보유로 미구현**이다
14:01:15  [LADDER]   필요 부품: 로우사이드 MOSFET 스위치(예: 2N7000/AO3400 + 10k)
14:01:15  [LADDER]   대신 4단 조치를 60초 백오프로 되풀이한다(종착역)
14:01:15  [AT] "AT+CIFSR" (8)
14:01:15  [AT] "busy p..." (9)
14:01:15  [NET] busy — ESP 가 앞 명령을 처리 중이다. 전진하지 않는다
14:01:16  [DIAG] offline step=3 사다리=5/229 rx=64593 lines=4287 up=2407s
14:01:17  [NET] 3 CIFSR (IP 를 실제로 받았는가)
14:01:17  [AT] "AT+CIFSR" (8)
14:01:17  [AT] "busy p..." (9)
14:01:17  [NET] busy — ESP 가 앞 명령을 처리 중이다. 전진하지 않는다
14:01:18  [NET] 3 CIFSR (IP 를 실제로 받았는가)
14:01:18  [AT] "AT+CIFSR" (8)
14:01:18  [AT] "busy p..." (9)
14:01:18  [NET] busy — ESP 가 앞 명령을 처리 중이다. 전진하지 않는다
14:01:19  [DIAG] offline step=3 사다리=5/229 rx=64637 lines=4291 up=2410s
14:01:20  [NET] 3 CIFSR (IP 를 실제로 받았는가)
14:01:20  [NET] CIFSR 3회 소진 — 그러나 busy 거부였다. IP 소실로 세지 않는다
14:01:20  [NET] CIFSR 3회에도 IP 가 없다 → CWJAP 부터 다시
14:01:20  [LADDER] 실패(CWJAP FAIL) CWJAP소요 1118s · 연속 0회 · 결합유지 없음 · 현재 5단(229회 누적)
14:01:20  [LADDER] ⚠5단 미실행: 전원 재투입은 **부품 미보유로 미구현**이다
14:01:20  [LADDER]   필요 부품: 로우사이드 MOSFET 스위치(예: 2N7000/AO3400 + 10k)
14:01:20  [LADDER]   대신 4단 조치를 60초 백오프로 되풀이한다(종착역)
14:01:20  [AT] "AT+CIFSR" (8)
14:01:20  [AT] "busy p..." (9)
14:01:20  [NET] busy — ESP 가 앞 명령을 처리 중이다. 전진하지 않는다
14:01:21  [NET] 3 CIFSR (IP 를 실제로 받았는가)
14:01:21  [AT] "AT+CIFSR" (8)
14:01:21  [AT] "busy p..." (9)
14:01:21  [NET] busy — ESP 가 앞 명령을 처리 중이다. 전진하지 않는다
14:01:22  [DIAG] offline step=3 사다리=5/230 rx=64681 lines=4295 up=2413s
14:01:23  [NET] 3 CIFSR (IP 를 실제로 받았는가)
14:01:23  [AT] "AT+CIFSR" (8)
14:01:23  [AT] "busy p..." (9)
14:01:23  [NET] busy — ESP 가 앞 명령을 처리 중이다. 전진하지 않는다
14:01:24  [NET] 3 CIFSR (IP 를 실제로 받았는가)
14:01:24  [NET] CIFSR 3회 소진 — 그러나 busy 거부였다. IP 소실로 세지 않는다
14:01:24  [NET] CIFSR 3회에도 IP 가 없다 → CWJAP 부터 다시
14:01:24  [LADDER] 실패(CWJAP FAIL) CWJAP소요 1123s · 연속 0회 · 결합유지 없음 · 현재 5단(230회 누적)
14:01:24  [LADDER] ⚠5단 미실행: 전원 재투입은 **부품 미보유로 미구현**이다
14:01:24  [LADDER]   필요 부품: 로우사이드 MOSFET 스위치(예: 2N7000/AO3400 + 10k)
14:01:24  [LADDER]   대신 4단 조치를 60초 백오프로 되풀이한다(종착역)
14:01:24  [AT] "AT+CIFSR" (8)
14:01:24  [AT] "busy p..." (9)
14:01:24  [NET] busy — ESP 가 앞 명령을 처리 중이다. 전진하지 않는다
14:01:25  [DIAG] offline step=3 사다리=5/231 rx=64725 lines=4299 up=2416s
14:01:26  [NET] 3 CIFSR (IP 를 실제로 받았는가)
14:01:26  [AT] "AT+CIFSR" (8)
14:01:26  [AT] "busy p..." (9)
14:01:26  [NET] busy — ESP 가 앞 명령을 처리 중이다. 전진하지 않는다
14:01:27  [NET] 3 CIFSR (IP 를 실제로 받았는가)
14:01:27  [AT] "AT+CIFSR" (8)
14:01:27  [AT] "busy p..." (9)
14:01:27  [NET] busy — ESP 가 앞 명령을 처리 중이다. 전진하지 않는다
14:01:28  [DIAG] offline step=3 사다리=5/231 rx=64769 lines=4303 up=2419s
14:01:29  [NET] 3 CIFSR (IP 를 실제로 받았는가)
14:01:29  [NET] CIFSR 3회 소진 — 그러나 busy 거부였다. IP 소실로 세지 않는다
14:01:29  [NET] CIFSR 3회에도 IP 가 없다 → CWJAP 부터 다시
14:01:29  [LADDER] 실패(CWJAP FAIL) CWJAP소요 1128s · 연속 0회 · 결합유지 없음 · 현재 5단(231회 누적)
14:01:29  [LADDER] ⚠5단 미실행: 전원 재투입은 **부품 미보유로 미구현**이다
14:01:29  [LADDER]   필요 부품: 로우사이드 MOSFET 스위치(예: 2N7000/AO3400 + 10k)
14:01:29  [LADDER]   대신 4단 조치를 60초 백오프로 되풀이한다(종착역)
14:01:29  [AT] "AT+CIFSR" (8)
14:01:29  [AT] "busy p..." (9)
14:01:29  [NET] busy — ESP 가 앞 명령을 처리 중이다. 전진하지 않는다
14:01:31  [NET] 3 CIFSR (IP 를 실제로 받았는가)
14:01:31  [AT] "AT+CIFSR" (8)
14:01:31  [AT] "busy p..." (9)
14:01:31  [NET] busy — ESP 가 앞 명령을 처리 중이다. 전진하지 않는다
14:01:31  [DIAG] offline step=3 사다리=5/232 rx=64813 lines=4307 up=2422s
14:01:32  [NET] 3 CIFSR (IP 를 실제로 받았는가)
14:01:32  [AT] "AT+CIFSR" (8)
14:01:32  [AT] "busy p..." (9)
14:01:32  [NET] busy — ESP 가 앞 명령을 처리 중이다. 전진하지 않는다
14:01:34  [NET] 3 CIFSR (IP 를 실제로 받았는가)
14:01:34  [NET] CIFSR 3회 소진 — 그러나 busy 거부였다. IP 소실로 세지 않는다
14:01:34  [NET] CIFSR 3회에도 IP 가 없다 → CWJAP 부터 다시
14:01:34  [LADDER] 실패(CWJAP FAIL) CWJAP소요 1132s · 연속 0회 · 결합유지 없음 · 현재 5단(232회 누적)
14:01:34  [LADDER] ⚠5단 미실행: 전원 재투입은 **부품 미보유로 미구현**이다
14:01:34  [LADDER]   필요 부품: 로우사이드 MOSFET 스위치(예: 2N7000/AO3400 + 10k)
14:01:34  [LADDER]   대신 4단 조치를 60초 백오프로 되풀이한다(종착역)
14:01:34  [AT] "AT+CIFSR" (8)
14:01:34  [AT] "busy p..." (9)
14:01:34  [NET] busy — ESP 가 앞 명령을 처리 중이다. 전진하지 않는다
14:01:34  [DIAG] offline step=3 사다리=5/233 rx=64857 lines=4311 up=2425s
14:01:35  [NET] 3 CIFSR (IP 를 실제로 받았는가)
14:01:35  [AT] "AT+CIFSR" (8)
14:01:35  [AT] "busy p..." (9)
14:01:35  [NET] busy — ESP 가 앞 명령을 처리 중이다. 전진하지 않는다
14:01:37  [NET] 3 CIFSR (IP 를 실제로 받았는가)
14:01:37  [AT] "AT+CIFSR" (8)
14:01:37  [AT] "busy p..." (9)
14:01:37  [NET] busy — ESP 가 앞 명령을 처리 중이다. 전진하지 않는다
14:01:37  [DIAG] offline step=3 사다리=5/233 rx=64901 lines=4315 up=2428s
14:01:38  [NET] 3 CIFSR (IP 를 실제로 받았는가)
14:01:38  [NET] CIFSR 3회 소진 — 그러나 busy 거부였다. IP 소실로 세지 않는다
14:01:38  [NET] CIFSR 3회에도 IP 가 없다 → CWJAP 부터 다시
14:01:38  [LADDER] 실패(CWJAP FAIL) CWJAP소요 1137s · 연속 0회 · 결합유지 없음 · 현재 5단(233회 누적)
14:01:38  [LADDER] ⚠5단 미실행: 전원 재투입은 **부품 미보유로 미구현**이다
14:01:38  [LADDER]   필요 부품: 로우사이드 MOSFET 스위치(예: 2N7000/AO3400 + 10k)
14:01:38  [LADDER]   대신 4단 조치를 60초 백오프로 되풀이한다(종착역)
14:01:38  [AT] "AT+CIFSR" (8)
14:01:38  [AT] "busy p..." (9)
14:01:38  [NET] busy — ESP 가 앞 명령을 처리 중이다. 전진하지 않는다
14:01:40  [NET] 3 CIFSR (IP 를 실제로 받았는가)
14:01:40  [AT] "AT+CIFSR" (8)
14:01:40  [AT] "busy p..." (9)
14:01:40  [NET] busy — ESP 가 앞 명령을 처리 중이다. 전진하지 않는다
14:01:40  [DIAG] offline step=3 사다리=5/234 rx=64945 lines=4319 up=2431s
14:01:41  [NET] 3 CIFSR (IP 를 실제로 받았는가)
14:01:41  [AT] "AT+CIFSR" (8)
14:01:41  [AT] "busy p..." (9)
14:01:41  [NET] busy — ESP 가 앞 명령을 처리 중이다. 전진하지 않는다
14:01:43  [NET] 3 CIFSR (IP 를 실제로 받았는가)
14:01:43  [NET] CIFSR 3회 소진 — 그러나 busy 거부였다. IP 소실로 세지 않는다
14:01:43  [NET] CIFSR 3회에도 IP 가 없다 → CWJAP 부터 다시
14:01:43  [LADDER] 실패(CWJAP FAIL) CWJAP소요 1142s · 연속 0회 · 결합유지 없음 · 현재 5단(234회 누적)
14:01:43  [LADDER] ⚠5단 미실행: 전원 재투입은 **부품 미보유로 미구현**이다
14:01:43  [LADDER]   필요 부품: 로우사이드 MOSFET 스위치(예: 2N7000/AO3400 + 10k)
14:01:43  [LADDER]   대신 4단 조치를 60초 백오프로 되풀이한다(종착역)
14:01:43  [AT] "AT+CIFSR" (8)
14:01:43  [AT] "busy p..." (9)
14:01:43  [NET] busy — ESP 가 앞 명령을 처리 중이다. 전진하지 않는다
14:01:43  [DIAG] offline step=3 사다리=5/235 rx=64989 lines=4323 up=2434s
14:01:44  [NET] 3 CIFSR (IP 를 실제로 받았는가)
14:01:44  [AT] "AT+CIFSR" (8)
14:01:44  [AT] "busy p..." (9)
14:01:44  [NET] busy — ESP 가 앞 명령을 처리 중이다. 전진하지 않는다
14:01:46  [NET] 3 CIFSR (IP 를 실제로 받았는가)
14:01:46  [AT] "AT+CIFSR" (8)
14:01:46  [AT] "busy p..." (9)
14:01:46  [NET] busy — ESP 가 앞 명령을 처리 중이다. 전진하지 않는다
14:01:46  [DIAG] offline step=3 사다리=5/235 rx=65033 lines=4327 up=2437s
14:01:48  [NET] 3 CIFSR (IP 를 실제로 받았는가)
14:01:48  [NET] CIFSR 3회 소진 — 그러나 busy 거부였다. IP 소실로 세지 않는다
14:01:48  [NET] CIFSR 3회에도 IP 가 없다 → CWJAP 부터 다시
14:01:48  [LADDER] 실패(CWJAP FAIL) CWJAP소요 1146s · 연속 0회 · 결합유지 없음 · 현재 5단(235회 누적)
14:01:48  [LADDER] ⚠5단 미실행: 전원 재투입은 **부품 미보유로 미구현**이다
14:01:48  [LADDER]   필요 부품: 로우사이드 MOSFET 스위치(예: 2N7000/AO3400 + 10k)
14:01:48  [LADDER]   대신 4단 조치를 60초 백오프로 되풀이한다(종착역)
14:01:48  [AT] "AT+CIFSR" (8)
14:01:48  [AT] "busy p..." (9)
14:01:48  [NET] busy — ESP 가 앞 명령을 처리 중이다. 전진하지 않는다
14:01:49  [NET] 3 CIFSR (IP 를 실제로 받았는가)
14:01:49  [AT] "AT+CIFSR" (8)
14:01:49  [AT] "busy p..." (9)
14:01:49  [NET] busy — ESP 가 앞 명령을 처리 중이다. 전진하지 않는다
14:01:49  [DIAG] offline step=3 사다리=5/236 rx=65077 lines=4331 up=2440s
14:01:51  [NET] 3 CIFSR (IP 를 실제로 받았는가)
14:01:51  [AT] "AT+CIFSR" (8)
14:01:51  [AT] "busy p..." (9)
14:01:51  [NET] busy — ESP 가 앞 명령을 처리 중이다. 전진하지 않는다
14:01:52  [NET] 3 CIFSR (IP 를 실제로 받았는가)
14:01:52  [NET] CIFSR 3회 소진 — 그러나 busy 거부였다. IP 소실로 세지 않는다
14:01:52  [NET] CIFSR 3회에도 IP 가 없다 → CWJAP 부터 다시
14:01:52  [LADDER] 실패(CWJAP FAIL) CWJAP소요 1151s · 연속 0회 · 결합유지 없음 · 현재 5단(236회 누적)
14:01:52  [LADDER] ⚠5단 미실행: 전원 재투입은 **부품 미보유로 미구현**이다
14:01:52  [LADDER]   필요 부품: 로우사이드 MOSFET 스위치(예: 2N7000/AO3400 + 10k)
14:01:52  [LADDER]   대신 4단 조치를 60초 백오프로 되풀이한다(종착역)
14:01:52  [AT] "AT+CIFSR" (8)
14:01:52  [AT] "busy p..." (9)
14:01:52  [NET] busy — ESP 가 앞 명령을 처리 중이다. 전진하지 않는다
14:01:52  [DIAG] offline step=3 사다리=5/237 rx=65121 lines=4335 up=2443s
14:01:54  [NET] 3 CIFSR (IP 를 실제로 받았는가)
14:01:54  [AT] "AT+CIFSR" (8)
14:01:54  [AT] "busy p..." (9)
14:01:54  [NET] busy — ESP 가 앞 명령을 처리 중이다. 전진하지 않는다
14:01:55  [NET] 3 CIFSR (IP 를 실제로 받았는가)
14:01:55  [AT] "AT+CIFSR" (8)
14:01:55  [AT] "busy p..." (9)
14:01:55  [NET] busy — ESP 가 앞 명령을 처리 중이다. 전진하지 않는다
14:01:55  [DIAG] offline step=3 사다리=5/237 rx=65165 lines=4339 up=2446s
14:01:57  [NET] 3 CIFSR (IP 를 실제로 받았는가)
14:01:57  [NET] CIFSR 3회 소진 — 그러나 busy 거부였다. IP 소실로 세지 않는다
14:01:57  [NET] CIFSR 3회에도 IP 가 없다 → CWJAP 부터 다시
14:01:57  [LADDER] 실패(CWJAP FAIL) CWJAP소요 1156s · 연속 0회 · 결합유지 없음 · 현재 5단(237회 누적)
14:01:57  [LADDER] ⚠5단 미실행: 전원 재투입은 **부품 미보유로 미구현**이다
14:01:57  [LADDER]   필요 부품: 로우사이드 MOSFET 스위치(예: 2N7000/AO3400 + 10k)
14:01:57  [LADDER]   대신 4단 조치를 60초 백오프로 되풀이한다(종착역)
14:01:57  [AT] "AT+CIFSR" (8)
14:01:57  [AT] "busy p..." (9)
14:01:57  [NET] busy — ESP 가 앞 명령을 처리 중이다. 전진하지 않는다
14:01:58  [DIAG] offline step=3 사다리=5/238 rx=65187 lines=4341 up=2449s
14:01:58  [NET] 3 CIFSR (IP 를 실제로 받았는가)
14:01:58  [AT] "AT+CIFSR" (8)
14:01:58  [AT] "busy p..." (9)
14:01:58  [NET] busy — ESP 가 앞 명령을 처리 중이다. 전진하지 않는다
14:02:00  [NET] 3 CIFSR (IP 를 실제로 받았는가)
14:02:00  [AT] "AT+CIFSR" (8)
14:02:00  [AT] "busy p..." (9)
14:02:00  [NET] busy — ESP 가 앞 명령을 처리 중이다. 전진하지 않는다
14:02:01  [DIAG] offline step=3 사다리=5/238 rx=65231 lines=4345 up=2452s
14:02:02  [NET] 3 CIFSR (IP 를 실제로 받았는가)
14:02:02  [NET] CIFSR 3회 소진 — 그러나 busy 거부였다. IP 소실로 세지 않는다
14:02:02  [NET] CIFSR 3회에도 IP 가 없다 → CWJAP 부터 다시
14:02:02  [LADDER] 실패(CWJAP FAIL) CWJAP소요 1160s · 연속 0회 · 결합유지 없음 · 현재 5단(238회 누적)
14:02:02  [LADDER] ⚠5단 미실행: 전원 재투입은 **부품 미보유로 미구현**이다
14:02:02  [LADDER]   필요 부품: 로우사이드 MOSFET 스위치(예: 2N7000/AO3400 + 10k)
14:02:02  [LADDER]   대신 4단 조치를 60초 백오프로 되풀이한다(종착역)
14:02:02  [AT] "AT+CIFSR" (8)
14:02:02  [AT] "busy p..." (9)
14:02:02  [NET] busy — ESP 가 앞 명령을 처리 중이다. 전진하지 않는다
14:02:03  [NET] 3 CIFSR (IP 를 실제로 받았는가)
14:02:03  [AT] "AT+CIFSR" (8)
14:02:03  [AT] "busy p..." (9)
14:02:03  [NET] busy — ESP 가 앞 명령을 처리 중이다. 전진하지 않는다
14:02:04  [DIAG] offline step=3 사다리=5/239 rx=65275 lines=4349 up=2455s
14:02:05  [NET] 3 CIFSR (IP 를 실제로 받았는가)
14:02:05  [AT] "AT+CIFSR" (8)
14:02:05  [AT] "busy p..." (9)
14:02:05  [NET] busy — ESP 가 앞 명령을 처리 중이다. 전진하지 않는다
14:02:06  [NET] 3 CIFSR (IP 를 실제로 받았는가)
14:02:06  [NET] CIFSR 3회 소진 — 그러나 busy 거부였다. IP 소실로 세지 않는다
14:02:06  [NET] CIFSR 3회에도 IP 가 없다 → CWJAP 부터 다시
14:02:06  [LADDER] 실패(CWJAP FAIL) CWJAP소요 1165s · 연속 0회 · 결합유지 없음 · 현재 5단(239회 누적)
14:02:06  [LADDER] ⚠5단 미실행: 전원 재투입은 **부품 미보유로 미구현**이다
14:02:06  [LADDER]   필요 부품: 로우사이드 MOSFET 스위치(예: 2N7000/AO3400 + 10k)
14:02:06  [LADDER]   대신 4단 조치를 60초 백오프로 되풀이한다(종착역)
14:02:06  [AT] "AT+CIFSR" (8)
14:02:06  [AT] "busy p..." (9)
14:02:06  [NET] busy — ESP 가 앞 명령을 처리 중이다. 전진하지 않는다
14:02:07  [DIAG] offline step=3 사다리=5/240 rx=65319 lines=4353 up=2458s
14:02:08  [NET] 3 CIFSR (IP 를 실제로 받았는가)
14:02:08  [AT] "AT+CIFSR" (8)
14:02:08  [AT] "busy p..." (9)
14:02:08  [NET] busy — ESP 가 앞 명령을 처리 중이다. 전진하지 않는다
14:02:09  [CNT] up=2460 drop=1 esprst=9 resync=0 sendfail=0 okto=5 stuck=1 ackq=0 ackdrop=0 ackstale=0 slot=2050 oow=0 smiss=6 ssovf=0 cksumng=0 okstream=906 penddrop=0 pendfill=908 bigfill=7 bigdrop=0 bigokst=6 oklost=0 bigoklost=0 skip=34 online=0
14:02:09  [RAM] 최저 여유 617 B · 프롬프트 재동기 0회 (서버의 '버린줄' 과 맞아야 한다)
14:02:09  [NET] 3 CIFSR (IP 를 실제로 받았는가)
14:02:09  [AT] "AT+CIFSR" (8)
14:02:09  [AT] "busy p..." (9)
14:02:09  [NET] busy — ESP 가 앞 명령을 처리 중이다. 전진하지 않는다
14:02:10  [DIAG] offline step=3 사다리=5/240 rx=65363 lines=4357 up=2461s
14:02:11  [NET] 3 CIFSR (IP 를 실제로 받았는가)
14:02:11  [NET] CIFSR 3회 소진 — 그러나 busy 거부였다. IP 소실로 세지 않는다
14:02:11  [NET] CIFSR 3회에도 IP 가 없다 → CWJAP 부터 다시
14:02:11  [LADDER] 실패(CWJAP FAIL) CWJAP소요 1170s · 연속 0회 · 결합유지 없음 · 현재 5단(240회 누적)
14:02:11  [LADDER] ⚠5단 미실행: 전원 재투입은 **부품 미보유로 미구현**이다
14:02:11  [LADDER]   필요 부품: 로우사이드 MOSFET 스위치(예: 2N7000/AO3400 + 10k)
14:02:11  [LADDER]   대신 4단 조치를 60초 백오프로 되풀이한다(종착역)
14:02:11  [AT] "AT+CIFSR" (8)
14:02:11  [AT] "busy p..." (9)
14:02:11  [NET] busy — ESP 가 앞 명령을 처리 중이다. 전진하지 않는다
14:02:12  «tap» 살아있음 — 최근 60초 rx=15055B (이 줄이 끊기면 탭이 죽은 것이다)
14:02:12  [NET] 3 CIFSR (IP 를 실제로 받았는가)
14:02:12  [AT] "AT+CIFSR" (8)
14:02:12  [AT] "busy p..." (9)
14:02:12  [NET] busy — ESP 가 앞 명령을 처리 중이다. 전진하지 않는다
14:02:13  [DIAG] offline step=3 사다리=5/241 rx=65407 lines=4361 up=2464s
14:02:14  [NET] 3 CIFSR (IP 를 실제로 받았는가)
14:02:14  [AT] "AT+CIFSR" (8)
14:02:14  [AT] "busy p..." (9)
14:02:14  [NET] busy — ESP 가 앞 명령을 처리 중이다. 전진하지 않는다
14:02:15  [NET] 3 CIFSR (IP 를 실제로 받았는가)
14:02:15  [NET] CIFSR 3회 소진 — 그러나 busy 거부였다. IP 소실로 세지 않는다
14:02:15  [NET] CIFSR 3회에도 IP 가 없다 → CWJAP 부터 다시
14:02:15  [LADDER] 실패(CWJAP FAIL) CWJAP소요 1174s · 연속 0회 · 결합유지 없음 · 현재 5단(241회 누적)
14:02:15  [LADDER] ⚠5단 미실행: 전원 재투입은 **부품 미보유로 미구현**이다
14:02:16  [LADDER]   필요 부품: 로우사이드 MOSFET 스위치(예: 2N7000/AO3400 + 10k)
14:02:16  [LADDER]   대신 4단 조치를 60초 백오프로 되풀이한다(종착역)
14:02:16  [AT] "AT+CIFSR" (8)
14:02:16  [AT] "busy p..." (9)
14:02:16  [NET] busy — ESP 가 앞 명령을 처리 중이다. 전진하지 않는다
14:02:16  [DIAG] offline step=3 사다리=5/242 rx=65451 lines=4365 up=2467s
14:02:17  [NET] 3 CIFSR (IP 를 실제로 받았는가)
14:02:17  [AT] "AT+CIFSR" (8)
14:02:17  [AT] "busy p..." (9)
14:02:17  [NET] busy — ESP 가 앞 명령을 처리 중이다. 전진하지 않는다
14:02:19  [NET] 3 CIFSR (IP 를 실제로 받았는가)
14:02:19  [AT] "AT+CIFSR" (8)
14:02:19  [AT] "busy p..." (9)
14:02:19  [NET] busy — ESP 가 앞 명령을 처리 중이다. 전진하지 않는다
14:02:19  [DIAG] offline step=3 사다리=5/242 rx=65495 lines=4369 up=2470s
14:02:20  [NET] 3 CIFSR (IP 를 실제로 받았는가)
14:02:20  [NET] CIFSR 3회 소진 — 그러나 busy 거부였다. IP 소실로 세지 않는다
14:02:20  [NET] CIFSR 3회에도 IP 가 없다 → CWJAP 부터 다시
14:02:20  [LADDER] 실패(CWJAP FAIL) CWJAP소요 1179s · 연속 0회 · 결합유지 없음 · 현재 5단(242회 누적)
14:02:20  [LADDER] ⚠5단 미실행: 전원 재투입은 **부품 미보유로 미구현**이다
14:02:20  [LADDER]   필요 부품: 로우사이드 MOSFET 스위치(예: 2N7000/AO3400 + 10k)
14:02:20  [LADDER]   대신 4단 조치를 60초 백오프로 되풀이한다(종착역)
14:02:20  [AT] "AT+CIFSR" (8)
14:02:20  [AT] "busy p..." (9)
14:02:20  [NET] busy — ESP 가 앞 명령을 처리 중이다. 전진하지 않는다
14:02:22  [NET] 3 CIFSR (IP 를 실제로 받았는가)
14:02:22  [AT] "AT+CIFSR" (8)
14:02:22  [AT] "busy p..." (9)
14:02:22  [NET] busy — ESP 가 앞 명령을 처리 중이다. 전진하지 않는다
14:02:22  [DIAG] offline step=3 사다리=5/243 rx=65539 lines=4373 up=2473s
14:02:23  [NET] 3 CIFSR (IP 를 실제로 받았는가)
14:02:23  [AT] "AT+CIFSR" (8)
14:02:23  [AT] "busy p..." (9)
14:02:23  [NET] busy — ESP 가 앞 명령을 처리 중이다. 전진하지 않는다
14:02:25  [NET] 3 CIFSR (IP 를 실제로 받았는가)
14:02:25  [NET] CIFSR 3회 소진 — 그러나 busy 거부였다. IP 소실로 세지 않는다
14:02:25  [NET] CIFSR 3회에도 IP 가 없다 → CWJAP 부터 다시
14:02:25  [LADDER] 실패(CWJAP FAIL) CWJAP소요 1184s · 연속 0회 · 결합유지 없음 · 현재 5단(243회 누적)
14:02:25  [LADDER] ⚠5단 미실행: 전원 재투입은 **부품 미보유로 미구현**이다
14:02:25  [LADDER]   필요 부품: 로우사이드 MOSFET 스위치(예: 2N7000/AO3400 + 10k)
14:02:25  [LADDER]   대신 4단 조치를 60초 백오프로 되풀이한다(종착역)
14:02:25  [AT] "AT+CIFSR" (8)
14:02:25  [AT] "busy p..." (9)
14:02:25  [NET] busy — ESP 가 앞 명령을 처리 중이다. 전진하지 않는다
14:02:25  [DIAG] offline step=3 사다리=5/244 rx=65583 lines=4377 up=2476s
14:02:26  [NET] 3 CIFSR (IP 를 실제로 받았는가)
14:02:26  [AT] "AT+CIFSR" (8)
14:02:26  [AT] "busy p..." (9)
14:02:26  [NET] busy — ESP 가 앞 명령을 처리 중이다. 전진하지 않는다
14:02:28  [NET] 3 CIFSR (IP 를 실제로 받았는가)
14:02:28  [AT] "AT+CIFSR" (8)
14:02:28  [AT] "busy p..." (9)
14:02:28  [NET] busy — ESP 가 앞 명령을 처리 중이다. 전진하지 않는다
14:02:28  [DIAG] offline step=3 사다리=5/244 rx=65627 lines=4381 up=2479s
14:02:29  [NET] 3 CIFSR (IP 를 실제로 받았는가)
14:02:29  [NET] CIFSR 3회 소진 — 그러나 busy 거부였다. IP 소실로 세지 않는다
14:02:29  [NET] CIFSR 3회에도 IP 가 없다 → CWJAP 부터 다시
14:02:29  [LADDER] 실패(CWJAP FAIL) CWJAP소요 1188s · 연속 0회 · 결합유지 없음 · 현재 5단(244회 누적)
14:02:29  [LADDER] ⚠5단 미실행: 전원 재투입은 **부품 미보유로 미구현**이다
14:02:29  [LADDER]   필요 부품: 로우사이드 MOSFET 스위치(예: 2N7000/AO3400 + 10k)
14:02:29  [LADDER]   대신 4단 조치를 60초 백오프로 되풀이한다(종착역)
14:02:29  [AT] "AT+CIFSR" (8)
14:02:29  [AT] "busy p..." (9)
14:02:29  [NET] busy — ESP 가 앞 명령을 처리 중이다. 전진하지 않는다
14:02:31  [NET] 3 CIFSR (IP 를 실제로 받았는가)
14:02:31  [AT] "AT+CIFSR" (8)
14:02:31  [AT] "busy p..." (9)
14:02:31  [NET] busy — ESP 가 앞 명령을 처리 중이다. 전진하지 않는다
14:02:31  [DIAG] offline step=3 사다리=5/245 rx=65671 lines=4385 up=2482s
14:02:33  [NET] 3 CIFSR (IP 를 실제로 받았는가)
14:02:33  [AT] "AT+CIFSR" (8)
14:02:33  [AT] "busy p..." (9)
14:02:33  [NET] busy — ESP 가 앞 명령을 처리 중이다. 전진하지 않는다
14:02:34  [NET] 3 CIFSR (IP 를 실제로 받았는가)
14:02:34  [NET] CIFSR 3회 소진 — 그러나 busy 거부였다. IP 소실로 세지 않는다
14:02:34  [NET] CIFSR 3회에도 IP 가 없다 → CWJAP 부터 다시
14:02:34  [LADDER] 실패(CWJAP FAIL) CWJAP소요 1193s · 연속 0회 · 결합유지 없음 · 현재 5단(245회 누적)
14:02:34  [LADDER] ⚠5단 미실행: 전원 재투입은 **부품 미보유로 미구현**이다
14:02:34  [LADDER]   필요 부품: 로우사이드 MOSFET 스위치(예: 2N7000/AO3400 + 10k)
14:02:34  [LADDER]   대신 4단 조치를 60초 백오프로 되풀이한다(종착역)
14:02:34  [AT] "AT+CIFSR" (8)
14:02:34  [AT] "busy p..." (9)
14:02:34  [NET] busy — ESP 가 앞 명령을 처리 중이다. 전진하지 않는다
14:02:34  [DIAG] offline step=3 사다리=5/246 rx=65715 lines=4389 up=2485s
14:02:36  [NET] 3 CIFSR (IP 를 실제로 받았는가)
14:02:36  [AT] "AT+CIFSR" (8)
14:02:36  [AT] "busy p..." (9)
14:02:36  [NET] busy — ESP 가 앞 명령을 처리 중이다. 전진하지 않는다
14:02:37  [NET] 3 CIFSR (IP 를 실제로 받았는가)
14:02:37  [AT] "AT+CIFSR" (8)
14:02:37  [AT] "busy p..." (9)
14:02:37  [NET] busy — ESP 가 앞 명령을 처리 중이다. 전진하지 않는다
14:02:37  [DIAG] offline step=3 사다리=5/246 rx=65759 lines=4393 up=2488s
14:02:39  [NET] 3 CIFSR (IP 를 실제로 받았는가)
14:02:39  [NET] CIFSR 3회 소진 — 그러나 busy 거부였다. IP 소실로 세지 않는다
14:02:39  [NET] CIFSR 3회에도 IP 가 없다 → CWJAP 부터 다시
14:02:39  [LADDER] 실패(CWJAP FAIL) CWJAP소요 1198s · 연속 0회 · 결합유지 없음 · 현재 5단(246회 누적)
14:02:39  [LADDER] ⚠5단 미실행: 전원 재투입은 **부품 미보유로 미구현**이다
14:02:39  [LADDER]   필요 부품: 로우사이드 MOSFET 스위치(예: 2N7000/AO3400 + 10k)
14:02:39  [LADDER]   대신 4단 조치를 60초 백오프로 되풀이한다(종착역)
14:02:39  [AT] "AT+CIFSR" (8)
14:02:39  [AT] "busy p..." (9)
14:02:39  [NET] busy — ESP 가 앞 명령을 처리 중이다. 전진하지 않는다
14:02:40  [DIAG] offline step=3 사다리=5/247 rx=65781 lines=4395 up=2491s
14:02:40  [NET] 3 CIFSR (IP 를 실제로 받았는가)
14:02:40  [AT] "AT+CIFSR" (8)
14:02:40  [AT] "busy p..." (9)
14:02:40  [NET] busy — ESP 가 앞 명령을 처리 중이다. 전진하지 않는다
14:02:42  [NET] 3 CIFSR (IP 를 실제로 받았는가)
14:02:42  [AT] "AT+CIFSR" (8)
14:02:42  [AT] "busy p..." (9)
14:02:42  [NET] busy — ESP 가 앞 명령을 처리 중이다. 전진하지 않는다
14:02:43  [DIAG] offline step=3 사다리=5/247 rx=65825 lines=4399 up=2494s
14:02:43  [NET] 3 CIFSR (IP 를 실제로 받았는가)
14:02:43  [NET] CIFSR 3회 소진 — 그러나 busy 거부였다. IP 소실로 세지 않는다
14:02:43  [NET] CIFSR 3회에도 IP 가 없다 → CWJAP 부터 다시
14:02:43  [LADDER] 실패(CWJAP FAIL) CWJAP소요 1202s · 연속 0회 · 결합유지 없음 · 현재 5단(247회 누적)
14:02:43  [LADDER] ⚠5단 미실행: 전원 재투입은 **부품 미보유로 미구현**이다
14:02:43  [LADDER]   필요 부품: 로우사이드 MOSFET 스위치(예: 2N7000/AO3400 + 10k)
14:02:43  [LADDER]   대신 4단 조치를 60초 백오프로 되풀이한다(종착역)
14:02:43  [AT] "AT+CIFSR" (8)
14:02:43  [AT] "busy p..." (9)
14:02:43  [NET] busy — ESP 가 앞 명령을 처리 중이다. 전진하지 않는다
14:02:45  [NET] 3 CIFSR (IP 를 실제로 받았는가)
14:02:45  [AT] "AT+CIFSR" (8)
14:02:45  [AT] "busy p..." (9)
14:02:45  [NET] busy — ESP 가 앞 명령을 처리 중이다. 전진하지 않는다
14:02:46  [DIAG] offline step=3 사다리=5/248 rx=65869 lines=4403 up=2497s
14:02:47  [NET] 3 CIFSR (IP 를 실제로 받았는가)
14:02:47  [AT] "AT+CIFSR" (8)
14:02:47  [AT] "busy p..." (9)
14:02:47  [NET] busy — ESP 가 앞 명령을 처리 중이다. 전진하지 않는다
14:02:48  [NET] 3 CIFSR (IP 를 실제로 받았는가)
14:02:48  [NET] CIFSR 3회 소진 — 그러나 busy 거부였다. IP 소실로 세지 않는다
14:02:48  [NET] CIFSR 3회에도 IP 가 없다 → CWJAP 부터 다시
14:02:48  [LADDER] 실패(CWJAP FAIL) CWJAP소요 1207s · 연속 0회 · 결합유지 없음 · 현재 5단(248회 누적)
14:02:48  [LADDER] ⚠5단 미실행: 전원 재투입은 **부품 미보유로 미구현**이다
14:02:48  [LADDER]   필요 부품: 로우사이드 MOSFET 스위치(예: 2N7000/AO3400 + 10k)
14:02:48  [LADDER]   대신 4단 조치를 60초 백오프로 되풀이한다(종착역)
14:02:48  [AT] "AT+CIFSR" (8)
14:02:48  [AT] "busy p..." (9)
14:02:48  [NET] busy — ESP 가 앞 명령을 처리 중이다. 전진하지 않는다
14:02:49  [DIAG] offline step=3 사다리=5/249 rx=65913 lines=4407 up=2500s
14:02:50  [NET] 3 CIFSR (IP 를 실제로 받았는가)
14:02:50  [AT] "AT+CIFSR" (8)
14:02:50  [AT] "busy p..." (9)
14:02:50  [NET] busy — ESP 가 앞 명령을 처리 중이다. 전진하지 않는다
14:02:51  [NET] 3 CIFSR (IP 를 실제로 받았는가)
14:02:51  [AT] "AT+CIFSR" (8)
14:02:51  [AT] "busy p..." (9)
14:02:51  [NET] busy — ESP 가 앞 명령을 처리 중이다. 전진하지 않는다
14:02:52  [DIAG] offline step=3 사다리=5/249 rx=65957 lines=4411 up=2503s
14:02:53  [NET] 3 CIFSR (IP 를 실제로 받았는가)
14:02:53  [NET] CIFSR 3회 소진 — 그러나 busy 거부였다. IP 소실로 세지 않는다
14:02:53  [NET] CIFSR 3회에도 IP 가 없다 → CWJAP 부터 다시
14:02:53  [LADDER] 실패(CWJAP FAIL) CWJAP소요 1212s · 연속 0회 · 결합유지 없음 · 현재 5단(249회 누적)
14:02:53  [LADDER] ⚠5단 미실행: 전원 재투입은 **부품 미보유로 미구현**이다
14:02:53  [LADDER]   필요 부품: 로우사이드 MOSFET 스위치(예: 2N7000/AO3400 + 10k)
14:02:53  [LADDER]   대신 4단 조치를 60초 백오프로 되풀이한다(종착역)
14:02:53  [AT] "AT+CIFSR" (8)
14:02:53  [AT] "busy p..." (9)
14:02:53  [NET] busy — ESP 가 앞 명령을 처리 중이다. 전진하지 않는다
14:02:54  [NET] 3 CIFSR (IP 를 실제로 받았는가)
14:02:54  [AT] "AT+CIFSR" (8)
14:02:54  [AT] "busy p..." (9)
14:02:54  [NET] busy — ESP 가 앞 명령을 처리 중이다. 전진하지 않는다
14:02:55  [DIAG] offline step=3 사다리=5/250 rx=66001 lines=4415 up=2506s
14:02:56  [NET] 3 CIFSR (IP 를 실제로 받았는가)
14:02:56  [AT] "AT+CIFSR" (8)
14:02:56  [AT] "busy p..." (9)
14:02:56  [NET] busy — ESP 가 앞 명령을 처리 중이다. 전진하지 않는다
14:02:57  [NET] 3 CIFSR (IP 를 실제로 받았는가)
14:02:57  [NET] CIFSR 3회 소진 — 그러나 busy 거부였다. IP 소실로 세지 않는다
14:02:57  [NET] CIFSR 3회에도 IP 가 없다 → CWJAP 부터 다시
14:02:57  [LADDER] 실패(CWJAP FAIL) CWJAP소요 1216s · 연속 0회 · 결합유지 없음 · 현재 5단(250회 누적)
14:02:57  [LADDER] ⚠5단 미실행: 전원 재투입은 **부품 미보유로 미구현**이다
14:02:57  [LADDER]   필요 부품: 로우사이드 MOSFET 스위치(예: 2N7000/AO3400 + 10k)
14:02:57  [LADDER]   대신 4단 조치를 60초 백오프로 되풀이한다(종착역)
14:02:57  [AT] "AT+CIFSR" (8)
14:02:57  [AT] "busy p..." (9)
14:02:57  [NET] busy — ESP 가 앞 명령을 처리 중이다. 전진하지 않는다
14:02:58  [DIAG] offline step=3 사다리=5/251 rx=66045 lines=4419 up=2509s
14:02:59  [NET] 3 CIFSR (IP 를 실제로 받았는가)
14:02:59  [AT] "AT+CIFSR" (8)
14:02:59  [AT] "busy p..." (9)
14:02:59  [NET] busy — ESP 가 앞 명령을 처리 중이다. 전진하지 않는다
14:03:00  [NET] 3 CIFSR (IP 를 실제로 받았는가)
14:03:00  [AT] "AT+CIFSR" (8)
14:03:00  [AT] "busy p..." (9)
14:03:01  [NET] busy — ESP 가 앞 명령을 처리 중이다. 전진하지 않는다
14:03:01  [DIAG] offline step=3 사다리=5/251 rx=66089 lines=4423 up=2512s
14:03:02  [NET] 3 CIFSR (IP 를 실제로 받았는가)
14:03:02  [NET] CIFSR 3회 소진 — 그러나 busy 거부였다. IP 소실로 세지 않는다
14:03:02  [NET] CIFSR 3회에도 IP 가 없다 → CWJAP 부터 다시
14:03:02  [LADDER] 실패(CWJAP FAIL) CWJAP소요 1221s · 연속 0회 · 결합유지 없음 · 현재 5단(251회 누적)
14:03:02  [LADDER] ⚠5단 미실행: 전원 재투입은 **부품 미보유로 미구현**이다
14:03:02  [LADDER]   필요 부품: 로우사이드 MOSFET 스위치(예: 2N7000/AO3400 + 10k)
14:03:02  [LADDER]   대신 4단 조치를 60초 백오프로 되풀이한다(종착역)
14:03:02  [AT] "AT+CIFSR" (8)
14:03:02  [AT] "busy p..." (9)
14:03:02  [NET] busy — ESP 가 앞 명령을 처리 중이다. 전진하지 않는다
14:03:04  [NET] 3 CIFSR (IP 를 실제로 받았는가)
14:03:04  [AT] "AT+CIFSR" (8)
14:03:04  [AT] "busy p..." (9)
14:03:04  [NET] busy — ESP 가 앞 명령을 처리 중이다. 전진하지 않는다
14:03:04  [DIAG] offline step=3 사다리=5/252 rx=66133 lines=4427 up=2515s
14:03:05  [NET] 3 CIFSR (IP 를 실제로 받았는가)
14:03:05  [AT] "AT+CIFSR" (8)
14:03:05  [AT] "busy p..." (9)
14:03:05  [NET] busy — ESP 가 앞 명령을 처리 중이다. 전진하지 않는다
14:03:07  [NET] 3 CIFSR (IP 를 실제로 받았는가)
14:03:07  [NET] CIFSR 3회 소진 — 그러나 busy 거부였다. IP 소실로 세지 않는다
14:03:07  [NET] CIFSR 3회에도 IP 가 없다 → CWJAP 부터 다시
14:03:07  [LADDER] 실패(CWJAP FAIL) CWJAP소요 1226s · 연속 0회 · 결합유지 없음 · 현재 5단(252회 누적)
14:03:07  [LADDER] ⚠5단 미실행: 전원 재투입은 **부품 미보유로 미구현**이다
14:03:07  [LADDER]   필요 부품: 로우사이드 MOSFET 스위치(예: 2N7000/AO3400 + 10k)
14:03:07  [LADDER]   대신 4단 조치를 60초 백오프로 되풀이한다(종착역)
14:03:07  [AT] "AT+CIFSR" (8)
14:03:07  [AT] "busy p..." (9)
14:03:07  [NET] busy — ESP 가 앞 명령을 처리 중이다. 전진하지 않는다
14:03:07  [DIAG] offline step=3 사다리=5/253 rx=66177 lines=4431 up=2518s
14:03:08  [NET] 3 CIFSR (IP 를 실제로 받았는가)
14:03:08  [AT] "AT+CIFSR" (8)
14:03:08  [AT] "busy p..." (9)
14:03:08  [NET] busy — ESP 가 앞 명령을 처리 중이다. 전진하지 않는다
14:03:09  [CNT] up=2520 drop=1 esprst=9 resync=0 sendfail=0 okto=5 stuck=1 ackq=0 ackdrop=0 ackstale=0 slot=2100 oow=0 smiss=6 ssovf=0 cksumng=0 okstream=906 penddrop=0 pendfill=908 bigfill=7 bigdrop=0 bigokst=6 oklost=0 bigoklost=0 skip=34 online=0
14:03:09  [RAM] 최저 여유 617 B · 프롬프트 재동기 0회 (서버의 '버린줄' 과 맞아야 한다)
14:03:10  [NET] 3 CIFSR (IP 를 실제로 받았는가)
14:03:10  [AT] "AT+CIFSR" (8)
14:03:10  [AT] "busy p..." (9)
14:03:10  [NET] busy — ESP 가 앞 명령을 처리 중이다. 전진하지 않는다
14:03:10  [DIAG] offline step=3 사다리=5/253 rx=66221 lines=4435 up=2521s
14:03:11  [NET] 3 CIFSR (IP 를 실제로 받았는가)
14:03:11  [NET] CIFSR 3회 소진 — 그러나 busy 거부였다. IP 소실로 세지 않는다
14:03:11  [NET] CIFSR 3회에도 IP 가 없다 → CWJAP 부터 다시
14:03:11  [LADDER] 실패(CWJAP FAIL) CWJAP소요 1230s · 연속 0회 · 결합유지 없음 · 현재 5단(253회 누적)
14:03:11  [LADDER] ⚠5단 미실행: 전원 재투입은 **부품 미보유로 미구현**이다
14:03:11  [LADDER]   필요 부품: 로우사이드 MOSFET 스위치(예: 2N7000/AO3400 + 10k)
14:03:11  [LADDER]   대신 4단 조치를 60초 백오프로 되풀이한다(종착역)
14:03:11  [AT] "AT+CIFSR" (8)
14:03:11  [AT] "busy p..." (9)
14:03:11  [NET] busy — ESP 가 앞 명령을 처리 중이다. 전진하지 않는다
14:03:12  «tap» 살아있음 — 최근 60초 rx=15055B (이 줄이 끊기면 탭이 죽은 것이다)
14:03:13  [NET] 3 CIFSR (IP 를 실제로 받았는가)
14:03:13  [AT] "AT+CIFSR" (8)
14:03:13  [AT] "busy p..." (9)
14:03:13  [NET] busy — ESP 가 앞 명령을 처리 중이다. 전진하지 않는다
14:03:13  [DIAG] offline step=3 사다리=5/254 rx=66265 lines=4439 up=2524s
14:03:14  [NET] 3 CIFSR (IP 를 실제로 받았는가)
14:03:14  [AT] "AT+CIFSR" (8)
14:03:14  [AT] "busy p..." (9)
14:03:14  [NET] busy — ESP 가 앞 명령을 처리 중이다. 전진하지 않는다
14:03:16  [NET] 3 CIFSR (IP 를 실제로 받았는가)
14:03:16  [NET] CIFSR 3회 소진 — 그러나 busy 거부였다. IP 소실로 세지 않는다
14:03:16  [NET] CIFSR 3회에도 IP 가 없다 → CWJAP 부터 다시
14:03:16  [LADDER] 실패(CWJAP FAIL) CWJAP소요 1235s · 연속 0회 · 결합유지 없음 · 현재 5단(254회 누적)
14:03:16  [LADDER] ⚠5단 미실행: 전원 재투입은 **부품 미보유로 미구현**이다
14:03:16  [LADDER]   필요 부품: 로우사이드 MOSFET 스위치(예: 2N7000/AO3400 + 10k)
14:03:16  [LADDER]   대신 4단 조치를 60초 백오프로 되풀이한다(종착역)
14:03:16  [AT] "AT+CIFSR" (8)
14:03:16  [AT] "busy p..." (9)
14:03:16  [NET] busy — ESP 가 앞 명령을 처리 중이다. 전진하지 않는다
14:03:16  [DIAG] offline step=3 사다리=5/254 rx=66309 lines=4443 up=2527s
14:03:18  [NET] 3 CIFSR (IP 를 실제로 받았는가)
14:03:18  [AT] "AT+CIFSR" (8)
14:03:18  [AT] "busy p..." (9)
14:03:18  [NET] busy — ESP 가 앞 명령을 처리 중이다. 전진하지 않는다
14:03:19  [NET] 3 CIFSR (IP 를 실제로 받았는가)
14:03:19  [AT] "AT+CIFSR" (8)
14:03:19  [AT] "busy p..." (9)
14:03:19  [NET] busy — ESP 가 앞 명령을 처리 중이다. 전진하지 않는다
14:03:19  [DIAG] offline step=3 사다리=5/254 rx=66353 lines=4447 up=2530s
14:03:21  [NET] 3 CIFSR (IP 를 실제로 받았는가)
14:03:21  [NET] CIFSR 3회 소진 — 그러나 busy 거부였다. IP 소실로 세지 않는다
14:03:21  [NET] CIFSR 3회에도 IP 가 없다 → CWJAP 부터 다시
14:03:21  [LADDER] 실패(CWJAP FAIL) CWJAP소요 1240s · 연속 0회 · 결합유지 없음 · 현재 5단(254회 누적)
14:03:21  [LADDER] ⚠5단 미실행: 전원 재투입은 **부품 미보유로 미구현**이다
14:03:21  [LADDER]   필요 부품: 로우사이드 MOSFET 스위치(예: 2N7000/AO3400 + 10k)
14:03:21  [LADDER]   대신 4단 조치를 60초 백오프로 되풀이한다(종착역)
14:03:21  [AT] "AT+CIFSR" (8)
14:03:21  [AT] "busy p..." (9)
14:03:21  [NET] busy — ESP 가 앞 명령을 처리 중이다. 전진하지 않는다
14:03:22  [NET] 3 CIFSR (IP 를 실제로 받았는가)
14:03:22  [AT] "AT+CIFSR" (8)
14:03:22  [AT] "busy p..." (9)
14:03:22  [NET] busy — ESP 가 앞 명령을 처리 중이다. 전진하지 않는다
14:03:22  [DIAG] offline step=3 사다리=5/254 rx=66397 lines=4451 up=2533s
14:03:24  [NET] 3 CIFSR (IP 를 실제로 받았는가)
14:03:24  [AT] "AT+CIFSR" (8)
14:03:24  [AT] "busy p..." (9)
14:03:24  [NET] busy — ESP 가 앞 명령을 처리 중이다. 전진하지 않는다
14:03:25  [DIAG] offline step=3 사다리=5/254 rx=66419 lines=4453 up=2536s
14:03:25  [NET] 3 CIFSR (IP 를 실제로 받았는가)
14:03:25  [NET] CIFSR 3회 소진 — 그러나 busy 거부였다. IP 소실로 세지 않는다
14:03:25  [NET] CIFSR 3회에도 IP 가 없다 → CWJAP 부터 다시
14:03:25  [LADDER] 실패(CWJAP FAIL) CWJAP소요 1244s · 연속 0회 · 결합유지 없음 · 현재 5단(254회 누적)
14:03:25  [LADDER] ⚠5단 미실행: 전원 재투입은 **부품 미보유로 미구현**이다
14:03:25  [LADDER]   필요 부품: 로우사이드 MOSFET 스위치(예: 2N7000/AO3400 + 10k)
14:03:25  [LADDER]   대신 4단 조치를 60초 백오프로 되풀이한다(종착역)
14:03:25  [AT] "AT+CIFSR" (8)
14:03:25  [AT] "busy p..." (9)
14:03:25  [NET] busy — ESP 가 앞 명령을 처리 중이다. 전진하지 않는다
14:03:27  [NET] 3 CIFSR (IP 를 실제로 받았는가)
14:03:27  [AT] "AT+CIFSR" (8)
14:03:27  [AT] "busy p..." (9)
14:03:27  [NET] busy — ESP 가 앞 명령을 처리 중이다. 전진하지 않는다
14:03:28  [DIAG] offline step=3 사다리=5/254 rx=66463 lines=4457 up=2539s
14:03:28  [NET] 3 CIFSR (IP 를 실제로 받았는가)
14:03:28  [AT] "AT+CIFSR" (8)
14:03:28  [AT] "busy p..." (9)
14:03:28  [NET] busy — ESP 가 앞 명령을 처리 중이다. 전진하지 않는다
14:03:30  [NET] 3 CIFSR (IP 를 실제로 받았는가)
14:03:30  [NET] CIFSR 3회 소진 — 그러나 busy 거부였다. IP 소실로 세지 않는다
14:03:30  [NET] CIFSR 3회에도 IP 가 없다 → CWJAP 부터 다시
14:03:30  [LADDER] 실패(CWJAP FAIL) CWJAP소요 1249s · 연속 0회 · 결합유지 없음 · 현재 5단(254회 누적)
14:03:30  [LADDER] ⚠5단 미실행: 전원 재투입은 **부품 미보유로 미구현**이다
14:03:30  [LADDER]   필요 부품: 로우사이드 MOSFET 스위치(예: 2N7000/AO3400 + 10k)
14:03:30  [LADDER]   대신 4단 조치를 60초 백오프로 되풀이한다(종착역)
14:03:30  [AT] "AT+CIFSR" (8)
14:03:30  [AT] "busy p..." (9)
14:03:30  [NET] busy — ESP 가 앞 명령을 처리 중이다. 전진하지 않는다
14:03:31  [DIAG] offline step=3 사다리=5/254 rx=66507 lines=4461 up=2542s
14:03:32  [NET] 3 CIFSR (IP 를 실제로 받았는가)
14:03:32  [AT] "AT+CIFSR" (8)
14:03:32  [AT] "busy p..." (9)
14:03:32  [NET] busy — ESP 가 앞 명령을 처리 중이다. 전진하지 않는다
14:03:33  [NET] 3 CIFSR (IP 를 실제로 받았는가)
14:03:33  [AT] "AT+CIFSR" (8)
14:03:33  [AT] "busy p..." (9)
14:03:33  [NET] busy — ESP 가 앞 명령을 처리 중이다. 전진하지 않는다
14:03:34  [DIAG] offline step=3 사다리=5/254 rx=66551 lines=4465 up=2545s
14:03:35  [NET] 3 CIFSR (IP 를 실제로 받았는가)
14:03:35  [NET] CIFSR 3회 소진 — 그러나 busy 거부였다. IP 소실로 세지 않는다
14:03:35  [NET] CIFSR 3회에도 IP 가 없다 → CWJAP 부터 다시
14:03:35  [LADDER] 실패(CWJAP FAIL) CWJAP소요 1254s · 연속 0회 · 결합유지 없음 · 현재 5단(254회 누적)
14:03:35  [LADDER] ⚠5단 미실행: 전원 재투입은 **부품 미보유로 미구현**이다
14:03:35  [LADDER]   필요 부품: 로우사이드 MOSFET 스위치(예: 2N7000/AO3400 + 10k)
14:03:35  [LADDER]   대신 4단 조치를 60초 백오프로 되풀이한다(종착역)
14:03:35  [AT] "AT+CIFSR" (8)
14:03:35  [AT] "busy p..." (9)
14:03:35  [NET] busy — ESP 가 앞 명령을 처리 중이다. 전진하지 않는다
14:03:36  [NET] 3 CIFSR (IP 를 실제로 받았는가)
14:03:36  [AT] "AT+CIFSR" (8)
14:03:36  [AT] "busy p..." (9)
14:03:36  [NET] busy — ESP 가 앞 명령을 처리 중이다. 전진하지 않는다
14:03:37  [DIAG] offline step=3 사다리=5/254 rx=66595 lines=4469 up=2548s
14:03:38  [NET] 3 CIFSR (IP 를 실제로 받았는가)
14:03:38  [AT] "AT+CIFSR" (8)
14:03:38  [AT] "busy p..." (9)
14:03:38  [NET] busy — ESP 가 앞 명령을 처리 중이다. 전진하지 않는다
14:03:39  [NET] 3 CIFSR (IP 를 실제로 받았는가)
14:03:39  [NET] CIFSR 3회 소진 — 그러나 busy 거부였다. IP 소실로 세지 않는다
14:03:39  [NET] CIFSR 3회에도 IP 가 없다 → CWJAP 부터 다시
14:03:39  [LADDER] 실패(CWJAP FAIL) CWJAP소요 1258s · 연속 0회 · 결합유지 없음 · 현재 5단(254회 누적)
14:03:39  [LADDER] ⚠5단 미실행: 전원 재투입은 **부품 미보유로 미구현**이다
14:03:39  [LADDER]   필요 부품: 로우사이드 MOSFET 스위치(예: 2N7000/AO3400 + 10k)
14:03:39  [LADDER]   대신 4단 조치를 60초 백오프로 되풀이한다(종착역)
14:03:39  [AT] "AT+CIFSR" (8)
14:03:39  [AT] "busy p..." (9)
14:03:39  [NET] busy — ESP 가 앞 명령을 처리 중이다. 전진하지 않는다
14:03:40  [DIAG] offline step=3 사다리=5/254 rx=66639 lines=4473 up=2551s
14:03:41  [NET] 3 CIFSR (IP 를 실제로 받았는가)
14:03:41  [AT] "AT+CIFSR" (8)
14:03:41  [AT] "busy p..." (9)
14:03:41  [NET] busy — ESP 가 앞 명령을 처리 중이다. 전진하지 않는다
14:03:42  [NET] 3 CIFSR (IP 를 실제로 받았는가)
14:03:42  [AT] "AT+CIFSR" (8)
14:03:42  [AT] "busy p..." (9)
14:03:42  [NET] busy — ESP 가 앞 명령을 처리 중이다. 전진하지 않는다
14:03:43  [DIAG] offline step=3 사다리=5/254 rx=66683 lines=4477 up=2554s
14:03:44  [NET] 3 CIFSR (IP 를 실제로 받았는가)
14:03:44  [NET] CIFSR 3회 소진 — 그러나 busy 거부였다. IP 소실로 세지 않는다
14:03:44  [NET] CIFSR 3회에도 IP 가 없다 → CWJAP 부터 다시
14:03:44  [LADDER] 실패(CWJAP FAIL) CWJAP소요 1263s · 연속 0회 · 결합유지 없음 · 현재 5단(254회 누적)
14:03:44  [LADDER] ⚠5단 미실행: 전원 재투입은 **부품 미보유로 미구현**이다
14:03:44  [LADDER]   필요 부품: 로우사이드 MOSFET 스위치(예: 2N7000/AO3400 + 10k)
14:03:44  [LADDER]   대신 4단 조치를 60초 백오프로 되풀이한다(종착역)
14:03:44  [AT] "AT+CIFSR" (8)
14:03:44  [AT] "busy p..." (9)
14:03:44  [NET] busy — ESP 가 앞 명령을 처리 중이다. 전진하지 않는다
14:03:46  [NET] 3 CIFSR (IP 를 실제로 받았는가)
14:03:46  [AT] "AT+CIFSR" (8)
14:03:46  [AT] "busy p..." (9)
14:03:46  [NET] busy — ESP 가 앞 명령을 처리 중이다. 전진하지 않는다
14:03:46  [DIAG] offline step=3 사다리=5/254 rx=66727 lines=4481 up=2557s
14:03:47  [NET] 3 CIFSR (IP 를 실제로 받았는가)
14:03:47  [AT] "AT+CIFSR" (8)
14:03:47  [AT] "busy p..." (9)
14:03:47  [NET] busy — ESP 가 앞 명령을 처리 중이다. 전진하지 않는다
14:03:49  [NET] 3 CIFSR (IP 를 실제로 받았는가)
14:03:49  [NET] CIFSR 3회 소진 — 그러나 busy 거부였다. IP 소실로 세지 않는다
14:03:49  [NET] CIFSR 3회에도 IP 가 없다 → CWJAP 부터 다시
14:03:49  [LADDER] 실패(CWJAP FAIL) CWJAP소요 1268s · 연속 0회 · 결합유지 없음 · 현재 5단(254회 누적)
14:03:49  [LADDER] ⚠5단 미실행: 전원 재투입은 **부품 미보유로 미구현**이다
14:03:49  [LADDER]   필요 부품: 로우사이드 MOSFET 스위치(예: 2N7000/AO3400 + 10k)
14:03:49  [LADDER]   대신 4단 조치를 60초 백오프로 되풀이한다(종착역)
14:03:49  [AT] "AT+CIFSR" (8)
14:03:49  [AT] "busy p..." (9)
14:03:49  [NET] busy — ESP 가 앞 명령을 처리 중이다. 전진하지 않는다
14:03:49  [DIAG] offline step=3 사다리=5/254 rx=66771 lines=4485 up=2560s
14:03:50  [NET] 3 CIFSR (IP 를 실제로 받았는가)
14:03:50  [AT] "AT+CIFSR" (8)
14:03:50  [AT] "busy p..." (9)
14:03:50  [NET] busy — ESP 가 앞 명령을 처리 중이다. 전진하지 않는다
14:03:52  [NET] 3 CIFSR (IP 를 실제로 받았는가)
14:03:52  [AT] "AT+CIFSR" (8)
14:03:52  [AT] "busy p..." (9)
14:03:52  [NET] busy — ESP 가 앞 명령을 처리 중이다. 전진하지 않는다
14:03:52  [DIAG] offline step=3 사다리=5/254 rx=66815 lines=4489 up=2563s
14:03:54  [NET] 3 CIFSR (IP 를 실제로 받았는가)
14:03:54  [NET] CIFSR 3회 소진 — 그러나 busy 거부였다. IP 소실로 세지 않는다
14:03:54  [NET] CIFSR 3회에도 IP 가 없다 → CWJAP 부터 다시
14:03:54  [LADDER] 실패(CWJAP FAIL) CWJAP소요 1272s · 연속 0회 · 결합유지 없음 · 현재 5단(254회 누적)
14:03:54  [LADDER] ⚠5단 미실행: 전원 재투입은 **부품 미보유로 미구현**이다
14:03:54  [LADDER]   필요 부품: 로우사이드 MOSFET 스위치(예: 2N7000/AO3400 + 10k)
14:03:54  [LADDER]   대신 4단 조치를 60초 백오프로 되풀이한다(종착역)
14:03:54  [AT] "AT+CIFSR" (8)
14:03:54  [AT] "busy p..." (9)
14:03:54  [NET] busy — ESP 가 앞 명령을 처리 중이다. 전진하지 않는다
14:03:56  [NET] 3 CIFSR (IP 를 실제로 받았는가)
14:03:56  [AT] "AT+CIFSR" (8)
14:03:56  [AT] "busy p..." (9)
14:03:56  [NET] busy — ESP 가 앞 명령을 처리 중이다. 전진하지 않는다
14:03:56  [DIAG] offline step=3 사다리=5/254 rx=66859 lines=4493 up=2566s
14:03:57  [NET] 3 CIFSR (IP 를 실제로 받았는가)
14:03:57  [AT] "AT+CIFSR" (8)
14:03:57  [AT] "busy p..." (9)
14:03:57  [NET] busy — ESP 가 앞 명령을 처리 중이다. 전진하지 않는다
14:03:59  [NET] 3 CIFSR (IP 를 실제로 받았는가)
14:03:59  [NET] CIFSR 3회 소진 — 그러나 busy 거부였다. IP 소실로 세지 않는다
14:03:59  [NET] CIFSR 3회에도 IP 가 없다 → CWJAP 부터 다시
14:03:59  [LADDER] 실패(CWJAP FAIL) CWJAP소요 1277s · 연속 0회 · 결합유지 없음 · 현재 5단(254회 누적)
14:03:59  [LADDER] ⚠5단 미실행: 전원 재투입은 **부품 미보유로 미구현**이다
14:03:59  [LADDER]   필요 부품: 로우사이드 MOSFET 스위치(예: 2N7000/AO3400 + 10k)
14:03:59  [LADDER]   대신 4단 조치를 60초 백오프로 되풀이한다(종착역)
14:03:59  [AT] "AT+CIFSR" (8)
14:03:59  [AT] "busy p..." (9)
14:03:59  [NET] busy — ESP 가 앞 명령을 처리 중이다. 전진하지 않는다
14:03:59  [DIAG] offline step=3 사다리=5/254 rx=66903 lines=4497 up=2569s
14:04:00  [NET] 3 CIFSR (IP 를 실제로 받았는가)
14:04:00  [AT] "AT+CIFSR" (8)
14:04:00  [AT] "busy p..." (9)
14:04:00  [NET] busy — ESP 가 앞 명령을 처리 중이다. 전진하지 않는다
14:04:02  [NET] 3 CIFSR (IP 를 실제로 받았는가)
14:04:02  [AT] "AT+CIFSR" (8)
14:04:02  [AT] "busy p..." (9)
14:04:02  [NET] busy — ESP 가 앞 명령을 처리 중이다. 전진하지 않는다
14:04:02  [DIAG] offline step=3 사다리=5/254 rx=66947 lines=4501 up=2572s
14:04:04  [NET] 3 CIFSR (IP 를 실제로 받았는가)
14:04:04  [NET] CIFSR 3회 소진 — 그러나 busy 거부였다. IP 소실로 세지 않는다
14:04:04  [NET] CIFSR 3회에도 IP 가 없다 → CWJAP 부터 다시
14:04:04  [LADDER] 실패(CWJAP FAIL) CWJAP소요 1282s · 연속 0회 · 결합유지 없음 · 현재 5단(254회 누적)
14:04:04  [LADDER] ⚠5단 미실행: 전원 재투입은 **부품 미보유로 미구현**이다
14:04:04  [LADDER]   필요 부품: 로우사이드 MOSFET 스위치(예: 2N7000/AO3400 + 10k)
14:04:04  [LADDER]   대신 4단 조치를 60초 백오프로 되풀이한다(종착역)
14:04:04  [AT] "AT+CIFSR" (8)
14:04:04  [AT] "busy p..." (9)
14:04:04  [NET] busy — ESP 가 앞 명령을 처리 중이다. 전진하지 않는다
14:04:05  [NET] 3 CIFSR (IP 를 실제로 받았는가)
14:04:05  [AT] "AT+CIFSR" (8)
14:04:05  [AT] "busy p..." (9)
14:04:05  [NET] busy — ESP 가 앞 명령을 처리 중이다. 전진하지 않는다
14:04:05  [DIAG] offline step=3 사다리=5/254 rx=66991 lines=4505 up=2575s
14:04:07  [NET] 3 CIFSR (IP 를 실제로 받았는가)
14:04:07  [AT] "AT+CIFSR" (8)
14:04:07  [AT] "busy p..." (9)
14:04:07  [NET] busy — ESP 가 앞 명령을 처리 중이다. 전진하지 않는다
14:04:08  [NET] 3 CIFSR (IP 를 실제로 받았는가)
14:04:08  [NET] CIFSR 3회 소진 — 그러나 busy 거부였다. IP 소실로 세지 않는다
14:04:08  [NET] CIFSR 3회에도 IP 가 없다 → CWJAP 부터 다시
14:04:08  [LADDER] 실패(CWJAP FAIL) CWJAP소요 1286s · 연속 0회 · 결합유지 없음 · 현재 5단(254회 누적)
14:04:08  [LADDER] ⚠5단 미실행: 전원 재투입은 **부품 미보유로 미구현**이다
14:04:08  [LADDER]   필요 부품: 로우사이드 MOSFET 스위치(예: 2N7000/AO3400 + 10k)
14:04:08  [LADDER]   대신 4단 조치를 60초 백오프로 되풀이한다(종착역)
14:04:08  [AT] "AT+CIFSR" (8)
14:04:08  [AT] "busy p..." (9)
14:04:08  [NET] busy — ESP 가 앞 명령을 처리 중이다. 전진하지 않는다
14:04:08  [DIAG] offline step=3 사다리=5/254 rx=67035 lines=4509 up=2578s
14:04:10  [NET] 3 CIFSR (IP 를 실제로 받았는가)
14:04:10  [AT] "AT+CIFSR" (8)
14:04:10  [AT] "busy p..." (9)
14:04:10  [NET] busy — ESP 가 앞 명령을 처리 중이다. 전진하지 않는다
14:04:10  [CNT] up=2580 drop=1 esprst=9 resync=0 sendfail=0 okto=5 stuck=1 ackq=0 ackdrop=0 ackstale=0 slot=2150 oow=0 smiss=6 ssovf=0 cksumng=0 okstream=906 penddrop=0 pendfill=908 bigfill=7 bigdrop=0 bigokst=6 oklost=0 bigoklost=0 skip=34 online=0
14:04:10  [RAM] 최저 여유 617 B · 프롬프트 재동기 0회 (서버의 '버린줄' 과 맞아야 한다)
14:04:11  [DIAG] offline step=3 사다리=5/254 rx=67057 lines=4511 up=2581s
14:04:11  [NET] 3 CIFSR (IP 를 실제로 받았는가)
14:04:11  [AT] "AT+CIFSR" (8)
14:04:11  [AT] "busy p..." (9)
14:04:11  [NET] busy — ESP 가 앞 명령을 처리 중이다. 전진하지 않는다
14:04:13  «tap» 살아있음 — 최근 60초 rx=14366B (이 줄이 끊기면 탭이 죽은 것이다)
14:04:13  [NET] 3 CIFSR (IP 를 실제로 받았는가)
14:04:13  [NET] CIFSR 3회 소진 — 그러나 busy 거부였다. IP 소실로 세지 않는다
14:04:13  [NET] CIFSR 3회에도 IP 가 없다 → CWJAP 부터 다시
14:04:13  [LADDER] 실패(CWJAP FAIL) CWJAP소요 1291s · 연속 0회 · 결합유지 없음 · 현재 5단(254회 누적)
14:04:13  [LADDER] ⚠5단 미실행: 전원 재투입은 **부품 미보유로 미구현**이다
14:04:13  [LADDER]   필요 부품: 로우사이드 MOSFET 스위치(예: 2N7000/AO3400 + 10k)
14:04:13  [LADDER]   대신 4단 조치를 60초 백오프로 되풀이한다(종착역)
14:04:13  [AT] "AT+CIFSR" (8)
14:04:13  [AT] "busy p..." (9)
14:04:13  [NET] busy — ESP 가 앞 명령을 처리 중이다. 전진하지 않는다
14:04:14  [DIAG] offline step=3 사다리=5/254 rx=67101 lines=4515 up=2584s
14:04:14  [NET] 3 CIFSR (IP 를 실제로 받았는가)
14:04:14  [AT] "AT+CIFSR" (8)
14:04:14  [AT] "busy p..." (9)
14:04:14  [NET] busy — ESP 가 앞 명령을 처리 중이다. 전진하지 않는다
14:04:16  [NET] 3 CIFSR (IP 를 실제로 받았는가)
14:04:16  [AT] "AT+CIFSR" (8)
14:04:16  [AT] "busy p..." (9)
14:04:16  [NET] busy — ESP 가 앞 명령을 처리 중이다. 전진하지 않는다
14:04:17  [DIAG] offline step=3 사다리=5/254 rx=67145 lines=4519 up=2587s
14:04:18  [NET] 3 CIFSR (IP 를 실제로 받았는가)
14:04:18  [NET] CIFSR 3회 소진 — 그러나 busy 거부였다. IP 소실로 세지 않는다
14:04:18  [NET] CIFSR 3회에도 IP 가 없다 → CWJAP 부터 다시
14:04:18  [LADDER] 실패(CWJAP FAIL) CWJAP소요 1296s · 연속 0회 · 결합유지 없음 · 현재 5단(254회 누적)
14:04:18  [LADDER] ⚠5단 미실행: 전원 재투입은 **부품 미보유로 미구현**이다
14:04:18  [LADDER]   필요 부품: 로우사이드 MOSFET 스위치(예: 2N7000/AO3400 + 10k)
14:04:18  [LADDER]   대신 4단 조치를 60초 백오프로 되풀이한다(종착역)
14:04:18  [AT] "AT+CIFSR" (8)
14:04:18  [AT] "busy p..." (9)
14:04:18  [NET] busy — ESP 가 앞 명령을 처리 중이다. 전진하지 않는다
14:04:19  [NET] 3 CIFSR (IP 를 실제로 받았는가)
14:04:19  [AT] "AT+CIFSR" (8)
14:04:19  [AT] "busy p..." (9)
14:04:19  [NET] busy — ESP 가 앞 명령을 처리 중이다. 전진하지 않는다
14:04:20  [DIAG] offline step=3 사다리=5/254 rx=67189 lines=4523 up=2590s
14:04:21  [NET] 3 CIFSR (IP 를 실제로 받았는가)
14:04:21  [AT] "AT+CIFSR" (8)
14:04:21  [AT] "busy p..." (9)
14:04:21  [NET] busy — ESP 가 앞 명령을 처리 중이다. 전진하지 않는다
14:04:22  [NET] 3 CIFSR (IP 를 실제로 받았는가)
14:04:22  [NET] CIFSR 3회 소진 — 그러나 busy 거부였다. IP 소실로 세지 않는다
14:04:22  [NET] CIFSR 3회에도 IP 가 없다 → CWJAP 부터 다시
14:04:22  [LADDER] 실패(CWJAP FAIL) CWJAP소요 1300s · 연속 0회 · 결합유지 없음 · 현재 5단(254회 누적)
14:04:22  [LADDER] ⚠5단 미실행: 전원 재투입은 **부품 미보유로 미구현**이다
14:04:22  [LADDER]   필요 부품: 로우사이드 MOSFET 스위치(예: 2N7000/AO3400 + 10k)
14:04:22  [LADDER]   대신 4단 조치를 60초 백오프로 되풀이한다(종착역)
14:04:22  [AT] "AT+CIFSR" (8)
14:04:22  [AT] "busy p..." (9)
14:04:22  [NET] busy — ESP 가 앞 명령을 처리 중이다. 전진하지 않는다
14:04:23  [DIAG] offline step=3 사다리=5/254 rx=67233 lines=4527 up=2593s
14:04:24  [NET] 3 CIFSR (IP 를 실제로 받았는가)
14:04:24  [AT] "AT+CIFSR" (8)
14:04:24  [AT] "busy p..." (9)
14:04:24  [NET] busy — ESP 가 앞 명령을 처리 중이다. 전진하지 않는다
14:04:25  [NET] 3 CIFSR (IP 를 실제로 받았는가)
14:04:25  [AT] "AT+CIFSR" (8)
14:04:25  [AT] "busy p..." (9)
14:04:25  [NET] busy — ESP 가 앞 명령을 처리 중이다. 전진하지 않는다
14:04:26  [DIAG] offline step=3 사다리=5/254 rx=67277 lines=4531 up=2596s
14:04:27  [NET] 3 CIFSR (IP 를 실제로 받았는가)
14:04:27  [NET] CIFSR 3회 소진 — 그러나 busy 거부였다. IP 소실로 세지 않는다
14:04:27  [NET] CIFSR 3회에도 IP 가 없다 → CWJAP 부터 다시
14:04:27  [LADDER] 실패(CWJAP FAIL) CWJAP소요 1305s · 연속 0회 · 결합유지 없음 · 현재 5단(254회 누적)
14:04:27  [LADDER] ⚠5단 미실행: 전원 재투입은 **부품 미보유로 미구현**이다
14:04:27  [LADDER]   필요 부품: 로우사이드 MOSFET 스위치(예: 2N7000/AO3400 + 10k)
14:04:27  [LADDER]   대신 4단 조치를 60초 백오프로 되풀이한다(종착역)
14:04:27  [AT] "AT+CIFSR" (8)
14:04:27  [AT] "busy p..." (9)
14:04:27  [NET] busy — ESP 가 앞 명령을 처리 중이다. 전진하지 않는다
14:04:28  [NET] 3 CIFSR (IP 를 실제로 받았는가)
14:04:28  [AT] "AT+CIFSR" (8)
14:04:28  [AT] "busy p..." (9)
14:04:28  [NET] busy — ESP 가 앞 명령을 처리 중이다. 전진하지 않는다
14:04:29  [DIAG] offline step=3 사다리=5/254 rx=67321 lines=4535 up=2599s
14:04:30  [NET] 3 CIFSR (IP 를 실제로 받았는가)
14:04:30  [AT] "AT+CIFSR" (8)
14:04:30  [AT] "busy p..." (9)
14:04:30  [NET] busy — ESP 가 앞 명령을 처리 중이다. 전진하지 않는다
14:04:31  [NET] 3 CIFSR (IP 를 실제로 받았는가)
14:04:31  [NET] CIFSR 3회 소진 — 그러나 busy 거부였다. IP 소실로 세지 않는다
14:04:31  [NET] CIFSR 3회에도 IP 가 없다 → CWJAP 부터 다시
14:04:31  [LADDER] 실패(CWJAP FAIL) CWJAP소요 1310s · 연속 0회 · 결합유지 없음 · 현재 5단(254회 누적)
14:04:31  [LADDER] ⚠5단 미실행: 전원 재투입은 **부품 미보유로 미구현**이다
14:04:31  [LADDER]   필요 부품: 로우사이드 MOSFET 스위치(예: 2N7000/AO3400 + 10k)
14:04:32  [LADDER]   대신 4단 조치를 60초 백오프로 되풀이한다(종착역)
14:04:32  [AT] "AT+CIFSR" (8)
14:04:32  [AT] "busy p..." (9)
14:04:32  [NET] busy — ESP 가 앞 명령을 처리 중이다. 전진하지 않는다
14:04:32  [DIAG] offline step=3 사다리=5/254 rx=67365 lines=4539 up=2602s
14:04:33  [NET] 3 CIFSR (IP 를 실제로 받았는가)
14:04:33  [AT] "AT+CIFSR" (8)
14:04:33  [AT] "busy p..." (9)
14:04:33  [NET] busy — ESP 가 앞 명령을 처리 중이다. 전진하지 않는다
14:04:35  [NET] 3 CIFSR (IP 를 실제로 받았는가)
14:04:35  [AT] "AT+CIFSR" (8)
14:04:35  [AT] "busy p..." (9)
14:04:35  [NET] busy — ESP 가 앞 명령을 처리 중이다. 전진하지 않는다
14:04:35  [DIAG] offline step=3 사다리=5/254 rx=67409 lines=4543 up=2605s
14:04:36  [NET] 3 CIFSR (IP 를 실제로 받았는가)
14:04:36  [NET] CIFSR 3회 소진 — 그러나 busy 거부였다. IP 소실로 세지 않는다
14:04:36  [NET] CIFSR 3회에도 IP 가 없다 → CWJAP 부터 다시
14:04:36  [LADDER] 실패(CWJAP FAIL) CWJAP소요 1314s · 연속 0회 · 결합유지 없음 · 현재 5단(254회 누적)
14:04:36  [LADDER] ⚠5단 미실행: 전원 재투입은 **부품 미보유로 미구현**이다
14:04:36  [LADDER]   필요 부품: 로우사이드 MOSFET 스위치(예: 2N7000/AO3400 + 10k)
14:04:36  [LADDER]   대신 4단 조치를 60초 백오프로 되풀이한다(종착역)
14:04:36  [AT] "AT+CIFSR" (8)
14:04:36  [AT] "busy p..." (9)
14:04:36  [NET] busy — ESP 가 앞 명령을 처리 중이다. 전진하지 않는다
14:04:38  [NET] 3 CIFSR (IP 를 실제로 받았는가)
14:04:38  [AT] "AT+CIFSR" (8)
14:04:38  [AT] "busy p..." (9)
14:04:38  [NET] busy — ESP 가 앞 명령을 처리 중이다. 전진하지 않는다
14:04:38  [DIAG] offline step=3 사다리=5/254 rx=67453 lines=4547 up=2608s
14:04:39  [NET] 3 CIFSR (IP 를 실제로 받았는가)
14:04:39  [AT] "AT+CIFSR" (8)
14:04:39  [AT] "busy p..." (9)
14:04:39  [NET] busy — ESP 가 앞 명령을 처리 중이다. 전진하지 않는다
14:04:41  [NET] 3 CIFSR (IP 를 실제로 받았는가)
14:04:41  [NET] CIFSR 3회 소진 — 그러나 busy 거부였다. IP 소실로 세지 않는다
14:04:41  [NET] CIFSR 3회에도 IP 가 없다 → CWJAP 부터 다시
14:04:41  [LADDER] 실패(CWJAP FAIL) CWJAP소요 1319s · 연속 0회 · 결합유지 없음 · 현재 5단(254회 누적)
14:04:41  [LADDER] ⚠5단 미실행: 전원 재투입은 **부품 미보유로 미구현**이다
14:04:41  [LADDER]   필요 부품: 로우사이드 MOSFET 스위치(예: 2N7000/AO3400 + 10k)
14:04:41  [LADDER]   대신 4단 조치를 60초 백오프로 되풀이한다(종착역)
14:04:41  [AT] "AT+CIFSR" (8)
14:04:41  [AT] "busy p..." (9)
14:04:41  [NET] busy — ESP 가 앞 명령을 처리 중이다. 전진하지 않는다
14:04:41  [DIAG] offline step=3 사다리=5/254 rx=67497 lines=4551 up=2611s
14:04:42  [NET] 3 CIFSR (IP 를 실제로 받았는가)
14:04:42  [AT] "AT+CIFSR" (8)
14:04:42  [AT] "busy p..." (9)
14:04:42  [NET] busy — ESP 가 앞 명령을 처리 중이다. 전진하지 않는다
14:04:44  [NET] 3 CIFSR (IP 를 실제로 받았는가)
14:04:44  [AT] "AT+CIFSR" (8)
14:04:44  [AT] "busy p..." (9)
14:04:44  [NET] busy — ESP 가 앞 명령을 처리 중이다. 전진하지 않는다
14:04:44  [DIAG] offline step=3 사다리=5/254 rx=67541 lines=4555 up=2614s
14:04:45  [NET] 3 CIFSR (IP 를 실제로 받았는가)
14:04:45  [NET] CIFSR 3회 소진 — 그러나 busy 거부였다. IP 소실로 세지 않는다
14:04:45  [NET] CIFSR 3회에도 IP 가 없다 → CWJAP 부터 다시
14:04:45  [LADDER] 실패(CWJAP FAIL) CWJAP소요 1324s · 연속 0회 · 결합유지 없음 · 현재 5단(254회 누적)
14:04:45  [LADDER] ⚠5단 미실행: 전원 재투입은 **부품 미보유로 미구현**이다
14:04:45  [LADDER]   필요 부품: 로우사이드 MOSFET 스위치(예: 2N7000/AO3400 + 10k)
14:04:45  [LADDER]   대신 4단 조치를 60초 백오프로 되풀이한다(종착역)
14:04:45  [AT] "AT+CIFSR" (8)
14:04:45  [AT] "busy p..." (9)
14:04:45  [NET] busy — ESP 가 앞 명령을 처리 중이다. 전진하지 않는다
14:04:47  [NET] 3 CIFSR (IP 를 실제로 받았는가)
14:04:47  [AT] "AT+CIFSR" (8)
14:04:47  [AT] "busy p..." (9)
14:04:47  [NET] busy — ESP 가 앞 명령을 처리 중이다. 전진하지 않는다
14:04:47  [DIAG] offline step=3 사다리=5/254 rx=67585 lines=4559 up=2617s
14:04:49  [NET] 3 CIFSR (IP 를 실제로 받았는가)
14:04:49  [AT] "AT+CIFSR" (8)
14:04:49  [AT] "busy p..." (9)
14:04:49  [NET] busy — ESP 가 앞 명령을 처리 중이다. 전진하지 않는다
14:04:50  [NET] 3 CIFSR (IP 를 실제로 받았는가)
14:04:50  [NET] CIFSR 3회 소진 — 그러나 busy 거부였다. IP 소실로 세지 않는다
14:04:50  [NET] CIFSR 3회에도 IP 가 없다 → CWJAP 부터 다시
14:04:50  [LADDER] 실패(CWJAP FAIL) CWJAP소요 1328s · 연속 0회 · 결합유지 없음 · 현재 5단(254회 누적)
14:04:50  [LADDER] ⚠5단 미실행: 전원 재투입은 **부품 미보유로 미구현**이다
14:04:50  [LADDER]   필요 부품: 로우사이드 MOSFET 스위치(예: 2N7000/AO3400 + 10k)
14:04:50  [LADDER]   대신 4단 조치를 60초 백오프로 되풀이한다(종착역)
14:04:50  [AT] "AT+CIFSR" (8)
14:04:50  [AT] "busy p..." (9)
14:04:50  [NET] busy — ESP 가 앞 명령을 처리 중이다. 전진하지 않는다
14:04:50  [DIAG] offline step=3 사다리=5/254 rx=67629 lines=4563 up=2620s
14:04:52  [NET] 3 CIFSR (IP 를 실제로 받았는가)
14:04:52  [AT] "AT+CIFSR" (8)
14:04:52  [AT] "busy p..." (9)
14:04:52  [NET] busy — ESP 가 앞 명령을 처리 중이다. 전진하지 않는다
14:04:53  [NET] 3 CIFSR (IP 를 실제로 받았는가)
14:04:53  [AT] "AT+CIFSR" (8)
14:04:53  [AT] "busy p..." (9)
14:04:53  [NET] busy — ESP 가 앞 명령을 처리 중이다. 전진하지 않는다
14:04:53  [DIAG] offline step=3 사다리=5/254 rx=67673 lines=4567 up=2623s
14:04:55  [NET] 3 CIFSR (IP 를 실제로 받았는가)
14:04:55  [NET] CIFSR 3회 소진 — 그러나 busy 거부였다. IP 소실로 세지 않는다
14:04:55  [NET] CIFSR 3회에도 IP 가 없다 → CWJAP 부터 다시
14:04:55  [LADDER] 실패(CWJAP FAIL) CWJAP소요 1333s · 연속 0회 · 결합유지 없음 · 현재 5단(254회 누적)
14:04:55  [LADDER] ⚠5단 미실행: 전원 재투입은 **부품 미보유로 미구현**이다
14:04:55  [LADDER]   필요 부품: 로우사이드 MOSFET 스위치(예: 2N7000/AO3400 + 10k)
14:04:55  [LADDER]   대신 4단 조치를 60초 백오프로 되풀이한다(종착역)
14:04:55  [AT] "AT+CIFSR" (8)
14:04:55  [AT] "busy p..." (9)
14:04:55  [NET] busy — ESP 가 앞 명령을 처리 중이다. 전진하지 않는다
14:04:56  [DIAG] offline step=3 사다리=5/254 rx=67695 lines=4569 up=2626s
14:04:56  [NET] 3 CIFSR (IP 를 실제로 받았는가)
14:04:56  [AT] "AT+CIFSR" (8)
14:04:56  [AT] "busy p..." (9)
14:04:56  [NET] busy — ESP 가 앞 명령을 처리 중이다. 전진하지 않는다
14:04:58  [NET] 3 CIFSR (IP 를 실제로 받았는가)
14:04:58  [AT] "AT+CIFSR" (8)
14:04:58  [AT] "busy p..." (9)
14:04:58  [NET] busy — ESP 가 앞 명령을 처리 중이다. 전진하지 않는다
14:04:59  [DIAG] offline step=3 사다리=5/254 rx=67739 lines=4573 up=2629s
14:04:59  [NET] 3 CIFSR (IP 를 실제로 받았는가)
14:04:59  [NET] CIFSR 3회 소진 — 그러나 busy 거부였다. IP 소실로 세지 않는다
14:04:59  [NET] CIFSR 3회에도 IP 가 없다 → CWJAP 부터 다시
14:04:59  [LADDER] 실패(CWJAP FAIL) CWJAP소요 1338s · 연속 0회 · 결합유지 없음 · 현재 5단(254회 누적)
14:04:59  [LADDER] ⚠5단 미실행: 전원 재투입은 **부품 미보유로 미구현**이다
14:04:59  [LADDER]   필요 부품: 로우사이드 MOSFET 스위치(예: 2N7000/AO3400 + 10k)
14:04:59  [LADDER]   대신 4단 조치를 60초 백오프로 되풀이한다(종착역)
14:04:59  [AT] "AT+CIFSR" (8)
14:04:59  [AT] "busy p..." (9)
14:04:59  [NET] busy — ESP 가 앞 명령을 처리 중이다. 전진하지 않는다
14:05:01  [NET] 3 CIFSR (IP 를 실제로 받았는가)
14:05:01  [AT] "AT+CIFSR" (8)
14:05:01  [AT] "busy p..." (9)
14:05:01  [NET] busy — ESP 가 앞 명령을 처리 중이다. 전진하지 않는다
14:05:02  [DIAG] offline step=3 사다리=5/254 rx=67783 lines=4577 up=2632s
14:05:03  [NET] 3 CIFSR (IP 를 실제로 받았는가)
14:05:03  [AT] "AT+CIFSR" (8)
14:05:03  [AT] "busy p..." (9)
14:05:03  [NET] busy — ESP 가 앞 명령을 처리 중이다. 전진하지 않는다
14:05:04  [NET] 3 CIFSR (IP 를 실제로 받았는가)
14:05:04  [NET] CIFSR 3회 소진 — 그러나 busy 거부였다. IP 소실로 세지 않는다
14:05:04  [NET] CIFSR 3회에도 IP 가 없다 → CWJAP 부터 다시
14:05:04  [LADDER] 실패(CWJAP FAIL) CWJAP소요 1342s · 연속 0회 · 결합유지 없음 · 현재 5단(254회 누적)
14:05:04  [LADDER] ⚠5단 미실행: 전원 재투입은 **부품 미보유로 미구현**이다
14:05:04  [LADDER]   필요 부품: 로우사이드 MOSFET 스위치(예: 2N7000/AO3400 + 10k)
14:05:04  [LADDER]   대신 4단 조치를 60초 백오프로 되풀이한다(종착역)
14:05:04  [AT] "AT+CIFSR" (8)
14:05:04  [AT] "busy p..." (9)
14:05:04  [NET] busy — ESP 가 앞 명령을 처리 중이다. 전진하지 않는다
14:05:05  [DIAG] offline step=3 사다리=5/254 rx=67827 lines=4581 up=2635s
14:05:06  [NET] 3 CIFSR (IP 를 실제로 받았는가)
14:05:06  [AT] "AT+CIFSR" (8)
14:05:06  [AT] "busy p..." (9)
14:05:06  [NET] busy — ESP 가 앞 명령을 처리 중이다. 전진하지 않는다
14:05:07  [NET] 3 CIFSR (IP 를 실제로 받았는가)
14:05:07  [AT] "AT+CIFSR" (8)
14:05:07  [AT] "busy p..." (9)
14:05:07  [NET] busy — ESP 가 앞 명령을 처리 중이다. 전진하지 않는다
14:05:08  [DIAG] offline step=3 사다리=5/254 rx=67871 lines=4585 up=2638s
14:05:09  [NET] 3 CIFSR (IP 를 실제로 받았는가)
14:05:09  [NET] CIFSR 3회 소진 — 그러나 busy 거부였다. IP 소실로 세지 않는다
14:05:09  [NET] CIFSR 3회에도 IP 가 없다 → CWJAP 부터 다시
14:05:09  [LADDER] 실패(CWJAP FAIL) CWJAP소요 1347s · 연속 0회 · 결합유지 없음 · 현재 5단(254회 누적)
14:05:09  [LADDER] ⚠5단 미실행: 전원 재투입은 **부품 미보유로 미구현**이다
14:05:09  [LADDER]   필요 부품: 로우사이드 MOSFET 스위치(예: 2N7000/AO3400 + 10k)
14:05:09  [LADDER]   대신 4단 조치를 60초 백오프로 되풀이한다(종착역)
14:05:09  [AT] "AT+CIFSR" (8)
14:05:09  [AT] "busy p..." (9)
14:05:09  [NET] busy — ESP 가 앞 명령을 처리 중이다. 전진하지 않는다
14:05:10  [CNT] up=2640 drop=1 esprst=9 resync=0 sendfail=0 okto=5 stuck=1 ackq=0 ackdrop=0 ackstale=0 slot=2200 oow=0 smiss=6 ssovf=0 cksumng=0 okstream=906 penddrop=0 pendfill=908 bigfill=7 bigdrop=0 bigokst=6 oklost=0 bigoklost=0 skip=34 online=0
14:05:10  [RAM] 최저 여유 617 B · 프롬프트 재동기 0회 (서버의 '버린줄' 과 맞아야 한다)
14:05:10  [NET] 3 CIFSR (IP 를 실제로 받았는가)
14:05:10  [AT] "AT+CIFSR" (8)
14:05:10  [AT] "busy p..." (9)
14:05:10  [NET] busy — ESP 가 앞 명령을 처리 중이다. 전진하지 않는다
14:05:11  [DIAG] offline step=3 사다리=5/254 rx=67915 lines=4589 up=2641s
14:05:12  [NET] 3 CIFSR (IP 를 실제로 받았는가)
14:05:12  [AT] "AT+CIFSR" (8)
14:05:12  [AT] "busy p..." (9)
14:05:12  [NET] busy — ESP 가 앞 명령을 처리 중이다. 전진하지 않는다
14:05:13  «tap» 살아있음 — 최근 60초 rx=15055B (이 줄이 끊기면 탭이 죽은 것이다)
14:05:13  [NET] 3 CIFSR (IP 를 실제로 받았는가)
14:05:13  [NET] CIFSR 3회 소진 — 그러나 busy 거부였다. IP 소실로 세지 않는다
14:05:13  [NET] CIFSR 3회에도 IP 가 없다 → CWJAP 부터 다시
14:05:13  [LADDER] 실패(CWJAP FAIL) CWJAP소요 1351s · 연속 0회 · 결합유지 없음 · 현재 5단(254회 누적)
14:05:13  [LADDER] ⚠5단 미실행: 전원 재투입은 **부품 미보유로 미구현**이다
14:05:13  [LADDER]   필요 부품: 로우사이드 MOSFET 스위치(예: 2N7000/AO3400 + 10k)
14:05:13  [LADDER]   대신 4단 조치를 60초 백오프로 되풀이한다(종착역)
14:05:13  [AT] "AT+CIFSR" (8)
14:05:13  [AT] "busy p..." (9)
14:05:13  [NET] busy — ESP 가 앞 명령을 처리 중이다. 전진하지 않는다
14:05:14  [DIAG] offline step=3 사다리=5/254 rx=67959 lines=4593 up=2644s
14:05:15  [NET] 3 CIFSR (IP 를 실제로 받았는가)
14:05:15  [AT] "AT+CIFSR" (8)
14:05:15  [AT] "busy p..." (9)
14:05:15  [NET] busy — ESP 가 앞 명령을 처리 중이다. 전진하지 않는다
14:05:16  [NET] 3 CIFSR (IP 를 실제로 받았는가)
14:05:16  [AT] "AT+CIFSR" (8)
14:05:16  [AT] "busy p..." (9)
14:05:16  [NET] busy — ESP 가 앞 명령을 처리 중이다. 전진하지 않는다
14:05:17  [DIAG] offline step=3 사다리=5/254 rx=68003 lines=4597 up=2647s
14:05:18  [NET] 3 CIFSR (IP 를 실제로 받았는가)
14:05:18  [NET] CIFSR 3회 소진 — 그러나 busy 거부였다. IP 소실로 세지 않는다
14:05:18  [NET] CIFSR 3회에도 IP 가 없다 → CWJAP 부터 다시
14:05:18  [LADDER] 실패(CWJAP FAIL) CWJAP소요 1356s · 연속 0회 · 결합유지 없음 · 현재 5단(254회 누적)
14:05:18  [LADDER] ⚠5단 미실행: 전원 재투입은 **부품 미보유로 미구현**이다
14:05:18  [LADDER]   필요 부품: 로우사이드 MOSFET 스위치(예: 2N7000/AO3400 + 10k)
14:05:18  [LADDER]   대신 4단 조치를 60초 백오프로 되풀이한다(종착역)
14:05:18  [AT] "AT+CIFSR" (8)
14:05:18  [AT] "busy p..." (9)
14:05:18  [NET] busy — ESP 가 앞 명령을 처리 중이다. 전진하지 않는다
14:05:20  [NET] 3 CIFSR (IP 를 실제로 받았는가)
14:05:20  [AT] "AT+CIFSR" (8)
14:05:20  [AT] "busy p..." (9)
14:05:20  [NET] busy — ESP 가 앞 명령을 처리 중이다. 전진하지 않는다
14:05:20  [DIAG] offline step=3 사다리=5/254 rx=68047 lines=4601 up=2650s
14:05:21  [NET] 3 CIFSR (IP 를 실제로 받았는가)
14:05:21  [AT] "AT+CIFSR" (8)
14:05:21  [AT] "busy p..." (9)
14:05:21  [NET] busy — ESP 가 앞 명령을 처리 중이다. 전진하지 않는다
14:05:23  [NET] 3 CIFSR (IP 를 실제로 받았는가)
14:05:23  [NET] CIFSR 3회 소진 — 그러나 busy 거부였다. IP 소실로 세지 않는다
14:05:23  [NET] CIFSR 3회에도 IP 가 없다 → CWJAP 부터 다시
14:05:23  [LADDER] 실패(CWJAP FAIL) CWJAP소요 1361s · 연속 0회 · 결합유지 없음 · 현재 5단(254회 누적)
14:05:23  [LADDER] ⚠5단 미실행: 전원 재투입은 **부품 미보유로 미구현**이다
14:05:23  [LADDER]   필요 부품: 로우사이드 MOSFET 스위치(예: 2N7000/AO3400 + 10k)
14:05:23  [LADDER]   대신 4단 조치를 60초 백오프로 되풀이한다(종착역)
14:05:23  [AT] "AT+CIFSR" (8)
14:05:23  [AT] "busy p..." (9)
14:05:23  [NET] busy — ESP 가 앞 명령을 처리 중이다. 전진하지 않는다
14:05:23  [DIAG] offline step=3 사다리=5/254 rx=68091 lines=4605 up=2653s
14:05:24  [NET] 3 CIFSR (IP 를 실제로 받았는가)
14:05:24  [AT] "AT+CIFSR" (8)
14:05:24  [AT] "busy p..." (9)
14:05:24  [NET] busy — ESP 가 앞 명령을 처리 중이다. 전진하지 않는다
14:05:26  [NET] 3 CIFSR (IP 를 실제로 받았는가)
14:05:26  [AT] "AT+CIFSR" (8)
14:05:26  [AT] "busy p..." (9)
14:05:26  [NET] busy — ESP 가 앞 명령을 처리 중이다. 전진하지 않는다
14:05:26  [DIAG] offline step=3 사다리=5/254 rx=68135 lines=4609 up=2656s
14:05:27  [NET] 3 CIFSR (IP 를 실제로 받았는가)
14:05:27  [NET] CIFSR 3회 소진 — 그러나 busy 거부였다. IP 소실로 세지 않는다
14:05:27  [NET] CIFSR 3회에도 IP 가 없다 → CWJAP 부터 다시
14:05:27  [LADDER] 실패(CWJAP FAIL) CWJAP소요 1365s · 연속 0회 · 결합유지 없음 · 현재 5단(254회 누적)
14:05:27  [LADDER] ⚠5단 미실행: 전원 재투입은 **부품 미보유로 미구현**이다
14:05:27  [LADDER]   필요 부품: 로우사이드 MOSFET 스위치(예: 2N7000/AO3400 + 10k)
14:05:27  [LADDER]   대신 4단 조치를 60초 백오프로 되풀이한다(종착역)
14:05:27  [AT] "AT+CIFSR" (8)
14:05:27  [AT] "busy p..." (9)
14:05:27  [NET] busy — ESP 가 앞 명령을 처리 중이다. 전진하지 않는다
14:05:29  [NET] 3 CIFSR (IP 를 실제로 받았는가)
14:05:29  [AT] "AT+CIFSR" (8)
14:05:29  [AT] "busy p..." (9)
14:05:29  [NET] busy — ESP 가 앞 명령을 처리 중이다. 전진하지 않는다
14:05:29  [DIAG] offline step=3 사다리=5/254 rx=68179 lines=4613 up=2659s
14:05:30  [NET] 3 CIFSR (IP 를 실제로 받았는가)
14:05:30  [AT] "AT+CIFSR" (8)
14:05:30  [AT] "busy p..." (9)
14:05:30  [NET] busy — ESP 가 앞 명령을 처리 중이다. 전진하지 않는다
14:05:32  [NET] 3 CIFSR (IP 를 실제로 받았는가)
14:05:32  [NET] CIFSR 3회 소진 — 그러나 busy 거부였다. IP 소실로 세지 않는다
14:05:32  [NET] CIFSR 3회에도 IP 가 없다 → CWJAP 부터 다시
14:05:32  [LADDER] 실패(CWJAP FAIL) CWJAP소요 1370s · 연속 0회 · 결합유지 없음 · 현재 5단(254회 누적)
14:05:32  [LADDER] ⚠5단 미실행: 전원 재투입은 **부품 미보유로 미구현**이다
14:05:32  [LADDER]   필요 부품: 로우사이드 MOSFET 스위치(예: 2N7000/AO3400 + 10k)
14:05:32  [LADDER]   대신 4단 조치를 60초 백오프로 되풀이한다(종착역)
14:05:32  [AT] "AT+CIFSR" (8)
14:05:32  [AT] "busy p..." (9)
14:05:32  [NET] busy — ESP 가 앞 명령을 처리 중이다. 전진하지 않는다
14:05:32  [DIAG] offline step=3 사다리=5/254 rx=68223 lines=4617 up=2662s
14:05:34  [NET] 3 CIFSR (IP 를 실제로 받았는가)
14:05:34  [AT] "AT+CIFSR" (8)
14:05:34  [AT] "busy p..." (9)
14:05:34  [NET] busy — ESP 가 앞 명령을 처리 중이다. 전진하지 않는다
14:05:35  [NET] 3 CIFSR (IP 를 실제로 받았는가)
14:05:35  [AT] "AT+CIFSR" (8)
14:05:35  [AT] "busy p..." (9)
14:05:35  [NET] busy — ESP 가 앞 명령을 처리 중이다. 전진하지 않는다
14:05:35  [DIAG] offline step=3 사다리=5/254 rx=68267 lines=4621 up=2665s
14:05:37  [NET] 3 CIFSR (IP 를 실제로 받았는가)
14:05:37  [NET] CIFSR 3회 소진 — 그러나 busy 거부였다. IP 소실로 세지 않는다
14:05:37  [NET] CIFSR 3회에도 IP 가 없다 → CWJAP 부터 다시
14:05:37  [LADDER] 실패(CWJAP FAIL) CWJAP소요 1375s · 연속 0회 · 결합유지 없음 · 현재 5단(254회 누적)
14:05:37  [LADDER] ⚠5단 미실행: 전원 재투입은 **부품 미보유로 미구현**이다
14:05:37  [LADDER]   필요 부품: 로우사이드 MOSFET 스위치(예: 2N7000/AO3400 + 10k)
14:05:37  [LADDER]   대신 4단 조치를 60초 백오프로 되풀이한다(종착역)
14:05:37  [AT] "AT+CIFSR" (8)
14:05:37  [AT] "busy p..." (9)
14:05:37  [NET] busy — ESP 가 앞 명령을 처리 중이다. 전진하지 않는다
14:05:38  [DIAG] offline step=3 사다리=5/254 rx=68289 lines=4623 up=2668s
14:05:38  [NET] 3 CIFSR (IP 를 실제로 받았는가)
14:05:38  [AT] "AT+CIFSR" (8)
14:05:38  [AT] "busy p..." (9)
14:05:38  [NET] busy — ESP 가 앞 명령을 처리 중이다. 전진하지 않는다
14:05:40  [NET] 3 CIFSR (IP 를 실제로 받았는가)
14:05:40  [AT] "AT+CIFSR" (8)
14:05:40  [AT] "busy p..." (9)
14:05:40  [NET] busy — ESP 가 앞 명령을 처리 중이다. 전진하지 않는다
14:05:41  [DIAG] offline step=3 사다리=5/254 rx=68333 lines=4627 up=2671s
14:05:41  [NET] 3 CIFSR (IP 를 실제로 받았는가)
14:05:41  [NET] CIFSR 3회 소진 — 그러나 busy 거부였다. IP 소실로 세지 않는다
14:05:41  [NET] CIFSR 3회에도 IP 가 없다 → CWJAP 부터 다시
14:05:41  [LADDER] 실패(CWJAP FAIL) CWJAP소요 1379s · 연속 0회 · 결합유지 없음 · 현재 5단(254회 누적)
14:05:41  [LADDER] ⚠5단 미실행: 전원 재투입은 **부품 미보유로 미구현**이다
14:05:41  [LADDER]   필요 부품: 로우사이드 MOSFET 스위치(예: 2N7000/AO3400 + 10k)
14:05:41  [LADDER]   대신 4단 조치를 60초 백오프로 되풀이한다(종착역)
14:05:41  [AT] "AT+CIFSR" (8)
14:05:41  [AT] "busy p..." (9)
14:05:41  [NET] busy — ESP 가 앞 명령을 처리 중이다. 전진하지 않는다
14:05:43  [NET] 3 CIFSR (IP 를 실제로 받았는가)
14:05:43  [AT] "AT+CIFSR" (8)
14:05:43  [AT] "busy p..." (9)
14:05:43  [NET] busy — ESP 가 앞 명령을 처리 중이다. 전진하지 않는다
14:05:44  [DIAG] offline step=3 사다리=5/254 rx=68377 lines=4631 up=2674s
14:05:44  [NET] 3 CIFSR (IP 를 실제로 받았는가)
14:05:44  [AT] "AT+CIFSR" (8)
14:05:44  [AT] "busy p..." (9)
14:05:44  [NET] busy — ESP 가 앞 명령을 처리 중이다. 전진하지 않는다
14:05:46  [NET] 3 CIFSR (IP 를 실제로 받았는가)
14:05:46  [NET] CIFSR 3회 소진 — 그러나 busy 거부였다. IP 소실로 세지 않는다
14:05:46  [NET] CIFSR 3회에도 IP 가 없다 → CWJAP 부터 다시
14:05:46  [LADDER] 실패(CWJAP FAIL) CWJAP소요 1384s · 연속 0회 · 결합유지 없음 · 현재 5단(254회 누적)
14:05:46  [LADDER] ⚠5단 미실행: 전원 재투입은 **부품 미보유로 미구현**이다
14:05:46  [LADDER]   필요 부품: 로우사이드 MOSFET 스위치(예: 2N7000/AO3400 + 10k)
14:05:46  [LADDER]   대신 4단 조치를 60초 백오프로 되풀이한다(종착역)
14:05:46  [AT] "AT+CIFSR" (8)
14:05:46  [AT] "busy p..." (9)
14:05:46  [NET] busy — ESP 가 앞 명령을 처리 중이다. 전진하지 않는다
14:05:47  [DIAG] offline step=3 사다리=5/254 rx=68421 lines=4635 up=2677s
14:05:48  [NET] 3 CIFSR (IP 를 실제로 받았는가)
14:05:48  [AT] "AT+CIFSR" (8)
14:05:48  [AT] "busy p..." (9)
14:05:48  [NET] busy — ESP 가 앞 명령을 처리 중이다. 전진하지 않는다
14:05:49  [NET] 3 CIFSR (IP 를 실제로 받았는가)
14:05:49  [AT] "AT+CIFSR" (8)
14:05:49  [AT] "busy p..." (9)
14:05:49  [NET] busy — ESP 가 앞 명령을 처리 중이다. 전진하지 않는다
14:05:50  [DIAG] offline step=3 사다리=5/254 rx=68465 lines=4639 up=2680s
14:05:51  [NET] 3 CIFSR (IP 를 실제로 받았는가)
14:05:51  [NET] CIFSR 3회 소진 — 그러나 busy 거부였다. IP 소실로 세지 않는다
14:05:51  [NET] CIFSR 3회에도 IP 가 없다 → CWJAP 부터 다시
14:05:51  [LADDER] 실패(CWJAP FAIL) CWJAP소요 1389s · 연속 0회 · 결합유지 없음 · 현재 5단(254회 누적)
14:05:51  [LADDER] ⚠5단 미실행: 전원 재투입은 **부품 미보유로 미구현**이다
14:05:51  [LADDER]   필요 부품: 로우사이드 MOSFET 스위치(예: 2N7000/AO3400 + 10k)
14:05:51  [LADDER]   대신 4단 조치를 60초 백오프로 되풀이한다(종착역)
14:05:51  [AT] "AT+CIFSR" (8)
14:05:51  [AT] "busy p..." (9)
14:05:51  [NET] busy — ESP 가 앞 명령을 처리 중이다. 전진하지 않는다
14:05:52  [NET] 3 CIFSR (IP 를 실제로 받았는가)
14:05:52  [AT] "AT+CIFSR" (8)
14:05:52  [AT] "busy p..." (9)
14:05:52  [NET] busy — ESP 가 앞 명령을 처리 중이다. 전진하지 않는다
14:05:53  [DIAG] offline step=3 사다리=5/254 rx=68509 lines=4643 up=2683s
14:05:54  [NET] 3 CIFSR (IP 를 실제로 받았는가)
14:05:54  [AT] "AT+CIFSR" (8)
14:05:54  [AT] "busy p..." (9)
14:05:54  [NET] busy — ESP 가 앞 명령을 처리 중이다. 전진하지 않는다
14:05:55  [NET] 3 CIFSR (IP 를 실제로 받았는가)
14:05:55  [NET] CIFSR 3회 소진 — 그러나 busy 거부였다. IP 소실로 세지 않는다
14:05:55  [NET] CIFSR 3회에도 IP 가 없다 → CWJAP 부터 다시
14:05:55  [LADDER] 실패(CWJAP FAIL) CWJAP소요 1393s · 연속 0회 · 결합유지 없음 · 현재 5단(254회 누적)
14:05:55  [LADDER] ⚠5단 미실행: 전원 재투입은 **부품 미보유로 미구현**이다
14:05:55  [LADDER]   필요 부품: 로우사이드 MOSFET 스위치(예: 2N7000/AO3400 + 10k)
14:05:55  [LADDER]   대신 4단 조치를 60초 백오프로 되풀이한다(종착역)
14:05:55  [AT] "AT+CIFSR" (8)
14:05:55  [AT] "busy p..." (9)
14:05:55  [NET] busy — ESP 가 앞 명령을 처리 중이다. 전진하지 않는다
14:05:56  [DIAG] offline step=3 사다리=5/254 rx=68553 lines=4647 up=2686s
14:05:57  [NET] 3 CIFSR (IP 를 실제로 받았는가)
14:05:57  [AT] "AT+CIFSR" (8)
14:05:57  [AT] "busy p..." (9)
14:05:57  [NET] busy — ESP 가 앞 명령을 처리 중이다. 전진하지 않는다
14:05:58  [NET] 3 CIFSR (IP 를 실제로 받았는가)
14:05:58  [AT] "AT+CIFSR" (8)
14:05:58  [AT] "busy p..." (9)
14:05:58  [NET] busy — ESP 가 앞 명령을 처리 중이다. 전진하지 않는다
14:05:59  [DIAG] offline step=3 사다리=5/254 rx=68597 lines=4651 up=2689s
14:06:00  [NET] 3 CIFSR (IP 를 실제로 받았는가)
14:06:00  [NET] CIFSR 3회 소진 — 그러나 busy 거부였다. IP 소실로 세지 않는다
14:06:00  [NET] CIFSR 3회에도 IP 가 없다 → CWJAP 부터 다시
14:06:00  [LADDER] 실패(CWJAP FAIL) CWJAP소요 1398s · 연속 0회 · 결합유지 없음 · 현재 5단(254회 누적)
14:06:00  [LADDER] ⚠5단 미실행: 전원 재투입은 **부품 미보유로 미구현**이다
14:06:00  [LADDER]   필요 부품: 로우사이드 MOSFET 스위치(예: 2N7000/AO3400 + 10k)
14:06:00  [LADDER]   대신 4단 조치를 60초 백오프로 되풀이한다(종착역)
14:06:00  [AT] "AT+CIFSR" (8)
14:06:00  [AT] "busy p..." (9)
14:06:00  [NET] busy — ESP 가 앞 명령을 처리 중이다. 전진하지 않는다
14:06:01  [NET] 3 CIFSR (IP 를 실제로 받았는가)
14:06:02  [DIAG] offline step=3 사다리=5/254 rx=68696 lines=4653 up=2692s
14:06:02  [AT] "" (0)
14:06:02  [AT] "[System Ready, Vendor:www.ai-thinker.com]" (41)
14:06:03  [AT] "" (0)
14:06:03  [AT] "[System Ready, Vendor:www.ai-thinker.com]" (41)
14:06:04  [NET] 3 CIFSR (IP 를 실제로 받았는가)
14:06:04  [AT] "AT+CIFSR" (8)
14:06:04  [AT] "0.0.0.0" (7)
14:06:04  [NET] ★ ESP 가 IP 를 잃었다 — 모듈 리셋으로 본다. 누적 사건 10
14:06:04  [AT] "OK" (2)
14:06:05  [AT] "" (0)
14:06:05  [AT] "[System Ready, Vendor:www.ai-thinker.com]" (41)
14:06:05  [DIAG] offline step=3 사다리=5/254 rx=68971 lines=4662 up=2695s
14:06:06  [AT] "" (0)
14:06:06  [AT] "[System Ready, Vendor:www.ai-thinker.com]" (41)
14:06:06  [NET] 3 CIFSR (IP 를 실제로 받았는가)
14:06:06  [NET] CIFSR 3회 소진 — 그러나 busy 거부였다. IP 소실로 세지 않는다
14:06:06  [NET] CIFSR 3회에도 IP 가 없다 → CWJAP 부터 다시
14:06:06  [LADDER] 실패(CWJAP FAIL) CWJAP소요 1405s · 연속 0회 · 결합유지 없음 · 현재 5단(254회 누적)
14:06:07  [LADDER] ⚠5단 미실행: 전원 재투입은 **부품 미보유로 미구현**이다
14:06:07  [LADDER]   필요 부품: 로우사이드 MOSFET 스위치(예: 2N7000/AO3400 + 10k)
14:06:07  [LADDER]   대신 4단 조치를 60초 백오프로 되풀이한다(종착역)
14:06:07  [AT] "AT+CIFSR" (8)
14:06:07  [AT] "0.0.0.0" (7)
14:06:07  [AT] "OK" (2)
14:06:08  [DIAG] offline step=0 사다리=5/254 rx=69080 lines=4667 up=2698s
14:06:10  [CNT] up=2700 drop=1 esprst=10 resync=0 sendfail=0 okto=5 stuck=1 ackq=0 ackdrop=0 ackstale=0 slot=2250 oow=0 smiss=6 ssovf=0 cksumng=0 okstream=906 penddrop=0 pendfill=908 bigfill=7 bigdrop=0 bigokst=6 oklost=0 bigoklost=0 skip=34 online=0
14:06:10  [RAM] 최저 여유 617 B · 프롬프트 재동기 0회 (서버의 '버린줄' 과 맞아야 한다)
14:06:11  [DIAG] offline step=0 사다리=5/254 rx=69080 lines=4667 up=2701s
14:06:13  «tap» 살아있음 — 최근 60초 rx=13794B (이 줄이 끊기면 탭이 죽은 것이다)
14:06:14  [DIAG] offline step=0 사다리=5/254 rx=69080 lines=4667 up=2704s
14:06:17  [DIAG] offline step=0 사다리=5/254 rx=69080 lines=4667 up=2707s
14:06:20  [DIAG] offline step=0 사다리=5/254 rx=69080 lines=4667 up=2710s
14:06:23  [DIAG] offline step=0 사다리=5/254 rx=69080 lines=4667 up=2713s
14:06:26  [DIAG] offline step=0 사다리=5/254 rx=69080 lines=4667 up=2716s
14:06:29  [DIAG] offline step=0 사다리=5/254 rx=69080 lines=4667 up=2719s
14:06:32  [DIAG] offline step=0 사다리=5/254 rx=69080 lines=4667 up=2722s
14:06:35  [DIAG] offline step=0 사다리=5/254 rx=69080 lines=4667 up=2725s
14:06:38  [DIAG] offline step=0 사다리=5/254 rx=69080 lines=4667 up=2728s
14:06:41  [DIAG] offline step=0 사다리=5/254 rx=69080 lines=4667 up=2731s
14:06:44  [DIAG] offline step=0 사다리=5/254 rx=69080 lines=4667 up=2734s
14:06:47  [DIAG] offline step=0 사다리=5/254 rx=69080 lines=4667 up=2737s
14:06:50  [DIAG] offline step=0 사다리=5/254 rx=69080 lines=4667 up=2740s
14:06:53  [DIAG] offline step=0 사다리=5/254 rx=69080 lines=4667 up=2743s
14:06:56  [DIAG] offline step=0 사다리=5/254 rx=69080 lines=4667 up=2746s
14:06:59  [DIAG] offline step=0 사다리=5/254 rx=69080 lines=4667 up=2749s
14:07:02  [DIAG] offline step=0 사다리=5/254 rx=69080 lines=4667 up=2752s
14:07:05  [DIAG] offline step=0 사다리=5/254 rx=69080 lines=4667 up=2755s
14:07:06  [NET] 0 RST
14:07:06  [AT] "AT+RST" (6)
14:07:06  [AT] "OK" (2)
14:07:07  [AT] "bB\xD6\x84@\xF9Ra\xE0\xFCR\x89:\x97b@\xCE\xFF\xCA\xC9\xA5\x9D\xCE\xFF\xC2I\x8D" (27)
14:07:07  [AT] "[System Ready, Vendor:www.ai-thinker.com]" (41)
14:07:08  [DIAG] offline step=1 사다리=5/254 rx=69167 lines=4671 up=2758s
14:07:09  [NET] 1 CWMODE=1
14:07:09  [AT] "AT+CWMODE=1" (11)
14:07:09  [AT] "no change" (9)
14:07:10  [CNT] up=2760 drop=1 esprst=10 resync=0 sendfail=0 okto=5 stuck=1 ackq=0 ackdrop=0 ackstale=0 slot=2300 oow=0 smiss=6 ssovf=0 cksumng=0 okstream=906 penddrop=0 pendfill=908 bigfill=7 bigdrop=0 bigokst=6 oklost=0 bigoklost=0 skip=34 online=0
14:07:10  [RAM] 최저 여유 617 B · 프롬프트 재동기 0회 (서버의 '버린줄' 과 맞아야 한다)
14:07:10  [NET] 2 CWJAP (응답까지 최대 30초 기다린다)
14:07:10  [AT] "AT+CWJAP="3F_302","0424719222!!"" (32)
14:07:11  [DIAG] offline step=2 사다리=5/254 rx=69227 lines=4674 up=2761s
14:07:13  «tap» 살아있음 — 최근 60초 rx=2066B (이 줄이 끊기면 탭이 죽은 것이다)
14:07:14  [DIAG] offline step=2 사다리=5/254 rx=69227 lines=4674 up=2764s
14:07:15  [AT] "OK" (2)
14:07:15  [NET] CWJAP OK — 결합됐다. IP 를 실제로 받았는지 CIFSR 로 확인한다
14:07:15  [NET] 3 CIFSR (IP 를 실제로 받았는가)
14:07:15  [AT] "AT+CIFSR" (8)
14:07:15  [AT] "192.168.0.214" (13)
14:07:15  [NET] ★ IP 확보: 192.168.0.214
14:07:15  [AT] "OK" (2)
14:07:15  [NET] 4 CIPMUX=0
14:07:15  [AT] "AT+CIPMUX=0" (11)
14:07:15  [AT] "OK" (2)
14:07:15  [NET] CIPMUX=0 적용됨 → CIPSTART
14:07:16  [NET] 5 CIPSTART
14:07:16  [AT] "AT+CIPSTART="TCP","192.168.0.29",9991" (37)
14:07:17  [DIAG] offline step=6 사다리=5/254 rx=69325 lines=4681 up=2767s
14:07:17  [AT] "OK" (2)
14:07:17  [AT] "Linked" (6)
14:07:17  [NET] online (CONNECT) + 캐시 비움
14:07:17  [TX] S,908,60A,000,2767,P1,70
14:07:17  [SLOT] n=2306 tx=24 ack=0 due=328 r=1
14:07:17  [AT] "AT+CIPSEND=25" (13)
14:07:17  [AT] " S,908,60A,000,2767,P1,70" (25)
14:07:17  [AT] "SEND OK" (7)
14:07:18  [TX] D,*,7,12,5A
14:07:18  D,A1,IP,01
14:07:18  D,A2,IP,02
14:07:18  D,A3,IP,03
14:07:18  D,A4,IP,04
14:07:18  D,A5,IP,05
14:07:18  D,B1,IP,02
14:07:18  D,B2,IP,01
14:07:18  D,B3,IP,00
14:07:18  D,B4,IP,07
14:07:18  D,B5,IP,06
14:07:18  D,E1,OBV,47
14:07:18  D,X1,OBV,5A
14:07:18  [REG] 등록 전송 145B
14:07:18  [SLOT] n=2307 tx=145 ack=0 due=0 r=1
14:07:18  [AT] "AT+CIPSEND=146" (14)
14:07:18  [DROP-OVF] 줄이 96바이트를 넘어 버렸다
14:07:18  [AT] "SEND OK" (7)
14:07:19  [TX] S,910,60A,000,2769,P1,77
14:07:19  [SLOT] n=2308 tx=24 ack=0 due=0 r=1
14:07:19  [AT] "AT+CIPSEND=25" (13)
14:07:19  [AT] " S,910,60A,000,2769,P1,77" (25)
14:07:19  [AT] "SEND OK" (7)
14:07:21  [TX] S,911,60A,000,2770,P1,7E
14:07:21  [SLOT] n=2309 tx=24 ack=0 due=0 r=1
14:07:21  [AT] "AT+CIPSEND=25" (13)
14:07:21  [AT] " S,911,60A,000,2770,P1,7E" (25)
14:07:21  [AT] "SEND OK" (7)
14:07:22  [TX] S,912,609,000,2772,P1,07
14:07:22  [SLOT] n=2310 tx=24 ack=0 due=0 r=1
14:07:22  [AT] "AT+CIPSEND=25" (13)
14:07:22  [AT] " S,912,609,000,2772,P1,07" (25)
14:07:22  [AT] "SEND OK" (7)
14:07:25  
14:07:25  [PARKING NODE] proto v1 / 10 slots / dev=P1
14:07:25  [BOOT] 리셋 원인: 불명 (부트로더가 MCUSR 을 지우고 넘어왔다)
14:07:25  [BOOT] 사다리 4단(ESP 하드리셋선) 미배선 — A2 를 ESP RST 에 물리고 ESP_RST_WIRED=1 · 6단(워치독) 끔
14:07:25  [NET] 0 RST
14:07:25  [AT] "AT+RST" (6)
14:07:25  [AT] "OK" (2)
14:07:27  [AT] "bB\xD6\x86@\xF9Rc\xE2\xFCR\x89:\x97bB\xCE\xFF\xCA\xC9\xA5\x9D\xCC\xFF\xC0I\x8D" (27)
14:07:27  [AT] "[System Ready, Vendor:www.ai-thinker.com]" (41)
14:07:28  [NET] 1 CWMODE=1
14:07:28  [AT] "AT+CWMODE=1" (11)
14:07:28  [AT] "no change" (9)
14:07:28  [DIAG] offline step=2 사다리=0/0 rx=112 lines=6 up=3s
14:07:28  [NET] 2 CWJAP (응답까지 최대 30초 기다린다)
14:07:28  [AT] "AT+CWJAP="3F_302","0424719222!!"" (32)
14:07:31  [DIAG] offline step=2 사다리=0/0 rx=147 lines=7 up=6s
14:07:34  [DIAG] offline step=2 사다리=0/0 rx=147 lines=7 up=9s
14:07:35  [AT] "" (0)
14:07:37  [DIAG] offline step=2 사다리=0/0 rx=231 lines=8 up=12s
14:07:38  [AT] "" (0)
14:07:38  [AT] "[System Ready, Vendor:www.ai-thinker.com]" (41)
14:07:40  [DIAG] offline step=2 사다리=0/0 rx=313 lines=10 up=15s
14:07:43  
14:07:43  [PARKING NODE] proto v1 / 10 slots / dev=P1
14:07:43  [BOOT] 리셋 원인: 불명 (부트로더가 MCUSR 을 지우고 넘어왔다)
14:07:43  [BOOT] 사다리 4단(ESP 하드리셋선) 미배선 — A2 를 ESP RST 에 물리고 ESP_RST_WIRED=1 · 6단(워치독) 끔
14:07:43  [NET] 0 RST
14:07:43  [AT] "AT+RST" (6)
14:07:43  [AT] "OK" (2)
14:07:45  [AT] "b@\xD4\x84@\xF9Rc\xE2\xFER\x89:\x97b@\xCC\xFF\xCA\xC9\xA5\x9D\x1C\xFF\xC2I\x8D" (27)
14:07:45  [AT] "[System Ready, Vendor:www.ai-thinker.com]" (41)
14:07:46  [NET] 1 CWMODE=1
14:07:46  [AT] "AT+CWMODE=1" (11)
14:07:46  [AT] "no change" (9)
14:07:46  [DIAG] offline step=2 사다리=0/0 rx=112 lines=6 up=3s
14:07:47  [NET] 2 CWJAP (응답까지 최대 30초 기다린다)
14:07:47  [AT] "AT+CWJAP="3F_302","0424719222!!"" (32)
14:07:49  [DIAG] offline step=2 사다리=0/0 rx=147 lines=7 up=6s
14:07:52  [DIAG] offline step=2 사다리=0/0 rx=147 lines=7 up=9s
14:07:54  [AT] "OK" (2)
14:07:54  [NET] CWJAP OK — 결합됐다. IP 를 실제로 받았는지 CIFSR 로 확인한다
14:07:54  [NET] 3 CIFSR (IP 를 실제로 받았는가)
14:07:54  [AT] "AT+CIFSR" (8)
14:07:54  [AT] "192.168.0.214" (13)
14:07:54  [NET] ★ IP 확보: 192.168.0.214
14:07:54  [AT] "OK" (2)
14:07:54  [NET] 4 CIPMUX=0
14:07:54  [AT] "AT+CIPMUX=0" (11)
14:07:54  [AT] "OK" (2)
14:07:54  [NET] CIPMUX=0 적용됨 → CIPSTART
14:07:55  [NET] 5 CIPSTART
14:07:55  [AT] "AT+CIPSTART="TCP","192.168.0.29",9991" (37)
14:07:55  [AT] "OK" (2)
14:07:55  [AT] "Linked" (6)
14:07:55  [NET] online (CONNECT) + 캐시 비움
14:07:55  [TX] S,0,608,000,12,P1,0F
14:07:55  [SLOT] n=10 tx=20 ack=0 due=0 r=1
14:07:55  [AT] "AT+CIPSEND=21" (13)
14:07:55  [AT] " S,0,608,000,12,P1,0F" (21)
14:07:55  [AT] "SEND OK" (7)
14:07:56  [TX] D,*,7,12,5A
14:07:56  D,A1,IP,01
14:07:56  D,A2,IP,02
14:07:56  D,A3,IP,03
14:07:56  D,A4,IP,04
14:07:56  D,A5,IP,05
14:07:56  D,B1,IP,02
14:07:56  D,B2,IP,01
14:07:56  D,B3,IP,00
14:07:56  D,B4,IP,07
14:07:56  D,B5,IP,06
14:07:56  D,E1,OBV,47
14:07:56  D,X1,OBV,5A
14:07:56  [REG] 등록 전송 145B
14:07:56  [SLOT] n=11 tx=145 ack=0 due=0 r=1
14:07:56  [AT] "AT+CIPSEND=146" (14)
14:07:56  [DROP-OVF] 줄이 96바이트를 넘어 버렸다
14:07:56  [AT] "SEND OK" (7)
14:07:57  [TX] S,2,608,000,14,P1,0B
14:07:57  [SLOT] n=12 tx=20 ack=0 due=0 r=1
14:07:57  [AT] "AT+CIPSEND=21" (13)
14:07:57  [AT] " S,2,608,000,14,P1,0B" (21)
14:07:57  [AT] "SEND OK" (7)
14:07:59  [TX] S,3,608,000,15,P1,0B
14:07:59  [SLOT] n=13 tx=20 ack=0 due=0 r=1
14:07:59  [AT] "AT+CIPSEND=21" (13)
14:07:59  [AT] " S,3,608,000,15,P1,0B" (21)
14:07:59  [AT] "SEND OK" (7)
14:08:00  [TX] S,4,609,000,16,P1,0E
14:08:00  [SLOT] n=14 tx=20 ack=0 due=0 r=1
14:08:00  [AT] "AT+CIPSEND=21" (13)
14:08:00  [AT] " S,4,609,000,16,P1,0E" (21)
14:08:00  [AT] "SEND OK" (7)
14:08:01  [TX] S,5,609,000,18,P1,01
14:08:01  [SLOT] n=15 tx=20 ack=0 due=0 r=1
14:08:01  [AT] "AT+CIPSEND=21" (13)
14:08:01  [AT] " S,5,609,000,18,P1,01" (21)
14:08:01  [AT] "SEND OK" (7)
14:08:02  [TX] S,6,609,000,19,P1,03
14:08:02  [SLOT] n=16 tx=20 ack=0 due=0 r=1
14:08:02  [AT] "AT+CIPSEND=21" (13)
14:08:02  [AT] " S,6,609,000,19,P1,03" (21)
14:08:02  [AT] "SEND OK" (7)
14:08:03  [TX] S,7,609,000,20,P1,08
14:08:03  [SLOT] n=17 tx=20 ack=0 due=0 r=1
14:08:03  [AT] "AT+CIPSEND=21" (13)
14:08:03  [AT] " S,7,609,000,20,P1,08" (21)
14:08:03  [AT] "SEND OK" (7)
14:08:04  [TX] S,8,609,000,21,P1,06
14:08:04  [SLOT] n=18 tx=20 ack=0 due=0 r=1
14:08:05  [AT] "AT+CIPSEND=21" (13)
14:08:05  [AT] " S,8,609,000,21,P1,06" (21)
14:08:05  [AT] "SEND OK" (7)
14:08:07  [TX] S,9,609,000,22,P1,04
14:08:07  [SLOT] n=19 tx=20 ack=0 due=0 r=1
14:08:07  [AT] "AT+CIPSEND=21" (13)
14:08:07  [AT] " S,9,609,000,22,P1,04" (21)
14:08:07  [AT] "SEND OK" (7)
14:08:08  [TX] S,10,60B,000,24,P1,41
14:08:08  [SLOT] n=20 tx=21 ack=0 due=0 r=1
14:08:08  [AT] "AT+CIPSEND=22" (13)
14:08:08  [AT] " S,10,60B,000,24,P1,41" (22)
14:08:08  [AT] "SEND OK" (7)
14:08:09  [TX] S,11,60A,000,25,P1,42
14:08:09  [SLOT] n=21 tx=21 ack=0 due=0 r=1
14:08:09  [AT] "AT+CIPSEND=22" (13)
14:08:09  [AT] " S,11,60A,000,25,P1,42" (22)
14:08:09  [AT] "SEND OK" (7)
14:08:10  [TX] S,12,60A,000,26,P1,42
14:08:10  [SLOT] n=22 tx=21 ack=0 due=0 r=1
14:08:10  [AT] "AT+CIPSEND=22" (13)
14:08:10  [AT] " S,12,60A,000,26,P1,42" (22)
14:08:10  [AT] "SEND OK" (7)
14:08:11  [TX] S,13,60A,000,27,P1,42
14:08:11  [SLOT] n=23 tx=21 ack=0 due=0 r=1
14:08:11  [AT] "AT+CIPSEND=22" (13)
14:08:12  [AT] " S,13,60A,000,27,P1,42" (22)
14:08:12  [AT] "SEND OK" (7)
14:08:13  [TX] S,14,60A,000,28,P1,4A
14:08:13  [SLOT] n=24 tx=21 ack=0 due=0 r=1
14:08:13  [AT] "AT+CIPSEND=22" (13)
14:08:13  [AT] " S,14,60A,000,28,P1,4A" (22)
14:08:13  [AT] "SEND OK" (7)
14:08:14  «tap» 살아있음 — 최근 60초 rx=6160B (이 줄이 끊기면 탭이 죽은 것이다)
14:08:14  [TX] S,15,60A,000,30,P1,42
14:08:14  [SLOT] n=25 tx=21 ack=0 due=0 r=1
14:08:14  [AT] "AT+CIPSEND=22" (13)
14:08:14  [AT] " S,15,60A,000,30,P1,42" (22)
14:08:14  [AT] "SEND OK" (7)
14:08:15  [TX] S,16,60A,000,31,P1,40
14:08:15  [SLOT] n=26 tx=21 ack=0 due=0 r=1
14:08:15  [AT] "AT+CIPSEND=22" (13)
14:08:15  [AT] " S,16,60A,000,31,P1,40" (22)
14:08:15  [AT] "SEND OK" (7)
14:08:16  [TX] S,17,60A,000,32,P1,42
14:08:16  [SLOT] n=27 tx=21 ack=0 due=0 r=1
14:08:16  [AT] "AT+CIPSEND=22" (13)
14:08:16  [AT] " S,17,60A,000,32,P1,42" (22)
14:08:16  [AT] "SEND OK" (7)
14:08:17  [TX] S,18,60B,000,33,P1,4F
14:08:17  [SLOT] n=28 tx=21 ack=0 due=0 r=1
14:08:17  [AT] "AT+CIPSEND=22" (13)
14:08:18  [AT] " S,18,60B,000,33,P1,4F" (22)
14:08:18  [AT] "SEND OK" (7)
14:08:19  [TX] S,19,60B,000,34,P1,49
14:08:19  [SLOT] n=29 tx=21 ack=0 due=0 r=1
14:08:19  [AT] "AT+CIPSEND=22" (13)
14:08:19  [AT] " S,19,60B,000,34,P1,49" (22)
14:08:19  [AT] "SEND OK" (7)
14:08:20  [TX] S,20,609,000,36,P1,3A
14:08:20  [SLOT] n=30 tx=21 ack=0 due=0 r=1
14:08:20  [AT] "AT+CIPSEND=22" (13)
14:08:20  [AT] " S,20,609,000,36,P1,3A" (22)
14:08:20  [AT] "SEND OK" (7)
14:08:21  [TX] S,21,609,000,37,P1,3A
14:08:21  [SLOT] n=31 tx=21 ack=0 due=0 r=1
14:08:21  [AT] "AT+CIPSEND=22" (13)
14:08:21  [AT] " S,21,609,000,37,P1,3A" (22)
14:08:21  [AT] "SEND OK" (7)
14:08:22  [TX] S,22,609,000,38,P1,36
14:08:22  [SLOT] n=32 tx=21 ack=0 due=0 r=1
14:08:22  [AT] "AT+CIPSEND=22" (13)
14:08:22  [AT] " S,22,609,000,38,P1,36" (22)
14:08:22  [AT] "SEND OK" (7)
14:08:23  [TX] S,23,609,000,39,P1,36
14:08:23  [SLOT] n=33 tx=21 ack=0 due=0 r=1
14:08:23  [AT] "AT+CIPSEND=22" (13)
14:08:24  [AT] " S,23,609,000,39,P1,36" (22)
14:08:24  [AT] "SEND OK" (7)
14:08:25  [TX] S,24,609,000,40,P1,3F
14:08:25  [SLOT] n=34 tx=21 ack=0 due=0 r=1
14:08:25  [AT] "AT+CIPSEND=22" (13)
14:08:25  [AT] " S,24,609,000,40,P1,3F" (22)
14:08:25  [AT] "SEND OK" (7)
14:08:26  [TX] S,25,608,000,42,P1,3D
14:08:26  [SLOT] n=35 tx=21 ack=0 due=0 r=1
14:08:26  [AT] "AT+CIPSEND=22" (13)
14:08:26  [AT] " S,25,608,000,42,P1,3D" (22)
14:08:26  [AT] "SEND OK" (7)
14:08:27  [TX] S,26,608,000,43,P1,3F
14:08:27  [SLOT] n=36 tx=21 ack=0 due=0 r=1
14:08:27  [AT] "AT+CIPSEND=22" (13)
14:08:27  [AT] " S,26,608,000,43,P1,3F" (22)
14:08:27  [AT] "SEND OK" (7)
14:08:28  [TX] S,27,608,000,44,P1,39
14:08:28  [SLOT] n=37 tx=21 ack=0 due=0 r=1
14:08:28  [AT] "AT+CIPSEND=22" (13)
14:08:28  [AT] " S,27,608,000,44,P1,39" (22)
14:08:28  [AT] "SEND OK" (7)
14:08:29  [TX] S,28,608,000,45,P1,37
14:08:29  [SLOT] n=38 tx=21 ack=0 due=0 r=1
14:08:29  [AT] "AT+CIPSEND=22" (13)
14:08:29  [AT] " S,28,608,000,45,P1,37" (22)
14:08:29  [AT] "SEND OK" (7)
14:08:31  [TX] S,29,608,000,46,P1,35
14:08:31  [SLOT] n=39 tx=21 ack=0 due=0 r=1
14:08:31  [AT] "AT+CIPSEND=22" (13)
14:08:31  [AT] " S,29,608,000,46,P1,35" (22)
14:08:31  [AT] "SEND OK" (7)
14:08:32  [TX] S,30,60A,000,48,P1,4A
14:08:32  [SLOT] n=40 tx=21 ack=0 due=0 r=1
14:08:32  [AT] "AT+CIPSEND=22" (13)
14:08:32  [AT] " S,30,60A,000,48,P1,4A" (22)
14:08:32  [AT] "SEND OK" (7)
14:08:33  [TX] S,31,60A,000,49,P1,4A
14:08:33  [SLOT] n=41 tx=21 ack=0 due=0 r=1
14:08:33  [AT] "AT+CIPSEND=22" (13)
14:08:33  [AT] " S,31,60A,000,49,P1,4A" (22)
14:08:33  [AT] "SEND OK" (7)
14:08:34  [TX] S,32,60B,000,50,P1,42
14:08:34  [SLOT] n=42 tx=21 ack=0 due=0 r=1
14:08:34  [AT] "AT+CIPSEND=22" (13)
14:08:34  [AT] " S,32,60B,000,50,P1,42" (22)
14:08:34  [AT] "SEND OK" (7)
14:08:35  [TX] S,33,60B,000,51,P1,42
14:08:35  [SLOT] n=43 tx=21 ack=0 due=0 r=1
14:08:35  [AT] "AT+CIPSEND=22" (13)
14:08:35  [AT] " S,33,60B,000,51,P1,42" (22)
14:08:35  [AT] "SEND OK" (7)
14:08:37  [TX] S,34,60B,000,52,P1,46
14:08:37  [SLOT] n=44 tx=21 ack=0 due=0 r=1
14:08:37  [AT] "AT+CIPSEND=22" (13)
14:08:37  [AT] " S,34,60B,000,52,P1,46" (22)
14:08:37  [AT] "SEND OK" (7)
14:08:38  [TX] S,35,60B,000,54,P1,41
14:08:38  [SLOT] n=45 tx=21 ack=0 due=0 r=1
14:08:38  [AT] "AT+CIPSEND=22" (13)
14:08:38  [AT] " S,35,60B,000,54,P1,41" (22)
14:08:38  [AT] "SEND OK" (7)
14:08:39  [TX] S,36,60B,000,55,P1,43
14:08:39  [SLOT] n=46 tx=21 ack=0 due=0 r=1
14:08:39  [AT] "AT+CIPSEND=22" (13)
14:08:39  [AT] " S,36,60B,000,55,P1,43" (22)
14:08:39  [AT] "SEND OK" (7)
14:08:40  [TX] S,37,60B,000,56,P1,41
14:08:40  [SLOT] n=47 tx=21 ack=0 due=0 r=1
14:08:40  [AT] "AT+CIPSEND=22" (13)
14:08:41  [AT] " S,37,60B,000,56,P1,41" (22)
14:08:41  [AT] "SEND OK" (7)
14:08:41  [TX] S,38,60B,000,57,P1,4F
14:08:41  [SLOT] n=48 tx=21 ack=0 due=0 r=1
14:08:41  [AT] "AT+CIPSEND=22" (13)
14:08:41  [AT] " S,38,60B,000,57,P1,4F" (22)
14:08:41  [AT] "SEND OK" (7)
14:08:43  [TX] S,39,60A,000,58,P1,42
14:08:43  [SLOT] n=49 tx=21 ack=0 due=0 r=1
14:08:43  [AT] "AT+CIPSEND=22" (13)
14:08:43  [AT] " S,39,60A,000,58,P1,42" (22)
14:08:43  [AT] "SEND OK" (7)
14:08:44  [TX] S,40,608,000,60,P1,3E
14:08:44  [SLOT] n=50 tx=21 ack=0 due=0 r=1
14:08:44  [CNT] up=60 drop=0 esprst=0 resync=0 sendfail=0 okto=0 stuck=0 ackq=0 ackdrop=0 ackstale=0 slot=50 oow=0 smiss=1 ssovf=0 cksumng=0 okstream=40 penddrop=0 pendfill=41 bigfill=1 bigdrop=0 bigokst=1 oklost=0 bigoklost=0 skip=0 online=1
14:08:44  [RAM] 최저 여유 617 B · 프롬프트 재동기 0회 (서버의 '버린줄' 과 맞아야 한다)
14:08:44  [AT] " S,40,608,000,60,P1,3E" (22)
14:08:44  [AT] "SEND OK" (7)
14:08:44  [AT] "AT+CIPSEND=22" (13)
14:08:45  [TX] S,41,608,000,61,P1,3E
14:08:45  [SLOT] n=51 tx=21 ack=0 due=0 r=1
14:08:45  [AT] "AT+CIPSEND=22" (13)
14:08:45  [AT] " S,41,608,000,61,P1,3E" (22)
14:08:45  [AT] "SEND OK" (7)
14:08:46  [TX] S,42,608,000,62,P1,3E
14:08:46  [SLOT] n=52 tx=21 ack=0 due=0 r=1
14:08:46  [AT] "AT+CIPSEND=22" (13)
14:08:46  [AT] " S,42,608,000,62,P1,3E" (22)
14:08:46  [AT] "SEND OK" (7)
14:08:47  [TX] S,43,608,000,63,P1,3E
14:08:47  [SLOT] n=53 tx=21 ack=0 due=0 r=1
14:08:47  [AT] "AT+CIPSEND=22" (13)
14:08:47  [AT] " S,43,608,000,63,P1,3E" (22)
14:08:47  [AT] "SEND OK" (7)
14:08:49  [TX] S,44,608,000,64,P1,3E
14:08:49  [SLOT] n=54 tx=21 ack=0 due=0 r=1
14:08:49  [AT] "AT+CIPSEND=22" (13)
14:08:49  [AT] " S,44,608,000,64,P1,3E" (22)
14:08:49  [AT] "SEND OK" (7)
14:08:50  [TX] S,45,608,000,66,P1,3D
14:08:50  [SLOT] n=55 tx=21 ack=0 due=0 r=1
14:08:50  [AT] "AT+CIPSEND=22" (13)
14:08:50  [AT] " S,45,608,000,66,P1,3D" (22)
14:08:50  [AT] "SEND OK" (7)
14:08:51  [TX] S,46,609,000,67,P1,3E
14:08:51  [SLOT] n=56 tx=21 ack=0 due=0 r=1
14:08:51  [AT] "AT+CIPSEND=22" (13)
14:08:51  [AT] " S,46,609,000,67,P1,3E" (22)
14:08:51  [AT] "SEND OK" (7)
14:08:52  [TX] S,47,609,000,68,P1,30
14:08:52  [SLOT] n=57 tx=21 ack=0 due=0 r=1
14:08:52  [AT] "AT+CIPSEND=22" (13)
14:08:52  [AT] " S,47,609,000,68,P1,30" (22)
14:08:52  [AT] "SEND OK" (7)
14:08:53  [TX] S,48,609,000,69,P1,3E
14:08:53  [SLOT] n=58 tx=21 ack=0 due=0 r=1
14:08:53  [AT] "AT+CIPSEND=22" (13)
14:08:53  [AT] " S,48,609,000,69,P1,3E" (22)
14:08:53  [AT] "SEND OK" (7)
14:08:55  [TX] S,49,609,000,70,P1,37
14:08:55  [SLOT] n=59 tx=21 ack=0 due=0 r=1
14:08:55  [AT] "AT+CIPSEND=22" (13)
14:08:55  [AT] " S,49,609,000,70,P1,37" (22)
14:08:55  [AT] "SEND OK" (7)
14:08:56  [TX] S,50,60B,000,72,P1,46
14:08:56  [SLOT] n=60 tx=21 ack=0 due=0 r=1
14:08:56  [AT] "AT+CIPSEND=22" (13)
14:08:56  [AT] " S,50,60B,000,72,P1,46" (22)
14:08:56  [AT] "SEND OK" (7)
14:08:57  [TX] S,51,60B,000,73,P1,46
14:08:57  [SLOT] n=61 tx=21 ack=0 due=0 r=1
14:08:57  [AT] "AT+CIPSEND=22" (13)
14:08:57  [AT] " S,51,60B,000,73,P1,46" (22)
14:08:57  [AT] "SEND OK" (7)
14:08:58  [TX] S,52,60B,000,74,P1,42
14:08:58  [SLOT] n=62 tx=21 ack=0 due=0 r=1
14:08:58  [AT] "AT+CIPSEND=22" (13)
14:08:58  [AT] " S,52,60B,000,74,P1,42" (22)
14:08:58  [AT] "SEND OK" (7)
14:08:59  [TX] S,53,60A,000,75,P1,41
14:08:59  [SLOT] n=63 tx=21 ack=0 due=0 r=1
14:08:59  [AT] "AT+CIPSEND=22" (13)
14:08:59  [AT] " S,53,60A,000,75,P1,41" (22)
14:08:59  [AT] "SEND OK" (7)
14:09:01  [TX] S,54,60A,000,76,P1,45
14:09:01  [SLOT] n=64 tx=21 ack=0 due=0 r=1
14:09:01  [AT] "AT+CIPSEND=22" (13)
14:09:01  [AT] " S,54,60A,000,76,P1,45" (22)
14:09:01  [AT] "SEND OK" (7)
14:09:02  [TX] S,55,60A,000,78,P1,4A
14:09:02  [SLOT] n=65 tx=21 ack=0 due=0 r=1
14:09:02  [AT] "AT+CIPSEND=22" (13)
14:09:02  [AT] " S,55,60A,000,78,P1,4A" (22)
14:09:02  [AT] "SEND OK" (7)
14:09:03  [TX] S,56,60A,000,79,P1,48
14:09:03  [SLOT] n=66 tx=21 ack=0 due=0 r=1
14:09:03  [AT] "AT+CIPSEND=22" (13)
14:09:03  [AT] " S,56,60A,000,79,P1,48" (22)
14:09:03  [AT] "SEND OK" (7)
14:09:04  [TX] S,57,60A,000,80,P1,4F
14:09:04  [SLOT] n=67 tx=21 ack=0 due=0 r=1
14:09:04  [AT] "AT+CIPSEND=22" (13)
14:09:04  [AT] " S,57,60A,000,80,P1,4F" (22)
14:09:04  [AT] "SEND OK" (7)
14:09:05  [TX] S,58,60A,000,81,P1,41
14:09:05  [SLOT] n=68 tx=21 ack=0 due=0 r=1
14:09:05  [AT] "AT+CIPSEND=22" (13)
14:09:05  [AT] " S,58,60A,000,81,P1,41" (22)
14:09:05  [AT] "SEND OK" (7)
14:09:07  [TX] S,59,60A,000,82,P1,43
14:09:07  [SLOT] n=69 tx=21 ack=0 due=0 r=1
14:09:07  [AT] "AT+CIPSEND=22" (13)
14:09:07  [AT] " S,59,60A,000,82,P1,43" (22)
14:09:07  [AT] "SEND OK" (7)
14:09:08  [TX] S,60,609,000,84,P1,37
14:09:08  [SLOT] n=70 tx=21 ack=0 due=0 r=1
14:09:08  [AT] "AT+CIPSEND=22" (13)
14:09:08  [AT] " S,60,609,000,84,P1,37" (22)
14:09:08  [AT] "SEND OK" (7)
14:09:09  [TX] S,61,609,000,85,P1,37
14:09:09  [SLOT] n=71 tx=21 ack=0 due=0 r=1
14:09:09  [AT] "AT+CIPSEND=22" (13)
14:09:09  [AT] " S,61,609,000,85,P1,37" (22)
14:09:09  [AT] "SEND OK" (7)
14:09:10  [TX] S,62,609,000,86,P1,37
14:09:10  [SLOT] n=72 tx=21 ack=0 due=0 r=1
14:09:10  [AT] "AT+CIPSEND=22" (13)
14:09:10  [AT] " S,62,609,000,86,P1,37" (22)
14:09:10  [AT] "SEND OK" (7)
14:09:11  [TX] S,63,609,000,87,P1,37
14:09:11  [SLOT] n=73 tx=21 ack=0 due=0 r=1
14:09:11  [AT] "AT+CIPSEND=22" (13)
14:09:11  [AT] " S,63,609,000,87,P1,37" (22)
14:09:11  [AT] "SEND OK" (7)
14:09:13  [TX] S,64,609,000,88,P1,3F
14:09:13  [SLOT] n=74 tx=21 ack=0 due=0 r=1
14:09:13  [AT] "AT+CIPSEND=22" (13)
14:09:13  [AT] " S,64,609,000,88,P1,3F" (22)
14:09:13  [AT] "SEND OK" (7)
14:09:14  «tap» 살아있음 — 최근 60초 rx=7637B (이 줄이 끊기면 탭이 죽은 것이다)
14:09:14  [TX] S,65,609,000,90,P1,37
14:09:14  [SLOT] n=75 tx=21 ack=0 due=0 r=1
14:09:14  [AT] "AT+CIPSEND=22" (13)
14:09:14  [AT] " S,65,609,000,90,P1,37" (22)
14:09:14  [AT] "SEND OK" (7)
14:09:15  [TX] S,66,609,000,91,P1,35
14:09:15  [SLOT] n=76 tx=21 ack=0 due=0 r=1
14:09:15  [AT] "AT+CIPSEND=22" (13)
14:09:15  [AT] " S,66,609,000,91,P1,35" (22)
14:09:15  [AT] "SEND OK" (7)
14:09:16  [TX] S,67,608,000,92,P1,36
14:09:16  [SLOT] n=77 tx=21 ack=0 due=0 r=1
14:09:16  [AT] "AT+CIPSEND=22" (13)
14:09:16  [AT] " S,67,608,000,92,P1,36" (22)
14:09:16  [AT] "SEND OK" (7)
14:09:17  [TX] S,68,608,000,93,P1,38
14:09:17  [SLOT] n=78 tx=21 ack=0 due=0 r=1
14:09:17  [AT] "AT+CIPSEND=22" (13)
14:09:17  [AT] " S,68,608,000,93,P1,38" (22)
14:09:17  [AT] "SEND OK" (7)
14:09:19  [TX] S,69,608,000,94,P1,3E
14:09:19  [SLOT] n=79 tx=21 ack=0 due=0 r=1
14:09:19  [AT] "AT+CIPSEND=22" (13)
14:09:19  [AT] " S,69,608,000,94,P1,3E" (22)
14:09:19  [AT] "SEND OK" (7)
14:09:20  [TX] S,70,60A,000,96,P1,4D
14:09:20  [SLOT] n=80 tx=21 ack=0 due=0 r=1
14:09:20  [AT] "AT+CIPSEND=22" (13)
14:09:20  [AT] " S,70,60A,000,96,P1,4D" (22)
14:09:20  [AT] "SEND OK" (7)
14:09:21  [TX] S,71,60A,000,97,P1,4D
14:09:21  [SLOT] n=81 tx=21 ack=0 due=0 r=1
14:09:21  [AT] "AT+CIPSEND=22" (13)
14:09:21  [AT] " S,71,60A,000,97,P1,4D" (22)
14:09:21  [AT] "SEND OK" (7)
14:09:22  [TX] S,72,60A,000,98,P1,41
14:09:22  [SLOT] n=82 tx=21 ack=0 due=0 r=1
14:09:22  [AT] "AT+CIPSEND=22" (13)
14:09:22  [AT] " S,72,60A,000,98,P1,41" (22)
14:09:22  [AT] "SEND OK" (7)
14:09:23  [TX] S,73,60A,000,99,P1,41
14:09:23  [SLOT] n=83 tx=21 ack=0 due=0 r=1
14:09:23  [AT] "AT+CIPSEND=22" (13)
14:09:23  [AT] " S,73,60A,000,99,P1,41" (22)
14:09:23  [AT] "SEND OK" (7)
14:09:25  [TX] S,74,60B,000,100,P1,74
14:09:25  [SLOT] n=84 tx=22 ack=0 due=0 r=1
14:09:25  [AT] "AT+CIPSEND=23" (13)
14:09:25  [AT] " S,74,60B,000,100,P1,74" (23)
14:09:25  [AT] "SEND OK" (7)
14:09:26  [TX] S,75,60B,000,102,P1,77
14:09:26  [SLOT] n=85 tx=22 ack=0 due=0 r=1
14:09:26  [AT] "AT+CIPSEND=23" (13)
14:09:26  [AT] " S,75,60B,000,102,P1,77" (23)
14:09:26  [AT] "SEND OK" (7)
14:09:27  [TX] S,76,60B,000,103,P1,75
14:09:27  [SLOT] n=86 tx=22 ack=0 due=0 r=1
14:09:27  [AT] "AT+CIPSEND=23" (13)
14:09:27  [AT] " S,76,60B,000,103,P1,75" (23)
14:09:27  [AT] "SEND OK" (7)
14:09:28  [TX] S,77,60B,000,104,P1,73
14:09:28  [SLOT] n=87 tx=22 ack=0 due=0 r=1
14:09:28  [AT] "AT+CIPSEND=23" (13)
14:09:28  [AT] " S,77,60B,000,104,P1,73" (23)
14:09:28  [AT] "SEND OK" (7)
14:09:29  [TX] S,78,60B,000,105,P1,7D
14:09:29  [SLOT] n=88 tx=22 ack=0 due=0 r=1
14:09:29  [AT] "AT+CIPSEND=23" (13)
14:09:30  [AT] " S,78,60B,000,105,P1,7D" (23)
14:09:30  [AT] "SEND OK" (7)
14:09:31  [TX] S,79,60B,000,106,P1,7F
14:09:31  [SLOT] n=89 tx=22 ack=0 due=0 r=1
14:09:31  [AT] "AT+CIPSEND=23" (13)
14:09:31  [AT] " S,79,60B,000,106,P1,7F" (23)
14:09:31  [AT] "SEND OK" (7)
14:09:32  [TX] S,80,609,000,108,P1,0C
14:09:32  [SLOT] n=90 tx=22 ack=0 due=0 r=1
14:09:32  [AT] "AT+CIPSEND=23" (13)
14:09:32  [AT] " S,80,609,000,108,P1,0C" (23)
14:09:32  [AT] "SEND OK" (7)
14:09:33  [TX] S,81,608,000,109,P1,0D
14:09:33  [SLOT] n=91 tx=22 ack=0 due=0 r=1
14:09:33  [AT] "AT+CIPSEND=23" (13)
14:09:33  [AT] " S,81,608,000,109,P1,0D" (23)
14:09:33  [AT] "SEND OK" (7)
14:09:34  [TX] S,82,608,000,110,P1,06
14:09:34  [SLOT] n=92 tx=22 ack=0 due=0 r=1
14:09:34  [AT] "AT+CIPSEND=23" (13)
14:09:34  [AT] " S,82,608,000,110,P1,06" (23)
14:09:34  [AT] "SEND OK" (7)
14:09:35  [TX] S,83,608,000,111,P1,06
14:09:35  [SLOT] n=93 tx=22 ack=0 due=0 r=1
14:09:35  [AT] "AT+CIPSEND=23" (13)
14:09:35  [AT] " S,83,608,000,111,P1,06" (23)
14:09:35  [AT] "SEND OK" (7)
14:09:37  «tap» 캡처 종료 — SIGTERM 수신. 이 줄이 이 로그의 마지막 경계다.
