17:01:20  «tap» 캡처 시작 — port=/dev/cu.usbmodem1101 baud=115200 pid=32349 date=2026-08-18 17:01:20
17:01:20  «tap» ⚠ 이 시각에 DTR 로 보드가 리셋된다 — 분석에서 '우리가 만든 리셋'으로 표시할 것
17:01:20  «tap» 포트 열림 (dsrdtr=False)
17:01:22  
17:01:22  [PARKING NODE] proto v1 / 10 slots / dev=P1
17:01:22  [BOOT] 리셋 원인: 불명 (부트로더가 MCUSR 을 지우고 넘어왔다)
17:01:22  [BOOT] 사다리 4단(ESP 하드리셋선) 미배선 — A2 를 ESP RST 에 물리고 ESP_RST_WIRED=1 · 6단(워치독) 끔
17:01:23  [NET] 0 RST
17:01:23  [AT] "AT+RST" (6)
17:01:23  [AT] "ERROR" (5)
17:01:25  [NET] 1 CWMODE=1
17:01:25  [AT] "AT+CWMODE=1" (11)
17:01:25  [AT] "no change" (9)
17:01:25  [DIAG] offline step=2 사다리=0/0 rx=43 lines=4 up=3s
17:01:26  [NET] 2 CWJAP (응답까지 최대 30초 기다린다)
17:01:26  [AT] "AT+CWJAP="3F_302","0424719222!!"" (32)
17:01:26  [AT] "ERROR" (5)
17:01:26  [NET] ★ CWJAP 실패 1회 (구형 펌웨어는 사유를 주지 않는다)
17:01:26  [LADDER] 실패(CWJAP FAIL) CWJAP소요 0s · 연속 1회 · 결합유지 없음 · 현재 0단(0회 누적)
17:01:26  [LADDER] ↑↑ 단 상승 → 1단
17:01:26  [LADDER] 1단 조치: 시리얼 드레인 8바이트 버림 + 줄 조립 초기화
17:01:26  [NET] 3 CIFSR (IP 를 실제로 받았는가)
17:01:26  [AT] "AT+CIFSR" (8)
17:01:27  [AT] "0.0.0.0" (7)
17:01:27  [NET] ★ ESP 가 IP 를 잃었다 — 모듈 리셋으로 본다. 누적 사건 1
17:01:27  [AT] "OK" (2)
17:01:28  [DIAG] offline step=3 사다리=1/0 rx=113 lines=9 up=6s
17:01:29  [NET] 3 CIFSR (IP 를 실제로 받았는가)
17:01:29  [AT] "AT+CIFSR" (8)
17:01:29  [AT] "0.0.0.0" (7)
17:01:29  [AT] "OK" (2)
17:01:31  [AT] "OK" (2)
17:01:31  [DIAG] offline step=3 사다리=1/0 rx=145 lines=13 up=9s
17:01:31  [NET] 3 CIFSR (IP 를 실제로 받았는가)
17:01:31  [NET] CIFSR 3회에도 IP 가 없다 → CWJAP 부터 다시
17:01:31  [LADDER] 실패(CWJAP FAIL) CWJAP소요 5s · 연속 1회 · 결합유지 없음 · 현재 1단(0회 누적)
17:01:32  [LADDER] 1단 조치: 시리얼 드레인 32바이트 버림 + 줄 조립 초기화
17:01:33  [NET] 2 CWJAP (응답까지 최대 30초 기다린다)
17:01:33  [AT] "AT+CWJAP="3F_302","0424719222!!"" (32)
17:01:34  [DIAG] offline step=2 사다리=1/1 rx=180 lines=14 up=12s
17:01:37  [DIAG] offline step=2 사다리=1/1 rx=180 lines=14 up=15s
17:01:40  [AT] "OK" (2)
17:01:40  [NET] CWJAP OK — 결합됐다. IP 를 실제로 받았는지 CIFSR 로 확인한다
17:01:40  [NET] 3 CIFSR (IP 를 실제로 받았는가)
17:01:40  [AT] "AT+CIFSR" (8)
17:01:40  [AT] "192.168.0.214" (13)
17:01:40  [NET] ★ IP 확보: 192.168.0.214
17:01:40  [AT] "OK" (2)
17:01:40  [DIAG] offline step=4 사다리=1/1 rx=218 lines=18 up=18s
17:01:40  [NET] 4 CIPMUX=0
17:01:40  [AT] "AT+CIPMUX=0" (11)
17:01:40  [AT] "OK" (2)
17:01:40  [NET] CIPMUX=0 적용됨 → CIPSTART
17:01:40  [NET] 5 CIPSTART
17:01:40  [AT] "AT+CIPSTART="TCP","192.168.0.29",9991" (37)
17:01:40  [AT] "OK" (2)
17:01:40  [AT] "Linked" (6)
17:01:40  [NET] online (CONNECT) + 캐시 비움
17:01:41  [TX] S,0,0110000010,0000000000,19,P1,0B
17:01:41  [SLOT] n=16 tx=34 ack=0 due=0 r=1
17:01:41  [AT] "AT+CIPSEND=35" (13)
17:01:41  [AT] " S,0,0110000010,0000000000,19,P1,0B" (35)
17:01:41  [AT] "SEND OK" (7)
17:01:42  [TX] S,1,0110000010,0000000000,20,P1,00
17:01:42  [SLOT] n=17 tx=34 ack=0 due=0 r=1
17:01:42  [AT] "AT+CIPSEND=35" (13)
17:01:42  [AT] " S,1,0110000010,0000000000,20,P1,00" (35)
17:01:42  [AT] "SEND OK" (7)
17:01:44  [TX] S,2,0110000010,0000000000,21,P1,02
17:01:44  [SLOT] n=18 tx=34 ack=0 due=0 r=1
17:01:44  [AT] "AT+CIPSEND=35" (13)
17:01:44  [AT] " S,2,0110000010,0000000000,21,P1,02" (35)
17:01:44  [AT] "SEND OK" (7)
17:01:45  [TX] S,3,0110000010,0000000000,22,P1,00
17:01:45  [SLOT] n=19 tx=34 ack=0 due=0 r=1
17:01:45  [AT] "AT+CIPSEND=35" (13)
17:01:45  [AT] " S,3,0110000010,0000000000,22,P1,00" (35)
17:01:45  [AT] "SEND OK" (7)
17:01:46  [TX] S,4,0110000010,0000000000,24,P1,01
17:01:46  [SLOT] n=20 tx=34 ack=0 due=0 r=1
17:01:46  [AT] "AT+CIPSEND=35" (13)
17:01:46  [AT] " S,4,0110000010,0000000000,24,P1,01" (35)
17:01:46  [AT] "SEND OK" (7)
17:01:47  [TX] S,5,0110000010,0000000000,25,P1,01
17:01:47  [SLOT] n=21 tx=34 ack=0 due=0 r=1
17:01:47  [AT] "AT+CIPSEND=35" (13)
17:01:47  [AT] " S,5,0110000010,0000000000,25,P1,01" (35)
17:01:47  [AT] "SEND OK" (7)
17:01:48  [TX] S,6,0110000010,0000000000,26,P1,01
17:01:48  [SLOT] n=22 tx=34 ack=0 due=0 r=1
17:01:48  [AT] "AT+CIPSEND=35" (13)
17:01:48  [AT] " S,6,0110000010,0000000000,26,P1,01" (35)
17:01:48  [AT] "SEND OK" (7)
17:01:50  [TX] S,7,0110000010,0000000000,27,P1,01
17:01:50  [SLOT] n=23 tx=34 ack=0 due=0 r=1
17:01:50  [AT] "AT+CIPSEND=35" (13)
17:01:50  [AT] " S,7,0110000010,0000000000,27,P1,01" (35)
17:01:50  [AT] "SEND OK" (7)
17:01:51  [TX] S,8,0110000010,0000000000,28,P1,01
17:01:51  [SLOT] n=24 tx=34 ack=0 due=0 r=1
17:01:51  [AT] "AT+CIPSEND=35" (13)
17:01:51  [AT] " S,8,0110000010,0000000000,28,P1,01" (35)
17:01:51  [AT] "SEND OK" (7)
17:01:52  [TX] S,9,0110000010,0000000000,30,P1,09
17:01:52  [SLOT] n=25 tx=34 ack=0 due=0 r=1
17:01:52  [AT] "AT+CIPSEND=35" (13)
17:01:52  [AT] " S,9,0110000010,0000000000,30,P1,09" (35)
17:01:52  [AT] "SEND OK" (7)
17:01:53  [TX] S,10,0110000010,0000000000,31,P1,30
17:01:53  [SLOT] n=26 tx=35 ack=0 due=0 r=1
17:01:53  [AT] "AT+CIPSEND=36" (13)
17:01:53  [AT] " S,10,0110000010,0000000000,31,P1,30" (36)
17:01:53  [AT] "SEND OK" (7)
17:01:54  [TX] S,11,0110000010,0000000000,32,P1,32
17:01:54  [SLOT] n=27 tx=35 ack=0 due=0 r=1
17:01:54  [AT] "AT+CIPSEND=36" (13)
17:01:55  [AT] " S,11,0110000010,0000000000,32,P1,32" (36)
17:01:55  [AT] "SEND OK" (7)
17:01:56  [TX] S,12,0110000010,0000000000,33,P1,30
17:01:56  [SLOT] n=28 tx=35 ack=0 due=0 r=1
17:01:56  [AT] "AT+CIPSEND=36" (13)
17:01:56  [AT] " S,12,0110000010,0000000000,33,P1,30" (36)
17:01:56  [AT] "SEND OK" (7)
17:01:57  [TX] S,13,0110000010,0000000000,34,P1,36
17:01:57  [SLOT] n=29 tx=35 ack=0 due=0 r=1
17:01:57  [AT] "AT+CIPSEND=36" (13)
17:01:57  [AT] " S,13,0110000010,0000000000,34,P1,36" (36)
17:01:57  [AT] "SEND OK" (7)
17:01:58  [TX] S,14,0110000010,0000000000,36,P1,33
17:01:58  [SLOT] n=30 tx=35 ack=0 due=0 r=1
17:01:58  [AT] "AT+CIPSEND=36" (13)
17:01:58  [AT] " S,14,0110000010,0000000000,36,P1,33" (36)
17:01:58  [AT] "SEND OK" (7)
17:01:59  [TX] S,15,0110000010,0000000000,37,P1,33
17:01:59  [SLOT] n=31 tx=35 ack=0 due=0 r=1
17:01:59  [AT] "AT+CIPSEND=36" (13)
17:01:59  [AT] " S,15,0110000010,0000000000,37,P1,33" (36)
17:01:59  [AT] "SEND OK" (7)
17:02:00  [TX] S,16,0110000010,0000000000,38,P1,3F
17:02:00  [SLOT] n=32 tx=35 ack=0 due=0 r=1
17:02:00  [AT] "AT+CIPSEND=36" (13)
17:02:01  [AT] " S,16,0110000010,0000000000,38,P1,3F" (36)
17:02:01  [AT] "SEND OK" (7)
17:02:02  [TX] S,17,0110000010,0000000000,39,P1,3F
17:02:02  [SLOT] n=33 tx=35 ack=0 due=0 r=1
17:02:02  [AT] "AT+CIPSEND=36" (13)
17:02:02  [AT] " S,17,0110000010,0000000000,39,P1,3F" (36)
17:02:02  [AT] "SEND OK" (7)
17:02:03  [TX] S,18,0110000010,0000000000,40,P1,3E
17:02:03  [SLOT] n=34 tx=35 ack=0 due=0 r=1
17:02:03  [AT] "AT+CIPSEND=36" (13)
17:02:03  [AT] " S,18,0110000010,0000000000,40,P1,3E" (36)
17:02:03  [AT] "SEND OK" (7)
17:02:04  [TX] S,19,0110000010,0000000000,42,P1,3D
17:02:04  [SLOT] n=35 tx=35 ack=0 due=0 r=1
17:02:04  [AT] "AT+CIPSEND=36" (13)
17:02:04  [AT] " S,19,0110000010,0000000000,42,P1,3D" (36)
17:02:04  [AT] "SEND OK" (7)
17:02:05  [TX] S,20,0110000010,0000000000,43,P1,36
17:02:05  [SLOT] n=36 tx=35 ack=0 due=0 r=1
17:02:05  [AT] "AT+CIPSEND=36" (13)
17:02:06  [AT] " S,20,0110000010,0000000000,43,P1,36" (36)
17:02:06  [AT] "SEND OK" (7)
17:02:06  [TX] S,21,0110000010,0000000000,44,P1,30
17:02:06  [SLOT] n=37 tx=35 ack=0 due=0 r=1
17:02:06  [AT] "AT+CIPSEND=36" (13)
17:02:06  [AT] " S,21,0110000010,0000000000,44,P1,30" (36)
17:02:06  [AT] "SEND OK" (7)
17:02:08  [TX] S,22,0110000010,0000000000,45,P1,32
17:02:08  [SLOT] n=38 tx=35 ack=0 due=0 r=1
17:02:08  [AT] "AT+CIPSEND=36" (13)
17:02:08  [AT] " S,22,0110000010,0000000000,45,P1,32" (36)
17:02:08  [AT] "SEND OK" (7)
17:02:09  [TX] S,23,0110000010,0000000000,46,P1,30
17:02:09  [SLOT] n=39 tx=35 ack=0 due=0 r=1
17:02:09  [AT] "AT+CIPSEND=36" (13)
17:02:09  [AT] " S,23,0110000010,0000000000,46,P1,30" (36)
17:02:09  [AT] "SEND OK" (7)
17:02:10  [TX] S,24,0110000010,0000000000,48,P1,39
17:02:10  [SLOT] n=40 tx=35 ack=0 due=0 r=1
17:02:10  [AT] "AT+CIPSEND=36" (13)
17:02:10  [AT] " S,24,0110000010,0000000000,48,P1,39" (36)
17:02:10  [AT] "SEND OK" (7)
17:02:10  [LADDER] ↓ 30초 연속 온라인 — 사다리를 0단으로 내린다 (직전 1단)
17:02:11  [TX] S,25,0110000010,0000000000,49,P1,39
17:02:11  [SLOT] n=41 tx=35 ack=0 due=0 r=1
17:02:11  [AT] "AT+CIPSEND=36" (13)
17:02:11  [AT] " S,25,0110000010,0000000000,49,P1,39" (36)
17:02:11  [AT] "SEND OK" (7)
17:02:12  [TX] S,26,0110000010,0000000000,50,P1,32
17:02:12  [SLOT] n=42 tx=35 ack=0 due=0 r=1
17:02:12  [AT] "AT+CIPSEND=36" (13)
17:02:12  [AT] " S,26,0110000010,0000000000,50,P1,32" (36)
17:02:12  [AT] "SEND OK" (7)
17:02:14  [TX] S,27,0110000010,0000000000,51,P1,32
17:02:14  [SLOT] n=43 tx=35 ack=0 due=0 r=1
17:02:14  [AT] "AT+CIPSEND=36" (13)
17:02:14  [AT] " S,27,0110000010,0000000000,51,P1,32" (36)
17:02:14  [AT] "SEND OK" (7)
17:02:15  [TX] S,28,0110000010,0000000000,52,P1,3E
17:02:15  [SLOT] n=44 tx=35 ack=0 due=0 r=1
17:02:15  [AT] "AT+CIPSEND=36" (13)
17:02:15  [AT] " S,28,0110000010,0000000000,52,P1,3E" (36)
17:02:15  [AT] "SEND OK" (7)
17:02:16  [TX] S,29,0110000010,0000000000,54,P1,39
17:02:16  [SLOT] n=45 tx=35 ack=0 due=0 r=1
17:02:16  [AT] "AT+CIPSEND=36" (13)
17:02:16  [AT] " S,29,0110000010,0000000000,54,P1,39" (36)
17:02:16  [AT] "SEND OK" (7)
17:02:17  [TX] S,30,0110000010,0000000000,55,P1,30
17:02:17  [SLOT] n=46 tx=35 ack=0 due=0 r=1
17:02:17  [AT] "AT+CIPSEND=36" (13)
17:02:17  [AT] " S,30,0110000010,0000000000,55,P1,30" (36)
17:02:17  [AT] "SEND OK" (7)
17:02:18  [TX] S,31,0110000010,0000000000,56,P1,32
17:02:18  [SLOT] n=47 tx=35 ack=0 due=0 r=1
17:02:18  [AT] "AT+CIPSEND=36" (13)
17:02:18  [AT] " S,31,0110000010,0000000000,56,P1,32" (36)
17:02:18  [AT] "SEND OK" (7)
17:02:19  [TX] S,32,0110000010,0000000000,57,P1,30
17:02:19  [SLOT] n=48 tx=35 ack=0 due=0 r=1
17:02:19  [AT] "AT+CIPSEND=36" (13)
17:02:20  [AT] " S,32,0110000010,0000000000,57,P1,30" (36)
17:02:20  [AT] "SEND OK" (7)
17:02:21  [TX] S,33,0110000010,0000000000,58,P1,3E
17:02:21  [SLOT] n=49 tx=35 ack=0 due=0 r=1
17:02:21  [AT] "AT+CIPSEND=36" (13)
17:02:21  [AT] " S,33,0110000010,0000000000,58,P1,3E" (36)
17:02:21  [AT] "SEND OK" (7)
17:02:22  [TX] S,34,0110000010,0000000000,60,P1,32
17:02:22  [SLOT] n=50 tx=35 ack=0 due=0 r=1
17:02:22  [CNT] up=60 drop=0 esprst=1 resync=0 sendfail=0 okto=0 stuck=0 ackq=0 ackdrop=0 ackstale=0 slot=50 oow=0 smiss=1 ssovf=0 cksumng=0 okstream=34 penddrop=0 skip=0 online=1
17:02:22  [RAM] 최저 여유 820 B · 프롬프트 재동기 0회 (서버의 '버린줄' 과 맞아야 한다)
17:02:22  [AT] " S,34,0110000010,0000000000,60,P1,32" (36)
17:02:22  [AT] "SEND OK" (7)
17:02:22  [AT] "AT+CIPSEND=36" (13)
17:02:23  [TX] S,35,0110000010,0000000000,61,P1,32
17:02:23  [SLOT] n=51 tx=35 ack=0 due=0 r=1
17:02:23  [AT] "AT+CIPSEND=36" (13)
17:02:23  [AT] " S,35,0110000010,0000000000,61,P1,32" (36)
17:02:23  [AT] "SEND OK" (7)
17:02:24  [TX] S,36,0110000010,0000000000,62,P1,32
17:02:24  [SLOT] n=52 tx=35 ack=0 due=0 r=1
17:02:24  [AT] "AT+CIPSEND=36" (13)
17:02:24  [AT] " S,36,0110000010,0000000000,62,P1,32" (36)
17:02:24  [AT] "SEND OK" (7)
17:02:25  [TX] S,37,0110000010,0000000000,63,P1,32
17:02:25  [SLOT] n=53 tx=35 ack=0 due=0 r=1
17:02:25  [AT] "AT+CIPSEND=36" (13)
17:02:25  [AT] " S,37,0110000010,0000000000,63,P1,32" (36)
17:02:25  [AT] "SEND OK" (7)
17:02:27  [TX] S,38,0110000010,0000000000,64,P1,3A
17:02:27  [SLOT] n=54 tx=35 ack=0 due=0 r=1
17:02:27  [AT] "AT+CIPSEND=36" (13)
17:02:27  [AT] " S,38,0110000010,0000000000,64,P1,3A" (36)
17:02:27  [AT] "SEND OK" (7)
17:02:28  [TX] S,39,0110000010,0000000000,66,P1,39
17:02:28  [SLOT] n=55 tx=35 ack=0 due=0 r=1
17:02:28  [AT] "AT+CIPSEND=36" (13)
17:02:28  [AT] " S,39,0110000010,0000000000,66,P1,39" (36)
17:02:28  [AT] "SEND OK" (7)
17:02:29  [TX] S,40,0110000010,0000000000,67,P1,36
17:02:29  [SLOT] n=56 tx=35 ack=0 due=0 r=1
17:02:29  [AT] "AT+CIPSEND=36" (13)
17:02:29  [AT] " S,40,0110000010,0000000000,67,P1,36" (36)
17:02:29  [AT] "SEND OK" (7)
17:02:30  [TX] S,41,0110000010,0000000000,68,P1,38
17:02:30  [SLOT] n=57 tx=35 ack=0 due=0 r=1
17:02:30  [AT] "AT+CIPSEND=36" (13)
17:02:30  [AT] " S,41,0110000010,0000000000,68,P1,38" (36)
17:02:30  [AT] "SEND OK" (7)
17:02:31  [TX] S,42,0110000010,0000000000,69,P1,3A
17:02:31  [SLOT] n=58 tx=35 ack=0 due=0 r=1
17:02:31  [AT] "AT+CIPSEND=36" (13)
17:02:31  [AT] " S,42,0110000010,0000000000,69,P1,3A" (36)
17:02:31  [AT] "SEND OK" (7)
17:02:33  [TX] S,43,0110000010,0000000000,70,P1,33
17:02:33  [SLOT] n=59 tx=35 ack=0 due=0 r=1
17:02:33  [AT] "AT+CIPSEND=36" (13)
17:02:33  [AT] " S,43,0110000010,0000000000,70,P1,33" (36)
17:02:33  [AT] "SEND OK" (7)
17:02:34  [TX] S,44,0110000010,0000000000,72,P1,36
17:02:34  [SLOT] n=60 tx=35 ack=0 due=0 r=1
17:02:34  [AT] "AT+CIPSEND=36" (13)
17:02:34  [AT] " S,44,0110000010,0000000000,72,P1,36" (36)
17:02:34  [AT] "SEND OK" (7)
17:02:35  [TX] S,45,0110000010,0000000000,73,P1,36
17:02:35  [SLOT] n=61 tx=35 ack=0 due=0 r=1
17:02:35  [AT] "AT+CIPSEND=36" (13)
17:02:35  [AT] " S,45,0110000010,0000000000,73,P1,36" (36)
17:02:35  [AT] "SEND OK" (7)
17:02:36  [TX] S,46,0110000010,0000000000,74,P1,32
17:02:36  [SLOT] n=62 tx=35 ack=0 due=0 r=1
17:02:36  [AT] "AT+CIPSEND=36" (13)
17:02:36  [AT] " S,46,0110000010,0000000000,74,P1,32" (36)
17:02:36  [AT] "SEND OK" (7)
17:02:37  [TX] S,47,0110000010,0000000000,75,P1,32
17:02:37  [SLOT] n=63 tx=35 ack=0 due=0 r=1
17:02:37  [AT] "AT+CIPSEND=36" (13)
17:02:37  [AT] " S,47,0110000010,0000000000,75,P1,32" (36)
17:02:37  [AT] "SEND OK" (7)
17:02:39  [TX] S,48,0110000010,0000000000,76,P1,3E
17:02:39  [SLOT] n=64 tx=35 ack=0 due=0 r=1
17:02:39  [AT] "AT+CIPSEND=36" (13)
17:02:39  [AT] " S,48,0110000010,0000000000,76,P1,3E" (36)
17:02:39  [AT] "SEND OK" (7)
17:02:40  [TX] S,49,0110000010,0000000000,78,P1,31
17:02:40  [SLOT] n=65 tx=35 ack=0 due=0 r=1
17:02:40  [AT] "AT+CIPSEND=36" (13)
17:02:40  [AT] " S,49,0110000010,0000000000,78,P1,31" (36)
17:02:40  [AT] "SEND OK" (7)
17:02:41  [TX] S,50,0110000010,0000000000,79,P1,38
17:02:41  [SLOT] n=66 tx=35 ack=0 due=0 r=1
17:02:41  [AT] "AT+CIPSEND=36" (13)
17:02:41  [AT] " S,50,0110000010,0000000000,79,P1,38" (36)
17:02:41  [AT] "SEND OK" (7)
17:02:42  [TX] S,51,0110000010,0000000000,80,P1,3F
17:02:42  [SLOT] n=67 tx=35 ack=0 due=0 r=1
17:02:42  [AT] "AT+CIPSEND=36" (13)
17:02:42  [AT] " S,51,0110000010,0000000000,80,P1,3F" (36)
17:02:42  [AT] "SEND OK" (7)
17:02:43  [TX] S,52,0110000010,0000000000,81,P1,3D
17:02:43  [SLOT] n=68 tx=35 ack=0 due=0 r=1
17:02:43  [AT] "AT+CIPSEND=36" (13)
17:02:43  [AT] " S,52,0110000010,0000000000,81,P1,3D" (36)
17:02:43  [AT] "SEND OK" (7)
17:02:45  [TX] S,53,0110000010,0000000000,82,P1,3F
17:02:45  [SLOT] n=69 tx=35 ack=0 due=0 r=1
17:02:45  [AT] "AT+CIPSEND=36" (13)
17:02:45  [AT] " S,53,0110000010,0000000000,82,P1,3F" (36)
17:02:45  [AT] "SEND OK" (7)
17:02:46  [TX] S,54,0110000010,0000000000,84,P1,3E
17:02:46  [SLOT] n=70 tx=35 ack=0 due=0 r=1
17:02:46  [AT] "AT+CIPSEND=36" (13)
17:02:46  [AT] " S,54,0110000010,0000000000,84,P1,3E" (36)
17:02:46  [AT] "SEND OK" (7)
17:02:47  [TX] S,55,0110000010,0000000000,85,P1,3E
17:02:47  [SLOT] n=71 tx=35 ack=0 due=0 r=1
17:02:47  [AT] "AT+CIPSEND=36" (13)
17:02:47  [AT] " S,55,0110000010,0000000000,85,P1,3E" (36)
17:02:47  [AT] "SEND OK" (7)
17:02:48  [TX] S,56,0110000010,0000000000,86,P1,3E
17:02:48  [SLOT] n=72 tx=35 ack=0 due=0 r=1
17:02:48  [AT] "AT+CIPSEND=36" (13)
17:02:48  [AT] " S,56,0110000010,0000000000,86,P1,3E" (36)
17:02:48  [AT] "SEND OK" (7)
17:02:49  [TX] S,57,0110000010,0000000000,87,P1,3E
17:02:49  [SLOT] n=73 tx=35 ack=0 due=0 r=1
17:02:49  [AT] "AT+CIPSEND=36" (13)
17:02:49  [AT] " S,57,0110000010,0000000000,87,P1,3E" (36)
17:02:49  [AT] "SEND OK" (7)
17:02:51  [TX] S,58,0110000010,0000000000,88,P1,3E
17:02:51  [SLOT] n=74 tx=35 ack=0 due=0 r=1
17:02:51  [AT] "AT+CIPSEND=36" (13)
17:02:51  [AT] " S,58,0110000010,0000000000,88,P1,3E" (36)
17:02:51  [AT] "SEND OK" (7)
17:02:52  [TX] S,59,0110000010,0000000000,90,P1,36
17:02:52  [SLOT] n=75 tx=35 ack=0 due=0 r=1
17:02:52  [AT] "AT+CIPSEND=36" (13)
17:02:52  [AT] " S,59,0110000010,0000000000,90,P1,36" (36)
17:02:52  [AT] "SEND OK" (7)
17:02:53  [TX] S,60,0110000010,0000000000,91,P1,3D
17:02:53  [SLOT] n=76 tx=35 ack=0 due=0 r=1
17:02:53  [AT] "AT+CIPSEND=36" (13)
17:02:53  [AT] " S,60,0110000010,0000000000,91,P1,3D" (36)
17:02:53  [AT] "SEND OK" (7)
17:02:54  [TX] S,61,0110000010,0000000000,92,P1,3F
17:02:54  [SLOT] n=77 tx=35 ack=0 due=0 r=1
17:02:54  [AT] "AT+CIPSEND=36" (13)
17:02:54  [AT] " S,61,0110000010,0000000000,92,P1,3F" (36)
17:02:54  [AT] "SEND OK" (7)
17:02:55  [TX] S,62,0110000010,0000000000,93,P1,3D
17:02:55  [SLOT] n=78 tx=35 ack=0 due=0 r=1
17:02:55  [AT] "AT+CIPSEND=36" (13)
17:02:55  [AT] " S,62,0110000010,0000000000,93,P1,3D" (36)
17:02:55  [AT] "SEND OK" (7)
17:02:56  [TX] S,63,0110000010,0000000000,94,P1,3B
17:02:56  [SLOT] n=79 tx=35 ack=0 due=0 r=1
17:02:56  [AT] "AT+CIPSEND=36" (13)
17:02:57  [AT] " S,63,0110000010,0000000000,94,P1,3B" (36)
17:02:57  [AT] "SEND OK" (7)
17:02:58  [TX] S,64,0110000010,0000000000,96,P1,3E
17:02:58  [SLOT] n=80 tx=35 ack=0 due=0 r=1
17:02:58  [AT] "AT+CIPSEND=36" (13)
17:02:58  [AT] " S,64,0110000010,0000000000,96,P1,3E" (36)
17:02:58  [AT] "SEND OK" (7)
17:02:59  [TX] S,65,0110000010,0000000000,97,P1,3E
17:02:59  [SLOT] n=81 tx=35 ack=0 due=0 r=1
17:02:59  [AT] "AT+CIPSEND=36" (13)
17:02:59  [AT] " S,65,0110000010,0000000000,97,P1,3E" (36)
17:02:59  [AT] "SEND OK" (7)
17:03:00  [TX] S,66,0110000010,0000000000,98,P1,32
17:03:00  [SLOT] n=82 tx=35 ack=0 due=0 r=1
17:03:00  [AT] "AT+CIPSEND=36" (13)
17:03:00  [AT] " S,66,0110000010,0000000000,98,P1,32" (36)
17:03:00  [AT] "SEND OK" (7)
17:03:01  [TX] S,67,0110000010,0000000000,99,P1,32
17:03:01  [SLOT] n=83 tx=35 ack=0 due=0 r=1
17:03:01  [AT] "AT+CIPSEND=36" (13)
17:03:01  [AT] " S,67,0110000010,0000000000,99,P1,32" (36)
17:03:01  [AT] "SEND OK" (7)
17:03:02  [TX] S,68,0110000010,0000000000,100,P1,0C
17:03:02  [SLOT] n=84 tx=36 ack=0 due=0 r=1
17:03:02  [AT] "AT+CIPSEND=37" (13)
17:03:02  [AT] " S,68,0110000010,0000000000,100,P1,0C" (37)
17:03:02  [AT] "SEND OK" (7)
17:03:04  [TX] S,69,0110000010,0000000000,102,P1,0F
17:03:04  [SLOT] n=85 tx=36 ack=0 due=0 r=1
17:03:04  [AT] "AT+CIPSEND=37" (13)
17:03:04  [AT] " S,69,0110000010,0000000000,102,P1,0F" (37)
17:03:04  [AT] "SEND OK" (7)
17:03:05  [TX] S,70,0110000010,0000000000,103,P1,06
17:03:05  [SLOT] n=86 tx=36 ack=0 due=0 r=1
17:03:05  [AT] "AT+CIPSEND=37" (13)
17:03:05  [AT] " S,70,0110000010,0000000000,103,P1,06" (37)
17:03:05  [AT] "SEND OK" (7)
17:03:06  [TX] S,71,0110000010,0000000000,104,P1,00
17:03:06  [SLOT] n=87 tx=36 ack=0 due=0 r=1
17:03:06  [AT] "AT+CIPSEND=37" (13)
17:03:06  [AT] " S,71,0110000010,0000000000,104,P1,00" (37)
17:03:06  [AT] "SEND OK" (7)
17:03:07  [TX] S,72,0110000010,0000000000,105,P1,02
17:03:07  [SLOT] n=88 tx=36 ack=0 due=0 r=1
17:03:07  [AT] "AT+CIPSEND=37" (13)
17:03:07  [AT] " S,72,0110000010,0000000000,105,P1,02" (37)
17:03:07  [AT] "SEND OK" (7)
17:03:08  [TX] S,73,0110000010,0000000000,106,P1,00
17:03:08  [SLOT] n=89 tx=36 ack=0 due=0 r=1
17:03:08  [AT] "AT+CIPSEND=37" (13)
17:03:08  [AT] " S,73,0110000010,0000000000,106,P1,00" (37)
17:03:08  [AT] "SEND OK" (7)
17:03:10  [TX] S,74,0110000010,0000000000,108,P1,09
17:03:10  [SLOT] n=90 tx=36 ack=0 due=0 r=1
17:03:10  [AT] "AT+CIPSEND=37" (13)
17:03:10  [AT] " S,74,0110000010,0000000000,108,P1,09" (37)
17:03:10  [AT] "SEND OK" (7)
17:03:11  [TX] S,75,0110000010,0000000000,109,P1,09
17:03:11  [SLOT] n=91 tx=36 ack=0 due=0 r=1
17:03:11  [AT] "AT+CIPSEND=37" (13)
17:03:11  [AT] " S,75,0110000010,0000000000,109,P1,09" (37)
17:03:11  [AT] "SEND OK" (7)
17:03:12  [TX] S,76,0110000010,0000000000,110,P1,02
17:03:12  [SLOT] n=92 tx=36 ack=0 due=0 r=1
17:03:12  [AT] "AT+CIPSEND=37" (13)
17:03:12  [AT] " S,76,0110000010,0000000000,110,P1,02" (37)
17:03:12  [AT] "SEND OK" (7)
17:03:13  [TX] S,77,0110000010,0000000000,111,P1,02
17:03:13  [SLOT] n=93 tx=36 ack=0 due=0 r=1
17:03:13  [AT] "AT+CIPSEND=37" (13)
17:03:13  [AT] " S,77,0110000010,0000000000,111,P1,02" (37)
17:03:13  [AT] "SEND OK" (7)
17:03:14  [TX] S,78,0110000010,0000000000,112,P1,0E
17:03:14  [SLOT] n=94 tx=36 ack=0 due=0 r=1
17:03:14  [AT] "AT+CIPSEND=37" (13)
17:03:14  [AT] " S,78,0110000010,0000000000,112,P1,0E" (37)
17:03:14  [AT] "SEND OK" (7)
17:03:16  [TX] S,79,0110000010,0000000000,114,P1,09
17:03:16  [SLOT] n=95 tx=36 ack=0 due=0 r=1
17:03:16  [AT] "AT+CIPSEND=37" (13)
17:03:16  [AT] " S,79,0110000010,0000000000,114,P1,09" (37)
17:03:16  [AT] "SEND OK" (7)
17:03:17  [TX] S,80,0110000010,0000000000,115,P1,0E
17:03:17  [SLOT] n=96 tx=36 ack=0 due=0 r=1
17:03:17  [AT] "AT+CIPSEND=37" (13)
17:03:17  [AT] " S,80,0110000010,0000000000,115,P1,0E" (37)
17:03:17  [AT] "SEND OK" (7)
17:03:18  [TX] S,81,0110000010,0000000000,116,P1,0C
17:03:18  [SLOT] n=97 tx=36 ack=0 due=0 r=1
17:03:18  [AT] "AT+CIPSEND=37" (13)
17:03:18  [AT] " S,81,0110000010,0000000000,116,P1,0C" (37)
17:03:18  [AT] "SEND OK" (7)
17:03:19  [TX] S,82,0110000010,0000000000,117,P1,0E
17:03:19  [SLOT] n=98 tx=36 ack=0 due=0 r=1
17:03:19  [AT] "AT+CIPSEND=37" (13)
17:03:19  [AT] " S,82,0110000010,0000000000,117,P1,0E" (37)
17:03:19  [AT] "SEND OK" (7)
17:03:21  [TX] S,83,0110000010,0000000000,118,P1,00
17:03:21  [SLOT] n=99 tx=36 ack=0 due=0 r=1
17:03:21  [AT] "AT+CIPSEND=37" (13)
17:03:21  [AT] " S,83,0110000010,0000000000,118,P1,00" (37)
17:03:21  [AT] "SEND OK" (7)
17:03:23  [TX] S,84,0110000010,0000000000,120,P1,0C
17:03:23  [SLOT] n=100 tx=36 ack=0 due=0 r=1
17:03:23  [CNT] up=120 drop=0 esprst=1 resync=0 sendfail=0 okto=0 stuck=0 ackq=0 ackdrop=0 ackstale=0 slot=100 oow=0 smiss=1 ssovf=0 cksumng=0 okstream=84 penddrop=0 skip=0 online=1
17:03:23  [RAM] 최저 여유 820 B · 프롬프트 재동기 0회 (서버의 '버린줄' 과 맞아야 한다)
17:03:23  [AT] "AT+CIPSEND=37" (13)
17:03:23  [AT] " S,84,0110000010,0000000000,120,P1,0C" (37)
17:03:23  [AT] "SEND OK" (7)
17:03:24  [TX] S,85,0110000010,0000000000,121,P1,0C
17:03:24  [SLOT] n=101 tx=36 ack=0 due=0 r=1
17:03:24  [AT] "AT+CIPSEND=37" (13)
17:03:24  [AT] " S,85,0110000010,0000000000,121,P1,0C" (37)
17:03:24  [AT] "SEND OK" (7)
17:03:25  [TX] S,86,0110000010,0000000000,122,P1,0C
17:03:25  [SLOT] n=102 tx=36 ack=0 due=0 r=1
17:03:25  [AT] "AT+CIPSEND=37" (13)
17:03:25  [AT] " S,86,0110000010,0000000000,122,P1,0C" (37)
17:03:25  [AT] "SEND OK" (7)
17:03:26  [TX] S,87,0110000010,0000000000,123,P1,0C
17:03:26  [SLOT] n=103 tx=36 ack=0 due=0 r=1
17:03:26  [AT] "AT+CIPSEND=37" (13)
17:03:26  [AT] " S,87,0110000010,0000000000,123,P1,0C" (37)
17:03:26  [AT] "SEND OK" (7)
17:03:27  [TX] S,88,0110000010,0000000000,124,P1,04
17:03:27  [SLOT] n=104 tx=36 ack=0 due=0 r=1
17:03:27  [AT] "AT+CIPSEND=37" (13)
17:03:27  [AT] " S,88,0110000010,0000000000,124,P1,04" (37)
17:03:27  [AT] "SEND OK" (7)
17:03:29  [TX] S,89,0110000010,0000000000,126,P1,07
17:03:29  [SLOT] n=105 tx=36 ack=0 due=0 r=1
17:03:29  [AT] "AT+CIPSEND=37" (13)
17:03:29  [AT] " S,89,0110000010,0000000000,126,P1,07" (37)
17:03:29  [AT] "SEND OK" (7)
17:03:30  [TX] S,90,0110000010,0000000000,127,P1,0E
17:03:30  [SLOT] n=106 tx=36 ack=0 due=0 r=1
17:03:30  [AT] "AT+CIPSEND=37" (13)
17:03:30  [AT] " S,90,0110000010,0000000000,127,P1,0E" (37)
17:03:30  [AT] "SEND OK" (7)
17:03:31  [TX] S,91,0110000010,0000000000,128,P1,00
17:03:31  [SLOT] n=107 tx=36 ack=0 due=0 r=1
17:03:31  [AT] "AT+CIPSEND=37" (13)
17:03:31  [AT] " S,91,0110000010,0000000000,128,P1,00" (37)
17:03:31  [AT] "SEND OK" (7)
17:03:32  [TX] S,92,0110000010,0000000000,129,P1,02
17:03:32  [SLOT] n=108 tx=36 ack=0 due=0 r=1
17:03:32  [AT] "AT+CIPSEND=37" (13)
17:03:32  [AT] " S,92,0110000010,0000000000,129,P1,02" (37)
17:03:32  [AT] "SEND OK" (7)
17:03:33  [TX] S,93,0110000010,0000000000,130,P1,0B
17:03:33  [SLOT] n=109 tx=36 ack=0 due=0 r=1
17:03:33  [AT] "AT+CIPSEND=37" (13)
17:03:34  [AT] " S,93,0110000010,0000000000,130,P1,0B" (37)
17:03:34  [AT] "SEND OK" (7)
17:03:35  [TX] S,94,0110000010,0000000000,132,P1,0E
17:03:35  [SLOT] n=110 tx=36 ack=0 due=0 r=1
17:03:35  [AT] "AT+CIPSEND=37" (13)
17:03:35  [AT] " S,94,0110000010,0000000000,132,P1,0E" (37)
17:03:35  [AT] "SEND OK" (7)
17:03:36  [TX] S,95,0110000010,0000000000,133,P1,0E
17:03:36  [SLOT] n=111 tx=36 ack=0 due=0 r=1
17:03:36  [AT] "AT+CIPSEND=37" (13)
17:03:36  [AT] " S,95,0110000010,0000000000,133,P1,0E" (37)
17:03:36  [AT] "SEND OK" (7)
17:03:37  [TX] S,96,0110000010,0000000000,134,P1,0A
17:03:37  [SLOT] n=112 tx=36 ack=0 due=0 r=1
17:03:37  [AT] "AT+CIPSEND=37" (13)
17:03:37  [AT] " S,96,0110000010,0000000000,134,P1,0A" (37)
17:03:37  [AT] "SEND OK" (7)
17:03:38  [TX] S,97,0110000010,0000000000,135,P1,0A
17:03:38  [SLOT] n=113 tx=36 ack=0 due=0 r=1
17:03:38  [AT] "AT+CIPSEND=37" (13)
17:03:38  [AT] " S,97,0110000010,0000000000,135,P1,0A" (37)
17:03:38  [AT] "SEND OK" (7)
17:03:39  [TX] S,98,0110000010,0000000000,136,P1,06
17:03:39  [SLOT] n=114 tx=36 ack=0 due=0 r=1
17:03:39  [AT] "AT+CIPSEND=37" (13)
17:03:39  [AT] " S,98,0110000010,0000000000,136,P1,06" (37)
17:03:39  [AT] "SEND OK" (7)
17:03:40  [TX] S,99,0110000010,0000000000,138,P1,09
17:03:40  [SLOT] n=115 tx=36 ack=0 due=0 r=1
17:03:40  [AT] "AT+CIPSEND=37" (13)
17:03:40  [AT] " S,99,0110000010,0000000000,138,P1,09" (37)
17:03:40  [AT] "SEND OK" (7)
17:03:42  [TX] S,100,0110000010,0000000000,139,P1,39
17:03:42  [SLOT] n=116 tx=37 ack=0 due=0 r=1
17:03:42  [AT] "AT+CIPSEND=38" (13)
17:03:42  [AT] " S,100,0110000010,0000000000,139,P1,39" (38)
17:03:42  [AT] "SEND OK" (7)
17:03:43  [TX] S,101,0110000010,0000000000,140,P1,36
17:03:43  [SLOT] n=117 tx=37 ack=0 due=0 r=1
17:03:43  [AT] "AT+CIPSEND=38" (13)
17:03:43  [AT] " S,101,0110000010,0000000000,140,P1,36" (38)
17:03:43  [AT] "SEND OK" (7)
17:03:44  [TX] S,102,0110000010,0000000000,141,P1,34
17:03:44  [SLOT] n=118 tx=37 ack=0 due=0 r=1
17:03:44  [AT] "AT+CIPSEND=38" (13)
17:03:44  [AT] " S,102,0110000010,0000000000,141,P1,34" (38)
17:03:44  [AT] "SEND OK" (7)
17:03:45  [TX] S,103,0110000010,0000000000,142,P1,36
17:03:45  [SLOT] n=119 tx=37 ack=0 due=0 r=1
17:03:45  [AT] "AT+CIPSEND=38" (13)
17:03:45  [AT] " S,103,0110000010,0000000000,142,P1,36" (38)
17:03:45  [AT] "SEND OK" (7)
17:03:46  [TX] S,104,0110000010,0000000000,144,P1,37
17:03:46  [SLOT] n=120 tx=37 ack=0 due=0 r=1
17:03:46  [AT] "AT+CIPSEND=38" (13)
17:03:47  [AT] " S,104,0110000010,0000000000,144,P1,37" (38)
17:03:47  [AT] "SEND OK" (7)
17:03:48  [TX] S,105,0110000010,0000000000,145,P1,37
17:03:48  [SLOT] n=121 tx=37 ack=0 due=0 r=1
17:03:48  [AT] "AT+CIPSEND=38" (13)
17:03:48  [AT] " S,105,0110000010,0000000000,145,P1,37" (38)
17:03:48  [AT] "SEND OK" (7)
17:03:49  [TX] S,106,0110000010,0000000000,146,P1,37
17:03:49  [SLOT] n=122 tx=37 ack=0 due=0 r=1
17:03:49  [AT] "AT+CIPSEND=38" (13)
17:03:49  [AT] " S,106,0110000010,0000000000,146,P1,37" (38)
17:03:49  [AT] "SEND OK" (7)
17:03:50  [TX] S,107,0110000010,0000000000,147,P1,37
17:03:50  [SLOT] n=123 tx=37 ack=0 due=0 r=1
17:03:50  [AT] "AT+CIPSEND=38" (13)
17:03:50  [AT] " S,107,0110000010,0000000000,147,P1,37" (38)
17:03:50  [AT] "SEND OK" (7)
17:03:51  [TX] S,108,0110000010,0000000000,148,P1,37
17:03:51  [SLOT] n=124 tx=37 ack=0 due=0 r=1
17:03:51  [AT] "AT+CIPSEND=38" (13)
17:03:51  [AT] " S,108,0110000010,0000000000,148,P1,37" (38)
17:03:51  [AT] "SEND OK" (7)
17:03:52  [TX] S,109,0110000010,0000000000,150,P1,3F
17:03:52  [SLOT] n=125 tx=37 ack=0 due=0 r=1
17:03:52  [AT] "AT+CIPSEND=38" (13)
17:03:53  [AT] " S,109,0110000010,0000000000,150,P1,3F" (38)
17:03:53  [AT] "SEND OK" (7)
17:03:54  [TX] S,110,0110000010,0000000000,151,P1,36
17:03:54  [SLOT] n=126 tx=37 ack=0 due=0 r=1
17:03:54  [AT] "AT+CIPSEND=38" (13)
17:03:54  [AT] " S,110,0110000010,0000000000,151,P1,36" (38)
17:03:54  [AT] "SEND OK" (7)
17:03:55  [TX] S,111,0110000010,0000000000,152,P1,34
17:03:55  [SLOT] n=127 tx=37 ack=0 due=0 r=1
17:03:55  [AT] "AT+CIPSEND=38" (13)
17:03:55  [AT] " S,111,0110000010,0000000000,152,P1,34" (38)
17:03:55  [AT] "SEND OK" (7)
17:03:56  [TX] S,112,0110000010,0000000000,153,P1,36
17:03:56  [SLOT] n=128 tx=37 ack=0 due=0 r=1
17:03:56  [AT] "AT+CIPSEND=38" (13)
17:03:56  [AT] " S,112,0110000010,0000000000,153,P1,36" (38)
17:03:56  [AT] "SEND OK" (7)
17:03:57  [TX] S,113,0110000010,0000000000,154,P1,30
17:03:57  [SLOT] n=129 tx=37 ack=0 due=0 r=1
17:03:57  [AT] "AT+CIPSEND=38" (13)
17:03:57  [AT] " S,113,0110000010,0000000000,154,P1,30" (38)
17:03:57  [AT] "SEND OK" (7)
17:03:58  [TX] S,114,0110000010,0000000000,156,P1,35
17:03:58  [SLOT] n=130 tx=37 ack=0 due=0 r=1
17:03:58  [AT] "AT+CIPSEND=38" (13)
17:03:58  [AT] " S,114,0110000010,0000000000,156,P1,35" (38)
17:03:58  [AT] "SEND OK" (7)
17:04:00  [TX] S,115,0110000010,0000000000,157,P1,35
17:04:00  [SLOT] n=131 tx=37 ack=0 due=0 r=1
17:04:00  [AT] "AT+CIPSEND=38" (13)
17:04:00  [AT] " S,115,0110000010,0000000000,157,P1,35" (38)
17:04:00  [AT] "SEND OK" (7)
17:04:01  [TX] S,116,0110000010,0000000000,158,P1,39
17:04:01  [SLOT] n=132 tx=37 ack=0 due=0 r=1
17:04:01  [AT] "AT+CIPSEND=38" (13)
17:04:01  [AT] " S,116,0110000010,0000000000,158,P1,39" (38)
17:04:01  [AT] "SEND OK" (7)
17:04:02  [TX] S,117,0110000010,0000000000,159,P1,39
17:04:02  [SLOT] n=133 tx=37 ack=0 due=0 r=1
17:04:02  [AT] "AT+CIPSEND=38" (13)
17:04:02  [AT] " S,117,0110000010,0000000000,159,P1,39" (38)
17:04:02  [AT] "SEND OK" (7)
17:04:03  [TX] S,118,0110000010,0000000000,160,P1,3C
17:04:03  [SLOT] n=134 tx=37 ack=0 due=0 r=1
17:04:03  [AT] "AT+CIPSEND=38" (13)
17:04:03  [AT] " S,118,0110000010,0000000000,160,P1,3C" (38)
17:04:03  [AT] "SEND OK" (7)
17:04:04  [TX] S,119,0110000010,0000000000,162,P1,3F
17:04:04  [SLOT] n=135 tx=37 ack=0 due=0 r=1
17:04:04  [AT] "AT+CIPSEND=38" (13)
17:04:04  [AT] " S,119,0110000010,0000000000,162,P1,3F" (38)
17:04:04  [AT] "SEND OK" (7)
17:04:06  [TX] S,120,0110000010,0000000000,163,P1,34
17:04:06  [SLOT] n=136 tx=37 ack=0 due=0 r=1
17:04:06  [AT] "AT+CIPSEND=38" (13)
17:04:06  [AT] " S,120,0110000010,0000000000,163,P1,34" (38)
17:04:06  [AT] "SEND OK" (7)
17:04:07  [TX] S,121,0110000010,0000000000,164,P1,32
17:04:07  [SLOT] n=137 tx=37 ack=0 due=0 r=1
17:04:07  [AT] "AT+CIPSEND=38" (13)
17:04:07  [AT] " S,121,0110000010,0000000000,164,P1,32" (38)
17:04:07  [AT] "SEND OK" (7)
17:04:08  [TX] S,122,0110000010,0000000000,165,P1,30
17:04:08  [SLOT] n=138 tx=37 ack=0 due=0 r=1
17:04:08  [AT] "AT+CIPSEND=38" (13)
17:04:08  [AT] " S,122,0110000010,0000000000,165,P1,30" (38)
17:04:08  [AT] "SEND OK" (7)
17:04:09  [TX] S,123,0110000010,0000000000,166,P1,32
17:04:09  [SLOT] n=139 tx=37 ack=0 due=0 r=1
17:04:09  [AT] "AT+CIPSEND=38" (13)
17:04:09  [AT] " S,123,0110000010,0000000000,166,P1,32" (38)
17:04:09  [AT] "SEND OK" (7)
17:04:10  [TX] S,124,0110000010,0000000000,168,P1,3B
17:04:10  [SLOT] n=140 tx=37 ack=0 due=0 r=1
17:04:10  [AT] "AT+CIPSEND=38" (13)
17:04:10  [AT] " S,124,0110000010,0000000000,168,P1,3B" (38)
17:04:10  [AT] "SEND OK" (7)
17:04:12  [TX] S,125,0110000010,0000000000,169,P1,3B
17:04:12  [SLOT] n=141 tx=37 ack=0 due=0 r=1
17:04:12  [AT] "AT+CIPSEND=38" (13)
17:04:12  [AT] " S,125,0110000010,0000000000,169,P1,3B" (38)
17:04:12  [AT] "SEND OK" (7)
17:04:13  [TX] S,126,0110000010,0000000000,170,P1,30
17:04:13  [SLOT] n=142 tx=37 ack=0 due=0 r=1
17:04:13  [AT] "AT+CIPSEND=38" (13)
17:04:13  [AT] " S,126,0110000010,0000000000,170,P1,30" (38)
17:04:13  [AT] "SEND OK" (7)
17:04:14  [TX] S,127,0110000010,0000000000,171,P1,30
17:04:14  [SLOT] n=143 tx=37 ack=0 due=0 r=1
17:04:14  [AT] "AT+CIPSEND=38" (13)
17:04:14  [AT] " S,127,0110000010,0000000000,171,P1,30" (38)
17:04:14  [AT] "SEND OK" (7)
17:04:15  [TX] S,128,0110000010,0000000000,172,P1,3C
17:04:15  [SLOT] n=144 tx=37 ack=0 due=0 r=1
17:04:15  [AT] "AT+CIPSEND=38" (13)
17:04:15  [AT] " S,128,0110000010,0000000000,172,P1,3C" (38)
17:04:15  [AT] "SEND OK" (7)
17:04:16  [TX] S,129,0110000010,0000000000,174,P1,3B
17:04:16  [SLOT] n=145 tx=37 ack=0 due=0 r=1
17:04:16  [AT] "AT+CIPSEND=38" (13)
17:04:16  [AT] " S,129,0110000010,0000000000,174,P1,3B" (38)
17:04:16  [AT] "SEND OK" (7)
17:04:18  [TX] S,130,0110000010,0000000000,175,P1,32
17:04:18  [SLOT] n=146 tx=37 ack=0 due=0 r=1
17:04:18  [AT] "AT+CIPSEND=38" (13)
17:04:18  [AT] " S,130,0110000010,0000000000,175,P1,32" (38)
17:04:18  [AT] "SEND OK" (7)
17:04:19  [TX] S,131,0110000010,0000000000,176,P1,30
17:04:19  [SLOT] n=147 tx=37 ack=0 due=0 r=1
17:04:19  [AT] "AT+CIPSEND=38" (13)
17:04:19  [AT] " S,131,0110000010,0000000000,176,P1,30" (38)
17:04:19  [AT] "SEND OK" (7)
17:04:20  [TX] S,132,0110000010,0000000000,177,P1,32
17:04:20  [SLOT] n=148 tx=37 ack=0 due=0 r=1
17:04:20  [AT] "AT+CIPSEND=38" (13)
17:04:20  [AT] " S,132,0110000010,0000000000,177,P1,32" (38)
17:04:20  [AT] "SEND OK" (7)
17:04:21  [TX] S,133,0110000010,0000000000,178,P1,3C
17:04:21  [SLOT] n=149 tx=37 ack=0 due=0 r=1
17:04:21  [AT] "AT+CIPSEND=38" (13)
17:04:21  [AT] " S,133,0110000010,0000000000,178,P1,3C" (38)
17:04:21  [AT] "SEND OK" (7)
17:04:22  [TX] S,134,0110000010,0000000000,180,P1,3C
17:04:22  [SLOT] n=150 tx=37 ack=0 due=0 r=1
17:04:22  [CNT] up=180 drop=0 esprst=1 resync=0 sendfail=0 okto=0 stuck=0 ackq=0 ackdrop=0 ackstale=0 slot=150 oow=0 smiss=1 ssovf=0 cksumng=0 okstream=134 penddrop=0 skip=0 online=1
17:04:22  [RAM] 최저 여유 820 B · 프롬프트 재동기 0회 (서버의 '버린줄' 과 맞아야 한다)
17:04:22  [AT] " S,134,0110000010,0000000000,180,P1,3C" (38)
17:04:22  [AT] "SEND OK" (7)
17:04:22  [AT] "AT+CIPSEND=38" (13)
17:04:24  [TX] S,135,0110000010,0000000000,181,P1,3C
17:04:24  [SLOT] n=151 tx=37 ack=0 due=0 r=1
17:04:24  [AT] "AT+CIPSEND=38" (13)
17:04:24  [AT] " S,135,0110000010,0000000000,181,P1,3C" (38)
17:04:24  [AT] "SEND OK" (7)
17:04:25  [TX] S,136,0110000010,0000000000,182,P1,3C
17:04:25  [SLOT] n=152 tx=37 ack=0 due=0 r=1
17:04:25  [AT] "AT+CIPSEND=38" (13)
17:04:25  [AT] " S,136,0110000010,0000000000,182,P1,3C" (38)
17:04:25  [AT] "SEND OK" (7)
17:04:26  [TX] S,137,0110000010,0000000000,183,P1,3C
17:04:26  [SLOT] n=153 tx=37 ack=0 due=0 r=1
17:04:26  [AT] "AT+CIPSEND=38" (13)
17:04:26  [AT] " S,137,0110000010,0000000000,183,P1,3C" (38)
17:04:26  [AT] "SEND OK" (7)
17:04:27  [TX] S,138,0110000010,0000000000,184,P1,34
17:04:27  [SLOT] n=154 tx=37 ack=0 due=0 r=1
17:04:27  [AT] "AT+CIPSEND=38" (13)
17:04:27  [AT] " S,138,0110000010,0000000000,184,P1,34" (38)
17:04:27  [AT] "SEND OK" (7)
17:04:28  [TX] S,139,0110000010,0000000000,186,P1,37
17:04:28  [SLOT] n=155 tx=37 ack=0 due=0 r=1
17:04:28  [AT] "AT+CIPSEND=38" (13)
17:04:28  [AT] " S,139,0110000010,0000000000,186,P1,37" (38)
17:04:28  [AT] "SEND OK" (7)
17:04:30  [TX] S,140,0110000010,0000000000,187,P1,38
17:04:30  [SLOT] n=156 tx=37 ack=0 due=0 r=1
17:04:30  [AT] "AT+CIPSEND=38" (13)
17:04:30  [AT] " S,140,0110000010,0000000000,187,P1,38" (38)
17:04:30  [AT] "SEND OK" (7)
17:04:31  [TX] S,141,0110000010,0000000000,188,P1,36
17:04:31  [SLOT] n=157 tx=37 ack=0 due=0 r=1
17:04:31  [AT] "AT+CIPSEND=38" (13)
17:04:31  [AT] " S,141,0110000010,0000000000,188,P1,36" (38)
17:04:31  [AT] "SEND OK" (7)
17:04:32  [TX] S,142,0110000010,0000000000,189,P1,34
17:04:32  [SLOT] n=158 tx=37 ack=0 due=0 r=1
17:04:32  [AT] "AT+CIPSEND=38" (13)
17:04:32  [AT] " S,142,0110000010,0000000000,189,P1,34" (38)
17:04:32  [AT] "SEND OK" (7)
17:04:33  [TX] S,143,0110000010,0000000000,190,P1,3D
17:04:33  [SLOT] n=159 tx=37 ack=0 due=0 r=1
17:04:33  [AT] "AT+CIPSEND=38" (13)
17:04:33  [AT] " S,143,0110000010,0000000000,190,P1,3D" (38)
17:04:33  [AT] "SEND OK" (7)
17:04:34  [TX] S,144,0110000010,0000000000,192,P1,38
17:04:34  [SLOT] n=160 tx=37 ack=0 due=0 r=1
17:04:34  [AT] "AT+CIPSEND=38" (13)
17:04:34  [AT] " S,144,0110000010,0000000000,192,P1,38" (38)
17:04:34  [AT] "SEND OK" (7)
17:04:36  [TX] S,145,0110000010,0000000000,193,P1,38
17:04:36  [SLOT] n=161 tx=37 ack=0 due=0 r=1
17:04:36  [AT] "AT+CIPSEND=38" (13)
17:04:36  [AT] " S,145,0110000010,0000000000,193,P1,38" (38)
17:04:36  [AT] "SEND OK" (7)
17:04:37  [TX] S,146,0110000010,0000000000,194,P1,3C
17:04:37  [SLOT] n=162 tx=37 ack=0 due=0 r=1
17:04:37  [AT] "AT+CIPSEND=38" (13)
17:04:37  [AT] " S,146,0110000010,0000000000,194,P1,3C" (38)
17:04:37  [AT] "SEND OK" (7)
17:04:38  [TX] S,147,0110000010,0000000000,195,P1,3C
17:04:38  [SLOT] n=163 tx=37 ack=0 due=0 r=1
17:04:38  [AT] "AT+CIPSEND=38" (13)
17:04:38  [AT] " S,147,0110000010,0000000000,195,P1,3C" (38)
17:04:38  [AT] "SEND OK" (7)
17:04:39  [TX] S,148,0110000010,0000000000,196,P1,30
17:04:39  [SLOT] n=164 tx=37 ack=0 due=0 r=1
17:04:39  [AT] "AT+CIPSEND=38" (13)
17:04:39  [AT] " S,148,0110000010,0000000000,196,P1,30" (38)
17:04:39  [AT] "SEND OK" (7)
17:04:40  [TX] S,149,0110000010,0000000000,198,P1,3F
17:04:40  [SLOT] n=165 tx=37 ack=0 due=0 r=1
17:04:40  [AT] "AT+CIPSEND=38" (13)
17:04:40  [AT] " S,149,0110000010,0000000000,198,P1,3F" (38)
17:04:40  [AT] "SEND OK" (7)
17:04:42  [TX] S,150,0110000010,0000000000,199,P1,36
17:04:42  [SLOT] n=166 tx=37 ack=0 due=0 r=1
17:04:42  [AT] "AT+CIPSEND=38" (13)
17:04:42  [AT] " S,150,0110000010,0000000000,199,P1,36" (38)
17:04:42  [AT] "SEND OK" (7)
17:04:43  [TX] S,151,0110000010,0000000000,200,P1,34
17:04:43  [SLOT] n=167 tx=37 ack=0 due=0 r=1
17:04:43  [AT] "AT+CIPSEND=38" (13)
17:04:43  [AT] " S,151,0110000010,0000000000,200,P1,34" (38)
17:04:43  [AT] "SEND OK" (7)
17:04:44  [TX] S,152,0110000010,0000000000,201,P1,36
17:04:44  [SLOT] n=168 tx=37 ack=0 due=0 r=1
17:04:44  [AT] "AT+CIPSEND=38" (13)
17:04:44  [AT] " S,152,0110000010,0000000000,201,P1,36" (38)
17:04:44  [AT] "SEND OK" (7)
17:04:45  [TX] S,153,0110000010,0000000000,202,P1,34
17:04:45  [SLOT] n=169 tx=37 ack=0 due=0 r=1
17:04:45  [AT] "AT+CIPSEND=38" (13)
17:04:45  [AT] " S,153,0110000010,0000000000,202,P1,34" (38)
17:04:45  [AT] "SEND OK" (7)
17:04:46  [TX] S,154,0110000010,0000000000,204,P1,35
17:04:46  [SLOT] n=170 tx=37 ack=0 due=0 r=1
17:04:46  [AT] "AT+CIPSEND=38" (13)
17:04:46  [AT] " S,154,0110000010,0000000000,204,P1,35" (38)
17:04:46  [AT] "SEND OK" (7)
17:04:48  [TX] S,155,0110000010,0000000000,205,P1,35
17:04:48  [SLOT] n=171 tx=37 ack=0 due=0 r=1
17:04:48  [AT] "AT+CIPSEND=38" (13)
17:04:48  [AT] " S,155,0110000010,0000000000,205,P1,35" (38)
17:04:48  [AT] "SEND OK" (7)
17:04:49  [TX] S,156,0110000010,0000000000,206,P1,35
17:04:49  [SLOT] n=172 tx=37 ack=0 due=0 r=1
17:04:49  [AT] "AT+CIPSEND=38" (13)
17:04:49  [AT] " S,156,0110000010,0000000000,206,P1,35" (38)
17:04:49  [AT] "SEND OK" (7)
17:04:50  [TX] S,157,0110000010,0000000000,207,P1,35
17:04:50  [SLOT] n=173 tx=37 ack=0 due=0 r=1
17:04:50  [AT] "AT+CIPSEND=38" (13)
17:04:50  [AT] " S,157,0110000010,0000000000,207,P1,35" (38)
17:04:50  [AT] "SEND OK" (7)
17:04:51  [TX] S,158,0110000010,0000000000,208,P1,35
17:04:51  [SLOT] n=174 tx=37 ack=0 due=0 r=1
17:04:51  [AT] "AT+CIPSEND=38" (13)
17:04:51  [AT] " S,158,0110000010,0000000000,208,P1,35" (38)
17:04:51  [AT] "SEND OK" (7)
17:04:52  [TX] S,159,0110000010,0000000000,210,P1,3D
17:04:52  [SLOT] n=175 tx=37 ack=0 due=0 r=1
17:04:52  [AT] "AT+CIPSEND=38" (13)
17:04:53  [AT] " S,159,0110000010,0000000000,210,P1,3D" (38)
17:04:53  [AT] "SEND OK" (7)
17:04:54  [TX] S,160,0110000010,0000000000,211,P1,36
17:04:54  [SLOT] n=176 tx=37 ack=0 due=0 r=1
17:04:54  [AT] "AT+CIPSEND=38" (13)
17:04:54  [AT] " S,160,0110000010,0000000000,211,P1,36" (38)
17:04:54  [AT] "SEND OK" (7)
17:04:55  [TX] S,161,0110000010,0000000000,212,P1,34
17:04:55  [SLOT] n=177 tx=37 ack=0 due=0 r=1
17:04:55  [AT] "AT+CIPSEND=38" (13)
17:04:55  [AT] " S,161,0110000010,0000000000,212,P1,34" (38)
17:04:55  [AT] "SEND OK" (7)
17:04:56  [TX] S,162,0110000010,0000000000,213,P1,36
17:04:56  [SLOT] n=178 tx=37 ack=0 due=0 r=1
17:04:56  [AT] "AT+CIPSEND=38" (13)
17:04:56  [AT] " S,162,0110000010,0000000000,213,P1,36" (38)
17:04:56  [AT] "SEND OK" (7)
17:04:57  [TX] S,163,0110000010,0000000000,214,P1,30
17:04:57  [SLOT] n=179 tx=37 ack=0 due=0 r=1
17:04:57  [AT] "AT+CIPSEND=38" (13)
17:04:57  [AT] " S,163,0110000010,0000000000,214,P1,30" (38)
17:04:57  [AT] "SEND OK" (7)
17:04:58  [TX] S,164,0110000010,0000000000,216,P1,35
17:04:58  [SLOT] n=180 tx=37 ack=0 due=0 r=1
17:04:58  [AT] "AT+CIPSEND=38" (13)
17:04:58  [AT] " S,164,0110000010,0000000000,216,P1,35" (38)
17:04:58  [AT] "SEND OK" (7)
17:05:00  [TX] S,165,0110000010,0000000000,217,P1,35
17:05:00  [SLOT] n=181 tx=37 ack=0 due=0 r=1
17:05:00  [AT] "AT+CIPSEND=38" (13)
17:05:00  [AT] " S,165,0110000010,0000000000,217,P1,35" (38)
17:05:00  [AT] "SEND OK" (7)
17:05:01  [TX] S,166,0110000010,0000000000,218,P1,39
17:05:01  [SLOT] n=182 tx=37 ack=0 due=0 r=1
17:05:01  [AT] "AT+CIPSEND=38" (13)
17:05:01  [AT] " S,166,0110000010,0000000000,218,P1,39" (38)
17:05:01  [AT] "SEND OK" (7)
17:05:02  [TX] S,167,0110000010,0000000000,219,P1,39
17:05:02  [SLOT] n=183 tx=37 ack=0 due=0 r=1
17:05:02  [AT] "AT+CIPSEND=38" (13)
17:05:02  [AT] " S,167,0110000010,0000000000,219,P1,39" (38)
17:05:02  [AT] "SEND OK" (7)
17:05:03  [TX] S,168,0110000010,0000000000,220,P1,3C
17:05:03  [SLOT] n=184 tx=37 ack=0 due=0 r=1
17:05:03  [AT] "AT+CIPSEND=38" (13)
17:05:03  [AT] " S,168,0110000010,0000000000,220,P1,3C" (38)
17:05:03  [AT] "SEND OK" (7)
17:05:04  [TX] S,169,0110000010,0000000000,222,P1,3F
17:05:04  [SLOT] n=185 tx=37 ack=0 due=0 r=1
17:05:04  [AT] "AT+CIPSEND=38" (13)
17:05:04  [AT] " S,169,0110000010,0000000000,222,P1,3F" (38)
17:05:04  [AT] "SEND OK" (7)
17:05:06  [TX] S,170,0110000010,0000000000,223,P1,36
17:05:06  [SLOT] n=186 tx=37 ack=0 due=0 r=1
17:05:06  [AT] "AT+CIPSEND=38" (13)
17:05:06  [AT] " S,170,0110000010,0000000000,223,P1,36" (38)
17:05:06  [AT] "SEND OK" (7)
17:05:07  [TX] S,171,0110000010,0000000000,224,P1,30
17:05:07  [SLOT] n=187 tx=37 ack=0 due=0 r=1
17:05:07  [AT] "AT+CIPSEND=38" (13)
17:05:07  [AT] " S,171,0110000010,0000000000,224,P1,30" (38)
17:05:07  [AT] "SEND OK" (7)
17:05:08  [TX] S,172,0110000010,0000000000,225,P1,32
17:05:08  [SLOT] n=188 tx=37 ack=0 due=0 r=1
17:05:08  [AT] "AT+CIPSEND=38" (13)
17:05:08  [AT] " S,172,0110000010,0000000000,225,P1,32" (38)
17:05:08  [AT] "SEND OK" (7)
17:05:09  [TX] S,173,0110000010,0000000000,226,P1,30
17:05:09  [SLOT] n=189 tx=37 ack=0 due=0 r=1
17:05:09  [AT] "AT+CIPSEND=38" (13)
17:05:09  [AT] " S,173,0110000010,0000000000,226,P1,30" (38)
17:05:09  [AT] "SEND OK" (7)
17:05:10  [TX] S,174,0110000010,0000000000,228,P1,39
17:05:10  [SLOT] n=190 tx=37 ack=0 due=0 r=1
17:05:10  [AT] "AT+CIPSEND=38" (13)
17:05:10  [AT] " S,174,0110000010,0000000000,228,P1,39" (38)
17:05:10  [AT] "SEND OK" (7)
17:05:12  [TX] S,175,0110000010,0000000000,229,P1,39
17:05:12  [SLOT] n=191 tx=37 ack=0 due=0 r=1
17:05:12  [AT] "AT+CIPSEND=38" (13)
17:05:12  [AT] " S,175,0110000010,0000000000,229,P1,39" (38)
17:05:12  [AT] "SEND OK" (7)
17:05:13  [TX] S,176,0110000010,0000000000,230,P1,32
17:05:13  [SLOT] n=192 tx=37 ack=0 due=0 r=1
17:05:13  [AT] "AT+CIPSEND=38" (13)
17:05:13  [AT] " S,176,0110000010,0000000000,230,P1,32" (38)
17:05:13  [AT] "SEND OK" (7)
17:05:14  [TX] S,177,0110000010,0000000000,231,P1,32
17:05:14  [SLOT] n=193 tx=37 ack=0 due=0 r=1
17:05:14  [AT] "AT+CIPSEND=38" (13)
17:05:14  [AT] " S,177,0110000010,0000000000,231,P1,32" (38)
17:05:14  [AT] "SEND OK" (7)
17:05:15  [TX] S,178,0110000010,0000000000,232,P1,3E
17:05:15  [SLOT] n=194 tx=37 ack=0 due=0 r=1
17:05:15  [AT] "AT+CIPSEND=38" (13)
17:05:15  [AT] " S,178,0110000010,0000000000,232,P1,3E" (38)
17:05:15  [AT] "SEND OK" (7)
17:05:16  [TX] S,179,0110000010,0000000000,234,P1,39
17:05:16  [SLOT] n=195 tx=37 ack=0 due=0 r=1
17:05:16  [AT] "AT+CIPSEND=38" (13)
17:05:16  [AT] " S,179,0110000010,0000000000,234,P1,39" (38)
17:05:16  [AT] "SEND OK" (7)
17:05:18  [TX] S,180,0110000010,0000000000,235,P1,3E
17:05:18  [SLOT] n=196 tx=37 ack=0 due=0 r=1
17:05:18  [AT] "AT+CIPSEND=38" (13)
17:05:18  [AT] " S,180,0110000010,0000000000,235,P1,3E" (38)
17:05:18  [AT] "SEND OK" (7)
17:05:19  [TX] S,181,0110000010,0000000000,236,P1,3C
17:05:19  [SLOT] n=197 tx=37 ack=0 due=0 r=1
17:05:19  [AT] "AT+CIPSEND=38" (13)
17:05:19  [AT] " S,181,0110000010,0000000000,236,P1,3C" (38)
17:05:19  [AT] "SEND OK" (7)
17:05:20  [TX] S,182,0110000010,0000000000,237,P1,3E
17:05:20  [SLOT] n=198 tx=37 ack=0 due=0 r=1
17:05:20  [AT] "AT+CIPSEND=38" (13)
17:05:20  [AT] " S,182,0110000010,0000000000,237,P1,3E" (38)
17:05:20  [AT] "SEND OK" (7)
17:05:21  [TX] S,183,0110000010,0000000000,238,P1,30
17:05:21  [SLOT] n=199 tx=37 ack=0 due=0 r=1
17:05:21  [AT] "AT+CIPSEND=38" (13)
17:05:21  [AT] " S,183,0110000010,0000000000,238,P1,30" (38)
17:05:21  [AT] "SEND OK" (7)
17:05:22  [TX] S,184,0110000010,0000000000,240,P1,38
17:05:22  [SLOT] n=200 tx=37 ack=0 due=0 r=1
17:05:22  [CNT] up=240 drop=0 esprst=1 resync=0 sendfail=0 okto=0 stuck=0 ackq=0 ackdrop=0 ackstale=0 slot=200 oow=0 smiss=1 ssovf=0 cksumng=0 okstream=184 penddrop=0 skip=0 online=1
17:05:22  [RAM] 최저 여유 820 B · 프롬프트 재동기 0회 (서버의 '버린줄' 과 맞아야 한다)
17:05:22  [AT] "AT+CIPSEND=38" (13)
17:05:22  [AT] " S,184,0110000010,0000000000,240,P1,38" (38)
17:05:23  [AT] "SEND OK" (7)
17:05:23  [TX] S,185,0110000010,0000000000,241,P1,38
17:05:23  [SLOT] n=201 tx=37 ack=0 due=0 r=1
17:05:24  [AT] "AT+CIPSEND=38" (13)
17:05:24  [AT] " S,185,0110000010,0000000000,241,P1,38" (38)
17:05:24  [AT] "SEND OK" (7)
17:05:25  [TX] S,186,0110000010,0000000000,242,P1,38
17:05:25  [SLOT] n=202 tx=37 ack=0 due=0 r=1
17:05:25  [AT] "AT+CIPSEND=38" (13)
17:05:25  [AT] " S,186,0110000010,0000000000,242,P1,38" (38)
17:05:25  [AT] "SEND OK" (7)
17:05:26  [TX] S,187,0110000010,0000000000,243,P1,38
17:05:26  [SLOT] n=203 tx=37 ack=0 due=0 r=1
17:05:26  [AT] "AT+CIPSEND=38" (13)
17:05:26  [AT] " S,187,0110000010,0000000000,243,P1,38" (38)
17:05:26  [AT] "SEND OK" (7)
17:05:27  [TX] S,188,0110000010,0000000000,244,P1,30
17:05:27  [SLOT] n=204 tx=37 ack=0 due=0 r=1
17:05:27  [AT] "AT+CIPSEND=38" (13)
17:05:27  [AT] " S,188,0110000010,0000000000,244,P1,30" (38)
17:05:27  [AT] "SEND OK" (7)
17:05:28  [TX] S,189,0110000010,0000000000,246,P1,33
17:05:28  [SLOT] n=205 tx=37 ack=0 due=0 r=1
17:05:28  [AT] "AT+CIPSEND=38" (13)
17:05:28  [AT] " S,189,0110000010,0000000000,246,P1,33" (38)
17:05:28  [AT] "SEND OK" (7)
17:05:29  [TX] S,190,0110000010,0000000000,247,P1,3A
17:05:29  [SLOT] n=206 tx=37 ack=0 due=0 r=1
17:05:29  [AT] "AT+CIPSEND=38" (13)
17:05:30  [AT] " S,190,0110000010,0000000000,247,P1,3A" (38)
17:05:30  [AT] "SEND OK" (7)
17:05:31  [TX] S,191,0110000010,0000000000,248,P1,34
17:05:31  [SLOT] n=207 tx=37 ack=0 due=0 r=1
17:05:31  [AT] "AT+CIPSEND=38" (13)
17:05:31  [AT] " S,191,0110000010,0000000000,248,P1,34" (38)
17:05:31  [AT] "SEND OK" (7)
17:05:32  [TX] S,192,0110000010,0000000000,249,P1,36
17:05:32  [SLOT] n=208 tx=37 ack=0 due=0 r=1
17:05:32  [AT] "AT+CIPSEND=38" (13)
17:05:32  [AT] " S,192,0110000010,0000000000,249,P1,36" (38)
17:05:32  [AT] "SEND OK" (7)
17:05:33  [TX] S,193,0110000010,0000000000,250,P1,3F
17:05:33  [SLOT] n=209 tx=37 ack=0 due=0 r=1
17:05:33  [AT] "AT+CIPSEND=38" (13)
17:05:33  [AT] " S,193,0110000010,0000000000,250,P1,3F" (38)
17:05:33  [AT] "SEND OK" (7)
17:05:34  [TX] S,194,0110000010,0000000000,252,P1,3A
17:05:34  [SLOT] n=210 tx=37 ack=0 due=0 r=1
17:05:34  [AT] "AT+CIPSEND=38" (13)
17:05:34  [AT] " S,194,0110000010,0000000000,252,P1,3A" (38)
17:05:34  [AT] "SEND OK" (7)
17:05:35  [TX] S,195,0110000010,0000000000,253,P1,3A
17:05:35  [SLOT] n=211 tx=37 ack=0 due=0 r=1
17:05:35  [AT] "AT+CIPSEND=38" (13)
17:05:36  [AT] " S,195,0110000010,0000000000,253,P1,3A" (38)
17:05:36  [AT] "SEND OK" (7)
17:05:37  [TX] S,196,0110000010,0000000000,254,P1,3E
17:05:37  [SLOT] n=212 tx=37 ack=0 due=0 r=1
17:05:37  [AT] "AT+CIPSEND=38" (13)
17:05:37  [AT] " S,196,0110000010,0000000000,254,P1,3E" (38)
17:05:37  [AT] "SEND OK" (7)
17:05:38  [TX] S,197,0110000010,0000000000,255,P1,3E
17:05:38  [SLOT] n=213 tx=37 ack=0 due=0 r=1
17:05:38  [AT] "AT+CIPSEND=38" (13)
17:05:38  [AT] " S,197,0110000010,0000000000,255,P1,3E" (38)
17:05:38  [AT] "SEND OK" (7)
17:05:39  [TX] S,198,0110000010,0000000000,256,P1,32
17:05:39  [SLOT] n=214 tx=37 ack=0 due=0 r=1
17:05:39  [AT] "AT+CIPSEND=38" (13)
17:05:39  [AT] " S,198,0110000010,0000000000,256,P1,32" (38)
17:05:39  [AT] "SEND OK" (7)
17:05:40  [TX] S,199,0110000010,0000000000,258,P1,3D
17:05:40  [SLOT] n=215 tx=37 ack=0 due=0 r=1
17:05:40  [AT] "AT+CIPSEND=38" (13)
17:05:40  [AT] " S,199,0110000010,0000000000,258,P1,3D" (38)
17:05:40  [AT] "SEND OK" (7)
17:05:41  [TX] S,200,0110000010,0000000000,259,P1,3F
17:05:41  [SLOT] n=216 tx=37 ack=0 due=0 r=1
17:05:41  [AT] "AT+CIPSEND=38" (13)
17:05:41  [AT] " S,200,0110000010,0000000000,259,P1,3F" (38)
17:05:41  [AT] "SEND OK" (7)
17:05:43  [TX] S,201,0110000010,0000000000,260,P1,34
17:05:43  [SLOT] n=217 tx=37 ack=0 due=0 r=1
17:05:43  [AT] "AT+CIPSEND=38" (13)
17:05:43  [AT] " S,201,0110000010,0000000000,260,P1,34" (38)
17:05:43  [AT] "SEND OK" (7)
17:05:44  [TX] S,202,0110000010,0000000000,261,P1,36
17:05:44  [SLOT] n=218 tx=37 ack=0 due=0 r=1
17:05:44  [AT] "AT+CIPSEND=38" (13)
17:05:44  [AT] " S,202,0110000010,0000000000,261,P1,36" (38)
17:05:44  [AT] "SEND OK" (7)
17:05:45  [TX] S,203,0110000010,0000000000,262,P1,34
17:05:45  [SLOT] n=219 tx=37 ack=0 due=0 r=1
17:05:45  [AT] "AT+CIPSEND=38" (13)
17:05:45  [AT] " S,203,0110000010,0000000000,262,P1,34" (38)
17:05:45  [AT] "SEND OK" (7)
17:05:46  [TX] S,204,0110000010,0000000000,264,P1,35
17:05:46  [SLOT] n=220 tx=37 ack=0 due=0 r=1
17:05:46  [AT] "AT+CIPSEND=38" (13)
17:05:46  [AT] " S,204,0110000010,0000000000,264,P1,35" (38)
17:05:46  [AT] "SEND OK" (7)
17:05:47  [TX] S,205,0110000010,0000000000,265,P1,35
17:05:47  [SLOT] n=221 tx=37 ack=0 due=0 r=1
17:05:47  [AT] "AT+CIPSEND=38" (13)
17:05:48  [AT] " S,205,0110000010,0000000000,265,P1,35" (38)
17:05:48  [AT] "SEND OK" (7)
17:05:49  [TX] S,206,0110000010,0000000000,266,P1,35
17:05:49  [SLOT] n=222 tx=37 ack=0 due=0 r=1
17:05:49  [AT] "AT+CIPSEND=38" (13)
17:05:49  [AT] " S,206,0110000010,0000000000,266,P1,35" (38)
17:05:49  [AT] "SEND OK" (7)
17:05:50  [TX] S,207,0110000010,0000000000,267,P1,35
17:05:50  [SLOT] n=223 tx=37 ack=0 due=0 r=1
17:05:50  [AT] "AT+CIPSEND=38" (13)
17:05:50  [AT] " S,207,0110000010,0000000000,267,P1,35" (38)
17:05:50  [AT] "SEND OK" (7)
17:05:51  [TX] S,208,0110000010,0000000000,268,P1,35
17:05:51  [SLOT] n=224 tx=37 ack=0 due=0 r=1
17:05:51  [AT] "AT+CIPSEND=38" (13)
17:05:51  [AT] " S,208,0110000010,0000000000,268,P1,35" (38)
17:05:51  [AT] "SEND OK" (7)
17:05:52  [TX] S,209,0110000010,0000000000,270,P1,3D
17:05:52  [SLOT] n=225 tx=37 ack=0 due=0 r=1
17:05:52  [AT] "AT+CIPSEND=38" (13)
17:05:52  [AT] " S,209,0110000010,0000000000,270,P1,3D" (38)
17:05:52  [AT] "SEND OK" (7)
17:05:53  [TX] S,210,0110000010,0000000000,271,P1,34
17:05:53  [SLOT] n=226 tx=37 ack=0 due=0 r=1
17:05:53  [AT] "AT+CIPSEND=38" (13)
17:05:53  [AT] " S,210,0110000010,0000000000,271,P1,34" (38)
17:05:53  [AT] "SEND OK" (7)
17:05:55  [TX] S,211,0110000010,0000000000,272,P1,36
17:05:55  [SLOT] n=227 tx=37 ack=0 due=0 r=1
17:05:55  [AT] "AT+CIPSEND=38" (13)
17:05:55  [AT] " S,211,0110000010,0000000000,272,P1,36" (38)
17:05:55  [AT] "SEND OK" (7)
17:05:56  [TX] S,212,0110000010,0000000000,273,P1,34
17:05:56  [SLOT] n=228 tx=37 ack=0 due=0 r=1
17:05:56  [AT] "AT+CIPSEND=38" (13)
17:05:56  [AT] " S,212,0110000010,0000000000,273,P1,34" (38)
17:05:56  [AT] "SEND OK" (7)
17:05:57  [TX] S,213,0110000010,0000000000,274,P1,32
17:05:57  [SLOT] n=229 tx=37 ack=0 due=0 r=1
17:05:57  [AT] "AT+CIPSEND=38" (13)
17:05:57  [AT] " S,213,0110000010,0000000000,274,P1,32" (38)
17:05:57  [AT] "SEND OK" (7)
17:05:58  [TX] S,214,0110000010,0000000000,276,P1,37
17:05:58  [SLOT] n=230 tx=37 ack=0 due=0 r=1
17:05:58  [AT] "AT+CIPSEND=38" (13)
17:05:58  [AT] " S,214,0110000010,0000000000,276,P1,37" (38)
17:05:58  [AT] "SEND OK" (7)
17:05:59  [TX] S,215,0110000010,0000000000,277,P1,37
17:05:59  [SLOT] n=231 tx=37 ack=0 due=0 r=1
17:05:59  [AT] "AT+CIPSEND=38" (13)
17:05:59  [AT] " S,215,0110000010,0000000000,277,P1,37" (38)
17:05:59  [AT] "SEND OK" (7)
17:06:01  [TX] S,216,0110000010,0000000000,278,P1,3B
17:06:01  [SLOT] n=232 tx=37 ack=0 due=0 r=1
17:06:01  [AT] "AT+CIPSEND=38" (13)
17:06:01  [AT] " S,216,0110000010,0000000000,278,P1,3B" (38)
17:06:01  [AT] "SEND OK" (7)
17:06:02  [TX] S,217,0110000010,0000000000,279,P1,3B
17:06:02  [SLOT] n=233 tx=37 ack=0 due=0 r=1
17:06:02  [AT] "AT+CIPSEND=38" (13)
17:06:02  [AT] " S,217,0110000010,0000000000,279,P1,3B" (38)
17:06:02  [AT] "SEND OK" (7)
17:06:03  [TX] S,218,0110000010,0000000000,280,P1,32
17:06:03  [SLOT] n=234 tx=37 ack=0 due=0 r=1
17:06:03  [AT] "AT+CIPSEND=38" (13)
17:06:03  [AT] " S,218,0110000010,0000000000,280,P1,32" (38)
17:06:03  [AT] "SEND OK" (7)
17:06:04  [TX] S,219,0110000010,0000000000,282,P1,31
17:06:04  [SLOT] n=235 tx=37 ack=0 due=0 r=1
17:06:04  [AT] "AT+CIPSEND=38" (13)
17:06:04  [AT] " S,219,0110000010,0000000000,282,P1,31" (38)
17:06:04  [AT] "SEND OK" (7)
17:06:05  [TX] S,220,0110000010,0000000000,283,P1,3A
17:06:05  [SLOT] n=236 tx=37 ack=0 due=0 r=1
17:06:05  [AT] "AT+CIPSEND=38" (13)
17:06:05  [AT] " S,220,0110000010,0000000000,283,P1,3A" (38)
17:06:05  [AT] "SEND OK" (7)
17:06:07  [TX] S,221,0110000010,0000000000,284,P1,3C
17:06:07  [SLOT] n=237 tx=37 ack=0 due=0 r=1
17:06:07  [AT] "AT+CIPSEND=38" (13)
17:06:07  [AT] " S,221,0110000010,0000000000,284,P1,3C" (38)
17:06:07  [AT] "SEND OK" (7)
17:06:08  [TX] S,222,0110000010,0000000000,285,P1,3E
17:06:08  [SLOT] n=238 tx=37 ack=0 due=0 r=1
17:06:08  [AT] "AT+CIPSEND=38" (13)
17:06:08  [AT] " S,222,0110000010,0000000000,285,P1,3E" (38)
17:06:08  [AT] "SEND OK" (7)
17:06:09  [TX] S,223,0110000010,0000000000,286,P1,3C
17:06:09  [SLOT] n=239 tx=37 ack=0 due=0 r=1
17:06:09  [AT] "AT+CIPSEND=38" (13)
17:06:09  [AT] " S,223,0110000010,0000000000,286,P1,3C" (38)
17:06:09  [AT] "SEND OK" (7)
17:06:10  [TX] S,224,0110000010,0000000000,288,P1,35
17:06:10  [SLOT] n=240 tx=37 ack=0 due=0 r=1
17:06:10  [AT] "AT+CIPSEND=38" (13)
17:06:10  [AT] " S,224,0110000010,0000000000,288,P1,35" (38)
17:06:10  [AT] "SEND OK" (7)
17:06:11  [TX] S,225,0110000010,0000000000,289,P1,35
17:06:11  [SLOT] n=241 tx=37 ack=0 due=0 r=1
17:06:11  [AT] "AT+CIPSEND=38" (13)
17:06:11  [AT] " S,225,0110000010,0000000000,289,P1,35" (38)
17:06:11  [AT] "SEND OK" (7)
17:06:13  [TX] S,226,0110000010,0000000000,290,P1,3E
17:06:13  [SLOT] n=242 tx=37 ack=0 due=0 r=1
17:06:13  [AT] "AT+CIPSEND=38" (13)
17:06:13  [AT] " S,226,0110000010,0000000000,290,P1,3E" (38)
17:06:13  [AT] "SEND OK" (7)
17:06:14  [TX] S,227,0110000010,0000000000,291,P1,3E
17:06:14  [SLOT] n=243 tx=37 ack=0 due=0 r=1
17:06:14  [AT] "AT+CIPSEND=38" (13)
17:06:14  [AT] " S,227,0110000010,0000000000,291,P1,3E" (38)
17:06:14  [AT] "SEND OK" (7)
17:06:15  [TX] S,228,0110000010,0000000000,292,P1,32
17:06:15  [SLOT] n=244 tx=37 ack=0 due=0 r=1
17:06:15  [AT] "AT+CIPSEND=38" (13)
17:06:15  [AT] " S,228,0110000010,0000000000,292,P1,32" (38)
17:06:15  [AT] "SEND OK" (7)
17:06:16  [TX] S,229,0110000010,0000000000,294,P1,35
17:06:16  [SLOT] n=245 tx=37 ack=0 due=0 r=1
17:06:16  [AT] "AT+CIPSEND=38" (13)
17:06:16  [AT] " S,229,0110000010,0000000000,294,P1,35" (38)
17:06:16  [AT] "SEND OK" (7)
17:06:17  [TX] S,230,0110000010,0000000000,295,P1,3C
17:06:17  [SLOT] n=246 tx=37 ack=0 due=0 r=1
17:06:17  [AT] "AT+CIPSEND=38" (13)
17:06:17  [AT] " S,230,0110000010,0000000000,295,P1,3C" (38)
17:06:17  [AT] "SEND OK" (7)
17:06:19  [TX] S,231,0110000010,0000000000,296,P1,3E
17:06:19  [SLOT] n=247 tx=37 ack=0 due=0 r=1
17:06:19  [AT] "AT+CIPSEND=38" (13)
17:06:19  [AT] " S,231,0110000010,0000000000,296,P1,3E" (38)
17:06:19  [AT] "SEND OK" (7)
17:06:20  [TX] S,232,0110000010,0000000000,297,P1,3C
17:06:20  [SLOT] n=248 tx=37 ack=0 due=0 r=1
17:06:20  [AT] "AT+CIPSEND=38" (13)
17:06:20  [AT] " S,232,0110000010,0000000000,297,P1,3C" (38)
17:06:20  [AT] "SEND OK" (7)
17:06:21  [TX] S,233,0110000010,0000000000,298,P1,32
17:06:21  [SLOT] n=249 tx=37 ack=0 due=0 r=1
17:06:21  [AT] "AT+CIPSEND=38" (13)
17:06:21  [AT] " S,233,0110000010,0000000000,298,P1,32" (38)
17:06:21  [AT] "SEND OK" (7)
17:06:22  [TX] S,234,0110000010,0000000000,300,P1,35
17:06:22  [SLOT] n=250 tx=37 ack=0 due=0 r=1
17:06:22  [CNT] up=300 drop=0 esprst=1 resync=0 sendfail=0 okto=0 stuck=0 ackq=0 ackdrop=0 ackstale=0 slot=250 oow=0 smiss=1 ssovf=0 cksumng=0 okstream=234 penddrop=0 skip=0 online=1
17:06:22  [RAM] 최저 여유 820 B · 프롬프트 재동기 0회 (서버의 '버린줄' 과 맞아야 한다)
17:06:22  [AT] "AT+CIPSEND=38" (13)
17:06:22  [AT] " S,234,0110000010,0000000000,300,P1,35" (38)
17:06:22  [AT] "SEND OK" (7)
17:06:23  [TX] S,235,0110000010,0000000000,301,P1,35
17:06:23  [SLOT] n=251 tx=37 ack=0 due=0 r=1
17:06:23  [AT] "AT+CIPSEND=38" (13)
17:06:23  [AT] " S,235,0110000010,0000000000,301,P1,35" (38)
17:06:23  [AT] "SEND OK" (7)
17:06:25  [TX] S,236,0110000010,0000000000,302,P1,35
17:06:25  [SLOT] n=252 tx=37 ack=0 due=0 r=1
17:06:25  [AT] "AT+CIPSEND=38" (13)
17:06:25  [AT] " S,236,0110000010,0000000000,302,P1,35" (38)
17:06:25  [AT] "SEND OK" (7)
17:06:26  [TX] S,237,0110000010,0000000000,303,P1,35
17:06:26  [SLOT] n=253 tx=37 ack=0 due=0 r=1
17:06:26  [AT] "AT+CIPSEND=38" (13)
17:06:26  [AT] " S,237,0110000010,0000000000,303,P1,35" (38)
17:06:26  [AT] "SEND OK" (7)
17:06:27  [TX] S,238,0110000010,0000000000,304,P1,3D
17:06:27  [SLOT] n=254 tx=37 ack=0 due=0 r=1
17:06:27  [AT] "AT+CIPSEND=38" (13)
17:06:27  [AT] " S,238,0110000010,0000000000,304,P1,3D" (38)
17:06:27  [AT] "SEND OK" (7)
17:06:28  [TX] S,239,0110000010,0000000000,306,P1,3E
17:06:28  [SLOT] n=255 tx=37 ack=0 due=0 r=1
17:06:28  [AT] "AT+CIPSEND=38" (13)
17:06:28  [AT] " S,239,0110000010,0000000000,306,P1,3E" (38)
17:06:28  [AT] "SEND OK" (7)
17:06:29  [TX] S,240,0110000010,0000000000,307,P1,31
17:06:29  [SLOT] n=256 tx=37 ack=0 due=0 r=1
17:06:29  [AT] "AT+CIPSEND=38" (13)
17:06:29  [AT] " S,240,0110000010,0000000000,307,P1,31" (38)
17:06:29  [AT] "SEND OK" (7)
17:06:31  [TX] S,241,0110000010,0000000000,308,P1,3F
17:06:31  [SLOT] n=257 tx=37 ack=0 due=0 r=1
17:06:31  [AT] "AT+CIPSEND=38" (13)
17:06:31  [AT] " S,241,0110000010,0000000000,308,P1,3F" (38)
17:06:31  [AT] "SEND OK" (7)
17:06:32  [TX] S,242,0110000010,0000000000,309,P1,3D
17:06:32  [SLOT] n=258 tx=37 ack=0 due=0 r=1
17:06:32  [AT] "AT+CIPSEND=38" (13)
17:06:32  [AT] " S,242,0110000010,0000000000,309,P1,3D" (38)
17:06:32  [AT] "SEND OK" (7)
17:06:32  [AT] "+IPD,64:T,253,S,B3,1,5F" (23)
17:06:32  [SLOT-OOW] +155ms
17:06:32  [AT] "T,254,S,A4,1,5C" (15)
17:06:32  [AT] "T,255,S,A5,1,5C" (15)
17:06:32  [AT] "T,256,S,A2,1,58" (15)
17:06:32  [AT] "OK" (2)
17:06:33  [TX] S,243,0110000010,0000000000,310,P1,34
17:06:33  A,253,B3,4,30
17:06:33  A,254,A4,4,33
17:06:33  A,255,A5,4,33
17:06:33  A,256,A2,4,37
17:06:33  A,209,A4,4,3B34
17:06:33  A,216,B5,0,33
17:06:33  A,217,B1,0,36
17:06:33  A,218,B1,0,39,0,09H
17:06:33  [SLOT] n=259 tx=93 ack=4 due=0 r=1
17:06:33  [AT] "AT+CIPSEND=94" (13)
17:06:33  [AT] " S,243,0110000010,0000000000,310,P1,34A,253,B3,4,30A,254,A4,4,33A,255,A5,4,33A,256,A2,4,37" (90)
17:06:33  [AT] "SEND OK" (7)
17:06:33  [AT] "+IPD,64:T,257,S,A3,1,58" (23)
17:06:33  [SLOT-OOW] +301ms
17:06:33  [AT] "T,258,S,A1,1,55" (15)
17:06:33  [AT] "T,259,S,B1,1,57" (15)
17:06:33  [AT] "T,260,S,B2,1,5E" (15)
17:06:33  [AT] "OK" (2)
17:06:34  [TX] S,244,0110000010,0000000000,312,P1,31
17:06:34  A,257,A3,4,37
17:06:34  A,258,A1,4,3A
17:06:34  A,259,B1,4,38
17:06:34  A,260,B2,4,31
17:06:34  A,209,A4,4,3B34
17:06:34  A,216,B5,0,33
17:06:34  A,217,B1,0,36
17:06:34  A,218,B1,0,39,0,09H
17:06:34  [SLOT] n=260 tx=93 ack=4 due=0 r=1
17:06:34  [AT] "AT+CIPSEND=94" (13)
17:06:34  [AT] " S,244,0110000010,0000000000,312,P1,31A,257,A3,4,37A,258,A1,4,3AA,259,B1,4,38A,260,B2,4,31" (90)
17:06:34  [AT] "SEND OK" (7)
17:06:34  [AT] "+IPD,64:T,261,S,A5,1,5B" (23)
17:06:34  [SLOT-OOW] +329ms
17:06:34  [AT] "T,262,S,B3,1,5D" (15)
17:06:34  [AT] "T,263,S,A4,1,58" (15)
17:06:34  [AT] "T,264,S,A2,1,59" (15)
17:06:34  [AT] "OK" (2)
17:06:36  [TX] S,245,0110000010,0000000000,313,P1,31
17:06:36  A,261,A5,4,34
17:06:36  A,262,B3,4,32
17:06:36  A,263,A4,4,37
17:06:36  A,264,A2,4,36
17:06:36  A,209,A4,4,3B34
17:06:36  A,216,B5,0,33
17:06:36  A,217,B1,0,36
17:06:36  A,218,B1,0,39,0,09H
17:06:36  [SLOT] n=261 tx=93 ack=4 due=0 r=1
17:06:36  [AT] "AT+CIPSEND=94" (13)
17:06:36  [AT] " S,245,0110000010,0000000000,313,P1,31A,261,A5,4,34A,262,B3,4,32A,263,A4,4,37A,264,A2,4,36" (90)
17:06:36  [AT] "SEND OK" (7)
17:06:36  [AT] "+IPD,64:T,265,S,B1,1,58" (23)
17:06:36  [SLOT-OOW] +287ms
17:06:36  [AT] "T,266,S,A1,1,58" (15)
17:06:36  [AT] "T,267,S,A3,1,5B" (15)
17:06:36  [AT] "T,268,S,B2,1,56" (15)
17:06:36  [AT] "OK" (2)
17:06:37  [TX] S,246,0110000010,0000000000,314,P1,35
17:06:37  A,265,B1,4,37
17:06:37  A,266,A1,4,37
17:06:37  A,267,A3,4,34
17:06:37  A,268,B2,4,39
17:06:37  A,209,A4,4,3B34
17:06:37  A,216,B5,0,33
17:06:37  A,217,B1,0,36
17:06:37  A,218,B1,0,39,0,09H
17:06:37  [SLOT] n=262 tx=93 ack=4 due=0 r=1
17:06:37  [AT] "AT+CIPSEND=94" (13)
17:06:37  [AT] " S,246,0110000010,0000000000,314,P1,35A,265,B1,4,37A,266,A1,4,37A,267,A3,4,34A,268,B2,4,39" (90)
17:06:37  [AT] "SEND OK" (7)
17:06:37  [AT] "+IPD,64:T,269,S,A5,1,53" (23)
17:06:37  [SLOT-OOW] +283ms
17:06:37  [AT] "T,270,S,A2,1,5C" (15)
17:06:37  [AT] "T,271,S,B3,1,5F" (15)
17:06:37  [AT] "T,272,S,A4,1,58" (15)
17:06:37  [AT] "OK" (2)
17:06:38  [TX] S,247,0110000010,0000000000,315,P1,35
17:06:38  A,269,A5,4,3C
17:06:38  A,270,A2,4,33
17:06:38  A,271,B3,4,30
17:06:38  A,272,A4,4,37
17:06:38  A,209,A4,4,3B34
17:06:38  A,216,B5,0,33
17:06:38  A,217,B1,0,36
17:06:38  A,218,B1,0,39,0,09H
17:06:38  [SLOT] n=263 tx=93 ack=4 due=0 r=1
17:06:38  [AT] "AT+CIPSEND=94" (13)
17:06:38  [AT] " S,247,0110000010,0000000000,315,P1,35A,269,A5,4,3CA,270,A2,4,33A,271,B3,4,30A,272,A4,4,37" (90)
17:06:38  [AT] "SEND OK" (7)
17:06:38  [AT] "+IPD,64:T,273,S,A3,1,5E" (23)
17:06:38  [SLOT-OOW] +278ms
17:06:38  [AT] "T,274,S,B2,1,5B" (15)
17:06:38  [AT] "T,275,S,A1,1,5A" (15)
17:06:38  [AT] "T,276,S,B1,1,5A" (15)
17:06:38  [AT] "OK" (2)
17:06:39  [TX] S,248,0110000010,0000000000,316,P1,39
17:06:39  A,273,A3,4,31
17:06:39  A,274,B2,4,34
17:06:39  A,275,A1,4,35
17:06:39  A,276,B1,4,35
17:06:39  A,209,A4,4,3B34
17:06:39  A,216,B5,0,33
17:06:39  A,217,B1,0,36
17:06:39  A,218,B1,0,39,0,09H
17:06:39  [SLOT] n=264 tx=93 ack=4 due=0 r=1
17:06:39  [AT] "AT+CIPSEND=94" (13)
17:06:39  [AT] " S,248,0110000010,0000000000,316,P1,39A,273,A3,4,31A,274,B2,4,34A,275,A1,4,35A,276,B1,4,35" (90)
17:06:39  [AT] "SEND OK" (7)
17:06:39  [AT] "+IPD,64:T,277,S,A4,1,5D" (23)
17:06:39  [SLOT-OOW] +283ms
17:06:39  [AT] "T,278,S,B3,1,56" (15)
17:06:39  [AT] "T,279,S,A5,1,52" (15)
17:06:39  [AT] "T,280,S,A2,1,53" (15)
17:06:39  [AT] "OK" (2)
17:06:40  [TX] S,249,0110000010,0000000000,318,P1,36
17:06:40  A,277,A4,4,32
17:06:40  A,278,B3,4,39
17:06:40  A,279,A5,4,3D
17:06:40  A,280,A2,4,3C
17:06:40  A,209,A4,4,3B34
17:06:40  A,216,B5,0,33
17:06:40  A,217,B1,0,36
17:06:40  A,218,B1,0,39,0,09H
17:06:40  [SLOT] n=265 tx=93 ack=4 due=0 r=1
17:06:40  [AT] " S,249,0110000010,0000000000,318,P1,36A,277,A4,4,32A,278,B3,4,39A,279,A5,4,3DA,280,A2,4,3C" (90)
17:06:40  [AT] "SEND OK" (7)
17:06:40  [AT] "+IPD,64:T,281,S,A1,1,51" (23)
17:06:40  [SLOT-OOW] +321ms
17:06:40  [AT] "T,282,S,B2,1,52" (15)
17:06:40  [AT] "AT+CIPSEND=94" (13)
17:06:41  [TX] S,250,0110000010,0000000000,319,P1,3F
17:06:41  A,281,A1,4,3E
17:06:41  A,282,B2,4,3D
17:06:41  A,279,A5,4,3D
17:06:41  A,280,A2,4,3C
17:06:41  A,209,A4,4,3B34
17:06:41  A,216,B5,0,33
17:06:41  A,217,B1,0,36
17:06:41  A,218,B1,0,39,0,09H
17:06:41  [SLOT] n=266 tx=65 ack=2 due=0 r=1
17:06:41  [AT] "T,283,S,A3,1AT+CIPSEND=66" (25)
17:06:41  [CKSUM NG] T,283,S,A3,1AT+CIPSEND=66
17:06:42  [AT] " S,250,0110000010,0000000000,319,P1,3FA,281,A1,4,3EA,282,B2,4,3D" (64)
17:06:42  [AT] "SEND OK" (7)
17:06:42  [AT] "+IPD,64:T,285,S,A4,1,50" (23)
17:06:42  [SLOT-OOW] +246ms
17:06:42  [AT] "T,286,S,A5,1,52" (15)
17:06:42  [AT] "T,287,S,B3,1,56" (15)
17:06:42  [AT] "T,288,S,A2,1,5B" (15)
17:06:42  [AT] "OK" (2)
17:06:43  [TX] S,251,0110000010,0000000000,320,P1,34
17:06:43  A,285,A4,4,3F
17:06:43  A,286,A5,4,3D
17:06:43  A,287,B3,4,39
17:06:43  A,288,A2,4,34
17:06:43  A,209,A4,4,3B34
17:06:43  A,216,B5,0,33
17:06:43  A,217,B1,0,36
17:06:43  A,218,B1,0,39,0,09H
17:06:43  [SLOT] n=267 tx=93 ack=4 due=0 r=1
17:06:43  [AT] " S,251,0110000010,0000000000,320,P1,34A,285,A4,4,3FA,286,A5,4,3DA,287,B3,4,39A,288,A2,4,34" (90)
17:06:43  [AT] "SEND OK" (7)
17:06:43  [AT] "+IPD,32:T,289,S,A1,1,59" (23)
17:06:43  [SLOT-OOW] +294ms
17:06:43  [AT] "T,290,S,B2,1,51" (15)
17:06:43  [AT] "OK" (2)
17:06:43  [AT] "AT+CIPSEND=94" (13)
17:06:44  [TX] S,252,0110000010,0000000000,321,P1,36
17:06:44  A,289,A1,4,36
17:06:44  A,290,B2,4,3E
17:06:44  A,287,B3,4,39
17:06:44  A,288,A2,4,34
17:06:44  A,209,A4,4,3B34
17:06:44  A,216,B5,0,33
17:06:44  A,217,B1,0,36
17:06:44  A,218,B1,0,39,0,09H
17:06:44  [SLOT] n=268 tx=65 ack=2 due=0 r=1
17:06:44  [AT] "AT+CIPSEND=66" (13)
17:06:44  [AT] " S,252,0110000010,0000000000,321,P1,36A,289,A1,4,36A,290,B2,4,3E" (64)
17:06:44  [AT] "SEND OK" (7)
17:06:44  [AT] "+IPD,64:T,283,S,A3,1,51" (23)
17:06:44  [SLOT-OOW] +223ms
17:06:44  [AT] "T,284,S,B1,1,57" (15)
17:06:44  [AT] "T,291,S,A4,1,55" (15)
17:06:44  [AT] "T,292,S,A5,1,57" (15)
17:06:44  [AT] "OK" (2)
17:06:45  [TX] S,253,0110000010,0000000000,322,P1,34
17:06:45  A,283,A3,4,3E
17:06:45  A,284,B1,4,38
17:06:45  A,291,A4,4,3A
17:06:45  A,292,A5,4,38
17:06:45  A,209,A4,4,3B34
17:06:45  A,216,B5,0,33
17:06:45  A,217,B1,0,36
17:06:45  A,218,B1,0,39,0,09H
17:06:45  [SLOT] n=269 tx=93 ack=4 due=0 r=1
17:06:45  [AT] "AT+CIPSEND=94" (13)
17:06:45  [AT] " S,253,0110000010,0000000000,322,P1,34A,283,A3,4,3EA,284,B1,4,38A,291,A4,4,3AA,292,A5,4,38" (90)
17:06:45  [AT] "SEND OK" (7)
17:06:45  [AT] "+IPD,64:T,293,S,B3,1,53" (23)
17:06:45  [SLOT-OOW] +299ms
17:06:45  [AT] "T,294,S,A2,1,56" (15)
17:06:45  [AT] "T,295,S,A1,1,54" (15)
17:06:45  [AT] "T,296,S,B2,1,57" (15)
17:06:45  [AT] "OK" (2)
17:06:46  [TX] S,254,0110000010,0000000000,324,P1,35
17:06:46  A,293,B3,4,3C
17:06:46  A,294,A2,4,39
17:06:46  A,295,A1,4,3B
17:06:46  A,296,B2,4,38
17:06:46  A,209,A4,4,3B34
17:06:46  A,216,B5,0,33
17:06:46  A,217,B1,0,36
17:06:46  A,218,B1,0,39,0,09H
17:06:46  [SLOT] n=270 tx=93 ack=4 due=0 r=1
17:06:46  [AT] "AT+CIPSEND=94" (13)
17:06:46  [AT] " S,254,0110000010,0000000000,324,P1,35A,293,B3,4,3CA,294,A2,4,39A,295,A1,4,3BA,296,B2,4,38" (90)
17:06:46  [AT] "SEND OK" (7)
17:06:46  [AT] "+IPD,64:T,297,S,A5,1,52" (23)
17:06:46  [SLOT-OOW] +297ms
17:06:46  [AT] "T,298,S,A4,1,5C" (15)
17:06:46  [AT] "T,299,S,B1,1,5B" (15)
17:06:46  [AT] "T,300,S,A3,1,5B" (15)
17:06:46  [AT] "OK" (2)
17:06:47  [TX] S,255,0110000010,0000000000,325,P1,35
17:06:47  A,297,A5,4,3D
17:06:47  A,298,A4,4,33
17:06:47  A,299,B1,4,34
17:06:47  A,300,A3,4,34
17:06:47  A,209,A4,4,3B34
17:06:47  A,216,B5,0,33
17:06:47  A,217,B1,0,36
17:06:48  A,218,B1,0,39,0,09H
17:06:48  [SLOT] n=271 tx=93 ack=4 due=0 r=1
17:06:48  [AT] "AT+CIPSEND=94" (13)
17:06:48  [AT] " S,255,0110000010,0000000000,325,P1,35A,297,A5,4,3DA,298,A4,4,33A,299,B1,4,34A,300,A3,4,34" (90)
17:06:48  [AT] "SEND OK" (7)
17:06:48  [AT] "+IPD,64:T,301,S,B3,1,59" (23)
17:06:48  [SLOT-OOW] +301ms
17:06:48  [AT] "T,302,S,A2,1,58" (15)
17:06:48  [AT] "T,303,S,B2,1,5A" (15)
17:06:48  [AT] "T,304,S,A1,1,5D" (15)
17:06:48  [AT] "OK" (2)
17:06:49  [TX] S,256,0110000010,0000000000,326,P1,35
17:06:49  A,301,B3,4,36
17:06:49  A,302,A2,4,37
17:06:49  A,303,B2,4,35
17:06:49  A,304,A1,4,32
17:06:49  A,209,A4,4,3B34
17:06:49  A,216,B5,0,33
17:06:49  A,217,B1,0,36
17:06:49  A,218,B1,0,39,0,09H
17:06:49  [SLOT] n=272 tx=93 ack=4 due=0 r=1
17:06:49  [AT] "AT+CIPSEND=94" (13)
17:06:49  [AT] " S,256,0110000010,0000000000,326,P1,35A,301,B3,4,36A,302,A2,4,37A,303,B2,4,35A,304,A1,4,32" (90)
17:06:49  [AT] "SEND OK" (7)
17:06:49  [AT] "+IPD,64:T,305,S,A4,1,59" (23)
17:06:49  [SLOT-OOW] +283ms
17:06:49  [AT] "T,306,S,B1,1,5C" (15)
17:06:49  [AT] "T,307,S,A3,1,5C" (15)
17:06:49  [AT] "T,308,S,A5,1,55" (15)
17:06:49  [AT] "OK" (2)
17:06:50  [TX] S,257,0110000010,0000000000,327,P1,35
17:06:50  A,305,A4,4,36
17:06:50  A,306,B1,4,33
17:06:50  A,307,A3,4,33
17:06:50  A,308,A5,4,3A
17:06:50  A,209,A4,4,3B34
17:06:50  A,216,B5,0,33
17:06:50  A,217,B1,0,36
17:06:50  A,218,B1,0,39,0,09H
17:06:50  [SLOT] n=273 tx=93 ack=4 due=0 r=1
17:06:50  [AT] "AT+CIPSEND=94" (13)
17:06:50  [AT] " S,257,0110000010,0000000000,327,P1,35A,305,A4,4,36A,306,B1,4,33A,307,A3,4,33A,308,A5,4,3A" (90)
17:06:50  [AT] "SEND OK" (7)
17:06:50  [AT] "+IPD,64:T,309,S,B2,1,50" (23)
17:06:50  [SLOT-OOW] +290ms
17:06:50  [AT] "T,310,S,B3,1,59" (15)
17:06:50  [AT] "T,311,S,A1,1,59" (15)
17:06:50  [AT] "T,312,S,A2,1,59" (15)
17:06:50  [AT] "OK" (2)
17:06:52  [TX] S,258,0110000010,0000000000,328,P1,35
17:06:52  A,309,B2,4,3F
17:06:52  A,310,B3,4,36
17:06:52  A,311,A1,4,36
17:06:52  A,312,A2,4,36
17:06:52  A,209,A4,4,3B34
17:06:52  A,216,B5,0,33
17:06:52  A,217,B1,0,36
17:06:52  A,218,B1,0,39,0,09H
17:06:52  [SLOT] n=274 tx=93 ack=4 due=0 r=1
17:06:52  [AT] "AT+CIPSEND=94" (13)
17:06:52  [AT] " S,258,0110000010,0000000000,328,P1,35A,309,B2,4,3FA,310,B3,4,36A,311,A1,4,36A,312,A2,4,36" (90)
17:06:52  [AT] "SEND OK" (7)
17:06:52  [AT] "+IPD,64:T,313,S,A5,1,5F" (23)
17:06:52  [SLOT-OOW] +288ms
17:06:52  [AT] "T,314,S,B1,1,5F" (15)
17:06:52  [AT] "T,315,S,A3,1,5F" (15)
17:06:52  [AT] "T,316,S,A4,1,5B" (15)
17:06:52  [AT] "OK" (2)
17:06:53  [TX] S,259,0110000010,0000000000,330,P1,3D
17:06:53  A,313,A5,4,30
17:06:53  A,314,B1,4,30
17:06:53  A,315,A3,4,30
17:06:53  A,316,A4,4,34
17:06:53  A,209,A4,4,3B34
17:06:53  A,216,B5,0,33
17:06:53  A,217,B1,0,36
17:06:53  A,218,B1,0,39,0,09H
17:06:53  [SLOT] n=275 tx=93 ack=4 due=0 r=1
17:06:53  [AT] "AT+CIPSEND=94" (13)
17:06:53  [AT] " S,259,0110000010,0000000000,330,P1,3DA,313,A5,4,30A,314,B1,4,30A,315,A3,4,30A,316,A4,4,34" (90)
17:06:53  [AT] "SEND OK" (7)
17:06:53  [AT] "+IPD,64:T,317,S,B3,1,5E" (23)
17:06:53  [SLOT-OOW] +302ms
17:06:53  [AT] "T,318,S,B2,1,50" (15)
17:06:53  [AT] "T,319,S,A1,1,51" (15)
17:06:53  [AT] "T,320,S,A2,1,58" (15)
17:06:53  [AT] "OK" (2)
17:06:54  [TX] S,260,0110000010,0000000000,331,P1,36
17:06:54  A,317,B3,4,31
17:06:54  A,318,B2,4,3F
17:06:54  A,319,A1,4,3E
17:06:54  A,320,A2,4,37
17:06:54  A,209,A4,4,3B34
17:06:54  A,216,B5,0,33
17:06:54  A,217,B1,0,36
17:06:54  A,218,B1,0,39,0,09H
17:06:54  [SLOT] n=276 tx=93 ack=4 due=0 r=1
17:06:54  [AT] "AT+CIPSEND=94" (13)
17:06:55  [AT] " S,260,0110000010,0000000000,331,P1,36A,317,B3,4,31A,318,B2,4,3FA,319,A1,4,3EA,320,A2,4,37" (90)
17:06:55  [AT] "SEND OK" (7)
17:06:55  [AT] "+IPD,64:T,321,S,A5,1,5E" (23)
17:06:55  [SLOT-OOW] +535ms
17:06:55  [AT] "T,322,S,A4,1,5C" (15)
17:06:55  [AT] "T,323,S,A3,1,5A" (15)
17:06:55  [AT] "T,324,S,B1,1,5C" (15)
17:06:55  [AT] "OK" (2)
17:06:56  [TX] S,261,0110000010,0000000000,332,P1,34
17:06:56  A,321,A5,4,31
17:06:56  A,322,A4,4,33
17:06:56  A,323,A3,4,35
17:06:56  A,324,B1,4,33
17:06:56  A,209,A4,4,3B34
17:06:56  A,216,B5,0,33
17:06:56  A,217,B1,0,36
17:06:56  A,218,B1,0,39,0,09H
17:06:56  [SLOT] n=277 tx=93 ack=4 due=0 r=1
17:06:56  [AT] "AT+CIPSEND=94" (13)
17:06:56  [AT] " S,261,0110000010,0000000000,332,P1,34A,321,A5,4,31A,322,A4,4,33A,323,A3,4,35A,324,B1,4,33" (90)
17:06:56  [AT] "SEND OK" (7)
17:06:56  [AT] "+IPD,64:T,325,S,B2,1,5E" (23)
17:06:56  [SLOT-OOW] +297ms
17:06:56  [AT] "T,326,S,A2,1,5E" (15)
17:06:56  [AT] "T,327,S,B3,1,5D" (15)
17:06:56  [AT] "T,328,S,A1,1,53" (15)
17:06:56  [AT] "OK" (2)
17:06:57  [TX] S,262,0110000010,0000000000,333,P1,36
17:06:57  A,325,B2,4,31
17:06:57  A,326,A2,4,31
17:06:57  A,327,B3,4,32
17:06:57  A,328,A1,4,3C
17:06:57  A,209,A4,4,3B34
17:06:57  A,216,B5,0,33
17:06:57  A,217,B1,0,36
17:06:57  A,218,B1,0,39,0,09H
17:06:57  [SLOT] n=278 tx=93 ack=4 due=0 r=1
17:06:57  [AT] "AT+CIPSEND=94" (13)
17:06:57  [AT] " S,262,0110000010,0000000000,333,P1,36A,325,B2,4,31A,326,A2,4,31A,327,B3,4,32A,328,A1,4,3C" (90)
17:06:57  [AT] "SEND OK" (7)
17:06:57  [AT] "+IPD,64:T,329,S,A3,1,50" (23)
17:06:57  [SLOT-OOW] +280ms
17:06:57  [AT] "T,330,S,A4,1,5F" (15)
17:06:57  [AT] "T,331,S,A5,1,5F" (15)
17:06:57  [AT] "T,332,S,B1,1,5B" (15)
17:06:57  [AT] "OK" (2)
17:06:58  [AT] "" (0)
17:06:58  [AT] "[System Ready, Vendor:www.ai-thinker.com]" (41)
17:06:58  [TX-RESYNC] 프롬프트 놓침 → 더미 94바이트로 스트림 복구(서버는 이 줄을 버린다)
17:06:58  [TX-DROP] S,263,0110000010,0000000000,334,P1,30
17:06:58  A,329,A3,4,3F
17:06:58  A,330,A4,4,30
17:06:58  A,331,A5,4,30
17:06:58  A,332,B1,4,34
17:06:58  A,209,A4,4,3B34
17:06:58  A,216,B5,0,33
17:06:58  A,217,B1,0,36
17:06:58  A,218,B1,0,39,0,09H
17:06:58  [NET] 전송 실패 1/3
17:06:58  [SLOT] n=279 tx=93 ack=4 due=0 r=0
17:06:58  [AT] "Error" (5)
17:06:58  [AT] "AT+CIPSEND=94" (13)
17:07:00  [TX-RESYNC] 프롬프트 놓침 → 더미 94바이트로 스트림 복구(서버는 이 줄을 버린다)
17:07:00  [TX-DROP] S,263,0110000010,0000000000,336,P1,32
17:07:00  A,329,A3,4,3F
17:07:00  A,330,A4,4,30
17:07:00  A,331,A5,4,30
17:07:00  A,332,B1,4,34
17:07:00  A,209,A4,4,3B34
17:07:00  A,216,B5,0,33
17:07:00  A,217,B1,0,36
17:07:00  A,218,B1,0,39,0,09H
17:07:00  [NET] 전송 실패 2/3
17:07:00  [SLOT] n=280 tx=93 ack=4 due=0 r=0
17:07:00  [AT] "Error" (5)
17:07:00  [AT] "AT+CIPSEND=94" (13)
17:07:01  [TX-RESYNC] 프롬프트 놓침 → 더미 94바이트로 스트림 복구(서버는 이 줄을 버린다)
17:07:01  [TX-DROP] S,263,0110000010,0000000000,337,P1,33
17:07:01  A,329,A3,4,3F
17:07:01  A,330,A4,4,30
17:07:01  A,331,A5,4,30
17:07:01  A,332,B1,4,34
17:07:01  A,209,A4,4,3B34
17:07:01  A,216,B5,0,33
17:07:01  A,217,B1,0,36
17:07:01  A,218,B1,0,39,0,09H
17:07:01  [NET] 전송 실패 3/3
17:07:01  [NET] 전송 3회 연속 실패 → 오프라인 전환. 낡은 소켓부터 닫는다(CIPCLOSE)
17:07:01  [SLOT] n=281 tx=93 ack=4 due=0 r=0
17:07:01  [DIAG] offline step=6 사다리=0/0 rx=20289 lines=918 up=337s
17:07:01  [NET] 6 CIPCLOSE (낡은 소켓 닫기)
17:07:01  [AT] "Error" (5)
17:07:01  [AT] "AT+CIPCLOSE" (11)
17:07:01  [AT] "ERROR" (5)
17:07:01  [AT] "AT+CIPSEND=94" (13)
17:07:02  [NET] 3 CIFSR (IP 를 실제로 받았는가)
17:07:02  [AT] "AT+CIFSR" (8)
17:07:02  [AT] "0.0.0.0" (7)
17:07:02  [NET] ★ ESP 가 IP 를 잃었다 — 모듈 리셋으로 본다. 누적 사건 2
17:07:02  [AT] "OK" (2)
17:07:03  [DIAG] offline step=3 사다리=0/0 rx=20344 lines=925 up=340s
17:07:04  [NET] 3 CIFSR (IP 를 실제로 받았는가)
17:07:04  [AT] "AT+CIFSR" (8)
17:07:04  [AT] "192.168.0.214" (13)
17:07:04  [NET] ★ IP 확보: 192.168.0.214
17:07:04  [AT] "OK" (2)
17:07:04  [NET] 4 CIPMUX=0
17:07:04  [AT] "AT+CIPMUX=0" (11)
17:07:04  [AT] "OK" (2)
17:07:04  [NET] CIPMUX=0 적용됨 → CIPSTART
17:07:05  [NET] 5 CIPSTART
17:07:05  [AT] "AT+CIPSTART="TCP","192.168.0.29",9991" (37)
17:07:05  [AT] "OK" (2)
17:07:05  [AT] "Linked" (6)
17:07:05  [NET] online (CONNECT) + 캐시 비움
17:07:05  [TX] S,263,0110000010,0000000000,342,P1,31
17:07:05  [SLOT] n=285 tx=37 ack=0 due=0 r=1
17:07:05  [AT] "AT+CIPSEND=38" (13)
17:07:05  [AT] " S,263,0110000010,0000000000,342,P1,31" (38)
17:07:05  [AT] "SEND OK" (7)
17:07:06  [TX] S,264,0110000010,0000000000,343,P1,37
17:07:06  [SLOT] n=286 tx=37 ack=0 due=0 r=1
17:07:06  [AT] "AT+CIPSEND=38" (13)
17:07:06  [AT] " S,264,0110000010,0000000000,343,P1,37" (38)
17:07:06  [AT] "SEND OK" (7)
17:07:06  [AT] "+IPD,64:T,337,S,B3,1,5C" (23)
17:07:06  [SLOT-OOW] +153ms
17:07:06  [AT] "T,338,S,A2,1,51" (15)
17:07:06  [AT] "T,339,S,A3,1,51" (15)
17:07:06  [AT] "T,340,S,A1,1,5D" (15)
17:07:06  [AT] "OK" (2)
17:07:08  [TX] S,265,0110000010,0000000000,344,P1,31
17:07:08  A,337,B3,4,33
17:07:08  A,338,A2,4,3E
17:07:08  A,339,A3,4,3E
17:07:08  A,340,A1,4,32
17:07:08  A,209,A4,4,3B34
17:07:08  A,216,B5,0,33
17:07:08  A,217,B1,0,36
17:07:08  A,218,B1,0,39,0,09H
17:07:08  [SLOT] n=287 tx=93 ack=4 due=0 r=1
17:07:08  [AT] "AT+CIPSEND=94" (13)
17:07:08  [AT] " S,265,0110000010,0000000000,344,P1,31A,337,B3,4,33A,338,A2,4,3EA,339,A3,4,3EA,340,A1,4,32" (90)
17:07:08  [AT] "SEND OK" (7)
17:07:08  [AT] "+IPD,64:T,341,S,A4,1,59" (23)
17:07:08  [SLOT-OOW] +293ms
17:07:08  [AT] "T,342,S,B2,1,5F" (15)
17:07:08  [AT] "T,343,S,A5,1,5A" (15)
17:07:08  [AT] "T,344,S,B1,1,5A" (15)
17:07:08  [AT] "OK" (2)
17:07:09  [TX] S,266,0110000010,0000000000,345,P1,33
17:07:09  A,341,A4,4,36
17:07:09  A,342,B2,4,30
17:07:09  A,343,A5,4,35
17:07:09  A,344,B1,4,35
17:07:09  A,209,A4,4,3B34
17:07:09  A,216,B5,0,33
17:07:09  A,217,B1,0,36
17:07:09  A,218,B1,0,39,0,09H
17:07:09  [SLOT] n=288 tx=93 ack=4 due=0 r=1
17:07:09  [AT] "AT+CIPSEND=94" (13)
17:07:09  [AT] " S,266,0110000010,0000000000,345,P1,33A,341,A4,4,36A,342,B2,4,30A,343,A5,4,35A,344,B1,4,35" (90)
17:07:09  [AT] "SEND OK" (7)
17:07:09  [AT] "+IPD,64:T,345,S,B3,1,59" (23)
17:07:09  [SLOT-OOW] +275ms
17:07:09  [AT] "T,346,S,A1,1,5B" (15)
17:07:09  [AT] "T,347,S,A3,1,58" (15)
17:07:09  [AT] "T,348,S,A2,1,56" (15)
17:07:09  [AT] "OK" (2)
17:07:10  [TX] S,267,0110000010,0000000000,346,P1,31
17:07:10  A,345,B3,4,36
17:07:10  A,346,A1,4,34
17:07:10  A,347,A3,4,37
17:07:10  A,348,A2,4,39
17:07:10  A,209,A4,4,3B34
17:07:10  A,216,B5,0,33
17:07:10  A,217,B1,0,36
17:07:10  A,218,B1,0,39,0,09H
17:07:10  [SLOT] n=289 tx=93 ack=4 due=0 r=1
17:07:10  [AT] "AT+CIPSEND=94" (13)
17:07:10  [AT] " S,267,0110000010,0000000000,346,P1,31A,345,B3,4,36A,346,A1,4,34A,347,A3,4,37A,348,A2,4,39" (90)
17:07:10  [AT] "SEND OK" (7)
17:07:10  [AT] "+IPD,64:T,349,S,A5,1,50" (23)
17:07:10  [SLOT-OOW] +282ms
17:07:10  [AT] "T,350,S,A4,1,59" (15)
17:07:10  [AT] "T,351,S,B1,1,5E" (15)
17:07:10  [AT] "T,352,S,B2,1,5E" (15)
17:07:10  [AT] "OK" (2)
17:07:11  [TX] S,268,0110000010,0000000000,348,P1,30
17:07:11  A,349,A5,4,3F
17:07:11  A,350,A4,4,36
17:07:11  A,351,B1,4,31
17:07:11  A,352,B2,4,31
17:07:11  A,209,A4,4,3B34
17:07:11  A,216,B5,0,33
17:07:11  A,217,B1,0,36
17:07:11  A,218,B1,0,39,0,09H
17:07:11  [SLOT] n=290 tx=93 ack=4 due=0 r=1
17:07:11  [AT] "AT+CIPSEND=94" (13)
17:07:11  [AT] " S,268,0110000010,0000000000,348,P1,30A,349,A5,4,3FA,350,A4,4,36A,351,B1,4,31A,352,B2,4,31" (90)
17:07:11  [AT] "SEND OK" (7)
17:07:11  [AT] "+IPD,64:T,353,S,B3,1,5E" (23)
17:07:11  [SLOT-OOW] +283ms
17:07:11  [AT] "T,354,S,A1,1,58" (15)
17:07:11  [AT] "T,355,S,A3,1,5B" (15)
17:07:11  [AT] "T,356,S,A2,1,59" (15)
17:07:11  [AT] "OK" (2)
17:07:12  [TX] S,269,0110000010,0000000000,349,P1,30
17:07:12  A,353,B3,4,31
17:07:12  A,354,A1,4,37
17:07:12  A,355,A3,4,34
17:07:12  A,356,A2,4,36
17:07:12  A,209,A4,4,3B34
17:07:12  A,216,B5,0,33
17:07:12  A,217,B1,0,36
17:07:12  A,218,B1,0,39,0,09H
17:07:12  [SLOT] n=291 tx=93 ack=4 due=0 r=1
17:07:12  [AT] "AT+CIPSEND=94" (13)
17:07:13  [AT] " S,269,0110000010,0000000000,349,P1,30A,353,B3,4,31A,354,A1,4,37A,355,A3,4,34A,356,A2,4,36" (90)
17:07:13  [AT] "SEND OK" (7)
17:07:13  [AT] "+IPD,64:T,357,S,A5,1,5F" (23)
17:07:13  [SLOT-OOW] +309ms
17:07:13  [AT] "T,358,S,A4,1,51" (15)
17:07:13  [AT] "T,359,S,B1,1,56" (15)
17:07:13  [AT] "T,360,S,B2,1,5F" (15)
17:07:13  [AT] "OK" (2)
17:07:14  [TX] S,270,0110000010,0000000000,350,P1,30
17:07:14  A,357,A5,4,30
17:07:14  A,358,A4,4,3E
17:07:14  A,359,B1,4,39
17:07:14  A,360,B2,4,30
17:07:14  A,209,A4,4,3B34
17:07:14  A,216,B5,0,33
17:07:14  A,217,B1,0,36
17:07:14  A,218,B1,0,39,0,09H
17:07:14  [SLOT] n=292 tx=93 ack=4 due=0 r=1
17:07:14  [AT] "AT+CIPSEND=94" (13)
17:07:14  [AT] " S,270,0110000010,0000000000,350,P1,30A,357,A5,4,30A,358,A4,4,3EA,359,B1,4,39A,360,B2,4,30" (90)
17:07:14  [AT] "SEND OK" (7)
17:07:14  [AT] "+IPD,64:T,361,S,A1,1,5E" (23)
17:07:14  [SLOT-OOW] +328ms
17:07:14  [AT] "T,362,S,B3,1,5C" (15)
17:07:14  [AT] "T,363,S,A2,1,5F" (15)
17:07:14  [AT] "T,364,S,A3,1,59" (15)
17:07:14  [AT] "OK" (2)
17:07:15  [TX] S,271,0110000010,0000000000,351,P1,30
17:07:15  A,361,A1,4,31
17:07:15  A,362,B3,4,33
17:07:15  A,363,A2,4,30
17:07:15  A,364,A3,4,36
17:07:15  A,209,A4,4,3B34
17:07:15  A,216,B5,0,33
17:07:15  A,217,B1,0,36
17:07:15  A,218,B1,0,39,0,09H
17:07:15  [SLOT] n=293 tx=93 ack=4 due=0 r=1
17:07:15  [AT] "AT+CIPSEND=94" (13)
17:07:15  [AT] " S,271,0110000010,0000000000,351,P1,30A,361,A1,4,31A,362,B3,4,33A,363,A2,4,30A,364,A3,4,36" (90)
17:07:15  [AT] "SEND OK" (7)
17:07:15  [AT] "+IPD,64:T,365,S,B2,1,5A" (23)
17:07:15  [SLOT-OOW] +277ms
17:07:15  [AT] "T,366,S,A5,1,5D" (15)
17:07:15  [AT] "T,367,S,B1,1,5B" (15)
17:07:15  [AT] "T,368,S,A4,1,52" (15)
17:07:15  [AT] "OK" (2)
17:07:16  [TX] S,272,0110000010,0000000000,352,P1,30
17:07:16  A,365,B2,4,35
17:07:16  A,366,A5,4,32
17:07:16  A,367,B1,4,34
17:07:16  A,368,A4,4,3D
17:07:16  A,209,A4,4,3B34
17:07:16  A,216,B5,0,33
17:07:16  A,217,B1,0,36
17:07:16  A,218,B1,0,39,0,09H
17:07:16  [SLOT] n=294 tx=93 ack=4 due=0 r=1
17:07:16  [AT] "AT+CIPSEND=94" (13)
17:07:16  [AT] " S,272,0110000010,0000000000,352,P1,30A,365,B2,4,35A,366,A5,4,32A,367,B1,4,34A,368,A4,4,3D" (90)
17:07:16  [AT] "SEND OK" (7)
17:07:16  [AT] "+IPD,64:T,369,S,A1,1,56" (23)
17:07:16  [SLOT-OOW] +277ms
17:07:16  [AT] "T,370,S,A3,1,5C" (15)
17:07:16  [AT] "T,371,S,A2,1,5C" (15)
17:07:16  [AT] "T,372,S,B3,1,5D" (15)
17:07:16  [AT] "OK" (2)
17:07:17  [TX] S,273,0110000010,0000000000,354,P1,37
17:07:17  A,369,A1,4,39
17:07:17  A,370,A3,4,33
17:07:17  A,371,A2,4,33
17:07:17  A,372,B3,4,32
17:07:17  A,209,A4,4,3B34
17:07:17  A,216,B5,0,33
17:07:17  A,217,B1,0,36
17:07:17  A,218,B1,0,39,0,09H
17:07:17  [SLOT] n=295 tx=93 ack=4 due=0 r=1
17:07:17  [AT] " S,273,0110000010,0000000000,354,P1,37A,369,A1,4,39A,370,A3,4,33A,371,A2,4,33A,372,B3,4,32" (90)
17:07:17  [AT] "SEND OK" (7)
17:07:17  [AT] "+IPD,64:T,373,S,A5,1,59" (23)
17:07:17  [SLOT-OOW] +312ms
17:07:17  [AT] "T,374,S,B1,1,59" (15)
17:07:17  [AT] "T,375,S,A4,176,S,B2,1,58" (24)
17:07:17  [CKSUM NG] T,375,S,A4,176,S,B2,1,58
17:07:17  [AT] "OK" (2)
17:07:17  [AT] "AT+CIPSEND=94" (13)
17:07:18  [TX] S,274,0110000010,0000000000,355,P1,31
17:07:18  A,373,A5,4,36
17:07:18  A,374,B1,4,36
17:07:18  A,371,A2,4,33
17:07:18  A,372,B3,4,32
17:07:18  A,209,A4,4,3B34
17:07:18  A,216,B5,0,33
17:07:18  A,217,B1,0,36
17:07:18  A,218,B1,0,39,0,09H
17:07:18  [SLOT] n=296 tx=65 ack=2 due=0 r=1
17:07:18  [AT] "AT+CIPSEND=66" (13)
17:07:18  [AT] " S,274,0110000010,0000000000,355,P1,31A,373,A5,4,36A,374,B1,4,36" (64)
17:07:18  [AT] "SEND OK" (7)
17:07:18  [AT] "+IPD,64:T,377,S,A3,1,5B" (23)
17:07:18  [SLOT-OOW] +216ms
17:07:19  [AT] "T,378,S,A2,1,55" (15)
17:07:19  [AT] "T,379,S,A1,1,57" (15)
17:07:19  [AT] "T,380,S,B3,1,50" (15)
17:07:19  [AT] "OK" (2)
17:07:20  [TX] S,275,0110000010,0000000000,356,P1,33
17:07:20  A,377,A3,4,34
17:07:20  A,378,A2,4,3A
17:07:20  A,379,A1,4,38
17:07:20  A,380,B3,4,3F
17:07:20  A,209,A4,4,3B34
17:07:20  A,216,B5,0,33
17:07:20  A,217,B1,0,36
17:07:20  A,218,B1,0,39,0,09H
17:07:20  [SLOT] n=297 tx=93 ack=4 due=0 r=1
17:07:20  [AT] " S,275,0110000010,0000000000,356,P1,33A,377,A3,4,34A,378,A2,4,3AA,379,A1,4,38A,380,B3,4,3F" (90)
17:07:20  [AT] "SEND OK" (7)
17:07:20  [AT] "+IPD,32:T,381,S,A5,1,54" (23)
17:07:20  [SLOT-OOW] +294ms
17:07:20  [AT] "T,382,S,B1,1,50" (15)
17:07:20  [AT] "OK" (2)
17:07:20  [AT] "AT+CIPSEND=94" (13)
17:07:21  [TX] S,276,0110000010,0000000000,357,P1,31
17:07:21  A,381,A5,4,3B
17:07:21  A,382,B1,4,3F
17:07:21  A,379,A1,4,38
17:07:21  A,380,B3,4,3F
17:07:21  A,209,A4,4,3B34
17:07:21  A,216,B5,0,33
17:07:21  A,217,B1,0,36
17:07:21  A,218,B1,0,39,0,09H
17:07:21  [SLOT] n=298 tx=65 ack=2 due=0 r=1
17:07:21  [AT] "AT+CIPSEND=66" (13)
17:07:21  [AT] " S,276,0110000010,0000000000,357,P1,31A,381,A5,4,3BA,382,B1,4,3F" (64)
17:07:21  [AT] "SEND OK" (7)
17:07:21  [AT] "+IPD,64:T,375,S,A4,1,5E" (23)
17:07:21  [SLOT-OOW] +221ms
17:07:21  [AT] "T,376,S,B2,1,58" (15)
17:07:21  [AT] "T,383,S,B3,1,53" (15)
17:07:21  [AT] "T,384,S,A1,1,55" (15)
17:07:21  [AT] "OK" (2)
17:07:22  [TX] S,277,0110000010,0000000000,358,P1,3F
17:07:22  A,375,A4,4,31
17:07:22  A,376,B2,4,37
17:07:22  A,383,B3,4,3C
17:07:22  A,384,A1,4,3A
17:07:22  A,209,A4,4,3B34
17:07:22  A,216,B5,0,33
17:07:22  A,217,B1,0,36
17:07:22  A,218,B1,0,39,0,09H
17:07:22  [SLOT] n=299 tx=93 ack=4 due=0 r=1
17:07:22  [AT] " S,277,0110000010,0000000000,358,P1,3FA,375,A4,4,31A,376,B2,4,37A,383,B3,4,3CA,384,A1,4,3A" (90)
17:07:22  [AT] "SEND OK" (7)
17:07:22  [AT] "+IPD,64:T,385,S,A3,1,56" (23)
17:07:22  [SLOT-OOW] +304ms
17:07:22  [AT] "T,386,S,A2,1,54" (15)
17:07:22  [AT] "T,387,S,B1,1,55" (15)
17:07:22  [AT] "T,388,S,A5,1,5D" (15)
17:07:22  [AT] "OK" (2)
17:07:22  [AT] "AT+CIPSEND=94" (13)
17:07:23  [TX] S,278,0110000010,0000000000,360,P1,3B
17:07:23  A,385,A3,4,39
17:07:23  A,386,A2,4,3B
17:07:23  A,387,B1,4,3A
17:07:23  A,388,A5,4,32
17:07:23  A,209,A4,4,3B34
17:07:23  A,216,B5,0,33
17:07:23  A,217,B1,0,36
17:07:23  A,218,B1,0,39,0,09H
17:07:23  [SLOT] n=300 tx=93 ack=4 due=0 r=1
17:07:23  [CNT] up=360 drop=1 esprst=2 resync=3 sendfail=0 okto=0 stuck=0 ackq=0 ackdrop=0 ackstale=0 slot=300 oow=35 smiss=2 ssovf=2 cksumng=2 okstream=278 penddrop=6 skip=0 online=1
17:07:23  [RAM] 최저 여유 627 B · 프롬프트 재동기 3회 (서버의 '버린줄' 과 맞아야 한다)
17:07:23  [AT] " S,278,0110000010,0000000000,360,P1,3BA,385,A3,4,39A,386,A2,4,3BA,387,B1,4,3AA,388,A5,4,32" (90)
17:07:23  [AT] "SEND OK" (7)
17:07:23  [AT] "+IPD,64:T,389,S,A4,1,5D" (23)
17:07:23  [SLOT-OOW] +345ms
17:07:23  [AT] "T,390,S,A1,1,50" (15)
17:07:23  [AT] "AT+CIPSEND=94" (13)
17:07:24  [TX] S,279,0110000010,0000000000,361,P1,3B
17:07:24  A,389,A4,4,32
17:07:24  A,390,A1,4,3F
17:07:24  A,387,B1,4,3A
17:07:24  A,388,A5,4,32
17:07:24  A,209,A4,4,3B34
17:07:24  A,216,B5,0,33
17:07:24  A,217,B1,0,36
17:07:24  A,218,B1,0,39,0,09H
17:07:24  [SLOT] n=301 tx=65 ack=2 due=0 r=1
17:07:24  [AT] "T,391,S,B2AT+CIPSEND=66" (23)
17:07:24  [CKSUM NG] T,391,S,B2AT+CIPSEND=66
17:07:24  [AT] " S,279,0110000010,0000000000,361,P1,3BA,389,A4,4,32A,390,A1,4,3F" (64)
17:07:24  [AT] "SEND OK" (7)
17:07:25  [AT] "+IPD,64:T,393,S,A3,1,51" (23)
17:07:25  [SLOT-OOW] +234ms
17:07:25  [AT] "T,394,S,A2,1,57" (15)
17:07:25  [AT] "T,395,S,B1,1,56" (15)
17:07:25  [AT] "T,396,S,A5,1,52" (15)
17:07:25  [AT] "OK" (2)
17:07:26  [TX] S,280,0110000010,0000000000,362,P1,3E
17:07:26  A,393,A3,4,3E
17:07:26  A,394,A2,4,38
17:07:26  A,395,B1,4,39
17:07:26  A,396,A5,4,3D
17:07:26  A,209,A4,4,3B34
17:07:26  A,216,B5,0,33
17:07:26  A,217,B1,0,36
17:07:26  A,218,B1,0,39,0,09H
17:07:26  [SLOT] n=302 tx=93 ack=4 due=0 r=1
17:07:26  [AT] "AT+CIPSEND=94" (13)
17:07:26  [AT] " S,280,0110000010,0000000000,362,P1,3EA,393,A3,4,3EA,394,A2,4,38A,395,B1,4,39A,396,A5,4,3D" (90)
17:07:26  [AT] "SEND OK" (7)
17:07:26  [AT] "+IPD,64:T,397,S,A4,1,52" (23)
17:07:26  [SLOT-OOW] +481ms
17:07:26  [AT] "T,398,S,A1,1,58" (15)
17:07:26  [AT] "T,391,S,B2,1,51" (15)
17:07:26  [AT] "T,392,S,B3,1,53" (15)
17:07:26  [AT] "OK" (2)
17:07:27  [TX] S,281,0110000010,0000000000,363,P1,3E
17:07:27  A,397,A4,4,3D
17:07:27  A,398,A1,4,37
17:07:27  A,391,B2,4,3E
17:07:27  A,392,B3,4,3C
17:07:27  A,209,A4,4,3B34
17:07:27  A,216,B5,0,33
17:07:27  A,217,B1,0,36
17:07:27  A,218,B1,0,39,0,09H
17:07:27  [SLOT] n=303 tx=93 ack=4 due=0 r=1
17:07:27  [AT] "AT+CIPSEND=94" (13)
17:07:27  [AT] " S,281,0110000010,0000000000,363,P1,3EA,397,A4,4,3DA,398,A1,4,37A,391,B2,4,3EA,392,B3,4,3C" (90)
17:07:27  [AT] "SEND OK" (7)
17:07:27  [AT] "+IPD,64:T,399,S,A2,1,5A" (23)
17:07:27  [SLOT-OOW] +297ms
17:07:27  [AT] "T,400,S,B1,1,5D" (15)
17:07:27  [AT] "T,401,S,A3,1,5D" (15)
17:07:27  [AT] "T,402,S,A5,1,58" (15)
17:07:27  [AT] "OK" (2)
17:07:28  [TX] S,282,0110000010,0000000000,364,P1,3A
17:07:28  A,399,A2,4,35
17:07:28  A,400,B1,4,32
17:07:28  A,401,A3,4,32
17:07:28  A,402,A5,4,37
17:07:28  A,209,A4,4,3B34
17:07:28  A,216,B5,0,33
17:07:28  A,217,B1,0,36
17:07:28  A,218,B1,0,39,0,09H
17:07:28  [SLOT] n=304 tx=93 ack=4 due=0 r=1
17:07:28  [AT] "AT+CIPSEND=94" (13)
17:07:28  [AT] " S,282,0110000010,0000000000,364,P1,3AA,399,A2,4,35A,400,B1,4,32A,401,A3,4,32A,402,A5,4,37" (90)
17:07:28  [AT] "SEND OK" (7)
17:07:28  [AT] "+IPD,64:T,403,S,A4,1,58" (23)
17:07:28  [SLOT-OOW] +322ms
17:07:28  [AT] "T,404,S,B3,1,5B" (15)
17:07:28  [AT] "T,405,S,A1,1,5B" (15)
17:07:28  [AT] "T,406,S,B2,1,58" (15)
17:07:28  [AT] "OK" (2)
17:07:29  [TX] S,283,0110000010,0000000000,366,P1,39
17:07:29  A,403,A4,4,37
17:07:29  A,404,B3,4,34
17:07:29  A,405,A1,4,34
17:07:29  A,406,B2,4,37
17:07:29  A,209,A4,4,3B34
17:07:29  A,216,B5,0,33
17:07:29  A,217,B1,0,36
17:07:29  A,218,B1,0,39,0,09H
17:07:29  [SLOT] n=305 tx=93 ack=4 due=0 r=1
17:07:29  [AT] " S,283,0110000010,0000000000,366,P1,39A,403,A4,4,37A,404,B3,4,34A,405,A1,4,34A,406,B2,4,37" (90)
17:07:29  [AT] "SEND OK" (7)
17:07:29  [AT] "+IPD,64:T,407,S,A2,1,5A" (23)
17:07:29  [SLOT-OOW] +305ms
17:07:29  [AT] "T,408,S,A5,1,52" (15)
17:07:29  [AT] "T,409,S,B1,1,54" (15)
17:07:29  [AT] "T,410,S,A3,1,5D" (15)
17:07:29  [AT] "OK" (2)
17:07:29  [AT] "AT+CIPSEND=94" (13)
17:07:30  [TX] S,284,0110000010,0000000000,367,P1,3F
17:07:30  A,407,A2,4,35
17:07:30  A,408,A5,4,3D
17:07:30  A,409,B1,4,3B
17:07:30  A,410,A3,4,32
17:07:30  A,209,A4,4,3B34
17:07:30  A,216,B5,0,33
17:07:30  A,217,B1,0,36
17:07:30  A,218,B1,0,39,0,09H
17:07:30  [SLOT] n=306 tx=93 ack=4 due=0 r=1
17:07:30  [AT] "AT+CIPSEND=94" (13)
17:07:31  [AT] " S,284,0110000010,0000000000,367,P1,3FA,407,A2,4,35A,408,A5,4,3DA,409,B1,4,3BA,410,A3,4,32" (90)
17:07:31  [AT] "SEND OK" (7)
17:07:31  [AT] "+IPD,64:T,411,S,A1,1,5E" (23)
17:07:31  [SLOT-OOW] +316ms
17:07:31  [AT] "T,412,S,B3,1,5C" (15)
17:07:31  [AT] "T,413,S,A4,1,59" (15)
17:07:31  [AT] "T,414,S,B2,1,5B" (15)
17:07:31  [AT] "OK" (2)
17:07:32  [TX] S,285,0110000010,0000000000,368,P1,31
17:07:32  A,411,A1,4,31
17:07:32  A,412,B3,4,33
17:07:32  A,413,A4,4,36
17:07:32  A,414,B2,4,34
17:07:32  A,209,A4,4,3B34
17:07:32  A,216,B5,0,33
17:07:32  A,217,B1,0,36
17:07:32  A,218,B1,0,39,0,09H
17:07:32  [SLOT] n=307 tx=93 ack=4 due=0 r=1
17:07:32  [AT] "AT+CIPSEND=94" (13)
17:07:32  [AT] " S,285,0110000010,0000000000,368,P1,31A,411,A1,4,31A,412,B3,4,33A,413,A4,4,36A,414,B2,4,34" (90)
17:07:32  [AT] "SEND OK" (7)
17:07:32  [AT] "+IPD,64:T,415,S,B1,1,59" (23)
17:07:32  [SLOT-OOW] +276ms
17:07:32  [AT] "T,416,S,A5,1,5D" (15)
17:07:32  [AT] "T,417,S,A2,1,5B" (15)
17:07:32  [AT] "T,418,S,A3,1,55" (15)
17:07:32  [AT] "OK" (2)
17:07:33  [TX] S,286,0110000010,0000000000,369,P1,33
17:07:33  A,415,B1,4,36
17:07:33  A,416,A5,4,32
17:07:33  A,417,A2,4,34
17:07:33  A,418,A3,4,3A
17:07:33  A,209,A4,4,3B34
17:07:33  A,216,B5,0,33
17:07:33  A,217,B1,0,36
17:07:33  A,218,B1,0,39,0,09H
17:07:33  [SLOT] n=308 tx=93 ack=4 due=0 r=1
17:07:33  [AT] "AT+CIPSEND=94" (13)
17:07:33  [AT] " S,286,0110000010,0000000000,369,P1,33A,415,B1,4,36A,416,A5,4,32A,417,A2,4,34A,418,A3,4,3A" (90)
17:07:33  [AT] "SEND OK" (7)
17:07:33  [AT] "+IPD,64:T,419,S,B3,1,57" (23)
17:07:33  [SLOT-OOW] +303ms
17:07:33  [AT] "T,420,S,A1,1,5C" (15)
17:07:33  [AT] "T,421,S,B2,1,5D" (15)
17:07:33  [AT] "T,422,S,A4,1,5B" (15)
17:07:33  [AT] "OK" (2)
17:07:34  [TX] S,287,0110000010,0000000000,370,P1,3A
17:07:34  A,419,B3,4,38
17:07:34  A,420,A1,4,33
17:07:34  A,421,B2,4,32
17:07:34  A,422,A4,4,34
17:07:34  A,209,A4,4,3B34
17:07:34  A,216,B5,0,33
17:07:34  A,217,B1,0,36
17:07:34  A,218,B1,0,39,0,09H
17:07:34  [SLOT] n=309 tx=93 ack=4 due=0 r=1
17:07:34  [AT] "AT+CIPSEND=94" (13)
17:07:34  [AT] " S,287,0110000010,0000000000,370,P1,3AA,419,B3,4,38A,420,A1,4,33A,421,B2,4,32A,422,A4,4,34" (90)
17:07:34  [AT] "SEND OK" (7)
17:07:34  [AT] "+IPD,64:T,423,S,A3,1,5D" (23)
17:07:34  [SLOT-OOW] +279ms
17:07:34  [AT] "T,424,S,A5,1,5C" (15)
17:07:34  [AT] "T,425,S,A2,1,5A" (15)
17:07:34  [AT] "T,426,S,B1,1,59" (15)
17:07:34  [AT] "OK" (2)
17:07:35  [TX] S,288,0110000010,0000000000,372,P1,37
17:07:35  A,423,A3,4,32
17:07:35  A,424,A5,4,33
17:07:35  A,425,A2,4,35
17:07:35  A,426,B1,4,36
17:07:35  A,209,A4,4,3B34
17:07:35  A,216,B5,0,33
17:07:35  A,217,B1,0,36
17:07:35  A,218,B1,0,39,0,09H
17:07:35  [SLOT] n=310 tx=93 ack=4 due=0 r=1
17:07:35  [AT] " S,288,0110000010,0000000000,372,P1,37A,423,A3,4,32A,424,A5,4,33A,425,A2,4,35A,426,B1,4,36" (90)
17:07:35  [AT] "SEND OK" (7)
17:07:35  [AT] "+IPD,64:T,427,S,B3,1,5A" (23)
17:07:35  [SLOT-OOW] +303ms
17:07:35  [AT] "T,428,S,A1,1,54" (15)
17:07:35  [AT] "T,429,S,B2,1,55" (15)
17:07:35  [AT] "T,430,S,A4,1,58" (15)
17:07:35  [AT] "OK" (2)
17:07:35  [AT] "AT+CIPSEND=94" (13)
17:07:36  [TX] S,289,0110000010,0000000000,373,P1,37
17:07:36  A,427,B3,4,35
17:07:36  A,428,A1,4,3B
17:07:36  A,429,B2,4,3A
17:07:36  A,430,A4,4,37
17:07:36  A,209,A4,4,3B34
17:07:36  A,216,B5,0,33
17:07:36  A,217,B1,0,36
17:07:36  A,218,B1,0,39,0,09H
17:07:36  [SLOT] n=311 tx=93 ack=4 due=0 r=1
17:07:37  [AT] " S,289,0110000010,0000000000,373,P1,37A,427,B3,4,35A,428,A1,4,3BA,429,B2,4,3AA,430,A4,4,37" (90)
17:07:37  [AT] "SEND OK" (7)
17:07:37  [AT] "+IPD,64:T,431,S,A2,1,5F" (23)
17:07:37  [SLOT-OOW] +302ms
17:07:37  [AT] "T,432,S,A3,1,5D" (15)
17:07:37  [AT] "T,433,S,B1,1,5D" (15)
17:07:37  [AT] "T,434,S,A5,1,5D" (15)
17:07:37  [AT] "OK" (2)
17:07:37  [AT] "AT+CIPSEND=94" (13)
17:07:38  [TX] S,290,0110000010,0000000000,374,P1,38
17:07:38  A,431,A2,4,30
17:07:38  A,432,A3,4,32
17:07:38  A,433,B1,4,32
17:07:38  A,434,A5,4,32
17:07:38  A,209,A4,4,3B34
17:07:38  A,216,B5,0,33
17:07:38  A,217,B1,0,36
17:07:38  A,218,B1,0,39,0,09H
17:07:38  [SLOT] n=312 tx=93 ack=4 due=0 r=1
17:07:38  [AT] " S,290,0110000010,0000000000,374,P1,38A,431,A2,4,30A,432,A3,4,32A,433,B1,4,32A,434,A5,4,32" (90)
17:07:38  [AT] "SEND OK" (7)
17:07:38  [AT] "+IPD,64:T,435,S,B2,1,58" (23)
17:07:38  [SLOT-OOW] +305ms
17:07:38  [AT] "T,436,S,A1,1,5B" (15)
17:07:38  [AT] "T,437,S,B3,1,5B" (15)
17:07:38  [AT] "T,438,S,A4,1,50" (15)
17:07:38  [AT] "OK" (2)
17:07:38  [AT] "AT+CIPSEND=94" (13)
17:07:39  [TX] S,291,0110000010,0000000000,375,P1,38
17:07:39  A,435,B2,4,37
17:07:39  A,436,A1,4,34
17:07:39  A,437,B3,4,34
17:07:39  A,438,A4,4,3F
17:07:39  A,209,A4,4,3B34
17:07:39  A,216,B5,0,33
17:07:39  A,217,B1,0,36
17:07:39  A,218,B1,0,39,0,09H
17:07:39  [SLOT] n=313 tx=93 ack=4 due=0 r=1
17:07:39  [AT] " S,291,0110000010,0000000000,375,P1,38A,435,B2,4,37A,436,A1,4,34A,437,B3,4,34A,438,A4,4,3F" (90)
17:07:39  [AT] "SEND OK" (7)
17:07:39  [AT] "+IPD,64:T,439,S,A3,1,56" (23)
17:07:39  [SLOT-OOW] +304ms
17:07:39  [AT] "T,440,S,B1,1,59" (15)
17:07:39  [AT] "T,441,S,A2,1,58" (15)
17:07:39  [AT] "T,442,S,A5,1,5C" (15)
17:07:39  [AT] "OK" (2)
17:07:39  [AT] "AT+CIPSEND=94" (13)
17:07:40  [TX] S,292,0110000010,0000000000,376,P1,38
17:07:40  A,439,A3,4,39
17:07:40  A,440,B1,4,36
17:07:40  A,441,A2,4,37
17:07:40  A,442,A5,4,33
17:07:40  A,209,A4,4,3B34
17:07:40  A,216,B5,0,33
17:07:40  A,217,B1,0,36
17:07:40  A,218,B1,0,39,0,09H
17:07:40  [SLOT] n=314 tx=93 ack=4 due=0 r=1
17:07:40  [AT] "AT+CIPSEND=94" (13)
17:07:40  [AT] " S,292,0110000010,0000000000,376,P1,38A,439,A3,4,39A,440,B1,4,36A,441,A2,4,37A,442,A5,4,33" (90)
17:07:40  [AT] "SEND OK" (7)
17:07:40  [AT] "+IPD,64:T,443,S,B2,1,59" (23)
17:07:40  [SLOT-OOW] +306ms
17:07:40  [AT] "T,444,S,A1,1,5E" (15)
17:07:40  [AT] "T,445,S,B3,1,5E" (15)
17:07:40  [AT] "T,446,S,A4,1,59" (15)
17:07:40  [AT] "OK" (2)
17:07:41  [TX] S,293,0110000010,0000000000,378,P1,37
17:07:41  A,443,B2,4,36
17:07:41  A,444,A1,4,31
17:07:41  A,445,B3,4,31
17:07:41  A,446,A4,4,36
17:07:41  A,209,A4,4,3B34
17:07:41  A,216,B5,0,33
17:07:41  A,217,B1,0,36
17:07:41  A,218,B1,0,39,0,09H
17:07:41  [SLOT] n=315 tx=93 ack=4 due=0 r=1
17:07:41  [AT] "AT+CIPSEND=94" (13)
17:07:41  [AT] " S,293,0110000010,0000000000,378,P1,37A,443,B2,4,36A,444,A1,4,31A,445,B3,4,31A,446,A4,4,36" (90)
17:07:41  [AT] "SEND OK" (7)
17:07:41  [AT] "+IPD,64:T,447,S,A2,1,5E" (23)
17:07:41  [SLOT-OOW] +298ms
17:07:41  [AT] "T,448,S,B1,1,51" (15)
17:07:41  [AT] "T,449,S,A3,1,51" (15)
17:07:41  [AT] "T,450,S,A5,1,5F" (15)
17:07:41  [AT] "OK" (2)
17:07:42  [TX] S,294,0110000010,0000000000,379,P1,31
17:07:42  A,447,A2,4,31
17:07:42  A,448,B1,4,3E
17:07:42  A,449,A3,4,3E
17:07:42  A,450,A5,4,30
17:07:42  A,209,A4,4,3B34
17:07:42  A,216,B5,0,33
17:07:42  A,217,B1,0,36
17:07:42  A,218,B1,0,39,0,09H
17:07:42  [SLOT] n=316 tx=93 ack=4 due=0 r=1
17:07:42  [AT] "AT+CIPSEND=94" (13)
17:07:42  [AT] " S,294,0110000010,0000000000,379,P1,31A,447,A2,4,31A,448,B1,4,3EA,449,A3,4,3EA,450,A5,4,30" (90)
17:07:43  [AT] "SEND OK" (7)
17:07:43  [AT] "+IPD,64:T,451,S,B2,1,5A" (23)
17:07:43  [SLOT-OOW] +279ms
17:07:43  [AT] "T,452,S,A4,1,5C" (15)
17:07:43  [AT] "T,453,S,B3,1,59" (15)
17:07:43  [AT] "T,454,S,A1,1,5F" (15)
17:07:43  [AT] "OK" (2)
17:07:44  [TX] S,295,0110000010,0000000000,380,P1,36
17:07:44  A,451,B2,4,35
17:07:44  A,452,A4,4,33
17:07:44  A,453,B3,4,36
17:07:44  A,454,A1,4,30
17:07:44  A,209,A4,4,3B34
17:07:44  A,216,B5,0,33
17:07:44  A,217,B1,0,36
17:07:44  A,218,B1,0,39,0,09H
17:07:44  [SLOT] n=317 tx=93 ack=4 due=0 r=1
17:07:44  [AT] " S,295,0110000010,0000000000,380,P1,36A,451,B2,4,35A,452,A4,4,33A,453,B3,4,36A,454,A1,4,30" (90)
17:07:44  [AT] "SEND OK" (7)
17:07:44  [AT] "+IPD,64:T,455,S,B1,1,5D" (23)
17:07:44  [SLOT-OOW] +311ms
17:07:44  [AT] "T,456,S,A3,1,5F" (15)
17:07:44  [AT] "T,457,S,A2,158,S,A5,1,57" (24)
17:07:44  [CKSUM NG] T,457,S,A2,158,S,A5,1,57
17:07:44  [AT] "OK" (2)
17:07:44  [AT] "AT+CIPSEND=94" (13)
17:07:45  [TX] S,296,0110000010,0000000000,381,P1,34
17:07:45  A,455,B1,4,32
17:07:45  A,456,A3,4,30
17:07:45  A,453,B3,4,36
17:07:45  A,454,A1,4,30
17:07:45  A,209,A4,4,3B34
17:07:45  A,216,B5,0,33
17:07:45  A,217,B1,0,36
17:07:45  A,218,B1,0,39,0,09H
17:07:45  [SLOT] n=318 tx=65 ack=2 due=0 r=1
17:07:45  [AT] "AT+CIPSEND=66" (13)
17:07:45  [AT] " S,296,0110000010,0000000000,381,P1,34A,455,B1,4,32A,456,A3,4,30" (64)
17:07:45  [AT] "SEND OK" (7)
17:07:45  [AT] "+IPD,64:T,459,S,A4,1,57" (23)
17:07:45  [SLOT-OOW] +224ms
17:07:45  [AT] "T,460,S,B2,1,58" (15)
17:07:45  [AT] "T,461,S,A1,1,59" (15)
17:07:45  [AT] "T,462,S,B3,1,5B" (15)
17:07:45  [AT] "OK" (2)
17:07:46  [TX] S,297,0110000010,0000000000,382,P1,36
17:07:46  A,459,A4,4,38
17:07:46  A,460,B2,4,37
17:07:46  A,461,A1,4,36
17:07:46  A,462,B3,4,34
17:07:46  A,209,A4,4,3B34
17:07:46  A,216,B5,0,33
17:07:46  A,217,B1,0,36
17:07:46  A,218,B1,0,39,0,09H
17:07:46  [SLOT] n=319 tx=93 ack=4 due=0 r=1
17:07:46  [AT] "AT+CIPSEND=94" (13)
17:07:46  [AT] " S,297,0110000010,0000000000,382,P1,36A,459,A4,4,38A,460,B2,4,37A,461,A1,4,36A,462,B3,4,34" (90)
17:07:46  [AT] "SEND OK" (7)
17:07:46  [AT] "+IPD,32:T,463,S,A3,1,59" (23)
17:07:46  [SLOT-OOW] +296ms
17:07:46  [AT] "T,464,S,B1,1,5F" (15)
17:07:46  [AT] "OK" (2)
17:07:47  [TX] S,298,0110000010,0000000000,384,P1,3F
17:07:47  A,463,A3,4,36
17:07:47  A,464,B1,4,30
17:07:47  A,461,A1,4,36
17:07:47  A,462,B3,4,34
17:07:47  A,209,A4,4,3B34
17:07:47  A,216,B5,0,33
17:07:47  A,217,B1,0,36
17:07:47  A,218,B1,0,39,0,09H
17:07:47  [SLOT] n=320 tx=65 ack=2 due=0 r=1
17:07:47  [AT] "AT+CIPSEND=66" (13)
17:07:47  [AT] " S,298,0110000010,0000000000,384,P1,3FA,463,A3,4,36A,464,B1,4,30" (64)
17:07:47  [AT] "SEND OK" (7)
17:07:47  [AT] "+IPD,64:T,457,S,A2,1,5F" (23)
17:07:47  [SLOT-OOW] +220ms
17:07:47  [AT] "T,458,S,A5,1,57" (15)
17:07:47  [AT] "T,465,S,B2,1,5D" (15)
17:07:47  [AT] "T,466,S,A4,1,5B" (15)
17:07:47  [AT] "OK" (2)
17:07:48  [TX] S,299,0110000010,0000000000,385,P1,3F
17:07:48  A,457,A2,4,30
17:07:48  A,458,A5,4,38
17:07:48  A,465,B2,4,32
17:07:48  A,466,A4,4,34
17:07:48  A,209,A4,4,3B34
17:07:48  A,216,B5,0,33
17:07:48  A,217,B1,0,36
17:07:48  A,218,B1,0,39,0,09H
17:07:48  [SLOT] n=321 tx=93 ack=4 due=0 r=1
17:07:48  [AT] "AT+CIPSEND=94" (13)
17:07:48  [AT] " S,299,0110000010,0000000000,385,P1,3FA,457,A2,4,30A,458,A5,4,38A,465,B2,4,32A,466,A4,4,34" (90)
17:07:49  [AT] "SEND OK" (7)
17:07:49  [AT] "+IPD,64:T,467,S,B3,1,5E" (23)
17:07:49  [SLOT-OOW] +290ms
17:07:49  [AT] "T,468,S,A1,1,50" (15)
17:07:49  [AT] "T,469,S,B1,1,52" (15)
17:07:49  [AT] "T,470,S,A3,1,5B" (15)
17:07:49  [AT] "OK" (2)
17:07:50  [TX] S,300,0110000010,0000000000,386,P1,3D
17:07:50  A,467,B3,4,31
17:07:50  A,468,A1,4,3F
17:07:50  A,469,B1,4,3D
17:07:50  A,470,A3,4,34
17:07:50  A,209,A4,4,3B34
17:07:50  A,216,B5,0,33
17:07:50  A,217,B1,0,36
17:07:50  A,218,B1,0,39,0,09H
17:07:50  [SLOT] n=322 tx=93 ack=4 due=0 r=1
17:07:50  [AT] "AT+CIPSEND=94" (13)
17:07:50  [AT] " S,300,0110000010,0000000000,386,P1,3DA,467,B3,4,31A,468,A1,4,3FA,469,B1,4,3DA,470,A3,4,34" (90)
17:07:50  [AT] "SEND OK" (7)
17:07:50  [AT] "+IPD,64:T,471,S,A4,1,5D" (23)
17:07:50  [SLOT-OOW] +308ms
17:07:50  [AT] "T,472,S,B2,1,5B" (15)
17:07:50  [AT] "T,473,S,A5,1,5E" (15)
17:07:50  [AT] "T,474,S,A2,1,5E" (15)
17:07:50  [AT] "OK" (2)
17:07:51  [TX] S,301,0110000010,0000000000,387,P1,3D
17:07:51  A,471,A4,4,32
17:07:51  A,472,B2,4,34
17:07:51  A,473,A5,4,31
17:07:51  A,474,A2,4,31
17:07:51  A,209,A4,4,3B34
17:07:51  A,216,B5,0,33
17:07:51  A,217,B1,0,36
17:07:51  A,218,B1,0,39,0,09H
17:07:51  [SLOT] n=323 tx=93 ack=4 due=0 r=1
17:07:51  [AT] "AT+CIPSEND=94" (13)
17:07:51  [AT] " S,301,0110000010,0000000000,387,P1,3DA,471,A4,4,32A,472,B2,4,34A,473,A5,4,31A,474,A2,4,31" (90)
17:07:51  [AT] "SEND OK" (7)
17:07:51  [AT] "+IPD,64:T,475,S,B1,1,5F" (23)
17:07:51  [SLOT-OOW] +301ms
17:07:51  [AT] "T,476,S,B3,1,5E" (15)
17:07:51  [AT] "T,477,S,A1,1,5E" (15)
17:07:51  [AT] "T,478,S,A3,1,53" (15)
17:07:51  [AT] "OK" (2)
17:07:52  [TX] S,302,0110000010,0000000000,388,P1,31
17:07:52  A,475,B1,4,30
17:07:52  A,476,B3,4,31
17:07:52  A,477,A1,4,31
17:07:52  A,478,A3,4,3C
17:07:52  A,209,A4,4,3B34
17:07:52  A,216,B5,0,33
17:07:52  A,217,B1,0,36
17:07:52  A,218,B1,0,39,0,09H
17:07:52  [SLOT] n=324 tx=93 ack=4 due=0 r=1
17:07:52  [AT] "AT+CIPSEND=94" (13)
17:07:52  [AT] " S,302,0110000010,0000000000,388,P1,31A,475,B1,4,30A,476,B3,4,31A,477,A1,4,31A,478,A3,4,3C" (90)
17:07:52  [AT] "SEND OK" (7)
17:07:52  [AT] "+IPD,64:T,479,S,A4,1,55" (23)
17:07:52  [SLOT-OOW] +297ms
17:07:52  [AT] "T,480,S,B2,1,56" (15)
17:07:52  [AT] "T,481,S,A2,1,54" (15)
17:07:52  [AT] "T,482,S,A5,1,50" (15)
17:07:52  [AT] "OK" (2)
17:07:53  [TX] S,303,0110000010,0000000000,390,P1,39
17:07:53  A,479,A4,4,3A
17:07:53  A,480,B2,4,39
17:07:53  A,481,A2,4,3B
17:07:53  A,482,A5,4,3F
17:07:53  A,209,A4,4,3B34
17:07:53  A,216,B5,0,33
17:07:53  A,217,B1,0,36
17:07:53  A,218,B1,0,39,0,09H
17:07:53  [SLOT] n=325 tx=93 ack=4 due=0 r=1
17:07:53  [AT] "AT+CIPSEND=94" (13)
17:07:53  [AT] " S,303,0110000010,0000000000,390,P1,39A,479,A4,4,3AA,480,B2,4,39A,481,A2,4,3BA,482,A5,4,3F" (90)
17:07:53  [AT] "SEND OK" (7)
17:07:53  [AT] "+IPD,64:T,483,S,B1,1,56" (23)
17:07:53  [SLOT-OOW] +352ms
17:07:53  [AT] "T,484,S,A1,1,52" (15)
17:07:53  [AT] "T,485,S,A3,1,51" (15)
17:07:53  [AT] "T,486,S,B3,1,51" (15)
17:07:53  [AT] "OK" (2)
17:07:54  [TX] S,304,0110000010,0000000000,391,P1,3F
17:07:54  A,483,B1,4,39
17:07:54  A,484,A1,4,3D
17:07:54  A,485,A3,4,3E
17:07:54  A,486,B3,4,3E
17:07:54  A,209,A4,4,3B34
17:07:54  A,216,B5,0,33
17:07:54  A,217,B1,0,36
17:07:54  A,218,B1,0,39,0,09H
17:07:54  [SLOT] n=326 tx=93 ack=4 due=0 r=1
17:07:54  [AT] "AT+CIPSEND=94" (13)
17:07:55  [AT] " S,304,0110000010,0000000000,391,P1,3FA,483,B1,4,39A,484,A1,4,3DA,485,A3,4,3EA,486,B3,4,3E" (90)
17:07:55  [AT] "SEND OK" (7)
17:07:55  [AT] "+IPD,64:T,487,S,A4,1,54" (23)
17:07:55  [SLOT-OOW] +380ms
17:07:55  [AT] "T,488,S,A5,1,5A" (15)
17:07:55  [AT] "T,489,S,A2,1,5C" (15)
17:07:55  [AT] "T,490,S,B2,1,57" (15)
17:07:55  [AT] "OK" (2)
17:07:56  [TX] S,305,0110000010,0000000000,392,P1,3D
17:07:56  A,487,A4,4,3B
17:07:56  A,488,A5,4,35
17:07:56  A,489,A2,4,33
17:07:56  A,490,B2,4,38
17:07:56  A,209,A4,4,3B34
17:07:56  A,216,B5,0,33
17:07:56  A,217,B1,0,36
17:07:56  A,218,B1,0,39,0,09H
17:07:56  [SLOT] n=327 tx=93 ack=4 due=0 r=1
17:07:56  [AT] "AT+CIPSEND=94" (13)
17:07:56  [AT] " S,305,0110000010,0000000000,392,P1,3DA,487,A4,4,3BA,488,A5,4,35A,489,A2,4,33A,490,B2,4,38" (90)
17:07:56  [AT] "SEND OK" (7)
17:07:56  [AT] "+IPD,64:T,491,S,A1,1,56" (23)
17:07:56  [SLOT-OOW] +287ms
17:07:56  [AT] "T,492,S,B1,1,56" (15)
17:07:56  [AT] "T,493,S,A3,1,56" (15)
17:07:56  [AT] "T,494,S,B3,1,52" (15)
17:07:56  [AT] "OK" (2)
17:07:57  [TX] S,306,0110000010,0000000000,393,P1,3F
17:07:57  A,491,A1,4,39
17:07:57  A,492,B1,4,39
17:07:57  A,493,A3,4,39
17:07:57  A,494,B3,4,3D
17:07:57  A,209,A4,4,3B34
17:07:57  A,216,B5,0,33
17:07:57  A,217,B1,0,36
17:07:57  A,218,B1,0,39,0,09H
17:07:57  [SLOT] n=328 tx=93 ack=4 due=0 r=1
17:07:57  [AT] "AT+CIPSEND=94" (13)
17:07:57  [AT] " S,306,0110000010,0000000000,393,P1,3FA,491,A1,4,39A,492,B1,4,39A,493,A3,4,39A,494,B3,4,3D" (90)
17:07:57  [AT] "SEND OK" (7)
17:07:57  [AT] "+IPD,64:T,495,S,A4,1,57" (23)
17:07:57  [SLOT-OOW] +289ms
17:07:57  [AT] "T,496,S,A5,1,55" (15)
17:07:57  [AT] "T,497,S,B2,1,50" (15)
17:07:57  [AT] "T,498,S,A2,1,5C" (15)
17:07:57  [AT] "OK" (2)
17:07:58  [TX] S,307,0110000010,0000000000,394,P1,39
17:07:58  A,495,A4,4,38
17:07:58  A,496,A5,4,3A
17:07:58  A,497,B2,4,3F
17:07:58  A,498,A2,4,33
17:07:58  A,209,A4,4,3B34
17:07:58  A,216,B5,0,33
17:07:58  A,217,B1,0,36
17:07:58  A,218,B1,0,39,0,09H
17:07:58  [SLOT] n=329 tx=93 ack=4 due=0 r=1
17:07:58  [AT] "AT+CIPSEND=94" (13)
17:07:58  [AT] " S,307,0110000010,0000000000,394,P1,39A,495,A4,4,38A,496,A5,4,3AA,497,B2,4,3FA,498,A2,4,33" (90)
17:07:58  [AT] "SEND OK" (7)
17:07:58  [AT] "+IPD,64:T,499,S,A3,1,5C" (23)
17:07:58  [SLOT-OOW] +303ms
17:07:58  [AT] "T,500,S,B1,1,5C" (15)
17:07:58  [AT] "T,501,S,B3,1,5F" (15)
17:07:58  [AT] "T,502,S,A1,1,5D" (15)
17:07:58  [AT] "OK" (2)
17:07:59  [TX] S,308,0110000010,0000000000,396,P1,34
17:07:59  A,499,A3,4,33
17:07:59  A,500,B1,4,33
17:07:59  A,501,B3,4,30
17:07:59  A,502,A1,4,32
17:07:59  A,209,A4,4,3B34
17:07:59  A,216,B5,0,33
17:07:59  A,217,B1,0,36
17:07:59  A,218,B1,0,39,0,09H
17:07:59  [SLOT] n=330 tx=93 ack=4 due=0 r=1
17:07:59  [AT] "AT+CIPSEND=94" (13)
17:07:59  [AT] " S,308,0110000010,0000000000,396,P1,34A,499,A3,4,33A,500,B1,4,33A,501,B3,4,30A,502,A1,4,32" (90)
17:07:59  [AT] "SEND OK" (7)
17:07:59  [AT] "+IPD,64:T,503,S,B2,1,5C" (23)
17:07:59  [SLOT-OOW] +292ms
17:07:59  [AT] "T,504,S,A2,1,58" (15)
17:07:59  [AT] "T,505,S,A5,1,5E" (15)
17:07:59  [AT] "T,506,S,A4,1,5C" (15)
17:07:59  [AT] "OK" (2)
17:08:00  [TX] S,309,0110000010,0000000000,397,P1,34
17:08:00  A,503,B2,4,33
17:08:00  A,504,A2,4,37
17:08:00  A,505,A5,4,31
17:08:00  A,506,A4,4,33
17:08:00  A,209,A4,4,3B34
17:08:00  A,216,B5,0,33
17:08:00  A,217,B1,0,36
17:08:00  A,218,B1,0,39,0,09H
17:08:00  [SLOT] n=331 tx=93 ack=4 due=0 r=1
17:08:00  [AT] "AT+CIPSEND=94" (13)
17:08:01  [AT] " S,309,0110000010,0000000000,397,P1,34A,503,B2,4,33A,504,A2,4,37A,505,A5,4,31A,506,A4,4,33" (90)
17:08:01  [AT] "SEND OK" (7)
17:08:01  [AT] "+IPD,64:T,507,S,A3,1,5A" (23)
17:08:01  [SLOT-OOW] +315ms
17:08:01  [AT] "T,508,S,B1,1,54" (15)
17:08:01  [AT] "T,509,S,B3,10,S,A1,1,5E" (23)
17:08:01  [CKSUM NG] T,509,S,B3,10,S,A1,1,5E
17:08:01  [AT] "OK" (2)
17:08:02  [TX] S,310,0110000010,0000000000,398,P1,33
17:08:02  A,507,A3,4,35
17:08:02  A,508,B1,4,3B
17:08:02  A,505,A5,4,31
17:08:02  A,506,A4,4,33
17:08:02  A,209,A4,4,3B34
17:08:02  A,216,B5,0,33
17:08:02  A,217,B1,0,36
17:08:02  A,218,B1,0,39,0,09H
17:08:02  [SLOT] n=332 tx=65 ack=2 due=0 r=1
17:08:02  [AT] "AT+CIPSEND=66" (13)
17:08:02  [AT] " S,310,0110000010,0000000000,398,P1,33A,507,A3,4,35A,508,B1,4,3B" (64)
17:08:02  [AT] "SEND OK" (7)
17:08:02  [AT] "+IPD,64:T,511,S,B2,1,5F" (23)
17:08:02  [SLOT-OOW] +212ms
17:08:02  [AT] "T,512,S,A5,1,58" (15)
17:08:02  [AT] "T,513,S,A4,1,58" (15)
17:08:02  [AT] "T,514,S,A2,1,59" (15)
17:08:02  [AT] "OK" (2)
17:08:03  [TX] S,311,0110000010,0000000000,399,P1,33
17:08:03  A,511,B2,4,30
17:08:03  A,512,A5,4,37
17:08:03  A,513,A4,4,37
17:08:03  A,514,A2,4,36
17:08:03  A,209,A4,4,3B34
17:08:03  A,216,B5,0,33
17:08:03  A,217,B1,0,36
17:08:03  A,218,B1,0,39,0,09H
17:08:03  [SLOT] n=333 tx=93 ack=4 due=0 r=1
17:08:03  [AT] " S,311,0110000010,0000000000,399,P1,33A,511,B2,4,30A,512,A5,4,37A,513,A4,4,37A,514,A2,4,36" (90)
17:08:03  [AT] "SEND OK" (7)
17:08:03  [AT] "+IPD,32:T,515,S,B1,1,58" (23)
17:08:03  [SLOT-OOW] +294ms
17:08:03  [AT] "T,516,S,A3,1,5A" (15)
17:08:03  [AT] "OK" (2)
17:08:03  [AT] "AT+CIPSEND=94" (13)
17:08:04  [TX] S,312,0110000010,0000000000,400,P1,37
17:08:04  A,515,B1,4,37
17:08:04  A,516,A3,4,35
17:08:04  A,513,A4,4,37
17:08:04  A,514,A2,4,36
17:08:04  A,209,A4,4,3B34
17:08:04  A,216,B5,0,33
17:08:04  A,217,B1,0,36
17:08:04  A,218,B1,0,39,0,09H
17:08:04  [SLOT] n=334 tx=65 ack=2 due=0 r=1
17:08:04  [AT] "AT+CIPSEND=66" (13)
17:08:04  [AT] " S,312,0110000010,0000000000,400,P1,37A,515,B1,4,37A,516,A3,4,35" (64)
17:08:04  [AT] "SEND OK" (7)
17:08:04  [AT] "+IPD,64:T,509,S,B3,1,57" (23)
17:08:04  [SLOT-OOW] +214ms
17:08:04  [AT] "T,510,S,A1,1,5E" (15)
17:08:04  [AT] "T,517,S,B2,1,59" (15)
17:08:04  [AT] "T,518,S,A2,1,55" (15)
17:08:04  [AT] "OK" (2)
17:08:05  [TX] S,313,0110000010,0000000000,402,P1,34
17:08:05  A,509,B3,4,38
17:08:05  A,510,A1,4,31
17:08:05  A,517,B2,4,36
17:08:05  A,518,A2,4,3A
17:08:05  A,209,A4,4,3B34
17:08:05  A,216,B5,0,33
17:08:05  A,217,B1,0,36
17:08:05  A,218,B1,0,39,0,09H
17:08:05  [SLOT] n=335 tx=93 ack=4 due=0 r=1
17:08:05  [AT] "AT+CIPSEND=94" (13)
17:08:05  [AT] " S,313,0110000010,0000000000,402,P1,34A,509,B3,4,38A,510,A1,4,31A,517,B2,4,36A,518,A2,4,3A" (90)
17:08:05  [AT] "SEND OK" (7)
17:08:05  [AT] "+IPD,64:T,519,S,A5,1,53" (23)
17:08:05  [SLOT-OOW] +287ms
17:08:05  [AT] "T,520,S,A4,1,58" (15)
17:08:05  [AT] "T,521,S,A3,1,5E" (15)
17:08:05  [AT] "T,522,S,B1,1,5C" (15)
17:08:05  [AT] "OK" (2)
17:08:06  [TX] S,314,0110000010,0000000000,403,P1,32
17:08:06  A,519,A5,4,3C
17:08:06  A,520,A4,4,37
17:08:06  A,521,A3,4,31
17:08:06  A,522,B1,4,33
17:08:06  A,209,A4,4,3B34
17:08:06  A,216,B5,0,33
17:08:06  A,217,B1,0,36
17:08:06  A,218,B1,0,39,0,09H
17:08:06  [SLOT] n=336 tx=93 ack=4 due=0 r=1
17:08:06  [AT] "AT+CIPSEND=94" (13)
17:08:06  [AT] " S,314,0110000010,0000000000,403,P1,32A,519,A5,4,3CA,520,A4,4,37A,521,A3,4,31A,522,B1,4,33" (90)
17:08:07  [AT] "SEND OK" (7)
17:08:07  [AT] "+IPD,64:T,523,S,B3,1,5F" (23)
17:08:07  [SLOT-OOW] +305ms
17:08:07  [AT] "T,524,S,A1,1,59" (15)
17:08:07  [AT] "T,525,S,B2,1,58" (15)
17:08:07  [AT] "T,526,S,A2,1,58" (15)
17:08:07  [AT] "OK" (2)
17:08:08  [TX] S,315,0110000010,0000000000,404,P1,34
17:08:08  A,523,B3,4,30
17:08:08  A,524,A1,4,36
17:08:08  A,525,B2,4,37
17:08:08  A,526,A2,4,37
17:08:08  A,209,A4,4,3B34
17:08:08  A,216,B5,0,33
17:08:08  A,217,B1,0,36
17:08:08  A,218,B1,0,39,0,09H
17:08:08  [SLOT] n=337 tx=93 ack=4 due=0 r=1
17:08:08  [AT] "AT+CIPSEND=94" (13)
17:08:08  [AT] " S,315,0110000010,0000000000,404,P1,34A,523,B3,4,30A,524,A1,4,36A,525,B2,4,37A,526,A2,4,37" (90)
17:08:08  [AT] "SEND OK" (7)
17:08:08  [AT] "+IPD,64:T,527,S,A4,1,5F" (23)
17:08:08  [SLOT-OOW] +349ms
17:08:08  [AT] "T,528,S,B1,1,56" (15)
17:08:08  [AT] "T,529,S,A3,1,56" (15)
17:08:08  [AT] "T,530,S,A5,1,58" (15)
17:08:08  [AT] "OK" (2)
17:08:09  [TX] S,316,0110000010,0000000000,405,P1,36
17:08:09  A,527,A4,4,30
17:08:09  A,528,B1,4,39
17:08:09  A,529,A3,4,39
17:08:09  A,530,A5,4,37
17:08:09  A,209,A4,4,3B34
17:08:09  A,216,B5,0,33
17:08:09  A,217,B1,0,36
17:08:09  A,218,B1,0,39,0,09H
17:08:09  [SLOT] n=338 tx=93 ack=4 due=0 r=1
17:08:09  [AT] "AT+CIPSEND=94" (13)
17:08:09  [AT] " S,316,0110000010,0000000000,405,P1,36A,527,A4,4,30A,528,B1,4,39A,529,A3,4,39A,530,A5,4,37" (90)
17:08:09  [AT] "SEND OK" (7)
17:08:09  [AT] "+IPD,64:T,531,S,A1,1,5D" (23)
17:08:09  [SLOT-OOW] +279ms
17:08:09  [AT] "T,532,S,B3,1,5F" (15)
17:08:09  [AT] "T,533,S,B2,1,5F" (15)
17:08:09  [AT] "T,534,S,A2,1,5B" (15)
17:08:09  [AT] "OK" (2)
17:08:10  [TX] S,317,0110000010,0000000000,406,P1,34
17:08:10  A,531,A1,4,32
17:08:10  A,532,B3,4,30
17:08:10  A,533,B2,4,30
17:08:10  A,534,A2,4,34
17:08:10  A,209,A4,4,3B34
17:08:10  A,216,B5,0,33
17:08:10  A,217,B1,0,36
17:08:10  A,218,B1,0,39,0,09H
17:08:10  [SLOT] n=339 tx=93 ack=4 due=0 r=1
17:08:10  [AT] "AT+CIPSEND=94" (13)
17:08:10  [AT] " S,317,0110000010,0000000000,406,P1,34A,531,A1,4,32A,532,B3,4,30A,533,B2,4,30A,534,A2,4,34" (90)
17:08:10  [AT] "SEND OK" (7)
17:08:10  [AT] "+IPD,64:T,535,S,A4,1,5C" (23)
17:08:10  [SLOT-OOW] +295ms
17:08:10  [AT] "T,536,S,B1,1,59" (15)
17:08:10  [AT] "T,537,S,A5,1,5F" (15)
17:08:10  [AT] "T,538,S,A3,1,56" (15)
17:08:10  [AT] "OK" (2)
17:08:11  [TX] S,318,0110000010,0000000000,408,P1,35
17:08:11  A,535,A4,4,33
17:08:11  A,536,B1,4,36
17:08:11  A,537,A5,4,30
17:08:11  A,538,A3,4,39
17:08:11  A,209,A4,4,3B34
17:08:11  A,216,B5,0,33
17:08:11  A,217,B1,0,36
17:08:11  A,218,B1,0,39,0,09H
17:08:11  [SLOT] n=340 tx=93 ack=4 due=0 r=1
17:08:11  [AT] "AT+CIPSEND=94" (13)
17:08:11  [AT] " S,318,0110000010,0000000000,408,P1,35A,535,A4,4,33A,536,B1,4,36A,537,A5,4,30A,538,A3,4,39" (90)
17:08:11  [AT] "SEND OK" (7)
17:08:11  [AT] "+IPD,64:T,539,S,B2,1,55" (23)
17:08:11  [SLOT-OOW] +286ms
17:08:11  [AT] "T,540,S,B3,1,5A" (15)
17:08:11  [AT] "T,541,S,A2,1,59" (15)
17:08:11  [AT] "T,542,S,A1,1,59" (15)
17:08:11  [AT] "OK" (2)
17:08:12  [TX] S,319,0110000010,0000000000,409,P1,35
17:08:12  A,539,B2,4,3A
17:08:12  A,540,B3,4,35
17:08:12  A,541,A2,4,36
17:08:12  A,542,A1,4,36
17:08:12  A,209,A4,4,3B34
17:08:12  A,216,B5,0,33
17:08:12  A,217,B1,0,36
17:08:12  A,218,B1,0,39,0,09H
17:08:12  [SLOT] n=341 tx=93 ack=4 due=0 r=1
17:08:12  [AT] "AT+CIPSEND=94" (13)
17:08:13  [AT] " S,319,0110000010,0000000000,409,P1,35A,539,B2,4,3AA,540,B3,4,35A,541,A2,4,36A,542,A1,4,36" (90)
17:08:13  [AT] "SEND OK" (7)
17:08:13  [AT] "+IPD,64:T,543,S,A5,1,5C" (23)
17:08:13  [SLOT-OOW] +355ms
17:08:13  [AT] "T,544,S,A4,1,5A" (15)
17:08:13  [AT] "T,545,S,B1,1,5D" (15)
17:08:13  [AT] "T,546,S,A3,1,5F" (15)
17:08:13  [AT] "OK" (2)
17:08:14  [TX] S,320,0110000010,0000000000,410,P1,37
17:08:14  A,543,A5,4,33
17:08:14  A,544,A4,4,35
17:08:14  A,545,B1,4,32
17:08:14  A,546,A3,4,30
17:08:14  A,209,A4,4,3B34
17:08:14  A,216,B5,0,33
17:08:14  A,217,B1,0,36
17:08:14  A,218,B1,0,39,0,09H
17:08:14  [SLOT] n=342 tx=93 ack=4 due=0 r=1
17:08:14  [AT] "AT+CIPSEND=94" (13)
17:08:14  [AT] " S,320,0110000010,0000000000,410,P1,37A,543,A5,4,33A,544,A4,4,35A,545,B1,4,32A,546,A3,4,30" (90)
17:08:14  [AT] "SEND OK" (7)
17:08:14  [AT] "+IPD,64:T,547,S,B3,1,5D" (23)
17:08:14  [SLOT-OOW] +283ms
17:08:14  [AT] "T,548,S,A1,1,53" (15)
17:08:14  [AT] "T,549,S,A2,1,51" (15)
17:08:14  [AT] "T,550,S,B2,1,5A" (15)
17:08:14  [AT] "OK" (2)
17:08:15  [TX] S,321,0110000010,0000000000,411,P1,37
17:08:15  A,547,B3,4,32
17:08:15  A,548,A1,4,3C
17:08:15  A,549,A2,4,3E
17:08:15  A,550,B2,4,35
17:08:15  A,209,A4,4,3B34
17:08:15  A,216,B5,0,33
17:08:15  A,217,B1,0,36
17:08:15  A,218,B1,0,39,0,09H
17:08:15  [SLOT] n=343 tx=93 ack=4 due=0 r=1
17:08:15  [AT] " S,321,0110000010,0000000000,411,P1,37A,547,B3,4,32A,548,A1,4,3CA,549,A2,4,3EA,550,B2,4,35" (90)
17:08:15  [AT] "SEND OK" (7)
17:08:15  [AT] "+IPD,64:T,551,S,A5,1,5F" (23)
17:08:15  [SLOT-OOW] +315ms
17:08:15  [AT] "T,552,S,A3,1,5A" (15)
17:08:15  [AT] "T,553,S,B1,1S,A4,1,5B" (21)
17:08:15  [CKSUM NG] T,553,S,B1,1S,A4,1,5B
17:08:15  [AT] "OK" (2)
17:08:15  [AT] "AT+CIPSEND=94" (13)
17:08:16  [TX] S,322,0110000010,0000000000,412,P1,37
17:08:16  A,551,A5,4,30
17:08:16  A,552,A3,4,35
17:08:16  A,549,A2,4,3E
17:08:16  A,550,B2,4,35
17:08:16  A,209,A4,4,3B34
17:08:16  A,216,B5,0,33
17:08:16  A,217,B1,0,36
17:08:16  A,218,B1,0,39,0,09H
17:08:16  [SLOT] n=344 tx=65 ack=2 due=0 r=1
17:08:16  [AT] "AT+CIPSEND=66" (13)
17:08:16  [AT] " S,322,0110000010,0000000000,412,P1,37A,551,A5,4,30A,552,A3,4,35" (64)
17:08:16  [AT] "SEND OK" (7)
17:08:16  [AT] "+IPD,64:T,555,S,A1,1,5F" (23)
17:08:16  [SLOT-OOW] +218ms
17:08:16  [AT] "T,556,S,A2,1,5F" (15)
17:08:16  [AT] "T,557,S,B3,1,5C" (15)
17:08:16  [AT] "T,558,S,B2,1,52" (15)
17:08:16  [AT] "OK" (2)
17:08:17  [TX] S,323,0110000010,0000000000,414,P1,30
17:08:17  A,555,A1,4,30
17:08:17  A,556,A2,4,30
17:08:17  A,557,B3,4,33
17:08:17  A,558,B2,4,3D
17:08:17  A,209,A4,4,3B34
17:08:17  A,216,B5,0,33
17:08:17  A,217,B1,0,36
17:08:17  A,218,B1,0,39,0,09H
17:08:17  [SLOT] n=345 tx=93 ack=4 due=0 r=1
17:08:17  [AT] "AT+CIPSEND=94" (13)
17:08:17  [AT] " S,323,0110000010,0000000000,414,P1,30A,555,A1,4,30A,556,A2,4,30A,557,B3,4,33A,558,B2,4,3D" (90)
17:08:17  [AT] "SEND OK" (7)
17:08:17  [AT] "+IPD,32:T,559,S,A5,1,57" (23)
17:08:17  [SLOT-OOW] +297ms
17:08:17  [AT] "T,560,S,A3,1,5B" (15)
17:08:17  [AT] "OK" (2)
17:08:18  [TX] S,324,0110000010,0000000000,415,P1,36
17:08:18  A,559,A5,4,38
17:08:18  A,560,A3,4,34
17:08:18  A,557,B3,4,33
17:08:18  A,558,B2,4,3D
17:08:18  A,209,A4,4,3B34
17:08:18  A,216,B5,0,33
17:08:18  A,217,B1,0,36
17:08:18  A,218,B1,0,39,0,09H
17:08:18  [SLOT] n=346 tx=65 ack=2 due=0 r=1
17:08:18  [AT] "AT+CIPSEND=66" (13)
17:08:18  [AT] " S,324,0110000010,0000000000,415,P1,36A,559,A5,4,38A,560,A3,4,34" (64)
17:08:18  [AT] "SEND OK" (7)
17:08:18  [AT] "+IPD,64:T,553,S,B1,1,5A" (23)
17:08:18  [SLOT-OOW] +217ms
17:08:18  [AT] "T,554,S,A4,1,5B" (15)
17:08:18  [AT] "T,561,S,A1,1,58" (15)
17:08:18  [AT] "T,562,S,A2,1,58" (15)
17:08:18  [AT] "OK" (2)
17:08:20  [TX] S,325,0110000010,0000000000,416,P1,34
17:08:20  A,553,B1,4,35
17:08:20  A,554,A4,4,34
17:08:20  A,561,A1,4,37
17:08:20  A,562,A2,4,37
17:08:20  A,209,A4,4,3B34
17:08:20  A,216,B5,0,33
17:08:20  A,217,B1,0,36
17:08:20  A,218,B1,0,39,0,09H
17:08:20  [SLOT] n=347 tx=93 ack=4 due=0 r=1
17:08:20  [AT] "AT+CIPSEND=94" (13)
17:08:20  [AT] " S,325,0110000010,0000000000,416,P1,34A,553,B1,4,35A,554,A4,4,34A,561,A1,4,37A,562,A2,4,37" (90)
17:08:20  [AT] "SEND OK" (7)
17:08:20  [AT] "+IPD,64:T,563,S,B3,1,5B" (23)
17:08:20  [SLOT-OOW] +358ms
17:08:20  [AT] "T,564,S,B2,1,5D" (15)
17:08:20  [AT] "T,565,S,A3,1,5E" (15)
17:08:20  [AT] "T,566,S,A5,1,5B" (15)
17:08:20  [AT] "OK" (2)
17:08:21  [TX] S,326,0110000010,0000000000,417,P1,36
17:08:21  A,563,B3,4,34
17:08:21  A,564,B2,4,32
17:08:21  A,565,A3,4,31
17:08:21  A,566,A5,4,34
17:08:21  A,209,A4,4,3B34
17:08:21  A,216,B5,0,33
17:08:21  A,217,B1,0,36
17:08:21  A,218,B1,0,39,0,09H
17:08:21  [SLOT] n=348 tx=93 ack=4 due=0 r=1
17:08:21  [AT] " S,326,0110000010,0000000000,417,P1,36A,563,B3,4,34A,564,B2,4,32A,565,A3,4,31A,566,A5,4,34" (90)
17:08:21  [AT] "SEND OK" (7)
17:08:21  [AT] "+IPD,64:T,567,S,A2,1,5D" (23)
17:08:21  [SLOT-OOW] +312ms
17:08:21  [AT] "T,568,S,A1,1,51" (15)
17:08:21  [AT] "T,569,S,A4,10,S,B1,1,5B" (23)
17:08:21  [CKSUM NG] T,569,S,A4,10,S,B1,1,5B
17:08:21  [AT] "OK" (2)
17:08:21  [AT] "AT+CIPSEND=94" (13)
17:08:22  [TX] S,327,0110000010,0000000000,418,P1,38
17:08:22  A,567,A2,4,32
17:08:22  A,568,A1,4,3E
17:08:22  A,565,A3,4,31
17:08:22  A,566,A5,4,34
17:08:22  A,209,A4,4,3B34
17:08:22  A,216,B5,0,33
17:08:22  A,217,B1,0,36
17:08:22  A,218,B1,0,39,0,09H
17:08:22  [SLOT] n=349 tx=65 ack=2 due=0 r=1
17:08:22  [AT] "AT+CIPSEND=66" (13)
17:08:22  [AT] " S,327,0110000010,0000000000,418,P1,38A,567,A2,4,32A,568,A1,4,3E" (64)
17:08:22  [AT] "SEND OK" (7)
17:08:22  [AT] "+IPD,64:T,571,S,B2,1,59" (23)
17:08:22  [SLOT-OOW] +221ms
17:08:22  [AT] "T,572,S,B3,1,5B" (15)
17:08:22  [AT] "T,573,S,A3,1,59" (15)
17:08:22  [AT] "T,574,S,A5,1,58" (15)
17:08:22  [AT] "OK" (2)
17:08:23  [TX] S,328,0110000010,0000000000,420,P1,3C
17:08:23  A,571,B2,4,36
17:08:23  A,572,B3,4,34
17:08:23  A,573,A3,4,36
17:08:23  A,574,A5,4,37
17:08:23  A,209,A4,4,3B34
17:08:23  A,216,B5,0,33
17:08:23  A,217,B1,0,36
17:08:23  A,218,B1,0,39,0,09H
17:08:23  [SLOT] n=350 tx=93 ack=4 due=0 r=1
17:08:23  [CNT] up=420 drop=1 esprst=2 resync=3 sendfail=0 okto=0 stuck=0 ackq=0 ackdrop=0 ackstale=0 slot=350 oow=85 smiss=2 ssovf=7 cksumng=7 okstream=328 penddrop=6 skip=0 online=1
17:08:23  [RAM] 최저 여유 627 B · 프롬프트 재동기 3회 (서버의 '버린줄' 과 맞아야 한다)
17:08:23  [AT] " S,328,0110000010,0000000000,420,P1,3CA,571,B2,4,36A,572,B3,4,34A,573,A3,4,36A,574,A5,4,37" (90)
17:08:23  [AT] "SEND OK" (7)
17:08:23  [AT] "+IPD,32:T,575,S,A2,1,5E" (23)
17:08:23  [SLOT-OOW] +318ms
17:08:23  [AT] "T,576,S,A1,1,5E" (15)
17:08:23  [AT] "OK" (2)
17:08:23  [AT] "AT+CIPSEND=94" (13)
17:08:24  [TX] S,329,0110000010,0000000000,421,P1,3C
17:08:24  A,575,A2,4,31
17:08:24  A,576,A1,4,31
17:08:24  A,573,A3,4,36
17:08:24  A,574,A5,4,37
17:08:24  A,209,A4,4,3B34
17:08:24  A,216,B5,0,33
17:08:24  A,217,B1,0,36
17:08:24  A,218,B1,0,39,0,09H
17:08:24  [SLOT] n=351 tx=65 ack=2 due=0 r=1
17:08:24  [AT] "AT+CIPSEND=66" (13)
17:08:24  [AT] " S,329,0110000010,0000000000,421,P1,3CA,575,A2,4,31A,576,A1,4,31" (64)
17:08:24  [AT] "SEND OK" (7)
17:08:24  [AT] "+IPD,64:T,569,S,A4,1,55" (23)
17:08:24  [SLOT-OOW] +238ms
17:08:24  [AT] "T,570,S,B1,1,5B" (15)
17:08:24  [AT] "T,577,S,A3,1,5D" (15)
17:08:24  [AT] "T,578,S,B3,1,51" (15)
17:08:24  [AT] "OK" (2)
17:08:26  [TX] S,330,0110000010,0000000000,422,P1,37
17:08:26  A,569,A4,4,3A
17:08:26  A,570,B1,4,34
17:08:26  A,577,A3,4,32
17:08:26  A,578,B3,4,3E
17:08:26  A,209,A4,4,3B34
17:08:26  A,216,B5,0,33
17:08:26  A,217,B1,0,36
17:08:26  A,218,B1,0,39,0,09H
17:08:26  [SLOT] n=352 tx=93 ack=4 due=0 r=1
17:08:26  [AT] " S,330,0110000010,0000000000,422,P1,37A,569,A4,4,3AA,570,B1,4,34A,577,A3,4,32A,578,B3,4,3E" (90)
17:08:26  [AT] "SEND OK" (7)
17:08:26  [AT] "+IPD,64:T,579,S,B2,1,51" (23)
17:08:26  [SLOT-OOW] +309ms
17:08:26  [AT] "T,580,S,A5,1,53" (15)
17:08:26  [AT] "T,581,S,A1,1T,582,S,A2,1,56" (27)
17:08:26  [CKSUM NG] T,581,S,A1,1T,582,S,A2,1,56
17:08:26  [AT] "OK" (2)
17:08:26  [AT] "AT+CIPSEND=94" (13)
17:08:27  [TX] S,331,0110000010,0000000000,423,P1,37
17:08:27  A,579,B2,4,3E
17:08:27  A,580,A5,4,3C
17:08:27  A,577,A3,4,32
17:08:27  A,578,B3,4,3E
17:08:27  A,209,A4,4,3B34
17:08:27  A,216,B5,0,33
17:08:27  A,217,B1,0,36
17:08:27  A,218,B1,0,39,0,09H
17:08:27  [SLOT] n=353 tx=65 ack=2 due=0 r=1
17:08:27  [AT] " S,331,0110000010,0000000000,423,P1,37A,579,B2,4,3EA,580,A5,4,3C" (64)
17:08:27  [AT] "SEND OK" (7)
17:08:27  [AT] "+IPD,64:T,583,S,A4,1,51" (23)
17:08:27  [SLOT-OOW] +237ms
17:08:27  [AT] "T,584,S,A3,1,51" (15)
17:08:27  [AT] "T,585,S,B3,1,53" (15)
17:08:27  [AT] "T,586,S,B1,1,52" (15)
17:08:27  [AT] "OK" (2)
17:08:27  [AT] "AT+CIPSEND=66" (13)
17:08:28  [TX] S,332,0110000010,0000000000,424,P1,33
17:08:28  A,583,A4,4,3E
17:08:28  A,584,A3,4,3E
17:08:28  A,585,B3,4,3C
17:08:28  A,586,B1,4,3D
17:08:28  A,209,A4,4,3B34
17:08:28  A,216,B5,0,33
17:08:28  A,217,B1,0,36
17:08:28  A,218,B1,0,39,0,09H
17:08:28  [SLOT] n=354 tx=93 ack=4 due=0 r=1
17:08:28  [AT] "AT+CIPSEND=94" (13)
17:08:28  [AT] " S,332,0110000010,0000000000,424,P1,33A,583,A4,4,3EA,584,A3,4,3EA,585,B3,4,3CA,586,B1,4,3D" (90)
17:08:28  [AT] "SEND OK" (7)
17:08:28  [AT] "+IPD,32:T,587,S,B2,1,50" (23)
17:08:28  [SLOT-OOW] +285ms
17:08:28  [AT] "T,588,S,A5,1,5B" (15)
17:08:28  [AT] "OK" (2)
17:08:29  [TX] S,333,0110000010,0000000000,426,P1,30
17:08:29  A,587,B2,4,3F
17:08:29  A,588,A5,4,34
17:08:29  A,585,B3,4,3C
17:08:29  A,586,B1,4,3D
17:08:29  A,209,A4,4,3B34
17:08:29  A,216,B5,0,33
17:08:29  A,217,B1,0,36
17:08:29  A,218,B1,0,39,0,09H
17:08:29  [SLOT] n=355 tx=65 ack=2 due=0 r=1
17:08:29  [AT] "AT+CIPSEND=66" (13)
17:08:29  [AT] " S,333,0110000010,0000000000,426,P1,30A,587,B2,4,3FA,588,A5,4,34" (64)
17:08:29  [AT] "SEND OK" (7)
17:08:29  [AT] "+IPD,64:T,581,S,A1,1,56" (23)
17:08:29  [SLOT-OOW] +291ms
17:08:29  [AT] "T,582,S,A2,1,56" (15)
17:08:29  [AT] "T,589,S,A4,1,5B" (15)
17:08:29  [AT] "T,590,S,A3,1,54" (15)
17:08:29  [AT] "OK" (2)
17:08:30  [TX] S,334,0110000010,0000000000,427,P1,36
17:08:30  A,581,A1,4,39
17:08:30  A,582,A2,4,39
17:08:30  A,589,A4,4,34
17:08:30  A,590,A3,4,3B
17:08:30  A,209,A4,4,3B34
17:08:30  A,216,B5,0,33
17:08:30  A,217,B1,0,36
17:08:30  A,218,B1,0,39,0,09H
17:08:30  [SLOT] n=356 tx=93 ack=4 due=0 r=1
17:08:30  [AT] "AT+CIPSEND=94" (13)
17:08:30  [AT] " S,334,0110000010,0000000000,427,P1,36A,581,A1,4,39A,582,A2,4,39A,589,A4,4,34A,590,A3,4,3B" (90)
17:08:30  [AT] "SEND OK" (7)
17:08:30  [AT] "+IPD,64:T,591,S,B1,1,54" (23)
17:08:30  [SLOT-OOW] +305ms
17:08:30  [AT] "T,592,S,B3,1,55" (15)
17:08:30  [AT] "T,593,S,B2,1,55" (15)
17:08:30  [AT] "T,594,S,A5,1,56" (15)
17:08:30  [AT] "OK" (2)
17:08:32  [TX] S,335,0110000010,0000000000,428,P1,38
17:08:32  A,591,B1,4,3B
17:08:32  A,592,B3,4,3A
17:08:32  A,593,B2,4,3A
17:08:32  A,594,A5,4,39
17:08:32  A,209,A4,4,3B34
17:08:32  A,216,B5,0,33
17:08:32  A,217,B1,0,36
17:08:32  A,218,B1,0,39,0,09H
17:08:32  [SLOT] n=357 tx=93 ack=4 due=0 r=1
17:08:32  [AT] "AT+CIPSEND=94" (13)
17:08:32  [AT] " S,335,0110000010,0000000000,428,P1,38A,591,B1,4,3BA,592,B3,4,3AA,593,B2,4,3AA,594,A5,4,39" (90)
17:08:32  [AT] "SEND OK" (7)
17:08:32  [AT] "+IPD,64:T,595,S,A4,1,56" (23)
17:08:32  [SLOT-OOW] +347ms
17:08:32  [AT] "T,596,S,A1,1,50" (15)
17:08:32  [AT] "T,597,S,A2,1,52" (15)
17:08:32  [AT] "T,598,S,A3,1,5C" (15)
17:08:32  [AT] "OK" (2)
17:08:33  [TX] S,336,0110000010,0000000000,429,P1,3A
17:08:33  A,595,A4,4,39
17:08:33  A,596,A1,4,3F
17:08:33  A,597,A2,4,3D
17:08:33  A,598,A3,4,33
17:08:33  A,209,A4,4,3B34
17:08:33  A,216,B5,0,33
17:08:33  A,217,B1,0,36
17:08:33  A,218,B1,0,39,0,09H
17:08:33  [SLOT] n=358 tx=93 ack=4 due=0 r=1
17:08:33  [AT] "AT+CIPSEND=94" (13)
17:08:33  [AT] " S,336,0110000010,0000000000,429,P1,3AA,595,A4,4,39A,596,A1,4,3FA,597,A2,4,3DA,598,A3,4,33" (90)
17:08:33  [AT] "SEND OK" (7)
17:08:33  [AT] "+IPD,64:T,599,S,B2,1,5F" (23)
17:08:33  [SLOT-OOW] +281ms
17:08:33  [AT] "T,600,S,B1,1,5F" (15)
17:08:33  [AT] "T,601,S,A5,1,59" (15)
17:08:33  [AT] "T,602,S,B3,1,5F" (15)
17:08:33  [AT] "OK" (2)
17:08:34  [TX] S,337,0110000010,0000000000,430,P1,33
17:08:34  A,599,B2,4,30
17:08:34  A,600,B1,4,30
17:08:34  A,601,A5,4,36
17:08:34  A,602,B3,4,30
17:08:34  A,209,A4,4,3B34
17:08:34  A,216,B5,0,33
17:08:34  A,217,B1,0,36
17:08:34  A,218,B1,0,39,0,09H
17:08:34  [SLOT] n=359 tx=93 ack=4 due=0 r=1
17:08:34  [AT] "AT+CIPSEND=94" (13)
17:08:34  [AT] " S,337,0110000010,0000000000,430,P1,33A,599,B2,4,30A,600,B1,4,30A,601,A5,4,36A,602,B3,4,30" (90)
17:08:34  [AT] "SEND OK" (7)
17:08:34  [AT] "+IPD,64:T,603,S,A4,1,5A" (23)
17:08:34  [SLOT-OOW] +309ms
17:08:34  [AT] "T,604,S,A2,1,5B" (15)
17:08:34  [AT] "T,605,S,A1,1,59" (15)
17:08:34  [AT] "T,606,S,A3,1,58" (15)
17:08:34  [AT] "OK" (2)
17:08:35  [TX] S,338,0110000010,0000000000,432,P1,3E
17:08:35  A,603,A4,4,35
17:08:35  A,604,A2,4,34
17:08:35  A,605,A1,4,36
17:08:35  A,606,A3,4,37
17:08:35  A,209,A4,4,3B34
17:08:35  A,216,B5,0,33
17:08:35  A,217,B1,0,36
17:08:35  A,218,B1,0,39,0,09H
17:08:35  [SLOT] n=360 tx=93 ack=4 due=0 r=1
17:08:35  [AT] "AT+CIPSEND=94" (13)
17:08:35  [AT] " S,338,0110000010,0000000000,432,P1,3EA,603,A4,4,35A,604,A2,4,34A,605,A1,4,36A,606,A3,4,37" (90)
17:08:35  [AT] "SEND OK" (7)
17:08:35  [AT] "+IPD,64:T,607,S,B2,1,5B" (23)
17:08:35  [SLOT-OOW] +328ms
17:08:35  [AT] "T,608,S,B1,1,57" (15)
17:08:35  [AT] "T,609,S,A5,1,51" (15)
17:08:35  [AT] "T,610,S,B3,1,5C" (15)
17:08:35  [AT] "OK" (2)
17:08:36  [TX] S,339,0110000010,0000000000,433,P1,3E
17:08:36  A,607,B2,4,34
17:08:36  A,608,B1,4,38
17:08:36  A,609,A5,4,3E
17:08:36  A,610,B3,4,33
17:08:36  A,209,A4,4,3B34
17:08:36  A,216,B5,0,33
17:08:36  A,217,B1,0,36
17:08:36  A,218,B1,0,39,0,09H
17:08:36  [SLOT] n=361 tx=93 ack=4 due=0 r=1
17:08:36  [AT] " S,339,0110000010,0000000000,433,P1,3EA,607,B2,4,34A,608,B1,4,38A,609,A5,4,3EA,610,B3,4,33" (90)
17:08:36  [AT] "SEND OK" (7)
17:08:36  [AT] "+IPD,64:T,611,S,A4,1,59" (23)
17:08:36  [SLOT-OOW] +314ms
17:08:36  [AT] "T,612,S,A2,1,5C" (15)
17:08:36  [AT] "T,613,S,A1,1S,A3,1,5B" (21)
17:08:36  [CKSUM NG] T,613,S,A1,1S,A3,1,5B
17:08:36  [AT] "OK" (2)
17:08:36  [AT] "AT+CIPSEND=94" (13)
17:08:38  [TX] S,340,0110000010,0000000000,434,P1,37
17:08:38  A,611,A4,4,36
17:08:38  A,612,A2,4,33
17:08:38  A,609,A5,4,3E
17:08:38  A,610,B3,4,33
17:08:38  A,209,A4,4,3B34
17:08:38  A,216,B5,0,33
17:08:38  A,217,B1,0,36
17:08:38  A,218,B1,0,39,0,09H
17:08:38  [SLOT] n=362 tx=65 ack=2 due=0 r=1
17:08:38  [AT] "AT+CIPSEND=66" (13)
17:08:38  [AT] " S,340,0110000010,0000000000,434,P1,37A,611,A4,4,36A,612,A2,4,33" (64)
17:08:38  [AT] "SEND OK" (7)
17:08:38  [AT] "+IPD,64:T,615,S,B2,1,58" (23)
17:08:38  [SLOT-OOW] +210ms
17:08:38  [AT] "T,616,S,B1,1,58" (15)
17:08:38  [AT] "T,617,S,A5,1,5E" (15)
17:08:38  [AT] "T,618,S,B3,1,54" (15)
17:08:38  [AT] "OK" (2)
17:08:39  [TX] S,341,0110000010,0000000000,435,P1,37
17:08:39  A,615,B2,4,37
17:08:39  A,616,B1,4,37
17:08:39  A,617,A5,4,31
17:08:39  A,618,B3,4,3B
17:08:39  A,209,A4,4,3B34
17:08:39  A,216,B5,0,33
17:08:39  A,217,B1,0,36
17:08:39  A,218,B1,0,39,0,09H
17:08:39  [SLOT] n=363 tx=93 ack=4 due=0 r=1
17:08:39  [AT] "AT+CIPSEND=94" (13)
17:08:39  [AT] " S,341,0110000010,0000000000,435,P1,37A,615,B2,4,37A,616,B1,4,37A,617,A5,4,31A,618,B3,4,3B" (90)
17:08:39  [AT] "SEND OK" (7)
17:08:39  [AT] "+IPD,32:T,619,S,A4,1,51" (23)
17:08:39  [SLOT-OOW] +298ms
17:08:39  [AT] "T,620,S,A2,1,5D" (15)
17:08:39  [AT] "OK" (2)
17:08:40  [TX] S,342,0110000010,0000000000,436,P1,37
17:08:40  A,619,A4,4,3E
17:08:40  A,620,A2,4,32
17:08:40  A,617,A5,4,31
17:08:40  A,618,B3,4,3B
17:08:40  A,209,A4,4,3B34
17:08:40  A,216,B5,0,33
17:08:40  A,217,B1,0,36
17:08:40  A,218,B1,0,39,0,09H
17:08:40  [SLOT] n=364 tx=65 ack=2 due=0 r=1
17:08:40  [AT] " S,342,0110000010,0000000000,436,P1,37A,619,A4,4,3EA,620,A2,4,32" (64)
17:08:40  [AT] "SEND OK" (7)
17:08:40  [AT] "+IPD,64:T,613,S,A1,1,5E" (23)
17:08:40  [SLOT-OOW] +233ms
17:08:40  [AT] "T,614,S,A3,1,5B" (15)
17:08:40  [AT] "T,621,S,B2,1,5F" (15)
17:08:40  [AT] "T,622,S,A5,1,58" (15)
17:08:40  [AT] "OK" (2)
17:08:40  [AT] "AT+CIPSEND=66" (13)
17:08:41  [TX] S,343,0110000010,0000000000,438,P1,38
17:08:41  A,613,A1,4,31
17:08:41  A,614,A3,4,34
17:08:41  A,621,B2,4,30
17:08:41  A,622,A5,4,37
17:08:41  A,209,A4,4,3B34
17:08:41  A,216,B5,0,33
17:08:41  A,217,B1,0,36
17:08:41  A,218,B1,0,39,0,09H
17:08:41  [SLOT] n=365 tx=93 ack=4 due=0 r=1
17:08:41  [AT] "AT+CIPSEND=94" (13)
17:08:41  [AT] " S,343,0110000010,0000000000,438,P1,38A,613,A1,4,31A,614,A3,4,34A,621,B2,4,30A,622,A5,4,37" (90)
17:08:41  [AT] "SEND OK" (7)
17:08:41  [AT] "+IPD,64:T,623,S,B1,1,5E" (23)
17:08:41  [SLOT-OOW] +309ms
17:08:41  [AT] "T,624,S,B3,1,5B" (15)
17:08:41  [AT] "T,625,S,A4,15E" (14)
17:08:41  [CKSUM NG] T,625,S,A4,15E
17:08:41  [AT] "T,626,S,A2,1,5B" (15)
17:08:41  [AT] "OK" (2)
17:08:42  [TX] S,344,0110000010,0000000000,439,P1,3E
17:08:42  A,623,B1,4,31
17:08:42  A,624,B3,4,34
17:08:42  A,626,A2,4,34
17:08:42  A,622,A5,4,37
17:08:42  A,209,A4,4,3B34
17:08:42  A,216,B5,0,33
17:08:42  A,217,B1,0,36
17:08:42  A,218,B1,0,39,0,09H
17:08:42  [SLOT] n=366 tx=79 ack=3 due=0 r=1
17:08:42  [AT] "AT+CIPSEND=80" (13)
17:08:42  [AT] " S,344,0110000010,0000000000,439,P1,3EA,623,B1,4,31A,624,B3,4,34A,626,A2,4,34" (77)
17:08:42  [AT] "SEND OK" (7)
17:08:42  [AT] "+IPD,64:T,627,S,A1,1,59" (23)
17:08:42  [SLOT-OOW] +239ms
17:08:42  [AT] "T,628,S,B2,1,56" (15)
17:08:42  [AT] "T,629,S,A5,1,53" (15)
17:08:42  [AT] "T,630,S,A3,1,5D" (15)
17:08:42  [AT] "OK" (2)
17:08:44  [TX] S,345,0110000010,0000000000,440,P1,31
17:08:44  A,627,A1,4,36
17:08:44  A,628,B2,4,39
17:08:44  A,629,A5,4,3C
17:08:44  A,630,A3,4,32
17:08:44  A,209,A4,4,3B34
17:08:44  A,216,B5,0,33
17:08:44  A,217,B1,0,36
17:08:44  A,218,B1,0,39,0,09H
17:08:44  [SLOT] n=367 tx=93 ack=4 due=0 r=1
17:08:44  [AT] " S,345,0110000010,0000000000,440,P1,31A,627,A1,4,36A,628,B2,4,39A,629,A5,4,3CA,630,A3,4,32" (90)
17:08:44  [AT] "SEND OK" (7)
17:08:44  [AT] "+IPD,48:T,631,S,A2,1,5D" (23)
17:08:44  [SLOT-OOW] +309ms
17:08:44  [AT] "T,632,S,B1,1,5E" (15)
17:08:44  [AT] "AT+CIPSEND=94" (13)
17:08:45  [TX] S,346,0110000010,0000000000,441,P1,33
17:08:45  A,631,A2,4,32
17:08:45  A,632,B1,4,31
17:08:45  A,629,A5,4,3C
17:08:45  A,630,A3,4,32
17:08:45  A,209,A4,4,3B34
17:08:45  A,216,B5,0,33
17:08:45  A,217,B1,0,36
17:08:45  A,218,B1,0,39,0,09H
17:08:45  [SLOT] n=368 tx=65 ack=2 due=0 r=1
17:08:45  [AT] "T,633,S,B3,1AT+CIPSEND=66" (25)
17:08:45  [CKSUM NG] T,633,S,B3,1AT+CIPSEND=66
17:08:45  [AT] " S,346,0110000010,0000000000,441,P1,33A,631,A2,4,32A,632,B1,4,31" (64)
17:08:45  [AT] "SEND OK" (7)
17:08:45  [AT] "+IPD,64:T,625,S,A4,1,5E" (23)
17:08:45  [SLOT-OOW] +407ms
17:08:45  [AT] "T,634,S,B2,1,5B" (15)
17:08:45  [AT] "T,635,S,A1,1,5A" (15)
17:08:45  [AT] "T,636,S,A5,1,5D" (15)
17:08:45  [AT] "OK" (2)
17:08:46  [TX] S,347,0110000010,0000000000,442,P1,31
17:08:46  A,625,A4,4,31
17:08:46  A,634,B2,4,34
17:08:46  A,635,A1,4,35
17:08:46  A,636,A5,4,32
17:08:46  A,209,A4,4,3B34
17:08:46  A,216,B5,0,33
17:08:46  A,217,B1,0,36
17:08:46  A,218,B1,0,39,0,09H
17:08:46  [SLOT] n=369 tx=93 ack=4 due=0 r=1
17:08:46  [AT] "AT+CIPSEND=94" (13)
17:08:46  [AT] " S,347,0110000010,0000000000,442,P1,31A,625,A4,4,31A,634,B2,4,34A,635,A1,4,35A,636,A5,4,32" (90)
17:08:46  [AT] "SEND OK" (7)
17:08:46  [AT] "+IPD,48:T,637,S,A3,1,5A" (23)
17:08:46  [SLOT-OOW] +299ms
17:08:46  [AT] "T,638,S,A2,1,54" (15)
17:08:46  [AT] "T,639,S,B1,1,55" (15)
17:08:46  [AT] "OK" (2)
17:08:47  [TX] S,348,0110000010,0000000000,444,P1,38
17:08:47  A,637,A3,4,35
17:08:47  A,638,A2,4,3B
17:08:47  A,639,B1,4,3A
17:08:47  A,636,A5,4,32
17:08:47  A,209,A4,4,3B34
17:08:47  A,216,B5,0,33
17:08:47  A,217,B1,0,36
17:08:47  A,218,B1,0,39,0,09H
17:08:47  [SLOT] n=370 tx=79 ack=3 due=0 r=1
17:08:47  [AT] "AT+CIPSEND=80" (13)
17:08:47  [AT] " S,348,0110000010,0000000000,444,P1,38A,637,A3,4,35A,638,A2,4,3BA,639,B1,4,3A" (77)
17:08:47  [AT] "SEND OK" (7)
17:08:47  [AT] "+IPD,64:T,633,S,B3,1,5D" (23)
17:08:47  [SLOT-OOW] +260ms
17:08:47  [AT] "T,640,S,B2,1,58" (15)
17:08:47  [AT] "T,641,S,A4,1,5C" (15)
17:08:47  [AT] "T,642,S,A1,1,5A" (15)
17:08:47  [AT] "OK" (2)
17:08:48  [TX] S,349,0110000010,0000000000,445,P1,38
17:08:48  A,633,B3,4,32
17:08:48  A,640,B2,4,37
17:08:48  A,641,A4,4,33
17:08:48  A,642,A1,4,35
17:08:48  A,209,A4,4,3B34
17:08:48  A,216,B5,0,33
17:08:48  A,217,B1,0,36
17:08:48  A,218,B1,0,39,0,09H
17:08:48  [SLOT] n=371 tx=93 ack=4 due=0 r=1
17:08:48  [AT] "AT+CIPSEND=94" (13)
17:08:48  [AT] " S,349,0110000010,0000000000,445,P1,38A,633,B3,4,32A,640,B2,4,37A,641,A4,4,33A,642,A1,4,35" (90)
17:08:48  [AT] "SEND OK" (7)
17:08:48  [AT] "+IPD,64:T,643,S,A5,1,5F" (23)
17:08:48  [SLOT-OOW] +300ms
17:08:48  [AT] "T,644,S,A2,1,5F" (15)
17:08:48  [AT] "T,645,S,A3,1,5F" (15)
17:08:48  [AT] "T,646,S,B1,1,5D" (15)
17:08:48  [AT] "OK" (2)
17:08:50  [TX] S,350,0110000010,0000000000,446,P1,33
17:08:50  A,643,A5,4,30
17:08:50  A,644,A2,4,30
17:08:50  A,645,A3,4,30
17:08:50  A,646,B1,4,32
17:08:50  A,209,A4,4,3B34
17:08:50  A,216,B5,0,33
17:08:50  A,217,B1,0,36
17:08:50  A,218,B1,0,39,0,09H
17:08:50  [SLOT] n=372 tx=93 ack=4 due=0 r=1
17:08:50  [AT] "AT+CIPSEND=94" (13)
17:08:50  [AT] " S,350,0110000010,0000000000,446,P1,33A,643,A5,4,30A,644,A2,4,30A,645,A3,4,30A,646,B1,4,32" (90)
17:08:50  [AT] "SEND OK" (7)
17:08:50  [AT] "+IPD,64:T,647,S,B3,1,5E" (23)
17:08:50  [SLOT-OOW] +282ms
17:08:50  [AT] "T,648,S,A1,1,50" (15)
17:08:50  [AT] "T,649,S,A4,1,54" (15)
17:08:50  [AT] "T,650,S,B2,1,59" (15)
17:08:50  [AT] "OK" (2)
17:08:51  [TX] S,351,0110000010,0000000000,447,P1,33
17:08:51  A,647,B3,4,31
17:08:51  A,648,A1,4,3F
17:08:51  A,649,A4,4,3B
17:08:51  A,650,B2,4,36
17:08:51  A,209,A4,4,3B34
17:08:51  A,216,B5,0,33
17:08:51  A,217,B1,0,36
17:08:51  A,218,B1,0,39,0,09H
17:08:51  [SLOT] n=373 tx=93 ack=4 due=0 r=1
17:08:51  [AT] "AT+CIPSEND=94" (13)
17:08:51  [AT] " S,351,0110000010,0000000000,447,P1,33A,647,B3,4,31A,648,A1,4,3FA,649,A4,4,3BA,650,B2,4,36" (90)
17:08:51  [AT] "SEND OK" (7)
17:08:51  [AT] "+IPD,64:T,651,S,A2,1,5B" (23)
17:08:51  [SLOT-OOW] +411ms
17:08:51  [AT] "T,652,S,B1,1,58" (15)
17:08:51  [AT] "T,653,S,A3,1,58" (15)
17:08:51  [AT] "T,654,S,A5,1,59" (15)
17:08:51  [AT] "OK" (2)
17:08:52  [TX] S,352,0110000010,0000000000,448,P1,3F
17:08:52  A,651,A2,4,34
17:08:52  A,652,B1,4,37
17:08:52  A,653,A3,4,37
17:08:52  A,654,A5,4,36
17:08:52  A,209,A4,4,3B34
17:08:52  A,216,B5,0,33
17:08:52  A,217,B1,0,36
17:08:52  A,218,B1,0,39,0,09H
17:08:52  [SLOT] n=374 tx=93 ack=4 due=0 r=1
17:08:52  [AT] "AT+CIPSEND=94" (13)
17:08:52  [AT] " S,352,0110000010,0000000000,448,P1,3FA,651,A2,4,34A,652,B1,4,37A,653,A3,4,37A,654,A5,4,36" (90)
17:08:52  [AT] "SEND OK" (7)
17:08:52  [AT] "+IPD,64:T,655,S,A4,1,59" (23)
17:08:52  [SLOT-OOW] +300ms
17:08:52  [AT] "T,656,S,B2,1,5F" (15)
17:08:52  [AT] "T,657,S,A1,1,5E" (15)
17:08:52  [AT] "T,658,S,B3,1,50" (15)
17:08:52  [AT] "OK" (2)
17:08:53  [TX] S,353,0110000010,0000000000,450,P1,37
17:08:53  A,655,A4,4,36
17:08:53  A,656,B2,4,30
17:08:53  A,657,A1,4,31
17:08:53  A,658,B3,4,3F
17:08:53  A,209,A4,4,3B34
17:08:53  A,216,B5,0,33
17:08:53  A,217,B1,0,36
17:08:53  A,218,B1,0,39,0,09H
17:08:53  [SLOT] n=375 tx=93 ack=4 due=0 r=1
17:08:53  [AT] "AT+CIPSEND=94" (13)
17:08:53  [AT] " S,353,0110000010,0000000000,450,P1,37A,655,A4,4,36A,656,B2,4,30A,657,A1,4,31A,658,B3,4,3F" (90)
17:08:53  [AT] "SEND OK" (7)
17:08:53  [AT] "+IPD,64:T,659,S,A2,1,53" (23)
17:08:53  [SLOT-OOW] +310ms
17:08:53  [AT] "T,660,S,B1,1,59" (15)
17:08:53  [AT] "T,661,S,A5,1" (12)
17:08:53  [CKSUM NG] T,661,S,A5,1
17:08:53  [AT] "T,662,S,A3,1,5A" (15)
17:08:53  [AT] "OK" (2)
17:08:54  [TX] S,354,0110000010,0000000000,451,P1,31
17:08:54  A,659,A2,4,3C
17:08:54  A,660,B1,4,36
17:08:54  A,662,A3,4,35
17:08:54  A,658,B3,4,3F
17:08:54  A,209,A4,4,3B34
17:08:54  A,216,B5,0,33
17:08:54  A,217,B1,0,36
17:08:54  A,218,B1,0,39,0,09H
17:08:54  [SLOT] n=376 tx=79 ack=3 due=0 r=1
17:08:54  [AT] "AT+CIPSEND=80" (13)
17:08:55  [AT] " S,354,0110000010,0000000000,451,P1,31A,659,A2,4,3CA,660,B1,4,36A,662,A3,4,35" (77)
17:08:55  [AT] "SEND OK" (7)
17:08:55  [AT] "+IPD,64:T,663,S,B3,1,58" (23)
17:08:55  [SLOT-OOW] +424ms
17:08:55  [AT] "T,664,S,B2,1,5E" (15)
17:08:55  [AT] "T,665,S,A4,1,5A" (15)
17:08:55  [AT] "T,666,S,A1,1,5C" (15)
17:08:55  [AT] "OK" (2)
17:08:56  [TX] S,355,0110000010,0000000000,452,P1,33
17:08:56  A,663,B3,4,37
17:08:56  A,664,B2,4,31
17:08:56  A,665,A4,4,35
17:08:56  A,666,A1,4,33
17:08:56  A,209,A4,4,3B34
17:08:56  A,216,B5,0,33
17:08:56  A,217,B1,0,36
17:08:56  A,218,B1,0,39,0,09H
17:08:56  [SLOT] n=377 tx=93 ack=4 due=0 r=1
17:08:56  [AT] "AT+CIPSEND=94" (13)
17:08:56  [AT] " S,355,0110000010,0000000000,452,P1,33A,663,B3,4,37A,664,B2,4,31A,665,A4,4,35A,666,A1,4,33" (90)
17:08:56  [AT] "SEND OK" (7)
17:08:56  [AT] "+IPD,48:T,667,S,A2,1,5E" (23)
17:08:56  [SLOT-OOW] +278ms
17:08:56  [AT] "T,668,S,B1,1,51" (15)
17:08:56  [AT] "T,669,S,A3,1,51" (15)
17:08:56  [AT] "OK" (2)
17:08:57  [TX] S,356,0110000010,0000000000,453,P1,31
17:08:57  A,667,A2,4,31
17:08:57  A,668,B1,4,3E
17:08:57  A,669,A3,4,3E
17:08:57  A,666,A1,4,33
17:08:57  A,209,A4,4,3B34
17:08:57  A,216,B5,0,33
17:08:57  A,217,B1,0,36
17:08:57  A,218,B1,0,39,0,09H
17:08:57  [SLOT] n=378 tx=79 ack=3 due=0 r=1
17:08:57  [AT] "AT+CIPSEND=80" (13)
17:08:57  [AT] " S,356,0110000010,0000000000,453,P1,31A,667,A2,4,31A,668,B1,4,3EA,669,A3,4,3E" (77)
17:08:57  [AT] "SEND OK" (7)
17:08:57  [AT] "+IPD,64:T,661,S,A5,1,5F" (23)
17:08:57  [SLOT-OOW] +255ms
17:08:57  [AT] "T,670,S,A4,1,5E" (15)
17:08:57  [AT] "T,671,S,B2,1,5A" (15)
17:08:57  [AT] "T,672,S,A1,1,59" (15)
17:08:57  [AT] "OK" (2)
17:08:58  [TX] S,357,0110000010,0000000000,454,P1,37
17:08:58  A,661,A5,4,30
17:08:58  A,670,A4,4,31
17:08:58  A,671,B2,4,35
17:08:58  A,672,A1,4,36
17:08:58  A,209,A4,4,3B34
17:08:58  A,216,B5,0,33
17:08:58  A,217,B1,0,36
17:08:58  A,218,B1,0,39,0,09H
17:08:58  [SLOT] n=379 tx=93 ack=4 due=0 r=1
17:08:58  [AT] "AT+CIPSEND=94" (13)
17:08:58  [AT] " S,357,0110000010,0000000000,454,P1,37A,661,A5,4,30A,670,A4,4,31A,671,B2,4,35A,672,A1,4,36" (90)
17:08:58  [AT] "SEND OK" (7)
17:08:58  [AT] "+IPD,64:T,673,S,B3,1,59" (23)
17:08:58  [SLOT-OOW] +295ms
17:08:58  [AT] "T,674,S,A3,1,5D" (15)
17:08:58  [AT] "T,675,S,B1,1,5D" (15)
17:08:58  [AT] "T,676,S,A2,1,5E" (15)
17:08:58  [AT] "OK" (2)
17:08:59  [TX] S,358,0110000010,0000000000,456,P1,3A
17:08:59  A,673,B3,4,36
17:08:59  A,674,A3,4,32
17:08:59  A,675,B1,4,32
17:08:59  A,676,A2,4,31
17:08:59  A,209,A4,4,3B34
17:08:59  A,216,B5,0,33
17:08:59  A,217,B1,0,36
17:08:59  A,218,B1,0,39,0,09H
17:08:59  [SLOT] n=380 tx=93 ack=4 due=0 r=1
17:08:59  [AT] " S,358,0110000010,0000000000,456,P1,3AA,673,B3,4,36A,674,A3,4,32A,675,B1,4,32A,676,A2,4,31" (90)
17:08:59  [AT] "SEND OK" (7)
17:08:59  [AT] "+IPD,64:T,677,S,A4,1,59" (23)
17:08:59  [SLOT-OOW] +303ms
17:08:59  [AT] "T,678,S,A5,1,57" (15)
17:08:59  [AT] "T,679,S,B2,1,52" (15)
17:08:59  [AT] "T,680,S,A1,1,54" (15)
17:08:59  [AT] "OK" (2)
17:08:59  [AT] "AT+CIPSEND=94" (13)
17:09:00  [TX] S,359,0110000010,0000000000,457,P1,3A
17:09:00  A,677,A4,4,36
17:09:00  A,678,A5,4,38
17:09:00  A,679,B2,4,3D
17:09:00  A,680,A1,4,3B
17:09:00  A,209,A4,4,3B34
17:09:00  A,216,B5,0,33
17:09:00  A,217,B1,0,36
17:09:00  A,218,B1,0,39,0,09H
17:09:00  [SLOT] n=381 tx=93 ack=4 due=0 r=1
17:09:00  [AT] " S,359,0110000010,0000000000,457,P1,3AA,677,A4,4,36A,678,A5,4,38A,679,B2,4,3DA,680,A1,4,3B" (90)
17:09:00  [AT] "SEND OK" (7)
17:09:00  [AT] "+IPD,64:T,681,S,B3,1,54" (23)
17:09:00  [SLOT-OOW] +306ms
17:09:00  [AT] "T,682,S,A3,1,54" (15)
17:09:00  [AT] "T,683,S,B1,154" (14)
17:09:00  [CKSUM NG] T,683,S,B1,154
17:09:00  [AT] "T,684,S,A2,1,53" (15)
17:09:00  [AT] "OK" (2)
17:09:00  [AT] "AT+CIPSEND=94" (13)
17:09:02  [TX] S,360,0110000010,0000000000,458,P1,3F
17:09:02  A,681,B3,4,3B
17:09:02  A,682,A3,4,3B
17:09:02  A,684,A2,4,3C
17:09:02  A,680,A1,4,3B
17:09:02  A,209,A4,4,3B34
17:09:02  A,216,B5,0,33
17:09:02  A,217,B1,0,36
17:09:02  A,218,B1,0,39,0,09H
17:09:02  [SLOT] n=382 tx=79 ack=3 due=0 r=1
17:09:02  [AT] "AT+CIPSEND=80" (13)
17:09:02  [AT] " S,360,0110000010,0000000000,458,P1,3FA,681,B3,4,3BA,682,A3,4,3BA,684,A2,4,3C" (77)
17:09:02  [AT] "SEND OK" (7)
17:09:02  [AT] "+IPD,64:T,685,S,A5,1,55" (23)
17:09:02  [SLOT-OOW] +270ms
17:09:02  [AT] "T,686,S,A4,1,57" (15)
17:09:02  [AT] "T,687,S,B2,1,53" (15)
17:09:02  [AT] "T,688,S,A1,1,5C" (15)
17:09:02  [AT] "OK" (2)
17:09:03  [TX] S,361,0110000010,0000000000,459,P1,3F
17:09:03  A,685,A5,4,3A
17:09:03  A,686,A4,4,38
17:09:03  A,687,B2,4,3C
17:09:03  A,688,A1,4,33
17:09:03  A,209,A4,4,3B34
17:09:03  A,216,B5,0,33
17:09:03  A,217,B1,0,36
17:09:03  A,218,B1,0,39,0,09H
17:09:03  [SLOT] n=383 tx=93 ack=4 due=0 r=1
17:09:03  [AT] "AT+CIPSEND=94" (13)
17:09:03  [AT] " S,361,0110000010,0000000000,459,P1,3FA,685,A5,4,3AA,686,A4,4,38A,687,B2,4,3CA,688,A1,4,33" (90)
17:09:03  [AT] "SEND OK" (7)
17:09:03  [AT] "+IPD,48:T,689,S,A2,1,5E" (23)
17:09:03  [SLOT-OOW] +279ms
17:09:03  [AT] "T,690,S,A3,1,57" (15)
17:09:03  [AT] "T,691,S,B3,1,55" (15)
17:09:03  [AT] "OK" (2)
17:09:04  [TX] S,362,0110000010,0000000000,460,P1,36
17:09:04  A,689,A2,4,31
17:09:04  A,690,A3,4,38
17:09:04  A,691,B3,4,3A
17:09:04  A,688,A1,4,33
17:09:04  A,209,A4,4,3B34
17:09:04  A,216,B5,0,33
17:09:04  A,217,B1,0,36
17:09:04  A,218,B1,0,39,0,09H
17:09:04  [SLOT] n=384 tx=79 ack=3 due=0 r=1
17:09:04  [AT] "AT+CIPSEND=80" (13)
17:09:04  [AT] " S,362,0110000010,0000000000,460,P1,36A,689,A2,4,31A,690,A3,4,38A,691,B3,4,3A" (77)
17:09:04  [AT] "SEND OK" (7)
17:09:04  [AT] "+IPD,64:T,683,S,B1,1,54" (23)
17:09:04  [SLOT-OOW] +270ms
17:09:04  [AT] "T,692,S,A1,1,57" (15)
17:09:04  [AT] "T,693,S,A4,1,53" (15)
17:09:04  [AT] "T,694,S,A5,1,55" (15)
17:09:04  [AT] "OK" (2)
17:09:05  [TX] S,363,0110000010,0000000000,462,P1,35
17:09:05  A,683,B1,4,3B
17:09:05  A,692,A1,4,38
17:09:05  A,693,A4,4,3C
17:09:05  A,694,A5,4,3A
17:09:05  A,209,A4,4,3B34
17:09:05  A,216,B5,0,33
17:09:05  A,217,B1,0,36
17:09:05  A,218,B1,0,39,0,09H
17:09:05  [SLOT] n=385 tx=93 ack=4 due=0 r=1
17:09:05  [AT] "AT+CIPSEND=94" (13)
17:09:05  [AT] " S,363,0110000010,0000000000,462,P1,35A,683,B1,4,3BA,692,A1,4,38A,693,A4,4,3CA,694,A5,4,3A" (90)
17:09:05  [AT] "SEND OK" (7)
17:09:05  [AT] "+IPD,64:T,695,S,B2,1,50" (23)
17:09:05  [SLOT-OOW] +300ms
17:09:05  [AT] "T,696,S,A3,1,51" (15)
17:09:05  [AT] "T,697,S,B3,1,53" (15)
17:09:05  [AT] "T,698,S,A2,1,5E" (15)
17:09:05  [AT] "OK" (2)
17:09:06  [TX] S,364,0110000010,0000000000,463,P1,33
17:09:06  A,695,B2,4,3F
17:09:06  A,696,A3,4,3E
17:09:06  A,697,B3,4,3C
17:09:06  A,698,A2,4,31
17:09:06  A,209,A4,4,3B34
17:09:06  A,216,B5,0,33
17:09:06  A,217,B1,0,36
17:09:06  A,218,B1,0,39,0,09H
17:09:06  [SLOT] n=386 tx=93 ack=4 due=0 r=1
17:09:06  [AT] "AT+CIPSEND=94" (13)
17:09:06  [AT] " S,364,0110000010,0000000000,463,P1,33A,695,B2,4,3FA,696,A3,4,3EA,697,B3,4,3CA,698,A2,4,31" (90)
17:09:06  [AT] "SEND OK" (7)
17:09:06  [AT] "+IPD,64:T,699,S,B1,1,5F" (23)
17:09:06  [SLOT-OOW] +281ms
17:09:06  [AT] "T,700,S,A1,1,5D" (15)
17:09:06  [AT] "T,701,S,A4,1,59" (15)
17:09:06  [AT] "T,702,S,A5,1,5B" (15)
17:09:06  [AT] "OK" (2)
17:09:08  [TX] S,365,0110000010,0000000000,464,P1,35
17:09:08  A,699,B1,4,30
17:09:08  A,700,A1,4,32
17:09:08  A,701,A4,4,36
17:09:08  A,702,A5,4,34
17:09:08  A,209,A4,4,3B34
17:09:08  A,216,B5,0,33
17:09:08  A,217,B1,0,36
17:09:08  A,218,B1,0,39,0,09H
17:09:08  [SLOT] n=387 tx=93 ack=4 due=0 r=1
17:09:08  [AT] "AT+CIPSEND=94" (13)
17:09:08  [AT] " S,365,0110000010,0000000000,464,P1,35A,699,B1,4,30A,700,A1,4,32A,701,A4,4,36A,702,A5,4,34" (90)
17:09:08  [AT] "SEND OK" (7)
17:09:08  [AT] "+IPD,64:T,703,S,A3,1,5C" (23)
17:09:08  [SLOT-OOW] +394ms
17:09:08  [AT] "T,704,S,B3,1,58" (15)
17:09:08  [AT] "T,705,S,B2,1,58" (15)
17:09:08  [AT] "T,706,S,A2,1,58" (15)
17:09:08  [AT] "OK" (2)
17:09:09  [TX] S,366,0110000010,0000000000,465,P1,37
17:09:09  A,703,A3,4,33
17:09:09  A,704,B3,4,37
17:09:09  A,705,B2,4,37
17:09:09  A,706,A2,4,37
17:09:09  A,209,A4,4,3B34
17:09:09  A,216,B5,0,33
17:09:09  A,217,B1,0,36
17:09:09  A,218,B1,0,39,0,09H
17:09:09  [SLOT] n=388 tx=93 ack=4 due=0 r=1
17:09:09  [AT] "AT+CIPSEND=94" (13)
17:09:09  [AT] " S,366,0110000010,0000000000,465,P1,37A,703,A3,4,33A,704,B3,4,37A,705,B2,4,37A,706,A2,4,37" (90)
17:09:09  [AT] "SEND OK" (7)
17:09:09  [AT] "+IPD,64:T,707,S,A4,1,5F" (23)
17:09:09  [SLOT-OOW] +313ms
17:09:09  [AT] "T,708,S,A1,1,55" (15)
17:09:09  [AT] "T,709,S,B1,1,57" (15)
17:09:09  [AT] "T,710,S,A5,1,58" (15)
17:09:09  [AT] "OK" (2)
17:09:10  [TX] S,367,0110000010,0000000000,466,P1,35
17:09:10  A,707,A4,4,30
17:09:10  A,708,A1,4,3A
17:09:10  A,709,B1,4,38
17:09:10  A,710,A5,4,37
17:09:10  A,209,A4,4,3B34
17:09:10  A,216,B5,0,33
17:09:10  A,217,B1,0,36
17:09:10  A,218,B1,0,39,0,09H
17:09:10  [SLOT] n=389 tx=93 ack=4 due=0 r=1
17:09:10  [AT] "AT+CIPSEND=94" (13)
17:09:10  [AT] " S,367,0110000010,0000000000,466,P1,35A,707,A4,4,30A,708,A1,4,3AA,709,B1,4,38A,710,A5,4,37" (90)
17:09:10  [AT] "SEND OK" (7)
17:09:10  [AT] "+IPD,64:T,711,S,B3,1,5C" (23)
17:09:10  [SLOT-OOW] +338ms
17:09:10  [AT] "T,712,S,B2,1,5E" (15)
17:09:10  [AT] "T,713,S,A3,1,5D" (15)
17:09:10  [AT] "T,714,S,A2,1,5B" (15)
17:09:10  [AT] "OK" (2)
17:09:11  [TX] S,368,0110000010,0000000000,468,P1,34
17:09:11  A,711,B3,4,33
17:09:11  A,712,B2,4,31
17:09:11  A,713,A3,4,32
17:09:11  A,714,A2,4,34
17:09:11  A,209,A4,4,3B34
17:09:11  A,216,B5,0,33
17:09:11  A,217,B1,0,36
17:09:11  A,218,B1,0,39,0,09H
17:09:11  [SLOT] n=390 tx=93 ack=4 due=0 r=1
17:09:11  [AT] "AT+CIPSEND=94" (13)
17:09:11  [AT] " S,368,0110000010,0000000000,468,P1,34A,711,B3,4,33A,712,B2,4,31A,713,A3,4,32A,714,A2,4,34" (90)
17:09:11  [AT] "SEND OK" (7)
17:09:11  [AT] "+IPD,64:T,715,S,B1,1,5A" (23)
17:09:11  [SLOT-OOW] +314ms
17:09:11  [AT] "T,716,S,A1,1,5A" (15)
17:09:11  [AT] "T,717,S,A5,1718,S,A4,1,51" (25)
17:09:11  [CKSUM NG] T,717,S,A5,1718,S,A4,1,51
17:09:11  [AT] "OK" (2)
17:09:12  [TX] S,369,0110000010,0000000000,469,P1,34
17:09:12  A,715,B1,4,35
17:09:12  A,716,A1,4,35
17:09:12  A,713,A3,4,32
17:09:12  A,714,A2,4,34
17:09:12  A,209,A4,4,3B34
17:09:12  A,216,B5,0,33
17:09:12  A,217,B1,0,36
17:09:12  A,218,B1,0,39,0,09H
17:09:12  [SLOT] n=391 tx=65 ack=2 due=0 r=1
17:09:12  [AT] "AT+CIPSEND=66" (13)
17:09:12  [AT] " S,369,0110000010,0000000000,469,P1,34A,715,B1,4,35A,716,A1,4,35" (64)
17:09:12  [AT] "SEND OK" (7)
17:09:12  [AT] "+IPD,48:T,719,S,B3,1,54" (23)
17:09:12  [SLOT-OOW] +223ms
17:09:12  [AT] "T,720,S,B2,1,5F" (15)
17:09:12  [AT] "T,721,S,A3,1,5C" (15)
17:09:12  [AT] "OK" (2)
17:09:13  [TX] S,370,0110000010,0000000000,470,P1,34
17:09:13  A,719,B3,4,3B
17:09:13  A,720,B2,4,30
17:09:13  A,721,A3,4,33
17:09:13  A,714,A2,4,34
17:09:13  A,209,A4,4,3B34
17:09:13  A,216,B5,0,33
17:09:13  A,217,B1,0,36
17:09:13  A,218,B1,0,39,0,09H
17:09:13  [SLOT] n=392 tx=79 ack=3 due=0 r=1
17:09:13  [AT] "AT+CIPSEND=80" (13)
17:09:14  [AT] " S,370,0110000010,0000000000,470,P1,34A,719,B3,4,3BA,720,B2,4,30A,721,A3,4,33" (77)
17:09:14  [AT] "SEND OK" (7)
17:09:14  [AT] "+IPD,32:T,722,S,B1,1,5E" (23)
17:09:14  [SLOT-OOW] +308ms
17:09:14  [AT] "T,723,S,A1,1,5C" (15)
17:09:14  [AT] "OK" (2)
17:09:15  [TX] S,371,0110000010,0000000000,471,P1,34
17:09:15  A,722,B1,4,31
17:09:15  A,723,A1,4,33
17:09:15  A,721,A3,4,33
17:09:15  A,714,A2,4,34
17:09:15  A,209,A4,4,3B34
17:09:15  A,216,B5,0,33
17:09:15  A,217,B1,0,36
17:09:15  A,218,B1,0,39,0,09H
17:09:15  [SLOT] n=393 tx=65 ack=2 due=0 r=1
17:09:15  [AT] " S,371,0110000010,0000000000,471,P1,34A,722,B1,4,31A,723,A1,4,33" (64)
17:09:15  [AT] "SEND OK" (7)
17:09:15  [AT] "+IPD,48:T,717,S,A5,1,5F" (23)
17:09:15  [SLOT-OOW] +237ms
17:09:15  [AT] "T,718,S,A4,1,51" (15)
17:09:15  [AT] "T,724,S,B3,1,5A" (15)
17:09:15  [AT] "OK" (2)
17:09:15  [AT] "AT+CIPSEND=66" (13)
17:09:16  [TX] S,372,0110000010,0000000000,472,P1,34
17:09:16  A,717,A5,4,30
17:09:16  A,718,A4,4,3E
17:09:16  A,724,B3,4,35
17:09:16  A,714,A2,4,34
17:09:16  A,209,A4,4,3B34
17:09:16  A,216,B5,0,33
17:09:16  A,217,B1,0,36
17:09:16  A,218,B1,0,39,0,09H
17:09:16  [SLOT] n=394 tx=79 ack=3 due=0 r=1
17:09:16  [AT] "AT+CIPSEND=80" (13)
17:09:16  [AT] " S,372,0110000010,0000000000,472,P1,34A,717,A5,4,30A,718,A4,4,3EA,724,B3,4,35" (77)
17:09:16  [AT] "SEND OK" (7)
17:09:16  [AT] "+IPD,16:T,725,S,B1,1,59" (23)
17:09:16  [SLOT-OOW] +357ms
17:09:16  [AT] "OK" (2)
17:09:17  [TX] S,373,0110000010,0000000000,474,P1,33
17:09:17  A,725,B1,4,36
17:09:17  A,718,A4,4,3E
17:09:17  A,724,B3,4,35
17:09:17  A,714,A2,4,34
17:09:17  A,209,A4,4,3B34
17:09:17  A,216,B5,0,33
17:09:17  A,217,B1,0,36
17:09:17  A,218,B1,0,39,0,09H
17:09:17  [SLOT] n=395 tx=51 ack=1 due=0 r=1
17:09:17  [AT] "AT+CIPSEND=52" (13)
17:09:17  [AT] " S,373,0110000010,0000000000,474,P1,33A,725,B1,4,36" (51)
17:09:17  [AT] "SEND OK" (7)
17:09:17  [AT] "+IPD,48:T,726,S,A5,1,5D" (23)
17:09:17  [SLOT-OOW] +186ms
17:09:17  [AT] "T,727,S,B3,1,59" (15)
17:09:17  [AT] "T,728,S,A4,1,52" (15)
17:09:17  [AT] "OK" (2)
17:09:18  [TX] S,374,0110000010,0000000000,475,P1,35
17:09:18  A,726,A5,4,32
17:09:18  A,727,B3,4,36
17:09:18  A,728,A4,4,3D
17:09:18  A,714,A2,4,34
17:09:18  A,209,A4,4,3B34
17:09:18  A,216,B5,0,33
17:09:18  A,217,B1,0,36
17:09:18  A,218,B1,0,39,0,09H
17:09:18  [SLOT] n=396 tx=79 ack=3 due=0 r=1
17:09:18  [AT] "AT+CIPSEND=80" (13)
17:09:18  [AT] " S,374,0110000010,0000000000,475,P1,35A,726,A5,4,32A,727,B3,4,36A,728,A4,4,3D" (77)
17:09:18  [AT] "SEND OK" (7)
17:09:18  [AT] "+IPD,16:T,729,S,B1,1,55" (23)
17:09:18  [SLOT-OOW] +252ms
17:09:18  [AT] "OK" (2)
17:09:19  [TX] S,375,0110000010,0000000000,476,P1,37
17:09:19  A,729,B1,4,3A
17:09:19  A,727,B3,4,36
17:09:19  A,728,A4,4,3D
17:09:19  A,714,A2,4,34
17:09:19  A,209,A4,4,3B34
17:09:19  A,216,B5,0,33
17:09:19  A,217,B1,0,36
17:09:19  A,218,B1,0,39,0,09H
17:09:19  [SLOT] n=397 tx=51 ack=1 due=0 r=1
17:09:19  [AT] "AT+CIPSEND=52" (13)
17:09:19  [AT] " S,375,0110000010,0000000000,476,P1,37A,729,B1,4,3A" (51)
17:09:19  [AT] "SEND OK" (7)
17:09:19  [AT] "+IPD,16:T,730,S,A4,1,5B" (23)
17:09:19  [SLOT-OOW] +179ms
17:09:19  [AT] "OK" (2)
17:09:21  [TX] S,376,0110000010,0000000000,477,P1,35
17:09:21  A,730,A4,4,34
17:09:21  A,727,B3,4,36
17:09:21  A,728,A4,4,3D
17:09:21  A,714,A2,4,34
17:09:21  A,209,A4,4,3B34
17:09:21  A,216,B5,0,33
17:09:21  A,217,B1,0,36
17:09:21  A,218,B1,0,39,0,09H
17:09:21  [SLOT] n=398 tx=51 ack=1 due=0 r=1
17:09:21  [AT] "AT+CIPSEND=52" (13)
17:09:21  [AT] " S,376,0110000010,0000000000,477,P1,35A,730,A4,4,34" (51)
17:09:21  [AT] "SEND OK" (7)
17:09:21  [AT] "+IPD,16:T,731,S,B1,1,5C" (23)
17:09:21  [SLOT-OOW] +249ms
17:09:21  [AT] "OK" (2)
17:09:22  [TX] S,377,0110000010,0000000000,478,P1,3B
17:09:22  A,731,B1,4,33
17:09:22  A,727,B3,4,36
17:09:22  A,728,A4,4,3D
17:09:22  A,714,A2,4,34
17:09:22  A,209,A4,4,3B34
17:09:22  A,216,B5,0,33
17:09:22  A,217,B1,0,36
17:09:22  A,218,B1,0,39,0,09H
17:09:22  [SLOT] n=399 tx=51 ack=1 due=0 r=1
17:09:22  [AT] "AT+CIPSEND=52" (13)
17:09:22  [AT] " S,377,0110000010,0000000000,478,P1,3BA,731,B1,4,33" (51)
17:09:22  [AT] "SEND OK" (7)
17:09:22  [AT] "+IPD,16:T,732,S,A4,1,59" (23)
17:09:22  [SLOT-OOW] +199ms
17:09:22  [AT] "OK" (2)
17:09:23  [TX] S,378,0110000010,0000000000,480,P1,33
17:09:23  A,732,A4,4,36
17:09:23  A,727,B3,4,36
17:09:23  A,728,A4,4,3D
17:09:23  A,714,A2,4,34
17:09:23  A,209,A4,4,3B34
17:09:23  A,216,B5,0,33
17:09:23  A,217,B1,0,36
17:09:23  A,218,B1,0,39,0,09H
17:09:23  [SLOT] n=400 tx=51 ack=1 due=0 r=1
17:09:23  [CNT] up=480 drop=1 esprst=2 resync=3 sendfail=0 okto=0 stuck=0 ackq=0 ackdrop=0 ackstale=0 slot=400 oow=135 smiss=2 ssovf=14 cksumng=14 okstream=378 penddrop=6 skip=0 online=1
17:09:23  [RAM] 최저 여유 627 B · 프롬프트 재동기 3회 (서버의 '버린줄' 과 맞아야 한다)
17:09:23  [AT] "AT+CIPSEND=52" (13)
17:09:23  [AT] " S,378,0110000010,0000000000,480,P1,33A,732,A4,4,36" (51)
17:09:23  [AT] "SEND OK" (7)
17:09:24  [TX] S,379,0110000010,0000000000,481,P1,33
17:09:24  [SLOT] n=401 tx=37 ack=0 due=0 r=1
17:09:24  [AT] "AT+CIPSEND=38" (13)
17:09:24  [AT] " S,379,0110000010,0000000000,481,P1,33" (38)
17:09:24  [AT] "SEND OK" (7)
17:09:25  [TX] S,380,0110000010,0000000000,482,P1,36
17:09:25  [SLOT] n=402 tx=37 ack=0 due=0 r=1
17:09:25  [AT] "AT+CIPSEND=38" (13)
17:09:25  [AT] " S,380,0110000010,0000000000,482,P1,36" (38)
17:09:25  [AT] "SEND OK" (7)
17:09:27  [TX] S,381,0110000010,0000000000,483,P1,36
17:09:27  [SLOT] n=403 tx=37 ack=0 due=0 r=1
17:09:27  [AT] "AT+CIPSEND=38" (13)
17:09:27  [AT] " S,381,0110000010,0000000000,483,P1,36" (38)
17:09:27  [AT] "SEND OK" (7)
17:09:28  [TX] S,382,0110000010,0000000000,484,P1,32
17:09:28  [SLOT] n=404 tx=37 ack=0 due=0 r=1
17:09:28  [AT] "AT+CIPSEND=38" (13)
17:09:28  [AT] " S,382,0110000010,0000000000,484,P1,32" (38)
17:09:28  [AT] "SEND OK" (7)
17:09:29  [TX] S,383,0110000010,0000000000,486,P1,31
17:09:29  [SLOT] n=405 tx=37 ack=0 due=0 r=1
17:09:29  [AT] "AT+CIPSEND=38" (13)
17:09:29  [AT] " S,383,0110000010,0000000000,486,P1,31" (38)
17:09:29  [AT] "SEND OK" (7)
17:09:29  [AT] "+IPD,64:T,733,S,A4,1,58" (23)
17:09:29  [SLOT-OOW] +221ms
17:09:29  [AT] "T,734,S,A1,1,5A" (15)
17:09:29  [AT] "T,735,S,B2,1,5B" (15)
17:09:29  [AT] "T,736,S,B3,1,59" (15)
17:09:29  [AT] "OK" (2)
17:09:30  [TX] S,384,0110000010,0000000000,487,P1,37
17:09:30  A,733,A4,4,37
17:09:30  A,734,A1,4,35
17:09:30  A,735,B2,4,34
17:09:30  A,736,B3,4,36
17:09:30  A,209,A4,4,3B34
17:09:30  A,216,B5,0,33
17:09:30  A,217,B1,0,36
17:09:30  A,218,B1,0,39,0,09H
17:09:30  [SLOT] n=406 tx=93 ack=4 due=0 r=1
17:09:30  [AT] "AT+CIPSEND=94" (13)
17:09:30  [AT] " S,384,0110000010,0000000000,487,P1,37A,733,A4,4,37A,734,A1,4,35A,735,B2,4,34A,736,B3,4,36" (90)
17:09:30  [AT] "SEND OK" (7)
17:09:30  [AT] "+IPD,64:T,737,S,B1,1,5A" (23)
17:09:30  [SLOT-OOW] +317ms
17:09:30  [AT] "T,738,S,A2,1,55" (15)
17:09:30  [AT] "T,739,S,A3,1,55" (15)
17:09:30  [AT] "T,740,S,A5,1,5D" (15)
17:09:30  [AT] "OK" (2)
17:09:31  [TX] S,385,0110000010,0000000000,488,P1,39
17:09:31  A,737,B1,4,35
17:09:31  A,738,A2,4,3A
17:09:31  A,739,A3,4,3A
17:09:31  A,740,A5,4,32
17:09:31  A,209,A4,4,3B34
17:09:31  A,216,B5,0,33
17:09:31  A,217,B1,0,36
17:09:31  A,218,B1,0,39,0,09H
17:09:31  [SLOT] n=407 tx=93 ack=4 due=0 r=1
17:09:31  [AT] "AT+CIPSEND=94" (13)
17:09:32  [AT] " S,385,0110000010,0000000000,488,P1,39A,737,B1,4,35A,738,A2,4,3AA,739,A3,4,3AA,740,A5,4,32" (90)
17:09:32  [AT] "SEND OK" (7)
17:09:32  [AT] "+IPD,64:T,741,S,A4,1,5D" (23)
17:09:32  [SLOT-OOW] +285ms
17:09:32  [AT] "T,742,S,B3,1,5A" (15)
17:09:32  [AT] "T,743,S,A1,1,5A" (15)
17:09:32  [AT] "T,744,S,B2,1,5D" (15)
17:09:32  [AT] "OK" (2)
17:09:33  [TX] S,386,0110000010,0000000000,489,P1,3B
17:09:33  A,741,A4,4,32
17:09:33  A,742,B3,4,35
17:09:33  A,743,A1,4,35
17:09:33  A,744,B2,4,32
17:09:33  A,209,A4,4,3B34
17:09:33  A,216,B5,0,33
17:09:33  A,217,B1,0,36
17:09:33  A,218,B1,0,39,0,09H
17:09:33  [SLOT] n=408 tx=93 ack=4 due=0 r=1
17:09:33  [AT] "AT+CIPSEND=94" (13)
17:09:33  [AT] " S,386,0110000010,0000000000,489,P1,3BA,741,A4,4,32A,742,B3,4,35A,743,A1,4,35A,744,B2,4,32" (90)
17:09:33  [AT] "SEND OK" (7)
17:09:33  [AT] "+IPD,64:T,745,S,B1,1,5F" (23)
17:09:33  [AT] "T,746,S,A3,1,5D" (15)
17:09:33  [AT] "T,747,S,A2,1,5D" (15)
17:09:33  [AT] "T,748,S,A5,1,55" (15)
17:09:33  [AT] "OK" (2)
17:09:34  [TX] S,387,0110000010,0000000000,490,P1,32
17:09:34  A,745,B1,4,30
17:09:34  A,746,A3,4,32
17:09:34  A,747,A2,4,32
17:09:34  A,748,A5,4,3A
17:09:34  A,209,A4,4,3B34
17:09:34  A,216,B5,0,33
17:09:34  A,217,B1,0,36
17:09:34  A,218,B1,0,39,0,09H
17:09:34  [SLOT] n=409 tx=93 ack=4 due=0 r=1
17:09:34  [AT] "AT+CIPSEND=94" (13)
17:09:34  [AT] " S,387,0110000010,0000000000,490,P1,32A,745,B1,4,30A,746,A3,4,32A,747,A2,4,32A,748,A5,4,3A" (90)
17:09:34  [AT] "SEND OK" (7)
17:09:34  [AT] "+IPD,64:T,749,S,A1,1,50" (23)
17:09:34  [SLOT-OOW] +551ms
17:09:34  [AT] "T,750,S,B3,1,59" (15)
17:09:34  [AT] "T,751,S,A4,1,5C" (15)
17:09:34  [AT] "T,752,S,B2,1,5A" (15)
17:09:34  [AT] "OK" (2)
17:09:35  [TX] S,388,0110000010,0000000000,492,P1,3F
17:09:35  A,749,A1,4,3F
17:09:35  A,750,B3,4,36
17:09:35  A,751,A4,4,33
17:09:35  A,752,B2,4,35
17:09:35  A,209,A4,4,3B34
17:09:35  A,216,B5,0,33
17:09:35  A,217,B1,0,36
17:09:35  A,218,B1,0,39,0,09H
17:09:35  [SLOT] n=410 tx=93 ack=4 due=0 r=1
17:09:35  [AT] "AT+CIPSEND=94" (13)
17:09:35  [AT] " S,388,0110000010,0000000000,492,P1,3FA,749,A1,4,3FA,750,B3,4,36A,751,A4,4,33A,752,B2,4,35" (90)
17:09:35  [AT] "SEND OK" (7)
17:09:35  [AT] "+IPD,64:T,753,S,A3,1,59" (23)
17:09:35  [SLOT-OOW] +364ms
17:09:35  [AT] "T,754,S,B1,1,5F" (15)
17:09:35  [AT] "T,755,S,A2,1,5E" (15)
17:09:35  [AT] "T,756,S,A5,1,5A" (15)
17:09:35  [AT] "OK" (2)
17:09:36  [TX] S,389,0110000010,0000000000,493,P1,3F
17:09:36  A,753,A3,4,36
17:09:36  A,754,B1,4,30
17:09:36  A,755,A2,4,31
17:09:36  A,756,A5,4,35
17:09:36  A,209,A4,4,3B34
17:09:36  A,216,B5,0,33
17:09:36  A,217,B1,0,36
17:09:36  A,218,B1,0,39,0,09H
17:09:36  [SLOT] n=411 tx=93 ack=4 due=0 r=1
17:09:36  [AT] "AT+CIPSEND=94" (13)
17:09:36  [AT] " S,389,0110000010,0000000000,493,P1,3FA,753,A3,4,36A,754,B1,4,30A,755,A2,4,31A,756,A5,4,35" (90)
17:09:36  [AT] "SEND OK" (7)
17:09:36  [AT] "+IPD,64:T,757,S,B3,1,5E" (23)
17:09:36  [SLOT-OOW] +276ms
17:09:36  [AT] "T,758,S,A1,1,50" (15)
17:09:36  [AT] "T,759,S,A4,1,54" (15)
17:09:36  [AT] "T,760,S,B2,1,5B" (15)
17:09:36  [AT] "OK" (2)
17:09:37  [TX] S,390,0110000010,0000000000,494,P1,30
17:09:37  A,757,B3,4,31
17:09:37  A,758,A1,4,3F
17:09:37  A,759,A4,4,3B
17:09:37  A,760,B2,4,34
17:09:37  A,209,A4,4,3B34
17:09:37  A,216,B5,0,33
17:09:37  A,217,B1,0,36
17:09:37  A,218,B1,0,39,0,09H
17:09:38  [SLOT] n=412 tx=93 ack=4 due=0 r=1
17:09:38  [AT] " S,390,0110000010,0000000000,494,P1,30A,757,B3,4,31A,758,A1,4,3FA,759,A4,4,3BA,760,B2,4,34" (90)
17:09:38  [AT] "SEND OK" (7)
17:09:38  [AT] "+IPD,64:T,761,S,A3,1,58" (23)
17:09:38  [SLOT-OOW] +303ms
17:09:38  [AT] "T,762,S,A2,1,5A" (15)
17:09:38  [AT] "T,763,S,B1,1,5B" (15)
17:09:38  [AT] "T,764,S,A5,1,5B" (15)
17:09:38  [AT] "OK" (2)
17:09:38  [AT] "AT+CIPSEND=94" (13)
17:09:39  [TX] S,391,0110000010,0000000000,495,P1,30
17:09:39  A,761,A3,4,37
17:09:39  A,762,A2,4,35
17:09:39  A,763,B1,4,34
17:09:39  A,764,A5,4,34
17:09:39  A,209,A4,4,3B34
17:09:39  A,216,B5,0,33
17:09:39  A,217,B1,0,36
17:09:39  A,218,B1,0,39,0,09H
17:09:39  [SLOT] n=413 tx=93 ack=4 due=0 r=1
17:09:39  [AT] "AT+CIPSEND=94" (13)
17:09:39  [AT] " S,391,0110000010,0000000000,495,P1,30A,761,A3,4,37A,762,A2,4,35A,763,B1,4,34A,764,A5,4,34" (90)
17:09:39  [AT] "SEND OK" (7)
17:09:39  [AT] "+IPD,64:T,765,S,A4,1,5B" (23)
17:09:39  [SLOT-OOW] +542ms
17:09:39  [AT] "T,766,S,B3,1,5C" (15)
17:09:39  [AT] "T,767,S,A1,1,5C" (15)
17:09:39  [AT] "T,768,S,B2,1,53" (15)
17:09:39  [AT] "OK" (2)
17:09:40  [TX] S,392,0110000010,0000000000,496,P1,30
17:09:40  A,765,A4,4,34
17:09:40  A,766,B3,4,33
17:09:40  A,767,A1,4,33
17:09:40  A,768,B2,4,3C
17:09:40  A,209,A4,4,3B34
17:09:40  A,216,B5,0,33
17:09:40  A,217,B1,0,36
17:09:40  A,218,B1,0,39,0,09H
17:09:40  [SLOT] n=414 tx=93 ack=4 due=0 r=1
17:09:40  [AT] "AT+CIPSEND=94" (13)
17:09:40  [AT] " S,392,0110000010,0000000000,496,P1,30A,765,A4,4,34A,766,B3,4,33A,767,A1,4,33A,768,B2,4,3C" (90)
17:09:40  [AT] "SEND OK" (7)
17:09:40  [AT] "+IPD,64:T,769,S,B1,1,51" (23)
17:09:40  [SLOT-OOW] +469ms
17:09:40  [AT] "T,770,S,A3,1,58" (15)
17:09:40  [AT] "T,771,S,A5,1,5F" (15)
17:09:40  [AT] "T,772,S,A2,1,5B" (15)
17:09:40  [AT] "OK" (2)
17:09:41  [TX] S,393,0110000010,0000000000,498,P1,3F
17:09:41  A,769,B1,4,3E
17:09:41  A,770,A3,4,37
17:09:41  A,771,A5,4,30
17:09:41  A,772,A2,4,34
17:09:41  A,209,A4,4,3B34
17:09:41  A,216,B5,0,33
17:09:41  A,217,B1,0,36
17:09:41  A,218,B1,0,39,0,09H
17:09:41  [SLOT] n=415 tx=93 ack=4 due=0 r=1
17:09:41  [AT] "AT+CIPSEND=94" (13)
17:09:41  [AT] " S,393,0110000010,0000000000,498,P1,3FA,769,B1,4,3EA,770,A3,4,37A,771,A5,4,30A,772,A2,4,34" (90)
17:09:41  [AT] "SEND OK" (7)
17:09:41  [AT] "+IPD,64:T,773,S,B2,1,59" (23)
17:09:41  [SLOT-OOW] +285ms
17:09:41  [AT] "T,774,S,B3,1,5F" (15)
17:09:41  [AT] "T,775,S,A4,1,5A" (15)
17:09:41  [AT] "T,776,S,A1,1,5C" (15)
17:09:41  [AT] "OK" (2)
17:09:42  [TX] S,394,0110000010,0000000000,499,P1,39
17:09:42  A,773,B2,4,36
17:09:42  A,774,B3,4,30
17:09:42  A,775,A4,4,35
17:09:42  A,776,A1,4,33
17:09:42  A,209,A4,4,3B34
17:09:42  A,216,B5,0,33
17:09:42  A,217,B1,0,36
17:09:42  A,218,B1,0,39,0,09H
17:09:42  [SLOT] n=416 tx=93 ack=4 due=0 r=1
17:09:42  [AT] "AT+CIPSEND=94" (13)
17:09:42  [AT] " S,394,0110000010,0000000000,499,P1,39A,773,B2,4,36A,774,B3,4,30A,775,A4,4,35A,776,A1,4,33" (90)
17:09:42  [AT] "SEND OK" (7)
17:09:42  [AT] "+IPD,64:T,777,S,A3,1,5F" (23)
17:09:42  [SLOT-OOW] +291ms
17:09:42  [AT] "T,778,S,A5,1,56" (15)
17:09:42  [AT] "T,779,S,B1,1,50" (15)
17:09:42  [AT] "T,780,S,A2,1,56" (15)
17:09:42  [AT] "OK" (2)
17:09:43  [TX] S,395,0110000010,0000000000,500,P1,39
17:09:43  A,777,A3,4,30
17:09:43  A,778,A5,4,39
17:09:43  A,779,B1,4,3F
17:09:43  A,780,A2,4,39
17:09:43  A,209,A4,4,3B34
17:09:43  A,216,B5,0,33
17:09:43  A,217,B1,0,36
17:09:43  A,218,B1,0,39,0,09H
17:09:43  [SLOT] n=417 tx=93 ack=4 due=0 r=1
17:09:44  [AT] "AT+CIPSEND=94" (13)
17:09:44  [AT] " S,395,0110000010,0000000000,500,P1,39A,777,A3,4,30A,778,A5,4,39A,779,B1,4,3FA,780,A2,4,39" (90)
17:09:44  [AT] "SEND OK" (7)
17:09:44  [AT] "+IPD,64:T,781,S,B2,1,54" (23)
17:09:44  [SLOT-OOW] +309ms
17:09:44  [AT] "T,782,S,A4,1,52" (15)
17:09:44  [AT] "T,783,S,B3,157" (14)
17:09:44  [CKSUM NG] T,783,S,B3,157
17:09:44  [AT] "T,784,S,A1,1,51" (15)
17:09:44  [AT] "OK" (2)
17:09:45  [TX] S,396,0110000010,0000000000,501,P1,3B
17:09:45  A,781,B2,4,3B
17:09:45  A,782,A4,4,3D
17:09:45  A,784,A1,4,3E
17:09:45  A,780,A2,4,39
17:09:45  A,209,A4,4,3B34
17:09:45  A,216,B5,0,33
17:09:45  A,217,B1,0,36
17:09:45  A,218,B1,0,39,0,09H
17:09:45  [SLOT] n=418 tx=79 ack=3 due=0 r=1
17:09:45  [AT] "AT+CIPSEND=80" (13)
17:09:45  [AT] " S,396,0110000010,0000000000,501,P1,3BA,781,B2,4,3BA,782,A4,4,3DA,784,A1,4,3E" (77)
17:09:45  [AT] "SEND OK" (7)
17:09:45  [AT] "+IPD,64:T,785,S,A3,1,52" (23)
17:09:45  [SLOT-OOW] +252ms
17:09:45  [AT] "T,786,S,A2,1,50" (15)
17:09:45  [AT] "T,787,S,B1,1,51" (15)
17:09:45  [AT] "T,788,S,A5,1,59" (15)
17:09:45  [AT] "OK" (2)
17:09:46  [TX] S,397,0110000010,0000000000,502,P1,39
17:09:46  A,785,A3,4,3D
17:09:46  A,786,A2,4,3F
17:09:46  A,787,B1,4,3E
17:09:46  A,788,A5,4,36
17:09:46  A,209,A4,4,3B34
17:09:46  A,216,B5,0,33
17:09:46  A,217,B1,0,36
17:09:46  A,218,B1,0,39,0,09H
17:09:46  [SLOT] n=419 tx=93 ack=4 due=0 r=1
17:09:46  [AT] "AT+CIPSEND=94" (13)
17:09:46  [AT] " S,397,0110000010,0000000000,502,P1,39A,785,A3,4,3DA,786,A2,4,3FA,787,B1,4,3EA,788,A5,4,36" (90)
17:09:46  [AT] "SEND OK" (7)
17:09:46  [AT] "+IPD,48:T,789,S,B2,1,5C" (23)
17:09:46  [SLOT-OOW] +289ms
17:09:46  [AT] "T,790,S,A4,1,51" (15)
17:09:46  [AT] "T,791,S,A1,1,55" (15)
17:09:46  [AT] "OK" (2)
17:09:47  [TX] S,398,0110000010,0000000000,504,P1,30
17:09:47  A,789,B2,4,33
17:09:47  A,790,A4,4,3E
17:09:47  A,791,A1,4,3A
17:09:47  A,788,A5,4,36
17:09:47  A,209,A4,4,3B34
17:09:47  A,216,B5,0,33
17:09:47  A,217,B1,0,36
17:09:47  A,218,B1,0,39,0,09H
17:09:47  [SLOT] n=420 tx=79 ack=3 due=0 r=1
17:09:47  [AT] "AT+CIPSEND=80" (13)
17:09:47  [AT] " S,398,0110000010,0000000000,504,P1,30A,789,B2,4,33A,790,A4,4,3EA,791,A1,4,3A" (77)
17:09:47  [AT] "SEND OK" (7)
17:09:47  [AT] "+IPD,64:T,783,S,B3,1,57" (23)
17:09:47  [SLOT-OOW] +303ms
17:09:47  [AT] "T,792,S,A2,1,55" (15)
17:09:47  [AT] "T,793,S,B1,1,54" (15)
17:09:47  [AT] "T,794,S,A3,1,52" (15)
17:09:47  [AT] "OK" (2)
17:09:48  [TX] S,399,0110000010,0000000000,505,P1,30
17:09:48  A,783,B3,4,38
17:09:48  A,792,A2,4,3A
17:09:48  A,793,B1,4,3B
17:09:48  A,794,A3,4,3D
17:09:48  A,209,A4,4,3B34
17:09:48  A,216,B5,0,33
17:09:48  A,217,B1,0,36
17:09:48  A,218,B1,0,39,0,09H
17:09:48  [SLOT] n=421 tx=93 ack=4 due=0 r=1
17:09:48  [AT] "AT+CIPSEND=94" (13)
17:09:48  [AT] " S,399,0110000010,0000000000,505,P1,30A,783,B3,4,38A,792,A2,4,3AA,793,B1,4,3BA,794,A3,4,3D" (90)
17:09:48  [AT] "SEND OK" (7)
17:09:48  [AT] "+IPD,64:T,795,S,A5,1,55" (23)
17:09:48  [SLOT-OOW] +307ms
17:09:48  [AT] "T,796,S,B2,1,52" (15)
17:09:48  [AT] "T,797,S,A4,1,56" (15)
17:09:48  [AT] "T,798,S,A1,1,5C" (15)
17:09:48  [AT] "OK" (2)
17:09:49  [TX] S,400,0110000010,0000000000,506,P1,34
17:09:49  A,795,A5,4,3A
17:09:49  A,796,B2,4,3D
17:09:49  A,797,A4,4,39
17:09:49  A,798,A1,4,33
17:09:49  A,209,A4,4,3B34
17:09:49  A,216,B5,0,33
17:09:49  A,217,B1,0,36
17:09:49  A,218,B1,0,39,0,09H
17:09:49  [SLOT] n=422 tx=93 ack=4 due=0 r=1
17:09:50  [AT] " S,400,0110000010,0000000000,506,P1,34A,795,A5,4,3AA,796,B2,4,3DA,797,A4,4,39A,798,A1,4,33" (90)
17:09:50  [AT] "SEND OK" (7)
17:09:50  [AT] "+IPD,64:T,799,S,B1,1,5E" (23)
17:09:50  [SLOT-OOW] +306ms
17:09:50  [AT] "T,800,S,B3,1,53" (15)
17:09:50  [AT] "T,801,S,A2,150" (14)
17:09:50  [CKSUM NG] T,801,S,A2,150
17:09:50  [AT] "T,802,S,A3,1,52" (15)
17:09:50  [AT] "OK" (2)
17:09:50  [AT] "AT+CIPSEND=94" (13)
17:09:51  [TX] S,401,0110000010,0000000000,507,P1,34
17:09:51  A,799,B1,4,31
17:09:51  A,800,B3,4,3C
17:09:51  A,802,A3,4,3D
17:09:51  A,798,A1,4,33
17:09:51  A,209,A4,4,3B34
17:09:51  A,216,B5,0,33
17:09:51  A,217,B1,0,36
17:09:51  A,218,B1,0,39,0,09H
17:09:51  [SLOT] n=423 tx=79 ack=3 due=0 r=1
17:09:51  [AT] "AT+CIPSEND=80" (13)
17:09:51  [AT] " S,401,0110000010,0000000000,507,P1,34A,799,B1,4,31A,800,B3,4,3CA,802,A3,4,3D" (77)
17:09:51  [AT] "SEND OK" (7)
17:09:51  [AT] "+IPD,64:T,803,S,B2,1,51" (23)
17:09:51  [SLOT-OOW] +275ms
17:09:51  [AT] "T,804,S,A1,1,56" (15)
17:09:51  [AT] "T,805,S,A5,1,53" (15)
17:09:51  [AT] "T,806,S,A4,1,51" (15)
17:09:51  [AT] "OK" (2)
17:09:52  [TX] S,402,0110000010,0000000000,508,P1,38
17:09:52  A,803,B2,4,3E
17:09:52  A,804,A1,4,39
17:09:52  A,805,A5,4,3C
17:09:52  A,806,A4,4,3E
17:09:52  A,209,A4,4,3B34
17:09:52  A,216,B5,0,33
17:09:52  A,217,B1,0,36
17:09:52  A,218,B1,0,39,0,09H
17:09:52  [SLOT] n=424 tx=93 ack=4 due=0 r=1
17:09:52  [AT] "AT+CIPSEND=94" (13)
17:09:52  [AT] " S,402,0110000010,0000000000,508,P1,38A,803,B2,4,3EA,804,A1,4,39A,805,A5,4,3CA,806,A4,4,3E" (90)
17:09:52  [AT] "SEND OK" (7)
17:09:52  [AT] "+IPD,64:T,807,S,B1,1,56" (23)
17:09:52  [SLOT-OOW] +312ms
17:09:52  [AT] "T,808,S,B3,1,5B" (15)
17:09:52  [AT] "T,809,S,A3,1,59" (15)
17:09:52  [AT] "T,801,S,A2,1,50" (15)
17:09:52  [AT] "OK" (2)
17:09:53  [TX] S,403,0110000010,0000000000,510,P1,30
17:09:53  A,807,B1,4,39
17:09:53  A,808,B3,4,34
17:09:53  A,809,A3,4,36
17:09:53  A,801,A2,4,3F
17:09:53  A,209,A4,4,3B34
17:09:53  A,216,B5,0,33
17:09:53  A,217,B1,0,36
17:09:53  A,218,B1,0,39,0,09H
17:09:53  [SLOT] n=425 tx=93 ack=4 due=0 r=1
17:09:53  [AT] "AT+CIPSEND=94" (13)
17:09:53  [AT] " S,403,0110000010,0000000000,510,P1,30A,807,B1,4,39A,808,B3,4,34A,809,A3,4,36A,801,A2,4,3F" (90)
17:09:53  [AT] "SEND OK" (7)
17:09:53  [AT] "+IPD,64:T,810,S,A4,1,56" (23)
17:09:53  [SLOT-OOW] +338ms
17:09:53  [AT] "T,811,S,B2,1,52" (15)
17:09:53  [AT] "T,812,S,A1,1,51" (15)
17:09:53  [AT] "T,813,S,A5,1,54" (15)
17:09:53  [AT] "OK" (2)
17:09:54  [TX] S,404,0110000010,0000000000,511,P1,36
17:09:54  A,810,A4,4,39
17:09:54  A,811,B2,4,3D
17:09:54  A,812,A1,4,3E
17:09:54  A,813,A5,4,3B
17:09:54  A,209,A4,4,3B34
17:09:54  A,216,B5,0,33
17:09:54  A,217,B1,0,36
17:09:54  A,218,B1,0,39,0,09H
17:09:54  [SLOT] n=426 tx=93 ack=4 due=0 r=1
17:09:54  [AT] "AT+CIPSEND=94" (13)
17:09:55  [AT] " S,404,0110000010,0000000000,511,P1,36A,810,A4,4,39A,811,B2,4,3DA,812,A1,4,3EA,813,A5,4,3B" (90)
17:09:55  [AT] "SEND OK" (7)
17:09:55  [AT] "+IPD,64:T,814,S,B1,1,54" (23)
17:09:55  [SLOT-OOW] +473ms
17:09:55  [AT] "T,815,S,B3,1,57" (15)
17:09:55  [AT] "T,816,S,A3,1,57" (15)
17:09:55  [AT] "T,817,S,A2,1,57" (15)
17:09:55  [AT] "OK" (2)
17:09:55  [TX] S,405,0110000010,0000000000,512,P1,34
17:09:55  A,814,B1,4,3B
17:09:55  A,815,B3,4,38
17:09:55  A,816,A3,4,38
17:09:55  A,817,A2,4,38
17:09:55  A,209,A4,4,3B34
17:09:55  A,216,B5,0,33
17:09:55  A,217,B1,0,36
17:09:55  A,218,B1,0,39,0,09H
17:09:55  [SLOT] n=427 tx=93 ack=4 due=0 r=1
17:09:56  [AT] " S,405,0110000010,0000000000,512,P1,34A,814,B1,4,3BA,815,B3,4,38A,816,A3,4,38A,817,A2,4,38" (90)
17:09:56  [AT] "SEND OK" (7)
17:09:56  [AT] "+IPD,64:T,818,S,A5,1,5F" (23)
17:09:56  [SLOT-OOW] +322ms
17:09:56  [AT] "T,819,S,A1,1,5A" (15)
17:09:56  [AT] "T,820,S,B2,1" (12)
17:09:56  [CKSUM NG] T,820,S,B2,1
17:09:56  [AT] "OK" (2)
17:09:56  [AT] "AT+CIPSEND=94" (13)
17:09:57  [TX] S,406,0110000010,0000000000,513,P1,36
17:09:57  A,818,A5,4,30
17:09:57  A,819,A1,4,35
17:09:57  A,816,A3,4,38
17:09:57  A,817,A2,4,38
17:09:57  A,209,A4,4,3B34
17:09:57  A,216,B5,0,33
17:09:57  A,217,B1,0,36
17:09:57  A,218,B1,0,39,0,09H
17:09:57  [SLOT] n=428 tx=65 ack=2 due=0 r=1
17:09:57  [AT] "AT+CIPSEND=66" (13)
17:09:57  [AT] " S,406,0110000010,0000000000,513,P1,36A,818,A5,4,30A,819,A1,4,35" (64)
17:09:57  [AT] "SEND OK" (7)
17:09:57  [AT] "+IPD,64:T,822,S,B1,1,51" (23)
17:09:57  [SLOT-OOW] +225ms
17:09:57  [AT] "T,823,S,A3,1,51" (15)
17:09:57  [AT] "T,824,S,A2,1,57" (15)
17:09:57  [AT] "T,825,S,B3,1,54" (15)
17:09:57  [AT] "OK" (2)
17:09:58  [TX] S,407,0110000010,0000000000,514,P1,30
17:09:58  A,822,B1,4,3E
17:09:58  A,823,A3,4,3E
17:09:58  A,824,A2,4,38
17:09:58  A,825,B3,4,3B
17:09:58  A,209,A4,4,3B34
17:09:58  A,216,B5,0,33
17:09:58  A,217,B1,0,36
17:09:58  A,218,B1,0,39,0,09H
17:09:58  [SLOT] n=429 tx=93 ack=4 due=0 r=1
17:09:58  [AT] "AT+CIPSEND=94" (13)
17:09:58  [AT] " S,407,0110000010,0000000000,514,P1,30A,822,B1,4,3EA,823,A3,4,3EA,824,A2,4,38A,825,B3,4,3B" (90)
17:09:58  [AT] "SEND OK" (7)
17:09:58  [AT] "+IPD,32:T,826,S,A5,1,52" (23)
17:09:58  [SLOT-OOW] +338ms
17:09:58  [AT] "T,827,S,A1,1,57" (15)
17:09:58  [AT] "OK" (2)
17:09:59  [TX] S,408,0110000010,0000000000,516,P1,3D
17:09:59  A,826,A5,4,3D
17:09:59  A,827,A1,4,38
17:09:59  A,824,A2,4,38
17:09:59  A,825,B3,4,3B
17:09:59  A,209,A4,4,3B34
17:09:59  A,216,B5,0,33
17:09:59  A,217,B1,0,36
17:09:59  A,218,B1,0,39,0,09H
17:09:59  [SLOT] n=430 tx=65 ack=2 due=0 r=1
17:09:59  [AT] "AT+CIPSEND=66" (13)
17:09:59  [AT] " S,408,0110000010,0000000000,516,P1,3DA,826,A5,4,3DA,827,A1,4,38" (64)
17:09:59  [AT] "SEND OK" (7)
17:09:59  [AT] "+IPD,64:T,820,S,B2,1,50" (23)
17:09:59  [SLOT-OOW] +232ms
17:09:59  [AT] "T,821,S,A4,1,54" (15)
17:09:59  [AT] "T,828,S,A3,1,5A" (15)
17:09:59  [AT] "T,829,S,B1,1,5A" (15)
17:09:59  [AT] "OK" (2)
17:10:00  [TX] S,409,0110000010,0000000000,517,P1,3D
17:10:00  A,820,B2,4,3F
17:10:00  A,821,A4,4,3B
17:10:00  A,828,A3,4,35
17:10:00  A,829,B1,4,35
17:10:00  A,209,A4,4,3B34
17:10:00  A,216,B5,0,33
17:10:00  A,217,B1,0,36
17:10:00  A,218,B1,0,39,0,09H
17:10:00  [SLOT] n=431 tx=93 ack=4 due=0 r=1
17:10:00  [AT] "AT+CIPSEND=94" (13)
17:10:00  [AT] " S,409,0110000010,0000000000,517,P1,3DA,820,B2,4,3FA,821,A4,4,3BA,828,A3,4,35A,829,B1,4,35" (90)
17:10:00  [AT] "SEND OK" (7)
17:10:00  [AT] "+IPD,64:T,830,S,A2,1,52" (23)
17:10:00  [SLOT-OOW] +312ms
17:10:00  [AT] "T,831,S,B3,1,51" (15)
17:10:00  [AT] "T,832,S,A5,1T,833,S,A1,1,52" (27)
17:10:00  [CKSUM NG] T,832,S,A5,1T,833,S,A1,1,52
17:10:00  [AT] "OK" (2)
17:10:01  [TX] S,410,0110000010,0000000000,518,P1,3A
17:10:01  A,830,A2,4,3D
17:10:01  A,831,B3,4,3E
17:10:01  A,828,A3,4,35
17:10:01  A,829,B1,4,35
17:10:01  A,209,A4,4,3B34
17:10:01  A,216,B5,0,33
17:10:01  A,217,B1,0,36
17:10:01  A,218,B1,0,39,0,09H
17:10:01  [SLOT] n=432 tx=65 ack=2 due=0 r=1
17:10:01  [AT] " S,410,0110000010,0000000000,518,P1,3AA,830,A2,4,3DA,831,B3,4,3E" (64)
17:10:01  [AT] "SEND OK" (7)
17:10:01  [AT] "+IPD,64:T,834,S,A4,1,50" (23)
17:10:01  [SLOT-OOW] +241ms
17:10:01  [AT] "T,835,S,B2,1,54" (15)
17:10:01  [AT] "T,836,S,A3,1,55" (15)
17:10:01  [AT] "T,837,S,B1,1,55" (15)
17:10:01  [AT] "OK" (2)
17:10:01  [AT] "AT+CIPSEND=66" (13)
17:10:03  [TX] S,411,0110000010,0000000000,519,P1,3A
17:10:03  A,834,A4,4,3F
17:10:03  A,835,B2,4,3B
17:10:03  A,836,A3,4,3A
17:10:03  A,837,B1,4,3A
17:10:03  A,209,A4,4,3B34
17:10:03  A,216,B5,0,33
17:10:03  A,217,B1,0,36
17:10:03  A,218,B1,0,39,0,09H
17:10:03  [SLOT] n=433 tx=93 ack=4 due=0 r=1
17:10:03  [AT] "AT+CIPSEND=94" (13)
17:10:03  [AT] " S,411,0110000010,0000000000,519,P1,3AA,834,A4,4,3FA,835,B2,4,3BA,836,A3,4,3AA,837,B1,4,3A" (90)
17:10:03  [AT] "SEND OK" (7)
17:10:03  [AT] "+IPD,32:T,838,S,A2,1,5A" (23)
17:10:03  [SLOT-OOW] +278ms
17:10:03  [AT] "T,839,S,B3,1,59" (15)
17:10:03  [AT] "OK" (2)
17:10:04  [TX] S,412,0110000010,0000000000,520,P1,33
17:10:04  A,838,A2,4,35
17:10:04  A,839,B3,4,36
17:10:04  A,836,A3,4,3A
17:10:04  A,837,B1,4,3A
17:10:04  A,209,A4,4,3B34
17:10:04  A,216,B5,0,33
17:10:04  A,217,B1,0,36
17:10:04  A,218,B1,0,39,0,09H
17:10:04  [SLOT] n=434 tx=65 ack=2 due=0 r=1
17:10:04  [AT] "AT+CIPSEND=66" (13)
17:10:04  [AT] " S,412,0110000010,0000000000,520,P1,33A,838,A2,4,35A,839,B3,4,36" (64)
17:10:04  [AT] "SEND OK" (7)
17:10:04  [AT] "+IPD,64:T,832,S,A5,1,57" (23)
17:10:04  [SLOT-OOW] +250ms
17:10:04  [AT] "T,833,S,A1,1,52" (15)
17:10:04  [AT] "T,840,S,A3,1,54" (15)
17:10:04  [AT] "T,841,S,A4,1,52" (15)
17:10:04  [AT] "OK" (2)
17:10:05  [TX] S,413,0110000010,0000000000,522,P1,30
17:10:05  A,832,A5,4,38
17:10:05  A,833,A1,4,3D
17:10:05  A,840,A3,4,3B
17:10:05  A,841,A4,4,3D
17:10:05  A,209,A4,4,3B34
17:10:05  A,216,B5,0,33
17:10:05  A,217,B1,0,36
17:10:05  A,218,B1,0,39,0,09H
17:10:05  [SLOT] n=435 tx=93 ack=4 due=0 r=1
17:10:05  [AT] "AT+CIPSEND=94" (13)
17:10:05  [AT] " S,413,0110000010,0000000000,522,P1,30A,832,A5,4,38A,833,A1,4,3DA,840,A3,4,3BA,841,A4,4,3D" (90)
17:10:05  [AT] "SEND OK" (7)
17:10:05  [AT] "+IPD,64:T,842,S,B2,1,54" (23)
17:10:05  [SLOT-OOW] +489ms
17:10:05  [AT] "T,843,S,B1,1,56" (15)
17:10:05  [AT] "T,844,S,B3,1,53" (15)
17:10:05  [AT] "T,845,S,A2,1,50" (15)
17:10:05  [AT] "OK" (2)
17:10:06  [TX] S,414,0110000010,0000000000,523,P1,36
17:10:06  A,842,B2,4,3B
17:10:06  A,843,B1,4,39
17:10:06  A,844,B3,4,3C
17:10:06  A,845,A2,4,3F
17:10:06  A,209,A4,4,3B34
17:10:06  A,216,B5,0,33
17:10:06  A,217,B1,0,36
17:10:06  A,218,B1,0,39,0,09H
17:10:06  [SLOT] n=436 tx=93 ack=4 due=0 r=1
17:10:06  [AT] " S,414,0110000010,0000000000,523,P1,36A,842,B2,4,3BA,843,B1,4,39A,844,B3,4,3CA,845,A2,4,3F" (90)
17:10:06  [AT] "SEND OK" (7)
17:10:06  [AT] "+IPD,64:T,846,S,A3,1,52" (23)
17:10:06  [SLOT-OOW] +321ms
17:10:06  [AT] "T,847,S,A1,1,51" (15)
17:10:06  [AT] "T,848,S,A5,15A" (14)
17:10:06  [CKSUM NG] T,848,S,A5,15A
17:10:06  [AT] "OK" (2)
17:10:06  [AT] "AT+CIPSEND=94" (13)
17:10:07  [TX] S,415,0110000010,0000000000,524,P1,30
17:10:07  A,846,A3,4,3D
17:10:07  A,847,A1,4,3E
17:10:07  A,844,B3,4,3C
17:10:07  A,845,A2,4,3F
17:10:07  A,209,A4,4,3B34
17:10:07  A,216,B5,0,33
17:10:07  A,217,B1,0,36
17:10:07  A,218,B1,0,39,0,09H
17:10:07  [SLOT] n=437 tx=65 ack=2 due=0 r=1
17:10:07  [AT] "AT+CIPSEND=66" (13)
17:10:07  [AT] " S,415,0110000010,0000000000,524,P1,30A,846,A3,4,3DA,847,A1,4,3E" (64)
17:10:07  [AT] "SEND OK" (7)
17:10:07  [AT] "+IPD,64:T,850,S,B1,1,54" (23)
17:10:08  [SLOT-OOW] +255ms
17:10:08  [AT] "T,851,S,B2,1,56" (15)
17:10:08  [AT] "T,852,S,A2,1,56" (15)
17:10:08  [AT] "T,853,S,B3,1,55" (15)
17:10:08  [AT] "OK" (2)
17:10:09  [TX] S,416,0110000010,0000000000,525,P1,32
17:10:09  A,850,B1,4,3B
17:10:09  A,851,B2,4,39
17:10:09  A,852,A2,4,39
17:10:09  A,853,B3,4,3A
17:10:09  A,209,A4,4,3B34
17:10:09  A,216,B5,0,33
17:10:09  A,217,B1,0,36
17:10:09  A,218,B1,0,39,0,09H
17:10:09  [SLOT] n=438 tx=93 ack=4 due=0 r=1
17:10:09  [AT] " S,416,0110000010,0000000000,525,P1,32A,850,B1,4,3BA,851,B2,4,39A,852,A2,4,39A,853,B3,4,3A" (90)
17:10:09  [AT] "SEND OK" (7)
17:10:09  [AT] "+IPD,32:T,854,S,A1,1,53" (23)
17:10:09  [SLOT-OOW] +294ms
17:10:09  [AT] "T,855,S,A3,1,50" (15)
17:10:09  [AT] "OK" (2)
17:10:09  [AT] "AT+CIPSEND=94" (13)
17:10:10  [TX] S,417,0110000010,0000000000,526,P1,30
17:10:10  A,854,A1,4,3C
17:10:10  A,855,A3,4,3F
17:10:10  A,852,A2,4,39
17:10:10  A,853,B3,4,3A
17:10:10  A,209,A4,4,3B34
17:10:10  A,216,B5,0,33
17:10:10  A,217,B1,0,36
17:10:10  A,218,B1,0,39,0,09H
17:10:10  [SLOT] n=439 tx=65 ack=2 due=0 r=1
17:10:10  [AT] "AT+CIPSEND=66" (13)
17:10:10  [AT] " S,417,0110000010,0000000000,526,P1,30A,854,A1,4,3CA,855,A3,4,3F" (64)
17:10:10  [AT] "SEND OK" (7)
17:10:10  [AT] "+IPD,64:T,848,S,A5,1,5A" (23)
17:10:10  [SLOT-OOW] +272ms
17:10:10  [AT] "T,849,S,A4,1,5A" (15)
17:10:10  [AT] "T,856,S,B2,1,51" (15)
17:10:10  [AT] "T,857,S,B1,1,53" (15)
17:10:10  [AT] "OK" (2)
17:10:11  [TX] S,418,0110000010,0000000000,528,P1,31
17:10:11  A,848,A5,4,35
17:10:11  A,849,A4,4,35
17:10:11  A,856,B2,4,3E
17:10:11  A,857,B1,4,3C
17:10:11  A,209,A4,4,3B34
17:10:11  A,216,B5,0,33
17:10:11  A,217,B1,0,36
17:10:11  A,218,B1,0,39,0,09H
17:10:11  [SLOT] n=440 tx=93 ack=4 due=0 r=1
17:10:11  [AT] "AT+CIPSEND=94" (13)
17:10:11  [AT] " S,418,0110000010,0000000000,528,P1,31A,848,A5,4,35A,849,A4,4,35A,856,B2,4,3EA,857,B1,4,3C" (90)
17:10:11  [AT] "SEND OK" (7)
17:10:11  [AT] "+IPD,64:T,858,S,A2,1,5C" (23)
17:10:11  [SLOT-OOW] +311ms
17:10:11  [AT] "T,859,S,B3,1,5F" (15)
17:10:11  [AT] "T,860,S,A3,1,56" (15)
17:10:11  [AT] "T,861,S,A1,1,55" (15)
17:10:11  [AT] "OK" (2)
17:10:12  [TX] S,419,0110000010,0000000000,529,P1,31
17:10:12  A,858,A2,4,33
17:10:12  A,859,B3,4,30
17:10:12  A,860,A3,4,39
17:10:12  A,861,A1,4,3A
17:10:12  A,209,A4,4,3B34
17:10:12  A,216,B5,0,33
17:10:12  A,217,B1,0,36
17:10:12  A,218,B1,0,39,0,09H
17:10:12  [SLOT] n=441 tx=93 ack=4 due=0 r=1
17:10:12  [AT] " S,419,0110000010,0000000000,529,P1,31A,858,A2,4,33A,859,B3,4,30A,860,A3,4,39A,861,A1,4,3A" (90)
17:10:12  [AT] "SEND OK" (7)
17:10:12  [AT] "+IPD,64:T,862,S,B1,1,55" (23)
17:10:12  [SLOT-OOW] +312ms
17:10:12  [AT] "T,863,S,A4,1,52" (15)
17:10:12  [AT] "T,864,S,A5,15,S,B2,1,51" (23)
17:10:12  [CKSUM NG] T,864,S,A5,15,S,B2,1,51
17:10:12  [AT] "OK" (2)
17:10:12  [AT] "AT+CIPSEND=94" (13)
17:10:13  [TX] S,420,0110000010,0000000000,530,P1,33
17:10:13  A,862,B1,4,3A
17:10:13  A,863,A4,4,3D
17:10:13  A,860,A3,4,39
17:10:13  A,861,A1,4,3A
17:10:13  A,209,A4,4,3B34
17:10:13  A,216,B5,0,33
17:10:13  A,217,B1,0,36
17:10:13  A,218,B1,0,39,0,09H
17:10:13  [SLOT] n=442 tx=65 ack=2 due=0 r=1
17:10:13  [AT] "AT+CIPSEND=66" (13)
17:10:14  [AT] " S,420,0110000010,0000000000,530,P1,33A,862,B1,4,3AA,863,A4,4,3D" (64)
17:10:14  [AT] "SEND OK" (7)
17:10:14  [AT] "+IPD,64:T,866,S,B3,1,53" (23)
17:10:14  [SLOT-OOW] +311ms
17:10:14  [AT] "T,867,S,A2,1,50" (15)
17:10:14  [AT] "T,868,S,A1,1,5C" (15)
17:10:14  [AT] "T,869,S,A3,1,5F" (15)
17:10:14  [AT] "OK" (2)
17:10:15  [TX] S,421,0110000010,0000000000,531,P1,33
17:10:15  A,866,B3,4,3C
17:10:15  A,867,A2,4,3F
17:10:15  A,868,A1,4,33
17:10:15  A,869,A3,4,30
17:10:15  A,209,A4,4,3B34
17:10:15  A,216,B5,0,33
17:10:15  A,217,B1,0,36
17:10:15  A,218,B1,0,39,0,09H
17:10:15  [SLOT] n=443 tx=93 ack=4 due=0 r=1
17:10:15  [AT] "AT+CIPSEND=94" (13)
17:10:15  [AT] " S,421,0110000010,0000000000,531,P1,33A,866,B3,4,3CA,867,A2,4,3FA,868,A1,4,33A,869,A3,4,30" (90)
17:10:15  [AT] "SEND OK" (7)
17:10:15  [AT] "+IPD,32:T,870,S,B1,1,56" (23)
17:10:15  [SLOT-OOW] +281ms
17:10:15  [AT] "T,871,S,A4,1,51" (15)
17:10:15  [AT] "OK" (2)
17:10:16  [TX] S,422,0110000010,0000000000,532,P1,33
17:10:16  A,870,B1,4,39
17:10:16  A,871,A4,4,3E
17:10:16  A,868,A1,4,33
17:10:16  A,869,A3,4,30
17:10:16  A,209,A4,4,3B34
17:10:16  A,216,B5,0,33
17:10:16  A,217,B1,0,36
17:10:16  A,218,B1,0,39,0,09H
17:10:16  [SLOT] n=444 tx=65 ack=2 due=0 r=1
17:10:16  [AT] "AT+CIPSEND=66" (13)
17:10:16  [AT] " S,422,0110000010,0000000000,532,P1,33A,870,B1,4,39A,871,A4,4,3E" (64)
17:10:16  [AT] "SEND OK" (7)
17:10:16  [AT] "+IPD,64:T,864,S,A5,1,54" (23)
17:10:16  [SLOT-OOW] +233ms
17:10:16  [AT] "T,865,S,B2,1,51" (15)
17:10:16  [AT] "T,872,S,A2,1,54" (15)
17:10:16  [AT] "T,873,S,A1,1,56" (15)
17:10:16  [AT] "OK" (2)
17:10:17  [TX] S,423,0110000010,0000000000,534,P1,34
17:10:17  A,864,A5,4,3B
17:10:17  A,865,B2,4,3E
17:10:17  A,872,A2,4,3B
17:10:17  A,873,A1,4,39
17:10:17  A,209,A4,4,3B34
17:10:17  A,216,B5,0,33
17:10:17  A,217,B1,0,36
17:10:17  A,218,B1,0,39,0,09H
17:10:17  [SLOT] n=445 tx=93 ack=4 due=0 r=1
17:10:17  [AT] "AT+CIPSEND=94" (13)
17:10:17  [AT] " S,423,0110000010,0000000000,534,P1,34A,864,A5,4,3BA,865,B2,4,3EA,872,A2,4,3BA,873,A1,4,39" (90)
17:10:17  [AT] "SEND OK" (7)
17:10:17  [AT] "+IPD,64:T,874,S,B3,1,50" (23)
17:10:17  [SLOT-OOW] +345ms
17:10:17  [AT] "T,875,S,A3,1,52" (15)
17:10:17  [AT] "T,876,S,A4,1,56" (15)
17:10:17  [AT] "T,877,S,B1,1,51" (15)
17:10:17  [AT] "OK" (2)
17:10:18  [TX] S,424,0110000010,0000000000,535,P1,32
17:10:18  A,874,B3,4,3F
17:10:18  A,875,A3,4,3D
17:10:18  A,876,A4,4,39
17:10:18  A,877,B1,4,3E
17:10:18  A,209,A4,4,3B34
17:10:18  A,216,B5,0,33
17:10:18  A,217,B1,0,36
17:10:18  A,218,B1,0,39,0,09H
17:10:18  [SLOT] n=446 tx=93 ack=4 due=0 r=1
17:10:18  [AT] "AT+CIPSEND=94" (13)
17:10:18  [AT] " S,424,0110000010,0000000000,535,P1,32A,874,B3,4,3FA,875,A3,4,3DA,876,A4,4,39A,877,B1,4,3E" (90)
17:10:18  [AT] "SEND OK" (7)
17:10:18  [AT] "+IPD,64:T,878,S,A1,1,5D" (23)
17:10:18  [SLOT-OOW] +365ms
17:10:18  [AT] "T,879,S,A5,1,58" (15)
17:10:18  [AT] "T,880,S,A2,1,59" (15)
17:10:18  [AT] "T,881,S,B2,1,5B" (15)
17:10:18  [AT] "OK" (2)
17:10:19  [TX] S,425,0110000010,0000000000,536,P1,30
17:10:19  A,878,A1,4,32
17:10:19  A,879,A5,4,37
17:10:19  A,880,A2,4,36
17:10:19  A,881,B2,4,34
17:10:19  A,209,A4,4,3B34
17:10:19  A,216,B5,0,33
17:10:19  A,217,B1,0,36
17:10:19  A,218,B1,0,39,0,09H
17:10:19  [SLOT] n=447 tx=93 ack=4 due=0 r=1
17:10:19  [AT] "AT+CIPSEND=94" (13)
17:10:20  [AT] " S,425,0110000010,0000000000,536,P1,30A,878,A1,4,32A,879,A5,4,37A,880,A2,4,36A,881,B2,4,34" (90)
17:10:20  [AT] "SEND OK" (7)
17:10:20  [AT] "+IPD,64:T,882,S,B3,1,59" (23)
17:10:20  [SLOT-OOW] +384ms
17:10:20  [AT] "T,883,S,A4,1,5C" (15)
17:10:20  [AT] "T,884,S,A3,1,5C" (15)
17:10:20  [AT] "T,885,S,B1,1,5C" (15)
17:10:20  [AT] "OK" (2)
17:10:21  [TX] S,426,0110000010,0000000000,537,P1,32
17:10:21  A,882,B3,4,36
17:10:21  A,883,A4,4,33
17:10:21  A,884,A3,4,33
17:10:21  A,885,B1,4,33
17:10:21  A,209,A4,4,3B34
17:10:21  A,216,B5,0,33
17:10:21  A,217,B1,0,36
17:10:21  A,218,B1,0,39,0,09H
17:10:21  [SLOT] n=448 tx=93 ack=4 due=0 r=1
17:10:21  [AT] "AT+CIPSEND=94" (13)
17:10:21  [AT] " S,426,0110000010,0000000000,537,P1,32A,882,B3,4,36A,883,A4,4,33A,884,A3,4,33A,885,B1,4,33" (90)
17:10:21  [AT] "SEND OK" (7)
17:10:21  [AT] "+IPD,64:T,886,S,B2,1,5C" (23)
17:10:21  [SLOT-OOW] +296ms
17:10:21  [AT] "T,887,S,A2,1,5E" (15)
17:10:21  [AT] "T,888,S,A1,1,52" (15)
17:10:21  [AT] "T,889,S,A5,1,57" (15)
17:10:21  [AT] "OK" (2)
17:10:22  [TX] S,427,0110000010,0000000000,538,P1,3C
17:10:22  A,886,B2,4,33
17:10:22  A,887,A2,4,31
17:10:22  A,888,A1,4,3D
17:10:22  A,889,A5,4,38
17:10:22  A,209,A4,4,3B34
17:10:22  A,216,B5,0,33
17:10:22  A,217,B1,0,36
17:10:22  A,218,B1,0,39,0,09H
17:10:22  [SLOT] n=449 tx=93 ack=4 due=0 r=1
17:10:22  [AT] "AT+CIPSEND=94" (13)
17:10:22  [AT] " S,427,0110000010,0000000000,538,P1,3CA,886,B2,4,33A,887,A2,4,31A,888,A1,4,3DA,889,A5,4,38" (90)
17:10:22  [AT] "SEND OK" (7)
17:10:22  [AT] "+IPD,64:T,890,S,B1,1,58" (23)
17:10:22  [SLOT-OOW] +334ms
17:10:22  [AT] "T,891,S,A3,1,58" (15)
17:10:22  [AT] "T,892,S,B3,1,58" (15)
17:10:22  [AT] "T,893,S,A4,1,5D" (15)
17:10:22  [AT] "OK" (2)
17:10:23  [TX] S,428,0110000010,0000000000,540,P1,3C
17:10:23  A,890,B1,4,37
17:10:23  A,891,A3,4,37
17:10:23  A,892,B3,4,37
17:10:23  A,893,A4,4,32
17:10:23  A,209,A4,4,3B34
17:10:23  A,216,B5,0,33
17:10:23  A,217,B1,0,36
17:10:23  A,218,B1,0,39,0,09H
17:10:23  [SLOT] n=450 tx=93 ack=4 due=0 r=1
17:10:23  [CNT] up=540 drop=1 esprst=2 resync=3 sendfail=0 okto=0 stuck=0 ackq=0 ackdrop=0 ackstale=0 slot=450 oow=179 smiss=2 ssovf=20 cksumng=20 okstream=428 penddrop=6 skip=0 online=1
17:10:23  [RAM] 최저 여유 627 B · 프롬프트 재동기 3회 (서버의 '버린줄' 과 맞아야 한다)
17:10:23  [AT] "AT+CIPSEND=94" (13)
17:10:23  [AT] " S,428,0110000010,0000000000,540,P1,3CA,890,B1,4,37A,891,A3,4,37A,892,B3,4,37A,893,A4,4,32" (90)
17:10:23  [AT] "SEND OK" (7)
17:10:23  [AT] "+IPD,64:T,894,S,A2,1,5C" (23)
17:10:24  [AT] "T,895,S,A5,1,5A" (15)
17:10:24  [AT] "T,896,S,A1,1,5D" (15)
17:10:24  [AT] "T,897,S,B2,1,5C" (15)
17:10:24  [AT] "OK" (2)
17:10:24  [TX] S,429,0110000010,0000000000,541,P1,3C
17:10:24  A,894,A2,4,33
17:10:24  A,895,A5,4,35
17:10:24  A,896,A1,4,32
17:10:24  A,897,B2,4,33
17:10:24  A,209,A4,4,3B34
17:10:24  A,216,B5,0,33
17:10:24  A,217,B1,0,36
17:10:24  A,218,B1,0,39,0,09H
17:10:24  [SLOT] n=451 tx=93 ack=4 due=0 r=1
17:10:24  [AT] "AT+CIPSEND=94" (13)
17:10:24  [AT] " S,429,0110000010,0000000000,541,P1,3CA,894,A2,4,33A,895,A5,4,35A,896,A1,4,32A,897,B2,4,33" (90)
17:10:24  [AT] "SEND OK" (7)
17:10:24  [AT] "+IPD,64:T,898,S,B1,1,50" (23)
17:10:24  [SLOT-OOW] +290ms
17:10:24  [AT] "T,899,S,A3,1,50" (15)
17:10:24  [AT] "T,900,S,B3,1,52" (15)
17:10:24  [AT] "T,901,S,A4,1,57" (15)
17:10:24  [AT] "OK" (2)
17:10:25  [TX] S,430,0110000010,0000000000,542,P1,37
17:10:25  A,898,B1,4,3F
17:10:25  A,899,A3,4,3F
17:10:25  A,900,B3,4,3D
17:10:25  A,901,A4,4,38
17:10:25  A,209,A4,4,3B34
17:10:25  A,216,B5,0,33
17:10:25  A,217,B1,0,36
17:10:25  A,218,B1,0,39,0,09H
17:10:25  [SLOT] n=452 tx=93 ack=4 due=0 r=1
17:10:25  [AT] "AT+CIPSEND=94" (13)
17:10:26  [AT] " S,430,0110000010,0000000000,542,P1,37A,898,B1,4,3FA,899,A3,4,3FA,900,B3,4,3DA,901,A4,4,38" (90)
17:10:26  [AT] "SEND OK" (7)
17:10:26  [AT] "+IPD,64:T,902,S,B2,1,51" (23)
17:10:26  [SLOT-OOW] +308ms
17:10:26  [AT] "T,903,S,A5,1,54" (15)
17:10:26  [AT] "T,904,S,A1,157" (14)
17:10:26  [CKSUM NG] T,904,S,A1,157
17:10:26  [AT] "T,905,S,A2,1,55" (15)
17:10:26  [AT] "OK" (2)
17:10:27  [TX] S,431,0110000010,0000000000,543,P1,37
17:10:27  A,902,B2,4,3E
17:10:27  A,903,A5,4,3B
17:10:27  A,905,A2,4,3A
17:10:27  A,901,A4,4,38
17:10:27  A,209,A4,4,3B34
17:10:27  A,216,B5,0,33
17:10:27  A,217,B1,0,36
17:10:27  A,218,B1,0,39,0,09H
17:10:27  [SLOT] n=453 tx=79 ack=3 due=0 r=1
17:10:27  [AT] " S,431,0110000010,0000000000,543,P1,37A,902,B2,4,3EA,903,A5,4,3BA,905,A2,4,3A" (77)
17:10:27  [AT] "SEND OK" (7)
17:10:27  [AT] "+IPD,64:T,906,S,B1,1,56" (23)
17:10:27  [SLOT-OOW] +270ms
17:10:27  [AT] "T,907,S,A3,1,56" (15)
17:10:27  [AT] "T,908,S,A4,1,5E" (15)
17:10:27  [AT] "T,909,S,B3,1,5B" (15)
17:10:27  [AT] "OK" (2)
17:10:27  [AT] "AT+CIPSEND=80" (13)
17:10:28  [TX] S,432,0110000010,0000000000,544,P1,33
17:10:28  A,906,B1,4,39
17:10:28  A,907,A3,4,39
17:10:28  A,908,A4,4,31
17:10:28  A,909,B3,4,34
17:10:28  A,209,A4,4,3B34
17:10:28  A,216,B5,0,33
17:10:28  A,217,B1,0,36
17:10:28  A,218,B1,0,39,0,09H
17:10:28  [SLOT] n=454 tx=93 ack=4 due=0 r=1
17:10:28  [AT] "AT+CIPSEND=94" (13)
17:10:28  [AT] " S,432,0110000010,0000000000,544,P1,33A,906,B1,4,39A,907,A3,4,39A,908,A4,4,31A,909,B3,4,34" (90)
17:10:28  [AT] "SEND OK" (7)
17:10:28  [AT] "+IPD,64:T,910,S,A2,1,51" (23)
17:10:28  [SLOT-OOW] +462ms
17:10:28  [AT] "T,911,S,A5,1,57" (15)
17:10:28  [AT] "T,912,S,B2,1,50" (15)
17:10:28  [AT] "T,904,S,A1,1,57" (15)
17:10:28  [AT] "OK" (2)
17:10:29  [TX] S,433,0110000010,0000000000,546,P1,30
17:10:29  A,910,A2,4,3E
17:10:29  A,911,A5,4,38
17:10:29  A,912,B2,4,3F
17:10:29  A,904,A1,4,38
17:10:29  A,209,A4,4,3B34
17:10:29  A,216,B5,0,33
17:10:29  A,217,B1,0,36
17:10:29  A,218,B1,0,39,0,09H
17:10:29  [SLOT] n=455 tx=93 ack=4 due=0 r=1
17:10:29  [AT] "AT+CIPSEND=94" (13)
17:10:29  [AT] " S,433,0110000010,0000000000,546,P1,30A,910,A2,4,3EA,911,A5,4,38A,912,B2,4,3FA,904,A1,4,38" (90)
17:10:29  [AT] "SEND OK" (7)
17:10:29  [AT] "+IPD,64:T,913,S,A3,1,53" (23)
17:10:29  [SLOT-OOW] +282ms
17:10:29  [AT] "T,914,S,A4,1,53" (15)
17:10:29  [AT] "T,915,S,B3,1,56" (15)
17:10:29  [AT] "T,916,S,B1,1,57" (15)
17:10:29  [AT] "OK" (2)
17:10:30  [TX] S,434,0110000010,0000000000,547,P1,36
17:10:30  A,913,A3,4,3C
17:10:30  A,914,A4,4,3C
17:10:30  A,915,B3,4,39
17:10:30  A,916,B1,4,38
17:10:30  A,209,A4,4,3B34
17:10:30  A,216,B5,0,33
17:10:30  A,217,B1,0,36
17:10:30  A,218,B1,0,39,0,09H
17:10:30  [SLOT] n=456 tx=93 ack=4 due=0 r=1
17:10:30  [AT] "AT+CIPSEND=94" (13)
17:10:30  [AT] " S,434,0110000010,0000000000,547,P1,36A,913,A3,4,3CA,914,A4,4,3CA,915,B3,4,39A,916,B1,4,38" (90)
17:10:30  [AT] "SEND OK" (7)
17:10:30  [AT] "+IPD,64:T,917,S,A2,1,56" (23)
17:10:30  [SLOT-OOW] +315ms
17:10:30  [AT] "T,918,S,B2,1,5A" (15)
17:10:30  [AT] "T,919,S,A5,1,5F" (15)
17:10:30  [AT] "T,920,S,A1,1,51" (15)
17:10:30  [AT] "OK" (2)
17:10:31  [TX] S,435,0110000010,0000000000,548,P1,38
17:10:31  A,917,A2,4,39
17:10:31  A,918,B2,4,35
17:10:31  A,919,A5,4,30
17:10:31  A,920,A1,4,3E
17:10:31  A,209,A4,4,3B34
17:10:31  A,216,B5,0,33
17:10:31  A,217,B1,0,36
17:10:31  A,218,B1,0,39,0,09H
17:10:31  [SLOT] n=457 tx=93 ack=4 due=0 r=1
17:10:31  [AT] "AT+CIPSEND=94" (13)
17:10:32  [AT] " S,435,0110000010,0000000000,548,P1,38A,917,A2,4,39A,918,B2,4,35A,919,A5,4,30A,920,A1,4,3E" (90)
17:10:32  [AT] "SEND OK" (7)
17:10:32  [AT] "+IPD,64:T,921,S,A3,1,52" (23)
17:10:32  [SLOT-OOW] +323ms
17:10:32  [AT] "T,922,S,A4,1,56" (15)
17:10:32  [AT] "T,923,S,B3,1,53" (15)
17:10:32  [AT] "T,924,S,B1,1,56" (15)
17:10:32  [AT] "OK" (2)
17:10:33  [TX] S,436,0110000010,0000000000,549,P1,3A
17:10:33  A,921,A3,4,3D
17:10:33  A,922,A4,4,39
17:10:33  A,923,B3,4,3C
17:10:33  A,924,B1,4,39
17:10:33  A,209,A4,4,3B34
17:10:33  A,216,B5,0,33
17:10:33  A,217,B1,0,36
17:10:33  A,218,B1,0,39,0,09H
17:10:33  [SLOT] n=458 tx=93 ack=4 due=0 r=1
17:10:33  [AT] "AT+CIPSEND=94" (13)
17:10:33  [AT] " S,436,0110000010,0000000000,549,P1,3AA,921,A3,4,3DA,922,A4,4,39A,923,B3,4,3CA,924,B1,4,39" (90)
17:10:33  [AT] "SEND OK" (7)
17:10:33  [AT] "+IPD,64:T,925,S,B2,1,54" (23)
17:10:33  [SLOT-OOW] +285ms
17:10:33  [AT] "T,926,S,A5,1,53" (15)
17:10:33  [AT] "T,927,S,A2,1,55" (15)
17:10:33  [AT] "T,928,S,A1,1,59" (15)
17:10:33  [AT] "OK" (2)
17:10:34  [TX] S,437,0110000010,0000000000,550,P1,33
17:10:34  A,925,B2,4,3B
17:10:34  A,926,A5,4,3C
17:10:34  A,927,A2,4,3A
17:10:34  A,928,A1,4,36
17:10:34  A,209,A4,4,3B34
17:10:34  A,216,B5,0,33
17:10:34  A,217,B1,0,36
17:10:34  A,218,B1,0,39,0,09H
17:10:34  [SLOT] n=459 tx=93 ack=4 due=0 r=1
17:10:34  [AT] "AT+CIPSEND=94" (13)
17:10:34  [AT] " S,437,0110000010,0000000000,550,P1,33A,925,B2,4,3BA,926,A5,4,3CA,927,A2,4,3AA,928,A1,4,36" (90)
17:10:34  [AT] "SEND OK" (7)
17:10:34  [AT] "+IPD,64:T,929,S,A3,1,5A" (23)
17:10:34  [SLOT-OOW] +287ms
17:10:34  [AT] "T,930,S,A4,1,55" (15)
17:10:34  [AT] "T,931,S,B3,1,50" (15)
17:10:34  [AT] "T,932,S,B1,1,51" (15)
17:10:34  [AT] "OK" (2)
17:10:35  [TX] S,438,0110000010,0000000000,552,P1,3E
17:10:35  A,929,A3,4,35
17:10:35  A,930,A4,4,3A
17:10:35  A,931,B3,4,3F
17:10:35  A,932,B1,4,3E
17:10:35  A,209,A4,4,3B34
17:10:35  A,216,B5,0,33
17:10:35  A,217,B1,0,36
17:10:35  A,218,B1,0,39,0,09H
17:10:35  [SLOT] n=460 tx=93 ack=4 due=0 r=1
17:10:35  [AT] " S,438,0110000010,0000000000,552,P1,3EA,929,A3,4,35A,930,A4,4,3AA,931,B3,4,3FA,932,B1,4,3E" (90)
17:10:35  [AT] "SEND OK" (7)
17:10:35  [AT] "+IPD,64:T,933,S,A5,1,57" (23)
17:10:35  [SLOT-OOW] +317ms
17:10:35  [AT] "T,934,S,B2,1,54" (15)
17:10:35  [AT] "T,935,S,A2,1,1,56" (17)
17:10:35  [CKSUM NG] T,935,S,A2,1,1,56
17:10:35  [AT] "OK" (2)
17:10:35  [AT] "AT+CIPSEND=94" (13)
17:10:36  [TX] S,439,0110000010,0000000000,553,P1,3E
17:10:36  A,933,A5,4,38
17:10:36  A,934,B2,4,3B
17:10:36  A,931,B3,4,3F
17:10:36  A,932,B1,4,3E
17:10:36  A,209,A4,4,3B34
17:10:36  A,216,B5,0,33
17:10:36  A,217,B1,0,36
17:10:36  A,218,B1,0,39,0,09H
17:10:36  [SLOT] n=461 tx=65 ack=2 due=0 r=1
17:10:36  [AT] "AT+CIPSEND=66" (13)
17:10:36  [AT] " S,439,0110000010,0000000000,553,P1,3EA,933,A5,4,38A,934,B2,4,3B" (64)
17:10:36  [AT] "SEND OK" (7)
17:10:36  [AT] "+IPD,64:T,937,S,B3,1,56" (23)
17:10:36  [SLOT-OOW] +219ms
17:10:36  [AT] "T,938,S,A3,1,5A" (15)
17:10:36  [AT] "T,939,S,A4,1,5C" (15)
17:10:36  [AT] "T,940,S,B1,1,54" (15)
17:10:36  [AT] "OK" (2)
17:10:37  [TX] S,440,0110000010,0000000000,554,P1,37
17:10:37  A,937,B3,4,39
17:10:37  A,938,A3,4,35
17:10:37  A,939,A4,4,33
17:10:37  A,940,B1,4,3B
17:10:37  A,209,A4,4,3B34
17:10:37  A,216,B5,0,33
17:10:37  A,217,B1,0,36
17:10:37  A,218,B1,0,39,0,09H
17:10:37  [SLOT] n=462 tx=93 ack=4 due=0 r=1
17:10:37  [AT] " S,440,0110000010,0000000000,554,P1,37A,937,B3,4,39A,938,A3,4,35A,939,A4,4,33A,940,B1,4,3B" (90)
17:10:37  [AT] "SEND OK" (7)
17:10:37  [AT] "+IPD,32:T,941,S,B2,1,56" (23)
17:10:37  [SLOT-OOW] +294ms
17:10:37  [AT] "T,942,S,A5,1,51" (15)
17:10:37  [AT] "OK" (2)
17:10:37  [AT] "AT+CIPSEND=94" (13)
17:10:39  [TX] S,441,0110000010,0000000000,555,P1,37
17:10:39  A,941,B2,4,39
17:10:39  A,942,A5,4,3E
17:10:39  A,939,A4,4,33
17:10:39  A,940,B1,4,3B
17:10:39  A,209,A4,4,3B34
17:10:39  A,216,B5,0,33
17:10:39  A,217,B1,0,36
17:10:39  A,218,B1,0,39,0,09H
17:10:39  [SLOT] n=463 tx=65 ack=2 due=0 r=1
17:10:39  [AT] "AT+CIPSEND=66" (13)
17:10:39  [AT] " S,441,0110000010,0000000000,555,P1,37A,941,B2,4,39A,942,A5,4,3E" (64)
17:10:39  [AT] "SEND OK" (7)
17:10:39  [AT] "+IPD,64:T,935,S,A2,1,56" (23)
17:10:39  [SLOT-OOW] +274ms
17:10:39  [AT] "T,936,S,A1,1,56" (15)
17:10:39  [AT] "T,943,S,B3,1,55" (15)
17:10:39  [AT] "T,944,S,B1,1,50" (15)
17:10:39  [AT] "OK" (2)
17:10:40  [TX] S,442,0110000010,0000000000,556,P1,37
17:10:40  A,935,A2,4,39
17:10:40  A,936,A1,4,39
17:10:40  A,943,B3,4,3A
17:10:40  A,944,B1,4,3F
17:10:40  A,209,A4,4,3B34
17:10:40  A,216,B5,0,33
17:10:40  A,217,B1,0,36
17:10:40  A,218,B1,0,39,0,09H
17:10:40  [SLOT] n=464 tx=93 ack=4 due=0 r=1
17:10:40  [AT] "AT+CIPSEND=94" (13)
17:10:40  [AT] " S,442,0110000010,0000000000,556,P1,37A,935,A2,4,39A,936,A1,4,39A,943,B3,4,3AA,944,B1,4,3F" (90)
17:10:40  [AT] "SEND OK" (7)
17:10:40  [AT] "+IPD,64:T,945,S,A3,1,50" (23)
17:10:40  [SLOT-OOW] +304ms
17:10:40  [AT] "T,946,S,A4,1,54" (15)
17:10:40  [AT] "T,947,S,A5,1,54" (15)
17:10:40  [AT] "T,948,S,B2,1,5F" (15)
17:10:40  [AT] "OK" (2)
17:10:41  [TX] S,443,0110000010,0000000000,558,P1,38
17:10:41  A,945,A3,4,3F
17:10:41  A,946,A4,4,3B
17:10:41  A,947,A5,4,3B
17:10:41  A,948,B2,4,30
17:10:41  A,209,A4,4,3B34
17:10:41  A,216,B5,0,33
17:10:41  A,217,B1,0,36
17:10:41  A,218,B1,0,39,0,09H
17:10:41  [SLOT] n=465 tx=93 ack=4 due=0 r=1
17:10:41  [AT] "AT+CIPSEND=94" (13)
17:10:41  [AT] " S,443,0110000010,0000000000,558,P1,38A,945,A3,4,3FA,946,A4,4,3BA,947,A5,4,3BA,948,B2,4,30" (90)
17:10:41  [AT] "SEND OK" (7)
17:10:41  [AT] "+IPD,64:T,949,S,A1,1,5E" (23)
17:10:41  [SLOT-OOW] +333ms
17:10:41  [AT] "T,950,S,A2,1,55" (15)
17:10:41  [AT] "T,951,S,B3,1,56" (15)
17:10:41  [AT] "T,952,S,B1,1,57" (15)
17:10:41  [AT] "OK" (2)
17:10:42  [TX] S,444,0110000010,0000000000,559,P1,3E
17:10:42  A,949,A1,4,31
17:10:42  A,950,A2,4,3A
17:10:42  A,951,B3,4,39
17:10:42  A,952,B1,4,38
17:10:42  A,209,A4,4,3B34
17:10:42  A,216,B5,0,33
17:10:42  A,217,B1,0,36
17:10:42  A,218,B1,0,39,0,09H
17:10:42  [SLOT] n=466 tx=93 ack=4 due=0 r=1
17:10:42  [AT] "AT+CIPSEND=94" (13)
17:10:42  [AT] " S,444,0110000010,0000000000,559,P1,3EA,949,A1,4,31A,950,A2,4,3AA,951,B3,4,39A,952,B1,4,38" (90)
17:10:42  [AT] "SEND OK" (7)
17:10:42  [AT] "+IPD,64:T,953,S,A5,1,51" (23)
17:10:42  [SLOT-OOW] +472ms
17:10:42  [AT] "T,954,S,A3,1,50" (15)
17:10:42  [AT] "T,955,S,B2,1,53" (15)
17:10:42  [AT] "T,956,S,A4,1,55" (15)
17:10:42  [AT] "OK" (2)
17:10:43  [TX] S,445,0110000010,0000000000,560,P1,35
17:10:43  A,953,A5,4,3E
17:10:43  A,954,A3,4,3F
17:10:43  A,955,B2,4,3C
17:10:43  A,956,A4,4,3A
17:10:43  A,209,A4,4,3B34
17:10:43  A,216,B5,0,33
17:10:43  A,217,B1,0,36
17:10:43  A,218,B1,0,39,0,09H
17:10:43  [SLOT] n=467 tx=93 ack=4 due=0 r=1
17:10:43  [AT] "AT+CIPSEND=94" (13)
17:10:43  [AT] " S,445,0110000010,0000000000,560,P1,35A,953,A5,4,3EA,954,A3,4,3FA,955,B2,4,3CA,956,A4,4,3A" (90)
17:10:43  [AT] "SEND OK" (7)
17:10:43  [AT] "+IPD,64:T,957,S,B3,1,50" (23)
17:10:43  [SLOT-OOW] +281ms
17:10:43  [AT] "T,958,S,A1,1,5E" (15)
17:10:43  [AT] "T,959,S,B1,1,5C" (15)
17:10:43  [AT] "T,960,S,A2,1,56" (15)
17:10:43  [AT] "OK" (2)
17:10:45  [TX] S,446,0110000010,0000000000,561,P1,37
17:10:45  A,957,B3,4,3F
17:10:45  A,958,A1,4,31
17:10:45  A,959,B1,4,33
17:10:45  A,960,A2,4,39
17:10:45  A,209,A4,4,3B34
17:10:45  A,216,B5,0,33
17:10:45  A,217,B1,0,36
17:10:45  A,218,B1,0,39,0,09H
17:10:45  [SLOT] n=468 tx=93 ack=4 due=0 r=1
17:10:45  [AT] "AT+CIPSEND=94" (13)
17:10:45  [AT] " S,446,0110000010,0000000000,561,P1,37A,957,B3,4,3FA,958,A1,4,31A,959,B1,4,33A,960,A2,4,39" (90)
17:10:45  [AT] "SEND OK" (7)
17:10:45  [AT] "+IPD,64:T,961,S,A5,1,50" (23)
17:10:45  [SLOT-OOW] +306ms
17:10:45  [AT] "T,962,S,A4,1,52" (15)
17:10:45  [AT] "T,963,S,A3,1,54" (15)
17:10:45  [AT] "T,964,S,B2,1,51" (15)
17:10:45  [AT] "OK" (2)
17:10:46  [TX] S,447,0110000010,0000000000,562,P1,35
17:10:46  A,961,A5,4,3F
17:10:46  A,962,A4,4,3D
17:10:46  A,963,A3,4,3B
17:10:46  A,964,B2,4,3E
17:10:46  A,209,A4,4,3B34
17:10:46  A,216,B5,0,33
17:10:46  A,217,B1,0,36
17:10:46  A,218,B1,0,39,0,09H
17:10:46  [SLOT] n=469 tx=93 ack=4 due=0 r=1
17:10:46  [AT] " S,447,0110000010,0000000000,562,P1,35A,961,A5,4,3FA,962,A4,4,3DA,963,A3,4,3BA,964,B2,4,3E" (90)
17:10:46  [AT] "SEND OK" (7)
17:10:46  [AT] "+IPD,64:T,965,S,A1,1,50" (23)
17:10:46  [SLOT-OOW] +301ms
17:10:46  [AT] "T,966,S,B3,1,52" (15)
17:10:46  [AT] "T,967,S,B1,1,51" (15)
17:10:46  [AT] "T,968,S,A2,1,5E" (15)
17:10:46  [AT] "OK" (2)
17:10:46  [AT] "AT+CIPSEND=94" (13)
17:10:48  [TX] S,448,0110000010,0000000000,564,P1,3C
17:10:48  A,965,A1,4,3F
17:10:48  A,966,B3,4,3D
17:10:48  A,967,B1,4,3E
17:10:48  A,968,A2,4,31
17:10:48  A,209,A4,4,3B34
17:10:48  A,216,B5,0,33
17:10:48  A,217,B1,0,36
17:10:48  A,218,B1,0,39,0,09H
17:10:48  [SLOT] n=470 tx=93 ack=4 due=0 r=1
17:10:48  [AT] "AT+CIPSEND=94" (13)
17:10:48  [AT] " S,448,0110000010,0000000000,564,P1,3CA,965,A1,4,3FA,966,B3,4,3DA,967,B1,4,3EA,968,A2,4,31" (90)
17:10:48  [AT] "SEND OK" (7)
17:10:48  [AT] "+IPD,64:T,969,S,A4,1,59" (23)
17:10:48  [SLOT-OOW] +365ms
17:10:48  [AT] "T,970,S,A5,1,50" (15)
17:10:48  [AT] "T,971,S,A3,1,57" (15)
17:10:48  [AT] "T,972,S,B2,1,56" (15)
17:10:48  [AT] "OK" (2)
17:10:49  [TX] S,449,0110000010,0000000000,565,P1,3C
17:10:49  A,969,A4,4,36
17:10:49  A,970,A5,4,3F
17:10:49  A,971,A3,4,38
17:10:49  A,972,B2,4,39
17:10:49  A,209,A4,4,3B34
17:10:49  A,216,B5,0,33
17:10:49  A,217,B1,0,36
17:10:49  A,218,B1,0,39,0,09H
17:10:49  [SLOT] n=471 tx=93 ack=4 due=0 r=1
17:10:49  [AT] "AT+CIPSEND=94" (13)
17:10:50  [AT] " S,449,0110000010,0000000000,565,P1,3CA,969,A4,4,36A,970,A5,4,3FA,971,A3,4,38A,972,B2,4,39" (90)
17:10:50  [AT] "SEND OK" (7)
17:10:50  [AT] "+IPD,64:T,973,S,A1,1,57" (23)
17:10:50  [SLOT-OOW] +592ms
17:10:50  [AT] "T,974,S,A2,1,53" (15)
17:10:50  [AT] "T,975,S,B1,1,52" (15)
17:10:50  [AT] "T,976,S,B3,1,53" (15)
17:10:50  [AT] "OK" (2)
17:10:50  [TX] S,450,0110000010,0000000000,566,P1,37
17:10:50  A,973,A1,4,38
17:10:50  A,974,A2,4,3C
17:10:50  A,975,B1,4,3D
17:10:50  A,976,B3,4,3C
17:10:50  A,209,A4,4,3B34
17:10:50  A,216,B5,0,33
17:10:50  A,217,B1,0,36
17:10:50  A,218,B1,0,39,0,09H
17:10:50  [SLOT] n=472 tx=93 ack=4 due=0 r=1
17:10:50  [AT] "AT+CIPSEND=94" (13)
17:10:50  [AT] " S,450,0110000010,0000000000,566,P1,37A,973,A1,4,38A,974,A2,4,3CA,975,B1,4,3DA,976,B3,4,3C" (90)
17:10:50  [AT] "SEND OK" (7)
17:10:50  [AT] "+IPD,64:T,977,S,B2,1,53" (23)
17:10:50  [SLOT-OOW] +314ms
17:10:50  [AT] "T,978,S,A4,1,59" (15)
17:10:50  [AT] "T,979,S,A5,1,59" (15)
17:10:50  [AT] "T,980,S,A3,1,59" (15)
17:10:50  [AT] "OK" (2)
17:10:52  [TX] S,451,0110000010,0000000000,567,P1,37
17:10:52  A,977,B2,4,3C
17:10:52  A,978,A4,4,36
17:10:52  A,979,A5,4,36
17:10:52  A,980,A3,4,36
17:10:52  A,209,A4,4,3B34
17:10:52  A,216,B5,0,33
17:10:52  A,217,B1,0,36
17:10:52  A,218,B1,0,39,0,09H
17:10:52  [SLOT] n=473 tx=93 ack=4 due=0 r=1
17:10:52  [AT] " S,451,0110000010,0000000000,567,P1,37A,977,B2,4,3CA,978,A4,4,36A,979,A5,4,36A,980,A3,4,36" (90)
17:10:52  [AT] "SEND OK" (7)
17:10:52  [AT] "+IPD,64:T,981,S,B3,1,5B" (23)
17:10:52  [SLOT-OOW] +303ms
17:10:52  [AT] "T,982,S,A1,1,59" (15)
17:10:52  [AT] "T,983,S,A2,1,5B" (15)
17:10:52  [AT] "T,984,S,B1,1,5C" (15)
17:10:52  [AT] "OK" (2)
17:10:52  [AT] "AT+CIPSEND=94" (13)
17:10:53  [TX] S,452,0110000010,0000000000,568,P1,3B
17:10:53  A,981,B3,4,34
17:10:53  A,982,A1,4,36
17:10:53  A,983,A2,4,34
17:10:53  A,984,B1,4,33
17:10:53  A,209,A4,4,3B34
17:10:53  A,216,B5,0,33
17:10:53  A,217,B1,0,36
17:10:53  A,218,B1,0,39,0,09H
17:10:53  [SLOT] n=474 tx=93 ack=4 due=0 r=1
17:10:53  [AT] " S,452,0110000010,0000000000,568,P1,3BA,981,B3,4,34A,982,A1,4,36A,983,A2,4,34A,984,B1,4,33" (90)
17:10:53  [AT] "SEND OK" (7)
17:10:53  [AT] "+IPD,64:T,985,S,B2,1,5E" (23)
17:10:53  [SLOT-OOW] +307ms
17:10:53  [AT] "T,986,S,A4,1,58" (15)
17:10:53  [AT] "T,987,S,A5,1" (12)
17:10:53  [CKSUM NG] T,987,S,A5,1
17:10:53  [AT] "T,988,S,A3,1,51" (15)
17:10:53  [AT] "OK" (2)
17:10:53  [AT] "AT+CIPSEND=94" (13)
17:10:54  [TX] S,453,0110000010,0000000000,570,P1,33
17:10:54  A,985,B2,4,31
17:10:54  A,986,A4,4,37
17:10:54  A,988,A3,4,3E
17:10:54  A,984,B1,4,33
17:10:54  A,209,A4,4,3B34
17:10:54  A,216,B5,0,33
17:10:54  A,217,B1,0,36
17:10:54  A,218,B1,0,39,0,09H
17:10:54  [SLOT] n=475 tx=79 ack=3 due=0 r=1
17:10:54  [AT] "AT+CIPSEND=80" (13)
17:10:54  [AT] " S,453,0110000010,0000000000,570,P1,33A,985,B2,4,31A,986,A4,4,37A,988,A3,4,3E" (77)
17:10:54  [AT] "SEND OK" (7)
17:10:54  [AT] "+IPD,64:T,989,S,A1,1,52" (23)
17:10:54  [SLOT-OOW] +242ms
17:10:54  [AT] "T,990,S,B3,1,5B" (15)
17:10:54  [AT] "T,991,S,A2,1,58" (15)
17:10:54  [AT] "T,992,S,B1,1,5B" (15)
17:10:54  [AT] "OK" (2)
17:10:55  [TX] S,454,0110000010,0000000000,571,P1,35
17:10:55  A,989,A1,4,3D
17:10:55  A,990,B3,4,34
17:10:55  A,991,A2,4,37
17:10:55  A,992,B1,4,34
17:10:55  A,209,A4,4,3B34
17:10:55  A,216,B5,0,33
17:10:55  A,217,B1,0,36
17:10:55  A,218,B1,0,39,0,09H
17:10:55  [SLOT] n=476 tx=93 ack=4 due=0 r=1
17:10:55  [AT] "AT+CIPSEND=94" (13)
17:10:55  [AT] " S,454,0110000010,0000000000,571,P1,35A,989,A1,4,3DA,990,B3,4,34A,991,A2,4,37A,992,B1,4,34" (90)
17:10:55  [AT] "SEND OK" (7)
17:10:55  [AT] "+IPD,64:T,993,S,B2,1,59" (23)
17:10:55  [SLOT-OOW] +312ms
17:10:55  [AT] "T,994,S,A4,1,5B" (15)
17:10:55  [AT] "T,995,S,A3,1,5D" (15)
17:10:55  [AT] "T,987,S,A5,1,58" (15)
17:10:55  [AT] "OK" (2)
17:10:56  [TX] S,455,0110000010,0000000000,572,P1,37
17:10:56  A,993,B2,4,36
17:10:56  A,994,A4,4,34
17:10:56  A,995,A3,4,32
17:10:56  A,987,A5,4,37
17:10:56  A,209,A4,4,3B34
17:10:56  A,216,B5,0,33
17:10:56  A,217,B1,0,36
17:10:56  A,218,B1,0,39,0,09H
17:10:56  [SLOT] n=477 tx=93 ack=4 due=0 r=1
17:10:56  [AT] "AT+CIPSEND=94" (13)
17:10:56  [AT] " S,455,0110000010,0000000000,572,P1,37A,993,B2,4,36A,994,A4,4,34A,995,A3,4,32A,987,A5,4,37" (90)
17:10:56  [AT] "SEND OK" (7)
17:10:56  [AT] "+IPD,64:T,996,S,B3,1,5D" (23)
17:10:56  [SLOT-OOW] +331ms
17:10:56  [AT] "T,997,S,A1,1,5D" (15)
17:10:56  [AT] "T,998,S,A2,1,51" (15)
17:10:56  [AT] "T,999,S,B1,1,50" (15)
17:10:56  [AT] "OK" (2)
17:10:57  [TX] S,456,0110000010,0000000000,573,P1,35
17:10:57  A,996,B3,4,32
17:10:57  A,997,A1,4,32
17:10:57  A,998,A2,4,3E
17:10:57  A,999,B1,4,3F
17:10:58  A,209,A4,4,3B34
17:10:58  A,216,B5,0,33
17:10:58  A,217,B1,0,36
17:10:58  A,218,B1,0,39,0,09H
17:10:58  [SLOT] n=478 tx=93 ack=4 due=0 r=1
17:10:58  [AT] "AT+CIPSEND=94" (13)
17:10:58  [AT] " S,456,0110000010,0000000000,573,P1,35A,996,B3,4,32A,997,A1,4,32A,998,A2,4,3EA,999,B1,4,3F" (90)
17:10:58  [AT] "SEND OK" (7)
17:10:58  [AT] "+IPD,68:T,1000,S,B2,1,6B" (24)
17:10:58  [SLOT-OOW] +459ms
17:10:58  [AT] "T,1001,S,A4,1,6F" (16)
17:10:58  [AT] "T,1002,S,A5,1,6D" (16)
17:10:58  [AT] "T,1003,S,A3,1,6A" (16)
17:10:58  [AT] "OK" (2)
17:10:59  [TX] S,457,0110000010,0000000000,574,P1,33
17:10:59  A,1000,B2,4,04
17:10:59  A,1001,A4,4,00
17:10:59  A,1002,A5,4,02
17:10:59  A,1003,A3,4,0509,A4,4,3B34
17:10:59  A,216,B5,0,33
17:10:59  A,217,B1,0,36
17:10:59  A,218,B1,0,39,0,09H
17:10:59  [SLOT] n=479 tx=97 ack=4 due=0 r=1
17:10:59  [AT] "AT+CIPSEND=98" (13)
17:10:59  [AT] " S,457,0110000010,0000000000,574,P1,33A,1000,B2,4,04A,1001,A4,4,00A,1002,A5,4,02A,1003,A3,4,05" (94)
17:10:59  [AT] "SEND OK" (7)
17:10:59  [AT] "+IPD,68:T,1004,S,B1,1,6C" (24)
17:10:59  [SLOT-OOW] +324ms
17:10:59  [AT] "T,1005,S,A1,1,6E" (16)
17:10:59  [AT] "T,1006,S,B3,1,6C" (16)
17:10:59  [AT] "T,1007,S,A2,1,6F" (16)
17:10:59  [AT] "OK" (2)
17:11:00  [TX] S,458,0110000010,0000000000,576,P1,3E
17:11:00  A,1004,B1,4,03
17:11:00  A,1005,A1,4,01
17:11:00  A,1006,B3,4,03
17:11:00  A,1007,A2,4,0009,A4,4,3B34
17:11:00  A,216,B5,0,33
17:11:00  A,217,B1,0,36
17:11:00  A,218,B1,0,39,0,09H
17:11:00  [SLOT] n=480 tx=97 ack=4 due=0 r=1
17:11:00  [AT] "AT+CIPSEND=98" (13)
17:11:00  [AT] " S,458,0110000010,0000000000,576,P1,3EA,1004,B1,4,03A,1005,A1,4,01A,1006,B3,4,03A,1007,A2,4,00" (94)
17:11:00  [AT] "SEND OK" (7)
17:11:00  [AT] "+IPD,68:T,1008,S,B2,1,63" (24)
17:11:00  [SLOT-OOW] +289ms
17:11:00  [AT] "T,1009,S,A4,1,67" (16)
17:11:00  [AT] "T,1010,S,A3,1,68" (16)
17:11:00  [AT] "T,1011,S,A5,1,6F" (16)
17:11:00  [AT] "OK" (2)
17:11:01  [TX] S,459,0110000010,0000000000,577,P1,3E
17:11:01  A,1008,B2,4,0C
17:11:01  A,1009,A4,4,08
17:11:01  A,1010,A3,4,07
17:11:01  A,1011,A5,4,0009,A4,4,3B34
17:11:01  A,216,B5,0,33
17:11:01  A,217,B1,0,36
17:11:01  A,218,B1,0,39,0,09H
17:11:01  [SLOT] n=481 tx=97 ack=4 due=0 r=1
17:11:01  [AT] "AT+CIPSEND=98" (13)
17:11:01  [AT] " S,459,0110000010,0000000000,577,P1,3EA,1008,B2,4,0CA,1009,A4,4,08A,1010,A3,4,07A,1011,A5,4,00" (94)
17:11:01  [AT] "SEND OK" (7)
17:11:01  [AT] "+IPD,68:T,1012,S,B1,1,6B" (24)
17:11:01  [SLOT-OOW] +315ms
17:11:01  [AT] "T,1013,S,B3,1,68" (16)
17:11:01  [AT] "T,1014,S,A1,1,6E" (16)
17:11:01  [AT] "T,1015,S,A2,1,6C" (16)
17:11:01  [AT] "OK" (2)
17:11:02  [TX] S,460,0110000010,0000000000,578,P1,3B
17:11:02  A,1012,B1,4,04
17:11:02  A,1013,B3,4,07
17:11:02  A,1014,A1,4,01
17:11:02  A,1015,A2,4,0309,A4,4,3B34
17:11:02  A,216,B5,0,33
17:11:02  A,217,B1,0,36
17:11:02  A,218,B1,0,39,0,09H
17:11:02  [SLOT] n=482 tx=97 ack=4 due=0 r=1
17:11:02  [AT] "AT+CIPSEND=98" (13)
17:11:03  [AT] " S,460,0110000010,0000000000,578,P1,3BA,1012,B1,4,04A,1013,B3,4,07A,1014,A1,4,01A,1015,A2,4,03" (94)
17:11:03  [AT] "SEND OK" (7)
17:11:03  [AT] "+IPD,68:T,1016,S,A3,1,6E" (24)
17:11:03  [SLOT-OOW] +461ms
17:11:03  [AT] "T,1017,S,A4,1,68" (16)
17:11:03  [AT] "T,1018,S,A5,1,66" (16)
17:11:03  [AT] "T,1019,S,B2,1,63" (16)
17:11:03  [AT] "OK" (2)
17:11:03  [TX] S,461,0110000010,0000000000,579,P1,3B
17:11:03  A,1016,A3,4,01
17:11:03  A,1017,A4,4,07
17:11:03  A,1018,A5,4,09
17:11:03  A,1019,B2,4,0C09,A4,4,3B34
17:11:03  A,216,B5,0,33
17:11:03  A,217,B1,0,36
17:11:03  A,218,B1,0,39,0,09H
17:11:03  [SLOT] n=483 tx=97 ack=4 due=0 r=1
17:11:03  [AT] "AT+CIPSEND=98" (13)
17:11:04  [AT] " S,461,0110000010,0000000000,579,P1,3BA,1016,A3,4,01A,1017,A4,4,07A,1018,A5,4,09A,1019,B2,4,0C" (94)
17:11:04  [AT] "SEND OK" (7)
17:11:04  [AT] "+IPD,68:T,1020,S,B3,1,68" (24)
17:11:04  [SLOT-OOW] +485ms
17:11:04  [AT] "T,1021,S,B1,1,6B" (16)
17:11:04  [AT] "T,1022,S,A1,1,6B" (16)
17:11:04  [AT] "T,1023,S,A2,1,69" (16)
17:11:04  [AT] "OK" (2)
17:11:05  [TX] S,462,0110000010,0000000000,580,P1,3E
17:11:05  A,1020,B3,4,07
17:11:05  A,1021,B1,4,04
17:11:05  A,1022,A1,4,04
17:11:05  A,1023,A2,4,0609,A4,4,3B34
17:11:05  A,216,B5,0,33
17:11:05  A,217,B1,0,36
17:11:05  A,218,B1,0,39,0,09H
17:11:05  [SLOT] n=484 tx=97 ack=4 due=0 r=1
17:11:05  [AT] "AT+CIPSEND=98" (13)
17:11:05  [AT] " S,462,0110000010,0000000000,580,P1,3EA,1020,B3,4,07A,1021,B1,4,04A,1022,A1,4,04A,1023,A2,4,06" (94)
17:11:05  [AT] "SEND OK" (7)
17:11:05  [AT] "+IPD,68:T,1024,S,B2,1,6D" (24)
17:11:05  [SLOT-OOW] +308ms
17:11:05  [AT] "T,1025,S,A3,1,6E" (16)
17:11:05  [AT] "T,1026,S,A5,1,6B" (16)
17:11:05  [AT] "T,1027,S,A4,1,6B" (16)
17:11:05  [AT] "OK" (2)
17:11:06  [TX] S,463,0110000010,0000000000,582,P1,3D
17:11:06  A,1024,B2,4,02
17:11:06  A,1025,A3,4,01
17:11:06  A,1026,A5,4,04
17:11:06  A,1027,A4,4,0409,A4,4,3B34
17:11:06  A,216,B5,0,33
17:11:06  A,217,B1,0,36
17:11:06  A,218,B1,0,39,0,09H
17:11:06  [SLOT] n=485 tx=97 ack=4 due=0 r=1
17:11:06  [AT] "AT+CIPSEND=98" (13)
17:11:06  [AT] " S,463,0110000010,0000000000,582,P1,3DA,1024,B2,4,02A,1025,A3,4,01A,1026,A5,4,04A,1027,A4,4,04" (94)
17:11:06  [AT] "SEND OK" (7)
17:11:06  [AT] "+IPD,68:T,1028,S,A1,1,61" (24)
17:11:06  [SLOT-OOW] +295ms
17:11:06  [AT] "T,1029,S,B3,1,61" (16)
17:11:06  [AT] "T,1030,S,A2,1,6B" (16)
17:11:06  [AT] "T,1031,S,B1,1,6A" (16)
17:11:06  [AT] "OK" (2)
17:11:07  [TX] S,464,0110000010,0000000000,583,P1,3B
17:11:07  A,1028,A1,4,0E
17:11:07  A,1029,B3,4,0E
17:11:07  A,1030,A2,4,04
17:11:07  A,1031,B1,4,0509,A4,4,3B34
17:11:07  A,216,B5,0,33
17:11:07  A,217,B1,0,36
17:11:07  A,218,B1,0,39,0,09H
17:11:07  [SLOT] n=486 tx=97 ack=4 due=0 r=1
17:11:07  [AT] "AT+CIPSEND=98" (13)
17:11:07  [AT] " S,464,0110000010,0000000000,583,P1,3BA,1028,A1,4,0EA,1029,B3,4,0EA,1030,A2,4,04A,1031,B1,4,05" (94)
17:11:07  [AT] "SEND OK" (7)
17:11:07  [AT] "+IPD,68:T,1032,S,B2,1,6A" (24)
17:11:07  [SLOT-OOW] +463ms
17:11:07  [AT] "T,1033,S,A3,1,69" (16)
17:11:07  [AT] "T,1034,S,A4,1,69" (16)
17:11:07  [AT] "T,1035,S,A5,1,69" (16)
17:11:07  [AT] "OK" (2)
17:11:08  [TX] S,465,0110000010,0000000000,584,P1,3D
17:11:08  A,1032,B2,4,05
17:11:08  A,1033,A3,4,06
17:11:08  A,1034,A4,4,06
17:11:08  A,1035,A5,4,0609,A4,4,3B34
17:11:08  A,216,B5,0,33
17:11:08  A,217,B1,0,36
17:11:08  A,218,B1,0,39,0,09H
17:11:08  [SLOT] n=487 tx=97 ack=4 due=0 r=1
17:11:08  [AT] "AT+CIPSEND=98" (13)
17:11:09  [AT] " S,465,0110000010,0000000000,584,P1,3DA,1032,B2,4,05A,1033,A3,4,06A,1034,A4,4,06A,1035,A5,4,06" (94)
17:11:09  [AT] "SEND OK" (7)
17:11:09  [AT] "+IPD,68:T,1036,S,B1,1,6D" (24)
17:11:09  [SLOT-OOW] +486ms
17:11:09  [AT] "T,1037,S,A2,1,6C" (16)
17:11:09  [AT] "T,1038,S,A1,1,60" (16)
17:11:09  [AT] "T,1039,S,B3,1,60" (16)
17:11:09  [AT] "OK" (2)
17:11:09  [TX] S,466,0110000010,0000000000,585,P1,3F
17:11:09  A,1036,B1,4,02
17:11:09  A,1037,A2,4,03
17:11:09  A,1038,A1,4,0F
17:11:09  A,1039,B3,4,0F09,A4,4,3B34
17:11:09  A,216,B5,0,33
17:11:09  A,217,B1,0,36
17:11:09  A,218,B1,0,39,0,09H
17:11:09  [SLOT] n=488 tx=97 ack=4 due=0 r=1
17:11:09  [AT] "AT+CIPSEND=98" (13)
17:11:10  [AT] " S,466,0110000010,0000000000,585,P1,3FA,1036,B1,4,02A,1037,A2,4,03A,1038,A1,4,0FA,1039,B3,4,0F" (94)
17:11:10  [AT] "SEND OK" (7)
17:11:10  [AT] "+IPD,68:T,1040,S,A3,1,6D" (24)
17:11:10  [SLOT-OOW] +514ms
17:11:10  [AT] "T,1041,S,B2,1,6E" (16)
17:11:10  [AT] "T,1042,S,A4,1,68" (16)
17:11:10  [AT] "T,1043,S,A5,1,68" (16)
17:11:10  [AT] "OK" (2)
17:11:11  [TX] S,467,0110000010,0000000000,586,P1,3D
17:11:11  A,1040,A3,4,02
17:11:11  A,1041,B2,4,01
17:11:11  A,1042,A4,4,07
17:11:11  A,1043,A5,4,0709,A4,4,3B34
17:11:11  A,216,B5,0,33
17:11:11  A,217,B1,0,36
17:11:11  A,218,B1,0,39,0,09H
17:11:11  [SLOT] n=489 tx=97 ack=4 due=0 r=1
17:11:11  [AT] "AT+CIPSEND=98" (13)
17:11:11  [AT] " S,467,0110000010,0000000000,586,P1,3DA,1040,A3,4,02A,1041,B2,4,01A,1042,A4,4,07A,1043,A5,4,07" (94)
17:11:11  [AT] "SEND OK" (7)
17:11:11  [AT] "+IPD,68:T,1044,S,A2,1,68" (24)
17:11:11  [SLOT-OOW] +300ms
17:11:11  [AT] "T,1045,S,A1,1,6A" (16)
17:11:11  [AT] "T,1046,S,B1,1,6A" (16)
17:11:11  [AT] "T,1047,S,B3,1,69" (16)
17:11:11  [AT] "OK" (2)
17:11:12  [TX] S,468,0110000010,0000000000,588,P1,3C
17:11:12  A,1044,A2,4,07
17:11:12  A,1045,A1,4,05
17:11:12  A,1046,B1,4,05
17:11:12  A,1047,B3,4,0609,A4,4,3B34
17:11:12  A,216,B5,0,33
17:11:12  A,217,B1,0,36
17:11:12  A,218,B1,0,39,0,09H
17:11:12  [SLOT] n=490 tx=97 ack=4 due=0 r=1
17:11:12  [AT] "AT+CIPSEND=98" (13)
17:11:12  [AT] " S,468,0110000010,0000000000,588,P1,3CA,1044,A2,4,07A,1045,A1,4,05A,1046,B1,4,05A,1047,B3,4,06" (94)
17:11:12  [AT] "SEND OK" (7)
17:11:12  [AT] "+IPD,68:T,1048,S,B2,1,67" (24)
17:11:12  [SLOT-OOW] +298ms
17:11:12  [AT] "T,1049,S,A5,1,62" (16)
17:11:12  [AT] "T,1050,S,A4,1,6B" (16)
17:11:12  [AT] "T,1051,S,A3,1,6D" (16)
17:11:12  [AT] "OK" (2)
17:11:13  [TX] S,469,0110000010,0000000000,589,P1,3C
17:11:13  A,1048,B2,4,08
17:11:13  A,1049,A5,4,0D
17:11:13  A,1050,A4,4,04
17:11:13  A,1051,A3,4,0209,A4,4,3B34
17:11:13  A,216,B5,0,33
17:11:13  A,217,B1,0,36
17:11:13  A,218,B1,0,39,0,09H
17:11:13  [SLOT] n=491 tx=97 ack=4 due=0 r=1
17:11:13  [AT] "AT+CIPSEND=98" (13)
17:11:13  [AT] " S,469,0110000010,0000000000,589,P1,3CA,1048,B2,4,08A,1049,A5,4,0DA,1050,A4,4,04A,1051,A3,4,02" (94)
17:11:13  [AT] "SEND OK" (7)
17:11:13  [AT] "+IPD,68:T,1052,S,B1,1,6F" (24)
17:11:13  [SLOT-OOW] +490ms
17:11:13  [AT] "T,1053,S,A1,1,6D" (16)
17:11:13  [AT] "T,1054,S,A2,1,69" (16)
17:11:13  [AT] "T,1055,S,B3,1,6A" (16)
17:11:13  [AT] "OK" (2)
17:11:14  [TX] S,470,0110000010,0000000000,590,P1,3C
17:11:14  A,1052,B1,4,00
17:11:14  A,1053,A1,4,02
17:11:14  A,1054,A2,4,06
17:11:14  A,1055,B3,4,0509,A4,4,3B34
17:11:14  A,216,B5,0,33
17:11:14  A,217,B1,0,36
17:11:14  A,218,B1,0,39,0,09H
17:11:14  [SLOT] n=492 tx=97 ack=4 due=0 r=1
17:11:14  [AT] "AT+CIPSEND=98" (13)
17:11:15  [AT] " S,470,0110000010,0000000000,590,P1,3CA,1052,B1,4,00A,1053,A1,4,02A,1054,A2,4,06A,1055,B3,4,05" (94)
17:11:15  [AT] "SEND OK" (7)
17:11:15  [AT] "+IPD,68:T,1056,S,B2,1,68" (24)
17:11:15  [SLOT-OOW] +512ms
17:11:15  [AT] "T,1057,S,A3,1,6B" (16)
17:11:15  [AT] "T,1058,S,A5,1,62" (16)
17:11:15  [AT] "T,1059,S,A4,1,62" (16)
17:11:15  [AT] "OK" (2)
17:11:15  [TX] S,471,0110000010,0000000000,591,P1,3C
17:11:15  A,1056,B2,4,07
17:11:15  A,1057,A3,4,04
17:11:15  A,1058,A5,4,0D
17:11:15  A,1059,A4,4,0D09,A4,4,3B34
17:11:15  A,216,B5,0,33
17:11:15  A,217,B1,0,36
17:11:15  A,218,B1,0,39,0,09H
17:11:15  [SLOT] n=493 tx=97 ack=4 due=0 r=1
17:11:15  [AT] "AT+CIPSEND=98" (13)
17:11:16  [AT] " S,471,0110000010,0000000000,591,P1,3CA,1056,B2,4,07A,1057,A3,4,04A,1058,A5,4,0DA,1059,A4,4,0D" (94)
17:11:16  [AT] "SEND OK" (7)
17:11:16  [AT] "+IPD,68:T,1060,S,B3,1,6C" (24)
17:11:16  [SLOT-OOW] +333ms
17:11:16  [AT] "T,1061,S,A2,1,6F" (16)
17:11:16  [AT] "T,1062,S,A1,1,6F" (16)
17:11:16  [AT] "T,1063,S,B1,1,6D" (16)
17:11:16  [AT] "OK" (2)
17:11:17  [TX] S,472,0110000010,0000000000,592,P1,3C
17:11:17  A,1060,B3,4,03
17:11:17  A,1061,A2,4,00
17:11:17  A,1062,A1,4,00
17:11:17  A,1063,B1,4,0209,A4,4,3B34
17:11:17  A,216,B5,0,33
17:11:17  A,217,B1,0,36
17:11:17  A,218,B1,0,39,0,09H
17:11:17  [SLOT] n=494 tx=97 ack=4 due=0 r=1
17:11:17  [AT] "AT+CIPSEND=98" (13)
17:11:17  [AT] " S,472,0110000010,0000000000,592,P1,3CA,1060,B3,4,03A,1061,A2,4,00A,1062,A1,4,00A,1063,B1,4,02" (94)
17:11:17  [AT] "SEND OK" (7)
17:11:17  [AT] "+IPD,68:T,1064,S,A4,1,6C" (24)
17:11:17  [SLOT-OOW] +317ms
17:11:17  [AT] "T,1065,S,A3,1,6A" (16)
17:11:17  [AT] "T,1066,S,A5,1,6F" (16)
17:11:17  [AT] "T,1067,S,B2,1,6A" (16)
17:11:17  [AT] "OK" (2)
17:11:18  [TX] S,473,0110000010,0000000000,594,P1,3B
17:11:18  A,1064,A4,4,03
17:11:18  A,1065,A3,4,05
17:11:18  A,1066,A5,4,00
17:11:18  A,1067,B2,4,0509,A4,4,3B34
17:11:18  A,216,B5,0,33
17:11:18  A,217,B1,0,36
17:11:18  A,218,B1,0,39,0,09H
17:11:18  [SLOT] n=495 tx=97 ack=4 due=0 r=1
17:11:18  [AT] "AT+CIPSEND=98" (13)
17:11:18  [AT] " S,473,0110000010,0000000000,594,P1,3BA,1064,A4,4,03A,1065,A3,4,05A,1066,A5,4,00A,1067,B2,4,05" (94)
17:11:18  [AT] "SEND OK" (7)
17:11:18  [AT] "+IPD,68:T,1068,S,B3,1,64" (24)
17:11:18  [SLOT-OOW] +324ms
17:11:18  [AT] "T,1069,S,A2,1,67" (16)
17:11:18  [AT] "T,1070,S,A1,1,6C" (16)
17:11:18  [AT] "T,1071,S,B1,1,6E" (16)
17:11:18  [AT] "OK" (2)
17:11:19  [TX] S,474,0110000010,0000000000,595,P1,3D
17:11:19  A,1068,B3,4,0B
17:11:19  A,1069,A2,4,08
17:11:19  A,1070,A1,4,03
17:11:19  A,1071,B1,4,0109,A4,4,3B34
17:11:19  A,216,B5,0,33
17:11:19  A,217,B1,0,36
17:11:19  A,218,B1,0,39,0,09H
17:11:19  [SLOT] n=496 tx=97 ack=4 due=0 r=1
17:11:19  [AT] "AT+CIPSEND=98" (13)
17:11:19  [AT] " S,474,0110000010,0000000000,595,P1,3DA,1068,B3,4,0BA,1069,A2,4,08A,1070,A1,4,03A,1071,B1,4,01" (94)
17:11:19  [AT] "SEND OK" (7)
17:11:19  [AT] "+IPD,68:T,1072,S,A4,1,6B" (24)
17:11:19  [SLOT-OOW] +316ms
17:11:19  [AT] "T,1073,S,A3,1,6D" (16)
17:11:19  [AT] "T,1074,S,A5,1,6C" (16)
17:11:19  [AT] "T,1075,S,B2,1,69" (16)
17:11:19  [AT] "OK" (2)
17:11:20  [TX] S,475,0110000010,0000000000,596,P1,3F
17:11:20  A,1072,A4,4,04
17:11:20  A,1073,A3,4,02
17:11:20  A,1074,A5,4,03
17:11:20  A,1075,B2,4,0609,A4,4,3B34
17:11:20  A,216,B5,0,33
17:11:20  A,217,B1,0,36
17:11:20  A,218,B1,0,39,0,09H
17:11:20  [SLOT] n=497 tx=97 ack=4 due=0 r=1
17:11:20  [AT] "AT+CIPSEND=98" (13)
17:11:21  [AT] " S,475,0110000010,0000000000,596,P1,3FA,1072,A4,4,04A,1073,A3,4,02A,1074,A5,4,03A,1075,B2,4,06" (94)
17:11:21  [AT] "SEND OK" (7)
17:11:21  [AT] "+IPD,68:T,1076,S,B1,1,69" (24)
17:11:21  [SLOT-OOW] +540ms
17:11:21  [AT] "T,1077,S,A2,1,68" (16)
17:11:21  [AT] "T,1078,S,A1,1,64" (16)
17:11:21  [AT] "T,1079,S,B3,1,64" (16)
17:11:21  [AT] "OK" (2)
17:11:21  [TX] S,476,0110000010,0000000000,597,P1,3D
17:11:21  A,1076,B1,4,06
17:11:21  A,1077,A2,4,07
17:11:21  A,1078,A1,4,0B
17:11:21  A,1079,B3,4,0B09,A4,4,3B34
17:11:21  A,216,B5,0,33
17:11:21  A,217,B1,0,36
17:11:21  A,218,B1,0,39,0,09H
17:11:21  [SLOT] n=498 tx=97 ack=4 due=0 r=1
17:11:21  [AT] "AT+CIPSEND=98" (13)
17:11:22  [AT] " S,476,0110000010,0000000000,597,P1,3DA,1076,B1,4,06A,1077,A2,4,07A,1078,A1,4,0BA,1079,B3,4,0B" (94)
17:11:22  [AT] "SEND OK" (7)
17:11:22  [AT] "+IPD,68:T,1080,S,A3,1,61" (24)
17:11:22  [SLOT-OOW] +300ms
17:11:22  [AT] "T,1081,S,A4,1,67" (16)
17:11:22  [AT] "T,1082,S,A5,1,65" (16)
17:11:22  [AT] "T,1083,S,B2,1,60" (16)
17:11:22  [AT] "OK" (2)
17:11:23  [TX] S,477,0110000010,0000000000,598,P1,33
17:11:23  A,1080,A3,4,0E
17:11:23  A,1081,A4,4,08
17:11:23  A,1082,A5,4,0A
17:11:23  A,1083,B2,4,0F09,A4,4,3B34
17:11:23  A,216,B5,0,33
17:11:23  A,217,B1,0,36
17:11:23  A,218,B1,0,39,0,09H
17:11:23  [SLOT] n=499 tx=97 ack=4 due=0 r=1
17:11:23  [AT] "AT+CIPSEND=98" (13)
17:11:23  [AT] " S,477,0110000010,0000000000,598,P1,33A,1080,A3,4,0EA,1081,A4,4,08A,1082,A5,4,0AA,1083,B2,4,0F" (94)
17:11:23  [AT] "SEND OK" (7)
17:11:23  [AT] "+IPD,68:T,1084,S,B3,1,66" (24)
17:11:23  [SLOT-OOW] +291ms
17:11:23  [AT] "T,1085,S,B1,1,65" (16)
17:11:23  [AT] "T,1086,S,A1,1,65" (16)
17:11:23  [AT] "T,1087,S,A2,1,67" (16)
17:11:23  [AT] "OK" (2)
17:11:24  [TX] S,478,0110000010,0000000000,600,P1,3E
17:11:24  A,1084,B3,4,09
17:11:24  A,1085,B1,4,0A
17:11:24  A,1086,A1,4,0A
17:11:24  A,1087,A2,4,0809,A4,4,3B34
17:11:24  A,216,B5,0,33
17:11:24  A,217,B1,0,36
17:11:24  A,218,B1,0,39,0,09H
17:11:24  [SLOT] n=500 tx=97 ack=4 due=0 r=1
17:11:24  [CNT] up=600 drop=1 esprst=2 resync=3 sendfail=0 okto=0 stuck=0 ackq=0 ackdrop=0 ackstale=0 slot=500 oow=228 smiss=2 ssovf=23 cksumng=23 okstream=478 penddrop=6 skip=0 online=1
17:11:24  [RAM] 최저 여유 627 B · 프롬프트 재동기 3회 (서버의 '버린줄' 과 맞아야 한다)
17:11:24  [AT] "AT+CIPSEND=98" (13)
17:11:24  [AT] " S,478,0110000010,0000000000,600,P1,3EA,1084,B3,4,09A,1085,B1,4,0AA,1086,A1,4,0AA,1087,A2,4,08" (94)
17:11:24  [AT] "SEND OK" (7)
17:11:24  [AT] "+IPD,68:T,1088,S,A4,1,6E" (24)
17:11:24  [SLOT-OOW] +329ms
17:11:24  [AT] "T,1089,S,A3,1,68" (16)
17:11:24  [AT] "T,1090,S,A5,1,66" (16)
17:11:24  [AT] "T,1091,S,B2,1,63" (16)
17:11:24  [AT] "OK" (2)
17:11:25  [TX] S,479,0110000010,0000000000,601,P1,3E
17:11:25  A,1088,A4,4,01
17:11:25  A,1089,A3,4,07
17:11:25  A,1090,A5,4,09
17:11:25  A,1091,B2,4,0C09,A4,4,3B34
17:11:25  A,216,B5,0,33
17:11:25  A,217,B1,0,36
17:11:25  A,218,B1,0,39,0,09H
17:11:25  [SLOT] n=501 tx=97 ack=4 due=0 r=1
17:11:25  [AT] "AT+CIPSEND=98" (13)
17:11:25  [AT] " S,479,0110000010,0000000000,601,P1,3EA,1088,A4,4,01A,1089,A3,4,07A,1090,A5,4,09A,1091,B2,4,0C" (94)
17:11:25  [AT] "SEND OK" (7)
17:11:25  [AT] "+IPD,68:T,1092,S,A1,1,60" (24)
17:11:25  [SLOT-OOW] +297ms
17:11:25  [AT] "T,1093,S,B3,1,60" (16)
17:11:25  [AT] "T,1094,S,B1,1,65" (16)
17:11:25  [AT] "T,1095,S,A2,1,64" (16)
17:11:25  [AT] "OK" (2)
17:11:26  [TX] S,480,0110000010,0000000000,602,P1,3B
17:11:26  A,1092,A1,4,0F
17:11:26  A,1093,B3,4,0F
17:11:26  A,1094,B1,4,0A
17:11:26  A,1095,A2,4,0B09,A4,4,3B34
17:11:26  A,216,B5,0,33
17:11:26  A,217,B1,0,36
17:11:26  A,218,B1,0,39,0,09H
17:11:26  [SLOT] n=502 tx=97 ack=4 due=0 r=1
17:11:26  [AT] "AT+CIPSEND=98" (13)
17:11:26  [AT] " S,480,0110000010,0000000000,602,P1,3BA,1092,A1,4,0FA,1093,B3,4,0FA,1094,B1,4,0AA,1095,A2,4,0B" (94)
17:11:26  [AT] "SEND OK" (7)
17:11:26  [AT] "+IPD,68:T,1096,S,A4,1,61" (24)
17:11:26  [SLOT-OOW] +364ms
17:11:26  [AT] "T,1097,S,A5,1,61" (16)
17:11:26  [AT] "T,1098,S,A3,1,68" (16)
17:11:26  [AT] "T,1099,S,B2,1,6B" (16)
17:11:26  [AT] "OK" (2)
17:11:27  [TX] S,481,0110000010,0000000000,603,P1,3B
17:11:27  A,1096,A4,4,0E
17:11:27  A,1097,A5,4,0E
17:11:27  A,1098,A3,4,07
17:11:27  A,1099,B2,4,0409,A4,4,3B34
17:11:27  A,216,B5,0,33
17:11:27  A,217,B1,0,36
17:11:27  A,218,B1,0,39,0,09H
17:11:27  [SLOT] n=503 tx=97 ack=4 due=0 r=1
17:11:27  [AT] "AT+CIPSEND=98" (13)
17:11:27  [AT] " S,481,0110000010,0000000000,603,P1,3BA,1096,A4,4,0EA,1097,A5,4,0EA,1098,A3,4,07A,1099,B2,4,04" (94)
17:11:27  [AT] "SEND OK" (7)
17:11:27  [AT] "+IPD,68:T,1100,S,A1,1,6A" (24)
17:11:27  [SLOT-OOW] +288ms
17:11:28  [AT] "T,1101,S,B3,1,6A" (16)
17:11:28  [AT] "T,1102,S,B1,1,6B" (16)
17:11:28  [AT] "T,1103,S,A2,1,6A" (16)
17:11:28  [AT] "OK" (2)
17:11:29  [TX] S,482,0110000010,0000000000,604,P1,3F
17:11:29  A,1100,A1,4,05
17:11:29  A,1101,B3,4,05
17:11:29  A,1102,B1,4,04
17:11:29  A,1103,A2,4,0509,A4,4,3B34
17:11:29  A,216,B5,0,33
17:11:29  A,217,B1,0,36
17:11:29  A,218,B1,0,39,0,09H
17:11:29  [SLOT] n=504 tx=97 ack=4 due=0 r=1
17:11:29  [AT] "AT+CIPSEND=98" (13)
17:11:29  [AT] " S,482,0110000010,0000000000,604,P1,3FA,1100,A1,4,05A,1101,B3,4,05A,1102,B1,4,04A,1103,A2,4,05" (94)
17:11:29  [AT] "SEND OK" (7)
17:11:29  [AT] "+IPD,68:T,1104,S,A3,1,6C" (24)
17:11:29  [SLOT-OOW] +309ms
17:11:29  [AT] "T,1105,S,A5,1,6B" (16)
17:11:29  [AT] "T,1106,S,B2,1,6C" (16)
17:11:29  [AT] "T,1107,S,A4,1,68" (16)
17:11:29  [AT] "OK" (2)
17:11:30  [TX] S,483,0110000010,0000000000,606,P1,3C
17:11:30  A,1104,A3,4,03
17:11:30  A,1105,A5,4,04
17:11:30  A,1106,B2,4,03
17:11:30  A,1107,A4,4,0709,A4,4,3B34
17:11:30  A,216,B5,0,33
17:11:30  A,217,B1,0,36
17:11:30  A,218,B1,0,39,0,09H
17:11:30  [SLOT] n=505 tx=97 ack=4 due=0 r=1
17:11:30  [AT] "AT+CIPSEND=98" (13)
17:11:30  [AT] " S,483,0110000010,0000000000,606,P1,3CA,1104,A3,4,03A,1105,A5,4,04A,1106,B2,4,03A,1107,A4,4,07" (94)
17:11:30  [AT] "SEND OK" (7)
17:11:30  [AT] "+IPD,68:T,1108,S,A1,1,62" (24)
17:11:30  [SLOT-OOW] +330ms
17:11:30  [AT] "T,1109,S,B3,1,62" (16)
17:11:30  [AT] "T,1110,S,B1,1,68" (16)
17:11:30  [AT] "T,1111,S,A2,1,69" (16)
17:11:30  [AT] "OK" (2)
17:11:31  [TX] S,484,0110000010,0000000000,607,P1,3A
17:11:31  A,1108,A1,4,0D
17:11:31  A,1109,B3,4,0D
17:11:31  A,1110,B1,4,07
17:11:31  A,1111,A2,4,0609,A4,4,3B34
17:11:31  A,216,B5,0,33
17:11:31  A,217,B1,0,36
17:11:31  A,218,B1,0,39,0,09H
17:11:31  [SLOT] n=506 tx=97 ack=4 due=0 r=1
17:11:31  [AT] " S,484,0110000010,0000000000,607,P1,3AA,1108,A1,4,0DA,1109,B3,4,0DA,1110,B1,4,07A,1111,A2,4,06" (94)
17:11:31  [AT] "SEND OK" (7)
17:11:31  [AT] "AT+CIPSEND=98" (13)
17:11:32  [AT] "+IPD,68:T,1112,S,A5,1,6D" (24)
17:11:32  [AT] "T,1113,S,A3,1,6A" (16)
17:11:32  [AT] "T,1114,S,B2,1,6F" (16)
17:11:32  [AT] "T,1115,S,A4,1,6B" (16)
17:11:32  [AT] "OK" (2)
17:11:32  [TX] S,485,0110000010,0000000000,608,P1,34
17:11:32  A,1112,A5,4,02
17:11:32  A,1113,A3,4,05
17:11:32  A,1114,B2,4,00
17:11:32  A,1115,A4,4,0409,A4,4,3B34
17:11:32  A,216,B5,0,33
17:11:32  A,217,B1,0,36
17:11:32  A,218,B1,0,39,0,09H
17:11:32  [SLOT] n=507 tx=97 ack=4 due=0 r=1
17:11:32  [AT] "AT+CIPSEND=98" (13)
17:11:32  [AT] " S,485,0110000010,0000000000,608,P1,34A,1112,A5,4,02A,1113,A3,4,05A,1114,B2,4,00A,1115,A4,4,04" (94)
17:11:32  [AT] "SEND OK" (7)
17:11:32  [AT] "+IPD,68:T,1116,S,B1,1,6E" (24)
17:11:32  [SLOT-OOW] +492ms
17:11:32  [AT] "T,1117,S,A1,1,6C" (16)
17:11:32  [AT] "T,1118,S,A2,1,60" (16)
17:11:32  [AT] "T,1119,S,B3,1,63" (16)
17:11:32  [AT] "OK" (2)
17:11:33  [TX] S,486,0110000010,0000000000,609,P1,36
17:11:33  A,1116,B1,4,01
17:11:33  A,1117,A1,4,03
17:11:33  A,1118,A2,4,0F
17:11:33  A,1119,B3,4,0C09,A4,4,3B34
17:11:33  A,216,B5,0,33
17:11:33  A,217,B1,0,36
17:11:33  A,218,B1,0,39,0,09H
17:11:33  [SLOT] n=508 tx=97 ack=4 due=0 r=1
17:11:33  [AT] "AT+CIPSEND=98" (13)
17:11:33  [AT] " S,486,0110000010,0000000000,609,P1,36A,1116,B1,4,01A,1117,A1,4,03A,1118,A2,4,0FA,1119,B3,4,0C" (94)
17:11:33  [AT] "SEND OK" (7)
17:11:33  [AT] "+IPD,68:T,1120,S,A5,1,6C" (24)
17:11:34  [SLOT-OOW] +303ms
17:11:34  [AT] "T,1121,S,A3,1,6B" (16)
17:11:34  [AT] "T,1122,S,B2,1,6A" (16)
17:11:34  [AT] "T,1123,S,A4,1,6E" (16)
17:11:34  [AT] "OK" (2)
17:11:35  [TX] S,487,0110000010,0000000000,610,P1,3F
17:11:35  A,1120,A5,4,03
17:11:35  A,1121,A3,4,04
17:11:35  A,1122,B2,4,05
17:11:35  A,1123,A4,4,0109,A4,4,3B34
17:11:35  A,216,B5,0,33
17:11:35  A,217,B1,0,36
17:11:35  A,218,B1,0,39,0,09H
17:11:35  [SLOT] n=509 tx=97 ack=4 due=0 r=1
17:11:35  [AT] "AT+CIPSEND=98" (13)
17:11:35  [AT] " S,487,0110000010,0000000000,610,P1,3FA,1120,A5,4,03A,1121,A3,4,04A,1122,B2,4,05A,1123,A4,4,01" (94)
17:11:35  [AT] "SEND OK" (7)
17:11:35  [AT] "+IPD,68:T,1124,S,A2,1,6F" (24)
17:11:35  [SLOT-OOW] +337ms
17:11:35  [AT] "T,1125,S,A1,1,6D" (16)
17:11:35  [AT] "T,1126,S,B1,1,6D" (16)
17:11:35  [AT] "T,1127,S,B3,1,6E" (16)
17:11:35  [AT] "OK" (2)
17:11:36  [TX] S,488,0110000010,0000000000,612,P1,32
17:11:36  A,1124,A2,4,00
17:11:36  A,1125,A1,4,02
17:11:36  A,1126,B1,4,02
17:11:36  A,1127,B3,4,0109,A4,4,3B34
17:11:36  A,216,B5,0,33
17:11:36  A,217,B1,0,36
17:11:36  A,218,B1,0,39,0,09H
17:11:36  [SLOT] n=510 tx=97 ack=4 due=0 r=1
17:11:36  [AT] "AT+CIPSEND=98" (13)
17:11:36  [AT] " S,488,0110000010,0000000000,612,P1,32A,1124,A2,4,00A,1125,A1,4,02A,1126,B1,4,02A,1127,B3,4,01" (94)
17:11:36  [AT] "SEND OK" (7)
17:11:36  [AT] "+IPD,68:T,1128,S,A3,1,62" (24)
17:11:36  [SLOT-OOW] +473ms
17:11:36  [AT] "T,1129,S,A5,1,65" (16)
17:11:36  [AT] "T,1130,S,B2,1,69" (16)
17:11:36  [AT] "T,1131,S,A4,1,6D" (16)
17:11:36  [AT] "OK" (2)
17:11:37  [TX] S,489,0110000010,0000000000,613,P1,32
17:11:37  A,1128,A3,4,0D
17:11:37  A,1129,A5,4,0A
17:11:37  A,1130,B2,4,06
17:11:37  A,1131,A4,4,0209,A4,4,3B34
17:11:37  A,216,B5,0,33
17:11:37  A,217,B1,0,36
17:11:37  A,218,B1,0,39,0,09H
17:11:37  [SLOT] n=511 tx=97 ack=4 due=0 r=1
17:11:37  [AT] "AT+CIPSEND=98" (13)
17:11:37  [AT] " S,489,0110000010,0000000000,613,P1,32A,1128,A3,4,0DA,1129,A5,4,0AA,1130,B2,4,06A,1131,A4,4,02" (94)
17:11:37  [AT] "SEND OK" (7)
17:11:37  [AT] "+IPD,68:T,1132,S,A1,1,6B" (24)
17:11:37  [SLOT-OOW] +297ms
17:11:37  [AT] "T,1133,S,A2,1,69" (16)
17:11:37  [AT] "T,1134,S,B3,1,6C" (16)
17:11:37  [AT] "T,1135,S,B1,1,6F" (16)
17:11:37  [AT] "OK" (2)
17:11:38  [TX] S,490,0110000010,0000000000,614,P1,3D
17:11:38  A,1132,A1,4,04
17:11:38  A,1133,A2,4,06
17:11:38  A,1134,B3,4,03
17:11:38  A,1135,B1,4,0009,A4,4,3B34
17:11:38  A,216,B5,0,33
17:11:38  A,217,B1,0,36
17:11:38  A,218,B1,0,39,0,09H
17:11:38  [SLOT] n=512 tx=97 ack=4 due=0 r=1
17:11:38  [AT] "AT+CIPSEND=98" (13)
17:11:38  [AT] " S,490,0110000010,0000000000,614,P1,3DA,1132,A1,4,04A,1133,A2,4,06A,1134,B3,4,03A,1135,B1,4,00" (94)
17:11:38  [AT] "SEND OK" (7)
17:11:39  [AT] "+IPD,68:T,1136,S,B2,1,6F" (24)
17:11:39  [AT] "T,1137,S,A3,1,6C" (16)
17:11:39  [AT] "T,1138,S,A4,1,64" (16)
17:11:39  [AT] "T,1139,S,A5,1,64" (16)
17:11:39  [AT] "OK" (2)
17:11:39  [TX] S,491,0110000010,0000000000,615,P1,3D
17:11:39  A,1136,B2,4,00
17:11:39  A,1137,A3,4,03
17:11:39  A,1138,A4,4,0B
17:11:39  A,1139,A5,4,0B09,A4,4,3B34
17:11:39  A,216,B5,0,33
17:11:39  A,217,B1,0,36
17:11:39  A,218,B1,0,39,0,09H
17:11:39  [SLOT] n=513 tx=97 ack=4 due=0 r=1
17:11:39  [AT] "AT+CIPSEND=98" (13)
17:11:40  [AT] " S,491,0110000010,0000000000,615,P1,3DA,1136,B2,4,00A,1137,A3,4,03A,1138,A4,4,0BA,1139,A5,4,0B" (94)
17:11:40  [AT] "SEND OK" (7)
17:11:40  [AT] "+IPD,68:T,1140,S,A2,1,6D" (24)
17:11:40  [SLOT-OOW] +535ms
17:11:40  [AT] "T,1141,S,B1,1,6C" (16)
17:11:40  [AT] "T,1142,S,B3,1,6D" (16)
17:11:40  [AT] "T,1143,S,A1,1,6D" (16)
17:11:40  [AT] "OK" (2)
17:11:41  [TX] S,492,0110000010,0000000000,616,P1,3D
17:11:41  A,1140,A2,4,02
17:11:41  A,1141,B1,4,03
17:11:41  A,1142,B3,4,02
17:11:41  A,1143,A1,4,0209,A4,4,3B34
17:11:41  A,216,B5,0,33
17:11:41  A,217,B1,0,36
17:11:41  A,218,B1,0,39,0,09H
17:11:41  [SLOT] n=514 tx=97 ack=4 due=0 r=1
17:11:41  [AT] "AT+CIPSEND=98" (13)
17:11:41  [AT] " S,492,0110000010,0000000000,616,P1,3DA,1140,A2,4,02A,1141,B1,4,03A,1142,B3,4,02A,1143,A1,4,02" (94)
17:11:41  [AT] "SEND OK" (7)
17:11:41  [AT] "+IPD,68:T,1144,S,A4,1,6F" (24)
17:11:41  [SLOT-OOW] +331ms
17:11:41  [AT] "T,1145,S,B2,1,6B" (16)
17:11:41  [AT] "T,1146,S,A3,1,6A" (16)
17:11:41  [AT] "T,1147,S,A5,1,6D" (16)
17:11:41  [AT] "OK" (2)
17:11:42  [TX] S,493,0110000010,0000000000,618,P1,32
17:11:42  A,1144,A4,4,00
17:11:42  A,1145,B2,4,04
17:11:42  A,1146,A3,4,05
17:11:42  A,1147,A5,4,0209,A4,4,3B34
17:11:42  A,216,B5,0,33
17:11:42  A,217,B1,0,36
17:11:42  A,218,B1,0,39,0,09H
17:11:42  [SLOT] n=515 tx=97 ack=4 due=0 r=1
17:11:42  [AT] "AT+CIPSEND=98" (13)
17:11:42  [AT] " S,493,0110000010,0000000000,618,P1,32A,1144,A4,4,00A,1145,B2,4,04A,1146,A3,4,05A,1147,A5,4,02" (94)
17:11:42  [AT] "SEND OK" (7)
17:11:42  [AT] "+IPD,68:T,1148,S,B1,1,65" (24)
17:11:42  [SLOT-OOW] +483ms
17:11:42  [AT] "T,1149,S,A1,1,67" (16)
17:11:42  [AT] "T,1150,S,A2,1,6C" (16)
17:11:42  [AT] "T,1151,S,B3,1,6F" (16)
17:11:42  [AT] "OK" (2)
17:11:43  [TX] S,494,0110000010,0000000000,619,P1,34
17:11:43  A,1148,B1,4,0A
17:11:43  A,1149,A1,4,08
17:11:43  A,1150,A2,4,03
17:11:43  A,1151,B3,4,0009,A4,4,3B34
17:11:43  A,216,B5,0,33
17:11:43  A,217,B1,0,36
17:11:43  A,218,B1,0,39,0,09H
17:11:43  [SLOT] n=516 tx=97 ack=4 due=0 r=1
17:11:43  [AT] "AT+CIPSEND=98" (13)
17:11:43  [AT] " S,494,0110000010,0000000000,619,P1,34A,1148,B1,4,0AA,1149,A1,4,08A,1150,A2,4,03A,1151,B3,4,00" (94)
17:11:43  [AT] "SEND OK" (7)
17:11:43  [AT] "+IPD,68:T,1152,S,B2,1,6D" (24)
17:11:43  [SLOT-OOW] +306ms
17:11:43  [AT] "T,1153,S,A5,1,68" (16)
17:11:43  [AT] "T,1154,S,A3,1,69" (16)
17:11:43  [AT] "T,1155,S,A4,1,6F" (16)
17:11:43  [AT] "OK" (2)
17:11:44  [TX] S,495,0110000010,0000000000,620,P1,3F
17:11:44  A,1152,B2,4,02
17:11:44  A,1153,A5,4,07
17:11:44  A,1154,A3,4,06
17:11:44  A,1155,A4,4,0009,A4,4,3B34
17:11:44  A,216,B5,0,33
17:11:44  A,217,B1,0,36
17:11:44  A,218,B1,0,39,0,09H
17:11:44  [SLOT] n=517 tx=97 ack=4 due=0 r=1
17:11:44  [AT] "AT+CIPSEND=98" (13)
17:11:44  [AT] " S,495,0110000010,0000000000,620,P1,3FA,1152,B2,4,02A,1153,A5,4,07A,1154,A3,4,06A,1155,A4,4,00" (94)
17:11:44  [AT] "SEND OK" (7)
17:11:44  [AT] "+IPD,68:T,1156,S,B3,1,68" (24)
17:11:44  [SLOT-OOW] +295ms
17:11:44  [AT] "T,1157,S,B1,1,6B" (16)
17:11:44  [AT] "T,1158,S,A1,1,67" (16)
17:11:44  [AT] "T,1159,S,A2,1,65" (16)
17:11:44  [AT] "OK" (2)
17:11:45  [TX] S,496,0110000010,0000000000,621,P1,3D
17:11:45  A,1156,B3,4,07
17:11:45  A,1157,B1,4,04
17:11:45  A,1158,A1,4,08
17:11:45  A,1159,A2,4,0A09,A4,4,3B34
17:11:45  A,216,B5,0,33
17:11:45  A,217,B1,0,36
17:11:45  A,218,B1,0,39,0,09H
17:11:45  [SLOT] n=518 tx=97 ack=4 due=0 r=1
17:11:45  [AT] "AT+CIPSEND=98" (13)
17:11:45  [AT] " S,496,0110000010,0000000000,621,P1,3DA,1156,B3,4,07A,1157,B1,4,04A,1158,A1,4,08A,1159,A2,4,0A" (94)
17:11:45  [AT] "SEND OK" (7)
17:11:45  [AT] "+IPD,68:T,1160,S,B2,1,6C" (24)
17:11:45  [SLOT-OOW] +357ms
17:11:45  [AT] "T,1161,S,A3,1,6F" (16)
17:11:45  [AT] "T,1162,S,A5,1,6A" (16)
17:11:45  [AT] "T,1163,S,A4,1,6A" (16)
17:11:45  [AT] "OK" (2)
17:11:46  [TX] S,497,0110000010,0000000000,622,P1,3F
17:11:46  A,1160,B2,4,03
17:11:46  A,1161,A3,4,00
17:11:46  A,1162,A5,4,05
17:11:47  A,1163,A4,4,0509,A4,4,3B34
17:11:47  A,216,B5,0,33
17:11:47  A,217,B1,0,36
17:11:47  A,218,B1,0,39,0,09H
17:11:47  [SLOT] n=519 tx=97 ack=4 due=0 r=1
17:11:47  [AT] "AT+CIPSEND=98" (13)
17:11:47  [AT] " S,497,0110000010,0000000000,622,P1,3FA,1160,B2,4,03A,1161,A3,4,00A,1162,A5,4,05A,1163,A4,4,05" (94)
17:11:47  [AT] "SEND OK" (7)
17:11:47  [AT] "+IPD,68:T,1164,S,A2,1,6B" (24)
17:11:47  [SLOT-OOW] +332ms
17:11:47  [AT] "T,1165,S,A1,1,69" (16)
17:11:47  [AT] "T,1166,S,B3,1,6B" (16)
17:11:47  [AT] "T,1167,S,B1,1,68" (16)
17:11:47  [AT] "OK" (2)
17:11:48  [TX] S,498,0110000010,0000000000,624,P1,36
17:11:48  A,1164,A2,4,04
17:11:48  A,1165,A1,4,06
17:11:48  A,1166,B3,4,04
17:11:48  A,1167,B1,4,0709,A4,4,3B34
17:11:48  A,216,B5,0,33
17:11:48  A,217,B1,0,36
17:11:48  A,218,B1,0,39,0,09H
17:11:48  [SLOT] n=520 tx=97 ack=4 due=0 r=1
17:11:48  [AT] "AT+CIPSEND=98" (13)
17:11:48  [AT] " S,498,0110000010,0000000000,624,P1,36A,1164,A2,4,04A,1165,A1,4,06A,1166,B3,4,04A,1167,B1,4,07" (94)
17:11:48  [AT] "SEND OK" (7)
17:11:48  [AT] "+IPD,68:T,1168,S,A4,1,61" (24)
17:11:48  [SLOT-OOW] +305ms
17:11:48  [AT] "T,1169,S,A5,1,61" (16)
17:11:48  [AT] "T,1170,S,B2,1,6D" (16)
17:11:48  [AT] "T,1171,S,A3,1,6E" (16)
17:11:48  [AT] "OK" (2)
17:11:49  [TX] S,499,0110000010,0000000000,625,P1,36
17:11:49  A,1168,A4,4,0E
17:11:49  A,1169,A5,4,0E
17:11:49  A,1170,B2,4,02
17:11:49  A,1171,A3,4,0109,A4,4,3B34
17:11:49  A,216,B5,0,33
17:11:49  A,217,B1,0,36
17:11:49  A,218,B1,0,39,0,09H
17:11:49  [SLOT] n=521 tx=97 ack=4 due=0 r=1
17:11:49  [AT] "AT+CIPSEND=98" (13)
17:11:49  [AT] " S,499,0110000010,0000000000,625,P1,36A,1168,A4,4,0EA,1169,A5,4,0EA,1170,B2,4,02A,1171,A3,4,01" (94)
17:11:49  [AT] "SEND OK" (7)
17:11:49  [AT] "+IPD,68:T,1172,S,A1,1,6F" (24)
17:11:49  [SLOT-OOW] +287ms
17:11:49  [AT] "T,1173,S,A2,1,6D" (16)
17:11:49  [AT] "T,1174,S,B3,1,68" (16)
17:11:49  [AT] "T,1175,S,B1,1,6B" (16)
17:11:49  [AT] "OK" (2)
17:11:50  [TX] S,500,0110000010,0000000000,626,P1,34
17:11:50  A,1172,A1,4,00
17:11:50  A,1173,A2,4,02
17:11:50  A,1174,B3,4,07
17:11:50  A,1175,B1,4,0409,A4,4,3B34
17:11:50  A,216,B5,0,33
17:11:50  A,217,B1,0,36
17:11:50  A,218,B1,0,39,0,09H
17:11:50  [SLOT] n=522 tx=97 ack=4 due=0 r=1
17:11:50  [AT] "AT+CIPSEND=98" (13)
17:11:50  [AT] " S,500,0110000010,0000000000,626,P1,34A,1172,A1,4,00A,1173,A2,4,02A,1174,B3,4,07A,1175,B1,4,04" (94)
17:11:50  [AT] "SEND OK" (7)
17:11:50  [AT] "+IPD,68:T,1176,S,A4,1,6E" (24)
17:11:50  [SLOT-OOW] +307ms
17:11:50  [AT] "T,1177,S,A5,1,6E" (16)
17:11:50  [AT] "T,1178,S,B2,1,65" (16)
17:11:50  [AT] "T,1179,S,A3,1,66" (16)
17:11:50  [AT] "OK" (2)
17:11:51  [TX] S,501,0110000010,0000000000,627,P1,34
17:11:51  A,1176,A4,4,01
17:11:51  A,1177,A5,4,01
17:11:51  A,1178,B2,4,0A
17:11:51  A,1179,A3,4,0909,A4,4,3B34
17:11:51  A,216,B5,0,33
17:11:51  A,217,B1,0,36
17:11:51  A,218,B1,0,39,0,09H
17:11:51  [SLOT] n=523 tx=97 ack=4 due=0 r=1
17:11:51  [AT] "AT+CIPSEND=98" (13)
17:11:51  [AT] " S,501,0110000010,0000000000,627,P1,34A,1176,A4,4,01A,1177,A5,4,01A,1178,B2,4,0AA,1179,A3,4,09" (94)
17:11:51  [AT] "SEND OK" (7)
17:11:51  [AT] "+IPD,68:T,1180,S,B3,1,63" (24)
17:11:51  [SLOT-OOW] +296ms
17:11:51  [AT] "T,1181,S,A1,1,63" (16)
17:11:51  [AT] "T,1182,S,B1,1,63" (16)
17:11:51  [AT] "T,1183,S,A2,1,62" (16)
17:11:51  [AT] "OK" (2)
17:11:52  [TX] S,502,0110000010,0000000000,628,P1,38
17:11:52  A,1180,B3,4,0C
17:11:52  A,1181,A1,4,0C
17:11:52  A,1182,B1,4,0C
17:11:52  A,1183,A2,4,0D09,A4,4,3B34
17:11:52  A,216,B5,0,33
17:11:52  A,217,B1,0,36
17:11:52  A,218,B1,0,39,0,09H
17:11:53  [SLOT] n=524 tx=97 ack=4 due=0 r=1
17:11:53  [AT] "AT+CIPSEND=98" (13)
17:11:53  [AT] " S,502,0110000010,0000000000,628,P1,38A,1180,B3,4,0CA,1181,A1,4,0CA,1182,B1,4,0CA,1183,A2,4,0D" (94)
17:11:53  [AT] "SEND OK" (7)
17:11:53  [AT] "+IPD,68:T,1184,S,A5,1,62" (24)
17:11:53  [SLOT-OOW] +314ms
17:11:53  [AT] "T,1185,S,A3,1,65" (16)
17:11:53  [AT] "T,1186,S,A4,1,61" (16)
17:11:53  [AT] "T,1187,S,B2,1,65" (16)
17:11:53  [AT] "OK" (2)
17:11:54  [TX] S,503,0110000010,0000000000,630,P1,30
17:11:54  A,1184,A5,4,0D
17:11:54  A,1185,A3,4,0A
17:11:54  A,1186,A4,4,0E
17:11:54  A,1187,B2,4,0A09,A4,4,3B34
17:11:54  A,216,B5,0,33
17:11:54  A,217,B1,0,36
17:11:54  A,218,B1,0,39,0,09H
17:11:54  [SLOT] n=525 tx=97 ack=4 due=0 r=1
17:11:54  [AT] "AT+CIPSEND=98" (13)
17:11:54  [AT] " S,503,0110000010,0000000000,630,P1,30A,1184,A5,4,0DA,1185,A3,4,0AA,1186,A4,4,0EA,1187,B2,4,0A" (94)
17:11:54  [AT] "SEND OK" (7)
17:11:54  [AT] "+IPD,68:T,1188,S,A1,1,6A" (24)
17:11:54  [SLOT-OOW] +332ms
17:11:54  [AT] "T,1189,S,B1,1,68" (16)
17:11:54  [AT] "T,1190,S,A2,1,60" (16)
17:11:54  [AT] "T,1191,S,B3,1,63" (16)
17:11:54  [AT] "OK" (2)
17:11:55  [TX] S,504,0110000010,0000000000,631,P1,36
17:11:55  A,1188,A1,4,05
17:11:55  A,1189,B1,4,07
17:11:55  A,1190,A2,4,0F
17:11:55  A,1191,B3,4,0C09,A4,4,3B34
17:11:55  A,216,B5,0,33
17:11:55  A,217,B1,0,36
17:11:55  A,218,B1,0,39,0,09H
17:11:55  [SLOT] n=526 tx=97 ack=4 due=0 r=1
17:11:55  [AT] "AT+CIPSEND=98" (13)
17:11:55  [AT] " S,504,0110000010,0000000000,631,P1,36A,1188,A1,4,05A,1189,B1,4,07A,1190,A2,4,0FA,1191,B3,4,0C" (94)
17:11:55  [AT] "SEND OK" (7)
17:11:55  [AT] "+IPD,68:T,1192,S,A4,1,64" (24)
17:11:55  [SLOT-OOW] +357ms
17:11:55  [AT] "T,1193,S,A3,1,62" (16)
17:11:55  [AT] "T,1194,S,A5,1,63" (16)
17:11:55  [AT] "T,1195,S,B2,1,66" (16)
17:11:55  [AT] "OK" (2)
17:11:56  [TX] S,505,0110000010,0000000000,632,P1,34
17:11:56  A,1192,A4,4,0B
17:11:56  A,1193,A3,4,0D
17:11:56  A,1194,A5,4,0C
17:11:56  A,1195,B2,4,0909,A4,4,3B34
17:11:56  A,216,B5,0,33
17:11:56  A,217,B1,0,36
17:11:56  A,218,B1,0,39,0,09H
17:11:56  [SLOT] n=527 tx=97 ack=4 due=0 r=1
17:11:56  [AT] "AT+CIPSEND=98" (13)
17:11:56  [AT] " S,505,0110000010,0000000000,632,P1,34A,1192,A4,4,0BA,1193,A3,4,0DA,1194,A5,4,0CA,1195,B2,4,09" (94)
17:11:56  [AT] "SEND OK" (7)
17:11:56  [AT] "+IPD,51:T,1196,S,A2,1,66" (24)
17:11:56  [SLOT-OOW] +297ms
17:11:56  [AT] "T,1197,S,B3,1,65" (16)
17:11:56  [AT] "T,1198,S,A1,1,6B" (16)
17:11:56  [AT] "OK" (2)
17:11:57  [TX] S,506,0110000010,0000000000,633,P1,36
17:11:57  A,1196,A2,4,09
17:11:57  A,1197,B3,4,0A
17:11:57  A,1198,A1,4,04
17:11:57  A,1195,B2,4,0909,A4,4,3B34
17:11:57  A,216,B5,0,33
17:11:57  A,217,B1,0,36
17:11:57  A,218,B1,0,39,0,09H
17:11:57  [SLOT] n=528 tx=82 ack=3 due=0 r=1
17:11:57  [AT] "AT+CIPSEND=83" (13)
17:11:57  [AT] " S,506,0110000010,0000000000,633,P1,36A,1196,A2,4,09A,1197,B3,4,0AA,1198,A1,4,04" (80)
17:11:57  [AT] "SEND OK" (7)
17:11:57  [AT] "+IPD,51:T,1199,S,A4,1,6F" (24)
17:11:57  [SLOT-OOW] +267ms
17:11:57  [AT] "T,1200,S,A5,1,6D" (16)
17:11:57  [AT] "T,1201,S,B2,1,68" (16)
17:11:57  [AT] "OK" (2)
17:11:58  [TX] S,507,0110000010,0000000000,634,P1,30
17:11:58  A,1199,A4,4,00
17:11:58  A,1200,A5,4,02
17:11:58  A,1201,B2,4,07
17:11:58  A,1195,B2,4,0909,A4,4,3B34
17:11:58  A,216,B5,0,33
17:11:58  A,217,B1,0,36
17:11:58  A,218,B1,0,39,0,09H
17:11:58  [SLOT] n=529 tx=82 ack=3 due=0 r=1
17:11:58  [AT] "AT+CIPSEND=83" (13)
17:11:59  [AT] " S,507,0110000010,0000000000,634,P1,30A,1199,A4,4,00A,1200,A5,4,02A,1201,B2,4,07" (80)
17:11:59  [AT] "SEND OK" (7)
17:11:59  [AT] "+IPD,51:T,1202,S,A2,1,68" (24)
17:11:59  [SLOT-OOW] +428ms
17:11:59  [AT] "T,1203,S,B3,1,6B" (16)
17:11:59  [AT] "T,1204,S,A1,1,6D" (16)
17:11:59  [AT] "OK" (2)
17:12:00  [TX] S,508,0110000010,0000000000,636,P1,3D
17:12:00  A,1202,A2,4,07
17:12:00  A,1203,B3,4,04
17:12:00  A,1204,A1,4,02
17:12:00  A,1195,B2,4,0909,A4,4,3B34
17:12:00  A,216,B5,0,33
17:12:00  A,217,B1,0,36
17:12:00  A,218,B1,0,39,0,09H
17:12:00  [SLOT] n=530 tx=82 ack=3 due=0 r=1
17:12:00  [AT] "AT+CIPSEND=83" (13)
17:12:00  [AT] " S,508,0110000010,0000000000,636,P1,3DA,1202,A2,4,07A,1203,B3,4,04A,1204,A1,4,02" (80)
17:12:00  [AT] "SEND OK" (7)
17:12:00  [AT] "+IPD,51:T,1205,S,A5,1,68" (24)
17:12:00  [SLOT-OOW] +253ms
17:12:00  [AT] "T,1206,S,A4,1,6A" (16)
17:12:00  [AT] "T,1207,S,B2,1,6E" (16)
17:12:00  [AT] "OK" (2)
17:12:01  [TX] S,509,0110000010,0000000000,637,P1,3D
17:12:01  A,1205,A5,4,07
17:12:01  A,1206,A4,4,05
17:12:01  A,1207,B2,4,01
17:12:01  A,1195,B2,4,0909,A4,4,3B34
17:12:01  A,216,B5,0,33
17:12:01  A,217,B1,0,36
17:12:01  A,218,B1,0,39,0,09H
17:12:01  [SLOT] n=531 tx=82 ack=3 due=0 r=1
17:12:01  [AT] "AT+CIPSEND=83" (13)
17:12:01  [AT] " S,509,0110000010,0000000000,637,P1,3DA,1205,A5,4,07A,1206,A4,4,05A,1207,B2,4,01" (80)
17:12:01  [AT] "SEND OK" (7)
17:12:01  [AT] "+IPD,34:T,1208,S,A2,1,62" (24)
17:12:01  [SLOT-OOW] +277ms
17:12:01  [AT] "T,1209,S,A1,1,60" (16)
17:12:01  [AT] "OK" (2)
17:12:02  [TX] S,510,0110000010,0000000000,638,P1,3A
17:12:02  A,1208,A2,4,0D
17:12:02  A,1209,A1,4,0F
17:12:02  A,1207,B2,4,01
17:12:02  A,1195,B2,4,0909,A4,4,3B34
17:12:02  A,216,B5,0,33
17:12:02  A,217,B1,0,36
17:12:02  A,218,B1,0,39,0,09H
17:12:02  [SLOT] n=532 tx=67 ack=2 due=0 r=1
17:12:02  [AT] "AT+CIPSEND=68" (13)
17:12:02  [AT] " S,510,0110000010,0000000000,638,P1,3AA,1208,A2,4,0DA,1209,A1,4,0F" (66)
17:12:02  [AT] "SEND OK" (7)
17:12:02  [AT] "+IPD,17:T,1210,S,A5,1,6C" (24)
17:12:02  [SLOT-OOW] +214ms
17:12:02  [AT] "OK" (2)
17:12:03  [TX] S,511,0110000010,0000000000,639,P1,3A
17:12:03  A,1210,A5,4,03
17:12:03  A,1209,A1,4,0F
17:12:03  A,1207,B2,4,01
17:12:03  A,1195,B2,4,0909,A4,4,3B34
17:12:03  A,216,B5,0,33
17:12:03  A,217,B1,0,36
17:12:03  A,218,B1,0,39,0,09H
17:12:03  [SLOT] n=533 tx=52 ack=1 due=0 r=1
17:12:03  [AT] "AT+CIPSEND=53" (13)
17:12:03  [AT] " S,511,0110000010,0000000000,639,P1,3AA,1210,A5,4,03" (52)
17:12:03  [AT] "SEND OK" (7)
17:12:04  [TX] S,512,0110000010,0000000000,640,P1,37
17:12:04  [SLOT] n=534 tx=37 ack=0 due=0 r=1
17:12:04  [AT] "AT+CIPSEND=38" (13)
17:12:04  [AT] " S,512,0110000010,0000000000,640,P1,37" (38)
17:12:04  [AT] "SEND OK" (7)
17:12:04  [AT] "+IPD,17:T,1211,S,A5,1,6D" (24)
17:12:04  [SLOT-OOW] +149ms
17:12:04  [AT] "OK" (2)
17:12:06  [TX] S,513,0110000010,0000000000,642,P1,34
17:12:06  A,1211,A5,4,02
17:12:06  A,1209,A1,4,0F
17:12:06  A,1207,B2,4,01
17:12:06  A,1195,B2,4,0909,A4,4,3B34
17:12:06  A,216,B5,0,33
17:12:06  A,217,B1,0,36
17:12:06  A,218,B1,0,39,0,09H
17:12:06  [SLOT] n=535 tx=52 ack=1 due=0 r=1
17:12:06  [AT] "AT+CIPSEND=53" (13)
17:12:06  [AT] " S,513,0110000010,0000000000,642,P1,34A,1211,A5,4,02" (52)
17:12:06  [AT] "SEND OK" (7)
17:12:07  [TX] S,514,0110000010,0000000000,643,P1,32
17:12:07  [SLOT] n=536 tx=37 ack=0 due=0 r=1
17:12:07  [AT] "AT+CIPSEND=38" (13)
17:12:07  [AT] " S,514,0110000010,0000000000,643,P1,32" (38)
17:12:07  [AT] "SEND OK" (7)
17:12:07  [AT] "+IPD,17:T,1212,S,A5,1,6E" (24)
17:12:07  [SLOT-OOW] +184ms
17:12:07  [AT] "OK" (2)
17:12:08  [TX] S,515,0110000010,0000000000,644,P1,34
17:12:08  A,1212,A5,4,01
17:12:08  A,1209,A1,4,0F
17:12:08  A,1207,B2,4,01
17:12:08  A,1195,B2,4,0909,A4,4,3B34
17:12:08  A,216,B5,0,33
17:12:08  A,217,B1,0,36
17:12:08  A,218,B1,0,39,0,09H
17:12:08  [SLOT] n=537 tx=52 ack=1 due=0 r=1
17:12:08  [AT] "AT+CIPSEND=53" (13)
17:12:08  [AT] " S,515,0110000010,0000000000,644,P1,34A,1212,A5,4,01" (52)
17:12:08  [AT] "SEND OK" (7)
17:12:09  [TX] S,516,0110000010,0000000000,645,P1,36
17:12:09  [SLOT] n=538 tx=37 ack=0 due=0 r=1
17:12:09  [AT] "AT+CIPSEND=38" (13)
17:12:09  [AT] " S,516,0110000010,0000000000,645,P1,36" (38)
17:12:09  [AT] "SEND OK" (7)
17:12:10  [TX] S,517,0110000010,0000000000,646,P1,34
17:12:10  [SLOT] n=539 tx=37 ack=0 due=0 r=1
17:12:10  [AT] "AT+CIPSEND=38" (13)
17:12:10  [AT] " S,517,0110000010,0000000000,646,P1,34" (38)
17:12:10  [AT] "SEND OK" (7)
17:12:11  [TX] S,518,0110000010,0000000000,648,P1,35
17:12:11  [SLOT] n=540 tx=37 ack=0 due=0 r=1
17:12:11  [AT] "AT+CIPSEND=38" (13)
17:12:12  [AT] " S,518,0110000010,0000000000,648,P1,35" (38)
17:12:12  [AT] "SEND OK" (7)
17:12:13  [TX] S,519,0110000010,0000000000,649,P1,35
17:12:13  [SLOT] n=541 tx=37 ack=0 due=0 r=1
17:12:13  [AT] "AT+CIPSEND=38" (13)
17:12:13  [AT] " S,519,0110000010,0000000000,649,P1,35" (38)
17:12:13  [AT] "SEND OK" (7)
17:12:14  [TX] S,520,0110000010,0000000000,650,P1,37
17:12:14  [SLOT] n=542 tx=37 ack=0 due=0 r=1
17:12:14  [AT] "AT+CIPSEND=38" (13)
17:12:14  [AT] " S,520,0110000010,0000000000,650,P1,37" (38)
17:12:14  [AT] "SEND OK" (7)
17:12:14  [AT] "+IPD,68:T,1213,S,B2,1,6B" (24)
17:12:14  [SLOT-OOW] +335ms
17:12:14  [AT] "T,1214,S,A1,1,6C" (16)
17:12:14  [AT] "T,1215,S,B3,1,6C" (16)
17:12:14  [AT] "T,1216,S,A2,1,6D" (16)
17:12:14  [AT] "OK" (2)
17:12:15  [TX] S,521,0110000010,0000000000,651,P1,37
17:12:15  A,1213,B2,4,04
17:12:15  A,1214,A1,4,03
17:12:15  A,1215,B3,4,03
17:12:15  A,1216,A2,4,0209,A4,4,3B34
17:12:15  A,216,B5,0,33
17:12:15  A,217,B1,0,36
17:12:15  A,218,B1,0,39,0,09H
17:12:15  [SLOT] n=543 tx=97 ack=4 due=0 r=1
17:12:15  [AT] "AT+CIPSEND=98" (13)
17:12:15  [AT] " S,521,0110000010,0000000000,651,P1,37A,1213,B2,4,04A,1214,A1,4,03A,1215,B3,4,03A,1216,A2,4,02" (94)
17:12:15  [AT] "SEND OK" (7)
17:12:15  [AT] "+IPD,68:T,1217,S,A4,1,6A" (24)
17:12:15  [SLOT-OOW] +304ms
17:12:15  [AT] "T,1218,S,A3,1,62" (16)
17:12:15  [AT] "T,1219,S,A5,1,65" (16)
17:12:15  [AT] "T,1220,S,B1,1,68" (16)
17:12:15  [AT] "OK" (2)
17:12:16  [TX] S,522,0110000010,0000000000,652,P1,37
17:12:16  A,1217,A4,4,05
17:12:16  A,1218,A3,4,0D
17:12:16  A,1219,A5,4,0A
17:12:16  A,1220,B1,4,0709,A4,4,3B34
17:12:16  A,216,B5,0,33
17:12:16  A,217,B1,0,36
17:12:16  A,218,B1,0,39,0,09H
17:12:16  [SLOT] n=544 tx=97 ack=4 due=0 r=1
17:12:16  [AT] "AT+CIPSEND=98" (13)
17:12:16  [AT] " S,522,0110000010,0000000000,652,P1,37A,1217,A4,4,05A,1218,A3,4,0DA,1219,A5,4,0AA,1220,B1,4,07" (94)
17:12:16  [AT] "SEND OK" (7)
17:12:16  [AT] "+IPD,68:T,1221,S,B2,1,6A" (24)
17:12:16  [SLOT-OOW] +319ms
17:12:16  [AT] "T,1222,S,B3,1,68" (16)
17:12:16  [AT] "T,1223,S,A68" (12)
17:12:16  [CKSUM NG] T,1223,S,A68
17:12:16  [AT] "T,1224,S,A2,1,6C" (16)
17:12:16  [AT] "OK" (2)
17:12:18  [TX] S,523,0110000010,0000000000,654,P1,30
17:12:18  A,1221,B2,4,05
17:12:18  A,1222,B3,4,07
17:12:18  A,1224,A2,4,03
17:12:18  A,1220,B1,4,0709,A4,4,3B34
17:12:18  A,216,B5,0,33
17:12:18  A,217,B1,0,36
17:12:18  A,218,B1,0,39,0,09H
17:12:18  [SLOT] n=545 tx=82 ack=3 due=0 r=1
17:12:18  [AT] "AT+CIPSEND=83" (13)
17:12:18  [AT] " S,523,0110000010,0000000000,654,P1,30A,1221,B2,4,05A,1222,B3,4,07A,1224,A2,4,03" (80)
17:12:18  [AT] "SEND OK" (7)
17:12:18  [AT] "+IPD,68:T,1225,S,B1,1,6D" (24)
17:12:18  [SLOT-OOW] +428ms
17:12:18  [AT] "T,1226,S,A3,1,6F" (16)
17:12:18  [AT] "T,1227,S,A5,1,68" (16)
17:12:18  [AT] "T,1228,S,A4,1,66" (16)
17:12:18  [AT] "OK" (2)
17:12:19  [TX] S,524,0110000010,0000000000,655,P1,36
17:12:19  A,1225,B1,4,02
17:12:19  A,1226,A3,4,00
17:12:19  A,1227,A5,4,07
17:12:19  A,1228,A4,4,0909,A4,4,3B34
17:12:19  A,216,B5,0,33
17:12:19  A,217,B1,0,36
17:12:19  A,218,B1,0,39,0,09H
17:12:19  [SLOT] n=546 tx=97 ack=4 due=0 r=1
17:12:19  [AT] "AT+CIPSEND=98" (13)
17:12:19  [AT] " S,524,0110000010,0000000000,655,P1,36A,1225,B1,4,02A,1226,A3,4,00A,1227,A5,4,07A,1228,A4,4,09" (94)
17:12:19  [AT] "SEND OK" (7)
17:12:19  [AT] "+IPD,51:T,1229,S,B2,1,62" (24)
17:12:19  [SLOT-OOW] +352ms
17:12:19  [AT] "T,1230,S,B3,1,6B" (16)
17:12:19  [AT] "T,1231,S,A2,1,68" (16)
17:12:19  [AT] "OK" (2)
17:12:20  [TX] S,525,0110000010,0000000000,656,P1,34
17:12:20  A,1229,B2,4,0D
17:12:20  A,1230,B3,4,04
17:12:20  A,1231,A2,4,07
17:12:20  A,1228,A4,4,0909,A4,4,3B34
17:12:20  A,216,B5,0,33
17:12:20  A,217,B1,0,36
17:12:20  A,218,B1,0,39,0,09H
17:12:20  [SLOT] n=547 tx=82 ack=3 due=0 r=1
17:12:20  [AT] "AT+CIPSEND=83" (13)
17:12:20  [AT] " S,525,0110000010,0000000000,656,P1,34A,1229,B2,4,0DA,1230,B3,4,04A,1231,A2,4,07" (80)
17:12:20  [AT] "SEND OK" (7)
17:12:20  [AT] "+IPD,68:T,1223,S,A1,1,68" (24)
17:12:20  [SLOT-OOW] +284ms
17:12:20  [AT] "T,1232,S,B1,1,6B" (16)
17:12:20  [AT] "T,1233,S,A5,1,6D" (16)
17:12:20  [AT] "T,1234,S,A3,1,6C" (16)
17:12:20  [AT] "OK" (2)
17:12:21  [TX] S,526,0110000010,0000000000,657,P1,36
17:12:21  A,1223,A1,4,07
17:12:21  A,1232,B1,4,04
17:12:21  A,1233,A5,4,02
17:12:21  A,1234,A3,4,0309,A4,4,3B34
17:12:21  A,216,B5,0,33
17:12:21  A,217,B1,0,36
17:12:21  A,218,B1,0,39,0,09H
17:12:21  [SLOT] n=548 tx=97 ack=4 due=0 r=1
17:12:21  [AT] "AT+CIPSEND=98" (13)
17:12:21  [AT] " S,526,0110000010,0000000000,657,P1,36A,1223,A1,4,07A,1232,B1,4,04A,1233,A5,4,02A,1234,A3,4,03" (94)
17:12:21  [AT] "SEND OK" (7)
17:12:21  [AT] "+IPD,68:T,1235,S,A4,1,6A" (24)
17:12:21  [SLOT-OOW] +301ms
17:12:21  [AT] "T,1236,S,B2,1,6C" (16)
17:12:21  [AT] "T,1237,S,A2,1,6E" (16)
17:12:21  [AT] "T,1238,S,B3,1,63" (16)
17:12:21  [AT] "OK" (2)
17:12:22  [TX] S,527,0110000010,0000000000,658,P1,38
17:12:22  A,1235,A4,4,05
17:12:22  A,1236,B2,4,03
17:12:22  A,1237,A2,4,01
17:12:22  A,1238,B3,4,0C09,A4,4,3B34
17:12:22  A,216,B5,0,33
17:12:22  A,217,B1,0,36
17:12:22  A,218,B1,0,39,0,09H
17:12:22  [SLOT] n=549 tx=97 ack=4 due=0 r=1
17:12:22  [AT] "AT+CIPSEND=98" (13)
17:12:22  [AT] " S,527,0110000010,0000000000,658,P1,38A,1235,A4,4,05A,1236,B2,4,03A,1237,A2,4,01A,1238,B3,4,0C" (94)
17:12:22  [AT] "SEND OK" (7)
17:12:22  [AT] "+IPD,68:T,1239,S,B1,1,60" (24)
17:12:22  [SLOT-OOW] +305ms
17:12:22  [AT] "T,1240,S,A1,1,6D" (16)
17:12:22  [AT] "T,1241,S,A5,1,68" (16)
17:12:22  [AT] "T,1242,S,A3,1,6D" (16)
17:12:22  [AT] "OK" (2)
17:12:24  [TX] S,528,0110000010,0000000000,660,P1,3C
17:12:24  A,1239,B1,4,0F
17:12:24  A,1240,A1,4,02
17:12:24  A,1241,A5,4,07
17:12:24  A,1242,A3,4,0209,A4,4,3B34
17:12:24  A,216,B5,0,33
17:12:24  A,217,B1,0,36
17:12:24  A,218,B1,0,39,0,09H
17:12:24  [SLOT] n=550 tx=97 ack=4 due=0 r=1
17:12:24  [CNT] up=660 drop=1 esprst=2 resync=3 sendfail=0 okto=0 stuck=0 ackq=0 ackdrop=0 ackstale=0 slot=550 oow=269 smiss=2 ssovf=24 cksumng=24 okstream=528 penddrop=6 skip=0 online=1
17:12:24  [RAM] 최저 여유 627 B · 프롬프트 재동기 3회 (서버의 '버린줄' 과 맞아야 한다)
17:12:24  [AT] "AT+CIPSEND=98" (13)
17:12:24  [AT] " S,528,0110000010,0000000000,660,P1,3CA,1239,B1,4,0FA,1240,A1,4,02A,1241,A5,4,07A,1242,A3,4,02" (94)
17:12:24  [AT] "SEND OK" (7)
17:12:24  [AT] "+IPD,68:T,1243,S,B2,1,6E" (24)
17:12:24  [SLOT-OOW] +353ms
17:12:24  [AT] "T,1244,S,A2,1,6A" (16)
17:12:24  [AT] "T,1245,S,B3,1,69" (16)
17:12:24  [AT] "T,1246,S,A4,1,6E" (16)
17:12:24  [AT] "OK" (2)
17:12:25  [TX] S,529,0110000010,0000000000,661,P1,3C
17:12:25  A,1243,B2,4,01
17:12:25  A,1244,A2,4,05
17:12:25  A,1245,B3,4,06
17:12:25  A,1246,A4,4,0109,A4,4,3B34
17:12:25  A,216,B5,0,33
17:12:25  A,217,B1,0,36
17:12:25  A,218,B1,0,39,0,09H
17:12:25  [SLOT] n=551 tx=97 ack=4 due=0 r=1
17:12:25  [AT] "AT+CIPSEND=98" (13)
17:12:25  [AT] " S,529,0110000010,0000000000,661,P1,3CA,1243,B2,4,01A,1244,A2,4,05A,1245,B3,4,06A,1246,A4,4,01" (94)
17:12:25  [AT] "SEND OK" (7)
17:12:25  [AT] "+IPD,68:T,1247,S,A5,1,6E" (24)
17:12:25  [SLOT-OOW] +385ms
17:12:25  [AT] "T,1248,S,B1,1,66" (16)
17:12:25  [AT] "T,1249,S,A1,1,64" (16)
17:12:25  [AT] "T,1250,S,A3,1,6E" (16)
17:12:25  [AT] "OK" (2)
17:12:26  [TX] S,530,0110000010,0000000000,662,P1,37
17:12:26  A,1247,A5,4,01
17:12:26  A,1248,B1,4,09
17:12:26  A,1249,A1,4,0B
17:12:26  A,1250,A3,4,0109,A4,4,3B34
17:12:26  A,216,B5,0,33
17:12:26  A,217,B1,0,36
17:12:26  A,218,B1,0,39,0,09H
17:12:26  [SLOT] n=552 tx=97 ack=4 due=0 r=1
17:12:26  [AT] "AT+CIPSEND=98" (13)
17:12:26  [AT] " S,530,0110000010,0000000000,662,P1,37A,1247,A5,4,01A,1248,B1,4,09A,1249,A1,4,0BA,1250,A3,4,01" (94)
17:12:26  [AT] "SEND OK" (7)
17:12:26  [AT] "+IPD,68:T,1251,S,B3,1,6C" (24)
17:12:26  [SLOT-OOW] +286ms
17:12:26  [AT] "T,1252,S,A4,1,6B" (16)
17:12:26  [AT] "T,1253,S,B2,1,6F" (16)
17:12:26  [AT] "T,1254,S,A2,1,6B" (16)
17:12:26  [AT] "OK" (2)
17:12:27  [TX] S,531,0110000010,0000000000,663,P1,37
17:12:27  A,1251,B3,4,03
17:12:27  A,1252,A4,4,04
17:12:27  A,1253,B2,4,00
17:12:27  A,1254,A2,4,0409,A4,4,3B34
17:12:27  A,216,B5,0,33
17:12:27  A,217,B1,0,36
17:12:27  A,218,B1,0,39,0,09H
17:12:27  [SLOT] n=553 tx=97 ack=4 due=0 r=1
17:12:27  [AT] "AT+CIPSEND=98" (13)
17:12:27  [AT] " S,531,0110000010,0000000000,663,P1,37A,1251,B3,4,03A,1252,A4,4,04A,1253,B2,4,00A,1254,A2,4,04" (94)
17:12:27  [AT] "SEND OK" (7)
17:12:27  [AT] "+IPD,68:T,1255,S,A5,1,6D" (24)
17:12:27  [SLOT-OOW] +328ms
17:12:27  [AT] "T,1256,S,A3,1,68" (16)
17:12:27  [AT] "T,1257,S,A1,1,6B" (16)
17:12:27  [AT] "T,1258,S,B1,1,67" (16)
17:12:27  [AT] "OK" (2)
17:12:28  [TX] S,532,0110000010,0000000000,664,P1,33
17:12:28  A,1255,A5,4,02
17:12:28  A,1256,A3,4,07
17:12:28  A,1257,A1,4,04
17:12:28  A,1258,B1,4,0809,A4,4,3B34
17:12:28  A,216,B5,0,33
17:12:28  A,217,B1,0,36
17:12:28  A,218,B1,0,39,0,09H
17:12:28  [SLOT] n=554 tx=97 ack=4 due=0 r=1
17:12:28  [AT] "AT+CIPSEND=98" (13)
17:12:28  [AT] " S,532,0110000010,0000000000,664,P1,33A,1255,A5,4,02A,1256,A3,4,07A,1257,A1,4,04A,1258,B1,4,08" (94)
17:12:28  [AT] "SEND OK" (7)
17:12:28  [AT] "+IPD,68:T,1259,S,B2,1,65" (24)
17:12:28  [SLOT-OOW] +289ms
17:12:28  [AT] "T,1260,S,B3,1,6E" (16)
17:12:28  [AT] "T,1261,S,A4,1,6B" (16)
17:12:28  [AT] "T,1262,S,A2,1,6E" (16)
17:12:28  [AT] "OK" (2)
17:12:29  [TX] S,533,0110000010,0000000000,666,P1,30
17:12:29  A,1259,B2,4,0A
17:12:29  A,1260,B3,4,01
17:12:29  A,1261,A4,4,04
17:12:29  A,1262,A2,4,0109,A4,4,3B34
17:12:29  A,216,B5,0,33
17:12:30  A,217,B1,0,36
17:12:30  A,218,B1,0,39,0,09H
17:12:30  [SLOT] n=555 tx=97 ack=4 due=0 r=1
17:12:30  [AT] "AT+CIPSEND=98" (13)
17:12:30  [AT] " S,533,0110000010,0000000000,666,P1,30A,1259,B2,4,0AA,1260,B3,4,01A,1261,A4,4,04A,1262,A2,4,01" (94)
17:12:30  [AT] "SEND OK" (7)
17:12:30  [AT] "+IPD,68:T,1263,S,A5,1,68" (24)
17:12:30  [SLOT-OOW] +381ms
17:12:30  [AT] "T,1264,S,A1,1,6B" (16)
17:12:30  [AT] "T,1265,S,A3,1,68" (16)
17:12:30  [AT] "T,1266,S,B1,1,6A" (16)
17:12:30  [AT] "OK" (2)
17:12:31  [TX] S,534,0110000010,0000000000,667,P1,36
17:12:31  A,1263,A5,4,07
17:12:31  A,1264,A1,4,04
17:12:31  A,1265,A3,4,07
17:12:31  A,1266,B1,4,0509,A4,4,3B34
17:12:31  A,216,B5,0,33
17:12:31  A,217,B1,0,36
17:12:31  A,218,B1,0,39,0,09H
17:12:31  [SLOT] n=556 tx=97 ack=4 due=0 r=1
17:12:31  [AT] "AT+CIPSEND=98" (13)
17:12:31  [AT] " S,534,0110000010,0000000000,667,P1,36A,1263,A5,4,07A,1264,A1,4,04A,1265,A3,4,07A,1266,B1,4,05" (94)
17:12:31  [AT] "SEND OK" (7)
17:12:31  [AT] "+IPD,68:T,1267,S,B3,1,69" (24)
17:12:31  [SLOT-OOW] +302ms
17:12:31  [AT] "T,1268,S,B2,1,67" (16)
17:12:31  [AT] "T,1269,S,A4,1,63" (16)
17:12:31  [AT] "T,1270,S,A2,1,6D" (16)
17:12:31  [AT] "OK" (2)
17:12:32  [TX] S,535,0110000010,0000000000,668,P1,38
17:12:32  A,1267,B3,4,06
17:12:32  A,1268,B2,4,08
17:12:32  A,1269,A4,4,0C
17:12:32  A,1270,A2,4,0209,A4,4,3B34
17:12:32  A,216,B5,0,33
17:12:32  A,217,B1,0,36
17:12:32  A,218,B1,0,39,0,09H
17:12:32  [SLOT] n=557 tx=97 ack=4 due=0 r=1
17:12:32  [AT] "AT+CIPSEND=98" (13)
17:12:32  [AT] " S,535,0110000010,0000000000,668,P1,38A,1267,B3,4,06A,1268,B2,4,08A,1269,A4,4,0CA,1270,A2,4,02" (94)
17:12:32  [AT] "SEND OK" (7)
17:12:32  [AT] "+IPD,68:T,1271,S,A5,1,6B" (24)
17:12:32  [SLOT-OOW] +536ms
17:12:32  [AT] "T,1272,S,A1,1,6C" (16)
17:12:32  [AT] "T,1273,S,B1,1,6E" (16)
17:12:32  [AT] "T,1274,S,A3,1,68" (16)
17:12:32  [AT] "OK" (2)
17:12:33  [TX] S,536,0110000010,0000000000,669,P1,3A
17:12:33  A,1271,A5,4,04
17:12:33  A,1272,A1,4,03
17:12:33  A,1273,B1,4,01
17:12:33  A,1274,A3,4,0709,A4,4,3B34
17:12:33  A,216,B5,0,33
17:12:33  A,217,B1,0,36
17:12:33  A,218,B1,0,39,0,09H
17:12:33  [SLOT] n=558 tx=97 ack=4 due=0 r=1
17:12:33  [AT] "AT+CIPSEND=98" (13)
17:12:33  [AT] " S,536,0110000010,0000000000,669,P1,3AA,1271,A5,4,04A,1272,A1,4,03A,1273,B1,4,01A,1274,A3,4,07" (94)
17:12:33  [AT] "SEND OK" (7)
17:12:33  [AT] "+IPD,68:T,1275,S,B3,1,6A" (24)
17:12:33  [SLOT-OOW] +325ms
17:12:33  [AT] "T,1276,S,A4,1,6D" (16)
17:12:33  [AT] "T,1277,S,B278,S,A2,1,65" (23)
17:12:33  [CKSUM NG] T,1277,S,B278,S,A2,1,65
17:12:33  [AT] "OK" (2)
17:12:34  [TX] S,537,0110000010,0000000000,670,P1,33
17:12:34  A,1275,B3,4,05
17:12:34  A,1276,A4,4,02
17:12:34  A,1273,B1,4,01
17:12:34  A,1274,A3,4,0709,A4,4,3B34
17:12:34  A,216,B5,0,33
17:12:34  A,217,B1,0,36
17:12:34  A,218,B1,0,39,0,09H
17:12:34  [SLOT] n=559 tx=67 ack=2 due=0 r=1
17:12:34  [AT] " S,537,0110000010,0000000000,670,P1,33A,1275,B3,4,05A,1276,A4,4,02" (66)
17:12:34  [AT] "SEND OK" (7)
17:12:34  [AT] "+IPD,68:T,1279,S,A1,1,67" (24)
17:12:34  [SLOT-OOW] +238ms
17:12:34  [AT] "T,1280,S,A3,1,63" (16)
17:12:34  [AT] "T,1281,S,A5,1,64" (16)
17:12:34  [AT] "T,1282,S,B1,1,60" (16)
17:12:34  [AT] "OK" (2)
17:12:34  [AT] "AT+CIPSEND=68" (13)
17:12:35  [TX] S,538,0110000010,0000000000,672,P1,3E
17:12:35  A,1279,A1,4,08
17:12:35  A,1280,A3,4,0C
17:12:35  A,1281,A5,4,0B
17:12:35  A,1282,B1,4,0F09,A4,4,3B34
17:12:35  A,216,B5,0,33
17:12:35  A,217,B1,0,36
17:12:35  A,218,B1,0,39,0,09H
17:12:35  [SLOT] n=560 tx=97 ack=4 due=0 r=1
17:12:35  [AT] "AT+CIPSEND=98" (13)
17:12:36  [AT] " S,538,0110000010,0000000000,672,P1,3EA,1279,A1,4,08A,1280,A3,4,0CA,1281,A5,4,0BA,1282,B1,4,0F" (94)
17:12:36  [AT] "SEND OK" (7)
17:12:36  [AT] "+IPD,68:T,1283,S,A4,1,67" (24)
17:12:36  [SLOT-OOW] +303ms
17:12:36  [AT] "T,1284,S,B3,1,64" (16)
17:12:36  [AT] "T,1277,S,B2,1,69" (16)
17:12:36  [AT] "T,1278,S,A2,1,65" (16)
17:12:36  [AT] "OK" (2)
17:12:37  [TX] S,539,0110000010,0000000000,673,P1,3E
17:12:37  A,1283,A4,4,08
17:12:37  A,1284,B3,4,0B
17:12:37  A,1277,B2,4,06
17:12:37  A,1278,A2,4,0A09,A4,4,3B34
17:12:37  A,216,B5,0,33
17:12:37  A,217,B1,0,36
17:12:37  A,218,B1,0,39,0,09H
17:12:37  [SLOT] n=561 tx=97 ack=4 due=0 r=1
17:12:37  [AT] "AT+CIPSEND=98" (13)
17:12:37  [AT] " S,539,0110000010,0000000000,673,P1,3EA,1283,A4,4,08A,1284,B3,4,0BA,1277,B2,4,06A,1278,A2,4,0A" (94)
17:12:37  [AT] "SEND OK" (7)
17:12:37  [AT] "+IPD,68:T,1285,S,A1,1,64" (24)
17:12:37  [AT] "T,1286,S,A5,1,63" (16)
17:12:37  [AT] "T,1287,S,A3,1,64" (16)
17:12:37  [AT] "T,1288,S,B1,1,6A" (16)
17:12:37  [AT] "OK" (2)
17:12:38  [TX] S,540,0110000010,0000000000,674,P1,37
17:12:38  A,1285,A1,4,0B
17:12:38  A,1286,A5,4,0C
17:12:38  A,1287,A3,4,0B
17:12:38  A,1288,B1,4,0509,A4,4,3B34
17:12:38  A,216,B5,0,33
17:12:38  A,217,B1,0,36
17:12:38  A,218,B1,0,39,0,09H
17:12:38  [SLOT] n=562 tx=97 ack=4 due=0 r=1
17:12:38  [AT] "AT+CIPSEND=98" (13)
17:12:38  [AT] " S,540,0110000010,0000000000,674,P1,37A,1285,A1,4,0BA,1286,A5,4,0CA,1287,A3,4,0BA,1288,B1,4,05" (94)
17:12:38  [AT] "SEND OK" (7)
17:12:38  [AT] "+IPD,68:T,1289,S,A4,1,6D" (24)
17:12:38  [SLOT-OOW] +356ms
17:12:38  [AT] "T,1290,S,A2,1,63" (16)
17:12:38  [AT] "T,1291,S,B3,1,60" (16)
17:12:38  [AT] "T,1292,S,B2,1,62" (16)
17:12:38  [AT] "OK" (2)
17:12:39  [TX] S,541,0110000010,0000000000,675,P1,37
17:12:39  A,1289,A4,4,02
17:12:39  A,1290,A2,4,0C
17:12:39  A,1291,B3,4,0F
17:12:39  A,1292,B2,4,0D09,A4,4,3B34
17:12:39  A,216,B5,0,33
17:12:39  A,217,B1,0,36
17:12:39  A,218,B1,0,39,0,09H
17:12:39  [SLOT] n=563 tx=97 ack=4 due=0 r=1
17:12:39  [AT] "AT+CIPSEND=98" (13)
17:12:39  [AT] " S,541,0110000010,0000000000,675,P1,37A,1289,A4,4,02A,1290,A2,4,0CA,1291,B3,4,0FA,1292,B2,4,0D" (94)
17:12:39  [AT] "SEND OK" (7)
17:12:39  [AT] "+IPD,68:T,1293,S,A5,1,67" (24)
17:12:39  [SLOT-OOW] +346ms
17:12:39  [AT] "T,1294,S,B1,1,67" (16)
17:12:39  [AT] "T,1295,S,A3,1,67" (16)
17:12:39  [AT] "T,1296,S,A1,1,66" (16)
17:12:39  [AT] "OK" (2)
17:12:40  [TX] S,542,0110000010,0000000000,676,P1,37
17:12:40  A,1293,A5,4,08
17:12:40  A,1294,B1,4,08
17:12:40  A,1295,A3,4,08
17:12:40  A,1296,A1,4,0909,A4,4,3B34
17:12:40  A,216,B5,0,33
17:12:40  A,217,B1,0,36
17:12:40  A,218,B1,0,39,0,09H
17:12:40  [SLOT] n=564 tx=97 ack=4 due=0 r=1
17:12:40  [AT] "AT+CIPSEND=98" (13)
17:12:40  [AT] " S,542,0110000010,0000000000,676,P1,37A,1293,A5,4,08A,1294,B1,4,08A,1295,A3,4,08A,1296,A1,4,09" (94)
17:12:40  [AT] "SEND OK" (7)
17:12:40  [AT] "+IPD,68:T,1297,S,A4,1,62" (24)
17:12:40  [SLOT-OOW] +310ms
17:12:40  [AT] "T,1298,S,A2,1,6B" (16)
17:12:40  [AT] "T,1299,S,B3,1,68" (16)
17:12:40  [AT] "T,1300,S,B2,1,68" (16)
17:12:40  [AT] "OK" (2)
17:12:41  [TX] S,543,0110000010,0000000000,678,P1,38
17:12:41  A,1297,A4,4,0D
17:12:41  A,1298,A2,4,04
17:12:41  A,1299,B3,4,07
17:12:41  A,1300,B2,4,0709,A4,4,3B34
17:12:41  A,216,B5,0,33
17:12:41  A,217,B1,0,36
17:12:41  A,218,B1,0,39,0,09H
17:12:41  [SLOT] n=565 tx=97 ack=4 due=0 r=1
17:12:42  [AT] " S,543,0110000010,0000000000,678,P1,38A,1297,A4,4,0DA,1298,A2,4,04A,1299,B3,4,07A,1300,B2,4,07" (94)
17:12:42  [AT] "SEND OK" (7)
17:12:42  [AT] "+IPD,68:T,1301,S,A3,1,6B" (24)
17:12:42  [SLOT-OOW] +317ms
17:12:42  [AT] "T,1302,S,A1,1,6A" (16)
17:12:42  [AT] "T,1303,S,A6F" (12)
17:12:42  [CKSUM NG] T,1303,S,A6F
17:12:42  [AT] "T,1304,S,B1,1,6F" (16)
17:12:42  [AT] "OK" (2)
17:12:42  [AT] "AT+CIPSEND=98" (13)
17:12:43  [TX] S,544,0110000010,0000000000,679,P1,3E
17:12:43  A,1301,A3,4,04
17:12:43  A,1302,A1,4,05
17:12:43  A,1304,B1,4,00
17:12:43  A,1300,B2,4,0709,A4,4,3B34
17:12:43  A,216,B5,0,33
17:12:43  A,217,B1,0,36
17:12:43  A,218,B1,0,39,0,09H
17:12:43  [SLOT] n=566 tx=82 ack=3 due=0 r=1
17:12:43  [AT] "AT+CIPSEND=83" (13)
17:12:43  [AT] " S,544,0110000010,0000000000,679,P1,3EA,1301,A3,4,04A,1302,A1,4,05A,1304,B1,4,00" (80)
17:12:43  [AT] "SEND OK" (7)
17:12:43  [AT] "+IPD,68:T,1305,S,A2,1,6E" (24)
17:12:43  [SLOT-OOW] +445ms
17:12:43  [AT] "T,1306,S,A4,1,6B" (16)
17:12:43  [AT] "T,1307,S,B2,1,6F" (16)
17:12:43  [AT] "T,1308,S,B3,1,61" (16)
17:12:43  [AT] "OK" (2)
17:12:44  [TX] S,545,0110000010,0000000000,680,P1,39
17:12:44  A,1305,A2,4,01
17:12:44  A,1306,A4,4,04
17:12:44  A,1307,B2,4,00
17:12:44  A,1308,B3,4,0E09,A4,4,3B34
17:12:44  A,216,B5,0,33
17:12:44  A,217,B1,0,36
17:12:44  A,218,B1,0,39,0,09H
17:12:44  [SLOT] n=567 tx=97 ack=4 due=0 r=1
17:12:44  [AT] "AT+CIPSEND=98" (13)
17:12:44  [AT] " S,545,0110000010,0000000000,680,P1,39A,1305,A2,4,01A,1306,A4,4,04A,1307,B2,4,00A,1308,B3,4,0E" (94)
17:12:44  [AT] "SEND OK" (7)
17:12:44  [AT] "+IPD,51:T,1309,S,A1,1,61" (24)
17:12:44  [SLOT-OOW] +292ms
17:12:44  [AT] "T,1310,S,A3,1,6B" (16)
17:12:44  [AT] "T,1311,S,B1,1,6B" (16)
17:12:44  [AT] "OK" (2)
17:12:45  [TX] S,546,0110000010,0000000000,681,P1,3B
17:12:45  A,1309,A1,4,0E
17:12:45  A,1310,A3,4,04
17:12:45  A,1311,B1,4,04
17:12:45  A,1308,B3,4,0E09,A4,4,3B34
17:12:45  A,216,B5,0,33
17:12:45  A,217,B1,0,36
17:12:45  A,218,B1,0,39,0,09H
17:12:45  [SLOT] n=568 tx=82 ack=3 due=0 r=1
17:12:45  [AT] "AT+CIPSEND=83" (13)
17:12:45  [AT] " S,546,0110000010,0000000000,681,P1,3BA,1309,A1,4,0EA,1310,A3,4,04A,1311,B1,4,04" (80)
17:12:45  [AT] "SEND OK" (7)
17:12:45  [AT] "+IPD,68:T,1303,S,A5,1,6F" (24)
17:12:45  [SLOT-OOW] +294ms
17:12:45  [AT] "T,1312,S,B3,1,6A" (16)
17:12:45  [AT] "T,1313,S,A4,1,6F" (16)
17:12:45  [AT] "T,1314,S,B2,1,6D" (16)
17:12:45  [AT] "OK" (2)
17:12:46  [TX] S,547,0110000010,0000000000,682,P1,39
17:12:46  A,1303,A5,4,00
17:12:46  A,1312,B3,4,05
17:12:46  A,1313,A4,4,00
17:12:46  A,1314,B2,4,0209,A4,4,3B34
17:12:46  A,216,B5,0,33
17:12:46  A,217,B1,0,36
17:12:46  A,218,B1,0,39,0,09H
17:12:46  [SLOT] n=569 tx=97 ack=4 due=0 r=1
17:12:46  [AT] "AT+CIPSEND=98" (13)
17:12:46  [AT] " S,547,0110000010,0000000000,682,P1,39A,1303,A5,4,00A,1312,B3,4,05A,1313,A4,4,00A,1314,B2,4,02" (94)
17:12:46  [AT] "SEND OK" (7)
17:12:46  [AT] "+IPD,68:T,1315,S,A2,1,6F" (24)
17:12:46  [SLOT-OOW] +271ms
17:12:46  [AT] "T,1316,S,A3,1,6D" (16)
17:12:46  [AT] "T,1317,S,A1,1,6E" (16)
17:12:46  [AT] "T,1318,S,B1,1,62" (16)
17:12:46  [AT] "OK" (2)
17:12:47  [TX] S,548,0110000010,0000000000,684,P1,30
17:12:47  A,1315,A2,4,00
17:12:47  A,1316,A3,4,02
17:12:47  A,1317,A1,4,01
17:12:47  A,1318,B1,4,0D09,A4,4,3B34
17:12:47  A,216,B5,0,33
17:12:47  A,217,B1,0,36
17:12:47  A,218,B1,0,39,0,09H
17:12:47  [SLOT] n=570 tx=97 ack=4 due=0 r=1
17:12:47  [AT] "AT+CIPSEND=98" (13)
17:12:48  [AT] " S,548,0110000010,0000000000,684,P1,30A,1315,A2,4,00A,1316,A3,4,02A,1317,A1,4,01A,1318,B1,4,0D" (94)
17:12:48  [AT] "SEND OK" (7)
17:12:48  [AT] "+IPD,68:T,1319,S,A4,1,65" (24)
17:12:48  [SLOT-OOW] +338ms
17:12:48  [AT] "T,1320,S,B2,1,6A" (16)
17:12:48  [AT] "T,1321,S,A5,1,6F" (16)
17:12:48  [AT] "T,1322,S,B3,1,69" (16)
17:12:48  [AT] "OK" (2)
17:12:49  [TX] S,549,0110000010,0000000000,685,P1,30
17:12:49  A,1319,A4,4,0A
17:12:49  A,1320,B2,4,05
17:12:49  A,1321,A5,4,00
17:12:49  A,1322,B3,4,0609,A4,4,3B34
17:12:49  A,216,B5,0,33
17:12:49  A,217,B1,0,36
17:12:49  A,218,B1,0,39,0,09H
17:12:49  [SLOT] n=571 tx=97 ack=4 due=0 r=1
17:12:49  [AT] "AT+CIPSEND=98" (13)
17:12:49  [AT] " S,549,0110000010,0000000000,685,P1,30A,1319,A4,4,0AA,1320,B2,4,05A,1321,A5,4,00A,1322,B3,4,06" (94)
17:12:49  [AT] "SEND OK" (7)
17:12:49  [AT] "+IPD,68:T,1323,S,B1,1,6A" (24)
17:12:49  [SLOT-OOW] +334ms
17:12:49  [AT] "T,1324,S,A2,1,6D" (16)
17:12:49  [AT] "T,1325,S,A1,1,6F" (16)
17:12:49  [AT] "T,1326,S,A3,1,6E" (16)
17:12:49  [AT] "OK" (2)
17:12:50  [TX] S,550,0110000010,0000000000,686,P1,3B
17:12:50  A,1323,B1,4,05
17:12:50  A,1324,A2,4,02
17:12:50  A,1325,A1,4,00
17:12:50  A,1326,A3,4,0109,A4,4,3B34
17:12:50  A,216,B5,0,33
17:12:50  A,217,B1,0,36
17:12:50  A,218,B1,0,39,0,09H
17:12:50  [SLOT] n=572 tx=97 ack=4 due=0 r=1
17:12:50  [AT] "AT+CIPSEND=98" (13)
17:12:50  [AT] " S,550,0110000010,0000000000,686,P1,3BA,1323,B1,4,05A,1324,A2,4,02A,1325,A1,4,00A,1326,A3,4,01" (94)
17:12:50  [AT] "SEND OK" (7)
17:12:50  [AT] "+IPD,68:T,1327,S,A4,1,68" (24)
17:12:50  [SLOT-OOW] +313ms
17:12:50  [AT] "T,1328,S,B2,1,62" (16)
17:12:50  [AT] "T,1329,S,A5,1,67" (16)
17:12:50  [AT] "T,1330,S,B3,1,6A" (16)
17:12:50  [AT] "OK" (2)
17:12:51  [TX] S,551,0110000010,0000000000,687,P1,3B
17:12:51  A,1327,A4,4,07
17:12:51  A,1328,B2,4,0D
17:12:51  A,1329,A5,4,08
17:12:51  A,1330,B3,4,0509,A4,4,3B34
17:12:51  A,216,B5,0,33
17:12:51  A,217,B1,0,36
17:12:51  A,218,B1,0,39,0,09H
17:12:51  [SLOT] n=573 tx=97 ack=4 due=0 r=1
17:12:51  [AT] "AT+CIPSEND=98" (13)
17:12:51  [AT] " S,551,0110000010,0000000000,687,P1,3BA,1327,A4,4,07A,1328,B2,4,0DA,1329,A5,4,08A,1330,B3,4,05" (94)
17:12:51  [AT] "SEND OK" (7)
17:12:51  [AT] "+IPD,68:T,1331,S,B1,1,69" (24)
17:12:51  [SLOT-OOW] +326ms
17:12:51  [AT] "T,1332,S,A2,1,6A" (16)
17:12:51  [AT] "T,1333,S,A1,1,68" (16)
17:12:51  [AT] "T,1334,S,A3,1,6D" (16)
17:12:51  [AT] "OK" (2)
17:12:52  [TX] S,552,0110000010,0000000000,688,P1,37
17:12:52  A,1331,B1,4,06
17:12:52  A,1332,A2,4,05
17:12:52  A,1333,A1,4,07
17:12:52  A,1334,A3,4,0209,A4,4,3B34
17:12:52  A,216,B5,0,33
17:12:52  A,217,B1,0,36
17:12:52  A,218,B1,0,39,0,09H
17:12:52  [SLOT] n=574 tx=97 ack=4 due=0 r=1
17:12:52  [AT] "AT+CIPSEND=98" (13)
17:12:52  [AT] " S,552,0110000010,0000000000,688,P1,37A,1331,B1,4,06A,1332,A2,4,05A,1333,A1,4,07A,1334,A3,4,02" (94)
17:12:52  [AT] "SEND OK" (7)
17:12:52  [AT] "+IPD,68:T,1335,S,A4,1,6B" (24)
17:12:52  [SLOT-OOW] +288ms
17:12:52  [AT] "T,1336,S,A5,1,69" (16)
17:12:52  [AT] "T,1337,S,B2,1,6C" (16)
17:12:52  [AT] "T,1338,S,B3,1,62" (16)
17:12:52  [AT] "OK" (2)
17:12:53  [TX] S,553,0110000010,0000000000,690,P1,3F
17:12:53  A,1335,A4,4,04
17:12:53  A,1336,A5,4,06
17:12:53  A,1337,B2,4,03
17:12:53  A,1338,B3,4,0D09,A4,4,3B34
17:12:53  A,216,B5,0,33
17:12:53  A,217,B1,0,36
17:12:53  A,218,B1,0,39,0,09H
17:12:53  [SLOT] n=575 tx=97 ack=4 due=0 r=1
17:12:53  [AT] "AT+CIPSEND=98" (13)
17:12:53  [AT] " S,553,0110000010,0000000000,690,P1,3FA,1335,A4,4,04A,1336,A5,4,06A,1337,B2,4,03A,1338,B3,4,0D" (94)
17:12:53  [AT] "SEND OK" (7)
17:12:54  [AT] "+IPD,68:T,1339,S,A3,1,60" (24)
17:12:54  [SLOT-OOW] +304ms
17:12:54  [AT] "T,1340,S,A1,1,6C" (16)
17:12:54  [AT] "T,1341,S,B1,1,6E" (16)
17:12:54  [AT] "T,1342,S,A2,1,6D" (16)
17:12:54  [AT] "OK" (2)
17:12:55  [TX] S,554,0110000010,0000000000,691,P1,39
17:12:55  A,1339,A3,4,0F
17:12:55  A,1340,A1,4,03
17:12:55  A,1341,B1,4,01
17:12:55  A,1342,A2,4,0209,A4,4,3B34
17:12:55  A,216,B5,0,33
17:12:55  A,217,B1,0,36
17:12:55  A,218,B1,0,39,0,09H
17:12:55  [SLOT] n=576 tx=97 ack=4 due=0 r=1
17:12:55  [AT] "AT+CIPSEND=98" (13)
17:12:55  [AT] " S,554,0110000010,0000000000,691,P1,39A,1339,A3,4,0FA,1340,A1,4,03A,1341,B1,4,01A,1342,A2,4,02" (94)
17:12:55  [AT] "SEND OK" (7)
17:12:55  [AT] "+IPD,68:T,1343,S,A5,1,6B" (24)
17:12:55  [SLOT-OOW] +304ms
17:12:55  [AT] "T,1344,S,B2,1,68" (16)
17:12:55  [AT] "T,1345,S,A4,1,6C" (16)
17:12:55  [AT] "T,1346,S,B3,1,6B" (16)
17:12:55  [AT] "OK" (2)
17:12:56  [TX] S,555,0110000010,0000000000,692,P1,3B
17:12:56  A,1343,A5,4,04
17:12:56  A,1344,B2,4,07
17:12:56  A,1345,A4,4,03
17:12:56  A,1346,B3,4,0409,A4,4,3B34
17:12:56  A,216,B5,0,33
17:12:56  A,217,B1,0,36
17:12:56  A,218,B1,0,39,0,09H
17:12:56  [SLOT] n=577 tx=97 ack=4 due=0 r=1
17:12:56  [AT] "AT+CIPSEND=98" (13)
17:12:56  [AT] " S,555,0110000010,0000000000,692,P1,3BA,1343,A5,4,04A,1344,B2,4,07A,1345,A4,4,03A,1346,B3,4,04" (94)
17:12:56  [AT] "SEND OK" (7)
17:12:56  [AT] "+IPD,68:T,1347,S,B1,1,68" (24)
17:12:56  [SLOT-OOW] +301ms
17:12:56  [AT] "T,1348,S,A1,1,64" (16)
17:12:56  [AT] "T,1349,S,A3,1,67" (16)
17:12:56  [AT] "T,1350,S,A2,1,6E" (16)
17:12:56  [AT] "OK" (2)
17:12:57  [TX] S,556,0110000010,0000000000,693,P1,39
17:12:57  A,1347,B1,4,07
17:12:57  A,1348,A1,4,0B
17:12:57  A,1349,A3,4,08
17:12:57  A,1350,A2,4,0109,A4,4,3B34
17:12:57  A,216,B5,0,33
17:12:57  A,217,B1,0,36
17:12:57  A,218,B1,0,39,0,09H
17:12:57  [SLOT] n=578 tx=97 ack=4 due=0 r=1
17:12:57  [AT] "AT+CIPSEND=98" (13)
17:12:57  [AT] " S,556,0110000010,0000000000,693,P1,39A,1347,B1,4,07A,1348,A1,4,0BA,1349,A3,4,08A,1350,A2,4,01" (94)
17:12:57  [AT] "SEND OK" (7)
17:12:57  [AT] "+IPD,68:T,1351,S,A5,1,68" (24)
17:12:57  [SLOT-OOW] +313ms
17:12:57  [AT] "T,1352,S,B3,1,6E" (16)
17:12:57  [AT] "T,1353,S,B2,1,6E" (16)
17:12:57  [AT] "T,1354,S,A4,1,6C" (16)
17:12:57  [AT] "OK" (2)
17:12:58  [TX] S,557,0110000010,0000000000,694,P1,3F
17:12:58  A,1351,A5,4,07
17:12:58  A,1352,B3,4,01
17:12:58  A,1353,B2,4,01
17:12:58  A,1354,A4,4,0309,A4,4,3B34
17:12:58  A,216,B5,0,33
17:12:58  A,217,B1,0,36
17:12:58  A,218,B1,0,39,0,09H
17:12:58  [SLOT] n=579 tx=97 ack=4 due=0 r=1
17:12:58  [AT] "AT+CIPSEND=98" (13)
17:12:58  [AT] " S,557,0110000010,0000000000,694,P1,3FA,1351,A5,4,07A,1352,B3,4,01A,1353,B2,4,01A,1354,A4,4,03" (94)
17:12:58  [AT] "SEND OK" (7)
17:12:58  [AT] "+IPD,68:T,1355,S,B1,1,6B" (24)
17:12:58  [SLOT-OOW] +381ms
17:12:58  [AT] "T,1356,S,A1,1,6B" (16)
17:12:58  [AT] "T,1357,S,A3,1,68" (16)
17:12:58  [AT] "T,1358,S,A2,1,66" (16)
17:12:58  [AT] "OK" (2)
17:12:59  [TX] S,558,0110000010,0000000000,696,P1,32
17:12:59  A,1355,B1,4,04
17:12:59  A,1356,A1,4,04
17:12:59  A,1357,A3,4,07
17:12:59  A,1358,A2,4,0909,A4,4,3B34
17:12:59  A,216,B5,0,33
17:12:59  A,217,B1,0,36
17:12:59  A,218,B1,0,39,0,09H
17:12:59  [SLOT] n=580 tx=97 ack=4 due=0 r=1
17:12:59  [AT] "AT+CIPSEND=98" (13)
17:12:59  [AT] " S,558,0110000010,0000000000,696,P1,32A,1355,B1,4,04A,1356,A1,4,04A,1357,A3,4,07A,1358,A2,4,09" (94)
17:12:59  [AT] "SEND OK" (7)
17:12:59  [AT] "+IPD,68:T,1359,S,B3,1,65" (24)
17:12:59  [SLOT-OOW] +288ms
17:12:59  [AT] "T,1360,S,B2,1,6E" (16)
17:12:59  [AT] "T,1361,S,A5,1,6B" (16)
17:12:59  [AT] "T,1362,S,A4,1,69" (16)
17:12:59  [AT] "OK" (2)
17:13:01  [TX] S,559,0110000010,0000000000,697,P1,32
17:13:01  A,1359,B3,4,0A
17:13:01  A,1360,B2,4,01
17:13:01  A,1361,A5,4,04
17:13:01  A,1362,A4,4,0609,A4,4,3B34
17:13:01  A,216,B5,0,33
17:13:01  A,217,B1,0,36
17:13:01  A,218,B1,0,39,0,09H
17:13:01  [SLOT] n=581 tx=97 ack=4 due=0 r=1
17:13:01  [AT] "AT+CIPSEND=98" (13)
17:13:01  [AT] " S,559,0110000010,0000000000,697,P1,32A,1359,B3,4,0AA,1360,B2,4,01A,1361,A5,4,04A,1362,A4,4,06" (94)
17:13:01  [AT] "SEND OK" (7)
17:13:01  [AT] "+IPD,68:T,1363,S,A1,1,6D" (24)
17:13:01  [SLOT-OOW] +305ms
17:13:01  [AT] "T,1364,S,A3,1,68" (16)
17:13:01  [AT] "T,1365,S,B1,1,68" (16)
17:13:01  [AT] "T,1366,S,A2,1,6B" (16)
17:13:01  [AT] "OK" (2)
17:13:02  [TX] S,560,0110000010,0000000000,698,P1,37
17:13:02  A,1363,A1,4,02
17:13:02  A,1364,A3,4,07
17:13:02  A,1365,B1,4,07
17:13:02  A,1366,A2,4,0409,A4,4,3B34
17:13:02  A,216,B5,0,33
17:13:02  A,217,B1,0,36
17:13:02  A,218,B1,0,39,0,09H
17:13:02  [SLOT] n=582 tx=97 ack=4 due=0 r=1
17:13:02  [AT] "AT+CIPSEND=98" (13)
17:13:02  [AT] " S,560,0110000010,0000000000,698,P1,37A,1363,A1,4,02A,1364,A3,4,07A,1365,B1,4,07A,1366,A2,4,04" (94)
17:13:02  [AT] "SEND OK" (7)
17:13:02  [AT] "+IPD,68:T,1367,S,B3,1,68" (24)
17:13:02  [SLOT-OOW] +348ms
17:13:02  [AT] "T,1368,S,B2,1,66" (16)
17:13:02  [AT] "T,1369,S,A5,1,63" (16)
17:13:02  [AT] "T,1370,S,A4,1,6A" (16)
17:13:02  [AT] "OK" (2)
17:13:03  [TX] S,561,0110000010,0000000000,699,P1,37
17:13:03  A,1367,B3,4,07
17:13:03  A,1368,B2,4,09
17:13:03  A,1369,A5,4,0C
17:13:03  A,1370,A4,4,0509,A4,4,3B34
17:13:03  A,216,B5,0,33
17:13:03  A,217,B1,0,36
17:13:03  A,218,B1,0,39,0,09H
17:13:03  [SLOT] n=583 tx=97 ack=4 due=0 r=1
17:13:03  [AT] "AT+CIPSEND=98" (13)
17:13:03  [AT] " S,561,0110000010,0000000000,699,P1,37A,1367,B3,4,07A,1368,B2,4,09A,1369,A5,4,0CA,1370,A4,4,05" (94)
17:13:03  [AT] "SEND OK" (7)
17:13:03  [AT] "+IPD,68:T,1371,S,B1,1,6D" (24)
17:13:03  [SLOT-OOW] +295ms
17:13:03  [AT] "T,1372,S,A1,1,6D" (16)
17:13:03  [AT] "T,1373,S,A3,1,6E" (16)
17:13:03  [AT] "T,1374,S,A2,1,68" (16)
17:13:03  [AT] "OK" (2)
17:13:04  [TX] S,562,0110000010,0000000000,700,P1,35
17:13:04  A,1371,B1,4,02
17:13:04  A,1372,A1,4,02
17:13:04  A,1373,A3,4,01
17:13:04  A,1374,A2,4,0709,A4,4,3B34
17:13:04  A,216,B5,0,33
17:13:04  A,217,B1,0,36
17:13:04  A,218,B1,0,39,0,09H
17:13:04  [SLOT] n=584 tx=97 ack=4 due=0 r=1
17:13:04  [AT] "AT+CIPSEND=98" (13)
17:13:04  [AT] " S,562,0110000010,0000000000,700,P1,35A,1371,B1,4,02A,1372,A1,4,02A,1373,A3,4,01A,1374,A2,4,07" (94)
17:13:04  [AT] "SEND OK" (7)
17:13:04  [AT] "+IPD,68:T,1375,S,B3,1,6B" (24)
17:13:04  [SLOT-OOW] +303ms
17:13:04  [AT] "T,1376,S,B2,1,69" (16)
17:13:04  [AT] "T,1377,S,A5,1,6C" (16)
17:13:04  [AT] "T,1378,S,A4,1,62" (16)
17:13:04  [AT] "OK" (2)
17:13:05  [TX] S,563,0110000010,0000000000,702,P1,36
17:13:05  A,1375,B3,4,04
17:13:05  A,1376,B2,4,06
17:13:05  A,1377,A5,4,03
17:13:05  A,1378,A4,4,0D09,A4,4,3B34
17:13:05  A,216,B5,0,33
17:13:05  A,217,B1,0,36
17:13:05  A,218,B1,0,39,0,09H
17:13:05  [SLOT] n=585 tx=97 ack=4 due=0 r=1
17:13:05  [AT] "AT+CIPSEND=98" (13)
17:13:05  [AT] " S,563,0110000010,0000000000,702,P1,36A,1375,B3,4,04A,1376,B2,4,06A,1377,A5,4,03A,1378,A4,4,0D" (94)
17:13:05  [AT] "SEND OK" (7)
17:13:05  [AT] "+IPD,68:T,1379,S,A3,1,64" (24)
17:13:05  [SLOT-OOW] +304ms
17:13:05  [AT] "T,1380,S,A1,1,60" (16)
17:13:05  [AT] "T,1381,S,B1,1,62" (16)
17:13:05  [AT] "T,1382,S,A2,1,61" (16)
17:13:05  [AT] "OK" (2)
17:13:07  [TX] S,564,0110000010,0000000000,703,P1,30
17:13:07  A,1379,A3,4,0B
17:13:07  A,1380,A1,4,0F
17:13:07  A,1381,B1,4,0D
17:13:07  A,1382,A2,4,0E09,A4,4,3B34
17:13:07  A,216,B5,0,33
17:13:07  A,217,B1,0,36
17:13:07  A,218,B1,0,39,0,09H
17:13:07  [SLOT] n=586 tx=97 ack=4 due=0 r=1
17:13:07  [AT] "AT+CIPSEND=98" (13)
17:13:07  [AT] " S,564,0110000010,0000000000,703,P1,30A,1379,A3,4,0BA,1380,A1,4,0FA,1381,B1,4,0DA,1382,A2,4,0E" (94)
17:13:07  [AT] "SEND OK" (7)
17:13:07  [AT] "+IPD,68:T,1383,S,B3,1,62" (24)
17:13:07  [SLOT-OOW] +302ms
17:13:07  [AT] "T,1384,S,A4,1,61" (16)
17:13:07  [AT] "T,1385,S,A5,1,61" (16)
17:13:07  [AT] "T,1386,S,B2,1,66" (16)
17:13:07  [AT] "OK" (2)
17:13:08  [TX] S,565,0110000010,0000000000,704,P1,36
17:13:08  A,1383,B3,4,0D
17:13:08  A,1384,A4,4,0E
17:13:08  A,1385,A5,4,0E
17:13:08  A,1386,B2,4,0909,A4,4,3B34
17:13:08  A,216,B5,0,33
17:13:08  A,217,B1,0,36
17:13:08  A,218,B1,0,39,0,09H
17:13:08  [SLOT] n=587 tx=97 ack=4 due=0 r=1
17:13:08  [AT] "AT+CIPSEND=98" (13)
17:13:08  [AT] " S,565,0110000010,0000000000,704,P1,36A,1383,B3,4,0DA,1384,A4,4,0EA,1385,A5,4,0EA,1386,B2,4,09" (94)
17:13:08  [AT] "SEND OK" (7)
17:13:08  [AT] "+IPD,68:T,1387,S,B1,1,64" (24)
17:13:08  [SLOT-OOW] +576ms
17:13:08  [AT] "T,1388,S,A2,1,6B" (16)
17:13:08  [AT] "T,1389,S,A3,1,6B" (16)
17:13:08  [AT] "T,1390,S,A1,1,61" (16)
17:13:08  [AT] "OK" (2)
17:13:09  [TX] S,566,0110000010,0000000000,705,P1,34
17:13:09  A,1387,B1,4,0B
17:13:09  A,1388,A2,4,04
17:13:09  A,1389,A3,4,04
17:13:09  A,1390,A1,4,0E09,A4,4,3B34
17:13:09  A,216,B5,0,33
17:13:09  A,217,B1,0,36
17:13:09  A,218,B1,0,39,0,09H
17:13:09  [SLOT] n=588 tx=97 ack=4 due=0 r=1
17:13:09  [AT] " S,566,0110000010,0000000000,705,P1,34A,1387,B1,4,0BA,1388,A2,4,04A,1389,A3,4,04A,1390,A1,4,0E" (94)
17:13:09  [AT] "SEND OK" (7)
17:13:09  [AT] "+IPD,68:T,1391,S,B3,1,61" (24)
17:13:09  [SLOT-OOW] +325ms
17:13:09  [AT] "T,1392,S,A5,1,67" (16)
17:13:09  [AT] "T,1393,S,B4,S,A4,1,60" (21)
17:13:09  [CKSUM NG] T,1393,S,B4,S,A4,1,60
17:13:09  [AT] "OK" (2)
17:13:09  [AT] "AT+CIPSEND=98" (13)
17:13:11  [TX] S,567,0110000010,0000000000,706,P1,36
17:13:11  A,1391,B3,4,0E
17:13:11  A,1392,A5,4,08
17:13:11  A,1389,A3,4,04
17:13:11  A,1390,A1,4,0E09,A4,4,3B34
17:13:11  A,216,B5,0,33
17:13:11  A,217,B1,0,36
17:13:11  A,218,B1,0,39,0,09H
17:13:11  [SLOT] n=589 tx=67 ack=2 due=0 r=1
17:13:11  [AT] "AT+CIPSEND=68" (13)
17:13:11  [AT] " S,567,0110000010,0000000000,706,P1,36A,1391,B3,4,0EA,1392,A5,4,08" (66)
17:13:11  [AT] "SEND OK" (7)
17:13:11  [AT] "+IPD,68:T,1395,S,B1,1,67" (24)
17:13:11  [SLOT-OOW] +414ms
17:13:11  [AT] "T,1396,S,A3,1,65" (16)
17:13:11  [AT] "T,1397,S,A1,1,66" (16)
17:13:11  [AT] "T,1398,S,A2,1,6A" (16)
17:13:11  [AT] "OK" (2)
17:13:12  [TX] S,568,0110000010,0000000000,708,P1,37
17:13:12  A,1395,B1,4,08
17:13:12  A,1396,A3,4,0A
17:13:12  A,1397,A1,4,09
17:13:12  A,1398,A2,4,0509,A4,4,3B34
17:13:12  A,216,B5,0,33
17:13:12  A,217,B1,0,36
17:13:12  A,218,B1,0,39,0,09H
17:13:12  [SLOT] n=590 tx=97 ack=4 due=0 r=1
17:13:12  [AT] "AT+CIPSEND=98" (13)
17:13:12  [AT] " S,568,0110000010,0000000000,708,P1,37A,1395,B1,4,08A,1396,A3,4,0AA,1397,A1,4,09A,1398,A2,4,05" (94)
17:13:12  [AT] "SEND OK" (7)
17:13:12  [AT] "+IPD,34:T,1399,S,B3,1,69" (24)
17:13:12  [SLOT-OOW] +349ms
17:13:12  [AT] "T,1400,S,A5,1,6B" (16)
17:13:12  [AT] "OK" (2)
17:13:13  [TX] S,569,0110000010,0000000000,709,P1,37
17:13:13  A,1399,B3,4,06
17:13:13  A,1400,A5,4,04
17:13:13  A,1397,A1,4,09
17:13:13  A,1398,A2,4,0509,A4,4,3B34
17:13:13  A,216,B5,0,33
17:13:13  A,217,B1,0,36
17:13:13  A,218,B1,0,39,0,09H
17:13:13  [SLOT] n=591 tx=67 ack=2 due=0 r=1
17:13:13  [AT] "AT+CIPSEND=68" (13)
17:13:14  [AT] " S,569,0110000010,0000000000,709,P1,37A,1399,B3,4,06A,1400,A5,4,04" (66)
17:13:14  [AT] "SEND OK" (7)
17:13:14  [AT] "+IPD,68:T,1393,S,B2,1,62" (24)
17:13:14  [SLOT-OOW] +220ms
17:13:14  [AT] "T,1394,S,A4,1,60" (16)
17:13:14  [AT] "T,1401,S,A2,1,6D" (16)
17:13:14  [AT] "T,1402,S,B1,1,6E" (16)
17:13:14  [AT] "OK" (2)
17:13:15  [TX] S,570,0110000010,0000000000,710,P1,37
17:13:15  A,1393,B2,4,0D
17:13:15  A,1394,A4,4,0F
17:13:15  A,1401,A2,4,02
17:13:15  A,1402,B1,4,0109,A4,4,3B34
17:13:15  A,216,B5,0,33
17:13:15  A,217,B1,0,36
17:13:15  A,218,B1,0,39,0,09H
17:13:15  [SLOT] n=592 tx=97 ack=4 due=0 r=1
17:13:15  [AT] "AT+CIPSEND=98" (13)
17:13:15  [AT] " S,570,0110000010,0000000000,710,P1,37A,1393,B2,4,0DA,1394,A4,4,0FA,1401,A2,4,02A,1402,B1,4,01" (94)
17:13:15  [AT] "SEND OK" (7)
17:13:15  [AT] "+IPD,68:T,1403,S,A3,1,6E" (24)
17:13:15  [SLOT-OOW] +307ms
17:13:15  [AT] "T,1404,S,A1,1,6B" (16)
17:13:15  [AT] "T,1405,S,A5,1,6E" (16)
17:13:15  [AT] "T,1406,S,B3,1,68" (16)
17:13:15  [AT] "OK" (2)
17:13:16  [TX] S,571,0110000010,0000000000,711,P1,37
17:13:16  A,1403,A3,4,01
17:13:16  A,1404,A1,4,04
17:13:16  A,1405,A5,4,01
17:13:16  A,1406,B3,4,0709,A4,4,3B34
17:13:16  A,216,B5,0,33
17:13:16  A,217,B1,0,36
17:13:16  A,218,B1,0,39,0,09H
17:13:16  [SLOT] n=593 tx=97 ack=4 due=0 r=1
17:13:16  [AT] "AT+CIPSEND=98" (13)
17:13:16  [AT] " S,571,0110000010,0000000000,711,P1,37A,1403,A3,4,01A,1404,A1,4,04A,1405,A5,4,01A,1406,B3,4,07" (94)
17:13:16  [AT] "SEND OK" (7)
17:13:16  [AT] "+IPD,68:T,1407,S,B2,1,68" (24)
17:13:16  [SLOT-OOW] +308ms
17:13:16  [AT] "T,1408,S,A2,1,64" (16)
17:13:16  [AT] "T,1409,S,B1,1,65" (16)
17:13:16  [AT] "T,1410,S,A4,1,6B" (16)
17:13:16  [AT] "OK" (2)
17:13:17  [TX] S,572,0110000010,0000000000,712,P1,37
17:13:17  A,1407,B2,4,07
17:13:17  A,1408,A2,4,0B
17:13:17  A,1409,B1,4,0A
17:13:17  A,1410,A4,4,0409,A4,4,3B34
17:13:17  A,216,B5,0,33
17:13:17  A,217,B1,0,36
17:13:17  A,218,B1,0,39,0,09H
17:13:17  [SLOT] n=594 tx=97 ack=4 due=0 r=1
17:13:17  [AT] "AT+CIPSEND=98" (13)
17:13:17  [AT] " S,572,0110000010,0000000000,712,P1,37A,1407,B2,4,07A,1408,A2,4,0BA,1409,B1,4,0AA,1410,A4,4,04" (94)
17:13:17  [AT] "SEND OK" (7)
17:13:17  [AT] "+IPD,68:T,1411,S,A3,1,6D" (24)
17:13:17  [SLOT-OOW] +353ms
17:13:17  [AT] "T,1412,S,A5,1,68" (16)
17:13:17  [AT] "T,1413,S,B3,1,6C" (16)
17:13:17  [AT] "T,1414,S,A1,1,6A" (16)
17:13:17  [AT] "OK" (2)
17:13:18  [TX] S,573,0110000010,0000000000,714,P1,30
17:13:18  A,1411,A3,4,02
17:13:18  A,1412,A5,4,07
17:13:18  A,1413,B3,4,03
17:13:18  A,1414,A1,4,0509,A4,4,3B34
17:13:18  A,216,B5,0,33
17:13:18  A,217,B1,0,36
17:13:18  A,218,B1,0,39,0,09H
17:13:18  [SLOT] n=595 tx=97 ack=4 due=0 r=1
17:13:18  [AT] "AT+CIPSEND=98" (13)
17:13:18  [AT] " S,573,0110000010,0000000000,714,P1,30A,1411,A3,4,02A,1412,A5,4,07A,1413,B3,4,03A,1414,A1,4,05" (94)
17:13:18  [AT] "SEND OK" (7)
17:13:18  [AT] "+IPD,68:T,1415,S,B2,1,6B" (24)
17:13:18  [SLOT-OOW] +295ms
17:13:18  [AT] "T,1416,S,B1,1,6B" (16)
17:13:18  [AT] "T,1417,S,A4,1,6C" (16)
17:13:18  [AT] "T,1418,S,A2,1,65" (16)
17:13:18  [AT] "OK" (2)
17:13:20  [TX] S,574,0110000010,0000000000,715,P1,36
17:13:20  A,1415,B2,4,04
17:13:20  A,1416,B1,4,04
17:13:20  A,1417,A4,4,03
17:13:20  A,1418,A2,4,0A09,A4,4,3B34
17:13:20  A,216,B5,0,33
17:13:20  A,217,B1,0,36
17:13:20  A,218,B1,0,39,0,09H
17:13:20  [SLOT] n=596 tx=97 ack=4 due=0 r=1
17:13:20  [AT] "AT+CIPSEND=98" (13)
17:13:20  [AT] " S,574,0110000010,0000000000,715,P1,36A,1415,B2,4,04A,1416,B1,4,04A,1417,A4,4,03A,1418,A2,4,0A" (94)
17:13:20  [AT] "SEND OK" (7)
17:13:20  [AT] "+IPD,68:T,1419,S,A3,1,65" (24)
17:13:20  [SLOT-OOW] +293ms
17:13:20  [AT] "T,1420,S,A5,1,69" (16)
17:13:20  [AT] "T,1421,S,B3,1,6D" (16)
17:13:20  [AT] "T,1422,S,A1,1,6F" (16)
17:13:20  [AT] "OK" (2)
17:13:21  [TX] S,575,0110000010,0000000000,716,P1,34
17:13:21  A,1419,A3,4,0A
17:13:21  A,1420,A5,4,06
17:13:21  A,1421,B3,4,02
17:13:21  A,1422,A1,4,0009,A4,4,3B34
17:13:21  A,216,B5,0,33
17:13:21  A,217,B1,0,36
17:13:21  A,218,B1,0,39,0,09H
17:13:21  [SLOT] n=597 tx=97 ack=4 due=0 r=1
17:13:21  [AT] "AT+CIPSEND=98" (13)
17:13:21  [AT] " S,575,0110000010,0000000000,716,P1,34A,1419,A3,4,0AA,1420,A5,4,06A,1421,B3,4,02A,1422,A1,4,00" (94)
17:13:21  [AT] "SEND OK" (7)
17:13:21  [AT] "+IPD,68:T,1423,S,B2,1,6E" (24)
17:13:21  [SLOT-OOW] +325ms
17:13:21  [AT] "T,1424,S,B1,1,6A" (16)
17:13:21  [AT] "T,1425,S,A2,1,6B" (16)
17:13:21  [AT] "T,1426,S,A4,1,6E" (16)
17:13:21  [AT] "OK" (2)
17:13:22  [TX] S,576,0110000010,0000000000,717,P1,36
17:13:22  A,1423,B2,4,01
17:13:22  A,1424,B1,4,05
17:13:22  A,1425,A2,4,04
17:13:22  A,1426,A4,4,0109,A4,4,3B34
17:13:22  A,216,B5,0,33
17:13:22  A,217,B1,0,36
17:13:22  A,218,B1,0,39,0,09H
17:13:22  [SLOT] n=598 tx=97 ack=4 due=0 r=1
17:13:22  [AT] "AT+CIPSEND=98" (13)
17:13:22  [AT] " S,576,0110000010,0000000000,717,P1,36A,1423,B2,4,01A,1424,B1,4,05A,1425,A2,4,04A,1426,A4,4,01" (94)
17:13:22  [AT] "SEND OK" (7)
17:13:22  [AT] "+IPD,68:T,1427,S,A5,1,6E" (24)
17:13:22  [SLOT-OOW] +289ms
17:13:22  [AT] "T,1428,S,A1,1,65" (16)
17:13:22  [AT] "T,1429,S,B3,1,65" (16)
17:13:22  [AT] "T,1430,S,A3,1,6E" (16)
17:13:22  [AT] "OK" (2)
17:13:23  [TX] S,577,0110000010,0000000000,718,P1,38
17:13:23  A,1427,A5,4,01
17:13:23  A,1428,A1,4,0A
17:13:23  A,1429,B3,4,0A
17:13:23  A,1430,A3,4,0109,A4,4,3B34
17:13:23  A,216,B5,0,33
17:13:23  A,217,B1,0,36
17:13:23  A,218,B1,0,39,0,09H
17:13:23  [SLOT] n=599 tx=97 ack=4 due=0 r=1
17:13:23  [AT] "AT+CIPSEND=98" (13)
17:13:23  [AT] " S,577,0110000010,0000000000,718,P1,38A,1427,A5,4,01A,1428,A1,4,0AA,1429,B3,4,0AA,1430,A3,4,01" (94)
17:13:23  [AT] "SEND OK" (7)
17:13:23  [AT] "+IPD,68:T,1431,S,A4,1,68" (24)
17:13:23  [SLOT-OOW] +288ms
17:13:23  [AT] "T,1432,S,A2,1,6D" (16)
17:13:23  [AT] "T,1433,S,B1,1,6C" (16)
17:13:23  [AT] "T,1434,S,B2,1,68" (16)
17:13:23  [AT] "OK" (2)
17:13:24  [TX] S,578,0110000010,0000000000,720,P1,3C
17:13:24  A,1431,A4,4,07
17:13:24  A,1432,A2,4,02
17:13:24  A,1433,B1,4,03
17:13:24  A,1434,B2,4,0709,A4,4,3B34
17:13:24  A,216,B5,0,33
17:13:24  A,217,B1,0,36
17:13:24  A,218,B1,0,39,0,09H
17:13:24  [SLOT] n=600 tx=97 ack=4 due=0 r=1
17:13:24  [CNT] up=720 drop=1 esprst=2 resync=3 sendfail=0 okto=0 stuck=0 ackq=0 ackdrop=0 ackstale=0 slot=600 oow=318 smiss=2 ssovf=27 cksumng=27 okstream=578 penddrop=6 skip=0 online=1
17:13:24  [RAM] 최저 여유 627 B · 프롬프트 재동기 3회 (서버의 '버린줄' 과 맞아야 한다)
17:13:24  [AT] " S,578,0110000010,0000000000,720,P1,3CA,1431,A4,4,07A,1432,A2,4,02A,1433,B1,4,03A,1434,B2,4,07" (94)
17:13:24  [AT] "SEND OK" (7)
17:13:24  [AT] "+IPD,68:T,1435,S,A5,1,6D" (24)
17:13:24  [SLOT-OOW] +357ms
17:13:24  [AT] "T,1436,S,A1,1,6A" (16)
17:13:24  [AT] "AT+CIPSEND=98" (13)
17:13:25  [TX] S,579,0110000010,0000000000,721,P1,3C
17:13:25  A,1435,A5,4,02
17:13:25  A,1436,A1,4,05
17:13:25  A,1433,B1,4,03
17:13:25  A,1434,B2,4,0709,A4,4,3B34
17:13:25  A,216,B5,0,33
17:13:25  A,217,B1,0,36
17:13:25  A,218,B1,0,39,0,09H
17:13:25  [SLOT] n=601 tx=67 ack=2 due=0 r=1
17:13:25  [AT] "T,1437,S,BAT+CIPSEND=68" (23)
17:13:25  [CKSUM NG] T,1437,S,BAT+CIPSEND=68
17:13:26  [AT] " S,579,0110000010,0000000000,721,P1,3CA,1435,A5,4,02A,1436,A1,4,05" (66)
17:13:26  [AT] "SEND OK" (7)
17:13:26  [AT] "+IPD,68:T,1439,S,A2,1,66" (24)
17:13:26  [SLOT-OOW] +276ms
17:13:26  [AT] "T,1440,S,B1,1,68" (16)
17:13:26  [AT] "T,1441,S,B2,1,6A" (16)
17:13:26  [AT] "T,1442,S,A4,1,6C" (16)
17:13:26  [AT] "OK" (2)
17:13:27  [TX] S,580,0110000010,0000000000,722,P1,39
17:13:27  A,1439,A2,4,09
17:13:27  A,1440,B1,4,07
17:13:27  A,1441,B2,4,05
17:13:27  A,1442,A4,4,0309,A4,4,3B34
17:13:27  A,216,B5,0,33
17:13:27  A,217,B1,0,36
17:13:27  A,218,B1,0,39,0,09H
17:13:27  [SLOT] n=602 tx=97 ack=4 due=0 r=1
17:13:27  [AT] "AT+CIPSEND=98" (13)
17:13:27  [AT] " S,580,0110000010,0000000000,722,P1,39A,1439,A2,4,09A,1440,B1,4,07A,1441,B2,4,05A,1442,A4,4,03" (94)
17:13:27  [AT] "SEND OK" (7)
17:13:27  [AT] "+IPD,34:T,1443,S,A5,1,6C" (24)
17:13:27  [SLOT-OOW] +298ms
17:13:27  [AT] "T,1444,S,A1,1,6F" (16)
17:13:27  [AT] "OK" (2)
17:13:28  [TX] S,581,0110000010,0000000000,723,P1,39
17:13:28  A,1443,A5,4,03
17:13:28  A,1444,A1,4,00
17:13:28  A,1441,B2,4,05
17:13:28  A,1442,A4,4,0309,A4,4,3B34
17:13:28  A,216,B5,0,33
17:13:28  A,217,B1,0,36
17:13:28  A,218,B1,0,39,0,09H
17:13:28  [SLOT] n=603 tx=67 ack=2 due=0 r=1
17:13:28  [AT] "AT+CIPSEND=68" (13)
17:13:28  [AT] " S,581,0110000010,0000000000,723,P1,39A,1443,A5,4,03A,1444,A1,4,00" (66)
17:13:28  [AT] "SEND OK" (7)
17:13:28  [AT] "+IPD,68:T,1437,S,B3,1,6A" (24)
17:13:28  [SLOT-OOW] +257ms
17:13:28  [AT] "T,1438,S,A3,1,66" (16)
17:13:28  [AT] "T,1445,S,A4,1,6B" (16)
17:13:28  [AT] "T,1446,S,B2,1,6D" (16)
17:13:28  [AT] "OK" (2)
17:13:29  [TX] S,582,0110000010,0000000000,724,P1,3D
17:13:29  A,1437,B3,4,05
17:13:29  A,1438,A3,4,09
17:13:29  A,1445,A4,4,04
17:13:29  A,1446,B2,4,0209,A4,4,3B34
17:13:29  A,216,B5,0,33
17:13:29  A,217,B1,0,36
17:13:29  A,218,B1,0,39,0,09H
17:13:29  [SLOT] n=604 tx=97 ack=4 due=0 r=1
17:13:29  [AT] "AT+CIPSEND=98" (13)
17:13:29  [AT] " S,582,0110000010,0000000000,724,P1,3DA,1437,B3,4,05A,1438,A3,4,09A,1445,A4,4,04A,1446,B2,4,02" (94)
17:13:29  [AT] "SEND OK" (7)
17:13:29  [AT] "+IPD,68:T,1447,S,A2,1,6F" (24)
17:13:29  [SLOT-OOW] +332ms
17:13:29  [AT] "T,1448,S,B1,1,60" (16)
17:13:29  [AT] "T,1449,S,A5,1,66" (16)
17:13:29  [AT] "T,1450,S,A1,1,6A" (16)
17:13:29  [AT] "OK" (2)
17:13:30  [TX] S,583,0110000010,0000000000,726,P1,3E
17:13:30  A,1447,A2,4,00
17:13:30  A,1448,B1,4,0F
17:13:30  A,1449,A5,4,09
17:13:30  A,1450,A1,4,0509,A4,4,3B34
17:13:30  A,216,B5,0,33
17:13:30  A,217,B1,0,36
17:13:30  A,218,B1,0,39,0,09H
17:13:30  [SLOT] n=605 tx=97 ack=4 due=0 r=1
17:13:30  [AT] "AT+CIPSEND=98" (13)
17:13:30  [AT] " S,583,0110000010,0000000000,726,P1,3EA,1447,A2,4,00A,1448,B1,4,0FA,1449,A5,4,09A,1450,A1,4,05" (94)
17:13:30  [AT] "SEND OK" (7)
17:13:30  [AT] "+IPD,68:T,1451,S,B3,1,6A" (24)
17:13:30  [SLOT-OOW] +290ms
17:13:30  [AT] "T,1452,S,B2,1,68" (16)
17:13:30  [AT] "T,1453,S,A3,1,6B" (16)
17:13:30  [AT] "T,1454,S,A4,1,6B" (16)
17:13:30  [AT] "OK" (2)
17:13:31  [TX] S,584,0110000010,0000000000,727,P1,38
17:13:31  A,1451,B3,4,05
17:13:31  A,1452,B2,4,07
17:13:31  A,1453,A3,4,04
17:13:31  A,1454,A4,4,0409,A4,4,3B34
17:13:31  A,216,B5,0,33
17:13:31  A,217,B1,0,36
17:13:31  A,218,B1,0,39,0,09H
17:13:31  [SLOT] n=606 tx=97 ack=4 due=0 r=1
17:13:31  [AT] "AT+CIPSEND=98" (13)
17:13:32  [AT] " S,584,0110000010,0000000000,727,P1,38A,1451,B3,4,05A,1452,B2,4,07A,1453,A3,4,04A,1454,A4,4,04" (94)
17:13:32  [AT] "SEND OK" (7)
17:13:32  [AT] "+IPD,68:T,1455,S,A5,1,6B" (24)
17:13:32  [SLOT-OOW] +298ms
17:13:32  [AT] "T,1456,S,B1,1,6F" (16)
17:13:32  [AT] "T,1457,S,A1,1,6D" (16)
17:13:32  [AT] "T,1458,S,A2,1,61" (16)
17:13:32  [AT] "OK" (2)
17:13:33  [TX] S,585,0110000010,0000000000,728,P1,36
17:13:33  A,1455,A5,4,04
17:13:33  A,1456,B1,4,00
17:13:33  A,1457,A1,4,02
17:13:33  A,1458,A2,4,0E09,A4,4,3B34
17:13:33  A,216,B5,0,33
17:13:33  A,217,B1,0,36
17:13:33  A,218,B1,0,39,0,09H
17:13:33  [SLOT] n=607 tx=97 ack=4 due=0 r=1
17:13:33  [AT] "AT+CIPSEND=98" (13)
17:13:33  [AT] " S,585,0110000010,0000000000,728,P1,36A,1455,A5,4,04A,1456,B1,4,00A,1457,A1,4,02A,1458,A2,4,0E" (94)
17:13:33  [AT] "SEND OK" (7)
17:13:33  [AT] "+IPD,68:T,1459,S,B2,1,63" (24)
17:13:33  [SLOT-OOW] +306ms
17:13:33  [AT] "T,1460,S,B3,1,68" (16)
17:13:33  [AT] "T,1461,S,A4,1,6D" (16)
17:13:33  [AT] "T,1462,S,A3,1,69" (16)
17:13:33  [AT] "OK" (2)
17:13:34  [TX] S,586,0110000010,0000000000,729,P1,34
17:13:34  A,1459,B2,4,0C
17:13:34  A,1460,B3,4,07
17:13:34  A,1461,A4,4,02
17:13:34  A,1462,A3,4,0609,A4,4,3B34
17:13:34  A,216,B5,0,33
17:13:34  A,217,B1,0,36
17:13:34  A,218,B1,0,39,0,09H
17:13:34  [SLOT] n=608 tx=97 ack=4 due=0 r=1
17:13:34  [AT] "AT+CIPSEND=98" (13)
17:13:34  [AT] " S,586,0110000010,0000000000,729,P1,34A,1459,B2,4,0CA,1460,B3,4,07A,1461,A4,4,02A,1462,A3,4,06" (94)
17:13:34  [AT] "SEND OK" (7)
17:13:34  [AT] "+IPD,68:T,1463,S,B1,1,69" (24)
17:13:34  [SLOT-OOW] +311ms
17:13:34  [AT] "T,1464,S,A1,1,6D" (16)
17:13:34  [AT] "T,1465,S,A5,1,68" (16)
17:13:34  [AT] "T,1466,S,A2,1,6C" (16)
17:13:34  [AT] "OK" (2)
17:13:35  [TX] S,587,0110000010,0000000000,730,P1,3D
17:13:35  A,1463,B1,4,06
17:13:35  A,1464,A1,4,02
17:13:35  A,1465,A5,4,07
17:13:35  A,1466,A2,4,0309,A4,4,3B34
17:13:35  A,216,B5,0,33
17:13:35  A,217,B1,0,36
17:13:35  A,218,B1,0,39,0,09H
17:13:35  [SLOT] n=609 tx=97 ack=4 due=0 r=1
17:13:35  [AT] "AT+CIPSEND=98" (13)
17:13:35  [AT] " S,587,0110000010,0000000000,730,P1,3DA,1463,B1,4,06A,1464,A1,4,02A,1465,A5,4,07A,1466,A2,4,03" (94)
17:13:35  [AT] "SEND OK" (7)
17:13:35  [AT] "+IPD,68:T,1467,S,B3,1,6F" (24)
17:13:35  [SLOT-OOW] +324ms
17:13:35  [AT] "T,1468,S,B2,1,61" (16)
17:13:35  [AT] "T,1469,S,A3,1,62" (16)
17:13:35  [AT] "T,1470,S,A4,1,6D" (16)
17:13:35  [AT] "OK" (2)
17:13:36  [TX] S,588,0110000010,0000000000,732,P1,30
17:13:36  A,1467,B3,4,00
17:13:36  A,1468,B2,4,0E
17:13:36  A,1469,A3,4,0D
17:13:36  A,1470,A4,4,0209,A4,4,3B34
17:13:36  A,216,B5,0,33
17:13:36  A,217,B1,0,36
17:13:36  A,218,B1,0,39,0,09H
17:13:36  [SLOT] n=610 tx=97 ack=4 due=0 r=1
17:13:36  [AT] "AT+CIPSEND=98" (13)
17:13:36  [AT] " S,588,0110000010,0000000000,732,P1,30A,1467,B3,4,00A,1468,B2,4,0EA,1469,A3,4,0DA,1470,A4,4,02" (94)
17:13:36  [AT] "SEND OK" (7)
17:13:36  [AT] "+IPD,68:T,1471,S,B1,1,6A" (24)
17:13:36  [SLOT-OOW] +295ms
17:13:36  [AT] "T,1472,S,A2,1,69" (16)
17:13:36  [AT] "T,1473,S,A1,1,6B" (16)
17:13:36  [AT] "T,1474,S,A5,1,68" (16)
17:13:36  [AT] "OK" (2)
17:13:37  [TX] S,589,0110000010,0000000000,733,P1,30
17:13:37  A,1471,B1,4,05
17:13:37  A,1472,A2,4,06
17:13:37  A,1473,A1,4,04
17:13:37  A,1474,A5,4,0709,A4,4,3B34
17:13:37  A,216,B5,0,33
17:13:37  A,217,B1,0,36
17:13:37  A,218,B1,0,39,0,09H
17:13:37  [SLOT] n=611 tx=97 ack=4 due=0 r=1
17:13:37  [AT] "AT+CIPSEND=98" (13)
17:13:38  [AT] " S,589,0110000010,0000000000,733,P1,30A,1471,B1,4,05A,1472,A2,4,06A,1473,A1,4,04A,1474,A5,4,07" (94)
17:13:38  [AT] "SEND OK" (7)
17:13:38  [AT] "+IPD,68:T,1475,S,B3,1,6C" (24)
17:13:38  [SLOT-OOW] +295ms
17:13:38  [AT] "T,1476,S,B2,1,6E" (16)
17:13:38  [AT] "T,1477,S,A3,1,6D" (16)
17:13:38  [AT] "T,1478,S,A4,1,65" (16)
17:13:38  [AT] "OK" (2)
17:13:39  [TX] S,590,0110000010,0000000000,734,P1,3F
17:13:39  A,1475,B3,4,03
17:13:39  A,1476,B2,4,01
17:13:39  A,1477,A3,4,02
17:13:39  A,1478,A4,4,0A09,A4,4,3B34
17:13:39  A,216,B5,0,33
17:13:39  A,217,B1,0,36
17:13:39  A,218,B1,0,39,0,09H
17:13:39  [SLOT] n=612 tx=97 ack=4 due=0 r=1
17:13:39  [AT] "AT+CIPSEND=98" (13)
17:13:39  [AT] " S,590,0110000010,0000000000,734,P1,3FA,1475,B3,4,03A,1476,B2,4,01A,1477,A3,4,02A,1478,A4,4,0A" (94)
17:13:39  [AT] "SEND OK" (7)
17:13:39  [AT] "+IPD,68:T,1479,S,A2,1,62" (24)
17:13:39  [SLOT-OOW] +295ms
17:13:39  [AT] "T,1480,S,B1,1,64" (16)
17:13:39  [AT] "T,1481,S,A1,1,66" (16)
17:13:39  [AT] "T,1482,S,A5,1,61" (16)
17:13:39  [AT] "OK" (2)
17:13:40  [TX] S,591,0110000010,0000000000,735,P1,3F
17:13:40  A,1479,A2,4,0D
17:13:40  A,1480,B1,4,0B
17:13:40  A,1481,A1,4,09
17:13:40  A,1482,A5,4,0E09,A4,4,3B34
17:13:40  A,216,B5,0,33
17:13:40  A,217,B1,0,36
17:13:40  A,218,B1,0,39,0,09H
17:13:40  [SLOT] n=613 tx=97 ack=4 due=0 r=1
17:13:40  [AT] "AT+CIPSEND=98" (13)
17:13:40  [AT] " S,591,0110000010,0000000000,735,P1,3FA,1479,A2,4,0DA,1480,B1,4,0BA,1481,A1,4,09A,1482,A5,4,0E" (94)
17:13:40  [AT] "SEND OK" (7)
17:13:40  [AT] "+IPD,68:T,1483,S,B2,1,64" (24)
17:13:40  [SLOT-OOW] +288ms
17:13:40  [AT] "T,1484,S,A4,1,66" (16)
17:13:40  [AT] "T,1485,S,B3,1,63" (16)
17:13:40  [AT] "T,1486,S,A3,1,63" (16)
17:13:40  [AT] "OK" (2)
17:13:41  [TX] S,592,0110000010,0000000000,736,P1,3F
17:13:41  A,1483,B2,4,0B
17:13:41  A,1484,A4,4,09
17:13:41  A,1485,B3,4,0C
17:13:41  A,1486,A3,4,0C09,A4,4,3B34
17:13:41  A,216,B5,0,33
17:13:41  A,217,B1,0,36
17:13:41  A,218,B1,0,39,0,09H
17:13:41  [SLOT] n=614 tx=97 ack=4 due=0 r=1
17:13:41  [AT] "AT+CIPSEND=98" (13)
17:13:41  [AT] " S,592,0110000010,0000000000,736,P1,3FA,1483,B2,4,0BA,1484,A4,4,09A,1485,B3,4,0CA,1486,A3,4,0C" (94)
17:13:41  [AT] "SEND OK" (7)
17:13:41  [AT] "+IPD,68:T,1487,S,A2,1,63" (24)
17:13:41  [SLOT-OOW] +288ms
17:13:41  [AT] "T,1488,S,B1,1,6C" (16)
17:13:41  [AT] "T,1489,S,A5,1,6A" (16)
17:13:41  [AT] "T,1490,S,A1,1,66" (16)
17:13:41  [AT] "OK" (2)
17:13:42  [TX] S,593,0110000010,0000000000,738,P1,30
17:13:42  A,1487,A2,4,0C
17:13:42  A,1488,B1,4,03
17:13:42  A,1489,A5,4,05
17:13:42  A,1490,A1,4,0909,A4,4,3B34
17:13:42  A,216,B5,0,33
17:13:42  A,217,B1,0,36
17:13:42  A,218,B1,0,39,0,09H
17:13:42  [SLOT] n=615 tx=97 ack=4 due=0 r=1
17:13:42  [AT] "AT+CIPSEND=98" (13)
17:13:42  [AT] " S,593,0110000010,0000000000,738,P1,30A,1487,A2,4,0CA,1488,B1,4,03A,1489,A5,4,05A,1490,A1,4,09" (94)
17:13:42  [AT] "SEND OK" (7)
17:13:42  [AT] "+IPD,68:T,1491,S,B2,1,67" (24)
17:13:42  [SLOT-OOW] +289ms
17:13:42  [AT] "T,1492,S,B3,1,65" (16)
17:13:42  [AT] "T,1493,S,A3,1,67" (16)
17:13:42  [AT] "T,1494,S,A4,1,67" (16)
17:13:42  [AT] "OK" (2)
17:13:43  [TX] S,594,0110000010,0000000000,739,P1,36
17:13:43  A,1491,B2,4,08
17:13:43  A,1492,B3,4,0A
17:13:43  A,1493,A3,4,08
17:13:43  A,1494,A4,4,0809,A4,4,3B34
17:13:43  A,216,B5,0,33
17:13:43  A,217,B1,0,36
17:13:43  A,218,B1,0,39,0,09H
17:13:43  [SLOT] n=616 tx=97 ack=4 due=0 r=1
17:13:43  [AT] "AT+CIPSEND=98" (13)
17:13:43  [AT] " S,594,0110000010,0000000000,739,P1,36A,1491,B2,4,08A,1492,B3,4,0AA,1493,A3,4,08A,1494,A4,4,08" (94)
17:13:43  [AT] "SEND OK" (7)
17:13:44  [AT] "+IPD,68:T,1495,S,B1,1,60" (24)
17:13:44  [SLOT-OOW] +292ms
17:13:44  [AT] "T,1496,S,A2,1,63" (16)
17:13:44  [AT] "T,1497,S,A5,1,65" (16)
17:13:44  [AT] "T,1498,S,A1,1,6E" (16)
17:13:44  [AT] "OK" (2)
17:13:45  [TX] S,595,0110000010,0000000000,740,P1,39
17:13:45  A,1495,B1,4,0F
17:13:45  A,1496,A2,4,0C
17:13:45  A,1497,A5,4,0A
17:13:45  A,1498,A1,4,0109,A4,4,3B34
17:13:45  A,216,B5,0,33
17:13:45  A,217,B1,0,36
17:13:45  A,218,B1,0,39,0,09H
17:13:45  [SLOT] n=617 tx=97 ack=4 due=0 r=1
17:13:45  [AT] "AT+CIPSEND=98" (13)
17:13:45  [AT] " S,595,0110000010,0000000000,740,P1,39A,1495,B1,4,0FA,1496,A2,4,0CA,1497,A5,4,0AA,1498,A1,4,01" (94)
17:13:45  [AT] "SEND OK" (7)
17:13:45  [AT] "+IPD,68:T,1499,S,B2,1,6F" (24)
17:13:45  [SLOT-OOW] +292ms
17:13:45  [AT] "T,1500,S,A3,1,6C" (16)
17:13:45  [AT] "T,1501,S,A4,1,6A" (16)
17:13:45  [AT] "T,1502,S,B3,1,6D" (16)
17:13:45  [AT] "OK" (2)
17:13:46  [TX] S,596,0110000010,0000000000,741,P1,3B
17:13:46  A,1499,B2,4,00
17:13:46  A,1500,A3,4,03
17:13:46  A,1501,A4,4,05
17:13:46  A,1502,B3,4,0209,A4,4,3B34
17:13:46  A,216,B5,0,33
17:13:46  A,217,B1,0,36
17:13:46  A,218,B1,0,39,0,09H
17:13:46  [SLOT] n=618 tx=97 ack=4 due=0 r=1
17:13:46  [AT] "AT+CIPSEND=98" (13)
17:13:46  [AT] " S,596,0110000010,0000000000,741,P1,3BA,1499,B2,4,00A,1500,A3,4,03A,1501,A4,4,05A,1502,B3,4,02" (94)
17:13:46  [AT] "SEND OK" (7)
17:13:46  [AT] "+IPD,68:T,1503,S,B1,1,6E" (24)
17:13:46  [SLOT-OOW] +294ms
17:13:46  [AT] "T,1504,S,A2,1,69" (16)
17:13:46  [AT] "T,1505,S,A1,1,6B" (16)
17:13:46  [AT] "T,1506,S,A5,1,6C" (16)
17:13:46  [AT] "OK" (2)
17:13:47  [TX] S,597,0110000010,0000000000,742,P1,39
17:13:47  A,1503,B1,4,01
17:13:47  A,1504,A2,4,06
17:13:47  A,1505,A1,4,04
17:13:47  A,1506,A5,4,0309,A4,4,3B34
17:13:47  A,216,B5,0,33
17:13:47  A,217,B1,0,36
17:13:47  A,218,B1,0,39,0,09H
17:13:47  [SLOT] n=619 tx=97 ack=4 due=0 r=1
17:13:47  [AT] "AT+CIPSEND=98" (13)
17:13:47  [AT] " S,597,0110000010,0000000000,742,P1,39A,1503,B1,4,01A,1504,A2,4,06A,1505,A1,4,04A,1506,A5,4,03" (94)
17:13:47  [AT] "SEND OK" (7)
17:13:47  [AT] "+IPD,68:T,1507,S,A3,1,6B" (24)
17:13:47  [SLOT-OOW] +300ms
17:13:47  [AT] "T,1508,S,B2,1,66" (16)
17:13:47  [AT] "T,1509,S,A4,1,62" (16)
17:13:47  [AT] "T,1510,S,B3,1,6E" (16)
17:13:47  [AT] "OK" (2)
17:13:48  [TX] S,598,0110000010,0000000000,744,P1,30
17:13:48  A,1507,A3,4,04
17:13:48  A,1508,B2,4,09
17:13:48  A,1509,A4,4,0D
17:13:48  A,1510,B3,4,0109,A4,4,3B34
17:13:48  A,216,B5,0,33
17:13:48  A,217,B1,0,36
17:13:48  A,218,B1,0,39,0,09H
17:13:48  [SLOT] n=620 tx=97 ack=4 due=0 r=1
17:13:48  [AT] "AT+CIPSEND=98" (13)
17:13:48  [AT] " S,598,0110000010,0000000000,744,P1,30A,1507,A3,4,04A,1508,B2,4,09A,1509,A4,4,0DA,1510,B3,4,01" (94)
17:13:48  [AT] "SEND OK" (7)
17:13:48  [AT] "+IPD,68:T,1511,S,A2,1,6D" (24)
17:13:48  [SLOT-OOW] +297ms
17:13:48  [AT] "T,1512,S,A5,1,69" (16)
17:13:48  [AT] "T,1513,S,A1,1,6C" (16)
17:13:48  [AT] "T,1514,S,B1,1,68" (16)
17:13:48  [AT] "OK" (2)
17:13:49  [TX] S,599,0110000010,0000000000,745,P1,30
17:13:49  A,1511,A2,4,02
17:13:49  A,1512,A5,4,06
17:13:49  A,1513,A1,4,03
17:13:49  A,1514,B1,4,0709,A4,4,3B34
17:13:49  A,216,B5,0,33
17:13:49  A,217,B1,0,36
17:13:49  A,218,B1,0,39,0,09H
17:13:49  [SLOT] n=621 tx=97 ack=4 due=0 r=1
17:13:49  [AT] "AT+CIPSEND=98" (13)
17:13:49  [AT] " S,599,0110000010,0000000000,745,P1,30A,1511,A2,4,02A,1512,A5,4,06A,1513,A1,4,03A,1514,B1,4,07" (94)
17:13:49  [AT] "SEND OK" (7)
17:13:49  [AT] "+IPD,68:T,1515,S,A3,1,68" (24)
17:13:49  [SLOT-OOW] +288ms
17:13:49  [AT] "T,1516,S,B3,1,68" (16)
17:13:49  [AT] "T,1517,S,A4,1,6D" (16)
17:13:50  [AT] "T,1518,S,B2,1,67" (16)
17:13:50  [AT] "OK" (2)
17:13:51  [TX] S,600,0110000010,0000000000,746,P1,30
17:13:51  A,1515,A3,4,07
17:13:51  A,1516,B3,4,07
17:13:51  A,1517,A4,4,02
17:13:51  A,1518,B2,4,0809,A4,4,3B34
17:13:51  A,216,B5,0,33
17:13:51  A,217,B1,0,36
17:13:51  A,218,B1,0,39,0,09H
17:13:51  [SLOT] n=622 tx=97 ack=4 due=0 r=1
17:13:51  [AT] "AT+CIPSEND=98" (13)
17:13:51  [AT] " S,600,0110000010,0000000000,746,P1,30A,1515,A3,4,07A,1516,B3,4,07A,1517,A4,4,02A,1518,B2,4,08" (94)
17:13:51  [AT] "SEND OK" (7)
17:13:51  [AT] "+IPD,68:T,1519,S,A1,1,66" (24)
17:13:51  [SLOT-OOW] +297ms
17:13:51  [AT] "T,1520,S,A2,1,6F" (16)
17:13:51  [AT] "T,1521,S,A5,1,69" (16)
17:13:51  [AT] "T,1522,S,B1,1,6D" (16)
17:13:51  [AT] "OK" (2)
17:13:52  [TX] S,601,0110000010,0000000000,747,P1,30
17:13:52  A,1519,A1,4,09
17:13:52  A,1520,A2,4,00
17:13:52  A,1521,A5,4,06
17:13:52  A,1522,B1,4,0209,A4,4,3B34
17:13:52  A,216,B5,0,33
17:13:52  A,217,B1,0,36
17:13:52  A,218,B1,0,39,0,09H
17:13:52  [SLOT] n=623 tx=97 ack=4 due=0 r=1
17:13:52  [AT] "AT+CIPSEND=98" (13)
17:13:52  [AT] " S,601,0110000010,0000000000,747,P1,30A,1519,A1,4,09A,1520,A2,4,00A,1521,A5,4,06A,1522,B1,4,02" (94)
17:13:52  [AT] "SEND OK" (7)
17:13:52  [AT] "+IPD,68:T,1523,S,A3,1,6D" (24)
17:13:52  [SLOT-OOW] +295ms
17:13:52  [AT] "T,1524,S,B3,1,69" (16)
17:13:52  [AT] "T,1525,S,A4,1,6C" (16)
17:13:52  [AT] "T,1526,S,B2,1,6A" (16)
17:13:52  [AT] "OK" (2)
17:13:53  [TX] S,602,0110000010,0000000000,748,P1,3C
17:13:53  A,1523,A3,4,02
17:13:53  A,1524,B3,4,06
17:13:53  A,1525,A4,4,03
17:13:53  A,1526,B2,4,0509,A4,4,3B34
17:13:53  A,216,B5,0,33
17:13:53  A,217,B1,0,36
17:13:53  A,218,B1,0,39,0,09H
17:13:53  [SLOT] n=624 tx=97 ack=4 due=0 r=1
17:13:53  [AT] "AT+CIPSEND=98" (13)
17:13:53  [AT] " S,602,0110000010,0000000000,748,P1,3CA,1523,A3,4,02A,1524,B3,4,06A,1525,A4,4,03A,1526,B2,4,05" (94)
17:13:53  [AT] "SEND OK" (7)
17:13:53  [AT] "+IPD,68:T,1527,S,A1,1,6B" (24)
17:13:53  [SLOT-OOW] +295ms
17:13:53  [AT] "T,1528,S,A2,1,67" (16)
17:13:53  [AT] "T,1529,S,A5,1,61" (16)
17:13:53  [AT] "T,1530,S,B1,1,6E" (16)
17:13:53  [AT] "OK" (2)
17:13:54  [TX] S,603,0110000010,0000000000,750,P1,34
17:13:54  A,1527,A1,4,04
17:13:54  A,1528,A2,4,08
17:13:54  A,1529,A5,4,0E
17:13:54  A,1530,B1,4,0109,A4,4,3B34
17:13:54  A,216,B5,0,33
17:13:54  A,217,B1,0,36
17:13:54  A,218,B1,0,39,0,09H
17:13:54  [SLOT] n=625 tx=97 ack=4 due=0 r=1
17:13:54  [AT] "AT+CIPSEND=98" (13)
17:13:54  [AT] " S,603,0110000010,0000000000,750,P1,34A,1527,A1,4,04A,1528,A2,4,08A,1529,A5,4,0EA,1530,B1,4,01" (94)
17:13:54  [AT] "SEND OK" (7)
17:13:54  [AT] "+IPD,68:T,1531,S,A3,1,6E" (24)
17:13:54  [SLOT-OOW] +299ms
17:13:54  [AT] "T,1532,S,B3,1,6E" (16)
17:13:54  [AT] "T,1533,S,B2,1,6E" (16)
17:13:54  [AT] "T,1534,S,A4,1,6C" (16)
17:13:54  [AT] "OK" (2)
17:13:55  [TX] S,604,0110000010,0000000000,751,P1,32
17:13:55  A,1531,A3,4,01
17:13:55  A,1532,B3,4,01
17:13:55  A,1533,B2,4,01
17:13:55  A,1534,A4,4,0309,A4,4,3B34
17:13:55  A,216,B5,0,33
17:13:55  A,217,B1,0,36
17:13:55  A,218,B1,0,39,0,09H
17:13:55  [SLOT] n=626 tx=97 ack=4 due=0 r=1
17:13:55  [AT] "AT+CIPSEND=98" (13)
17:13:55  [AT] " S,604,0110000010,0000000000,751,P1,32A,1531,A3,4,01A,1532,B3,4,01A,1533,B2,4,01A,1534,A4,4,03" (94)
17:13:55  [AT] "SEND OK" (7)
17:13:55  [AT] "+IPD,68:T,1535,S,B1,1,6B" (24)
17:13:55  [SLOT-OOW] +293ms
17:13:55  [AT] "T,1536,S,A5,1,6F" (16)
17:13:55  [AT] "T,1537,S,A2,1,69" (16)
17:13:55  [AT] "T,1538,S,A1,1,65" (16)
17:13:55  [AT] "OK" (2)
17:13:57  [TX] S,605,0110000010,0000000000,752,P1,30
17:13:57  A,1535,B1,4,04
17:13:57  A,1536,A5,4,00
17:13:57  A,1537,A2,4,06
17:13:57  A,1538,A1,4,0A09,A4,4,3B34
17:13:57  A,216,B5,0,33
17:13:57  A,217,B1,0,36
17:13:57  A,218,B1,0,39,0,09H
17:13:57  [SLOT] n=627 tx=97 ack=4 due=0 r=1
17:13:57  [AT] "AT+CIPSEND=98" (13)
17:13:57  [AT] " S,605,0110000010,0000000000,752,P1,30A,1535,B1,4,04A,1536,A5,4,00A,1537,A2,4,06A,1538,A1,4,0A" (94)
17:13:57  [AT] "SEND OK" (7)
17:13:57  [AT] "+IPD,68:T,1539,S,B3,1,65" (24)
17:13:57  [SLOT-OOW] +299ms
17:13:57  [AT] "T,1540,S,A3,1,68" (16)
17:13:57  [AT] "T,1541,S,B2,1,6B" (16)
17:13:57  [AT] "T,1542,S,A4,1,6D" (16)
17:13:57  [AT] "OK" (2)
17:13:58  [TX] S,606,0110000010,0000000000,753,P1,32
17:13:58  A,1539,B3,4,0A
17:13:58  A,1540,A3,4,07
17:13:58  A,1541,B2,4,04
17:13:58  A,1542,A4,4,0209,A4,4,3B34
17:13:58  A,216,B5,0,33
17:13:58  A,217,B1,0,36
17:13:58  A,218,B1,0,39,0,09H
17:13:58  [SLOT] n=628 tx=97 ack=4 due=0 r=1
17:13:58  [AT] "AT+CIPSEND=98" (13)
17:13:58  [AT] " S,606,0110000010,0000000000,753,P1,32A,1539,B3,4,0AA,1540,A3,4,07A,1541,B2,4,04A,1542,A4,4,02" (94)
17:13:58  [AT] "SEND OK" (7)
17:13:58  [AT] "+IPD,68:T,1543,S,B1,1,6A" (24)
17:13:58  [SLOT-OOW] +299ms
17:13:58  [AT] "T,1544,S,A2,1,6D" (16)
17:13:58  [AT] "T,1545,S,A5,1,6B" (16)
17:13:58  [AT] "T,1546,S,A1,1,6C" (16)
17:13:58  [AT] "OK" (2)
17:13:59  [TX] S,607,0110000010,0000000000,754,P1,34
17:13:59  A,1543,B1,4,05
17:13:59  A,1544,A2,4,02
17:13:59  A,1545,A5,4,04
17:13:59  A,1546,A1,4,0309,A4,4,3B34
17:13:59  A,216,B5,0,33
17:13:59  A,217,B1,0,36
17:13:59  A,218,B1,0,39,0,09H
17:13:59  [SLOT] n=629 tx=97 ack=4 due=0 r=1
17:13:59  [AT] "AT+CIPSEND=98" (13)
17:13:59  [AT] " S,607,0110000010,0000000000,754,P1,34A,1543,B1,4,05A,1544,A2,4,02A,1545,A5,4,04A,1546,A1,4,03" (94)
17:13:59  [AT] "SEND OK" (7)
17:13:59  [AT] "+IPD,68:T,1547,S,B2,1,6D" (24)
17:13:59  [SLOT-OOW] +319ms
17:13:59  [AT] "T,1548,S,A3,1,60" (16)
17:13:59  [AT] "T,1549,S,B3,1,62" (16)
17:13:59  [AT] "T,1550,S,A4,1,6E" (16)
17:13:59  [AT] "OK" (2)
17:14:00  [TX] S,608,0110000010,0000000000,756,P1,39
17:14:00  A,1547,B2,4,02
17:14:00  A,1548,A3,4,0F
17:14:00  A,1549,B3,4,0D
17:14:00  A,1550,A4,4,0109,A4,4,3B34
17:14:00  A,216,B5,0,33
17:14:00  A,217,B1,0,36
17:14:00  A,218,B1,0,39,0,09H
17:14:00  [SLOT] n=630 tx=97 ack=4 due=0 r=1
17:14:00  [AT] "AT+CIPSEND=98" (13)
17:14:00  [AT] " S,608,0110000010,0000000000,756,P1,39A,1547,B2,4,02A,1548,A3,4,0FA,1549,B3,4,0DA,1550,A4,4,01" (94)
17:14:00  [AT] "SEND OK" (7)
17:14:00  [AT] "+IPD,68:T,1551,S,A1,1,6A" (24)
17:14:00  [SLOT-OOW] +291ms
17:14:00  [AT] "T,1552,S,A2,1,6A" (16)
17:14:00  [AT] "T,1553,S,B1,1,6B" (16)
17:14:00  [AT] "T,1554,S,A5,1,6B" (16)
17:14:00  [AT] "OK" (2)
17:14:01  [TX] S,609,0110000010,0000000000,757,P1,39
17:14:01  A,1551,A1,4,05
17:14:01  A,1552,A2,4,05
17:14:01  A,1553,B1,4,04
17:14:01  A,1554,A5,4,0409,A4,4,3B34
17:14:01  A,216,B5,0,33
17:14:01  A,217,B1,0,36
17:14:01  A,218,B1,0,39,0,09H
17:14:01  [SLOT] n=631 tx=97 ack=4 due=0 r=1
17:14:01  [AT] "AT+CIPSEND=98" (13)
17:14:01  [AT] " S,609,0110000010,0000000000,757,P1,39A,1551,A1,4,05A,1552,A2,4,05A,1553,B1,4,04A,1554,A5,4,04" (94)
17:14:01  [AT] "SEND OK" (7)
17:14:01  [AT] "+IPD,68:T,1555,S,A3,1,6C" (24)
17:14:01  [SLOT-OOW] +288ms
17:14:01  [AT] "T,1556,S,B2,1,6D" (16)
17:14:01  [AT] "T,1557,S,B3,1,6D" (16)
17:14:01  [AT] "T,1558,S,A4,1,66" (16)
17:14:01  [AT] "OK" (2)
17:14:03  [TX] S,610,0110000010,0000000000,758,P1,3E
17:14:03  A,1555,A3,4,03
17:14:03  A,1556,B2,4,02
17:14:03  A,1557,B3,4,02
17:14:03  A,1558,A4,4,0909,A4,4,3B34
17:14:03  A,216,B5,0,33
17:14:03  A,217,B1,0,36
17:14:03  A,218,B1,0,39,0,09H
17:14:03  [SLOT] n=632 tx=97 ack=4 due=0 r=1
17:14:03  [AT] "AT+CIPSEND=98" (13)
17:14:03  [AT] " S,610,0110000010,0000000000,758,P1,3EA,1555,A3,4,03A,1556,B2,4,02A,1557,B3,4,02A,1558,A4,4,09" (94)
17:14:03  [AT] "SEND OK" (7)
17:14:03  [AT] "+IPD,68:T,1559,S,B1,1,61" (24)
17:14:03  [SLOT-OOW] +306ms
17:14:03  [AT] "T,1560,S,A1,1,68" (16)
17:14:03  [AT] "T,1561,S,A2,1,6A" (16)
17:14:03  [AT] "T,1562,S,A5,1,6E" (16)
17:14:03  [AT] "OK" (2)
17:14:04  [TX] S,611,0110000010,0000000000,759,P1,3E
17:14:04  A,1559,B1,4,0E
17:14:04  A,1560,A1,4,07
17:14:04  A,1561,A2,4,05
17:14:04  A,1562,A5,4,0109,A4,4,3B34
17:14:04  A,216,B5,0,33
17:14:04  A,217,B1,0,36
17:14:04  A,218,B1,0,39,0,09H
17:14:04  [SLOT] n=633 tx=97 ack=4 due=0 r=1
17:14:04  [AT] "AT+CIPSEND=98" (13)
17:14:04  [AT] " S,611,0110000010,0000000000,759,P1,3EA,1559,B1,4,0EA,1560,A1,4,07A,1561,A2,4,05A,1562,A5,4,01" (94)
17:14:04  [AT] "SEND OK" (7)
17:14:04  [AT] "+IPD,68:T,1563,S,B2,1,6B" (24)
17:14:04  [SLOT-OOW] +296ms
17:14:04  [AT] "T,1564,S,A3,1,6E" (16)
17:14:04  [AT] "T,1565,S,B3,1,6C" (16)
17:14:04  [AT] "T,1566,S,A4,1,6B" (16)
17:14:04  [AT] "OK" (2)
17:14:05  [TX] S,612,0110000010,0000000000,760,P1,37
17:14:05  A,1563,B2,4,04
17:14:05  A,1564,A3,4,01
17:14:05  A,1565,B3,4,03
17:14:05  A,1566,A4,4,0409,A4,4,3B34
17:14:05  A,216,B5,0,33
17:14:05  A,217,B1,0,36
17:14:05  A,218,B1,0,39,0,09H
17:14:05  [SLOT] n=634 tx=97 ack=4 due=0 r=1
17:14:05  [AT] "AT+CIPSEND=98" (13)
17:14:05  [AT] " S,612,0110000010,0000000000,760,P1,37A,1563,B2,4,04A,1564,A3,4,01A,1565,B3,4,03A,1566,A4,4,04" (94)
17:14:05  [AT] "SEND OK" (7)
17:14:05  [AT] "+IPD,68:T,1567,S,A2,1,6C" (24)
17:14:05  [SLOT-OOW] +345ms
17:14:05  [AT] "T,1568,S,A1,1,60" (16)
17:14:05  [AT] "T,1569,S,B1,1,62" (16)
17:14:05  [AT] "T,1570,S,A5,1,6D" (16)
17:14:05  [AT] "OK" (2)
17:14:06  [TX] S,613,0110000010,0000000000,762,P1,34
17:14:06  A,1567,A2,4,03
17:14:06  A,1568,A1,4,0F
17:14:06  A,1569,B1,4,0D
17:14:06  A,1570,A5,4,0209,A4,4,3B34
17:14:06  A,216,B5,0,33
17:14:06  A,217,B1,0,36
17:14:06  A,218,B1,0,39,0,09H
17:14:06  [SLOT] n=635 tx=97 ack=4 due=0 r=1
17:14:06  [AT] "AT+CIPSEND=98" (13)
17:14:06  [AT] " S,613,0110000010,0000000000,762,P1,34A,1567,A2,4,03A,1568,A1,4,0FA,1569,B1,4,0DA,1570,A5,4,02" (94)
17:14:06  [AT] "SEND OK" (7)
17:14:06  [AT] "+IPD,68:T,1571,S,B2,1,68" (24)
17:14:06  [SLOT-OOW] +479ms
17:14:06  [AT] "T,1572,S,A3,1,69" (16)
17:14:06  [AT] "T,1573,S,B3,1,6B" (16)
17:14:06  [AT] "T,1574,S,A4,1,68" (16)
17:14:06  [AT] "OK" (2)
17:14:07  [TX] S,614,0110000010,0000000000,763,P1,32
17:14:07  A,1571,B2,4,07
17:14:07  A,1572,A3,4,06
17:14:07  A,1573,B3,4,04
17:14:07  A,1574,A4,4,0709,A4,4,3B34
17:14:07  A,216,B5,0,33
17:14:07  A,217,B1,0,36
17:14:07  A,218,B1,0,39,0,09H
17:14:07  [SLOT] n=636 tx=97 ack=4 due=0 r=1
17:14:07  [AT] "AT+CIPSEND=98" (13)
17:14:07  [AT] " S,614,0110000010,0000000000,763,P1,32A,1571,B2,4,07A,1572,A3,4,06A,1573,B3,4,04A,1574,A4,4,07" (94)
17:14:07  [AT] "SEND OK" (7)
17:14:07  [AT] "+IPD,68:T,1575,S,A2,1,6F" (24)
17:14:07  [SLOT-OOW] +292ms
17:14:07  [AT] "T,1576,S,A1,1,6F" (16)
17:14:07  [AT] "T,1577,S,B1,1,6D" (16)
17:14:07  [AT] "T,1578,S,A5,1,65" (16)
17:14:07  [AT] "OK" (2)
17:14:08  [TX] S,615,0110000010,0000000000,764,P1,34
17:14:08  A,1575,A2,4,00
17:14:08  A,1576,A1,4,00
17:14:08  A,1577,B1,4,02
17:14:08  A,1578,A5,4,0A09,A4,4,3B34
17:14:08  A,216,B5,0,33
17:14:08  A,217,B1,0,36
17:14:08  A,218,B1,0,39,0,09H
17:14:08  [SLOT] n=637 tx=97 ack=4 due=0 r=1
17:14:09  [AT] "AT+CIPSEND=98" (13)
17:14:09  [AT] " S,615,0110000010,0000000000,764,P1,34A,1575,A2,4,00A,1576,A1,4,00A,1577,B1,4,02A,1578,A5,4,0A" (94)
17:14:09  [AT] "SEND OK" (7)
17:14:09  [AT] "+IPD,68:T,1579,S,A4,1,65" (24)
17:14:09  [SLOT-OOW] +296ms
17:14:09  [AT] "T,1580,S,A3,1,64" (16)
17:14:09  [AT] "T,1581,S,B2,1,67" (16)
17:14:09  [AT] "T,1582,S,B3,1,65" (16)
17:14:09  [AT] "OK" (2)
17:14:10  [TX] S,616,0110000010,0000000000,765,P1,36
17:14:10  A,1579,A4,4,0A
17:14:10  A,1580,A3,4,0B
17:14:10  A,1581,B2,4,08
17:14:10  A,1582,B3,4,0A09,A4,4,3B34
17:14:10  A,216,B5,0,33
17:14:10  A,217,B1,0,36
17:14:10  A,218,B1,0,39,0,09H
17:14:10  [SLOT] n=638 tx=97 ack=4 due=0 r=1
17:14:10  [AT] "AT+CIPSEND=98" (13)
17:14:10  [AT] " S,616,0110000010,0000000000,765,P1,36A,1579,A4,4,0AA,1580,A3,4,0BA,1581,B2,4,08A,1582,B3,4,0A" (94)
17:14:10  [AT] "SEND OK" (7)
17:14:10  [AT] "+IPD,68:T,1583,S,A2,1,66" (24)
17:14:10  [SLOT-OOW] +292ms
17:14:10  [AT] "T,1584,S,B1,1,61" (16)
17:14:10  [AT] "T,1585,S,A1,1,63" (16)
17:14:10  [AT] "T,1586,S,A5,1,64" (16)
17:14:10  [AT] "OK" (2)
17:14:11  [TX] S,617,0110000010,0000000000,766,P1,34
17:14:11  A,1583,A2,4,09
17:14:11  A,1584,B1,4,0E
17:14:11  A,1585,A1,4,0C
17:14:11  A,1586,A5,4,0B09,A4,4,3B34
17:14:11  A,216,B5,0,33
17:14:11  A,217,B1,0,36
17:14:11  A,218,B1,0,39,0,09H
17:14:11  [SLOT] n=639 tx=97 ack=4 due=0 r=1
17:14:11  [AT] "AT+CIPSEND=98" (13)
17:14:11  [AT] " S,617,0110000010,0000000000,766,P1,34A,1583,A2,4,09A,1584,B1,4,0EA,1585,A1,4,0CA,1586,A5,4,0B" (94)
17:14:11  [AT] "SEND OK" (7)
17:14:11  [AT] "+IPD,68:T,1587,S,A4,1,64" (24)
17:14:11  [SLOT-OOW] +302ms
17:14:11  [AT] "T,1588,S,B3,1,6F" (16)
17:14:11  [AT] "T,1589,S,A3,1,6D" (16)
17:14:11  [AT] "T,1590,S,B2,1,67" (16)
17:14:11  [AT] "OK" (2)
17:14:12  [TX] S,618,0110000010,0000000000,768,P1,35
17:14:12  A,1587,A4,4,0B
17:14:12  A,1588,B3,4,00
17:14:12  A,1589,A3,4,02
17:14:12  A,1590,B2,4,0809,A4,4,3B34
17:14:12  A,216,B5,0,33
17:14:12  A,217,B1,0,36
17:14:12  A,218,B1,0,39,0,09H
17:14:12  [SLOT] n=640 tx=97 ack=4 due=0 r=1
17:14:12  [AT] "AT+CIPSEND=98" (13)
17:14:12  [AT] " S,618,0110000010,0000000000,768,P1,35A,1587,A4,4,0BA,1588,B3,4,00A,1589,A3,4,02A,1590,B2,4,08" (94)
17:14:12  [AT] "SEND OK" (7)
17:14:12  [AT] "+IPD,68:T,1591,S,B1,1,65" (24)
17:14:12  [SLOT-OOW] +291ms
17:14:12  [AT] "T,1592,S,A2,1,66" (16)
17:14:12  [AT] "T,1593,S,A5,1,60" (16)
17:14:12  [AT] "T,1594,S,A1,1,63" (16)
17:14:12  [AT] "OK" (2)
17:14:13  [TX] S,619,0110000010,0000000000,769,P1,35
17:14:13  A,1591,B1,4,0A
17:14:13  A,1592,A2,4,09
17:14:13  A,1593,A5,4,0F
17:14:13  A,1594,A1,4,0C09,A4,4,3B34
17:14:13  A,216,B5,0,33
17:14:13  A,217,B1,0,36
17:14:13  A,218,B1,0,39,0,09H
17:14:13  [SLOT] n=641 tx=97 ack=4 due=0 r=1
17:14:13  [AT] "AT+CIPSEND=98" (13)
17:14:13  [AT] " S,619,0110000010,0000000000,769,P1,35A,1591,B1,4,0AA,1592,A2,4,09A,1593,A5,4,0FA,1594,A1,4,0C" (94)
17:14:13  [AT] "SEND OK" (7)
17:14:13  [AT] "+IPD,68:T,1595,S,A4,1,67" (24)
17:14:13  [SLOT-OOW] +322ms
17:14:13  [AT] "T,1596,S,B3,1,60" (16)
17:14:13  [AT] "T,1597,S,A3,1,62" (16)
17:14:13  [AT] "T,1598,S,B2,1,6F" (16)
17:14:13  [AT] "OK" (2)
17:14:14  [TX] S,620,0110000010,0000000000,770,P1,37
17:14:14  A,1595,A4,4,08
17:14:14  A,1596,B3,4,0F
17:14:14  A,1597,A3,4,0D
17:14:14  A,1598,B2,4,0009,A4,4,3B34
17:14:14  A,216,B5,0,33
17:14:14  A,217,B1,0,36
17:14:14  A,218,B1,0,39,0,09H
17:14:14  [SLOT] n=642 tx=97 ack=4 due=0 r=1
17:14:14  [AT] "AT+CIPSEND=98" (13)
17:14:15  [AT] " S,620,0110000010,0000000000,770,P1,37A,1595,A4,4,08A,1596,B3,4,0FA,1597,A3,4,0DA,1598,B2,4,00" (94)
17:14:15  [AT] "SEND OK" (7)
17:14:15  [AT] "+IPD,68:T,1599,S,A2,1,6D" (24)
17:14:15  [SLOT-OOW] +317ms
17:14:15  [AT] "T,1600,S,B1,1,6E" (16)
17:14:15  [AT] "T,1601,S,A1,68" (14)
17:14:15  [CKSUM NG] T,1601,S,A1,68
17:14:15  [AT] "T,1602,S,A1,1,6F" (16)
17:14:15  [AT] "OK" (2)
17:14:16  [TX] S,621,0110000010,0000000000,771,P1,37
17:14:16  A,1599,A2,4,02
17:14:16  A,1600,B1,4,01
17:14:16  A,1602,A1,4,00
17:14:16  A,1598,B2,4,0009,A4,4,3B34
17:14:16  A,216,B5,0,33
17:14:16  A,217,B1,0,36
17:14:16  A,218,B1,0,39,0,09H
17:14:16  [SLOT] n=643 tx=82 ack=3 due=0 r=1
17:14:16  [AT] "AT+CIPSEND=83" (13)
17:14:16  [AT] " S,621,0110000010,0000000000,771,P1,37A,1599,A2,4,02A,1600,B1,4,01A,1602,A1,4,00" (80)
17:14:16  [AT] "SEND OK" (7)
17:14:16  [AT] "+IPD,68:T,1603,S,A4,1,6B" (24)
17:14:16  [SLOT-OOW] +286ms
17:14:16  [AT] "T,1604,S,A3,1,6B" (16)
17:14:16  [AT] "T,1605,S,B,1,69" (15)
17:14:16  [CKSUM NG] T,1605,S,B,1,69
17:14:16  [AT] "T,1606,S,B2,1,6B" (16)
17:14:16  [AT] "OK" (2)
17:14:17  [TX] S,622,0110000010,0000000000,772,P1,37
17:14:17  A,1603,A4,4,04
17:14:17  A,1604,A3,4,04
17:14:17  A,1606,B2,4,04
17:14:17  A,1598,B2,4,0009,A4,4,3B34
17:14:17  A,216,B5,0,33
17:14:17  A,217,B1,0,36
17:14:17  A,218,B1,0,39,0,09H
17:14:17  [SLOT] n=644 tx=82 ack=3 due=0 r=1
17:14:17  [AT] "AT+CIPSEND=83" (13)
17:14:17  [AT] " S,622,0110000010,0000000000,772,P1,37A,1603,A4,4,04A,1604,A3,4,04A,1606,B2,4,04" (80)
17:14:17  [AT] "SEND OK" (7)
17:14:17  [AT] "+IPD,51:T,1607,S,A2,1,69" (24)
17:14:17  [SLOT-OOW] +250ms
17:14:17  [AT] "T,1608,S,B1,1,66" (16)
17:14:17  [AT] "T,1609,S,A1,1,64" (16)
17:14:17  [AT] "OK" (2)
17:14:18  [TX] S,623,0110000010,0000000000,774,P1,30
17:14:18  A,1607,A2,4,06
17:14:18  A,1608,B1,4,09
17:14:18  A,1609,A1,4,0B
17:14:18  A,1598,B2,4,0009,A4,4,3B34
17:14:18  A,216,B5,0,33
17:14:18  A,217,B1,0,36
17:14:18  A,218,B1,0,39,0,09H
17:14:18  [SLOT] n=645 tx=82 ack=3 due=0 r=1
17:14:18  [AT] "AT+CIPSEND=83" (13)
17:14:18  [AT] " S,623,0110000010,0000000000,774,P1,30A,1607,A2,4,06A,1608,B1,4,09A,1609,A1,4,0B" (80)
17:14:18  [AT] "SEND OK" (7)
17:14:18  [AT] "+IPD,68:T,1610,S,A4,1,69" (24)
17:14:18  [SLOT-OOW] +311ms
17:14:18  [AT] "T,1611,S,B2,1,6D" (16)
17:14:18  [AT] "T,1612,S,A3,1,6C" (16)
17:14:18  [AT] "T,1601,S,A5,1,68" (16)
17:14:18  [AT] "OK" (2)
17:14:19  [TX] S,624,0110000010,0000000000,775,P1,36
17:14:19  A,1610,A4,4,06
17:14:19  A,1611,B2,4,02
17:14:19  A,1612,A3,4,03
17:14:19  A,1601,A5,4,0709,A4,4,3B34
17:14:19  A,216,B5,0,33
17:14:19  A,217,B1,0,36
17:14:19  A,218,B1,0,39,0,09H
17:14:19  [SLOT] n=646 tx=97 ack=4 due=0 r=1
17:14:19  [AT] "AT+CIPSEND=98" (13)
17:14:19  [AT] " S,624,0110000010,0000000000,775,P1,36A,1610,A4,4,06A,1611,B2,4,02A,1612,A3,4,03A,1601,A5,4,07" (94)
17:14:19  [AT] "SEND OK" (7)
17:14:19  [AT] "+IPD,68:T,1605,S,B3,1,69" (24)
17:14:19  [SLOT-OOW] +352ms
17:14:19  [AT] "T,1613,S,B1,1,6C" (16)
17:14:19  [AT] "T,1614,S,A2,1,6B" (16)
17:14:19  [AT] "T,1615,S,A1,1,69" (16)
17:14:19  [AT] "OK" (2)
17:14:20  [TX] S,625,0110000010,0000000000,776,P1,34
17:14:20  A,1605,B3,4,06
17:14:20  A,1613,B1,4,03
17:14:20  A,1614,A2,4,04
17:14:20  A,1615,A1,4,0609,A4,4,3B34
17:14:20  A,216,B5,0,33
17:14:20  A,217,B1,0,36
17:14:20  A,218,B1,0,39,0,09H
17:14:20  [SLOT] n=647 tx=97 ack=4 due=0 r=1
17:14:20  [AT] "AT+CIPSEND=98" (13)
17:14:21  [AT] " S,625,0110000010,0000000000,776,P1,34A,1605,B3,4,06A,1613,B1,4,03A,1614,A2,4,04A,1615,A1,4,06" (94)
17:14:21  [AT] "SEND OK" (7)
17:14:21  [AT] "+IPD,68:T,1616,S,B2,1,6A" (24)
17:14:21  [SLOT-OOW] +309ms
17:14:21  [AT] "T,1617,S,A3,1,69" (16)
17:14:21  [AT] "T,1618,S,A5,1,60" (16)
17:14:21  [AT] "T,1619,S,A4,1,60" (16)
17:14:21  [AT] "OK" (2)
17:14:22  [TX] S,626,0110000010,0000000000,777,P1,36
17:14:22  A,1616,B2,4,05
17:14:22  A,1617,A3,4,06
17:14:22  A,1618,A5,4,0F
17:14:22  A,1619,A4,4,0F09,A4,4,3B34
17:14:22  A,216,B5,0,33
17:14:22  A,217,B1,0,36
17:14:22  A,218,B1,0,39,0,09H
17:14:22  [SLOT] n=648 tx=97 ack=4 due=0 r=1
17:14:22  [AT] "AT+CIPSEND=98" (13)
17:14:22  [AT] " S,626,0110000010,0000000000,777,P1,36A,1616,B2,4,05A,1617,A3,4,06A,1618,A5,4,0FA,1619,A4,4,0F" (94)
17:14:22  [AT] "SEND OK" (7)
17:14:22  [AT] "+IPD,68:T,1620,S,B3,1,6E" (24)
17:14:22  [SLOT-OOW] +297ms
17:14:22  [AT] "T,1621,S,B1,1,6D" (16)
17:14:22  [AT] "T,1622,S,A1,1,6D" (16)
17:14:22  [AT] "T,1623,S,A2,1,6F" (16)
17:14:22  [AT] "OK" (2)
17:14:23  [TX] S,627,0110000010,0000000000,778,P1,38
17:14:23  A,1620,B3,4,01
17:14:23  A,1621,B1,4,02
17:14:23  A,1622,A1,4,02
17:14:23  A,1623,A2,4,0009,A4,4,3B34
17:14:23  A,216,B5,0,33
17:14:23  A,217,B1,0,36
17:14:23  A,218,B1,0,39,0,09H
17:14:23  [SLOT] n=649 tx=97 ack=4 due=0 r=1
17:14:23  [AT] " S,627,0110000010,0000000000,778,P1,38A,1620,B3,4,01A,1621,B1,4,02A,1622,A1,4,02A,1623,A2,4,00" (94)
17:14:23  [AT] "SEND OK" (7)
17:14:23  [AT] "+IPD,68:T,1624,S,B2,1,6B" (24)
17:14:23  [SLOT-OOW] +321ms
17:14:23  [AT] "T,1625,S,A3,1,68" (16)
17:14:23  [AT] "T,1626,S,A627,S,A5,1,6C" (23)
17:14:23  [CKSUM NG] T,1626,S,A627,S,A5,1,6C
17:14:23  [AT] "OK" (2)
17:14:23  [AT] "AT+CIPSEND=98" (13)
17:14:24  [TX] S,628,0110000010,0000000000,780,P1,30
17:14:24  A,1624,B2,4,04
17:14:24  A,1625,A3,4,07
17:14:24  A,1622,A1,4,02
17:14:24  A,1623,A2,4,0009,A4,4,3B34
17:14:24  A,216,B5,0,33
17:14:24  A,217,B1,0,36
17:14:24  A,218,B1,0,39,0,09H
17:14:24  [SLOT] n=650 tx=67 ack=2 due=0 r=1
17:14:24  [CNT] up=780 drop=1 esprst=2 resync=3 sendfail=0 okto=0 stuck=0 ackq=0 ackdrop=0 ackstale=0 slot=650 oow=368 smiss=2 ssovf=31 cksumng=31 okstream=628 penddrop=6 skip=0 online=1
17:14:24  [RAM] 최저 여유 627 B · 프롬프트 재동기 3회 (서버의 '버린줄' 과 맞아야 한다)
17:14:24  [AT] " S,628,0110000010,0000000000,780,P1,30A,1624,B2,4,04A,1625,A3,4,07" (66)
17:14:24  [AT] "SEND OK" (7)
17:14:24  [AT] "+IPD,68:T,1628,S,B3,1,66" (24)
17:14:24  [SLOT-OOW] +296ms
17:14:24  [AT] "T,1629,S,A1,1,66" (16)
17:14:24  [AT] "AT+CIPSEND=68" (13)
17:14:25  [TX] S,629,0110000010,0000000000,781,P1,30
17:14:25  A,1628,B3,4,09
17:14:25  A,1629,A1,4,09
17:14:25  A,1622,A1,4,02
17:14:25  A,1623,A2,4,0009,A4,4,3B34
17:14:25  A,216,B5,0,33
17:14:25  A,217,B1,0,36
17:14:25  A,218,B1,0,39,0,09H
17:14:25  [SLOT] n=651 tx=67 ack=2 due=0 r=1
17:14:25  [AT] "T,1630,SAT+CIPSEND=68" (21)
17:14:25  [CKSUM NG] T,1630,SAT+CIPSEND=68
17:14:25  [AT] " S,629,0110000010,0000000000,781,P1,30A,1628,B3,4,09A,1629,A1,4,09" (66)
17:14:25  [AT] "SEND OK" (7)
17:14:25  [AT] "+IPD,34:T,1632,S,A3,1,6E" (24)
17:14:25  [SLOT-OOW] +248ms
17:14:25  [AT] "T,1633,S,B2,1,6D" (16)
17:14:25  [AT] "OK" (2)
17:14:26  [TX] S,630,0110000010,0000000000,782,P1,3B
17:14:26  A,1632,A3,4,01
17:14:26  A,1633,B2,4,02
17:14:26  A,1622,A1,4,02
17:14:26  A,1623,A2,4,0009,A4,4,3B34
17:14:26  A,216,B5,0,33
17:14:26  A,217,B1,0,36
17:14:26  A,218,B1,0,39,0,09H
17:14:26  [SLOT] n=652 tx=67 ack=2 due=0 r=1
17:14:26  [AT] "AT+CIPSEND=68" (13)
17:14:26  [AT] " S,630,0110000010,0000000000,782,P1,3BA,1632,A3,4,01A,1633,B2,4,02" (66)
17:14:26  [AT] "SEND OK" (7)
17:14:26  [AT] "+IPD,68:T,1634,S,A1,1,6A" (24)
17:14:26  [SLOT-OOW] +255ms
17:14:27  [AT] "T,1635,S,B3,1,6A" (16)
17:14:27  [AT] "T,1626,S,A4,1,6C" (16)
17:14:27  [AT] "T,1627,S,A5,1,6C" (16)
17:14:27  [AT] "OK" (2)
17:14:28  [TX] S,631,0110000010,0000000000,783,P1,3B
17:14:28  A,1634,A1,4,05
17:14:28  A,1635,B3,4,05
17:14:28  A,1626,A4,4,03
17:14:28  A,1627,A5,4,0309,A4,4,3B34
17:14:28  A,216,B5,0,33
17:14:28  A,217,B1,0,36
17:14:28  A,218,B1,0,39,0,09H
17:14:28  [SLOT] n=653 tx=97 ack=4 due=0 r=1
17:14:28  [AT] "AT+CIPSEND=98" (13)
17:14:28  [AT] " S,631,0110000010,0000000000,783,P1,3BA,1634,A1,4,05A,1635,B3,4,05A,1626,A4,4,03A,1627,A5,4,03" (94)
17:14:28  [AT] "SEND OK" (7)
17:14:28  [AT] "+IPD,68:T,1630,S,B1,1,6D" (24)
17:14:28  [SLOT-OOW] +294ms
17:14:28  [AT] "T,1631,S,A2,1,6C" (16)
17:14:28  [AT] "T,1636,S,B2,1,68" (16)
17:14:28  [AT] "T,1637,S,A3,1,6B" (16)
17:14:28  [AT] "OK" (2)
17:14:29  [TX] S,632,0110000010,0000000000,784,P1,3F
17:14:29  A,1630,B1,4,02
17:14:29  A,1631,A2,4,03
17:14:29  A,1636,B2,4,07
17:14:29  A,1637,A3,4,0409,A4,4,3B34
17:14:29  A,216,B5,0,33
17:14:29  A,217,B1,0,36
17:14:29  A,218,B1,0,39,0,09H
17:14:29  [SLOT] n=654 tx=97 ack=4 due=0 r=1
17:14:29  [AT] "AT+CIPSEND=98" (13)
17:14:29  [AT] " S,632,0110000010,0000000000,784,P1,3FA,1630,B1,4,02A,1631,A2,4,03A,1636,B2,4,07A,1637,A3,4,04" (94)
17:14:29  [AT] "SEND OK" (7)
17:14:29  [AT] "+IPD,68:T,1638,S,A1,1,66" (24)
17:14:29  [SLOT-OOW] +291ms
17:14:29  [AT] "T,1639,S,A4,1,62" (16)
17:14:29  [AT] "T,1640,S,B3,1,68" (16)
17:14:29  [AT] "T,1641,S,A5,1,6C" (16)
17:14:29  [AT] "OK" (2)
17:14:30  [TX] S,633,0110000010,0000000000,786,P1,3C
17:14:30  A,1638,A1,4,09
17:14:30  A,1639,A4,4,0D
17:14:30  A,1640,B3,4,07
17:14:30  A,1641,A5,4,0309,A4,4,3B34
17:14:30  A,216,B5,0,33
17:14:30  A,217,B1,0,36
17:14:30  A,218,B1,0,39,0,09H
17:14:30  [SLOT] n=655 tx=97 ack=4 due=0 r=1
17:14:30  [AT] "AT+CIPSEND=98" (13)
17:14:30  [AT] " S,633,0110000010,0000000000,786,P1,3CA,1638,A1,4,09A,1639,A4,4,0DA,1640,B3,4,07A,1641,A5,4,03" (94)
17:14:30  [AT] "SEND OK" (7)
17:14:30  [AT] "+IPD,68:T,1642,S,B2,1,6B" (24)
17:14:30  [SLOT-OOW] +470ms
17:14:30  [AT] "T,1643,S,B1,1,69" (16)
17:14:30  [AT] "T,1644,S,A2,1,6E" (16)
17:14:30  [AT] "T,1645,S,A3,1,6E" (16)
17:14:30  [AT] "OK" (2)
17:14:31  [TX] S,634,0110000010,0000000000,787,P1,3A
17:14:31  A,1642,B2,4,04
17:14:31  A,1643,B1,4,06
17:14:31  A,1644,A2,4,01
17:14:31  A,1645,A3,4,0109,A4,4,3B34
17:14:31  A,216,B5,0,33
17:14:31  A,217,B1,0,36
17:14:31  A,218,B1,0,39,0,09H
17:14:31  [SLOT] n=656 tx=97 ack=4 due=0 r=1
17:14:31  [AT] "AT+CIPSEND=98" (13)
17:14:31  [AT] " S,634,0110000010,0000000000,787,P1,3AA,1642,B2,4,04A,1643,B1,4,06A,1644,A2,4,01A,1645,A3,4,01" (94)
17:14:31  [AT] "SEND OK" (7)
17:14:31  [AT] "+IPD,68:T,1646,S,A1,1,6F" (24)
17:14:31  [SLOT-OOW] +290ms
17:14:31  [AT] "T,1647,S,B3,1,6F" (16)
17:14:31  [AT] "T,1648,S,A5,1,65" (16)
17:14:31  [AT] "T,1649,S,A4,1,65" (16)
17:14:31  [AT] "OK" (2)
17:14:32  [TX] S,635,0110000010,0000000000,788,P1,34
17:14:32  A,1646,A1,4,00
17:14:32  A,1647,B3,4,00
17:14:32  A,1648,A5,4,0A
17:14:32  A,1649,A4,4,0A09,A4,4,3B34
17:14:32  A,216,B5,0,33
17:14:32  A,217,B1,0,36
17:14:32  A,218,B1,0,39,0,09H
17:14:32  [SLOT] n=657 tx=97 ack=4 due=0 r=1
17:14:32  [AT] "AT+CIPSEND=98" (13)
17:14:33  [AT] " S,635,0110000010,0000000000,788,P1,34A,1646,A1,4,00A,1647,B3,4,00A,1648,A5,4,0AA,1649,A4,4,0A" (94)
17:14:33  [AT] "SEND OK" (7)
17:14:33  [AT] "+IPD,68:T,1650,S,B2,1,68" (24)
17:14:33  [SLOT-OOW] +352ms
17:14:33  [AT] "T,1651,S,A2,1,6A" (16)
17:14:33  [AT] "T,1652,S,A3,1,68" (16)
17:14:33  [AT] "T,1653,S,B1,1,68" (16)
17:14:33  [AT] "OK" (2)
17:14:34  [TX] S,636,0110000010,0000000000,789,P1,36
17:14:34  A,1650,B2,4,07
17:14:34  A,1651,A2,4,05
17:14:34  A,1652,A3,4,07
17:14:34  A,1653,B1,4,0709,A4,4,3B34
17:14:34  A,216,B5,0,33
17:14:34  A,217,B1,0,36
17:14:34  A,218,B1,0,39,0,09H
17:14:34  [SLOT] n=658 tx=97 ack=4 due=0 r=1
17:14:34  [AT] "AT+CIPSEND=98" (13)
17:14:34  [AT] " S,636,0110000010,0000000000,789,P1,36A,1650,B2,4,07A,1651,A2,4,05A,1652,A3,4,07A,1653,B1,4,07" (94)
17:14:34  [AT] "SEND OK" (7)
17:14:34  [AT] "+IPD,68:T,1654,S,B3,1,6D" (24)
17:14:34  [SLOT-OOW] +295ms
17:14:34  [AT] "T,1655,S,A4,1,68" (16)
17:14:34  [AT] "T,1656,S,A1,1,6E" (16)
17:14:34  [AT] "T,1657,S,A5,1,6B" (16)
17:14:34  [AT] "OK" (2)
17:14:35  [TX] S,637,0110000010,0000000000,790,P1,3F
17:14:35  A,1654,B3,4,02
17:14:35  A,1655,A4,4,07
17:14:35  A,1656,A1,4,01
17:14:35  A,1657,A5,4,0409,A4,4,3B34
17:14:35  A,216,B5,0,33
17:14:35  A,217,B1,0,36
17:14:35  A,218,B1,0,39,0,09H
17:14:35  [SLOT] n=659 tx=97 ack=4 due=0 r=1
17:14:35  [AT] "AT+CIPSEND=98" (13)
17:14:35  [AT] " S,637,0110000010,0000000000,790,P1,3FA,1654,B3,4,02A,1655,A4,4,07A,1656,A1,4,01A,1657,A5,4,04" (94)
17:14:35  [AT] "SEND OK" (7)
17:14:35  [AT] "+IPD,68:T,1658,S,B2,1,60" (24)
17:14:35  [SLOT-OOW] +291ms
17:14:35  [AT] "T,1659,S,A2,1,62" (16)
17:14:35  [AT] "T,1660,S,A3,1,69" (16)
17:14:35  [AT] "T,1661,S,B1,1,69" (16)
17:14:35  [AT] "OK" (2)
17:14:36  [TX] S,638,0110000010,0000000000,792,P1,32
17:14:36  A,1658,B2,4,0F
17:14:36  A,1659,A2,4,0D
17:14:36  A,1660,A3,4,06
17:14:36  A,1661,B1,4,0609,A4,4,3B34
17:14:36  A,216,B5,0,33
17:14:36  A,217,B1,0,36
17:14:36  A,218,B1,0,39,0,09H
17:14:36  [SLOT] n=660 tx=97 ack=4 due=0 r=1
17:14:36  [AT] "AT+CIPSEND=98" (13)
17:14:36  [AT] " S,638,0110000010,0000000000,792,P1,32A,1658,B2,4,0FA,1659,A2,4,0DA,1660,A3,4,06A,1661,B1,4,06" (94)
17:14:36  [AT] "SEND OK" (7)
17:14:36  [AT] "+IPD,68:T,1662,S,B3,1,68" (24)
17:14:36  [SLOT-OOW] +295ms
17:14:36  [AT] "T,1663,S,A5,1,6C" (16)
17:14:36  [AT] "T,1664,S,A1,1,6F" (16)
17:14:36  [AT] "T,1665,S,A4,1,6B" (16)
17:14:36  [AT] "OK" (2)
17:14:37  [TX] S,639,0110000010,0000000000,793,P1,32
17:14:37  A,1662,B3,4,07
17:14:37  A,1663,A5,4,03
17:14:37  A,1664,A1,4,00
17:14:37  A,1665,A4,4,0409,A4,4,3B34
17:14:37  A,216,B5,0,33
17:14:37  A,217,B1,0,36
17:14:37  A,218,B1,0,39,0,09H
17:14:37  [SLOT] n=661 tx=97 ack=4 due=0 r=1
17:14:37  [AT] "AT+CIPSEND=98" (13)
17:14:37  [AT] " S,639,0110000010,0000000000,793,P1,32A,1662,B3,4,07A,1663,A5,4,03A,1664,A1,4,00A,1665,A4,4,04" (94)
17:14:37  [AT] "SEND OK" (7)
17:14:37  [AT] "+IPD,68:T,1666,S,B2,1,6D" (24)
17:14:37  [SLOT-OOW] +295ms
17:14:37  [AT] "T,1667,S,A3,1,6E" (16)
17:14:37  [AT] "T,1668,S,A2,1,60" (16)
17:14:37  [AT] "T,1669,S,B1,1,61" (16)
17:14:37  [AT] "OK" (2)
17:14:38  [TX] S,640,0110000010,0000000000,794,P1,3B
17:14:38  A,1666,B2,4,02
17:14:38  A,1667,A3,4,01
17:14:38  A,1668,A2,4,0F
17:14:38  A,1669,B1,4,0E09,A4,4,3B34
17:14:38  A,216,B5,0,33
17:14:38  A,217,B1,0,36
17:14:38  A,218,B1,0,39,0,09H
17:14:38  [SLOT] n=662 tx=97 ack=4 due=0 r=1
17:14:38  [AT] "AT+CIPSEND=98" (13)
17:14:39  [AT] " S,640,0110000010,0000000000,794,P1,3BA,1666,B2,4,02A,1667,A3,4,01A,1668,A2,4,0FA,1669,B1,4,0E" (94)
17:14:39  [AT] "SEND OK" (7)
17:14:39  [AT] "+IPD,68:T,1670,S,A5,1,6E" (24)
17:14:39  [SLOT-OOW] +341ms
17:14:39  [AT] "T,1671,S,A4,1,6E" (16)
17:14:39  [AT] "T,1672,S,A1,1,68" (16)
17:14:39  [AT] "T,1673,S,B3,1,68" (16)
17:14:39  [AT] "OK" (2)
17:14:40  [TX] S,641,0110000010,0000000000,795,P1,3B
17:14:40  A,1670,A5,4,01
17:14:40  A,1671,A4,4,01
17:14:40  A,1672,A1,4,07
17:14:40  A,1673,B3,4,0709,A4,4,3B34
17:14:40  A,216,B5,0,33
17:14:40  A,217,B1,0,36
17:14:40  A,218,B1,0,39,0,09H
17:14:40  [SLOT] n=663 tx=97 ack=4 due=0 r=1
17:14:40  [AT] "AT+CIPSEND=98" (13)
17:14:40  [AT] " S,641,0110000010,0000000000,795,P1,3BA,1670,A5,4,01A,1671,A4,4,01A,1672,A1,4,07A,1673,B3,4,07" (94)
17:14:40  [AT] "SEND OK" (7)
17:14:40  [AT] "+IPD,68:T,1674,S,A3,1,6C" (24)
17:14:40  [SLOT-OOW] +332ms
17:14:40  [AT] "T,1675,S,B2,1,6F" (16)
17:14:40  [AT] "T,1676,S,A2,1,6F" (16)
17:14:40  [AT] "T,1677,S,B1,1,6E" (16)
17:14:40  [AT] "OK" (2)
17:14:41  [TX] S,642,0110000010,0000000000,796,P1,3B
17:14:41  A,1674,A3,4,03
17:14:41  A,1675,B2,4,00
17:14:41  A,1676,A2,4,00
17:14:41  A,1677,B1,4,0109,A4,4,3B34
17:14:41  A,216,B5,0,33
17:14:41  A,217,B1,0,36
17:14:41  A,218,B1,0,39,0,09H
17:14:41  [SLOT] n=664 tx=97 ack=4 due=0 r=1
17:14:41  [AT] "AT+CIPSEND=98" (13)
17:14:41  [AT] " S,642,0110000010,0000000000,796,P1,3BA,1674,A3,4,03A,1675,B2,4,00A,1676,A2,4,00A,1677,B1,4,01" (94)
17:14:41  [AT] "SEND OK" (7)
17:14:41  [AT] "+IPD,68:T,1678,S,B3,1,63" (24)
17:14:41  [SLOT-OOW] +391ms
17:14:41  [AT] "T,1679,S,A4,1,66" (16)
17:14:41  [AT] "T,1680,S,A5,1,61" (16)
17:14:41  [AT] "T,1681,S,A1,1,64" (16)
17:14:41  [AT] "OK" (2)
17:14:42  [TX] S,643,0110000010,0000000000,798,P1,34
17:14:42  A,1678,B3,4,0C
17:14:42  A,1679,A4,4,09
17:14:42  A,1680,A5,4,0E
17:14:42  A,1681,A1,4,0B09,A4,4,3B34
17:14:42  A,216,B5,0,33
17:14:42  A,217,B1,0,36
17:14:42  A,218,B1,0,39,0,09H
17:14:42  [SLOT] n=665 tx=97 ack=4 due=0 r=1
17:14:42  [AT] "AT+CIPSEND=98" (13)
17:14:42  [AT] " S,643,0110000010,0000000000,798,P1,34A,1678,B3,4,0CA,1679,A4,4,09A,1680,A5,4,0EA,1681,A1,4,0B" (94)
17:14:42  [AT] "SEND OK" (7)
17:14:42  [AT] "+IPD,68:T,1682,S,A3,1,65" (24)
17:14:42  [SLOT-OOW] +296ms
17:14:42  [AT] "T,1683,S,B2,1,66" (16)
17:14:42  [AT] "T,1684,S,B1,1,62" (16)
17:14:42  [AT] "T,1685,S,A2,1,63" (16)
17:14:42  [AT] "OK" (2)
17:14:43  [TX] S,644,0110000010,0000000000,799,P1,32
17:14:43  A,1682,A3,4,0A
17:14:43  A,1683,B2,4,09
17:14:43  A,1684,B1,4,0D
17:14:43  A,1685,A2,4,0C09,A4,4,3B34
17:14:43  A,216,B5,0,33
17:14:43  A,217,B1,0,36
17:14:43  A,218,B1,0,39,0,09H
17:14:43  [SLOT] n=666 tx=97 ack=4 due=0 r=1
17:14:43  [AT] "AT+CIPSEND=98" (13)
17:14:43  [AT] " S,644,0110000010,0000000000,799,P1,32A,1682,A3,4,0AA,1683,B2,4,09A,1684,B1,4,0DA,1685,A2,4,0C" (94)
17:14:43  [AT] "SEND OK" (7)
17:14:43  [AT] "+IPD,51:T,1686,S,A5,1,67" (24)
17:14:43  [SLOT-OOW] +340ms
17:14:43  [AT] "T,1687,S,B3,1,63" (16)
17:14:43  [AT] "T,1688,S,A4,1,68" (16)
17:14:43  [AT] "OK" (2)
17:14:44  [TX] S,645,0110000010,0000000000,800,P1,3C
17:14:44  A,1686,A5,4,08
17:14:44  A,1687,B3,4,0C
17:14:44  A,1688,A4,4,07
17:14:44  A,1685,A2,4,0C09,A4,4,3B34
17:14:44  A,216,B5,0,33
17:14:44  A,217,B1,0,36
17:14:44  A,218,B1,0,39,0,09H
17:14:44  [SLOT] n=667 tx=82 ack=3 due=0 r=1
17:14:44  [AT] "AT+CIPSEND=83" (13)
17:14:44  [AT] " S,645,0110000010,0000000000,800,P1,3CA,1686,A5,4,08A,1687,B3,4,0CA,1688,A4,4,07" (80)
17:14:44  [AT] "SEND OK" (7)
17:14:44  [AT] "+IPD,17:T,1689,S,A2,1,6F" (24)
17:14:44  [SLOT-OOW] +256ms
17:14:44  [AT] "OK" (2)
17:14:45  [TX] S,646,0110000010,0000000000,801,P1,3E
17:14:45  A,1689,A2,4,00
17:14:45  A,1687,B3,4,0C
17:14:45  A,1688,A4,4,07
17:14:45  A,1685,A2,4,0C09,A4,4,3B34
17:14:45  A,216,B5,0,33
17:14:45  A,217,B1,0,36
17:14:45  A,218,B1,0,39,0,09H
17:14:45  [SLOT] n=668 tx=52 ack=1 due=0 r=1
17:14:45  [AT] "AT+CIPSEND=53" (13)
17:14:46  [AT] " S,646,0110000010,0000000000,801,P1,3EA,1689,A2,4,00" (52)
17:14:46  [AT] "SEND OK" (7)
17:14:46  [AT] "+IPD,34:T,1690,S,A5,1,60" (24)
17:14:46  [SLOT-OOW] +295ms
17:14:46  [AT] "T,1691,S,A4,1,60" (16)
17:14:46  [AT] "OK" (2)
17:14:47  [TX] S,647,0110000010,0000000000,802,P1,3C
17:14:47  A,1690,A5,4,0F
17:14:47  A,1691,A4,4,0F
17:14:47  A,1688,A4,4,07
17:14:47  A,1685,A2,4,0C09,A4,4,3B34
17:14:47  A,216,B5,0,33
17:14:47  A,217,B1,0,36
17:14:47  A,218,B1,0,39,0,09H
17:14:47  [SLOT] n=669 tx=67 ack=2 due=0 r=1
17:14:47  [AT] "AT+CIPSEND=68" (13)
17:14:47  [AT] " S,647,0110000010,0000000000,802,P1,3CA,1690,A5,4,0FA,1691,A4,4,0F" (66)
17:14:47  [AT] "SEND OK" (7)
17:14:48  [TX] S,648,0110000010,0000000000,804,P1,35
17:14:48  [SLOT] n=670 tx=37 ack=0 due=0 r=1
17:14:48  [AT] "AT+CIPSEND=38" (13)
17:14:48  [AT] " S,648,0110000010,0000000000,804,P1,35" (38)
17:14:48  [AT] "SEND OK" (7)
17:14:48  [AT] "+IPD,17:T,1692,S,A5,1,62" (24)
17:14:48  [SLOT-OOW] +144ms
17:14:48  [AT] "OK" (2)
17:14:49  [TX] S,649,0110000010,0000000000,805,P1,35
17:14:49  A,1692,A5,4,0D
17:14:49  A,1691,A4,4,0F
17:14:49  A,1688,A4,4,07
17:14:49  A,1685,A2,4,0C09,A4,4,3B34
17:14:49  A,216,B5,0,33
17:14:49  A,217,B1,0,36
17:14:49  A,218,B1,0,39,0,09H
17:14:49  [SLOT] n=671 tx=52 ack=1 due=0 r=1
17:14:49  [AT] " S,649,0110000010,0000000000,805,P1,35A,1692,A5,4,0D" (52)
17:14:49  [AT] "SEND OK" (7)
17:14:49  [AT] "AT+CIPSEND=53" (13)
17:14:50  [TX] S,650,0110000010,0000000000,806,P1,3E
17:14:50  [SLOT] n=672 tx=37 ack=0 due=0 r=1
17:14:50  [AT] "AT+CIPSEND=38" (13)
17:14:50  [AT] " S,650,0110000010,0000000000,806,P1,3E" (38)
17:14:50  [AT] "SEND OK" (7)
17:14:51  [TX] S,651,0110000010,0000000000,807,P1,3E
17:14:51  [SLOT] n=673 tx=37 ack=0 due=0 r=1
17:14:51  [AT] "AT+CIPSEND=38" (13)
17:14:51  [AT] " S,651,0110000010,0000000000,807,P1,3E" (38)
17:14:51  [AT] "SEND OK" (7)
17:14:53  [TX] S,652,0110000010,0000000000,808,P1,32
17:14:53  [SLOT] n=674 tx=37 ack=0 due=0 r=1
17:14:53  [AT] "AT+CIPSEND=38" (13)
17:14:53  [AT] " S,652,0110000010,0000000000,808,P1,32" (38)
17:14:53  [AT] "SEND OK" (7)
17:14:54  [TX] S,653,0110000010,0000000000,810,P1,3A
17:14:54  [SLOT] n=675 tx=37 ack=0 due=0 r=1
17:14:54  [AT] "AT+CIPSEND=38" (13)
17:14:54  [AT] " S,653,0110000010,0000000000,810,P1,3A" (38)
17:14:54  [AT] "SEND OK" (7)
17:14:55  [TX] S,654,0110000010,0000000000,811,P1,3C
17:14:55  [SLOT] n=676 tx=37 ack=0 due=0 r=1
17:14:55  [AT] "AT+CIPSEND=38" (13)
17:14:55  [AT] " S,654,0110000010,0000000000,811,P1,3C" (38)
17:14:55  [AT] "SEND OK" (7)
17:14:55  [AT] "+IPD,68:T,1693,S,A1,1,67" (24)
17:14:55  [SLOT-OOW] +150ms
17:14:55  [AT] "T,1694,S,B1,1,63" (16)
17:14:55  [AT] "T,1695,S,A5,1,65" (16)
17:14:55  [AT] "T,1696,S,A4,1,67" (16)
17:14:55  [AT] "OK" (2)
17:14:56  [TX] S,655,0110000010,0000000000,812,P1,3E
17:14:56  A,1693,A1,4,08
17:14:56  A,1694,B1,4,0C
17:14:56  A,1695,A5,4,0A
17:14:56  A,1696,A4,4,0809,A4,4,3B34
17:14:56  A,216,B5,0,33
17:14:56  A,217,B1,0,36
17:14:56  A,218,B1,0,39,0,09H
17:14:56  [SLOT] n=677 tx=97 ack=4 due=0 r=1
17:14:56  [AT] "AT+CIPSEND=98" (13)
17:14:56  [AT] " S,655,0110000010,0000000000,812,P1,3EA,1693,A1,4,08A,1694,B1,4,0CA,1695,A5,4,0AA,1696,A4,4,08" (94)
17:14:56  [AT] "SEND OK" (7)
17:14:56  [AT] "+IPD,68:T,1697,S,A3,1,61" (24)
17:14:56  [SLOT-OOW] +298ms
17:14:56  [AT] "T,1698,S,A2,1,6F" (16)
17:14:56  [AT] "T,1699,S,B2,1,6D" (16)
17:14:56  [AT] "T,1700,S,B3,1,6D" (16)
17:14:56  [AT] "OK" (2)
17:14:57  [TX] S,656,0110000010,0000000000,813,P1,3C
17:14:57  A,1697,A3,4,0E
17:14:57  A,1698,A2,4,00
17:14:57  A,1699,B2,4,02
17:14:57  A,1700,B3,4,0209,A4,4,3B34
17:14:57  A,216,B5,0,33
17:14:57  A,217,B1,0,36
17:14:57  A,218,B1,0,39,0,09H
17:14:57  [SLOT] n=678 tx=97 ack=4 due=0 r=1
17:14:57  [AT] "AT+CIPSEND=98" (13)
17:14:58  [AT] " S,656,0110000010,0000000000,813,P1,3CA,1697,A3,4,0EA,1698,A2,4,00A,1699,B2,4,02A,1700,B3,4,02" (94)
17:14:58  [AT] "SEND OK" (7)
17:14:58  [AT] "+IPD,68:T,1701,S,A1,1,6D" (24)
17:14:58  [SLOT-OOW] +339ms
17:14:58  [AT] "T,1702,S,A5,1,6A" (16)
17:14:58  [AT] "T,1703,S,B1,1,6C" (16)
17:14:58  [AT] "T,1704,S,A4,1,6D" (16)
17:14:58  [AT] "OK" (2)
17:14:59  [TX] S,657,0110000010,0000000000,814,P1,3A
17:14:59  A,1701,A1,4,02
17:14:59  A,1702,A5,4,05
17:14:59  A,1703,B1,4,03
17:14:59  A,1704,A4,4,0209,A4,4,3B34
17:14:59  A,216,B5,0,33
17:14:59  A,217,B1,0,36
17:14:59  A,218,B1,0,39,0,09H
17:14:59  [SLOT] n=679 tx=97 ack=4 due=0 r=1
17:14:59  [AT] "AT+CIPSEND=98" (13)
17:14:59  [AT] " S,657,0110000010,0000000000,814,P1,3AA,1701,A1,4,02A,1702,A5,4,05A,1703,B1,4,03A,1704,A4,4,02" (94)
17:14:59  [AT] "SEND OK" (7)
17:14:59  [AT] "+IPD,68:T,1705,S,B2,1,69" (24)
17:14:59  [SLOT-OOW] +314ms
17:14:59  [AT] "T,1706,S,A3,1,68" (16)
17:14:59  [AT] "T,1707,S,A2,1,68" (16)
17:14:59  [AT] "T,1708,S,B3,1,65" (16)
17:14:59  [AT] "OK" (2)
17:15:00  [TX] S,658,0110000010,0000000000,816,P1,37
17:15:00  A,1705,B2,4,06
17:15:00  A,1706,A3,4,07
17:15:00  A,1707,A2,4,07
17:15:00  A,1708,B3,4,0A09,A4,4,3B34
17:15:00  A,216,B5,0,33
17:15:00  A,217,B1,0,36
17:15:00  A,218,B1,0,39,0,09H
17:15:00  [SLOT] n=680 tx=97 ack=4 due=0 r=1
17:15:00  [AT] "AT+CIPSEND=98" (13)
17:15:00  [AT] " S,658,0110000010,0000000000,816,P1,37A,1705,B2,4,06A,1706,A3,4,07A,1707,A2,4,07A,1708,B3,4,0A" (94)
17:15:00  [AT] "SEND OK" (7)
17:15:00  [AT] "+IPD,68:T,1709,S,A5,1,61" (24)
17:15:00  [SLOT-OOW] +291ms
17:15:00  [AT] "T,1710,S,B1,1,6E" (16)
17:15:00  [AT] "T,1711,S,A1,1,6C" (16)
17:15:00  [AT] "T,1712,S,A4,1,6A" (16)
17:15:00  [AT] "OK" (2)
17:15:01  [TX] S,659,0110000010,0000000000,817,P1,37
17:15:01  A,1709,A5,4,0E
17:15:01  A,1710,B1,4,01
17:15:01  A,1711,A1,4,03
17:15:01  A,1712,A4,4,0509,A4,4,3B34
17:15:01  A,216,B5,0,33
17:15:01  A,217,B1,0,36
17:15:01  A,218,B1,0,39,0,09H
17:15:01  [SLOT] n=681 tx=97 ack=4 due=0 r=1
17:15:01  [AT] "AT+CIPSEND=98" (13)
17:15:01  [AT] " S,659,0110000010,0000000000,817,P1,37A,1709,A5,4,0EA,1710,B1,4,01A,1711,A1,4,03A,1712,A4,4,05" (94)
17:15:01  [AT] "SEND OK" (7)
17:15:01  [AT] "+IPD,68:T,1713,S,B2,1,6E" (24)
17:15:01  [SLOT-OOW] +308ms
17:15:01  [AT] "T,1714,S,A2,1,6A" (16)
17:15:01  [AT] "T,1715,S,A3,1,6A" (16)
17:15:01  [AT] "T,1716,S,B3,1,6A" (16)
17:15:01  [AT] "OK" (2)
17:15:02  [TX] S,660,0110000010,0000000000,818,P1,32
17:15:02  A,1713,B2,4,01
17:15:02  A,1714,A2,4,05
17:15:02  A,1715,A3,4,05
17:15:02  A,1716,B3,4,0509,A4,4,3B34
17:15:02  A,216,B5,0,33
17:15:02  A,217,B1,0,36
17:15:02  A,218,B1,0,39,0,09H
17:15:02  [SLOT] n=682 tx=97 ack=4 due=0 r=1
17:15:02  [AT] "AT+CIPSEND=98" (13)
17:15:02  [AT] " S,660,0110000010,0000000000,818,P1,32A,1713,B2,4,01A,1714,A2,4,05A,1715,A3,4,05A,1716,B3,4,05" (94)
17:15:02  [AT] "SEND OK" (7)
17:15:02  [AT] "+IPD,68:T,1717,S,B1,1,69" (24)
17:15:02  [SLOT-OOW] +311ms
17:15:02  [AT] "T,1718,S,A4,1,60" (16)
17:15:02  [AT] "T,1719,S,A5,1,60" (16)
17:15:02  [AT] "T,1720,S,A1,1,6E" (16)
17:15:02  [AT] "OK" (2)
17:15:03  [TX] S,661,0110000010,0000000000,819,P1,32
17:15:03  A,1717,B1,4,06
17:15:03  A,1718,A4,4,0F
17:15:03  A,1719,A5,4,0F
17:15:03  A,1720,A1,4,0109,A4,4,3B34
17:15:03  A,216,B5,0,33
17:15:03  A,217,B1,0,36
17:15:03  A,218,B1,0,39,0,09H
17:15:03  [SLOT] n=683 tx=97 ack=4 due=0 r=1
17:15:03  [AT] "AT+CIPSEND=98" (13)
17:15:04  [AT] " S,661,0110000010,0000000000,819,P1,32A,1717,B1,4,06A,1718,A4,4,0FA,1719,A5,4,0FA,1720,A1,4,01" (94)
17:15:04  [AT] "SEND OK" (7)
17:15:04  [AT] "+IPD,68:T,1721,S,A2,1,6C" (24)
17:15:04  [SLOT-OOW] +294ms
17:15:04  [AT] "T,1722,S,A3,1,6E" (16)
17:15:04  [AT] "T,1723,S,B3,1,6C" (16)
17:15:04  [AT] "T,1724,S,B2,1,6A" (16)
17:15:04  [AT] "OK" (2)
17:15:05  [TX] S,662,0110000010,0000000000,820,P1,3B
17:15:05  A,1721,A2,4,03
17:15:05  A,1722,A3,4,01
17:15:05  A,1723,B3,4,03
17:15:05  A,1724,B2,4,0509,A4,4,3B34
17:15:05  A,216,B5,0,33
17:15:05  A,217,B1,0,36
17:15:05  A,218,B1,0,39,0,09H
17:15:05  [SLOT] n=684 tx=97 ack=4 due=0 r=1
17:15:05  [AT] "AT+CIPSEND=98" (13)
17:15:05  [AT] " S,662,0110000010,0000000000,820,P1,3BA,1721,A2,4,03A,1722,A3,4,01A,1723,B3,4,03A,1724,B2,4,05" (94)
17:15:05  [AT] "SEND OK" (7)
17:15:05  [AT] "+IPD,68:T,1725,S,A4,1,6E" (24)
17:15:05  [SLOT-OOW] +294ms
17:15:05  [AT] "T,1726,S,B1,1,6B" (16)
17:15:05  [AT] "T,1727,S,A5,1,6D" (16)
17:15:05  [AT] "T,1728,S,A1,1,66" (16)
17:15:05  [AT] "OK" (2)
17:15:06  [TX] S,663,0110000010,0000000000,822,P1,38
17:15:06  A,1725,A4,4,01
17:15:06  A,1726,B1,4,04
17:15:06  A,1727,A5,4,02
17:15:06  A,1728,A1,4,0909,A4,4,3B34
17:15:06  A,216,B5,0,33
17:15:06  A,217,B1,0,36
17:15:06  A,218,B1,0,39,0,09H
17:15:06  [SLOT] n=685 tx=97 ack=4 due=0 r=1
17:15:06  [AT] "AT+CIPSEND=98" (13)
17:15:06  [AT] " S,663,0110000010,0000000000,822,P1,38A,1725,A4,4,01A,1726,B1,4,04A,1727,A5,4,02A,1728,A1,4,09" (94)
17:15:06  [AT] "SEND OK" (7)
17:15:06  [AT] "+IPD,68:T,1729,S,A3,1,65" (24)
17:15:06  [SLOT-OOW] +297ms
17:15:06  [AT] "T,1730,S,B3,1,6E" (16)
17:15:06  [AT] "T,1731,S,A2,1,6D" (16)
17:15:06  [AT] "T,1732,S,B2,1,6D" (16)
17:15:06  [AT] "OK" (2)
17:15:07  [TX] S,664,0110000010,0000000000,823,P1,3E
17:15:07  A,1729,A3,4,0A
17:15:07  A,1730,B3,4,01
17:15:07  A,1731,A2,4,02
17:15:07  A,1732,B2,4,0209,A4,4,3B34
17:15:07  A,216,B5,0,33
17:15:07  A,217,B1,0,36
17:15:07  A,218,B1,0,39,0,09H
17:15:07  [SLOT] n=686 tx=97 ack=4 due=0 r=1
17:15:07  [AT] "AT+CIPSEND=98" (13)
17:15:07  [AT] " S,664,0110000010,0000000000,823,P1,3EA,1729,A3,4,0AA,1730,B3,4,01A,1731,A2,4,02A,1732,B2,4,02" (94)
17:15:07  [AT] "SEND OK" (7)
17:15:07  [AT] "+IPD,68:T,1733,S,A4,1,69" (24)
17:15:07  [SLOT-OOW] +290ms
17:15:07  [AT] "T,1734,S,B1,1,68" (16)
17:15:07  [AT] "T,1735,S,A5,1,6E" (16)
17:15:07  [AT] "T,1736,S,A1,1,69" (16)
17:15:07  [AT] "OK" (2)
17:15:08  [TX] S,665,0110000010,0000000000,824,P1,38
17:15:08  A,1733,A4,4,06
17:15:08  A,1734,B1,4,07
17:15:08  A,1735,A5,4,01
17:15:08  A,1736,A1,4,0609,A4,4,3B34
17:15:08  A,216,B5,0,33
17:15:08  A,217,B1,0,36
17:15:08  A,218,B1,0,39,0,09H
17:15:08  [SLOT] n=687 tx=97 ack=4 due=0 r=1
17:15:08  [AT] "AT+CIPSEND=98" (13)
17:15:08  [AT] " S,665,0110000010,0000000000,824,P1,38A,1733,A4,4,06A,1734,B1,4,07A,1735,A5,4,01A,1736,A1,4,06" (94)
17:15:08  [AT] "SEND OK" (7)
17:15:09  [AT] "+IPD,68:T,1737,S,A3,1,6A" (24)
17:15:09  [AT] "T,1738,S,A2,1,64" (16)
17:15:09  [AT] "T,1739,S,B3,1,67" (16)
17:15:09  [AT] "T,1740,S,B2,1,68" (16)
17:15:09  [AT] "OK" (2)
17:15:09  [TX] S,666,0110000010,0000000000,825,P1,3A
17:15:09  A,1737,A3,4,05
17:15:09  A,1738,A2,4,0B
17:15:09  A,1739,B3,4,08
17:15:09  A,1740,B2,4,0709,A4,4,3B34
17:15:09  A,216,B5,0,33
17:15:09  A,217,B1,0,36
17:15:09  A,218,B1,0,39,0,09H
17:15:09  [SLOT] n=688 tx=97 ack=4 due=0 r=1
17:15:09  [AT] "AT+CIPSEND=98" (13)
17:15:10  [AT] " S,666,0110000010,0000000000,825,P1,3AA,1737,A3,4,05A,1738,A2,4,0BA,1739,B3,4,08A,1740,B2,4,07" (94)
17:15:10  [AT] "SEND OK" (7)
17:15:10  [AT] "+IPD,68:T,1741,S,B1,1,6A" (24)
17:15:10  [SLOT-OOW] +491ms
17:15:10  [AT] "T,1742,S,A4,1,6F" (16)
17:15:10  [AT] "T,1743,S,A5,1,6F" (16)
17:15:10  [AT] "T,1744,S,A1,1,6C" (16)
17:15:10  [AT] "OK" (2)
17:15:11  [TX] S,667,0110000010,0000000000,826,P1,38
17:15:11  A,1741,B1,4,05
17:15:11  A,1742,A4,4,00
17:15:11  A,1743,A5,4,00
17:15:11  A,1744,A1,4,0309,A4,4,3B34
17:15:11  A,216,B5,0,33
17:15:11  A,217,B1,0,36
17:15:11  A,218,B1,0,39,0,09H
17:15:11  [SLOT] n=689 tx=97 ack=4 due=0 r=1
17:15:11  [AT] " S,667,0110000010,0000000000,826,P1,38A,1741,B1,4,05A,1742,A4,4,00A,1743,A5,4,00A,1744,A1,4,03" (94)
17:15:11  [AT] "SEND OK" (7)
17:15:11  [AT] "+IPD,68:T,1745,S,A3,1,6F" (24)
17:15:11  [SLOT-OOW] +321ms
17:15:11  [AT] "T,1746,S,A2,1,6D" (16)
17:15:11  [AT] "T,1747,S,B1748,S,B3,1,61" (24)
17:15:11  [CKSUM NG] T,1747,S,B1748,S,B3,1,61
17:15:11  [AT] "OK" (2)
17:15:11  [AT] "AT+CIPSEND=98" (13)
17:15:12  [TX] S,668,0110000010,0000000000,828,P1,39
17:15:12  A,1745,A3,4,00
17:15:12  A,1746,A2,4,02
17:15:12  A,1743,A5,4,00
17:15:12  A,1744,A1,4,0309,A4,4,3B34
17:15:12  A,216,B5,0,33
17:15:12  A,217,B1,0,36
17:15:12  A,218,B1,0,39,0,09H
17:15:12  [SLOT] n=690 tx=67 ack=2 due=0 r=1
17:15:12  [AT] "AT+CIPSEND=68" (13)
17:15:12  [AT] " S,668,0110000010,0000000000,828,P1,39A,1745,A3,4,00A,1746,A2,4,02" (66)
17:15:12  [AT] "SEND OK" (7)
17:15:12  [AT] "+IPD,68:T,1749,S,B1,1,62" (24)
17:15:12  [SLOT-OOW] +236ms
17:15:12  [AT] "T,1750,S,A4,1,6C" (16)
17:15:12  [AT] "T,1751,S,A5,1,6C" (16)
17:15:12  [AT] "T,1752,S,A1,1,6B" (16)
17:15:12  [AT] "OK" (2)
17:15:13  [TX] S,669,0110000010,0000000000,829,P1,39
17:15:13  A,1749,B1,4,0D
17:15:13  A,1750,A4,4,03
17:15:13  A,1751,A5,4,03
17:15:13  A,1752,A1,4,0409,A4,4,3B34
17:15:13  A,216,B5,0,33
17:15:13  A,217,B1,0,36
17:15:13  A,218,B1,0,39,0,09H
17:15:13  [SLOT] n=691 tx=97 ack=4 due=0 r=1
17:15:13  [AT] "AT+CIPSEND=98" (13)
17:15:13  [AT] " S,669,0110000010,0000000000,829,P1,39A,1749,B1,4,0DA,1750,A4,4,03A,1751,A5,4,03A,1752,A1,4,04" (94)
17:15:13  [AT] "SEND OK" (7)
17:15:13  [AT] "+IPD,34:T,1753,S,A3,1,68" (24)
17:15:13  [SLOT-OOW] +306ms
17:15:13  [AT] "T,1754,S,A2,1,6E" (16)
17:15:13  [AT] "OK" (2)
17:15:14  [TX] S,670,0110000010,0000000000,830,P1,39
17:15:14  A,1753,A3,4,07
17:15:14  A,1754,A2,4,01
17:15:14  A,1751,A5,4,03
17:15:14  A,1752,A1,4,0409,A4,4,3B34
17:15:14  A,216,B5,0,33
17:15:14  A,217,B1,0,36
17:15:14  A,218,B1,0,39,0,09H
17:15:14  [SLOT] n=692 tx=67 ack=2 due=0 r=1
17:15:14  [AT] "AT+CIPSEND=68" (13)
17:15:14  [AT] " S,670,0110000010,0000000000,830,P1,39A,1753,A3,4,07A,1754,A2,4,01" (66)
17:15:14  [AT] "SEND OK" (7)
17:15:14  [AT] "+IPD,68:T,1747,S,B2,1,6F" (24)
17:15:14  [SLOT-OOW] +246ms
17:15:14  [AT] "T,1748,S,B3,1,61" (16)
17:15:14  [AT] "T,1755,S,A4,1,69" (16)
17:15:14  [AT] "T,1756,S,B1,1,6C" (16)
17:15:14  [AT] "OK" (2)
17:15:15  [TX] S,671,0110000010,0000000000,831,P1,39
17:15:15  A,1747,B2,4,00
17:15:15  A,1748,B3,4,0E
17:15:15  A,1755,A4,4,06
17:15:15  A,1756,B1,4,0309,A4,4,3B34
17:15:15  A,216,B5,0,33
17:15:15  A,217,B1,0,36
17:15:15  A,218,B1,0,39,0,09H
17:15:15  [SLOT] n=693 tx=97 ack=4 due=0 r=1
17:15:15  [AT] "AT+CIPSEND=98" (13)
17:15:15  [AT] " S,671,0110000010,0000000000,831,P1,39A,1747,B2,4,00A,1748,B3,4,0EA,1755,A4,4,06A,1756,B1,4,03" (94)
17:15:16  [AT] "SEND OK" (7)
17:15:16  [AT] "+IPD,68:T,1757,S,A5,1,6A" (24)
17:15:16  [SLOT-OOW] +315ms
17:15:16  [AT] "T,1758,S,A1,1,61" (16)
17:15:16  [AT] "T,1759,S,A2,1,63" (16)
17:15:16  [AT] "T,1760,S,A3,1,68" (16)
17:15:16  [AT] "OK" (2)
17:15:17  [TX] S,672,0110000010,0000000000,832,P1,39
17:15:17  A,1757,A5,4,05
17:15:17  A,1758,A1,4,0E
17:15:17  A,1759,A2,4,0C
17:15:17  A,1760,A3,4,0709,A4,4,3B34
17:15:17  A,216,B5,0,33
17:15:17  A,217,B1,0,36
17:15:17  A,218,B1,0,39,0,09H
17:15:17  [SLOT] n=694 tx=97 ack=4 due=0 r=1
17:15:17  [AT] "AT+CIPSEND=98" (13)
17:15:17  [AT] " S,672,0110000010,0000000000,832,P1,39A,1757,A5,4,05A,1758,A1,4,0EA,1759,A2,4,0CA,1760,A3,4,07" (94)
17:15:17  [AT] "SEND OK" (7)
17:15:17  [AT] "+IPD,68:T,1761,S,B1,1,68" (24)
17:15:17  [SLOT-OOW] +339ms
17:15:17  [AT] "T,1762,S,B2,1,68" (16)
17:15:17  [AT] "T,1763,S,A4,1,6C" (16)
17:15:17  [AT] "T,1764,S,B3,1,6F" (16)
17:15:17  [AT] "OK" (2)
17:15:18  [TX] S,673,0110000010,0000000000,834,P1,3E
17:15:18  A,1761,B1,4,07
17:15:18  A,1762,B2,4,07
17:15:18  A,1763,A4,4,03
17:15:18  A,1764,B3,4,0009,A4,4,3B34
17:15:18  A,216,B5,0,33
17:15:18  A,217,B1,0,36
17:15:18  A,218,B1,0,39,0,09H
17:15:18  [SLOT] n=695 tx=97 ack=4 due=0 r=1
17:15:18  [AT] "AT+CIPSEND=98" (13)
17:15:18  [AT] " S,673,0110000010,0000000000,834,P1,3EA,1761,B1,4,07A,1762,B2,4,07A,1763,A4,4,03A,1764,B3,4,00" (94)
17:15:18  [AT] "SEND OK" (7)
17:15:18  [AT] "+IPD,68:T,1765,S,A1,1,6F" (24)
17:15:18  [SLOT-OOW] +291ms
17:15:18  [AT] "T,1766,S,A3,1,6E" (16)
17:15:18  [AT] "T,1767,S,A5,1,69" (16)
17:15:18  [AT] "T,1768,S,A2,1,61" (16)
17:15:18  [AT] "OK" (2)
17:15:19  [TX] S,674,0110000010,0000000000,835,P1,38
17:15:19  A,1765,A1,4,00
17:15:19  A,1766,A3,4,01
17:15:19  A,1767,A5,4,06
17:15:19  A,1768,A2,4,0E09,A4,4,3B34
17:15:19  A,216,B5,0,33
17:15:19  A,217,B1,0,36
17:15:19  A,218,B1,0,39,0,09H
17:15:19  [SLOT] n=696 tx=97 ack=4 due=0 r=1
17:15:19  [AT] "AT+CIPSEND=98" (13)
17:15:19  [AT] " S,674,0110000010,0000000000,835,P1,38A,1765,A1,4,00A,1766,A3,4,01A,1767,A5,4,06A,1768,A2,4,0E" (94)
17:15:19  [AT] "SEND OK" (7)
17:15:19  [AT] "+IPD,68:T,1769,S,B1,1,60" (24)
17:15:19  [SLOT-OOW] +288ms
17:15:19  [AT] "T,1770,S,A4,1,6E" (16)
17:15:19  [AT] "T,1771,S,B2,1,6A" (16)
17:15:19  [AT] "T,1772,S,B3,1,68" (16)
17:15:19  [AT] "OK" (2)
17:15:20  [TX] S,675,0110000010,0000000000,836,P1,3A
17:15:20  A,1769,B1,4,0F
17:15:20  A,1770,A4,4,01
17:15:20  A,1771,B2,4,05
17:15:20  A,1772,B3,4,0709,A4,4,3B34
17:15:20  A,216,B5,0,33
17:15:20  A,217,B1,0,36
17:15:20  A,218,B1,0,39,0,09H
17:15:20  [SLOT] n=697 tx=97 ack=4 due=0 r=1
17:15:20  [AT] "AT+CIPSEND=98" (13)
17:15:20  [AT] " S,675,0110000010,0000000000,836,P1,3AA,1769,B1,4,0FA,1770,A4,4,01A,1771,B2,4,05A,1772,B3,4,07" (94)
17:15:20  [AT] "SEND OK" (7)
17:15:20  [AT] "+IPD,68:T,1773,S,A1,1,68" (24)
17:15:20  [SLOT-OOW] +312ms
17:15:20  [AT] "T,1774,S,A3,1,6D" (16)
17:15:20  [AT] "T,1775,S,A5,1,6A" (16)
17:15:20  [AT] "T,1776,S,A2,1,6E" (16)
17:15:20  [AT] "OK" (2)
17:15:21  [TX] S,676,0110000010,0000000000,837,P1,38
17:15:21  A,1773,A1,4,07
17:15:21  A,1774,A3,4,02
17:15:21  A,1775,A5,4,05
17:15:21  A,1776,A2,4,0109,A4,4,3B34
17:15:21  A,216,B5,0,33
17:15:21  A,217,B1,0,36
17:15:21  A,218,B1,0,39,0,09H
17:15:21  [SLOT] n=698 tx=97 ack=4 due=0 r=1
17:15:21  [AT] "AT+CIPSEND=98" (13)
17:15:21  [AT] " S,676,0110000010,0000000000,837,P1,38A,1773,A1,4,07A,1774,A3,4,02A,1775,A5,4,05A,1776,A2,4,01" (94)
17:15:22  [AT] "SEND OK" (7)
17:15:22  [AT] "+IPD,68:T,1777,S,B1,1,6F" (24)
17:15:22  [SLOT-OOW] +339ms
17:15:22  [AT] "T,1778,S,A4,1,66" (16)
17:15:22  [AT] "T,1779,S,B3,1,63" (16)
17:15:22  [AT] "T,1780,S,B2,1,64" (16)
17:15:22  [AT] "OK" (2)
17:15:23  [TX] S,677,0110000010,0000000000,838,P1,36
17:15:23  A,1777,B1,4,00
17:15:23  A,1778,A4,4,09
17:15:23  A,1779,B3,4,0C
17:15:23  A,1780,B2,4,0B09,A4,4,3B34
17:15:23  A,216,B5,0,33
17:15:23  A,217,B1,0,36
17:15:23  A,218,B1,0,39,0,09H
17:15:23  [SLOT] n=699 tx=97 ack=4 due=0 r=1
17:15:23  [AT] "AT+CIPSEND=98" (13)
17:15:23  [AT] " S,677,0110000010,0000000000,838,P1,36A,1777,B1,4,00A,1778,A4,4,09A,1779,B3,4,0CA,1780,B2,4,0B" (94)
17:15:23  [AT] "SEND OK" (7)
17:15:23  [AT] "+IPD,68:T,1781,S,A2,1,66" (24)
17:15:23  [SLOT-OOW] +467ms
17:15:23  [AT] "T,1782,S,A3,1,64" (16)
17:15:23  [AT] "T,1783,S,A5,1,63" (16)
17:15:23  [AT] "T,1784,S,A1,1,60" (16)
17:15:23  [AT] "OK" (2)
17:15:24  [TX] S,678,0110000010,0000000000,840,P1,36
17:15:24  A,1781,A2,4,09
17:15:24  A,1782,A3,4,0B
17:15:24  A,1783,A5,4,0C
17:15:24  A,1784,A1,4,0F09,A4,4,3B34
17:15:24  A,216,B5,0,33
17:15:24  A,217,B1,0,36
17:15:24  A,218,B1,0,39,0,09H
17:15:24  [SLOT] n=700 tx=97 ack=4 due=0 r=1
17:15:24  [CNT] up=840 drop=1 esprst=2 resync=3 sendfail=0 okto=0 stuck=0 ackq=0 ackdrop=0 ackstale=0 slot=700 oow=411 smiss=2 ssovf=33 cksumng=33 okstream=678 penddrop=6 skip=0 online=1
17:15:24  [RAM] 최저 여유 627 B · 프롬프트 재동기 3회 (서버의 '버린줄' 과 맞아야 한다)
17:15:24  [AT] " S,678,0110000010,0000000000,840,P1,36A,1781,A2,4,09A,1782,A3,4,0BA,1783,A5,4,0CA,1784,A1,4,0F" (94)
17:15:24  [AT] "SEND OK" (7)
17:15:24  [AT] "+IPD,68:T,1785,S,B2,1,61" (24)
17:15:24  [SLOT-OOW] +357ms
17:15:24  [AT] "T,1786,S,B1,1,61" (16)
17:15:24  [AT] "AT+CIPSEND=98" (13)
17:15:25  [TX] S,679,0110000010,0000000000,841,P1,36
17:15:25  A,1785,B2,4,0E
17:15:25  A,1786,B1,4,0E
17:15:25  A,1783,A5,4,0C
17:15:25  A,1784,A1,4,0F09,A4,4,3B34
17:15:25  A,216,B5,0,33
17:15:25  A,217,B1,0,36
17:15:25  A,218,B1,0,39,0,09H
17:15:25  [SLOT] n=701 tx=67 ack=2 due=0 r=1
17:15:25  [AT] " S,679,0110000010,0000000000,841,P1,36A,1785,B2,4,0EA,1786,B1,4,0E" (66)
17:15:25  [AT] "SEND OK" (7)
17:15:25  [AT] "+IPD,68:T,1789,S,A3,1,6F" (24)
17:15:25  [SLOT-OOW] +242ms
17:15:25  [AT] "T,1790,S,A2,1,66" (16)
17:15:25  [AT] "T,1791,S,A5,1,60" (16)
17:15:25  [AT] "T,1792,S,A1,1,67" (16)
17:15:25  [AT] "OK" (2)
17:15:25  [AT] "T,1787,SAT+CIPSEND=68" (21)
17:15:25  [CKSUM NG] T,1787,SAT+CIPSEND=68
17:15:26  [TX] S,680,0110000010,0000000000,842,P1,33
17:15:26  A,1789,A3,4,00
17:15:26  A,1790,A2,4,09
17:15:26  A,1791,A5,4,0F
17:15:26  A,1792,A1,4,0809,A4,4,3B34
17:15:26  A,216,B5,0,33
17:15:26  A,217,B1,0,36
17:15:26  A,218,B1,0,39,0,09H
17:15:26  [SLOT] n=702 tx=97 ack=4 due=0 r=1
17:15:26  [AT] "AT+CIPSEND=98" (13)
17:15:26  [AT] " S,680,0110000010,0000000000,842,P1,33A,1789,A3,4,00A,1790,A2,4,09A,1791,A5,4,0FA,1792,A1,4,08" (94)
17:15:26  [AT] "SEND OK" (7)
17:15:26  [AT] "+IPD,34:T,1793,S,B1,1,65" (24)
17:15:26  [SLOT-OOW] +290ms
17:15:26  [AT] "T,1794,S,B2,1,61" (16)
17:15:26  [AT] "OK" (2)
17:15:27  [TX] S,681,0110000010,0000000000,843,P1,33
17:15:27  A,1793,B1,4,0A
17:15:27  A,1794,B2,4,0E
17:15:27  A,1791,A5,4,0F
17:15:27  A,1792,A1,4,0809,A4,4,3B34
17:15:27  A,216,B5,0,33
17:15:27  A,217,B1,0,36
17:15:27  A,218,B1,0,39,0,09H
17:15:27  [SLOT] n=703 tx=67 ack=2 due=0 r=1
17:15:27  [AT] "AT+CIPSEND=68" (13)
17:15:27  [AT] " S,681,0110000010,0000000000,843,P1,33A,1793,B1,4,0AA,1794,B2,4,0E" (66)
17:15:27  [AT] "SEND OK" (7)
17:15:27  [AT] "+IPD,68:T,1787,S,A4,1,66" (24)
17:15:27  [SLOT-OOW] +258ms
17:15:27  [AT] "T,1788,S,B3,1,6D" (16)
17:15:27  [AT] "T,1795,S,A5,1,64" (16)
17:15:27  [AT] "T,1796,S,A2,1,60" (16)
17:15:27  [AT] "OK" (2)
17:15:29  [TX] S,682,0110000010,0000000000,844,P1,37
17:15:29  A,1787,A4,4,09
17:15:29  A,1788,B3,4,02
17:15:29  A,1795,A5,4,0B
17:15:29  A,1796,A2,4,0F09,A4,4,3B34
17:15:29  A,216,B5,0,33
17:15:29  A,217,B1,0,36
17:15:29  A,218,B1,0,39,0,09H
17:15:29  [SLOT] n=704 tx=97 ack=4 due=0 r=1
17:15:29  [AT] "AT+CIPSEND=98" (13)
17:15:29  [AT] " S,682,0110000010,0000000000,844,P1,37A,1787,A4,4,09A,1788,B3,4,02A,1795,A5,4,0BA,1796,A2,4,0F" (94)
17:15:29  [AT] "SEND OK" (7)
17:15:29  [AT] "+IPD,68:T,1797,S,A3,1,60" (24)
17:15:29  [SLOT-OOW] +406ms
17:15:29  [AT] "T,1798,S,A1,1,6D" (16)
17:15:29  [AT] "T,1799,S,B1,1,6F" (16)
17:15:29  [AT] "T,1800,S,B2,1,63" (16)
17:15:29  [AT] "OK" (2)
17:15:30  [TX] S,683,0110000010,0000000000,846,P1,34
17:15:30  A,1797,A3,4,0F
17:15:30  A,1798,A1,4,02
17:15:30  A,1799,B1,4,00
17:15:30  A,1800,B2,4,0C09,A4,4,3B34
17:15:30  A,216,B5,0,33
17:15:30  A,217,B1,0,36
17:15:30  A,218,B1,0,39,0,09H
17:15:30  [SLOT] n=705 tx=97 ack=4 due=0 r=1
17:15:30  [AT] "AT+CIPSEND=98" (13)
17:15:30  [AT] " S,683,0110000010,0000000000,846,P1,34A,1797,A3,4,0FA,1798,A1,4,02A,1799,B1,4,00A,1800,B2,4,0C" (94)
17:15:30  [AT] "SEND OK" (7)
17:15:30  [AT] "+IPD,68:T,1801,S,A5,1,66" (24)
17:15:30  [SLOT-OOW] +288ms
17:15:30  [AT] "T,1802,S,A4,1,64" (16)
17:15:30  [AT] "T,1803,S,A2,1,63" (16)
17:15:30  [AT] "T,1804,S,B3,1,66" (16)
17:15:30  [AT] "OK" (2)
17:15:31  [TX] S,684,0110000010,0000000000,847,P1,32
17:15:31  A,1801,A5,4,09
17:15:31  A,1802,A4,4,0B
17:15:31  A,1803,A2,4,0C
17:15:31  A,1804,B3,4,0909,A4,4,3B34
17:15:31  A,216,B5,0,33
17:15:31  A,217,B1,0,36
17:15:31  A,218,B1,0,39,0,09H
17:15:31  [SLOT] n=706 tx=97 ack=4 due=0 r=1
17:15:31  [AT] "AT+CIPSEND=98" (13)
17:15:31  [AT] " S,684,0110000010,0000000000,847,P1,32A,1801,A5,4,09A,1802,A4,4,0BA,1803,A2,4,0CA,1804,B3,4,09" (94)
17:15:31  [AT] "SEND OK" (7)
17:15:31  [AT] "+IPD,68:T,1805,S,A1,1,66" (24)
17:15:31  [SLOT-OOW] +290ms
17:15:31  [AT] "T,1806,S,A3,1,67" (16)
17:15:31  [AT] "T,1807,S,B1,1,67" (16)
17:15:31  [AT] "T,1808,S,B2,1,6B" (16)
17:15:31  [AT] "OK" (2)
17:15:32  [TX] S,685,0110000010,0000000000,848,P1,3C
17:15:32  A,1805,A1,4,09
17:15:32  A,1806,A3,4,08
17:15:32  A,1807,B1,4,08
17:15:32  A,1808,B2,4,0409,A4,4,3B34
17:15:32  A,216,B5,0,33
17:15:32  A,217,B1,0,36
17:15:32  A,218,B1,0,39,0,09H
17:15:32  [SLOT] n=707 tx=97 ack=4 due=0 r=1
17:15:32  [AT] " S,685,0110000010,0000000000,848,P1,3CA,1805,A1,4,09A,1806,A3,4,08A,1807,B1,4,08A,1808,B2,4,04" (94)
17:15:32  [AT] "SEND OK" (7)
17:15:32  [AT] "+IPD,68:T,1809,S,A5,1,6E" (24)
17:15:32  [SLOT-OOW] +317ms
17:15:32  [AT] "T,1810,S,A4,1,67" (16)
17:15:32  [AT] "T,1811,S,A0" (11)
17:15:32  [CKSUM NG] T,1811,S,A0
17:15:32  [AT] "T,1812,S,B3,1,61" (16)
17:15:32  [AT] "OK" (2)
17:15:32  [AT] "AT+CIPSEND=98" (13)
17:15:34  [TX] S,686,0110000010,0000000000,849,P1,3E
17:15:34  A,1809,A5,4,01
17:15:34  A,1810,A4,4,08
17:15:34  A,1812,B3,4,0E
17:15:34  A,1808,B2,4,0409,A4,4,3B34
17:15:34  A,216,B5,0,33
17:15:34  A,217,B1,0,36
17:15:34  A,218,B1,0,39,0,09H
17:15:34  [SLOT] n=708 tx=82 ack=3 due=0 r=1
17:15:34  [AT] "AT+CIPSEND=83" (13)
17:15:34  [AT] " S,686,0110000010,0000000000,849,P1,3EA,1809,A5,4,01A,1810,A4,4,08A,1812,B3,4,0E" (80)
17:15:34  [AT] "SEND OK" (7)
17:15:34  [AT] "+IPD,68:T,1813,S,B2,1,61" (24)
17:15:34  [SLOT-OOW] +282ms
17:15:34  [AT] "T,1814,S,A1,1,66" (16)
17:15:34  [AT] "T,1815,S,A3,1,65" (16)
17:15:34  [AT] "T,1816,S,B1,1,67" (16)
17:15:34  [AT] "OK" (2)
17:15:36  [TX] S,687,0110000010,0000000000,850,P1,37
17:15:36  A,1813,B2,4,0E
17:15:36  A,1814,A1,4,09
17:15:36  A,1815,A3,4,0A
17:15:36  A,1816,B1,4,0809,A4,4,3B34
17:15:36  A,216,B5,0,33
17:15:36  A,217,B1,0,36
17:15:36  A,218,B1,0,39,0,09H
17:15:36  [SLOT] n=709 tx=97 ack=4 due=0 r=1
17:15:36  [AT] "AT+CIPSEND=98" (13)
17:15:36  [AT] " S,687,0110000010,0000000000,850,P1,37A,1813,B2,4,0EA,1814,A1,4,09A,1815,A3,4,0AA,1816,B1,4,08" (94)
17:15:36  [AT] "SEND OK" (7)
17:15:36  [AT] "+IPD,51:T,1817,S,A5,1,61" (24)
17:15:36  [SLOT-OOW] +315ms
17:15:36  [AT] "T,1818,S,A4,1,6F" (16)
17:15:36  [AT] "T,1819,S,B3,1,6A" (16)
17:15:36  [AT] "OK" (2)
17:15:37  [TX] S,688,0110000010,0000000000,852,P1,3A
17:15:37  A,1817,A5,4,0E
17:15:37  A,1818,A4,4,00
17:15:37  A,1819,B3,4,05
17:15:37  A,1816,B1,4,0809,A4,4,3B34
17:15:37  A,216,B5,0,33
17:15:37  A,217,B1,0,36
17:15:37  A,218,B1,0,39,0,09H
17:15:37  [SLOT] n=710 tx=82 ack=3 due=0 r=1
17:15:37  [AT] "AT+CIPSEND=83" (13)
17:15:37  [AT] " S,688,0110000010,0000000000,852,P1,3AA,1817,A5,4,0EA,1818,A4,4,00A,1819,B3,4,05" (80)
17:15:37  [AT] "SEND OK" (7)
17:15:37  [AT] "+IPD,68:T,1811,S,A2,1,60" (24)
17:15:37  [SLOT-OOW] +290ms
17:15:37  [AT] "T,1820,S,A1,1,61" (16)
17:15:37  [AT] "T,1821,S,A3,1,62" (16)
17:15:37  [AT] "T,1822,S,B2,1,63" (16)
17:15:37  [AT] "OK" (2)
17:15:38  [TX] S,689,0110000010,0000000000,853,P1,3A
17:15:38  A,1811,A2,4,0F
17:15:38  A,1820,A1,4,0E
17:15:38  A,1821,A3,4,0D
17:15:38  A,1822,B2,4,0C09,A4,4,3B34
17:15:38  A,216,B5,0,33
17:15:38  A,217,B1,0,36
17:15:38  A,218,B1,0,39,0,09H
17:15:38  [SLOT] n=711 tx=97 ack=4 due=0 r=1
17:15:38  [AT] "AT+CIPSEND=98" (13)
17:15:38  [AT] " S,689,0110000010,0000000000,853,P1,3AA,1811,A2,4,0FA,1820,A1,4,0EA,1821,A3,4,0DA,1822,B2,4,0C" (94)
17:15:38  [AT] "SEND OK" (7)
17:15:38  [AT] "+IPD,68:T,1823,S,B1,1,61" (24)
17:15:38  [SLOT-OOW] +321ms
17:15:38  [AT] "T,1824,S,A5,1,61" (16)
17:15:38  [AT] "T,1825,S,A1" (11)
17:15:38  [CKSUM NG] T,1825,S,A1
17:15:38  [AT] "T,1826,S,B3,1,66" (16)
17:15:38  [AT] "OK" (2)
17:15:39  [TX] S,690,0110000010,0000000000,854,P1,35
17:15:39  A,1823,B1,4,0E
17:15:39  A,1824,A5,4,0E
17:15:39  A,1826,B3,4,09
17:15:39  A,1822,B2,4,0C09,A4,4,3B34
17:15:39  A,216,B5,0,33
17:15:39  A,217,B1,0,36
17:15:39  A,218,B1,0,39,0,09H
17:15:39  [SLOT] n=712 tx=82 ack=3 due=0 r=1
17:15:39  [AT] "AT+CIPSEND=83" (13)
17:15:39  [AT] " S,690,0110000010,0000000000,854,P1,35A,1823,B1,4,0EA,1824,A5,4,0EA,1826,B3,4,09" (80)
17:15:39  [AT] "SEND OK" (7)
17:15:39  [AT] "+IPD,68:T,1827,S,A1,1,66" (24)
17:15:39  [SLOT-OOW] +249ms
17:15:39  [AT] "T,1828,S,A2,1,6A" (16)
17:15:39  [AT] "T,1829,S,B2,1,68" (16)
17:15:39  [AT] "T,1830,S,A3,1,62" (16)
17:15:39  [AT] "OK" (2)
17:15:40  [TX] S,691,0110000010,0000000000,855,P1,35
17:15:40  A,1827,A1,4,09
17:15:40  A,1828,A2,4,05
17:15:40  A,1829,B2,4,07
17:15:40  A,1830,A3,4,0D09,A4,4,3B34
17:15:40  A,216,B5,0,33
17:15:40  A,217,B1,0,36
17:15:40  A,218,B1,0,39,0,09H
17:15:40  [SLOT] n=713 tx=97 ack=4 due=0 r=1
17:15:40  [AT] "AT+CIPSEND=98" (13)
17:15:40  [AT] " S,691,0110000010,0000000000,855,P1,35A,1827,A1,4,09A,1828,A2,4,05A,1829,B2,4,07A,1830,A3,4,0D" (94)
17:15:40  [AT] "SEND OK" (7)
17:15:40  [AT] "+IPD,51:T,1831,S,B1,1,62" (24)
17:15:40  [SLOT-OOW] +307ms
17:15:40  [AT] "T,1832,S,A5,1,66" (16)
17:15:40  [AT] "T,1833,S,B3,1,62" (16)
17:15:40  [AT] "OK" (2)
17:15:41  [TX] S,692,0110000010,0000000000,856,P1,35
17:15:41  A,1831,B1,4,0D
17:15:41  A,1832,A5,4,09
17:15:41  A,1833,B3,4,0D
17:15:41  A,1830,A3,4,0D09,A4,4,3B34
17:15:41  A,216,B5,0,33
17:15:41  A,217,B1,0,36
17:15:41  A,218,B1,0,39,0,09H
17:15:42  [SLOT] n=714 tx=82 ack=3 due=0 r=1
17:15:42  [AT] " S,692,0110000010,0000000000,856,P1,35A,1831,B1,4,0DA,1832,A5,4,09A,1833,B3,4,0D" (80)
17:15:42  [AT] "SEND OK" (7)
17:15:42  [AT] "+IPD,68:T,1825,S,A4,1,61" (24)
17:15:42  [SLOT-OOW] +289ms
17:15:42  [AT] "T,1834,S,A2,1,67" (16)
17:15:42  [AT] "T,1835,S,B" (10)
17:15:42  [CKSUM NG] T,1835,S,B
17:15:42  [AT] "T,1836,S,A1,1,66" (16)
17:15:42  [AT] "OK" (2)
17:15:42  [AT] "AT+CIPSEND=83" (13)
17:15:43  [TX] S,693,0110000010,0000000000,858,P1,3A
17:15:43  A,1825,A4,4,0E
17:15:43  A,1834,A2,4,08
17:15:43  A,1836,A1,4,09
17:15:43  A,1830,A3,4,0D09,A4,4,3B34
17:15:43  A,216,B5,0,33
17:15:43  A,217,B1,0,36
17:15:43  A,218,B1,0,39,0,09H
17:15:43  [SLOT] n=715 tx=82 ack=3 due=0 r=1
17:15:43  [AT] "AT+CIPSEND=83" (13)
17:15:43  [AT] " S,693,0110000010,0000000000,858,P1,3AA,1825,A4,4,0EA,1834,A2,4,08A,1836,A1,4,09" (80)
17:15:43  [AT] "SEND OK" (7)
17:15:43  [AT] "+IPD,68:T,1837,S,A3,1,65" (24)
17:15:43  [SLOT-OOW] +301ms
17:15:43  [AT] "T,1838,S,A5,1,6C" (16)
17:15:43  [AT] "T,1839,S,B3,1,68" (16)
17:15:43  [AT] "T,1840,S,B1,1,64" (16)
17:15:43  [AT] "OK" (2)
17:15:44  [TX] S,694,0110000010,0000000000,859,P1,3C
17:15:44  A,1837,A3,4,0A
17:15:44  A,1838,A5,4,03
17:15:44  A,1839,B3,4,07
17:15:44  A,1840,B1,4,0B09,A4,4,3B34
17:15:44  A,216,B5,0,33
17:15:44  A,217,B1,0,36
17:15:44  A,218,B1,0,39,0,09H
17:15:44  [SLOT] n=716 tx=97 ack=4 due=0 r=1
17:15:44  [AT] "AT+CIPSEND=98" (13)
17:15:44  [AT] " S,694,0110000010,0000000000,859,P1,3CA,1837,A3,4,0AA,1838,A5,4,03A,1839,B3,4,07A,1840,B1,4,0B" (94)
17:15:44  [AT] "SEND OK" (7)
17:15:44  [AT] "+IPD,51:T,1841,S,A4,1,63" (24)
17:15:44  [SLOT-OOW] +294ms
17:15:44  [AT] "T,1842,S,A2,1,66" (16)
17:15:44  [AT] "T,1843,S,A1,1,64" (16)
17:15:44  [AT] "OK" (2)
17:15:45  [TX] S,695,0110000010,0000000000,860,P1,37
17:15:45  A,1841,A4,4,0C
17:15:45  A,1842,A2,4,09
17:15:45  A,1843,A1,4,0B
17:15:45  A,1840,B1,4,0B09,A4,4,3B34
17:15:45  A,216,B5,0,33
17:15:45  A,217,B1,0,36
17:15:45  A,218,B1,0,39,0,09H
17:15:45  [SLOT] n=717 tx=82 ack=3 due=0 r=1
17:15:45  [AT] "AT+CIPSEND=83" (13)
17:15:45  [AT] " S,695,0110000010,0000000000,860,P1,37A,1841,A4,4,0CA,1842,A2,4,09A,1843,A1,4,0B" (80)
17:15:45  [AT] "SEND OK" (7)
17:15:45  [AT] "+IPD,68:T,1835,S,B2,1,65" (24)
17:15:45  [SLOT-OOW] +278ms
17:15:45  [AT] "T,1844,S,A5,1,67" (16)
17:15:45  [AT] "T,1845,S,A3,1,60" (16)
17:15:45  [AT] "T,1846,S,B3,1,60" (16)
17:15:45  [AT] "OK" (2)
17:15:46  [TX] S,696,0110000010,0000000000,861,P1,35
17:15:46  A,1835,B2,4,0A
17:15:46  A,1844,A5,4,08
17:15:46  A,1845,A3,4,0F
17:15:46  A,1846,B3,4,0F09,A4,4,3B34
17:15:46  A,216,B5,0,33
17:15:46  A,217,B1,0,36
17:15:46  A,218,B1,0,39,0,09H
17:15:46  [SLOT] n=718 tx=97 ack=4 due=0 r=1
17:15:46  [AT] "AT+CIPSEND=98" (13)
17:15:46  [AT] " S,696,0110000010,0000000000,861,P1,35A,1835,B2,4,0AA,1844,A5,4,08A,1845,A3,4,0FA,1846,B3,4,0F" (94)
17:15:46  [AT] "SEND OK" (7)
17:15:46  [AT] "+IPD,68:T,1847,S,B1,1,63" (24)
17:15:46  [SLOT-OOW] +336ms
17:15:46  [AT] "T,1848,S,A2,1,6C" (16)
17:15:46  [AT] "T,1849,S,A1,1,6E" (16)
17:15:46  [AT] "T,1850,S,A4,1,63" (16)
17:15:46  [AT] "OK" (2)
17:15:47  [TX] S,697,0110000010,0000000000,862,P1,37
17:15:47  A,1847,B1,4,0C
17:15:47  A,1848,A2,4,03
17:15:47  A,1849,A1,4,01
17:15:47  A,1850,A4,4,0C09,A4,4,3B34
17:15:47  A,216,B5,0,33
17:15:47  A,217,B1,0,36
17:15:47  A,218,B1,0,39,0,09H
17:15:47  [SLOT] n=719 tx=97 ack=4 due=0 r=1
17:15:47  [AT] "AT+CIPSEND=98" (13)
17:15:48  [AT] " S,697,0110000010,0000000000,862,P1,37A,1847,B1,4,0CA,1848,A2,4,03A,1849,A1,4,01A,1850,A4,4,0C" (94)
17:15:48  [AT] "SEND OK" (7)
17:15:48  [AT] "+IPD,68:T,1851,S,B2,1,67" (24)
17:15:48  [SLOT-OOW] +463ms
17:15:48  [AT] "T,1852,S,A5,1,60" (16)
17:15:48  [AT] "T,1853,S,A3,1,67" (16)
17:15:48  [AT] "T,1854,S,B3,1,63" (16)
17:15:48  [AT] "OK" (2)
17:15:49  [TX] S,698,0110000010,0000000000,864,P1,3E
17:15:49  A,1851,B2,4,08
17:15:49  A,1852,A5,4,0F
17:15:49  A,1853,A3,4,08
17:15:49  A,1854,B3,4,0C09,A4,4,3B34
17:15:49  A,216,B5,0,33
17:15:49  A,217,B1,0,36
17:15:49  A,218,B1,0,39,0,09H
17:15:49  [SLOT] n=720 tx=97 ack=4 due=0 r=1
17:15:49  [AT] "AT+CIPSEND=98" (13)
17:15:49  [AT] " S,698,0110000010,0000000000,864,P1,3EA,1851,B2,4,08A,1852,A5,4,0FA,1853,A3,4,08A,1854,B3,4,0C" (94)
17:15:49  [AT] "SEND OK" (7)
17:15:49  [AT] "+IPD,68:T,1855,S,A4,1,66" (24)
17:15:49  [SLOT-OOW] +290ms
17:15:49  [AT] "T,1856,S,A2,1,63" (16)
17:15:49  [AT] "T,1857,S,A1,1,61" (16)
17:15:49  [AT] "T,1858,S,B1,1,6D" (16)
17:15:49  [AT] "OK" (2)
17:15:50  [TX] S,699,0110000010,0000000000,865,P1,3E
17:15:50  A,1855,A4,4,09
17:15:50  A,1856,A2,4,0C
17:15:50  A,1857,A1,4,0E
17:15:50  A,1858,B1,4,0209,A4,4,3B34
17:15:50  A,216,B5,0,33
17:15:50  A,217,B1,0,36
17:15:50  A,218,B1,0,39,0,09H
17:15:50  [SLOT] n=721 tx=97 ack=4 due=0 r=1
17:15:50  [AT] "AT+CIPSEND=98" (13)
17:15:50  [AT] " S,699,0110000010,0000000000,865,P1,3EA,1855,A4,4,09A,1856,A2,4,0CA,1857,A1,4,0EA,1858,B1,4,02" (94)
17:15:50  [AT] "SEND OK" (7)
17:15:50  [AT] "+IPD,68:T,1859,S,A5,1,6B" (24)
17:15:50  [SLOT-OOW] +302ms
17:15:50  [AT] "T,1860,S,B2,1,65" (16)
17:15:50  [AT] "T,1861,S,A3,1,66" (16)
17:15:50  [AT] "T,1862,S,B3,1,66" (16)
17:15:50  [AT] "OK" (2)
17:15:51  [TX] S,700,0110000010,0000000000,866,P1,3C
17:15:51  A,1859,A5,4,04
17:15:51  A,1860,B2,4,0A
17:15:51  A,1861,A3,4,09
17:15:51  A,1862,B3,4,0909,A4,4,3B34
17:15:51  A,216,B5,0,33
17:15:51  A,217,B1,0,36
17:15:51  A,218,B1,0,39,0,09H
17:15:51  [SLOT] n=722 tx=97 ack=4 due=0 r=1
17:15:51  [AT] "AT+CIPSEND=98" (13)
17:15:51  [AT] " S,700,0110000010,0000000000,866,P1,3CA,1859,A5,4,04A,1860,B2,4,0AA,1861,A3,4,09A,1862,B3,4,09" (94)
17:15:51  [AT] "SEND OK" (7)
17:15:51  [AT] "+IPD,68:T,1863,S,A2,1,65" (24)
17:15:51  [SLOT-OOW] +292ms
17:15:51  [AT] "T,1864,S,A1,1,61" (16)
17:15:51  [AT] "T,1865,S,B1,1,63" (16)
17:15:51  [AT] "T,1866,S,A4,1,66" (16)
17:15:51  [AT] "OK" (2)
17:15:52  [TX] S,701,0110000010,0000000000,867,P1,3C
17:15:52  A,1863,A2,4,0A
17:15:52  A,1864,A1,4,0E
17:15:52  A,1865,B1,4,0C
17:15:52  A,1866,A4,4,0909,A4,4,3B34
17:15:52  A,216,B5,0,33
17:15:52  A,217,B1,0,36
17:15:52  A,218,B1,0,39,0,09H
17:15:52  [SLOT] n=723 tx=97 ack=4 due=0 r=1
17:15:52  [AT] "AT+CIPSEND=98" (13)
17:15:52  [AT] " S,701,0110000010,0000000000,867,P1,3CA,1863,A2,4,0AA,1864,A1,4,0EA,1865,B1,4,0CA,1866,A4,4,09" (94)
17:15:52  [AT] "SEND OK" (7)
17:15:53  [AT] "+IPD,68:T,1867,S,A5,1,66" (24)
17:15:53  [AT] "T,1868,S,B3,1,6C" (16)
17:15:53  [AT] "T,1869,S,A3,1,6E" (16)
17:15:53  [AT] "T,1870,S,B2,1,64" (16)
17:15:53  [AT] "OK" (2)
17:15:53  [TX] S,702,0110000010,0000000000,868,P1,30
17:15:53  A,1867,A5,4,09
17:15:53  A,1868,B3,4,03
17:15:53  A,1869,A3,4,01
17:15:53  A,1870,B2,4,0B09,A4,4,3B34
17:15:53  A,216,B5,0,33
17:15:53  A,217,B1,0,36
17:15:53  A,218,B1,0,39,0,09H
17:15:53  [SLOT] n=724 tx=97 ack=4 due=0 r=1
17:15:53  [AT] "AT+CIPSEND=98" (13)
17:15:54  [AT] " S,702,0110000010,0000000000,868,P1,30A,1867,A5,4,09A,1868,B3,4,03A,1869,A3,4,01A,1870,B2,4,0B" (94)
17:15:54  [AT] "SEND OK" (7)
17:15:54  [AT] "+IPD,68:T,1871,S,A4,1,60" (24)
17:15:54  [SLOT-OOW] +487ms
17:15:54  [AT] "T,1872,S,A2,1,65" (16)
17:15:54  [AT] "T,1873,S,A1,1,67" (16)
17:15:54  [AT] "T,1874,S,B1,1,63" (16)
17:15:54  [AT] "OK" (2)
17:15:55  [TX] S,703,0110000010,0000000000,870,P1,38
17:15:55  A,1871,A4,4,0F
17:15:55  A,1872,A2,4,0A
17:15:55  A,1873,A1,4,08
17:15:55  A,1874,B1,4,0C09,A4,4,3B34
17:15:55  A,216,B5,0,33
17:15:55  A,217,B1,0,36
17:15:55  A,218,B1,0,39,0,09H
17:15:55  [SLOT] n=725 tx=97 ack=4 due=0 r=1
17:15:55  [AT] "AT+CIPSEND=98" (13)
17:15:55  [AT] " S,703,0110000010,0000000000,870,P1,38A,1871,A4,4,0FA,1872,A2,4,0AA,1873,A1,4,08A,1874,B1,4,0C" (94)
17:15:55  [AT] "SEND OK" (7)
17:15:55  [AT] "+IPD,68:T,1875,S,A5,1,65" (24)
17:15:55  [SLOT-OOW] +313ms
17:15:55  [AT] "T,1876,S,B3,1,63" (16)
17:15:55  [AT] "T,1877,S,B2,1,63" (16)
17:15:55  [AT] "T,1878,S,A3,1,6E" (16)
17:15:55  [AT] "OK" (2)
17:15:56  [TX] S,704,0110000010,0000000000,871,P1,3E
17:15:56  A,1875,A5,4,0A
17:15:56  A,1876,B3,4,0C
17:15:56  A,1877,B2,4,0C
17:15:56  A,1878,A3,4,0109,A4,4,3B34
17:15:56  A,216,B5,0,33
17:15:56  A,217,B1,0,36
17:15:56  A,218,B1,0,39,0,09H
17:15:56  [SLOT] n=726 tx=97 ack=4 due=0 r=1
17:15:56  [AT] "AT+CIPSEND=98" (13)
17:15:56  [AT] " S,704,0110000010,0000000000,871,P1,3EA,1875,A5,4,0AA,1876,B3,4,0CA,1877,B2,4,0CA,1878,A3,4,01" (94)
17:15:56  [AT] "SEND OK" (7)
17:15:56  [AT] "+IPD,68:T,1879,S,A1,1,6D" (24)
17:15:56  [SLOT-OOW] +317ms
17:15:56  [AT] "T,1880,S,B1,1,68" (16)
17:15:56  [AT] "T,1881,S,A2,1,69" (16)
17:15:56  [AT] "T,1882,S,A4,1,6C" (16)
17:15:56  [AT] "OK" (2)
17:15:57  [TX] S,705,0110000010,0000000000,872,P1,3C
17:15:57  A,1879,A1,4,02
17:15:57  A,1880,B1,4,07
17:15:57  A,1881,A2,4,06
17:15:57  A,1882,A4,4,0309,A4,4,3B34
17:15:57  A,216,B5,0,33
17:15:57  A,217,B1,0,36
17:15:57  A,218,B1,0,39,0,09H
17:15:57  [SLOT] n=727 tx=97 ack=4 due=0 r=1
17:15:57  [AT] "AT+CIPSEND=98" (13)
17:15:57  [AT] " S,705,0110000010,0000000000,872,P1,3CA,1879,A1,4,02A,1880,B1,4,07A,1881,A2,4,06A,1882,A4,4,03" (94)
17:15:57  [AT] "SEND OK" (7)
17:15:58  [AT] "+IPD,68:T,1883,S,A5,1,6C" (24)
17:15:58  [AT] "T,1884,S,B2,1,6F" (16)
17:15:58  [AT] "T,1885,S,B3,1,6F" (16)
17:15:58  [AT] "T,1886,S,A3,1,6F" (16)
17:15:58  [AT] "OK" (2)
17:15:58  [TX] S,706,0110000010,0000000000,873,P1,3E
17:15:58  A,1883,A5,4,03
17:15:58  A,1884,B2,4,00
17:15:58  A,1885,B3,4,00
17:15:58  A,1886,A3,4,0009,A4,4,3B34
17:15:58  A,216,B5,0,33
17:15:58  A,217,B1,0,36
17:15:58  A,218,B1,0,39,0,09H
17:15:58  [SLOT] n=728 tx=97 ack=4 due=0 r=1
17:15:58  [AT] "AT+CIPSEND=98" (13)
17:15:58  [AT] " S,706,0110000010,0000000000,873,P1,3EA,1883,A5,4,03A,1884,B2,4,00A,1885,B3,4,00A,1886,A3,4,00" (94)
17:15:58  [AT] "SEND OK" (7)
17:15:58  [AT] "+IPD,68:T,1887,S,A1,1,6C" (24)
17:15:58  [SLOT-OOW] +299ms
17:15:58  [AT] "T,1888,S,A4,1,66" (16)
17:15:58  [AT] "T,1889,S,A2,1,61" (16)
17:15:58  [AT] "T,1890,S,B1,1,69" (16)
17:15:58  [AT] "OK" (2)
17:15:59  [TX] S,707,0110000010,0000000000,874,P1,38
17:15:59  A,1887,A1,4,03
17:15:59  A,1888,A4,4,09
17:15:59  A,1889,A2,4,0E
17:15:59  A,1890,B1,4,0609,A4,4,3B34
17:15:59  A,216,B5,0,33
17:15:59  A,217,B1,0,36
17:15:59  A,218,B1,0,39,0,09H
17:15:59  [SLOT] n=729 tx=97 ack=4 due=0 r=1
17:15:59  [AT] "AT+CIPSEND=98" (13)
17:16:00  [AT] " S,707,0110000010,0000000000,874,P1,38A,1887,A1,4,03A,1888,A4,4,09A,1889,A2,4,0EA,1890,B1,4,06" (94)
17:16:00  [AT] "SEND OK" (7)
17:16:00  [AT] "+IPD,68:T,1891,S,B2,1,6B" (24)
17:16:00  [SLOT-OOW] +310ms
17:16:00  [AT] "T,1892,S,B3,1,69" (16)
17:16:00  [AT] "T,1893,S,A5,1,6D" (16)
17:16:00  [AT] "T,1894,S,A3,1,6C" (16)
17:16:00  [AT] "OK" (2)
17:16:01  [TX] S,708,0110000010,0000000000,876,P1,35
17:16:01  A,1891,B2,4,04
17:16:01  A,1892,B3,4,06
17:16:01  A,1893,A5,4,02
17:16:01  A,1894,A3,4,0309,A4,4,3B34
17:16:01  A,216,B5,0,33
17:16:01  A,217,B1,0,36
17:16:01  A,218,B1,0,39,0,09H
17:16:01  [SLOT] n=730 tx=97 ack=4 due=0 r=1
17:16:01  [AT] "AT+CIPSEND=98" (13)
17:16:01  [AT] " S,708,0110000010,0000000000,876,P1,35A,1891,B2,4,04A,1892,B3,4,06A,1893,A5,4,02A,1894,A3,4,03" (94)
17:16:01  [AT] "SEND OK" (7)
17:16:01  [AT] "+IPD,68:T,1895,S,A1,1,6F" (24)
17:16:01  [SLOT-OOW] +338ms
17:16:01  [AT] "T,1896,S,A4,1,69" (16)
17:16:01  [AT] "T,1897,S,A2,1,6E" (16)
17:16:01  [AT] "T,1898,S,B1,1,61" (16)
17:16:01  [AT] "OK" (2)
17:16:02  [TX] S,709,0110000010,0000000000,877,P1,35
17:16:02  A,1895,A1,4,00
17:16:02  A,1896,A4,4,06
17:16:02  A,1897,A2,4,01
17:16:02  A,1898,B1,4,0E09,A4,4,3B34
17:16:02  A,216,B5,0,33
17:16:02  A,217,B1,0,36
17:16:02  A,218,B1,0,39,0,09H
17:16:02  [SLOT] n=731 tx=97 ack=4 due=0 r=1
17:16:02  [AT] "AT+CIPSEND=98" (13)
17:16:02  [AT] " S,709,0110000010,0000000000,877,P1,35A,1895,A1,4,00A,1896,A4,4,06A,1897,A2,4,01A,1898,B1,4,0E" (94)
17:16:02  [AT] "SEND OK" (7)
17:16:02  [AT] "+IPD,68:T,1899,S,A5,1,67" (24)
17:16:02  [SLOT-OOW] +361ms
17:16:02  [AT] "T,1900,S,B2,1,62" (16)
17:16:02  [AT] "T,1901,S,B3,1,62" (16)
17:16:02  [AT] "T,1902,S,A3,1,62" (16)
17:16:02  [AT] "OK" (2)
17:16:03  [TX] S,710,0110000010,0000000000,878,P1,32
17:16:03  A,1899,A5,4,08
17:16:03  A,1900,B2,4,0D
17:16:03  A,1901,B3,4,0D
17:16:03  A,1902,A3,4,0D09,A4,4,3B34
17:16:03  A,216,B5,0,33
17:16:03  A,217,B1,0,36
17:16:03  A,218,B1,0,39,0,09H
17:16:03  [SLOT] n=732 tx=97 ack=4 due=0 r=1
17:16:03  [AT] "AT+CIPSEND=98" (13)
17:16:03  [AT] " S,710,0110000010,0000000000,878,P1,32A,1899,A5,4,08A,1900,B2,4,0DA,1901,B3,4,0DA,1902,A3,4,0D" (94)
17:16:03  [AT] "SEND OK" (7)
17:16:03  [AT] "+IPD,68:T,1903,S,A1,1,61" (24)
17:16:03  [SLOT-OOW] +323ms
17:16:03  [AT] "T,1904,S,A2,1,65" (16)
17:16:03  [AT] "T,1905,S,A,1906,S,B1,1,67" (25)
17:16:03  [CKSUM NG] T,1905,S,A,1906,S,B1,1,67
17:16:03  [AT] "OK" (2)
17:16:04  [TX] S,711,0110000010,0000000000,879,P1,32
17:16:04  A,1903,A1,4,0E
17:16:04  A,1904,A2,4,0A
17:16:04  A,1901,B3,4,0D
17:16:04  A,1902,A3,4,0D09,A4,4,3B34
17:16:04  A,216,B5,0,33
17:16:04  A,217,B1,0,36
17:16:04  A,218,B1,0,39,0,09H
17:16:04  [SLOT] n=733 tx=67 ack=2 due=0 r=1
17:16:04  [AT] "AT+CIPSEND=68" (13)
17:16:04  [AT] " S,711,0110000010,0000000000,879,P1,32A,1903,A1,4,0EA,1904,A2,4,0A" (66)
17:16:04  [AT] "SEND OK" (7)
17:16:05  [AT] "+IPD,68:T,1907,S,A5,1,61" (24)
17:16:05  [AT] "T,1908,S,B2,1,6A" (16)
17:16:05  [AT] "T,1909,S,A3,1,69" (16)
17:16:05  [AT] "T,1910,S,B3,1,62" (16)
17:16:05  [AT] "OK" (2)
17:16:05  [TX] S,712,0110000010,0000000000,880,P1,37
17:16:05  A,1907,A5,4,0E
17:16:05  A,1908,B2,4,05
17:16:05  A,1909,A3,4,06
17:16:05  A,1910,B3,4,0D09,A4,4,3B34
17:16:05  A,216,B5,0,33
17:16:05  A,217,B1,0,36
17:16:05  A,218,B1,0,39,0,09H
17:16:05  [SLOT] n=734 tx=97 ack=4 due=0 r=1
17:16:05  [AT] "AT+CIPSEND=98" (13)
17:16:05  [AT] " S,712,0110000010,0000000000,880,P1,37A,1907,A5,4,0EA,1908,B2,4,05A,1909,A3,4,06A,1910,B3,4,0D" (94)
17:16:05  [AT] "SEND OK" (7)
17:16:06  [AT] "+IPD,68:T,1911,S,A1,1,62" (24)
17:16:06  [AT] "T,1912,S,A2,1,62" (16)
17:16:06  [AT] "T,1905,S,A4,1,62" (16)
17:16:06  [AT] "T,1906,S,B1,1,67" (16)
17:16:06  [AT] "OK" (2)
17:16:07  [TX] S,713,0110000010,0000000000,882,P1,34
17:16:07  A,1911,A1,4,0D
17:16:07  A,1912,A2,4,0D
17:16:07  A,1905,A4,4,0D
17:16:07  A,1906,B1,4,0809,A4,4,3B34
17:16:07  A,216,B5,0,33
17:16:07  A,217,B1,0,36
17:16:07  A,218,B1,0,39,0,09H
17:16:07  [SLOT] n=735 tx=97 ack=4 due=0 r=1
17:16:07  [AT] "AT+CIPSEND=98" (13)
17:16:07  [AT] " S,713,0110000010,0000000000,882,P1,34A,1911,A1,4,0DA,1912,A2,4,0DA,1905,A4,4,0DA,1906,B1,4,08" (94)
17:16:07  [AT] "SEND OK" (7)
17:16:07  [AT] "+IPD,68:T,1913,S,B2,1,60" (24)
17:16:07  [SLOT-OOW] +308ms
17:16:07  [AT] "T,1914,S,A3,1,65" (16)
17:16:07  [AT] "T,1915,S,B3,1,67" (16)
17:16:07  [AT] "T,1916,S,A5,1,61" (16)
17:16:07  [AT] "OK" (2)
17:16:08  [TX] S,714,0110000010,0000000000,883,P1,32
17:16:08  A,1913,B2,4,0F
17:16:08  A,1914,A3,4,0A
17:16:08  A,1915,B3,4,08
17:16:08  A,1916,A5,4,0E09,A4,4,3B34
17:16:08  A,216,B5,0,33
17:16:08  A,217,B1,0,36
17:16:08  A,218,B1,0,39,0,09H
17:16:08  [SLOT] n=736 tx=97 ack=4 due=0 r=1
17:16:08  [AT] "AT+CIPSEND=98" (13)
17:16:08  [AT] " S,714,0110000010,0000000000,883,P1,32A,1913,B2,4,0FA,1914,A3,4,0AA,1915,B3,4,08A,1916,A5,4,0E" (94)
17:16:08  [AT] "SEND OK" (7)
17:16:08  [AT] "+IPD,68:T,1917,S,A1,1,64" (24)
17:16:08  [SLOT-OOW] +321ms
17:16:08  [AT] "T,1918,S,A2,1,68" (16)
17:16:08  [AT] "T,1919,S,B1,1,69" (16)
17:16:08  [AT] "T,1920,S,A4,1,65" (16)
17:16:08  [AT] "OK" (2)
17:16:09  [TX] S,715,0110000010,0000000000,884,P1,34
17:16:09  A,1917,A1,4,0B
17:16:09  A,1918,A2,4,07
17:16:09  A,1919,B1,4,06
17:16:09  A,1920,A4,4,0A09,A4,4,3B34
17:16:09  A,216,B5,0,33
17:16:09  A,217,B1,0,36
17:16:09  A,218,B1,0,39,0,09H
17:16:09  [SLOT] n=737 tx=97 ack=4 due=0 r=1
17:16:09  [AT] "AT+CIPSEND=98" (13)
17:16:09  [AT] " S,715,0110000010,0000000000,884,P1,34A,1917,A1,4,0BA,1918,A2,4,07A,1919,B1,4,06A,1920,A4,4,0A" (94)
17:16:09  [AT] "SEND OK" (7)
17:16:09  [AT] "+IPD,68:T,1921,S,A5,1,65" (24)
17:16:09  [SLOT-OOW] +292ms
17:16:09  [AT] "T,1922,S,A3,1,60" (16)
17:16:09  [AT] "T,1923,S,B2,1,63" (16)
17:16:09  [AT] "T,1924,S,B3,1,65" (16)
17:16:09  [AT] "OK" (2)
17:16:10  [TX] S,716,0110000010,0000000000,885,P1,36
17:16:10  A,1921,A5,4,0A
17:16:10  A,1922,A3,4,0F
17:16:10  A,1923,B2,4,0C
17:16:10  A,1924,B3,4,0A09,A4,4,3B34
17:16:10  A,216,B5,0,33
17:16:10  A,217,B1,0,36
17:16:10  A,218,B1,0,39,0,09H
17:16:10  [SLOT] n=738 tx=97 ack=4 due=0 r=1
17:16:10  [AT] "AT+CIPSEND=98" (13)
17:16:10  [AT] " S,716,0110000010,0000000000,885,P1,36A,1921,A5,4,0AA,1922,A3,4,0FA,1923,B2,4,0CA,1924,B3,4,0A" (94)
17:16:10  [AT] "SEND OK" (7)
17:16:11  [AT] "+IPD,68:T,1925,S,A1,1,65" (24)
17:16:11  [AT] "T,1926,S,A2,1,65" (16)
17:16:11  [AT] "T,1927,S,B1,1,64" (16)
17:16:11  [AT] "T,1928,S,A4,1,6D" (16)
17:16:11  [AT] "OK" (2)
17:16:11  [TX] S,717,0110000010,0000000000,886,P1,34
17:16:11  A,1925,A1,4,0A
17:16:11  A,1926,A2,4,0A
17:16:11  A,1927,B1,4,0B
17:16:11  A,1928,A4,4,0209,A4,4,3B34
17:16:11  A,216,B5,0,33
17:16:11  A,217,B1,0,36
17:16:11  A,218,B1,0,39,0,09H
17:16:11  [SLOT] n=739 tx=97 ack=4 due=0 r=1
17:16:11  [AT] "AT+CIPSEND=98" (13)
17:16:11  [AT] " S,717,0110000010,0000000000,886,P1,34A,1925,A1,4,0AA,1926,A2,4,0AA,1927,B1,4,0BA,1928,A4,4,02" (94)
17:16:11  [AT] "SEND OK" (7)
17:16:11  [AT] "+IPD,68:T,1929,S,B2,1,69" (24)
17:16:11  [SLOT-OOW] +298ms
17:16:12  [AT] "T,1930,S,A3,1,63" (16)
17:16:12  [AT] "T,1931,S,A5,1,64" (16)
17:16:12  [AT] "T,1932,S,B3,1,62" (16)
17:16:12  [AT] "OK" (2)
17:16:13  [TX] S,718,0110000010,0000000000,888,P1,35
17:16:13  A,1929,B2,4,06
17:16:13  A,1930,A3,4,0C
17:16:13  A,1931,A5,4,0B
17:16:13  A,1932,B3,4,0D09,A4,4,3B34
17:16:13  A,216,B5,0,33
17:16:13  A,217,B1,0,36
17:16:13  A,218,B1,0,39,0,09H
17:16:13  [SLOT] n=740 tx=97 ack=4 due=0 r=1
17:16:13  [AT] "AT+CIPSEND=98" (13)
17:16:13  [AT] " S,718,0110000010,0000000000,888,P1,35A,1929,B2,4,06A,1930,A3,4,0CA,1931,A5,4,0BA,1932,B3,4,0D" (94)
17:16:13  [AT] "SEND OK" (7)
17:16:13  [AT] "+IPD,68:T,1933,S,A2,1,61" (24)
17:16:13  [SLOT-OOW] +387ms
17:16:13  [AT] "T,1934,S,B1,1,66" (16)
17:16:13  [AT] "T,1935,S,A1,1,64" (16)
17:16:13  [AT] "T,1936,S,A4,1,62" (16)
17:16:13  [AT] "OK" (2)
17:16:14  [TX] S,719,0110000010,0000000000,889,P1,35
17:16:14  A,1933,A2,4,0E
17:16:14  A,1934,B1,4,09
17:16:14  A,1935,A1,4,0B
17:16:14  A,1936,A4,4,0D09,A4,4,3B34
17:16:14  A,216,B5,0,33
17:16:14  A,217,B1,0,36
17:16:14  A,218,B1,0,39,0,09H
17:16:14  [SLOT] n=741 tx=97 ack=4 due=0 r=1
17:16:14  [AT] "AT+CIPSEND=98" (13)
17:16:14  [AT] " S,719,0110000010,0000000000,889,P1,35A,1933,A2,4,0EA,1934,B1,4,09A,1935,A1,4,0BA,1936,A4,4,0D" (94)
17:16:14  [AT] "SEND OK" (7)
17:16:14  [AT] "+IPD,68:T,1937,S,B3,1,67" (24)
17:16:14  [SLOT-OOW] +309ms
17:16:14  [AT] "T,1938,S,B2,1,69" (16)
17:16:14  [AT] "T,1939,S,A5,1,6C" (16)
17:16:14  [AT] "T,1940,S,A3,1,64" (16)
17:16:14  [AT] "OK" (2)
17:16:15  [TX] S,720,0110000010,0000000000,890,P1,37
17:16:15  A,1937,B3,4,08
17:16:15  A,1938,B2,4,06
17:16:15  A,1939,A5,4,03
17:16:15  A,1940,A3,4,0B09,A4,4,3B34
17:16:15  A,216,B5,0,33
17:16:15  A,217,B1,0,36
17:16:15  A,218,B1,0,39,0,09H
17:16:15  [SLOT] n=742 tx=97 ack=4 due=0 r=1
17:16:15  [AT] "AT+CIPSEND=98" (13)
17:16:15  [AT] " S,720,0110000010,0000000000,890,P1,37A,1937,B3,4,08A,1938,B2,4,06A,1939,A5,4,03A,1940,A3,4,0B" (94)
17:16:15  [AT] "SEND OK" (7)
17:16:15  [AT] "+IPD,68:T,1941,S,A2,1,64" (24)
17:16:15  [SLOT-OOW] +319ms
17:16:15  [AT] "T,1942,S,B1,1,67" (16)
17:16:15  [AT] "T,1943,S,A60" (12)
17:16:15  [CKSUM NG] T,1943,S,A60
17:16:15  [AT] "T,1944,S,A1,1,62" (16)
17:16:15  [AT] "OK" (2)
17:16:16  [TX] S,721,0110000010,0000000000,891,P1,37
17:16:16  A,1941,A2,4,0B
17:16:16  A,1942,B1,4,08
17:16:16  A,1944,A1,4,0D
17:16:16  A,1940,A3,4,0B09,A4,4,3B34
17:16:16  A,216,B5,0,33
17:16:16  A,217,B1,0,36
17:16:16  A,218,B1,0,39,0,09H
17:16:16  [SLOT] n=743 tx=82 ack=3 due=0 r=1
17:16:16  [AT] "AT+CIPSEND=83" (13)
17:16:16  [AT] " S,721,0110000010,0000000000,891,P1,37A,1941,A2,4,0BA,1942,B1,4,08A,1944,A1,4,0D" (80)
17:16:16  [AT] "SEND OK" (7)
17:16:16  [AT] "+IPD,68:T,1945,S,A3,1,61" (24)
17:16:16  [SLOT-OOW] +260ms
17:16:16  [AT] "T,1946,S,B3,1,61" (16)
17:16:16  [AT] "T,1947,S,B2,1,61" (16)
17:16:16  [AT] "T,1948,S,A5,1,6A" (16)
17:16:16  [AT] "OK" (2)
17:16:17  [TX] S,722,0110000010,0000000000,892,P1,37
17:16:17  A,1945,A3,4,0E
17:16:17  A,1946,B3,4,0E
17:16:17  A,1947,B2,4,0E
17:16:17  A,1948,A5,4,0509,A4,4,3B34
17:16:17  A,216,B5,0,33
17:16:17  A,217,B1,0,36
17:16:17  A,218,B1,0,39,0,09H
17:16:17  [SLOT] n=744 tx=97 ack=4 due=0 r=1
17:16:17  [AT] "AT+CIPSEND=98" (13)
17:16:18  [AT] " S,722,0110000010,0000000000,892,P1,37A,1945,A3,4,0EA,1946,B3,4,0EA,1947,B2,4,0EA,1948,A5,4,05" (94)
17:16:18  [AT] "SEND OK" (7)
17:16:18  [AT] "+IPD,68:T,1949,S,B1,1,6C" (24)
17:16:18  [SLOT-OOW] +506ms
17:16:18  [AT] "T,1950,S,A2,1,64" (16)
17:16:18  [AT] "T,1951,S,A1,1,66" (16)
17:16:18  [AT] "T,1943,S,A4,1,60" (16)
17:16:18  [AT] "OK" (2)
17:16:19  [TX] S,723,0110000010,0000000000,894,P1,30
17:16:19  A,1949,B1,4,03
17:16:19  A,1950,A2,4,0B
17:16:19  A,1951,A1,4,09
17:16:19  A,1943,A4,4,0F09,A4,4,3B34
17:16:19  A,216,B5,0,33
17:16:19  A,217,B1,0,36
17:16:19  A,218,B1,0,39,0,09H
17:16:19  [SLOT] n=745 tx=97 ack=4 due=0 r=1
17:16:19  [AT] "AT+CIPSEND=98" (13)
17:16:19  [AT] " S,723,0110000010,0000000000,894,P1,30A,1949,B1,4,03A,1950,A2,4,0BA,1951,A1,4,09A,1943,A4,4,0F" (94)
17:16:19  [AT] "SEND OK" (7)
17:16:19  [AT] "+IPD,68:T,1952,S,B3,1,64" (24)
17:16:19  [SLOT-OOW] +296ms
17:16:19  [AT] "T,1953,S,A3,1,66" (16)
17:16:19  [AT] "T,1954,S,B2,1,63" (16)
17:16:19  [AT] "T,1955,S,A5,1,66" (16)
17:16:19  [AT] "OK" (2)
17:16:20  [TX] S,724,0110000010,0000000000,895,P1,36
17:16:20  A,1952,B3,4,0B
17:16:20  A,1953,A3,4,09
17:16:20  A,1954,B2,4,0C
17:16:20  A,1955,A5,4,0909,A4,4,3B34
17:16:20  A,216,B5,0,33
17:16:20  A,217,B1,0,36
17:16:20  A,218,B1,0,39,0,09H
17:16:20  [SLOT] n=746 tx=97 ack=4 due=0 r=1
17:16:20  [AT] "AT+CIPSEND=98" (13)
17:16:20  [AT] " S,724,0110000010,0000000000,895,P1,36A,1952,B3,4,0BA,1953,A3,4,09A,1954,B2,4,0CA,1955,A5,4,09" (94)
17:16:20  [AT] "SEND OK" (7)
17:16:20  [AT] "+IPD,68:T,1956,S,A4,1,64" (24)
17:16:20  [SLOT-OOW] +299ms
17:16:20  [AT] "T,1957,S,A1,1,60" (16)
17:16:20  [AT] "T,1958,S,B1,1,6C" (16)
17:16:20  [AT] "T,1959,S,A2,1,6D" (16)
17:16:20  [AT] "OK" (2)
17:16:21  [TX] S,725,0110000010,0000000000,896,P1,34
17:16:21  A,1956,A4,4,0B
17:16:21  A,1957,A1,4,0F
17:16:21  A,1958,B1,4,03
17:16:21  A,1959,A2,4,0209,A4,4,3B34
17:16:21  A,216,B5,0,33
17:16:21  A,217,B1,0,36
17:16:21  A,218,B1,0,39,0,09H
17:16:21  [SLOT] n=747 tx=97 ack=4 due=0 r=1
17:16:21  [AT] "AT+CIPSEND=98" (13)
17:16:21  [AT] " S,725,0110000010,0000000000,896,P1,34A,1956,A4,4,0BA,1957,A1,4,0FA,1958,B1,4,03A,1959,A2,4,02" (94)
17:16:21  [AT] "SEND OK" (7)
17:16:21  [AT] "+IPD,68:T,1960,S,B3,1,65" (24)
17:16:21  [SLOT-OOW] +341ms
17:16:21  [AT] "T,1961,S,A3,1,67" (16)
17:16:21  [AT] "T,1962,S,B2,1,66" (16)
17:16:21  [AT] "T,1963,S,A5,1,63" (16)
17:16:21  [AT] "OK" (2)
17:16:22  [TX] S,726,0110000010,0000000000,897,P1,36
17:16:22  A,1960,B3,4,0A
17:16:22  A,1961,A3,4,08
17:16:22  A,1962,B2,4,09
17:16:22  A,1963,A5,4,0C09,A4,4,3B34
17:16:22  A,216,B5,0,33
17:16:22  A,217,B1,0,36
17:16:22  A,218,B1,0,39,0,09H
17:16:22  [SLOT] n=748 tx=97 ack=4 due=0 r=1
17:16:22  [AT] "AT+CIPSEND=98" (13)
17:16:22  [AT] " S,726,0110000010,0000000000,897,P1,36A,1960,B3,4,0AA,1961,A3,4,08A,1962,B2,4,09A,1963,A5,4,0C" (94)
17:16:22  [AT] "SEND OK" (7)
17:16:22  [AT] "+IPD,68:T,1964,S,A4,1,65" (24)
17:16:22  [SLOT-OOW] +297ms
17:16:22  [AT] "T,1965,S,A1,1,61" (16)
17:16:22  [AT] "T,1966,S,B1,1,61" (16)
17:16:22  [AT] "T,1967,S,A2,1,60" (16)
17:16:22  [AT] "OK" (2)
17:16:23  [TX] S,727,0110000010,0000000000,898,P1,38
17:16:23  A,1964,A4,4,0A
17:16:23  A,1965,A1,4,0E
17:16:23  A,1966,B1,4,0E
17:16:23  A,1967,A2,4,0F09,A4,4,3B34
17:16:23  A,216,B5,0,33
17:16:23  A,217,B1,0,36
17:16:23  A,218,B1,0,39,0,09H
17:16:23  [SLOT] n=749 tx=97 ack=4 due=0 r=1
17:16:23  [AT] "AT+CIPSEND=98" (13)
17:16:23  [AT] " S,727,0110000010,0000000000,898,P1,38A,1964,A4,4,0AA,1965,A1,4,0EA,1966,B1,4,0EA,1967,A2,4,0F" (94)
17:16:23  [AT] "SEND OK" (7)
17:16:23  [AT] "+IPD,68:T,1968,S,B3,1,6D" (24)
17:16:23  [SLOT-OOW] +289ms
17:16:23  [AT] "T,1969,S,B2,1,6D" (16)
17:16:23  [AT] "T,1970,S,A3,1,67" (16)
17:16:23  [AT] "T,1971,S,A5,1,60" (16)
17:16:23  [AT] "OK" (2)
17:16:24  [TX] S,728,0110000010,0000000000,900,P1,37
17:16:24  A,1968,B3,4,02
17:16:24  A,1969,B2,4,02
17:16:24  A,1970,A3,4,08
17:16:24  A,1971,A5,4,0F09,A4,4,3B34
17:16:24  A,216,B5,0,33
17:16:24  A,217,B1,0,36
17:16:25  A,218,B1,0,39,0,09H
17:16:25  [SLOT] n=750 tx=97 ack=4 due=0 r=1
17:16:25  [CNT] up=900 drop=1 esprst=2 resync=3 sendfail=0 okto=0 stuck=0 ackq=0 ackdrop=0 ackstale=0 slot=750 oow=456 smiss=2 ssovf=39 cksumng=39 okstream=728 penddrop=6 skip=0 online=1
17:16:25  [RAM] 최저 여유 627 B · 프롬프트 재동기 3회 (서버의 '버린줄' 과 맞아야 한다)
17:16:25  [AT] "AT+CIPSEND=98" (13)
17:16:25  [AT] " S,728,0110000010,0000000000,900,P1,37A,1968,B3,4,02A,1969,B2,4,02A,1970,A3,4,08A,1971,A5,4,0F" (94)
17:16:25  [AT] "SEND OK" (7)
17:16:25  [AT] "+IPD,68:T,1972,S,B1,1,64" (24)
17:16:25  [SLOT-OOW] +441ms
17:16:25  [AT] "T,1973,S,A1,1,66" (16)
17:16:25  [AT] "T,1974,S,A4,1,64" (16)
17:16:25  [AT] "T,1975,S,A2,1,63" (16)
17:16:25  [AT] "OK" (2)
17:16:26  [TX] S,729,0110000010,0000000000,901,P1,37
17:16:26  A,1972,B1,4,0B
17:16:26  A,1973,A1,4,09
17:16:26  A,1974,A4,4,0B
17:16:26  A,1975,A2,4,0C09,A4,4,3B34
17:16:26  A,216,B5,0,33
17:16:26  A,217,B1,0,36
17:16:26  A,218,B1,0,39,0,09H
17:16:26  [SLOT] n=751 tx=97 ack=4 due=0 r=1
17:16:26  [AT] "AT+CIPSEND=98" (13)
17:16:26  [AT] " S,729,0110000010,0000000000,901,P1,37A,1972,B1,4,0BA,1973,A1,4,09A,1974,A4,4,0BA,1975,A2,4,0C" (94)
17:16:26  [AT] "SEND OK" (7)
17:16:26  [AT] "+IPD,68:T,1976,S,A3,1,61" (24)
17:16:26  [SLOT-OOW] +458ms
17:16:26  [AT] "T,1977,S,A5,1,66" (16)
17:16:26  [AT] "T,1978,S,B2,1,6D" (16)
17:16:26  [AT] "T,1979,S,B3,1,6D" (16)
17:16:26  [AT] "OK" (2)
17:16:27  [TX] S,730,0110000010,0000000000,902,P1,3C
17:16:27  A,1976,A3,4,0E
17:16:27  A,1977,A5,4,09
17:16:27  A,1978,B2,4,02
17:16:27  A,1979,B3,4,0209,A4,4,3B34
17:16:27  A,216,B5,0,33
17:16:27  A,217,B1,0,36
17:16:27  A,218,B1,0,39,0,09H
17:16:27  [SLOT] n=752 tx=97 ack=4 due=0 r=1
17:16:27  [AT] "AT+CIPSEND=98" (13)
17:16:27  [AT] " S,730,0110000010,0000000000,902,P1,3CA,1976,A3,4,0EA,1977,A5,4,09A,1978,B2,4,02A,1979,B3,4,02" (94)
17:16:27  [AT] "SEND OK" (7)
17:16:27  [AT] "+IPD,68:T,1980,S,A1,1,6A" (24)
17:16:27  [SLOT-OOW] +366ms
17:16:27  [AT] "T,1981,S,A2,1,68" (16)
17:16:27  [AT] "T,1982,S,A4,1,6D" (16)
17:16:27  [AT] "T,1983,S,B1,1,6A" (16)
17:16:27  [AT] "OK" (2)
17:16:28  [TX] S,731,0110000010,0000000000,903,P1,3C
17:16:28  A,1980,A1,4,05
17:16:28  A,1981,A2,4,07
17:16:28  A,1982,A4,4,02
17:16:28  A,1983,B1,4,0509,A4,4,3B34
17:16:28  A,216,B5,0,33
17:16:28  A,217,B1,0,36
17:16:28  A,218,B1,0,39,0,09H
17:16:28  [SLOT] n=753 tx=97 ack=4 due=0 r=1
17:16:28  [AT] "AT+CIPSEND=98" (13)
17:16:28  [AT] " S,731,0110000010,0000000000,903,P1,3CA,1980,A1,4,05A,1981,A2,4,07A,1982,A4,4,02A,1983,B1,4,05" (94)
17:16:28  [AT] "SEND OK" (7)
17:16:28  [AT] "+IPD,68:T,1984,S,A3,1,6C" (24)
17:16:28  [SLOT-OOW] +303ms
17:16:28  [AT] "T,1985,S,B3,1,6E" (16)
17:16:28  [AT] "T,1986,S,B2,1,6C" (16)
17:16:28  [AT] "T,1987,S,A5,1,69" (16)
17:16:28  [AT] "OK" (2)
17:16:29  [TX] S,732,0110000010,0000000000,904,P1,38
17:16:29  A,1984,A3,4,03
17:16:29  A,1985,B3,4,01
17:16:29  A,1986,B2,4,03
17:16:29  A,1987,A5,4,0609,A4,4,3B34
17:16:29  A,216,B5,0,33
17:16:29  A,217,B1,0,36
17:16:29  A,218,B1,0,39,0,09H
17:16:29  [SLOT] n=754 tx=97 ack=4 due=0 r=1
17:16:29  [AT] "AT+CIPSEND=98" (13)
17:16:29  [AT] " S,732,0110000010,0000000000,904,P1,38A,1984,A3,4,03A,1985,B3,4,01A,1986,B2,4,03A,1987,A5,4,06" (94)
17:16:29  [AT] "SEND OK" (7)
17:16:29  [AT] "+IPD,68:T,1988,S,A4,1,67" (24)
17:16:29  [SLOT-OOW] +314ms
17:16:29  [AT] "T,1989,S,A1,1,63" (16)
17:16:29  [AT] "T,1990,S,A2,1,68" (16)
17:16:29  [AT] "T,1991,S,B1,1,69" (16)
17:16:29  [AT] "OK" (2)
17:16:30  [TX] S,733,0110000010,0000000000,906,P1,3B
17:16:30  A,1988,A4,4,08
17:16:30  A,1989,A1,4,0C
17:16:30  A,1990,A2,4,07
17:16:30  A,1991,B1,4,0609,A4,4,3B34
17:16:30  A,216,B5,0,33
17:16:30  A,217,B1,0,36
17:16:30  A,218,B1,0,39,0,09H
17:16:30  [SLOT] n=755 tx=97 ack=4 due=0 r=1
17:16:30  [AT] "AT+CIPSEND=98" (13)
17:16:31  [AT] " S,733,0110000010,0000000000,906,P1,3BA,1988,A4,4,08A,1989,A1,4,0CA,1990,A2,4,07A,1991,B1,4,06" (94)
17:16:31  [AT] "SEND OK" (7)
17:16:31  [AT] "+IPD,68:T,1992,S,A3,1,6B" (24)
17:16:31  [SLOT-OOW] +361ms
17:16:31  [AT] "T,1993,S,B3,1,69" (16)
17:16:31  [AT] "T,1994,S,B2,1,6F" (16)
17:16:31  [AT] "T,1995,S,A5,1,6A" (16)
17:16:31  [AT] "OK" (2)
17:16:32  [TX] S,734,0110000010,0000000000,907,P1,3D
17:16:32  A,1992,A3,4,04
17:16:32  A,1993,B3,4,06
17:16:32  A,1994,B2,4,00
17:16:32  A,1995,A5,4,0509,A4,4,3B34
17:16:32  A,216,B5,0,33
17:16:32  A,217,B1,0,36
17:16:32  A,218,B1,0,39,0,09H
17:16:32  [SLOT] n=756 tx=97 ack=4 due=0 r=1
17:16:32  [AT] "AT+CIPSEND=98" (13)
17:16:32  [AT] " S,734,0110000010,0000000000,907,P1,3DA,1992,A3,4,04A,1993,B3,4,06A,1994,B2,4,00A,1995,A5,4,05" (94)
17:16:32  [AT] "SEND OK" (7)
17:16:32  [AT] "+IPD,68:T,1996,S,B1,1,6E" (24)
17:16:32  [SLOT-OOW] +397ms
17:16:32  [AT] "T,1997,S,A4,1,69" (16)
17:16:32  [AT] "T,1998,S,A2,1,60" (16)
17:16:32  [AT] "T,1999,S,A1,1,62" (16)
17:16:32  [AT] "OK" (2)
17:16:33  [TX] S,735,0110000010,0000000000,908,P1,33
17:16:33  A,1996,B1,4,01
17:16:33  A,1997,A4,4,06
17:16:33  A,1998,A2,4,0F
17:16:33  A,1999,A1,4,0D09,A4,4,3B34
17:16:33  A,216,B5,0,33
17:16:33  A,217,B1,0,36
17:16:33  A,218,B1,0,39,0,09H
17:16:33  [SLOT] n=757 tx=97 ack=4 due=0 r=1
17:16:33  [AT] "AT+CIPSEND=98" (13)
17:16:33  [AT] " S,735,0110000010,0000000000,908,P1,33A,1996,B1,4,01A,1997,A4,4,06A,1998,A2,4,0FA,1999,A1,4,0D" (94)
17:16:33  [AT] "SEND OK" (7)
17:16:33  [AT] "+IPD,68:T,2000,S,A3,1,6A" (24)
17:16:33  [SLOT-OOW] +291ms
17:16:33  [AT] "T,2001,S,B3,1,68" (16)
17:16:33  [AT] "T,2002,S,B2,1,6A" (16)
17:16:33  [AT] "T,2003,S,A5,1,6F" (16)
17:16:33  [AT] "OK" (2)
17:16:34  [TX] S,736,0110000010,0000000000,909,P1,31
17:16:34  A,2000,A3,4,05
17:16:34  A,2001,B3,4,07
17:16:34  A,2002,B2,4,05
17:16:34  A,2003,A5,4,0009,A4,4,3B34
17:16:34  A,216,B5,0,33
17:16:34  A,217,B1,0,36
17:16:34  A,218,B1,0,39,0,09H
17:16:34  [SLOT] n=758 tx=97 ack=4 due=0 r=1
17:16:34  [AT] "AT+CIPSEND=98" (13)
17:16:34  [AT] " S,736,0110000010,0000000000,909,P1,31A,2000,A3,4,05A,2001,B3,4,07A,2002,B2,4,05A,2003,A5,4,00" (94)
17:16:34  [AT] "SEND OK" (7)
17:16:34  [AT] "+IPD,68:T,2004,S,A1,1,6C" (24)
17:16:34  [SLOT-OOW] +295ms
17:16:34  [AT] "T,2005,S,B1,1,6E" (16)
17:16:34  [AT] "T,2006,S,A2,1,6D" (16)
17:16:34  [AT] "T,2007,S,A4,1,6A" (16)
17:16:34  [AT] "OK" (2)
17:16:35  [TX] S,737,0110000010,0000000000,910,P1,38
17:16:35  A,2004,A1,4,03
17:16:35  A,2005,B1,4,01
17:16:35  A,2006,A2,4,02
17:16:35  A,2007,A4,4,0509,A4,4,3B34
17:16:35  A,216,B5,0,33
17:16:35  A,217,B1,0,36
17:16:35  A,218,B1,0,39,0,09H
17:16:35  [SLOT] n=759 tx=97 ack=4 due=0 r=1
17:16:35  [AT] "AT+CIPSEND=98" (13)
17:16:35  [AT] " S,737,0110000010,0000000000,910,P1,38A,2004,A1,4,03A,2005,B1,4,01A,2006,A2,4,02A,2007,A4,4,05" (94)
17:16:35  [AT] "SEND OK" (7)
17:16:36  [AT] "+IPD,68:T,2008,S,B3,1,61" (24)
17:16:36  [AT] "T,2009,S,A3,1,63" (16)
17:16:36  [AT] "T,2010,S,B2,1,69" (16)
17:16:36  [AT] "T,2011,S,A5,1,6C" (16)
17:16:36  [AT] "OK" (2)
17:16:36  [TX] S,738,0110000010,0000000000,912,P1,35
17:16:36  A,2008,B3,4,0E
17:16:36  A,2009,A3,4,0C
17:16:36  A,2010,B2,4,06
17:16:36  A,2011,A5,4,0309,A4,4,3B34
17:16:36  A,216,B5,0,33
17:16:36  A,217,B1,0,36
17:16:36  A,218,B1,0,39,0,09H
17:16:36  [SLOT] n=760 tx=97 ack=4 due=0 r=1
17:16:36  [AT] "AT+CIPSEND=98" (13)
17:16:37  [AT] " S,738,0110000010,0000000000,912,P1,35A,2008,B3,4,0EA,2009,A3,4,0CA,2010,B2,4,06A,2011,A5,4,03" (94)
17:16:37  [AT] "SEND OK" (7)
17:16:37  [AT] "+IPD,68:T,2012,S,A1,1,6B" (24)
17:16:37  [SLOT-OOW] +297ms
17:16:37  [AT] "T,2013,S,A2,1,69" (16)
17:16:37  [AT] "T,2014,S,B1,1,6E" (16)
17:16:37  [AT] "T,2015,S,A4,1,69" (16)
17:16:37  [AT] "OK" (2)
17:16:38  [TX] S,739,0110000010,0000000000,913,P1,35
17:16:38  A,2012,A1,4,04
17:16:38  A,2013,A2,4,06
17:16:38  A,2014,B1,4,01
17:16:38  A,2015,A4,4,0609,A4,4,3B34
17:16:38  A,216,B5,0,33
17:16:38  A,217,B1,0,36
17:16:38  A,218,B1,0,39,0,09H
17:16:38  [SLOT] n=761 tx=97 ack=4 due=0 r=1
17:16:38  [AT] "AT+CIPSEND=98" (13)
17:16:38  [AT] " S,739,0110000010,0000000000,913,P1,35A,2012,A1,4,04A,2013,A2,4,06A,2014,B1,4,01A,2015,A4,4,06" (94)
17:16:38  [AT] "SEND OK" (7)
17:16:38  [AT] "+IPD,68:T,2016,S,B3,1,6E" (24)
17:16:38  [SLOT-OOW] +314ms
17:16:38  [AT] "T,2017,S,A3,1,6C" (16)
17:16:38  [AT] "T,2018,S,B2,1,61" (16)
17:16:38  [AT] "T,2019,S,A5,1,64" (16)
17:16:38  [AT] "OK" (2)
17:16:39  [TX] S,740,0110000010,0000000000,914,P1,3C
17:16:39  A,2016,B3,4,01
17:16:39  A,2017,A3,4,03
17:16:39  A,2018,B2,4,0E
17:16:39  A,2019,A5,4,0B09,A4,4,3B34
17:16:39  A,216,B5,0,33
17:16:39  A,217,B1,0,36
17:16:39  A,218,B1,0,39,0,09H
17:16:39  [SLOT] n=762 tx=97 ack=4 due=0 r=1
17:16:39  [AT] "AT+CIPSEND=98" (13)
17:16:39  [AT] " S,740,0110000010,0000000000,914,P1,3CA,2016,B3,4,01A,2017,A3,4,03A,2018,B2,4,0EA,2019,A5,4,0B" (94)
17:16:39  [AT] "SEND OK" (7)
17:16:39  [AT] "+IPD,68:T,2020,S,A1,1,6A" (24)
17:16:39  [SLOT-OOW] +334ms
17:16:39  [AT] "T,2021,S,A4,1,6E" (16)
17:16:39  [AT] "T,2022,S,A2,1,6B" (16)
17:16:39  [AT] "T,2023,S,B1,1,6A" (16)
17:16:39  [AT] "OK" (2)
17:16:40  [TX] S,741,0110000010,0000000000,915,P1,3C
17:16:40  A,2020,A1,4,05
17:16:40  A,2021,A4,4,01
17:16:40  A,2022,A2,4,04
17:16:40  A,2023,B1,4,0509,A4,4,3B34
17:16:40  A,216,B5,0,33
17:16:40  A,217,B1,0,36
17:16:40  A,218,B1,0,39,0,09H
17:16:40  [SLOT] n=763 tx=97 ack=4 due=0 r=1
17:16:40  [AT] "AT+CIPSEND=98" (13)
17:16:40  [AT] " S,741,0110000010,0000000000,915,P1,3CA,2020,A1,4,05A,2021,A4,4,01A,2022,A2,4,04A,2023,B1,4,05" (94)
17:16:40  [AT] "SEND OK" (7)
17:16:40  [AT] "+IPD,68:T,2024,S,B3,1,6F" (24)
17:16:40  [SLOT-OOW] +298ms
17:16:40  [AT] "T,2025,S,B2,1,6F" (16)
17:16:40  [AT] "T,2026,S,A5,1,68" (16)
17:16:40  [AT] "T,2027,S,A3,1,6F" (16)
17:16:40  [AT] "OK" (2)
17:16:41  [TX] S,742,0110000010,0000000000,916,P1,3C
17:16:41  A,2024,B3,4,00
17:16:41  A,2025,B2,4,00
17:16:41  A,2026,A5,4,07
17:16:41  A,2027,A3,4,0009,A4,4,3B34
17:16:41  A,216,B5,0,33
17:16:41  A,217,B1,0,36
17:16:41  A,218,B1,0,39,0,09H
17:16:41  [SLOT] n=764 tx=97 ack=4 due=0 r=1
17:16:41  [AT] "AT+CIPSEND=98" (13)
17:16:41  [AT] " S,742,0110000010,0000000000,916,P1,3CA,2024,B3,4,00A,2025,B2,4,00A,2026,A5,4,07A,2027,A3,4,00" (94)
17:16:41  [AT] "SEND OK" (7)
17:16:41  [AT] "+IPD,68:T,2028,S,A1,1,62" (24)
17:16:41  [SLOT-OOW] +298ms
17:16:41  [AT] "T,2029,S,A4,1,66" (16)
17:16:41  [AT] "T,2030,S,B1,1,68" (16)
17:16:41  [AT] "T,2031,S,A2,1,69" (16)
17:16:41  [AT] "OK" (2)
17:16:42  [TX] S,743,0110000010,0000000000,918,P1,33
17:16:42  A,2028,A1,4,0D
17:16:42  A,2029,A4,4,09
17:16:42  A,2030,B1,4,07
17:16:42  A,2031,A2,4,0609,A4,4,3B34
17:16:42  A,216,B5,0,33
17:16:42  A,217,B1,0,36
17:16:42  A,218,B1,0,39,0,09H
17:16:42  [SLOT] n=765 tx=97 ack=4 due=0 r=1
17:16:42  [AT] "AT+CIPSEND=98" (13)
17:16:43  [AT] " S,743,0110000010,0000000000,918,P1,33A,2028,A1,4,0DA,2029,A4,4,09A,2030,B1,4,07A,2031,A2,4,06" (94)
17:16:43  [AT] "SEND OK" (7)
17:16:43  [AT] "+IPD,68:T,2032,S,B2,1,69" (24)
17:16:43  [SLOT-OOW] +507ms
17:16:43  [AT] "T,2033,S,B3,1,69" (16)
17:16:43  [AT] "T,2034,S,A3,1,6D" (16)
17:16:43  [AT] "T,2035,S,A5,1,6A" (16)
17:16:43  [AT] "OK" (2)
17:16:44  [TX] S,744,0110000010,0000000000,919,P1,35
17:16:44  A,2032,B2,4,06
17:16:44  A,2033,B3,4,06
17:16:44  A,2034,A3,4,02
17:16:44  A,2035,A5,4,0509,A4,4,3B34
17:16:44  A,216,B5,0,33
17:16:44  A,217,B1,0,36
17:16:44  A,218,B1,0,39,0,09H
17:16:44  [SLOT] n=766 tx=97 ack=4 due=0 r=1
17:16:44  [AT] "AT+CIPSEND=98" (13)
17:16:44  [AT] " S,744,0110000010,0000000000,919,P1,35A,2032,B2,4,06A,2033,B3,4,06A,2034,A3,4,02A,2035,A5,4,05" (94)
17:16:44  [AT] "SEND OK" (7)
17:16:44  [AT] "+IPD,68:T,2036,S,A1,1,6D" (24)
17:16:44  [AT] "T,2037,S,A2,1,6F" (16)
17:16:44  [AT] "T,2038,S,A4,1,66" (16)
17:16:44  [AT] "T,2039,S,B1,1,61" (16)
17:16:44  [AT] "OK" (2)
17:16:45  [TX] S,745,0110000010,0000000000,920,P1,3E
17:16:45  A,2036,A1,4,02
17:16:45  A,2037,A2,4,00
17:16:45  A,2038,A4,4,09
17:16:45  A,2039,B1,4,0E09,A4,4,3B34
17:16:45  A,216,B5,0,33
17:16:45  A,217,B1,0,36
17:16:45  A,218,B1,0,39,0,09H
17:16:45  [SLOT] n=767 tx=97 ack=4 due=0 r=1
17:16:45  [AT] "AT+CIPSEND=98" (13)
17:16:45  [AT] " S,745,0110000010,0000000000,920,P1,3EA,2036,A1,4,02A,2037,A2,4,00A,2038,A4,4,09A,2039,B1,4,0E" (94)
17:16:45  [AT] "SEND OK" (7)
17:16:45  [AT] "+IPD,68:T,2040,S,A5,1,68" (24)
17:16:45  [SLOT-OOW] +368ms
17:16:45  [AT] "T,2041,S,B2,1,6D" (16)
17:16:45  [AT] "T,2042,S,B3,1,6F" (16)
17:16:45  [AT] "T,2043,S,A3,1,6D" (16)
17:16:45  [AT] "OK" (2)
17:16:46  [TX] S,746,0110000010,0000000000,921,P1,3C
17:16:46  A,2040,A5,4,07
17:16:46  A,2041,B2,4,02
17:16:46  A,2042,B3,4,00
17:16:46  A,2043,A3,4,0209,A4,4,3B34
17:16:46  A,216,B5,0,33
17:16:46  A,217,B1,0,36
17:16:46  A,218,B1,0,39,0,09H
17:16:46  [SLOT] n=768 tx=97 ack=4 due=0 r=1
17:16:46  [AT] "AT+CIPSEND=98" (13)
17:16:46  [AT] " S,746,0110000010,0000000000,921,P1,3CA,2040,A5,4,07A,2041,B2,4,02A,2042,B3,4,00A,2043,A3,4,02" (94)
17:16:46  [AT] "SEND OK" (7)
17:16:47  [AT] "+IPD,68:T,2044,S,A1,1,68" (24)
17:16:47  [AT] "T,2045,S,A4,1,6C" (16)
17:16:47  [AT] "T,2046,S,A2,1,69" (16)
17:16:47  [AT] "T,2047,S,B1,1,68" (16)
17:16:47  [AT] "OK" (2)
17:16:47  [TX] S,747,0110000010,0000000000,922,P1,3E
17:16:47  A,2044,A1,4,07
17:16:47  A,2045,A4,4,03
17:16:47  A,2046,A2,4,06
17:16:47  A,2047,B1,4,0709,A4,4,3B34
17:16:47  A,216,B5,0,33
17:16:47  A,217,B1,0,36
17:16:47  A,218,B1,0,39,0,09H
17:16:47  [SLOT] n=769 tx=97 ack=4 due=0 r=1
17:16:47  [AT] "AT+CIPSEND=98" (13)
17:16:47  [AT] " S,747,0110000010,0000000000,922,P1,3EA,2044,A1,4,07A,2045,A4,4,03A,2046,A2,4,06A,2047,B1,4,07" (94)
17:16:47  [AT] "SEND OK" (7)
17:16:47  [AT] "+IPD,68:T,2048,S,B2,1,64" (24)
17:16:47  [SLOT-OOW] +306ms
17:16:47  [AT] "T,2049,S,A5,1,61" (16)
17:16:47  [AT] "T,2050,S,B3,1,6C" (16)
17:16:47  [AT] "T,2051,S,A3,1,6E" (16)
17:16:47  [AT] "OK" (2)
17:16:48  [TX] S,748,0110000010,0000000000,924,P1,37
17:16:48  A,2048,B2,4,0B
17:16:48  A,2049,A5,4,0E
17:16:48  A,2050,B3,4,03
17:16:48  A,2051,A3,4,0109,A4,4,3B34
17:16:48  A,216,B5,0,33
17:16:48  A,217,B1,0,36
17:16:48  A,218,B1,0,39,0,09H
17:16:48  [SLOT] n=770 tx=97 ack=4 due=0 r=1
17:16:48  [AT] " S,748,0110000010,0000000000,924,P1,37A,2048,B2,4,0BA,2049,A5,4,0EA,2050,B3,4,03A,2051,A3,4,01" (94)
17:16:48  [AT] "SEND OK" (7)
17:16:48  [AT] "+IPD,68:T,2052,S,A1,1,6F" (24)
17:16:48  [SLOT-OOW] +318ms
17:16:49  [AT] "T,2053,S,A2,1,6D" (16)
17:16:49  [AT] "T,2054,S,A" (10)
17:16:49  [CKSUM NG] T,2054,S,A
17:16:49  [AT] "T,2055,S,B1,1,6B" (16)
17:16:49  [AT] "OK" (2)
17:16:49  [AT] "AT+CIPSEND=98" (13)
17:16:50  [TX] S,749,0110000010,0000000000,925,P1,37
17:16:50  A,2052,A1,4,00
17:16:50  A,2053,A2,4,02
17:16:50  A,2055,B1,4,04
17:16:50  A,2051,A3,4,0109,A4,4,3B34
17:16:50  A,216,B5,0,33
17:16:50  A,217,B1,0,36
17:16:50  A,218,B1,0,39,0,09H
17:16:50  [SLOT] n=771 tx=82 ack=3 due=0 r=1
17:16:50  [AT] "AT+CIPSEND=83" (13)
17:16:50  [AT] " S,749,0110000010,0000000000,925,P1,37A,2052,A1,4,00A,2053,A2,4,02A,2055,B1,4,04" (80)
17:16:50  [AT] "SEND OK" (7)
17:16:50  [AT] "+IPD,68:T,2056,S,A5,1,6F" (24)
17:16:50  [SLOT-OOW] +258ms
17:16:50  [AT] "T,2057,S,B3,1,6B" (16)
17:16:50  [AT] "T,2058,S,A3,1,67" (16)
17:16:50  [AT] "T,2059,S,B2,1,64" (16)
17:16:50  [AT] "OK" (2)
17:16:51  [TX] S,750,0110000010,0000000000,926,P1,3C
17:16:51  A,2056,A5,4,00
17:16:51  A,2057,B3,4,04
17:16:51  A,2058,A3,4,08
17:16:51  A,2059,B2,4,0B09,A4,4,3B34
17:16:51  A,216,B5,0,33
17:16:51  A,217,B1,0,36
17:16:51  A,218,B1,0,39,0,09H
17:16:51  [SLOT] n=772 tx=97 ack=4 due=0 r=1
17:16:51  [AT] "AT+CIPSEND=98" (13)
17:16:51  [AT] " S,750,0110000010,0000000000,926,P1,3CA,2056,A5,4,00A,2057,B3,4,04A,2058,A3,4,08A,2059,B2,4,0B" (94)
17:16:51  [AT] "SEND OK" (7)
17:16:51  [AT] "+IPD,68:T,2060,S,A2,1,6D" (24)
17:16:51  [SLOT-OOW] +383ms
17:16:51  [AT] "T,2061,S,B1,1,6C" (16)
17:16:51  [AT] "T,2062,S,A1,1,6C" (16)
17:16:51  [AT] "T,2054,S,A4,1,6C" (16)
17:16:51  [AT] "OK" (2)
17:16:52  [TX] S,751,0110000010,0000000000,927,P1,3C
17:16:52  A,2060,A2,4,02
17:16:52  A,2061,B1,4,03
17:16:52  A,2062,A1,4,03
17:16:52  A,2054,A4,4,0309,A4,4,3B34
17:16:52  A,216,B5,0,33
17:16:52  A,217,B1,0,36
17:16:52  A,218,B1,0,39,0,09H
17:16:52  [SLOT] n=773 tx=97 ack=4 due=0 r=1
17:16:52  [AT] "AT+CIPSEND=98" (13)
17:16:52  [AT] " S,751,0110000010,0000000000,927,P1,3CA,2060,A2,4,02A,2061,B1,4,03A,2062,A1,4,03A,2054,A4,4,03" (94)
17:16:52  [AT] "SEND OK" (7)
17:16:52  [AT] "+IPD,68:T,2063,S,B3,1,6C" (24)
17:16:52  [SLOT-OOW] +321ms
17:16:52  [AT] "T,2064,S,A3,1,68" (16)
17:16:52  [AT] "T,2065,S,B2,1,6B" (16)
17:16:52  [AT] "T,2066,S,A5,1,6C" (16)
17:16:52  [AT] "OK" (2)
17:16:53  [TX] S,752,0110000010,0000000000,928,P1,30
17:16:53  A,2063,B3,4,03
17:16:53  A,2064,A3,4,07
17:16:53  A,2065,B2,4,04
17:16:53  A,2066,A5,4,0309,A4,4,3B34
17:16:53  A,216,B5,0,33
17:16:53  A,217,B1,0,36
17:16:53  A,218,B1,0,39,0,09H
17:16:53  [SLOT] n=774 tx=97 ack=4 due=0 r=1
17:16:53  [AT] "AT+CIPSEND=98" (13)
17:16:53  [AT] " S,752,0110000010,0000000000,928,P1,30A,2063,B3,4,03A,2064,A3,4,07A,2065,B2,4,04A,2066,A5,4,03" (94)
17:16:53  [AT] "SEND OK" (7)
17:16:53  [AT] "+IPD,68:T,2067,S,A1,1,69" (24)
17:16:53  [SLOT-OOW] +342ms
17:16:53  [AT] "T,2068,S,A4,1,63" (16)
17:16:53  [AT] "T,2069,S,A2,1,64" (16)
17:16:53  [AT] "T,2070,S,B1,1,6C" (16)
17:16:53  [AT] "OK" (2)
17:16:54  [TX] S,753,0110000010,0000000000,930,P1,38
17:16:54  A,2067,A1,4,06
17:16:54  A,2068,A4,4,0C
17:16:54  A,2069,A2,4,0B
17:16:54  A,2070,B1,4,0309,A4,4,3B34
17:16:54  A,216,B5,0,33
17:16:54  A,217,B1,0,36
17:16:54  A,218,B1,0,39,0,09H
17:16:54  [SLOT] n=775 tx=97 ack=4 due=0 r=1
17:16:54  [AT] "AT+CIPSEND=98" (13)
17:16:54  [AT] " S,753,0110000010,0000000000,930,P1,38A,2067,A1,4,06A,2068,A4,4,0CA,2069,A2,4,0BA,2070,B1,4,03" (94)
17:16:54  [AT] "SEND OK" (7)
17:16:54  [AT] "+IPD,68:T,2071,S,B2,1,6E" (24)
17:16:55  [SLOT-OOW] +311ms
17:16:55  [AT] "T,2072,S,B3,1,6C" (16)
17:16:55  [AT] "T,2073,S,A3,1,6E" (16)
17:16:55  [AT] "T,2074,S,A5,1,6F" (16)
17:16:55  [AT] "OK" (2)
17:16:56  [TX] S,754,0110000010,0000000000,931,P1,3E
17:16:56  A,2071,B2,4,01
17:16:56  A,2072,B3,4,03
17:16:56  A,2073,A3,4,01
17:16:56  A,2074,A5,4,0009,A4,4,3B34
17:16:56  A,216,B5,0,33
17:16:56  A,217,B1,0,36
17:16:56  A,218,B1,0,39,0,09H
17:16:56  [SLOT] n=776 tx=97 ack=4 due=0 r=1
17:16:56  [AT] "AT+CIPSEND=98" (13)
17:16:56  [AT] " S,754,0110000010,0000000000,931,P1,3EA,2071,B2,4,01A,2072,B3,4,03A,2073,A3,4,01A,2074,A5,4,00" (94)
17:16:56  [AT] "SEND OK" (7)
17:16:56  [AT] "+IPD,68:T,2075,S,A1,1,6A" (24)
17:16:56  [SLOT-OOW] +303ms
17:16:56  [AT] "T,2076,S,A4,1,6C" (16)
17:16:56  [AT] "T,2077,S,A2,1,6B" (16)
17:16:56  [AT] "T,2078,S,B1,1,64" (16)
17:16:56  [AT] "OK" (2)
17:16:57  [TX] S,755,0110000010,0000000000,932,P1,3C
17:16:57  A,2075,A1,4,05
17:16:57  A,2076,A4,4,03
17:16:57  A,2077,A2,4,04
17:16:57  A,2078,B1,4,0B09,A4,4,3B34
17:16:57  A,216,B5,0,33
17:16:57  A,217,B1,0,36
17:16:57  A,218,B1,0,39,0,09H
17:16:57  [SLOT] n=777 tx=97 ack=4 due=0 r=1
17:16:57  [AT] "AT+CIPSEND=98" (13)
17:16:57  [AT] " S,755,0110000010,0000000000,932,P1,3CA,2075,A1,4,05A,2076,A4,4,03A,2077,A2,4,04A,2078,B1,4,0B" (94)
17:16:57  [AT] "SEND OK" (7)
17:16:57  [AT] "+IPD,68:T,2079,S,B2,1,66" (24)
17:16:57  [SLOT-OOW] +406ms
17:16:57  [AT] "T,2080,S,B3,1,61" (16)
17:16:57  [AT] "T,2081,S,A5,1,65" (16)
17:16:57  [AT] "T,2082,S,A3,1,60" (16)
17:16:57  [AT] "OK" (2)
17:16:58  [TX] S,756,0110000010,0000000000,933,P1,3E
17:16:58  A,2079,B2,4,09
17:16:58  A,2080,B3,4,0E
17:16:58  A,2081,A5,4,0A
17:16:58  A,2082,A3,4,0F09,A4,4,3B34
17:16:58  A,216,B5,0,33
17:16:58  A,217,B1,0,36
17:16:58  A,218,B1,0,39,0,09H
17:16:58  [SLOT] n=778 tx=97 ack=4 due=0 r=1
17:16:58  [AT] "AT+CIPSEND=98" (13)
17:16:58  [AT] " S,756,0110000010,0000000000,933,P1,3EA,2079,B2,4,09A,2080,B3,4,0EA,2081,A5,4,0AA,2082,A3,4,0F" (94)
17:16:58  [AT] "SEND OK" (7)
17:16:58  [AT] "+IPD,68:T,2083,S,A1,1,63" (24)
17:16:58  [SLOT-OOW] +335ms
17:16:58  [AT] "T,2084,S,A4,1,61" (16)
17:16:58  [AT] "T,2085,S,B1,1,66" (16)
17:16:58  [AT] "T,2086,S,A2,1,65" (16)
17:16:58  [AT] "OK" (2)
17:16:59  [TX] S,757,0110000010,0000000000,934,P1,38
17:16:59  A,2083,A1,4,0C
17:16:59  A,2084,A4,4,0E
17:16:59  A,2085,B1,4,09
17:16:59  A,2086,A2,4,0A09,A4,4,3B34
17:16:59  A,216,B5,0,33
17:16:59  A,217,B1,0,36
17:16:59  A,218,B1,0,39,0,09H
17:16:59  [SLOT] n=779 tx=97 ack=4 due=0 r=1
17:16:59  [AT] "AT+CIPSEND=98" (13)
17:16:59  [AT] " S,757,0110000010,0000000000,934,P1,38A,2083,A1,4,0CA,2084,A4,4,0EA,2085,B1,4,09A,2086,A2,4,0A" (94)
17:16:59  [AT] "SEND OK" (7)
17:16:59  [AT] "+IPD,68:T,2087,S,A5,1,63" (24)
17:16:59  [SLOT-OOW] +300ms
17:16:59  [AT] "T,2088,S,B3,1,69" (16)
17:16:59  [AT] "T,2089,S,B2,1,69" (16)
17:16:59  [AT] "T,2090,S,A3,1,63" (16)
17:16:59  [AT] "OK" (2)
17:17:00  [TX] S,758,0110000010,0000000000,936,P1,35
17:17:00  A,2087,A5,4,0C
17:17:00  A,2088,B3,4,06
17:17:00  A,2089,B2,4,06
17:17:00  A,2090,A3,4,0C09,A4,4,3B34
17:17:00  A,216,B5,0,33
17:17:00  A,217,B1,0,36
17:17:00  A,218,B1,0,39,0,09H
17:17:00  [SLOT] n=780 tx=97 ack=4 due=0 r=1
17:17:00  [AT] "AT+CIPSEND=98" (13)
17:17:00  [AT] " S,758,0110000010,0000000000,936,P1,35A,2087,A5,4,0CA,2088,B3,4,06A,2089,B2,4,06A,2090,A3,4,0C" (94)
17:17:00  [AT] "SEND OK" (7)
17:17:00  [AT] "+IPD,68:T,2091,S,A4,1,65" (24)
17:17:00  [SLOT-OOW] +297ms
17:17:00  [AT] "T,2092,S,B1,1,60" (16)
17:17:00  [AT] "T,2093,S,A1,1,62" (16)
17:17:00  [AT] "T,2094,S,A2,1,66" (16)
17:17:00  [AT] "OK" (2)
17:17:02  [TX] S,759,0110000010,0000000000,937,P1,35
17:17:02  A,2091,A4,4,0A
17:17:02  A,2092,B1,4,0F
17:17:02  A,2093,A1,4,0D
17:17:02  A,2094,A2,4,0909,A4,4,3B34
17:17:02  A,216,B5,0,33
17:17:02  A,217,B1,0,36
17:17:02  A,218,B1,0,39,0,09H
17:17:02  [SLOT] n=781 tx=97 ack=4 due=0 r=1
17:17:02  [AT] "AT+CIPSEND=98" (13)
17:17:02  [AT] " S,759,0110000010,0000000000,937,P1,35A,2091,A4,4,0AA,2092,B1,4,0FA,2093,A1,4,0DA,2094,A2,4,09" (94)
17:17:02  [AT] "SEND OK" (7)
17:17:02  [AT] "+IPD,68:T,2095,S,A5,1,60" (24)
17:17:02  [SLOT-OOW] +308ms
17:17:02  [AT] "T,2096,S,B3,1,66" (16)
17:17:02  [AT] "T,2097,S,A3,1,64" (16)
17:17:02  [AT] "T,2098,S,B2,1,69" (16)
17:17:02  [AT] "OK" (2)
17:17:03  [TX] S,760,0110000010,0000000000,938,P1,30
17:17:03  A,2095,A5,4,0F
17:17:03  A,2096,B3,4,09
17:17:03  A,2097,A3,4,0B
17:17:03  A,2098,B2,4,0609,A4,4,3B34
17:17:03  A,216,B5,0,33
17:17:03  A,217,B1,0,36
17:17:03  A,218,B1,0,39,0,09H
17:17:03  [SLOT] n=782 tx=97 ack=4 due=0 r=1
17:17:03  [AT] "AT+CIPSEND=98" (13)
17:17:03  [AT] " S,760,0110000010,0000000000,938,P1,30A,2095,A5,4,0FA,2096,B3,4,09A,2097,A3,4,0BA,2098,B2,4,06" (94)
17:17:03  [AT] "SEND OK" (7)
17:17:03  [AT] "+IPD,68:T,2099,S,B1,1,6B" (24)
17:17:03  [SLOT-OOW] +333ms
17:17:03  [AT] "T,2100,S,A1,1,69" (16)
17:17:03  [AT] "T,2101,S,A2,1,6B" (16)
17:17:03  [AT] "T,2102,S,A4,1,6E" (16)
17:17:03  [AT] "OK" (2)
17:17:04  [TX] S,761,0110000010,0000000000,939,P1,30
17:17:04  A,2099,B1,4,04
17:17:04  A,2100,A1,4,06
17:17:04  A,2101,A2,4,04
17:17:04  A,2102,A4,4,0109,A4,4,3B34
17:17:04  A,216,B5,0,33
17:17:04  A,217,B1,0,36
17:17:04  A,218,B1,0,39,0,09H
17:17:04  [SLOT] n=783 tx=97 ack=4 due=0 r=1
17:17:04  [AT] "AT+CIPSEND=98" (13)
17:17:04  [AT] " S,761,0110000010,0000000000,939,P1,30A,2099,B1,4,04A,2100,A1,4,06A,2101,A2,4,04A,2102,A4,4,01" (94)
17:17:04  [AT] "SEND OK" (7)
17:17:04  [AT] "+IPD,68:T,2103,S,A3,1,68" (24)
17:17:04  [SLOT-OOW] +455ms
17:17:04  [AT] "T,2104,S,A5,1,69" (16)
17:17:04  [AT] "T,2105,S,B2,1,6C" (16)
17:17:04  [AT] "T,2106,S,B3,1,6E" (16)
17:17:04  [AT] "OK" (2)
17:17:05  [TX] S,762,0110000010,0000000000,940,P1,3D
17:17:05  A,2103,A3,4,07
17:17:05  A,2104,A5,4,06
17:17:05  A,2105,B2,4,03
17:17:05  A,2106,B3,4,0109,A4,4,3B34
17:17:05  A,216,B5,0,33
17:17:05  A,217,B1,0,36
17:17:05  A,218,B1,0,39,0,09H
17:17:05  [SLOT] n=784 tx=97 ack=4 due=0 r=1
17:17:05  [AT] "AT+CIPSEND=98" (13)
17:17:05  [AT] " S,762,0110000010,0000000000,940,P1,3DA,2103,A3,4,07A,2104,A5,4,06A,2105,B2,4,03A,2106,B3,4,01" (94)
17:17:05  [AT] "SEND OK" (7)
17:17:05  [AT] "+IPD,68:T,2107,S,B1,1,6D" (24)
17:17:05  [SLOT-OOW] +329ms
17:17:05  [AT] "T,2108,S,A4,1,64" (16)
17:17:05  [AT] "T,2109,S,A1,1,60" (16)
17:17:05  [AT] "T,2110,S,A2,1,6B" (16)
17:17:05  [AT] "OK" (2)
17:17:06  [TX] S,763,0110000010,0000000000,942,P1,3E
17:17:06  A,2107,B1,4,02
17:17:06  A,2108,A4,4,0B
17:17:06  A,2109,A1,4,0F
17:17:06  A,2110,A2,4,0409,A4,4,3B34
17:17:06  A,216,B5,0,33
17:17:06  A,217,B1,0,36
17:17:06  A,218,B1,0,39,0,09H
17:17:06  [SLOT] n=785 tx=97 ack=4 due=0 r=1
17:17:06  [AT] "AT+CIPSEND=98" (13)
17:17:06  [AT] " S,763,0110000010,0000000000,942,P1,3EA,2107,B1,4,02A,2108,A4,4,0BA,2109,A1,4,0FA,2110,A2,4,04" (94)
17:17:06  [AT] "SEND OK" (7)
17:17:06  [AT] "+IPD,68:T,2111,S,A3,1,6B" (24)
17:17:06  [SLOT-OOW] +286ms
17:17:06  [AT] "T,2112,S,A5,1,6E" (16)
17:17:06  [AT] "T,2113,S,B2,1,6B" (16)
17:17:06  [AT] "T,2114,S,B3,1,6D" (16)
17:17:06  [AT] "OK" (2)
17:17:08  [TX] S,764,0110000010,0000000000,943,P1,38
17:17:08  A,2111,A3,4,04
17:17:08  A,2112,A5,4,01
17:17:08  A,2113,B2,4,04
17:17:08  A,2114,B3,4,0209,A4,4,3B34
17:17:08  A,216,B5,0,33
17:17:08  A,217,B1,0,36
17:17:08  A,218,B1,0,39,0,09H
17:17:08  [SLOT] n=786 tx=97 ack=4 due=0 r=1
17:17:08  [AT] "AT+CIPSEND=98" (13)
17:17:08  [AT] " S,764,0110000010,0000000000,943,P1,38A,2111,A3,4,04A,2112,A5,4,01A,2113,B2,4,04A,2114,B3,4,02" (94)
17:17:08  [AT] "SEND OK" (7)
17:17:08  [AT] "+IPD,68:T,2115,S,B1,1,6E" (24)
17:17:08  [SLOT-OOW] +336ms
17:17:08  [AT] "T,2116,S,A1,1,6E" (16)
17:17:08  [AT] "T,2117,S,A4,1,6A" (16)
17:17:08  [AT] "T,2118,S,A2,1,63" (16)
17:17:08  [AT] "OK" (2)
17:17:09  [TX] S,765,0110000010,0000000000,944,P1,3E
17:17:09  A,2115,B1,4,01
17:17:09  A,2116,A1,4,01
17:17:09  A,2117,A4,4,05
17:17:09  A,2118,A2,4,0C09,A4,4,3B34
17:17:09  A,216,B5,0,33
17:17:09  A,217,B1,0,36
17:17:09  A,218,B1,0,39,0,09H
17:17:09  [SLOT] n=787 tx=97 ack=4 due=0 r=1
17:17:09  [AT] "AT+CIPSEND=98" (13)
17:17:09  [AT] " S,765,0110000010,0000000000,944,P1,3EA,2115,B1,4,01A,2116,A1,4,01A,2117,A4,4,05A,2118,A2,4,0C" (94)
17:17:09  [AT] "SEND OK" (7)
17:17:09  [AT] "+IPD,68:T,2119,S,A3,1,63" (24)
17:17:09  [SLOT-OOW] +313ms
17:17:09  [AT] "T,2120,S,A5,1,6F" (16)
17:17:09  [AT] "T,2121,S,B2,1,6A" (16)
17:17:09  [AT] "T,2122,S,B3,1,68" (16)
17:17:09  [AT] "OK" (2)
17:17:10  [TX] S,766,0110000010,0000000000,945,P1,3C
17:17:10  A,2119,A3,4,0C
17:17:10  A,2120,A5,4,00
17:17:10  A,2121,B2,4,05
17:17:10  A,2122,B3,4,0709,A4,4,3B34
17:17:10  A,216,B5,0,33
17:17:10  A,217,B1,0,36
17:17:10  A,218,B1,0,39,0,09H
17:17:10  [SLOT] n=788 tx=97 ack=4 due=0 r=1
17:17:10  [AT] "AT+CIPSEND=98" (13)
17:17:10  [AT] " S,766,0110000010,0000000000,945,P1,3CA,2119,A3,4,0CA,2120,A5,4,00A,2121,B2,4,05A,2122,B3,4,07" (94)
17:17:10  [AT] "SEND OK" (7)
17:17:10  [AT] "+IPD,68:T,2123,S,A1,1,68" (24)
17:17:10  [SLOT-OOW] +281ms
17:17:10  [AT] "T,2124,S,B1,1,6C" (16)
17:17:10  [AT] "T,2125,S,A2,1,6D" (16)
17:17:10  [AT] "T,2126,S,A4,1,68" (16)
17:17:10  [AT] "OK" (2)
17:17:11  [TX] S,767,0110000010,0000000000,946,P1,3E
17:17:11  A,2123,A1,4,07
17:17:11  A,2124,B1,4,03
17:17:11  A,2125,A2,4,02
17:17:11  A,2126,A4,4,0709,A4,4,3B34
17:17:11  A,216,B5,0,33
17:17:11  A,217,B1,0,36
17:17:11  A,218,B1,0,39,0,09H
17:17:11  [SLOT] n=789 tx=97 ack=4 due=0 r=1
17:17:11  [AT] "AT+CIPSEND=98" (13)
17:17:11  [AT] " S,767,0110000010,0000000000,946,P1,3EA,2123,A1,4,07A,2124,B1,4,03A,2125,A2,4,02A,2126,A4,4,07" (94)
17:17:11  [AT] "SEND OK" (7)
17:17:11  [AT] "+IPD,68:T,2127,S,A5,1,68" (24)
17:17:11  [SLOT-OOW] +268ms
17:17:11  [AT] "T,2128,S,B3,1,62" (16)
17:17:11  [AT] "T,2129,S,B2,1,62" (16)
17:17:11  [AT] "T,2130,S,A3,1,68" (16)
17:17:11  [AT] "OK" (2)
17:17:12  [TX] S,768,0110000010,0000000000,948,P1,3F
17:17:12  A,2127,A5,4,07
17:17:12  A,2128,B3,4,0D
17:17:12  A,2129,B2,4,0D
17:17:12  A,2130,A3,4,0709,A4,4,3B34
17:17:12  A,216,B5,0,33
17:17:12  A,217,B1,0,36
17:17:12  A,218,B1,0,39,0,09H
17:17:12  [SLOT] n=790 tx=97 ack=4 due=0 r=1
17:17:12  [AT] "AT+CIPSEND=98" (13)
17:17:12  [AT] " S,768,0110000010,0000000000,948,P1,3FA,2127,A5,4,07A,2128,B3,4,0DA,2129,B2,4,0DA,2130,A3,4,07" (94)
17:17:12  [AT] "SEND OK" (7)
17:17:12  [AT] "+IPD,68:T,2131,S,A1,1,6B" (24)
17:17:12  [SLOT-OOW] +288ms
17:17:12  [AT] "T,2132,S,B1,1,6B" (16)
17:17:12  [AT] "T,2133,S,A4,1,6C" (16)
17:17:12  [AT] "T,2134,S,A2,1,6D" (16)
17:17:12  [AT] "OK" (2)
17:17:13  [TX] S,769,0110000010,0000000000,949,P1,3F
17:17:13  A,2131,A1,4,04
17:17:13  A,2132,B1,4,04
17:17:13  A,2133,A4,4,03
17:17:13  A,2134,A2,4,0209,A4,4,3B34
17:17:13  A,216,B5,0,33
17:17:13  A,217,B1,0,36
17:17:13  A,218,B1,0,39,0,09H
17:17:13  [SLOT] n=791 tx=97 ack=4 due=0 r=1
17:17:14  [AT] "AT+CIPSEND=98" (13)
17:17:14  [AT] " S,769,0110000010,0000000000,949,P1,3FA,2131,A1,4,04A,2132,B1,4,04A,2133,A4,4,03A,2134,A2,4,02" (94)
17:17:14  [AT] "SEND OK" (7)
17:17:15  [TX] S,770,0110000010,0000000000,950,P1,3F
17:17:15  [SLOT] n=792 tx=37 ack=0 due=0 r=1
17:17:15  [AT] "AT+CIPSEND=38" (13)
17:17:15  [AT] " S,770,0110000010,0000000000,950,P1,3F" (38)
17:17:15  [AT] "+IPD,68:T,2135,S,B3,1,6E" (24)
17:17:15  [SLOT-OOW] +131ms
17:17:15  [AT] "T,2136,S,A3,1,6E" (16)
17:17:15  [AT] "T,2137,S,B2,1,6D" (16)
17:17:15  [AT] "T,2138,S,A5,1,66" (16)
17:17:15  [AT] "OK" (2)
17:17:15  [AT] "SEND OK" (7)
17:17:15  [AT] "+IPD,68:T,2139,S,B1,1,60" (24)
17:17:15  [SLOT-OOW] +221ms
17:17:15  [AT] "T,2140,S,A4,1,68" (16)
17:17:15  [AT] "T,2141,S,A1,1,6C" (16)
17:17:15  [AT] "T,2142,S,A2,1,6C" (16)
17:17:15  [AT] "OK" (2)
17:17:16  [TX] S,771,0110000010,0000000000,951,P1,3F
17:17:16  A,2135,B3,4,01
17:17:16  A,2136,A3,4,01
17:17:16  A,2137,B2,4,02
17:17:16  A,2138,A5,4,09
17:17:16  A,2139,B1,4,0F
17:17:16  A,2140,A4,4,07
17:17:16  A,2141,A1,4,03
17:17:16  A,2142,A2,4,03H
17:17:16  [SLOT] n=793 tx=157 ack=8 due=0 r=1
17:17:16  [AT] "AT+CIPSEND=158" (14)
17:17:16  [DROP-OVF] 줄이 96바이트를 넘어 버렸다
17:17:16  [AT] "SEND OK" (7)
17:17:16  [AT] "+IPD,68:T,2135,S,B3,1,6E" (24)
17:17:16  [SLOT-OOW] +390ms
17:17:16  [DUP rid] 2135
17:17:16  [AT] "T,2136,S,A3,1,6E" (16)
17:17:16  [DUP rid] 2136
17:17:16  [AT] "T,2137,S,B2,1,6D" (16)
17:17:16  [DUP rid] 2137
17:17:16  [AT] "T,2138,S,A5,1,66" (16)
17:17:16  [DUP rid] 2138
17:17:16  [AT] "OK" (2)
17:17:17  [TX] S,772,0110000010,0000000000,952,P1,3F
17:17:17  A,2135,B3,4,01
17:17:17  A,2136,A3,4,01
17:17:17  A,2137,B2,4,02
17:17:17  A,2138,A5,4,09
17:17:17  A,2139,B1,4,0F
17:17:17  A,2140,A4,4,07
17:17:17  A,2141,A1,4,03
17:17:17  A,2142,A2,4,03H
17:17:17  [SLOT] n=794 tx=97 ack=4 due=0 r=1
17:17:17  [AT] "AT+CIPSEND=98" (13)
17:17:17  [AT] " S,772,0110000010,0000000000,952,P1,3FA,2135,B3,4,01A,2136,A3,4,01A,2137,B2,4,02A,2138,A5,4,09" (94)
17:17:17  [AT] "SEND OK" (7)
17:17:17  [AT] "+IPD,68:T,2143,S,A3,1,6C" (24)
17:17:17  [SLOT-OOW] +290ms
17:17:17  [AT] "T,2144,S,B2,1,69" (16)
17:17:17  [AT] "T,2145,S,B3,1,69" (16)
17:17:17  [AT] "T,2146,S,A5,1,6F" (16)
17:17:17  [AT] "OK" (2)
17:17:18  [TX] S,773,0110000010,0000000000,954,P1,38
17:17:18  A,2143,A3,4,03
17:17:18  A,2144,B2,4,06
17:17:18  A,2145,B3,4,06
17:17:18  A,2146,A5,4,00
17:17:18  A,2139,B1,4,0F
17:17:18  A,2140,A4,4,07
17:17:18  A,2141,A1,4,03
17:17:18  A,2142,A2,4,03H
17:17:18  [SLOT] n=795 tx=97 ack=4 due=0 r=1
17:17:18  [AT] "AT+CIPSEND=98" (13)
17:17:18  [AT] " S,773,0110000010,0000000000,954,P1,38A,2143,A3,4,03A,2144,B2,4,06A,2145,B3,4,06A,2146,A5,4,00" (94)
17:17:18  [AT] "SEND OK" (7)
17:17:18  [AT] "+IPD,68:T,2147,S,B1,1,69" (24)
17:17:18  [SLOT-OOW] +305ms
17:17:18  [AT] "T,2148,S,A4,1,60" (16)
17:17:18  [AT] "T,2149,S,A2,1,67" (16)
17:17:18  [AT] "T,2150,S,A1,1,6C" (16)
17:17:18  [AT] "OK" (2)
17:17:19  [TX] S,774,0110000010,0000000000,955,P1,3E
17:17:19  A,2147,B1,4,06
17:17:19  A,2148,A4,4,0F
17:17:19  A,2149,A2,4,08
17:17:19  A,2150,A1,4,03
17:17:19  A,2139,B1,4,0F
17:17:19  A,2140,A4,4,07
17:17:19  A,2141,A1,4,03
17:17:19  A,2142,A2,4,03H
17:17:19  [SLOT] n=796 tx=97 ack=4 due=0 r=1
17:17:19  [AT] "AT+CIPSEND=98" (13)
17:17:20  [AT] " S,774,0110000010,0000000000,955,P1,3EA,2147,B1,4,06A,2148,A4,4,0FA,2149,A2,4,08A,2150,A1,4,03" (94)
17:17:20  [AT] "SEND OK" (7)
17:17:20  [AT] "+IPD,68:T,2151,S,B2,1,6D" (24)
17:17:20  [SLOT-OOW] +292ms
17:17:20  [AT] "T,2152,S,A3,1,6C" (16)
17:17:20  [AT] "T,2153,S,B3,1,6E" (16)
17:17:20  [AT] "T,2154,S,A5,1,6C" (16)
17:17:20  [AT] "OK" (2)
17:17:21  [TX] S,775,0110000010,0000000000,956,P1,3C
17:17:21  A,2151,B2,4,02
17:17:21  A,2152,A3,4,03
17:17:21  A,2153,B3,4,01
17:17:21  A,2154,A5,4,03
17:17:21  A,2139,B1,4,0F
17:17:21  A,2140,A4,4,07
17:17:21  A,2141,A1,4,03
17:17:21  A,2142,A2,4,03H
17:17:21  [SLOT] n=797 tx=97 ack=4 due=0 r=1
17:17:21  [AT] "AT+CIPSEND=98" (13)
17:17:21  [AT] " S,775,0110000010,0000000000,956,P1,3CA,2151,B2,4,02A,2152,A3,4,03A,2153,B3,4,01A,2154,A5,4,03" (94)
17:17:21  [AT] "SEND OK" (7)
17:17:21  [AT] "+IPD,68:T,2155,S,B1,1,6A" (24)
17:17:21  [SLOT-OOW] +300ms
17:17:21  [AT] "T,2156,S,A4,1,6F" (16)
17:17:21  [AT] "T,2157,S,A2,1,68" (16)
17:17:21  [AT] "T,2158,S,A1,1,64" (16)
17:17:21  [AT] "OK" (2)
17:17:22  [TX] S,776,0110000010,0000000000,957,P1,3E
17:17:22  A,2155,B1,4,05
17:17:22  A,2156,A4,4,00
17:17:22  A,2157,A2,4,07
17:17:22  A,2158,A1,4,0B
17:17:22  A,2139,B1,4,0F
17:17:22  A,2140,A4,4,07
17:17:22  A,2141,A1,4,03
17:17:22  A,2142,A2,4,03H
17:17:22  [SLOT] n=798 tx=97 ack=4 due=0 r=1
17:17:22  [AT] "AT+CIPSEND=98" (13)
17:17:22  [AT] " S,776,0110000010,0000000000,957,P1,3EA,2155,B1,4,05A,2156,A4,4,00A,2157,A2,4,07A,2158,A1,4,0B" (94)
17:17:22  [AT] "SEND OK" (7)
17:17:22  [AT] "+IPD,51:T,2159,S,B2,1,65" (24)
17:17:22  [SLOT-OOW] +304ms
17:17:22  [AT] "T,2160,S,A3,1,6D" (16)
17:17:22  [AT] "T,2161,S,B3,1,6F" (16)
17:17:22  [AT] "OK" (2)
17:17:23  [TX] S,777,0110000010,0000000000,958,P1,30
17:17:23  A,2159,B2,4,0A
17:17:23  A,2160,A3,4,02
17:17:23  A,2161,B3,4,00
17:17:23  A,2158,A1,4,0B
17:17:23  A,2139,B1,4,0F
17:17:23  A,2140,A4,4,07
17:17:23  A,2141,A1,4,03
17:17:23  A,2142,A2,4,03H
17:17:23  [SLOT] n=799 tx=82 ack=3 due=0 r=1
17:17:23  [AT] "AT+CIPSEND=83" (13)
17:17:23  [AT] " S,777,0110000010,0000000000,958,P1,30A,2159,B2,4,0AA,2160,A3,4,02A,2161,B3,4,00" (80)
17:17:23  [AT] "SEND OK" (7)
17:17:23  [AT] "+IPD,51:T,2162,S,B1,1,6E" (24)
17:17:23  [SLOT-OOW] +258ms
17:17:23  [AT] "T,2163,S,A2,1,6F" (16)
17:17:23  [AT] "T,2164,S,A4,1,6E" (16)
17:17:23  [AT] "OK" (2)
17:17:24  [TX] S,778,0110000010,0000000000,960,P1,34
17:17:24  A,2162,B1,4,01
17:17:24  A,2163,A2,4,00
17:17:24  A,2164,A4,4,01
17:17:24  A,2158,A1,4,0B
17:17:24  A,2139,B1,4,0F
17:17:24  A,2140,A4,4,07
17:17:24  A,2141,A1,4,03
17:17:24  A,2142,A2,4,03H
17:17:24  [SLOT] n=800 tx=82 ack=3 due=0 r=1
17:17:24  [CNT] up=960 drop=1 esprst=2 resync=3 sendfail=0 okto=0 stuck=0 ackq=0 ackdrop=0 ackstale=0 slot=800 oow=503 smiss=2 ssovf=40 cksumng=40 okstream=778 penddrop=6 skip=0 online=1
17:17:24  [RAM] 최저 여유 627 B · 프롬프트 재동기 3회 (서버의 '버린줄' 과 맞아야 한다)
17:17:24  [AT] " S,778,0110000010,0000000000,960,P1,34A,2162,B1,4,01A,2163,A2,4,00A,2164,A4,4,01" (80)
17:17:24  [AT] "SEND OK" (7)
17:17:24  [AT] "+IPD,34:T,2165,S,B3,1,6B" (24)
17:17:24  [SLOT-OOW] +296ms
17:17:24  [AT] "T,2166,S,B2,1,69" (16)
17:17:24  [AT] "OK" (2)
17:17:24  [AT] "AT+CIPSEND=83" (13)
17:17:25  [TX] S,779,0110000010,0000000000,961,P1,34
17:17:25  A,2165,B3,4,04
17:17:25  A,2166,B2,4,06
17:17:25  A,2164,A4,4,01
17:17:25  A,2158,A1,4,0B
17:17:25  A,2139,B1,4,0F
17:17:25  A,2140,A4,4,07
17:17:25  A,2141,A1,4,03
17:17:25  A,2142,A2,4,03H
17:17:25  [SLOT] n=801 tx=67 ack=2 due=0 r=1
17:17:25  [AT] "AT+CIPSEND=68" (13)
17:17:25  [AT] " S,779,0110000010,0000000000,961,P1,34A,2165,B3,4,04A,2166,B2,4,06" (66)
17:17:25  [AT] "SEND OK" (7)
17:17:25  [AT] "+IPD,17:T,2167,S,A4,1,6D" (24)
17:17:25  [SLOT-OOW] +243ms
17:17:25  [AT] "OK" (2)
17:17:27  [TX] S,780,0110000010,0000000000,962,P1,31
17:17:27  A,2167,A4,4,02
17:17:27  A,2166,B2,4,06
17:17:27  A,2164,A4,4,01
17:17:27  A,2158,A1,4,0B
17:17:27  A,2139,B1,4,0F
17:17:27  A,2140,A4,4,07
17:17:27  A,2141,A1,4,03
17:17:27  A,2142,A2,4,03H
17:17:27  [SLOT] n=802 tx=52 ack=1 due=0 r=1
17:17:27  [AT] "AT+CIPSEND=53" (13)
17:17:27  [AT] " S,780,0110000010,0000000000,962,P1,31A,2167,A4,4,02" (52)
17:17:27  [AT] "SEND OK" (7)
17:17:27  [AT] "+IPD,34:T,2168,S,B2,1,67" (24)
17:17:27  [SLOT-OOW] +193ms
17:17:27  [AT] "T,2169,S,B3,1,67" (16)
17:17:27  [AT] "OK" (2)
17:17:28  [TX] S,781,0110000010,0000000000,963,P1,31
17:17:28  A,2168,B2,4,08
17:17:28  A,2169,B3,4,08
17:17:28  A,2164,A4,4,01
17:17:28  A,2158,A1,4,0B
17:17:28  A,2139,B1,4,0F
17:17:28  A,2140,A4,4,07
17:17:28  A,2141,A1,4,03
17:17:28  A,2142,A2,4,03H
17:17:28  [SLOT] n=803 tx=67 ack=2 due=0 r=1
17:17:28  [AT] " S,781,0110000010,0000000000,963,P1,31A,2168,B2,4,08A,2169,B3,4,08" (66)
17:17:28  [AT] "SEND OK" (7)
17:17:28  [AT] "+IPD,17:T,2170,S,A4,1,6B" (24)
17:17:28  [SLOT-OOW] +227ms
17:17:28  [AT] "OK" (2)
17:17:28  [AT] "AT+CIPSEND=68" (13)
17:17:29  [TX] S,782,0110000010,0000000000,964,P1,35
17:17:29  A,2170,A4,4,04
17:17:29  A,2169,B3,4,08
17:17:29  A,2164,A4,4,01
17:17:29  A,2158,A1,4,0B
17:17:29  A,2139,B1,4,0F
17:17:29  A,2140,A4,4,07
17:17:29  A,2141,A1,4,03
17:17:29  A,2142,A2,4,03H
17:17:29  [SLOT] n=804 tx=52 ack=1 due=0 r=1
17:17:29  [AT] " S,782,0110000010,0000000000,964,P1,35A,2170,A4,4,04" (52)
17:17:29  [AT] "SEND OK" (7)
17:17:29  [AT] "AT+CIPSEND=53" (13)
17:17:30  [TX] S,783,0110000010,0000000000,966,P1,36
17:17:30  [SLOT] n=805 tx=37 ack=0 due=0 r=1
17:17:30  [AT] "AT+CIPSEND=38" (13)
17:17:30  [AT] " S,783,0110000010,0000000000,966,P1,36" (38)
17:17:30  [AT] "SEND OK" (7)
17:17:30  [AT] "+IPD,17:T,2171,S,A4,1,6A" (24)
17:17:30  [SLOT-OOW] +142ms
17:17:30  [AT] "OK" (2)
17:17:31  [TX] S,784,0110000010,0000000000,967,P1,30
17:17:31  A,2171,A4,4,05
17:17:31  A,2169,B3,4,08
17:17:31  A,2164,A4,4,01
17:17:31  A,2158,A1,4,0B
17:17:31  A,2139,B1,4,0F
17:17:31  A,2140,A4,4,07
17:17:31  A,2141,A1,4,03
17:17:31  A,2142,A2,4,03H
17:17:31  [SLOT] n=806 tx=52 ack=1 due=0 r=1
17:17:31  [AT] " S,784,0110000010,0000000000,967,P1,30A,2171,A4,4,05" (52)
17:17:31  [AT] "SEND OK" (7)
17:17:31  [AT] "AT+CIPSEND=53" (13)
17:17:32  [TX] S,785,0110000010,0000000000,968,P1,3E
17:17:32  [SLOT] n=807 tx=37 ack=0 due=0 r=1
17:17:32  [AT] "AT+CIPSEND=38" (13)
17:17:33  [AT] " S,785,0110000010,0000000000,968,P1,3E" (38)
17:17:33  [AT] "SEND OK" (7)
17:17:33  [AT] "+IPD,17:T,2172,S,A4,1,69" (24)
17:17:33  [SLOT-OOW] +149ms
17:17:33  [AT] "OK" (2)
17:17:34  [TX] S,786,0110000010,0000000000,969,P1,3C
17:17:34  A,2172,A4,4,06
17:17:34  A,2169,B3,4,08
17:17:34  A,2164,A4,4,01
17:17:34  A,2158,A1,4,0B
17:17:34  A,2139,B1,4,0F
17:17:34  A,2140,A4,4,07
17:17:34  A,2141,A1,4,03
17:17:34  A,2142,A2,4,03H
17:17:34  [SLOT] n=808 tx=52 ack=1 due=0 r=1
17:17:34  [AT] " S,786,0110000010,0000000000,969,P1,3CA,2172,A4,4,06" (52)
17:17:34  [AT] "SEND OK" (7)
17:17:34  [AT] "AT+CIPSEND=53" (13)
17:17:35  [TX] S,787,0110000010,0000000000,970,P1,35
17:17:35  [SLOT] n=809 tx=37 ack=0 due=0 r=1
17:17:35  [AT] "AT+CIPSEND=38" (13)
17:17:35  [AT] " S,787,0110000010,0000000000,970,P1,35" (38)
17:17:35  [AT] "SEND OK" (7)
17:17:36  [TX] S,788,0110000010,0000000000,972,P1,38
17:17:36  [SLOT] n=810 tx=37 ack=0 due=0 r=1
17:17:36  [AT] "AT+CIPSEND=38" (13)
17:17:36  [AT] " S,788,0110000010,0000000000,972,P1,38" (38)
17:17:36  [AT] "SEND OK" (7)
17:17:37  [TX] S,789,0110000010,0000000000,973,P1,38
17:17:37  [SLOT] n=811 tx=37 ack=0 due=0 r=1
17:17:37  [AT] "AT+CIPSEND=38" (13)
17:17:37  [AT] " S,789,0110000010,0000000000,973,P1,38" (38)
17:17:37  [AT] "SEND OK" (7)
17:17:38  [TX] S,790,0110000010,0000000000,974,P1,37
17:17:38  [SLOT] n=812 tx=37 ack=0 due=0 r=1
17:17:38  [AT] "AT+CIPSEND=38" (13)
17:17:39  [AT] " S,790,0110000010,0000000000,974,P1,37" (38)
17:17:39  [AT] "SEND OK" (7)
17:17:40  [TX] S,791,0110000010,0000000000,975,P1,37
17:17:40  [SLOT] n=813 tx=37 ack=0 due=0 r=1
17:17:40  [AT] "AT+CIPSEND=38" (13)
17:17:40  [AT] " S,791,0110000010,0000000000,975,P1,37" (38)
17:17:40  [AT] "SEND OK" (7)
17:17:40  [AT] "+IPD,68:T,2173,S,A3,1,6F" (24)
17:17:40  [SLOT-OOW] +178ms
17:17:40  [AT] "T,2174,S,B2,1,6A" (16)
17:17:40  [AT] "T,2175,S,A1,1,6B" (16)
17:17:40  [AT] "T,2176,S,A4,1,6D" (16)
17:17:40  [AT] "OK" (2)
17:17:41  [TX] S,792,0110000010,0000000000,976,P1,37
17:17:41  A,2173,A3,4,00
17:17:41  A,2174,B2,4,05
17:17:41  A,2175,A1,4,04
17:17:41  A,2176,A4,4,02
17:17:41  A,2139,B1,4,0F
17:17:41  A,2140,A4,4,07
17:17:41  A,2141,A1,4,03
17:17:41  A,2142,A2,4,03H
17:17:41  [SLOT] n=814 tx=97 ack=4 due=0 r=1
17:17:41  [AT] "AT+CIPSEND=98" (13)
17:17:41  [AT] " S,792,0110000010,0000000000,976,P1,37A,2173,A3,4,00A,2174,B2,4,05A,2175,A1,4,04A,2176,A4,4,02" (94)
17:17:41  [AT] "SEND OK" (7)
17:17:41  [AT] "+IPD,68:T,2177,S,A2,1,6A" (24)
17:17:41  [SLOT-OOW] +328ms
17:17:41  [AT] "T,2178,S,B3,1,67" (16)
17:17:41  [AT] "T,2179,S,B1,1,64" (16)
17:17:41  [AT] "T,2180,S,A5,1,65" (16)
17:17:41  [AT] "OK" (2)
17:17:42  [TX] S,793,0110000010,0000000000,978,P1,38
17:17:42  A,2177,A2,4,05
17:17:42  A,2178,B3,4,08
17:17:42  A,2179,B1,4,0B
17:17:42  A,2180,A5,4,0A
17:17:42  A,2139,B1,4,0F
17:17:42  A,2140,A4,4,07
17:17:42  A,2141,A1,4,03
17:17:42  A,2142,A2,4,03H
17:17:42  [SLOT] n=815 tx=97 ack=4 due=0 r=1
17:17:42  [AT] "AT+CIPSEND=98" (13)
17:17:42  [AT] " S,793,0110000010,0000000000,978,P1,38A,2177,A2,4,05A,2178,B3,4,08A,2179,B1,4,0BA,2180,A5,4,0A" (94)
17:17:42  [AT] "SEND OK" (7)
17:17:42  [AT] "+IPD,68:T,2181,S,A4,1,65" (24)
17:17:42  [SLOT-OOW] +461ms
17:17:42  [AT] "T,2182,S,A3,1,61" (16)
17:17:42  [AT] "T,2183,S,B2,1,62" (16)
17:17:42  [AT] "T,2184,S,A1,1,65" (16)
17:17:42  [AT] "OK" (2)
17:17:43  [TX] S,794,0110000010,0000000000,979,P1,3E
17:17:43  A,2181,A4,4,0A
17:17:43  A,2182,A3,4,0E
17:17:43  A,2183,B2,4,0D
17:17:43  A,2184,A1,4,0A
17:17:43  A,2139,B1,4,0F
17:17:43  A,2140,A4,4,07
17:17:43  A,2141,A1,4,03
17:17:43  A,2142,A2,4,03H
17:17:43  [SLOT] n=816 tx=97 ack=4 due=0 r=1
17:17:43  [AT] "AT+CIPSEND=98" (13)
17:17:43  [AT] " S,794,0110000010,0000000000,979,P1,3EA,2181,A4,4,0AA,2182,A3,4,0EA,2183,B2,4,0DA,2184,A1,4,0A" (94)
17:17:43  [AT] "SEND OK" (7)
17:17:43  [AT] "+IPD,68:T,2185,S,B3,1,65" (24)
17:17:43  [SLOT-OOW] +293ms
17:17:43  [AT] "T,2186,S,A2,1,64" (16)
17:17:43  [AT] "T,2187,S,A5,1,62" (16)
17:17:43  [AT] "T,2188,S,B1,1,6A" (16)
17:17:43  [AT] "OK" (2)
17:17:45  [TX] S,795,0110000010,0000000000,980,P1,39
17:17:45  A,2185,B3,4,0A
17:17:45  A,2186,A2,4,0B
17:17:45  A,2187,A5,4,0D
17:17:45  A,2188,B1,4,05
17:17:45  A,2139,B1,4,0F
17:17:45  A,2140,A4,4,07
17:17:45  A,2141,A1,4,03
17:17:45  A,2142,A2,4,03H
17:17:45  [SLOT] n=817 tx=97 ack=4 due=0 r=1
17:17:45  [AT] "AT+CIPSEND=98" (13)
17:17:45  [AT] " S,795,0110000010,0000000000,980,P1,39A,2185,B3,4,0AA,2186,A2,4,0BA,2187,A5,4,0DA,2188,B1,4,05" (94)
17:17:45  [AT] "SEND OK" (7)
17:17:45  [AT] "+IPD,68:T,2189,S,A4,1,6D" (24)
17:17:45  [SLOT-OOW] +287ms
17:17:45  [AT] "T,2190,S,A3,1,62" (16)
17:17:45  [AT] "T,2191,S,A1,1,61" (16)
17:17:45  [AT] "T,2192,S,B2,1,62" (16)
17:17:45  [AT] "OK" (2)
17:17:46  [TX] S,796,0110000010,0000000000,981,P1,3B
17:17:46  A,2189,A4,4,02
17:17:46  A,2190,A3,4,0D
17:17:46  A,2191,A1,4,0E
17:17:46  A,2192,B2,4,0D
17:17:46  A,2139,B1,4,0F
17:17:46  A,2140,A4,4,07
17:17:46  A,2141,A1,4,03
17:17:46  A,2142,A2,4,03H
17:17:46  [SLOT] n=818 tx=97 ack=4 due=0 r=1
17:17:46  [AT] "AT+CIPSEND=98" (13)
17:17:46  [AT] " S,796,0110000010,0000000000,981,P1,3BA,2189,A4,4,02A,2190,A3,4,0DA,2191,A1,4,0EA,2192,B2,4,0D" (94)
17:17:46  [AT] "SEND OK" (7)
17:17:46  [AT] "+IPD,68:T,2193,S,A5,1,67" (24)
17:17:46  [SLOT-OOW] +324ms
17:17:46  [AT] "T,2194,S,B3,1,65" (16)
17:17:46  [AT] "T,2195,S,B1,1,66" (16)
17:17:46  [AT] "T,2196,S,A2,1,65" (16)
17:17:46  [AT] "OK" (2)
17:17:47  [TX] S,797,0110000010,0000000000,982,P1,39
17:17:47  A,2193,A5,4,08
17:17:47  A,2194,B3,4,0A
17:17:47  A,2195,B1,4,09
17:17:47  A,2196,A2,4,0A
17:17:47  A,2139,B1,4,0F
17:17:47  A,2140,A4,4,07
17:17:47  A,2141,A1,4,03
17:17:47  A,2142,A2,4,03H
17:17:47  [SLOT] n=819 tx=97 ack=4 due=0 r=1
17:17:47  [AT] "AT+CIPSEND=98" (13)
17:17:47  [AT] " S,797,0110000010,0000000000,982,P1,39A,2193,A5,4,08A,2194,B3,4,0AA,2195,B1,4,09A,2196,A2,4,0A" (94)
17:17:47  [AT] "SEND OK" (7)
17:17:47  [AT] "+IPD,68:T,2197,S,A1,1,67" (24)
17:17:47  [SLOT-OOW] +354ms
17:17:47  [AT] "T,2198,S,A4,1,6D" (16)
17:17:47  [AT] "T,2199,S,B2,1,69" (16)
17:17:47  [AT] "T,2200,S,A3,1,68" (16)
17:17:47  [AT] "OK" (2)
17:17:48  [TX] S,798,0110000010,0000000000,984,P1,30
17:17:48  A,2197,A1,4,08
17:17:48  A,2198,A4,4,02
17:17:48  A,2199,B2,4,06
17:17:48  A,2200,A3,4,07
17:17:48  A,2139,B1,4,0F
17:17:48  A,2140,A4,4,07
17:17:48  A,2141,A1,4,03
17:17:48  A,2142,A2,4,03H
17:17:48  [SLOT] n=820 tx=97 ack=4 due=0 r=1
17:17:48  [AT] "AT+CIPSEND=98" (13)
17:17:48  [AT] " S,798,0110000010,0000000000,984,P1,30A,2197,A1,4,08A,2198,A4,4,02A,2199,B2,4,06A,2200,A3,4,07" (94)
17:17:48  [AT] "SEND OK" (7)
17:17:48  [AT] "+IPD,68:T,2201,S,B1,1,68" (24)
17:17:48  [SLOT-OOW] +300ms
17:17:48  [AT] "T,2202,S,B3,1,69" (16)
17:17:48  [AT] "T,2203,S,A5,1,6D" (16)
17:17:48  [AT] "T,2204,S,A2,1,6D" (16)
17:17:48  [AT] "OK" (2)
17:17:49  [TX] S,799,0110000010,0000000000,985,P1,30
17:17:49  A,2201,B1,4,07
17:17:49  A,2202,B3,4,06
17:17:49  A,2203,A5,4,02
17:17:49  A,2204,A2,4,02
17:17:49  A,2139,B1,4,0F
17:17:49  A,2140,A4,4,07
17:17:49  A,2141,A1,4,03
17:17:49  A,2142,A2,4,03H
17:17:49  [SLOT] n=821 tx=97 ack=4 due=0 r=1
17:17:49  [AT] "AT+CIPSEND=98" (13)
17:17:49  [AT] " S,799,0110000010,0000000000,985,P1,30A,2201,B1,4,07A,2202,B3,4,06A,2203,A5,4,02A,2204,A2,4,02" (94)
17:17:49  [AT] "SEND OK" (7)
17:17:49  [AT] "+IPD,68:T,2205,S,A3,1,6D" (24)
17:17:49  [SLOT-OOW] +315ms
17:17:49  [AT] "T,2206,S,A1,1,6C" (16)
17:17:49  [AT] "T,2207,S,A4,1,68" (16)
17:17:49  [AT] "T,2208,S,B2,1,62" (16)
17:17:49  [AT] "OK" (2)
17:17:52  [TX] S,800,0110000010,0000000000,986,P1,3C
17:17:52  A,2205,A3,4,02
17:17:52  A,2206,A1,4,03
17:17:52  A,2207,A4,4,07
17:17:52  A,2208,B2,4,0D
17:17:52  A,2139,B1,4,0F
17:17:52  A,2140,A4,4,07
17:17:52  A,2141,A1,4,03
17:17:52  A,2142,A2,4,03H
17:17:52  [SLOT] n=822 tx=97 ack=4 due=0 r=1
17:17:52  [AT] " S,800,0110000010,0000000000,986,P1,3CA,2205,A3,4,02A,2206,A1,4,03A,2207,A4,4,07A,2208,B2,4,0D" (94)
17:17:52  [AT] "SEND OK" (7)
17:17:52  [AT] "+IPD,68:T,2209,S,B3,1,62" (24)
17:17:52  [SLOT-OOW] +319ms
17:17:52  [AT] "T,2210,S,B1,1,68" (16)
17:17:52  [AT] "T,2211,S,A9" (11)
17:17:52  [CKSUM NG] T,2211,S,A9
17:17:52  [AT] "T,2212,S,A5,1,6D" (16)
17:17:52  [AT] "OK" (2)
17:17:52  [AT] "AT+CIPSEND=98" (13)
17:17:53  [TX] S,801,0110000010,0000000000,987,P1,3C
17:17:53  A,2209,B3,4,0D
17:17:53  A,2210,B1,4,07
17:17:53  A,2212,A5,4,02
17:17:53  A,2208,B2,4,0D
17:17:53  A,2139,B1,4,0F
17:17:53  A,2140,A4,4,07
17:17:53  A,2141,A1,4,03
17:17:53  A,2142,A2,4,03H
17:17:53  [SLOT] n=823 tx=82 ack=3 due=0 r=1
17:17:53  [AT] "AT+CIPSEND=83" (13)
17:17:53  [AT] " S,801,0110000010,0000000000,987,P1,3CA,2209,B3,4,0DA,2210,B1,4,07A,2212,A5,4,02" (80)
17:17:53  [AT] "SEND OK" (7)
17:17:53  [AT] "+IPD,68:T,2213,S,A1,1,68" (24)
17:17:53  [SLOT-OOW] +345ms
17:17:53  [AT] "T,2214,S,A3,1,6D" (16)
17:17:53  [AT] "T,2215,S,B2,1,6E" (16)
17:17:53  [AT] "T,2216,S,A4,1,68" (16)
17:17:53  [AT] "OK" (2)
17:17:54  [TX] S,802,0110000010,0000000000,988,P1,30
17:17:54  A,2213,A1,4,07
17:17:54  A,2214,A3,4,02
17:17:54  A,2215,B2,4,01
17:17:54  A,2216,A4,4,07
17:17:54  A,2139,B1,4,0F
17:17:54  A,2140,A4,4,07
17:17:54  A,2141,A1,4,03
17:17:54  A,2142,A2,4,03H
17:17:54  [SLOT] n=824 tx=97 ack=4 due=0 r=1
17:17:54  [AT] "AT+CIPSEND=98" (13)
17:17:54  [AT] " S,802,0110000010,0000000000,988,P1,30A,2213,A1,4,07A,2214,A3,4,02A,2215,B2,4,01A,2216,A4,4,07" (94)
17:17:54  [AT] "SEND OK" (7)
17:17:54  [AT] "+IPD,51:T,2217,S,B1,1,6F" (24)
17:17:54  [SLOT-OOW] +478ms
17:17:54  [AT] "T,2218,S,B3,1,62" (16)
17:17:54  [AT] "T,2219,S,A5,1,66" (16)
17:17:54  [AT] "OK" (2)
17:17:55  [TX] S,803,0110000010,0000000000,990,P1,38
17:17:55  A,2217,B1,4,00
17:17:55  A,2218,B3,4,0D
17:17:55  A,2219,A5,4,09
17:17:55  A,2216,A4,4,07
17:17:55  A,2139,B1,4,0F
17:17:55  A,2140,A4,4,07
17:17:55  A,2141,A1,4,03
17:17:55  A,2142,A2,4,03H
17:17:55  [SLOT] n=825 tx=82 ack=3 due=0 r=1
17:17:55  [AT] "AT+CIPSEND=83" (13)
17:17:55  [AT] " S,803,0110000010,0000000000,990,P1,38A,2217,B1,4,00A,2218,B3,4,0DA,2219,A5,4,09" (80)
17:17:55  [AT] "SEND OK" (7)
17:17:55  [AT] "+IPD,68:T,2211,S,A2,1,69" (24)
17:17:55  [SLOT-OOW] +263ms
17:17:55  [AT] "T,2220,S,A3,1,6A" (16)
17:17:55  [AT] "T,2221,S,B2,1,69" (16)
17:17:55  [AT] "T,2222,S,A1,1,6A" (16)
17:17:55  [AT] "OK" (2)
17:17:56  [TX] S,804,0110000010,0000000000,991,P1,3E
17:17:56  A,2211,A2,4,06
17:17:56  A,2220,A3,4,05
17:17:56  A,2221,B2,4,06
17:17:56  A,2222,A1,4,05
17:17:56  A,2139,B1,4,0F
17:17:56  A,2140,A4,4,07
17:17:56  A,2141,A1,4,03
17:17:56  A,2142,A2,4,03H
17:17:56  [SLOT] n=826 tx=97 ack=4 due=0 r=1
17:17:56  [AT] "AT+CIPSEND=98" (13)
17:17:56  [AT] " S,804,0110000010,0000000000,991,P1,3EA,2211,A2,4,06A,2220,A3,4,05A,2221,B2,4,06A,2222,A1,4,05" (94)
17:17:56  [AT] "SEND OK" (7)
17:17:56  [AT] "+IPD,68:T,2223,S,A4,1,6E" (24)
17:17:56  [SLOT-OOW] +293ms
17:17:56  [AT] "T,2224,S,B3,1,6D" (16)
17:17:56  [AT] "T,2225,S,B1,1,6E" (16)
17:17:56  [AT] "T,2226,S,A5,1,6A" (16)
17:17:56  [AT] "OK" (2)
17:17:57  [TX] S,805,0110000010,0000000000,992,P1,3C
17:17:57  A,2223,A4,4,01
17:17:57  A,2224,B3,4,02
17:17:57  A,2225,B1,4,01
17:17:57  A,2226,A5,4,05
17:17:58  A,2139,B1,4,0F
17:17:58  A,2140,A4,4,07
17:17:58  A,2141,A1,4,03
17:17:58  A,2142,A2,4,03H
17:17:58  [SLOT] n=827 tx=97 ack=4 due=0 r=1
17:17:58  [AT] "AT+CIPSEND=98" (13)
17:17:58  [AT] " S,805,0110000010,0000000000,992,P1,3CA,2223,A4,4,01A,2224,B3,4,02A,2225,B1,4,01A,2226,A5,4,05" (94)
17:17:58  [AT] "SEND OK" (7)
17:17:58  [AT] "+IPD,68:T,2227,S,A1,1,6F" (24)
17:17:58  [SLOT-OOW] +326ms
17:17:58  [AT] "T,2228,S,B2,1,60" (16)
17:17:58  [AT] "T,2229,S,A230,S,A3,1,6B" (23)
17:17:58  [CKSUM NG] T,2229,S,A230,S,A3,1,6B
17:17:58  [AT] "OK" (2)
17:17:59  [TX] S,806,0110000010,0000000000,993,P1,3E
17:17:59  A,2227,A1,4,00
17:17:59  A,2228,B2,4,0F
17:17:59  A,2225,B1,4,01
17:17:59  A,2226,A5,4,05
17:17:59  A,2139,B1,4,0F
17:17:59  A,2140,A4,4,07
17:17:59  A,2141,A1,4,03
17:17:59  A,2142,A2,4,03H
17:17:59  [SLOT] n=828 tx=67 ack=2 due=0 r=1
17:17:59  [AT] "AT+CIPSEND=68" (13)
17:17:59  [AT] " S,806,0110000010,0000000000,993,P1,3EA,2227,A1,4,00A,2228,B2,4,0F" (66)
17:17:59  [AT] "SEND OK" (7)
17:17:59  [AT] "+IPD,68:T,2231,S,A4,1,6D" (24)
17:17:59  [SLOT-OOW] +219ms
17:17:59  [AT] "T,2232,S,B3,1,6A" (16)
17:17:59  [AT] "T,2233,S,B1,1,69" (16)
17:17:59  [AT] "T,2234,S,A5,1,69" (16)
17:17:59  [AT] "OK" (2)
17:18:00  [TX] S,807,0110000010,0000000000,994,P1,38
17:18:00  A,2231,A4,4,02
17:18:00  A,2232,B3,4,05
17:18:00  A,2233,B1,4,06
17:18:00  A,2234,A5,4,06
17:18:00  A,2139,B1,4,0F
17:18:00  A,2140,A4,4,07
17:18:00  A,2141,A1,4,03
17:18:00  A,2142,A2,4,03H
17:18:00  [SLOT] n=829 tx=97 ack=4 due=0 r=1
17:18:00  [AT] "AT+CIPSEND=98" (13)
17:18:00  [AT] " S,807,0110000010,0000000000,994,P1,38A,2231,A4,4,02A,2232,B3,4,05A,2233,B1,4,06A,2234,A5,4,06" (94)
17:18:00  [AT] "SEND OK" (7)
17:18:00  [AT] "+IPD,34:T,2235,S,A1,1,6C" (24)
17:18:00  [SLOT-OOW] +303ms
17:18:00  [AT] "T,2236,S,B2,1,6F" (16)
17:18:00  [AT] "OK" (2)
17:18:01  [TX] S,808,0110000010,0000000000,996,P1,35
17:18:01  A,2235,A1,4,03
17:18:01  A,2236,B2,4,00
17:18:01  A,2233,B1,4,06
17:18:01  A,2234,A5,4,06
17:18:01  A,2139,B1,4,0F
17:18:01  A,2140,A4,4,07
17:18:01  A,2141,A1,4,03
17:18:01  A,2142,A2,4,03H
17:18:01  [SLOT] n=830 tx=67 ack=2 due=0 r=1
17:18:01  [AT] "AT+CIPSEND=68" (13)
17:18:01  [AT] " S,808,0110000010,0000000000,996,P1,35A,2235,A1,4,03A,2236,B2,4,00" (66)
17:18:01  [AT] "SEND OK" (7)
17:18:01  [AT] "+IPD,68:T,2229,S,A2,1,62" (24)
17:18:01  [SLOT-OOW] +273ms
17:18:01  [AT] "T,2230,S,A3,1,6B" (16)
17:18:01  [AT] "T,2237,S,A5,1,6A" (16)
17:18:01  [AT] "T,2238,S,A4,1,64" (16)
17:18:01  [AT] "OK" (2)
17:18:02  [TX] S,809,0110000010,0000000000,997,P1,35
17:18:02  A,2229,A2,4,0D
17:18:02  A,2230,A3,4,04
17:18:02  A,2237,A5,4,05
17:18:02  A,2238,A4,4,0B
17:18:02  A,2139,B1,4,0F
17:18:02  A,2140,A4,4,07
17:18:02  A,2141,A1,4,03
17:18:02  A,2142,A2,4,03H
17:18:02  [SLOT] n=831 tx=97 ack=4 due=0 r=1
17:18:02  [AT] "AT+CIPSEND=98" (13)
17:18:02  [AT] " S,809,0110000010,0000000000,997,P1,35A,2229,A2,4,0DA,2230,A3,4,04A,2237,A5,4,05A,2238,A4,4,0B" (94)
17:18:02  [AT] "SEND OK" (7)
17:18:02  [AT] "+IPD,68:T,2239,S,B1,1,63" (24)
17:18:02  [SLOT-OOW] +296ms
17:18:02  [AT] "T,2240,S,B3,1,6F" (16)
17:18:02  [AT] "T,2241,S,A1,1,6F" (16)
17:18:02  [AT] "T,2242,S,B2,1,6C" (16)
17:18:02  [AT] "OK" (2)
17:18:03  [TX] S,810,0110000010,0000000000,998,P1,32
17:18:03  A,2239,B1,4,0C
17:18:03  A,2240,B3,4,00
17:18:03  A,2241,A1,4,00
17:18:03  A,2242,B2,4,03
17:18:03  A,2139,B1,4,0F
17:18:03  A,2140,A4,4,07
17:18:03  A,2141,A1,4,03
17:18:03  A,2142,A2,4,03H
17:18:03  [SLOT] n=832 tx=97 ack=4 due=0 r=1
17:18:03  [AT] "AT+CIPSEND=98" (13)
17:18:04  [AT] " S,810,0110000010,0000000000,998,P1,32A,2239,B1,4,0CA,2240,B3,4,00A,2241,A1,4,00A,2242,B2,4,03" (94)
17:18:04  [AT] "SEND OK" (7)
17:18:04  [AT] "+IPD,68:T,2243,S,A3,1,6F" (24)
17:18:04  [SLOT-OOW] +293ms
17:18:04  [AT] "T,2244,S,A2,1,69" (16)
17:18:04  [AT] "T,2245,S,A4,1,6E" (16)
17:18:04  [AT] "T,2246,S,A5,1,6C" (16)
17:18:04  [AT] "OK" (2)
17:18:05  [TX] S,811,0110000010,0000000000,999,P1,32
17:18:05  A,2243,A3,4,00
17:18:05  A,2244,A2,4,06
17:18:05  A,2245,A4,4,01
17:18:05  A,2246,A5,4,03
17:18:05  A,2139,B1,4,0F
17:18:05  A,2140,A4,4,07
17:18:05  A,2141,A1,4,03
17:18:05  A,2142,A2,4,03H
17:18:05  [SLOT] n=833 tx=97 ack=4 due=0 r=1
17:18:05  [AT] "AT+CIPSEND=98" (13)
17:18:05  [AT] " S,811,0110000010,0000000000,999,P1,32A,2243,A3,4,00A,2244,A2,4,06A,2245,A4,4,01A,2246,A5,4,03" (94)
17:18:05  [AT] "SEND OK" (7)
17:18:05  [AT] "+IPD,68:T,2247,S,B3,1,68" (24)
17:18:05  [SLOT-OOW] +268ms
17:18:05  [AT] "T,2248,S,B1,1,65" (16)
17:18:05  [AT] "T,2249,S,B2,1,67" (16)
17:18:05  [AT] "T,2250,S,A1,1,6F" (16)
17:18:05  [AT] "OK" (2)
17:18:06  [TX] S,812,0110000010,0000000000,1000,P1,09
17:18:06  A,2247,B3,4,07
17:18:06  A,2248,B1,4,0A
17:18:06  A,2249,B2,4,08
17:18:06  A,2250,A1,4,00A,2139,B1,4,0F
17:18:06  A,2140,A4,4,07
17:18:06  A,2141,A1,4,03
17:18:06  A,2142,A2,4,03H
17:18:06  [SLOT] n=834 tx=98 ack=4 due=0 r=1
17:18:06  [AT] "AT+CIPSEND=99" (13)
17:18:06  [AT] " S,812,0110000010,0000000000,1000,P1,09A,2247,B3,4,07A,2248,B1,4,0AA,2249,B2,4,08A,2250,A1,4,00" (95)
17:18:06  [AT] "SEND OK" (7)
17:18:06  [AT] "+IPD,68:T,2251,S,A3,1,6C" (24)
17:18:06  [SLOT-OOW] +325ms
17:18:06  [AT] "T,2252,S,A4,1,68" (16)
17:18:06  [AT] "T,2253,S,A2,1,6F" (16)
17:18:06  [AT] "T,2254,S,A5,1,6F" (16)
17:18:06  [AT] "OK" (2)
17:18:07  [TX] S,813,0110000010,0000000000,1002,P1,0A
17:18:07  A,2251,A3,4,03
17:18:07  A,2252,A4,4,07
17:18:07  A,2253,A2,4,00
17:18:07  A,2254,A5,4,00A,2139,B1,4,0F
17:18:07  A,2140,A4,4,07
17:18:07  A,2141,A1,4,03
17:18:07  A,2142,A2,4,03H
17:18:07  [SLOT] n=835 tx=98 ack=4 due=0 r=1
17:18:07  [AT] "AT+CIPSEND=99" (13)
17:18:07  [AT] " S,813,0110000010,0000000000,1002,P1,0AA,2251,A3,4,03A,2252,A4,4,07A,2253,A2,4,00A,2254,A5,4,00" (95)
17:18:07  [AT] "SEND OK" (7)
17:18:07  [AT] "+IPD,68:T,2255,S,B3,1,6B" (24)
17:18:07  [SLOT-OOW] +348ms
17:18:07  [AT] "T,2256,S,B1,1,6A" (16)
17:18:07  [AT] "T,2257,S,B2,1,68" (16)
17:18:07  [AT] "T,2258,S,A1,1,67" (16)
17:18:07  [AT] "OK" (2)
17:18:08  [TX] S,814,0110000010,0000000000,1003,P1,0C
17:18:08  A,2255,B3,4,04
17:18:08  A,2256,B1,4,05
17:18:08  A,2257,B2,4,07
17:18:08  A,2258,A1,4,08A,2139,B1,4,0F
17:18:08  A,2140,A4,4,07
17:18:08  A,2141,A1,4,03
17:18:08  A,2142,A2,4,03H
17:18:08  [SLOT] n=836 tx=98 ack=4 due=0 r=1
17:18:08  [AT] "AT+CIPSEND=99" (13)
17:18:09  [AT] " S,814,0110000010,0000000000,1003,P1,0CA,2255,B3,4,04A,2256,B1,4,05A,2257,B2,4,07A,2258,A1,4,08" (95)
17:18:09  [AT] "SEND OK" (7)
17:18:09  [AT] "+IPD,68:T,2259,S,A3,1,64" (24)
17:18:09  [SLOT-OOW] +482ms
17:18:09  [AT] "T,2260,S,A2,1,6F" (16)
17:18:09  [AT] "T,2261,S,A5,1,69" (16)
17:18:09  [AT] "T,2262,S,A4,1,6B" (16)
17:18:09  [AT] "OK" (2)
17:18:09  [TX] S,815,0110000010,0000000000,1004,P1,0A
17:18:09  A,2259,A3,4,0B
17:18:09  A,2260,A2,4,00
17:18:09  A,2261,A5,4,06
17:18:09  A,2262,A4,4,04A,2139,B1,4,0F
17:18:09  A,2140,A4,4,07
17:18:09  A,2141,A1,4,03
17:18:09  A,2142,A2,4,03H
17:18:09  [SLOT] n=837 tx=98 ack=4 due=0 r=1
17:18:09  [AT] "AT+CIPSEND=99" (13)
17:18:10  [AT] " S,815,0110000010,0000000000,1004,P1,0AA,2259,A3,4,0BA,2260,A2,4,00A,2261,A5,4,06A,2262,A4,4,04" (95)
17:18:10  [AT] "SEND OK" (7)
17:18:10  [AT] "+IPD,68:T,2263,S,B3,1,6E" (24)
17:18:10  [SLOT-OOW] +312ms
17:18:10  [AT] "T,2264,S,B1,1,6B" (16)
17:18:10  [AT] "T,2265,S,A1,1,69" (16)
17:18:10  [AT] "T,2266,S,B2,1,6A" (16)
17:18:10  [AT] "OK" (2)
17:18:11  [TX] S,816,0110000010,0000000000,1005,P1,08
17:18:11  A,2263,B3,4,01
17:18:11  A,2264,B1,4,04
17:18:11  A,2265,A1,4,06
17:18:11  A,2266,B2,4,05A,2139,B1,4,0F
17:18:11  A,2140,A4,4,07
17:18:11  A,2141,A1,4,03
17:18:11  A,2142,A2,4,03H
17:18:11  [SLOT] n=838 tx=98 ack=4 due=0 r=1
17:18:11  [AT] "AT+CIPSEND=99" (13)
17:18:11  [AT] " S,816,0110000010,0000000000,1005,P1,08A,2263,B3,4,01A,2264,B1,4,04A,2265,A1,4,06A,2266,B2,4,05" (95)
17:18:11  [AT] "SEND OK" (7)
17:18:11  [AT] "+IPD,68:T,2267,S,A4,1,6E" (24)
17:18:11  [SLOT-OOW] +317ms
17:18:11  [AT] "T,2268,S,A2,1,67" (16)
17:18:11  [AT] "T,2269,S,A5,1,61" (16)
17:18:11  [AT] "T,2270,S,A3,1,6F" (16)
17:18:11  [AT] "OK" (2)
17:18:12  [TX] S,817,0110000010,0000000000,1006,P1,0A
17:18:12  A,2267,A4,4,01
17:18:12  A,2268,A2,4,08
17:18:12  A,2269,A5,4,0E
17:18:12  A,2270,A3,4,00A,2139,B1,4,0F
17:18:12  A,2140,A4,4,07
17:18:12  A,2141,A1,4,03
17:18:12  A,2142,A2,4,03H
17:18:12  [SLOT] n=839 tx=98 ack=4 due=0 r=1
17:18:12  [AT] "AT+CIPSEND=99" (13)
17:18:12  [AT] " S,817,0110000010,0000000000,1006,P1,0AA,2267,A4,4,01A,2268,A2,4,08A,2269,A5,4,0EA,2270,A3,4,00" (95)
17:18:12  [AT] "SEND OK" (7)
17:18:12  [AT] "+IPD,68:T,2271,S,A1,1,6C" (24)
17:18:12  [SLOT-OOW] +298ms
17:18:12  [AT] "T,2272,S,B3,1,6E" (16)
17:18:12  [AT] "T,2273,S,B2,1,6E" (16)
17:18:12  [AT] "T,2274,S,B1,1,6A" (16)
17:18:12  [AT] "OK" (2)
17:18:13  [TX] S,818,0110000010,0000000000,1008,P1,0B
17:18:13  A,2271,A1,4,03
17:18:13  A,2272,B3,4,01
17:18:13  A,2273,B2,4,01
17:18:13  A,2274,B1,4,05A,2139,B1,4,0F
17:18:13  A,2140,A4,4,07
17:18:13  A,2141,A1,4,03
17:18:13  A,2142,A2,4,03H
17:18:13  [SLOT] n=840 tx=98 ack=4 due=0 r=1
17:18:13  [AT] "AT+CIPSEND=99" (13)
17:18:13  [AT] " S,818,0110000010,0000000000,1008,P1,0BA,2271,A1,4,03A,2272,B3,4,01A,2273,B2,4,01A,2274,B1,4,05" (95)
17:18:13  [AT] "SEND OK" (7)
17:18:13  [AT] "+IPD,68:T,2275,S,A4,1,6D" (24)
17:18:13  [SLOT-OOW] +577ms
17:18:13  [AT] "T,2276,S,A2,1,68" (16)
17:18:13  [AT] "T,2277,S,A3,1,68" (16)
17:18:13  [AT] "T,2278,S,A5,1,61" (16)
17:18:13  [AT] "OK" (2)
17:18:14  [TX] S,819,0110000010,0000000000,1009,P1,0B
17:18:14  A,2275,A4,4,02
17:18:14  A,2276,A2,4,07
17:18:14  A,2277,A3,4,07
17:18:14  A,2278,A5,4,0EA,2139,B1,4,0F
17:18:14  A,2140,A4,4,07
17:18:14  A,2141,A1,4,03
17:18:14  A,2142,A2,4,03H
17:18:14  [SLOT] n=841 tx=98 ack=4 due=0 r=1
17:18:14  [AT] "AT+CIPSEND=99" (13)
17:18:14  [AT] " S,819,0110000010,0000000000,1009,P1,0BA,2275,A4,4,02A,2276,A2,4,07A,2277,A3,4,07A,2278,A5,4,0E" (95)
17:18:14  [AT] "SEND OK" (7)
17:18:14  [AT] "+IPD,68:T,2279,S,A1,1,64" (24)
17:18:14  [SLOT-OOW] +300ms
17:18:14  [AT] "T,2280,S,B3,1,63" (16)
17:18:14  [AT] "T,2281,S,B2,1,63" (16)
17:18:14  [AT] "T,2282,S,B1,1,63" (16)
17:18:14  [AT] "OK" (2)
17:18:15  [TX] S,820,0110000010,0000000000,1010,P1,09
17:18:15  A,2279,A1,4,0B
17:18:15  A,2280,B3,4,0C
17:18:15  A,2281,B2,4,0C
17:18:15  A,2282,B1,4,0CA,2139,B1,4,0F
17:18:15  A,2140,A4,4,07
17:18:15  A,2141,A1,4,03
17:18:15  A,2142,A2,4,03H
17:18:15  [SLOT] n=842 tx=98 ack=4 due=0 r=1
17:18:15  [AT] "AT+CIPSEND=99" (13)
17:18:16  [AT] " S,820,0110000010,0000000000,1010,P1,09A,2279,A1,4,0BA,2280,B3,4,0CA,2281,B2,4,0CA,2282,B1,4,0C" (95)
17:18:16  [AT] "SEND OK" (7)
17:18:16  [AT] "+IPD,68:T,2283,S,A2,1,62" (24)
17:18:16  [SLOT-OOW] +294ms
17:18:16  [AT] "T,2284,S,A3,1,64" (16)
17:18:16  [AT] "T,2285,S,A4,1,62" (16)
17:18:16  [AT] "T,2286,S,A5,1,60" (16)
17:18:16  [AT] "OK" (2)
17:18:17  [TX] S,821,0110000010,0000000000,1011,P1,09
17:18:17  A,2283,A2,4,0D
17:18:17  A,2284,A3,4,0B
17:18:17  A,2285,A4,4,0D
17:18:17  A,2286,A5,4,0FA,2139,B1,4,0F
17:18:17  A,2140,A4,4,07
17:18:17  A,2141,A1,4,03
17:18:17  A,2142,A2,4,03H
17:18:17  [SLOT] n=843 tx=98 ack=4 due=0 r=1
17:18:17  [AT] " S,821,0110000010,0000000000,1011,P1,09A,2283,A2,4,0DA,2284,A3,4,0BA,2285,A4,4,0DA,2286,A5,4,0F" (95)
17:18:17  [AT] "SEND OK" (7)
17:18:17  [AT] "+IPD,68:T,2287,S,B3,1,64" (24)
17:18:17  [SLOT-OOW] +316ms
17:18:17  [AT] "T,2288,S,B2,1,6A" (16)
17:18:17  [AT] "T,2289,S,B,1,68" (15)
17:18:17  [CKSUM NG] T,2289,S,B,1,68
17:18:17  [AT] "T,2290,S,A1,1,63" (16)
17:18:17  [AT] "OK" (2)
17:18:17  [AT] "AT+CIPSEND=99" (13)
17:18:18  [TX] S,822,0110000010,0000000000,1012,P1,09
17:18:18  A,2287,B3,4,0B
17:18:18  A,2288,B2,4,05
17:18:18  A,2290,A1,4,0C
17:18:18  A,2286,A5,4,0FA,2139,B1,4,0F
17:18:18  A,2140,A4,4,07
17:18:18  A,2141,A1,4,03
17:18:18  A,2142,A2,4,03H
17:18:18  [SLOT] n=844 tx=83 ack=3 due=0 r=1
17:18:18  [AT] "AT+CIPSEND=84" (13)
17:18:18  [AT] " S,822,0110000010,0000000000,1012,P1,09A,2287,B3,4,0BA,2288,B2,4,05A,2290,A1,4,0C" (81)
17:18:18  [AT] "SEND OK" (7)
17:18:18  [AT] "+IPD,68:T,2291,S,A3,1,60" (24)
17:18:18  [SLOT-OOW] +266ms
17:18:18  [AT] "T,2292,S,A5,1,65" (16)
17:18:18  [AT] "T,2293,S,A2,1,63" (16)
17:18:18  [AT] "T,2294,S,A4,1,62" (16)
17:18:18  [AT] "OK" (2)
17:18:19  [TX] S,823,0110000010,0000000000,1014,P1,0E
17:18:19  A,2291,A3,4,0F
17:18:19  A,2292,A5,4,0A
17:18:19  A,2293,A2,4,0C
17:18:19  A,2294,A4,4,0DA,2139,B1,4,0F
17:18:19  A,2140,A4,4,07
17:18:19  A,2141,A1,4,03
17:18:19  A,2142,A2,4,03H
17:18:19  [SLOT] n=845 tx=98 ack=4 due=0 r=1
17:18:19  [AT] "AT+CIPSEND=99" (13)
17:18:19  [AT] " S,823,0110000010,0000000000,1014,P1,0EA,2291,A3,4,0FA,2292,A5,4,0AA,2293,A2,4,0CA,2294,A4,4,0D" (95)
17:18:19  [AT] "SEND OK" (7)
17:18:19  [AT] "+IPD,68:T,2295,S,B2,1,66" (24)
17:18:19  [SLOT-OOW] +402ms
17:18:19  [AT] "T,2296,S,B3,1,64" (16)
17:18:19  [AT] "T,2297,S,A1,1,64" (16)
17:18:19  [AT] "T,2289,S,B1,1,68" (16)
17:18:19  [AT] "OK" (2)
17:18:20  [TX] S,824,0110000010,0000000000,1015,P1,08
17:18:20  A,2295,B2,4,09
17:18:20  A,2296,B3,4,0B
17:18:20  A,2297,A1,4,0B
17:18:20  A,2289,B1,4,07A,2139,B1,4,0F
17:18:20  A,2140,A4,4,07
17:18:20  A,2141,A1,4,03
17:18:20  A,2142,A2,4,03H
17:18:20  [SLOT] n=846 tx=98 ack=4 due=0 r=1
17:18:20  [AT] "AT+CIPSEND=99" (13)
17:18:20  [AT] " S,824,0110000010,0000000000,1015,P1,08A,2295,B2,4,09A,2296,B3,4,0BA,2297,A1,4,0BA,2289,B1,4,07" (95)
17:18:20  [AT] "SEND OK" (7)
17:18:20  [AT] "+IPD,68:T,2298,S,A3,1,69" (24)
17:18:20  [SLOT-OOW] +326ms
17:18:20  [AT] "T,2299,S,A2,1,69" (16)
17:18:20  [AT] "T,2300,S,A5,1,6F" (16)
17:18:20  [AT] "T,2301,S,A4,1,6F" (16)
17:18:20  [AT] "OK" (2)
17:18:21  [TX] S,825,0110000010,0000000000,1016,P1,0A
17:18:21  A,2298,A3,4,06
17:18:21  A,2299,A2,4,06
17:18:21  A,2300,A5,4,00
17:18:21  A,2301,A4,4,00A,2139,B1,4,0F
17:18:21  A,2140,A4,4,07
17:18:21  A,2141,A1,4,03
17:18:21  A,2142,A2,4,03H
17:18:21  [SLOT] n=847 tx=98 ack=4 due=0 r=1
17:18:21  [AT] "AT+CIPSEND=99" (13)
17:18:21  [AT] " S,825,0110000010,0000000000,1016,P1,0AA,2298,A3,4,06A,2299,A2,4,06A,2300,A5,4,00A,2301,A4,4,00" (95)
17:18:22  [AT] "SEND OK" (7)
17:18:22  [AT] "+IPD,68:T,2302,S,B3,1,68" (24)
17:18:22  [SLOT-OOW] +325ms
17:18:22  [AT] "T,2303,S,B2,1,68" (16)
17:18:22  [AT] "T,2304,S,B1,1,6C" (16)
17:18:22  [AT] "T,2305,S,A1,1,6E" (16)
17:18:22  [AT] "OK" (2)
17:18:23  [TX] S,826,0110000010,0000000000,1017,P1,08
17:18:23  A,2302,B3,4,07
17:18:23  A,2303,B2,4,07
17:18:23  A,2304,B1,4,03
17:18:23  A,2305,A1,4,01A,2139,B1,4,0F
17:18:23  A,2140,A4,4,07
17:18:23  A,2141,A1,4,03
17:18:23  A,2142,A2,4,03H
17:18:23  [SLOT] n=848 tx=98 ack=4 due=0 r=1
17:18:23  [AT] " S,826,0110000010,0000000000,1017,P1,08A,2302,B3,4,07A,2303,B2,4,07A,2304,B1,4,03A,2305,A1,4,01" (95)
17:18:23  [AT] "SEND OK" (7)
17:18:23  [AT] "+IPD,68:T,2306,S,A2,1,6E" (24)
17:18:23  [SLOT-OOW] +318ms
17:18:23  [AT] "T,2307,S,A5,1,68" (16)
17:18:23  [AT] "T,2308,S,A61" (12)
17:18:23  [CKSUM NG] T,2308,S,A61
17:18:23  [AT] "T,2309,S,A4,1,67" (16)
17:18:23  [AT] "OK" (2)
17:18:23  [AT] "AT+CIPSEND=99" (13)
17:18:24  [TX] S,827,0110000010,0000000000,1018,P1,06
17:18:24  A,2306,A2,4,01
17:18:24  A,2307,A5,4,07
17:18:24  A,2309,A4,4,08
17:18:24  A,2305,A1,4,01A,2139,B1,4,0F
17:18:24  A,2140,A4,4,07
17:18:24  A,2141,A1,4,03
17:18:24  A,2142,A2,4,03H
17:18:24  [SLOT] n=849 tx=83 ack=3 due=0 r=1
17:18:24  [AT] " S,827,0110000010,0000000000,1018,P1,06A,2306,A2,4,01A,2307,A5,4,07A,2309,A4,4,08" (81)
17:18:24  [AT] "SEND OK" (7)
17:18:24  [AT] "+IPD,68:T,2310,S,B3,1,6B" (24)
17:18:24  [SLOT-OOW] +280ms
17:18:24  [AT] "T,2311,S,B1,1,68" (16)
17:18:24  [AT] "T,2312,S,B2,1,68" (16)
17:18:24  [AT] "T,2313,S,A1,1,69" (16)
17:18:24  [AT] "OK" (2)
17:18:24  [AT] "AT+CIPSEND=84" (13)
17:18:25  [TX] S,828,0110000010,0000000000,1020,P1,02
17:18:25  A,2310,B3,4,04
17:18:25  A,2311,B1,4,07
17:18:25  A,2312,B2,4,07
17:18:25  A,2313,A1,4,06A,2139,B1,4,0F
17:18:25  A,2140,A4,4,07
17:18:25  A,2141,A1,4,03
17:18:25  A,2142,A2,4,03H
17:18:25  [SLOT] n=850 tx=98 ack=4 due=0 r=1
17:18:25  [CNT] up=1020 drop=1 esprst=2 resync=3 sendfail=0 okto=0 stuck=0 ackq=0 ackdrop=0 ackstale=0 slot=850 oow=546 smiss=2 ssovf=44 cksumng=44 okstream=828 penddrop=6 skip=0 online=1
17:18:25  [RAM] 최저 여유 627 B · 프롬프트 재동기 3회 (서버의 '버린줄' 과 맞아야 한다)
17:18:25  [AT] "AT+CIPSEND=99" (13)
17:18:25  [AT] " S,828,0110000010,0000000000,1020,P1,02A,2310,B3,4,04A,2311,B1,4,07A,2312,B2,4,07A,2313,A1,4,06" (95)
17:18:25  [AT] "SEND OK" (7)
17:18:25  [AT] "+IPD,68:T,2314,S,A5,1,6A" (24)
17:18:25  [SLOT-OOW] +324ms
17:18:25  [AT] "T,2315,S,A2,1,6C" (16)
17:18:25  [AT] "T,2316,S,A4,1,69" (16)
17:18:25  [AT] "T,2308,S,A3,1,61" (16)
17:18:25  [AT] "OK" (2)
17:18:26  [TX] S,829,0110000010,0000000000,1021,P1,02
17:18:26  A,2314,A5,4,05
17:18:26  A,2315,A2,4,03
17:18:26  A,2316,A4,4,06
17:18:26  A,2308,A3,4,0EA,2139,B1,4,0F
17:18:26  A,2140,A4,4,07
17:18:26  A,2141,A1,4,03
17:18:26  A,2142,A2,4,03H
17:18:26  [SLOT] n=851 tx=98 ack=4 due=0 r=1
17:18:26  [AT] "AT+CIPSEND=99" (13)
17:18:26  [AT] " S,829,0110000010,0000000000,1021,P1,02A,2314,A5,4,05A,2315,A2,4,03A,2316,A4,4,06A,2308,A3,4,0E" (95)
17:18:26  [AT] "SEND OK" (7)
17:18:26  [AT] "+IPD,68:T,2317,S,B3,1,6C" (24)
17:18:26  [SLOT-OOW] +350ms
17:18:26  [AT] "T,2318,S,B1,1,61" (16)
17:18:26  [AT] "T,2319,S,A1,1,63" (16)
17:18:26  [AT] "T,2320,S,B2,1,69" (16)
17:18:26  [AT] "OK" (2)
17:18:27  [TX] S,830,0110000010,0000000000,1022,P1,09
17:18:27  A,2317,B3,4,03
17:18:27  A,2318,B1,4,0E
17:18:27  A,2319,A1,4,0C
17:18:27  A,2320,B2,4,06A,2139,B1,4,0F
17:18:27  A,2140,A4,4,07
17:18:27  A,2141,A1,4,03
17:18:27  A,2142,A2,4,03H
17:18:27  [SLOT] n=852 tx=98 ack=4 due=0 r=1
17:18:27  [AT] "AT+CIPSEND=99" (13)
17:18:28  [AT] " S,830,0110000010,0000000000,1022,P1,09A,2317,B3,4,03A,2318,B1,4,0EA,2319,A1,4,0CA,2320,B2,4,06" (95)
17:18:28  [AT] "SEND OK" (7)
17:18:28  [AT] "+IPD,68:T,2321,S,A5,1,6C" (24)
17:18:28  [SLOT-OOW] +375ms
17:18:28  [AT] "T,2322,S,A4,1,6E" (16)
17:18:28  [AT] "T,2323,S,A3,1,68" (16)
17:18:28  [AT] "T,2324,S,A2,1,6E" (16)
17:18:28  [AT] "OK" (2)
17:18:29  [TX] S,831,0110000010,0000000000,1023,P1,09
17:18:29  A,2321,A5,4,03
17:18:29  A,2322,A4,4,01
17:18:29  A,2323,A3,4,07
17:18:29  A,2324,A2,4,01A,2139,B1,4,0F
17:18:29  A,2140,A4,4,07
17:18:29  A,2141,A1,4,03
17:18:29  A,2142,A2,4,03H
17:18:29  [SLOT] n=853 tx=98 ack=4 due=0 r=1
17:18:29  [AT] "AT+CIPSEND=99" (13)
17:18:29  [AT] " S,831,0110000010,0000000000,1023,P1,09A,2321,A5,4,03A,2322,A4,4,01A,2323,A3,4,07A,2324,A2,4,01" (95)
17:18:29  [AT] "SEND OK" (7)
17:18:29  [AT] "+IPD,68:T,2325,S,B1,1,6F" (24)
17:18:29  [SLOT-OOW] +299ms
17:18:29  [AT] "T,2326,S,B3,1,6E" (16)
17:18:29  [AT] "T,2327,S,A1,1,6E" (16)
17:18:29  [AT] "T,2328,S,B2,1,61" (16)
17:18:29  [AT] "OK" (2)
17:18:30  [TX] S,832,0110000010,0000000000,1024,P1,0D
17:18:30  A,2325,B1,4,00
17:18:30  A,2326,B3,4,01
17:18:30  A,2327,A1,4,01
17:18:30  A,2328,B2,4,0EA,2139,B1,4,0F
17:18:30  A,2140,A4,4,07
17:18:30  A,2141,A1,4,03
17:18:30  A,2142,A2,4,03H
17:18:30  [SLOT] n=854 tx=98 ack=4 due=0 r=1
17:18:30  [AT] "AT+CIPSEND=99" (13)
17:18:30  [AT] " S,832,0110000010,0000000000,1024,P1,0DA,2325,B1,4,00A,2326,B3,4,01A,2327,A1,4,01A,2328,B2,4,0E" (95)
17:18:30  [AT] "SEND OK" (7)
17:18:30  [AT] "+IPD,68:T,2329,S,A5,1,64" (24)
17:18:30  [SLOT-OOW] +303ms
17:18:30  [AT] "T,2330,S,A4,1,6D" (16)
17:18:30  [AT] "T,2331,S,A3,1,6B" (16)
17:18:30  [AT] "T,2332,S,A2,1,69" (16)
17:18:30  [AT] "OK" (2)
17:18:31  [TX] S,833,0110000010,0000000000,1026,P1,0E
17:18:31  A,2329,A5,4,0B
17:18:31  A,2330,A4,4,02
17:18:31  A,2331,A3,4,04
17:18:31  A,2332,A2,4,06A,2139,B1,4,0F
17:18:31  A,2140,A4,4,07
17:18:31  A,2141,A1,4,03
17:18:31  A,2142,A2,4,03H
17:18:31  [SLOT] n=855 tx=98 ack=4 due=0 r=1
17:18:31  [AT] "AT+CIPSEND=99" (13)
17:18:31  [AT] " S,833,0110000010,0000000000,1026,P1,0EA,2329,A5,4,0BA,2330,A4,4,02A,2331,A3,4,04A,2332,A2,4,06" (95)
17:18:31  [AT] "SEND OK" (7)
17:18:31  [AT] "+IPD,68:T,2333,S,A1,1,6B" (24)
17:18:31  [SLOT-OOW] +452ms
17:18:31  [AT] "T,2334,S,B2,1,6C" (16)
17:18:31  [AT] "T,2335,S,B1,1,6E" (16)
17:18:31  [AT] "T,2336,S,B3,1,6F" (16)
17:18:31  [AT] "OK" (2)
17:18:32  [TX] S,834,0110000010,0000000000,1027,P1,08
17:18:32  A,2333,A1,4,04
17:18:32  A,2334,B2,4,03
17:18:32  A,2335,B1,4,01
17:18:32  A,2336,B3,4,00A,2139,B1,4,0F
17:18:32  A,2140,A4,4,07
17:18:32  A,2141,A1,4,03
17:18:32  A,2142,A2,4,03H
17:18:32  [SLOT] n=856 tx=98 ack=4 due=0 r=1
17:18:32  [AT] "AT+CIPSEND=99" (13)
17:18:32  [AT] " S,834,0110000010,0000000000,1027,P1,08A,2333,A1,4,04A,2334,B2,4,03A,2335,B1,4,01A,2336,B3,4,00" (95)
17:18:32  [AT] "SEND OK" (7)
17:18:32  [AT] "+IPD,68:T,2337,S,A5,1,6B" (24)
17:18:32  [SLOT-OOW] +475ms
17:18:32  [AT] "T,2338,S,A3,1,62" (16)
17:18:32  [AT] "T,2339,S,A4,1,64" (16)
17:18:32  [AT] "T,2340,S,A2,1,6C" (16)
17:18:32  [AT] "OK" (2)
17:18:33  [TX] S,835,0110000010,0000000000,1028,P1,06
17:18:33  A,2337,A5,4,04
17:18:33  A,2338,A3,4,0D
17:18:33  A,2339,A4,4,0B
17:18:33  A,2340,A2,4,03A,2139,B1,4,0F
17:18:33  A,2140,A4,4,07
17:18:33  A,2141,A1,4,03
17:18:33  A,2142,A2,4,03H
17:18:33  [SLOT] n=857 tx=98 ack=4 due=0 r=1
17:18:33  [AT] "AT+CIPSEND=99" (13)
17:18:33  [AT] " S,835,0110000010,0000000000,1028,P1,06A,2337,A5,4,04A,2338,A3,4,0DA,2339,A4,4,0BA,2340,A2,4,03" (95)
17:18:33  [AT] "SEND OK" (7)
17:18:33  [AT] "+IPD,68:T,2341,S,A1,1,6E" (24)
17:18:33  [SLOT-OOW] +298ms
17:18:33  [AT] "T,2342,S,B2,1,6D" (16)
17:18:33  [AT] "T,2343,S,B1,1,6F" (16)
17:18:33  [AT] "T,2344,S,B3,1,6A" (16)
17:18:33  [AT] "OK" (2)
17:18:35  [TX] S,836,0110000010,0000000000,1029,P1,04
17:18:35  A,2341,A1,4,01
17:18:35  A,2342,B2,4,02
17:18:35  A,2343,B1,4,00
17:18:35  A,2344,B3,4,05A,2139,B1,4,0F
17:18:35  A,2140,A4,4,07
17:18:35  A,2141,A1,4,03
17:18:35  A,2142,A2,4,03H
17:18:35  [SLOT] n=858 tx=98 ack=4 due=0 r=1
17:18:35  [AT] " S,836,0110000010,0000000000,1029,P1,04A,2341,A1,4,01A,2342,B2,4,02A,2343,B1,4,00A,2344,B3,4,05" (95)
17:18:35  [AT] "SEND OK" (7)
17:18:35  [AT] "+IPD,68:T,2345,S,A3,1,68" (24)
17:18:35  [SLOT-OOW] +326ms
17:18:35  [AT] "T,2346,S,A4,1,6C" (16)
17:18:35  [AT] "T,2347,S,A8,S,A5,1,63" (21)
17:18:35  [CKSUM NG] T,2347,S,A8,S,A5,1,63
17:18:35  [AT] "OK" (2)
17:18:35  [AT] "AT+CIPSEND=99" (13)
17:18:36  [TX] S,837,0110000010,0000000000,1030,P1,0D
17:18:36  A,2345,A3,4,07
17:18:36  A,2346,A4,4,03
17:18:36  A,2343,B1,4,00
17:18:36  A,2344,B3,4,05A,2139,B1,4,0F
17:18:36  A,2140,A4,4,07
17:18:36  A,2141,A1,4,03
17:18:36  A,2142,A2,4,03H
17:18:36  [SLOT] n=859 tx=68 ack=2 due=0 r=1
17:18:36  [AT] "AT+CIPSEND=69" (13)
17:18:36  [AT] " S,837,0110000010,0000000000,1030,P1,0DA,2345,A3,4,07A,2346,A4,4,03" (67)
17:18:36  [AT] "SEND OK" (7)
17:18:36  [AT] "+IPD,68:T,2349,S,B2,1,66" (24)
17:18:36  [SLOT-OOW] +231ms
17:18:36  [AT] "T,2350,S,B3,1,6F" (16)
17:18:36  [AT] "T,2351,S,B1,1,6C" (16)
17:18:36  [AT] "T,2352,S,A1,1,6C" (16)
17:18:36  [AT] "OK" (2)
17:18:37  [TX] S,838,0110000010,0000000000,1032,P1,00
17:18:37  A,2349,B2,4,09
17:18:37  A,2350,B3,4,00
17:18:37  A,2351,B1,4,03
17:18:37  A,2352,A1,4,03A,2139,B1,4,0F
17:18:37  A,2140,A4,4,07
17:18:37  A,2141,A1,4,03
17:18:37  A,2142,A2,4,03H
17:18:37  [SLOT] n=860 tx=98 ack=4 due=0 r=1
17:18:37  [AT] "AT+CIPSEND=99" (13)
17:18:37  [AT] " S,838,0110000010,0000000000,1032,P1,00A,2349,B2,4,09A,2350,B3,4,00A,2351,B1,4,03A,2352,A1,4,03" (95)
17:18:37  [AT] "SEND OK" (7)
17:18:37  [AT] "+IPD,68:T,2353,S,A4,1,68" (24)
17:18:37  [SLOT-OOW] +583ms
17:18:37  [AT] "T,2354,S,A3,1,68" (16)
17:18:37  [AT] "T,2347,S,A2,1,6B" (16)
17:18:37  [AT] "T,2348,S,A5,1,63" (16)
17:18:37  [AT] "OK" (2)
17:18:38  [TX] S,839,0110000010,0000000000,1033,P1,00
17:18:38  A,2353,A4,4,07
17:18:38  A,2354,A3,4,07
17:18:38  A,2347,A2,4,04
17:18:38  A,2348,A5,4,0CA,2139,B1,4,0F
17:18:38  A,2140,A4,4,07
17:18:38  A,2141,A1,4,03
17:18:38  A,2142,A2,4,03H
17:18:38  [SLOT] n=861 tx=98 ack=4 due=0 r=1
17:18:38  [AT] "AT+CIPSEND=99" (13)
17:18:38  [AT] " S,839,0110000010,0000000000,1033,P1,00A,2353,A4,4,07A,2354,A3,4,07A,2347,A2,4,04A,2348,A5,4,0C" (95)
17:18:38  [AT] "SEND OK" (7)
17:18:38  [AT] "+IPD,68:T,2355,S,B1,1,68" (24)
17:18:38  [SLOT-OOW] +295ms
17:18:38  [AT] "T,2356,S,B3,1,69" (16)
17:18:38  [AT] "T,2357,S,B2,1,69" (16)
17:18:38  [AT] "T,2358,S,A1,1,66" (16)
17:18:38  [AT] "OK" (2)
17:18:39  [TX] S,840,0110000010,0000000000,1034,P1,09
17:18:39  A,2355,B1,4,07
17:18:39  A,2356,B3,4,06
17:18:39  A,2357,B2,4,06
17:18:39  A,2358,A1,4,09A,2139,B1,4,0F
17:18:39  A,2140,A4,4,07
17:18:39  A,2141,A1,4,03
17:18:39  A,2142,A2,4,03H
17:18:39  [SLOT] n=862 tx=98 ack=4 due=0 r=1
17:18:39  [AT] "AT+CIPSEND=99" (13)
17:18:39  [AT] " S,840,0110000010,0000000000,1034,P1,09A,2355,B1,4,07A,2356,B3,4,06A,2357,B2,4,06A,2358,A1,4,09" (95)
17:18:39  [AT] "SEND OK" (7)
17:18:39  [AT] "+IPD,68:T,2359,S,A2,1,64" (24)
17:18:39  [SLOT-OOW] +324ms
17:18:39  [AT] "T,2360,S,A3,1,6F" (16)
17:18:40  [AT] "T,2361,S,A4,1,69" (16)
17:18:40  [AT] "T,2362,S,A5,1,6B" (16)
17:18:40  [AT] "OK" (2)
17:18:41  [TX] S,841,0110000010,0000000000,1035,P1,09
17:18:41  A,2359,A2,4,0B
17:18:41  A,2360,A3,4,00
17:18:41  A,2361,A4,4,06
17:18:41  A,2362,A5,4,04A,2139,B1,4,0F
17:18:41  A,2140,A4,4,07
17:18:41  A,2141,A1,4,03
17:18:41  A,2142,A2,4,03H
17:18:41  [SLOT] n=863 tx=98 ack=4 due=0 r=1
17:18:41  [AT] "AT+CIPSEND=99" (13)
17:18:41  [AT] " S,841,0110000010,0000000000,1035,P1,09A,2359,A2,4,0BA,2360,A3,4,00A,2361,A4,4,06A,2362,A5,4,04" (95)
17:18:41  [AT] "SEND OK" (7)
17:18:41  [AT] "+IPD,68:T,2363,S,B1,1,6D" (24)
17:18:41  [SLOT-OOW] +304ms
17:18:41  [AT] "T,2364,S,A1,1,69" (16)
17:18:41  [AT] "T,2365,S,B2,1,68" (16)
17:18:41  [AT] "T,2366,S,B3,1,6A" (16)
17:18:41  [AT] "OK" (2)
17:18:42  [TX] S,842,0110000010,0000000000,1036,P1,09
17:18:42  A,2363,B1,4,02
17:18:42  A,2364,A1,4,06
17:18:42  A,2365,B2,4,07
17:18:42  A,2366,B3,4,05A,2139,B1,4,0F
17:18:42  A,2140,A4,4,07
17:18:42  A,2141,A1,4,03
17:18:42  A,2142,A2,4,03H
17:18:42  [SLOT] n=864 tx=98 ack=4 due=0 r=1
17:18:42  [AT] " S,842,0110000010,0000000000,1036,P1,09A,2363,B1,4,02A,2364,A1,4,06A,2365,B2,4,07A,2366,B3,4,05" (95)
17:18:42  [AT] "SEND OK" (7)
17:18:42  [AT] "+IPD,68:T,2367,S,A3,1,68" (24)
17:18:42  [SLOT-OOW] +335ms
17:18:42  [AT] "T,2368,S,A5,1,61" (16)
17:18:42  [AT] "AT+CIPSEND=99" (13)
17:18:43  [TX] S,843,0110000010,0000000000,1038,P1,06
17:18:43  A,2367,A3,4,07
17:18:43  A,2368,A5,4,0E
17:18:43  A,2365,B2,4,07
17:18:43  A,2366,B3,4,05A,2139,B1,4,0F
17:18:43  A,2140,A4,4,07
17:18:43  A,2141,A1,4,03
17:18:43  A,2142,A2,4,03H
17:18:43  [SLOT] n=865 tx=68 ack=2 due=0 r=1
17:18:43  [AT] "T,2369,S,AAT+CIPSEND=69" (23)
17:18:43  [CKSUM NG] T,2369,S,AAT+CIPSEND=69
17:18:43  [AT] " S,843,0110000010,0000000000,1038,P1,06A,2367,A3,4,07A,2368,A5,4,0E" (67)
17:18:43  [AT] "SEND OK" (7)
17:18:43  [AT] "+IPD,68:T,2371,S,B3,1,6C" (24)
17:18:43  [SLOT-OOW] +236ms
17:18:43  [AT] "T,2372,S,A1,1,6E" (16)
17:18:43  [AT] "T,2373,S,B2,1,6F" (16)
17:18:43  [AT] "T,2374,S,B1,1,6B" (16)
17:18:43  [AT] "OK" (2)
17:18:44  [TX] S,844,0110000010,0000000000,1039,P1,00
17:18:44  A,2371,B3,4,03
17:18:44  A,2372,A1,4,01
17:18:44  A,2373,B2,4,00
17:18:44  A,2374,B1,4,04A,2139,B1,4,0F
17:18:44  A,2140,A4,4,07
17:18:44  A,2141,A1,4,03
17:18:44  A,2142,A2,4,03H
17:18:44  [SLOT] n=866 tx=98 ack=4 due=0 r=1
17:18:44  [AT] " S,844,0110000010,0000000000,1039,P1,00A,2371,B3,4,03A,2372,A1,4,01A,2373,B2,4,00A,2374,B1,4,04" (95)
17:18:44  [AT] "SEND OK" (7)
17:18:44  [AT] "+IPD,34:T,2375,S,A3,1,6B" (24)
17:18:44  [SLOT-OOW] +306ms
17:18:44  [AT] "T,2376,S,A5,1,6E" (16)
17:18:44  [AT] "OK" (2)
17:18:44  [AT] "AT+CIPSEND=99" (13)
17:18:45  [TX] S,845,0110000010,0000000000,1040,P1,0F
17:18:45  A,2375,A3,4,04
17:18:45  A,2376,A5,4,01
17:18:45  A,2373,B2,4,00
17:18:45  A,2374,B1,4,04A,2139,B1,4,0F
17:18:45  A,2140,A4,4,07
17:18:45  A,2141,A1,4,03
17:18:45  A,2142,A2,4,03H
17:18:45  [SLOT] n=867 tx=68 ack=2 due=0 r=1
17:18:45  [AT] "AT+CIPSEND=69" (13)
17:18:46  [AT] " S,845,0110000010,0000000000,1040,P1,0FA,2375,A3,4,04A,2376,A5,4,01" (67)
17:18:46  [AT] "SEND OK" (7)
17:18:46  [AT] "+IPD,68:T,2369,S,A4,1,61" (24)
17:18:46  [SLOT-OOW] +435ms
17:18:46  [AT] "T,2370,S,A2,1,6F" (16)
17:18:46  [AT] "T,2377,S,A1,1,6B" (16)
17:18:46  [AT] "T,2378,S,B3,1,65" (16)
17:18:46  [AT] "OK" (2)
17:18:47  [TX] S,846,0110000010,0000000000,1041,P1,0D
17:18:47  A,2369,A4,4,0E
17:18:47  A,2370,A2,4,00
17:18:47  A,2377,A1,4,04
17:18:47  A,2378,B3,4,0AA,2139,B1,4,0F
17:18:47  A,2140,A4,4,07
17:18:47  A,2141,A1,4,03
17:18:47  A,2142,A2,4,03H
17:18:47  [SLOT] n=868 tx=98 ack=4 due=0 r=1
17:18:47  [AT] " S,846,0110000010,0000000000,1041,P1,0DA,2369,A4,4,0EA,2370,A2,4,00A,2377,A1,4,04A,2378,B3,4,0A" (95)
17:18:47  [AT] "SEND OK" (7)
17:18:47  [AT] "+IPD,68:T,2379,S,B1,1,66" (24)
17:18:47  [SLOT-OOW] +314ms
17:18:47  [AT] "T,2380,S,B2,1,63" (16)
17:18:47  [AT] "T,2381,S,A3,1,60" (16)
17:18:47  [AT] "T,2382,S,A5,1,65" (16)
17:18:47  [AT] "OK" (2)
17:18:47  [AT] "AT+CIPSEND=99" (13)
17:18:48  [TX] S,847,0110000010,0000000000,1042,P1,0F
17:18:48  A,2379,B1,4,09
17:18:48  A,2380,B2,4,0C
17:18:48  A,2381,A3,4,0F
17:18:48  A,2382,A5,4,0AA,2139,B1,4,0F
17:18:48  A,2140,A4,4,07
17:18:48  A,2141,A1,4,03
17:18:48  A,2142,A2,4,03H
17:18:48  [SLOT] n=869 tx=98 ack=4 due=0 r=1
17:18:48  [AT] " S,847,0110000010,0000000000,1042,P1,0FA,2379,B1,4,09A,2380,B2,4,0CA,2381,A3,4,0FA,2382,A5,4,0A" (95)
17:18:48  [AT] "SEND OK" (7)
17:18:48  [AT] "+IPD,68:T,2383,S,A4,1,65" (24)
17:18:48  [SLOT-OOW] +320ms
17:18:48  [AT] "T,2384,S,A1,1,67" (16)
17:18:48  [AT] "T,2385,S,A5" (11)
17:18:48  [CKSUM NG] T,2385,S,A5
17:18:48  [AT] "T,2386,S,B3,1,64" (16)
17:18:48  [AT] "OK" (2)
17:18:48  [AT] "AT+CIPSEND=99" (13)
17:18:49  [TX] S,848,0110000010,0000000000,1044,P1,06
17:18:49  A,2383,A4,4,0A
17:18:49  A,2384,A1,4,08
17:18:49  A,2386,B3,4,0B
17:18:49  A,2382,A5,4,0AA,2139,B1,4,0F
17:18:49  A,2140,A4,4,07
17:18:49  A,2141,A1,4,03
17:18:49  A,2142,A2,4,03H
17:18:49  [SLOT] n=870 tx=83 ack=3 due=0 r=1
17:18:49  [AT] "AT+CIPSEND=84" (13)
17:18:49  [AT] " S,848,0110000010,0000000000,1044,P1,06A,2383,A4,4,0AA,2384,A1,4,08A,2386,B3,4,0B" (81)
17:18:49  [AT] "SEND OK" (7)
17:18:49  [AT] "+IPD,68:T,2387,S,B2,1,64" (24)
17:18:49  [SLOT-OOW] +265ms
17:18:49  [AT] "T,2388,S,A3,1,69" (16)
17:18:49  [AT] "T,2389,S,B1,1,69" (16)
17:18:49  [AT] "T,2390,S,A5,1,66" (16)
17:18:49  [AT] "OK" (2)
17:18:50  [TX] S,849,0110000010,0000000000,1045,P1,06
17:18:50  A,2387,B2,4,0B
17:18:50  A,2388,A3,4,06
17:18:50  A,2389,B1,4,06
17:18:50  A,2390,A5,4,09A,2139,B1,4,0F
17:18:50  A,2140,A4,4,07
17:18:50  A,2141,A1,4,03
17:18:50  A,2142,A2,4,03H
17:18:50  [SLOT] n=871 tx=98 ack=4 due=0 r=1
17:18:50  [AT] "AT+CIPSEND=99" (13)
17:18:50  [AT] " S,849,0110000010,0000000000,1045,P1,06A,2387,B2,4,0BA,2388,A3,4,06A,2389,B1,4,06A,2390,A5,4,09" (95)
17:18:50  [AT] "SEND OK" (7)
17:18:50  [AT] "+IPD,68:T,2391,S,A1,1,63" (24)
17:18:50  [SLOT-OOW] +347ms
17:18:50  [AT] "T,2392,S,B3,1,61" (16)
17:18:50  [AT] "T,2393,S,A4,1,64" (16)
17:18:50  [AT] "T,2385,S,A2,1,65" (16)
17:18:50  [AT] "OK" (2)
17:18:51  [TX] S,850,0110000010,0000000000,1046,P1,0D
17:18:51  A,2391,A1,4,0C
17:18:51  A,2392,B3,4,0E
17:18:51  A,2393,A4,4,0B
17:18:51  A,2385,A2,4,0AA,2139,B1,4,0F
17:18:51  A,2140,A4,4,07
17:18:51  A,2141,A1,4,03
17:18:51  A,2142,A2,4,03H
17:18:51  [SLOT] n=872 tx=98 ack=4 due=0 r=1
17:18:51  [AT] "AT+CIPSEND=99" (13)
17:18:52  [AT] " S,850,0110000010,0000000000,1046,P1,0DA,2391,A1,4,0CA,2392,B3,4,0EA,2393,A4,4,0BA,2385,A2,4,0A" (95)
17:18:52  [AT] "SEND OK" (7)
17:18:52  [AT] "+IPD,68:T,2394,S,B2,1,66" (24)
17:18:52  [SLOT-OOW] +473ms
17:18:52  [AT] "T,2395,S,A3,1,65" (16)
17:18:52  [AT] "T,2396,S,B1,1,67" (16)
17:18:52  [AT] "T,2397,S,A5,1,61" (16)
17:18:52  [AT] "OK" (2)
17:18:52  [TX] S,851,0110000010,0000000000,1047,P1,0D
17:18:52  A,2394,B2,4,09
17:18:52  A,2395,A3,4,0A
17:18:53  A,2396,B1,4,08
17:18:53  A,2397,A5,4,0EA,2139,B1,4,0F
17:18:53  A,2140,A4,4,07
17:18:53  A,2141,A1,4,03
17:18:53  A,2142,A2,4,03H
17:18:53  [SLOT] n=873 tx=98 ack=4 due=0 r=1
17:18:53  [AT] "AT+CIPSEND=99" (13)
17:18:53  [AT] " S,851,0110000010,0000000000,1047,P1,0DA,2394,B2,4,09A,2395,A3,4,0AA,2396,B1,4,08A,2397,A5,4,0E" (95)
17:18:53  [AT] "SEND OK" (7)
17:18:53  [AT] "+IPD,68:T,2398,S,A1,1,6A" (24)
17:18:53  [SLOT-OOW] +295ms
17:18:53  [AT] "T,2399,S,B3,1,6A" (16)
17:18:53  [AT] "T,2400,S,A2,1,6F" (16)
17:18:53  [AT] "T,2401,S,A4,1,68" (16)
17:18:53  [AT] "OK" (2)
17:18:54  [TX] S,852,0110000010,0000000000,1048,P1,01
17:18:54  A,2398,A1,4,05
17:18:54  A,2399,B3,4,05
17:18:54  A,2400,A2,4,00
17:18:54  A,2401,A4,4,07A,2139,B1,4,0F
17:18:54  A,2140,A4,4,07
17:18:54  A,2141,A1,4,03
17:18:54  A,2142,A2,4,03H
17:18:54  [SLOT] n=874 tx=98 ack=4 due=0 r=1
17:18:54  [AT] "AT+CIPSEND=99" (13)
17:18:54  [AT] " S,852,0110000010,0000000000,1048,P1,01A,2398,A1,4,05A,2399,B3,4,05A,2400,A2,4,00A,2401,A4,4,07" (95)
17:18:54  [AT] "SEND OK" (7)
17:18:54  [AT] "+IPD,68:T,2402,S,A3,1,6C" (24)
17:18:54  [SLOT-OOW] +293ms
17:18:54  [AT] "T,2403,S,B2,1,6F" (16)
17:18:54  [AT] "T,2404,S,A5,1,6C" (16)
17:18:54  [AT] "T,2405,S,B1,1,6A" (16)
17:18:54  [AT] "OK" (2)
17:18:55  [TX] S,853,0110000010,0000000000,1050,P1,09
17:18:55  A,2402,A3,4,03
17:18:55  A,2403,B2,4,00
17:18:55  A,2404,A5,4,03
17:18:55  A,2405,B1,4,05A,2139,B1,4,0F
17:18:55  A,2140,A4,4,07
17:18:55  A,2141,A1,4,03
17:18:55  A,2142,A2,4,03H
17:18:55  [SLOT] n=875 tx=98 ack=4 due=0 r=1
17:18:55  [AT] "AT+CIPSEND=99" (13)
17:18:55  [AT] " S,853,0110000010,0000000000,1050,P1,09A,2402,A3,4,03A,2403,B2,4,00A,2404,A5,4,03A,2405,B1,4,05" (95)
17:18:55  [AT] "SEND OK" (7)
17:18:55  [AT] "+IPD,68:T,2406,S,A4,1,6F" (24)
17:18:55  [SLOT-OOW] +290ms
17:18:55  [AT] "T,2407,S,A2,1,68" (16)
17:18:55  [AT] "T,2408,S,A1,1,64" (16)
17:18:55  [AT] "T,2409,S,B3,1,64" (16)
17:18:55  [AT] "OK" (2)
17:18:56  [TX] S,854,0110000010,0000000000,1051,P1,0F
17:18:56  A,2406,A4,4,00
17:18:56  A,2407,A2,4,07
17:18:56  A,2408,A1,4,0B
17:18:56  A,2409,B3,4,0BA,2139,B1,4,0F
17:18:56  A,2140,A4,4,07
17:18:56  A,2141,A1,4,03
17:18:56  A,2142,A2,4,03H
17:18:56  [SLOT] n=876 tx=98 ack=4 due=0 r=1
17:18:56  [AT] "AT+CIPSEND=99" (13)
17:18:56  [AT] " S,854,0110000010,0000000000,1051,P1,0FA,2406,A4,4,00A,2407,A2,4,07A,2408,A1,4,0BA,2409,B3,4,0B" (95)
17:18:56  [AT] "SEND OK" (7)
17:18:56  [AT] "+IPD,68:T,2410,S,A3,1,6F" (24)
17:18:56  [SLOT-OOW] +476ms
17:18:56  [AT] "T,2411,S,B2,1,6C" (16)
17:18:56  [AT] "T,2412,S,B1,1,6C" (16)
17:18:56  [AT] "T,2413,S,A5,1,6A" (16)
17:18:56  [AT] "OK" (2)
17:18:57  [TX] S,855,0110000010,0000000000,1052,P1,0D
17:18:57  A,2410,A3,4,00
17:18:57  A,2411,B2,4,03
17:18:57  A,2412,B1,4,03
17:18:57  A,2413,A5,4,05A,2139,B1,4,0F
17:18:57  A,2140,A4,4,07
17:18:57  A,2141,A1,4,03
17:18:57  A,2142,A2,4,03H
17:18:57  [SLOT] n=877 tx=98 ack=4 due=0 r=1
17:18:57  [AT] "AT+CIPSEND=99" (13)
17:18:57  [AT] " S,855,0110000010,0000000000,1052,P1,0DA,2410,A3,4,00A,2411,B2,4,03A,2412,B1,4,03A,2413,A5,4,05" (95)
17:18:57  [AT] "SEND OK" (7)
17:18:57  [AT] "+IPD,68:T,2414,S,A2,1,6A" (24)
17:18:57  [SLOT-OOW] +294ms
17:18:57  [AT] "T,2415,S,A4,1,6D" (16)
17:18:57  [AT] "T,2416,S,B3,1,6A" (16)
17:18:57  [AT] "T,2417,S,A1,1,6A" (16)
17:18:57  [AT] "OK" (2)
17:18:58  [TX] S,856,0110000010,0000000000,1053,P1,0F
17:18:58  A,2414,A2,4,05
17:18:58  A,2415,A4,4,02
17:18:58  A,2416,B3,4,05
17:18:58  A,2417,A1,4,05A,2139,B1,4,0F
17:18:58  A,2140,A4,4,07
17:18:58  A,2141,A1,4,03
17:18:58  A,2142,A2,4,03H
17:18:58  [SLOT] n=878 tx=98 ack=4 due=0 r=1
17:18:59  [AT] "AT+CIPSEND=99" (13)
17:18:59  [AT] " S,856,0110000010,0000000000,1053,P1,0FA,2414,A2,4,05A,2415,A4,4,02A,2416,B3,4,05A,2417,A1,4,05" (95)
17:18:59  [AT] "SEND OK" (7)
17:18:59  [AT] "+IPD,68:T,2418,S,B2,1,65" (24)
17:18:59  [SLOT-OOW] +322ms
17:18:59  [AT] "T,2419,S,B1,1,67" (16)
17:18:59  [AT] "T,2420,S,A3,1,6C" (16)
17:18:59  [AT] "T,2421,S,A5,1,6B" (16)
17:18:59  [AT] "OK" (2)
17:19:00  [TX] S,857,0110000010,0000000000,1054,P1,09
17:19:00  A,2418,B2,4,0A
17:19:00  A,2419,B1,4,08
17:19:00  A,2420,A3,4,03
17:19:00  A,2421,A5,4,04A,2139,B1,4,0F
17:19:00  A,2140,A4,4,07
17:19:00  A,2141,A1,4,03
17:19:00  A,2142,A2,4,03H
17:19:00  [SLOT] n=879 tx=98 ack=4 due=0 r=1
17:19:00  [AT] " S,857,0110000010,0000000000,1054,P1,09A,2418,B2,4,0AA,2419,B1,4,08A,2420,A3,4,03A,2421,A5,4,04" (95)
17:19:00  [AT] "SEND OK" (7)
17:19:00  [AT] "+IPD,68:T,2422,S,B3,1,6D" (24)
17:19:00  [SLOT-OOW] +319ms
17:19:00  [AT] "T,2423,S,A1,1,6D" (16)
17:19:00  [AT] "T,2424,S,A,69" (13)
17:19:00  [CKSUM NG] T,2424,S,A,69
17:19:00  [AT] "T,2425,S,A4,1,6E" (16)
17:19:00  [AT] "OK" (2)
17:19:00  [AT] "AT+CIPSEND=99" (13)
17:19:01  [TX] S,858,0110000010,0000000000,1056,P1,04
17:19:01  A,2422,B3,4,02
17:19:01  A,2423,A1,4,02
17:19:01  A,2425,A4,4,01
17:19:01  A,2421,A5,4,04A,2139,B1,4,0F
17:19:01  A,2140,A4,4,07
17:19:01  A,2141,A1,4,03
17:19:01  A,2142,A2,4,03H
17:19:01  [SLOT] n=880 tx=83 ack=3 due=0 r=1
17:19:01  [AT] "AT+CIPSEND=84" (13)
17:19:01  [AT] " S,858,0110000010,0000000000,1056,P1,04A,2422,B3,4,02A,2423,A1,4,02A,2425,A4,4,01" (81)
17:19:01  [AT] "SEND OK" (7)
17:19:01  [AT] "+IPD,68:T,2426,S,A3,1,6A" (24)
17:19:01  [SLOT-OOW] +259ms
17:19:01  [AT] "T,2427,S,B1,1,6A" (16)
17:19:01  [AT] "T,2428,S,B2,1,66" (16)
17:19:01  [AT] "T,2429,S,A5,1,63" (16)
17:19:01  [AT] "OK" (2)
17:19:02  [TX] S,859,0110000010,0000000000,1057,P1,04
17:19:02  A,2426,A3,4,05
17:19:02  A,2427,B1,4,05
17:19:02  A,2428,B2,4,09
17:19:02  A,2429,A5,4,0CA,2139,B1,4,0F
17:19:02  A,2140,A4,4,07
17:19:02  A,2141,A1,4,03
17:19:02  A,2142,A2,4,03H
17:19:02  [SLOT] n=881 tx=98 ack=4 due=0 r=1
17:19:02  [AT] "AT+CIPSEND=99" (13)
17:19:02  [AT] " S,859,0110000010,0000000000,1057,P1,04A,2426,A3,4,05A,2427,B1,4,05A,2428,B2,4,09A,2429,A5,4,0C" (95)
17:19:02  [AT] "SEND OK" (7)
17:19:02  [AT] "+IPD,51:T,2430,S,B3,1,6E" (24)
17:19:02  [SLOT-OOW] +292ms
17:19:02  [AT] "T,2431,S,A1,1,6E" (16)
17:19:02  [AT] "T,2432,S,A4,1,68" (16)
17:19:02  [AT] "OK" (2)
17:19:03  [TX] S,860,0110000010,0000000000,1058,P1,01
17:19:03  A,2430,B3,4,01
17:19:03  A,2431,A1,4,01
17:19:03  A,2432,A4,4,07
17:19:03  A,2429,A5,4,0CA,2139,B1,4,0F
17:19:03  A,2140,A4,4,07
17:19:03  A,2141,A1,4,03
17:19:03  A,2142,A2,4,03H
17:19:03  [SLOT] n=882 tx=83 ack=3 due=0 r=1
17:19:03  [AT] "AT+CIPSEND=84" (13)
17:19:03  [AT] " S,860,0110000010,0000000000,1058,P1,01A,2430,B3,4,01A,2431,A1,4,01A,2432,A4,4,07" (81)
17:19:03  [AT] "SEND OK" (7)
17:19:03  [AT] "+IPD,68:T,2424,S,A2,1,69" (24)
17:19:03  [SLOT-OOW] +311ms
17:19:03  [AT] "T,2433,S,B1,1,6F" (16)
17:19:03  [AT] "T,2434,S,A5,1,6F" (16)
17:19:03  [AT] "T,2435,S,B2,1,6A" (16)
17:19:03  [AT] "OK" (2)
17:19:04  [TX] S,861,0110000010,0000000000,1059,P1,01
17:19:04  A,2424,A2,4,06
17:19:04  A,2433,B1,4,00
17:19:04  A,2434,A5,4,00
17:19:04  A,2435,B2,4,05A,2139,B1,4,0F
17:19:04  A,2140,A4,4,07
17:19:04  A,2141,A1,4,03
17:19:04  A,2142,A2,4,03H
17:19:05  [SLOT] n=883 tx=98 ack=4 due=0 r=1
17:19:05  [AT] " S,861,0110000010,0000000000,1059,P1,01A,2424,A2,4,06A,2433,B1,4,00A,2434,A5,4,00A,2435,B2,4,05" (95)
17:19:05  [AT] "SEND OK" (7)
17:19:05  [AT] "+IPD,68:T,2436,S,A3,1,6B" (24)
17:19:05  [SLOT-OOW] +315ms
17:19:05  [AT] "T,2437,S,A4,1,6D" (16)
17:19:05  [AT] "T,2438,S,B3,1,66" (16)
17:19:05  [AT] "T,2439,S,A1,1,66" (16)
17:19:05  [AT] "OK" (2)
17:19:05  [AT] "AT+CIPSEND=99" (13)
17:19:06  [TX] S,862,0110000010,0000000000,1060,P1,08
17:19:06  A,2436,A3,4,04
17:19:06  A,2437,A4,4,02
17:19:06  A,2438,B3,4,09
17:19:06  A,2439,A1,4,09A,2139,B1,4,0F
17:19:06  A,2140,A4,4,07
17:19:06  A,2141,A1,4,03
17:19:06  A,2142,A2,4,03H
17:19:06  [SLOT] n=884 tx=98 ack=4 due=0 r=1
17:19:06  [AT] "AT+CIPSEND=99" (13)
17:19:06  [AT] " S,862,0110000010,0000000000,1060,P1,08A,2436,A3,4,04A,2437,A4,4,02A,2438,B3,4,09A,2439,A1,4,09" (95)
17:19:06  [AT] "SEND OK" (7)
17:19:06  [AT] "+IPD,68:T,2440,S,B1,1,6B" (24)
17:19:06  [SLOT-OOW] +343ms
17:19:06  [AT] "T,2441,S,A5,1,6D" (16)
17:19:06  [AT] "T,2442,S,B2,1,6A" (16)
17:19:06  [AT] "T,2443,S,A2,1,68" (16)
17:19:06  [AT] "OK" (2)
17:19:07  [TX] S,863,0110000010,0000000000,1062,P1,0B
17:19:07  A,2440,B1,4,04
17:19:07  A,2441,A5,4,02
17:19:07  A,2442,B2,4,05
17:19:07  A,2443,A2,4,07A,2139,B1,4,0F
17:19:07  A,2140,A4,4,07
17:19:07  A,2141,A1,4,03
17:19:07  A,2142,A2,4,03H
17:19:07  [SLOT] n=885 tx=98 ack=4 due=0 r=1
17:19:07  [AT] "AT+CIPSEND=99" (13)
17:19:07  [AT] " S,863,0110000010,0000000000,1062,P1,0BA,2440,B1,4,04A,2441,A5,4,02A,2442,B2,4,05A,2443,A2,4,07" (95)
17:19:07  [AT] "SEND OK" (7)
17:19:07  [AT] "+IPD,68:T,2444,S,A4,1,69" (24)
17:19:07  [SLOT-OOW] +290ms
17:19:07  [AT] "T,2445,S,A3,1,6F" (16)
17:19:07  [AT] "T,2446,S,B3,1,6F" (16)
17:19:07  [AT] "T,2447,S,A1,1,6F" (16)
17:19:07  [AT] "OK" (2)
17:19:08  [TX] S,864,0110000010,0000000000,1063,P1,0D
17:19:08  A,2444,A4,4,06
17:19:08  A,2445,A3,4,00
17:19:08  A,2446,B3,4,00
17:19:08  A,2447,A1,4,00A,2139,B1,4,0F
17:19:08  A,2140,A4,4,07
17:19:08  A,2141,A1,4,03
17:19:08  A,2142,A2,4,03H
17:19:08  [SLOT] n=886 tx=98 ack=4 due=0 r=1
17:19:08  [AT] "AT+CIPSEND=99" (13)
17:19:08  [AT] " S,864,0110000010,0000000000,1063,P1,0DA,2444,A4,4,06A,2445,A3,4,00A,2446,B3,4,00A,2447,A1,4,00" (95)
17:19:08  [AT] "SEND OK" (7)
17:19:08  [AT] "+IPD,68:T,2448,S,B1,1,63" (24)
17:19:08  [SLOT-OOW] +301ms
17:19:08  [AT] "T,2449,S,A5,1,65" (16)
17:19:08  [AT] "T,2450,S,B2,1,69" (16)
17:19:08  [AT] "T,2451,S,A2,1,6B" (16)
17:19:08  [AT] "OK" (2)
17:19:09  [TX] S,865,0110000010,0000000000,1064,P1,0B
17:19:09  A,2448,B1,4,0C
17:19:09  A,2449,A5,4,0A
17:19:09  A,2450,B2,4,06
17:19:09  A,2451,A2,4,04A,2139,B1,4,0F
17:19:09  A,2140,A4,4,07
17:19:09  A,2141,A1,4,03
17:19:09  A,2142,A2,4,03H
17:19:09  [SLOT] n=887 tx=98 ack=4 due=0 r=1
17:19:09  [AT] "AT+CIPSEND=99" (13)
17:19:09  [AT] " S,865,0110000010,0000000000,1064,P1,0BA,2448,B1,4,0CA,2449,A5,4,0AA,2450,B2,4,06A,2451,A2,4,04" (95)
17:19:09  [AT] "SEND OK" (7)
17:19:09  [AT] "+IPD,68:T,2452,S,A4,1,6E" (24)
17:19:09  [SLOT-OOW] +301ms
17:19:09  [AT] "T,2453,S,A3,1,68" (16)
17:19:09  [AT] "T,2454,S,A1,1,6D" (16)
17:19:09  [AT] "T,2455,S,B3,1,6D" (16)
17:19:09  [AT] "OK" (2)
17:19:10  [TX] S,866,0110000010,0000000000,1065,P1,09
17:19:10  A,2452,A4,4,01
17:19:10  A,2453,A3,4,07
17:19:10  A,2454,A1,4,02
17:19:10  A,2455,B3,4,02A,2139,B1,4,0F
17:19:10  A,2140,A4,4,07
17:19:10  A,2141,A1,4,03
17:19:10  A,2142,A2,4,03H
17:19:10  [SLOT] n=888 tx=98 ack=4 due=0 r=1
17:19:10  [AT] "AT+CIPSEND=99" (13)
17:19:11  [AT] " S,866,0110000010,0000000000,1065,P1,09A,2452,A4,4,01A,2453,A3,4,07A,2454,A1,4,02A,2455,B3,4,02" (95)
17:19:11  [AT] "SEND OK" (7)
17:19:11  [AT] "+IPD,68:T,2456,S,B2,1,6F" (24)
17:19:11  [SLOT-OOW] +310ms
17:19:11  [AT] "T,2457,S,A2,1,6D" (16)
17:19:11  [AT] "T,2458,S,B1,1,62" (16)
17:19:11  [AT] "T,2459,S,A5,1,64" (16)
17:19:11  [AT] "OK" (2)
17:19:12  [TX] S,867,0110000010,0000000000,1066,P1,0B
17:19:12  A,2456,B2,4,00
17:19:12  A,2457,A2,4,02
17:19:12  A,2458,B1,4,0D
17:19:12  A,2459,A5,4,0BA,2139,B1,4,0F
17:19:12  A,2140,A4,4,07
17:19:12  A,2141,A1,4,03
17:19:12  A,2142,A2,4,03H
17:19:12  [SLOT] n=889 tx=98 ack=4 due=0 r=1
17:19:12  [AT] "AT+CIPSEND=99" (13)
17:19:12  [AT] " S,867,0110000010,0000000000,1066,P1,0BA,2456,B2,4,00A,2457,A2,4,02A,2458,B1,4,0DA,2459,A5,4,0B" (95)
17:19:12  [AT] "SEND OK" (7)
17:19:12  [AT] "+IPD,68:T,2460,S,B3,1,6B" (24)
17:19:12  [SLOT-OOW] +314ms
17:19:12  [AT] "T,2461,S,A4,1,6E" (16)
17:19:12  [AT] "T,2462,S,A3,1,6A" (16)
17:19:12  [AT] "T,2463,S,A1,1,69" (16)
17:19:12  [AT] "OK" (2)
17:19:13  [TX] S,868,0110000010,0000000000,1068,P1,0A
17:19:13  A,2460,B3,4,04
17:19:13  A,2461,A4,4,01
17:19:13  A,2462,A3,4,05
17:19:13  A,2463,A1,4,06A,2139,B1,4,0F
17:19:13  A,2140,A4,4,07
17:19:13  A,2141,A1,4,03
17:19:13  A,2142,A2,4,03H
17:19:13  [SLOT] n=890 tx=98 ack=4 due=0 r=1
17:19:13  [AT] "AT+CIPSEND=99" (13)
17:19:13  [AT] " S,868,0110000010,0000000000,1068,P1,0AA,2460,B3,4,04A,2461,A4,4,01A,2462,A3,4,05A,2463,A1,4,06" (95)
17:19:13  [AT] "SEND OK" (7)
17:19:13  [AT] "+IPD,68:T,2464,S,A5,1,6A" (24)
17:19:13  [SLOT-OOW] +309ms
17:19:13  [AT] "T,2465,S,B2,1,6F" (16)
17:19:13  [AT] "T,2466,S,B1,1,6F" (16)
17:19:13  [AT] "T,2467,S,A2,1,6E" (16)
17:19:13  [AT] "OK" (2)
17:19:14  [TX] S,869,0110000010,0000000000,1069,P1,0A
17:19:14  A,2464,A5,4,05
17:19:14  A,2465,B2,4,00
17:19:14  A,2466,B1,4,00
17:19:14  A,2467,A2,4,01A,2139,B1,4,0F
17:19:14  A,2140,A4,4,07
17:19:14  A,2141,A1,4,03
17:19:14  A,2142,A2,4,03H
17:19:14  [SLOT] n=891 tx=98 ack=4 due=0 r=1
17:19:14  [AT] "AT+CIPSEND=99" (13)
17:19:14  [AT] " S,869,0110000010,0000000000,1069,P1,0AA,2464,A5,4,05A,2465,B2,4,00A,2466,B1,4,00A,2467,A2,4,01" (95)
17:19:14  [AT] "SEND OK" (7)
17:19:14  [AT] "+IPD,68:T,2468,S,A4,1,67" (24)
17:19:14  [SLOT-OOW] +301ms
17:19:14  [AT] "T,2469,S,A1,1,63" (16)
17:19:14  [AT] "T,2470,S,B3,1,6A" (16)
17:19:14  [AT] "T,2471,S,A3,1,68" (16)
17:19:14  [AT] "OK" (2)
17:19:15  [TX] S,870,0110000010,0000000000,1070,P1,0A
17:19:15  A,2468,A4,4,08
17:19:15  A,2469,A1,4,0C
17:19:15  A,2470,B3,4,05
17:19:15  A,2471,A3,4,07A,2139,B1,4,0F
17:19:15  A,2140,A4,4,07
17:19:15  A,2141,A1,4,03
17:19:15  A,2142,A2,4,03H
17:19:15  [SLOT] n=892 tx=98 ack=4 due=0 r=1
17:19:15  [AT] " S,870,0110000010,0000000000,1070,P1,0AA,2468,A4,4,08A,2469,A1,4,0CA,2470,B3,4,05A,2471,A3,4,07" (95)
17:19:15  [AT] "SEND OK" (7)
17:19:15  [AT] "+IPD,68:T,2472,S,B2,1,69" (24)
17:19:15  [SLOT-OOW] +315ms
17:19:15  [AT] "T,2473,S,A5,1,6C" (16)
17:19:15  [AT] "T,2474,S,B1,1,6C" (16)
17:19:15  [AT] "T,2475,S,A2,1,6D" (16)
17:19:15  [AT] "OK" (2)
17:19:15  [AT] "AT+CIPSEND=99" (13)
17:19:16  [TX] S,871,0110000010,0000000000,1071,P1,0A
17:19:16  A,2472,B2,4,06
17:19:16  A,2473,A5,4,03
17:19:16  A,2474,B1,4,03
17:19:16  A,2475,A2,4,02A,2139,B1,4,0F
17:19:16  A,2140,A4,4,07
17:19:16  A,2141,A1,4,03
17:19:16  A,2142,A2,4,03H
17:19:16  [SLOT] n=893 tx=98 ack=4 due=0 r=1
17:19:16  [AT] "AT+CIPSEND=99" (13)
17:19:16  [AT] " S,871,0110000010,0000000000,1071,P1,0AA,2472,B2,4,06A,2473,A5,4,03A,2474,B1,4,03A,2475,A2,4,02" (95)
17:19:17  [AT] "SEND OK" (7)
17:19:17  [AT] "+IPD,68:T,2476,S,A1,1,6D" (24)
17:19:17  [SLOT-OOW] +292ms
17:19:17  [AT] "T,2477,S,A4,1,69" (16)
17:19:17  [AT] "T,2478,S,B3,1,62" (16)
17:19:17  [AT] "T,2479,S,A3,1,60" (16)
17:19:17  [AT] "OK" (2)
17:19:18  [TX] S,872,0110000010,0000000000,1072,P1,0A
17:19:18  A,2476,A1,4,02
17:19:18  A,2477,A4,4,06
17:19:18  A,2478,B3,4,0D
17:19:18  A,2479,A3,4,0FA,2139,B1,4,0F
17:19:18  A,2140,A4,4,07
17:19:18  A,2141,A1,4,03
17:19:18  A,2142,A2,4,03H
17:19:18  [SLOT] n=894 tx=98 ack=4 due=0 r=1
17:19:18  [AT] " S,872,0110000010,0000000000,1072,P1,0AA,2476,A1,4,02A,2477,A4,4,06A,2478,B3,4,0DA,2479,A3,4,0F" (95)
17:19:18  [AT] "SEND OK" (7)
17:19:18  [AT] "+IPD,68:T,2480,S,A5,1,60" (24)
17:19:18  [SLOT-OOW] +320ms
17:19:18  [AT] "T,2481,S,B2,1,65" (16)
17:19:18  [AT] "T,2482,S,B,65" (13)
17:19:18  [CKSUM NG] T,2482,S,B,65
17:19:18  [AT] "T,2483,S,A2,1,64" (16)
17:19:18  [AT] "OK" (2)
17:19:18  [AT] "AT+CIPSEND=99" (13)
17:19:19  [TX] S,873,0110000010,0000000000,1074,P1,0D
17:19:19  A,2480,A5,4,0F
17:19:19  A,2481,B2,4,0A
17:19:19  A,2483,A2,4,0B
17:19:19  A,2479,A3,4,0FA,2139,B1,4,0F
17:19:19  A,2140,A4,4,07
17:19:19  A,2141,A1,4,03
17:19:19  A,2142,A2,4,03H
17:19:19  [SLOT] n=895 tx=83 ack=3 due=0 r=1
17:19:19  [AT] " S,873,0110000010,0000000000,1074,P1,0DA,2480,A5,4,0FA,2481,B2,4,0AA,2483,A2,4,0B" (81)
17:19:19  [AT] "SEND OK" (7)
17:19:19  [AT] "+IPD,68:T,2484,S,B3,1,61" (24)
17:19:19  [SLOT-OOW] +287ms
17:19:19  [AT] "T,2485,S,A3,1,63" (16)
17:19:19  [AT] "T,2486,S,A,67" (13)
17:19:19  [CKSUM NG] T,2486,S,A,67
17:19:19  [AT] "T,2487,S,A1,1,63" (16)
17:19:19  [AT] "OK" (2)
17:19:19  [AT] "AT+CIPSEND=84" (13)
17:19:20  [TX] S,874,0110000010,0000000000,1075,P1,0B
17:19:20  A,2484,B3,4,0E
17:19:20  A,2485,A3,4,0C
17:19:20  A,2487,A1,4,0C
17:19:20  A,2479,A3,4,0FA,2139,B1,4,0F
17:19:20  A,2140,A4,4,07
17:19:20  A,2141,A1,4,03
17:19:20  A,2142,A2,4,03H
17:19:20  [SLOT] n=896 tx=83 ack=3 due=0 r=1
17:19:20  [AT] "AT+CIPSEND=84" (13)
17:19:20  [AT] " S,874,0110000010,0000000000,1075,P1,0BA,2484,B3,4,0EA,2485,A3,4,0CA,2487,A1,4,0C" (81)
17:19:20  [AT] "SEND OK" (7)
17:19:20  [AT] "+IPD,51:T,2488,S,A5,1,68" (24)
17:19:20  [SLOT-OOW] +260ms
17:19:20  [AT] "T,2489,S,A2,1,6E" (16)
17:19:20  [AT] "T,2490,S,B2,1,65" (16)
17:19:20  [AT] "OK" (2)
17:19:21  [TX] S,875,0110000010,0000000000,1076,P1,09
17:19:21  A,2488,A5,4,07
17:19:21  A,2489,A2,4,01
17:19:21  A,2490,B2,4,0A
17:19:21  A,2479,A3,4,0FA,2139,B1,4,0F
17:19:21  A,2140,A4,4,07
17:19:21  A,2141,A1,4,03
17:19:21  A,2142,A2,4,03H
17:19:21  [SLOT] n=897 tx=83 ack=3 due=0 r=1
17:19:21  [AT] " S,875,0110000010,0000000000,1076,P1,09A,2488,A5,4,07A,2489,A2,4,01A,2490,B2,4,0A" (81)
17:19:21  [AT] "SEND OK" (7)
17:19:21  [AT] "+IPD,68:T,2491,S,A3,1,66" (24)
17:19:21  [SLOT-OOW] +285ms
17:19:21  [AT] "T,2492,S,B3,1,66" (16)
17:19:21  [AT] "T,2493,S,A,1,66" (15)
17:19:21  [CKSUM NG] T,2493,S,A,1,66
17:19:21  [AT] "T,2482,S,B1,1,65" (16)
17:19:21  [AT] "OK" (2)
17:19:21  [AT] "AT+CIPSEND=84" (13)
17:19:22  [TX] S,876,0110000010,0000000000,1077,P1,0B
17:19:22  A,2491,A3,4,09
17:19:22  A,2492,B3,4,09
17:19:22  A,2482,B1,4,0A
17:19:22  A,2479,A3,4,0FA,2139,B1,4,0F
17:19:22  A,2140,A4,4,07
17:19:22  A,2141,A1,4,03
17:19:22  A,2142,A2,4,03H
17:19:22  [SLOT] n=898 tx=83 ack=3 due=0 r=1
17:19:22  [AT] " S,876,0110000010,0000000000,1077,P1,0BA,2491,A3,4,09A,2492,B3,4,09A,2482,B1,4,0A" (81)
17:19:22  [AT] "SEND OK" (7)
17:19:22  [AT] "+IPD,68:T,2486,S,A4,1,67" (24)
17:19:22  [SLOT-OOW] +288ms
17:19:22  [AT] "T,2494,S,B2,1,61" (16)
17:19:22  [AT] "T,2495,S,A64" (12)
17:19:22  [CKSUM NG] T,2495,S,A64
17:19:22  [AT] "T,2496,S,A2,1,60" (16)
17:19:22  [AT] "OK" (2)
17:19:22  [AT] "AT+CIPSEND=84" (13)
17:19:24  [TX] S,877,0110000010,0000000000,1078,P1,05
17:19:24  A,2486,A4,4,08
17:19:24  A,2494,B2,4,0E
17:19:24  A,2496,A2,4,0F
17:19:24  A,2479,A3,4,0FA,2139,B1,4,0F
17:19:24  A,2140,A4,4,07
17:19:24  A,2141,A1,4,03
17:19:24  A,2142,A2,4,03H
17:19:24  [SLOT] n=899 tx=83 ack=3 due=0 r=1
17:19:24  [AT] "AT+CIPSEND=84" (13)
17:19:24  [AT] " S,877,0110000010,0000000000,1078,P1,05A,2486,A4,4,08A,2494,B2,4,0EA,2496,A2,4,0F" (81)
17:19:24  [AT] "SEND OK" (7)
17:19:24  [AT] "+IPD,68:T,2497,S,B1,1,61" (24)
17:19:24  [SLOT-OOW] +549ms
17:19:24  [AT] "T,2498,S,A3,1,6F" (16)
17:19:24  [AT] "T,2499,S,B3,1,6D" (16)
17:19:24  [AT] "T,2493,S,A1,1,66" (16)
17:19:24  [AT] "OK" (2)
17:19:25  [TX] S,878,0110000010,0000000000,1080,P1,0D
17:19:25  A,2497,B1,4,0E
17:19:25  A,2498,A3,4,00
17:19:25  A,2499,B3,4,02
17:19:25  A,2493,A1,4,09A,2139,B1,4,0F
17:19:25  A,2140,A4,4,07
17:19:25  A,2141,A1,4,03
17:19:25  A,2142,A2,4,03H
17:19:25  [SLOT] n=900 tx=98 ack=4 due=0 r=1
17:19:25  [CNT] up=1080 drop=1 esprst=2 resync=3 sendfail=0 okto=0 stuck=0 ackq=0 ackdrop=0 ackstale=0 slot=900 oow=596 smiss=2 ssovf=52 cksumng=52 okstream=878 penddrop=6 skip=0 online=1
17:19:25  [RAM] 최저 여유 627 B · 프롬프트 재동기 3회 (서버의 '버린줄' 과 맞아야 한다)
17:19:25  [AT] "AT+CIPSEND=99" (13)
17:19:25  [AT] " S,878,0110000010,0000000000,1080,P1,0DA,2497,B1,4,0EA,2498,A3,4,00A,2499,B3,4,02A,2493,A1,4,09" (95)
17:19:25  [AT] "SEND OK" (7)
17:19:25  [AT] "+IPD,68:T,2500,S,B2,1,6D" (24)
17:19:25  [SLOT-OOW] +313ms
17:19:25  [AT] "T,2501,S,A2,1,6F" (16)
17:19:25  [AT] "T,2502,S,A4,1,6A" (16)
17:19:25  [AT] "T,2495,S,A5,1,64" (16)
17:19:25  [AT] "OK" (2)
17:19:26  [TX] S,879,0110000010,0000000000,1081,P1,0D
17:19:26  A,2500,B2,4,02
17:19:26  A,2501,A2,4,00
17:19:26  A,2502,A4,4,05
17:19:26  A,2495,A5,4,0BA,2139,B1,4,0F
17:19:26  A,2140,A4,4,07
17:19:26  A,2141,A1,4,03
17:19:26  A,2142,A2,4,03H
17:19:26  [SLOT] n=901 tx=98 ack=4 due=0 r=1
17:19:26  [AT] " S,879,0110000010,0000000000,1081,P1,0DA,2500,B2,4,02A,2501,A2,4,00A,2502,A4,4,05A,2495,A5,4,0B" (95)
17:19:26  [AT] "SEND OK" (7)
17:19:26  [AT] "+IPD,68:T,2503,S,B1,1,6D" (24)
17:19:26  [SLOT-OOW] +316ms
17:19:26  [AT] "T,2504,S,A3,1,6B" (16)
17:19:26  [AT] "T,2505,S,B3,1,69" (16)
17:19:26  [AT] "T,2506,S,A1,1,6B" (16)
17:19:26  [AT] "OK" (2)
17:19:26  [AT] "AT+CIPSEND=99" (13)
17:19:27  [TX] S,880,0110000010,0000000000,1082,P1,08
17:19:27  A,2503,B1,4,02
17:19:27  A,2504,A3,4,04
17:19:27  A,2505,B3,4,06
17:19:27  A,2506,A1,4,04A,2139,B1,4,0F
17:19:27  A,2140,A4,4,07
17:19:27  A,2141,A1,4,03
17:19:27  A,2142,A2,4,03H
17:19:27  [SLOT] n=902 tx=98 ack=4 due=0 r=1
17:19:27  [AT] "AT+CIPSEND=99" (13)
17:19:27  [AT] " S,880,0110000010,0000000000,1082,P1,08A,2503,B1,4,02A,2504,A3,4,04A,2505,B3,4,06A,2506,A1,4,04" (95)
17:19:27  [AT] "SEND OK" (7)
17:19:28  [AT] "+IPD,68:T,2507,S,A2,1,69" (24)
17:19:28  [SLOT-OOW] +521ms
17:19:28  [AT] "T,2508,S,B2,1,65" (16)
17:19:28  [AT] "T,2509,S,A5,1,60" (16)
17:19:28  [AT] "T,2510,S,A4,1,69" (16)
17:19:28  [AT] "OK" (2)
17:19:28  [TX] S,881,0110000010,0000000000,1083,P1,08
17:19:28  A,2507,A2,4,06
17:19:28  A,2508,B2,4,0A
17:19:28  A,2509,A5,4,0F
17:19:28  A,2510,A4,4,06A,2139,B1,4,0F
17:19:28  A,2140,A4,4,07
17:19:28  A,2141,A1,4,03
17:19:28  A,2142,A2,4,03H
17:19:28  [SLOT] n=903 tx=98 ack=4 due=0 r=1
17:19:28  [AT] "AT+CIPSEND=99" (13)
17:19:29  [AT] " S,881,0110000010,0000000000,1083,P1,08A,2507,A2,4,06A,2508,B2,4,0AA,2509,A5,4,0FA,2510,A4,4,06" (95)
17:19:29  [AT] "SEND OK" (7)
17:19:29  [AT] "+IPD,68:T,2511,S,A1,1,6D" (24)
17:19:29  [SLOT-OOW] +344ms
17:19:29  [AT] "T,2512,S,B1,1,6D" (16)
17:19:29  [AT] "T,2513,S,A3,1,6D" (16)
17:19:29  [AT] "T,2514,S,B3,1,69" (16)
17:19:29  [AT] "OK" (2)
17:19:30  [TX] S,882,0110000010,0000000000,1084,P1,0C
17:19:30  A,2511,A1,4,02
17:19:30  A,2512,B1,4,02
17:19:30  A,2513,A3,4,02
17:19:30  A,2514,B3,4,06A,2139,B1,4,0F
17:19:30  A,2140,A4,4,07
17:19:30  A,2141,A1,4,03
17:19:30  A,2142,A2,4,03H
17:19:30  [SLOT] n=904 tx=98 ack=4 due=0 r=1
17:19:30  [AT] "AT+CIPSEND=99" (13)
17:19:30  [AT] " S,882,0110000010,0000000000,1084,P1,0CA,2511,A1,4,02A,2512,B1,4,02A,2513,A3,4,02A,2514,B3,4,06" (95)
17:19:30  [AT] "SEND OK" (7)
17:19:30  [AT] "+IPD,68:T,2515,S,A2,1,6A" (24)
17:19:30  [SLOT-OOW] +317ms
17:19:30  [AT] "T,2516,S,B2,1,6A" (16)
17:19:30  [AT] "T,2517,S,A5,1,6F" (16)
17:19:30  [AT] "T,2518,S,A4,1,61" (16)
17:19:30  [AT] "OK" (2)
17:19:31  [TX] S,883,0110000010,0000000000,1086,P1,0F
17:19:31  A,2515,A2,4,05
17:19:31  A,2516,B2,4,05
17:19:31  A,2517,A5,4,00
17:19:31  A,2518,A4,4,0EA,2139,B1,4,0F
17:19:31  A,2140,A4,4,07
17:19:31  A,2141,A1,4,03
17:19:31  A,2142,A2,4,03H
17:19:31  [SLOT] n=905 tx=98 ack=4 due=0 r=1
17:19:31  [AT] "AT+CIPSEND=99" (13)
17:19:31  [AT] " S,883,0110000010,0000000000,1086,P1,0FA,2515,A2,4,05A,2516,B2,4,05A,2517,A5,4,00A,2518,A4,4,0E" (95)
17:19:31  [AT] "SEND OK" (7)
17:19:31  [AT] "+IPD,68:T,2519,S,B1,1,66" (24)
17:19:31  [SLOT-OOW] +288ms
17:19:31  [AT] "T,2520,S,A1,1,6F" (16)
17:19:31  [AT] "T,2521,S,B3,1,6F" (16)
17:19:31  [AT] "T,2522,S,A3,1,6F" (16)
17:19:31  [AT] "OK" (2)
17:19:32  [TX] S,884,0110000010,0000000000,1087,P1,09
17:19:32  A,2519,B1,4,09
17:19:32  A,2520,A1,4,00
17:19:32  A,2521,B3,4,00
17:19:32  A,2522,A3,4,00A,2139,B1,4,0F
17:19:32  A,2140,A4,4,07
17:19:32  A,2141,A1,4,03
17:19:32  A,2142,A2,4,03H
17:19:32  [SLOT] n=906 tx=98 ack=4 due=0 r=1
17:19:32  [AT] "AT+CIPSEND=99" (13)
17:19:32  [AT] " S,884,0110000010,0000000000,1087,P1,09A,2519,B1,4,09A,2520,A1,4,00A,2521,B3,4,00A,2522,A3,4,00" (95)
17:19:32  [AT] "SEND OK" (7)
17:19:32  [AT] "+IPD,68:T,2523,S,B2,1,6C" (24)
17:19:32  [SLOT-OOW] +313ms
17:19:32  [AT] "T,2524,S,A2,1,68" (16)
17:19:32  [AT] "T,2525,S,A5,1,6E" (16)
17:19:32  [AT] "T,2526,S,A4,1,6C" (16)
17:19:32  [AT] "OK" (2)
17:19:33  [TX] S,885,0110000010,0000000000,1088,P1,07
17:19:33  A,2523,B2,4,03
17:19:33  A,2524,A2,4,07
17:19:33  A,2525,A5,4,01
17:19:33  A,2526,A4,4,03A,2139,B1,4,0F
17:19:33  A,2140,A4,4,07
17:19:33  A,2141,A1,4,03
17:19:33  A,2142,A2,4,03H
17:19:33  [SLOT] n=907 tx=98 ack=4 due=0 r=1
17:19:33  [AT] "AT+CIPSEND=99" (13)
17:19:33  [AT] " S,885,0110000010,0000000000,1088,P1,07A,2523,B2,4,03A,2524,A2,4,07A,2525,A5,4,01A,2526,A4,4,03" (95)
17:19:33  [AT] "SEND OK" (7)
17:19:33  [AT] "+IPD,68:T,2527,S,A1,1,68" (24)
17:19:33  [SLOT-OOW] +292ms
17:19:33  [AT] "T,2528,S,B1,1,64" (16)
17:19:33  [AT] "T,2529,S,B3,1,67" (16)
17:19:33  [AT] "T,2530,S,A3,1,6C" (16)
17:19:33  [AT] "OK" (2)
17:19:34  [TX] S,886,0110000010,0000000000,1089,P1,05
17:19:34  A,2527,A1,4,07
17:19:34  A,2528,B1,4,0B
17:19:34  A,2529,B3,4,08
17:19:34  A,2530,A3,4,03A,2139,B1,4,0F
17:19:34  A,2140,A4,4,07
17:19:34  A,2141,A1,4,03
17:19:34  A,2142,A2,4,03H
17:19:34  [SLOT] n=908 tx=98 ack=4 due=0 r=1
17:19:34  [AT] "AT+CIPSEND=99" (13)
17:19:34  [AT] " S,886,0110000010,0000000000,1089,P1,05A,2527,A1,4,07A,2528,B1,4,0BA,2529,B3,4,08A,2530,A3,4,03" (95)
17:19:34  [AT] "SEND OK" (7)
17:19:34  [AT] "+IPD,68:T,2531,S,A4,1,6A" (24)
17:19:34  [SLOT-OOW] +324ms
17:19:34  [AT] "T,2532,S,A2,1,6F" (16)
17:19:34  [AT] "T,2533,S,A" (10)
17:19:34  [CKSUM NG] T,2533,S,A
17:19:34  [AT] "T,2534,S,B2,1,6A" (16)
17:19:34  [AT] "OK" (2)
17:19:36  [TX] S,887,0110000010,0000000000,1090,P1,0C
17:19:36  A,2531,A4,4,05
17:19:36  A,2532,A2,4,00
17:19:36  A,2534,B2,4,05
17:19:36  A,2530,A3,4,03A,2139,B1,4,0F
17:19:36  A,2140,A4,4,07
17:19:36  A,2141,A1,4,03
17:19:36  A,2142,A2,4,03H
17:19:36  [SLOT] n=909 tx=83 ack=3 due=0 r=1
17:19:36  [AT] "AT+CIPSEND=84" (13)
17:19:36  [AT] " S,887,0110000010,0000000000,1090,P1,0CA,2531,A4,4,05A,2532,A2,4,00A,2534,B2,4,05" (81)
17:19:36  [AT] "SEND OK" (7)
17:19:36  [AT] "+IPD,68:T,2535,S,B1,1,68" (24)
17:19:36  [SLOT-OOW] +284ms
17:19:36  [AT] "T,2536,S,B3,1,69" (16)
17:19:36  [AT] "T,2537,S,A1,1,69" (16)
17:19:36  [AT] "T,2538,S,A3,1,64" (16)
17:19:36  [AT] "OK" (2)
17:19:37  [TX] S,888,0110000010,0000000000,1092,P1,01
17:19:37  A,2535,B1,4,07
17:19:37  A,2536,B3,4,06
17:19:37  A,2537,A1,4,06
17:19:37  A,2538,A3,4,0BA,2139,B1,4,0F
17:19:37  A,2140,A4,4,07
17:19:37  A,2141,A1,4,03
17:19:37  A,2142,A2,4,03H
17:19:37  [SLOT] n=910 tx=98 ack=4 due=0 r=1
17:19:37  [AT] "AT+CIPSEND=99" (13)
17:19:37  [AT] " S,888,0110000010,0000000000,1092,P1,01A,2535,B1,4,07A,2536,B3,4,06A,2537,A1,4,06A,2538,A3,4,0B" (95)
17:19:37  [AT] "SEND OK" (7)
17:19:37  [AT] "+IPD,51:T,2539,S,A2,1,64" (24)
17:19:37  [SLOT-OOW] +315ms
17:19:37  [AT] "T,2540,S,B2,1,69" (16)
17:19:37  [AT] "T,2541,S,A4,1,6D" (16)
17:19:37  [AT] "OK" (2)
17:19:38  [TX] S,889,0110000010,0000000000,1093,P1,01
17:19:38  A,2539,A2,4,0B
17:19:38  A,2540,B2,4,06
17:19:38  A,2541,A4,4,02
17:19:38  A,2538,A3,4,0BA,2139,B1,4,0F
17:19:38  A,2140,A4,4,07
17:19:38  A,2141,A1,4,03
17:19:38  A,2142,A2,4,03H
17:19:38  [SLOT] n=911 tx=83 ack=3 due=0 r=1
17:19:38  [AT] "AT+CIPSEND=84" (13)
17:19:38  [AT] " S,889,0110000010,0000000000,1093,P1,01A,2539,A2,4,0BA,2540,B2,4,06A,2541,A4,4,02" (81)
17:19:38  [AT] "SEND OK" (7)
17:19:38  [AT] "+IPD,68:T,2533,S,A5,1,69" (24)
17:19:38  [SLOT-OOW] +266ms
17:19:38  [AT] "T,2542,S,B1,1,68" (16)
17:19:38  [AT] "T,2543,S,A1,1,6A" (16)
17:19:38  [AT] "T,2544,S,B3,1,6C" (16)
17:19:38  [AT] "OK" (2)
17:19:39  [TX] S,890,0110000010,0000000000,1094,P1,0E
17:19:39  A,2533,A5,4,06
17:19:39  A,2542,B1,4,07
17:19:39  A,2543,A1,4,05
17:19:39  A,2544,B3,4,03A,2139,B1,4,0F
17:19:39  A,2140,A4,4,07
17:19:39  A,2141,A1,4,03
17:19:39  A,2142,A2,4,03H
17:19:39  [SLOT] n=912 tx=98 ack=4 due=0 r=1
17:19:39  [AT] "AT+CIPSEND=99" (13)
17:19:39  [AT] " S,890,0110000010,0000000000,1094,P1,0EA,2533,A5,4,06A,2542,B1,4,07A,2543,A1,4,05A,2544,B3,4,03" (95)
17:19:39  [AT] "SEND OK" (7)
17:19:39  [AT] "+IPD,68:T,2545,S,A3,1,6E" (24)
17:19:39  [SLOT-OOW] +317ms
17:19:39  [AT] "T,2546,S,B2,1,6F" (16)
17:19:39  [AT] "T,2547,S,A4,1,6B" (16)
17:19:39  [AT] "T,2548,S,A2,1,62" (16)
17:19:39  [AT] "OK" (2)
17:19:40  [TX] S,891,0110000010,0000000000,1095,P1,0E
17:19:40  A,2545,A3,4,01
17:19:40  A,2546,B2,4,00
17:19:40  A,2547,A4,4,04
17:19:40  A,2548,A2,4,0DA,2139,B1,4,0F
17:19:40  A,2140,A4,4,07
17:19:40  A,2141,A1,4,03
17:19:40  A,2142,A2,4,03H
17:19:40  [SLOT] n=913 tx=98 ack=4 due=0 r=1
17:19:40  [AT] "AT+CIPSEND=99" (13)
17:19:40  [AT] " S,891,0110000010,0000000000,1095,P1,0EA,2545,A3,4,01A,2546,B2,4,00A,2547,A4,4,04A,2548,A2,4,0D" (95)
17:19:40  [AT] "SEND OK" (7)
17:19:40  [AT] "+IPD,68:T,2549,S,A5,1,64" (24)
17:19:40  [SLOT-OOW] +288ms
17:19:40  [AT] "T,2550,S,B1,1,6B" (16)
17:19:40  [AT] "T,2551,S,A1,1,69" (16)
17:19:40  [AT] "T,2552,S,B3,1,6B" (16)
17:19:40  [AT] "OK" (2)
17:19:42  [TX] S,892,0110000010,0000000000,1096,P1,0E
17:19:42  A,2549,A5,4,0B
17:19:42  A,2550,B1,4,04
17:19:42  A,2551,A1,4,06
17:19:42  A,2552,B3,4,04A,2139,B1,4,0F
17:19:42  A,2140,A4,4,07
17:19:42  A,2141,A1,4,03
17:19:42  A,2142,A2,4,03H
17:19:42  [SLOT] n=914 tx=98 ack=4 due=0 r=1
17:19:42  [AT] " S,892,0110000010,0000000000,1096,P1,0EA,2549,A5,4,0BA,2550,B1,4,04A,2551,A1,4,06A,2552,B3,4,04" (95)
17:19:42  [AT] "SEND OK" (7)
17:19:42  [AT] "+IPD,68:T,2553,S,B2,1,6B" (24)
17:19:42  [SLOT-OOW] +314ms
17:19:42  [AT] "T,2554,S,A2,1,6F" (16)
17:19:42  [AT] "T,2555,S,A3,1,6F" (16)
17:19:42  [AT] "T,2556,S,A4,1,6B" (16)
17:19:42  [AT] "OK" (2)
17:19:42  [AT] "AT+CIPSEND=99" (13)
17:19:43  [TX] S,893,0110000010,0000000000,1098,P1,01
17:19:43  A,2553,B2,4,04
17:19:43  A,2554,A2,4,00
17:19:43  A,2555,A3,4,00
17:19:43  A,2556,A4,4,04A,2139,B1,4,0F
17:19:43  A,2140,A4,4,07
17:19:43  A,2141,A1,4,03
17:19:43  A,2142,A2,4,03H
17:19:43  [SLOT] n=915 tx=98 ack=4 due=0 r=1
17:19:43  [AT] "AT+CIPSEND=99" (13)
17:19:43  [AT] " S,893,0110000010,0000000000,1098,P1,01A,2553,B2,4,04A,2554,A2,4,00A,2555,A3,4,00A,2556,A4,4,04" (95)
17:19:43  [AT] "SEND OK" (7)
17:19:43  [AT] "+IPD,68:T,2557,S,A1,1,6F" (24)
17:19:43  [SLOT-OOW] +343ms
17:19:43  [AT] "T,2558,S,B1,1,63" (16)
17:19:43  [AT] "T,2559,S,A5,1,65" (16)
17:19:43  [AT] "T,2560,S,B3,1,6A" (16)
17:19:43  [AT] "OK" (2)
17:19:44  [TX] S,894,0110000010,0000000000,1099,P1,07
17:19:44  A,2557,A1,4,00
17:19:44  A,2558,B1,4,0C
17:19:44  A,2559,A5,4,0A
17:19:44  A,2560,B3,4,05A,2139,B1,4,0F
17:19:44  A,2140,A4,4,07
17:19:44  A,2141,A1,4,03
17:19:44  A,2142,A2,4,03H
17:19:44  [SLOT] n=916 tx=98 ack=4 due=0 r=1
17:19:44  [AT] "AT+CIPSEND=99" (13)
17:19:44  [AT] " S,894,0110000010,0000000000,1099,P1,07A,2557,A1,4,00A,2558,B1,4,0CA,2559,A5,4,0AA,2560,B3,4,05" (95)
17:19:44  [AT] "SEND OK" (7)
17:19:44  [AT] "+IPD,68:T,2561,S,B2,1,6A" (24)
17:19:44  [SLOT-OOW] +295ms
17:19:44  [AT] "T,2562,S,A4,1,6C" (16)
17:19:44  [AT] "T,2563,S,A2,1,6B" (16)
17:19:44  [AT] "T,2564,S,A3,1,6D" (16)
17:19:44  [AT] "OK" (2)
17:19:45  [TX] S,895,0110000010,0000000000,1100,P1,07
17:19:45  A,2561,B2,4,05
17:19:45  A,2562,A4,4,03
17:19:45  A,2563,A2,4,04
17:19:45  A,2564,A3,4,02A,2139,B1,4,0F
17:19:45  A,2140,A4,4,07
17:19:45  A,2141,A1,4,03
17:19:45  A,2142,A2,4,03H
17:19:45  [SLOT] n=917 tx=98 ack=4 due=0 r=1
17:19:45  [AT] "AT+CIPSEND=99" (13)
17:19:45  [AT] " S,895,0110000010,0000000000,1100,P1,07A,2561,B2,4,05A,2562,A4,4,03A,2563,A2,4,04A,2564,A3,4,02" (95)
17:19:45  [AT] "SEND OK" (7)
17:19:45  [AT] "+IPD,68:T,2565,S,A1,1,6E" (24)
17:19:45  [SLOT-OOW] +305ms
17:19:45  [AT] "T,2566,S,B1,1,6E" (16)
17:19:45  [AT] "T,2567,S,B3,1,6D" (16)
17:19:45  [AT] "T,2568,S,A5,1,67" (16)
17:19:45  [AT] "OK" (2)
17:19:46  [TX] S,896,0110000010,0000000000,1101,P1,05
17:19:46  A,2565,A1,4,01
17:19:46  A,2566,B1,4,01
17:19:46  A,2567,B3,4,02
17:19:46  A,2568,A5,4,08A,2139,B1,4,0F
17:19:46  A,2140,A4,4,07
17:19:46  A,2141,A1,4,03
17:19:46  A,2142,A2,4,03H
17:19:46  [SLOT] n=918 tx=98 ack=4 due=0 r=1
17:19:46  [AT] "AT+CIPSEND=99" (13)
17:19:46  [AT] " S,896,0110000010,0000000000,1101,P1,05A,2565,A1,4,01A,2566,B1,4,01A,2567,B3,4,02A,2568,A5,4,08" (95)
17:19:46  [AT] "SEND OK" (7)
17:19:46  [AT] "+IPD,68:T,2569,S,B2,1,62" (24)
17:19:46  [SLOT-OOW] +326ms
17:19:46  [AT] "T,2570,S,A2,1,69" (16)
17:19:46  [AT] "T,2571,S,A,2572,S,A4,1,6D" (25)
17:19:46  [CKSUM NG] T,2571,S,A,2572,S,A4,1,6D
17:19:46  [AT] "OK" (2)
17:19:47  [TX] S,897,0110000010,0000000000,1102,P1,07
17:19:47  A,2569,B2,4,0D
17:19:47  A,2570,A2,4,06
17:19:47  A,2567,B3,4,02
17:19:47  A,2568,A5,4,08A,2139,B1,4,0F
17:19:47  A,2140,A4,4,07
17:19:47  A,2141,A1,4,03
17:19:47  A,2142,A2,4,03H
17:19:47  [SLOT] n=919 tx=68 ack=2 due=0 r=1
17:19:48  [AT] " S,897,0110000010,0000000000,1102,P1,07A,2569,B2,4,0DA,2570,A2,4,06" (67)
17:19:48  [AT] "SEND OK" (7)
17:19:48  [AT] "+IPD,68:T,2573,S,B3,1,68" (24)
17:19:48  [SLOT-OOW] +244ms
17:19:48  [AT] "T,2574,S,A1,1,6E" (16)
17:19:48  [AT] "T,2575,S,A5,1,6B" (16)
17:19:48  [AT] "T,2576,S,B1,1,6F" (16)
17:19:48  [AT] "OK" (2)
17:19:48  [AT] "AT+CIPSEND=69" (13)
17:19:49  [TX] S,898,0110000010,0000000000,1104,P1,0E
17:19:49  A,2573,B3,4,07
17:19:49  A,2574,A1,4,01
17:19:49  A,2575,A5,4,04
17:19:49  A,2576,B1,4,00A,2139,B1,4,0F
17:19:49  A,2140,A4,4,07
17:19:49  A,2141,A1,4,03
17:19:49  A,2142,A2,4,03H
17:19:49  [SLOT] n=920 tx=98 ack=4 due=0 r=1
17:19:49  [AT] "AT+CIPSEND=99" (13)
17:19:49  [AT] " S,898,0110000010,0000000000,1104,P1,0EA,2573,B3,4,07A,2574,A1,4,01A,2575,A5,4,04A,2576,B1,4,00" (95)
17:19:49  [AT] "SEND OK" (7)
17:19:49  [AT] "+IPD,34:T,2577,S,A2,1,6E" (24)
17:19:49  [SLOT-OOW] +308ms
17:19:49  [AT] "T,2578,S,B2,1,62" (16)
17:19:49  [AT] "OK" (2)
17:19:50  [TX] S,899,0110000010,0000000000,1105,P1,0E
17:19:50  A,2577,A2,4,01
17:19:50  A,2578,B2,4,0D
17:19:50  A,2575,A5,4,04
17:19:50  A,2576,B1,4,00A,2139,B1,4,0F
17:19:50  A,2140,A4,4,07
17:19:50  A,2141,A1,4,03
17:19:50  A,2142,A2,4,03H
17:19:50  [SLOT] n=921 tx=68 ack=2 due=0 r=1
17:19:50  [AT] "AT+CIPSEND=69" (13)
17:19:50  [AT] " S,899,0110000010,0000000000,1105,P1,0EA,2577,A2,4,01A,2578,B2,4,0D" (67)
17:19:50  [AT] "SEND OK" (7)
17:19:50  [AT] "+IPD,68:T,2571,S,A3,1,69" (24)
17:19:50  [SLOT-OOW] +278ms
17:19:50  [AT] "T,2572,S,A4,1,6D" (16)
17:19:50  [AT] "T,2579,S,B3,1,62" (16)
17:19:50  [AT] "T,2580,S,B1,1,66" (16)
17:19:50  [AT] "OK" (2)
17:19:51  [TX] S,900,0110000010,0000000000,1106,P1,0C
17:19:51  A,2571,A3,4,06
17:19:51  A,2572,A4,4,02
17:19:51  A,2579,B3,4,0D
17:19:51  A,2580,B1,4,09A,2139,B1,4,0F
17:19:51  A,2140,A4,4,07
17:19:51  A,2141,A1,4,03
17:19:51  A,2142,A2,4,03H
17:19:51  [SLOT] n=922 tx=98 ack=4 due=0 r=1
17:19:51  [AT] "AT+CIPSEND=99" (13)
17:19:51  [AT] " S,900,0110000010,0000000000,1106,P1,0CA,2571,A3,4,06A,2572,A4,4,02A,2579,B3,4,0DA,2580,B1,4,09" (95)
17:19:51  [AT] "SEND OK" (7)
17:19:51  [AT] "+IPD,68:T,2581,S,A1,1,64" (24)
17:19:51  [SLOT-OOW] +316ms
17:19:51  [AT] "T,2582,S,A5,1,63" (16)
17:19:51  [AT] "T,2583,S,B2,1,66" (16)
17:19:51  [AT] "T,2584,S,A2,1,62" (16)
17:19:51  [AT] "OK" (2)
17:19:52  [TX] S,901,0110000010,0000000000,1107,P1,0C
17:19:52  A,2581,A1,4,0B
17:19:52  A,2582,A5,4,0C
17:19:52  A,2583,B2,4,09
17:19:52  A,2584,A2,4,0DA,2139,B1,4,0F
17:19:52  A,2140,A4,4,07
17:19:52  A,2141,A1,4,03
17:19:52  A,2142,A2,4,03H
17:19:52  [SLOT] n=923 tx=98 ack=4 due=0 r=1
17:19:52  [AT] "AT+CIPSEND=99" (13)
17:19:52  [AT] " S,901,0110000010,0000000000,1107,P1,0CA,2581,A1,4,0BA,2582,A5,4,0CA,2583,B2,4,09A,2584,A2,4,0D" (95)
17:19:52  [AT] "SEND OK" (7)
17:19:52  [AT] "+IPD,68:T,2585,S,A3,1,62" (24)
17:19:52  [SLOT-OOW] +290ms
17:19:52  [AT] "T,2586,S,B3,1,62" (16)
17:19:52  [AT] "T,2587,S,A4,1,67" (16)
17:19:52  [AT] "T,2588,S,B1,1,6E" (16)
17:19:52  [AT] "OK" (2)
17:19:53  [TX] S,902,0110000010,0000000000,1108,P1,00
17:19:53  A,2585,A3,4,0D
17:19:53  A,2586,B3,4,0D
17:19:53  A,2587,A4,4,08
17:19:53  A,2588,B1,4,01A,2139,B1,4,0F
17:19:53  A,2140,A4,4,07
17:19:53  A,2141,A1,4,03
17:19:53  A,2142,A2,4,03H
17:19:53  [SLOT] n=924 tx=98 ack=4 due=0 r=1
17:19:53  [AT] "AT+CIPSEND=99" (13)
17:19:54  [AT] " S,902,0110000010,0000000000,1108,P1,00A,2585,A3,4,0DA,2586,B3,4,0DA,2587,A4,4,08A,2588,B1,4,01" (95)
17:19:54  [AT] "SEND OK" (7)
17:19:54  [AT] "+IPD,68:T,2589,S,A5,1,68" (24)
17:19:54  [SLOT-OOW] +398ms
17:19:54  [AT] "T,2590,S,A1,1,64" (16)
17:19:54  [AT] "T,2591,S,A2,1,66" (16)
17:19:54  [AT] "T,2592,S,B2,1,66" (16)
17:19:54  [AT] "OK" (2)
17:19:55  [TX] S,903,0110000010,0000000000,1110,P1,08
17:19:55  A,2589,A5,4,07
17:19:55  A,2590,A1,4,0B
17:19:55  A,2591,A2,4,09
17:19:55  A,2592,B2,4,09A,2139,B1,4,0F
17:19:55  A,2140,A4,4,07
17:19:55  A,2141,A1,4,03
17:19:55  A,2142,A2,4,03H
17:19:55  [SLOT] n=925 tx=98 ack=4 due=0 r=1
17:19:55  [AT] "AT+CIPSEND=99" (13)
17:19:55  [AT] " S,903,0110000010,0000000000,1110,P1,08A,2589,A5,4,07A,2590,A1,4,0BA,2591,A2,4,09A,2592,B2,4,09" (95)
17:19:55  [AT] "SEND OK" (7)
17:19:55  [AT] "+IPD,68:T,2593,S,A3,1,65" (24)
17:19:55  [SLOT-OOW] +294ms
17:19:55  [AT] "T,2594,S,B3,1,61" (16)
17:19:55  [AT] "T,2595,S,B1,1,62" (16)
17:19:55  [AT] "T,2596,S,A4,1,67" (16)
17:19:55  [AT] "OK" (2)
17:19:56  [TX] S,904,0110000010,0000000000,1111,P1,0E
17:19:56  A,2593,A3,4,0A
17:19:56  A,2594,B3,4,0E
17:19:56  A,2595,B1,4,0D
17:19:56  A,2596,A4,4,08A,2139,B1,4,0F
17:19:56  A,2140,A4,4,07
17:19:56  A,2141,A1,4,03
17:19:56  A,2142,A2,4,03H
17:19:56  [SLOT] n=926 tx=98 ack=4 due=0 r=1
17:19:56  [AT] " S,904,0110000010,0000000000,1111,P1,0EA,2593,A3,4,0AA,2594,B3,4,0EA,2595,B1,4,0DA,2596,A4,4,08" (95)
17:19:56  [AT] "SEND OK" (7)
17:19:56  [AT] "+IPD,68:T,2597,S,A5,1,67" (24)
17:19:56  [SLOT-OOW] +330ms
17:19:56  [AT] "T,2598,S,A1,1,6C" (16)
17:19:56  [AT] "T,2599,S,BA2,1,6D" (17)
17:19:56  [CKSUM NG] T,2599,S,BA2,1,6D
17:19:56  [AT] "OK" (2)
17:19:56  [AT] "AT+CIPSEND=99" (13)
17:19:57  [TX] S,905,0110000010,0000000000,1112,P1,0C
17:19:57  A,2597,A5,4,08
17:19:57  A,2598,A1,4,03
17:19:57  A,2595,B1,4,0D
17:19:57  A,2596,A4,4,08A,2139,B1,4,0F
17:19:57  A,2140,A4,4,07
17:19:57  A,2141,A1,4,03
17:19:57  A,2142,A2,4,03H
17:19:57  [SLOT] n=927 tx=68 ack=2 due=0 r=1
17:19:57  [AT] "AT+CIPSEND=69" (13)
17:19:57  [AT] " S,905,0110000010,0000000000,1112,P1,0CA,2597,A5,4,08A,2598,A1,4,03" (67)
17:19:57  [AT] "SEND OK" (7)
17:19:57  [AT] "+IPD,68:T,2601,S,A3,1,6D" (24)
17:19:57  [SLOT-OOW] +245ms
17:19:57  [AT] "T,2602,S,A4,1,69" (16)
17:19:57  [AT] "T,2603,S,B3,1,6C" (16)
17:19:57  [AT] "T,2604,S,B1,1,69" (16)
17:19:57  [AT] "OK" (2)
17:19:58  [TX] S,906,0110000010,0000000000,1113,P1,0E
17:19:58  A,2601,A3,4,02
17:19:58  A,2602,A4,4,06
17:19:58  A,2603,B3,4,03
17:19:58  A,2604,B1,4,06A,2139,B1,4,0F
17:19:58  A,2140,A4,4,07
17:19:58  A,2141,A1,4,03
17:19:58  A,2142,A2,4,03H
17:19:58  [SLOT] n=928 tx=98 ack=4 due=0 r=1
17:19:58  [AT] "AT+CIPSEND=99" (13)
17:19:58  [AT] " S,906,0110000010,0000000000,1113,P1,0EA,2601,A3,4,02A,2602,A4,4,06A,2603,B3,4,03A,2604,B1,4,06" (95)
17:19:58  [AT] "SEND OK" (7)
17:19:58  [AT] "+IPD,34:T,2605,S,A5,1,6F" (24)
17:19:58  [SLOT-OOW] +293ms
17:19:58  [AT] "T,2606,S,A1,1,68" (16)
17:19:58  [AT] "OK" (2)
17:19:59  [TX] S,907,0110000010,0000000000,1114,P1,08
17:19:59  A,2605,A5,4,00
17:19:59  A,2606,A1,4,07
17:19:59  A,2603,B3,4,03
17:19:59  A,2604,B1,4,06A,2139,B1,4,0F
17:19:59  A,2140,A4,4,07
17:19:59  A,2141,A1,4,03
17:19:59  A,2142,A2,4,03H
17:19:59  [SLOT] n=929 tx=68 ack=2 due=0 r=1
17:19:59  [AT] " S,907,0110000010,0000000000,1114,P1,08A,2605,A5,4,00A,2606,A1,4,07" (67)
17:19:59  [AT] "SEND OK" (7)
17:19:59  [AT] "+IPD,68:T,2599,S,B2,1,6D" (24)
17:19:59  [SLOT-OOW] +249ms
17:19:59  [AT] "T,2600,S,A2,1,6D" (16)
17:19:59  [AT] "T,2607,S,A3,1,6B" (16)
17:19:59  [AT] "T,2608,S,B3,1,67" (16)
17:19:59  [AT] "OK" (2)
17:19:59  [AT] "AT+CIPSEND=69" (13)
17:20:01  [TX] S,908,0110000010,0000000000,1116,P1,05
17:20:01  A,2599,B2,4,02
17:20:01  A,2600,A2,4,02
17:20:01  A,2607,A3,4,04
17:20:01  A,2608,B3,4,08A,2139,B1,4,0F
17:20:01  A,2140,A4,4,07
17:20:01  A,2141,A1,4,03
17:20:01  A,2142,A2,4,03H
17:20:01  [SLOT] n=930 tx=98 ack=4 due=0 r=1
17:20:01  [AT] " S,908,0110000010,0000000000,1116,P1,05A,2599,B2,4,02A,2600,A2,4,02A,2607,A3,4,04A,2608,B3,4,08" (95)
17:20:01  [AT] "SEND OK" (7)
17:20:01  [AT] "+IPD,68:T,2609,S,A4,1,62" (24)
17:20:01  [SLOT-OOW] +318ms
17:20:01  [AT] "T,2610,S,B1,1,6C" (16)
17:20:01  [AT] "T,2611,S,A,6E" (13)
17:20:01  [CKSUM NG] T,2611,S,A,6E
17:20:01  [AT] "T,2612,S,A5,1,69" (16)
17:20:01  [AT] "OK" (2)
17:20:01  [AT] "AT+CIPSEND=99" (13)
17:20:02  [TX] S,909,0110000010,0000000000,1117,P1,05
17:20:02  A,2609,A4,4,0D
17:20:02  A,2610,B1,4,03
17:20:02  A,2612,A5,4,06
17:20:02  A,2608,B3,4,08A,2139,B1,4,0F
17:20:02  A,2140,A4,4,07
17:20:02  A,2141,A1,4,03
17:20:02  A,2142,A2,4,03H
17:20:02  [SLOT] n=931 tx=83 ack=3 due=0 r=1
17:20:02  [AT] " S,909,0110000010,0000000000,1117,P1,05A,2609,A4,4,0DA,2610,B1,4,03A,2612,A5,4,06" (81)
17:20:02  [AT] "SEND OK" (7)
17:20:02  [AT] "+IPD,68:T,2613,S,A2,1,6F" (24)
17:20:02  [SLOT-OOW] +298ms
17:20:02  [AT] "T,2614,S,B2,1,6B" (16)
17:20:02  [AT] "T,2615,S,BA3,1,6B" (17)
17:20:02  [CKSUM NG] T,2615,S,BA3,1,6B
17:20:02  [AT] "OK" (2)
17:20:02  [AT] "AT+CIPSEND=84" (13)
17:20:03  [TX] S,910,0110000010,0000000000,1118,P1,02
17:20:03  A,2613,A2,4,00
17:20:03  A,2614,B2,4,04
17:20:03  A,2612,A5,4,06
17:20:03  A,2608,B3,4,08A,2139,B1,4,0F
17:20:03  A,2140,A4,4,07
17:20:03  A,2141,A1,4,03
17:20:03  A,2142,A2,4,03H
17:20:03  [SLOT] n=932 tx=68 ack=2 due=0 r=1
17:20:03  [AT] "AT+CIPSEND=69" (13)
17:20:03  [AT] " S,910,0110000010,0000000000,1118,P1,02A,2613,A2,4,00A,2614,B2,4,04" (67)
17:20:03  [AT] "SEND OK" (7)
17:20:03  [AT] "+IPD,51:T,2617,S,A5,1,6C" (24)
17:20:03  [SLOT-OOW] +228ms
17:20:03  [AT] "T,2618,S,B1,1,64" (16)
17:20:03  [AT] "T,2619,S,A4,1,63" (16)
17:20:03  [AT] "OK" (2)
17:20:04  [TX] S,911,0110000010,0000000000,1119,P1,02
17:20:04  A,2617,A5,4,03
17:20:04  A,2618,B1,4,0B
17:20:04  A,2619,A4,4,0C
17:20:04  A,2608,B3,4,08A,2139,B1,4,0F
17:20:04  A,2140,A4,4,07
17:20:04  A,2141,A1,4,03
17:20:04  A,2142,A2,4,03H
17:20:04  [SLOT] n=933 tx=83 ack=3 due=0 r=1
17:20:04  [AT] "AT+CIPSEND=84" (13)
17:20:04  [AT] " S,911,0110000010,0000000000,1119,P1,02A,2617,A5,4,03A,2618,B1,4,0BA,2619,A4,4,0C" (81)
17:20:04  [AT] "SEND OK" (7)
17:20:04  [AT] "+IPD,51:T,2620,S,B2,1,6C" (24)
17:20:04  [SLOT-OOW] +252ms
17:20:04  [AT] "T,2621,S,A2,1,6E" (16)
17:20:04  [AT] "T,2611,S,A1,1,6E" (16)
17:20:04  [AT] "OK" (2)
17:20:05  [TX] S,912,0110000010,0000000000,1120,P1,0B
17:20:05  A,2620,B2,4,03
17:20:05  A,2621,A2,4,01
17:20:05  A,2611,A1,4,01
17:20:05  A,2608,B3,4,08A,2139,B1,4,0F
17:20:05  A,2140,A4,4,07
17:20:05  A,2141,A1,4,03
17:20:05  A,2142,A2,4,03H
17:20:05  [SLOT] n=934 tx=83 ack=3 due=0 r=1
17:20:05  [AT] "AT+CIPSEND=84" (13)
17:20:05  [AT] " S,912,0110000010,0000000000,1120,P1,0BA,2620,B2,4,03A,2621,A2,4,01A,2611,A1,4,01" (81)
17:20:05  [AT] "SEND OK" (7)
17:20:05  [AT] "+IPD,68:T,2615,S,B3,1,6B" (24)
17:20:06  [SLOT-OOW] +273ms
17:20:06  [AT] "T,2616,S,A3,1,6B" (16)
17:20:06  [AT] "T,2622,S,A5,1,6A" (16)
17:20:06  [AT] "T,2623,S,B1,1,6C" (16)
17:20:06  [AT] "OK" (2)
17:20:07  [TX] S,913,0110000010,0000000000,1122,P1,08
17:20:07  A,2615,B3,4,04
17:20:07  A,2616,A3,4,04
17:20:07  A,2622,A5,4,05
17:20:07  A,2623,B1,4,03A,2139,B1,4,0F
17:20:07  A,2140,A4,4,07
17:20:07  A,2141,A1,4,03
17:20:07  A,2142,A2,4,03H
17:20:07  [SLOT] n=935 tx=98 ack=4 due=0 r=1
17:20:07  [AT] "AT+CIPSEND=99" (13)
17:20:07  [AT] " S,913,0110000010,0000000000,1122,P1,08A,2615,B3,4,04A,2616,A3,4,04A,2622,A5,4,05A,2623,B1,4,03" (95)
17:20:07  [AT] "SEND OK" (7)
17:20:07  [AT] "+IPD,68:T,2624,S,A4,1,6D" (24)
17:20:07  [SLOT-OOW] +304ms
17:20:07  [AT] "T,2625,S,A1,1,69" (16)
17:20:07  [AT] "T,2626,S,A2,1,69" (16)
17:20:07  [AT] "T,2627,S,B2,1,6B" (16)
17:20:07  [AT] "OK" (2)
17:20:08  [TX] S,914,0110000010,0000000000,1123,P1,0E
17:20:08  A,2624,A4,4,02
17:20:08  A,2625,A1,4,06
17:20:08  A,2626,A2,4,06
17:20:08  A,2627,B2,4,04A,2139,B1,4,0F
17:20:08  A,2140,A4,4,07
17:20:08  A,2141,A1,4,03
17:20:08  A,2142,A2,4,03H
17:20:08  [SLOT] n=936 tx=98 ack=4 due=0 r=1
17:20:08  [AT] " S,914,0110000010,0000000000,1123,P1,0EA,2624,A4,4,02A,2625,A1,4,06A,2626,A2,4,06A,2627,B2,4,04" (95)
17:20:08  [AT] "SEND OK" (7)
17:20:08  [AT] "+IPD,68:T,2628,S,B3,1,65" (24)
17:20:08  [SLOT-OOW] +325ms
17:20:08  [AT] "T,2629,S,A3,1,67" (16)
17:20:08  [AT] "T,2630,S,B31,S,A5,1,68" (22)
17:20:08  [CKSUM NG] T,2630,S,B31,S,A5,1,68
17:20:08  [AT] "OK" (2)
17:20:08  [AT] "AT+CIPSEND=99" (13)
17:20:09  [TX] S,915,0110000010,0000000000,1124,P1,08
17:20:09  A,2628,B3,4,0A
17:20:09  A,2629,A3,4,08
17:20:09  A,2626,A2,4,06
17:20:09  A,2627,B2,4,04A,2139,B1,4,0F
17:20:09  A,2140,A4,4,07
17:20:09  A,2141,A1,4,03
17:20:09  A,2142,A2,4,03H
17:20:09  [SLOT] n=937 tx=68 ack=2 due=0 r=1
17:20:09  [AT] "AT+CIPSEND=69" (13)
17:20:09  [AT] " S,915,0110000010,0000000000,1124,P1,08A,2628,B3,4,0AA,2629,A3,4,08" (67)
17:20:09  [AT] "SEND OK" (7)
17:20:09  [AT] "+IPD,51:T,2632,S,A2,1,6C" (24)
17:20:09  [SLOT-OOW] +239ms
17:20:09  [AT] "T,2633,S,A1,1,6E" (16)
17:20:09  [AT] "T,2634,S,A4,1,6C" (16)
17:20:09  [AT] "OK" (2)
17:20:10  [TX] S,916,0110000010,0000000000,1125,P1,0A
17:20:10  A,2632,A2,4,03
17:20:10  A,2633,A1,4,01
17:20:10  A,2634,A4,4,03
17:20:10  A,2627,B2,4,04A,2139,B1,4,0F
17:20:10  A,2140,A4,4,07
17:20:10  A,2141,A1,4,03
17:20:10  A,2142,A2,4,03H
17:20:10  [SLOT] n=938 tx=83 ack=3 due=0 r=1
17:20:10  [AT] "AT+CIPSEND=84" (13)
17:20:10  [AT] " S,916,0110000010,0000000000,1125,P1,0AA,2632,A2,4,03A,2633,A1,4,01A,2634,A4,4,03" (81)
17:20:10  [AT] "SEND OK" (7)
17:20:10  [AT] "+IPD,17:T,2635,S,A3,1,6A" (24)
17:20:10  [SLOT-OOW] +263ms
17:20:10  [AT] "OK" (2)
17:20:11  [TX] S,917,0110000010,0000000000,1126,P1,08
17:20:11  A,2635,A3,4,05
17:20:11  A,2633,A1,4,01
17:20:11  A,2634,A4,4,03
17:20:11  A,2627,B2,4,04A,2139,B1,4,0F
17:20:11  A,2140,A4,4,07
17:20:11  A,2141,A1,4,03
17:20:11  A,2142,A2,4,03H
17:20:11  [SLOT] n=939 tx=53 ack=1 due=0 r=1
17:20:11  [AT] "AT+CIPSEND=54" (13)
17:20:11  [AT] " S,917,0110000010,0000000000,1126,P1,08A,2635,A3,4,05" (53)
17:20:11  [AT] "SEND OK" (7)
17:20:11  [AT] "+IPD,68:T,2636,S,A2,1,68" (24)
17:20:11  [SLOT-OOW] +184ms
17:20:11  [AT] "T,2637,S,A4,1,6F" (16)
17:20:11  [AT] "T,2630,S,B1,1,6E" (16)
17:20:11  [AT] "T,2631,S,A5,1,68" (16)
17:20:11  [AT] "OK" (2)
17:20:13  [TX] S,918,0110000010,0000000000,1128,P1,09
17:20:13  A,2636,A2,4,07
17:20:13  A,2637,A4,4,00
17:20:13  A,2630,B1,4,01
17:20:13  A,2631,A5,4,07A,2139,B1,4,0F
17:20:13  A,2140,A4,4,07
17:20:13  A,2141,A1,4,03
17:20:13  A,2142,A2,4,03H
17:20:13  [SLOT] n=940 tx=98 ack=4 due=0 r=1
17:20:13  [AT] "AT+CIPSEND=99" (13)
17:20:13  [AT] " S,918,0110000010,0000000000,1128,P1,09A,2636,A2,4,07A,2637,A4,4,00A,2630,B1,4,01A,2631,A5,4,07" (95)
17:20:13  [AT] "SEND OK" (7)
17:20:13  [AT] "+IPD,17:T,2638,S,A3,1,67" (24)
17:20:13  [SLOT-OOW] +380ms
17:20:13  [AT] "OK" (2)
17:20:14  [TX] S,919,0110000010,0000000000,1129,P1,09
17:20:14  A,2638,A3,4,08
17:20:14  A,2637,A4,4,00
17:20:14  A,2630,B1,4,01
17:20:14  A,2631,A5,4,07A,2139,B1,4,0F
17:20:14  A,2140,A4,4,07
17:20:14  A,2141,A1,4,03
17:20:14  A,2142,A2,4,03H
17:20:14  [SLOT] n=941 tx=53 ack=1 due=0 r=1
17:20:14  [AT] "AT+CIPSEND=54" (13)
17:20:14  [AT] " S,919,0110000010,0000000000,1129,P1,09A,2638,A3,4,08" (53)
17:20:14  [AT] "SEND OK" (7)
17:20:14  [AT] "+IPD,68:T,2639,S,A4,1,61" (24)
17:20:14  [SLOT-OOW] +210ms
17:20:14  [AT] "T,2640,S,B1,1,69" (16)
17:20:14  [AT] "T,2641,S,A5,1,6F" (16)
17:20:14  [AT] "T,2642,S,A2,1,6B" (16)
17:20:14  [AT] "OK" (2)
17:20:15  [TX] S,920,0110000010,0000000000,1130,P1,0B
17:20:15  A,2639,A4,4,0E
17:20:15  A,2640,B1,4,06
17:20:15  A,2641,A5,4,00
17:20:15  A,2642,A2,4,04A,2139,B1,4,0F
17:20:15  A,2140,A4,4,07
17:20:15  A,2141,A1,4,03
17:20:15  A,2142,A2,4,03H
17:20:15  [SLOT] n=942 tx=98 ack=4 due=0 r=1
17:20:15  [AT] " S,920,0110000010,0000000000,1130,P1,0BA,2639,A4,4,0EA,2640,B1,4,06A,2641,A5,4,00A,2642,A2,4,04" (95)
17:20:15  [AT] "SEND OK" (7)
17:20:15  [AT] "+IPD,17:T,2643,S,A3,1,6B" (24)
17:20:15  [SLOT-OOW] +292ms
17:20:15  [AT] "OK" (2)
17:20:15  [AT] "AT+CIPSEND=99" (13)
17:20:16  [TX] S,921,0110000010,0000000000,1131,P1,0B
17:20:16  A,2643,A3,4,04
17:20:16  A,2640,B1,4,06
17:20:16  A,2641,A5,4,00
17:20:16  A,2642,A2,4,04A,2139,B1,4,0F
17:20:16  A,2140,A4,4,07
17:20:16  A,2141,A1,4,03
17:20:16  A,2142,A2,4,03H
17:20:16  [SLOT] n=943 tx=53 ack=1 due=0 r=1
17:20:16  [AT] "AT+CIPSEND=54" (13)
17:20:16  [AT] " S,921,0110000010,0000000000,1131,P1,0BA,2643,A3,4,04" (53)
17:20:16  [AT] "SEND OK" (7)
17:20:16  [AT] "+IPD,68:T,2644,S,A4,1,6B" (24)
17:20:16  [SLOT-OOW] +209ms
17:20:16  [AT] "T,2645,S,B1,1,6C" (16)
17:20:16  [AT] "T,2646,S,A2,1,6F" (16)
17:20:16  [AT] "T,2647,S,A5,1,69" (16)
17:20:16  [AT] "OK" (2)
17:20:17  [TX] S,922,0110000010,0000000000,1132,P1,0B
17:20:17  A,2644,A4,4,04
17:20:17  A,2645,B1,4,03
17:20:17  A,2646,A2,4,00
17:20:17  A,2647,A5,4,06A,2139,B1,4,0F
17:20:17  A,2140,A4,4,07
17:20:17  A,2141,A1,4,03
17:20:17  A,2142,A2,4,03H
17:20:17  [SLOT] n=944 tx=98 ack=4 due=0 r=1
17:20:17  [AT] "AT+CIPSEND=99" (13)
17:20:17  [AT] " S,922,0110000010,0000000000,1132,P1,0BA,2644,A4,4,04A,2645,B1,4,03A,2646,A2,4,00A,2647,A5,4,06" (95)
17:20:17  [AT] "SEND OK" (7)
17:20:17  [AT] "+IPD,17:T,2648,S,A3,1,60" (24)
17:20:17  [SLOT-OOW] +342ms
17:20:17  [AT] "OK" (2)
17:20:18  [TX] S,923,0110000010,0000000000,1134,P1,0C
17:20:18  A,2648,A3,4,0F
17:20:18  A,2645,B1,4,03
17:20:18  A,2646,A2,4,00
17:20:18  A,2647,A5,4,06A,2139,B1,4,0F
17:20:18  A,2140,A4,4,07
17:20:18  A,2141,A1,4,03
17:20:18  A,2142,A2,4,03H
17:20:18  [SLOT] n=945 tx=53 ack=1 due=0 r=1
17:20:18  [AT] "AT+CIPSEND=54" (13)
17:20:19  [AT] " S,923,0110000010,0000000000,1134,P1,0CA,2648,A3,4,0F" (53)
17:20:19  [AT] "SEND OK" (7)
17:20:19  [AT] "+IPD,17:T,2649,S,A2,1,60" (24)
17:20:19  [SLOT-OOW] +190ms
17:20:19  [AT] "OK" (2)
17:20:20  [TX] S,924,0110000010,0000000000,1135,P1,0A
17:20:20  A,2649,A2,4,0F
17:20:20  A,2645,B1,4,03
17:20:20  A,2646,A2,4,00
17:20:20  A,2647,A5,4,06A,2139,B1,4,0F
17:20:20  A,2140,A4,4,07
17:20:20  A,2141,A1,4,03
17:20:20  A,2142,A2,4,03H
17:20:20  [SLOT] n=946 tx=53 ack=1 due=0 r=1
17:20:20  [AT] "AT+CIPSEND=54" (13)
17:20:20  [AT] " S,924,0110000010,0000000000,1135,P1,0AA,2649,A2,4,0F" (53)
17:20:20  [AT] "SEND OK" (7)
17:20:22  [TX] S,925,0110000010,0000000000,1136,P1,08
17:20:22  [SLOT] n=947 tx=38 ack=0 due=0 r=1
17:20:22  [AT] "AT+CIPSEND=39" (13)
17:20:22  [AT] " S,925,0110000010,0000000000,1136,P1,08" (39)
17:20:22  [AT] "SEND OK" (7)
17:20:22  [AT] "+IPD,17:T,2650,S,A2,1,68" (24)
17:20:22  [SLOT-OOW] +153ms
17:20:22  [AT] "OK" (2)
17:20:23  [TX] S,926,0110000010,0000000000,1137,P1,0A
17:20:23  A,2650,A2,4,07
17:20:23  A,2645,B1,4,03
17:20:23  A,2646,A2,4,00
17:20:23  A,2647,A5,4,06A,2139,B1,4,0F
17:20:23  A,2140,A4,4,07
17:20:23  A,2141,A1,4,03
17:20:23  A,2142,A2,4,03H
17:20:23  [SLOT] n=948 tx=53 ack=1 due=0 r=1
17:20:23  [AT] "AT+CIPSEND=54" (13)
17:20:23  [AT] " S,926,0110000010,0000000000,1137,P1,0AA,2650,A2,4,07" (53)
17:20:23  [AT] "SEND OK" (7)
17:20:24  [TX] S,927,0110000010,0000000000,1138,P1,04
17:20:24  [SLOT] n=949 tx=38 ack=0 due=0 r=1
17:20:24  [AT] "AT+CIPSEND=39" (13)
17:20:24  [AT] " S,927,0110000010,0000000000,1138,P1,04" (39)
17:20:24  [AT] "SEND OK" (7)
17:20:24  [AT] "+IPD,17:T,2651,S,A2,1,69" (24)
17:20:24  [SLOT-OOW] +173ms
17:20:24  [AT] "OK" (2)
17:20:25  [TX] S,928,0110000010,0000000000,1140,P1,04
17:20:25  A,2651,A2,4,06
17:20:25  A,2645,B1,4,03
17:20:25  A,2646,A2,4,00
17:20:25  A,2647,A5,4,06A,2139,B1,4,0F
17:20:25  A,2140,A4,4,07
17:20:25  A,2141,A1,4,03
17:20:25  A,2142,A2,4,03H
17:20:25  [SLOT] n=950 tx=53 ack=1 due=0 r=1
17:20:25  [CNT] up=1140 drop=1 esprst=2 resync=3 sendfail=0 okto=0 stuck=0 ackq=0 ackdrop=0 ackstale=0 slot=950 oow=644 smiss=2 ssovf=58 cksumng=58 okstream=928 penddrop=6 skip=0 online=1
17:20:25  [RAM] 최저 여유 627 B · 프롬프트 재동기 3회 (서버의 '버린줄' 과 맞아야 한다)
17:20:25  [AT] " S,928,0110000010,0000000000,1140,P1,04A,2651,A2,4,06" (53)
17:20:25  [AT] "SEND OK" (7)
17:20:25  [AT] "AT+CIPSEND=54" (13)
17:20:27  [TX] S,929,0110000010,0000000000,1141,P1,04
17:20:27  [SLOT] n=951 tx=38 ack=0 due=0 r=1
17:20:27  [AT] "AT+CIPSEND=39" (13)
17:20:27  [AT] " S,929,0110000010,0000000000,1141,P1,04" (39)
17:20:27  [AT] "SEND OK" (7)
17:20:27  [AT] "+IPD,17:T,2652,S,A2,1,6A" (24)
17:20:27  [SLOT-OOW] +181ms
17:20:27  [AT] "OK" (2)
17:20:28  [TX] S,930,0110000010,0000000000,1142,P1,0F
17:20:28  A,2652,A2,4,05
17:20:28  A,2645,B1,4,03
17:20:28  A,2646,A2,4,00
17:20:28  A,2647,A5,4,06A,2139,B1,4,0F
17:20:28  A,2140,A4,4,07
17:20:28  A,2141,A1,4,03
17:20:28  A,2142,A2,4,03H
17:20:28  [SLOT] n=952 tx=53 ack=1 due=0 r=1
17:20:28  [AT] "AT+CIPSEND=54" (13)
17:20:28  [AT] " S,930,0110000010,0000000000,1142,P1,0FA,2652,A2,4,05" (53)
17:20:28  [AT] "SEND OK" (7)
17:20:29  [TX] S,931,0110000010,0000000000,1143,P1,0F
17:20:29  [SLOT] n=953 tx=38 ack=0 due=0 r=1
17:20:29  [AT] "AT+CIPSEND=39" (13)
17:20:29  [AT] " S,931,0110000010,0000000000,1143,P1,0F" (39)
17:20:29  [AT] "SEND OK" (7)
17:20:30  [TX] S,932,0110000010,0000000000,1144,P1,0B
17:20:30  [SLOT] n=954 tx=38 ack=0 due=0 r=1
17:20:30  [AT] "AT+CIPSEND=39" (13)
17:20:30  [AT] " S,932,0110000010,0000000000,1144,P1,0B" (39)
17:20:30  [AT] "SEND OK" (7)
17:20:31  [TX] S,933,0110000010,0000000000,1146,P1,08
17:20:31  [SLOT] n=955 tx=38 ack=0 due=0 r=1
17:20:31  [AT] "AT+CIPSEND=39" (13)
17:20:31  [AT] " S,933,0110000010,0000000000,1146,P1,08" (39)
17:20:31  [AT] "SEND OK" (7)
17:20:33  [TX] S,934,0110000010,0000000000,1147,P1,0E
17:20:33  [SLOT] n=956 tx=38 ack=0 due=0 r=1
17:20:33  [AT] "AT+CIPSEND=39" (13)
17:20:33  [AT] " S,934,0110000010,0000000000,1147,P1,0E" (39)
17:20:33  [AT] "SEND OK" (7)
17:20:34  [TX] S,935,0110000010,0000000000,1148,P1,00
17:20:34  [SLOT] n=957 tx=38 ack=0 due=0 r=1
17:20:34  [AT] "AT+CIPSEND=39" (13)
17:20:34  [AT] " S,935,0110000010,0000000000,1148,P1,00" (39)
17:20:34  [AT] "SEND OK" (7)
17:20:34  [AT] "+IPD,68:T,2653,S,B1,1,6B" (24)
17:20:34  [SLOT-OOW] +144ms
17:20:34  [AT] "T,2654,S,A1,1,6F" (16)
17:20:34  [AT] "T,2655,S,A3,1,6C" (16)
17:20:34  [AT] "T,2656,S,B3,1,6C" (16)
17:20:34  [AT] "OK" (2)
17:20:35  [TX] S,936,0110000010,0000000000,1149,P1,02
17:20:35  A,2653,B1,4,04
17:20:35  A,2654,A1,4,00
17:20:35  A,2655,A3,4,03
17:20:35  A,2656,B3,4,03A,2139,B1,4,0F
17:20:35  A,2140,A4,4,07
17:20:35  A,2141,A1,4,03
17:20:35  A,2142,A2,4,03H
17:20:35  [SLOT] n=958 tx=98 ack=4 due=0 r=1
17:20:35  [AT] "AT+CIPSEND=99" (13)
17:20:35  [AT] " S,936,0110000010,0000000000,1149,P1,02A,2653,B1,4,04A,2654,A1,4,00A,2655,A3,4,03A,2656,B3,4,03" (95)
17:20:35  [AT] "SEND OK" (7)
17:20:35  [AT] "+IPD,68:T,2657,S,B2,1,6C" (24)
17:20:35  [SLOT-OOW] +326ms
17:20:35  [AT] "T,2658,S,A4,1,66" (16)
17:20:35  [AT] "T,2659,S,A2660,S,A2,1,6B" (24)
17:20:35  [CKSUM NG] T,2659,S,A2660,S,A2,1,6B
17:20:35  [AT] "OK" (2)
17:20:36  [TX] S,937,0110000010,0000000000,1150,P1,0B
17:20:36  A,2657,B2,4,03
17:20:36  A,2658,A4,4,09
17:20:36  A,2655,A3,4,03
17:20:36  A,2656,B3,4,03A,2139,B1,4,0F
17:20:36  A,2140,A4,4,07
17:20:36  A,2141,A1,4,03
17:20:36  A,2142,A2,4,03H
17:20:36  [SLOT] n=959 tx=68 ack=2 due=0 r=1
17:20:36  [AT] " S,937,0110000010,0000000000,1150,P1,0BA,2657,B2,4,03A,2658,A4,4,09" (67)
17:20:36  [AT] "SEND OK" (7)
17:20:36  [AT] "+IPD,68:T,2661,S,B1,1,6A" (24)
17:20:36  [SLOT-OOW] +243ms
17:20:36  [AT] "T,2662,S,A1,1,6A" (16)
17:20:36  [AT] "T,2663,S,A3,1,69" (16)
17:20:36  [AT] "T,2664,S,B3,1,6D" (16)
17:20:36  [AT] "OK" (2)
17:20:36  [AT] "AT+CIPSEND=69" (13)
17:20:37  [TX] S,938,0110000010,0000000000,1152,P1,06
17:20:37  A,2661,B1,4,05
17:20:37  A,2662,A1,4,05
17:20:37  A,2663,A3,4,06
17:20:37  A,2664,B3,4,02A,2139,B1,4,0F
17:20:37  A,2140,A4,4,07
17:20:37  A,2141,A1,4,03
17:20:37  A,2142,A2,4,03H
17:20:37  [SLOT] n=960 tx=98 ack=4 due=0 r=1
17:20:37  [AT] "AT+CIPSEND=99" (13)
17:20:38  [AT] " S,938,0110000010,0000000000,1152,P1,06A,2661,B1,4,05A,2662,A1,4,05A,2663,A3,4,06A,2664,B3,4,02" (95)
17:20:38  [AT] "SEND OK" (7)
17:20:38  [AT] "+IPD,34:T,2665,S,B2,1,6D" (24)
17:20:38  [SLOT-OOW] +367ms
17:20:38  [AT] "T,2666,S,A4,1,6B" (16)
17:20:38  [AT] "OK" (2)
17:20:39  [TX] S,939,0110000010,0000000000,1153,P1,06
17:20:39  A,2665,B2,4,02
17:20:39  A,2666,A4,4,04
17:20:39  A,2663,A3,4,06
17:20:39  A,2664,B3,4,02A,2139,B1,4,0F
17:20:39  A,2140,A4,4,07
17:20:39  A,2141,A1,4,03
17:20:39  A,2142,A2,4,03H
17:20:39  [SLOT] n=961 tx=68 ack=2 due=0 r=1
17:20:39  [AT] "AT+CIPSEND=69" (13)
17:20:39  [AT] " S,939,0110000010,0000000000,1153,P1,06A,2665,B2,4,02A,2666,A4,4,04" (67)
17:20:39  [AT] "SEND OK" (7)
17:20:39  [AT] "+IPD,68:T,2659,S,A5,1,66" (24)
17:20:39  [SLOT-OOW] +235ms
17:20:39  [AT] "T,2660,S,A2,1,6B" (16)
17:20:39  [AT] "T,2667,S,B3,1,6E" (16)
17:20:39  [AT] "T,2668,S,B1,1,63" (16)
17:20:39  [AT] "OK" (2)
17:20:40  [TX] S,940,0110000010,0000000000,1154,P1,0F
17:20:40  A,2659,A5,4,09
17:20:40  A,2660,A2,4,04
17:20:40  A,2667,B3,4,01
17:20:40  A,2668,B1,4,0CA,2139,B1,4,0F
17:20:40  A,2140,A4,4,07
17:20:40  A,2141,A1,4,03
17:20:40  A,2142,A2,4,03H
17:20:40  [SLOT] n=962 tx=98 ack=4 due=0 r=1
17:20:40  [AT] "AT+CIPSEND=99" (13)
17:20:40  [AT] " S,940,0110000010,0000000000,1154,P1,0FA,2659,A5,4,09A,2660,A2,4,04A,2667,B3,4,01A,2668,B1,4,0C" (95)
17:20:40  [AT] "SEND OK" (7)
17:20:40  [AT] "+IPD,68:T,2669,S,A1,1,61" (24)
17:20:40  [SLOT-OOW] +321ms
17:20:40  [AT] "T,2670,S,A3,1,6B" (16)
17:20:40  [AT] "T,2671,S,B68" (12)
17:20:40  [CKSUM NG] T,2671,S,B68
17:20:40  [AT] "T,2672,S,A4,1,6E" (16)
17:20:40  [AT] "OK" (2)
17:20:41  [TX] S,941,0110000010,0000000000,1155,P1,0F
17:20:41  A,2669,A1,4,0E
17:20:41  A,2670,A3,4,04
17:20:41  A,2672,A4,4,01
17:20:41  A,2668,B1,4,0CA,2139,B1,4,0F
17:20:41  A,2140,A4,4,07
17:20:41  A,2141,A1,4,03
17:20:41  A,2142,A2,4,03H
17:20:41  [SLOT] n=963 tx=83 ack=3 due=0 r=1
17:20:41  [AT] " S,941,0110000010,0000000000,1155,P1,0FA,2669,A1,4,0EA,2670,A3,4,04A,2672,A4,4,01" (81)
17:20:41  [AT] "SEND OK" (7)
17:20:41  [AT] "+IPD,68:T,2673,S,A5,1,6E" (24)
17:20:41  [SLOT-OOW] +291ms
17:20:41  [AT] "T,2674,S,B3,1,6C" (16)
17:20:41  [AT] "T,2675,S,AT,2676,S,B1,1,6C" (26)
17:20:41  [CKSUM NG] T,2675,S,AT,2676,S,B1,1,6C
17:20:41  [AT] "OK" (2)
17:20:41  [AT] "AT+CIPSEND=84" (13)
17:20:42  [TX] S,942,0110000010,0000000000,1156,P1,0F
17:20:42  A,2673,A5,4,01
17:20:42  A,2674,B3,4,03
17:20:42  A,2672,A4,4,01
17:20:42  A,2668,B1,4,0CA,2139,B1,4,0F
17:20:42  A,2140,A4,4,07
17:20:42  A,2141,A1,4,03
17:20:42  A,2142,A2,4,03H
17:20:42  [SLOT] n=964 tx=68 ack=2 due=0 r=1
17:20:42  [AT] "AT+CIPSEND=69" (13)
17:20:42  [AT] " S,942,0110000010,0000000000,1156,P1,0FA,2673,A5,4,01A,2674,B3,4,03" (67)
17:20:42  [AT] "SEND OK" (7)
17:20:42  [AT] "+IPD,51:T,2677,S,A1,1,6E" (24)
17:20:42  [SLOT-OOW] +223ms
17:20:42  [AT] "T,2678,S,A4,1,64" (16)
17:20:42  [AT] "T,2679,S,A3,1,62" (16)
17:20:42  [AT] "OK" (2)
17:20:43  [TX] S,943,0110000010,0000000000,1158,P1,00
17:20:43  A,2677,A1,4,01
17:20:43  A,2678,A4,4,0B
17:20:43  A,2679,A3,4,0D
17:20:43  A,2668,B1,4,0CA,2139,B1,4,0F
17:20:43  A,2140,A4,4,07
17:20:43  A,2141,A1,4,03
17:20:43  A,2142,A2,4,03H
17:20:43  [SLOT] n=965 tx=83 ack=3 due=0 r=1
17:20:43  [AT] "AT+CIPSEND=84" (13)
17:20:43  [AT] " S,943,0110000010,0000000000,1158,P1,00A,2677,A1,4,01A,2678,A4,4,0BA,2679,A3,4,0D" (81)
17:20:43  [AT] "SEND OK" (7)
17:20:44  [AT] "+IPD,51:T,2680,S,B3,1,67" (24)
17:20:44  [SLOT-OOW] +277ms
17:20:44  [AT] "T,2681,S,A5,1,63" (16)
17:20:44  [AT] "T,2671,S,B2,1,68" (16)
17:20:44  [AT] "OK" (2)
17:20:45  [TX] S,944,0110000010,0000000000,1159,P1,06
17:20:45  A,2680,B3,4,08
17:20:45  A,2681,A5,4,0C
17:20:45  A,2671,B2,4,07
17:20:45  A,2668,B1,4,0CA,2139,B1,4,0F
17:20:45  A,2140,A4,4,07
17:20:45  A,2141,A1,4,03
17:20:45  A,2142,A2,4,03H
17:20:45  [SLOT] n=966 tx=83 ack=3 due=0 r=1
17:20:45  [AT] "AT+CIPSEND=84" (13)
17:20:45  [AT] " S,944,0110000010,0000000000,1159,P1,06A,2680,B3,4,08A,2681,A5,4,0CA,2671,B2,4,07" (81)
17:20:45  [AT] "SEND OK" (7)
17:20:45  [AT] "+IPD,68:T,2675,S,A2,1,6F" (24)
17:20:45  [SLOT-OOW] +281ms
17:20:45  [AT] "T,2676,S,B1,1,6C" (16)
17:20:45  [AT] "T,2682,S,A1,1,64" (16)
17:20:45  [AT] "T,2683,S,A4,1,60" (16)
17:20:45  [AT] "OK" (2)
17:20:46  [TX] S,945,0110000010,0000000000,1160,P1,0D
17:20:46  A,2675,A2,4,00
17:20:46  A,2676,B1,4,03
17:20:46  A,2682,A1,4,0B
17:20:46  A,2683,A4,4,0FA,2139,B1,4,0F
17:20:46  A,2140,A4,4,07
17:20:46  A,2141,A1,4,03
17:20:46  A,2142,A2,4,03H
17:20:46  [SLOT] n=967 tx=98 ack=4 due=0 r=1
17:20:46  [AT] " S,945,0110000010,0000000000,1160,P1,0DA,2675,A2,4,00A,2676,B1,4,03A,2682,A1,4,0BA,2683,A4,4,0F" (95)
17:20:46  [AT] "SEND OK" (7)
17:20:46  [AT] "+IPD,68:T,2684,S,A3,1,60" (24)
17:20:46  [SLOT-OOW] +328ms
17:20:46  [AT] "T,2685,S,A5,1,67" (16)
17:20:46  [AT] "T,2686,S,BS,B2,1,61" (19)
17:20:46  [CKSUM NG] T,2686,S,BS,B2,1,61
17:20:46  [AT] "OK" (2)
17:20:46  [AT] "AT+CIPSEND=99" (13)
17:20:47  [TX] S,946,0110000010,0000000000,1161,P1,0F
17:20:47  A,2684,A3,4,0F
17:20:47  A,2685,A5,4,08
17:20:47  A,2682,A1,4,0B
17:20:47  A,2683,A4,4,0FA,2139,B1,4,0F
17:20:47  A,2140,A4,4,07
17:20:47  A,2141,A1,4,03
17:20:47  A,2142,A2,4,03H
17:20:47  [SLOT] n=968 tx=68 ack=2 due=0 r=1
17:20:47  [AT] "AT+CIPSEND=69" (13)
17:20:47  [AT] " S,946,0110000010,0000000000,1161,P1,0FA,2684,A3,4,0FA,2685,A5,4,08" (67)
17:20:47  [AT] "SEND OK" (7)
17:20:47  [AT] "+IPD,68:T,2688,S,A2,1,6D" (24)
17:20:47  [SLOT-OOW] +217ms
17:20:47  [AT] "T,2689,S,B1,1,6C" (16)
17:20:47  [AT] "T,2690,S,A1,1,67" (16)
17:20:47  [AT] "T,2691,S,A4,1,63" (16)
17:20:47  [AT] "OK" (2)
17:20:48  [TX] S,947,0110000010,0000000000,1162,P1,0D
17:20:48  A,2688,A2,4,02
17:20:48  A,2689,B1,4,03
17:20:48  A,2690,A1,4,08
17:20:48  A,2691,A4,4,0CA,2139,B1,4,0F
17:20:48  A,2140,A4,4,07
17:20:48  A,2141,A1,4,03
17:20:48  A,2142,A2,4,03H
17:20:48  [SLOT] n=969 tx=98 ack=4 due=0 r=1
17:20:48  [AT] "AT+CIPSEND=99" (13)
17:20:48  [AT] " S,947,0110000010,0000000000,1162,P1,0DA,2688,A2,4,02A,2689,B1,4,03A,2690,A1,4,08A,2691,A4,4,0C" (95)
17:20:48  [AT] "SEND OK" (7)
17:20:48  [AT] "+IPD,34:T,2692,S,A5,1,61" (24)
17:20:48  [SLOT-OOW] +296ms
17:20:48  [AT] "T,2693,S,A3,1,66" (16)
17:20:48  [AT] "OK" (2)
17:20:49  [TX] S,948,0110000010,0000000000,1164,P1,04
17:20:49  A,2692,A5,4,0E
17:20:49  A,2693,A3,4,09
17:20:49  A,2690,A1,4,08
17:20:49  A,2691,A4,4,0CA,2139,B1,4,0F
17:20:49  A,2140,A4,4,07
17:20:49  A,2141,A1,4,03
17:20:49  A,2142,A2,4,03H
17:20:49  [SLOT] n=970 tx=68 ack=2 due=0 r=1
17:20:49  [AT] " S,948,0110000010,0000000000,1164,P1,04A,2692,A5,4,0EA,2693,A3,4,09" (67)
17:20:49  [AT] "SEND OK" (7)
17:20:49  [AT] "+IPD,68:T,2686,S,B3,1,61" (24)
17:20:49  [SLOT-OOW] +243ms
17:20:49  [AT] "T,2687,S,B2,1,61" (16)
17:20:49  [AT] "T,2694,S,B1,1,60" (16)
17:20:49  [AT] "T,2695,S,A2,1,61" (16)
17:20:49  [AT] "OK" (2)
17:20:49  [AT] "AT+CIPSEND=69" (13)
17:20:51  [TX] S,949,0110000010,0000000000,1165,P1,04
17:20:51  A,2686,B3,4,0E
17:20:51  A,2687,B2,4,0E
17:20:51  A,2694,B1,4,0F
17:20:51  A,2695,A2,4,0EA,2139,B1,4,0F
17:20:51  A,2140,A4,4,07
17:20:51  A,2141,A1,4,03
17:20:51  A,2142,A2,4,03H
17:20:51  [SLOT] n=971 tx=98 ack=4 due=0 r=1
17:20:51  [AT] "AT+CIPSEND=99" (13)
17:20:51  [AT] " S,949,0110000010,0000000000,1165,P1,04A,2686,B3,4,0EA,2687,B2,4,0EA,2694,B1,4,0FA,2695,A2,4,0E" (95)
17:20:51  [AT] "SEND OK" (7)
17:20:51  [AT] "+IPD,68:T,2696,S,A4,1,64" (24)
17:20:51  [SLOT-OOW] +336ms
17:20:51  [AT] "T,2697,S,A1,1,60" (16)
17:20:51  [AT] "T,2698,S,A3,1,6D" (16)
17:20:51  [AT] "T,2699,S,A5,1,6A" (16)
17:20:51  [AT] "OK" (2)
17:20:52  [TX] S,950,0110000010,0000000000,1166,P1,0F
17:20:52  A,2696,A4,4,0B
17:20:52  A,2697,A1,4,0F
17:20:52  A,2698,A3,4,02
17:20:52  A,2699,A5,4,05A,2139,B1,4,0F
17:20:52  A,2140,A4,4,07
17:20:52  A,2141,A1,4,03
17:20:52  A,2142,A2,4,03H
17:20:52  [SLOT] n=972 tx=98 ack=4 due=0 r=1
17:20:52  [AT] " S,950,0110000010,0000000000,1166,P1,0FA,2696,A4,4,0BA,2697,A1,4,0FA,2698,A3,4,02A,2699,A5,4,05" (95)
17:20:52  [AT] "SEND OK" (7)
17:20:52  [AT] "+IPD,68:T,2700,S,B2,1,6F" (24)
17:20:52  [SLOT-OOW] +318ms
17:20:52  [AT] "T,2701,S,A2,1,6D" (16)
17:20:52  [AT] "T,2702,S,B,6E" (13)
17:20:52  [CKSUM NG] T,2702,S,B,6E
17:20:52  [AT] "T,2703,S,B3,1,6D" (16)
17:20:52  [AT] "OK" (2)
17:20:52  [AT] "AT+CIPSEND=99" (13)
17:20:53  [TX] S,951,0110000010,0000000000,1167,P1,0F
17:20:53  A,2700,B2,4,00
17:20:53  A,2701,A2,4,02
17:20:53  A,2703,B3,4,02
17:20:53  A,2699,A5,4,05A,2139,B1,4,0F
17:20:53  A,2140,A4,4,07
17:20:53  A,2141,A1,4,03
17:20:53  A,2142,A2,4,03H
17:20:53  [SLOT] n=973 tx=83 ack=3 due=0 r=1
17:20:53  [AT] " S,951,0110000010,0000000000,1167,P1,0FA,2700,B2,4,00A,2701,A2,4,02A,2703,B3,4,02" (81)
17:20:53  [AT] "SEND OK" (7)
17:20:53  [AT] "+IPD,68:T,2704,S,A1,1,6B" (24)
17:20:53  [SLOT-OOW] +288ms
17:20:53  [AT] "T,2705,S,A3,1,68" (16)
17:20:53  [AT] "T,2706,S,A6D" (12)
17:20:53  [CKSUM NG] T,2706,S,A6D
17:20:53  [AT] "T,2707,S,A4,1,6D" (16)
17:20:53  [AT] "OK" (2)
17:20:53  [AT] "AT+CIPSEND=84" (13)
17:20:54  [TX] S,952,0110000010,0000000000,1168,P1,03
17:20:54  A,2704,A1,4,04
17:20:54  A,2705,A3,4,07
17:20:54  A,2707,A4,4,02
17:20:54  A,2699,A5,4,05A,2139,B1,4,0F
17:20:54  A,2140,A4,4,07
17:20:54  A,2141,A1,4,03
17:20:54  A,2142,A2,4,03H
17:20:54  [SLOT] n=974 tx=83 ack=3 due=0 r=1
17:20:54  [AT] "AT+CIPSEND=84" (13)
17:20:54  [AT] " S,952,0110000010,0000000000,1168,P1,03A,2704,A1,4,04A,2705,A3,4,07A,2707,A4,4,02" (81)
17:20:54  [AT] "SEND OK" (7)
17:20:54  [AT] "+IPD,51:T,2708,S,B3,1,66" (24)
17:20:54  [SLOT-OOW] +272ms
17:20:54  [AT] "T,2709,S,A2,1,65" (16)
17:20:54  [AT] "T,2710,S,B2,1,6E" (16)
17:20:54  [AT] "OK" (2)
17:20:55  [TX] S,953,0110000010,0000000000,1170,P1,0B
17:20:55  A,2708,B3,4,09
17:20:55  A,2709,A2,4,0A
17:20:55  A,2710,B2,4,01
17:20:55  A,2699,A5,4,05A,2139,B1,4,0F
17:20:55  A,2140,A4,4,07
17:20:55  A,2141,A1,4,03
17:20:55  A,2142,A2,4,03H
17:20:55  [SLOT] n=975 tx=83 ack=3 due=0 r=1
17:20:55  [AT] "AT+CIPSEND=84" (13)
17:20:55  [AT] " S,953,0110000010,0000000000,1170,P1,0BA,2708,B3,4,09A,2709,A2,4,0AA,2710,B2,4,01" (81)
17:20:55  [AT] "SEND OK" (7)
17:20:55  [AT] "+IPD,68:T,2711,S,A4,1,6A" (24)
17:20:55  [SLOT-OOW] +255ms
17:20:55  [AT] "T,2712,S,A1,1,6C" (16)
17:20:55  [AT] "T,2713,S,A3,1,6F" (16)
17:20:55  [AT] "T,2702,S,B1,1,6E" (16)
17:20:55  [AT] "OK" (2)
17:20:57  [TX] S,954,0110000010,0000000000,1171,P1,0D
17:20:57  A,2711,A4,4,05
17:20:57  A,2712,A1,4,03
17:20:57  A,2713,A3,4,00
17:20:57  A,2702,B1,4,01A,2139,B1,4,0F
17:20:57  A,2140,A4,4,07
17:20:57  A,2141,A1,4,03
17:20:57  A,2142,A2,4,03H
17:20:57  [SLOT] n=976 tx=98 ack=4 due=0 r=1
17:20:57  [AT] " S,954,0110000010,0000000000,1171,P1,0DA,2711,A4,4,05A,2712,A1,4,03A,2713,A3,4,00A,2702,B1,4,01" (95)
17:20:57  [AT] "SEND OK" (7)
17:20:57  [AT] "+IPD,68:T,2706,S,A5,1,6D" (24)
17:20:57  [SLOT-OOW] +317ms
17:20:57  [AT] "T,2714,S,A2,1,69" (16)
17:20:57  [AT] "T,2715,S,B1,6B" (14)
17:20:57  [CKSUM NG] T,2715,S,B1,6B
17:20:57  [AT] "T,2716,S,B3,1,69" (16)
17:20:57  [AT] "OK" (2)
17:20:57  [AT] "AT+CIPSEND=99" (13)
17:20:58  [TX] S,955,0110000010,0000000000,1172,P1,0F
17:20:58  A,2706,A5,4,02
17:20:58  A,2714,A2,4,06
17:20:58  A,2716,B3,4,06
17:20:58  A,2702,B1,4,01A,2139,B1,4,0F
17:20:58  A,2140,A4,4,07
17:20:58  A,2141,A1,4,03
17:20:58  A,2142,A2,4,03H
17:20:58  [SLOT] n=977 tx=83 ack=3 due=0 r=1
17:20:58  [AT] "AT+CIPSEND=84" (13)
17:20:58  [AT] " S,955,0110000010,0000000000,1172,P1,0FA,2706,A5,4,02A,2714,A2,4,06A,2716,B3,4,06" (81)
17:20:58  [AT] "SEND OK" (7)
17:20:58  [AT] "+IPD,68:T,2717,S,A4,1,6C" (24)
17:20:58  [SLOT-OOW] +281ms
17:20:58  [AT] "T,2718,S,A3,1,64" (16)
17:20:58  [AT] "T,2719,S,B1,1,64" (16)
17:20:58  [AT] "T,2720,S,A1,1,6D" (16)
17:20:58  [AT] "OK" (2)
17:20:59  [TX] S,956,0110000010,0000000000,1173,P1,0D
17:20:59  A,2717,A4,4,03
17:20:59  A,2718,A3,4,0B
17:20:59  A,2719,B1,4,0B
17:20:59  A,2720,A1,4,02A,2139,B1,4,0F
17:20:59  A,2140,A4,4,07
17:20:59  A,2141,A1,4,03
17:20:59  A,2142,A2,4,03H
17:20:59  [SLOT] n=978 tx=98 ack=4 due=0 r=1
17:20:59  [AT] " S,956,0110000010,0000000000,1173,P1,0DA,2717,A4,4,03A,2718,A3,4,0BA,2719,B1,4,0BA,2720,A1,4,02" (95)
17:20:59  [AT] "SEND OK" (7)
17:20:59  [AT] "+IPD,51:T,2721,S,A5,1,68" (24)
17:20:59  [SLOT-OOW] +321ms
17:20:59  [AT] "T,2722,S,A2,1,6C" (16)
17:20:59  [AT] "AT+CIPSEND=99" (13)
17:21:00  [TX] S,957,0110000010,0000000000,1174,P1,0B
17:21:00  A,2721,A5,4,07
17:21:00  A,2722,A2,4,03
17:21:00  A,2719,B1,4,0B
17:21:00  A,2720,A1,4,02A,2139,B1,4,0F
17:21:00  A,2140,A4,4,07
17:21:00  A,2141,A1,4,03
17:21:00  A,2142,A2,4,03H
17:21:00  [SLOT] n=979 tx=68 ack=2 due=0 r=1
17:21:00  [AT] "T,2723,S,BAT+CIPSEND=69" (23)
17:21:00  [CKSUM NG] T,2723,S,BAT+CIPSEND=69
17:21:00  [AT] " S,957,0110000010,0000000000,1174,P1,0BA,2721,A5,4,07A,2722,A2,4,03" (67)
17:21:00  [AT] "SEND OK" (7)
17:21:00  [AT] "+IPD,68:T,2715,S,B2,1,6B" (24)
17:21:00  [SLOT-OOW] +236ms
17:21:00  [AT] "T,2724,S,B1,1,6A" (16)
17:21:00  [AT] "T,2725,S,A4,1,6D" (16)
17:21:00  [AT] "T,2726,S,A3,1,69" (16)
17:21:00  [AT] "OK" (2)
17:21:01  [TX] S,958,0110000010,0000000000,1176,P1,06
17:21:01  A,2715,B2,4,04
17:21:01  A,2724,B1,4,05
17:21:01  A,2725,A4,4,02
17:21:01  A,2726,A3,4,06A,2139,B1,4,0F
17:21:01  A,2140,A4,4,07
17:21:01  A,2141,A1,4,03
17:21:01  A,2142,A2,4,03H
17:21:01  [SLOT] n=980 tx=98 ack=4 due=0 r=1
17:21:01  [AT] "AT+CIPSEND=99" (13)
17:21:02  [AT] " S,958,0110000010,0000000000,1176,P1,06A,2715,B2,4,04A,2724,B1,4,05A,2725,A4,4,02A,2726,A3,4,06" (95)
17:21:02  [AT] "SEND OK" (7)
17:21:02  [AT] "+IPD,68:T,2727,S,A1,1,6A" (24)
17:21:02  [SLOT-OOW] +467ms
17:21:02  [AT] "T,2728,S,A5,1,61" (16)
17:21:02  [AT] "T,2729,S,A2,1,67" (16)
17:21:02  [AT] "T,2723,S,B3,1,6F" (16)
17:21:02  [AT] "OK" (2)
17:21:03  [TX] S,959,0110000010,0000000000,1177,P1,06
17:21:03  A,2727,A1,4,05
17:21:03  A,2728,A5,4,0E
17:21:03  A,2729,A2,4,08
17:21:03  A,2723,B3,4,00A,2139,B1,4,0F
17:21:03  A,2140,A4,4,07
17:21:03  A,2141,A1,4,03
17:21:03  A,2142,A2,4,03H
17:21:03  [SLOT] n=981 tx=98 ack=4 due=0 r=1
17:21:03  [AT] "AT+CIPSEND=99" (13)
17:21:03  [AT] " S,959,0110000010,0000000000,1177,P1,06A,2727,A1,4,05A,2728,A5,4,0EA,2729,A2,4,08A,2723,B3,4,00" (95)
17:21:03  [AT] "SEND OK" (7)
17:21:03  [AT] "+IPD,68:T,2730,S,B2,1,6C" (24)
17:21:03  [SLOT-OOW] +312ms
17:21:03  [AT] "T,2731,S,B1,1,6E" (16)
17:21:03  [AT] "T,2732,S,A4,1,6B" (16)
17:21:03  [AT] "T,2733,S,A3,1,6D" (16)
17:21:03  [AT] "OK" (2)
17:21:04  [TX] S,960,0110000010,0000000000,1178,P1,03
17:21:04  A,2730,B2,4,03
17:21:04  A,2731,B1,4,01
17:21:04  A,2732,A4,4,04
17:21:04  A,2733,A3,4,02A,2139,B1,4,0F
17:21:04  A,2140,A4,4,07
17:21:04  A,2141,A1,4,03
17:21:04  A,2142,A2,4,03H
17:21:04  [SLOT] n=982 tx=98 ack=4 due=0 r=1
17:21:04  [AT] "AT+CIPSEND=99" (13)
17:21:04  [AT] " S,960,0110000010,0000000000,1178,P1,03A,2730,B2,4,03A,2731,B1,4,01A,2732,A4,4,04A,2733,A3,4,02" (95)
17:21:04  [AT] "SEND OK" (7)
17:21:04  [AT] "+IPD,68:T,2734,S,A1,1,68" (24)
17:21:04  [SLOT-OOW] +315ms
17:21:04  [AT] "T,2735,S,A5,1,6D" (16)
17:21:04  [AT] "T,2736,S,B3,1,6B" (16)
17:21:04  [AT] "T,2737,S,A2,1,68" (16)
17:21:04  [AT] "OK" (2)
17:21:05  [TX] S,961,0110000010,0000000000,1179,P1,03
17:21:05  A,2734,A1,4,07
17:21:05  A,2735,A5,4,02
17:21:05  A,2736,B3,4,04
17:21:05  A,2737,A2,4,07A,2139,B1,4,0F
17:21:05  A,2140,A4,4,07
17:21:05  A,2141,A1,4,03
17:21:05  A,2142,A2,4,03H
17:21:05  [SLOT] n=983 tx=98 ack=4 due=0 r=1
17:21:05  [AT] " S,961,0110000010,0000000000,1179,P1,03A,2734,A1,4,07A,2735,A5,4,02A,2736,B3,4,04A,2737,A2,4,07" (95)
17:21:05  [AT] "SEND OK" (7)
17:21:05  [AT] "+IPD,68:T,2738,S,A4,1,61" (24)
17:21:05  [SLOT-OOW] +319ms
17:21:05  [AT] "T,2739,S,A3,1,67" (16)
17:21:05  [AT] "T,2740,S,B,6B" (13)
17:21:05  [CKSUM NG] T,2740,S,B,6B
17:21:05  [AT] "T,2741,S,B1,1,69" (16)
17:21:05  [AT] "OK" (2)
17:21:05  [AT] "AT+CIPSEND=99" (13)
17:21:06  [TX] S,962,0110000010,0000000000,1180,P1,06
17:21:06  A,2738,A4,4,0E
17:21:06  A,2739,A3,4,08
17:21:06  A,2741,B1,4,06
17:21:06  A,2737,A2,4,07A,2139,B1,4,0F
17:21:06  A,2140,A4,4,07
17:21:06  A,2141,A1,4,03
17:21:06  A,2142,A2,4,03H
17:21:06  [SLOT] n=984 tx=83 ack=3 due=0 r=1
17:21:06  [AT] "AT+CIPSEND=84" (13)
17:21:06  [AT] " S,962,0110000010,0000000000,1180,P1,06A,2738,A4,4,0EA,2739,A3,4,08A,2741,B1,4,06" (81)
17:21:06  [AT] "SEND OK" (7)
17:21:06  [AT] "+IPD,68:T,2742,S,A1,1,69" (24)
17:21:06  [SLOT-OOW] +260ms
17:21:06  [AT] "T,2743,S,A2,1,6B" (16)
17:21:06  [AT] "T,2744,S,B3,1,6E" (16)
17:21:06  [AT] "T,2745,S,A5,1,6A" (16)
17:21:06  [AT] "OK" (2)
17:21:07  [TX] S,963,0110000010,0000000000,1182,P1,05
17:21:07  A,2742,A1,4,06
17:21:07  A,2743,A2,4,04
17:21:07  A,2744,B3,4,01
17:21:07  A,2745,A5,4,05A,2139,B1,4,0F
17:21:07  A,2140,A4,4,07
17:21:07  A,2141,A1,4,03
17:21:07  A,2142,A2,4,03H
17:21:07  [SLOT] n=985 tx=98 ack=4 due=0 r=1
17:21:07  [AT] "AT+CIPSEND=99" (13)
17:21:07  [AT] " S,963,0110000010,0000000000,1182,P1,05A,2742,A1,4,06A,2743,A2,4,04A,2744,B3,4,01A,2745,A5,4,05" (95)
17:21:07  [AT] "SEND OK" (7)
17:21:07  [AT] "+IPD,51:T,2746,S,A4,1,68" (24)
17:21:07  [SLOT-OOW] +299ms
17:21:07  [AT] "T,2747,S,A3,1,6E" (16)
17:21:07  [AT] "T,2748,S,B1,1,60" (16)
17:21:07  [AT] "OK" (2)
17:21:08  [TX] S,964,0110000010,0000000000,1183,P1,03
17:21:09  A,2746,A4,4,07
17:21:09  A,2747,A3,4,01
17:21:09  A,2748,B1,4,0F
17:21:09  A,2745,A5,4,05A,2139,B1,4,0F
17:21:09  A,2140,A4,4,07
17:21:09  A,2141,A1,4,03
17:21:09  A,2142,A2,4,03H
17:21:09  [SLOT] n=986 tx=83 ack=3 due=0 r=1
17:21:09  [AT] "AT+CIPSEND=84" (13)
17:21:09  [AT] " S,964,0110000010,0000000000,1183,P1,03A,2746,A4,4,07A,2747,A3,4,01A,2748,B1,4,0F" (81)
17:21:09  [AT] "SEND OK" (7)
17:21:09  [AT] "+IPD,68:T,2740,S,B2,1,6B" (24)
17:21:09  [SLOT-OOW] +302ms
17:21:09  [AT] "T,2749,S,A2,1,61" (16)
17:21:09  [AT] "T,2750,S,B3,1,6B" (16)
17:21:09  [AT] "T,2751,S,A1,1,6B" (16)
17:21:09  [AT] "OK" (2)
17:21:10  [TX] S,965,0110000010,0000000000,1184,P1,05
17:21:10  A,2740,B2,4,04
17:21:10  A,2749,A2,4,0E
17:21:10  A,2750,B3,4,04
17:21:10  A,2751,A1,4,04A,2139,B1,4,0F
17:21:10  A,2140,A4,4,07
17:21:10  A,2141,A1,4,03
17:21:10  A,2142,A2,4,03H
17:21:10  [SLOT] n=987 tx=98 ack=4 due=0 r=1
17:21:10  [AT] "AT+CIPSEND=99" (13)
17:21:10  [AT] " S,965,0110000010,0000000000,1184,P1,05A,2740,B2,4,04A,2749,A2,4,0EA,2750,B3,4,04A,2751,A1,4,04" (95)
17:21:10  [AT] "SEND OK" (7)
17:21:10  [AT] "+IPD,68:T,2752,S,A5,1,6C" (24)
17:21:10  [SLOT-OOW] +303ms
17:21:10  [AT] "T,2753,S,A3,1,6B" (16)
17:21:10  [AT] "T,2754,S,A4,1,6B" (16)
17:21:10  [AT] "T,2755,S,B1,1,6C" (16)
17:21:10  [AT] "OK" (2)
17:21:11  [TX] S,966,0110000010,0000000000,1185,P1,07
17:21:11  A,2752,A5,4,03
17:21:11  A,2753,A3,4,04
17:21:11  A,2754,A4,4,04
17:21:11  A,2755,B1,4,03A,2139,B1,4,0F
17:21:11  A,2140,A4,4,07
17:21:11  A,2141,A1,4,03
17:21:11  A,2142,A2,4,03H
17:21:11  [SLOT] n=988 tx=98 ack=4 due=0 r=1
17:21:11  [AT] " S,966,0110000010,0000000000,1185,P1,07A,2752,A5,4,03A,2753,A3,4,04A,2754,A4,4,04A,2755,B1,4,03" (95)
17:21:11  [AT] "SEND OK" (7)
17:21:11  [AT] "+IPD,68:T,2756,S,B2,1,6C" (24)
17:21:11  [SLOT-OOW] +317ms
17:21:11  [AT] "T,2757,S,A2,1,6E" (16)
17:21:11  [AT] "T,2758,S,A,1,62" (15)
17:21:11  [CKSUM NG] T,2758,S,A,1,62
17:21:11  [AT] "T,2759,S,B3,1,62" (16)
17:21:11  [AT] "OK" (2)
17:21:11  [AT] "AT+CIPSEND=99" (13)
17:21:12  [TX] S,967,0110000010,0000000000,1186,P1,05
17:21:12  A,2756,B2,4,03
17:21:12  A,2757,A2,4,01
17:21:12  A,2759,B3,4,0D
17:21:12  A,2755,B1,4,03A,2139,B1,4,0F
17:21:12  A,2140,A4,4,07
17:21:12  A,2141,A1,4,03
17:21:12  A,2142,A2,4,03H
17:21:12  [SLOT] n=989 tx=83 ack=3 due=0 r=1
17:21:12  [AT] "AT+CIPSEND=84" (13)
17:21:12  [AT] " S,967,0110000010,0000000000,1186,P1,05A,2756,B2,4,03A,2757,A2,4,01A,2759,B3,4,0D" (81)
17:21:12  [AT] "SEND OK" (7)
17:21:12  [AT] "+IPD,68:T,2760,S,B1,1,6A" (24)
17:21:12  [SLOT-OOW] +284ms
17:21:12  [AT] "T,2761,S,A3,1,6A" (16)
17:21:12  [AT] "T,2762,S,A4,1,6E" (16)
17:21:12  [AT] "T,2763,S,A5,1,6E" (16)
17:21:12  [AT] "OK" (2)
17:21:13  [TX] S,968,0110000010,0000000000,1188,P1,04
17:21:13  A,2760,B1,4,05
17:21:13  A,2761,A3,4,05
17:21:13  A,2762,A4,4,01
17:21:13  A,2763,A5,4,01A,2139,B1,4,0F
17:21:13  A,2140,A4,4,07
17:21:13  A,2141,A1,4,03
17:21:13  A,2142,A2,4,03H
17:21:13  [SLOT] n=990 tx=98 ack=4 due=0 r=1
17:21:13  [AT] "AT+CIPSEND=99" (13)
17:21:13  [AT] " S,968,0110000010,0000000000,1188,P1,04A,2760,B1,4,05A,2761,A3,4,05A,2762,A4,4,01A,2763,A5,4,01" (95)
17:21:13  [AT] "SEND OK" (7)
17:21:13  [AT] "+IPD,51:T,2764,S,B2,1,6D" (24)
17:21:13  [SLOT-OOW] +305ms
17:21:13  [AT] "T,2765,S,A2,1,6F" (16)
17:21:13  [AT] "T,2766,S,B3,1,6E" (16)
17:21:13  [AT] "OK" (2)
17:21:14  [TX] S,969,0110000010,0000000000,1189,P1,04
17:21:14  A,2764,B2,4,02
17:21:14  A,2765,A2,4,00
17:21:14  A,2766,B3,4,01
17:21:14  A,2763,A5,4,01A,2139,B1,4,0F
17:21:14  A,2140,A4,4,07
17:21:14  A,2141,A1,4,03
17:21:14  A,2142,A2,4,03H
17:21:14  [SLOT] n=991 tx=83 ack=3 due=0 r=1
17:21:14  [AT] "AT+CIPSEND=84" (13)
17:21:15  [AT] " S,969,0110000010,0000000000,1189,P1,04A,2764,B2,4,02A,2765,A2,4,00A,2766,B3,4,01" (81)
17:21:15  [AT] "SEND OK" (7)
17:21:15  [AT] "+IPD,68:T,2758,S,A1,1,62" (24)
17:21:15  [SLOT-OOW] +302ms
17:21:15  [AT] "T,2767,S,A3,1,6C" (16)
17:21:15  [AT] "T,2768,S,A4,1,64" (16)
17:21:15  [AT] "T,2769,S,B1,1,63" (16)
17:21:15  [AT] "OK" (2)
17:21:16  [TX] S,970,0110000010,0000000000,1190,P1,04
17:21:16  A,2758,A1,4,0D
17:21:16  A,2767,A3,4,03
17:21:16  A,2768,A4,4,0B
17:21:16  A,2769,B1,4,0CA,2139,B1,4,0F
17:21:16  A,2140,A4,4,07
17:21:16  A,2141,A1,4,03
17:21:16  A,2142,A2,4,03H
17:21:16  [SLOT] n=992 tx=98 ack=4 due=0 r=1
17:21:16  [AT] "AT+CIPSEND=99" (13)
17:21:16  [AT] " S,970,0110000010,0000000000,1190,P1,04A,2758,A1,4,0DA,2767,A3,4,03A,2768,A4,4,0BA,2769,B1,4,0C" (95)
17:21:16  [AT] "SEND OK" (7)
17:21:16  [AT] "+IPD,68:T,2770,S,A5,1,6C" (24)
17:21:16  [SLOT-OOW] +337ms
17:21:16  [AT] "T,2771,S,B3,1,68" (16)
17:21:16  [AT] "T,2772,S,B2,1,6A" (16)
17:21:16  [AT] "T,2773,S,A2,1,68" (16)
17:21:16  [AT] "OK" (2)
17:21:17  [TX] S,971,0110000010,0000000000,1191,P1,04
17:21:17  A,2770,A5,4,03
17:21:17  A,2771,B3,4,07
17:21:17  A,2772,B2,4,05
17:21:17  A,2773,A2,4,07A,2139,B1,4,0F
17:21:17  A,2140,A4,4,07
17:21:17  A,2141,A1,4,03
17:21:17  A,2142,A2,4,03H
17:21:17  [SLOT] n=993 tx=98 ack=4 due=0 r=1
17:21:17  [AT] "AT+CIPSEND=99" (13)
17:21:17  [AT] " S,971,0110000010,0000000000,1191,P1,04A,2770,A5,4,03A,2771,B3,4,07A,2772,B2,4,05A,2773,A2,4,07" (95)
17:21:17  [AT] "SEND OK" (7)
17:21:17  [AT] "+IPD,68:T,2774,S,A4,1,69" (24)
17:21:17  [SLOT-OOW] +288ms
17:21:17  [AT] "T,2775,S,B1,1,6E" (16)
17:21:17  [AT] "T,2776,S,A3,1,6C" (16)
17:21:17  [AT] "T,2777,S,A1,1,6F" (16)
17:21:17  [AT] "OK" (2)
17:21:18  [TX] S,972,0110000010,0000000000,1192,P1,04
17:21:18  A,2774,A4,4,06
17:21:18  A,2775,B1,4,01
17:21:18  A,2776,A3,4,03
17:21:18  A,2777,A1,4,00A,2139,B1,4,0F
17:21:18  A,2140,A4,4,07
17:21:18  A,2141,A1,4,03
17:21:18  A,2142,A2,4,03H
17:21:18  [SLOT] n=994 tx=98 ack=4 due=0 r=1
17:21:18  [AT] " S,972,0110000010,0000000000,1192,P1,04A,2774,A4,4,06A,2775,B1,4,01A,2776,A3,4,03A,2777,A1,4,00" (95)
17:21:18  [AT] "SEND OK" (7)
17:21:18  [AT] "+IPD,68:T,2778,S,A2,1,63" (24)
17:21:18  [SLOT-OOW] +336ms
17:21:18  [AT] "T,2779,S,B3,1,60" (16)
17:21:18  [AT] "T,2780,S,AK" (11)
17:21:18  [CKSUM NG] T,2780,S,AK
17:21:18  [AT] "AT+CIPSEND=99" (13)
17:21:19  [TX] S,973,0110000010,0000000000,1194,P1,03
17:21:19  A,2778,A2,4,0C
17:21:19  A,2779,B3,4,0F
17:21:19  A,2776,A3,4,03
17:21:19  A,2777,A1,4,00A,2139,B1,4,0F
17:21:19  A,2140,A4,4,07
17:21:19  A,2141,A1,4,03
17:21:19  A,2142,A2,4,03H
17:21:19  [SLOT] n=995 tx=68 ack=2 due=0 r=1
17:21:19  [AT] "AT+CIPSEND=69" (13)
17:21:19  [AT] " S,973,0110000010,0000000000,1194,P1,03A,2778,A2,4,0CA,2779,B3,4,0F" (67)
17:21:19  [AT] "SEND OK" (7)
17:21:19  [AT] "+IPD,68:T,2782,S,B1,1,66" (24)
17:21:19  [SLOT-OOW] +232ms
17:21:19  [AT] "T,2783,S,A1,1,64" (16)
17:21:19  [AT] "T,2784,S,A4,1,66" (16)
17:21:19  [AT] "T,2785,S,A3,1,60" (16)
17:21:19  [AT] "OK" (2)
17:21:20  [TX] S,974,0110000010,0000000000,1195,P1,05
17:21:20  A,2782,B1,4,09
17:21:20  A,2783,A1,4,0B
17:21:20  A,2784,A4,4,09
17:21:20  A,2785,A3,4,0FA,2139,B1,4,0F
17:21:20  A,2140,A4,4,07
17:21:20  A,2141,A1,4,03
17:21:20  A,2142,A2,4,03H
17:21:20  [SLOT] n=996 tx=98 ack=4 due=0 r=1
17:21:20  [AT] "AT+CIPSEND=99" (13)
17:21:21  [AT] " S,974,0110000010,0000000000,1195,P1,05A,2782,B1,4,09A,2783,A1,4,0BA,2784,A4,4,09A,2785,A3,4,0F" (95)
17:21:21  [AT] "SEND OK" (7)
17:21:21  [AT] "+IPD,34:T,2786,S,B3,1,60" (24)
17:21:21  [SLOT-OOW] +369ms
17:21:21  [AT] "T,2787,S,A2,1,63" (16)
17:21:21  [AT] "OK" (2)
17:21:22  [TX] S,975,0110000010,0000000000,1196,P1,07
17:21:22  A,2786,B3,4,0F
17:21:22  A,2787,A2,4,0C
17:21:22  A,2784,A4,4,09
17:21:22  A,2785,A3,4,0FA,2139,B1,4,0F
17:21:22  A,2140,A4,4,07
17:21:22  A,2141,A1,4,03
17:21:22  A,2142,A2,4,03H
17:21:22  [SLOT] n=997 tx=68 ack=2 due=0 r=1
17:21:22  [AT] "AT+CIPSEND=69" (13)
17:21:22  [AT] " S,975,0110000010,0000000000,1196,P1,07A,2786,B3,4,0FA,2787,A2,4,0C" (67)
17:21:22  [AT] "SEND OK" (7)
17:21:22  [AT] "+IPD,68:T,2780,S,A5,1,63" (24)
17:21:22  [SLOT-OOW] +272ms
17:21:22  [AT] "T,2781,S,B2,1,66" (16)
17:21:22  [AT] "T,2788,S,B1,1,6C" (16)
17:21:22  [AT] "T,2789,S,A3,1,6C" (16)
17:21:22  [AT] "OK" (2)
17:21:23  [TX] S,976,0110000010,0000000000,1197,P1,05
17:21:23  A,2780,A5,4,0C
17:21:23  A,2781,B2,4,09
17:21:23  A,2788,B1,4,03
17:21:23  A,2789,A3,4,03A,2139,B1,4,0F
17:21:23  A,2140,A4,4,07
17:21:23  A,2141,A1,4,03
17:21:23  A,2142,A2,4,03H
17:21:23  [SLOT] n=998 tx=98 ack=4 due=0 r=1
17:21:23  [AT] "AT+CIPSEND=99" (13)
17:21:23  [AT] " S,976,0110000010,0000000000,1197,P1,05A,2780,A5,4,0CA,2781,B2,4,09A,2788,B1,4,03A,2789,A3,4,03" (95)
17:21:23  [AT] "SEND OK" (7)
17:21:23  [AT] "+IPD,68:T,2790,S,A1,1,66" (24)
17:21:23  [SLOT-OOW] +322ms
17:21:23  [AT] "T,2791,S,A4,1,62" (16)
17:21:23  [AT] "T,2792,S,B5" (11)
17:21:23  [CKSUM NG] T,2792,S,B5
17:21:23  [AT] "T,2793,S,A2,1,66" (16)
17:21:23  [AT] "OK" (2)
17:21:24  [TX] S,977,0110000010,0000000000,1198,P1,0B
17:21:24  A,2790,A1,4,09
17:21:24  A,2791,A4,4,0D
17:21:24  A,2793,A2,4,09
17:21:24  A,2789,A3,4,03A,2139,B1,4,0F
17:21:24  A,2140,A4,4,07
17:21:24  A,2141,A1,4,03
17:21:24  A,2142,A2,4,03H
17:21:24  [SLOT] n=999 tx=83 ack=3 due=0 r=1
17:21:24  [AT] "AT+CIPSEND=84" (13)
17:21:24  [AT] " S,977,0110000010,0000000000,1198,P1,0BA,2790,A1,4,09A,2791,A4,4,0DA,2793,A2,4,09" (81)
17:21:24  [AT] "SEND OK" (7)
17:21:24  [AT] "+IPD,68:T,2794,S,B2,1,62" (24)
17:21:24  [SLOT-OOW] +281ms
17:21:24  [AT] "T,2795,S,A5,1,67" (16)
17:21:24  [AT] "T,2796,S,B1,1,63" (16)
17:21:24  [AT] "T,2797,S,A3,1,63" (16)
17:21:24  [AT] "OK" (2)
17:21:25  [TX] S,978,0110000010,0000000000,1200,P1,06
17:21:25  A,2794,B2,4,0D
17:21:25  A,2795,A5,4,08
17:21:25  A,2796,B1,4,0C
17:21:25  A,2797,A3,4,0CA,2139,B1,4,0F
17:21:25  A,2140,A4,4,07
17:21:25  A,2141,A1,4,03
17:21:25  A,2142,A2,4,03H
17:21:25  [SLOT] n=1000 tx=98 ack=4 due=0 r=1
17:21:25  [CNT] up=1200 drop=1 esprst=2 resync=3 sendfail=0 okto=0 stuck=0 ackq=0 ackdrop=0 ackstale=0 slot=1000 oow=688 smiss=2 ssovf=70 cksumng=70 okstream=978 penddrop=6 skip=0 online=1
17:21:25  [RAM] 최저 여유 627 B · 프롬프트 재동기 3회 (서버의 '버린줄' 과 맞아야 한다)
17:21:25  [AT] " S,978,0110000010,0000000000,1200,P1,06A,2794,B2,4,0DA,2795,A5,4,08A,2796,B1,4,0CA,2797,A3,4,0C" (95)
17:21:25  [AT] "SEND OK" (7)
17:21:25  [AT] "+IPD,51:T,2798,S,A1,1,6E" (24)
17:21:25  [SLOT-OOW] +345ms
17:21:25  [AT] "T,2799,S,A4,1,6A" (16)
17:21:25  [AT] "AT+CIPSEND=99" (13)
17:21:26  [TX] S,979,0110000010,0000000000,1201,P1,06
17:21:26  A,2798,A1,4,01
17:21:26  A,2799,A4,4,05
17:21:26  A,2796,B1,4,0C
17:21:26  A,2797,A3,4,0CA,2139,B1,4,0F
17:21:26  A,2140,A4,4,07
17:21:26  A,2141,A1,4,03
17:21:26  A,2142,A2,4,03H
17:21:26  [SLOT] n=1001 tx=68 ack=2 due=0 r=1
17:21:26  [AT] "T,2800,SAT+CIPSEND=69" (21)
17:21:26  [CKSUM NG] T,2800,SAT+CIPSEND=69
17:21:26  [AT] " S,979,0110000010,0000000000,1201,P1,06A,2798,A1,4,01A,2799,A4,4,05" (67)
17:21:26  [AT] "SEND OK" (7)
17:21:27  [AT] "+IPD,68:T,2792,S,B3,1,65" (24)
17:21:27  [SLOT-OOW] +246ms
17:21:27  [AT] "T,2801,S,B2,1,61" (16)
17:21:27  [AT] "T,2802,S,A3,1,60" (16)
17:21:27  [AT] "T,2803,S,A5,1,67" (16)
17:21:27  [AT] "OK" (2)
17:21:28  [TX] S,980,0110000010,0000000000,1202,P1,03
17:21:28  A,2792,B3,4,0A
17:21:28  A,2801,B2,4,0E
17:21:28  A,2802,A3,4,0F
17:21:28  A,2803,A5,4,08A,2139,B1,4,0F
17:21:28  A,2140,A4,4,07
17:21:28  A,2141,A1,4,03
17:21:28  A,2142,A2,4,03H
17:21:28  [SLOT] n=1002 tx=98 ack=4 due=0 r=1
17:21:28  [AT] "AT+CIPSEND=99" (13)
17:21:28  [AT] " S,980,0110000010,0000000000,1202,P1,03A,2792,B3,4,0AA,2801,B2,4,0EA,2802,A3,4,0FA,2803,A5,4,08" (95)
17:21:28  [AT] "SEND OK" (7)
17:21:28  [AT] "+IPD,51:T,2804,S,B1,1,67" (24)
17:21:28  [SLOT-OOW] +319ms
17:21:28  [AT] "T,2805,S,A1,1,65" (16)
17:21:28  [AT] "T,2806,S,A1,63" (14)
17:21:28  [CKSUM NG] T,2806,S,A1,63
17:21:28  [AT] "OK" (2)
17:21:29  [TX] S,981,0110000010,0000000000,1203,P1,03
17:21:29  A,2804,B1,4,08
17:21:29  A,2805,A1,4,0A
17:21:29  A,2802,A3,4,0F
17:21:29  A,2803,A5,4,08A,2139,B1,4,0F
17:21:29  A,2140,A4,4,07
17:21:29  A,2141,A1,4,03
17:21:29  A,2142,A2,4,03H
17:21:29  [SLOT] n=1003 tx=68 ack=2 due=0 r=1
17:21:29  [AT] "AT+CIPSEND=69" (13)
17:21:29  [AT] " S,981,0110000010,0000000000,1203,P1,03A,2804,B1,4,08A,2805,A1,4,0A" (67)
17:21:29  [AT] "SEND OK" (7)
17:21:29  [AT] "+IPD,68:T,2800,S,A2,1,63" (24)
17:21:29  [SLOT-OOW] +259ms
17:21:29  [AT] "T,2807,S,B2,1,67" (16)
17:21:29  [AT] "T,2808,S,B3,1,69" (16)
17:21:29  [AT] "T,2809,S,A3,1,6B" (16)
17:21:29  [AT] "OK" (2)
17:21:30  [TX] S,982,0110000010,0000000000,1204,P1,07
17:21:30  A,2800,A2,4,0C
17:21:30  A,2807,B2,4,08
17:21:30  A,2808,B3,4,06
17:21:30  A,2809,A3,4,04A,2139,B1,4,0F
17:21:30  A,2140,A4,4,07
17:21:30  A,2141,A1,4,03
17:21:30  A,2142,A2,4,03H
17:21:30  [SLOT] n=1004 tx=98 ack=4 due=0 r=1
17:21:30  [AT] "AT+CIPSEND=99" (13)
17:21:30  [AT] " S,982,0110000010,0000000000,1204,P1,07A,2800,A2,4,0CA,2807,B2,4,08A,2808,B3,4,06A,2809,A3,4,04" (95)
17:21:30  [AT] "SEND OK" (7)
17:21:30  [AT] "+IPD,51:T,2810,S,A5,1,65" (24)
17:21:30  [SLOT-OOW] +320ms
17:21:30  [AT] "T,2811,S,B1,1,63" (16)
17:21:30  [AT] "T,2812,S,A,1,63" (15)
17:21:30  [CKSUM NG] T,2812,S,A,1,63
17:21:30  [AT] "OK" (2)
17:21:31  [TX] S,983,0110000010,0000000000,1206,P1,04
17:21:31  A,2810,A5,4,0A
17:21:31  A,2811,B1,4,0C
17:21:31  A,2808,B3,4,06
17:21:31  A,2809,A3,4,04A,2139,B1,4,0F
17:21:31  A,2140,A4,4,07
17:21:31  A,2141,A1,4,03
17:21:31  A,2142,A2,4,03H
17:21:31  [SLOT] n=1005 tx=68 ack=2 due=0 r=1
17:21:31  [AT] " S,983,0110000010,0000000000,1206,P1,04A,2810,A5,4,0AA,2811,B1,4,0C" (67)
17:21:31  [AT] "SEND OK" (7)
17:21:31  [AT] "+IPD,68:T,2806,S,A4,1,63" (24)
17:21:31  [SLOT-OOW] +261ms
17:21:31  [AT] "T,2813,S,A2,1,61" (16)
17:21:31  [AT] "T,2814,S,B2815,S,B3,1,65" (24)
17:21:31  [CKSUM NG] T,2814,S,B2815,S,B3,1,65
17:21:31  [AT] "OK" (2)
17:21:31  [AT] "AT+CIPSEND=69" (13)
17:21:32  [TX] S,984,0110000010,0000000000,1207,P1,02
17:21:32  A,2806,A4,4,0C
17:21:32  A,2813,A2,4,0E
17:21:32  A,2808,B3,4,06
17:21:32  A,2809,A3,4,04A,2139,B1,4,0F
17:21:32  A,2140,A4,4,07
17:21:32  A,2141,A1,4,03
17:21:32  A,2142,A2,4,03H
17:21:32  [SLOT] n=1006 tx=68 ack=2 due=0 r=1
17:21:32  [AT] " S,984,0110000010,0000000000,1207,P1,02A,2806,A4,4,0CA,2813,A2,4,0E" (67)
17:21:32  [AT] "SEND OK" (7)
17:21:32  [AT] "+IPD,51:T,2816,S,A3,1,65" (24)
17:21:32  [SLOT-OOW] +257ms
17:21:32  [AT] "T,2817,S,B1,1,65" (16)
17:21:32  [AT] "T,2818,S,A6D" (12)
17:21:32  [CKSUM NG] T,2818,S,A6D
17:21:32  [AT] "OK" (2)
17:21:32  [AT] "AT+CIPSEND=69" (13)
17:21:34  [TX] S,985,0110000010,0000000000,1208,P1,0C
17:21:34  A,2816,A3,4,0A
17:21:34  A,2817,B1,4,0A
17:21:34  A,2808,B3,4,06
17:21:34  A,2809,A3,4,04A,2139,B1,4,0F
17:21:34  A,2140,A4,4,07
17:21:34  A,2141,A1,4,03
17:21:34  A,2142,A2,4,03H
17:21:34  [SLOT] n=1007 tx=68 ack=2 due=0 r=1
17:21:34  [AT] "AT+CIPSEND=69" (13)
17:21:34  [AT] " S,985,0110000010,0000000000,1208,P1,0CA,2816,A3,4,0AA,2817,B1,4,0A" (67)
17:21:34  [AT] "SEND OK" (7)
17:21:34  [AT] "+IPD,51:T,2819,S,A2,1,6B" (24)
17:21:34  [SLOT-OOW] +223ms
17:21:34  [AT] "T,2820,S,A4,1,67" (16)
17:21:34  [AT] "T,2812,S,A1,1,63" (16)
17:21:34  [AT] "OK" (2)
17:21:35  [TX] S,986,0110000010,0000000000,1209,P1,0E
17:21:35  A,2819,A2,4,04
17:21:35  A,2820,A4,4,08
17:21:35  A,2812,A1,4,0C
17:21:35  A,2809,A3,4,04A,2139,B1,4,0F
17:21:35  A,2140,A4,4,07
17:21:35  A,2141,A1,4,03
17:21:35  A,2142,A2,4,03H
17:21:35  [SLOT] n=1008 tx=83 ack=3 due=0 r=1
17:21:35  [AT] "AT+CIPSEND=84" (13)
17:21:35  [AT] " S,986,0110000010,0000000000,1209,P1,0EA,2819,A2,4,04A,2820,A4,4,08A,2812,A1,4,0C" (81)
17:21:35  [AT] "SEND OK" (7)
17:21:35  [AT] "+IPD,68:T,2814,S,B2,1,65" (24)
17:21:35  [SLOT-OOW] +260ms
17:21:35  [AT] "T,2815,S,B3,1,65" (16)
17:21:35  [AT] "T,2821,S,B1,1,60" (16)
17:21:35  [AT] "T,2822,S,A3,1,62" (16)
17:21:35  [AT] "OK" (2)
17:21:36  [TX] S,987,0110000010,0000000000,1210,P1,07
17:21:36  A,2814,B2,4,0A
17:21:36  A,2815,B3,4,0A
17:21:36  A,2821,B1,4,0F
17:21:36  A,2822,A3,4,0DA,2139,B1,4,0F
17:21:36  A,2140,A4,4,07
17:21:36  A,2141,A1,4,03
17:21:36  A,2142,A2,4,03H
17:21:36  [SLOT] n=1009 tx=98 ack=4 due=0 r=1
17:21:36  [AT] "AT+CIPSEND=99" (13)
17:21:36  [AT] " S,987,0110000010,0000000000,1210,P1,07A,2814,B2,4,0AA,2815,B3,4,0AA,2821,B1,4,0FA,2822,A3,4,0D" (95)
17:21:36  [AT] "SEND OK" (7)
17:21:36  [AT] "+IPD,68:T,2818,S,A5,1,6D" (24)
17:21:36  [SLOT-OOW] +289ms
17:21:36  [AT] "T,2823,S,A2,1,62" (16)
17:21:36  [AT] "T,2824,S,A4,1,63" (16)
17:21:36  [AT] "T,2825,S,A1,1,67" (16)
17:21:36  [AT] "OK" (2)
17:21:37  [TX] S,988,0110000010,0000000000,1212,P1,0A
17:21:37  A,2818,A5,4,02
17:21:37  A,2823,A2,4,0D
17:21:37  A,2824,A4,4,0C
17:21:37  A,2825,A1,4,08A,2139,B1,4,0F
17:21:37  A,2140,A4,4,07
17:21:37  A,2141,A1,4,03
17:21:37  A,2142,A2,4,03H
17:21:37  [SLOT] n=1010 tx=98 ack=4 due=0 r=1
17:21:37  [AT] "AT+CIPSEND=99" (13)
17:21:37  [AT] " S,988,0110000010,0000000000,1212,P1,0AA,2818,A5,4,02A,2823,A2,4,0DA,2824,A4,4,0CA,2825,A1,4,08" (95)
17:21:37  [AT] "SEND OK" (7)
17:21:37  [AT] "+IPD,68:T,2826,S,B2,1,64" (24)
17:21:37  [SLOT-OOW] +319ms
17:21:37  [AT] "T,2827,S,B3,1,64" (16)
17:21:37  [AT] "T,2828,S,B1,69" (14)
17:21:37  [CKSUM NG] T,2828,S,B1,69
17:21:37  [AT] "T,2829,S,A3,1,69" (16)
17:21:37  [AT] "OK" (2)
17:21:38  [TX] S,989,0110000010,0000000000,1213,P1,0A
17:21:38  A,2826,B2,4,0B
17:21:38  A,2827,B3,4,0B
17:21:38  A,2829,A3,4,06
17:21:38  A,2825,A1,4,08A,2139,B1,4,0F
17:21:38  A,2140,A4,4,07
17:21:38  A,2141,A1,4,03
17:21:38  A,2142,A2,4,03H
17:21:38  [SLOT] n=1011 tx=83 ack=3 due=0 r=1
17:21:38  [AT] " S,989,0110000010,0000000000,1213,P1,0AA,2826,B2,4,0BA,2827,B3,4,0BA,2829,A3,4,06" (81)
17:21:38  [AT] "SEND OK" (7)
17:21:38  [AT] "+IPD,68:T,2830,S,A4,1,66" (24)
17:21:38  [SLOT-OOW] +292ms
17:21:38  [AT] "T,2831,S,A2,1,61" (16)
17:21:38  [AT] "T,2832,S,A2833,S,A1,1,60" (24)
17:21:38  [CKSUM NG] T,2832,S,A2833,S,A1,1,60
17:21:38  [AT] "OK" (2)
17:21:38  [AT] "AT+CIPSEND=84" (13)
17:21:40  [TX] S,990,0110000010,0000000000,1214,P1,05
17:21:40  A,2830,A4,4,09
17:21:40  A,2831,A2,4,0E
17:21:40  A,2829,A3,4,06
17:21:40  A,2825,A1,4,08A,2139,B1,4,0F
17:21:40  A,2140,A4,4,07
17:21:40  A,2141,A1,4,03
17:21:40  A,2142,A2,4,03H
17:21:40  [SLOT] n=1012 tx=68 ack=2 due=0 r=1
17:21:40  [AT] "AT+CIPSEND=69" (13)
17:21:40  [AT] " S,990,0110000010,0000000000,1214,P1,05A,2830,A4,4,09A,2831,A2,4,0E" (67)
17:21:40  [AT] "SEND OK" (7)
17:21:40  [AT] "+IPD,51:T,2834,S,B2,1,67" (24)
17:21:40  [SLOT-OOW] +247ms
17:21:40  [AT] "T,2835,S,A3,1,64" (16)
17:21:40  [AT] "T,2836,S,B3,1,64" (16)
17:21:40  [AT] "OK" (2)
17:21:41  [TX] S,991,0110000010,0000000000,1215,P1,05
17:21:41  A,2834,B2,4,08
17:21:41  A,2835,A3,4,0B
17:21:41  A,2836,B3,4,0B
17:21:41  A,2825,A1,4,08A,2139,B1,4,0F
17:21:41  A,2140,A4,4,07
17:21:41  A,2141,A1,4,03
17:21:41  A,2142,A2,4,03H
17:21:41  [SLOT] n=1013 tx=83 ack=3 due=0 r=1
17:21:41  [AT] "AT+CIPSEND=84" (13)
17:21:41  [AT] " S,991,0110000010,0000000000,1215,P1,05A,2834,B2,4,08A,2835,A3,4,0BA,2836,B3,4,0B" (81)
17:21:41  [AT] "SEND OK" (7)
17:21:41  [AT] "+IPD,51:T,2837,S,A4,1,61" (24)
17:21:41  [SLOT-OOW] +254ms
17:21:41  [AT] "T,2838,S,A2,1,68" (16)
17:21:41  [AT] "T,2828,S,B1,1,69" (16)
17:21:41  [AT] "OK" (2)
17:21:42  [TX] S,992,0110000010,0000000000,1216,P1,05
17:21:42  A,2837,A4,4,0E
17:21:42  A,2838,A2,4,07
17:21:42  A,2828,B1,4,06
17:21:42  A,2825,A1,4,08A,2139,B1,4,0F
17:21:42  A,2140,A4,4,07
17:21:42  A,2141,A1,4,03
17:21:42  A,2142,A2,4,03H
17:21:42  [SLOT] n=1014 tx=83 ack=3 due=0 r=1
17:21:42  [AT] "AT+CIPSEND=84" (13)
17:21:42  [AT] " S,992,0110000010,0000000000,1216,P1,05A,2837,A4,4,0EA,2838,A2,4,07A,2828,B1,4,06" (81)
17:21:42  [AT] "SEND OK" (7)
17:21:42  [AT] "+IPD,68:T,2832,S,A5,1,65" (24)
17:21:42  [SLOT-OOW] +285ms
17:21:42  [AT] "T,2833,S,A1,1,60" (16)
17:21:42  [AT] "T,2839,S,B2,1,6A" (16)
17:21:42  [AT] "T,2840,S,A3,1,66" (16)
17:21:42  [AT] "OK" (2)
17:21:43  [TX] S,993,0110000010,0000000000,1218,P1,0A
17:21:43  A,2832,A5,4,0A
17:21:43  A,2833,A1,4,0F
17:21:43  A,2839,B2,4,05
17:21:43  A,2840,A3,4,09A,2139,B1,4,0F
17:21:43  A,2140,A4,4,07
17:21:43  A,2141,A1,4,03
17:21:43  A,2142,A2,4,03H
17:21:43  [SLOT] n=1015 tx=98 ack=4 due=0 r=1
17:21:43  [AT] "AT+CIPSEND=99" (13)
17:21:43  [AT] " S,993,0110000010,0000000000,1218,P1,0AA,2832,A5,4,0AA,2833,A1,4,0FA,2839,B2,4,05A,2840,A3,4,09" (95)
17:21:43  [AT] "SEND OK" (7)
17:21:43  [AT] "+IPD,68:T,2841,S,B3,1,64" (24)
17:21:43  [SLOT-OOW] +318ms
17:21:43  [AT] "T,2842,S,A2,1,65" (16)
17:21:43  [AT] "T,2843,S,A4,1,62" (16)
17:21:43  [AT] "T,2844,S,B1,1,63" (16)
17:21:43  [AT] "OK" (2)
17:21:44  [TX] S,994,0110000010,0000000000,1219,P1,0C
17:21:44  A,2841,B3,4,0B
17:21:44  A,2842,A2,4,0A
17:21:44  A,2843,A4,4,0D
17:21:44  A,2844,B1,4,0CA,2139,B1,4,0F
17:21:44  A,2140,A4,4,07
17:21:44  A,2141,A1,4,03
17:21:44  A,2142,A2,4,03H
17:21:44  [SLOT] n=1016 tx=98 ack=4 due=0 r=1
17:21:44  [AT] "AT+CIPSEND=99" (13)
17:21:44  [AT] " S,994,0110000010,0000000000,1219,P1,0CA,2841,B3,4,0BA,2842,A2,4,0AA,2843,A4,4,0DA,2844,B1,4,0C" (95)
17:21:44  [AT] "SEND OK" (7)
17:21:44  [AT] "+IPD,68:T,2845,S,A1,1,61" (24)
17:21:44  [SLOT-OOW] +290ms
17:21:44  [AT] "T,2846,S,A3,1,60" (16)
17:21:44  [AT] "T,2847,S,B2,1,63" (16)
17:21:44  [AT] "T,2848,S,A5,1,68" (16)
17:21:45  [AT] "OK" (2)
17:21:46  [TX] S,995,0110000010,0000000000,1220,P1,07
17:21:46  A,2845,A1,4,0E
17:21:46  A,2846,A3,4,0F
17:21:46  A,2847,B2,4,0C
17:21:46  A,2848,A5,4,07A,2139,B1,4,0F
17:21:46  A,2140,A4,4,07
17:21:46  A,2141,A1,4,03
17:21:46  A,2142,A2,4,03H
17:21:46  [SLOT] n=1017 tx=98 ack=4 due=0 r=1
17:21:46  [AT] "AT+CIPSEND=99" (13)
17:21:46  [AT] " S,995,0110000010,0000000000,1220,P1,07A,2845,A1,4,0EA,2846,A3,4,0FA,2847,B2,4,0CA,2848,A5,4,07" (95)
17:21:46  [AT] "SEND OK" (7)
17:21:46  [AT] "+IPD,68:T,2849,S,B3,1,6C" (24)
17:21:46  [SLOT-OOW] +290ms
17:21:46  [AT] "T,2850,S,A2,1,66" (16)
17:21:46  [AT] "T,2851,S,B1,1,67" (16)
17:21:46  [AT] "T,2852,S,A4,1,62" (16)
17:21:46  [AT] "OK" (2)
17:21:47  [TX] S,996,0110000010,0000000000,1221,P1,05
17:21:47  A,2849,B3,4,03
17:21:47  A,2850,A2,4,09
17:21:47  A,2851,B1,4,08
17:21:47  A,2852,A4,4,0DA,2139,B1,4,0F
17:21:47  A,2140,A4,4,07
17:21:47  A,2141,A1,4,03
17:21:47  A,2142,A2,4,03H
17:21:47  [SLOT] n=1018 tx=98 ack=4 due=0 r=1
17:21:47  [AT] "AT+CIPSEND=99" (13)
17:21:47  [AT] " S,996,0110000010,0000000000,1221,P1,05A,2849,B3,4,03A,2850,A2,4,09A,2851,B1,4,08A,2852,A4,4,0D" (95)
17:21:47  [AT] "SEND OK" (7)
17:21:47  [AT] "+IPD,68:T,2853,S,A3,1,64" (24)
17:21:47  [SLOT-OOW] +306ms
17:21:47  [AT] "T,2854,S,A1,1,61" (16)
17:21:47  [AT] "T,2855,S,A5,1,64" (16)
17:21:47  [AT] "T,2856,S,B2,1,63" (16)
17:21:47  [AT] "OK" (2)
17:21:48  [TX] S,997,0110000010,0000000000,1222,P1,07
17:21:48  A,2853,A3,4,0B
17:21:48  A,2854,A1,4,0E
17:21:48  A,2855,A5,4,0B
17:21:48  A,2856,B2,4,0CA,2139,B1,4,0F
17:21:48  A,2140,A4,4,07
17:21:48  A,2141,A1,4,03
17:21:48  A,2142,A2,4,03H
17:21:48  [SLOT] n=1019 tx=98 ack=4 due=0 r=1
17:21:48  [AT] " S,997,0110000010,0000000000,1222,P1,07A,2853,A3,4,0BA,2854,A1,4,0EA,2855,A5,4,0BA,2856,B2,4,0C" (95)
17:21:48  [AT] "SEND OK" (7)
17:21:48  [AT] "+IPD,68:T,2857,S,B1,1,61" (24)
17:21:48  [SLOT-OOW] +332ms
17:21:48  [AT] "T,2858,S,B3,1,6C" (16)
17:21:48  [AT] "T,2859,S,A1,63" (14)
17:21:48  [CKSUM NG] T,2859,S,A1,63
17:21:48  [AT] "OK" (2)
17:21:48  [AT] "AT+CIPSEND=99" (13)
17:21:49  [TX] S,998,0110000010,0000000000,1224,P1,0E
17:21:49  A,2857,B1,4,0E
17:21:49  A,2858,B3,4,03
17:21:49  A,2855,A5,4,0B
17:21:49  A,2856,B2,4,0CA,2139,B1,4,0F
17:21:49  A,2140,A4,4,07
17:21:49  A,2141,A1,4,03
17:21:49  A,2142,A2,4,03H
17:21:49  [SLOT] n=1020 tx=68 ack=2 due=0 r=1
17:21:49  [AT] "AT+CIPSEND=69" (13)
17:21:49  [AT] " S,998,0110000010,0000000000,1224,P1,0EA,2857,B1,4,0EA,2858,B3,4,03" (67)
17:21:49  [AT] "SEND OK" (7)
17:21:49  [AT] "+IPD,68:T,2861,S,A1,1,67" (24)
17:21:49  [SLOT-OOW] +248ms
17:21:49  [AT] "T,2862,S,B2,1,64" (16)
17:21:49  [AT] "T,2863,S,A3,1,67" (16)
17:21:49  [AT] "T,2864,S,A5,1,66" (16)
17:21:49  [AT] "OK" (2)
17:21:50  [TX] S,999,0110000010,0000000000,1225,P1,0E
17:21:50  A,2861,A1,4,08
17:21:50  A,2862,B2,4,0B
17:21:50  A,2863,A3,4,08
17:21:50  A,2864,A5,4,09A,2139,B1,4,0F
17:21:50  A,2140,A4,4,07
17:21:50  A,2141,A1,4,03
17:21:50  A,2142,A2,4,03H
17:21:50  [SLOT] n=1021 tx=98 ack=4 due=0 r=1
17:21:50  [AT] "AT+CIPSEND=99" (13)
17:21:50  [AT] " S,999,0110000010,0000000000,1225,P1,0EA,2861,A1,4,08A,2862,B2,4,0BA,2863,A3,4,08A,2864,A5,4,09" (95)
17:21:50  [AT] "SEND OK" (7)
17:21:50  [AT] "+IPD,68:T,2865,S,B1,1,60" (24)
17:21:50  [SLOT-OOW] +291ms
17:21:50  [AT] "T,2866,S,B3,1,61" (16)
17:21:50  [AT] "T,2859,S,A2,1,6F" (16)
17:21:50  [AT] "T,2860,S,A4,1,63" (16)
17:21:50  [AT] "OK" (2)
17:21:52  [TX] S,1000,0110000010,0000000000,1226,P1,35
17:21:52  A,2865,B1,4,0F
17:21:52  A,2866,B3,4,0E
17:21:52  A,2859,A2,4,00
17:21:52  A,2860,A4,4,0C,2139,B1,4,0F
17:21:52  A,2140,A4,4,07
17:21:52  A,2141,A1,4,03
17:21:52  A,2142,A2,4,03H
17:21:52  [SLOT] n=1022 tx=99 ack=4 due=0 r=1
17:21:52  [AT] "AT+CIPSEND=100" (14)
17:21:52  [DROP-OVF] 줄이 96바이트를 넘어 버렸다
17:21:52  [AT] "SEND OK" (7)
17:21:52  [AT] "+IPD,68:T,2867,S,A1,1,61" (24)
17:21:52  [SLOT-OOW] +292ms
17:21:52  [AT] "T,2868,S,B2,1,6E" (16)
17:21:52  [AT] "T,2869,S,A3,1,6D" (16)
17:21:52  [AT] "T,2870,S,A5,1,63" (16)
17:21:52  [AT] "OK" (2)
17:21:53  [TX] S,1001,0110000010,0000000000,1227,P1,35
17:21:53  A,2867,A1,4,0E
17:21:53  A,2868,B2,4,01
17:21:53  A,2869,A3,4,02
17:21:53  A,2870,A5,4,0C,2139,B1,4,0F
17:21:53  A,2140,A4,4,07
17:21:53  A,2141,A1,4,03
17:21:53  A,2142,A2,4,03H
17:21:53  [SLOT] n=1023 tx=99 ack=4 due=0 r=1
17:21:53  [AT] "AT+CIPSEND=100" (14)
17:21:53  [DROP-OVF] 줄이 96바이트를 넘어 버렸다
17:21:53  [AT] "SEND OK" (7)
17:21:53  [AT] "+IPD,68:T,2871,S,B3,1,67" (24)
17:21:53  [SLOT-OOW] +309ms
17:21:53  [AT] "T,2872,S,B1,1,66" (16)
17:21:53  [AT] "T,2873,S,A2,1,67" (16)
17:21:53  [AT] "T,2874,S,A4,1,66" (16)
17:21:53  [AT] "OK" (2)
17:21:54  [TX] S,1002,0110000010,0000000000,1228,P1,39
17:21:54  A,2871,B3,4,08
17:21:54  A,2872,B1,4,09
17:21:54  A,2873,A2,4,08
17:21:54  A,2874,A4,4,09,2139,B1,4,0F
17:21:54  A,2140,A4,4,07
17:21:54  A,2141,A1,4,03
17:21:54  A,2142,A2,4,03H
17:21:54  [SLOT] n=1024 tx=99 ack=4 due=0 r=1
17:21:54  [AT] "AT+CIPSEND=100" (14)
17:21:54  [DROP-OVF] 줄이 96바이트를 넘어 버렸다
17:21:54  [AT] "SEND OK" (7)
17:21:54  [AT] "+IPD,68:T,2875,S,B2,1,62" (24)
17:21:54  [SLOT-OOW] +274ms
17:21:54  [AT] "T,2876,S,A1,1,61" (16)
17:21:54  [AT] "T,2877,S,A3,1,62" (16)
17:21:54  [AT] "T,2878,S,A5,1,6B" (16)
17:21:54  [AT] "OK" (2)
17:21:55  [TX] S,1003,0110000010,0000000000,1230,P1,31
17:21:55  A,2875,B2,4,0D
17:21:55  A,2876,A1,4,0E
17:21:55  A,2877,A3,4,0D
17:21:55  A,2878,A5,4,04,2139,B1,4,0F
17:21:55  A,2140,A4,4,07
17:21:55  A,2141,A1,4,03
17:21:55  A,2142,A2,4,03H
17:21:55  [SLOT] n=1025 tx=99 ack=4 due=0 r=1
17:21:55  [AT] "AT+CIPSEND=100" (14)
17:21:55  [DROP-OVF] 줄이 96바이트를 넘어 버렸다
17:21:55  [AT] "SEND OK" (7)
17:21:55  [AT] "+IPD,68:T,2879,S,A2,1,6D" (24)
17:21:55  [SLOT-OOW] +288ms
17:21:55  [AT] "T,2880,S,A4,1,6D" (16)
17:21:55  [AT] "T,2881,S,B1,1,6A" (16)
17:21:55  [AT] "T,2882,S,B3,1,6B" (16)
17:21:55  [AT] "OK" (2)
17:21:56  [TX] S,1004,0110000010,0000000000,1231,P1,37
17:21:56  A,2879,A2,4,02
17:21:56  A,2880,A4,4,02
17:21:56  A,2881,B1,4,05
17:21:56  A,2882,B3,4,04,2139,B1,4,0F
17:21:56  A,2140,A4,4,07
17:21:56  A,2141,A1,4,03
17:21:56  A,2142,A2,4,03H
17:21:56  [SLOT] n=1026 tx=99 ack=4 due=0 r=1
17:21:56  [AT] "AT+CIPSEND=100" (14)
17:21:56  [DROP-OVF] 줄이 96바이트를 넘어 버렸다
17:21:56  [AT] "SEND OK" (7)
17:21:56  [AT] "+IPD,68:T,2883,S,A1,1,6B" (24)
17:21:56  [SLOT-OOW] +297ms
17:21:56  [AT] "T,2884,S,B2,1,6C" (16)
17:21:56  [AT] "T,2885,S,A3,1,6F" (16)
17:21:56  [AT] "T,2886,S,A5,1,6A" (16)
17:21:56  [AT] "OK" (2)
17:21:58  [TX] S,1005,0110000010,0000000000,1232,P1,35
17:21:58  A,2883,A1,4,04
17:21:58  A,2884,B2,4,03
17:21:58  A,2885,A3,4,00
17:21:58  A,2886,A5,4,05,2139,B1,4,0F
17:21:58  A,2140,A4,4,07
17:21:58  A,2141,A1,4,03
17:21:58  A,2142,A2,4,03H
17:21:58  [SLOT] n=1027 tx=99 ack=4 due=0 r=1
17:21:58  [DROP-OVF] 줄이 96바이트를 넘어 버렸다
17:21:58  [AT] "SEND OK" (7)
17:21:58  [AT] "+IPD,68:T,2887,S,A4,1,6A" (24)
17:21:58  [SLOT-OOW] +290ms
17:21:58  [AT] "T,2888,S,B1,1,63" (16)
17:21:58  [AT] "T,2889,S,A2,1,62" (16)
17:21:58  [AT] "T,2890,S,B3,1,68" (16)
17:21:58  [AT] "OK" (2)
17:21:58  [AT] "AT+CIPSEND=100" (14)
17:21:59  [TX] S,1006,0110000010,0000000000,1233,P1,37
17:21:59  A,2887,A4,4,05
17:21:59  A,2888,B1,4,0C
17:21:59  A,2889,A2,4,0D
17:21:59  A,2890,B3,4,07,2139,B1,4,0F
17:21:59  A,2140,A4,4,07
17:21:59  A,2141,A1,4,03
17:21:59  A,2142,A2,4,03H
17:21:59  [SLOT] n=1028 tx=99 ack=4 due=0 r=1
17:21:59  [AT] "AT+CIPSEND=100" (14)
17:21:59  [DROP-OVF] 줄이 96바이트를 넘어 버렸다
17:21:59  [AT] "SEND OK" (7)
17:21:59  [AT] "+IPD,68:T,2891,S,A3,1,6A" (24)
17:21:59  [SLOT-OOW] +334ms
17:21:59  [AT] "T,2892,S,A5,1,6F" (16)
17:21:59  [AT] "T,2893,S,A1,1,6A" (16)
17:21:59  [AT] "T,2894,S,B2,1,6D" (16)
17:21:59  [AT] "OK" (2)
17:22:00  [TX] S,1007,0110000010,0000000000,1234,P1,31
17:22:00  A,2891,A3,4,05
17:22:00  A,2892,A5,4,00
17:22:00  A,2893,A1,4,05
17:22:00  A,2894,B2,4,02,2139,B1,4,0F
17:22:00  A,2140,A4,4,07
17:22:00  A,2141,A1,4,03
17:22:00  A,2142,A2,4,03H
17:22:00  [SLOT] n=1029 tx=99 ack=4 due=0 r=1
17:22:00  [AT] "AT+CIPSEND=100" (14)
17:22:00  [DROP-OVF] 줄이 96바이트를 넘어 버렸다
17:22:00  [AT] "SEND OK" (7)
17:22:00  [AT] "+IPD,68:T,2895,S,A4,1,69" (24)
17:22:00  [SLOT-OOW] +315ms
17:22:00  [AT] "T,2896,S,B1,1,6C" (16)
17:22:00  [AT] "T,2897,S,A2,1,6D" (16)
17:22:00  [AT] "T,2898,S,B3,1,60" (16)
17:22:00  [AT] "OK" (2)
17:22:01  [TX] S,1008,0110000010,0000000000,1236,P1,3C
17:22:01  A,2895,A4,4,06
17:22:01  A,2896,B1,4,03
17:22:01  A,2897,A2,4,02
17:22:01  A,2898,B3,4,0F,2139,B1,4,0F
17:22:01  A,2140,A4,4,07
17:22:01  A,2141,A1,4,03
17:22:01  A,2142,A2,4,03H
17:22:01  [SLOT] n=1030 tx=99 ack=4 due=0 r=1
17:22:01  [AT] "AT+CIPSEND=100" (14)
17:22:01  [DROP-OVF] 줄이 96바이트를 넘어 버렸다
17:22:01  [AT] "SEND OK" (7)
17:22:01  [AT] "+IPD,68:T,2899,S,A3,1,62" (24)
17:22:01  [SLOT-OOW] +282ms
17:22:01  [AT] "T,2900,S,A5,1,65" (16)
17:22:01  [AT] "T,2901,S,B2,1,60" (16)
17:22:01  [AT] "T,2902,S,A1,1,63" (16)
17:22:01  [AT] "OK" (2)
17:22:02  [TX] S,1009,0110000010,0000000000,1237,P1,3C
17:22:02  A,2899,A3,4,0D
17:22:02  A,2900,A5,4,0A
17:22:02  A,2901,B2,4,0F
17:22:02  A,2902,A1,4,0C,2139,B1,4,0F
17:22:02  A,2140,A4,4,07
17:22:02  A,2141,A1,4,03
17:22:02  A,2142,A2,4,03H
17:22:02  [SLOT] n=1031 tx=99 ack=4 due=0 r=1
17:22:02  [DROP-OVF] 줄이 96바이트를 넘어 버렸다
17:22:02  [AT] "SEND OK" (7)
17:22:02  [AT] "+IPD,68:T,2903,S,A4,1,67" (24)
17:22:02  [SLOT-OOW] +309ms
17:22:02  [AT] "T,2904,S,B1,1,66" (16)
17:22:02  [AT] "T,2905,S,A2,1,67" (16)
17:22:02  [AT] "T,2906,S,B3,1,66" (16)
17:22:02  [AT] "OK" (2)
17:22:02  [AT] "AT+CIPSEND=100" (14)
17:22:03  [TX] S,1010,0110000010,0000000000,1238,P1,3B
17:22:03  A,2903,A4,4,08
17:22:03  A,2904,B1,4,09
17:22:03  A,2905,A2,4,08
17:22:03  A,2906,B3,4,09,2139,B1,4,0F
17:22:04  A,2140,A4,4,07
17:22:04  A,2141,A1,4,03
17:22:04  A,2142,A2,4,03H
17:22:04  [SLOT] n=1032 tx=99 ack=4 due=0 r=1
17:22:04  [DROP-OVF] 줄이 96바이트를 넘어 버렸다
17:22:04  [AT] "SEND OK" (7)
17:22:04  [AT] "+IPD,68:T,2907,S,B2,1,66" (24)
17:22:04  [SLOT-OOW] +300ms
17:22:04  [AT] "T,2908,S,A5,1,6D" (16)
17:22:04  [AT] "T,2909,S,A3,1,6A" (16)
17:22:04  [AT] "T,2910,S,A1,1,60" (16)
17:22:04  [AT] "OK" (2)
17:22:04  [AT] "AT+CIPSEND=100" (14)
17:22:05  [TX] S,1011,0110000010,0000000000,1239,P1,3B
17:22:05  A,2907,B2,4,09
17:22:05  A,2908,A5,4,02
17:22:05  A,2909,A3,4,05
17:22:05  A,2910,A1,4,0F,2139,B1,4,0F
17:22:05  A,2140,A4,4,07
17:22:05  A,2141,A1,4,03
17:22:05  A,2142,A2,4,03H
17:22:05  [SLOT] n=1033 tx=99 ack=4 due=0 r=1
17:22:05  [AT] "AT+CIPSEND=100" (14)
17:22:05  [DROP-OVF] 줄이 96바이트를 넘어 버렸다
17:22:05  [AT] "SEND OK" (7)
17:22:05  [AT] "+IPD,68:T,2911,S,B1,1,62" (24)
17:22:05  [SLOT-OOW] +461ms
17:22:05  [AT] "T,2912,S,A4,1,67" (16)
17:22:05  [AT] "T,2913,S,B3,1,62" (16)
17:22:05  [AT] "T,2914,S,A2,1,67" (16)
17:22:05  [AT] "OK" (2)
17:22:06  [TX] S,1012,0110000010,0000000000,1240,P1,36
17:22:06  A,2911,B1,4,0D
17:22:06  A,2912,A4,4,08
17:22:06  A,2913,B3,4,0D
17:22:06  A,2914,A2,4,08,2139,B1,4,0F
17:22:06  A,2140,A4,4,07
17:22:06  A,2141,A1,4,03
17:22:06  A,2142,A2,4,03H
17:22:06  [SLOT] n=1034 tx=99 ack=4 due=0 r=1
17:22:06  [AT] "AT+CIPSEND=100" (14)
17:22:06  [DROP-OVF] 줄이 96바이트를 넘어 버렸다
17:22:06  [AT] "SEND OK" (7)
17:22:06  [AT] "+IPD,68:T,2915,S,A5,1,61" (24)
17:22:06  [SLOT-OOW] +292ms
17:22:06  [AT] "T,2916,S,B2,1,66" (16)
17:22:06  [AT] "T,2917,S,A3,1,65" (16)
17:22:06  [AT] "T,2918,S,A1,1,68" (16)
17:22:06  [AT] "OK" (2)
17:22:07  [TX] S,1013,0110000010,0000000000,1242,P1,35
17:22:07  A,2915,A5,4,0E
17:22:07  A,2916,B2,4,09
17:22:07  A,2917,A3,4,0A
17:22:07  A,2918,A1,4,07,2139,B1,4,0F
17:22:07  A,2140,A4,4,07
17:22:07  A,2141,A1,4,03
17:22:07  A,2142,A2,4,03H
17:22:07  [SLOT] n=1035 tx=99 ack=4 due=0 r=1
17:22:07  [AT] "AT+CIPSEND=100" (14)
17:22:07  [DROP-OVF] 줄이 96바이트를 넘어 버렸다
17:22:07  [AT] "SEND OK" (7)
17:22:07  [AT] "+IPD,68:T,2919,S,A2,1,6A" (24)
17:22:07  [SLOT-OOW] +293ms
17:22:07  [AT] "T,2920,S,A4,1,66" (16)
17:22:07  [AT] "T,2921,S,B3,1,63" (16)
17:22:07  [AT] "T,2922,S,B1,1,62" (16)
17:22:07  [AT] "OK" (2)
17:22:08  [TX] S,1014,0110000010,0000000000,1243,P1,33
17:22:08  A,2919,A2,4,05
17:22:08  A,2920,A4,4,09
17:22:08  A,2921,B3,4,0C
17:22:08  A,2922,B1,4,0D,2139,B1,4,0F
17:22:08  A,2140,A4,4,07
17:22:08  A,2141,A1,4,03
17:22:08  A,2142,A2,4,03H
17:22:08  [SLOT] n=1036 tx=99 ack=4 due=0 r=1
17:22:08  [DROP-OVF] 줄이 96바이트를 넘어 버렸다
17:22:08  [AT] "SEND OK" (7)
17:22:08  [AT] "+IPD,68:T,2923,S,B2,1,60" (24)
17:22:08  [SLOT-OOW] +291ms
17:22:08  [AT] "T,2924,S,A1,1,67" (16)
17:22:08  [AT] "T,2925,S,A5,1,62" (16)
17:22:08  [AT] "T,2926,S,A3,1,67" (16)
17:22:08  [AT] "OK" (2)
17:22:08  [AT] "AT+CIPSEND=100" (14)
17:22:09  [TX] S,1015,0110000010,0000000000,1244,P1,35
17:22:09  A,2923,B2,4,0F
17:22:09  A,2924,A1,4,08
17:22:09  A,2925,A5,4,0D
17:22:09  A,2926,A3,4,08,2139,B1,4,0F
17:22:09  A,2140,A4,4,07
17:22:09  A,2141,A1,4,03
17:22:09  A,2142,A2,4,03H
17:22:10  [SLOT] n=1037 tx=99 ack=4 due=0 r=1
17:22:10  [DROP-OVF] 줄이 96바이트를 넘어 버렸다
17:22:10  [AT] "SEND OK" (7)
17:22:10  [AT] "+IPD,68:T,2927,S,A2,1,67" (24)
17:22:10  [SLOT-OOW] +303ms
17:22:10  [AT] "T,2928,S,B3,1,6A" (16)
17:22:10  [AT] "T,2929,S,A4,1,6F" (16)
17:22:10  [AT] "T,2930,S,B1,1,61" (16)
17:22:10  [AT] "OK" (2)
17:22:10  [AT] "AT+CIPSEND=100" (14)
17:22:11  [TX] S,1016,0110000010,0000000000,1245,P1,37
17:22:11  A,2927,A2,4,08
17:22:11  A,2928,B3,4,05
17:22:11  A,2929,A4,4,00
17:22:11  A,2930,B1,4,0E,2139,B1,4,0F
17:22:11  A,2140,A4,4,07
17:22:11  A,2141,A1,4,03
17:22:11  A,2142,A2,4,03H
17:22:11  [SLOT] n=1038 tx=99 ack=4 due=0 r=1
17:22:11  [AT] "AT+CIPSEND=100" (14)
17:22:11  [DROP-OVF] 줄이 96바이트를 넘어 버렸다
17:22:11  [AT] "SEND OK" (7)
17:22:11  [AT] "+IPD,68:T,2931,S,A1,1,63" (24)
17:22:11  [SLOT-OOW] +288ms
17:22:11  [AT] "T,2932,S,A5,1,64" (16)
17:22:11  [AT] "T,2933,S,B2,1,61" (16)
17:22:11  [AT] "T,2934,S,A3,1,64" (16)
17:22:11  [AT] "OK" (2)
17:22:12  [TX] S,1017,0110000010,0000000000,1246,P1,35
17:22:12  A,2931,A1,4,0C
17:22:12  A,2932,A5,4,0B
17:22:12  A,2933,B2,4,0E
17:22:12  A,2934,A3,4,0B,2139,B1,4,0F
17:22:12  A,2140,A4,4,07
17:22:12  A,2141,A1,4,03
17:22:12  A,2142,A2,4,03H
17:22:12  [SLOT] n=1039 tx=99 ack=4 due=0 r=1
17:22:12  [AT] "AT+CIPSEND=100" (14)
17:22:12  [DROP-OVF] 줄이 96바이트를 넘어 버렸다
17:22:12  [AT] "SEND OK" (7)
17:22:12  [AT] "+IPD,68:T,2935,S,A2,1,64" (24)
17:22:12  [SLOT-OOW] +293ms
17:22:12  [AT] "T,2936,S,A4,1,61" (16)
17:22:12  [AT] "T,2937,S,B1,1,66" (16)
17:22:12  [AT] "T,2938,S,B3,1,6B" (16)
17:22:12  [AT] "OK" (2)
17:22:13  [TX] S,1018,0110000010,0000000000,1248,P1,34
17:22:13  A,2935,A2,4,0B
17:22:13  A,2936,A4,4,0E
17:22:13  A,2937,B1,4,09
17:22:13  A,2938,B3,4,04,2139,B1,4,0F
17:22:13  A,2140,A4,4,07
17:22:13  A,2141,A1,4,03
17:22:13  A,2142,A2,4,03H
17:22:13  [SLOT] n=1040 tx=99 ack=4 due=0 r=1
17:22:13  [AT] "AT+CIPSEND=100" (14)
17:22:13  [DROP-OVF] 줄이 96바이트를 넘어 버렸다
17:22:13  [AT] "SEND OK" (7)
17:22:13  [AT] "+IPD,68:T,2939,S,A5,1,6F" (24)
17:22:13  [SLOT-OOW] +285ms
17:22:13  [AT] "T,2940,S,A1,1,65" (16)
17:22:13  [AT] "T,2941,S,B2,1,64" (16)
17:22:13  [AT] "T,2942,S,A3,1,65" (16)
17:22:13  [AT] "OK" (2)
17:22:14  [TX] S,1019,0110000010,0000000000,1249,P1,34
17:22:14  A,2939,A5,4,00
17:22:14  A,2940,A1,4,0A
17:22:14  A,2941,B2,4,0B
17:22:14  A,2942,A3,4,0A,2139,B1,4,0F
17:22:14  A,2140,A4,4,07
17:22:14  A,2141,A1,4,03
17:22:14  A,2142,A2,4,03H
17:22:14  [SLOT] n=1041 tx=99 ack=4 due=0 r=1
17:22:14  [AT] "AT+CIPSEND=100" (14)
17:22:14  [DROP-OVF] 줄이 96바이트를 넘어 버렸다
17:22:14  [AT] "SEND OK" (7)
17:22:14  [AT] "+IPD,68:T,2943,S,A4,1,63" (24)
17:22:14  [SLOT-OOW] +292ms
17:22:14  [AT] "T,2944,S,A2,1,62" (16)
17:22:14  [AT] "T,2945,S,B1,1,63" (16)
17:22:14  [AT] "T,2946,S,B3,1,62" (16)
17:22:14  [AT] "OK" (2)
17:22:15  [TX] S,1020,0110000010,0000000000,1250,P1,36
17:22:15  A,2943,A4,4,0C
17:22:15  A,2944,A2,4,0D
17:22:15  A,2945,B1,4,0C
17:22:15  A,2946,B3,4,0D,2139,B1,4,0F
17:22:15  A,2140,A4,4,07
17:22:15  A,2141,A1,4,03
17:22:15  A,2142,A2,4,03H
17:22:15  [SLOT] n=1042 tx=99 ack=4 due=0 r=1
17:22:15  [AT] "AT+CIPSEND=100" (14)
17:22:15  [DROP-OVF] 줄이 96바이트를 넘어 버렸다
17:22:15  [AT] "SEND OK" (7)
17:22:16  [AT] "+IPD,68:T,2947,S,A3,1,60" (24)
17:22:16  [AT] "T,2948,S,A1,1,6D" (16)
17:22:16  [AT] "T,2949,S,A5,1,68" (16)
17:22:16  [AT] "T,2950,S,B2,1,64" (16)
17:22:16  [AT] "OK" (2)
17:22:17  [TX] S,1021,0110000010,0000000000,1251,P1,36
17:22:17  A,2947,A3,4,0F
17:22:17  A,2948,A1,4,02
17:22:17  A,2949,A5,4,07
17:22:17  A,2950,B2,4,0B,2139,B1,4,0F
17:22:17  A,2140,A4,4,07
17:22:17  A,2141,A1,4,03
17:22:17  A,2142,A2,4,03H
17:22:17  [SLOT] n=1043 tx=99 ack=4 due=0 r=1
17:22:17  [AT] "AT+CIPSEND=100" (14)
17:22:17  [DROP-OVF] 줄이 96바이트를 넘어 버렸다
17:22:17  [AT] "SEND OK" (7)
17:22:17  [AT] "+IPD,68:T,2951,S,A4,1,60" (24)
17:22:17  [SLOT-OOW] +288ms
17:22:17  [AT] "T,2952,S,A2,1,65" (16)
17:22:17  [AT] "T,2953,S,B3,1,66" (16)
17:22:17  [AT] "T,2954,S,B1,1,63" (16)
17:22:17  [AT] "OK" (2)
17:22:18  [TX] S,1022,0110000010,0000000000,1252,P1,36
17:22:18  A,2951,A4,4,0F
17:22:18  A,2952,A2,4,0A
17:22:18  A,2953,B3,4,09
17:22:18  A,2954,B1,4,0C,2139,B1,4,0F
17:22:18  A,2140,A4,4,07
17:22:18  A,2141,A1,4,03
17:22:18  A,2142,A2,4,03H
17:22:18  [SLOT] n=1044 tx=99 ack=4 due=0 r=1
17:22:18  [AT] "AT+CIPSEND=100" (14)
17:22:18  [DROP-OVF] 줄이 96바이트를 넘어 버렸다
17:22:18  [AT] "SEND OK" (7)
17:22:18  [AT] "+IPD,68:T,2955,S,A3,1,63" (24)
17:22:18  [SLOT-OOW] +289ms
17:22:18  [AT] "T,2956,S,B2,1,62" (16)
17:22:18  [AT] "T,2957,S,A1,1,63" (16)
17:22:18  [AT] "T,2958,S,A5,1,68" (16)
17:22:18  [AT] "OK" (2)
17:22:19  [TX] S,1023,0110000010,0000000000,1254,P1,31
17:22:19  A,2955,A3,4,0C
17:22:19  A,2956,B2,4,0D
17:22:19  A,2957,A1,4,0C
17:22:19  A,2958,A5,4,07,2139,B1,4,0F
17:22:19  A,2140,A4,4,07
17:22:19  A,2141,A1,4,03
17:22:19  A,2142,A2,4,03H
17:22:19  [SLOT] n=1045 tx=99 ack=4 due=0 r=1
17:22:19  [AT] "AT+CIPSEND=100" (14)
17:22:19  [DROP-OVF] 줄이 96바이트를 넘어 버렸다
17:22:19  [AT] "SEND OK" (7)
17:22:19  [AT] "+IPD,68:T,2959,S,A2,1,6E" (24)
17:22:19  [SLOT-OOW] +284ms
17:22:19  [AT] "T,2960,S,B3,1,66" (16)
17:22:19  [AT] "T,2961,S,A4,1,63" (16)
17:22:19  [AT] "T,2962,S,B1,1,66" (16)
17:22:19  [AT] "OK" (2)
17:22:20  [TX] S,1024,0110000010,0000000000,1255,P1,37
17:22:20  A,2959,A2,4,01
17:22:20  A,2960,B3,4,09
17:22:20  A,2961,A4,4,0C
17:22:20  A,2962,B1,4,09,2139,B1,4,0F
17:22:20  A,2140,A4,4,07
17:22:20  A,2141,A1,4,03
17:22:20  A,2142,A2,4,03H
17:22:20  [SLOT] n=1046 tx=99 ack=4 due=0 r=1
17:22:20  [DROP-OVF] 줄이 96바이트를 넘어 버렸다
17:22:20  [AT] "SEND OK" (7)
17:22:20  [AT] "+IPD,68:T,2963,S,A5,1,60" (24)
17:22:20  [SLOT-OOW] +291ms
17:22:20  [AT] "T,2964,S,A1,1,63" (16)
17:22:20  [AT] "T,2965,S,B2,1,62" (16)
17:22:20  [AT] "T,2966,S,A3,1,63" (16)
17:22:20  [AT] "OK" (2)
17:22:20  [AT] "AT+CIPSEND=100" (14)
17:22:21  [TX] S,1025,0110000010,0000000000,1256,P1,35
17:22:21  A,2963,A5,4,0F
17:22:21  A,2964,A1,4,0C
17:22:21  A,2965,B2,4,0D
17:22:21  A,2966,A3,4,0C,2139,B1,4,0F
17:22:21  A,2140,A4,4,07
17:22:21  A,2141,A1,4,03
17:22:21  A,2142,A2,4,03H
17:22:21  [SLOT] n=1047 tx=99 ack=4 due=0 r=1
17:22:21  [DROP-OVF] 줄이 96바이트를 넘어 버렸다
17:22:21  [AT] "SEND OK" (7)
17:22:22  [AT] "+IPD,68:T,2967,S,A2,1,63" (24)
17:22:22  [SLOT-OOW] +299ms
17:22:22  [AT] "T,2968,S,B3,1,6E" (16)
17:22:22  [AT] "T,2969,S,B1,1,6D" (16)
17:22:22  [AT] "T,2970,S,A4,1,63" (16)
17:22:22  [AT] "OK" (2)
17:22:22  [AT] "AT+CIPSEND=100" (14)
17:22:23  [TX] S,1026,0110000010,0000000000,1257,P1,37
17:22:23  A,2967,A2,4,0C
17:22:23  A,2968,B3,4,01
17:22:23  A,2969,B1,4,02
17:22:23  A,2970,A4,4,0C,2139,B1,4,0F
17:22:23  A,2140,A4,4,07
17:22:23  A,2141,A1,4,03
17:22:23  A,2142,A2,4,03H
17:22:23  [SLOT] n=1048 tx=99 ack=4 due=0 r=1
17:22:23  [AT] "AT+CIPSEND=100" (14)
17:22:23  [DROP-OVF] 줄이 96바이트를 넘어 버렸다
17:22:23  [AT] "SEND OK" (7)
17:22:23  [AT] "+IPD,68:T,2971,S,A5,1,63" (24)
17:22:23  [SLOT-OOW] +293ms
17:22:23  [AT] "T,2972,S,A3,1,66" (16)
17:22:23  [AT] "T,2973,S,A1,1,65" (16)
17:22:23  [AT] "T,2974,S,B2,1,62" (16)
17:22:23  [AT] "OK" (2)
17:22:24  [TX] S,1027,0110000010,0000000000,1258,P1,39
17:22:24  A,2971,A5,4,0C
17:22:24  A,2972,A3,4,09
17:22:24  A,2973,A1,4,0A
17:22:24  A,2974,B2,4,0D,2139,B1,4,0F
17:22:24  A,2140,A4,4,07
17:22:24  A,2141,A1,4,03
17:22:24  A,2142,A2,4,03H
17:22:24  [SLOT] n=1049 tx=99 ack=4 due=0 r=1
17:22:24  [AT] "AT+CIPSEND=100" (14)
17:22:24  [DROP-OVF] 줄이 96바이트를 넘어 버렸다
17:22:24  [AT] "SEND OK" (7)
17:22:24  [AT] "+IPD,68:T,2975,S,A2,1,60" (24)
17:22:24  [SLOT-OOW] +458ms
17:22:24  [AT] "T,2976,S,B3,1,61" (16)
17:22:24  [AT] "T,2977,S,B1,1,62" (16)
17:22:24  [AT] "T,2978,S,A4,1,6B" (16)
17:22:24  [AT] "OK" (2)
17:22:25  [TX] S,1028,0110000010,0000000000,1260,P1,3D
17:22:25  A,2975,A2,4,0F
17:22:25  A,2976,B3,4,0E
17:22:25  A,2977,B1,4,0D
17:22:25  A,2978,A4,4,04,2139,B1,4,0F
17:22:25  A,2140,A4,4,07
17:22:25  A,2141,A1,4,03
17:22:25  A,2142,A2,4,03H
17:22:25  [SLOT] n=1050 tx=99 ack=4 due=0 r=1
17:22:25  [CNT] up=1260 drop=1 esprst=2 resync=3 sendfail=0 okto=0 stuck=0 ackq=0 ackdrop=0 ackstale=0 slot=1050 oow=737 smiss=2 ssovf=78 cksumng=78 okstream=1028 penddrop=6 skip=0 online=1
17:22:25  [RAM] 최저 여유 627 B · 프롬프트 재동기 3회 (서버의 '버린줄' 과 맞아야 한다)
17:22:25  [DROP-OVF] 줄이 96바이트를 넘어 버렸다
17:22:25  [AT] "SEND OK" (7)
17:22:25  [AT] "+IPD,68:T,2979,S,A3,1,6D" (24)
17:22:25  [SLOT-OOW] +339ms
17:22:25  [AT] "T,2980,S,A5,1,6D" (16)
17:22:25  [AT] "T,2981,S,B2,1,68" (16)
17:22:25  [AT] "T,2982,S,A1,1,6B" (16)
17:22:25  [AT] "OK" (2)
17:22:25  [AT] "AT+CIPSEND=100" (14)
17:22:26  [TX] S,1029,0110000010,0000000000,1261,P1,3D
17:22:26  A,2979,A3,4,02
17:22:26  A,2980,A5,4,02
17:22:26  A,2981,B2,4,07
17:22:26  A,2982,A1,4,04,2139,B1,4,0F
17:22:26  A,2140,A4,4,07
17:22:26  A,2141,A1,4,03
17:22:26  A,2142,A2,4,03H
17:22:26  [SLOT] n=1051 tx=99 ack=4 due=0 r=1
17:22:26  [DROP-OVF] 줄이 96바이트를 넘어 버렸다
17:22:26  [AT] "SEND OK" (7)
17:22:26  [AT] "+IPD,68:T,2983,S,A2,1,69" (24)
17:22:26  [SLOT-OOW] +294ms
17:22:26  [AT] "T,2984,S,B1,1,6E" (16)
17:22:26  [AT] "T,2985,S,A4,1,69" (16)
17:22:26  [AT] "T,2986,S,B3,1,6E" (16)
17:22:26  [AT] "OK" (2)
17:22:26  [AT] "AT+CIPSEND=100" (14)
17:22:27  [TX] S,1030,0110000010,0000000000,1262,P1,36
17:22:27  A,2983,A2,4,06
17:22:27  A,2984,B1,4,01
17:22:27  A,2985,A4,4,06
17:22:27  A,2986,B3,4,01,2139,B1,4,0F
17:22:27  A,2140,A4,4,07
17:22:27  A,2141,A1,4,03
17:22:27  A,2142,A2,4,03H
17:22:27  [SLOT] n=1052 tx=99 ack=4 due=0 r=1
17:22:27  [AT] "AT+CIPSEND=100" (14)
17:22:27  [DROP-OVF] 줄이 96바이트를 넘어 버렸다
17:22:27  [AT] "SEND OK" (7)
17:22:28  [AT] "+IPD,68:T,2987,S,A5,1,6A" (24)
17:22:28  [SLOT-OOW] +299ms
17:22:28  [AT] "T,2988,S,A3,1,63" (16)
17:22:28  [AT] "T,2989,S,A1,1,60" (16)
17:22:28  [AT] "T,2990,S,B2,1,68" (16)
17:22:28  [AT] "OK" (2)
17:22:29  [TX] S,1031,0110000010,0000000000,1263,P1,36
17:22:29  A,2987,A5,4,05
17:22:29  A,2988,A3,4,0C
17:22:29  A,2989,A1,4,0F
17:22:29  A,2990,B2,4,07,2139,B1,4,0F
17:22:29  A,2140,A4,4,07
17:22:29  A,2141,A1,4,03
17:22:29  A,2142,A2,4,03H
17:22:29  [SLOT] n=1053 tx=99 ack=4 due=0 r=1
17:22:29  [AT] "AT+CIPSEND=100" (14)
17:22:29  [DROP-OVF] 줄이 96바이트를 넘어 버렸다
17:22:29  [AT] "SEND OK" (7)
17:22:29  [AT] "+IPD,68:T,2991,S,A4,1,6C" (24)
17:22:29  [SLOT-OOW] +297ms
17:22:29  [AT] "T,2992,S,B3,1,6B" (16)
17:22:29  [AT] "T,2993,S,A2,1,68" (16)
17:22:29  [AT] "T,2994,S,B1,1,6F" (16)
17:22:29  [AT] "OK" (2)
17:22:30  [TX] S,1032,0110000010,0000000000,1264,P1,32
17:22:30  A,2991,A4,4,03
17:22:30  A,2992,B3,4,04
17:22:30  A,2993,A2,4,07
17:22:30  A,2994,B1,4,00,2139,B1,4,0F
17:22:30  A,2140,A4,4,07
17:22:30  A,2141,A1,4,03
17:22:30  A,2142,A2,4,03H
17:22:30  [SLOT] n=1054 tx=99 ack=4 due=0 r=1
17:22:30  [AT] "AT+CIPSEND=100" (14)
17:22:30  [DROP-OVF] 줄이 96바이트를 넘어 버렸다
17:22:30  [AT] "SEND OK" (7)
17:22:30  [AT] "+IPD,68:T,2995,S,A3,1,6F" (24)
17:22:30  [SLOT-OOW] +288ms
17:22:30  [AT] "T,2996,S,A1,1,6E" (16)
17:22:30  [AT] "T,2997,S,B2,1,6F" (16)
17:22:30  [AT] "T,2998,S,A5,1,64" (16)
17:22:30  [AT] "OK" (2)
17:22:31  [TX] S,1033,0110000010,0000000000,1266,P1,31
17:22:31  A,2995,A3,4,00
17:22:31  A,2996,A1,4,01
17:22:31  A,2997,B2,4,00
17:22:31  A,2998,A5,4,0B,2139,B1,4,0F
17:22:31  A,2140,A4,4,07
17:22:31  A,2141,A1,4,03
17:22:31  A,2142,A2,4,03H
17:22:31  [SLOT] n=1055 tx=99 ack=4 due=0 r=1
17:22:31  [AT] "AT+CIPSEND=100" (14)
17:22:32  [DROP-OVF] 줄이 96바이트를 넘어 버렸다
17:22:32  [AT] "SEND OK" (7)
17:22:32  [AT] "+IPD,68:T,2999,S,A4,1,64" (24)
17:22:32  [AT] "T,3000,S,A2,1,6A" (16)
17:22:32  [AT] "T,3001,S,B3,1,69" (16)
17:22:32  [AT] "T,3002,S,B1,1,68" (16)
17:22:32  [AT] "OK" (2)
17:22:32  [TX] S,1034,0110000010,0000000000,1267,P1,37
17:22:32  A,2999,A4,4,0B
17:22:32  A,3000,A2,4,05
17:22:32  A,3001,B3,4,06
17:22:32  A,3002,B1,4,07,2139,B1,4,0F
17:22:32  A,2140,A4,4,07
17:22:32  A,2141,A1,4,03
17:22:32  A,2142,A2,4,03H
17:22:32  [SLOT] n=1056 tx=99 ack=4 due=0 r=1
17:22:32  [AT] "AT+CIPSEND=100" (14)
17:22:32  [DROP-OVF] 줄이 96바이트를 넘어 버렸다
17:22:32  [AT] "SEND OK" (7)
17:22:32  [AT] "+IPD,68:T,3003,S,A5,1,6E" (24)
17:22:32  [SLOT-OOW] +288ms
17:22:32  [AT] "T,3004,S,B2,1,6D" (16)
17:22:32  [AT] "T,3005,S,A1,1,6C" (16)
17:22:32  [AT] "T,3006,S,A3,1,6D" (16)
17:22:32  [AT] "OK" (2)
17:22:33  [TX] S,1035,0110000010,0000000000,1268,P1,39
17:22:33  A,3003,A5,4,01
17:22:33  A,3004,B2,4,02
17:22:33  A,3005,A1,4,03
17:22:33  A,3006,A3,4,02,2139,B1,4,0F
17:22:33  A,2140,A4,4,07
17:22:33  A,2141,A1,4,03
17:22:33  A,2142,A2,4,03H
17:22:33  [SLOT] n=1057 tx=99 ack=4 due=0 r=1
17:22:33  [AT] "AT+CIPSEND=100" (14)
17:22:33  [DROP-OVF] 줄이 96바이트를 넘어 버렸다
17:22:33  [AT] "SEND OK" (7)
17:22:33  [AT] "+IPD,68:T,3007,S,B3,1,6F" (24)
17:22:33  [SLOT-OOW] +281ms
17:22:33  [AT] "T,3008,S,B1,1,62" (16)
17:22:33  [AT] "T,3009,S,A2,1,63" (16)
17:22:33  [AT] "T,3010,S,A4,1,6D" (16)
17:22:33  [AT] "OK" (2)
17:22:35  [TX] S,1036,0110000010,0000000000,1269,P1,3B
17:22:35  A,3007,B3,4,00
17:22:35  A,3008,B1,4,0D
17:22:35  A,3009,A2,4,0C
17:22:35  A,3010,A4,4,02,2139,B1,4,0F
17:22:35  A,2140,A4,4,07
17:22:35  A,2141,A1,4,03
17:22:35  A,2142,A2,4,03H
17:22:35  [SLOT] n=1058 tx=99 ack=4 due=0 r=1
17:22:35  [AT] "AT+CIPSEND=100" (14)
17:22:35  [DROP-OVF] 줄이 96바이트를 넘어 버렸다
17:22:35  [AT] "SEND OK" (7)
17:22:35  [AT] "+IPD,68:T,3011,S,A1,1,69" (24)
17:22:35  [SLOT-OOW] +289ms
17:22:35  [AT] "T,3012,S,B2,1,6A" (16)
17:22:35  [AT] "T,3013,S,A5,1,6F" (16)
17:22:35  [AT] "T,3014,S,A3,1,6E" (16)
17:22:35  [AT] "OK" (2)
17:22:36  [TX] S,1037,0110000010,0000000000,1270,P1,32
17:22:36  A,3011,A1,4,06
17:22:36  A,3012,B2,4,05
17:22:36  A,3013,A5,4,00
17:22:36  A,3014,A3,4,01,2139,B1,4,0F
17:22:36  A,2140,A4,4,07
17:22:36  A,2141,A1,4,03
17:22:36  A,2142,A2,4,03H
17:22:36  [SLOT] n=1059 tx=99 ack=4 due=0 r=1
17:22:36  [AT] "AT+CIPSEND=100" (14)
17:22:36  [DROP-OVF] 줄이 96바이트를 넘어 버렸다
17:22:36  [AT] "SEND OK" (7)
17:22:36  [AT] "+IPD,68:T,3015,S,B1,1,6E" (24)
17:22:36  [AT] "T,3016,S,A4,1,6B" (16)
17:22:36  [AT] "T,3017,S,B3,1,6E" (16)
17:22:36  [AT] "T,3018,S,A2,1,63" (16)
17:22:36  [AT] "OK" (2)
17:22:37  [TX] S,1038,0110000010,0000000000,1272,P1,3F
17:22:37  A,3015,B1,4,01
17:22:37  A,3016,A4,4,04
17:22:37  A,3017,B3,4,01
17:22:37  A,3018,A2,4,0C,2139,B1,4,0F
17:22:37  A,2140,A4,4,07
17:22:37  A,2141,A1,4,03
17:22:37  A,2142,A2,4,03H
17:22:37  [SLOT] n=1060 tx=99 ack=4 due=0 r=1
17:22:37  [AT] "AT+CIPSEND=100" (14)
17:22:37  [DROP-OVF] 줄이 96바이트를 넘어 버렸다
17:22:37  [AT] "SEND OK" (7)
17:22:37  [AT] "+IPD,68:T,3019,S,A1,1,61" (24)
17:22:37  [SLOT-OOW] +434ms
17:22:37  [AT] "T,3020,S,B2,1,6B" (16)
17:22:37  [AT] "T,3021,S,A3,1,68" (16)
17:22:37  [AT] "T,3022,S,A5,1,6D" (16)
17:22:37  [AT] "OK" (2)
17:22:38  [TX] S,1039,0110000010,0000000000,1273,P1,3F
17:22:38  A,3019,A1,4,0E
17:22:38  A,3020,B2,4,04
17:22:38  A,3021,A3,4,07
17:22:38  A,3022,A5,4,02,2139,B1,4,0F
17:22:38  A,2140,A4,4,07
17:22:38  A,2141,A1,4,03
17:22:38  A,2142,A2,4,03H
17:22:38  [SLOT] n=1061 tx=99 ack=4 due=0 r=1
17:22:38  [DROP-OVF] 줄이 96바이트를 넘어 버렸다
17:22:38  [AT] "SEND OK" (7)
17:22:38  [AT] "+IPD,68:T,3023,S,B1,1,6B" (24)
17:22:38  [SLOT-OOW] +298ms
17:22:38  [AT] "T,3024,S,B3,1,6E" (16)
17:22:38  [AT] "T,3025,S,A4,1,6B" (16)
17:22:38  [AT] "T,3026,S,A2,1,6E" (16)
17:22:38  [AT] "OK" (2)
17:22:38  [AT] "AT+CIPSEND=100" (14)
17:22:39  [TX] S,1040,0110000010,0000000000,1274,P1,36
17:22:39  A,3023,B1,4,04
17:22:39  A,3024,B3,4,01
17:22:39  A,3025,A4,4,04
17:22:39  A,3026,A2,4,01,2139,B1,4,0F
17:22:39  A,2140,A4,4,07
17:22:39  A,2141,A1,4,03
17:22:39  A,2142,A2,4,03H
17:22:39  [SLOT] n=1062 tx=99 ack=4 due=0 r=1
17:22:39  [AT] "AT+CIPSEND=100" (14)
17:22:39  [DROP-OVF] 줄이 96바이트를 넘어 버렸다
17:22:39  [AT] "SEND OK" (7)
17:22:39  [AT] "+IPD,68:T,3027,S,A1,1,6C" (24)
17:22:39  [SLOT-OOW] +298ms
17:22:39  [AT] "T,3028,S,B2,1,63" (16)
17:22:39  [AT] "T,3029,S,A5,1,66" (16)
17:22:39  [AT] "T,3030,S,A3,1,68" (16)
17:22:39  [AT] "OK" (2)
17:22:41  [TX] S,1041,0110000010,0000000000,1275,P1,36
17:22:41  A,3027,A1,4,03
17:22:41  A,3028,B2,4,0C
17:22:41  A,3029,A5,4,09
17:22:41  A,3030,A3,4,07,2139,B1,4,0F
17:22:41  A,2140,A4,4,07
17:22:41  A,2141,A1,4,03
17:22:41  A,2142,A2,4,03H
17:22:41  [SLOT] n=1063 tx=99 ack=4 due=0 r=1
17:22:41  [AT] "AT+CIPSEND=100" (14)
17:22:41  [DROP-OVF] 줄이 96바이트를 넘어 버렸다
17:22:41  [AT] "SEND OK" (7)
17:22:41  [AT] "+IPD,68:T,3031,S,A4,1,6E" (24)
17:22:41  [SLOT-OOW] +305ms
17:22:41  [AT] "T,3032,S,A2,1,6B" (16)
17:22:41  [AT] "T,3033,S,B3,1,68" (16)
17:22:41  [AT] "T,3034,S,B1,1,6D" (16)
17:22:41  [AT] "OK" (2)
17:22:43  [TX] S,1042,0110000010,0000000000,1276,P1,36
17:22:43  A,3031,A4,4,01
17:22:43  A,3032,A2,4,04
17:22:43  A,3033,B3,4,07
17:22:43  A,3034,B1,4,02,2139,B1,4,0F
17:22:43  A,2140,A4,4,07
17:22:43  A,2141,A1,4,03
17:22:43  A,2142,A2,4,03H
17:22:43  [SLOT] n=1064 tx=99 ack=4 due=0 r=1
17:22:43  [AT] "AT+CIPSEND=100" (14)
17:22:43  [DROP-OVF] 줄이 96바이트를 넘어 버렸다
17:22:43  [AT] "SEND OK" (7)
17:22:43  [AT] "+IPD,68:T,3035,S,A5,1,6B" (24)
17:22:43  [SLOT-OOW] +296ms
17:22:43  [AT] "T,3036,S,A1,1,6C" (16)
17:22:43  [AT] "T,3037,S,B2,1,6D" (16)
17:22:43  [AT] "T,3038,S,A3,1,60" (16)
17:22:43  [AT] "OK" (2)
17:22:44  [TX] S,1043,0110000010,0000000000,1278,P1,39
17:22:44  A,3035,A5,4,04
17:22:44  A,3036,A1,4,03
17:22:44  A,3037,B2,4,02
17:22:44  A,3038,A3,4,0F,2139,B1,4,0F
17:22:44  A,2140,A4,4,07
17:22:44  A,2141,A1,4,03
17:22:44  A,2142,A2,4,03H
17:22:44  [SLOT] n=1065 tx=99 ack=4 due=0 r=1
17:22:44  [DROP-OVF] 줄이 96바이트를 넘어 버렸다
17:22:44  [AT] "SEND OK" (7)
17:22:44  [AT] "+IPD,68:T,3039,S,A4,1,66" (24)
17:22:44  [SLOT-OOW] +285ms
17:22:44  [AT] "T,3040,S,B1,1,6E" (16)
17:22:44  [AT] "T,3041,S,B3,1,6D" (16)
17:22:44  [AT] "T,3042,S,A2,1,6C" (16)
17:22:44  [AT] "OK" (2)
17:22:44  [AT] "AT+CIPSEND=100" (14)
17:22:45  [TX] S,1044,0110000010,0000000000,1279,P1,3F
17:22:45  A,3039,A4,4,09
17:22:45  A,3040,B1,4,01
17:22:45  A,3041,B3,4,02
17:22:45  A,3042,A2,4,03,2139,B1,4,0F
17:22:45  A,2140,A4,4,07
17:22:45  A,2141,A1,4,03
17:22:45  A,2142,A2,4,03H
17:22:45  [SLOT] n=1066 tx=99 ack=4 due=0 r=1
17:22:45  [AT] "AT+CIPSEND=100" (14)
17:22:45  [DROP-OVF] 줄이 96바이트를 넘어 버렸다
17:22:45  [AT] "SEND OK" (7)
17:22:45  [AT] "+IPD,68:T,3043,S,B2,1,6E" (24)
17:22:45  [SLOT-OOW] +291ms
17:22:45  [AT] "T,3044,S,A5,1,6D" (16)
17:22:45  [AT] "T,3045,S,A3,1,6A" (16)
17:22:45  [AT] "T,3046,S,A1,1,6B" (16)
17:22:45  [AT] "OK" (2)
17:22:46  [TX] S,1045,0110000010,0000000000,1280,P1,38
17:22:46  A,3043,B2,4,01
17:22:46  A,3044,A5,4,02
17:22:46  A,3045,A3,4,05
17:22:46  A,3046,A1,4,04,2139,B1,4,0F
17:22:46  A,2140,A4,4,07
17:22:46  A,2141,A1,4,03
17:22:46  A,2142,A2,4,03H
17:22:46  [SLOT] n=1067 tx=99 ack=4 due=0 r=1
17:22:46  [AT] "AT+CIPSEND=100" (14)
17:22:46  [DROP-OVF] 줄이 96바이트를 넘어 버렸다
17:22:46  [AT] "SEND OK" (7)
17:22:46  [AT] "+IPD,68:T,3047,S,A4,1,6F" (24)
17:22:46  [SLOT-OOW] +287ms
17:22:46  [AT] "T,3048,S,B1,1,66" (16)
17:22:46  [AT] "T,3049,S,B3,1,65" (16)
17:22:46  [AT] "T,3050,S,A2,1,6F" (16)
17:22:46  [AT] "OK" (2)
17:22:48  [TX] S,1046,0110000010,0000000000,1281,P1,3A
17:22:48  A,3047,A4,4,00
17:22:48  A,3048,B1,4,09
17:22:48  A,3049,B3,4,0A
17:22:48  A,3050,A2,4,00,2139,B1,4,0F
17:22:48  A,2140,A4,4,07
17:22:48  A,2141,A1,4,03
17:22:48  A,2142,A2,4,03H
17:22:48  [SLOT] n=1068 tx=99 ack=4 due=0 r=1
17:22:48  [AT] "AT+CIPSEND=100" (14)
17:22:48  [DROP-OVF] 줄이 96바이트를 넘어 버렸다
17:22:48  [AT] "SEND OK" (7)
17:22:48  [AT] "+IPD,68:T,3051,S,A5,1,69" (24)
17:22:48  [SLOT-OOW] +299ms
17:22:48  [AT] "T,3052,S,B2,1,6E" (16)
17:22:48  [AT] "T,3053,S,A3,1,6D" (16)
17:22:48  [AT] "T,3054,S,A1,1,68" (16)
17:22:48  [AT] "OK" (2)
17:22:49  [TX] S,1047,0110000010,0000000000,1282,P1,38
17:22:49  A,3051,A5,4,06
17:22:49  A,3052,B2,4,01
17:22:49  A,3053,A3,4,02
17:22:49  A,3054,A1,4,07,2139,B1,4,0F
17:22:49  A,2140,A4,4,07
17:22:49  A,2141,A1,4,03
17:22:49  A,2142,A2,4,03H
17:22:49  [SLOT] n=1069 tx=99 ack=4 due=0 r=1
17:22:49  [AT] "AT+CIPSEND=100" (14)
17:22:49  [DROP-OVF] 줄이 96바이트를 넘어 버렸다
17:22:49  [AT] "SEND OK" (7)
17:22:49  [AT] "+IPD,68:T,3055,S,A4,1,6C" (24)
17:22:49  [SLOT-OOW] +326ms
17:22:49  [AT] "T,3056,S,B1,1,69" (16)
17:22:49  [AT] "T,3057,S,B3,1,6A" (16)
17:22:49  [AT] "T,3058,S,A2,1,67" (16)
17:22:49  [AT] "OK" (2)
17:22:50  [TX] S,1048,0110000010,0000000000,1284,P1,31
17:22:50  A,3055,A4,4,03
17:22:50  A,3056,B1,4,06
17:22:50  A,3057,B3,4,05
17:22:50  A,3058,A2,4,08,2139,B1,4,0F
17:22:50  A,2140,A4,4,07
17:22:50  A,2141,A1,4,03
17:22:50  A,2142,A2,4,03H
17:22:50  [SLOT] n=1070 tx=99 ack=4 due=0 r=1
17:22:50  [DROP-OVF] 줄이 96바이트를 넘어 버렸다
17:22:50  [AT] "SEND OK" (7)
17:22:50  [AT] "+IPD,68:T,3059,S,A5,1,61" (24)
17:22:50  [SLOT-OOW] +316ms
17:22:50  [AT] "T,3060,S,A3,1,6D" (16)
17:22:50  [AT] "T,3061,S,A1,1,6E" (16)
17:22:50  [AT] "T,3062,S,B2,1,6D" (16)
17:22:50  [AT] "OK" (2)
17:22:50  [AT] "AT+CIPSEND=100" (14)
17:22:51  [TX] S,1049,0110000010,0000000000,1285,P1,31
17:22:51  A,3059,A5,4,0E
17:22:51  A,3060,A3,4,02
17:22:51  A,3061,A1,4,01
17:22:51  A,3062,B2,4,02,2139,B1,4,0F
17:22:51  A,2140,A4,4,07
17:22:51  A,2141,A1,4,03
17:22:51  A,2142,A2,4,03H
17:22:51  [SLOT] n=1071 tx=99 ack=4 due=0 r=1
17:22:51  [AT] "AT+CIPSEND=100" (14)
17:22:51  [DROP-OVF] 줄이 96바이트를 넘어 버렸다
17:22:51  [AT] "SEND OK" (7)
17:22:51  [AT] "+IPD,68:T,3063,S,B1,1,6F" (24)
17:22:51  [SLOT-OOW] +306ms
17:22:51  [AT] "T,3064,S,A2,1,68" (16)
17:22:51  [AT] "T,3065,S,B3,1,6B" (16)
17:22:51  [AT] "T,3066,S,A4,1,6C" (16)
17:22:51  [AT] "OK" (2)
17:22:52  [TX] S,1050,0110000010,0000000000,1286,P1,3A
17:22:52  A,3063,B1,4,00
17:22:52  A,3064,A2,4,07
17:22:52  A,3065,B3,4,04
17:22:52  A,3066,A4,4,03,2139,B1,4,0F
17:22:52  A,2140,A4,4,07
17:22:52  A,2141,A1,4,03
17:22:52  A,2142,A2,4,03H
17:22:52  [SLOT] n=1072 tx=99 ack=4 due=0 r=1
17:22:52  [DROP-OVF] 줄이 96바이트를 넘어 버렸다
17:22:52  [AT] "SEND OK" (7)
17:22:52  [AT] "+IPD,68:T,3067,S,A1,1,68" (24)
17:22:52  [SLOT-OOW] +288ms
17:22:52  [AT] "T,3068,S,A5,1,63" (16)
17:22:52  [AT] "T,3069,S,A3,1,64" (16)
17:22:52  [AT] "T,3070,S,B2,1,6E" (16)
17:22:52  [AT] "OK" (2)
17:22:52  [AT] "AT+CIPSEND=100" (14)
17:22:53  [TX] S,1051,0110000010,0000000000,1287,P1,3A
17:22:53  A,3067,A1,4,07
17:22:53  A,3068,A5,4,0C
17:22:53  A,3069,A3,4,0B
17:22:53  A,3070,B2,4,01,2139,B1,4,0F
17:22:53  A,2140,A4,4,07
17:22:54  A,2141,A1,4,03
17:22:54  A,2142,A2,4,03H
17:22:54  [SLOT] n=1073 tx=99 ack=4 due=0 r=1
17:22:54  [DROP-OVF] 줄이 96바이트를 넘어 버렸다
17:22:54  [AT] "SEND OK" (7)
17:22:54  [AT] "+IPD,68:T,3071,S,B1,1,6C" (24)
17:22:54  [SLOT-OOW] +287ms
17:22:54  [AT] "T,3072,S,A2,1,6F" (16)
17:22:54  [AT] "T,3073,S,B3,1,6C" (16)
17:22:54  [AT] "T,3074,S,A4,1,6F" (16)
17:22:54  [AT] "OK" (2)
17:22:54  [AT] "AT+CIPSEND=100" (14)
17:22:55  [TX] S,1052,0110000010,0000000000,1288,P1,36
17:22:55  A,3071,B1,4,03
17:22:55  A,3072,A2,4,00
17:22:55  A,3073,B3,4,03
17:22:55  A,3074,A4,4,00,2139,B1,4,0F
17:22:55  A,2140,A4,4,07
17:22:55  A,2141,A1,4,03
17:22:55  A,2142,A2,4,03H
17:22:55  [SLOT] n=1074 tx=99 ack=4 due=0 r=1
17:22:55  [DROP-OVF] 줄이 96바이트를 넘어 버렸다
17:22:55  [AT] "SEND OK" (7)
17:22:55  [AT] "+IPD,68:T,3075,S,A1,1,6B" (24)
17:22:55  [SLOT-OOW] +300ms
17:22:55  [AT] "T,3076,S,A5,1,6C" (16)
17:22:55  [AT] "T,3077,S,B2,1,69" (16)
17:22:55  [AT] "T,3078,S,A3,1,64" (16)
17:22:55  [AT] "OK" (2)
17:22:55  [AT] "AT+CIPSEND=100" (14)
17:22:56  [TX] S,1053,0110000010,0000000000,1290,P1,3E
17:22:56  A,3075,A1,4,04
17:22:56  A,3076,A5,4,03
17:22:56  A,3077,B2,4,06
17:22:56  A,3078,A3,4,0B,2139,B1,4,0F
17:22:56  A,2140,A4,4,07
17:22:56  A,2141,A1,4,03
17:22:56  A,2142,A2,4,03H
17:22:56  [SLOT] n=1075 tx=99 ack=4 due=0 r=1
17:22:56  [DROP-OVF] 줄이 96바이트를 넘어 버렸다
17:22:56  [AT] "SEND OK" (7)
17:22:56  [AT] "+IPD,68:T,3079,S,B3,1,66" (24)
17:22:56  [SLOT-OOW] +302ms
17:22:56  [AT] "T,3080,S,A4,1,64" (16)
17:22:56  [AT] "T,3081,S,B1,1,63" (16)
17:22:56  [AT] "T,3082,S,A2,1,60" (16)
17:22:56  [AT] "OK" (2)
17:22:56  [AT] "AT+CIPSEND=100" (14)
17:22:57  [TX] S,1054,0110000010,0000000000,1291,P1,38
17:22:57  A,3079,B3,4,09
17:22:57  A,3080,A4,4,0B
17:22:57  A,3081,B1,4,0C
17:22:57  A,3082,A2,4,0F,2139,B1,4,0F
17:22:57  A,2140,A4,4,07
17:22:57  A,2141,A1,4,03
17:22:57  A,2142,A2,4,03H
17:22:57  [SLOT] n=1076 tx=99 ack=4 due=0 r=1
17:22:57  [AT] "AT+CIPSEND=100" (14)
17:22:57  [DROP-OVF] 줄이 96바이트를 넘어 버렸다
17:22:57  [AT] "SEND OK" (7)
17:22:57  [AT] "+IPD,68:T,3083,S,A1,1,62" (24)
17:22:57  [SLOT-OOW] +291ms
17:22:57  [AT] "T,3084,S,A3,1,67" (16)
17:22:57  [AT] "T,3085,S,A5,1,60" (16)
17:22:57  [AT] "T,3086,S,B2,1,67" (16)
17:22:57  [AT] "OK" (2)
17:22:58  [TX] S,1055,0110000010,0000000000,1292,P1,3A
17:22:58  A,3083,A1,4,0D
17:22:58  A,3084,A3,4,08
17:22:58  A,3085,A5,4,0F
17:22:58  A,3086,B2,4,08,2139,B1,4,0F
17:22:58  A,2140,A4,4,07
17:22:58  A,2141,A1,4,03
17:22:58  A,2142,A2,4,03H
17:22:58  [SLOT] n=1077 tx=99 ack=4 due=0 r=1
17:22:58  [AT] "AT+CIPSEND=100" (14)
17:22:58  [DROP-OVF] 줄이 96바이트를 넘어 버렸다
17:22:58  [AT] "SEND OK" (7)
17:22:58  [AT] "+IPD,68:T,3087,S,A2,1,65" (24)
17:22:58  [SLOT-OOW] +277ms
17:22:58  [AT] "T,3088,S,B3,1,68" (16)
17:22:58  [AT] "T,3089,S,B1,1,6B" (16)
17:22:58  [AT] "T,3090,S,A4,1,65" (16)
17:22:58  [AT] "OK" (2)
17:22:59  [TX] S,1056,0110000010,0000000000,1293,P1,38
17:22:59  A,3087,A2,4,0A
17:22:59  A,3088,B3,4,07
17:22:59  A,3089,B1,4,04
17:22:59  A,3090,A4,4,0A,2139,B1,4,0F
17:22:59  A,2140,A4,4,07
17:22:59  A,2141,A1,4,03
17:22:59  A,2142,A2,4,03H
17:22:59  [SLOT] n=1078 tx=99 ack=4 due=0 r=1
17:22:59  [AT] "AT+CIPSEND=100" (14)
17:23:00  [DROP-OVF] 줄이 96바이트를 넘어 버렸다
17:23:00  [AT] "SEND OK" (7)
17:23:00  [AT] "+IPD,68:T,3091,S,A5,1,65" (24)
17:23:00  [AT] "T,3092,S,A1,1,62" (16)
17:23:00  [AT] "T,3093,S,A3,1,61" (16)
17:23:00  [AT] "T,3094,S,B2,1,64" (16)
17:23:00  [AT] "OK" (2)
17:23:01  [TX] S,1057,0110000010,0000000000,1294,P1,3E
17:23:01  A,3091,A5,4,0A
17:23:01  A,3092,A1,4,0D
17:23:01  A,3093,A3,4,0E
17:23:01  A,3094,B2,4,0B,2139,B1,4,0F
17:23:01  A,2140,A4,4,07
17:23:01  A,2141,A1,4,03
17:23:01  A,2142,A2,4,03H
17:23:01  [SLOT] n=1079 tx=99 ack=4 due=0 r=1
17:23:01  [AT] "AT+CIPSEND=100" (14)
17:23:01  [DROP-OVF] 줄이 96바이트를 넘어 버렸다
17:23:01  [AT] "SEND OK" (7)
17:23:01  [AT] "+IPD,68:T,3095,S,A4,1,60" (24)
17:23:01  [SLOT-OOW] +289ms
17:23:01  [AT] "T,3096,S,B1,1,65" (16)
17:23:01  [AT] "T,3097,S,A2,1,64" (16)
17:23:01  [AT] "T,3098,S,B3,1,69" (16)
17:23:01  [AT] "OK" (2)
17:23:02  [TX] S,1058,0110000010,0000000000,1296,P1,33
17:23:02  A,3095,A4,4,0F
17:23:02  A,3096,B1,4,0A
17:23:02  A,3097,A2,4,0B
17:23:02  A,3098,B3,4,06,2139,B1,4,0F
17:23:02  A,2140,A4,4,07
17:23:02  A,2141,A1,4,03
17:23:02  A,2142,A2,4,03H
17:23:02  [SLOT] n=1080 tx=99 ack=4 due=0 r=1
17:23:02  [AT] "AT+CIPSEND=100" (14)
17:23:02  [DROP-OVF] 줄이 96바이트를 넘어 버렸다
17:23:02  [AT] "SEND OK" (7)
17:23:02  [AT] "+IPD,51:T,3099,S,A5,1,6D" (24)
17:23:02  [SLOT-OOW] +272ms
17:23:02  [AT] "T,3100,S,A1,1,68" (16)
17:23:02  [AT] "T,3101,S,B2,1,69" (16)
17:23:02  [AT] "OK" (2)
17:23:03  [TX] S,1059,0110000010,0000000000,1297,P1,33
17:23:03  A,3099,A5,4,02
17:23:03  A,3100,A1,4,07
17:23:03  A,3101,B2,4,06
17:23:03  A,3098,B3,4,06,2139,B1,4,0F
17:23:03  A,2140,A4,4,07
17:23:03  A,2141,A1,4,03
17:23:03  A,2142,A2,4,03H
17:23:03  [SLOT] n=1081 tx=84 ack=3 due=0 r=1
17:23:03  [AT] " S,1059,0110000010,0000000000,1297,P1,33A,3099,A5,4,02A,3100,A1,4,07A,3101,B2,4,06" (82)
17:23:03  [AT] "SEND OK" (7)
17:23:03  [AT] "+IPD,68:T,3102,S,A2,1,69" (24)
17:23:03  [SLOT-OOW] +288ms
17:23:03  [AT] "T,3103,S,B1,1,68" (16)
17:23:03  [AT] "T,3104,S,B1,6D" (14)
17:23:03  [CKSUM NG] T,3104,S,B1,6D
17:23:03  [AT] "T,3105,S,A4,1,68" (16)
17:23:03  [AT] "OK" (2)
17:23:03  [AT] "AT+CIPSEND=85" (13)
17:23:04  [TX] S,1060,0110000010,0000000000,1298,P1,36
17:23:04  A,3102,A2,4,06
17:23:04  A,3103,B1,4,07
17:23:04  A,3105,A4,4,07
17:23:04  A,3098,B3,4,06,2139,B1,4,0F
17:23:04  A,2140,A4,4,07
17:23:04  A,2141,A1,4,03
17:23:04  A,2142,A2,4,03H
17:23:04  [SLOT] n=1082 tx=84 ack=3 due=0 r=1
17:23:04  [AT] "AT+CIPSEND=85" (13)
17:23:04  [AT] " S,1060,0110000010,0000000000,1298,P1,36A,3102,A2,4,06A,3103,B1,4,07A,3105,A4,4,07" (82)
17:23:04  [AT] "SEND OK" (7)
17:23:04  [AT] "+IPD,51:T,3106,S,A1,1,6E" (24)
17:23:04  [SLOT-OOW] +296ms
17:23:04  [AT] "T,3107,S,B2,1,6F" (16)
17:23:04  [AT] "T,3108,S,A5,1,64" (16)
17:23:04  [AT] "OK" (2)
17:23:05  [TX] S,1061,0110000010,0000000000,1299,P1,36
17:23:05  A,3106,A1,4,01
17:23:05  A,3107,B2,4,00
17:23:05  A,3108,A5,4,0B
17:23:05  A,3098,B3,4,06,2139,B1,4,0F
17:23:05  A,2140,A4,4,07
17:23:05  A,2141,A1,4,03
17:23:05  A,2142,A2,4,03H
17:23:05  [SLOT] n=1083 tx=84 ack=3 due=0 r=1
17:23:05  [AT] "AT+CIPSEND=85" (13)
17:23:06  [AT] " S,1061,0110000010,0000000000,1299,P1,36A,3106,A1,4,01A,3107,B2,4,00A,3108,A5,4,0B" (82)
17:23:06  [AT] "SEND OK" (7)
17:23:06  [AT] "+IPD,51:T,3109,S,B1,1,62" (24)
17:23:06  [SLOT-OOW] +274ms
17:23:06  [AT] "T,3110,S,A2,1,6A" (16)
17:23:06  [AT] "T,3111,S,A4,1,6D" (16)
17:23:06  [AT] "OK" (2)
17:23:07  [TX] S,1062,0110000010,0000000000,1300,P1,34
17:23:07  A,3109,B1,4,0D
17:23:07  A,3110,A2,4,05
17:23:07  A,3111,A4,4,02
17:23:07  A,3098,B3,4,06,2139,B1,4,0F
17:23:07  A,2140,A4,4,07
17:23:07  A,2141,A1,4,03
17:23:07  A,2142,A2,4,03H
17:23:07  [SLOT] n=1084 tx=84 ack=3 due=0 r=1
17:23:07  [AT] "AT+CIPSEND=85" (13)
17:23:07  [AT] " S,1062,0110000010,0000000000,1300,P1,34A,3109,B1,4,0DA,3110,A2,4,05A,3111,A4,4,02" (82)
17:23:07  [AT] "SEND OK" (7)
17:23:07  [AT] "+IPD,68:T,3104,S,B3,1,6D" (24)
17:23:07  [SLOT-OOW] +284ms
17:23:07  [AT] "T,3112,S,A1,1,6B" (16)
17:23:07  [AT] "T,3113,S,B2,1,6A" (16)
17:23:07  [AT] "T,3114,S,A5,1,69" (16)
17:23:07  [AT] "OK" (2)
17:23:08  [TX] S,1063,0110000010,0000000000,1302,P1,37
17:23:08  A,3104,B3,4,02
17:23:08  A,3112,A1,4,04
17:23:08  A,3113,B2,4,05
17:23:08  A,3114,A5,4,06,2139,B1,4,0F
17:23:08  A,2140,A4,4,07
17:23:08  A,2141,A1,4,03
17:23:08  A,2142,A2,4,03H
17:23:08  [SLOT] n=1085 tx=99 ack=4 due=0 r=1
17:23:08  [AT] "AT+CIPSEND=100" (14)
17:23:08  [DROP-OVF] 줄이 96바이트를 넘어 버렸다
17:23:08  [AT] "SEND OK" (7)
17:23:08  [AT] "+IPD,34:T,3115,S,B1,1,6F" (24)
17:23:08  [SLOT-OOW] +287ms
17:23:08  [AT] "T,3116,S,A2,1,6C" (16)
17:23:08  [AT] "OK" (2)
17:23:09  [TX] S,1064,0110000010,0000000000,1303,P1,31
17:23:09  A,3115,B1,4,00
17:23:09  A,3116,A2,4,03
17:23:09  A,3113,B2,4,05
17:23:09  A,3114,A5,4,06,2139,B1,4,0F
17:23:09  A,2140,A4,4,07
17:23:09  A,2141,A1,4,03
17:23:09  A,2142,A2,4,03H
17:23:09  [SLOT] n=1086 tx=69 ack=2 due=0 r=1
17:23:09  [AT] "AT+CIPSEND=70" (13)
17:23:09  [AT] " S,1064,0110000010,0000000000,1303,P1,31A,3115,B1,4,00A,3116,A2,4,03" (68)
17:23:09  [AT] "SEND OK" (7)
17:23:09  [AT] "+IPD,68:T,3117,S,B2,1,6E" (24)
17:23:09  [SLOT-OOW] +592ms
17:23:09  [AT] "T,3118,S,B3,1,60" (16)
17:23:09  [AT] "T,3119,S,A1,1,60" (16)
17:23:09  [AT] "T,3120,S,A5,1,6E" (16)
17:23:09  [AT] "OK" (2)
17:23:10  [TX] S,1065,0110000010,0000000000,1304,P1,37
17:23:10  A,3117,B2,4,01
17:23:10  A,3118,B3,4,0F
17:23:10  A,3119,A1,4,0F
17:23:10  A,3120,A5,4,01,2139,B1,4,0F
17:23:10  A,2140,A4,4,07
17:23:10  A,2141,A1,4,03
17:23:10  A,2142,A2,4,03H
17:23:10  [SLOT] n=1087 tx=99 ack=4 due=0 r=1
17:23:10  [AT] "AT+CIPSEND=100" (14)
17:23:10  [DROP-OVF] 줄이 96바이트를 넘어 버렸다
17:23:11  [AT] "SEND OK" (7)
17:23:11  [AT] "+IPD,17:T,3121,S,A2,1,68" (24)
17:23:11  [SLOT-OOW] +505ms
17:23:11  [AT] "OK" (2)
17:23:11  [TX] S,1066,0110000010,0000000000,1305,P1,35
17:23:11  A,3121,A2,4,07
17:23:11  A,3118,B3,4,0F
17:23:11  A,3119,A1,4,0F
17:23:11  A,3120,A5,4,01,2139,B1,4,0F
17:23:11  A,2140,A4,4,07
17:23:11  A,2141,A1,4,03
17:23:11  A,2142,A2,4,03H
17:23:11  [SLOT] n=1088 tx=54 ack=1 due=0 r=1
17:23:11  [AT] "AT+CIPSEND=55" (13)
17:23:11  [AT] " S,1066,0110000010,0000000000,1305,P1,35A,3121,A2,4,07" (54)
17:23:11  [AT] "SEND OK" (7)
17:23:11  [AT] "+IPD,68:T,3122,S,B3,1,69" (24)
17:23:11  [SLOT-OOW] +251ms
17:23:11  [AT] "T,3123,S,A5,1,6D" (16)
17:23:12  [AT] "T,3124,S,B2,1,6E" (16)
17:23:12  [AT] "T,3125,S,A1,1,6F" (16)
17:23:12  [AT] "OK" (2)
17:23:13  [TX] S,1067,0110000010,0000000000,1306,P1,37
17:23:13  A,3122,B3,4,06
17:23:13  A,3123,A5,4,02
17:23:13  A,3124,B2,4,01
17:23:13  A,3125,A1,4,00,2139,B1,4,0F
17:23:13  A,2140,A4,4,07
17:23:13  A,2141,A1,4,03
17:23:13  A,2142,A2,4,03H
17:23:13  [SLOT] n=1089 tx=99 ack=4 due=0 r=1
17:23:13  [AT] "AT+CIPSEND=100" (14)
17:23:13  [DROP-OVF] 줄이 96바이트를 넘어 버렸다
17:23:13  [AT] "SEND OK" (7)
17:23:14  [TX] S,1068,0110000010,0000000000,1308,P1,36
17:23:14  [SLOT] n=1090 tx=39 ack=0 due=0 r=1
17:23:14  [AT] "AT+CIPSEND=40" (13)
17:23:14  [AT] " S,1068,0110000010,0000000000,1308,P1,36" (40)
17:23:14  [AT] "SEND OK" (7)
17:23:14  [AT] "+IPD,51:T,3126,S,B2,1,6C" (24)
17:23:14  [SLOT-OOW] +384ms
17:23:14  [AT] "T,3127,S,B3,1,6C" (16)
17:23:14  [AT] "T,3128,S,A5,1,66" (16)
17:23:14  [AT] "OK" (2)
17:23:15  [TX] S,1069,0110000010,0000000000,1309,P1,36
17:23:15  A,3126,B2,4,03
17:23:15  A,3127,B3,4,03
17:23:15  A,3128,A5,4,09
17:23:15  A,3125,A1,4,00,2139,B1,4,0F
17:23:15  A,2140,A4,4,07
17:23:15  A,2141,A1,4,03
17:23:15  A,2142,A2,4,03H
17:23:15  [SLOT] n=1091 tx=84 ack=3 due=0 r=1
17:23:15  [AT] "AT+CIPSEND=85" (13)
17:23:15  [AT] " S,1069,0110000010,0000000000,1309,P1,36A,3126,B2,4,03A,3127,B3,4,03A,3128,A5,4,09" (82)
17:23:15  [AT] "SEND OK" (7)
17:23:16  [TX] S,1070,0110000010,0000000000,1310,P1,36
17:23:16  [SLOT] n=1092 tx=39 ack=0 due=0 r=1
17:23:16  [AT] "AT+CIPSEND=40" (13)
17:23:16  [AT] " S,1070,0110000010,0000000000,1310,P1,36" (40)
17:23:16  [AT] "SEND OK" (7)
17:23:16  [AT] "+IPD,34:T,3129,S,A5,1,67" (24)
17:23:16  [SLOT-OOW] +157ms
17:23:16  [AT] "T,3130,S,B2,1,6B" (16)
17:23:16  [AT] "OK" (2)
17:23:17  [TX] S,1071,0110000010,0000000000,1311,P1,36
17:23:17  A,3129,A5,4,08
17:23:17  A,3130,B2,4,04
17:23:17  A,3128,A5,4,09
17:23:17  A,3125,A1,4,00,2139,B1,4,0F
17:23:17  A,2140,A4,4,07
17:23:17  A,2141,A1,4,03
17:23:17  A,2142,A2,4,03H
17:23:17  [SLOT] n=1093 tx=69 ack=2 due=0 r=1
17:23:17  [AT] "AT+CIPSEND=70" (13)
17:23:18  [AT] " S,1071,0110000010,0000000000,1311,P1,36A,3129,A5,4,08A,3130,B2,4,04" (68)
17:23:18  [AT] "SEND OK" (7)
17:23:18  [TX] S,1072,0110000010,0000000000,1312,P1,36
17:23:18  [SLOT] n=1094 tx=39 ack=0 due=0 r=1
17:23:18  [AT] "AT+CIPSEND=40" (13)
17:23:19  [AT] " S,1072,0110000010,0000000000,1312,P1,36" (40)
17:23:19  [AT] "SEND OK" (7)
17:23:19  [AT] "+IPD,34:T,3131,S,B2,1,6A" (24)
17:23:19  [SLOT-OOW] +175ms
17:23:19  [AT] "T,3132,S,A5,1,6D" (16)
17:23:19  [AT] "OK" (2)
17:23:20  [TX] S,1073,0110000010,0000000000,1314,P1,31
17:23:20  A,3131,B2,4,05
17:23:20  A,3132,A5,4,02
17:23:20  A,3128,A5,4,09
17:23:20  A,3125,A1,4,00,2139,B1,4,0F
17:23:20  A,2140,A4,4,07
17:23:20  A,2141,A1,4,03
17:23:20  A,2142,A2,4,03H
17:23:20  [SLOT] n=1095 tx=69 ack=2 due=0 r=1
17:23:20  [AT] "AT+CIPSEND=70" (13)
17:23:20  [AT] " S,1073,0110000010,0000000000,1314,P1,31A,3131,B2,4,05A,3132,A5,4,02" (68)
17:23:20  [AT] "SEND OK" (7)
17:23:21  [TX] S,1074,0110000010,0000000000,1315,P1,37
17:23:21  [SLOT] n=1096 tx=39 ack=0 due=0 r=1
17:23:21  [AT] "AT+CIPSEND=40" (13)
17:23:21  [AT] " S,1074,0110000010,0000000000,1315,P1,37" (40)
17:23:21  [AT] "SEND OK" (7)
17:23:22  [TX] S,1075,0110000010,0000000000,1316,P1,35
17:23:22  [SLOT] n=1097 tx=39 ack=0 due=0 r=1
17:23:22  [AT] "AT+CIPSEND=40" (13)
17:23:22  [AT] " S,1075,0110000010,0000000000,1316,P1,35" (40)
17:23:22  [AT] "SEND OK" (7)
17:23:23  [TX] S,1076,0110000010,0000000000,1317,P1,37
17:23:23  [SLOT] n=1098 tx=39 ack=0 due=0 r=1
17:23:23  [AT] "AT+CIPSEND=40" (13)
17:23:23  [AT] " S,1076,0110000010,0000000000,1317,P1,37" (40)
17:23:23  [AT] "SEND OK" (7)
17:23:24  [TX] S,1077,0110000010,0000000000,1318,P1,39
17:23:24  [SLOT] n=1099 tx=39 ack=0 due=0 r=1
17:23:24  [AT] "AT+CIPSEND=40" (13)
17:23:24  [AT] " S,1077,0110000010,0000000000,1318,P1,39" (40)
17:23:24  [AT] "SEND OK" (7)
17:23:26  [TX] S,1078,0110000010,0000000000,1320,P1,3D
17:23:26  [SLOT] n=1100 tx=39 ack=0 due=0 r=1
17:23:26  [CNT] up=1320 drop=1 esprst=2 resync=3 sendfail=0 okto=0 stuck=0 ackq=0 ackdrop=0 ackstale=0 slot=1100 oow=776 smiss=2 ssovf=79 cksumng=79 okstream=1078 penddrop=6 skip=0 online=1
17:23:26  [RAM] 최저 여유 627 B · 프롬프트 재동기 3회 (서버의 '버린줄' 과 맞아야 한다)
17:23:26  [AT] " S,1078,0110000010,0000000000,1320,P1,3D" (40)
17:23:26  [AT] "SEND OK" (7)
17:23:26  [AT] "+IPD,68:T,3133,S,A3,1,6A" (24)
17:23:26  [SLOT-OOW] +182ms
17:23:26  [AT] "T,3134,S,B1,1,6C" (16)
17:23:26  [AT] "T,3135,S,A1,1,6E" (16)
17:23:26  [AT] "T,3136,S,B2,1,6D" (16)
17:23:26  [AT] "OK" (2)
17:23:26  [AT] "AT+CIPSEND=40" (13)
17:23:27  [TX] S,1079,0110000010,0000000000,1321,P1,3D
17:23:27  A,3133,A3,4,05
17:23:27  A,3134,B1,4,03
17:23:27  A,3135,A1,4,01
17:23:27  A,3136,B2,4,02,2139,B1,4,0F
17:23:27  A,2140,A4,4,07
17:23:27  A,2141,A1,4,03
17:23:27  A,2142,A2,4,03H
17:23:27  [SLOT] n=1101 tx=99 ack=4 due=0 r=1
17:23:27  [AT] "AT+CIPSEND=100" (14)
17:23:27  [DROP-OVF] 줄이 96바이트를 넘어 버렸다
17:23:27  [AT] "SEND OK" (7)
17:23:27  [AT] "+IPD,68:T,3137,S,B3,1,6D" (24)
17:23:27  [SLOT-OOW] +326ms
17:23:27  [AT] "T,3138,S,A2,1,60" (16)
17:23:27  [AT] "T,3139,S,A4,1,67" (16)
17:23:27  [AT] "T,3140,S,A5,1,68" (16)
17:23:27  [AT] "OK" (2)
17:23:28  [TX] S,1080,0110000010,0000000000,1322,P1,38
17:23:28  A,3137,B3,4,02
17:23:28  A,3138,A2,4,0F
17:23:28  A,3139,A4,4,08
17:23:28  A,3140,A5,4,07,2139,B1,4,0F
17:23:28  A,2140,A4,4,07
17:23:28  A,2141,A1,4,03
17:23:28  A,2142,A2,4,03H
17:23:28  [SLOT] n=1102 tx=99 ack=4 due=0 r=1
17:23:28  [AT] "AT+CIPSEND=100" (14)
17:23:28  [DROP-OVF] 줄이 96바이트를 넘어 버렸다
17:23:28  [AT] "SEND OK" (7)
17:23:28  [AT] "+IPD,68:T,3141,S,A1,1,6D" (24)
17:23:28  [SLOT-OOW] +501ms
17:23:28  [AT] "T,3142,S,A3,1,6C" (16)
17:23:28  [AT] "T,3143,S,B2,1,6F" (16)
17:23:28  [AT] "T,3144,S,B1,1,6B" (16)
17:23:28  [AT] "OK" (2)
17:23:29  [TX] S,1081,0110000010,0000000000,1323,P1,38
17:23:29  A,3141,A1,4,02
17:23:29  A,3142,A3,4,03
17:23:29  A,3143,B2,4,00
17:23:29  A,3144,B1,4,04,2139,B1,4,0F
17:23:29  A,2140,A4,4,07
17:23:29  A,2141,A1,4,03
17:23:29  A,2142,A2,4,03H
17:23:29  [SLOT] n=1103 tx=99 ack=4 due=0 r=1
17:23:29  [AT] "AT+CIPSEND=100" (14)
17:23:30  [DROP-OVF] 줄이 96바이트를 넘어 버렸다
17:23:30  [AT] "SEND OK" (7)
17:23:30  [AT] "+IPD,68:T,3145,S,A2,1,6A" (24)
17:23:30  [AT] "T,3146,S,A4,1,6F" (16)
17:23:30  [AT] "T,3147,S,B3,1,6A" (16)
17:23:30  [AT] "T,3148,S,A5,1,60" (16)
17:23:30  [AT] "OK" (2)
17:23:31  [TX] S,1082,0110000010,0000000000,1324,P1,3C
17:23:31  A,3145,A2,4,05
17:23:31  A,3146,A4,4,00
17:23:31  A,3147,B3,4,05
17:23:31  A,3148,A5,4,0F,2139,B1,4,0F
17:23:31  A,2140,A4,4,07
17:23:31  A,2141,A1,4,03
17:23:31  A,2142,A2,4,03H
17:23:31  [SLOT] n=1104 tx=99 ack=4 due=0 r=1
17:23:31  [AT] "AT+CIPSEND=100" (14)
17:23:31  [DROP-OVF] 줄이 96바이트를 넘어 버렸다
17:23:31  [AT] "SEND OK" (7)
17:23:31  [AT] "+IPD,68:T,3149,S,B2,1,65" (24)
17:23:31  [SLOT-OOW] +286ms
17:23:31  [AT] "T,3150,S,B1,1,6E" (16)
17:23:31  [AT] "T,3151,S,A3,1,6E" (16)
17:23:31  [AT] "T,3152,S,A1,1,6F" (16)
17:23:31  [AT] "OK" (2)
17:23:32  [TX] S,1083,0110000010,0000000000,1326,P1,3F
17:23:32  A,3149,B2,4,0A
17:23:32  A,3150,B1,4,01
17:23:32  A,3151,A3,4,01
17:23:32  A,3152,A1,4,00,2139,B1,4,0F
17:23:32  A,2140,A4,4,07
17:23:32  A,2141,A1,4,03
17:23:32  A,2142,A2,4,03H
17:23:32  [SLOT] n=1105 tx=99 ack=4 due=0 r=1
17:23:32  [AT] "AT+CIPSEND=100" (14)
17:23:32  [DROP-OVF] 줄이 96바이트를 넘어 버렸다
17:23:32  [AT] "SEND OK" (7)
17:23:32  [AT] "+IPD,68:T,3153,S,A2,1,6D" (24)
17:23:32  [SLOT-OOW] +271ms
17:23:32  [AT] "T,3154,S,A4,1,6C" (16)
17:23:32  [AT] "T,3155,S,A5,1,6C" (16)
17:23:32  [AT] "T,3156,S,B3,1,6A" (16)
17:23:32  [AT] "OK" (2)
17:23:33  [TX] S,1084,0110000010,0000000000,1327,P1,39
17:23:33  A,3153,A2,4,02
17:23:33  A,3154,A4,4,03
17:23:33  A,3155,A5,4,03
17:23:33  A,3156,B3,4,05,2139,B1,4,0F
17:23:33  A,2140,A4,4,07
17:23:33  A,2141,A1,4,03
17:23:33  A,2142,A2,4,03H
17:23:33  [SLOT] n=1106 tx=99 ack=4 due=0 r=1
17:23:33  [AT] "AT+CIPSEND=100" (14)
17:23:33  [DROP-OVF] 줄이 96바이트를 넘어 버렸다
17:23:33  [AT] "SEND OK" (7)
17:23:33  [AT] "+IPD,68:T,3157,S,A3,1,68" (24)
17:23:33  [SLOT-OOW] +416ms
17:23:33  [AT] "T,3158,S,B2,1,65" (16)
17:23:33  [AT] "T,3159,S,B1,1,67" (16)
17:23:33  [AT] "T,3160,S,A1,1,6E" (16)
17:23:33  [AT] "OK" (2)
17:23:34  [TX] S,1085,0110000010,0000000000,1328,P1,37
17:23:34  A,3157,A3,4,07
17:23:34  A,3158,B2,4,0A
17:23:34  A,3159,B1,4,08
17:23:34  A,3160,A1,4,01,2139,B1,4,0F
17:23:34  A,2140,A4,4,07
17:23:34  A,2141,A1,4,03
17:23:34  A,2142,A2,4,03H
17:23:34  [SLOT] n=1107 tx=99 ack=4 due=0 r=1
17:23:34  [AT] "AT+CIPSEND=100" (14)
17:23:34  [DROP-OVF] 줄이 96바이트를 넘어 버렸다
17:23:34  [AT] "SEND OK" (7)
17:23:34  [AT] "+IPD,68:T,3161,S,A4,1,6A" (24)
17:23:34  [SLOT-OOW] +286ms
17:23:34  [AT] "T,3162,S,A2,1,6F" (16)
17:23:34  [AT] "T,3163,S,A5,1,69" (16)
17:23:34  [AT] "T,3164,S,B3,1,6B" (16)
17:23:34  [AT] "OK" (2)
17:23:35  [TX] S,1086,0110000010,0000000000,1329,P1,35
17:23:35  A,3161,A4,4,05
17:23:35  A,3162,A2,4,00
17:23:35  A,3163,A5,4,06
17:23:35  A,3164,B3,4,04,2139,B1,4,0F
17:23:35  A,2140,A4,4,07
17:23:35  A,2141,A1,4,03
17:23:35  A,2142,A2,4,03H
17:23:35  [SLOT] n=1108 tx=99 ack=4 due=0 r=1
17:23:35  [AT] "AT+CIPSEND=100" (14)
17:23:35  [DROP-OVF] 줄이 96바이트를 넘어 버렸다
17:23:35  [AT] "SEND OK" (7)
17:23:35  [AT] "+IPD,68:T,3165,S,B2,1,6B" (24)
17:23:35  [SLOT-OOW] +281ms
17:23:35  [AT] "T,3166,S,A3,1,6A" (16)
17:23:35  [AT] "T,3167,S,B1,1,6A" (16)
17:23:35  [AT] "T,3168,S,A1,1,66" (16)
17:23:35  [AT] "OK" (2)
17:23:37  [TX] S,1087,0110000010,0000000000,1330,P1,3C
17:23:37  A,3165,B2,4,04
17:23:37  A,3166,A3,4,05
17:23:37  A,3167,B1,4,05
17:23:37  A,3168,A1,4,09,2139,B1,4,0F
17:23:37  A,2140,A4,4,07
17:23:37  A,2141,A1,4,03
17:23:37  A,2142,A2,4,03H
17:23:37  [SLOT] n=1109 tx=99 ack=4 due=0 r=1
17:23:37  [AT] "AT+CIPSEND=100" (14)
17:23:37  [DROP-OVF] 줄이 96바이트를 넘어 버렸다
17:23:37  [AT] "SEND OK" (7)
17:23:37  [AT] "+IPD,68:T,3169,S,A5,1,63" (24)
17:23:37  [SLOT-OOW] +291ms
17:23:37  [AT] "T,3170,S,B3,1,6E" (16)
17:23:37  [AT] "T,3171,S,A4,1,6B" (16)
17:23:37  [AT] "T,3172,S,A2,1,6E" (16)
17:23:37  [AT] "OK" (2)
17:23:38  [TX] S,1088,0110000010,0000000000,1332,P1,31
17:23:38  A,3169,A5,4,0C
17:23:38  A,3170,B3,4,01
17:23:38  A,3171,A4,4,04
17:23:38  A,3172,A2,4,01,2139,B1,4,0F
17:23:38  A,2140,A4,4,07
17:23:38  A,2141,A1,4,03
17:23:38  A,2142,A2,4,03H
17:23:38  [SLOT] n=1110 tx=99 ack=4 due=0 r=1
17:23:38  [AT] "AT+CIPSEND=100" (14)
17:23:38  [DROP-OVF] 줄이 96바이트를 넘어 버렸다
17:23:38  [AT] "SEND OK" (7)
17:23:39  [TX] S,1089,0110000010,0000000000,1333,P1,31
17:23:39  [SLOT] n=1111 tx=39 ack=0 due=1 r=1
17:23:39  [AT] "+IPD,68:T,3173,S,B1,1,6F" (24)
17:23:39  [AT] "M\xFF,1089,0110000010,0000000000,1333,P1,31" (40)
17:23:39  [CKSUM NG] M�,1089,0110000010,0000000000,1333,P1,31
17:23:39  [AT] "SEND OK" (7)
17:23:39  [AT] "+IPD,68:T,3177,S,A5,1,6C" (24)
17:23:39  [SLOT-OOW] +208ms
17:23:39  [AT] "T,3178,S,A2,1,64" (16)
17:23:39  [AT] "T,3179,S,A4,1,63" (16)
17:23:39  [AT] "T,3180,S,B3,1,61" (16)
17:23:39  [AT] "OK" (2)
17:23:40  [TX] S,1090,0110000010,0000000000,1334,P1,3E
17:23:40  A,3173,B1,4,00
17:23:40  A,3177,A5,4,03
17:23:40  A,3178,A2,4,0B
17:23:40  A,3179,A4,4,0C
17:23:40  A,3180,B3,4,0E,2140,A4,4,07
17:23:40  A,2141,A1,4,03
17:23:40  A,2142,A2,4,03H
17:23:40  [SLOT] n=1112 tx=114 ack=5 due=0 r=1
17:23:40  [AT] "AT+CIPSEND=115" (14)
17:23:41  [DROP-OVF] 줄이 96바이트를 넘어 버렸다
17:23:41  [AT] "SEND OK" (7)
17:23:41  [TX] S,1091,0110000010,0000000000,1335,P1,3E
17:23:41  [SLOT] n=1113 tx=39 ack=0 due=0 r=1
17:23:41  [AT] "AT+CIPSEND=40" (13)
17:23:41  [AT] " S,1091,0110000010,0000000000,1335,P1,3E" (40)
17:23:41  [AT] "SEND OK" (7)
17:23:41  [AT] "+IPD,68:T,3181,S,B1,1,62" (24)
17:23:41  [SLOT-OOW] +164ms
17:23:41  [AT] "T,3182,S,A4,1,67" (16)
17:23:41  [AT] "T,3183,S,B3,1,62" (16)
17:23:41  [AT] "T,3184,S,A2,1,67" (16)
17:23:41  [AT] "OK" (2)
17:23:42  [TX] S,1092,0110000010,0000000000,1336,P1,3E
17:23:42  A,3181,B1,4,0D
17:23:42  A,3182,A4,4,08
17:23:42  A,3183,B3,4,0D
17:23:42  A,3184,A2,4,08
17:23:42  A,3180,B3,4,0E,2140,A4,4,07
17:23:42  A,2141,A1,4,03
17:23:42  A,2142,A2,4,03H
17:23:42  [SLOT] n=1114 tx=99 ack=4 due=0 r=1
17:23:42  [AT] "AT+CIPSEND=100" (14)
17:23:43  [DROP-OVF] 줄이 96바이트를 넘어 버렸다
17:23:43  [AT] "SEND OK" (7)
17:23:43  [AT] "+IPD,68:T,3185,S,A5,1,61" (24)
17:23:43  [SLOT-OOW] +270ms
17:23:43  [AT] "T,3174,S,A1,1,6B" (16)
17:23:43  [AT] "T,3175,S,B2,1,6A" (16)
17:23:43  [AT] "T,3176,S,A3,1,6B" (16)
17:23:43  [AT] "OK" (2)
17:23:44  [TX] S,1093,0110000010,0000000000,1338,P1,31
17:23:44  A,3185,A5,4,0E
17:23:44  A,3174,A1,4,04
17:23:44  A,3175,B2,4,05
17:23:44  A,3176,A3,4,04
17:23:44  A,3180,B3,4,0E,2140,A4,4,07
17:23:44  A,2141,A1,4,03
17:23:44  A,2142,A2,4,03H
17:23:44  [SLOT] n=1115 tx=99 ack=4 due=0 r=1
17:23:44  [AT] "AT+CIPSEND=100" (14)
17:23:44  [DROP-OVF] 줄이 96바이트를 넘어 버렸다
17:23:44  [AT] "SEND OK" (7)
17:23:45  [TX] S,1094,0110000010,0000000000,1339,P1,37
17:23:45  [SLOT] n=1116 tx=39 ack=0 due=0 r=1
17:23:45  [AT] "AT+CIPSEND=40" (13)
17:23:45  [AT] " S,1094,0110000010,0000000000,1339,P1,37" (40)
17:23:45  [AT] "SEND OK" (7)
17:23:45  [AT] "+IPD,136:T,3186,S,A4,1,63" (25)
17:23:45  [SLOT-OOW] +144ms
17:23:45  [AT] "T,3187,S,B1,1,64" (16)
17:23:45  [AT] "T,3188,S,B3,1,69" (16)
17:23:45  [AT] "T,3189,S,A2,1,6A" (16)
17:23:45  [AT] "T,3190,S,A1,1,61" (16)
17:23:45  [AT] "T,3191,S,B2,1,60" (16)
17:23:45  [AT] "T,3192,S,A5,1,67" (16)
17:23:45  [AT] "T,3193,S,A3,1,60" (16)
17:23:45  [AT] "OK" (2)
17:23:46  [TX] S,1095,0110000010,0000000000,1340,P1,38
17:23:46  A,3186,A4,4,0C
17:23:46  A,3187,B1,4,0B
17:23:46  A,3188,B3,4,06
17:23:46  A,3189,A2,4,05
17:23:46  A,3190,A1,4,0E
17:23:46  A,3191,B2,4,0F
17:23:46  A,3192,A5,4,08
17:23:46  A,3193,A3,4,0F A,3193,A3,4,0F
17:23:46  [SLOT] n=1117 tx=159 ack=8 due=0 r=1
17:23:46  [DROP-OVF] 줄이 96바이트를 넘어 버렸다
17:23:46  [AT] "SEND OK" (7)
17:23:46  [AT] "AT+CIPSEND=160" (14)
17:23:47  [TX] S,1096,0110000010,0000000000,1341,P1,3A
17:23:47  [SLOT] n=1118 tx=39 ack=0 due=0 r=1
17:23:47  [AT] "AT+CIPSEND=40" (13)
17:23:47  [AT] " S,1096,0110000010,0000000000,1341,P1,3A" (40)
17:23:47  [AT] "SEND OK" (7)
17:23:47  [AT] "+IPD,68:T,3194,S,A5,1,61" (24)
17:23:47  [SLOT-OOW] +168ms
17:23:47  [AT] "T,3195,S,A2,1,67" (16)
17:23:47  [AT] "T,3196,S,A4,1,62" (16)
17:23:47  [AT] "T,3197,S,B1,1,65" (16)
17:23:47  [AT] "OK" (2)
17:23:48  [TX] S,1097,0110000010,0000000000,1342,P1,38
17:23:48  A,3194,A5,4,0E
17:23:48  A,3195,A2,4,08
17:23:48  A,3196,A4,4,0D
17:23:48  A,3197,B1,4,0A
17:23:48  A,3190,A1,4,0E
17:23:48  A,3191,B2,4,0F
17:23:48  A,3192,A5,4,08
17:23:48  A,3193,A3,4,0F A,3197,B1,4,0A
17:23:48  [SLOT] n=1119 tx=99 ack=4 due=0 r=1
17:23:49  [DROP-OVF] 줄이 96바이트를 넘어 버렸다
17:23:49  [AT] "SEND OK" (7)
17:23:49  [AT] "+IPD,68:T,3198,S,A1,1,69" (24)
17:23:49  [SLOT-OOW] +287ms
17:23:49  [AT] "T,3199,S,A3,1,6A" (16)
17:23:49  [AT] "T,3200,S,B2,1,6B" (16)
17:23:49  [AT] "T,3201,S,B3,1,6B" (16)
17:23:49  [AT] "OK" (2)
17:23:49  [AT] "AT+CIPSEND=100" (14)
17:23:50  [TX] S,1098,0110000010,0000000000,1344,P1,31
17:23:50  A,3198,A1,4,06
17:23:50  A,3199,A3,4,05
17:23:50  A,3200,B2,4,04
17:23:50  A,3201,B3,4,04
17:23:50  A,3190,A1,4,0E
17:23:50  A,3191,B2,4,0F
17:23:50  A,3192,A5,4,08
17:23:50  A,3193,A3,4,0F A,3201,B3,4,04
17:23:50  [SLOT] n=1120 tx=99 ack=4 due=0 r=1
17:23:50  [AT] "AT+CIPSEND=100" (14)
17:23:50  [DROP-OVF] 줄이 96바이트를 넘어 버렸다
17:23:50  [AT] "SEND OK" (7)
17:23:50  [AT] "+IPD,68:T,3202,S,A5,1,6D" (24)
17:23:50  [SLOT-OOW] +335ms
17:23:50  [AT] "T,3203,S,A2,1,6B" (16)
17:23:50  [AT] "T,3204,S,A4,1,6A" (16)
17:23:50  [AT] "T,3205,S,B1,1,6D" (16)
17:23:50  [AT] "OK" (2)
17:23:51  [TX] S,1099,0110000010,0000000000,1345,P1,31
17:23:51  A,3202,A5,4,02
17:23:51  A,3203,A2,4,04
17:23:51  A,3204,A4,4,05
17:23:51  A,3205,B1,4,02
17:23:51  A,3190,A1,4,0E
17:23:51  A,3191,B2,4,0F
17:23:51  A,3192,A5,4,08
17:23:51  A,3193,A3,4,0F A,3205,B1,4,02
17:23:51  [SLOT] n=1121 tx=99 ack=4 due=0 r=1
17:23:51  [DROP-OVF] 줄이 96바이트를 넘어 버렸다
17:23:51  [AT] "SEND OK" (7)
17:23:51  [AT] "+IPD,68:T,3206,S,B2,1,6D" (24)
17:23:51  [SLOT-OOW] +313ms
17:23:51  [AT] "T,3207,S,A3,1,6E" (16)
17:23:51  [AT] "T,3208,S,A1,1,63" (16)
17:23:51  [AT] "T,3209,S,B3,1,63" (16)
17:23:51  [AT] "OK" (2)
17:23:51  [AT] "AT+CIPSEND=100" (14)
17:23:52  [TX] S,1100,0110000010,0000000000,1346,P1,33
17:23:52  A,3206,B2,4,02
17:23:52  A,3207,A3,4,01
17:23:52  A,3208,A1,4,0C
17:23:52  A,3209,B3,4,0C
17:23:52  A,3190,A1,4,0E
17:23:52  A,3191,B2,4,0F
17:23:52  A,3192,A5,4,08
17:23:52  A,3193,A3,4,0F A,3209,B3,4,0C
17:23:52  [SLOT] n=1122 tx=99 ack=4 due=0 r=1
17:23:52  [AT] "AT+CIPSEND=100" (14)
17:23:52  [DROP-OVF] 줄이 96바이트를 넘어 버렸다
17:23:52  [AT] "SEND OK" (7)
17:23:52  [AT] "+IPD,68:T,3210,S,A5,1,6E" (24)
17:23:52  [SLOT-OOW] +285ms
17:23:52  [AT] "T,3211,S,A2,1,68" (16)
17:23:52  [AT] "T,3212,S,A4,1,6D" (16)
17:23:52  [AT] "T,3213,S,B1,1,6A" (16)
17:23:52  [AT] "OK" (2)
17:23:53  [TX] S,1101,0110000010,0000000000,1347,P1,33
17:23:53  A,3210,A5,4,01
17:23:53  A,3211,A2,4,07
17:23:53  A,3212,A4,4,02
17:23:53  A,3213,B1,4,05
17:23:53  A,3190,A1,4,0E
17:23:53  A,3191,B2,4,0F
17:23:53  A,3192,A5,4,08
17:23:53  A,3193,A3,4,0F A,3213,B1,4,05
17:23:53  [SLOT] n=1123 tx=99 ack=4 due=0 r=1
17:23:53  [AT] "AT+CIPSEND=100" (14)
17:23:54  [DROP-OVF] 줄이 96바이트를 넘어 버렸다
17:23:54  [AT] "SEND OK" (7)
17:23:54  [AT] "+IPD,68:T,3214,S,B2,1,6E" (24)
17:23:54  [SLOT-OOW] +493ms
17:23:54  [AT] "T,3215,S,A1,1,6F" (16)
17:23:54  [AT] "T,3216,S,A3,1,6E" (16)
17:23:54  [AT] "T,3217,S,B3,1,6C" (16)
17:23:54  [AT] "OK" (2)
17:23:54  [TX] S,1102,0110000010,0000000000,1348,P1,3F
17:23:54  A,3214,B2,4,01
17:23:54  A,3215,A1,4,00
17:23:54  A,3216,A3,4,01
17:23:54  A,3217,B3,4,03
17:23:54  A,3190,A1,4,0E
17:23:54  A,3191,B2,4,0F
17:23:54  A,3192,A5,4,08
17:23:54  A,3193,A3,4,0F A,3217,B3,4,03
17:23:54  [SLOT] n=1124 tx=99 ack=4 due=0 r=1
17:23:54  [AT] "AT+CIPSEND=100" (14)
17:23:54  [DROP-OVF] 줄이 96바이트를 넘어 버렸다
17:23:55  [AT] "SEND OK" (7)
17:23:55  [AT] "+IPD,68:T,3218,S,A4,1,67" (24)
17:23:55  [SLOT-OOW] +282ms
17:23:55  [AT] "T,3219,S,A2,1,60" (16)
17:23:55  [AT] "T,3220,S,B1,1,6A" (16)
17:23:55  [AT] "T,3221,S,A5,1,6C" (16)
17:23:55  [AT] "OK" (2)
17:23:56  [TX] S,1103,0110000010,0000000000,1350,P1,37
17:23:56  A,3218,A4,4,08
17:23:56  A,3219,A2,4,0F
17:23:56  A,3220,B1,4,05
17:23:56  A,3221,A5,4,03
17:23:56  A,3190,A1,4,0E
17:23:56  A,3191,B2,4,0F
17:23:56  A,3192,A5,4,08
17:23:56  A,3193,A3,4,0F A,3221,A5,4,03
17:23:56  [SLOT] n=1125 tx=99 ack=4 due=0 r=1
17:23:56  [DROP-OVF] 줄이 96바이트를 넘어 버렸다
17:23:56  [AT] "SEND OK" (7)
17:23:56  [AT] "+IPD,68:T,3222,S,B2,1,6B" (24)
17:23:56  [SLOT-OOW] +302ms
17:23:56  [AT] "T,3223,S,A3,1,68" (16)
17:23:56  [AT] "T,3224,S,B3,1,6C" (16)
17:23:56  [AT] "T,3225,S,A1,1,6C" (16)
17:23:56  [AT] "OK" (2)
17:23:56  [AT] "AT+CIPSEND=100" (14)
17:23:57  [TX] S,1104,0110000010,0000000000,1351,P1,31
17:23:57  A,3222,B2,4,04
17:23:57  A,3223,A3,4,07
17:23:57  A,3224,B3,4,03
17:23:57  A,3225,A1,4,03
17:23:57  A,3190,A1,4,0E
17:23:57  A,3191,B2,4,0F
17:23:57  A,3192,A5,4,08
17:23:57  A,3193,A3,4,0F A,3225,A1,4,03
17:23:57  [SLOT] n=1126 tx=99 ack=4 due=0 r=1
17:23:57  [AT] "AT+CIPSEND=100" (14)
17:23:57  [DROP-OVF] 줄이 96바이트를 넘어 버렸다
17:23:57  [AT] "SEND OK" (7)
17:23:57  [AT] "+IPD,68:T,3226,S,B1,1,6C" (24)
17:23:57  [SLOT-OOW] +476ms
17:23:57  [AT] "T,3227,S,A4,1,6B" (16)
17:23:57  [AT] "T,3228,S,A2,1,62" (16)
17:23:57  [AT] "T,3229,S,A5,1,64" (16)
17:23:57  [AT] "OK" (2)
17:23:58  [TX] S,1105,0110000010,0000000000,1352,P1,33
17:23:58  A,3226,B1,4,03
17:23:58  A,3227,A4,4,04
17:23:58  A,3228,A2,4,0D
17:23:58  A,3229,A5,4,0B
17:23:58  A,3190,A1,4,0E
17:23:58  A,3191,B2,4,0F
17:23:58  A,3192,A5,4,08
17:23:58  A,3193,A3,4,0F A,3229,A5,4,0B
17:23:58  [SLOT] n=1127 tx=99 ack=4 due=0 r=1
17:23:58  [AT] "AT+CIPSEND=100" (14)
17:23:58  [DROP-OVF] 줄이 96바이트를 넘어 버렸다
17:23:58  [AT] "SEND OK" (7)
17:23:58  [AT] "+IPD,68:T,3230,S,B2,1,68" (24)
17:23:58  [SLOT-OOW] +292ms
17:23:58  [AT] "T,3231,S,A3,1,6B" (16)
17:23:58  [AT] "T,3232,S,B3,1,6B" (16)
17:23:58  [AT] "T,3233,S,A1,1,6B" (16)
17:23:58  [AT] "OK" (2)
17:23:59  [TX] S,1106,0110000010,0000000000,1353,P1,31
17:23:59  A,3230,B2,4,07
17:23:59  A,3231,A3,4,04
17:23:59  A,3232,B3,4,04
17:23:59  A,3233,A1,4,04
17:23:59  A,3190,A1,4,0E
17:23:59  A,3191,B2,4,0F
17:23:59  A,3192,A5,4,08
17:23:59  A,3193,A3,4,0F A,3233,A1,4,04
17:23:59  [SLOT] n=1128 tx=99 ack=4 due=0 r=1
17:23:59  [DROP-OVF] 줄이 96바이트를 넘어 버렸다
17:23:59  [AT] "SEND OK" (7)
17:23:59  [AT] "+IPD,68:T,3234,S,B1,1,6F" (24)
17:23:59  [SLOT-OOW] +296ms
17:23:59  [AT] "T,3235,S,A4,1,68" (16)
17:23:59  [AT] "T,3236,S,A2,1,6D" (16)
17:23:59  [AT] "T,3237,S,A5,1,6B" (16)
17:23:59  [AT] "OK" (2)
17:23:59  [AT] "AT+CIPSEND=100" (14)
17:24:00  [TX] S,1107,0110000010,0000000000,1354,P1,37
17:24:00  A,3234,B1,4,00
17:24:00  A,3235,A4,4,07
17:24:00  A,3236,A2,4,02
17:24:00  A,3237,A5,4,04
17:24:00  A,3190,A1,4,0E
17:24:00  A,3191,B2,4,0F
17:24:00  A,3192,A5,4,08
17:24:00  A,3193,A3,4,0F A,3237,A5,4,04
17:24:00  [SLOT] n=1129 tx=99 ack=4 due=0 r=1
17:24:01  [DROP-OVF] 줄이 96바이트를 넘어 버렸다
17:24:01  [AT] "SEND OK" (7)
17:24:01  [AT] "+IPD,68:T,3238,S,B2,1,60" (24)
17:24:01  [SLOT-OOW] +302ms
17:24:01  [AT] "T,3239,S,A3,1,63" (16)
17:24:01  [AT] "T,3240,S,B3,1,6E" (16)
17:24:01  [AT] "T,3241,S,A1,1,6E" (16)
17:24:01  [AT] "OK" (2)
17:24:01  [AT] "AT+CIPSEND=100" (14)
17:24:02  [TX] S,1108,0110000010,0000000000,1356,P1,3A
17:24:02  A,3238,B2,4,0F
17:24:02  A,3239,A3,4,0C
17:24:02  A,3240,B3,4,01
17:24:02  A,3241,A1,4,01
17:24:02  A,3190,A1,4,0E
17:24:02  A,3191,B2,4,0F
17:24:02  A,3192,A5,4,08
17:24:02  A,3193,A3,4,0F A,3241,A1,4,01
17:24:02  [SLOT] n=1130 tx=99 ack=4 due=0 r=1
17:24:02  [AT] "AT+CIPSEND=100" (14)
17:24:02  [DROP-OVF] 줄이 96바이트를 넘어 버렸다
17:24:02  [AT] "SEND OK" (7)
17:24:02  [AT] "+IPD,68:T,3242,S,B1,1,6E" (24)
17:24:02  [SLOT-OOW] +472ms
17:24:02  [AT] "T,3243,S,A5,1,68" (16)
17:24:02  [AT] "T,3244,S,A4,1,6E" (16)
17:24:02  [AT] "T,3245,S,A2,1,69" (16)
17:24:02  [AT] "OK" (2)
17:24:03  [TX] S,1109,0110000010,0000000000,1357,P1,3A
17:24:03  A,3242,B1,4,01
17:24:03  A,3243,A5,4,07
17:24:03  A,3244,A4,4,01
17:24:03  A,3245,A2,4,06
17:24:03  A,3190,A1,4,0E
17:24:03  A,3191,B2,4,0F
17:24:03  A,3192,A5,4,08
17:24:03  A,3193,A3,4,0F A,3245,A2,4,06
17:24:03  [SLOT] n=1131 tx=99 ack=4 due=0 r=1
17:24:03  [AT] "AT+CIPSEND=100" (14)
17:24:03  [DROP-OVF] 줄이 96바이트를 넘어 버렸다
17:24:03  [AT] "SEND OK" (7)
17:24:03  [AT] "+IPD,68:T,3246,S,A1,1,69" (24)
17:24:03  [SLOT-OOW] +272ms
17:24:03  [AT] "T,3247,S,B2,1,68" (16)
17:24:03  [AT] "T,3248,S,A3,1,65" (16)
17:24:03  [AT] "T,3249,S,B3,1,67" (16)
17:24:03  [AT] "OK" (2)
17:24:04  [TX] S,1110,0110000010,0000000000,1358,P1,3D
17:24:04  A,3246,A1,4,06
17:24:04  A,3247,B2,4,07
17:24:04  A,3248,A3,4,0A
17:24:04  A,3249,B3,4,08
17:24:04  A,3190,A1,4,0E
17:24:04  A,3191,B2,4,0F
17:24:04  A,3192,A5,4,08
17:24:04  A,3193,A3,4,0F A,3249,B3,4,08
17:24:04  [SLOT] n=1132 tx=99 ack=4 due=0 r=1
17:24:04  [DROP-OVF] 줄이 96바이트를 넘어 버렸다
17:24:04  [AT] "SEND OK" (7)
17:24:04  [AT] "+IPD,68:T,3250,S,B1,1,6D" (24)
17:24:04  [SLOT-OOW] +304ms
17:24:04  [AT] "T,3251,S,A5,1,6B" (16)
17:24:04  [AT] "T,3252,S,A2,1,6F" (16)
17:24:04  [AT] "T,3253,S,A4,1,68" (16)
17:24:04  [AT] "OK" (2)
17:24:04  [AT] "AT+CIPSEND=100" (14)
17:24:05  [TX] S,1111,0110000010,0000000000,1359,P1,3D
17:24:05  A,3250,B1,4,02
17:24:05  A,3251,A5,4,04
17:24:05  A,3252,A2,4,00
17:24:05  A,3253,A4,4,07
17:24:05  A,3190,A1,4,0E
17:24:05  A,3191,B2,4,0F
17:24:05  A,3192,A5,4,08
17:24:05  A,3193,A3,4,0F A,3253,A4,4,07
17:24:05  [SLOT] n=1133 tx=99 ack=4 due=0 r=1
17:24:05  [AT] "AT+CIPSEND=100" (14)
17:24:05  [DROP-OVF] 줄이 96바이트를 넘어 버렸다
17:24:05  [AT] "SEND OK" (7)
17:24:05  [AT] "+IPD,68:T,3254,S,A3,1,68" (24)
17:24:05  [SLOT-OOW] +445ms
17:24:05  [AT] "T,3255,S,B3,1,6A" (16)
17:24:06  [AT] "T,3256,S,B2,1,68" (16)
17:24:06  [AT] "T,3257,S,A1,1,69" (16)
17:24:06  [AT] "OK" (2)
17:24:06  [TX] S,1112,0110000010,0000000000,1360,P1,34
17:24:06  A,3254,A3,4,07
17:24:06  A,3255,B3,4,05
17:24:06  A,3256,B2,4,07
17:24:06  A,3257,A1,4,06
17:24:06  A,3190,A1,4,0E
17:24:06  A,3191,B2,4,0F
17:24:06  A,3192,A5,4,08
17:24:06  A,3193,A3,4,0F A,3257,A1,4,06
17:24:06  [SLOT] n=1134 tx=99 ack=4 due=0 r=1
17:24:06  [AT] "AT+CIPSEND=100" (14)
17:24:07  [DROP-OVF] 줄이 96바이트를 넘어 버렸다
17:24:07  [AT] "SEND OK" (7)
17:24:07  [AT] "+IPD,68:T,3258,S,B1,1,65" (24)
17:24:07  [SLOT-OOW] +299ms
17:24:07  [AT] "T,3259,S,A2,1,64" (16)
17:24:07  [AT] "T,3260,S,A5,1,69" (16)
17:24:07  [AT] "T,3261,S,A4,1,69" (16)
17:24:07  [AT] "OK" (2)
17:24:08  [TX] S,1113,0110000010,0000000000,1362,P1,37
17:24:08  A,3258,B1,4,0A
17:24:08  A,3259,A2,4,0B
17:24:08  A,3260,A5,4,06
17:24:08  A,3261,A4,4,06
17:24:08  A,3190,A1,4,0E
17:24:08  A,3191,B2,4,0F
17:24:08  A,3192,A5,4,08
17:24:08  A,3193,A3,4,0F A,3261,A4,4,06
17:24:08  [SLOT] n=1135 tx=99 ack=4 due=0 r=1
17:24:08  [DROP-OVF] 줄이 96바이트를 넘어 버렸다
17:24:08  [AT] "SEND OK" (7)
17:24:08  [AT] "+IPD,68:T,3262,S,A3,1,6D" (24)
17:24:08  [SLOT-OOW] +292ms
17:24:08  [AT] "T,3263,S,A1,1,6E" (16)
17:24:08  [AT] "T,3264,S,B3,1,68" (16)
17:24:08  [AT] "T,3265,S,B2,1,68" (16)
17:24:08  [AT] "OK" (2)
17:24:08  [AT] "AT+CIPSEND=100" (14)
17:24:09  [TX] S,1114,0110000010,0000000000,1363,P1,31
17:24:09  A,3262,A3,4,02
17:24:09  A,3263,A1,4,01
17:24:09  A,3264,B3,4,07
17:24:09  A,3265,B2,4,07
17:24:09  A,3190,A1,4,0E
17:24:09  A,3191,B2,4,0F
17:24:09  A,3192,A5,4,08
17:24:09  A,3193,A3,4,0F A,3265,B2,4,07
17:24:09  [SLOT] n=1136 tx=99 ack=4 due=0 r=1
17:24:09  [DROP-OVF] 줄이 96바이트를 넘어 버렸다
17:24:09  [AT] "SEND OK" (7)
17:24:09  [AT] "+IPD,68:T,3266,S,B1,1,68" (24)
17:24:09  [SLOT-OOW] +291ms
17:24:09  [AT] "T,3267,S,A4,1,6F" (16)
17:24:09  [AT] "T,3268,S,A2,1,66" (16)
17:24:09  [AT] "T,3269,S,A5,1,60" (16)
17:24:09  [AT] "OK" (2)
17:24:09  [AT] "AT+CIPSEND=100" (14)
17:24:10  [TX] S,1115,0110000010,0000000000,1364,P1,37
17:24:10  A,3266,B1,4,07
17:24:10  A,3267,A4,4,00
17:24:10  A,3268,A2,4,09
17:24:10  A,3269,A5,4,0F
17:24:10  A,3190,A1,4,0E
17:24:10  A,3191,B2,4,0F
17:24:10  A,3192,A5,4,08
17:24:10  A,3193,A3,4,0F A,3269,A5,4,0F
17:24:10  [SLOT] n=1137 tx=99 ack=4 due=0 r=1
17:24:10  [AT] "AT+CIPSEND=100" (14)
17:24:10  [DROP-OVF] 줄이 96바이트를 넘어 버렸다
17:24:10  [AT] "SEND OK" (7)
17:24:10  [AT] "+IPD,68:T,3270,S,A1,1,6C" (24)
17:24:10  [SLOT-OOW] +325ms
17:24:10  [AT] "T,3271,S,A3,1,6F" (16)
17:24:10  [AT] "T,3272,S,B3,1,6F" (16)
17:24:10  [AT] "T,3273,S,B2,1,6F" (16)
17:24:10  [AT] "OK" (2)
17:24:11  [TX] S,1116,0110000010,0000000000,1365,P1,35
17:24:11  A,3270,A1,4,03
17:24:11  A,3271,A3,4,00
17:24:11  A,3272,B3,4,00
17:24:11  A,3273,B2,4,00
17:24:11  A,3190,A1,4,0E
17:24:11  A,3191,B2,4,0F
17:24:11  A,3192,A5,4,08
17:24:11  A,3193,A3,4,0F A,3273,B2,4,00
17:24:11  [SLOT] n=1138 tx=99 ack=4 due=0 r=1
17:24:11  [AT] "AT+CIPSEND=100" (14)
17:24:11  [DROP-OVF] 줄이 96바이트를 넘어 버렸다
17:24:11  [AT] "SEND OK" (7)
17:24:11  [AT] "+IPD,68:T,3274,S,B1,1,6B" (24)
17:24:11  [SLOT-OOW] +286ms
17:24:11  [AT] "T,3275,S,A4,1,6C" (16)
17:24:11  [AT] "T,3276,S,A5,1,6E" (16)
17:24:11  [AT] "T,3277,S,A2,1,68" (16)
17:24:11  [AT] "OK" (2)
17:24:12  [TX] S,1117,0110000010,0000000000,1366,P1,37
17:24:12  A,3274,B1,4,04
17:24:12  A,3275,A4,4,03
17:24:12  A,3276,A5,4,01
17:24:12  A,3277,A2,4,07
17:24:12  A,3190,A1,4,0E
17:24:12  A,3191,B2,4,0F
17:24:12  A,3192,A5,4,08
17:24:12  A,3193,A3,4,0F A,3277,A2,4,07
17:24:12  [SLOT] n=1139 tx=99 ack=4 due=0 r=1
17:24:12  [AT] "AT+CIPSEND=100" (14)
17:24:12  [DROP-OVF] 줄이 96바이트를 넘어 버렸다
17:24:12  [AT] "SEND OK" (7)
17:24:13  [AT] "+IPD,68:T,3278,S,A3,1,66" (24)
17:24:13  [SLOT-OOW] +291ms
17:24:13  [AT] "T,3279,S,B2,1,65" (16)
17:24:13  [AT] "T,3280,S,B3,1,62" (16)
17:24:13  [AT] "T,3281,S,A1,1,62" (16)
17:24:13  [AT] "OK" (2)
17:24:14  [TX] S,1118,0110000010,0000000000,1368,P1,36
17:24:14  A,3278,A3,4,09
17:24:14  A,3279,B2,4,0A
17:24:14  A,3280,B3,4,0D
17:24:14  A,3281,A1,4,0D
17:24:14  A,3190,A1,4,0E
17:24:14  A,3191,B2,4,0F
17:24:14  A,3192,A5,4,08
17:24:14  A,3193,A3,4,0F A,3281,A1,4,0D
17:24:14  [SLOT] n=1140 tx=99 ack=4 due=0 r=1
17:24:14  [AT] "AT+CIPSEND=100" (14)
17:24:14  [DROP-OVF] 줄이 96바이트를 넘어 버렸다
17:24:14  [AT] "SEND OK" (7)
17:24:14  [AT] "+IPD,68:T,3282,S,A4,1,64" (24)
17:24:14  [SLOT-OOW] +272ms
17:24:14  [AT] "T,3283,S,A5,1,64" (16)
17:24:14  [AT] "T,3284,S,A2,1,64" (16)
17:24:14  [AT] "T,3285,S,B1,1,65" (16)
17:24:14  [AT] "OK" (2)
17:24:15  [TX] S,1119,0110000010,0000000000,1369,P1,36
17:24:15  A,3282,A4,4,0B
17:24:15  A,3283,A5,4,0B
17:24:15  A,3284,A2,4,0B
17:24:15  A,3285,B1,4,0A
17:24:15  A,3190,A1,4,0E
17:24:15  A,3191,B2,4,0F
17:24:15  A,3192,A5,4,08
17:24:15  A,3193,A3,4,0F A,3285,B1,4,0A
17:24:15  [SLOT] n=1141 tx=99 ack=4 due=0 r=1
17:24:15  [DROP-OVF] 줄이 96바이트를 넘어 버렸다
17:24:15  [AT] "SEND OK" (7)
17:24:15  [AT] "+IPD,68:T,3286,S,A3,1,67" (24)
17:24:15  [SLOT-OOW] +322ms
17:24:15  [AT] "T,3287,S,B2,1,64" (16)
17:24:15  [AT] "T,3288,S,B1,6A" (14)
17:24:15  [CKSUM NG] T,3288,S,B1,6A
17:24:15  [AT] "T,329,S,A1,1,6A" (15)
17:24:15  [CKSUM NG] T,329,S,A1,1,6A
17:24:15  [AT] "OK" (2)
17:24:15  [AT] "AT+CIPSEND=100" (14)
17:24:16  [TX] S,1120,0110000010,0000000000,1370,P1,34
17:24:16  A,3286,A3,4,08
17:24:16  A,3287,B2,4,0B
17:24:16  A,3284,A2,4,0B
17:24:16  A,3285,B1,4,0A
17:24:16  A,3190,A1,4,0E
17:24:16  A,3191,B2,4,0F
17:24:16  A,3192,A5,4,08
17:24:16  A,3193,A3,4,0F A,3287,B2,4,0B
17:24:16  [SLOT] n=1142 tx=69 ack=2 due=0 r=1
17:24:16  [AT] "AT+CIPSEND=70" (13)
17:24:16  [AT] " S,1120,0110000010,0000000000,1370,P1,34A,3286,A3,4,08A,3287,B2,4,0B" (68)
17:24:16  [AT] "SEND OK" (7)
17:24:16  [AT] "+IPD,68:T,3290,S,A5,1,66" (24)
17:24:16  [SLOT-OOW] +237ms
17:24:16  [AT] "T,3291,S,B1,1,60" (16)
17:24:16  [AT] "T,3292,S,A2,1,63" (16)
17:24:16  [AT] "T,3293,S,A4,1,64" (16)
17:24:16  [AT] "OK" (2)
17:24:17  [TX] S,1121,0110000010,0000000000,1371,P1,34
17:24:17  A,3290,A5,4,09
17:24:17  A,3291,B1,4,0F
17:24:17  A,3292,A2,4,0C
17:24:17  A,3293,A4,4,0B
17:24:17  A,3190,A1,4,0E
17:24:17  A,3191,B2,4,0F
17:24:17  A,3192,A5,4,08
17:24:17  A,3193,A3,4,0F A,3293,A4,4,0B
17:24:17  [SLOT] n=1143 tx=99 ack=4 due=0 r=1
17:24:17  [AT] "AT+CIPSEND=100" (14)
17:24:17  [DROP-OVF] 줄이 96바이트를 넘어 버렸다
17:24:17  [AT] "SEND OK" (7)
17:24:17  [AT] "+IPD,34:T,3294,S,A3,1,64" (24)
17:24:17  [SLOT-OOW] +299ms
17:24:17  [AT] "T,3295,S,B2,1,67" (16)
17:24:17  [AT] "OK" (2)
17:24:18  [TX] S,1122,0110000010,0000000000,1372,P1,34
17:24:18  A,3294,A3,4,0B
17:24:18  A,3295,B2,4,08
17:24:18  A,3292,A2,4,0C
17:24:18  A,3293,A4,4,0B
17:24:18  A,3190,A1,4,0E
17:24:18  A,3191,B2,4,0F
17:24:18  A,3192,A5,4,08
17:24:18  A,3193,A3,4,0F A,3295,B2,4,08
17:24:18  [SLOT] n=1144 tx=69 ack=2 due=0 r=1
17:24:18  [AT] "AT+CIPSEND=70" (13)
17:24:19  [AT] " S,1122,0110000010,0000000000,1372,P1,34A,3294,A3,4,0BA,3295,B2,4,08" (68)
17:24:19  [AT] "SEND OK" (7)
17:24:19  [AT] "+IPD,68:T,3288,S,B3,1,6A" (24)
17:24:19  [SLOT-OOW] +430ms
17:24:19  [AT] "T,3289,S,A1,1,6A" (16)
17:24:19  [AT] "T,3296,S,B1,1,67" (16)
17:24:19  [AT] "T,3297,S,A4,1,60" (16)
17:24:19  [AT] "OK" (2)
17:24:20  [TX] S,1123,0110000010,0000000000,1374,P1,33
17:24:20  A,3288,B3,4,05
17:24:20  A,3289,A1,4,05
17:24:20  A,3296,B1,4,08
17:24:20  A,3297,A4,4,0F
17:24:20  A,3190,A1,4,0E
17:24:20  A,3191,B2,4,0F
17:24:20  A,3192,A5,4,08
17:24:20  A,3193,A3,4,0F A,3297,A4,4,0F
17:24:20  [SLOT] n=1145 tx=99 ack=4 due=0 r=1
17:24:20  [AT] "AT+CIPSEND=100" (14)
17:24:20  [DROP-OVF] 줄이 96바이트를 넘어 버렸다
17:24:20  [AT] "SEND OK" (7)
17:24:20  [AT] "+IPD,68:T,3298,S,A2,1,69" (24)
17:24:20  [SLOT-OOW] +458ms
17:24:20  [AT] "T,3299,S,A5,1,6F" (16)
17:24:20  [AT] "T,3300,S,B2,1,6A" (16)
17:24:20  [AT] "T,3301,S,A3,1,69" (16)
17:24:20  [AT] "OK" (2)
17:24:21  [TX] S,1124,0110000010,0000000000,1375,P1,35
17:24:21  A,3298,A2,4,06
17:24:21  A,3299,A5,4,00
17:24:21  A,3300,B2,4,05
17:24:21  A,3301,A3,4,06
17:24:21  A,3190,A1,4,0E
17:24:21  A,3191,B2,4,0F
17:24:21  A,3192,A5,4,08
17:24:21  A,3193,A3,4,0F A,3301,A3,4,06
17:24:21  [SLOT] n=1146 tx=99 ack=4 due=0 r=1
17:24:21  [AT] "AT+CIPSEND=100" (14)
17:24:21  [DROP-OVF] 줄이 96바이트를 넘어 버렸다
17:24:21  [AT] "SEND OK" (7)
17:24:21  [AT] "+IPD,68:T,3302,S,B3,1,69" (24)
17:24:21  [SLOT-OOW] +275ms
17:24:21  [AT] "T,3303,S,A4,1,6C" (16)
17:24:21  [AT] "T,3304,S,A1,1,6E" (16)
17:24:21  [AT] "T,3305,S,B1,1,6C" (16)
17:24:21  [AT] "OK" (2)
17:24:22  [TX] S,1125,0110000010,0000000000,1376,P1,37
17:24:22  A,3302,B3,4,06
17:24:22  A,3303,A4,4,03
17:24:22  A,3304,A1,4,01
17:24:22  A,3305,B1,4,03
17:24:22  A,3190,A1,4,0E
17:24:22  A,3191,B2,4,0F
17:24:22  A,3192,A5,4,08
17:24:22  A,3193,A3,4,0F A,3305,B1,4,03
17:24:22  [SLOT] n=1147 tx=99 ack=4 due=0 r=1
17:24:22  [AT] "AT+CIPSEND=100" (14)
17:24:22  [DROP-OVF] 줄이 96바이트를 넘어 버렸다
17:24:22  [AT] "SEND OK" (7)
17:24:22  [AT] "+IPD,68:T,3306,S,B2,1,6C" (24)
17:24:22  [SLOT-OOW] +345ms
17:24:22  [AT] "T,3307,S,A5,1,69" (16)
17:24:22  [AT] "T,3308,S,A2,1,61" (16)
17:24:22  [AT] "T,3309,S,A3,1,61" (16)
17:24:22  [AT] "OK" (2)
17:24:23  [TX] S,1126,0110000010,0000000000,1377,P1,35
17:24:23  A,3306,B2,4,03
17:24:23  A,3307,A5,4,06
17:24:23  A,3308,A2,4,0E
17:24:23  A,3309,A3,4,0E
17:24:23  A,3190,A1,4,0E
17:24:23  A,3191,B2,4,0F
17:24:23  A,3192,A5,4,08
17:24:23  A,3193,A3,4,0F A,3309,A3,4,0E
17:24:23  [SLOT] n=1148 tx=99 ack=4 due=0 r=1
17:24:23  [AT] "AT+CIPSEND=100" (14)
17:24:23  [DROP-OVF] 줄이 96바이트를 넘어 버렸다
17:24:23  [AT] "SEND OK" (7)
17:24:23  [AT] "+IPD,68:T,3310,S,B3,1,6A" (24)
17:24:23  [SLOT-OOW] +298ms
17:24:23  [AT] "T,3311,S,A4,1,6F" (16)
17:24:23  [AT] "T,3312,S,B1,1,6A" (16)
17:24:23  [AT] "T,3313,S,A1,1,68" (16)
17:24:23  [AT] "OK" (2)
17:24:24  [TX] S,1127,0110000010,0000000000,1378,P1,3B
17:24:24  A,3310,B3,4,05
17:24:24  A,3311,A4,4,00
17:24:24  A,3312,B1,4,05
17:24:24  A,3313,A1,4,07
17:24:24  A,3190,A1,4,0E
17:24:24  A,3191,B2,4,0F
17:24:24  A,3192,A5,4,08
17:24:24  A,3193,A3,4,0F A,3313,A1,4,07
17:24:24  [SLOT] n=1149 tx=99 ack=4 due=0 r=1
17:24:24  [AT] "AT+CIPSEND=100" (14)
17:24:24  [DROP-OVF] 줄이 96바이트를 넘어 버렸다
17:24:24  [AT] "SEND OK" (7)
17:24:25  [AT] "+IPD,68:T,3314,S,A5,1,6B" (24)
17:24:25  [SLOT-OOW] +313ms
17:24:25  [AT] "T,3315,S,A2,1,6D" (16)
17:24:25  [AT] "T,3316,S,A3,1,6F" (16)
17:24:25  [AT] "T,3317,S,B2,1,6C" (16)
17:24:25  [AT] "OK" (2)
17:24:26  [TX] S,1128,0110000010,0000000000,1380,P1,33
17:24:26  A,3314,A5,4,04
17:24:26  A,3315,A2,4,02
17:24:26  A,3316,A3,4,00
17:24:26  A,3317,B2,4,03
17:24:26  A,3190,A1,4,0E
17:24:26  A,3191,B2,4,0F
17:24:26  A,3192,A5,4,08
17:24:26  A,3193,A3,4,0F A,3317,B2,4,03
17:24:26  [SLOT] n=1150 tx=99 ack=4 due=0 r=1
17:24:26  [CNT] up=1380 drop=1 esprst=2 resync=3 sendfail=0 okto=0 stuck=0 ackq=0 ackdrop=0 ackstale=0 slot=1150 oow=821 smiss=2 ssovf=80 cksumng=82 okstream=1128 penddrop=9 skip=0 online=1
17:24:26  [RAM] 최저 여유 627 B · 프롬프트 재동기 3회 (서버의 '버린줄' 과 맞아야 한다)
17:24:26  [AT] "AT+CIPSEND=100" (14)
17:24:26  [DROP-OVF] 줄이 96바이트를 넘어 버렸다
17:24:26  [AT] "SEND OK" (7)
17:24:26  [AT] "+IPD,68:T,3318,S,B3,1,62" (24)
17:24:26  [SLOT-OOW] +467ms
17:24:26  [AT] "T,3319,S,A4,1,67" (16)
17:24:26  [AT] "T,3320,S,A1,1,68" (16)
17:24:26  [AT] "T,3321,S,B1,1,6A" (16)
17:24:26  [AT] "OK" (2)
17:24:27  [TX] S,1129,0110000010,0000000000,1381,P1,33
17:24:27  A,3318,B3,4,0D
17:24:27  A,3319,A4,4,08
17:24:27  A,3320,A1,4,07
17:24:27  A,3321,B1,4,05
17:24:27  A,3190,A1,4,0E
17:24:27  A,3191,B2,4,0F
17:24:27  A,3192,A5,4,08
17:24:27  A,3193,A3,4,0F A,3321,B1,4,05
17:24:27  [SLOT] n=1151 tx=99 ack=4 due=0 r=1
17:24:27  [AT] "AT+CIPSEND=100" (14)
17:24:27  [DROP-OVF] 줄이 96바이트를 넘어 버렸다
17:24:27  [AT] "SEND OK" (7)
17:24:27  [AT] "+IPD,68:T,3322,S,A2,1,69" (24)
17:24:27  [SLOT-OOW] +274ms
17:24:27  [AT] "T,3323,S,A5,1,6F" (16)
17:24:27  [AT] "T,3324,S,B2,1,6C" (16)
17:24:27  [AT] "T,3325,S,A3,1,6F" (16)
17:24:27  [AT] "OK" (2)
17:24:28  [TX] S,1130,0110000010,0000000000,1382,P1,38
17:24:28  A,3322,A2,4,06
17:24:28  A,3323,A5,4,00
17:24:28  A,3324,B2,4,03
17:24:28  A,3325,A3,4,00
17:24:28  A,3190,A1,4,0E
17:24:28  A,3191,B2,4,0F
17:24:28  A,3192,A5,4,08
17:24:28  A,3193,A3,4,0F A,3325,A3,4,00
17:24:28  [SLOT] n=1152 tx=99 ack=4 due=0 r=1
17:24:28  [DROP-OVF] 줄이 96바이트를 넘어 버렸다
17:24:28  [AT] "SEND OK" (7)
17:24:28  [AT] "+IPD,68:T,3326,S,B3,1,6F" (24)
17:24:28  [SLOT-OOW] +308ms
17:24:28  [AT] "T,3327,S,A1,1,6F" (16)
17:24:28  [AT] "T,3328,S,A4,1,65" (16)
17:24:28  [AT] "T,3329,S,B1,1,62" (16)
17:24:28  [AT] "OK" (2)
17:24:28  [AT] "AT+CIPSEND=100" (14)
17:24:29  [TX] S,1131,0110000010,0000000000,1383,P1,38
17:24:29  A,3326,B3,4,00
17:24:29  A,3327,A1,4,00
17:24:29  A,3328,A4,4,0A
17:24:29  A,3329,B1,4,0D
17:24:29  A,3190,A1,4,0E
17:24:29  A,3191,B2,4,0F
17:24:29  A,3192,A5,4,08
17:24:29  A,3193,A3,4,0F A,3329,B1,4,0D
17:24:29  [SLOT] n=1153 tx=99 ack=4 due=0 r=1
17:24:29  [AT] "AT+CIPSEND=100" (14)
17:24:29  [DROP-OVF] 줄이 96바이트를 넘어 버렸다
17:24:29  [AT] "SEND OK" (7)
17:24:29  [AT] "+IPD,68:T,3330,S,A5,1,6D" (24)
17:24:29  [SLOT-OOW] +448ms
17:24:29  [AT] "T,3331,S,A2,1,6B" (16)
17:24:29  [AT] "T,3332,S,B2,1,6B" (16)
17:24:29  [AT] "T,3333,S,A3,1,68" (16)
17:24:29  [AT] "OK" (2)
17:24:30  [TX] S,1132,0110000010,0000000000,1384,P1,3C
17:24:30  A,3330,A5,4,02
17:24:30  A,3331,A2,4,04
17:24:30  A,3332,B2,4,04
17:24:30  A,3333,A3,4,07
17:24:30  A,3190,A1,4,0E
17:24:30  A,3191,B2,4,0F
17:24:30  A,3192,A5,4,08
17:24:30  A,3193,A3,4,0F A,3333,A3,4,07
17:24:30  [SLOT] n=1154 tx=99 ack=4 due=0 r=1
17:24:30  [AT] "AT+CIPSEND=100" (14)
17:24:30  [DROP-OVF] 줄이 96바이트를 넘어 버렸다
17:24:31  [AT] "SEND OK" (7)
17:24:31  [AT] "+IPD,68:T,3334,S,B3,1,6C" (24)
17:24:31  [SLOT-OOW] +323ms
17:24:31  [AT] "T,3335,S,A1,1,6C" (16)
17:24:31  [AT] "T,3336,S,B1,1,6C" (16)
17:24:31  [AT] "T,3337,S,A4,1,6B" (16)
17:24:31  [AT] "OK" (2)
17:24:32  [TX] S,1133,0110000010,0000000000,1386,P1,3F
17:24:32  A,3334,B3,4,03
17:24:32  A,3335,A1,4,03
17:24:32  A,3336,B1,4,03
17:24:32  A,3337,A4,4,04
17:24:32  A,3190,A1,4,0E
17:24:32  A,3191,B2,4,0F
17:24:32  A,3192,A5,4,08
17:24:32  A,3193,A3,4,0F A,3337,A4,4,04
17:24:32  [SLOT] n=1155 tx=99 ack=4 due=0 r=1
17:24:32  [AT] "AT+CIPSEND=100" (14)
17:24:32  [DROP-OVF] 줄이 96바이트를 넘어 버렸다
17:24:32  [AT] "SEND OK" (7)
17:24:32  [AT] "+IPD,68:T,3338,S,A2,1,62" (24)
17:24:32  [SLOT-OOW] +273ms
17:24:32  [AT] "T,3339,S,A3,1,62" (16)
17:24:32  [AT] "T,3340,S,A5,1,6A" (16)
17:24:32  [AT] "T,3341,S,B2,1,6F" (16)
17:24:32  [AT] "OK" (2)
17:24:33  [TX] S,1134,0110000010,0000000000,1387,P1,39
17:24:33  A,3338,A2,4,0D
17:24:33  A,3339,A3,4,0D
17:24:33  A,3340,A5,4,05
17:24:33  A,3341,B2,4,00
17:24:33  A,3190,A1,4,0E
17:24:33  A,3191,B2,4,0F
17:24:33  A,3192,A5,4,08
17:24:33  A,3193,A3,4,0F A,3341,B2,4,00
17:24:33  [SLOT] n=1156 tx=99 ack=4 due=0 r=1
17:24:33  [AT] "AT+CIPSEND=100" (14)
17:24:33  [DROP-OVF] 줄이 96바이트를 넘어 버렸다
17:24:33  [AT] "SEND OK" (7)
17:24:33  [AT] "+IPD,68:T,3342,S,B3,1,6D" (24)
17:24:33  [SLOT-OOW] +272ms
17:24:33  [AT] "T,3343,S,A1,1,6D" (16)
17:24:33  [AT] "T,3344,S,B1,1,69" (16)
17:24:33  [AT] "T,3345,S,A4,1,6E" (16)
17:24:33  [AT] "OK" (2)
17:24:34  [TX] S,1135,0110000010,0000000000,1388,P1,37
17:24:34  A,3342,B3,4,02
17:24:34  A,3343,A1,4,02
17:24:34  A,3344,B1,4,06
17:24:34  A,3345,A4,4,01
17:24:34  A,3190,A1,4,0E
17:24:34  A,3191,B2,4,0F
17:24:34  A,3192,A5,4,08
17:24:34  A,3193,A3,4,0F A,3345,A4,4,01
17:24:34  [SLOT] n=1157 tx=99 ack=4 due=0 r=1
17:24:34  [AT] "AT+CIPSEND=100" (14)
17:24:34  [DROP-OVF] 줄이 96바이트를 넘어 버렸다
17:24:34  [AT] "SEND OK" (7)
17:24:34  [AT] "+IPD,68:T,3346,S,A3,1,6A" (24)
17:24:34  [SLOT-OOW] +339ms
17:24:34  [AT] "T,3347,S,A2,1,6A" (16)
17:24:34  [AT] "T,3348,S,B2,1,66" (16)
17:24:34  [AT] "T,3349,S,A5,1,63" (16)
17:24:34  [AT] "OK" (2)
17:24:35  [TX] S,1136,0110000010,0000000000,1389,P1,35
17:24:35  A,3346,A3,4,05
17:24:35  A,3347,A2,4,05
17:24:35  A,3348,B2,4,09
17:24:35  A,3349,A5,4,0C
17:24:35  A,3190,A1,4,0E
17:24:35  A,3191,B2,4,0F
17:24:35  A,3192,A5,4,08
17:24:35  A,3193,A3,4,0F A,3349,A5,4,0C
17:24:35  [SLOT] n=1158 tx=99 ack=4 due=0 r=1
17:24:35  [AT] "AT+CIPSEND=100" (14)
17:24:35  [DROP-OVF] 줄이 96바이트를 넘어 버렸다
17:24:35  [AT] "SEND OK" (7)
17:24:35  [AT] "+IPD,68:T,3350,S,A1,1,6F" (24)
17:24:35  [SLOT-OOW] +467ms
17:24:35  [AT] "T,3351,S,A4,1,6B" (16)
17:24:36  [AT] "T,3352,S,B3,1,6C" (16)
17:24:36  [AT] "T,3353,S,B1,1,6F" (16)
17:24:36  [AT] "OK" (2)
17:24:36  [TX] S,1137,0110000010,0000000000,1390,P1,3C
17:24:36  A,3350,A1,4,00
17:24:36  A,3351,A4,4,04
17:24:36  A,3352,B3,4,03
17:24:36  A,3353,B1,4,00
17:24:36  A,3190,A1,4,0E
17:24:36  A,3191,B2,4,0F
17:24:36  A,3192,A5,4,08
17:24:36  A,3193,A3,4,0F A,3353,B1,4,00
17:24:36  [SLOT] n=1159 tx=99 ack=4 due=0 r=1
17:24:36  [AT] "AT+CIPSEND=100" (14)
17:24:36  [DROP-OVF] 줄이 96바이트를 넘어 버렸다
17:24:36  [AT] "SEND OK" (7)
17:24:36  [AT] "+IPD,68:T,3354,S,A2,1,68" (24)
17:24:36  [SLOT-OOW] +283ms
17:24:37  [AT] "T,3355,S,B2,1,6A" (16)
17:24:37  [AT] "T,3356,S,A3,1,6B" (16)
17:24:37  [AT] "T,3357,S,A5,1,6C" (16)
17:24:37  [AT] "OK" (2)
17:24:38  [TX] S,1138,0110000010,0000000000,1392,P1,31
17:24:38  A,3354,A2,4,07
17:24:38  A,3355,B2,4,05
17:24:38  A,3356,A3,4,04
17:24:38  A,3357,A5,4,03
17:24:38  A,3190,A1,4,0E
17:24:38  A,3191,B2,4,0F
17:24:38  A,3192,A5,4,08
17:24:38  A,3193,A3,4,0F A,3357,A5,4,03
17:24:38  [SLOT] n=1160 tx=99 ack=4 due=0 r=1
17:24:38  [AT] "AT+CIPSEND=100" (14)
17:24:38  [DROP-OVF] 줄이 96바이트를 넘어 버렸다
17:24:38  [AT] "SEND OK" (7)
17:24:38  [AT] "+IPD,68:T,3358,S,B3,1,66" (24)
17:24:38  [SLOT-OOW] +295ms
17:24:38  [AT] "T,3359,S,B1,1,65" (16)
17:24:38  [AT] "T,3360,S,A1,1,6C" (16)
17:24:38  [AT] "T,3361,S,A4,1,68" (16)
17:24:38  [AT] "OK" (2)
17:24:39  [TX] S,1139,0110000010,0000000000,1393,P1,31
17:24:39  A,3358,B3,4,09
17:24:39  A,3359,B1,4,0A
17:24:39  A,3360,A1,4,03
17:24:39  A,3361,A4,4,07
17:24:39  A,3190,A1,4,0E
17:24:39  A,3191,B2,4,0F
17:24:39  A,3192,A5,4,08
17:24:39  A,3193,A3,4,0F A,3361,A4,4,07
17:24:39  [SLOT] n=1161 tx=99 ack=4 due=0 r=1
17:24:39  [AT] "AT+CIPSEND=100" (14)
17:24:39  [DROP-OVF] 줄이 96바이트를 넘어 버렸다
17:24:39  [AT] "SEND OK" (7)
17:24:39  [AT] "+IPD,68:T,3362,S,B2,1,6E" (24)
17:24:39  [SLOT-OOW] +441ms
17:24:39  [AT] "T,3363,S,A2,1,6C" (16)
17:24:39  [AT] "T,3364,S,A3,1,6A" (16)
17:24:39  [AT] "T,3365,S,A5,1,6D" (16)
17:24:39  [AT] "OK" (2)
17:24:40  [TX] S,1140,0110000010,0000000000,1394,P1,38
17:24:40  A,3362,B2,4,01
17:24:40  A,3363,A2,4,03
17:24:40  A,3364,A3,4,05
17:24:40  A,3365,A5,4,02
17:24:40  A,3190,A1,4,0E
17:24:40  A,3191,B2,4,0F
17:24:40  A,3192,A5,4,08
17:24:40  A,3193,A3,4,0F A,3365,A5,4,02
17:24:40  [SLOT] n=1162 tx=99 ack=4 due=0 r=1
17:24:40  [AT] "AT+CIPSEND=100" (14)
17:24:40  [DROP-OVF] 줄이 96바이트를 넘어 버렸다
17:24:40  [AT] "SEND OK" (7)
17:24:40  [AT] "+IPD,68:T,3366,S,A1,1,6A" (24)
17:24:40  [SLOT-OOW] +480ms
17:24:40  [AT] "T,3367,S,B1,1,68" (16)
17:24:40  [AT] "T,3368,S,B3,1,65" (16)
17:24:40  [AT] "T,3369,S,A4,1,60" (16)
17:24:40  [AT] "OK" (2)
17:24:41  [TX] S,1141,0110000010,0000000000,1395,P1,38
17:24:41  A,3366,A1,4,05
17:24:41  A,3367,B1,4,07
17:24:41  A,3368,B3,4,0A
17:24:41  A,3369,A4,4,0F
17:24:41  A,3190,A1,4,0E
17:24:41  A,3191,B2,4,0F
17:24:41  A,3192,A5,4,08
17:24:41  A,3193,A3,4,0F A,3369,A4,4,0F
17:24:41  [SLOT] n=1163 tx=99 ack=4 due=0 r=1
17:24:41  [AT] "AT+CIPSEND=100" (14)
17:24:41  [DROP-OVF] 줄이 96바이트를 넘어 버렸다
17:24:41  [AT] "SEND OK" (7)
17:24:41  [AT] "+IPD,68:T,3370,S,B2,1,6D" (24)
17:24:41  [SLOT-OOW] +294ms
17:24:41  [AT] "T,3371,S,A3,1,6E" (16)
17:24:41  [AT] "T,3372,S,A2,1,6C" (16)
17:24:41  [AT] "T,3373,S,A5,1,6A" (16)
17:24:41  [AT] "OK" (2)
17:24:42  [TX] S,1142,0110000010,0000000000,1396,P1,38
17:24:42  A,3370,B2,4,02
17:24:42  A,3371,A3,4,01
17:24:42  A,3372,A2,4,03
17:24:42  A,3373,A5,4,05
17:24:42  A,3190,A1,4,0E
17:24:42  A,3191,B2,4,0F
17:24:42  A,3192,A5,4,08
17:24:42  A,3193,A3,4,0F A,3373,A5,4,05
17:24:42  [SLOT] n=1164 tx=99 ack=4 due=0 r=1
17:24:42  [AT] "AT+CIPSEND=100" (14)
17:24:42  [DROP-OVF] 줄이 96바이트를 넘어 버렸다
17:24:42  [AT] "SEND OK" (7)
17:24:42  [AT] "+IPD,68:T,3374,S,A1,1,69" (24)
17:24:42  [SLOT-OOW] +285ms
17:24:42  [AT] "T,3375,S,B3,1,69" (16)
17:24:42  [AT] "T,3376,S,B1,1,68" (16)
17:24:42  [AT] "T,3377,S,A4,1,6F" (16)
17:24:42  [AT] "OK" (2)
17:24:44  [TX] S,1143,0110000010,0000000000,1398,P1,37
17:24:44  A,3374,A1,4,06
17:24:44  A,3375,B3,4,06
17:24:44  A,3376,B1,4,07
17:24:44  A,3377,A4,4,00
17:24:44  A,3190,A1,4,0E
17:24:44  A,3191,B2,4,0F
17:24:44  A,3192,A5,4,08
17:24:44  A,3193,A3,4,0F A,3377,A4,4,00
17:24:44  [SLOT] n=1165 tx=99 ack=4 due=0 r=1
17:24:44  [AT] "AT+CIPSEND=100" (14)
17:24:44  [DROP-OVF] 줄이 96바이트를 넘어 버렸다
17:24:44  [AT] "SEND OK" (7)
17:24:44  [AT] "+IPD,68:T,3378,S,B2,1,65" (24)
17:24:44  [SLOT-OOW] +274ms
17:24:44  [AT] "T,3379,S,A2,1,67" (16)
17:24:44  [AT] "T,3380,S,A5,1,66" (16)
17:24:44  [AT] "T,3381,S,A3,1,61" (16)
17:24:44  [AT] "OK" (2)
17:24:45  [TX] S,1144,0110000010,0000000000,1399,P1,31
17:24:45  A,3378,B2,4,0A
17:24:45  A,3379,A2,4,08
17:24:45  A,3380,A5,4,09
17:24:45  A,3381,A3,4,0E
17:24:45  A,3190,A1,4,0E
17:24:45  A,3191,B2,4,0F
17:24:45  A,3192,A5,4,08
17:24:45  A,3193,A3,4,0F A,3381,A3,4,0E
17:24:45  [SLOT] n=1166 tx=99 ack=4 due=0 r=1
17:24:45  [AT] "AT+CIPSEND=100" (14)
17:24:45  [DROP-OVF] 줄이 96바이트를 넘어 버렸다
17:24:45  [AT] "SEND OK" (7)
17:24:45  [AT] "+IPD,68:T,3382,S,A1,1,60" (24)
17:24:45  [SLOT-OOW] +463ms
17:24:45  [AT] "T,3383,S,B1,1,62" (16)
17:24:45  [AT] "T,3384,S,B3,1,67" (16)
17:24:45  [AT] "T,3385,S,A4,1,62" (16)
17:24:45  [AT] "OK" (2)
17:24:46  [TX] S,1145,0110000010,0000000000,1400,P1,37
17:24:46  A,3382,A1,4,0F
17:24:46  A,3383,B1,4,0D
17:24:46  A,3384,B3,4,08
17:24:46  A,3385,A4,4,0D
17:24:46  A,3190,A1,4,0E
17:24:46  A,3191,B2,4,0F
17:24:46  A,3192,A5,4,08
17:24:46  A,3193,A3,4,0F A,3385,A4,4,0D
17:24:46  [SLOT] n=1167 tx=99 ack=4 due=0 r=1
17:24:46  [AT] "AT+CIPSEND=100" (14)
17:24:46  [DROP-OVF] 줄이 96바이트를 넘어 버렸다
17:24:46  [AT] "SEND OK" (7)
17:24:46  [AT] "+IPD,68:T,3386,S,A3,1,66" (24)
17:24:46  [SLOT-OOW] +289ms
17:24:46  [AT] "T,3387,S,B2,1,65" (16)
17:24:46  [AT] "T,3388,S,A5,1,6E" (16)
17:24:46  [AT] "T,3389,S,A2,1,68" (16)
17:24:46  [AT] "OK" (2)
17:24:47  [TX] S,1146,0110000010,0000000000,1401,P1,35
17:24:47  A,3386,A3,4,09
17:24:47  A,3387,B2,4,0A
17:24:47  A,3388,A5,4,01
17:24:47  A,3389,A2,4,07
17:24:47  A,3190,A1,4,0E
17:24:47  A,3191,B2,4,0F
17:24:47  A,3192,A5,4,08
17:24:47  A,3193,A3,4,0F A,3389,A2,4,07
17:24:47  [SLOT] n=1168 tx=99 ack=4 due=0 r=1
17:24:47  [DROP-OVF] 줄이 96바이트를 넘어 버렸다
17:24:47  [AT] "SEND OK" (7)
17:24:47  [AT] "+IPD,68:T,3390,S,B1,1,60" (24)
17:24:47  [SLOT-OOW] +314ms
17:24:47  [AT] "T,3391,S,A1,1,62" (16)
17:24:47  [AT] "T,3392,S,B3,1,60" (16)
17:24:47  [AT] "T,3393,S,A4,1,65" (16)
17:24:47  [AT] "OK" (2)
17:24:47  [AT] "AT+CIPSEND=100" (14)
17:24:48  [TX] S,1147,0110000010,0000000000,1402,P1,37
17:24:48  A,3390,B1,4,0F
17:24:48  A,3391,A1,4,0D
17:24:48  A,3392,B3,4,0F
17:24:48  A,3393,A4,4,0A
17:24:48  A,3190,A1,4,0E
17:24:48  A,3191,B2,4,0F
17:24:48  A,3192,A5,4,08
17:24:48  A,3193,A3,4,0F A,3393,A4,4,0A
17:24:48  [SLOT] n=1169 tx=99 ack=4 due=0 r=1
17:24:48  [AT] "AT+CIPSEND=100" (14)
17:24:48  [DROP-OVF] 줄이 96바이트를 넘어 버렸다
17:24:48  [AT] "SEND OK" (7)
17:24:49  [AT] "+IPD,68:T,3394,S,B2,1,67" (24)
17:24:49  [SLOT-OOW] +333ms
17:24:49  [AT] "T,3395,S,A3,1,64" (16)
17:24:49  [AT] "T,3396,S,A5,1,61" (16)
17:24:49  [AT] "T,3397,S,A2,1,67" (16)
17:24:49  [AT] "OK" (2)
17:24:50  [TX] S,1148,0110000010,0000000000,1404,P1,3E
17:24:50  A,3394,B2,4,08
17:24:50  A,3395,A3,4,0B
17:24:50  A,3396,A5,4,0E
17:24:50  A,3397,A2,4,08
17:24:50  A,3190,A1,4,0E
17:24:50  A,3191,B2,4,0F
17:24:50  A,3192,A5,4,08
17:24:50  A,3193,A3,4,0F A,3397,A2,4,08
17:24:50  [SLOT] n=1170 tx=99 ack=4 due=0 r=1
17:24:50  [AT] "AT+CIPSEND=100" (14)
17:24:50  [DROP-OVF] 줄이 96바이트를 넘어 버렸다
17:24:50  [AT] "SEND OK" (7)
17:24:50  [AT] "+IPD,68:T,3398,S,B1,1,68" (24)
17:24:50  [SLOT-OOW] +291ms
17:24:50  [AT] "T,3399,S,A1,1,6A" (16)
17:24:50  [AT] "T,3400,S,A4,1,68" (16)
17:24:50  [AT] "T,3401,S,B3,1,6D" (16)
17:24:50  [AT] "OK" (2)
17:24:51  [TX] S,1149,0110000010,0000000000,1405,P1,3E
17:24:51  A,3398,B1,4,07
17:24:51  A,3399,A1,4,05
17:24:51  A,3400,A4,4,07
17:24:51  A,3401,B3,4,02
17:24:51  A,3190,A1,4,0E
17:24:51  A,3191,B2,4,0F
17:24:51  A,3192,A5,4,08
17:24:51  A,3193,A3,4,0F A,3401,B3,4,02
17:24:51  [SLOT] n=1171 tx=99 ack=4 due=0 r=1
17:24:51  [AT] "AT+CIPSEND=100" (14)
17:24:51  [DROP-OVF] 줄이 96바이트를 넘어 버렸다
17:24:51  [AT] "SEND OK" (7)
17:24:51  [AT] "+IPD,68:T,3402,S,B2,1,6F" (24)
17:24:51  [SLOT-OOW] +291ms
17:24:51  [AT] "T,3403,S,A5,1,6A" (16)
17:24:51  [AT] "T,3404,S,A3,1,6B" (16)
17:24:51  [AT] "T,3405,S,A2,1,6B" (16)
17:24:51  [AT] "OK" (2)
17:24:52  [TX] S,1150,0110000010,0000000000,1406,P1,35
17:24:52  A,3402,B2,4,00
17:24:52  A,3403,A5,4,05
17:24:52  A,3404,A3,4,04
17:24:52  A,3405,A2,4,04
17:24:52  A,3190,A1,4,0E
17:24:52  A,3191,B2,4,0F
17:24:52  A,3192,A5,4,08
17:24:52  A,3193,A3,4,0F A,3405,A2,4,04
17:24:52  [SLOT] n=1172 tx=99 ack=4 due=0 r=1
17:24:52  [AT] "AT+CIPSEND=100" (14)
17:24:52  [DROP-OVF] 줄이 96바이트를 넘어 버렸다
17:24:52  [AT] "SEND OK" (7)
17:24:52  [AT] "+IPD,68:T,3406,S,B1,1,68" (24)
17:24:52  [SLOT-OOW] +315ms
17:24:52  [AT] "T,3407,S,A1,1,6A" (16)
17:24:52  [AT] "T,3408,S,A4,1,60" (16)
17:24:52  [AT] "T,3409,S,B3,1,65" (16)
17:24:52  [AT] "OK" (2)
17:24:53  [TX] S,1151,0110000010,0000000000,1407,P1,35
17:24:53  A,3406,B1,4,07
17:24:53  A,3407,A1,4,05
17:24:53  A,3408,A4,4,0F
17:24:53  A,3409,B3,4,0A
17:24:53  A,3190,A1,4,0E
17:24:53  A,3191,B2,4,0F
17:24:53  A,3192,A5,4,08
17:24:53  A,3193,A3,4,0F A,3409,B3,4,0A
17:24:53  [SLOT] n=1173 tx=99 ack=4 due=0 r=1
17:24:53  [AT] "AT+CIPSEND=100" (14)
17:24:53  [DROP-OVF] 줄이 96바이트를 넘어 버렸다
17:24:53  [AT] "SEND OK" (7)
17:24:53  [AT] "+IPD,68:T,3410,S,B2,1,6C" (24)
17:24:53  [SLOT-OOW] +340ms
17:24:53  [AT] "T,3411,S,A3,1,6F" (16)
17:24:53  [AT] "T,3412,S,A5,1,6A" (16)
17:24:53  [AT] "T,3413,S,A2,1,6C" (16)
17:24:53  [AT] "OK" (2)
17:24:54  [TX] S,1152,0110000010,0000000000,1408,P1,39
17:24:54  A,3410,B2,4,03
17:24:54  A,3411,A3,4,00
17:24:54  A,3412,A5,4,05
17:24:54  A,3413,A2,4,03
17:24:54  A,3190,A1,4,0E
17:24:54  A,3191,B2,4,0F
17:24:54  A,3192,A5,4,08
17:24:54  A,3193,A3,4,0F A,3413,A2,4,03
17:24:54  [SLOT] n=1174 tx=99 ack=4 due=0 r=1
17:24:54  [AT] "AT+CIPSEND=100" (14)
17:24:55  [DROP-OVF] 줄이 96바이트를 넘어 버렸다
17:24:55  [AT] "SEND OK" (7)
17:24:55  [AT] "+IPD,68:T,3414,S,A1,1,68" (24)
17:24:55  [SLOT-OOW] +478ms
17:24:55  [AT] "T,3415,S,B1,1,6A" (16)
17:24:55  [AT] "T,3416,S,B3,1,6B" (16)
17:24:55  [AT] "T,3417,S,A4,1,6E" (16)
17:24:55  [AT] "OK" (2)
17:24:56  [TX] S,1153,0110000010,0000000000,1410,P1,31
17:24:56  A,3414,A1,4,07
17:24:56  A,3415,B1,4,05
17:24:56  A,3416,B3,4,04
17:24:56  A,3417,A4,4,01
17:24:56  A,3190,A1,4,0E
17:24:56  A,3191,B2,4,0F
17:24:56  A,3192,A5,4,08
17:24:56  A,3193,A3,4,0F A,3417,A4,4,01
17:24:56  [SLOT] n=1175 tx=99 ack=4 due=0 r=1
17:24:56  [DROP-OVF] 줄이 96바이트를 넘어 버렸다
17:24:56  [AT] "SEND OK" (7)
17:24:56  [AT] "+IPD,68:T,3418,S,B2,1,64" (24)
17:24:56  [SLOT-OOW] +310ms
17:24:56  [AT] "T,3419,S,A3,1,67" (16)
17:24:56  [AT] "T,3420,S,A5,1,6B" (16)
17:24:56  [AT] "T,3421,S,A2,1,6D" (16)
17:24:56  [AT] "OK" (2)
17:24:56  [AT] "AT+CIPSEND=100" (14)
17:24:57  [TX] S,1154,0110000010,0000000000,1411,P1,37
17:24:57  A,3418,B2,4,0B
17:24:57  A,3419,A3,4,08
17:24:57  A,3420,A5,4,04
17:24:57  A,3421,A2,4,02
17:24:57  A,3190,A1,4,0E
17:24:57  A,3191,B2,4,0F
17:24:57  A,3192,A5,4,08
17:24:57  A,3193,A3,4,0F A,3421,A2,4,02
17:24:57  [SLOT] n=1176 tx=99 ack=4 due=0 r=1
17:24:57  [AT] "AT+CIPSEND=100" (14)
17:24:57  [DROP-OVF] 줄이 96바이트를 넘어 버렸다
17:24:57  [AT] "SEND OK" (7)
17:24:57  [AT] "+IPD,68:T,3422,S,A1,1,6D" (24)
17:24:57  [SLOT-OOW] +297ms
17:24:57  [AT] "T,3423,S,B3,1,6D" (16)
17:24:57  [AT] "T,3424,S,B1,1,68" (16)
17:24:57  [AT] "T,3425,S,A4,1,6F" (16)
17:24:57  [AT] "OK" (2)
17:24:58  [TX] S,1155,0110000010,0000000000,1412,P1,35
17:24:58  A,3422,A1,4,02
17:24:58  A,3423,B3,4,02
17:24:58  A,3424,B1,4,07
17:24:58  A,3425,A4,4,00
17:24:58  A,3190,A1,4,0E
17:24:58  A,3191,B2,4,0F
17:24:58  A,3192,A5,4,08
17:24:58  A,3193,A3,4,0F A,3425,A4,4,00
17:24:58  [SLOT] n=1177 tx=99 ack=4 due=0 r=1
17:24:58  [AT] "AT+CIPSEND=100" (14)
17:24:58  [DROP-OVF] 줄이 96바이트를 넘어 버렸다
17:24:58  [AT] "SEND OK" (7)
17:24:58  [AT] "+IPD,68:T,3426,S,A3,1,6B" (24)
17:24:58  [SLOT-OOW] +437ms
17:24:58  [AT] "T,3427,S,B2,1,68" (16)
17:24:58  [AT] "T,3428,S,A2,1,64" (16)
17:24:58  [AT] "T,3429,S,A5,1,62" (16)
17:24:58  [AT] "OK" (2)
17:24:59  [TX] S,1156,0110000010,0000000000,1413,P1,37
17:24:59  A,3426,A3,4,04
17:24:59  A,3427,B2,4,07
17:24:59  A,3428,A2,4,0B
17:24:59  A,3429,A5,4,0D
17:24:59  A,3190,A1,4,0E
17:24:59  A,3191,B2,4,0F
17:24:59  A,3192,A5,4,08
17:24:59  A,3193,A3,4,0F A,3429,A5,4,0D
17:24:59  [SLOT] n=1178 tx=99 ack=4 due=0 r=1
17:24:59  [AT] "AT+CIPSEND=100" (14)
17:24:59  [DROP-OVF] 줄이 96바이트를 넘어 버렸다
17:24:59  [AT] "SEND OK" (7)
17:24:59  [AT] "+IPD,68:T,3430,S,B3,1,6F" (24)
17:24:59  [SLOT-OOW] +466ms
17:24:59  [AT] "T,3431,S,A1,1,6F" (16)
17:24:59  [AT] "T,3432,S,B1,1,6F" (16)
17:24:59  [AT] "T,3433,S,A4,1,68" (16)
17:24:59  [AT] "OK" (2)
17:25:00  [TX] S,1157,0110000010,0000000000,1414,P1,31
17:25:00  A,3430,B3,4,00
17:25:00  A,3431,A1,4,00
17:25:00  A,3432,B1,4,00
17:25:00  A,3433,A4,4,07
17:25:00  A,3190,A1,4,0E
17:25:00  A,3191,B2,4,0F
17:25:00  A,3192,A5,4,08
17:25:00  A,3193,A3,4,0F A,3433,A4,4,07
17:25:00  [SLOT] n=1179 tx=99 ack=4 due=0 r=1
17:25:00  [AT] "AT+CIPSEND=100" (14)
17:25:00  [DROP-OVF] 줄이 96바이트를 넘어 버렸다
17:25:00  [AT] "SEND OK" (7)
17:25:00  [AT] "+IPD,68:T,3434,S,A3,1,68" (24)
17:25:00  [SLOT-OOW] +286ms
17:25:00  [AT] "T,3435,S,B2,1,6B" (16)
17:25:00  [AT] "T,3436,S,A2,1,6B" (16)
17:25:00  [AT] "T,3437,S,A5,1,6D" (16)
17:25:00  [AT] "OK" (2)
17:25:02  [TX] S,1158,0110000010,0000000000,1416,P1,3C
17:25:02  A,3434,A3,4,07
17:25:02  A,3435,B2,4,04
17:25:02  A,3436,A2,4,04
17:25:02  A,3437,A5,4,02
17:25:02  A,3190,A1,4,0E
17:25:02  A,3191,B2,4,0F
17:25:02  A,3192,A5,4,08
17:25:02  A,3193,A3,4,0F A,3437,A5,4,02
17:25:02  [SLOT] n=1180 tx=99 ack=4 due=0 r=1
17:25:02  [AT] "AT+CIPSEND=100" (14)
17:25:02  [DROP-OVF] 줄이 96바이트를 넘어 버렸다
17:25:02  [AT] "SEND OK" (7)
17:25:02  [AT] "+IPD,68:T,3438,S,B1,1,65" (24)
17:25:02  [SLOT-OOW] +279ms
17:25:02  [AT] "T,3439,S,B3,1,66" (16)
17:25:02  [AT] "T,3440,S,A1,1,69" (16)
17:25:02  [AT] "T,3441,S,A4,1,6D" (16)
17:25:02  [AT] "OK" (2)
17:25:03  [TX] S,1159,0110000010,0000000000,1417,P1,3C
17:25:03  A,3438,B1,4,0A
17:25:03  A,3439,B3,4,09
17:25:03  A,3440,A1,4,06
17:25:03  A,3441,A4,4,02
17:25:03  A,3190,A1,4,0E
17:25:03  A,3191,B2,4,0F
17:25:03  A,3192,A5,4,08
17:25:03  A,3193,A3,4,0F A,3441,A4,4,02
17:25:03  [SLOT] n=1181 tx=99 ack=4 due=0 r=1
17:25:03  [AT] "AT+CIPSEND=100" (14)
17:25:03  [DROP-OVF] 줄이 96바이트를 넘어 버렸다
17:25:03  [AT] "SEND OK" (7)
17:25:03  [AT] "+IPD,68:T,3442,S,A2,1,68" (24)
17:25:03  [SLOT-OOW] +282ms
17:25:03  [AT] "T,3443,S,B2,1,6A" (16)
17:25:03  [AT] "T,3444,S,A3,1,6F" (16)
17:25:03  [AT] "T,3445,S,A5,1,68" (16)
17:25:03  [AT] "OK" (2)
17:25:04  [TX] S,1160,0110000010,0000000000,1418,P1,39
17:25:04  A,3442,A2,4,07
17:25:04  A,3443,B2,4,05
17:25:04  A,3444,A3,4,00
17:25:04  A,3445,A5,4,07
17:25:04  A,3190,A1,4,0E
17:25:04  A,3191,B2,4,0F
17:25:04  A,3192,A5,4,08
17:25:04  A,3193,A3,4,0F A,3445,A5,4,07
17:25:04  [SLOT] n=1182 tx=99 ack=4 due=0 r=1
17:25:04  [AT] "AT+CIPSEND=100" (14)
17:25:04  [DROP-OVF] 줄이 96바이트를 넘어 버렸다
17:25:04  [AT] "SEND OK" (7)
17:25:04  [AT] "+IPD,68:T,3446,S,B3,1,6E" (24)
17:25:04  [SLOT-OOW] +378ms
17:25:04  [AT] "T,3447,S,A1,1,6E" (16)
17:25:04  [AT] "T,3448,S,B1,1,62" (16)
17:25:04  [AT] "T,3449,S,A4,1,65" (16)
17:25:04  [AT] "OK" (2)
17:25:05  [TX] S,1161,0110000010,0000000000,1419,P1,39
17:25:05  A,3446,B3,4,01
17:25:05  A,3447,A1,4,01
17:25:05  A,3448,B1,4,0D
17:25:05  A,3449,A4,4,0A
17:25:05  A,3190,A1,4,0E
17:25:05  A,3191,B2,4,0F
17:25:05  A,3192,A5,4,08
17:25:05  A,3193,A3,4,0F A,3449,A4,4,0A
17:25:05  [SLOT] n=1183 tx=99 ack=4 due=0 r=1
17:25:05  [AT] "AT+CIPSEND=100" (14)
17:25:05  [DROP-OVF] 줄이 96바이트를 넘어 버렸다
17:25:05  [AT] "SEND OK" (7)
17:25:05  [AT] "+IPD,68:T,3450,S,A2,1,6B" (24)
17:25:05  [SLOT-OOW] +286ms
17:25:05  [AT] "T,3451,S,B2,1,69" (16)
17:25:05  [AT] "T,3452,S,A5,1,6E" (16)
17:25:05  [AT] "T,3453,S,A3,1,69" (16)
17:25:05  [AT] "OK" (2)
17:25:06  [TX] S,1162,0110000010,0000000000,1420,P1,30
17:25:06  A,3450,A2,4,04
17:25:06  A,3451,B2,4,06
17:25:06  A,3452,A5,4,01
17:25:06  A,3453,A3,4,06
17:25:06  A,3190,A1,4,0E
17:25:06  A,3191,B2,4,0F
17:25:06  A,3192,A5,4,08
17:25:06  A,3193,A3,4,0F A,3453,A3,4,06
17:25:06  [SLOT] n=1184 tx=99 ack=4 due=0 r=1
17:25:06  [AT] "AT+CIPSEND=100" (14)
17:25:06  [DROP-OVF] 줄이 96바이트를 넘어 버렸다
17:25:06  [AT] "SEND OK" (7)
17:25:06  [AT] "+IPD,68:T,3454,S,A1,1,6C" (24)
17:25:06  [SLOT-OOW] +308ms
17:25:06  [AT] "T,3455,S,B1,1,6E" (16)
17:25:06  [AT] "T,3456,S,B3,1,6F" (16)
17:25:06  [AT] "T,3457,S,A4,1,6A" (16)
17:25:06  [AT] "OK" (2)
17:25:08  [TX] S,1163,0110000010,0000000000,1422,P1,33
17:25:08  A,3454,A1,4,03
17:25:08  A,3455,B1,4,01
17:25:08  A,3456,B3,4,00
17:25:08  A,3457,A4,4,05
17:25:08  A,3190,A1,4,0E
17:25:08  A,3191,B2,4,0F
17:25:08  A,3192,A5,4,08
17:25:08  A,3193,A3,4,0F A,3457,A4,4,05
17:25:08  [SLOT] n=1185 tx=99 ack=4 due=0 r=1
17:25:08  [AT] "AT+CIPSEND=100" (14)
17:25:08  [DROP-OVF] 줄이 96바이트를 넘어 버렸다
17:25:08  [AT] "SEND OK" (7)
17:25:08  [AT] "+IPD,68:T,3458,S,A2,1,63" (24)
17:25:08  [SLOT-OOW] +278ms
17:25:08  [AT] "T,3459,S,A3,1,63" (16)
17:25:08  [AT] "T,3460,S,A5,1,6F" (16)
17:25:08  [AT] "T,3461,S,B2,1,6A" (16)
17:25:08  [AT] "OK" (2)
17:25:09  [TX] S,1164,0110000010,0000000000,1423,P1,35
17:25:09  A,3458,A2,4,0C
17:25:09  A,3459,A3,4,0C
17:25:09  A,3460,A5,4,00
17:25:09  A,3461,B2,4,05
17:25:09  A,3190,A1,4,0E
17:25:09  A,3191,B2,4,0F
17:25:09  A,3192,A5,4,08
17:25:09  A,3193,A3,4,0F A,3461,B2,4,05
17:25:09  [SLOT] n=1186 tx=99 ack=4 due=0 r=1
17:25:09  [DROP-OVF] 줄이 96바이트를 넘어 버렸다
17:25:09  [AT] "SEND OK" (7)
17:25:09  [AT] "+IPD,68:T,3462,S,A1,1,69" (24)
17:25:09  [SLOT-OOW] +304ms
17:25:09  [AT] "T,3463,S,B1,1,6B" (16)
17:25:09  [AT] "T,3464,S,B3,1,6E" (16)
17:25:09  [AT] "T,3465,S,A4,1,6B" (16)
17:25:09  [AT] "OK" (2)
17:25:09  [AT] "AT+CIPSEND=100" (14)
17:25:10  [TX] S,1165,0110000010,0000000000,1424,P1,33
17:25:10  A,3462,A1,4,06
17:25:10  A,3463,B1,4,04
17:25:10  A,3464,B3,4,01
17:25:10  A,3465,A4,4,04
17:25:10  A,3190,A1,4,0E
17:25:10  A,3191,B2,4,0F
17:25:10  A,3192,A5,4,08
17:25:10  A,3193,A3,4,0F A,3465,A4,4,04
17:25:10  [SLOT] n=1187 tx=99 ack=4 due=0 r=1
17:25:10  [AT] "AT+CIPSEND=100" (14)
17:25:10  [DROP-OVF] 줄이 96바이트를 넘어 버렸다
17:25:10  [AT] "SEND OK" (7)
17:25:10  [AT] "+IPD,68:T,3466,S,A5,1,69" (24)
17:25:10  [SLOT-OOW] +271ms
17:25:10  [AT] "T,3467,S,A3,1,6E" (16)
17:25:10  [AT] "T,3468,S,A2,1,60" (16)
17:25:10  [AT] "T,3469,S,B2,1,62" (16)
17:25:10  [AT] "OK" (2)
17:25:11  [TX] S,1166,0110000010,0000000000,1425,P1,31
17:25:11  A,3466,A5,4,06
17:25:11  A,3467,A3,4,01
17:25:11  A,3468,A2,4,0F
17:25:11  A,3469,B2,4,0D
17:25:11  A,3190,A1,4,0E
17:25:11  A,3191,B2,4,0F
17:25:11  A,3192,A5,4,08
17:25:11  A,3193,A3,4,0F A,3469,B2,4,0D
17:25:11  [SLOT] n=1188 tx=99 ack=4 due=0 r=1
17:25:11  [AT] "AT+CIPSEND=100" (14)
17:25:11  [DROP-OVF] 줄이 96바이트를 넘어 버렸다
17:25:11  [AT] "SEND OK" (7)
17:25:11  [AT] "+IPD,68:T,3470,S,B1,1,69" (24)
17:25:11  [SLOT-OOW] +425ms
17:25:11  [AT] "T,3471,S,A1,1,6B" (16)
17:25:11  [AT] "T,3472,S,B3,1,69" (16)
17:25:11  [AT] "T,3473,S,A4,1,6C" (16)
17:25:11  [AT] "OK" (2)
17:25:12  [TX] S,1167,0110000010,0000000000,1426,P1,33
17:25:12  A,3470,B1,4,06
17:25:12  A,3471,A1,4,04
17:25:12  A,3472,B3,4,06
17:25:12  A,3473,A4,4,03
17:25:12  A,3190,A1,4,0E
17:25:12  A,3191,B2,4,0F
17:25:12  A,3192,A5,4,08
17:25:12  A,3193,A3,4,0F A,3473,A4,4,03
17:25:12  [SLOT] n=1189 tx=99 ack=4 due=0 r=1
17:25:12  [AT] "AT+CIPSEND=100" (14)
17:25:13  [DROP-OVF] 줄이 96바이트를 넘어 버렸다
17:25:13  [AT] "SEND OK" (7)
17:25:13  [AT] "+IPD,68:T,3474,S,A3,1,6C" (24)
17:25:13  [SLOT-OOW] +435ms
17:25:13  [AT] "T,3475,S,A5,1,6B" (16)
17:25:13  [AT] "T,3476,S,A2,1,6F" (16)
17:25:13  [AT] "T,3477,S,B2,1,6D" (16)
17:25:13  [AT] "OK" (2)
17:25:14  [TX] S,1168,0110000010,0000000000,1428,P1,32
17:25:14  A,3474,A3,4,03
17:25:14  A,3475,A5,4,04
17:25:14  A,3476,A2,4,00
17:25:14  A,3477,B2,4,02
17:25:14  A,3190,A1,4,0E
17:25:14  A,3191,B2,4,0F
17:25:14  A,3192,A5,4,08
17:25:14  A,3193,A3,4,0F A,3477,B2,4,02
17:25:14  [SLOT] n=1190 tx=99 ack=4 due=0 r=1
17:25:14  [AT] "AT+CIPSEND=100" (14)
17:25:14  [DROP-OVF] 줄이 96바이트를 넘어 버렸다
17:25:14  [AT] "SEND OK" (7)
17:25:14  [AT] "+IPD,68:T,3478,S,B1,1,61" (24)
17:25:14  [SLOT-OOW] +326ms
17:25:14  [AT] "T,3479,S,A1,1,63" (16)
17:25:14  [AT] "T,3480,S,B3,1,64" (16)
17:25:14  [AT] "T,3481,S,A4,1,61" (16)
17:25:14  [AT] "OK" (2)
17:25:15  [TX] S,1169,0110000010,0000000000,1429,P1,32
17:25:15  A,3478,B1,4,0E
17:25:15  A,3479,A1,4,0C
17:25:15  A,3480,B3,4,0B
17:25:15  A,3481,A4,4,0E
17:25:15  A,3190,A1,4,0E
17:25:15  A,3191,B2,4,0F
17:25:15  A,3192,A5,4,08
17:25:15  A,3193,A3,4,0F A,3481,A4,4,0E
17:25:15  [SLOT] n=1191 tx=99 ack=4 due=0 r=1
17:25:15  [AT] "AT+CIPSEND=100" (14)
17:25:15  [DROP-OVF] 줄이 96바이트를 넘어 버렸다
17:25:15  [AT] "SEND OK" (7)
17:25:15  [AT] "+IPD,68:T,3482,S,A2,1,64" (24)
17:25:15  [SLOT-OOW] +271ms
17:25:15  [AT] "T,3483,S,B2,1,66" (16)
17:25:15  [AT] "T,3484,S,A5,1,65" (16)
17:25:15  [AT] "T,3485,S,A3,1,62" (16)
17:25:15  [AT] "OK" (2)
17:25:16  [TX] S,1170,0110000010,0000000000,1430,P1,32
17:25:16  A,3482,A2,4,0B
17:25:16  A,3483,B2,4,09
17:25:16  A,3484,A5,4,0A
17:25:16  A,3485,A3,4,0D
17:25:16  A,3190,A1,4,0E
17:25:16  A,3191,B2,4,0F
17:25:16  A,3192,A5,4,08
17:25:16  A,3193,A3,4,0F A,3485,A3,4,0D
17:25:16  [SLOT] n=1192 tx=99 ack=4 due=0 r=1
17:25:16  [DROP-OVF] 줄이 96바이트를 넘어 버렸다
17:25:16  [AT] "SEND OK" (7)
17:25:16  [AT] "+IPD,68:T,3486,S,B3,1,62" (24)
17:25:16  [SLOT-OOW] +308ms
17:25:16  [AT] "T,3487,S,B1,1,61" (16)
17:25:16  [AT] "T,3488,S,A1,1,6D" (16)
17:25:16  [AT] "T,3489,S,A4,1,69" (16)
17:25:16  [AT] "OK" (2)
17:25:16  [AT] "AT+CIPSEND=100" (14)
17:25:17  [TX] S,1171,0110000010,0000000000,1431,P1,32
17:25:17  A,3486,B3,4,0D
17:25:17  A,3487,B1,4,0E
17:25:17  A,3488,A1,4,02
17:25:17  A,3489,A4,4,06
17:25:17  A,3190,A1,4,0E
17:25:17  A,3191,B2,4,0F
17:25:17  A,3192,A5,4,08
17:25:17  A,3193,A3,4,0F A,3489,A4,4,06
17:25:17  [SLOT] n=1193 tx=99 ack=4 due=0 r=1
17:25:17  [AT] "AT+CIPSEND=100" (14)
17:25:17  [DROP-OVF] 줄이 96바이트를 넘어 버렸다
17:25:17  [AT] "SEND OK" (7)
17:25:17  [AT] "+IPD,68:T,3490,S,A5,1,60" (24)
17:25:17  [SLOT-OOW] +342ms
17:25:17  [AT] "T,3491,S,B2,1,65" (16)
17:25:17  [AT] "T,3492,S,A2,1,65" (16)
17:25:17  [AT] "T,3493,S,A3,1,65" (16)
17:25:17  [AT] "OK" (2)
17:25:18  [TX] S,1172,0110000010,0000000000,1432,P1,32
17:25:18  A,3490,A5,4,0F
17:25:18  A,3491,B2,4,0A
17:25:18  A,3492,A2,4,0A
17:25:18  A,3493,A3,4,0A
17:25:18  A,3190,A1,4,0E
17:25:18  A,3191,B2,4,0F
17:25:18  A,3192,A5,4,08
17:25:18  A,3193,A3,4,0F A,3493,A3,4,0A
17:25:18  [SLOT] n=1194 tx=99 ack=4 due=0 r=1
17:25:18  [AT] "AT+CIPSEND=100" (14)
17:25:18  [DROP-OVF] 줄이 96바이트를 넘어 버렸다
17:25:18  [AT] "SEND OK" (7)
17:25:18  [AT] "+IPD,68:T,3494,S,B1,1,63" (24)
17:25:18  [SLOT-OOW] +292ms
17:25:18  [AT] "T,3495,S,B3,1,60" (16)
17:25:18  [AT] "T,3496,S,A1,1,62" (16)
17:25:18  [AT] "T,3497,S,A4,1,66" (16)
17:25:18  [AT] "OK" (2)
17:25:20  [TX] S,1173,0110000010,0000000000,1434,P1,35
17:25:20  A,3494,B1,4,0C
17:25:20  A,3495,B3,4,0F
17:25:20  A,3496,A1,4,0D
17:25:20  A,3497,A4,4,09
17:25:20  A,3190,A1,4,0E
17:25:20  A,3191,B2,4,0F
17:25:20  A,3192,A5,4,08
17:25:20  A,3193,A3,4,0F A,3497,A4,4,09
17:25:20  [SLOT] n=1195 tx=99 ack=4 due=0 r=1
17:25:20  [AT] "AT+CIPSEND=100" (14)
17:25:20  [DROP-OVF] 줄이 96바이트를 넘어 버렸다
17:25:20  [AT] "SEND OK" (7)
17:25:20  [AT] "+IPD,68:T,3498,S,A2,1,6F" (24)
17:25:20  [SLOT-OOW] +285ms
17:25:20  [AT] "T,3499,S,A3,1,6F" (16)
17:25:20  [AT] "T,3500,S,A5,1,68" (16)
17:25:20  [AT] "T,3501,S,B2,1,6D" (16)
17:25:20  [AT] "OK" (2)
17:25:21  [TX] S,1174,0110000010,0000000000,1435,P1,33
17:25:21  A,3498,A2,4,00
17:25:21  A,3499,A3,4,00
17:25:21  A,3500,A5,4,07
17:25:21  A,3501,B2,4,02
17:25:21  A,3190,A1,4,0E
17:25:21  A,3191,B2,4,0F
17:25:21  A,3192,A5,4,08
17:25:21  A,3193,A3,4,0F A,3501,B2,4,02
17:25:21  [SLOT] n=1196 tx=99 ack=4 due=0 r=1
17:25:21  [AT] "AT+CIPSEND=100" (14)
17:25:21  [DROP-OVF] 줄이 96바이트를 넘어 버렸다
17:25:21  [AT] "SEND OK" (7)
17:25:21  [AT] "+IPD,68:T,3502,S,B1,1,6D" (24)
17:25:21  [SLOT-OOW] +271ms
17:25:21  [AT] "T,3503,S,B3,1,6E" (16)
17:25:21  [AT] "T,3504,S,A1,1,68" (16)
17:25:21  [AT] "T,3505,S,A4,1,6C" (16)
17:25:21  [AT] "OK" (2)
17:25:22  [TX] S,1175,0110000010,0000000000,1436,P1,31
17:25:22  A,3502,B1,4,02
17:25:22  A,3503,B3,4,01
17:25:22  A,3504,A1,4,07
17:25:22  A,3505,A4,4,03
17:25:22  A,3190,A1,4,0E
17:25:22  A,3191,B2,4,0F
17:25:22  A,3192,A5,4,08
17:25:22  A,3193,A3,4,0F A,3505,A4,4,03
17:25:22  [SLOT] n=1197 tx=99 ack=4 due=0 r=1
17:25:22  [AT] "AT+CIPSEND=100" (14)
17:25:22  [DROP-OVF] 줄이 96바이트를 넘어 버렸다
17:25:22  [AT] "SEND OK" (7)
17:25:22  [AT] "+IPD,68:T,3506,S,A3,1,68" (24)
17:25:22  [SLOT-OOW] +273ms
17:25:22  [AT] "T,3507,S,A2,1,68" (16)
17:25:22  [AT] "T,3508,S,A5,1,60" (16)
17:25:22  [AT] "T,3509,S,B2,1,65" (16)
17:25:22  [AT] "OK" (2)
17:25:23  [TX] S,1176,0110000010,0000000000,1437,P1,33
17:25:23  A,3506,A3,4,07
17:25:23  A,3507,A2,4,07
17:25:23  A,3508,A5,4,0F
17:25:23  A,3509,B2,4,0A
17:25:23  A,3190,A1,4,0E
17:25:23  A,3191,B2,4,0F
17:25:23  A,3192,A5,4,08
17:25:23  A,3193,A3,4,0F A,3509,B2,4,0A
17:25:23  [SLOT] n=1198 tx=99 ack=4 due=0 r=1
17:25:23  [AT] "AT+CIPSEND=100" (14)
17:25:23  [DROP-OVF] 줄이 96바이트를 넘어 버렸다
17:25:23  [AT] "SEND OK" (7)
17:25:23  [AT] "+IPD,68:T,3510,S,B1,1,6E" (24)
17:25:23  [SLOT-OOW] +275ms
17:25:23  [AT] "T,3511,S,A4,1,69" (16)
17:25:23  [AT] "T,3512,S,A1,1,6F" (16)
17:25:23  [AT] "T,3513,S,B3,1,6F" (16)
17:25:23  [AT] "OK" (2)
17:25:24  [TX] S,1177,0110000010,0000000000,1438,P1,3D
17:25:24  A,3510,B1,4,01
17:25:24  A,3511,A4,4,06
17:25:24  A,3512,A1,4,00
17:25:24  A,3513,B3,4,00
17:25:24  A,3190,A1,4,0E
17:25:24  A,3191,B2,4,0F
17:25:24  A,3192,A5,4,08
17:25:24  A,3193,A3,4,0F A,3513,B3,4,00
17:25:24  [SLOT] n=1199 tx=99 ack=4 due=0 r=1
17:25:24  [DROP-OVF] 줄이 96바이트를 넘어 버렸다
17:25:24  [AT] "SEND OK" (7)
17:25:24  [AT] "+IPD,68:T,3514,S,A5,1,6D" (24)
17:25:24  [SLOT-OOW] +292ms
17:25:24  [AT] "T,3515,S,A3,1,6A" (16)
17:25:24  [AT] "T,3516,S,B2,1,6B" (16)
17:25:24  [AT] "T,3517,S,A2,1,69" (16)
17:25:24  [AT] "OK" (2)
17:25:24  [AT] "AT+CIPSEND=100" (14)
17:25:26  [TX] S,1178,0110000010,0000000000,1440,P1,3D
17:25:26  A,3514,A5,4,02
17:25:26  A,3515,A3,4,05
17:25:26  A,3516,B2,4,04
17:25:26  A,3517,A2,4,06
17:25:26  A,3190,A1,4,0E
17:25:26  A,3191,B2,4,0F
17:25:26  A,3192,A5,4,08
17:25:26  A,3193,A3,4,0F A,3517,A2,4,06
17:25:26  [SLOT] n=1200 tx=99 ack=4 due=0 r=1
17:25:26  [CNT] up=1440 drop=1 esprst=2 resync=3 sendfail=0 okto=0 stuck=0 ackq=0 ackdrop=0 ackstale=0 slot=1200 oow=871 smiss=2 ssovf=80 cksumng=82 okstream=1178 penddrop=9 skip=0 online=1
17:25:26  [RAM] 최저 여유 627 B · 프롬프트 재동기 3회 (서버의 '버린줄' 과 맞아야 한다)
17:25:26  [AT] "AT+CIPSEND=100" (14)
17:25:26  [DROP-OVF] 줄이 96바이트를 넘어 버렸다
17:25:26  [AT] "SEND OK" (7)
17:25:26  [AT] "+IPD,68:T,3518,S,B1,1,66" (24)
17:25:26  [SLOT-OOW] +311ms
17:25:26  [AT] "T,3519,S,B3,1,65" (16)
17:25:26  [AT] "T,3520,S,A1,1,6E" (16)
17:25:26  [AT] "T,3521,S,A4,1,6A" (16)
17:25:26  [AT] "OK" (2)
17:25:27  [TX] S,1179,0110000010,0000000000,1441,P1,3D
17:25:27  A,3518,B1,4,09
17:25:27  A,3519,B3,4,0A
17:25:27  A,3520,A1,4,01
17:25:27  A,3521,A4,4,05
17:25:27  A,3190,A1,4,0E
17:25:27  A,3191,B2,4,0F
17:25:27  A,3192,A5,4,08
17:25:27  A,3193,A3,4,0F A,3521,A4,4,05
17:25:27  [SLOT] n=1201 tx=99 ack=4 due=0 r=1
17:25:27  [AT] "AT+CIPSEND=100" (14)
17:25:27  [DROP-OVF] 줄이 96바이트를 넘어 버렸다
17:25:27  [AT] "SEND OK" (7)
17:25:27  [AT] "+IPD,68:T,3522,S,A5,1,68" (24)
17:25:27  [SLOT-OOW] +301ms
17:25:27  [AT] "T,3523,S,A3,1,6F" (16)
17:25:27  [AT] "T,3524,S,B2,1,6A" (16)
17:25:27  [AT] "T,3525,S,A2,1,68" (16)
17:25:27  [AT] "OK" (2)
17:25:28  [TX] S,1180,0110000010,0000000000,1442,P1,38
17:25:28  A,3522,A5,4,07
17:25:28  A,3523,A3,4,00
17:25:28  A,3524,B2,4,05
17:25:28  A,3525,A2,4,07
17:25:28  A,3190,A1,4,0E
17:25:28  A,3191,B2,4,0F
17:25:28  A,3192,A5,4,08
17:25:28  A,3193,A3,4,0F A,3525,A2,4,07
17:25:28  [SLOT] n=1202 tx=99 ack=4 due=0 r=1
17:25:28  [AT] "AT+CIPSEND=100" (14)
17:25:28  [DROP-OVF] 줄이 96바이트를 넘어 버렸다
17:25:28  [AT] "SEND OK" (7)
17:25:28  [AT] "+IPD,68:T,3526,S,B1,1,6B" (24)
17:25:28  [SLOT-OOW] +285ms
17:25:28  [AT] "T,3527,S,B3,1,68" (16)
17:25:28  [AT] "T,3528,S,A1,1,66" (16)
17:25:28  [AT] "T,3529,S,A4,1,62" (16)
17:25:28  [AT] "OK" (2)
17:25:29  [TX] S,1181,0110000010,0000000000,1443,P1,38
17:25:29  A,3526,B1,4,04
17:25:29  A,3527,B3,4,07
17:25:29  A,3528,A1,4,09
17:25:29  A,3529,A4,4,0D
17:25:29  A,3190,A1,4,0E
17:25:29  A,3191,B2,4,0F
17:25:29  A,3192,A5,4,08
17:25:29  A,3193,A3,4,0F A,3529,A4,4,0D
17:25:29  [SLOT] n=1203 tx=99 ack=4 due=0 r=1
17:25:29  [AT] "AT+CIPSEND=100" (14)
17:25:29  [DROP-OVF] 줄이 96바이트를 넘어 버렸다
17:25:29  [AT] "SEND OK" (7)
17:25:29  [AT] "+IPD,68:T,3530,S,B2,1,6F" (24)
17:25:29  [SLOT-OOW] +384ms
17:25:29  [AT] "T,3531,S,A5,1,6A" (16)
17:25:29  [AT] "T,3532,S,A3,1,6F" (16)
17:25:29  [AT] "T,3533,S,A2,1,6F" (16)
17:25:29  [AT] "OK" (2)
17:25:30  [TX] S,1182,0110000010,0000000000,1444,P1,3C
17:25:30  A,3530,B2,4,00
17:25:30  A,3531,A5,4,05
17:25:30  A,3532,A3,4,00
17:25:30  A,3533,A2,4,00
17:25:30  A,3190,A1,4,0E
17:25:30  A,3191,B2,4,0F
17:25:30  A,3192,A5,4,08
17:25:30  A,3193,A3,4,0F A,3533,A2,4,00
17:25:30  [SLOT] n=1204 tx=99 ack=4 due=0 r=1
17:25:30  [AT] "AT+CIPSEND=100" (14)
17:25:30  [DROP-OVF] 줄이 96바이트를 넘어 버렸다
17:25:30  [AT] "SEND OK" (7)
17:25:30  [AT] "+IPD,68:T,3534,S,B3,1,6A" (24)
17:25:30  [SLOT-OOW] +309ms
17:25:30  [AT] "T,3535,S,B1,1,69" (16)
17:25:30  [AT] "T,3536,S,A1,1,69" (16)
17:25:30  [AT] "T,3537,S,A4,1,6D" (16)
17:25:30  [AT] "OK" (2)
17:25:31  [TX] S,1183,0110000010,0000000000,1446,P1,3F
17:25:32  A,3534,B3,4,05
17:25:32  A,3535,B1,4,06
17:25:32  A,3536,A1,4,06
17:25:32  A,3537,A4,4,02
17:25:32  A,3190,A1,4,0E
17:25:32  A,3191,B2,4,0F
17:25:32  A,3192,A5,4,08
17:25:32  A,3193,A3,4,0F A,3537,A4,4,02
17:25:32  [SLOT] n=1205 tx=99 ack=4 due=0 r=1
17:25:32  [AT] "AT+CIPSEND=100" (14)
17:25:32  [DROP-OVF] 줄이 96바이트를 넘어 버렸다
17:25:32  [AT] "SEND OK" (7)
17:25:32  [AT] "+IPD,68:T,3538,S,A2,1,64" (24)
17:25:32  [SLOT-OOW] +436ms
17:25:32  [AT] "T,3539,S,A3,1,64" (16)
17:25:32  [AT] "T,3540,S,B2,1,68" (16)
17:25:32  [AT] "T,3541,S,A5,1,6D" (16)
17:25:32  [AT] "OK" (2)
17:25:33  [TX] S,1184,0110000010,0000000000,1447,P1,39
17:25:33  A,3538,A2,4,0B
17:25:33  A,3539,A3,4,0B
17:25:33  A,3540,B2,4,07
17:25:33  A,3541,A5,4,02
17:25:33  A,3190,A1,4,0E
17:25:33  A,3191,B2,4,0F
17:25:33  A,3192,A5,4,08
17:25:33  A,3193,A3,4,0F A,3541,A5,4,02
17:25:33  [SLOT] n=1206 tx=99 ack=4 due=0 r=1
17:25:33  [AT] "AT+CIPSEND=100" (14)
17:25:33  [DROP-OVF] 줄이 96바이트를 넘어 버렸다
17:25:33  [AT] "SEND OK" (7)
17:25:33  [AT] "+IPD,68:T,3542,S,B1,1,69" (24)
17:25:33  [SLOT-OOW] +289ms
17:25:33  [AT] "T,3543,S,B3,1,6A" (16)
17:25:33  [AT] "T,3544,S,A1,1,6C" (16)
17:25:33  [AT] "T,3545,S,A4,1,68" (16)
17:25:33  [AT] "OK" (2)
17:25:34  [TX] S,1185,0110000010,0000000000,1448,P1,37
17:25:34  A,3542,B1,4,06
17:25:34  A,3543,B3,4,05
17:25:34  A,3544,A1,4,03
17:25:34  A,3545,A4,4,07
17:25:34  A,3190,A1,4,0E
17:25:34  A,3191,B2,4,0F
17:25:34  A,3192,A5,4,08
17:25:34  A,3193,A3,4,0F A,3545,A4,4,07
17:25:34  [SLOT] n=1207 tx=99 ack=4 due=0 r=1
17:25:34  [AT] "AT+CIPSEND=100" (14)
17:25:34  [DROP-OVF] 줄이 96바이트를 넘어 버렸다
17:25:34  [AT] "SEND OK" (7)
17:25:35  [AT] "+IPD,68:T,3546,S,A5,1,6A" (24)
17:25:35  [AT] "T,3547,S,A3,1,6D" (16)
17:25:35  [AT] "T,3548,S,B2,1,60" (16)
17:25:35  [AT] "T,3549,S,A2,1,62" (16)
17:25:35  [AT] "OK" (2)
17:25:35  [TX] S,1186,0110000010,0000000000,1449,P1,35
17:25:35  A,3546,A5,4,05
17:25:35  A,3547,A3,4,02
17:25:35  A,3548,B2,4,0F
17:25:35  A,3549,A2,4,0D
17:25:35  A,3190,A1,4,0E
17:25:35  A,3191,B2,4,0F
17:25:35  A,3192,A5,4,08
17:25:35  A,3193,A3,4,0F A,3549,A2,4,0D
17:25:35  [SLOT] n=1208 tx=99 ack=4 due=0 r=1
17:25:35  [AT] "AT+CIPSEND=100" (14)
17:25:35  [DROP-OVF] 줄이 96바이트를 넘어 버렸다
17:25:35  [AT] "SEND OK" (7)
17:25:35  [AT] "+IPD,68:T,3550,S,B3,1,68" (24)
17:25:35  [SLOT-OOW] +281ms
17:25:35  [AT] "T,3551,S,B1,1,6B" (16)
17:25:35  [AT] "T,3552,S,A1,1,6B" (16)
17:25:35  [AT] "T,3553,S,A4,1,6F" (16)
17:25:35  [AT] "OK" (2)
17:25:36  [TX] S,1187,0110000010,0000000000,1450,P1,3C
17:25:36  A,3550,B3,4,07
17:25:36  A,3551,B1,4,04
17:25:36  A,3552,A1,4,04
17:25:36  A,3553,A4,4,00
17:25:36  A,3190,A1,4,0E
17:25:36  A,3191,B2,4,0F
17:25:36  A,3192,A5,4,08
17:25:36  A,3193,A3,4,0F A,3553,A4,4,00
17:25:36  [SLOT] n=1209 tx=99 ack=4 due=0 r=1
17:25:36  [AT] "AT+CIPSEND=100" (14)
17:25:36  [DROP-OVF] 줄이 96바이트를 넘어 버렸다
17:25:36  [AT] "SEND OK" (7)
17:25:36  [AT] "+IPD,68:T,3554,S,A3,1,6F" (24)
17:25:36  [SLOT-OOW] +271ms
17:25:36  [AT] "T,3555,S,A5,1,68" (16)
17:25:36  [AT] "T,3556,S,A2,1,6C" (16)
17:25:36  [AT] "T,3557,S,B2,1,6E" (16)
17:25:36  [AT] "OK" (2)
17:25:37  [TX] S,1188,0110000010,0000000000,1452,P1,31
17:25:37  A,3554,A3,4,00
17:25:37  A,3555,A5,4,07
17:25:37  A,3556,A2,4,03
17:25:37  A,3557,B2,4,01
17:25:37  A,3190,A1,4,0E
17:25:37  A,3191,B2,4,0F
17:25:37  A,3192,A5,4,08
17:25:38  A,3193,A3,4,0F A,3557,B2,4,01
17:25:38  [SLOT] n=1210 tx=99 ack=4 due=0 r=1
17:25:38  [AT] "AT+CIPSEND=100" (14)
17:25:38  [DROP-OVF] 줄이 96바이트를 넘어 버렸다
17:25:38  [AT] "SEND OK" (7)
17:25:38  [AT] "+IPD,68:T,3558,S,B3,1,60" (24)
17:25:38  [SLOT-OOW] +290ms
17:25:38  [AT] "T,3559,S,B1,1,63" (16)
17:25:38  [AT] "T,3560,S,A1,1,6A" (16)
17:25:38  [AT] "T,3561,S,A4,1,6E" (16)
17:25:38  [AT] "OK" (2)
17:25:39  [TX] S,1189,0110000010,0000000000,1453,P1,31
17:25:39  A,3558,B3,4,0F
17:25:39  A,3559,B1,4,0C
17:25:39  A,3560,A1,4,05
17:25:39  A,3561,A4,4,01
17:25:39  A,3190,A1,4,0E
17:25:39  A,3191,B2,4,0F
17:25:39  A,3192,A5,4,08
17:25:39  A,3193,A3,4,0F A,3561,A4,4,01
17:25:39  [SLOT] n=1211 tx=99 ack=4 due=0 r=1
17:25:39  [AT] "AT+CIPSEND=100" (14)
17:25:39  [DROP-OVF] 줄이 96바이트를 넘어 버렸다
17:25:39  [AT] "SEND OK" (7)
17:25:39  [AT] "+IPD,68:T,3562,S,A2,1,6B" (24)
17:25:39  [SLOT-OOW] +304ms
17:25:39  [AT] "T,3563,S,A5,1,6D" (16)
17:25:39  [AT] "T,3564,S,A3,1,6C" (16)
17:25:39  [AT] "T,3565,S,B2,1,6F" (16)
17:25:39  [AT] "OK" (2)
17:25:40  [TX] S,1190,0110000010,0000000000,1454,P1,3E
17:25:40  A,3562,A2,4,04
17:25:40  A,3563,A5,4,02
17:25:40  A,3564,A3,4,03
17:25:40  A,3565,B2,4,00
17:25:40  A,3190,A1,4,0E
17:25:40  A,3191,B2,4,0F
17:25:40  A,3192,A5,4,08
17:25:40  A,3193,A3,4,0F A,3565,B2,4,00
17:25:40  [SLOT] n=1212 tx=99 ack=4 due=0 r=1
17:25:40  [DROP-OVF] 줄이 96바이트를 넘어 버렸다
17:25:40  [AT] "SEND OK" (7)
17:25:40  [AT] "+IPD,68:T,3566,S,B3,1,6D" (24)
17:25:40  [SLOT-OOW] +298ms
17:25:40  [AT] "T,3567,S,A1,1,6D" (16)
17:25:40  [AT] "T,3568,S,A4,1,67" (16)
17:25:40  [AT] "T,3569,S,B1,1,60" (16)
17:25:40  [AT] "OK" (2)
17:25:40  [AT] "AT+CIPSEND=100" (14)
17:25:41  [TX] S,1191,0110000010,0000000000,1455,P1,3E
17:25:41  A,3566,B3,4,02
17:25:41  A,3567,A1,4,02
17:25:41  A,3568,A4,4,08
17:25:41  A,3569,B1,4,0F
17:25:41  A,3190,A1,4,0E
17:25:41  A,3191,B2,4,0F
17:25:41  A,3192,A5,4,08
17:25:41  A,3193,A3,4,0F A,3569,B1,4,0F
17:25:41  [SLOT] n=1213 tx=99 ack=4 due=0 r=1
17:25:41  [AT] "AT+CIPSEND=100" (14)
17:25:41  [DROP-OVF] 줄이 96바이트를 넘어 버렸다
17:25:41  [AT] "SEND OK" (7)
17:25:41  [AT] "+IPD,68:T,3570,S,A5,1,6F" (24)
17:25:41  [SLOT-OOW] +287ms
17:25:41  [AT] "T,3571,S,A2,1,69" (16)
17:25:41  [AT] "T,3572,S,A3,1,6B" (16)
17:25:41  [AT] "T,3573,S,B2,1,68" (16)
17:25:41  [AT] "OK" (2)
17:25:42  [TX] S,1192,0110000010,0000000000,1456,P1,3E
17:25:42  A,3570,A5,4,00
17:25:42  A,3571,A2,4,06
17:25:42  A,3572,A3,4,04
17:25:42  A,3573,B2,4,07
17:25:42  A,3190,A1,4,0E
17:25:42  A,3191,B2,4,0F
17:25:42  A,3192,A5,4,08
17:25:42  A,3193,A3,4,0F A,3573,B2,4,07
17:25:42  [SLOT] n=1214 tx=99 ack=4 due=0 r=1
17:25:42  [AT] "AT+CIPSEND=100" (14)
17:25:42  [DROP-OVF] 줄이 96바이트를 넘어 버렸다
17:25:42  [AT] "SEND OK" (7)
17:25:42  [AT] "+IPD,68:T,3574,S,B1,1,6C" (24)
17:25:42  [SLOT-OOW] +301ms
17:25:42  [AT] "T,3575,S,A1,1,6E" (16)
17:25:42  [AT] "T,3576,S,B3,1,6C" (16)
17:25:42  [AT] "T,3577,S,A4,1,69" (16)
17:25:42  [AT] "OK" (2)
17:25:43  [TX] S,1193,0110000010,0000000000,1458,P1,31
17:25:43  A,3574,B1,4,03
17:25:43  A,3575,A1,4,01
17:25:43  A,3576,B3,4,03
17:25:43  A,3577,A4,4,06
17:25:43  A,3190,A1,4,0E
17:25:43  A,3191,B2,4,0F
17:25:43  A,3192,A5,4,08
17:25:43  A,3193,A3,4,0F A,3577,A4,4,06
17:25:43  [SLOT] n=1215 tx=99 ack=4 due=0 r=1
17:25:43  [AT] "AT+CIPSEND=100" (14)
17:25:44  [DROP-OVF] 줄이 96바이트를 넘어 버렸다
17:25:44  [AT] "SEND OK" (7)
17:25:44  [AT] "+IPD,68:T,3578,S,A2,1,60" (24)
17:25:44  [SLOT-OOW] +493ms
17:25:44  [AT] "T,3579,S,A5,1,66" (16)
17:25:44  [AT] "T,3580,S,A3,1,66" (16)
17:25:44  [AT] "T,3581,S,B2,1,65" (16)
17:25:44  [AT] "OK" (2)
17:25:45  [TX] S,1194,0110000010,0000000000,1459,P1,37
17:25:45  A,3578,A2,4,0F
17:25:45  A,3579,A5,4,09
17:25:45  A,3580,A3,4,09
17:25:45  A,3581,B2,4,0A
17:25:45  A,3190,A1,4,0E
17:25:45  A,3191,B2,4,0F
17:25:45  A,3192,A5,4,08
17:25:45  A,3193,A3,4,0F A,3581,B2,4,0A
17:25:45  [SLOT] n=1216 tx=99 ack=4 due=0 r=1
17:25:45  [AT] "AT+CIPSEND=100" (14)
17:25:45  [DROP-OVF] 줄이 96바이트를 넘어 버렸다
17:25:45  [AT] "SEND OK" (7)
17:25:45  [AT] "+IPD,68:T,3582,S,B3,1,67" (24)
17:25:45  [SLOT-OOW] +314ms
17:25:45  [AT] "T,3583,S,A1,1,67" (16)
17:25:45  [AT] "T,3584,S,A4,1,65" (16)
17:25:45  [AT] "T,3585,S,B1,1,62" (16)
17:25:45  [AT] "OK" (2)
17:25:46  [TX] S,1195,0110000010,0000000000,1460,P1,3C
17:25:46  A,3582,B3,4,08
17:25:46  A,3583,A1,4,08
17:25:46  A,3584,A4,4,0A
17:25:46  A,3585,B1,4,0D
17:25:46  A,3190,A1,4,0E
17:25:46  A,3191,B2,4,0F
17:25:46  A,3192,A5,4,08
17:25:46  A,3193,A3,4,0F A,3585,B1,4,0D
17:25:46  [SLOT] n=1217 tx=99 ack=4 due=0 r=1
17:25:46  [AT] "AT+CIPSEND=100" (14)
17:25:46  [DROP-OVF] 줄이 96바이트를 넘어 버렸다
17:25:46  [AT] "SEND OK" (7)
17:25:46  [AT] "+IPD,68:T,3586,S,A3,1,60" (24)
17:25:46  [SLOT-OOW] +302ms
17:25:46  [AT] "T,3587,S,B2,1,63" (16)
17:25:46  [AT] "T,3588,S,A5,1,68" (16)
17:25:46  [AT] "T,3589,S,A2,1,6E" (16)
17:25:46  [AT] "OK" (2)
17:25:47  [TX] S,1196,0110000010,0000000000,1461,P1,3E
17:25:47  A,3586,A3,4,0F
17:25:47  A,3587,B2,4,0C
17:25:47  A,3588,A5,4,07
17:25:47  A,3589,A2,4,01
17:25:47  A,3190,A1,4,0E
17:25:47  A,3191,B2,4,0F
17:25:47  A,3192,A5,4,08
17:25:47  A,3193,A3,4,0F A,3589,A2,4,01
17:25:47  [SLOT] n=1218 tx=99 ack=4 due=0 r=1
17:25:47  [DROP-OVF] 줄이 96바이트를 넘어 버렸다
17:25:47  [AT] "SEND OK" (7)
17:25:47  [AT] "+IPD,68:T,3590,S,B3,1,64" (24)
17:25:47  [SLOT-OOW] +295ms
17:25:47  [AT] "T,3591,S,A4,1,61" (16)
17:25:47  [AT] "T,3592,S,A1,1,67" (16)
17:25:47  [AT] "T,3593,S,B1,1,65" (16)
17:25:47  [AT] "OK" (2)
17:25:47  [AT] "AT+CIPSEND=100" (14)
17:25:48  [TX] S,1197,0110000010,0000000000,1462,P1,3C
17:25:48  A,3590,B3,4,0B
17:25:48  A,3591,A4,4,0E
17:25:48  A,3592,A1,4,08
17:25:48  A,3593,B1,4,0A
17:25:48  A,3190,A1,4,0E
17:25:48  A,3191,B2,4,0F
17:25:48  A,3192,A5,4,08
17:25:48  A,3193,A3,4,0F A,3593,B1,4,0A
17:25:48  [SLOT] n=1219 tx=99 ack=4 due=0 r=1
17:25:48  [AT] "AT+CIPSEND=100" (14)
17:25:48  [DROP-OVF] 줄이 96바이트를 넘어 버렸다
17:25:48  [AT] "SEND OK" (7)
17:25:48  [AT] "+IPD,68:T,3594,S,A3,1,63" (24)
17:25:48  [SLOT-OOW] +281ms
17:25:48  [AT] "T,3595,S,A5,1,64" (16)
17:25:48  [AT] "T,3596,S,B2,1,63" (16)
17:25:48  [AT] "T,3597,S,A2,1,61" (16)
17:25:48  [AT] "OK" (2)
17:25:49  [TX] S,1198,0110000010,0000000000,1464,P1,35
17:25:49  A,3594,A3,4,0C
17:25:49  A,3595,A5,4,0B
17:25:49  A,3596,B2,4,0C
17:25:49  A,3597,A2,4,0E
17:25:49  A,3190,A1,4,0E
17:25:49  A,3191,B2,4,0F
17:25:49  A,3192,A5,4,08
17:25:49  A,3193,A3,4,0F A,3597,A2,4,0E
17:25:49  [SLOT] n=1220 tx=99 ack=4 due=0 r=1
17:25:49  [AT] "AT+CIPSEND=100" (14)
17:25:50  [DROP-OVF] 줄이 96바이트를 넘어 버렸다
17:25:50  [AT] "SEND OK" (7)
17:25:50  [AT] "+IPD,68:T,3598,S,A4,1,68" (24)
17:25:50  [SLOT-OOW] +310ms
17:25:50  [AT] "T,3599,S,B3,1,6D" (16)
17:25:50  [AT] "T,3600,S,A1,1,6F" (16)
17:25:50  [AT] "T,3601,S,B1,1,6D" (16)
17:25:50  [AT] "OK" (2)
17:25:51  [TX] S,1199,0110000010,0000000000,1465,P1,35
17:25:51  A,3598,A4,4,07
17:25:51  A,3599,B3,4,02
17:25:51  A,3600,A1,4,00
17:25:51  A,3601,B1,4,02
17:25:51  A,3190,A1,4,0E
17:25:51  A,3191,B2,4,0F
17:25:51  A,3192,A5,4,08
17:25:51  A,3193,A3,4,0F A,3601,B1,4,02
17:25:51  [SLOT] n=1221 tx=99 ack=4 due=0 r=1
17:25:51  [AT] "AT+CIPSEND=100" (14)
17:25:51  [DROP-OVF] 줄이 96바이트를 넘어 버렸다
17:25:51  [AT] "SEND OK" (7)
17:25:51  [AT] "+IPD,68:T,3602,S,B2,1,6D" (24)
17:25:51  [SLOT-OOW] +438ms
17:25:51  [AT] "T,3603,S,A3,1,6E" (16)
17:25:51  [AT] "T,3604,S,A2,1,68" (16)
17:25:51  [AT] "T,3605,S,A5,1,6E" (16)
17:25:51  [AT] "OK" (2)
17:25:52  [TX] S,1200,0110000010,0000000000,1466,P1,35
17:25:52  A,3602,B2,4,02
17:25:52  A,3603,A3,4,01
17:25:52  A,3604,A2,4,07
17:25:52  A,3605,A5,4,01
17:25:52  A,3190,A1,4,0E
17:25:52  A,3191,B2,4,0F
17:25:52  A,3192,A5,4,08
17:25:52  A,3193,A3,4,0F A,3605,A5,4,01
17:25:52  [SLOT] n=1222 tx=99 ack=4 due=0 r=1
17:25:52  [AT] "AT+CIPSEND=100" (14)
17:25:52  [DROP-OVF] 줄이 96바이트를 넘어 버렸다
17:25:52  [AT] "SEND OK" (7)
17:25:52  [AT] "+IPD,34:T,3606,S,A1,1,69" (24)
17:25:52  [SLOT-OOW] +275ms
17:25:52  [AT] "T,3607,S,B3,1,69" (16)
17:25:52  [AT] "OK" (2)
17:25:53  [TX] S,1201,0110000010,0000000000,1467,P1,35
17:25:53  A,3606,A1,4,06
17:25:53  A,3607,B3,4,06
17:25:53  A,3604,A2,4,07
17:25:53  A,3605,A5,4,01
17:25:53  A,3190,A1,4,0E
17:25:53  A,3191,B2,4,0F
17:25:53  A,3192,A5,4,08
17:25:53  A,3193,A3,4,0F A,3607,B3,4,06
17:25:53  [SLOT] n=1223 tx=69 ack=2 due=0 r=1
17:25:53  [AT] "AT+CIPSEND=70" (13)
17:25:53  [AT] " S,1201,0110000010,0000000000,1467,P1,35A,3606,A1,4,06A,3607,B3,4,06" (68)
17:25:53  [AT] "SEND OK" (7)
17:25:53  [AT] "+IPD,34:T,3608,S,A3,1,65" (24)
17:25:53  [SLOT-OOW] +251ms
17:25:53  [AT] "T,3609,S,B2,1,66" (16)
17:25:53  [AT] "OK" (2)
17:25:54  [TX] S,1202,0110000010,0000000000,1468,P1,39
17:25:54  A,3608,A3,4,0A
17:25:54  A,3609,B2,4,09
17:25:54  A,3604,A2,4,07
17:25:54  A,3605,A5,4,01
17:25:54  A,3190,A1,4,0E
17:25:54  A,3191,B2,4,0F
17:25:54  A,3192,A5,4,08
17:25:54  A,3193,A3,4,0F A,3609,B2,4,09
17:25:54  [SLOT] n=1224 tx=69 ack=2 due=0 r=1
17:25:54  [AT] "AT+CIPSEND=70" (13)
17:25:54  [AT] " S,1202,0110000010,0000000000,1468,P1,39A,3608,A3,4,0AA,3609,B2,4,09" (68)
17:25:54  [AT] "SEND OK" (7)
17:25:54  [AT] "+IPD,34:T,3610,S,A1,1,6E" (24)
17:25:54  [SLOT-OOW] +248ms
17:25:54  [AT] "T,3611,S,B3,1,6E" (16)
17:25:54  [AT] "OK" (2)
17:25:56  [TX] S,1203,0110000010,0000000000,1470,P1,31
17:25:56  A,3610,A1,4,01
17:25:56  A,3611,B3,4,01
17:25:56  A,3604,A2,4,07
17:25:56  A,3605,A5,4,01
17:25:56  A,3190,A1,4,0E
17:25:56  A,3191,B2,4,0F
17:25:56  A,3192,A5,4,08
17:25:56  A,3193,A3,4,0F A,3611,B3,4,01
17:25:56  [SLOT] n=1225 tx=69 ack=2 due=0 r=1
17:25:56  [AT] "AT+CIPSEND=70" (13)
17:25:56  [AT] " S,1203,0110000010,0000000000,1470,P1,31A,3610,A1,4,01A,3611,B3,4,01" (68)
17:25:56  [AT] "SEND OK" (7)
17:25:58  [TX] S,1204,0110000010,0000000000,1471,P1,37
17:25:58  [SLOT] n=1226 tx=39 ack=0 due=0 r=1
17:25:58  [AT] "AT+CIPSEND=40" (13)
17:25:58  [AT] " S,1204,0110000010,0000000000,1471,P1,37" (40)
17:25:58  [AT] "SEND OK" (7)
17:25:58  [AT] "+IPD,17:T,3612,S,A1,1,6C" (24)
17:25:58  [SLOT-OOW] +157ms
17:25:58  [AT] "OK" (2)
17:25:59  [TX] S,1205,0110000010,0000000000,1472,P1,35
17:25:59  A,3612,A1,4,03
17:25:59  A,3611,B3,4,01
17:25:59  A,3604,A2,4,07
17:25:59  A,3605,A5,4,01
17:25:59  A,3190,A1,4,0E
17:25:59  A,3191,B2,4,0F
17:25:59  A,3192,A5,4,08
17:25:59  A,3193,A3,4,0F A,3612,A1,4,03
17:25:59  [SLOT] n=1227 tx=54 ack=1 due=0 r=1
17:25:59  [AT] "AT+CIPSEND=55" (13)
17:25:59  [AT] " S,1205,0110000010,0000000000,1472,P1,35A,3612,A1,4,03" (54)
17:25:59  [AT] "SEND OK" (7)
17:26:00  [TX] S,1206,0110000010,0000000000,1473,P1,37
17:26:00  [SLOT] n=1228 tx=39 ack=0 due=0 r=1
17:26:00  [AT] "AT+CIPSEND=40" (13)
17:26:00  [AT] " S,1206,0110000010,0000000000,1473,P1,37" (40)
17:26:00  [AT] "SEND OK" (7)
17:26:01  [TX] S,1207,0110000010,0000000000,1474,P1,31
17:26:01  [SLOT] n=1229 tx=39 ack=0 due=0 r=1
17:26:01  [AT] "AT+CIPSEND=40" (13)
17:26:01  [AT] " S,1207,0110000010,0000000000,1474,P1,31" (40)
17:26:01  [AT] "SEND OK" (7)
17:26:02  [TX] S,1208,0110000010,0000000000,1476,P1,3C
17:26:02  [SLOT] n=1230 tx=39 ack=0 due=0 r=1
17:26:02  [AT] "AT+CIPSEND=40" (13)
17:26:02  [AT] " S,1208,0110000010,0000000000,1476,P1,3C" (40)
17:26:02  [AT] "SEND OK" (7)
17:26:04  [TX] S,1209,0110000010,0000000000,1477,P1,3C
17:26:04  [SLOT] n=1231 tx=39 ack=0 due=0 r=1
17:26:04  [AT] "AT+CIPSEND=40" (13)
17:26:04  [AT] " S,1209,0110000010,0000000000,1477,P1,3C" (40)
17:26:04  [AT] "SEND OK" (7)
17:26:05  [TX] S,1210,0110000010,0000000000,1478,P1,3B
17:26:05  [SLOT] n=1232 tx=39 ack=0 due=0 r=1
17:26:05  [AT] "AT+CIPSEND=40" (13)
17:26:05  [AT] " S,1210,0110000010,0000000000,1478,P1,3B" (40)
17:26:05  [AT] "SEND OK" (7)
17:26:05  [AT] "+IPD,68:T,3613,S,A1,1,6D" (24)
17:26:05  [SLOT-OOW] +208ms
17:26:05  [AT] "T,3614,S,A3,1,68" (16)
17:26:05  [AT] "T,3615,S,B3,1,6A" (16)
17:26:05  [AT] "T,3616,S,A4,1,6D" (16)
17:26:05  [AT] "OK" (2)
17:26:06  [TX] S,1211,0110000010,0000000000,1479,P1,3B
17:26:06  A,3613,A1,4,02
17:26:06  A,3614,A3,4,07
17:26:06  A,3615,B3,4,05
17:26:06  A,3616,A4,4,02
17:26:06  A,3190,A1,4,0E
17:26:06  A,3191,B2,4,0F
17:26:06  A,3192,A5,4,08
17:26:06  A,3193,A3,4,0F A,3616,A4,4,02
17:26:06  [SLOT] n=1233 tx=99 ack=4 due=0 r=1
17:26:06  [AT] "AT+CIPSEND=100" (14)
17:26:06  [DROP-OVF] 줄이 96바이트를 넘어 버렸다
17:26:06  [AT] "SEND OK" (7)
17:26:06  [AT] "+IPD,68:T,3617,S,B1,1,6A" (24)
17:26:06  [SLOT-OOW] +273ms
17:26:06  [AT] "T,3618,S,A5,1,62" (16)
17:26:06  [AT] "T,3619,S,A2,1,64" (16)
17:26:06  [AT] "T,3620,S,B2,1,6D" (16)
17:26:06  [AT] "OK" (2)
17:26:07  [TX] S,1212,0110000010,0000000000,1480,P1,3E
17:26:07  A,3617,B1,4,05
17:26:07  A,3618,A5,4,0D
17:26:07  A,3619,A2,4,0B
17:26:07  A,3620,B2,4,02
17:26:07  A,3190,A1,4,0E
17:26:07  A,3191,B2,4,0F
17:26:07  A,3192,A5,4,08
17:26:07  A,3193,A3,4,0F A,3620,B2,4,02
17:26:07  [SLOT] n=1234 tx=99 ack=4 due=0 r=1
17:26:07  [AT] "AT+CIPSEND=100" (14)
17:26:07  [DROP-OVF] 줄이 96바이트를 넘어 버렸다
17:26:07  [AT] "SEND OK" (7)
17:26:07  [AT] "+IPD,68:T,3621,S,A1,1,6C" (24)
17:26:07  [SLOT-OOW] +288ms
17:26:07  [AT] "T,3622,S,B3,1,6E" (16)
17:26:07  [AT] "T,3623,S,A3,1,6C" (16)
17:26:07  [AT] "T,3624,S,A4,1,6C" (16)
17:26:07  [AT] "OK" (2)
17:26:08  [TX] S,1213,0110000010,0000000000,1482,P1,3D
17:26:08  A,3621,A1,4,03
17:26:08  A,3622,B3,4,01
17:26:08  A,3623,A3,4,03
17:26:08  A,3624,A4,4,03
17:26:08  A,3190,A1,4,0E
17:26:08  A,3191,B2,4,0F
17:26:08  A,3192,A5,4,08
17:26:08  A,3193,A3,4,0F A,3624,A4,4,03
17:26:08  [SLOT] n=1235 tx=99 ack=4 due=0 r=1
17:26:08  [AT] "AT+CIPSEND=100" (14)
17:26:08  [DROP-OVF] 줄이 96바이트를 넘어 버렸다
17:26:09  [AT] "SEND OK" (7)
17:26:09  [AT] "+IPD,68:T,3625,S,B1,1,6B" (24)
17:26:09  [SLOT-OOW] +284ms
17:26:09  [AT] "T,3626,S,B2,1,6B" (16)
17:26:09  [AT] "T,3627,S,A2,1,69" (16)
17:26:09  [AT] "T,3628,S,A5,1,61" (16)
17:26:09  [AT] "OK" (2)
17:26:10  [TX] S,1214,0110000010,0000000000,1483,P1,3B
17:26:10  A,3625,B1,4,04
17:26:10  A,3626,B2,4,04
17:26:10  A,3627,A2,4,06
17:26:10  A,3628,A5,4,0E
17:26:10  A,3190,A1,4,0E
17:26:10  A,3191,B2,4,0F
17:26:10  A,3192,A5,4,08
17:26:10  A,3193,A3,4,0F A,3628,A5,4,0E
17:26:10  [SLOT] n=1236 tx=99 ack=4 due=0 r=1
17:26:10  [AT] "AT+CIPSEND=100" (14)
17:26:10  [DROP-OVF] 줄이 96바이트를 넘어 버렸다
17:26:10  [AT] "SEND OK" (7)
17:26:10  [AT] "+IPD,68:T,3629,S,A1,1,64" (24)
17:26:10  [SLOT-OOW] +305ms
17:26:10  [AT] "T,3630,S,B3,1,6D" (16)
17:26:10  [AT] "T,3631,S,A3,1,6F" (16)
17:26:10  [AT] "T,3632,S,A4,1,6B" (16)
17:26:10  [AT] "OK" (2)
17:26:11  [TX] S,1215,0110000010,0000000000,1484,P1,3D
17:26:11  A,3629,A1,4,0B
17:26:11  A,3630,B3,4,02
17:26:11  A,3631,A3,4,00
17:26:11  A,3632,A4,4,04
17:26:11  A,3190,A1,4,0E
17:26:11  A,3191,B2,4,0F
17:26:11  A,3192,A5,4,08
17:26:11  A,3193,A3,4,0F A,3632,A4,4,04
17:26:11  [SLOT] n=1237 tx=99 ack=4 due=0 r=1
17:26:11  [AT] "AT+CIPSEND=100" (14)
17:26:11  [DROP-OVF] 줄이 96바이트를 넘어 버렸다
17:26:11  [AT] "SEND OK" (7)
17:26:11  [AT] "+IPD,68:T,3633,S,B1,1,6C" (24)
17:26:11  [SLOT-OOW] +331ms
17:26:11  [AT] "T,3634,S,B2,1,68" (16)
17:26:11  [AT] "T,3635,S,A2,1,6A" (16)
17:26:11  [AT] "T,3636,S,A5,1,6E" (16)
17:26:11  [AT] "OK" (2)
17:26:12  [TX] S,1216,0110000010,0000000000,1485,P1,3F
17:26:12  A,3633,B1,4,03
17:26:12  A,3634,B2,4,07
17:26:12  A,3635,A2,4,05
17:26:12  A,3636,A5,4,01
17:26:12  A,3190,A1,4,0E
17:26:12  A,3191,B2,4,0F
17:26:12  A,3192,A5,4,08
17:26:12  A,3193,A3,4,0F A,3636,A5,4,01
17:26:12  [SLOT] n=1238 tx=99 ack=4 due=0 r=1
17:26:12  [DROP-OVF] 줄이 96바이트를 넘어 버렸다
17:26:12  [AT] "SEND OK" (7)
17:26:12  [AT] "+IPD,68:T,3637,S,A4,1,6E" (24)
17:26:12  [SLOT-OOW] +288ms
17:26:12  [AT] "T,3638,S,B3,1,65" (16)
17:26:12  [AT] "T,3639,S,A1,1,65" (16)
17:26:12  [AT] "T,3640,S,A3,1,69" (16)
17:26:12  [AT] "OK" (2)
17:26:12  [AT] "AT+CIPSEND=100" (14)
17:26:13  [TX] S,1217,0110000010,0000000000,1486,P1,3D
17:26:13  A,3637,A4,4,01
17:26:13  A,3638,B3,4,0A
17:26:13  A,3639,A1,4,0A
17:26:13  A,3640,A3,4,06
17:26:13  A,3190,A1,4,0E
17:26:13  A,3191,B2,4,0F
17:26:13  A,3192,A5,4,08
17:26:13  A,3193,A3,4,0F A,3640,A3,4,06
17:26:13  [SLOT] n=1239 tx=99 ack=4 due=0 r=1
17:26:13  [DROP-OVF] 줄이 96바이트를 넘어 버렸다
17:26:13  [AT] "SEND OK" (7)
17:26:13  [AT] "+IPD,68:T,3641,S,B1,1,69" (24)
17:26:13  [SLOT-OOW] +299ms
17:26:13  [AT] "T,3642,S,A5,1,6D" (16)
17:26:13  [AT] "T,3643,S,A2,1,6B" (16)
17:26:13  [AT] "T,3644,S,B2,1,6F" (16)
17:26:13  [AT] "OK" (2)
17:26:13  [AT] "AT+CIPSEND=100" (14)
17:26:14  [TX] S,1218,0110000010,0000000000,1488,P1,3C
17:26:14  A,3641,B1,4,06
17:26:14  A,3642,A5,4,02
17:26:14  A,3643,A2,4,04
17:26:14  A,3644,B2,4,00
17:26:14  A,3190,A1,4,0E
17:26:14  A,3191,B2,4,0F
17:26:14  A,3192,A5,4,08
17:26:14  A,3193,A3,4,0F A,3644,B2,4,00
17:26:14  [SLOT] n=1240 tx=99 ack=4 due=0 r=1
17:26:14  [AT] "AT+CIPSEND=100" (14)
17:26:15  [DROP-OVF] 줄이 96바이트를 넘어 버렸다
17:26:15  [AT] "SEND OK" (7)
17:26:15  [AT] "+IPD,68:T,3645,S,A4,1,6B" (24)
17:26:15  [SLOT-OOW] +300ms
17:26:15  [AT] "T,3646,S,A3,1,6F" (16)
17:26:15  [AT] "T,3647,S,A1,1,6C" (16)
17:26:15  [AT] "T,3648,S,B3,1,62" (16)
17:26:15  [AT] "OK" (2)
17:26:16  [TX] S,1219,0110000010,0000000000,1489,P1,3C
17:26:16  A,3645,A4,4,04
17:26:16  A,3646,A3,4,00
17:26:16  A,3647,A1,4,03
17:26:16  A,3648,B3,4,0D
17:26:16  A,3190,A1,4,0E
17:26:16  A,3191,B2,4,0F
17:26:16  A,3192,A5,4,08
17:26:16  A,3193,A3,4,0F A,3648,B3,4,0D
17:26:16  [SLOT] n=1241 tx=99 ack=4 due=0 r=1
17:26:16  [AT] "AT+CIPSEND=100" (14)
17:26:16  [DROP-OVF] 줄이 96바이트를 넘어 버렸다
17:26:16  [AT] "SEND OK" (7)
17:26:16  [AT] "+IPD,68:T,3649,S,A5,1,66" (24)
17:26:16  [SLOT-OOW] +332ms
17:26:16  [AT] "T,3650,S,B1,1,69" (16)
17:26:16  [AT] "T,3651,S,A2,1,68" (16)
17:26:16  [AT] "T,3652,S,B2,1,68" (16)
17:26:16  [AT] "OK" (2)
17:26:17  [TX] S,1220,0110000010,0000000000,1490,P1,3E
17:26:17  A,3649,A5,4,09
17:26:17  A,3650,B1,4,06
17:26:17  A,3651,A2,4,07
17:26:17  A,3652,B2,4,07
17:26:17  A,3190,A1,4,0E
17:26:17  A,3191,B2,4,0F
17:26:17  A,3192,A5,4,08
17:26:17  A,3193,A3,4,0F A,3652,B2,4,07
17:26:17  [SLOT] n=1242 tx=99 ack=4 due=0 r=1
17:26:17  [DROP-OVF] 줄이 96바이트를 넘어 버렸다
17:26:17  [AT] "SEND OK" (7)
17:26:17  [AT] "+IPD,68:T,3653,S,B3,1,68" (24)
17:26:17  [SLOT-OOW] +298ms
17:26:17  [AT] "T,3654,S,A3,1,6C" (16)
17:26:17  [AT] "T,3655,S,A1,1,6F" (16)
17:26:17  [AT] "T,3656,S,A4,1,69" (16)
17:26:17  [AT] "OK" (2)
17:26:17  [AT] "AT+CIPSEND=100" (14)
17:26:18  [TX] S,1221,0110000010,0000000000,1491,P1,3E
17:26:18  A,3653,B3,4,07
17:26:18  A,3654,A3,4,03
17:26:18  A,3655,A1,4,00
17:26:18  A,3656,A4,4,06
17:26:18  A,3190,A1,4,0E
17:26:18  A,3191,B2,4,0F
17:26:18  A,3192,A5,4,08
17:26:18  A,3193,A3,4,0F A,3656,A4,4,06
17:26:18  [SLOT] n=1243 tx=99 ack=4 due=0 r=1
17:26:18  [AT] "AT+CIPSEND=100" (14)
17:26:18  [DROP-OVF] 줄이 96바이트를 넘어 버렸다
17:26:18  [AT] "SEND OK" (7)
17:26:18  [AT] "+IPD,68:T,3657,S,B1,1,6E" (24)
17:26:18  [SLOT-OOW] +295ms
17:26:18  [AT] "T,3658,S,A5,1,66" (16)
17:26:18  [AT] "T,3659,S,B2,1,63" (16)
17:26:18  [AT] "T,3660,S,A2,1,6A" (16)
17:26:18  [AT] "OK" (2)
17:26:19  [TX] S,1222,0110000010,0000000000,1492,P1,3E
17:26:19  A,3657,B1,4,01
17:26:19  A,3658,A5,4,09
17:26:19  A,3659,B2,4,0C
17:26:19  A,3660,A2,4,05
17:26:19  A,3190,A1,4,0E
17:26:19  A,3191,B2,4,0F
17:26:19  A,3192,A5,4,08
17:26:19  A,3193,A3,4,0F A,3660,A2,4,05
17:26:19  [SLOT] n=1244 tx=99 ack=4 due=0 r=1
17:26:19  [AT] "AT+CIPSEND=100" (14)
17:26:19  [DROP-OVF] 줄이 96바이트를 넘어 버렸다
17:26:19  [AT] "SEND OK" (7)
17:26:19  [AT] "+IPD,68:T,3661,S,B3,1,69" (24)
17:26:19  [SLOT-OOW] +301ms
17:26:19  [AT] "T,3662,S,A4,1,6E" (16)
17:26:19  [AT] "T,3663,S,A3,1,68" (16)
17:26:19  [AT] "T,3664,S,A1,1,6D" (16)
17:26:19  [AT] "OK" (2)
17:26:20  [TX] S,1223,0110000010,0000000000,1494,P1,39
17:26:20  A,3661,B3,4,06
17:26:20  A,3662,A4,4,01
17:26:20  A,3663,A3,4,07
17:26:20  A,3664,A1,4,02
17:26:20  A,3190,A1,4,0E
17:26:20  A,3191,B2,4,0F
17:26:20  A,3192,A5,4,08
17:26:20  A,3193,A3,4,0F A,3664,A1,4,02
17:26:20  [SLOT] n=1245 tx=99 ack=4 due=0 r=1
17:26:21  [DROP-OVF] 줄이 96바이트를 넘어 버렸다
17:26:21  [AT] "SEND OK" (7)
17:26:21  [AT] "+IPD,68:T,3665,S,A5,1,68" (24)
17:26:21  [SLOT-OOW] +305ms
17:26:21  [AT] "T,3666,S,B1,1,6C" (16)
17:26:21  [AT] "T,3667,S,B2,1,6E" (16)
17:26:21  [AT] "T,3668,S,A2,1,62" (16)
17:26:21  [AT] "OK" (2)
17:26:21  [AT] "AT+CIPSEND=100" (14)
17:26:22  [TX] S,1224,0110000010,0000000000,1495,P1,3F
17:26:22  A,3665,A5,4,07
17:26:22  A,3666,B1,4,03
17:26:22  A,3667,B2,4,01
17:26:22  A,3668,A2,4,0D
17:26:22  A,3190,A1,4,0E
17:26:22  A,3191,B2,4,0F
17:26:22  A,3192,A5,4,08
17:26:22  A,3193,A3,4,0F A,3668,A2,4,0D
17:26:22  [SLOT] n=1246 tx=99 ack=4 due=0 r=1
17:26:22  [AT] "AT+CIPSEND=100" (14)
17:26:22  [DROP-OVF] 줄이 96바이트를 넘어 버렸다
17:26:22  [AT] "SEND OK" (7)
17:26:22  [AT] "+IPD,68:T,3669,S,A4,1,65" (24)
17:26:22  [SLOT-OOW] +459ms
17:26:22  [AT] "T,3670,S,B3,1,69" (16)
17:26:22  [AT] "T,3671,S,A3,1,6B" (16)
17:26:22  [AT] "T,3672,S,A1,1,6A" (16)
17:26:22  [AT] "OK" (2)
17:26:23  [TX] S,1225,0110000010,0000000000,1496,P1,3D
17:26:23  A,3669,A4,4,0A
17:26:23  A,3670,B3,4,06
17:26:23  A,3671,A3,4,04
17:26:23  A,3672,A1,4,05
17:26:23  A,3190,A1,4,0E
17:26:23  A,3191,B2,4,0F
17:26:23  A,3192,A5,4,08
17:26:23  A,3193,A3,4,0F A,3672,A1,4,05
17:26:23  [SLOT] n=1247 tx=99 ack=4 due=0 r=1
17:26:23  [DROP-OVF] 줄이 96바이트를 넘어 버렸다
17:26:23  [AT] "SEND OK" (7)
17:26:23  [AT] "+IPD,68:T,3673,S,A5,1,6F" (24)
17:26:23  [SLOT-OOW] +304ms
17:26:23  [AT] "T,3674,S,B1,1,6F" (16)
17:26:23  [AT] "T,3675,S,B2,1,6D" (16)
17:26:23  [AT] "T,3676,S,A2,1,6D" (16)
17:26:23  [AT] "OK" (2)
17:26:23  [AT] "AT+CIPSEND=100" (14)
17:26:24  [TX] S,1226,0110000010,0000000000,1497,P1,3F
17:26:24  A,3673,A5,4,00
17:26:24  A,3674,B1,4,00
17:26:24  A,3675,B2,4,02
17:26:24  A,3676,A2,4,02
17:26:24  A,3190,A1,4,0E
17:26:24  A,3191,B2,4,0F
17:26:24  A,3192,A5,4,08
17:26:24  A,3193,A3,4,0F A,3676,A2,4,02
17:26:24  [SLOT] n=1248 tx=99 ack=4 due=0 r=1
17:26:24  [AT] "AT+CIPSEND=100" (14)
17:26:24  [DROP-OVF] 줄이 96바이트를 넘어 버렸다
17:26:24  [AT] "SEND OK" (7)
17:26:24  [AT] "+IPD,68:T,3677,S,A4,1,6A" (24)
17:26:24  [SLOT-OOW] +285ms
17:26:24  [AT] "T,3678,S,A3,1,62" (16)
17:26:24  [AT] "T,3679,S,B3,1,60" (16)
17:26:24  [AT] "T,3680,S,A1,1,67" (16)
17:26:24  [AT] "OK" (2)
17:26:25  [TX] S,1227,0110000010,0000000000,1498,P1,31
17:26:25  A,3677,A4,4,05
17:26:25  A,3678,A3,4,0D
17:26:25  A,3679,B3,4,0F
17:26:25  A,3680,A1,4,08
17:26:25  A,3190,A1,4,0E
17:26:25  A,3191,B2,4,0F
17:26:25  A,3192,A5,4,08
17:26:25  A,3193,A3,4,0F A,3680,A1,4,08
17:26:25  [SLOT] n=1249 tx=99 ack=4 due=0 r=1
17:26:25  [DROP-OVF] 줄이 96바이트를 넘어 버렸다
17:26:25  [AT] "SEND OK" (7)
17:26:25  [AT] "+IPD,68:T,3681,S,B1,1,65" (24)
17:26:25  [SLOT-OOW] +306ms
17:26:25  [AT] "T,3682,S,B2,1,65" (16)
17:26:25  [AT] "T,3683,S,A5,1,60" (16)
17:26:25  [AT] "T,3684,S,A2,1,60" (16)
17:26:25  [AT] "OK" (2)
17:26:25  [AT] "AT+CIPSEND=100" (14)
17:26:26  [TX] S,1228,0110000010,0000000000,1500,P1,3E
17:26:26  A,3681,B1,4,0A
17:26:26  A,3682,B2,4,0A
17:26:26  A,3683,A5,4,0F
17:26:26  A,3684,A2,4,0F
17:26:26  A,3190,A1,4,0E
17:26:26  A,3191,B2,4,0F
17:26:26  A,3192,A5,4,08
17:26:26  A,3193,A3,4,0F A,3684,A2,4,0F
17:26:26  [SLOT] n=1250 tx=99 ack=4 due=0 r=1
17:26:27  [CNT] up=1500 drop=1 esprst=2 resync=3 sendfail=0 okto=0 stuck=0 ackq=0 ackdrop=0 ackstale=0 slot=1250 oow=914 smiss=2 ssovf=80 cksumng=82 okstream=1228 penddrop=9 skip=0 online=1
17:26:27  [RAM] 최저 여유 627 B · 프롬프트 재동기 3회 (서버의 '버린줄' 과 맞아야 한다)
17:26:27  [DROP-OVF] 줄이 96바이트를 넘어 버렸다
17:26:27  [AT] "SEND OK" (7)
17:26:27  [AT] "+IPD,68:T,3685,S,B3,1,63" (24)
17:26:27  [SLOT-OOW] +360ms
17:26:27  [AT] "T,3686,S,A4,1,64" (16)
17:26:27  [AT] "AT+CIPSEND=100" (14)
17:26:28  [TX] S,1229,0110000010,0000000000,1501,P1,3E
17:26:28  A,3685,B3,4,0C
17:26:28  A,3686,A4,4,0B
17:26:28  A,3683,A5,4,0F
17:26:28  A,3684,A2,4,0F
17:26:28  A,3190,A1,4,0E
17:26:28  A,3191,B2,4,0F
17:26:28  A,3192,A5,4,08
17:26:28  A,3193,A3,4,0F A,3686,A4,4,0B
17:26:28  [SLOT] n=1251 tx=69 ack=2 due=0 r=1
17:26:28  [AT] "T,3687,SAT+CIPSEND=70" (21)
17:26:28  [CKSUM NG] T,3687,SAT+CIPSEND=70
17:26:28  [AT] " S,1229,0110000010,0000000000,1501,P1,3EA,3685,B3,4,0CA,3686,A4,4,0B" (68)
17:26:28  [AT] "SEND OK" (7)
17:26:28  [AT] "+IPD,68:T,3689,S,A5,1,6A" (24)
17:26:28  [SLOT-OOW] +228ms
17:26:28  [AT] "T,3690,S,B1,1,65" (16)
17:26:28  [AT] "T,3691,S,B2,1,67" (16)
17:26:28  [AT] "T,3692,S,A2,1,67" (16)
17:26:28  [AT] "OK" (2)
17:26:29  [TX] S,1230,0110000010,0000000000,1502,P1,35
17:26:29  A,3689,A5,4,05
17:26:29  A,3690,B1,4,0A
17:26:29  A,3691,B2,4,08
17:26:29  A,3692,A2,4,08
17:26:29  A,3190,A1,4,0E
17:26:29  A,3191,B2,4,0F
17:26:29  A,3192,A5,4,08
17:26:29  A,3193,A3,4,0F A,3692,A2,4,08
17:26:29  [SLOT] n=1252 tx=99 ack=4 due=0 r=1
17:26:29  [AT] "AT+CIPSEND=100" (14)
17:26:29  [DROP-OVF] 줄이 96바이트를 넘어 버렸다
17:26:29  [AT] "SEND OK" (7)
17:26:29  [AT] "+IPD,34:T,3693,S,A4,1,60" (24)
17:26:29  [SLOT-OOW] +307ms
17:26:29  [AT] "T,3694,S,B3,1,63" (16)
17:26:29  [AT] "OK" (2)
17:26:30  [TX] S,1231,0110000010,0000000000,1503,P1,35
17:26:30  A,3693,A4,4,0F
17:26:30  A,3694,B3,4,0C
17:26:30  A,3691,B2,4,08
17:26:30  A,3692,A2,4,08
17:26:30  A,3190,A1,4,0E
17:26:30  A,3191,B2,4,0F
17:26:30  A,3192,A5,4,08
17:26:30  A,3193,A3,4,0F A,3694,B3,4,0C
17:26:30  [SLOT] n=1253 tx=69 ack=2 due=0 r=1
17:26:30  [AT] "AT+CIPSEND=70" (13)
17:26:30  [AT] " S,1231,0110000010,0000000000,1503,P1,35A,3693,A4,4,0FA,3694,B3,4,0C" (68)
17:26:30  [AT] "SEND OK" (7)
17:26:30  [AT] "+IPD,68:T,3687,S,A3,1,62" (24)
17:26:30  [SLOT-OOW] +259ms
17:26:30  [AT] "T,3688,S,A1,1,6F" (16)
17:26:30  [AT] "T,3695,S,B1,1,60" (16)
17:26:30  [AT] "T,3696,S,A5,1,64" (16)
17:26:30  [AT] "OK" (2)
17:26:31  [TX] S,1232,0110000010,0000000000,1504,P1,31
17:26:31  A,3687,A3,4,0D
17:26:31  A,3688,A1,4,00
17:26:31  A,3695,B1,4,0F
17:26:31  A,3696,A5,4,0B
17:26:31  A,3190,A1,4,0E
17:26:31  A,3191,B2,4,0F
17:26:31  A,3192,A5,4,08
17:26:31  A,3193,A3,4,0F A,3696,A5,4,0B
17:26:31  [SLOT] n=1254 tx=99 ack=4 due=0 r=1
17:26:31  [DROP-OVF] 줄이 96바이트를 넘어 버렸다
17:26:31  [AT] "SEND OK" (7)
17:26:31  [AT] "+IPD,68:T,3697,S,A2,1,62" (24)
17:26:31  [SLOT-OOW] +299ms
17:26:31  [AT] "T,3698,S,B2,1,6E" (16)
17:26:31  [AT] "T,3699,S,A4,1,6A" (16)
17:26:31  [AT] "T,3700,S,B3,1,6F" (16)
17:26:31  [AT] "OK" (2)
17:26:31  [AT] "AT+CIPSEND=100" (14)
17:26:32  [TX] S,1233,0110000010,0000000000,1506,P1,32
17:26:32  A,3697,A2,4,0D
17:26:32  A,3698,B2,4,01
17:26:32  A,3699,A4,4,05
17:26:32  A,3700,B3,4,00
17:26:32  A,3190,A1,4,0E
17:26:32  A,3191,B2,4,0F
17:26:32  A,3192,A5,4,08
17:26:32  A,3193,A3,4,0F A,3700,B3,4,00
17:26:32  [SLOT] n=1255 tx=99 ack=4 due=0 r=1
17:26:32  [DROP-OVF] 줄이 96바이트를 넘어 버렸다
17:26:32  [AT] "SEND OK" (7)
17:26:32  [AT] "+IPD,68:T,3701,S,A3,1,6D" (24)
17:26:32  [SLOT-OOW] +287ms
17:26:33  [AT] "T,3702,S,A1,1,6C" (16)
17:26:33  [AT] "T,3703,S,B1,1,6E" (16)
17:26:33  [AT] "T,3704,S,A5,1,6E" (16)
17:26:33  [AT] "OK" (2)
17:26:33  [AT] "AT+CIPSEND=100" (14)
17:26:34  [TX] S,1234,0110000010,0000000000,1507,P1,34
17:26:34  A,3701,A3,4,02
17:26:34  A,3702,A1,4,03
17:26:34  A,3703,B1,4,01
17:26:34  A,3704,A5,4,01
17:26:34  A,3190,A1,4,0E
17:26:34  A,3191,B2,4,0F
17:26:34  A,3192,A5,4,08
17:26:34  A,3193,A3,4,0F A,3704,A5,4,01
17:26:34  [SLOT] n=1256 tx=99 ack=4 due=0 r=1
17:26:34  [AT] "AT+CIPSEND=100" (14)
17:26:34  [DROP-OVF] 줄이 96바이트를 넘어 버렸다
17:26:34  [AT] "SEND OK" (7)
17:26:34  [AT] "+IPD,68:T,3705,S,B2,1,6B" (24)
17:26:34  [SLOT-OOW] +303ms
17:26:34  [AT] "T,3706,S,A2,1,6B" (16)
17:26:34  [AT] "T,3707,S,A4,1,6C" (16)
17:26:34  [AT] "T,3708,S,B3,1,67" (16)
17:26:34  [AT] "OK" (2)
17:26:35  [TX] S,1235,0110000010,0000000000,1508,P1,3A
17:26:35  A,3705,B2,4,04
17:26:35  A,3706,A2,4,04
17:26:35  A,3707,A4,4,03
17:26:35  A,3708,B3,4,08
17:26:35  A,3190,A1,4,0E
17:26:35  A,3191,B2,4,0F
17:26:35  A,3192,A5,4,08
17:26:35  A,3193,A3,4,0F A,3708,B3,4,08
17:26:35  [SLOT] n=1257 tx=99 ack=4 due=0 r=1
17:26:35  [DROP-OVF] 줄이 96바이트를 넘어 버렸다
17:26:35  [AT] "SEND OK" (7)
17:26:35  [AT] "+IPD,68:T,3709,S,A3,1,65" (24)
17:26:35  [SLOT-OOW] +305ms
17:26:35  [AT] "T,3710,S,A1,1,6F" (16)
17:26:35  [AT] "T,3711,S,B1,1,6D" (16)
17:26:35  [AT] "T,3712,S,A5,1,69" (16)
17:26:35  [AT] "OK" (2)
17:26:35  [AT] "AT+CIPSEND=100" (14)
17:26:36  [TX] S,1236,0110000010,0000000000,1509,P1,38
17:26:36  A,3709,A3,4,0A
17:26:36  A,3710,A1,4,00
17:26:36  A,3711,B1,4,02
17:26:36  A,3712,A5,4,06
17:26:36  A,3190,A1,4,0E
17:26:36  A,3191,B2,4,0F
17:26:36  A,3192,A5,4,08
17:26:36  A,3193,A3,4,0F A,3712,A5,4,06
17:26:36  [SLOT] n=1258 tx=99 ack=4 due=0 r=1
17:26:36  [AT] "AT+CIPSEND=100" (14)
17:26:36  [DROP-OVF] 줄이 96바이트를 넘어 버렸다
17:26:36  [AT] "SEND OK" (7)
17:26:36  [AT] "+IPD,68:T,3713,S,B3,1,6D" (24)
17:26:36  [SLOT-OOW] +355ms
17:26:36  [AT] "T,3714,S,A4,1,6E" (16)
17:26:36  [AT] "T,3715,S,B2,1,6A" (16)
17:26:36  [AT] "T,3716,S,A2,1,6A" (16)
17:26:36  [AT] "OK" (2)
17:26:37  [TX] S,1237,0110000010,0000000000,1510,P1,31
17:26:37  A,3713,B3,4,02
17:26:37  A,3714,A4,4,01
17:26:37  A,3715,B2,4,05
17:26:37  A,3716,A2,4,05
17:26:37  A,3190,A1,4,0E
17:26:37  A,3191,B2,4,0F
17:26:37  A,3192,A5,4,08
17:26:37  A,3193,A3,4,0F A,3716,A2,4,05
17:26:37  [SLOT] n=1259 tx=99 ack=4 due=0 r=1
17:26:37  [DROP-OVF] 줄이 96바이트를 넘어 버렸다
17:26:37  [AT] "SEND OK" (7)
17:26:37  [AT] "+IPD,68:T,3717,S,A1,1,68" (24)
17:26:37  [SLOT-OOW] +309ms
17:26:37  [AT] "T,3718,S,A3,1,65" (16)
17:26:37  [AT] "T,3719,S,B1,1,65" (16)
17:26:37  [AT] "T,3720,S,A5,1,68" (16)
17:26:37  [AT] "OK" (2)
17:26:37  [AT] "AT+CIPSEND=100" (14)
17:26:38  [TX] S,1238,0110000010,0000000000,1512,P1,3C
17:26:38  A,3717,A1,4,07
17:26:38  A,3718,A3,4,0A
17:26:38  A,3719,B1,4,0A
17:26:38  A,3720,A5,4,07
17:26:38  A,3190,A1,4,0E
17:26:38  A,3191,B2,4,0F
17:26:38  A,3192,A5,4,08
17:26:38  A,3193,A3,4,0F A,3720,A5,4,07
17:26:38  [SLOT] n=1260 tx=99 ack=4 due=0 r=1
17:26:38  [AT] "AT+CIPSEND=100" (14)
17:26:38  [DROP-OVF] 줄이 96바이트를 넘어 버렸다
17:26:38  [AT] "SEND OK" (7)
17:26:38  [AT] "+IPD,68:T,3721,S,A4,1,68" (24)
17:26:39  [SLOT-OOW] +305ms
17:26:39  [AT] "T,3722,S,A2,1,6D" (16)
17:26:39  [AT] "T,3723,S,B3,1,6E" (16)
17:26:39  [AT] "T,3724,S,B2,1,68" (16)
17:26:39  [AT] "OK" (2)
17:26:40  [TX] S,1239,0110000010,0000000000,1513,P1,3C
17:26:40  A,3721,A4,4,07
17:26:40  A,3722,A2,4,02
17:26:40  A,3723,B3,4,01
17:26:40  A,3724,B2,4,07
17:26:40  A,3190,A1,4,0E
17:26:40  A,3191,B2,4,0F
17:26:40  A,3192,A5,4,08
17:26:40  A,3193,A3,4,0F A,3724,B2,4,07
17:26:40  [SLOT] n=1261 tx=99 ack=4 due=0 r=1
17:26:40  [AT] "AT+CIPSEND=100" (14)
17:26:40  [DROP-OVF] 줄이 96바이트를 넘어 버렸다
17:26:40  [AT] "SEND OK" (7)
17:26:40  [AT] "+IPD,68:T,3725,S,A5,1,6D" (24)
17:26:40  [SLOT-OOW] +332ms
17:26:40  [AT] "T,3726,S,A1,1,6A" (16)
17:26:40  [AT] "T,3727,S,A3,1,69" (16)
17:26:40  [AT] "T,3728,S,B1,1,67" (16)
17:26:40  [AT] "OK" (2)
17:26:41  [TX] S,1240,0110000010,0000000000,1514,P1,35
17:26:41  A,3725,A5,4,02
17:26:41  A,3726,A1,4,05
17:26:41  A,3727,A3,4,06
17:26:41  A,3728,B1,4,08
17:26:41  A,3190,A1,4,0E
17:26:41  A,3191,B2,4,0F
17:26:41  A,3192,A5,4,08
17:26:41  A,3193,A3,4,0F A,3728,B1,4,08
17:26:41  [SLOT] n=1262 tx=99 ack=4 due=0 r=1
17:26:41  [AT] "AT+CIPSEND=100" (14)
17:26:41  [DROP-OVF] 줄이 96바이트를 넘어 버렸다
17:26:41  [AT] "SEND OK" (7)
17:26:41  [AT] "+IPD,68:T,3729,S,B2,1,65" (24)
17:26:41  [SLOT-OOW] +359ms
17:26:41  [AT] "T,3730,S,A2,1,6E" (16)
17:26:41  [AT] "T,3731,S,A4,1,69" (16)
17:26:41  [AT] "T,3732,S,B3,1,6E" (16)
17:26:41  [AT] "OK" (2)
17:26:42  [TX] S,1241,0110000010,0000000000,1515,P1,35
17:26:42  A,3729,B2,4,0A
17:26:42  A,3730,A2,4,01
17:26:42  A,3731,A4,4,06
17:26:42  A,3732,B3,4,01
17:26:42  A,3190,A1,4,0E
17:26:42  A,3191,B2,4,0F
17:26:42  A,3192,A5,4,08
17:26:42  A,3193,A3,4,0F A,3732,B3,4,01
17:26:42  [SLOT] n=1263 tx=99 ack=4 due=0 r=1
17:26:42  [AT] "AT+CIPSEND=100" (14)
17:26:42  [DROP-OVF] 줄이 96바이트를 넘어 버렸다
17:26:42  [AT] "SEND OK" (7)
17:26:42  [AT] "+IPD,68:T,3733,S,B1,1,6D" (24)
17:26:42  [SLOT-OOW] +286ms
17:26:42  [AT] "T,3734,S,A3,1,6B" (16)
17:26:42  [AT] "T,3735,S,A1,1,68" (16)
17:26:42  [AT] "T,3736,S,A5,1,6F" (16)
17:26:42  [AT] "OK" (2)
17:26:43  [TX] S,1242,0110000010,0000000000,1516,P1,35
17:26:43  A,3733,B1,4,02
17:26:43  A,3734,A3,4,04
17:26:43  A,3735,A1,4,07
17:26:43  A,3736,A5,4,00
17:26:43  A,3190,A1,4,0E
17:26:43  A,3191,B2,4,0F
17:26:43  A,3192,A5,4,08
17:26:43  A,3193,A3,4,0F A,3736,A5,4,00
17:26:43  [SLOT] n=1264 tx=99 ack=4 due=0 r=1
17:26:43  [AT] "AT+CIPSEND=100" (14)
17:26:43  [DROP-OVF] 줄이 96바이트를 넘어 버렸다
17:26:43  [AT] "SEND OK" (7)
17:26:43  [AT] "+IPD,68:T,3737,S,A2,1,69" (24)
17:26:43  [SLOT-OOW] +277ms
17:26:43  [AT] "T,3738,S,B2,1,65" (16)
17:26:43  [AT] "T,3739,S,B3,1,65" (16)
17:26:43  [AT] "T,3740,S,A4,1,6F" (16)
17:26:43  [AT] "OK" (2)
17:26:44  [TX] S,1243,0110000010,0000000000,1518,P1,3A
17:26:44  A,3737,A2,4,06
17:26:44  A,3738,B2,4,0A
17:26:44  A,3739,B3,4,0A
17:26:44  A,3740,A4,4,00
17:26:44  A,3190,A1,4,0E
17:26:44  A,3191,B2,4,0F
17:26:44  A,3192,A5,4,08
17:26:44  A,3193,A3,4,0F A,3740,A4,4,00
17:26:44  [SLOT] n=1265 tx=99 ack=4 due=0 r=1
17:26:44  [AT] "AT+CIPSEND=100" (14)
17:26:44  [DROP-OVF] 줄이 96바이트를 넘어 버렸다
17:26:44  [AT] "SEND OK" (7)
17:26:44  [AT] "+IPD,68:T,3741,S,B1,1,68" (24)
17:26:44  [SLOT-OOW] +273ms
17:26:44  [AT] "T,3742,S,A1,1,68" (16)
17:26:45  [AT] "T,3743,S,A5,1,6D" (16)
17:26:45  [AT] "T,3744,S,A3,1,6C" (16)
17:26:45  [AT] "OK" (2)
17:26:46  [TX] S,1244,0110000010,0000000000,1519,P1,3C
17:26:46  A,3741,B1,4,07
17:26:46  A,3742,A1,4,07
17:26:46  A,3743,A5,4,02
17:26:46  A,3744,A3,4,03
17:26:46  A,3190,A1,4,0E
17:26:46  A,3191,B2,4,0F
17:26:46  A,3192,A5,4,08
17:26:46  A,3193,A3,4,0F A,3744,A3,4,03
17:26:46  [SLOT] n=1266 tx=99 ack=4 due=0 r=1
17:26:46  [AT] "AT+CIPSEND=100" (14)
17:26:46  [DROP-OVF] 줄이 96바이트를 넘어 버렸다
17:26:46  [AT] "SEND OK" (7)
17:26:46  [AT] "+IPD,68:T,3745,S,B3,1,6E" (24)
17:26:46  [SLOT-OOW] +462ms
17:26:46  [AT] "T,3746,S,B2,1,6C" (16)
17:26:46  [AT] "T,3747,S,A2,1,6E" (16)
17:26:46  [AT] "T,3748,S,A4,1,67" (16)
17:26:46  [AT] "OK" (2)
17:26:47  [TX] S,1245,0110000010,0000000000,1520,P1,37
17:26:47  A,3745,B3,4,01
17:26:47  A,3746,B2,4,03
17:26:47  A,3747,A2,4,01
17:26:47  A,3748,A4,4,08
17:26:47  A,3190,A1,4,0E
17:26:47  A,3191,B2,4,0F
17:26:47  A,3192,A5,4,08
17:26:47  A,3193,A3,4,0F A,3748,A4,4,08
17:26:47  [SLOT] n=1267 tx=99 ack=4 due=0 r=1
17:26:47  [AT] "AT+CIPSEND=100" (14)
17:26:47  [DROP-OVF] 줄이 96바이트를 넘어 버렸다
17:26:47  [AT] "SEND OK" (7)
17:26:47  [AT] "+IPD,68:T,3749,S,A3,1,61" (24)
17:26:47  [SLOT-OOW] +276ms
17:26:47  [AT] "T,3750,S,A5,1,6F" (16)
17:26:47  [AT] "T,3751,S,A1,1,6A" (16)
17:26:47  [AT] "T,3752,S,B1,1,6A" (16)
17:26:47  [AT] "OK" (2)
17:26:48  [TX] S,1246,0110000010,0000000000,1521,P1,35
17:26:48  A,3749,A3,4,0E
17:26:48  A,3750,A5,4,00
17:26:48  A,3751,A1,4,05
17:26:48  A,3752,B1,4,05
17:26:48  A,3190,A1,4,0E
17:26:48  A,3191,B2,4,0F
17:26:48  A,3192,A5,4,08
17:26:48  A,3193,A3,4,0F A,3752,B1,4,05
17:26:48  [SLOT] n=1268 tx=99 ack=4 due=0 r=1
17:26:48  [AT] "AT+CIPSEND=100" (14)
17:26:48  [DROP-OVF] 줄이 96바이트를 넘어 버렸다
17:26:48  [AT] "SEND OK" (7)
17:26:48  [AT] "+IPD,68:T,3753,S,B3,1,69" (24)
17:26:48  [SLOT-OOW] +297ms
17:26:48  [AT] "T,3754,S,B2,1,6F" (16)
17:26:48  [AT] "T,3755,S,A2,1,6D" (16)
17:26:48  [AT] "T,3756,S,A4,1,68" (16)
17:26:48  [AT] "OK" (2)
17:26:49  [TX] S,1247,0110000010,0000000000,1522,P1,37
17:26:49  A,3753,B3,4,06
17:26:49  A,3754,B2,4,00
17:26:49  A,3755,A2,4,02
17:26:49  A,3756,A4,4,07
17:26:49  A,3190,A1,4,0E
17:26:49  A,3191,B2,4,0F
17:26:49  A,3192,A5,4,08
17:26:49  A,3193,A3,4,0F A,3756,A4,4,07
17:26:49  [SLOT] n=1269 tx=99 ack=4 due=0 r=1
17:26:49  [AT] "AT+CIPSEND=100" (14)
17:26:49  [DROP-OVF] 줄이 96바이트를 넘어 버렸다
17:26:49  [AT] "SEND OK" (7)
17:26:49  [AT] "+IPD,68:T,3757,S,B1,1,6F" (24)
17:26:49  [SLOT-OOW] +297ms
17:26:49  [AT] "T,3758,S,A1,1,63" (16)
17:26:49  [AT] "T,3759,S,A5,1,66" (16)
17:26:49  [AT] "T,3760,S,A3,1,6A" (16)
17:26:49  [AT] "OK" (2)
17:26:50  [TX] S,1248,0110000010,0000000000,1524,P1,3E
17:26:50  A,3757,B1,4,00
17:26:50  A,3758,A1,4,0C
17:26:50  A,3759,A5,4,09
17:26:50  A,3760,A3,4,05
17:26:50  A,3190,A1,4,0E
17:26:50  A,3191,B2,4,0F
17:26:50  A,3192,A5,4,08
17:26:50  A,3193,A3,4,0F A,3760,A3,4,05
17:26:50  [SLOT] n=1270 tx=99 ack=4 due=0 r=1
17:26:50  [AT] "AT+CIPSEND=100" (14)
17:26:50  [DROP-OVF] 줄이 96바이트를 넘어 버렸다
17:26:50  [AT] "SEND OK" (7)
17:26:51  [AT] "+IPD,68:T,3761,S,A2,1,6A" (24)
17:26:51  [AT] "T,3762,S,B2,1,6A" (16)
17:26:51  [AT] "T,3763,S,A4,1,6E" (16)
17:26:51  [AT] "T,3764,S,B3,1,6D" (16)
17:26:51  [AT] "OK" (2)
17:26:52  [TX] S,1249,0110000010,0000000000,1525,P1,3E
17:26:52  A,3761,A2,4,05
17:26:52  A,3762,B2,4,05
17:26:52  A,3763,A4,4,01
17:26:52  A,3764,B3,4,02
17:26:52  A,3190,A1,4,0E
17:26:52  A,3191,B2,4,0F
17:26:52  A,3192,A5,4,08
17:26:52  A,3193,A3,4,0F A,3764,B3,4,02
17:26:52  [SLOT] n=1271 tx=99 ack=4 due=0 r=1
17:26:52  [AT] "AT+CIPSEND=100" (14)
17:26:52  [DROP-OVF] 줄이 96바이트를 넘어 버렸다
17:26:52  [AT] "SEND OK" (7)
17:26:52  [AT] "+IPD,68:T,3765,S,A5,1,69" (24)
17:26:52  [SLOT-OOW] +281ms
17:26:52  [AT] "T,3766,S,A1,1,6E" (16)
17:26:52  [AT] "T,3767,S,B1,1,6C" (16)
17:26:52  [AT] "T,3768,S,A3,1,62" (16)
17:26:52  [AT] "OK" (2)
17:26:53  [TX] S,1250,0110000010,0000000000,1526,P1,35
17:26:53  A,3765,A5,4,06
17:26:53  A,3766,A1,4,01
17:26:53  A,3767,B1,4,03
17:26:53  A,3768,A3,4,0D
17:26:53  A,3190,A1,4,0E
17:26:53  A,3191,B2,4,0F
17:26:53  A,3192,A5,4,08
17:26:53  A,3193,A3,4,0F A,3768,A3,4,0D
17:26:53  [SLOT] n=1272 tx=99 ack=4 due=0 r=1
17:26:53  [AT] "AT+CIPSEND=100" (14)
17:26:53  [DROP-OVF] 줄이 96바이트를 넘어 버렸다
17:26:53  [AT] "SEND OK" (7)
17:26:53  [AT] "+IPD,68:T,3769,S,A2,1,62" (24)
17:26:53  [SLOT-OOW] +294ms
17:26:53  [AT] "T,3770,S,B2,1,69" (16)
17:26:53  [AT] "T,3771,S,B3,1,69" (16)
17:26:53  [AT] "T,3772,S,A4,1,6E" (16)
17:26:53  [AT] "OK" (2)
17:26:54  [TX] S,1251,0110000010,0000000000,1527,P1,35
17:26:54  A,3769,A2,4,0D
17:26:54  A,3770,B2,4,06
17:26:54  A,3771,B3,4,06
17:26:54  A,3772,A4,4,01
17:26:54  A,3190,A1,4,0E
17:26:54  A,3191,B2,4,0F
17:26:54  A,3192,A5,4,08
17:26:54  A,3193,A3,4,0F A,3772,A4,4,01
17:26:54  [SLOT] n=1273 tx=99 ack=4 due=0 r=1
17:26:54  [AT] "AT+CIPSEND=100" (14)
17:26:54  [DROP-OVF] 줄이 96바이트를 넘어 버렸다
17:26:54  [AT] "SEND OK" (7)
17:26:54  [AT] "+IPD,68:T,3773,S,A5,1,6E" (24)
17:26:54  [SLOT-OOW] +272ms
17:26:54  [AT] "T,3774,S,A1,1,6D" (16)
17:26:54  [AT] "T,3775,S,B1,1,6F" (16)
17:26:54  [AT] "T,3776,S,A3,1,6D" (16)
17:26:54  [AT] "OK" (2)
17:26:55  [TX] S,1252,0110000010,0000000000,1528,P1,39
17:26:55  A,3773,A5,4,01
17:26:55  A,3774,A1,4,02
17:26:55  A,3775,B1,4,00
17:26:55  A,3776,A3,4,02
17:26:55  A,3190,A1,4,0E
17:26:55  A,3191,B2,4,0F
17:26:55  A,3192,A5,4,08
17:26:55  A,3193,A3,4,0F A,3776,A3,4,02
17:26:55  [SLOT] n=1274 tx=99 ack=4 due=0 r=1
17:26:55  [AT] "AT+CIPSEND=100" (14)
17:26:55  [DROP-OVF] 줄이 96바이트를 넘어 버렸다
17:26:55  [AT] "SEND OK" (7)
17:26:55  [AT] "+IPD,68:T,3777,S,A2,1,6D" (24)
17:26:55  [SLOT-OOW] +301ms
17:26:55  [AT] "T,3778,S,B2,1,61" (16)
17:26:55  [AT] "T,3779,S,B3,1,61" (16)
17:26:55  [AT] "T,3780,S,A4,1,63" (16)
17:26:55  [AT] "OK" (2)
17:26:56  [TX] S,1253,0110000010,0000000000,1530,P1,31
17:26:56  A,3777,A2,4,02
17:26:56  A,3778,B2,4,0E
17:26:56  A,3779,B3,4,0E
17:26:56  A,3780,A4,4,0C
17:26:56  A,3190,A1,4,0E
17:26:56  A,3191,B2,4,0F
17:26:56  A,3192,A5,4,08
17:26:56  A,3193,A3,4,0F A,3780,A4,4,0C
17:26:56  [SLOT] n=1275 tx=99 ack=4 due=0 r=1
17:26:56  [DROP-OVF] 줄이 96바이트를 넘어 버렸다
17:26:56  [AT] "SEND OK" (7)
17:26:56  [AT] "AT+CIPSEND=100" (14)
17:26:56  [AT] "+IPD,68:T,3781,S,B1,1,64" (24)
17:26:56  [SLOT-OOW] +280ms
17:26:56  [AT] "T,3782,S,A5,1,60" (16)
17:26:56  [AT] "T,3783,S,A1,1,65" (16)
17:26:56  [AT] "T,3784,S,A3,1,60" (16)
17:26:57  [AT] "OK" (2)
17:26:58  [TX] S,1254,0110000010,0000000000,1531,P1,37
17:26:58  A,3781,B1,4,0B
17:26:58  A,3782,A5,4,0F
17:26:58  A,3783,A1,4,0A
17:26:58  A,3784,A3,4,0F
17:26:58  A,3190,A1,4,0E
17:26:58  A,3191,B2,4,0F
17:26:58  A,3192,A5,4,08
17:26:58  A,3193,A3,4,0F A,3784,A3,4,0F
17:26:58  [SLOT] n=1276 tx=99 ack=4 due=0 r=1
17:26:58  [AT] "AT+CIPSEND=100" (14)
17:26:58  [DROP-OVF] 줄이 96바이트를 넘어 버렸다
17:26:58  [AT] "SEND OK" (7)
17:26:58  [AT] "+IPD,68:T,3785,S,A2,1,60" (24)
17:26:58  [SLOT-OOW] +309ms
17:26:58  [AT] "T,3786,S,B2,1,60" (16)
17:26:58  [AT] "T,3787,S,B3,1,60" (16)
17:26:58  [AT] "T,3788,S,A4,1,6B" (16)
17:26:58  [AT] "OK" (2)
17:26:59  [TX] S,1255,0110000010,0000000000,1532,P1,35
17:26:59  A,3785,A2,4,0F
17:26:59  A,3786,B2,4,0F
17:26:59  A,3787,B3,4,0F
17:26:59  A,3788,A4,4,04
17:26:59  A,3190,A1,4,0E
17:26:59  A,3191,B2,4,0F
17:26:59  A,3192,A5,4,08
17:26:59  A,3193,A3,4,0F A,3788,A4,4,04
17:26:59  [SLOT] n=1277 tx=99 ack=4 due=0 r=1
17:26:59  [AT] "AT+CIPSEND=100" (14)
17:26:59  [DROP-OVF] 줄이 96바이트를 넘어 버렸다
17:26:59  [AT] "SEND OK" (7)
17:26:59  [AT] "+IPD,68:T,3789,S,A1,1,6F" (24)
17:26:59  [SLOT-OOW] +531ms
17:26:59  [AT] "T,3790,S,A3,1,65" (16)
17:26:59  [AT] "T,3791,S,B1,1,65" (16)
17:26:59  [AT] "T,3792,S,A5,1,61" (16)
17:26:59  [AT] "OK" (2)
17:27:00  [TX] S,1256,0110000010,0000000000,1533,P1,37
17:27:00  A,3789,A1,4,00
17:27:00  A,3790,A3,4,0A
17:27:00  A,3791,B1,4,0A
17:27:00  A,3792,A5,4,0E
17:27:00  A,3190,A1,4,0E
17:27:00  A,3191,B2,4,0F
17:27:00  A,3192,A5,4,08
17:27:00  A,3193,A3,4,0F A,3792,A5,4,0E
17:27:00  [SLOT] n=1278 tx=99 ack=4 due=0 r=1
17:27:00  [AT] "AT+CIPSEND=100" (14)
17:27:00  [DROP-OVF] 줄이 96바이트를 넘어 버렸다
17:27:00  [AT] "SEND OK" (7)
17:27:00  [AT] "+IPD,68:T,3793,S,B3,1,65" (24)
17:27:00  [SLOT-OOW] +459ms
17:27:00  [AT] "T,3794,S,A2,1,60" (16)
17:27:00  [AT] "T,3795,S,A4,1,67" (16)
17:27:00  [AT] "T,3796,S,B2,1,61" (16)
17:27:00  [AT] "OK" (2)
17:27:01  [TX] S,1257,0110000010,0000000000,1534,P1,31
17:27:01  A,3793,B3,4,0A
17:27:01  A,3794,A2,4,0F
17:27:01  A,3795,A4,4,08
17:27:01  A,3796,B2,4,0E
17:27:01  A,3190,A1,4,0E
17:27:01  A,3191,B2,4,0F
17:27:01  A,3192,A5,4,08
17:27:01  A,3193,A3,4,0F A,3796,B2,4,0E
17:27:01  [SLOT] n=1279 tx=99 ack=4 due=0 r=1
17:27:01  [AT] "AT+CIPSEND=100" (14)
17:27:01  [DROP-OVF] 줄이 96바이트를 넘어 버렸다
17:27:01  [AT] "SEND OK" (7)
17:27:01  [AT] "+IPD,68:T,3797,S,A3,1,62" (24)
17:27:01  [SLOT-OOW] +483ms
17:27:01  [AT] "T,3798,S,A1,1,6F" (16)
17:27:02  [AT] "T,3799,S,B1,1,6D" (16)
17:27:02  [AT] "T,3800,S,A5,1,65" (16)
17:27:02  [AT] "OK" (2)
17:27:02  [TX] S,1258,0110000010,0000000000,1536,P1,3C
17:27:02  A,3797,A3,4,0D
17:27:02  A,3798,A1,4,00
17:27:02  A,3799,B1,4,02
17:27:02  A,3800,A5,4,0A
17:27:02  A,3190,A1,4,0E
17:27:02  A,3191,B2,4,0F
17:27:02  A,3192,A5,4,08
17:27:02  A,3193,A3,4,0F A,3800,A5,4,0A
17:27:02  [SLOT] n=1280 tx=99 ack=4 due=0 r=1
17:27:02  [AT] "AT+CIPSEND=100" (14)
17:27:02  [DROP-OVF] 줄이 96바이트를 넘어 버렸다
17:27:02  [AT] "SEND OK" (7)
17:27:02  [AT] "+IPD,68:T,3801,S,A2,1,63" (24)
17:27:02  [SLOT-OOW] +288ms
17:27:02  [AT] "T,3802,S,B3,1,62" (16)
17:27:03  [AT] "T,3803,S,A4,1,67" (16)
17:27:03  [AT] "T,3804,S,B2,1,65" (16)
17:27:03  [AT] "OK" (2)
17:27:04  [TX] S,1259,0110000010,0000000000,1537,P1,3C
17:27:04  A,3801,A2,4,0C
17:27:04  A,3802,B3,4,0D
17:27:04  A,3803,A4,4,08
17:27:04  A,3804,B2,4,0A
17:27:04  A,3190,A1,4,0E
17:27:04  A,3191,B2,4,0F
17:27:04  A,3192,A5,4,08
17:27:04  A,3193,A3,4,0F A,3804,B2,4,0A
17:27:04  [SLOT] n=1281 tx=99 ack=4 due=0 r=1
17:27:04  [AT] "AT+CIPSEND=100" (14)
17:27:04  [DROP-OVF] 줄이 96바이트를 넘어 버렸다
17:27:04  [AT] "SEND OK" (7)
17:27:04  [AT] "+IPD,68:T,3805,S,A3,1,66" (24)
17:27:04  [SLOT-OOW] +434ms
17:27:04  [AT] "T,3806,S,A1,1,67" (16)
17:27:04  [AT] "T,3807,S,B1,1,65" (16)
17:27:04  [AT] "T,3808,S,A5,1,6D" (16)
17:27:04  [AT] "OK" (2)
17:27:05  [TX] S,1260,0110000010,0000000000,1538,P1,39
17:27:05  A,3805,A3,4,09
17:27:05  A,3806,A1,4,08
17:27:05  A,3807,B1,4,0A
17:27:05  A,3808,A5,4,02
17:27:05  A,3190,A1,4,0E
17:27:05  A,3191,B2,4,0F
17:27:05  A,3192,A5,4,08
17:27:05  A,3193,A3,4,0F A,3808,A5,4,02
17:27:05  [SLOT] n=1282 tx=99 ack=4 due=0 r=1
17:27:05  [AT] "AT+CIPSEND=100" (14)
17:27:05  [DROP-OVF] 줄이 96바이트를 넘어 버렸다
17:27:05  [AT] "SEND OK" (7)
17:27:05  [AT] "+IPD,68:T,3809,S,B3,1,69" (24)
17:27:05  [SLOT-OOW] +354ms
17:27:05  [AT] "T,3810,S,A2,1,63" (16)
17:27:05  [AT] "T,3811,S,A4,1,64" (16)
17:27:05  [AT] "T,3812,S,B2,1,62" (16)
17:27:05  [AT] "OK" (2)
17:27:06  [TX] S,1261,0110000010,0000000000,1539,P1,39
17:27:06  A,3809,B3,4,06
17:27:06  A,3810,A2,4,0C
17:27:06  A,3811,A4,4,0B
17:27:06  A,3812,B2,4,0D
17:27:06  A,3190,A1,4,0E
17:27:06  A,3191,B2,4,0F
17:27:06  A,3192,A5,4,08
17:27:06  A,3193,A3,4,0F A,3812,B2,4,0D
17:27:06  [SLOT] n=1283 tx=99 ack=4 due=0 r=1
17:27:06  [AT] "AT+CIPSEND=100" (14)
17:27:06  [DROP-OVF] 줄이 96바이트를 넘어 버렸다
17:27:06  [AT] "SEND OK" (7)
17:27:06  [AT] "+IPD,68:T,3813,S,A3,1,61" (24)
17:27:06  [SLOT-OOW] +277ms
17:27:06  [AT] "T,3814,S,B1,1,67" (16)
17:27:06  [AT] "T,3815,S,A1,1,65" (16)
17:27:06  [AT] "T,3816,S,A5,1,62" (16)
17:27:06  [AT] "OK" (2)
17:27:07  [TX] S,1262,0110000010,0000000000,1540,P1,34
17:27:07  A,3813,A3,4,0E
17:27:07  A,3814,B1,4,08
17:27:07  A,3815,A1,4,0A
17:27:07  A,3816,A5,4,0D
17:27:07  A,3190,A1,4,0E
17:27:07  A,3191,B2,4,0F
17:27:07  A,3192,A5,4,08
17:27:07  A,3193,A3,4,0F A,3816,A5,4,0D
17:27:07  [SLOT] n=1284 tx=99 ack=4 due=0 r=1
17:27:07  [AT] "AT+CIPSEND=100" (14)
17:27:07  [DROP-OVF] 줄이 96바이트를 넘어 버렸다
17:27:07  [AT] "SEND OK" (7)
17:27:07  [AT] "+IPD,68:T,3817,S,A2,1,64" (24)
17:27:07  [SLOT-OOW] +305ms
17:27:07  [AT] "T,3818,S,B2,1,68" (16)
17:27:07  [AT] "T,3819,S,B3,1,68" (16)
17:27:07  [AT] "T,3820,S,A4,1,66" (16)
17:27:07  [AT] "OK" (2)
17:27:08  [TX] S,1263,0110000010,0000000000,1542,P1,37
17:27:08  A,3817,A2,4,0B
17:27:08  A,3818,B2,4,07
17:27:08  A,3819,B3,4,07
17:27:08  A,3820,A4,4,09
17:27:08  A,3190,A1,4,0E
17:27:08  A,3191,B2,4,0F
17:27:08  A,3192,A5,4,08
17:27:08  A,3193,A3,4,0F A,3820,A4,4,09
17:27:08  [SLOT] n=1285 tx=99 ack=4 due=0 r=1
17:27:08  [AT] "AT+CIPSEND=100" (14)
17:27:08  [DROP-OVF] 줄이 96바이트를 넘어 버렸다
17:27:08  [AT] "SEND OK" (7)
17:27:08  [AT] "+IPD,68:T,3821,S,A5,1,66" (24)
17:27:08  [SLOT-OOW] +299ms
17:27:08  [AT] "T,3822,S,A3,1,63" (16)
17:27:08  [AT] "T,3823,S,A1,1,60" (16)
17:27:08  [AT] "T,3824,S,B1,1,64" (16)
17:27:08  [AT] "OK" (2)
17:27:10  [TX] S,1264,0110000010,0000000000,1543,P1,31
17:27:10  A,3821,A5,4,09
17:27:10  A,3822,A3,4,0C
17:27:10  A,3823,A1,4,0F
17:27:10  A,3824,B1,4,0B
17:27:10  A,3190,A1,4,0E
17:27:10  A,3191,B2,4,0F
17:27:10  A,3192,A5,4,08
17:27:10  A,3193,A3,4,0F A,3824,B1,4,0B
17:27:10  [SLOT] n=1286 tx=99 ack=4 due=0 r=1
17:27:10  [AT] "AT+CIPSEND=100" (14)
17:27:10  [DROP-OVF] 줄이 96바이트를 넘어 버렸다
17:27:10  [AT] "SEND OK" (7)
17:27:10  [AT] "+IPD,68:T,3825,S,A2,1,65" (24)
17:27:10  [SLOT-OOW] +457ms
17:27:10  [AT] "T,3826,S,B3,1,64" (16)
17:27:10  [AT] "T,3827,S,B2,1,64" (16)
17:27:10  [AT] "T,3828,S,A4,1,6E" (16)
17:27:10  [AT] "OK" (2)
17:27:11  [TX] S,1265,0110000010,0000000000,1544,P1,37
17:27:11  A,3825,A2,4,0A
17:27:11  A,3826,B3,4,0B
17:27:11  A,3827,B2,4,0B
17:27:11  A,3828,A4,4,01
17:27:11  A,3190,A1,4,0E
17:27:11  A,3191,B2,4,0F
17:27:11  A,3192,A5,4,08
17:27:11  A,3193,A3,4,0F A,3828,A4,4,01
17:27:11  [SLOT] n=1287 tx=99 ack=4 due=0 r=1
17:27:11  [AT] "AT+CIPSEND=100" (14)
17:27:11  [DROP-OVF] 줄이 96바이트를 넘어 버렸다
17:27:11  [AT] "SEND OK" (7)
17:27:11  [AT] "+IPD,68:T,3829,S,A5,1,6E" (24)
17:27:11  [SLOT-OOW] +280ms
17:27:11  [AT] "T,3830,S,B1,1,61" (16)
17:27:11  [AT] "T,3831,S,A1,1,63" (16)
17:27:11  [AT] "T,3832,S,A3,1,62" (16)
17:27:11  [AT] "OK" (2)
17:27:12  [TX] S,1266,0110000010,0000000000,1545,P1,35
17:27:12  A,3829,A5,4,01
17:27:12  A,3830,B1,4,0E
17:27:12  A,3831,A1,4,0C
17:27:12  A,3832,A3,4,0D
17:27:12  A,3190,A1,4,0E
17:27:12  A,3191,B2,4,0F
17:27:12  A,3192,A5,4,08
17:27:12  A,3193,A3,4,0F A,3832,A3,4,0D
17:27:12  [SLOT] n=1288 tx=99 ack=4 due=0 r=1
17:27:12  [AT] "AT+CIPSEND=100" (14)
17:27:12  [DROP-OVF] 줄이 96바이트를 넘어 버렸다
17:27:12  [AT] "SEND OK" (7)
17:27:12  [AT] "+IPD,68:T,3833,S,B3,1,60" (24)
17:27:12  [SLOT-OOW] +306ms
17:27:12  [AT] "T,3834,S,A2,1,65" (16)
17:27:12  [AT] "T,3835,S,A4,1,62" (16)
17:27:12  [AT] "T,3836,S,B2,1,64" (16)
17:27:12  [AT] "OK" (2)
17:27:13  [TX] S,1267,0110000010,0000000000,1546,P1,37
17:27:13  A,3833,B3,4,0F
17:27:13  A,3834,A2,4,0A
17:27:13  A,3835,A4,4,0D
17:27:13  A,3836,B2,4,0B
17:27:13  A,3190,A1,4,0E
17:27:13  A,3191,B2,4,0F
17:27:13  A,3192,A5,4,08
17:27:13  A,3193,A3,4,0F A,3836,B2,4,0B
17:27:13  [SLOT] n=1289 tx=99 ack=4 due=0 r=1
17:27:13  [AT] "AT+CIPSEND=100" (14)
17:27:13  [DROP-OVF] 줄이 96바이트를 넘어 버렸다
17:27:13  [AT] "SEND OK" (7)
17:27:13  [AT] "+IPD,68:T,3837,S,A5,1,61" (24)
17:27:13  [SLOT-OOW] +331ms
17:27:13  [AT] "T,3838,S,B1,1,69" (16)
17:27:13  [AT] "T,3839,S,A1,1,6B" (16)
17:27:13  [AT] "T,3840,S,A3,1,67" (16)
17:27:13  [AT] "OK" (2)
17:27:14  [TX] S,1268,0110000010,0000000000,1548,P1,36
17:27:14  A,3837,A5,4,0E
17:27:14  A,3838,B1,4,06
17:27:14  A,3839,A1,4,04
17:27:14  A,3840,A3,4,08
17:27:14  A,3190,A1,4,0E
17:27:14  A,3191,B2,4,0F
17:27:14  A,3192,A5,4,08
17:27:14  A,3193,A3,4,0F A,3840,A3,4,08
17:27:14  [SLOT] n=1290 tx=99 ack=4 due=0 r=1
17:27:14  [AT] "AT+CIPSEND=100" (14)
17:27:14  [DROP-OVF] 줄이 96바이트를 넘어 버렸다
17:27:14  [AT] "SEND OK" (7)
17:27:14  [AT] "+IPD,68:T,3841,S,A2,1,67" (24)
17:27:14  [SLOT-OOW] +283ms
17:27:14  [AT] "T,3842,S,B3,1,66" (16)
17:27:14  [AT] "T,3843,S,B2,1,66" (16)
17:27:14  [AT] "T,3844,S,A4,1,64" (16)
17:27:14  [AT] "OK" (2)
17:27:16  [TX] S,1269,0110000010,0000000000,1549,P1,36
17:27:16  A,3841,A2,4,08
17:27:16  A,3842,B3,4,09
17:27:16  A,3843,B2,4,09
17:27:16  A,3844,A4,4,0B
17:27:16  A,3190,A1,4,0E
17:27:16  A,3191,B2,4,0F
17:27:16  A,3192,A5,4,08
17:27:16  A,3193,A3,4,0F A,3844,A4,4,0B
17:27:16  [SLOT] n=1291 tx=99 ack=4 due=0 r=1
17:27:16  [AT] "AT+CIPSEND=100" (14)
17:27:16  [DROP-OVF] 줄이 96바이트를 넘어 버렸다
17:27:16  [AT] "SEND OK" (7)
17:27:16  [AT] "+IPD,68:T,3845,S,A1,1,60" (24)
17:27:16  [SLOT-OOW] +300ms
17:27:16  [AT] "T,3846,S,A3,1,61" (16)
17:27:16  [AT] "T,3847,S,B1,1,61" (16)
17:27:16  [AT] "T,3848,S,A5,1,69" (16)
17:27:16  [AT] "OK" (2)
17:27:17  [TX] S,1270,0110000010,0000000000,1550,P1,36
17:27:17  A,3845,A1,4,0F
17:27:17  A,3846,A3,4,0E
17:27:17  A,3847,B1,4,0E
17:27:17  A,3848,A5,4,06
17:27:17  A,3190,A1,4,0E
17:27:17  A,3191,B2,4,0F
17:27:17  A,3192,A5,4,08
17:27:17  A,3193,A3,4,0F A,3848,A5,4,06
17:27:17  [SLOT] n=1292 tx=99 ack=4 due=0 r=1
17:27:17  [DROP-OVF] 줄이 96바이트를 넘어 버렸다
17:27:17  [AT] "SEND OK" (7)
17:27:17  [AT] "+IPD,68:T,3849,S,B2,1,6C" (24)
17:27:17  [SLOT-OOW] +304ms
17:27:17  [AT] "T,3850,S,B3,1,65" (16)
17:27:17  [AT] "T,3851,S,A4,1,60" (16)
17:27:17  [AT] "T,3852,S,A2,1,65" (16)
17:27:17  [AT] "OK" (2)
17:27:17  [AT] "AT+CIPSEND=100" (14)
17:27:18  [TX] S,1271,0110000010,0000000000,1551,P1,36
17:27:18  A,3849,B2,4,03
17:27:18  A,3850,B3,4,0A
17:27:18  A,3851,A4,4,0F
17:27:18  A,3852,A2,4,0A
17:27:18  A,3190,A1,4,0E
17:27:18  A,3191,B2,4,0F
17:27:18  A,3192,A5,4,08
17:27:18  A,3193,A3,4,0F A,3852,A2,4,0A
17:27:18  [SLOT] n=1293 tx=99 ack=4 due=0 r=1
17:27:18  [AT] "AT+CIPSEND=100" (14)
17:27:18  [DROP-OVF] 줄이 96바이트를 넘어 버렸다
17:27:18  [AT] "SEND OK" (7)
17:27:18  [AT] "+IPD,68:T,3853,S,A1,1,67" (24)
17:27:18  [SLOT-OOW] +326ms
17:27:18  [AT] "T,3854,S,B1,1,63" (16)
17:27:18  [AT] "T,3855,S,A5,1,65" (16)
17:27:18  [AT] "T,3856,S,A3,1,60" (16)
17:27:18  [AT] "OK" (2)
17:27:19  [TX] S,1272,0110000010,0000000000,1552,P1,36
17:27:19  A,3853,A1,4,08
17:27:19  A,3854,B1,4,0C
17:27:19  A,3855,A5,4,0A
17:27:19  A,3856,A3,4,0F
17:27:19  A,3190,A1,4,0E
17:27:19  A,3191,B2,4,0F
17:27:19  A,3192,A5,4,08
17:27:19  A,3193,A3,4,0F A,3856,A3,4,0F
17:27:19  [SLOT] n=1294 tx=99 ack=4 due=0 r=1
17:27:19  [AT] "AT+CIPSEND=100" (14)
17:27:19  [DROP-OVF] 줄이 96바이트를 넘어 버렸다
17:27:19  [AT] "SEND OK" (7)
17:27:19  [AT] "+IPD,68:T,3857,S,B2,1,63" (24)
17:27:19  [SLOT-OOW] +374ms
17:27:19  [AT] "T,3858,S,A4,1,69" (16)
17:27:19  [AT] "T,3859,S,B3,1,6C" (16)
17:27:19  [AT] "T,3860,S,A2,1,64" (16)
17:27:19  [AT] "OK" (2)
17:27:20  [TX] S,1273,0110000010,0000000000,1554,P1,31
17:27:20  A,3857,B2,4,0C
17:27:20  A,3858,A4,4,06
17:27:20  A,3859,B3,4,03
17:27:20  A,3860,A2,4,0B
17:27:20  A,3190,A1,4,0E
17:27:20  A,3191,B2,4,0F
17:27:20  A,3192,A5,4,08
17:27:20  A,3193,A3,4,0F A,3860,A2,4,0B
17:27:20  [SLOT] n=1295 tx=99 ack=4 due=0 r=1
17:27:20  [AT] "AT+CIPSEND=100" (14)
17:27:20  [DROP-OVF] 줄이 96바이트를 넘어 버렸다
17:27:20  [AT] "SEND OK" (7)
17:27:20  [AT] "+IPD,68:T,3861,S,A3,1,64" (24)
17:27:20  [SLOT-OOW] +282ms
17:27:20  [AT] "T,3862,S,A1,1,65" (16)
17:27:20  [AT] "T,3863,S,B1,1,67" (16)
17:27:20  [AT] "T,3864,S,A5,1,67" (16)
17:27:20  [AT] "OK" (2)
17:27:22  [TX] S,1274,0110000010,0000000000,1555,P1,37
17:27:22  A,3861,A3,4,0B
17:27:22  A,3862,A1,4,0A
17:27:22  A,3863,B1,4,08
17:27:22  A,3864,A5,4,08
17:27:22  A,3190,A1,4,0E
17:27:22  A,3191,B2,4,0F
17:27:22  A,3192,A5,4,08
17:27:22  A,3193,A3,4,0F A,3864,A5,4,08
17:27:22  [SLOT] n=1296 tx=99 ack=4 due=0 r=1
17:27:22  [AT] "AT+CIPSEND=100" (14)
17:27:22  [DROP-OVF] 줄이 96바이트를 넘어 버렸다
17:27:22  [AT] "SEND OK" (7)
17:27:22  [AT] "+IPD,68:T,3865,S,A4,1,67" (24)
17:27:22  [SLOT-OOW] +281ms
17:27:22  [AT] "T,3866,S,B3,1,60" (16)
17:27:22  [AT] "T,3867,S,A2,1,63" (16)
17:27:22  [AT] "T,3868,S,B2,1,6F" (16)
17:27:22  [AT] "OK" (2)
17:27:23  [TX] S,1275,0110000010,0000000000,1556,P1,35
17:27:23  A,3865,A4,4,08
17:27:23  A,3866,B3,4,0F
17:27:23  A,3867,A2,4,0C
17:27:23  A,3868,B2,4,00
17:27:23  A,3190,A1,4,0E
17:27:23  A,3191,B2,4,0F
17:27:23  A,3192,A5,4,08
17:27:23  A,3193,A3,4,0F A,3868,B2,4,00
17:27:23  [SLOT] n=1297 tx=99 ack=4 due=0 r=1
17:27:23  [AT] "AT+CIPSEND=100" (14)
17:27:23  [DROP-OVF] 줄이 96바이트를 넘어 버렸다
17:27:23  [AT] "SEND OK" (7)
17:27:23  [AT] "+IPD,68:T,3869,S,A3,1,6C" (24)
17:27:23  [SLOT-OOW] +436ms
17:27:23  [AT] "T,3870,S,A1,1,66" (16)
17:27:23  [AT] "T,3871,S,B1,1,64" (16)
17:27:23  [AT] "T,3872,S,A5,1,60" (16)
17:27:23  [AT] "OK" (2)
17:27:24  [TX] S,1276,0110000010,0000000000,1557,P1,37
17:27:24  A,3869,A3,4,03
17:27:24  A,3870,A1,4,09
17:27:24  A,3871,B1,4,0B
17:27:24  A,3872,A5,4,0F
17:27:24  A,3190,A1,4,0E
17:27:24  A,3191,B2,4,0F
17:27:24  A,3192,A5,4,08
17:27:24  A,3193,A3,4,0F A,3872,A5,4,0F
17:27:24  [SLOT] n=1298 tx=99 ack=4 due=0 r=1
17:27:24  [DROP-OVF] 줄이 96바이트를 넘어 버렸다
17:27:24  [AT] "SEND OK" (7)
17:27:24  [AT] "+IPD,68:T,3873,S,A4,1,60" (24)
17:27:24  [SLOT-OOW] +288ms
17:27:24  [AT] "T,3874,S,B2,1,62" (16)
17:27:24  [AT] "T,3875,S,B3,1,62" (16)
17:27:24  [AT] "T,3876,S,A2,1,63" (16)
17:27:24  [AT] "OK" (2)
17:27:24  [AT] "AT+CIPSEND=100" (14)
17:27:25  [TX] S,1277,0110000010,0000000000,1558,P1,39
17:27:25  A,3873,A4,4,0F
17:27:25  A,3874,B2,4,0D
17:27:25  A,3875,B3,4,0D
17:27:25  A,3876,A2,4,0C
17:27:25  A,3190,A1,4,0E
17:27:25  A,3191,B2,4,0F
17:27:25  A,3192,A5,4,08
17:27:25  A,3193,A3,4,0F A,3876,A2,4,0C
17:27:25  [SLOT] n=1299 tx=99 ack=4 due=0 r=1
17:27:25  [AT] "AT+CIPSEND=100" (14)
17:27:25  [DROP-OVF] 줄이 96바이트를 넘어 버렸다
17:27:25  [AT] "SEND OK" (7)
17:27:25  [AT] "+IPD,68:T,3877,S,A1,1,61" (24)
17:27:25  [SLOT-OOW] +377ms
17:27:25  [AT] "T,3878,S,B1,1,6D" (16)
17:27:25  [AT] "T,3879,S,A3,1,6D" (16)
17:27:25  [AT] "T,3880,S,A5,1,6D" (16)
17:27:25  [AT] "OK" (2)
17:27:26  [TX] S,1278,0110000010,0000000000,1560,P1,3D
17:27:26  A,3877,A1,4,0E
17:27:26  A,3878,B1,4,02
17:27:26  A,3879,A3,4,02
17:27:26  A,3880,A5,4,02
17:27:26  A,3190,A1,4,0E
17:27:26  A,3191,B2,4,0F
17:27:26  A,3192,A5,4,08
17:27:26  A,3193,A3,4,0F A,3880,A5,4,02
17:27:26  [SLOT] n=1300 tx=99 ack=4 due=0 r=1
17:27:26  [CNT] up=1560 drop=1 esprst=2 resync=3 sendfail=0 okto=0 stuck=0 ackq=0 ackdrop=0 ackstale=0 slot=1300 oow=963 smiss=2 ssovf=81 cksumng=83 okstream=1278 penddrop=9 skip=0 online=1
17:27:26  [RAM] 최저 여유 627 B · 프롬프트 재동기 3회 (서버의 '버린줄' 과 맞아야 한다)
17:27:26  [AT] "AT+CIPSEND=100" (14)
17:27:26  [DROP-OVF] 줄이 96바이트를 넘어 버렸다
17:27:26  [AT] "SEND OK" (7)
17:27:26  [AT] "+IPD,68:T,3881,S,B3,1,69" (24)
17:27:26  [SLOT-OOW] +301ms
17:27:26  [AT] "T,3882,S,A4,1,6E" (16)
17:27:26  [AT] "T,3883,S,B2,1,6A" (16)
17:27:26  [AT] "T,3884,S,A2,1,6E" (16)
17:27:26  [AT] "OK" (2)
17:27:28  [TX] S,1279,0110000010,0000000000,1561,P1,3D
17:27:28  A,3881,B3,4,06
17:27:28  A,3882,A4,4,01
17:27:28  A,3883,B2,4,05
17:27:28  A,3884,A2,4,01
17:27:28  A,3190,A1,4,0E
17:27:28  A,3191,B2,4,0F
17:27:28  A,3192,A5,4,08
17:27:28  A,3193,A3,4,0F A,3884,A2,4,01
17:27:28  [SLOT] n=1301 tx=99 ack=4 due=0 r=1
17:27:28  [DROP-OVF] 줄이 96바이트를 넘어 버렸다
17:27:28  [AT] "SEND OK" (7)
17:27:28  [AT] "+IPD,68:T,3885,S,A1,1,6C" (24)
17:27:28  [SLOT-OOW] +293ms
17:27:28  [AT] "T,3886,S,A5,1,6B" (16)
17:27:28  [AT] "T,3887,S,A3,1,6C" (16)
17:27:28  [AT] "T,3888,S,B1,1,62" (16)
17:27:28  [AT] "OK" (2)
17:27:28  [AT] "AT+CIPSEND=100" (14)
17:27:29  [TX] S,1280,0110000010,0000000000,1562,P1,38
17:27:29  A,3885,A1,4,03
17:27:29  A,3886,A5,4,04
17:27:29  A,3887,A3,4,03
17:27:29  A,3888,B1,4,0D
17:27:29  A,3190,A1,4,0E
17:27:29  A,3191,B2,4,0F
17:27:29  A,3192,A5,4,08
17:27:29  A,3193,A3,4,0F A,3888,B1,4,0D
17:27:29  [SLOT] n=1302 tx=99 ack=4 due=0 r=1
17:27:29  [AT] "AT+CIPSEND=100" (14)
17:27:29  [DROP-OVF] 줄이 96바이트를 넘어 버렸다
17:27:29  [AT] "SEND OK" (7)
17:27:29  [AT] "+IPD,68:T,3889,S,B2,1,60" (24)
17:27:29  [SLOT-OOW] +449ms
17:27:29  [AT] "T,3890,S,B3,1,69" (16)
17:27:29  [AT] "T,3891,S,A4,1,6C" (16)
17:27:29  [AT] "T,3892,S,A2,1,69" (16)
17:27:29  [AT] "OK" (2)
17:27:30  [TX] S,1281,0110000010,0000000000,1563,P1,38
17:27:30  A,3889,B2,4,0F
17:27:30  A,3890,B3,4,06
17:27:30  A,3891,A4,4,03
17:27:30  A,3892,A2,4,06
17:27:30  A,3190,A1,4,0E
17:27:30  A,3191,B2,4,0F
17:27:30  A,3192,A5,4,08
17:27:30  A,3193,A3,4,0F A,3892,A2,4,06
17:27:30  [SLOT] n=1303 tx=99 ack=4 due=0 r=1
17:27:30  [AT] "AT+CIPSEND=100" (14)
17:27:30  [DROP-OVF] 줄이 96바이트를 넘어 버렸다
17:27:30  [AT] "SEND OK" (7)
17:27:30  [AT] "+IPD,68:T,3893,S,A3,1,69" (24)
17:27:30  [SLOT-OOW] +274ms
17:27:30  [AT] "T,3894,S,A1,1,6C" (16)
17:27:30  [AT] "T,3895,S,A5,1,69" (16)
17:27:30  [AT] "T,3896,S,B1,1,6D" (16)
17:27:30  [AT] "OK" (2)
17:27:31  [TX] S,1282,0110000010,0000000000,1564,P1,3C
17:27:31  A,3893,A3,4,06
17:27:31  A,3894,A1,4,03
17:27:31  A,3895,A5,4,06
17:27:31  A,3896,B1,4,02
17:27:31  A,3190,A1,4,0E
17:27:31  A,3191,B2,4,0F
17:27:31  A,3192,A5,4,08
17:27:31  A,3193,A3,4,0F A,3896,B1,4,02
17:27:31  [SLOT] n=1304 tx=99 ack=4 due=0 r=1
17:27:31  [AT] "AT+CIPSEND=100" (14)
17:27:31  [DROP-OVF] 줄이 96바이트를 넘어 버렸다
17:27:31  [AT] "SEND OK" (7)
17:27:31  [AT] "+IPD,68:T,3897,S,B2,1,6F" (24)
17:27:31  [SLOT-OOW] +306ms
17:27:31  [AT] "T,3898,S,B3,1,61" (16)
17:27:31  [AT] "T,3899,S,A2,1,62" (16)
17:27:31  [AT] "T,3900,S,A4,1,65" (16)
17:27:31  [AT] "OK" (2)
17:27:32  [TX] S,1283,0110000010,0000000000,1566,P1,3F
17:27:32  A,3897,B2,4,00
17:27:32  A,3898,B3,4,0E
17:27:32  A,3899,A2,4,0D
17:27:32  A,3900,A4,4,0A
17:27:32  A,3190,A1,4,0E
17:27:32  A,3191,B2,4,0F
17:27:32  A,3192,A5,4,08
17:27:32  A,3193,A3,4,0F A,3900,A4,4,0A
17:27:32  [SLOT] n=1305 tx=99 ack=4 due=0 r=1
17:27:32  [AT] "AT+CIPSEND=100" (14)
17:27:32  [DROP-OVF] 줄이 96바이트를 넘어 버렸다
17:27:32  [AT] "SEND OK" (7)
17:27:32  [AT] "+IPD,68:T,3901,S,B1,1,62" (24)
17:27:32  [SLOT-OOW] +324ms
17:27:32  [AT] "T,3902,S,A1,1,62" (16)
17:27:32  [AT] "T,3903,S,A3,1,61" (16)
17:27:32  [AT] "T,3904,S,A5,1,60" (16)
17:27:32  [AT] "OK" (2)
17:27:34  [TX] S,1284,0110000010,0000000000,1567,P1,39
17:27:34  A,3901,B1,4,0D
17:27:34  A,3902,A1,4,0D
17:27:34  A,3903,A3,4,0E
17:27:34  A,3904,A5,4,0F
17:27:34  A,3190,A1,4,0E
17:27:34  A,3191,B2,4,0F
17:27:34  A,3192,A5,4,08
17:27:34  A,3193,A3,4,0F A,3904,A5,4,0F
17:27:34  [SLOT] n=1306 tx=99 ack=4 due=0 r=1
17:27:34  [AT] "AT+CIPSEND=100" (14)
17:27:34  [DROP-OVF] 줄이 96바이트를 넘어 버렸다
17:27:34  [AT] "SEND OK" (7)
17:27:34  [AT] "+IPD,68:T,3905,S,B3,1,64" (24)
17:27:34  [SLOT-OOW] +278ms
17:27:34  [AT] "T,3906,S,A2,1,65" (16)
17:27:34  [AT] "T,3907,S,A4,1,62" (16)
17:27:34  [AT] "T,3908,S,B2,1,68" (16)
17:27:34  [AT] "OK" (2)
17:27:35  [TX] S,1285,0110000010,0000000000,1568,P1,37
17:27:35  A,3905,B3,4,0B
17:27:35  A,3906,A2,4,0A
17:27:35  A,3907,A4,4,0D
17:27:35  A,3908,B2,4,07
17:27:35  A,3190,A1,4,0E
17:27:35  A,3191,B2,4,0F
17:27:35  A,3192,A5,4,08
17:27:35  A,3193,A3,4,0F A,3908,B2,4,07
17:27:35  [SLOT] n=1307 tx=99 ack=4 due=0 r=1
17:27:35  [AT] "AT+CIPSEND=100" (14)
17:27:35  [DROP-OVF] 줄이 96바이트를 넘어 버렸다
17:27:35  [AT] "SEND OK" (7)
17:27:35  [AT] "+IPD,68:T,3909,S,A1,1,69" (24)
17:27:35  [SLOT-OOW] +476ms
17:27:35  [AT] "T,3910,S,A3,1,63" (16)
17:27:35  [AT] "T,3911,S,B1,1,63" (16)
17:27:35  [AT] "T,3912,S,A5,1,67" (16)
17:27:35  [AT] "OK" (2)
17:27:36  [TX] S,1286,0110000010,0000000000,1569,P1,35
17:27:36  A,3909,A1,4,06
17:27:36  A,3910,A3,4,0C
17:27:36  A,3911,B1,4,0C
17:27:36  A,3912,A5,4,08
17:27:36  A,3190,A1,4,0E
17:27:36  A,3191,B2,4,0F
17:27:36  A,3192,A5,4,08
17:27:36  A,3193,A3,4,0F A,3912,A5,4,08
17:27:36  [SLOT] n=1308 tx=99 ack=4 due=0 r=1
17:27:36  [AT] "AT+CIPSEND=100" (14)
17:27:36  [DROP-OVF] 줄이 96바이트를 넘어 버렸다
17:27:36  [AT] "SEND OK" (7)
17:27:36  [AT] "+IPD,68:T,3913,S,A4,1,67" (24)
17:27:36  [SLOT-OOW] +298ms
17:27:36  [AT] "T,3914,S,A2,1,66" (16)
17:27:36  [AT] "T,3915,S,B3,1,65" (16)
17:27:36  [AT] "T,3916,S,B2,1,67" (16)
17:27:36  [AT] "OK" (2)
17:27:37  [TX] S,1287,0110000010,0000000000,1570,P1,3C
17:27:37  A,3913,A4,4,08
17:27:37  A,3914,A2,4,09
17:27:37  A,3915,B3,4,0A
17:27:37  A,3916,B2,4,08
17:27:37  A,3190,A1,4,0E
17:27:37  A,3191,B2,4,0F
17:27:37  A,3192,A5,4,08
17:27:37  A,3193,A3,4,0F A,3916,B2,4,08
17:27:37  [SLOT] n=1309 tx=99 ack=4 due=0 r=1
17:27:37  [AT] "AT+CIPSEND=100" (14)
17:27:37  [DROP-OVF] 줄이 96바이트를 넘어 버렸다
17:27:37  [AT] "SEND OK" (7)
17:27:37  [AT] "+IPD,68:T,3917,S,B1,1,65" (24)
17:27:37  [SLOT-OOW] +325ms
17:27:37  [AT] "T,3918,S,A1,1,69" (16)
17:27:37  [AT] "T,3919,S,A3,1,6A" (16)
17:27:37  [AT] "T,3920,S,A5,1,66" (16)
17:27:37  [AT] "OK" (2)
17:27:38  [TX] S,1288,0110000010,0000000000,1572,P1,31
17:27:38  A,3917,B1,4,0A
17:27:38  A,3918,A1,4,06
17:27:38  A,3919,A3,4,05
17:27:38  A,3920,A5,4,09
17:27:38  A,3190,A1,4,0E
17:27:38  A,3191,B2,4,0F
17:27:38  A,3192,A5,4,08
17:27:38  A,3193,A3,4,0F A,3920,A5,4,09
17:27:38  [SLOT] n=1310 tx=99 ack=4 due=0 r=1
17:27:38  [AT] "AT+CIPSEND=100" (14)
17:27:39  [DROP-OVF] 줄이 96바이트를 넘어 버렸다
17:27:39  [AT] "SEND OK" (7)
17:27:39  [AT] "+IPD,68:T,3921,S,A4,1,66" (24)
17:27:39  [SLOT-OOW] +449ms
17:27:39  [AT] "T,3922,S,A2,1,63" (16)
17:27:39  [AT] "T,3923,S,B3,1,60" (16)
17:27:39  [AT] "T,3924,S,B2,1,66" (16)
17:27:39  [AT] "OK" (2)
17:27:40  [TX] S,1289,0110000010,0000000000,1573,P1,31
17:27:40  A,3921,A4,4,09
17:27:40  A,3922,A2,4,0C
17:27:40  A,3923,B3,4,0F
17:27:40  A,3924,B2,4,09
17:27:40  A,3190,A1,4,0E
17:27:40  A,3191,B2,4,0F
17:27:40  A,3192,A5,4,08
17:27:40  A,3193,A3,4,0F A,3924,B2,4,09
17:27:40  [SLOT] n=1311 tx=99 ack=4 due=0 r=1
17:27:40  [AT] "AT+CIPSEND=100" (14)
17:27:40  [DROP-OVF] 줄이 96바이트를 넘어 버렸다
17:27:40  [AT] "SEND OK" (7)
17:27:40  [AT] "+IPD,68:T,3925,S,A1,1,67" (24)
17:27:40  [SLOT-OOW] +273ms
17:27:40  [AT] "T,3926,S,B1,1,67" (16)
17:27:40  [AT] "T,3927,S,A3,1,67" (16)
17:27:40  [AT] "T,3928,S,A5,1,6E" (16)
17:27:40  [AT] "OK" (2)
17:27:41  [TX] S,1290,0110000010,0000000000,1574,P1,3E
17:27:41  A,3925,A1,4,08
17:27:41  A,3926,B1,4,08
17:27:41  A,3927,A3,4,08
17:27:41  A,3928,A5,4,01
17:27:41  A,3190,A1,4,0E
17:27:41  A,3191,B2,4,0F
17:27:41  A,3192,A5,4,08
17:27:41  A,3193,A3,4,0F A,3928,A5,4,01
17:27:41  [SLOT] n=1312 tx=99 ack=4 due=0 r=1
17:27:41  [AT] "AT+CIPSEND=100" (14)
17:27:41  [DROP-OVF] 줄이 96바이트를 넘어 버렸다
17:27:41  [AT] "SEND OK" (7)
17:27:41  [AT] "+IPD,68:T,3929,S,A2,1,68" (24)
17:27:41  [SLOT-OOW] +274ms
17:27:41  [AT] "T,3930,S,B2,1,63" (16)
17:27:41  [AT] "T,3931,S,A4,1,67" (16)
17:27:41  [AT] "T,3932,S,B3,1,60" (16)
17:27:41  [AT] "OK" (2)
17:27:42  [TX] S,1291,0110000010,0000000000,1575,P1,3E
17:27:42  A,3929,A2,4,07
17:27:42  A,3930,B2,4,0C
17:27:42  A,3931,A4,4,08
17:27:42  A,3932,B3,4,0F
17:27:42  A,3190,A1,4,0E
17:27:42  A,3191,B2,4,0F
17:27:42  A,3192,A5,4,08
17:27:42  A,3193,A3,4,0F A,3932,B3,4,0F
17:27:42  [SLOT] n=1313 tx=99 ack=4 due=0 r=1
17:27:42  [AT] "AT+CIPSEND=100" (14)
17:27:42  [DROP-OVF] 줄이 96바이트를 넘어 버렸다
17:27:42  [AT] "SEND OK" (7)
17:27:42  [AT] "+IPD,68:T,3933,S,A3,1,62" (24)
17:27:42  [SLOT-OOW] +325ms
17:27:42  [AT] "T,3934,S,B1,1,64" (16)
17:27:42  [AT] "T,3935,S,A5,1,62" (16)
17:27:42  [AT] "T,3936,S,A1,1,65" (16)
17:27:42  [AT] "OK" (2)
17:27:43  [TX] S,1292,0110000010,0000000000,1576,P1,3E
17:27:43  A,3933,A3,4,0D
17:27:43  A,3934,B1,4,0B
17:27:43  A,3935,A5,4,0D
17:27:43  A,3936,A1,4,0A
17:27:43  A,3190,A1,4,0E
17:27:43  A,3191,B2,4,0F
17:27:43  A,3192,A5,4,08
17:27:43  A,3193,A3,4,0F A,3936,A1,4,0A
17:27:43  [SLOT] n=1314 tx=99 ack=4 due=0 r=1
17:27:43  [AT] "AT+CIPSEND=100" (14)
17:27:43  [DROP-OVF] 줄이 96바이트를 넘어 버렸다
17:27:43  [AT] "SEND OK" (7)
17:27:43  [AT] "+IPD,68:T,3937,S,B2,1,64" (24)
17:27:43  [SLOT-OOW] +351ms
17:27:43  [AT] "T,3938,S,A2,1,68" (16)
17:27:43  [AT] "T,3939,S,A4,1,6F" (16)
17:27:43  [AT] "T,3940,S,B3,1,65" (16)
17:27:43  [AT] "OK" (2)
17:27:44  [TX] S,1293,0110000010,0000000000,1578,P1,31
17:27:44  A,3937,B2,4,0B
17:27:44  A,3938,A2,4,07
17:27:44  A,3939,A4,4,00
17:27:44  A,3940,B3,4,0A
17:27:44  A,3190,A1,4,0E
17:27:44  A,3191,B2,4,0F
17:27:44  A,3192,A5,4,08
17:27:44  A,3193,A3,4,0F A,3940,B3,4,0A
17:27:44  [SLOT] n=1315 tx=99 ack=4 due=0 r=1
17:27:44  [AT] "AT+CIPSEND=100" (14)
17:27:44  [DROP-OVF] 줄이 96바이트를 넘어 버렸다
17:27:44  [AT] "SEND OK" (7)
17:27:44  [AT] "+IPD,68:T,3941,S,A3,1,67" (24)
17:27:44  [SLOT-OOW] +272ms
17:27:44  [AT] "T,3942,S,A5,1,62" (16)
17:27:44  [AT] "T,3943,S,A1,1,67" (16)
17:27:44  [AT] "T,3944,S,B1,1,63" (16)
17:27:44  [AT] "OK" (2)
17:27:45  [TX] S,1294,0110000010,0000000000,1579,P1,37
17:27:45  A,3941,A3,4,08
17:27:45  A,3942,A5,4,0D
17:27:45  A,3943,A1,4,08
17:27:45  A,3944,B1,4,0C
17:27:45  A,3190,A1,4,0E
17:27:45  A,3191,B2,4,0F
17:27:45  A,3192,A5,4,08
17:27:46  A,3193,A3,4,0F A,3944,B1,4,0C
17:27:46  [SLOT] n=1316 tx=99 ack=4 due=0 r=1
17:27:46  [AT] "AT+CIPSEND=100" (14)
17:27:46  [DROP-OVF] 줄이 96바이트를 넘어 버렸다
17:27:46  [AT] "SEND OK" (7)
17:27:46  [AT] "+IPD,68:T,3945,S,B2,1,61" (24)
17:27:46  [SLOT-OOW] +296ms
17:27:46  [AT] "T,3946,S,A2,1,61" (16)
17:27:46  [AT] "T,3947,S,A4,1,66" (16)
17:27:46  [AT] "T,3948,S,B3,1,6D" (16)
17:27:46  [AT] "OK" (2)
17:27:47  [TX] S,1295,0110000010,0000000000,1580,P1,30
17:27:47  A,3945,B2,4,0E
17:27:47  A,3946,A2,4,0E
17:27:47  A,3947,A4,4,09
17:27:47  A,3948,B3,4,02
17:27:47  A,3190,A1,4,0E
17:27:47  A,3191,B2,4,0F
17:27:47  A,3192,A5,4,08
17:27:47  A,3193,A3,4,0F A,3948,B3,4,02
17:27:47  [SLOT] n=1317 tx=99 ack=4 due=0 r=1
17:27:47  [AT] "AT+CIPSEND=100" (14)
17:27:47  [DROP-OVF] 줄이 96바이트를 넘어 버렸다
17:27:47  [AT] "SEND OK" (7)
17:27:47  [AT] "+IPD,68:T,3949,S,A1,1,6D" (24)
17:27:47  [SLOT-OOW] +290ms
17:27:47  [AT] "T,3950,S,A3,1,67" (16)
17:27:47  [AT] "T,3951,S,A5,1,60" (16)
17:27:47  [AT] "T,3952,S,B1,1,64" (16)
17:27:47  [AT] "OK" (2)
17:27:48  [TX] S,1296,0110000010,0000000000,1581,P1,32
17:27:48  A,3949,A1,4,02
17:27:48  A,3950,A3,4,08
17:27:48  A,3951,A5,4,0F
17:27:48  A,3952,B1,4,0B
17:27:48  A,3190,A1,4,0E
17:27:48  A,3191,B2,4,0F
17:27:48  A,3192,A5,4,08
17:27:48  A,3193,A3,4,0F A,3952,B1,4,0B
17:27:48  [SLOT] n=1318 tx=99 ack=4 due=0 r=1
17:27:48  [AT] "AT+CIPSEND=100" (14)
17:27:48  [DROP-OVF] 줄이 96바이트를 넘어 버렸다
17:27:48  [AT] "SEND OK" (7)
17:27:48  [AT] "+IPD,68:T,3953,S,B2,1,66" (24)
17:27:48  [SLOT-OOW] +448ms
17:27:48  [AT] "T,3954,S,A2,1,62" (16)
17:27:48  [AT] "T,3955,S,B3,1,61" (16)
17:27:48  [AT] "T,3956,S,A4,1,66" (16)
17:27:48  [AT] "OK" (2)
17:27:49  [TX] S,1297,0110000010,0000000000,1582,P1,30
17:27:49  A,3953,B2,4,09
17:27:49  A,3954,A2,4,0D
17:27:49  A,3955,B3,4,0E
17:27:49  A,3956,A4,4,09
17:27:49  A,3190,A1,4,0E
17:27:49  A,3191,B2,4,0F
17:27:49  A,3192,A5,4,08
17:27:49  A,3193,A3,4,0F A,3956,A4,4,09
17:27:49  [SLOT] n=1319 tx=99 ack=4 due=0 r=1
17:27:49  [AT] "AT+CIPSEND=100" (14)
17:27:49  [DROP-OVF] 줄이 96바이트를 넘어 버렸다
17:27:49  [AT] "SEND OK" (7)
17:27:49  [AT] "+IPD,68:T,3957,S,B1,1,61" (24)
17:27:49  [SLOT-OOW] +281ms
17:27:49  [AT] "T,3958,S,A5,1,69" (16)
17:27:49  [AT] "T,3959,S,A3,1,6E" (16)
17:27:49  [AT] "T,3960,S,A1,1,66" (16)
17:27:49  [AT] "OK" (2)
17:27:50  [TX] S,1298,0110000010,0000000000,1584,P1,39
17:27:50  A,3957,B1,4,0E
17:27:50  A,3958,A5,4,06
17:27:50  A,3959,A3,4,01
17:27:50  A,3960,A1,4,09
17:27:50  A,3190,A1,4,0E
17:27:50  A,3191,B2,4,0F
17:27:50  A,3192,A5,4,08
17:27:50  A,3193,A3,4,0F A,3960,A1,4,09
17:27:50  [SLOT] n=1320 tx=99 ack=4 due=0 r=1
17:27:50  [AT] "AT+CIPSEND=100" (14)
17:27:50  [DROP-OVF] 줄이 96바이트를 넘어 버렸다
17:27:50  [AT] "SEND OK" (7)
17:27:50  [AT] "+IPD,68:T,3961,S,B2,1,67" (24)
17:27:50  [SLOT-OOW] +302ms
17:27:50  [AT] "T,3962,S,A2,1,67" (16)
17:27:50  [AT] "T,3963,S,A4,1,60" (16)
17:27:50  [AT] "T,3964,S,B3,1,63" (16)
17:27:50  [AT] "OK" (2)
17:27:51  [TX] S,1299,0110000010,0000000000,1585,P1,39
17:27:51  A,3961,B2,4,08
17:27:51  A,3962,A2,4,08
17:27:51  A,3963,A4,4,0F
17:27:51  A,3964,B3,4,0C
17:27:51  A,3190,A1,4,0E
17:27:51  A,3191,B2,4,0F
17:27:51  A,3192,A5,4,08
17:27:51  A,3193,A3,4,0F A,3964,B3,4,0C
17:27:51  [SLOT] n=1321 tx=99 ack=4 due=0 r=1
17:27:51  [AT] "AT+CIPSEND=100" (14)
17:27:52  [DROP-OVF] 줄이 96바이트를 넘어 버렸다
17:27:52  [AT] "SEND OK" (7)
17:27:52  [AT] "+IPD,68:T,3965,S,B1,1,60" (24)
17:27:52  [SLOT-OOW] +323ms
17:27:52  [AT] "T,3966,S,A5,1,64" (16)
17:27:52  [AT] "T,3967,S,A3,1,63" (16)
17:27:52  [AT] "T,3968,S,A1,1,6E" (16)
17:27:52  [AT] "OK" (2)
17:27:53  [TX] S,1300,0110000010,0000000000,1586,P1,3B
17:27:53  A,3965,B1,4,0F
17:27:53  A,3966,A5,4,0B
17:27:53  A,3967,A3,4,0C
17:27:53  A,3968,A1,4,01
17:27:53  A,3190,A1,4,0E
17:27:53  A,3191,B2,4,0F
17:27:53  A,3192,A5,4,08
17:27:53  A,3193,A3,4,0F A,3968,A1,4,01
17:27:53  [SLOT] n=1322 tx=99 ack=4 due=0 r=1
17:27:53  [AT] "AT+CIPSEND=100" (14)
17:27:53  [DROP-OVF] 줄이 96바이트를 넘어 버렸다
17:27:53  [AT] "SEND OK" (7)
17:27:53  [AT] "+IPD,68:T,3969,S,A2,1,6C" (24)
17:27:53  [SLOT-OOW] +293ms
17:27:53  [AT] "T,3970,S,B2,1,67" (16)
17:27:53  [AT] "T,3971,S,B3,1,67" (16)
17:27:53  [AT] "T,3972,S,A4,1,60" (16)
17:27:53  [AT] "OK" (2)
17:27:54  [TX] S,1301,0110000010,0000000000,1587,P1,3B
17:27:54  A,3969,A2,4,03
17:27:54  A,3970,B2,4,08
17:27:54  A,3971,B3,4,08
17:27:54  A,3972,A4,4,0F
17:27:54  A,3190,A1,4,0E
17:27:54  A,3191,B2,4,0F
17:27:54  A,3192,A5,4,08
17:27:54  A,3193,A3,4,0F A,3972,A4,4,0F
17:27:54  [SLOT] n=1323 tx=99 ack=4 due=0 r=1
17:27:54  [AT] "AT+CIPSEND=100" (14)
17:27:54  [DROP-OVF] 줄이 96바이트를 넘어 버렸다
17:27:54  [AT] "SEND OK" (7)
17:27:54  [AT] "+IPD,68:T,3973,S,A5,1,60" (24)
17:27:54  [SLOT-OOW] +275ms
17:27:54  [AT] "T,3974,S,B1,1,60" (16)
17:27:54  [AT] "T,3975,S,A3,1,60" (16)
17:27:54  [AT] "T,3976,S,A1,1,61" (16)
17:27:54  [AT] "OK" (2)
17:27:55  [TX] S,1302,0110000010,0000000000,1588,P1,37
17:27:55  A,3973,A5,4,0F
17:27:55  A,3974,B1,4,0F
17:27:55  A,3975,A3,4,0F
17:27:55  A,3976,A1,4,0E
17:27:55  A,3190,A1,4,0E
17:27:55  A,3191,B2,4,0F
17:27:55  A,3192,A5,4,08
17:27:55  A,3193,A3,4,0F A,3976,A1,4,0E
17:27:55  [SLOT] n=1324 tx=99 ack=4 due=0 r=1
17:27:55  [AT] "AT+CIPSEND=100" (14)
17:27:55  [DROP-OVF] 줄이 96바이트를 넘어 버렸다
17:27:55  [AT] "SEND OK" (7)
17:27:55  [AT] "+IPD,68:T,3977,S,B3,1,61" (24)
17:27:55  [SLOT-OOW] +299ms
17:27:55  [AT] "T,3978,S,B2,1,6F" (16)
17:27:55  [AT] "T,3979,S,A2,1,6D" (16)
17:27:55  [AT] "T,3980,S,A4,1,6D" (16)
17:27:55  [AT] "OK" (2)
17:27:56  [TX] S,1303,0110000010,0000000000,1590,P1,3F
17:27:56  A,3977,B3,4,0E
17:27:56  A,3978,B2,4,00
17:27:56  A,3979,A2,4,02
17:27:56  A,3980,A4,4,02
17:27:56  A,3190,A1,4,0E
17:27:56  A,3191,B2,4,0F
17:27:56  A,3192,A5,4,08
17:27:56  A,3193,A3,4,0F A,3980,A4,4,02
17:27:56  [SLOT] n=1325 tx=99 ack=4 due=0 r=1
17:27:56  [AT] "AT+CIPSEND=100" (14)
17:27:56  [DROP-OVF] 줄이 96바이트를 넘어 버렸다
17:27:56  [AT] "SEND OK" (7)
17:27:56  [AT] "+IPD,68:T,3981,S,B1,1,6A" (24)
17:27:56  [SLOT-OOW] +324ms
17:27:56  [AT] "T,3982,S,A5,1,6E" (16)
17:27:56  [AT] "T,3983,S,A3,1,69" (16)
17:27:56  [AT] "T,3984,S,A1,1,6C" (16)
17:27:56  [AT] "OK" (2)
17:27:57  [TX] S,1304,0110000010,0000000000,1591,P1,39
17:27:57  A,3981,B1,4,05
17:27:57  A,3982,A5,4,01
17:27:57  A,3983,A3,4,06
17:27:57  A,3984,A1,4,03
17:27:57  A,3190,A1,4,0E
17:27:57  A,3191,B2,4,0F
17:27:57  A,3192,A5,4,08
17:27:57  A,3193,A3,4,0F A,3984,A1,4,03
17:27:57  [SLOT] n=1326 tx=99 ack=4 due=0 r=1
17:27:57  [AT] "AT+CIPSEND=100" (14)
17:27:58  [DROP-OVF] 줄이 96바이트를 넘어 버렸다
17:27:58  [AT] "SEND OK" (7)
17:27:58  [AT] "+IPD,68:T,3985,S,B2,1,6D" (24)
17:27:58  [SLOT-OOW] +456ms
17:27:58  [AT] "T,3986,S,A2,1,6D" (16)
17:27:58  [AT] "T,3987,S,B3,1,6E" (16)
17:27:58  [AT] "T,3988,S,A4,1,65" (16)
17:27:58  [AT] "OK" (2)
17:27:59  [TX] S,1305,0110000010,0000000000,1592,P1,3B
17:27:59  A,3985,B2,4,02
17:27:59  A,3986,A2,4,02
17:27:59  A,3987,B3,4,01
17:27:59  A,3988,A4,4,0A
17:27:59  A,3190,A1,4,0E
17:27:59  A,3191,B2,4,0F
17:27:59  A,3192,A5,4,08
17:27:59  A,3193,A3,4,0F A,3988,A4,4,0A
17:27:59  [SLOT] n=1327 tx=99 ack=4 due=0 r=1
17:27:59  [AT] "AT+CIPSEND=100" (14)
17:27:59  [DROP-OVF] 줄이 96바이트를 넘어 버렸다
17:27:59  [AT] "SEND OK" (7)
17:27:59  [AT] "+IPD,68:T,3989,S,A1,1,61" (24)
17:27:59  [AT] "T,3990,S,B1,1,6A" (16)
17:27:59  [AT] "T,3991,S,A3,1,6A" (16)
17:27:59  [AT] "T,3992,S,A5,1,6F" (16)
17:27:59  [AT] "OK" (2)
17:28:00  [TX] S,1306,0110000010,0000000000,1593,P1,39
17:28:00  A,3989,A1,4,0E
17:28:00  A,3990,B1,4,05
17:28:00  A,3991,A3,4,05
17:28:00  A,3992,A5,4,00
17:28:00  A,3190,A1,4,0E
17:28:00  A,3191,B2,4,0F
17:28:00  A,3192,A5,4,08
17:28:00  A,3193,A3,4,0F A,3992,A5,4,00
17:28:00  [SLOT] n=1328 tx=99 ack=4 due=0 r=1
17:28:00  [AT] "AT+CIPSEND=100" (14)
17:28:00  [DROP-OVF] 줄이 96바이트를 넘어 버렸다
17:28:00  [AT] "SEND OK" (7)
17:28:00  [AT] "+IPD,68:T,3993,S,B2,1,6A" (24)
17:28:00  [SLOT-OOW] +272ms
17:28:00  [AT] "T,3994,S,A2,1,6E" (16)
17:28:00  [AT] "T,3995,S,B3,1,6D" (16)
17:28:00  [AT] "T,3996,S,A4,1,6A" (16)
17:28:00  [AT] "OK" (2)
17:28:01  [TX] S,1307,0110000010,0000000000,1594,P1,3F
17:28:01  A,3993,B2,4,05
17:28:01  A,3994,A2,4,01
17:28:01  A,3995,B3,4,02
17:28:01  A,3996,A4,4,05
17:28:01  A,3190,A1,4,0E
17:28:01  A,3191,B2,4,0F
17:28:01  A,3192,A5,4,08
17:28:01  A,3193,A3,4,0F A,3996,A4,4,05
17:28:01  [SLOT] n=1329 tx=99 ack=4 due=0 r=1
17:28:01  [DROP-OVF] 줄이 96바이트를 넘어 버렸다
17:28:01  [AT] "SEND OK" (7)
17:28:01  [AT] "+IPD,68:T,3997,S,B1,1,6D" (24)
17:28:01  [SLOT-OOW] +294ms
17:28:01  [AT] "T,3998,S,A1,1,61" (16)
17:28:01  [AT] "T,3999,S,A3,1,62" (16)
17:28:01  [AT] "T,4000,S,A5,1,6A" (16)
17:28:01  [AT] "OK" (2)
17:28:01  [AT] "AT+CIPSEND=100" (14)
17:28:02  [TX] S,1308,0110000010,0000000000,1596,P1,32
17:28:02  A,3997,B1,4,02
17:28:02  A,3998,A1,4,0E
17:28:02  A,3999,A3,4,0D
17:28:02  A,4000,A5,4,05
17:28:02  A,3190,A1,4,0E
17:28:02  A,3191,B2,4,0F
17:28:02  A,3192,A5,4,08
17:28:02  A,3193,A3,4,0F A,4000,A5,4,05
17:28:02  [SLOT] n=1330 tx=99 ack=4 due=0 r=1
17:28:02  [AT] "AT+CIPSEND=100" (14)
17:28:02  [DROP-OVF] 줄이 96바이트를 넘어 버렸다
17:28:02  [AT] "SEND OK" (7)
17:28:03  [AT] "+IPD,68:T,4001,S,A2,1,6C" (24)
17:28:03  [SLOT-OOW] +447ms
17:28:03  [AT] "T,4002,S,B2,1,6C" (16)
17:28:03  [AT] "T,4003,S,B3,1,6C" (16)
17:28:03  [AT] "T,4004,S,A4,1,6F" (16)
17:28:03  [AT] "OK" (2)
17:28:03  [TX] S,1309,0110000010,0000000000,1597,P1,32
17:28:03  A,4001,A2,4,03
17:28:03  A,4002,B2,4,03
17:28:03  A,4003,B3,4,03
17:28:03  A,4004,A4,4,00
17:28:03  A,3190,A1,4,0E
17:28:03  A,3191,B2,4,0F
17:28:03  A,3192,A5,4,08
17:28:03  A,3193,A3,4,0F A,4004,A4,4,00
17:28:03  [SLOT] n=1331 tx=99 ack=4 due=0 r=1
17:28:03  [AT] "AT+CIPSEND=100" (14)
17:28:04  [DROP-OVF] 줄이 96바이트를 넘어 버렸다
17:28:04  [AT] "SEND OK" (7)
17:28:04  [AT] "+IPD,68:T,4005,S,A1,1,6B" (24)
17:28:04  [SLOT-OOW] +473ms
17:28:04  [AT] "T,4006,S,B1,1,6B" (16)
17:28:04  [AT] "T,4007,S,A5,1,6D" (16)
17:28:04  [AT] "T,4008,S,A3,1,64" (16)
17:28:04  [AT] "OK" (2)
17:28:05  [TX] S,1310,0110000010,0000000000,1598,P1,35
17:28:05  A,4005,A1,4,04
17:28:05  A,4006,B1,4,04
17:28:05  A,4007,A5,4,02
17:28:05  A,4008,A3,4,0B
17:28:05  A,3190,A1,4,0E
17:28:05  A,3191,B2,4,0F
17:28:05  A,3192,A5,4,08
17:28:05  A,3193,A3,4,0F A,4008,A3,4,0B
17:28:05  [SLOT] n=1332 tx=99 ack=4 due=0 r=1
17:28:05  [AT] "AT+CIPSEND=100" (14)
17:28:05  [DROP-OVF] 줄이 96바이트를 넘어 버렸다
17:28:05  [AT] "SEND OK" (7)
17:28:05  [AT] "+IPD,68:T,4009,S,B3,1,66" (24)
17:28:05  [SLOT-OOW] +282ms
17:28:05  [AT] "T,4010,S,A2,1,6C" (16)
17:28:05  [AT] "T,4011,S,B2,1,6E" (16)
17:28:05  [AT] "T,4012,S,A4,1,68" (16)
17:28:05  [AT] "OK" (2)
17:28:06  [TX] S,1311,0110000010,0000000000,1599,P1,35
17:28:06  A,4009,B3,4,09
17:28:06  A,4010,A2,4,03
17:28:06  A,4011,B2,4,01
17:28:06  A,4012,A4,4,07
17:28:06  A,3190,A1,4,0E
17:28:06  A,3191,B2,4,0F
17:28:06  A,3192,A5,4,08
17:28:06  A,3193,A3,4,0F A,4012,A4,4,07
17:28:06  [SLOT] n=1333 tx=99 ack=4 due=0 r=1
17:28:06  [AT] "AT+CIPSEND=100" (14)
17:28:06  [DROP-OVF] 줄이 96바이트를 넘어 버렸다
17:28:06  [AT] "SEND OK" (7)
17:28:06  [AT] "+IPD,68:T,4013,S,A1,1,6C" (24)
17:28:06  [SLOT-OOW] +284ms
17:28:06  [AT] "T,4014,S,B1,1,68" (16)
17:28:06  [AT] "T,4015,S,A3,1,68" (16)
17:28:06  [AT] "T,4016,S,A5,1,6D" (16)
17:28:06  [AT] "OK" (2)
17:28:07  [TX] S,1312,0110000010,0000000000,1600,P1,35
17:28:07  A,4013,A1,4,03
17:28:07  A,4014,B1,4,07
17:28:07  A,4015,A3,4,07
17:28:07  A,4016,A5,4,02
17:28:07  A,3190,A1,4,0E
17:28:07  A,3191,B2,4,0F
17:28:07  A,3192,A5,4,08
17:28:07  A,3193,A3,4,0F A,4016,A5,4,02
17:28:07  [SLOT] n=1334 tx=99 ack=4 due=0 r=1
17:28:07  [AT] "AT+CIPSEND=100" (14)
17:28:07  [DROP-OVF] 줄이 96바이트를 넘어 버렸다
17:28:07  [AT] "SEND OK" (7)
17:28:07  [AT] "+IPD,68:T,4017,S,B3,1,69" (24)
17:28:07  [SLOT-OOW] +349ms
17:28:07  [AT] "T,4018,S,A2,1,64" (16)
17:28:07  [AT] "T,4019,S,B2,1,66" (16)
17:28:07  [AT] "T,4020,S,A4,1,69" (16)
17:28:07  [AT] "OK" (2)
17:28:08  [TX] S,1313,0110000010,0000000000,1602,P1,36
17:28:08  A,4017,B3,4,06
17:28:08  A,4018,A2,4,0B
17:28:08  A,4019,B2,4,09
17:28:08  A,4020,A4,4,06
17:28:08  A,3190,A1,4,0E
17:28:08  A,3191,B2,4,0F
17:28:08  A,3192,A5,4,08
17:28:08  A,3193,A3,4,0F A,4020,A4,4,06
17:28:08  [SLOT] n=1335 tx=99 ack=4 due=0 r=1
17:28:08  [AT] "AT+CIPSEND=100" (14)
17:28:09  [DROP-OVF] 줄이 96바이트를 넘어 버렸다
17:28:09  [AT] "SEND OK" (7)
17:28:09  [AT] "+IPD,68:T,4021,S,A3,1,6F" (24)
17:28:09  [AT] "T,4022,S,A5,1,6A" (16)
17:28:09  [AT] "T,4023,S,A1,1,6F" (16)
17:28:09  [AT] "T,4024,S,B1,1,6B" (16)
17:28:09  [AT] "OK" (2)
17:28:09  [TX] S,1314,0110000010,0000000000,1603,P1,30
17:28:09  A,4021,A3,4,00
17:28:09  A,4022,A5,4,05
17:28:09  A,4023,A1,4,00
17:28:09  A,4024,B1,4,04
17:28:09  A,3190,A1,4,0E
17:28:09  A,3191,B2,4,0F
17:28:09  A,3192,A5,4,08
17:28:09  A,3193,A3,4,0F A,4024,B1,4,04
17:28:09  [SLOT] n=1336 tx=99 ack=4 due=0 r=1
17:28:09  [AT] "AT+CIPSEND=100" (14)
17:28:10  [DROP-OVF] 줄이 96바이트를 넘어 버렸다
17:28:10  [AT] "SEND OK" (7)
17:28:10  [AT] "+IPD,68:T,4025,S,A2,1,6A" (24)
17:28:10  [SLOT-OOW] +299ms
17:28:10  [AT] "T,4026,S,B3,1,6B" (16)
17:28:10  [AT] "T,4027,S,B2,1,6B" (16)
17:28:10  [AT] "T,4028,S,A4,1,61" (16)
17:28:10  [AT] "OK" (2)
17:28:11  [TX] S,1315,0110000010,0000000000,1604,P1,36
17:28:11  A,4025,A2,4,05
17:28:11  A,4026,B3,4,04
17:28:11  A,4027,B2,4,04
17:28:11  A,4028,A4,4,0E
17:28:11  A,3190,A1,4,0E
17:28:11  A,3191,B2,4,0F
17:28:11  A,3192,A5,4,08
17:28:11  A,3193,A3,4,0F A,4028,A4,4,0E
17:28:11  [SLOT] n=1337 tx=99 ack=4 due=0 r=1
17:28:11  [AT] "AT+CIPSEND=100" (14)
17:28:11  [DROP-OVF] 줄이 96바이트를 넘어 버렸다
17:28:11  [AT] "SEND OK" (7)
17:28:11  [AT] "+IPD,68:T,4029,S,A3,1,67" (24)
17:28:11  [SLOT-OOW] +282ms
17:28:11  [AT] "T,4030,S,A5,1,69" (16)
17:28:11  [AT] "T,4031,S,A1,1,6C" (16)
17:28:11  [AT] "T,4032,S,B1,1,6C" (16)
17:28:11  [AT] "OK" (2)
17:28:12  [TX] S,1316,0110000010,0000000000,1605,P1,34
17:28:12  A,4029,A3,4,08
17:28:12  A,4030,A5,4,06
17:28:12  A,4031,A1,4,03
17:28:12  A,4032,B1,4,03
17:28:12  A,3190,A1,4,0E
17:28:12  A,3191,B2,4,0F
17:28:12  A,3192,A5,4,08
17:28:12  A,3193,A3,4,0F A,4032,B1,4,03
17:28:12  [SLOT] n=1338 tx=99 ack=4 due=0 r=1
17:28:12  [DROP-OVF] 줄이 96바이트를 넘어 버렸다
17:28:12  [AT] "SEND OK" (7)
17:28:12  [AT] "+IPD,68:T,4033,S,B2,1,6E" (24)
17:28:12  [SLOT-OOW] +306ms
17:28:12  [AT] "T,4034,S,B3,1,68" (16)
17:28:12  [AT] "T,4035,S,A4,1,6D" (16)
17:28:12  [AT] "T,4036,S,A2,1,68" (16)
17:28:12  [AT] "OK" (2)
17:28:12  [AT] "AT+CIPSEND=100" (14)
17:28:13  [TX] S,1317,0110000010,0000000000,1606,P1,36
17:28:13  A,4033,B2,4,01
17:28:13  A,4034,B3,4,07
17:28:13  A,4035,A4,4,02
17:28:13  A,4036,A2,4,07
17:28:13  A,3190,A1,4,0E
17:28:13  A,3191,B2,4,0F
17:28:13  A,3192,A5,4,08
17:28:13  A,3193,A3,4,0F A,4036,A2,4,07
17:28:13  [SLOT] n=1339 tx=99 ack=4 due=0 r=1
17:28:13  [AT] "AT+CIPSEND=100" (14)
17:28:13  [DROP-OVF] 줄이 96바이트를 넘어 버렸다
17:28:13  [AT] "SEND OK" (7)
17:28:13  [AT] "+IPD,68:T,4037,S,A5,1,6E" (24)
17:28:13  [SLOT-OOW] +472ms
17:28:13  [AT] "T,4038,S,B1,1,66" (16)
17:28:13  [AT] "T,4039,S,A3,1,66" (16)
17:28:13  [AT] "T,4040,S,A1,1,6A" (16)
17:28:13  [AT] "OK" (2)
17:28:14  [TX] S,1318,0110000010,0000000000,1608,P1,37
17:28:14  A,4037,A5,4,01
17:28:14  A,4038,B1,4,09
17:28:14  A,4039,A3,4,09
17:28:14  A,4040,A1,4,05
17:28:14  A,3190,A1,4,0E
17:28:14  A,3191,B2,4,0F
17:28:14  A,3192,A5,4,08
17:28:14  A,3193,A3,4,0F A,4040,A1,4,05
17:28:14  [SLOT] n=1340 tx=99 ack=4 due=0 r=1
17:28:14  [AT] "AT+CIPSEND=100" (14)
17:28:14  [DROP-OVF] 줄이 96바이트를 넘어 버렸다
17:28:14  [AT] "SEND OK" (7)
17:28:14  [AT] "+IPD,68:T,4041,S,B3,1,6A" (24)
17:28:14  [SLOT-OOW] +309ms
17:28:14  [AT] "T,4042,S,B2,1,68" (16)
17:28:14  [AT] "T,4043,S,A4,1,6C" (16)
17:28:14  [AT] "T,4044,S,A2,1,6D" (16)
17:28:14  [AT] "OK" (2)
17:28:15  [TX] S,1319,0110000010,0000000000,1609,P1,37
17:28:15  A,4041,B3,4,05
17:28:15  A,4042,B2,4,07
17:28:15  A,4043,A4,4,03
17:28:15  A,4044,A2,4,02
17:28:15  A,3190,A1,4,0E
17:28:15  A,3191,B2,4,0F
17:28:15  A,3192,A5,4,08
17:28:15  A,3193,A3,4,0F A,4044,A2,4,02
17:28:15  [SLOT] n=1341 tx=99 ack=4 due=0 r=1
17:28:15  [AT] "AT+CIPSEND=100" (14)
17:28:16  [DROP-OVF] 줄이 96바이트를 넘어 버렸다
17:28:16  [AT] "SEND OK" (7)
17:28:16  [AT] "+IPD,68:T,4045,S,B1,1,6C" (24)
17:28:16  [SLOT-OOW] +323ms
17:28:16  [AT] "T,4046,S,A1,1,6C" (16)
17:28:16  [AT] "T,4047,S,A5,1,69" (16)
17:28:16  [AT] "T,4048,S,A3,1,60" (16)
17:28:16  [AT] "OK" (2)
17:28:17  [TX] S,1320,0110000010,0000000000,1610,P1,35
17:28:17  A,4045,B1,4,03
17:28:17  A,4046,A1,4,03
17:28:17  A,4047,A5,4,06
17:28:17  A,4048,A3,4,0F
17:28:17  A,3190,A1,4,0E
17:28:17  A,3191,B2,4,0F
17:28:17  A,3192,A5,4,08
17:28:17  A,3193,A3,4,0F A,4048,A3,4,0F
17:28:17  [SLOT] n=1342 tx=99 ack=4 due=0 r=1
17:28:17  [AT] "AT+CIPSEND=100" (14)
17:28:17  [DROP-OVF] 줄이 96바이트를 넘어 버렸다
17:28:17  [AT] "SEND OK" (7)
17:28:17  [AT] "+IPD,68:T,4049,S,A4,1,66" (24)
17:28:17  [SLOT-OOW] +291ms
17:28:17  [AT] "T,4050,S,B3,1,6A" (16)
17:28:17  [AT] "T,4051,S,B2,1,6A" (16)
17:28:17  [AT] "T,4052,S,A2,1,6A" (16)
17:28:17  [AT] "OK" (2)
17:28:18  [TX] S,1321,0110000010,0000000000,1611,P1,35
17:28:18  A,4049,A4,4,09
17:28:18  A,4050,B3,4,05
17:28:18  A,4051,B2,4,05
17:28:18  A,4052,A2,4,05
17:28:18  A,3190,A1,4,0E
17:28:18  A,3191,B2,4,0F
17:28:18  A,3192,A5,4,08
17:28:18  A,3193,A3,4,0F A,4052,A2,4,05
17:28:18  [SLOT] n=1343 tx=99 ack=4 due=0 r=1
17:28:18  [AT] "AT+CIPSEND=100" (14)
17:28:18  [DROP-OVF] 줄이 96바이트를 넘어 버렸다
17:28:18  [AT] "SEND OK" (7)
17:28:18  [AT] "+IPD,68:T,4053,S,B1,1,6B" (24)
17:28:18  [SLOT-OOW] +288ms
17:28:18  [AT] "T,4054,S,A5,1,6B" (16)
17:28:18  [AT] "T,4055,S,A3,1,6C" (16)
17:28:18  [AT] "T,4056,S,A1,1,6D" (16)
17:28:18  [AT] "OK" (2)
17:28:19  [TX] S,1322,0110000010,0000000000,1612,P1,35
17:28:19  A,4053,B1,4,04
17:28:19  A,4054,A5,4,04
17:28:19  A,4055,A3,4,03
17:28:19  A,4056,A1,4,02
17:28:19  A,3190,A1,4,0E
17:28:19  A,3191,B2,4,0F
17:28:19  A,3192,A5,4,08
17:28:19  A,3193,A3,4,0F A,4056,A1,4,02
17:28:19  [SLOT] n=1344 tx=99 ack=4 due=0 r=1
17:28:19  [AT] "AT+CIPSEND=100" (14)
17:28:19  [DROP-OVF] 줄이 96바이트를 넘어 버렸다
17:28:19  [AT] "SEND OK" (7)
17:28:19  [AT] "+IPD,68:T,4057,S,A4,1,69" (24)
17:28:19  [SLOT-OOW] +299ms
17:28:19  [AT] "T,4058,S,B3,1,62" (16)
17:28:19  [AT] "T,4059,S,B2,1,62" (16)
17:28:19  [AT] "T,4060,S,A2,1,6B" (16)
17:28:19  [AT] "OK" (2)
17:28:20  [TX] S,1323,0110000010,0000000000,1614,P1,32
17:28:20  A,4057,A4,4,06
17:28:20  A,4058,B3,4,0D
17:28:20  A,4059,B2,4,0D
17:28:20  A,4060,A2,4,04
17:28:20  A,3190,A1,4,0E
17:28:20  A,3191,B2,4,0F
17:28:20  A,3192,A5,4,08
17:28:20  A,3193,A3,4,0F A,4060,A2,4,04
17:28:20  [SLOT] n=1345 tx=99 ack=4 due=0 r=1
17:28:20  [AT] "AT+CIPSEND=100" (14)
17:28:20  [DROP-OVF] 줄이 96바이트를 넘어 버렸다
17:28:20  [AT] "SEND OK" (7)
17:28:20  [AT] "+IPD,68:T,4061,S,A5,1,6D" (24)
17:28:20  [SLOT-OOW] +323ms
17:28:20  [AT] "T,4062,S,A3,1,68" (16)
17:28:20  [AT] "T,4063,S,B1,1,68" (16)
17:28:20  [AT] "T,4064,S,A1,1,6C" (16)
17:28:20  [AT] "OK" (2)
17:28:21  [TX] S,1324,0110000010,0000000000,1615,P1,34
17:28:21  A,4061,A5,4,02
17:28:21  A,4062,A3,4,07
17:28:21  A,4063,B1,4,07
17:28:21  A,4064,A1,4,03
17:28:21  A,3190,A1,4,0E
17:28:21  A,3191,B2,4,0F
17:28:21  A,3192,A5,4,08
17:28:21  A,3193,A3,4,0F A,4064,A1,4,03
17:28:21  [SLOT] n=1346 tx=99 ack=4 due=0 r=1
17:28:21  [DROP-OVF] 줄이 96바이트를 넘어 버렸다
17:28:21  [AT] "SEND OK" (7)
17:28:21  [AT] "AT+CIPSEND=100" (14)
17:28:22  [AT] "+IPD,68:T,4065,S,A4,1,68" (24)
17:28:22  [AT] "T,4066,S,B3,1,6F" (16)
17:28:22  [AT] "T,4067,S,B2,1,6F" (16)
17:28:22  [AT] "T,4068,S,A2,1,63" (16)
17:28:22  [AT] "OK" (2)
17:28:23  [TX] S,1325,0110000010,0000000000,1616,P1,36
17:28:23  A,4065,A4,4,07
17:28:23  A,4066,B3,4,00
17:28:23  A,4067,B2,4,00
17:28:23  A,4068,A2,4,0C
17:28:23  A,3190,A1,4,0E
17:28:23  A,3191,B2,4,0F
17:28:23  A,3192,A5,4,08
17:28:23  A,3193,A3,4,0F A,4068,A2,4,0C
17:28:23  [SLOT] n=1347 tx=99 ack=4 due=0 r=1
17:28:23  [AT] "AT+CIPSEND=100" (14)
17:28:23  [DROP-OVF] 줄이 96바이트를 넘어 버렸다
17:28:23  [AT] "SEND OK" (7)
17:28:23  [AT] "+IPD,68:T,4069,S,A1,1,61" (24)
17:28:23  [SLOT-OOW] +476ms
17:28:23  [AT] "T,4070,S,B1,1,6A" (16)
17:28:23  [AT] "T,4071,S,A5,1,6C" (16)
17:28:23  [AT] "T,4072,S,A3,1,69" (16)
17:28:23  [AT] "OK" (2)
17:28:24  [TX] S,1326,0110000010,0000000000,1617,P1,34
17:28:24  A,4069,A1,4,0E
17:28:24  A,4070,B1,4,05
17:28:24  A,4071,A5,4,03
17:28:24  A,4072,A3,4,06
17:28:24  A,3190,A1,4,0E
17:28:24  A,3191,B2,4,0F
17:28:24  A,3192,A5,4,08
17:28:24  A,3193,A3,4,0F A,4072,A3,4,06
17:28:24  [SLOT] n=1348 tx=99 ack=4 due=0 r=1
17:28:24  [DROP-OVF] 줄이 96바이트를 넘어 버렸다
17:28:24  [AT] "SEND OK" (7)
17:28:24  [AT] "+IPD,68:T,4073,S,A2,1,69" (24)
17:28:24  [SLOT-OOW] +320ms
17:28:24  [AT] "T,4074,S,A4,1,68" (16)
17:28:24  [AT] "T,4075,S,B3,1,6D" (16)
17:28:24  [AT] "T,4076,S,B2,1,6F" (16)
17:28:24  [AT] "OK" (2)
17:28:24  [AT] "AT+CIPSEND=100" (14)
17:28:25  [TX] S,1327,0110000010,0000000000,1618,P1,3A
17:28:25  A,4073,A2,4,06
17:28:25  A,4074,A4,4,07
17:28:25  A,4075,B3,4,02
17:28:25  A,4076,B2,4,00
17:28:25  A,3190,A1,4,0E
17:28:25  A,3191,B2,4,0F
17:28:25  A,3192,A5,4,08
17:28:25  A,3193,A3,4,0F A,4076,B2,4,00
17:28:25  [SLOT] n=1349 tx=99 ack=4 due=0 r=1
17:28:25  [AT] "AT+CIPSEND=100" (14)
17:28:25  [DROP-OVF] 줄이 96바이트를 넘어 버렸다
17:28:25  [AT] "SEND OK" (7)
17:28:25  [AT] "+IPD,68:T,4077,S,A5,1,6A" (24)
17:28:25  [SLOT-OOW] +327ms
17:28:25  [AT] "T,4078,S,A1,1,61" (16)
17:28:25  [AT] "T,4079,S,B1,1,63" (16)
17:28:25  [AT] "T,4080,S,A3,1,64" (16)
17:28:25  [AT] "OK" (2)
17:28:26  [TX] S,1328,0110000010,0000000000,1620,P1,3E
17:28:26  A,4077,A5,4,05
17:28:26  A,4078,A1,4,0E
17:28:26  A,4079,B1,4,0C
17:28:26  A,4080,A3,4,0B
17:28:26  A,3190,A1,4,0E
17:28:26  A,3191,B2,4,0F
17:28:26  A,3192,A5,4,08
17:28:26  A,3193,A3,4,0F A,4080,A3,4,0B
17:28:26  [SLOT] n=1350 tx=99 ack=4 due=0 r=1
17:28:26  [CNT] up=1620 drop=1 esprst=2 resync=3 sendfail=0 okto=0 stuck=0 ackq=0 ackdrop=0 ackstale=0 slot=1350 oow=1010 smiss=2 ssovf=81 cksumng=83 okstream=1328 penddrop=9 skip=0 online=1
17:28:26  [RAM] 최저 여유 627 B · 프롬프트 재동기 3회 (서버의 '버린줄' 과 맞아야 한다)
17:28:26  [DROP-OVF] 줄이 96바이트를 넘어 버렸다
17:28:26  [AT] "SEND OK" (7)
17:28:26  [AT] "+IPD,68:T,4081,S,A2,1,64" (24)
17:28:26  [SLOT-OOW] +361ms
17:28:26  [AT] "T,4082,S,A4,1,61" (16)
17:28:26  [AT] "AT+CIPSEND=100" (14)
17:28:27  [TX] S,1329,0110000010,0000000000,1621,P1,3E
17:28:27  A,4081,A2,4,0B
17:28:27  A,4082,A4,4,0E
17:28:27  A,4079,B1,4,0C
17:28:27  A,4080,A3,4,0B
17:28:27  A,3190,A1,4,0E
17:28:27  A,3191,B2,4,0F
17:28:27  A,3192,A5,4,08
17:28:27  A,3193,A3,4,0F A,4082,A4,4,0E
17:28:27  [SLOT] n=1351 tx=69 ack=2 due=0 r=1
17:28:27  [AT] "T,4083,SAT+CIPSEND=70" (21)
17:28:27  [CKSUM NG] T,4083,SAT+CIPSEND=70
17:28:27  [AT] " S,1329,0110000010,0000000000,1621,P1,3EA,4081,A2,4,0BA,4082,A4,4,0E" (68)
17:28:27  [AT] "SEND OK" (7)
17:28:28  [AT] "+IPD,68:T,4085,S,A5,1,67" (24)
17:28:28  [SLOT-OOW] +277ms
17:28:28  [AT] "T,4086,S,A1,1,60" (16)
17:28:28  [AT] "T,4087,S,B1,1,62" (16)
17:28:28  [AT] "T,4088,S,A3,1,6C" (16)
17:28:28  [AT] "OK" (2)
17:28:29  [TX] S,1330,0110000010,0000000000,1622,P1,35
17:28:29  A,4085,A5,4,08
17:28:29  A,4086,A1,4,0F
17:28:29  A,4087,B1,4,0D
17:28:29  A,4088,A3,4,03
17:28:29  A,3190,A1,4,0E
17:28:29  A,3191,B2,4,0F
17:28:29  A,3192,A5,4,08
17:28:29  A,3193,A3,4,0F A,4088,A3,4,03
17:28:29  [SLOT] n=1352 tx=99 ack=4 due=0 r=1
17:28:29  [AT] "AT+CIPSEND=100" (14)
17:28:29  [DROP-OVF] 줄이 96바이트를 넘어 버렸다
17:28:29  [AT] "SEND OK" (7)
17:28:29  [AT] "+IPD,17:T,4089,S,A2,1,6C" (24)
17:28:29  [SLOT-OOW] +296ms
17:28:29  [AT] "OK" (2)
17:28:30  [TX] S,1331,0110000010,0000000000,1623,P1,35
17:28:30  A,4089,A2,4,03
17:28:30  A,4086,A1,4,0F
17:28:30  A,4087,B1,4,0D
17:28:30  A,4088,A3,4,03
17:28:30  A,3190,A1,4,0E
17:28:30  A,3191,B2,4,0F
17:28:30  A,3192,A5,4,08
17:28:30  A,3193,A3,4,0F A,4089,A2,4,03
17:28:30  [SLOT] n=1353 tx=54 ack=1 due=0 r=1
17:28:30  [AT] "AT+CIPSEND=55" (13)
17:28:30  [AT] " S,1331,0110000010,0000000000,1623,P1,35A,4089,A2,4,03" (54)
17:28:30  [AT] "SEND OK" (7)
17:28:30  [AT] "+IPD,68:T,4083,S,B2,1,65" (24)
17:28:30  [SLOT-OOW] +245ms
17:28:30  [AT] "T,4084,S,B3,1,63" (16)
17:28:30  [AT] "T,4090,S,A1,1,67" (16)
17:28:30  [AT] "T,4091,S,A3,1,64" (16)
17:28:30  [AT] "OK" (2)
17:28:31  [TX] S,1332,0110000010,0000000000,1624,P1,31
17:28:31  A,4083,B2,4,0A
17:28:31  A,4084,B3,4,0C
17:28:31  A,4090,A1,4,08
17:28:31  A,4091,A3,4,0B
17:28:31  A,3190,A1,4,0E
17:28:31  A,3191,B2,4,0F
17:28:31  A,3192,A5,4,08
17:28:31  A,3193,A3,4,0F A,4091,A3,4,0B
17:28:31  [SLOT] n=1354 tx=99 ack=4 due=0 r=1
17:28:31  [AT] "AT+CIPSEND=100" (14)
17:28:31  [DROP-OVF] 줄이 96바이트를 넘어 버렸다
17:28:31  [AT] "SEND OK" (7)
17:28:32  [TX] S,1333,0110000010,0000000000,1626,P1,32
17:28:32  [SLOT] n=1355 tx=39 ack=0 due=0 r=1
17:28:32  [AT] "AT+CIPSEND=40" (13)
17:28:32  [AT] " S,1333,0110000010,0000000000,1626,P1,32" (40)
17:28:32  [AT] "SEND OK" (7)
17:28:32  [AT] "+IPD,17:T,4092,S,B2,1,65" (24)
17:28:32  [SLOT-OOW] +172ms
17:28:32  [AT] "OK" (2)
17:28:33  [TX] S,1334,0110000010,0000000000,1627,P1,34
17:28:33  A,4092,B2,4,0A
17:28:33  A,4084,B3,4,0C
17:28:33  A,4090,A1,4,08
17:28:33  A,4091,A3,4,0B
17:28:33  A,3190,A1,4,0E
17:28:33  A,3191,B2,4,0F
17:28:33  A,3192,A5,4,08
17:28:33  A,3193,A3,4,0F A,4092,B2,4,0A
17:28:33  [SLOT] n=1356 tx=54 ack=1 due=0 r=1
17:28:33  [AT] "AT+CIPSEND=55" (13)
17:28:33  [AT] " S,1334,0110000010,0000000000,1627,P1,34A,4092,B2,4,0A" (54)
17:28:33  [AT] "SEND OK" (7)
17:28:34  [TX] S,1335,0110000010,0000000000,1628,P1,3A
17:28:34  [SLOT] n=1357 tx=39 ack=0 due=0 r=1
17:28:34  [AT] "AT+CIPSEND=40" (13)
17:28:35  [AT] " S,1335,0110000010,0000000000,1628,P1,3A" (40)
17:28:35  [AT] "SEND OK" (7)
17:28:36  [TX] S,1336,0110000010,0000000000,1629,P1,38
17:28:36  [SLOT] n=1358 tx=39 ack=0 due=0 r=1
17:28:36  [AT] "AT+CIPSEND=40" (13)
17:28:36  [AT] " S,1336,0110000010,0000000000,1629,P1,38" (40)
17:28:36  [AT] "SEND OK" (7)
17:28:37  [TX] S,1337,0110000010,0000000000,1630,P1,31
17:28:37  [SLOT] n=1359 tx=39 ack=0 due=0 r=1
17:28:37  [AT] "AT+CIPSEND=40" (13)
17:28:37  [AT] " S,1337,0110000010,0000000000,1630,P1,31" (40)
17:28:37  [AT] "SEND OK" (7)
17:28:38  [TX] S,1338,0110000010,0000000000,1632,P1,3C
17:28:38  [SLOT] n=1360 tx=39 ack=0 due=0 r=1
17:28:38  [AT] "AT+CIPSEND=40" (13)
17:28:38  [AT] " S,1338,0110000010,0000000000,1632,P1,3C" (40)
17:28:38  [AT] "SEND OK" (7)
17:28:39  [TX] S,1339,0110000010,0000000000,1633,P1,3C
17:28:39  [SLOT] n=1361 tx=39 ack=0 due=0 r=1
17:28:39  [AT] "AT+CIPSEND=40" (13)
17:28:39  [AT] " S,1339,0110000010,0000000000,1633,P1,3C" (40)
17:28:39  [AT] "SEND OK" (7)
17:28:40  [TX] S,1340,0110000010,0000000000,1634,P1,35
17:28:40  [SLOT] n=1362 tx=39 ack=0 due=0 r=1
17:28:40  [AT] "AT+CIPSEND=40" (13)
17:28:41  [AT] " S,1340,0110000010,0000000000,1634,P1,35" (40)
17:28:41  [AT] "SEND OK" (7)
17:28:42  [TX] S,1341,0110000010,0000000000,1635,P1,35
17:28:42  [SLOT] n=1363 tx=39 ack=0 due=0 r=1
17:28:42  [AT] "AT+CIPSEND=40" (13)
17:28:42  [AT] " S,1341,0110000010,0000000000,1635,P1,35" (40)
17:28:42  [AT] "SEND OK" (7)
17:28:43  [TX] S,1342,0110000010,0000000000,1636,P1,35
17:28:43  [SLOT] n=1364 tx=39 ack=0 due=0 r=1
17:28:43  [AT] "AT+CIPSEND=40" (13)
17:28:43  [AT] " S,1342,0110000010,0000000000,1636,P1,35" (40)
17:28:43  [AT] "SEND OK" (7)
17:28:44  [TX] S,1343,0110000010,0000000000,1638,P1,3A
17:28:44  [SLOT] n=1365 tx=39 ack=0 due=0 r=1
17:28:44  [AT] "AT+CIPSEND=40" (13)
17:28:44  [AT] " S,1343,0110000010,0000000000,1638,P1,3A" (40)
17:28:44  [AT] "SEND OK" (7)
17:28:45  [TX] S,1344,0110000010,0000000000,1639,P1,3C
17:28:45  [SLOT] n=1366 tx=39 ack=0 due=0 r=1
17:28:45  [AT] "AT+CIPSEND=40" (13)
17:28:46  [AT] " S,1344,0110000010,0000000000,1639,P1,3C" (40)
17:28:46  [AT] "SEND OK" (7)
17:28:46  [TX] S,1345,0110000010,0000000000,1640,P1,33
17:28:46  [SLOT] n=1367 tx=39 ack=0 due=0 r=1
17:28:46  [AT] "AT+CIPSEND=40" (13)
17:28:47  [AT] " S,1345,0110000010,0000000000,1640,P1,33" (40)
17:28:47  [AT] "SEND OK" (7)
17:28:48  [TX] S,1346,0110000010,0000000000,1641,P1,31
17:28:48  [SLOT] n=1368 tx=39 ack=0 due=0 r=1
17:28:48  [AT] "AT+CIPSEND=40" (13)
17:28:48  [AT] " S,1346,0110000010,0000000000,1641,P1,31" (40)
17:28:48  [AT] "SEND OK" (7)
17:28:49  [TX] S,1347,0110000010,0000000000,1642,P1,33
17:28:49  [SLOT] n=1369 tx=39 ack=0 due=0 r=1
17:28:49  [AT] "AT+CIPSEND=40" (13)
17:28:49  [AT] " S,1347,0110000010,0000000000,1642,P1,33" (40)
17:28:49  [AT] "SEND OK" (7)
17:28:50  [TX] S,1348,0110000010,0000000000,1644,P1,3A
17:28:50  [SLOT] n=1370 tx=39 ack=0 due=0 r=1
17:28:50  [AT] "AT+CIPSEND=40" (13)
17:28:50  [AT] " S,1348,0110000010,0000000000,1644,P1,3A" (40)
17:28:50  [AT] "SEND OK" (7)
17:28:51  [TX] S,1349,0110000010,0000000000,1645,P1,3A
17:28:51  [SLOT] n=1371 tx=39 ack=0 due=0 r=1
17:28:51  [AT] "AT+CIPSEND=40" (13)
17:28:51  [AT] " S,1349,0110000010,0000000000,1645,P1,3A" (40)
17:28:51  [AT] "SEND OK" (7)
17:28:52  [TX] S,1350,0110000010,0000000000,1646,P1,31
17:28:52  [SLOT] n=1372 tx=39 ack=0 due=0 r=1
17:28:52  [AT] "AT+CIPSEND=40" (13)
17:28:53  [AT] " S,1350,0110000010,0000000000,1646,P1,31" (40)
17:28:53  [AT] "SEND OK" (7)
17:28:54  [TX] S,1351,0110000010,0000000000,1647,P1,31
17:28:54  [SLOT] n=1373 tx=39 ack=0 due=0 r=1
17:28:54  [AT] "AT+CIPSEND=40" (13)
17:28:54  [AT] " S,1351,0110000010,0000000000,1647,P1,31" (40)
17:28:54  [AT] "SEND OK" (7)
17:28:55  [TX] S,1352,0110000010,0000000000,1648,P1,3D
17:28:55  [SLOT] n=1374 tx=39 ack=0 due=0 r=1
17:28:55  [AT] "AT+CIPSEND=40" (13)
17:28:55  [AT] " S,1352,0110000010,0000000000,1648,P1,3D" (40)
17:28:55  [AT] "SEND OK" (7)
17:28:56  [TX] S,1353,0110000010,0000000000,1650,P1,35
17:28:56  [SLOT] n=1375 tx=39 ack=0 due=0 r=1
17:28:56  [AT] "AT+CIPSEND=40" (13)
17:28:56  [AT] " S,1353,0110000010,0000000000,1650,P1,35" (40)
17:28:56  [AT] "SEND OK" (7)
17:28:57  [TX] S,1354,0110000010,0000000000,1651,P1,33
17:28:57  [SLOT] n=1376 tx=39 ack=0 due=0 r=1
17:28:57  [AT] "AT+CIPSEND=40" (13)
17:28:57  [AT] " S,1354,0110000010,0000000000,1651,P1,33" (40)
17:28:57  [AT] "SEND OK" (7)
17:28:58  [TX] S,1355,0110000010,0000000000,1652,P1,31
17:28:58  [SLOT] n=1377 tx=39 ack=0 due=0 r=1
17:28:58  [AT] "AT+CIPSEND=40" (13)
17:28:59  [AT] " S,1355,0110000010,0000000000,1652,P1,31" (40)
17:28:59  [AT] "SEND OK" (7)
17:29:00  [TX] S,1356,0110000010,0000000000,1653,P1,33
17:29:00  [SLOT] n=1378 tx=39 ack=0 due=0 r=1
17:29:00  [AT] "AT+CIPSEND=40" (13)
17:29:00  [AT] " S,1356,0110000010,0000000000,1653,P1,33" (40)
17:29:00  [AT] "SEND OK" (7)
17:29:01  [TX] S,1357,0110000010,0000000000,1654,P1,35
17:29:01  [SLOT] n=1379 tx=39 ack=0 due=0 r=1
17:29:01  [AT] "AT+CIPSEND=40" (13)
17:29:01  [AT] " S,1357,0110000010,0000000000,1654,P1,35" (40)
17:29:01  [AT] "SEND OK" (7)
17:29:02  [TX] S,1358,0110000010,0000000000,1656,P1,38
17:29:02  [SLOT] n=1380 tx=39 ack=0 due=0 r=1
17:29:02  [AT] "AT+CIPSEND=40" (13)
17:29:02  [AT] " S,1358,0110000010,0000000000,1656,P1,38" (40)
17:29:02  [AT] "SEND OK" (7)
17:29:03  [TX] S,1359,0110000010,0000000000,1657,P1,38
17:29:03  [SLOT] n=1381 tx=39 ack=0 due=0 r=1
17:29:03  [AT] "AT+CIPSEND=40" (13)
17:29:03  [AT] " S,1359,0110000010,0000000000,1657,P1,38" (40)
17:29:03  [AT] "SEND OK" (7)
17:29:04  [TX] S,1360,0110000010,0000000000,1658,P1,3D
17:29:04  [SLOT] n=1382 tx=39 ack=0 due=0 r=1
17:29:04  [AT] "AT+CIPSEND=40" (13)
17:29:05  [AT] " S,1360,0110000010,0000000000,1658,P1,3D" (40)
17:29:05  [AT] "SEND OK" (7)
17:29:06  [TX] S,1361,0110000010,0000000000,1659,P1,3D
17:29:06  [SLOT] n=1383 tx=39 ack=0 due=0 r=1
17:29:06  [AT] "AT+CIPSEND=40" (13)
17:29:06  [AT] " S,1361,0110000010,0000000000,1659,P1,3D" (40)
17:29:06  [AT] "SEND OK" (7)
17:29:07  [TX] S,1362,0110000010,0000000000,1660,P1,34
17:29:07  [SLOT] n=1384 tx=39 ack=0 due=0 r=1
17:29:07  [AT] "AT+CIPSEND=40" (13)
17:29:07  [AT] " S,1362,0110000010,0000000000,1660,P1,34" (40)
17:29:07  [AT] "SEND OK" (7)
17:29:08  [TX] S,1363,0110000010,0000000000,1662,P1,37
17:29:08  [SLOT] n=1385 tx=39 ack=0 due=0 r=1
17:29:08  [AT] "AT+CIPSEND=40" (13)
17:29:08  [AT] " S,1363,0110000010,0000000000,1662,P1,37" (40)
17:29:08  [AT] "SEND OK" (7)
17:29:09  [TX] S,1364,0110000010,0000000000,1663,P1,31
17:29:09  [SLOT] n=1386 tx=39 ack=0 due=0 r=1
17:29:09  [AT] "AT+CIPSEND=40" (13)
17:29:09  [AT] " S,1364,0110000010,0000000000,1663,P1,31" (40)
17:29:09  [AT] "SEND OK" (7)
17:29:10  [TX] S,1365,0110000010,0000000000,1664,P1,37
17:29:10  [SLOT] n=1387 tx=39 ack=0 due=0 r=1
17:29:10  [AT] "AT+CIPSEND=40" (13)
17:29:10  [AT] " S,1365,0110000010,0000000000,1664,P1,37" (40)
17:29:10  [AT] "SEND OK" (7)
17:29:12  [TX] S,1366,0110000010,0000000000,1665,P1,35
17:29:12  [SLOT] n=1388 tx=39 ack=0 due=0 r=1
17:29:12  [AT] "AT+CIPSEND=40" (13)
17:29:12  [AT] " S,1366,0110000010,0000000000,1665,P1,35" (40)
17:29:12  [AT] "SEND OK" (7)
17:29:13  [TX] S,1367,0110000010,0000000000,1666,P1,37
17:29:13  [SLOT] n=1389 tx=39 ack=0 due=0 r=1
17:29:13  [AT] "AT+CIPSEND=40" (13)
17:29:13  [AT] " S,1367,0110000010,0000000000,1666,P1,37" (40)
17:29:13  [AT] "SEND OK" (7)
17:29:14  [TX] S,1368,0110000010,0000000000,1668,P1,36
17:29:14  [SLOT] n=1390 tx=39 ack=0 due=0 r=1
17:29:14  [AT] "AT+CIPSEND=40" (13)
17:29:14  [AT] " S,1368,0110000010,0000000000,1668,P1,36" (40)
17:29:14  [AT] "SEND OK" (7)
17:29:15  [TX] S,1369,0110000010,0000000000,1669,P1,36
17:29:15  [SLOT] n=1391 tx=39 ack=0 due=0 r=1
17:29:15  [AT] "AT+CIPSEND=40" (13)
17:29:15  [AT] " S,1369,0110000010,0000000000,1669,P1,36" (40)
17:29:15  [AT] "SEND OK" (7)
17:29:16  [TX] S,1370,0110000010,0000000000,1670,P1,36
17:29:16  [SLOT] n=1392 tx=39 ack=0 due=0 r=1
17:29:16  [AT] "AT+CIPSEND=40" (13)
17:29:16  [AT] " S,1370,0110000010,0000000000,1670,P1,36" (40)
17:29:16  [AT] "SEND OK" (7)
17:29:18  [TX] S,1371,0110000010,0000000000,1671,P1,36
17:29:18  [SLOT] n=1393 tx=39 ack=0 due=0 r=1
17:29:18  [AT] "AT+CIPSEND=40" (13)
17:29:18  [AT] " S,1371,0110000010,0000000000,1671,P1,36" (40)
17:29:18  [AT] "SEND OK" (7)
17:29:19  [TX] S,1372,0110000010,0000000000,1672,P1,36
17:29:19  [SLOT] n=1394 tx=39 ack=0 due=0 r=1
17:29:19  [AT] "AT+CIPSEND=40" (13)
17:29:19  [AT] " S,1372,0110000010,0000000000,1672,P1,36" (40)
17:29:19  [AT] "SEND OK" (7)
17:29:20  [TX] S,1373,0110000010,0000000000,1674,P1,31
17:29:20  [SLOT] n=1395 tx=39 ack=0 due=0 r=1
17:29:20  [AT] "AT+CIPSEND=40" (13)
17:29:20  [AT] " S,1373,0110000010,0000000000,1674,P1,31" (40)
17:29:20  [AT] "SEND OK" (7)
17:29:21  [TX] S,1374,0110000010,0000000000,1675,P1,37
17:29:21  [SLOT] n=1396 tx=39 ack=0 due=0 r=1
17:29:21  [AT] "AT+CIPSEND=40" (13)
17:29:21  [AT] " S,1374,0110000010,0000000000,1675,P1,37" (40)
17:29:21  [AT] "SEND OK" (7)
17:29:22  [TX] S,1375,0110000010,0000000000,1676,P1,35
17:29:22  [SLOT] n=1397 tx=39 ack=0 due=0 r=1
17:29:22  [AT] "AT+CIPSEND=40" (13)
17:29:22  [AT] " S,1375,0110000010,0000000000,1676,P1,35" (40)
17:29:22  [AT] "SEND OK" (7)
17:29:24  [TX] S,1376,0110000010,0000000000,1677,P1,37
17:29:24  [SLOT] n=1398 tx=39 ack=0 due=0 r=1
17:29:24  [AT] "AT+CIPSEND=40" (13)
17:29:24  [AT] " S,1376,0110000010,0000000000,1677,P1,37" (40)
17:29:24  [AT] "SEND OK" (7)
17:29:25  [TX] S,1377,0110000010,0000000000,1678,P1,39
17:29:25  [SLOT] n=1399 tx=39 ack=0 due=0 r=1
17:29:25  [AT] "AT+CIPSEND=40" (13)
17:29:25  [AT] " S,1377,0110000010,0000000000,1678,P1,39" (40)
17:29:25  [AT] "SEND OK" (7)
17:29:26  [TX] S,1378,0110000010,0000000000,1680,P1,31
17:29:26  [SLOT] n=1400 tx=39 ack=0 due=0 r=1
17:29:26  [CNT] up=1680 drop=1 esprst=2 resync=3 sendfail=0 okto=0 stuck=0 ackq=0 ackdrop=0 ackstale=0 slot=1400 oow=1015 smiss=2 ssovf=82 cksumng=84 okstream=1378 penddrop=9 skip=0 online=1
17:29:26  [RAM] 최저 여유 627 B · 프롬프트 재동기 3회 (서버의 '버린줄' 과 맞아야 한다)
17:29:26  [AT] " S,1378,0110000010,0000000000,1680,P1,31" (40)
17:29:26  [AT] "SEND OK" (7)
17:29:26  [AT] "AT+CIPSEND=40" (13)
17:29:27  [TX] S,1379,0110000010,0000000000,1681,P1,31
17:29:27  [SLOT] n=1401 tx=39 ack=0 due=0 r=1
17:29:27  [AT] "AT+CIPSEND=40" (13)
17:29:27  [AT] " S,1379,0110000010,0000000000,1681,P1,31" (40)
17:29:27  [AT] "SEND OK" (7)
17:29:28  [TX] S,1380,0110000010,0000000000,1682,P1,34
17:29:28  [SLOT] n=1402 tx=39 ack=0 due=0 r=1
17:29:28  [AT] "AT+CIPSEND=40" (13)
17:29:28  [AT] " S,1380,0110000010,0000000000,1682,P1,34" (40)
17:29:28  [AT] "SEND OK" (7)
17:29:30  [TX] S,1381,0110000010,0000000000,1683,P1,34
17:29:30  [SLOT] n=1403 tx=39 ack=0 due=0 r=1
17:29:30  [AT] "AT+CIPSEND=40" (13)
17:29:30  [AT] " S,1381,0110000010,0000000000,1683,P1,34" (40)
17:29:30  [AT] "SEND OK" (7)
17:29:31  [TX] S,1382,0110000010,0000000000,1684,P1,30
17:29:31  [SLOT] n=1404 tx=39 ack=0 due=0 r=1
17:29:31  [AT] "AT+CIPSEND=40" (13)
17:29:31  [AT] " S,1382,0110000010,0000000000,1684,P1,30" (40)
17:29:31  [AT] "SEND OK" (7)
17:29:32  [TX] S,1383,0110000010,0000000000,1686,P1,33
17:29:32  [SLOT] n=1405 tx=39 ack=0 due=0 r=1
17:29:32  [AT] "AT+CIPSEND=40" (13)
17:29:32  [AT] " S,1383,0110000010,0000000000,1686,P1,33" (40)
17:29:32  [AT] "SEND OK" (7)
17:29:33  [TX] S,1384,0110000010,0000000000,1687,P1,35
17:29:33  [SLOT] n=1406 tx=39 ack=0 due=0 r=1
17:29:33  [AT] "AT+CIPSEND=40" (13)
17:29:33  [AT] " S,1384,0110000010,0000000000,1687,P1,35" (40)
17:29:33  [AT] "SEND OK" (7)
17:29:34  [TX] S,1385,0110000010,0000000000,1688,P1,3B
17:29:34  [SLOT] n=1407 tx=39 ack=0 due=0 r=1
17:29:34  [AT] "AT+CIPSEND=40" (13)
17:29:34  [AT] " S,1385,0110000010,0000000000,1688,P1,3B" (40)
17:29:34  [AT] "SEND OK" (7)
17:29:36  [TX] S,1386,0110000010,0000000000,1689,P1,39
17:29:36  [SLOT] n=1408 tx=39 ack=0 due=0 r=1
17:29:36  [AT] "AT+CIPSEND=40" (13)
17:29:36  [AT] " S,1386,0110000010,0000000000,1689,P1,39" (40)
17:29:36  [AT] "SEND OK" (7)
17:29:37  [TX] S,1387,0110000010,0000000000,1690,P1,30
17:29:37  [SLOT] n=1409 tx=39 ack=0 due=0 r=1
17:29:37  [AT] "AT+CIPSEND=40" (13)
17:29:37  [AT] " S,1387,0110000010,0000000000,1690,P1,30" (40)
17:29:37  [AT] "SEND OK" (7)
17:29:38  [TX] S,1388,0110000010,0000000000,1692,P1,3D
17:29:38  [SLOT] n=1410 tx=39 ack=0 due=0 r=1
17:29:38  [AT] "AT+CIPSEND=40" (13)
17:29:39  [AT] " S,1388,0110000010,0000000000,1692,P1,3D" (40)
17:29:39  [AT] "SEND OK" (7)
17:29:39  [TX] S,1389,0110000010,0000000000,1693,P1,3D
17:29:39  [SLOT] n=1411 tx=39 ack=0 due=0 r=1
17:29:39  [AT] "AT+CIPSEND=40" (13)
17:29:39  [AT] " S,1389,0110000010,0000000000,1693,P1,3D" (40)
17:29:39  [AT] "SEND OK" (7)
17:29:40  [TX] S,1390,0110000010,0000000000,1694,P1,32
17:29:40  [SLOT] n=1412 tx=39 ack=0 due=0 r=1
17:29:40  [AT] "AT+CIPSEND=40" (13)
17:29:40  [AT] " S,1390,0110000010,0000000000,1694,P1,32" (40)
17:29:40  [AT] "SEND OK" (7)
17:29:42  [TX] S,1391,0110000010,0000000000,1695,P1,32
17:29:42  [SLOT] n=1413 tx=39 ack=0 due=0 r=1
17:29:42  [AT] "AT+CIPSEND=40" (13)
17:29:42  [AT] " S,1391,0110000010,0000000000,1695,P1,32" (40)
17:29:42  [AT] "SEND OK" (7)
17:29:43  [TX] S,1392,0110000010,0000000000,1696,P1,32
17:29:43  [SLOT] n=1414 tx=39 ack=0 due=0 r=1
17:29:43  [AT] "AT+CIPSEND=40" (13)
17:29:43  [AT] " S,1392,0110000010,0000000000,1696,P1,32" (40)
17:29:43  [AT] "SEND OK" (7)
17:29:44  [TX] S,1393,0110000010,0000000000,1698,P1,3D
17:29:44  [SLOT] n=1415 tx=39 ack=0 due=0 r=1
17:29:44  [AT] "AT+CIPSEND=40" (13)
17:29:44  [AT] " S,1393,0110000010,0000000000,1698,P1,3D" (40)
17:29:44  [AT] "SEND OK" (7)
17:29:45  [TX] S,1394,0110000010,0000000000,1699,P1,3B
17:29:45  [SLOT] n=1416 tx=39 ack=0 due=0 r=1
17:29:45  [AT] "AT+CIPSEND=40" (13)
17:29:45  [AT] " S,1394,0110000010,0000000000,1699,P1,3B" (40)
17:29:45  [AT] "SEND OK" (7)
17:29:46  [TX] S,1395,0110000010,0000000000,1700,P1,3B
17:29:46  [SLOT] n=1417 tx=39 ack=0 due=0 r=1
17:29:46  [AT] "AT+CIPSEND=40" (13)
17:29:46  [AT] " S,1395,0110000010,0000000000,1700,P1,3B" (40)
17:29:46  [AT] "SEND OK" (7)
17:29:49  [TX] S,1396,0110000010,0000000000,1701,P1,39
17:29:49  [SLOT] n=1418 tx=39 ack=0 due=0 r=1
17:29:49  [AT] "AT+CIPSEND=40" (13)
17:29:49  [AT] " S,1396,0110000010,0000000000,1701,P1,39" (40)
17:29:49  [AT] "SEND OK" (7)
17:29:50  [TX] S,1397,0110000010,0000000000,1702,P1,3B
17:29:50  [SLOT] n=1419 tx=39 ack=0 due=0 r=1
17:29:50  [AT] "AT+CIPSEND=40" (13)
17:29:50  [AT] " S,1397,0110000010,0000000000,1702,P1,3B" (40)
17:29:50  [AT] "SEND OK" (7)
17:29:51  [TX] S,1398,0110000010,0000000000,1704,P1,32
17:29:51  [SLOT] n=1420 tx=39 ack=0 due=0 r=1
17:29:51  [AT] "AT+CIPSEND=40" (13)
17:29:51  [AT] " S,1398,0110000010,0000000000,1704,P1,32" (40)
17:29:51  [AT] "SEND OK" (7)
17:29:52  [TX] S,1399,0110000010,0000000000,1705,P1,32
17:29:52  [SLOT] n=1421 tx=39 ack=0 due=0 r=1
17:29:52  [AT] "AT+CIPSEND=40" (13)
17:29:52  [AT] " S,1399,0110000010,0000000000,1705,P1,32" (40)
17:29:52  [AT] "SEND OK" (7)
17:29:53  [TX] S,1400,0110000010,0000000000,1706,P1,36
17:29:53  [SLOT] n=1422 tx=39 ack=0 due=0 r=1
17:29:53  [AT] "AT+CIPSEND=40" (13)
17:29:53  [AT] " S,1400,0110000010,0000000000,1706,P1,36" (40)
17:29:53  [AT] "SEND OK" (7)
17:29:55  [TX] S,1401,0110000010,0000000000,1707,P1,36
17:29:55  [SLOT] n=1423 tx=39 ack=0 due=0 r=1
17:29:55  [AT] "AT+CIPSEND=40" (13)
17:29:55  [AT] " S,1401,0110000010,0000000000,1707,P1,36" (40)
17:29:55  [AT] "SEND OK" (7)
17:29:56  [TX] S,1402,0110000010,0000000000,1708,P1,3A
17:29:56  [SLOT] n=1424 tx=39 ack=0 due=0 r=1
17:29:56  [AT] "AT+CIPSEND=40" (13)
17:29:56  [AT] " S,1402,0110000010,0000000000,1708,P1,3A" (40)
17:29:56  [AT] "SEND OK" (7)
17:29:57  [TX] S,1403,0110000010,0000000000,1710,P1,32
17:29:57  [SLOT] n=1425 tx=39 ack=0 due=0 r=1
17:29:57  [AT] "AT+CIPSEND=40" (13)
17:29:57  [AT] " S,1403,0110000010,0000000000,1710,P1,32" (40)
17:29:57  [AT] "SEND OK" (7)
17:29:58  [TX] S,1404,0110000010,0000000000,1711,P1,34
17:29:58  [SLOT] n=1426 tx=39 ack=0 due=0 r=1
17:29:58  [AT] "AT+CIPSEND=40" (13)
17:29:59  [AT] " S,1404,0110000010,0000000000,1711,P1,34" (40)
17:29:59  [AT] "SEND OK" (7)
17:29:59  [TX] S,1405,0110000010,0000000000,1712,P1,36
17:29:59  [SLOT] n=1427 tx=39 ack=0 due=0 r=1
17:29:59  [AT] "AT+CIPSEND=40" (13)
17:29:59  [AT] " S,1405,0110000010,0000000000,1712,P1,36" (40)
17:29:59  [AT] "SEND OK" (7)
17:30:01  [TX] S,1406,0110000010,0000000000,1713,P1,34
17:30:01  [SLOT] n=1428 tx=39 ack=0 due=0 r=1
17:30:01  [AT] "AT+CIPSEND=40" (13)
17:30:01  [AT] " S,1406,0110000010,0000000000,1713,P1,34" (40)
17:30:01  [AT] "SEND OK" (7)
17:30:02  [TX] S,1407,0110000010,0000000000,1714,P1,32
17:30:02  [SLOT] n=1429 tx=39 ack=0 due=0 r=1
17:30:02  [AT] "AT+CIPSEND=40" (13)
17:30:02  [AT] " S,1407,0110000010,0000000000,1714,P1,32" (40)
17:30:02  [AT] "SEND OK" (7)
17:30:03  [TX] S,1408,0110000010,0000000000,1716,P1,3F
17:30:03  [SLOT] n=1430 tx=39 ack=0 due=0 r=1
17:30:03  [AT] "AT+CIPSEND=40" (13)
17:30:03  [AT] " S,1408,0110000010,0000000000,1716,P1,3F" (40)
17:30:03  [AT] "SEND OK" (7)
17:30:04  [TX] S,1409,0110000010,0000000000,1717,P1,3F
17:30:04  [SLOT] n=1431 tx=39 ack=0 due=0 r=1
17:30:04  [AT] "AT+CIPSEND=40" (13)
17:30:04  [AT] " S,1409,0110000010,0000000000,1717,P1,3F" (40)
17:30:04  [AT] "SEND OK" (7)
17:30:05  [TX] S,1410,0110000010,0000000000,1718,P1,38
17:30:05  [SLOT] n=1432 tx=39 ack=0 due=0 r=1
17:30:05  [AT] "AT+CIPSEND=40" (13)
17:30:05  [AT] " S,1410,0110000010,0000000000,1718,P1,38" (40)
17:30:05  [AT] "SEND OK" (7)
17:30:06  [TX] S,1411,0110000010,0000000000,1719,P1,38
17:30:06  [SLOT] n=1433 tx=39 ack=0 due=0 r=1
17:30:06  [AT] "AT+CIPSEND=40" (13)
17:30:07  [AT] " S,1411,0110000010,0000000000,1719,P1,38" (40)
17:30:07  [AT] "SEND OK" (7)
17:30:08  [TX] S,1412,0110000010,0000000000,1720,P1,31
17:30:08  [SLOT] n=1434 tx=39 ack=0 due=0 r=1
17:30:08  [AT] "AT+CIPSEND=40" (13)
17:30:08  [AT] " S,1412,0110000010,0000000000,1720,P1,31" (40)
17:30:08  [AT] "SEND OK" (7)
17:30:09  [TX] S,1413,0110000010,0000000000,1722,P1,32
17:30:09  [SLOT] n=1435 tx=39 ack=0 due=0 r=1
17:30:09  [AT] "AT+CIPSEND=40" (13)
17:30:09  [AT] " S,1413,0110000010,0000000000,1722,P1,32" (40)
17:30:09  [AT] "SEND OK" (7)
17:30:10  [TX] S,1414,0110000010,0000000000,1723,P1,34
17:30:10  [SLOT] n=1436 tx=39 ack=0 due=0 r=1
17:30:10  [AT] "AT+CIPSEND=40" (13)
17:30:10  [AT] " S,1414,0110000010,0000000000,1723,P1,34" (40)
17:30:10  [AT] "SEND OK" (7)
17:30:11  [TX] S,1415,0110000010,0000000000,1724,P1,32
17:30:11  [SLOT] n=1437 tx=39 ack=0 due=0 r=1
17:30:11  [AT] "AT+CIPSEND=40" (13)
17:30:11  [AT] " S,1415,0110000010,0000000000,1724,P1,32" (40)
17:30:11  [AT] "SEND OK" (7)
17:30:12  [TX] S,1416,0110000010,0000000000,1725,P1,30
17:30:12  [SLOT] n=1438 tx=39 ack=0 due=0 r=1
17:30:12  [AT] "AT+CIPSEND=40" (13)
17:30:12  [AT] " S,1416,0110000010,0000000000,1725,P1,30" (40)
17:30:13  [AT] "SEND OK" (7)
17:30:14  [TX] S,1417,0110000010,0000000000,1726,P1,32
17:30:14  [SLOT] n=1439 tx=39 ack=0 due=0 r=1
17:30:14  [AT] "AT+CIPSEND=40" (13)
17:30:14  [AT] " S,1417,0110000010,0000000000,1726,P1,32" (40)
17:30:14  [AT] "SEND OK" (7)
17:30:15  [TX] S,1418,0110000010,0000000000,1728,P1,33
17:30:15  [SLOT] n=1440 tx=39 ack=0 due=0 r=1
17:30:15  [AT] "AT+CIPSEND=40" (13)
17:30:15  [AT] " S,1418,0110000010,0000000000,1728,P1,33" (40)
17:30:15  [AT] "SEND OK" (7)
17:30:16  [TX] S,1419,0110000010,0000000000,1729,P1,33
17:30:16  [SLOT] n=1441 tx=39 ack=0 due=0 r=1
17:30:16  [AT] "AT+CIPSEND=40" (13)
17:30:16  [AT] " S,1419,0110000010,0000000000,1729,P1,33" (40)
17:30:16  [AT] "SEND OK" (7)
17:30:17  [TX] S,1420,0110000010,0000000000,1730,P1,31
17:30:17  [SLOT] n=1442 tx=39 ack=0 due=0 r=1
17:30:17  [AT] "AT+CIPSEND=40" (13)
17:30:17  [AT] " S,1420,0110000010,0000000000,1730,P1,31" (40)
17:30:17  [AT] "SEND OK" (7)
17:30:18  [TX] S,1421,0110000010,0000000000,1731,P1,31
17:30:18  [SLOT] n=1443 tx=39 ack=0 due=0 r=1
17:30:18  [AT] "AT+CIPSEND=40" (13)
17:30:18  [AT] " S,1421,0110000010,0000000000,1731,P1,31" (40)
17:30:18  [AT] "SEND OK" (7)
17:30:20  [TX] S,1422,0110000010,0000000000,1732,P1,31
17:30:20  [SLOT] n=1444 tx=39 ack=0 due=0 r=1
17:30:20  [AT] "AT+CIPSEND=40" (13)
17:30:20  [AT] " S,1422,0110000010,0000000000,1732,P1,31" (40)
17:30:20  [AT] "SEND OK" (7)
17:30:21  [TX] S,1423,0110000010,0000000000,1734,P1,36
17:30:21  [SLOT] n=1445 tx=39 ack=0 due=0 r=1
17:30:21  [AT] "AT+CIPSEND=40" (13)
17:30:21  [AT] " S,1423,0110000010,0000000000,1734,P1,36" (40)
17:30:21  [AT] "SEND OK" (7)
17:30:22  [TX] S,1424,0110000010,0000000000,1735,P1,30
17:30:22  [SLOT] n=1446 tx=39 ack=0 due=0 r=1
17:30:22  [AT] "AT+CIPSEND=40" (13)
17:30:22  [AT] " S,1424,0110000010,0000000000,1735,P1,30" (40)
17:30:22  [AT] "SEND OK" (7)
17:30:23  [TX] S,1425,0110000010,0000000000,1736,P1,32
17:30:23  [SLOT] n=1447 tx=39 ack=0 due=0 r=1
17:30:23  [AT] "AT+CIPSEND=40" (13)
17:30:23  [AT] " S,1425,0110000010,0000000000,1736,P1,32" (40)
17:30:23  [AT] "SEND OK" (7)
17:30:24  [TX] S,1426,0110000010,0000000000,1737,P1,30
17:30:24  [SLOT] n=1448 tx=39 ack=0 due=0 r=1
17:30:24  [AT] "AT+CIPSEND=40" (13)
17:30:24  [AT] " S,1426,0110000010,0000000000,1737,P1,30" (40)
17:30:24  [AT] "SEND OK" (7)
17:30:26  [TX] S,1427,0110000010,0000000000,1738,P1,3E
17:30:26  [SLOT] n=1449 tx=39 ack=0 due=0 r=1
17:30:26  [AT] "AT+CIPSEND=40" (13)
17:30:26  [AT] " S,1427,0110000010,0000000000,1738,P1,3E" (40)
17:30:26  [AT] "SEND OK" (7)
17:30:27  [TX] S,1428,0110000010,0000000000,1740,P1,3E
17:30:27  [SLOT] n=1450 tx=39 ack=0 due=0 r=1
17:30:27  [CNT] up=1740 drop=1 esprst=2 resync=3 sendfail=0 okto=0 stuck=0 ackq=0 ackdrop=0 ackstale=0 slot=1450 oow=1015 smiss=2 ssovf=82 cksumng=84 okstream=1428 penddrop=9 skip=0 online=1
17:30:27  [RAM] 최저 여유 627 B · 프롬프트 재동기 3회 (서버의 '버린줄' 과 맞아야 한다)
17:30:27  [AT] "AT+CIPSEND=40" (13)
17:30:27  [AT] " S,1428,0110000010,0000000000,1740,P1,3E" (40)
17:30:27  [AT] "SEND OK" (7)
17:30:28  [TX] S,1429,0110000010,0000000000,1741,P1,3E
17:30:28  [SLOT] n=1451 tx=39 ack=0 due=0 r=1
17:30:28  [AT] "AT+CIPSEND=40" (13)
17:30:28  [AT] " S,1429,0110000010,0000000000,1741,P1,3E" (40)
17:30:28  [AT] "SEND OK" (7)
17:30:29  [TX] S,1430,0110000010,0000000000,1742,P1,35
17:30:29  [SLOT] n=1452 tx=39 ack=0 due=0 r=1
17:30:29  [AT] "AT+CIPSEND=40" (13)
17:30:29  [AT] " S,1430,0110000010,0000000000,1742,P1,35" (40)
17:30:29  [AT] "SEND OK" (7)
17:30:30  [TX] S,1431,0110000010,0000000000,1743,P1,35
17:30:30  [SLOT] n=1453 tx=39 ack=0 due=0 r=1
17:30:30  [AT] "AT+CIPSEND=40" (13)
17:30:31  [AT] " S,1431,0110000010,0000000000,1743,P1,35" (40)
17:30:31  [AT] "SEND OK" (7)
17:30:32  [TX] S,1432,0110000010,0000000000,1744,P1,31
17:30:32  [SLOT] n=1454 tx=39 ack=0 due=0 r=1
17:30:32  [AT] "AT+CIPSEND=40" (13)
17:30:32  [AT] " S,1432,0110000010,0000000000,1744,P1,31" (40)
17:30:32  [AT] "SEND OK" (7)
17:30:33  [TX] S,1433,0110000010,0000000000,1746,P1,32
17:30:33  [SLOT] n=1455 tx=39 ack=0 due=0 r=1
17:30:33  [AT] "AT+CIPSEND=40" (13)
17:30:33  [AT] " S,1433,0110000010,0000000000,1746,P1,32" (40)
17:30:33  [AT] "SEND OK" (7)
17:30:34  [TX] S,1434,0110000010,0000000000,1747,P1,34
17:30:34  [SLOT] n=1456 tx=39 ack=0 due=0 r=1
17:30:34  [AT] "AT+CIPSEND=40" (13)
17:30:34  [AT] " S,1434,0110000010,0000000000,1747,P1,34" (40)
17:30:34  [AT] "SEND OK" (7)
17:30:35  [TX] S,1435,0110000010,0000000000,1748,P1,3A
17:30:35  [SLOT] n=1457 tx=39 ack=0 due=0 r=1
17:30:35  [AT] "AT+CIPSEND=40" (13)
17:30:35  [AT] " S,1435,0110000010,0000000000,1748,P1,3A" (40)
17:30:35  [AT] "SEND OK" (7)
17:30:36  [TX] S,1436,0110000010,0000000000,1749,P1,38
17:30:36  [SLOT] n=1458 tx=39 ack=0 due=0 r=1
17:30:36  [AT] "AT+CIPSEND=40" (13)
17:30:37  [AT] " S,1436,0110000010,0000000000,1749,P1,38" (40)
17:30:37  [AT] "SEND OK" (7)
17:30:38  [TX] S,1437,0110000010,0000000000,1750,P1,31
17:30:38  [SLOT] n=1459 tx=39 ack=0 due=0 r=1
17:30:38  [AT] "AT+CIPSEND=40" (13)
17:30:38  [AT] " S,1437,0110000010,0000000000,1750,P1,31" (40)
17:30:38  [AT] "SEND OK" (7)
17:30:39  [TX] S,1438,0110000010,0000000000,1752,P1,3C
17:30:39  [SLOT] n=1460 tx=39 ack=0 due=0 r=1
17:30:39  [AT] "AT+CIPSEND=40" (13)
17:30:39  [AT] " S,1438,0110000010,0000000000,1752,P1,3C" (40)
17:30:39  [AT] "SEND OK" (7)
17:30:40  [TX] S,1439,0110000010,0000000000,1753,P1,3C
17:30:40  [SLOT] n=1461 tx=39 ack=0 due=0 r=1
17:30:40  [AT] "AT+CIPSEND=40" (13)
17:30:40  [AT] " S,1439,0110000010,0000000000,1753,P1,3C" (40)
17:30:40  [AT] "SEND OK" (7)
17:30:41  [TX] S,1440,0110000010,0000000000,1754,P1,35
17:30:41  [SLOT] n=1462 tx=39 ack=0 due=0 r=1
17:30:41  [AT] "AT+CIPSEND=40" (13)
17:30:41  [AT] " S,1440,0110000010,0000000000,1754,P1,35" (40)
17:30:41  [AT] "SEND OK" (7)
17:30:42  [TX] S,1441,0110000010,0000000000,1755,P1,35
17:30:42  [SLOT] n=1463 tx=39 ack=0 due=0 r=1
17:30:42  [AT] "AT+CIPSEND=40" (13)
17:30:42  [AT] " S,1441,0110000010,0000000000,1755,P1,35" (40)
17:30:42  [AT] "SEND OK" (7)
17:30:44  [TX] S,1442,0110000010,0000000000,1756,P1,35
17:30:44  [SLOT] n=1464 tx=39 ack=0 due=0 r=1
17:30:44  [AT] "AT+CIPSEND=40" (13)
17:30:44  [AT] " S,1442,0110000010,0000000000,1756,P1,35" (40)
17:30:44  [AT] "SEND OK" (7)
17:30:45  [TX] S,1443,0110000010,0000000000,1758,P1,3A
17:30:45  [SLOT] n=1465 tx=39 ack=0 due=0 r=1
17:30:45  [AT] "AT+CIPSEND=40" (13)
17:30:45  [AT] " S,1443,0110000010,0000000000,1758,P1,3A" (40)
17:30:45  [AT] "SEND OK" (7)
17:30:46  [TX] S,1444,0110000010,0000000000,1759,P1,3C
17:30:46  [SLOT] n=1466 tx=39 ack=0 due=0 r=1
17:30:46  [AT] "AT+CIPSEND=40" (13)
17:30:46  [AT] " S,1444,0110000010,0000000000,1759,P1,3C" (40)
17:30:46  [AT] "SEND OK" (7)
17:30:47  [TX] S,1445,0110000010,0000000000,1760,P1,37
17:30:47  [SLOT] n=1467 tx=39 ack=0 due=0 r=1
17:30:47  [AT] "AT+CIPSEND=40" (13)
17:30:47  [AT] " S,1445,0110000010,0000000000,1760,P1,37" (40)
17:30:47  [AT] "SEND OK" (7)
17:30:48  [TX] S,1446,0110000010,0000000000,1761,P1,35
17:30:48  [SLOT] n=1468 tx=39 ack=0 due=0 r=1
17:30:48  [AT] "AT+CIPSEND=40" (13)
17:30:48  [AT] " S,1446,0110000010,0000000000,1761,P1,35" (40)
17:30:48  [AT] "SEND OK" (7)
17:30:50  [TX] S,1447,0110000010,0000000000,1762,P1,37
17:30:50  [SLOT] n=1469 tx=39 ack=0 due=0 r=1
17:30:50  [AT] "AT+CIPSEND=40" (13)
17:30:50  [AT] " S,1447,0110000010,0000000000,1762,P1,37" (40)
17:30:50  [AT] "SEND OK" (7)
17:30:51  [TX] S,1448,0110000010,0000000000,1764,P1,3E
17:30:51  [SLOT] n=1470 tx=39 ack=0 due=0 r=1
17:30:51  [AT] "AT+CIPSEND=40" (13)
17:30:51  [AT] " S,1448,0110000010,0000000000,1764,P1,3E" (40)
17:30:51  [AT] "SEND OK" (7)
17:30:52  [TX] S,1449,0110000010,0000000000,1765,P1,3E
17:30:52  [SLOT] n=1471 tx=39 ack=0 due=0 r=1
17:30:52  [AT] "AT+CIPSEND=40" (13)
17:30:52  [AT] " S,1449,0110000010,0000000000,1765,P1,3E" (40)
17:30:52  [AT] "SEND OK" (7)
17:30:53  [TX] S,1450,0110000010,0000000000,1766,P1,35
17:30:53  [SLOT] n=1472 tx=39 ack=0 due=0 r=1
17:30:53  [AT] "AT+CIPSEND=40" (13)
17:30:53  [AT] " S,1450,0110000010,0000000000,1766,P1,35" (40)
17:30:53  [AT] "SEND OK" (7)
17:30:54  [TX] S,1451,0110000010,0000000000,1767,P1,35
17:30:54  [SLOT] n=1473 tx=39 ack=0 due=0 r=1
17:30:54  [AT] "AT+CIPSEND=40" (13)
17:30:55  [AT] " S,1451,0110000010,0000000000,1767,P1,35" (40)
17:30:55  [AT] "SEND OK" (7)
17:30:56  [TX] S,1452,0110000010,0000000000,1768,P1,39
17:30:56  [SLOT] n=1474 tx=39 ack=0 due=0 r=1
17:30:56  [AT] "AT+CIPSEND=40" (13)
17:30:56  [AT] " S,1452,0110000010,0000000000,1768,P1,39" (40)
17:30:56  [AT] "SEND OK" (7)
17:30:57  [TX] S,1453,0110000010,0000000000,1770,P1,31
17:30:57  [SLOT] n=1475 tx=39 ack=0 due=0 r=1
17:30:57  [AT] "AT+CIPSEND=40" (13)
17:30:57  [AT] " S,1453,0110000010,0000000000,1770,P1,31" (40)
17:30:57  [AT] "SEND OK" (7)
17:30:58  [TX] S,1454,0110000010,0000000000,1771,P1,37
17:30:58  [SLOT] n=1476 tx=39 ack=0 due=0 r=1
17:30:58  [AT] "AT+CIPSEND=40" (13)
17:30:58  [AT] " S,1454,0110000010,0000000000,1771,P1,37" (40)
17:30:58  [AT] "SEND OK" (7)
17:30:59  [TX] S,1455,0110000010,0000000000,1772,P1,35
17:30:59  [SLOT] n=1477 tx=39 ack=0 due=0 r=1
17:30:59  [AT] "AT+CIPSEND=40" (13)
17:30:59  [AT] " S,1455,0110000010,0000000000,1772,P1,35" (40)
17:30:59  [AT] "SEND OK" (7)
17:31:00  [TX] S,1456,0110000010,0000000000,1773,P1,37
17:31:00  [SLOT] n=1478 tx=39 ack=0 due=0 r=1
17:31:00  [AT] "AT+CIPSEND=40" (13)
17:31:01  [AT] " S,1456,0110000010,0000000000,1773,P1,37" (40)
17:31:01  [AT] "SEND OK" (7)
17:31:01  [TX] S,1457,0110000010,0000000000,1774,P1,31
17:31:01  [SLOT] n=1479 tx=39 ack=0 due=0 r=1
17:31:01  [AT] "AT+CIPSEND=40" (13)
17:31:02  [AT] " S,1457,0110000010,0000000000,1774,P1,31" (40)
17:31:02  [AT] "SEND OK" (7)
17:31:03  [TX] S,1458,0110000010,0000000000,1776,P1,3C
17:31:03  [SLOT] n=1480 tx=39 ack=0 due=0 r=1
17:31:03  [AT] "AT+CIPSEND=40" (13)
17:31:03  [AT] " S,1458,0110000010,0000000000,1776,P1,3C" (40)
17:31:03  [AT] "SEND OK" (7)
17:31:04  [TX] S,1459,0110000010,0000000000,1777,P1,3C
17:31:04  [SLOT] n=1481 tx=39 ack=0 due=0 r=1
17:31:04  [AT] "AT+CIPSEND=40" (13)
17:31:04  [AT] " S,1459,0110000010,0000000000,1777,P1,3C" (40)
17:31:04  [AT] "SEND OK" (7)
17:31:05  [TX] S,1460,0110000010,0000000000,1778,P1,39
17:31:05  [SLOT] n=1482 tx=39 ack=0 due=0 r=1
17:31:05  [AT] "AT+CIPSEND=40" (13)
17:31:05  [AT] " S,1460,0110000010,0000000000,1778,P1,39" (40)
17:31:05  [AT] "SEND OK" (7)
17:31:06  [TX] S,1461,0110000010,0000000000,1779,P1,39
17:31:06  [SLOT] n=1483 tx=39 ack=0 due=0 r=1
17:31:06  [AT] "AT+CIPSEND=40" (13)
17:31:06  [AT] " S,1461,0110000010,0000000000,1779,P1,39" (40)
17:31:06  [AT] "SEND OK" (7)
17:31:07  [TX] S,1462,0110000010,0000000000,1780,P1,3C
17:31:07  [SLOT] n=1484 tx=39 ack=0 due=0 r=1
17:31:07  [AT] "AT+CIPSEND=40" (13)
17:31:07  [AT] " S,1462,0110000010,0000000000,1780,P1,3C" (40)
17:31:07  [AT] "SEND OK" (7)
17:31:09  [TX] S,1463,0110000010,0000000000,1782,P1,3F
17:31:09  [SLOT] n=1485 tx=39 ack=0 due=0 r=1
17:31:09  [AT] "AT+CIPSEND=40" (13)
17:31:09  [AT] " S,1463,0110000010,0000000000,1782,P1,3F" (40)
17:31:09  [AT] "SEND OK" (7)
17:31:10  [TX] S,1464,0110000010,0000000000,1783,P1,39
17:31:10  [SLOT] n=1486 tx=39 ack=0 due=0 r=1
17:31:10  [AT] "AT+CIPSEND=40" (13)
17:31:10  [AT] " S,1464,0110000010,0000000000,1783,P1,39" (40)
17:31:10  [AT] "SEND OK" (7)
17:31:11  [TX] S,1465,0110000010,0000000000,1784,P1,3F
17:31:11  [SLOT] n=1487 tx=39 ack=0 due=0 r=1
17:31:11  [AT] "AT+CIPSEND=40" (13)
17:31:11  [AT] " S,1465,0110000010,0000000000,1784,P1,3F" (40)
17:31:11  [AT] "SEND OK" (7)
17:31:12  [TX] S,1466,0110000010,0000000000,1785,P1,3D
17:31:12  [SLOT] n=1488 tx=39 ack=0 due=0 r=1
17:31:12  [AT] "AT+CIPSEND=40" (13)
17:31:12  [AT] " S,1466,0110000010,0000000000,1785,P1,3D" (40)
17:31:12  [AT] "SEND OK" (7)
17:31:13  [TX] S,1467,0110000010,0000000000,1786,P1,3F
17:31:13  [SLOT] n=1489 tx=39 ack=0 due=0 r=1
17:31:13  [AT] "AT+CIPSEND=40" (13)
17:31:14  [AT] " S,1467,0110000010,0000000000,1786,P1,3F" (40)
17:31:14  [AT] "SEND OK" (7)
17:31:15  [TX] S,1468,0110000010,0000000000,1788,P1,3E
17:31:15  [SLOT] n=1490 tx=39 ack=0 due=0 r=1
17:31:15  [AT] "AT+CIPSEND=40" (13)
17:31:15  [AT] " S,1468,0110000010,0000000000,1788,P1,3E" (40)
17:31:15  [AT] "SEND OK" (7)
17:31:16  [TX] S,1469,0110000010,0000000000,1789,P1,3E
17:31:16  [SLOT] n=1491 tx=39 ack=0 due=0 r=1
17:31:16  [AT] "AT+CIPSEND=40" (13)
17:31:16  [AT] " S,1469,0110000010,0000000000,1789,P1,3E" (40)
17:31:16  [AT] "SEND OK" (7)
17:31:17  [TX] S,1470,0110000010,0000000000,1790,P1,3E
17:31:17  [SLOT] n=1492 tx=39 ack=0 due=0 r=1
17:31:17  [AT] "AT+CIPSEND=40" (13)
17:31:18  [AT] " S,1470,0110000010,0000000000,1790,P1,3E" (40)
17:31:18  [AT] "SEND OK" (7)
17:31:18  [TX] S,1471,0110000010,0000000000,1791,P1,3E
17:31:18  [SLOT] n=1493 tx=39 ack=0 due=0 r=1
17:31:18  [AT] "AT+CIPSEND=40" (13)
17:31:19  [AT] " S,1471,0110000010,0000000000,1791,P1,3E" (40)
17:31:19  [AT] "SEND OK" (7)
17:31:19  [TX] S,1472,0110000010,0000000000,1792,P1,3E
17:31:19  [SLOT] n=1494 tx=39 ack=0 due=0 r=1
17:31:19  [AT] "AT+CIPSEND=40" (13)
17:31:19  [AT] " S,1472,0110000010,0000000000,1792,P1,3E" (40)
17:31:19  [AT] "SEND OK" (7)
17:31:21  [TX] S,1473,0110000010,0000000000,1794,P1,39
17:31:21  [SLOT] n=1495 tx=39 ack=0 due=0 r=1
17:31:21  [AT] "AT+CIPSEND=40" (13)
17:31:21  [AT] " S,1473,0110000010,0000000000,1794,P1,39" (40)
17:31:21  [AT] "SEND OK" (7)
17:31:22  [TX] S,1474,0110000010,0000000000,1795,P1,3F
17:31:22  [SLOT] n=1496 tx=39 ack=0 due=0 r=1
17:31:22  [AT] "AT+CIPSEND=40" (13)
17:31:22  [AT] " S,1474,0110000010,0000000000,1795,P1,3F" (40)
17:31:22  [AT] "SEND OK" (7)
17:31:23  [TX] S,1475,0110000010,0000000000,1796,P1,3D
17:31:23  [SLOT] n=1497 tx=39 ack=0 due=0 r=1
17:31:23  [AT] "AT+CIPSEND=40" (13)
17:31:23  [AT] " S,1475,0110000010,0000000000,1796,P1,3D" (40)
17:31:23  [AT] "SEND OK" (7)
17:31:24  [TX] S,1476,0110000010,0000000000,1797,P1,3F
17:31:24  [SLOT] n=1498 tx=39 ack=0 due=0 r=1
17:31:24  [AT] "AT+CIPSEND=40" (13)
17:31:25  [AT] " S,1476,0110000010,0000000000,1797,P1,3F" (40)
17:31:25  [AT] "SEND OK" (7)
17:31:25  [TX] S,1477,0110000010,0000000000,1798,P1,31
17:31:25  [SLOT] n=1499 tx=39 ack=0 due=0 r=1
17:31:25  [AT] "AT+CIPSEND=40" (13)
17:31:25  [AT] " S,1477,0110000010,0000000000,1798,P1,31" (40)
17:31:25  [AT] "SEND OK" (7)
17:31:27  [TX] S,1478,0110000010,0000000000,1800,P1,30
17:31:27  [SLOT] n=1500 tx=39 ack=0 due=0 r=1
17:31:27  [CNT] up=1800 drop=1 esprst=2 resync=3 sendfail=0 okto=0 stuck=0 ackq=0 ackdrop=0 ackstale=0 slot=1500 oow=1015 smiss=2 ssovf=82 cksumng=84 okstream=1478 penddrop=9 skip=0 online=1
17:31:27  [RAM] 최저 여유 627 B · 프롬프트 재동기 3회 (서버의 '버린줄' 과 맞아야 한다)
17:31:27  [AT] " S,1478,0110000010,0000000000,1800,P1,30" (40)
17:31:27  [AT] "SEND OK" (7)
17:31:27  [AT] "AT+CIPSEND=40" (13)
17:31:28  [TX] S,1479,0110000010,0000000000,1801,P1,30
17:31:28  [SLOT] n=1501 tx=39 ack=0 due=0 r=1
17:31:28  [AT] "AT+CIPSEND=40" (13)
17:31:28  [AT] " S,1479,0110000010,0000000000,1801,P1,30" (40)
17:31:28  [AT] "SEND OK" (7)
17:31:29  [TX] S,1480,0110000010,0000000000,1802,P1,35
17:31:29  [SLOT] n=1502 tx=39 ack=0 due=0 r=1
17:31:29  [AT] "AT+CIPSEND=40" (13)
17:31:30  [AT] " S,1480,0110000010,0000000000,1802,P1,35" (40)
17:31:30  [AT] "SEND OK" (7)
17:31:30  [TX] S,1481,0110000010,0000000000,1803,P1,35
17:31:30  [SLOT] n=1503 tx=39 ack=0 due=0 r=1
17:31:30  [AT] "AT+CIPSEND=40" (13)
17:31:30  [AT] " S,1481,0110000010,0000000000,1803,P1,35" (40)
17:31:30  [AT] "SEND OK" (7)
17:31:31  [TX] S,1482,0110000010,0000000000,1804,P1,31
17:31:31  [SLOT] n=1504 tx=39 ack=0 due=0 r=1
17:31:31  [AT] "AT+CIPSEND=40" (13)
17:31:31  [AT] " S,1482,0110000010,0000000000,1804,P1,31" (40)
17:31:31  [AT] "SEND OK" (7)
17:31:33  [TX] S,1483,0110000010,0000000000,1806,P1,32
17:31:33  [SLOT] n=1505 tx=39 ack=0 due=0 r=1
17:31:33  [AT] "AT+CIPSEND=40" (13)
17:31:33  [AT] " S,1483,0110000010,0000000000,1806,P1,32" (40)
17:31:33  [AT] "SEND OK" (7)
17:31:34  [TX] S,1484,0110000010,0000000000,1807,P1,34
17:31:34  [SLOT] n=1506 tx=39 ack=0 due=0 r=1
17:31:34  [AT] "AT+CIPSEND=40" (13)
17:31:34  [AT] " S,1484,0110000010,0000000000,1807,P1,34" (40)
17:31:34  [AT] "SEND OK" (7)
17:31:35  [TX] S,1485,0110000010,0000000000,1808,P1,3A
17:31:35  [SLOT] n=1507 tx=39 ack=0 due=0 r=1
17:31:35  [AT] "AT+CIPSEND=40" (13)
17:31:35  [AT] " S,1485,0110000010,0000000000,1808,P1,3A" (40)
17:31:35  [AT] "SEND OK" (7)
17:31:36  [TX] S,1486,0110000010,0000000000,1809,P1,38
17:31:36  [SLOT] n=1508 tx=39 ack=0 due=0 r=1
17:31:36  [AT] "AT+CIPSEND=40" (13)
17:31:36  [AT] " S,1486,0110000010,0000000000,1809,P1,38" (40)
17:31:36  [AT] "SEND OK" (7)
17:31:37  [TX] S,1487,0110000010,0000000000,1810,P1,31
17:31:37  [SLOT] n=1509 tx=39 ack=0 due=0 r=1
17:31:37  [AT] "AT+CIPSEND=40" (13)
17:31:38  [AT] " S,1487,0110000010,0000000000,1810,P1,31" (40)
17:31:38  [AT] "SEND OK" (7)
17:31:38  [TX] S,1488,0110000010,0000000000,1812,P1,3C
17:31:38  [SLOT] n=1510 tx=39 ack=0 due=0 r=1
17:31:39  [AT] "AT+CIPSEND=40" (13)
17:31:39  [AT] " S,1488,0110000010,0000000000,1812,P1,3C" (40)
17:31:39  [AT] "SEND OK" (7)
17:31:40  [TX] S,1489,0110000010,0000000000,1813,P1,3C
17:31:40  [SLOT] n=1511 tx=39 ack=0 due=0 r=1
17:31:40  [AT] "AT+CIPSEND=40" (13)
17:31:40  [AT] "M\xFF,1489,0110000010,0000000000,1813,P1,3C" (40)
17:31:40  [CKSUM NG] M�,1489,0110000010,0000000000,1813,P1,3C
17:31:40  [AT] "SEND OK" (7)
17:31:41  [TX] S,1490,0110000010,0000000000,1814,P1,33
17:31:41  [SLOT] n=1512 tx=39 ack=0 due=0 r=1
17:31:41  [AT] "AT+CIPSEND=40" (13)
17:31:41  [AT] " S,1490,0110000010,0000000000,1814,P1,33" (40)
17:31:41  [AT] "SEND OK" (7)
17:31:42  [TX] S,1491,0110000010,0000000000,1815,P1,33
17:31:42  [SLOT] n=1513 tx=39 ack=0 due=0 r=1
17:31:42  [AT] "AT+CIPSEND=40" (13)
17:31:43  [AT] " S,1491,0110000010,0000000000,1815,P1,33" (40)
17:31:43  [AT] "SEND OK" (7)
17:31:43  [TX] S,1492,0110000010,0000000000,1816,P1,33
17:31:43  [SLOT] n=1514 tx=39 ack=0 due=0 r=1
17:31:43  [AT] "AT+CIPSEND=40" (13)
17:31:43  [AT] " S,1492,0110000010,0000000000,1816,P1,33" (40)
17:31:43  [AT] "SEND OK" (7)
17:31:44  [TX] S,1493,0110000010,0000000000,1818,P1,3C
17:31:44  [SLOT] n=1515 tx=39 ack=0 due=0 r=1
17:31:44  [AT] "AT+CIPSEND=40" (13)
17:31:45  [AT] " S,1493,0110000010,0000000000,1818,P1,3C" (40)
17:31:45  [AT] "SEND OK" (7)
17:31:46  [TX] S,1494,0110000010,0000000000,1819,P1,3A
17:31:46  [SLOT] n=1516 tx=39 ack=0 due=0 r=1
17:31:46  [AT] "AT+CIPSEND=40" (13)
17:31:46  [AT] " S,1494,0110000010,0000000000,1819,P1,3A" (40)
17:31:46  [AT] "SEND OK" (7)
17:31:47  [TX] S,1495,0110000010,0000000000,1820,P1,31
17:31:47  [SLOT] n=1517 tx=39 ack=0 due=0 r=1
17:31:47  [AT] "AT+CIPSEND=40" (13)
17:31:47  [AT] " S,1495,0110000010,0000000000,1820,P1,31" (40)
17:31:47  [AT] "SEND OK" (7)
17:31:48  [TX] S,1496,0110000010,0000000000,1821,P1,33
17:31:48  [SLOT] n=1518 tx=39 ack=0 due=0 r=1
17:31:48  [AT] "AT+CIPSEND=40" (13)
17:31:48  [AT] " S,1496,0110000010,0000000000,1821,P1,33" (40)
17:31:48  [AT] "SEND OK" (7)
17:31:49  [TX] S,1497,0110000010,0000000000,1822,P1,31
17:31:49  [SLOT] n=1519 tx=39 ack=0 due=0 r=1
17:31:49  [AT] "AT+CIPSEND=40" (13)
17:31:49  [AT] " S,1497,0110000010,0000000000,1822,P1,31" (40)
17:31:49  [AT] "SEND OK" (7)
17:31:50  [TX] S,1498,0110000010,0000000000,1824,P1,38
17:31:50  [SLOT] n=1520 tx=39 ack=0 due=0 r=1
17:31:50  [AT] "AT+CIPSEND=40" (13)
17:31:50  [AT] " S,1498,0110000010,0000000000,1824,P1,38" (40)
17:31:50  [AT] "SEND OK" (7)
17:31:52  [TX] S,1499,0110000010,0000000000,1825,P1,38
17:31:52  [SLOT] n=1521 tx=39 ack=0 due=0 r=1
17:31:52  [AT] "AT+CIPSEND=40" (13)
17:31:52  [AT] " S,1499,0110000010,0000000000,1825,P1,38" (40)
17:31:52  [AT] "SEND OK" (7)
17:31:53  [TX] S,1500,0110000010,0000000000,1826,P1,3A
17:31:53  [SLOT] n=1522 tx=39 ack=0 due=0 r=1
17:31:53  [AT] "AT+CIPSEND=40" (13)
17:31:53  [AT] " S,1500,0110000010,0000000000,1826,P1,3A" (40)
17:31:53  [AT] "SEND OK" (7)
17:31:54  [TX] S,1501,0110000010,0000000000,1827,P1,3A
17:31:54  [SLOT] n=1523 tx=39 ack=0 due=0 r=1
17:31:54  [AT] "AT+CIPSEND=40" (13)
17:31:54  [AT] " S,1501,0110000010,0000000000,1827,P1,3A" (40)
17:31:54  [AT] "SEND OK" (7)
17:31:55  [TX] S,1502,0110000010,0000000000,1828,P1,36
17:31:55  [SLOT] n=1524 tx=39 ack=0 due=0 r=1
17:31:55  [AT] "AT+CIPSEND=40" (13)
17:31:55  [AT] " S,1502,0110000010,0000000000,1828,P1,36" (40)
17:31:55  [AT] "SEND OK" (7)
17:31:56  [TX] S,1503,0110000010,0000000000,1830,P1,3E
17:31:56  [SLOT] n=1525 tx=39 ack=0 due=0 r=1
17:31:56  [AT] "AT+CIPSEND=40" (13)
17:31:56  [AT] " S,1503,0110000010,0000000000,1830,P1,3E" (40)
17:31:56  [AT] "SEND OK" (7)
17:31:58  [TX] S,1504,0110000010,0000000000,1831,P1,38
17:31:58  [SLOT] n=1526 tx=39 ack=0 due=0 r=1
17:31:58  [AT] "AT+CIPSEND=40" (13)
17:31:58  [AT] " S,1504,0110000010,0000000000,1831,P1,38" (40)
17:31:58  [AT] "SEND OK" (7)
17:31:59  [TX] S,1505,0110000010,0000000000,1832,P1,3A
17:31:59  [SLOT] n=1527 tx=39 ack=0 due=0 r=1
17:31:59  [AT] "AT+CIPSEND=40" (13)
17:31:59  [AT] " S,1505,0110000010,0000000000,1832,P1,3A" (40)
17:31:59  [AT] "SEND OK" (7)
17:32:00  [TX] S,1506,0110000010,0000000000,1833,P1,38
17:32:00  [SLOT] n=1528 tx=39 ack=0 due=0 r=1
17:32:00  [AT] "AT+CIPSEND=40" (13)
17:32:00  [AT] " S,1506,0110000010,0000000000,1833,P1,38" (40)
17:32:00  [AT] "SEND OK" (7)
17:32:01  [TX] S,1507,0110000010,0000000000,1834,P1,3E
17:32:01  [SLOT] n=1529 tx=39 ack=0 due=0 r=1
17:32:01  [AT] "AT+CIPSEND=40" (13)
17:32:01  [AT] " S,1507,0110000010,0000000000,1834,P1,3E" (40)
17:32:01  [AT] "SEND OK" (7)
17:32:02  [TX] S,1508,0110000010,0000000000,1836,P1,33
17:32:02  [SLOT] n=1530 tx=39 ack=0 due=0 r=1
17:32:02  [AT] "AT+CIPSEND=40" (13)
17:32:02  [AT] " S,1508,0110000010,0000000000,1836,P1,33" (40)
17:32:02  [AT] "SEND OK" (7)
17:32:04  [TX] S,1509,0110000010,0000000000,1837,P1,33
17:32:04  [SLOT] n=1531 tx=39 ack=0 due=0 r=1
17:32:04  [AT] "AT+CIPSEND=40" (13)
17:32:04  [AT] " S,1509,0110000010,0000000000,1837,P1,33" (40)
17:32:04  [AT] "SEND OK" (7)
17:32:06  [TX] S,1510,0110000010,0000000000,1838,P1,34
17:32:06  [SLOT] n=1532 tx=39 ack=0 due=0 r=1
17:32:06  [AT] "AT+CIPSEND=40" (13)
17:32:06  [AT] " S,1510,0110000010,0000000000,1838,P1,34" (40)
17:32:06  [AT] "SEND OK" (7)
17:32:07  [TX] S,1511,0110000010,0000000000,1839,P1,34
17:32:07  [SLOT] n=1533 tx=39 ack=0 due=0 r=1
17:32:07  [AT] "AT+CIPSEND=40" (13)
17:32:07  [AT] " S,1511,0110000010,0000000000,1839,P1,34" (40)
17:32:07  [AT] "SEND OK" (7)
17:32:08  [TX] S,1512,0110000010,0000000000,1840,P1,39
17:32:08  [SLOT] n=1534 tx=39 ack=0 due=0 r=1
17:32:08  [AT] "AT+CIPSEND=40" (13)
17:32:08  [AT] " S,1512,0110000010,0000000000,1840,P1,39" (40)
17:32:08  [AT] "SEND OK" (7)
17:32:09  [TX] S,1513,0110000010,0000000000,1842,P1,3A
17:32:09  [SLOT] n=1535 tx=39 ack=0 due=0 r=1
17:32:09  [AT] "AT+CIPSEND=40" (13)
17:32:10  [AT] " S,1513,0110000010,0000000000,1842,P1,3A" (40)
17:32:10  [AT] "SEND OK" (7)
17:32:11  [TX] S,1514,0110000010,0000000000,1843,P1,3C
17:32:11  [SLOT] n=1536 tx=39 ack=0 due=0 r=1
17:32:11  [AT] "AT+CIPSEND=40" (13)
17:32:11  [AT] " S,1514,0110000010,0000000000,1843,P1,3C" (40)
17:32:11  [AT] "SEND OK" (7)
17:32:12  [TX] S,1515,0110000010,0000000000,1844,P1,3A
17:32:12  [SLOT] n=1537 tx=39 ack=0 due=0 r=1
17:32:12  [AT] "AT+CIPSEND=40" (13)
17:32:12  [AT] " S,1515,0110000010,0000000000,1844,P1,3A" (40)
17:32:12  [AT] "SEND OK" (7)
17:32:13  [TX] S,1516,0110000010,0000000000,1845,P1,38
17:32:13  [SLOT] n=1538 tx=39 ack=0 due=0 r=1
17:32:13  [AT] "AT+CIPSEND=40" (13)
17:32:13  [AT] " S,1516,0110000010,0000000000,1845,P1,38" (40)
17:32:13  [AT] "SEND OK" (7)
17:32:14  [TX] S,1517,0110000010,0000000000,1846,P1,3A
17:32:14  [SLOT] n=1539 tx=39 ack=0 due=0 r=1
17:32:14  [AT] "AT+CIPSEND=40" (13)
17:32:14  [AT] " S,1517,0110000010,0000000000,1846,P1,3A" (40)
17:32:14  [AT] "SEND OK" (7)
17:32:15  [TX] S,1518,0110000010,0000000000,1848,P1,3B
17:32:15  [SLOT] n=1540 tx=39 ack=0 due=0 r=1
17:32:15  [AT] "AT+CIPSEND=40" (13)
17:32:15  [AT] " S,1518,0110000010,0000000000,1848,P1,3B" (40)
17:32:15  [AT] "SEND OK" (7)
17:32:17  [TX] S,1519,0110000010,0000000000,1849,P1,3B
17:32:17  [SLOT] n=1541 tx=39 ack=0 due=0 r=1
17:32:17  [AT] "AT+CIPSEND=40" (13)
17:32:17  [AT] " S,1519,0110000010,0000000000,1849,P1,3B" (40)
17:32:17  [AT] "SEND OK" (7)
17:32:18  [TX] S,1520,0110000010,0000000000,1850,P1,39
17:32:18  [SLOT] n=1542 tx=39 ack=0 due=0 r=1
17:32:18  [AT] "AT+CIPSEND=40" (13)
17:32:18  [AT] " S,1520,0110000010,0000000000,1850,P1,39" (40)
17:32:18  [AT] "SEND OK" (7)
17:32:19  [TX] S,1521,0110000010,0000000000,1851,P1,39
17:32:19  [SLOT] n=1543 tx=39 ack=0 due=0 r=1
17:32:19  [AT] "AT+CIPSEND=40" (13)
17:32:19  [AT] " S,1521,0110000010,0000000000,1851,P1,39" (40)
17:32:19  [AT] "SEND OK" (7)
17:32:20  [TX] S,1522,0110000010,0000000000,1852,P1,39
17:32:20  [SLOT] n=1544 tx=39 ack=0 due=0 r=1
17:32:20  [AT] "AT+CIPSEND=40" (13)
17:32:20  [AT] " S,1522,0110000010,0000000000,1852,P1,39" (40)
17:32:20  [AT] "SEND OK" (7)
17:32:21  [TX] S,1523,0110000010,0000000000,1854,P1,3E
17:32:21  [SLOT] n=1545 tx=39 ack=0 due=0 r=1
17:32:21  [AT] "AT+CIPSEND=40" (13)
17:32:21  [AT] " S,1523,0110000010,0000000000,1854,P1,3E" (40)
17:32:21  [AT] "SEND OK" (7)
17:32:23  [TX] S,1524,0110000010,0000000000,1855,P1,38
17:32:23  [SLOT] n=1546 tx=39 ack=0 due=0 r=1
17:32:23  [AT] "AT+CIPSEND=40" (13)
17:32:23  [AT] " S,1524,0110000010,0000000000,1855,P1,38" (40)
17:32:23  [AT] "SEND OK" (7)
17:32:24  [TX] S,1525,0110000010,0000000000,1856,P1,3A
17:32:24  [SLOT] n=1547 tx=39 ack=0 due=0 r=1
17:32:24  [AT] "AT+CIPSEND=40" (13)
17:32:24  [AT] " S,1525,0110000010,0000000000,1856,P1,3A" (40)
17:32:24  [AT] "SEND OK" (7)
17:32:25  [TX] S,1526,0110000010,0000000000,1857,P1,38
17:32:25  [SLOT] n=1548 tx=39 ack=0 due=0 r=1
17:32:25  [AT] "AT+CIPSEND=40" (13)
17:32:25  [AT] " S,1526,0110000010,0000000000,1857,P1,38" (40)
17:32:25  [AT] "SEND OK" (7)
17:32:26  [TX] S,1527,0110000010,0000000000,1858,P1,36
17:32:26  [SLOT] n=1549 tx=39 ack=0 due=0 r=1
17:32:26  [AT] "AT+CIPSEND=40" (13)
17:32:26  [AT] " S,1527,0110000010,0000000000,1858,P1,36" (40)
17:32:26  [AT] "SEND OK" (7)
17:32:27  [TX] S,1528,0110000010,0000000000,1860,P1,32
17:32:27  [SLOT] n=1550 tx=39 ack=0 due=0 r=1
17:32:27  [CNT] up=1860 drop=1 esprst=2 resync=3 sendfail=0 okto=0 stuck=0 ackq=0 ackdrop=0 ackstale=0 slot=1550 oow=1015 smiss=2 ssovf=82 cksumng=85 okstream=1528 penddrop=9 skip=0 online=1
17:32:27  [RAM] 최저 여유 627 B · 프롬프트 재동기 3회 (서버의 '버린줄' 과 맞아야 한다)
17:32:27  [AT] "AT+CIPSEND=40" (13)
17:32:27  [AT] " S,1528,0110000010,0000000000,1860,P1,32" (40)
17:32:27  [AT] "SEND OK" (7)
17:32:28  [TX] S,1529,0110000010,0000000000,1861,P1,32
17:32:28  [SLOT] n=1551 tx=39 ack=0 due=0 r=1
17:32:28  [AT] "AT+CIPSEND=40" (13)
17:32:29  [AT] " S,1529,0110000010,0000000000,1861,P1,32" (40)
17:32:29  [AT] "SEND OK" (7)
17:32:30  [TX] S,1530,0110000010,0000000000,1862,P1,39
17:32:30  [SLOT] n=1552 tx=39 ack=0 due=0 r=1
17:32:30  [AT] "AT+CIPSEND=40" (13)
17:32:30  [AT] " S,1530,0110000010,0000000000,1862,P1,39" (40)
17:32:30  [AT] "SEND OK" (7)
17:32:31  [TX] S,1531,0110000010,0000000000,1863,P1,39
17:32:31  [SLOT] n=1553 tx=39 ack=0 due=0 r=1
17:32:31  [AT] "AT+CIPSEND=40" (13)
17:32:31  [AT] " S,1531,0110000010,0000000000,1863,P1,39" (40)
17:32:31  [AT] "SEND OK" (7)
17:32:32  [TX] S,1532,0110000010,0000000000,1864,P1,3D
17:32:32  [SLOT] n=1554 tx=39 ack=0 due=0 r=1
17:32:32  [AT] "AT+CIPSEND=40" (13)
17:32:32  [AT] " S,1532,0110000010,0000000000,1864,P1,3D" (40)
17:32:32  [AT] "SEND OK" (7)
17:32:33  [TX] S,1533,0110000010,0000000000,1866,P1,3E
17:32:33  [SLOT] n=1555 tx=39 ack=0 due=0 r=1
17:32:33  [AT] "AT+CIPSEND=40" (13)
17:32:33  [AT] " S,1533,0110000010,0000000000,1866,P1,3E" (40)
17:32:33  [AT] "SEND OK" (7)
17:32:34  [TX] S,1534,0110000010,0000000000,1867,P1,38
17:32:34  [SLOT] n=1556 tx=39 ack=0 due=0 r=1
17:32:34  [AT] "AT+CIPSEND=40" (13)
17:32:34  [AT] " S,1534,0110000010,0000000000,1867,P1,38" (40)
17:32:34  [AT] "SEND OK" (7)
17:32:36  [TX] S,1535,0110000010,0000000000,1868,P1,36
17:32:36  [SLOT] n=1557 tx=39 ack=0 due=0 r=1
17:32:36  [AT] "AT+CIPSEND=40" (13)
17:32:36  [AT] " S,1535,0110000010,0000000000,1868,P1,36" (40)
17:32:36  [AT] "SEND OK" (7)
17:32:37  [TX] S,1536,0110000010,0000000000,1869,P1,34
17:32:37  [SLOT] n=1558 tx=39 ack=0 due=0 r=1
17:32:37  [AT] "AT+CIPSEND=40" (13)
17:32:37  [AT] " S,1536,0110000010,0000000000,1869,P1,34" (40)
17:32:37  [AT] "SEND OK" (7)
17:32:38  [TX] S,1537,0110000010,0000000000,1870,P1,3D
17:32:38  [SLOT] n=1559 tx=39 ack=0 due=0 r=1
17:32:38  [AT] "AT+CIPSEND=40" (13)
17:32:38  [AT] " S,1537,0110000010,0000000000,1870,P1,3D" (40)
17:32:38  [AT] "SEND OK" (7)
17:32:39  [TX] S,1538,0110000010,0000000000,1872,P1,30
17:32:39  [SLOT] n=1560 tx=39 ack=0 due=0 r=1
17:32:39  [AT] "AT+CIPSEND=40" (13)
17:32:39  [AT] " S,1538,0110000010,0000000000,1872,P1,30" (40)
17:32:39  [AT] "SEND OK" (7)
17:32:40  [TX] S,1539,0110000010,0000000000,1873,P1,30
17:32:40  [SLOT] n=1561 tx=39 ack=0 due=0 r=1
17:32:40  [AT] "AT+CIPSEND=40" (13)
17:32:40  [AT] " S,1539,0110000010,0000000000,1873,P1,30" (40)
17:32:40  [AT] "SEND OK" (7)
17:32:42  [TX] S,1540,0110000010,0000000000,1874,P1,39
17:32:42  [SLOT] n=1562 tx=39 ack=0 due=0 r=1
17:32:42  [AT] "AT+CIPSEND=40" (13)
17:32:42  [AT] " S,1540,0110000010,0000000000,1874,P1,39" (40)
17:32:42  [AT] "SEND OK" (7)
17:32:43  [TX] S,1541,0110000010,0000000000,1875,P1,39
17:32:43  [SLOT] n=1563 tx=39 ack=0 due=0 r=1
17:32:43  [AT] "AT+CIPSEND=40" (13)
17:32:43  [AT] " S,1541,0110000010,0000000000,1875,P1,39" (40)
17:32:43  [AT] "SEND OK" (7)
17:32:44  [TX] S,1542,0110000010,0000000000,1876,P1,39
17:32:44  [SLOT] n=1564 tx=39 ack=0 due=0 r=1
17:32:44  [AT] "AT+CIPSEND=40" (13)
17:32:44  [AT] " S,1542,0110000010,0000000000,1876,P1,39" (40)
17:32:44  [AT] "SEND OK" (7)
17:32:45  [TX] S,1543,0110000010,0000000000,1878,P1,36
17:32:45  [SLOT] n=1565 tx=39 ack=0 due=0 r=1
17:32:45  [AT] "AT+CIPSEND=40" (13)
17:32:45  [AT] " S,1543,0110000010,0000000000,1878,P1,36" (40)
17:32:45  [AT] "SEND OK" (7)
17:32:46  [TX] S,1544,0110000010,0000000000,1879,P1,30
17:32:46  [SLOT] n=1566 tx=39 ack=0 due=0 r=1
17:32:46  [AT] "AT+CIPSEND=40" (13)
17:32:47  [AT] " S,1544,0110000010,0000000000,1879,P1,30" (40)
17:32:47  [AT] "SEND OK" (7)
17:32:48  [TX] S,1545,0110000010,0000000000,1880,P1,37
17:32:48  [SLOT] n=1567 tx=39 ack=0 due=0 r=1
17:32:48  [AT] "AT+CIPSEND=40" (13)
17:32:48  [AT] " S,1545,0110000010,0000000000,1880,P1,37" (40)
17:32:48  [AT] "SEND OK" (7)
17:32:49  [TX] S,1546,0110000010,0000000000,1881,P1,35
17:32:49  [SLOT] n=1568 tx=39 ack=0 due=0 r=1
17:32:49  [AT] "AT+CIPSEND=40" (13)
17:32:49  [AT] " S,1546,0110000010,0000000000,1881,P1,35" (40)
17:32:49  [AT] "SEND OK" (7)
17:32:50  [TX] S,1547,0110000010,0000000000,1882,P1,37
17:32:50  [SLOT] n=1569 tx=39 ack=0 due=0 r=1
17:32:50  [AT] "AT+CIPSEND=40" (13)
17:32:50  [AT] " S,1547,0110000010,0000000000,1882,P1,37" (40)
17:32:50  [AT] "SEND OK" (7)
17:32:51  [TX] S,1548,0110000010,0000000000,1884,P1,3E
17:32:51  [SLOT] n=1570 tx=39 ack=0 due=0 r=1
17:32:51  [AT] "AT+CIPSEND=40" (13)
17:32:51  [AT] " S,1548,0110000010,0000000000,1884,P1,3E" (40)
17:32:51  [AT] "SEND OK" (7)
17:32:52  [TX] S,1549,0110000010,0000000000,1885,P1,3E
17:32:52  [SLOT] n=1571 tx=39 ack=0 due=0 r=1
17:32:52  [AT] "AT+CIPSEND=40" (13)
17:32:52  [AT] " S,1549,0110000010,0000000000,1885,P1,3E" (40)
17:32:52  [AT] "SEND OK" (7)
17:32:54  [TX] S,1550,0110000010,0000000000,1886,P1,35
17:32:54  [SLOT] n=1572 tx=39 ack=0 due=0 r=1
17:32:54  [AT] "AT+CIPSEND=40" (13)
17:32:54  [AT] " S,1550,0110000010,0000000000,1886,P1,35" (40)
17:32:54  [AT] "SEND OK" (7)
17:32:55  [TX] S,1551,0110000010,0000000000,1887,P1,35
17:32:55  [SLOT] n=1573 tx=39 ack=0 due=0 r=1
17:32:55  [AT] "AT+CIPSEND=40" (13)
17:32:55  [AT] " S,1551,0110000010,0000000000,1887,P1,35" (40)
17:32:55  [AT] "SEND OK" (7)
17:32:56  [TX] S,1552,0110000010,0000000000,1888,P1,39
17:32:56  [SLOT] n=1574 tx=39 ack=0 due=0 r=1
17:32:56  [AT] "AT+CIPSEND=40" (13)
17:32:56  [AT] " S,1552,0110000010,0000000000,1888,P1,39" (40)
17:32:56  [AT] "SEND OK" (7)
17:32:57  [TX] S,1553,0110000010,0000000000,1890,P1,31
17:32:57  [SLOT] n=1575 tx=39 ack=0 due=0 r=1
17:32:57  [AT] "AT+CIPSEND=40" (13)
17:32:57  [AT] " S,1553,0110000010,0000000000,1890,P1,31" (40)
17:32:57  [AT] "SEND OK" (7)
17:32:58  [TX] S,1554,0110000010,0000000000,1891,P1,37
17:32:58  [SLOT] n=1576 tx=39 ack=0 due=0 r=1
17:32:58  [AT] "AT+CIPSEND=40" (13)
17:32:58  [AT] " S,1554,0110000010,0000000000,1891,P1,37" (40)
17:32:58  [AT] "SEND OK" (7)
17:33:00  [TX] S,1555,0110000010,0000000000,1892,P1,35
17:33:00  [SLOT] n=1577 tx=39 ack=0 due=0 r=1
17:33:00  [AT] "AT+CIPSEND=40" (13)
17:33:00  [AT] " S,1555,0110000010,0000000000,1892,P1,35" (40)
17:33:00  [AT] "SEND OK" (7)
17:33:01  [TX] S,1556,0110000010,0000000000,1893,P1,37
17:33:01  [SLOT] n=1578 tx=39 ack=0 due=0 r=1
17:33:01  [AT] "AT+CIPSEND=40" (13)
17:33:01  [AT] " S,1556,0110000010,0000000000,1893,P1,37" (40)
17:33:01  [AT] "SEND OK" (7)
17:33:02  [TX] S,1557,0110000010,0000000000,1894,P1,31
17:33:02  [SLOT] n=1579 tx=39 ack=0 due=0 r=1
17:33:02  [AT] "AT+CIPSEND=40" (13)
17:33:02  [AT] " S,1557,0110000010,0000000000,1894,P1,31" (40)
17:33:02  [AT] "SEND OK" (7)
17:33:03  [TX] S,1558,0110000010,0000000000,1896,P1,3C
17:33:03  [SLOT] n=1580 tx=39 ack=0 due=0 r=1
17:33:03  [AT] "AT+CIPSEND=40" (13)
17:33:03  [AT] " S,1558,0110000010,0000000000,1896,P1,3C" (40)
17:33:03  [AT] "SEND OK" (7)
17:33:04  [TX] S,1559,0110000010,0000000000,1897,P1,3C
17:33:04  [SLOT] n=1581 tx=39 ack=0 due=0 r=1
17:33:04  [AT] "AT+CIPSEND=40" (13)
17:33:04  [AT] " S,1559,0110000010,0000000000,1897,P1,3C" (40)
17:33:04  [AT] "SEND OK" (7)
17:33:05  [TX] S,1560,0110000010,0000000000,1898,P1,39
17:33:05  [SLOT] n=1582 tx=39 ack=0 due=0 r=1
17:33:05  [AT] "AT+CIPSEND=40" (13)
17:33:06  [AT] " S,1560,0110000010,0000000000,1898,P1,39" (40)
17:33:06  [AT] "SEND OK" (7)
17:33:07  [TX] S,1561,0110000010,0000000000,1899,P1,39
17:33:07  [SLOT] n=1583 tx=39 ack=0 due=0 r=1
17:33:07  [AT] "AT+CIPSEND=40" (13)
17:33:07  [AT] " S,1561,0110000010,0000000000,1899,P1,39" (40)
17:33:07  [AT] "SEND OK" (7)
17:33:08  [TX] S,1562,0110000010,0000000000,1900,P1,3B
17:33:08  [SLOT] n=1584 tx=39 ack=0 due=0 r=1
17:33:08  [AT] "AT+CIPSEND=40" (13)
17:33:08  [AT] " S,1562,0110000010,0000000000,1900,P1,3B" (40)
17:33:08  [AT] "SEND OK" (7)
17:33:09  [TX] S,1563,0110000010,0000000000,1902,P1,38
17:33:09  [SLOT] n=1585 tx=39 ack=0 due=0 r=1
17:33:09  [AT] "AT+CIPSEND=40" (13)
17:33:09  [AT] " S,1563,0110000010,0000000000,1902,P1,38" (40)
17:33:09  [AT] "SEND OK" (7)
17:33:10  [TX] S,1564,0110000010,0000000000,1903,P1,3E
17:33:10  [SLOT] n=1586 tx=39 ack=0 due=0 r=1
17:33:10  [AT] "AT+CIPSEND=40" (13)
17:33:10  [AT] " S,1564,0110000010,0000000000,1903,P1,3E" (40)
17:33:10  [AT] "SEND OK" (7)
17:33:11  [TX] S,1565,0110000010,0000000000,1904,P1,38
17:33:11  [SLOT] n=1587 tx=39 ack=0 due=0 r=1
17:33:11  [AT] "AT+CIPSEND=40" (13)
17:33:12  [AT] " S,1565,0110000010,0000000000,1904,P1,38" (40)
17:33:12  [AT] "SEND OK" (7)
17:33:13  [TX] S,1566,0110000010,0000000000,1905,P1,3A
17:33:13  [SLOT] n=1588 tx=39 ack=0 due=0 r=1
17:33:13  [AT] "AT+CIPSEND=40" (13)
17:33:13  [AT] " S,1566,0110000010,0000000000,1905,P1,3A" (40)
17:33:13  [AT] "SEND OK" (7)
17:33:14  [TX] S,1567,0110000010,0000000000,1906,P1,38
17:33:14  [SLOT] n=1589 tx=39 ack=0 due=0 r=1
17:33:14  [AT] "AT+CIPSEND=40" (13)
17:33:14  [AT] " S,1567,0110000010,0000000000,1906,P1,38" (40)
17:33:14  [AT] "SEND OK" (7)
17:33:15  [TX] S,1568,0110000010,0000000000,1908,P1,39
17:33:15  [SLOT] n=1590 tx=39 ack=0 due=0 r=1
17:33:15  [AT] "AT+CIPSEND=40" (13)
17:33:15  [AT] " S,1568,0110000010,0000000000,1908,P1,39" (40)
17:33:15  [AT] "SEND OK" (7)
17:33:16  [TX] S,1569,0110000010,0000000000,1909,P1,39
17:33:16  [SLOT] n=1591 tx=39 ack=0 due=0 r=1
17:33:16  [AT] "AT+CIPSEND=40" (13)
17:33:16  [AT] " S,1569,0110000010,0000000000,1909,P1,39" (40)
17:33:16  [AT] "SEND OK" (7)
17:33:17  [TX] S,1570,0110000010,0000000000,1910,P1,39
17:33:17  [SLOT] n=1592 tx=39 ack=0 due=0 r=1
17:33:17  [AT] "AT+CIPSEND=40" (13)
17:33:18  [AT] " S,1570,0110000010,0000000000,1910,P1,39" (40)
17:33:18  [AT] "SEND OK" (7)
17:33:19  [TX] S,1571,0110000010,0000000000,1911,P1,39
17:33:19  [SLOT] n=1593 tx=39 ack=0 due=0 r=1
17:33:19  [AT] "AT+CIPSEND=40" (13)
17:33:19  [AT] " S,1571,0110000010,0000000000,1911,P1,39" (40)
17:33:19  [AT] "SEND OK" (7)
17:33:20  [TX] S,1572,0110000010,0000000000,1912,P1,39
17:33:20  [SLOT] n=1594 tx=39 ack=0 due=0 r=1
17:33:20  [AT] "AT+CIPSEND=40" (13)
17:33:20  [AT] " S,1572,0110000010,0000000000,1912,P1,39" (40)
17:33:20  [AT] "SEND OK" (7)
17:33:21  [TX] S,1573,0110000010,0000000000,1914,P1,3E
17:33:21  [SLOT] n=1595 tx=39 ack=0 due=0 r=1
17:33:21  [AT] "AT+CIPSEND=40" (13)
17:33:21  [AT] " S,1573,0110000010,0000000000,1914,P1,3E" (40)
17:33:21  [AT] "SEND OK" (7)
17:33:22  [TX] S,1574,0110000010,0000000000,1915,P1,38
17:33:22  [SLOT] n=1596 tx=39 ack=0 due=0 r=1
17:33:22  [AT] "AT+CIPSEND=40" (13)
17:33:22  [AT] " S,1574,0110000010,0000000000,1915,P1,38" (40)
17:33:22  [AT] "SEND OK" (7)
17:33:23  [TX] S,1575,0110000010,0000000000,1916,P1,3A
17:33:23  [SLOT] n=1597 tx=39 ack=0 due=0 r=1
17:33:23  [AT] "AT+CIPSEND=40" (13)
17:33:23  [AT] " S,1575,0110000010,0000000000,1916,P1,3A" (40)
17:33:23  [AT] "SEND OK" (7)
17:33:25  [TX] S,1576,0110000010,0000000000,1917,P1,38
17:33:25  [SLOT] n=1598 tx=39 ack=0 due=0 r=1
17:33:25  [AT] "AT+CIPSEND=40" (13)
17:33:25  [AT] " S,1576,0110000010,0000000000,1917,P1,38" (40)
17:33:25  [AT] "SEND OK" (7)
17:33:26  [TX] S,1577,0110000010,0000000000,1918,P1,36
17:33:26  [SLOT] n=1599 tx=39 ack=0 due=0 r=1
17:33:26  [AT] "AT+CIPSEND=40" (13)
17:33:26  [AT] " S,1577,0110000010,0000000000,1918,P1,36" (40)
17:33:26  [AT] "SEND OK" (7)
17:33:27  [TX] S,1578,0110000010,0000000000,1920,P1,32
17:33:27  [SLOT] n=1600 tx=39 ack=0 due=0 r=1
17:33:27  [CNT] up=1920 drop=1 esprst=2 resync=3 sendfail=0 okto=0 stuck=0 ackq=0 ackdrop=0 ackstale=0 slot=1600 oow=1015 smiss=2 ssovf=82 cksumng=85 okstream=1578 penddrop=9 skip=0 online=1
17:33:27  [RAM] 최저 여유 627 B · 프롬프트 재동기 3회 (서버의 '버린줄' 과 맞아야 한다)
17:33:27  [AT] " S,1578,0110000010,0000000000,1920,P1,32" (40)
17:33:27  [AT] "SEND OK" (7)
17:33:27  [AT] "AT+CIPSEND=40" (13)
17:33:28  [TX] S,1579,0110000010,0000000000,1921,P1,32
17:33:28  [SLOT] n=1601 tx=39 ack=0 due=0 r=1
17:33:28  [AT] "AT+CIPSEND=40" (13)
17:33:28  [AT] " S,1579,0110000010,0000000000,1921,P1,32" (40)
17:33:28  [AT] "SEND OK" (7)
17:33:29  [TX] S,1580,0110000010,0000000000,1922,P1,37
17:33:29  [SLOT] n=1602 tx=39 ack=0 due=0 r=1
17:33:29  [AT] "AT+CIPSEND=40" (13)
17:33:30  [AT] " S,1580,0110000010,0000000000,1922,P1,37" (40)
17:33:30  [AT] "SEND OK" (7)
17:33:31  [TX] S,1581,0110000010,0000000000,1923,P1,37
17:33:31  [SLOT] n=1603 tx=39 ack=0 due=0 r=1
17:33:31  [AT] "AT+CIPSEND=40" (13)
17:33:31  [AT] " S,1581,0110000010,0000000000,1923,P1,37" (40)
17:33:31  [AT] "SEND OK" (7)
17:33:32  [TX] S,1582,0110000010,0000000000,1924,P1,33
17:33:32  [SLOT] n=1604 tx=39 ack=0 due=0 r=1
17:33:32  [AT] "AT+CIPSEND=40" (13)
17:33:32  [AT] " S,1582,0110000010,0000000000,1924,P1,33" (40)
17:33:32  [AT] "SEND OK" (7)
17:33:33  [TX] S,1583,0110000010,0000000000,1926,P1,30
17:33:33  [SLOT] n=1605 tx=39 ack=0 due=0 r=1
17:33:33  [AT] "AT+CIPSEND=40" (13)
17:33:34  [AT] " S,1583,0110000010,0000000000,1926,P1,30" (40)
17:33:34  [AT] "SEND OK" (7)
17:33:34  [TX] S,1584,0110000010,0000000000,1927,P1,36
17:33:34  [SLOT] n=1606 tx=39 ack=0 due=0 r=1
17:33:34  [AT] "AT+CIPSEND=40" (13)
17:33:34  [AT] " S,1584,0110000010,0000000000,1927,P1,36" (40)
17:33:34  [AT] "SEND OK" (7)
17:33:35  [TX] S,1585,0110000010,0000000000,1928,P1,38
17:33:35  [SLOT] n=1607 tx=39 ack=0 due=0 r=1
17:33:35  [AT] "AT+CIPSEND=40" (13)
17:33:35  [AT] " S,1585,0110000010,0000000000,1928,P1,38" (40)
17:33:35  [AT] "SEND OK" (7)
17:33:37  [TX] S,1586,0110000010,0000000000,1929,P1,3A
17:33:37  [SLOT] n=1608 tx=39 ack=0 due=0 r=1
17:33:37  [AT] "AT+CIPSEND=40" (13)
17:33:37  [AT] " S,1586,0110000010,0000000000,1929,P1,3A" (40)
17:33:37  [AT] "SEND OK" (7)
17:33:38  [TX] S,1587,0110000010,0000000000,1930,P1,33
17:33:38  [SLOT] n=1609 tx=39 ack=0 due=0 r=1
17:33:38  [AT] "AT+CIPSEND=40" (13)
17:33:38  [AT] " S,1587,0110000010,0000000000,1930,P1,33" (40)
17:33:38  [AT] "SEND OK" (7)
17:33:39  [TX] S,1588,0110000010,0000000000,1932,P1,3E
17:33:39  [SLOT] n=1610 tx=39 ack=0 due=0 r=1
17:33:39  [AT] "AT+CIPSEND=40" (13)
17:33:39  [AT] " S,1588,0110000010,0000000000,1932,P1,3E" (40)
17:33:39  [AT] "SEND OK" (7)
17:33:40  [TX] S,1589,0110000010,0000000000,1933,P1,3E
17:33:40  [SLOT] n=1611 tx=39 ack=0 due=0 r=1
17:33:40  [AT] "AT+CIPSEND=40" (13)
17:33:40  [AT] " S,1589,0110000010,0000000000,1933,P1,3E" (40)
17:33:40  [AT] "SEND OK" (7)
17:33:41  [TX] S,1590,0110000010,0000000000,1934,P1,31
17:33:41  [SLOT] n=1612 tx=39 ack=0 due=0 r=1
17:33:41  [AT] "AT+CIPSEND=40" (13)
17:33:41  [AT] " S,1590,0110000010,0000000000,1934,P1,31" (40)
17:33:41  [AT] "SEND OK" (7)
17:33:43  [TX] S,1591,0110000010,0000000000,1935,P1,31
17:33:43  [SLOT] n=1613 tx=39 ack=0 due=0 r=1
17:33:43  [AT] "AT+CIPSEND=40" (13)
17:33:43  [AT] " S,1591,0110000010,0000000000,1935,P1,31" (40)
17:33:43  [AT] "SEND OK" (7)
17:33:44  [TX] S,1592,0110000010,0000000000,1936,P1,31
17:33:44  [SLOT] n=1614 tx=39 ack=0 due=0 r=1
17:33:44  [AT] "AT+CIPSEND=40" (13)
17:33:44  [AT] " S,1592,0110000010,0000000000,1936,P1,31" (40)
17:33:44  [AT] "SEND OK" (7)
17:33:45  [TX] S,1593,0110000010,0000000000,1938,P1,3E
17:33:45  [SLOT] n=1615 tx=39 ack=0 due=0 r=1
17:33:45  [AT] "AT+CIPSEND=40" (13)
17:33:45  [AT] " S,1593,0110000010,0000000000,1938,P1,3E" (40)
17:33:45  [AT] "SEND OK" (7)
17:33:46  [TX] S,1594,0110000010,0000000000,1939,P1,38
17:33:46  [SLOT] n=1616 tx=39 ack=0 due=0 r=1
17:33:46  [AT] "AT+CIPSEND=40" (13)
17:33:46  [AT] " S,1594,0110000010,0000000000,1939,P1,38" (40)
17:33:46  [AT] "SEND OK" (7)
17:33:47  [TX] S,1595,0110000010,0000000000,1940,P1,37
17:33:47  [SLOT] n=1617 tx=39 ack=0 due=0 r=1
17:33:47  [AT] "AT+CIPSEND=40" (13)
17:33:47  [AT] " S,1595,0110000010,0000000000,1940,P1,37" (40)
17:33:47  [AT] "SEND OK" (7)
17:33:49  [TX] S,1596,0110000010,0000000000,1941,P1,35
17:33:49  [SLOT] n=1618 tx=39 ack=0 due=0 r=1
17:33:49  [AT] "AT+CIPSEND=40" (13)
17:33:49  [AT] " S,1596,0110000010,0000000000,1941,P1,35" (40)
17:33:49  [AT] "SEND OK" (7)
17:33:50  [TX] S,1597,0110000010,0000000000,1942,P1,37
17:33:50  [SLOT] n=1619 tx=39 ack=0 due=0 r=1
17:33:50  [AT] "AT+CIPSEND=40" (13)
17:33:50  [AT] " S,1597,0110000010,0000000000,1942,P1,37" (40)
17:33:50  [AT] "SEND OK" (7)
17:33:51  [TX] S,1598,0110000010,0000000000,1944,P1,3E
17:33:51  [SLOT] n=1620 tx=39 ack=0 due=0 r=1
17:33:51  [AT] "AT+CIPSEND=40" (13)
17:33:51  [AT] " S,1598,0110000010,0000000000,1944,P1,3E" (40)
17:33:51  [AT] "SEND OK" (7)
17:33:52  [TX] S,1599,0110000010,0000000000,1945,P1,3E
17:33:52  [SLOT] n=1621 tx=39 ack=0 due=0 r=1
17:33:52  [AT] "AT+CIPSEND=40" (13)
17:33:52  [AT] " S,1599,0110000010,0000000000,1945,P1,3E" (40)
17:33:52  [AT] "SEND OK" (7)
17:33:53  [TX] S,1600,0110000010,0000000000,1946,P1,3E
17:33:53  [SLOT] n=1622 tx=39 ack=0 due=0 r=1
17:33:53  [AT] "AT+CIPSEND=40" (13)
17:33:53  [AT] " S,1600,0110000010,0000000000,1946,P1,3E" (40)
17:33:53  [AT] "SEND OK" (7)
17:33:54  [TX] S,1601,0110000010,0000000000,1947,P1,3E
17:33:54  [SLOT] n=1623 tx=39 ack=0 due=0 r=1
17:33:54  [AT] "AT+CIPSEND=40" (13)
17:33:55  [AT] " S,1601,0110000010,0000000000,1947,P1,3E" (40)
17:33:55  [AT] "SEND OK" (7)
17:33:56  [TX] S,1602,0110000010,0000000000,1948,P1,32
17:33:56  [SLOT] n=1624 tx=39 ack=0 due=0 r=1
17:33:56  [AT] "AT+CIPSEND=40" (13)
17:33:56  [AT] " S,1602,0110000010,0000000000,1948,P1,32" (40)
17:33:56  [AT] "SEND OK" (7)
17:33:57  [TX] S,1603,0110000010,0000000000,1950,P1,3A
17:33:57  [SLOT] n=1625 tx=39 ack=0 due=0 r=1
17:33:57  [AT] "AT+CIPSEND=40" (13)
17:33:57  [AT] " S,1603,0110000010,0000000000,1950,P1,3A" (40)
17:33:57  [AT] "SEND OK" (7)
17:33:58  [TX] S,1604,0110000010,0000000000,1951,P1,3C
17:33:58  [SLOT] n=1626 tx=39 ack=0 due=0 r=1
17:33:58  [AT] "AT+CIPSEND=40" (13)
17:33:58  [AT] " S,1604,0110000010,0000000000,1951,P1,3C" (40)
17:33:58  [AT] "SEND OK" (7)
17:33:59  [TX] S,1605,0110000010,0000000000,1952,P1,3E
17:33:59  [SLOT] n=1627 tx=39 ack=0 due=0 r=1
17:33:59  [AT] "AT+CIPSEND=40" (13)
17:33:59  [AT] " S,1605,0110000010,0000000000,1952,P1,3E" (40)
17:33:59  [AT] "SEND OK" (7)
17:34:00  [TX] S,1606,0110000010,0000000000,1953,P1,3C
17:34:00  [SLOT] n=1628 tx=39 ack=0 due=0 r=1
17:34:00  [AT] "AT+CIPSEND=40" (13)
17:34:00  [AT] " S,1606,0110000010,0000000000,1953,P1,3C" (40)
17:34:00  [AT] "SEND OK" (7)
17:34:02  [TX] S,1607,0110000010,0000000000,1954,P1,3A
17:34:02  [SLOT] n=1629 tx=39 ack=0 due=0 r=1
17:34:02  [AT] "AT+CIPSEND=40" (13)
17:34:02  [AT] " S,1607,0110000010,0000000000,1954,P1,3A" (40)
17:34:02  [AT] "SEND OK" (7)
17:34:03  [TX] S,1608,0110000010,0000000000,1956,P1,37
17:34:03  [SLOT] n=1630 tx=39 ack=0 due=0 r=1
17:34:03  [AT] "AT+CIPSEND=40" (13)
17:34:03  [AT] " S,1608,0110000010,0000000000,1956,P1,37" (40)
17:34:03  [AT] "SEND OK" (7)
17:34:04  [TX] S,1609,0110000010,0000000000,1957,P1,37
17:34:04  [SLOT] n=1631 tx=39 ack=0 due=0 r=1
17:34:04  [AT] "AT+CIPSEND=40" (13)
17:34:04  [AT] " S,1609,0110000010,0000000000,1957,P1,37" (40)
17:34:04  [AT] "SEND OK" (7)
17:34:05  [TX] S,1610,0110000010,0000000000,1958,P1,30
17:34:05  [SLOT] n=1632 tx=39 ack=0 due=0 r=1
17:34:05  [AT] "AT+CIPSEND=40" (13)
17:34:05  [AT] " S,1610,0110000010,0000000000,1958,P1,30" (40)
17:34:05  [AT] "SEND OK" (7)
17:34:06  [TX] S,1611,0110000010,0000000000,1959,P1,30
17:34:06  [SLOT] n=1633 tx=39 ack=0 due=0 r=1
17:34:06  [AT] "AT+CIPSEND=40" (13)
17:34:06  [AT] " S,1611,0110000010,0000000000,1959,P1,30" (40)
17:34:06  [AT] "SEND OK" (7)
17:34:08  [TX] S,1612,0110000010,0000000000,1960,P1,39
17:34:08  [SLOT] n=1634 tx=39 ack=0 due=0 r=1
17:34:08  [AT] "AT+CIPSEND=40" (13)
17:34:08  [AT] " S,1612,0110000010,0000000000,1960,P1,39" (40)
17:34:08  [AT] "SEND OK" (7)
17:34:09  [TX] S,1613,0110000010,0000000000,1962,P1,3A
17:34:09  [SLOT] n=1635 tx=39 ack=0 due=0 r=1
17:34:09  [AT] "AT+CIPSEND=40" (13)
17:34:09  [AT] " S,1613,0110000010,0000000000,1962,P1,3A" (40)
17:34:09  [AT] "SEND OK" (7)
17:34:10  [TX] S,1614,0110000010,0000000000,1963,P1,3C
17:34:10  [SLOT] n=1636 tx=39 ack=0 due=0 r=1
17:34:10  [AT] "AT+CIPSEND=40" (13)
17:34:10  [AT] " S,1614,0110000010,0000000000,1963,P1,3C" (40)
17:34:10  [AT] "SEND OK" (7)
17:34:11  [TX] S,1615,0110000010,0000000000,1964,P1,3A
17:34:11  [SLOT] n=1637 tx=39 ack=0 due=0 r=1
17:34:11  [AT] "AT+CIPSEND=40" (13)
17:34:11  [AT] " S,1615,0110000010,0000000000,1964,P1,3A" (40)
17:34:11  [AT] "SEND OK" (7)
17:34:12  [TX] S,1616,0110000010,0000000000,1965,P1,38
17:34:12  [SLOT] n=1638 tx=39 ack=0 due=0 r=1
17:34:12  [AT] "AT+CIPSEND=40" (13)
17:34:12  [AT] " S,1616,0110000010,0000000000,1965,P1,38" (40)
17:34:12  [AT] "SEND OK" (7)
17:34:14  [TX] S,1617,0110000010,0000000000,1966,P1,3A
17:34:14  [SLOT] n=1639 tx=39 ack=0 due=0 r=1
17:34:14  [AT] "AT+CIPSEND=40" (13)
17:34:14  [AT] " S,1617,0110000010,0000000000,1966,P1,3A" (40)
17:34:14  [AT] "SEND OK" (7)
17:34:15  [TX] S,1618,0110000010,0000000000,1968,P1,3B
17:34:15  [SLOT] n=1640 tx=39 ack=0 due=0 r=1
17:34:15  [AT] "AT+CIPSEND=40" (13)
17:34:15  [AT] " S,1618,0110000010,0000000000,1968,P1,3B" (40)
17:34:15  [AT] "SEND OK" (7)
17:34:16  [TX] S,1619,0110000010,0000000000,1969,P1,3B
17:34:16  [SLOT] n=1641 tx=39 ack=0 due=0 r=1
17:34:16  [AT] "AT+CIPSEND=40" (13)
17:34:16  [AT] " S,1619,0110000010,0000000000,1969,P1,3B" (40)
17:34:16  [AT] "SEND OK" (7)
17:34:17  [TX] S,1620,0110000010,0000000000,1970,P1,39
17:34:17  [SLOT] n=1642 tx=39 ack=0 due=0 r=1
17:34:17  [AT] "AT+CIPSEND=40" (13)
17:34:17  [AT] " S,1620,0110000010,0000000000,1970,P1,39" (40)
17:34:17  [AT] "SEND OK" (7)
17:34:18  [TX] S,1621,0110000010,0000000000,1971,P1,39
17:34:18  [SLOT] n=1643 tx=39 ack=0 due=0 r=1
17:34:18  [AT] "AT+CIPSEND=40" (13)
17:34:18  [AT] " S,1621,0110000010,0000000000,1971,P1,39" (40)
17:34:18  [AT] "SEND OK" (7)
17:34:20  [TX] S,1622,0110000010,0000000000,1972,P1,39
17:34:20  [SLOT] n=1644 tx=39 ack=0 due=0 r=1
17:34:20  [AT] "AT+CIPSEND=40" (13)
17:34:20  [AT] " S,1622,0110000010,0000000000,1972,P1,39" (40)
17:34:20  [AT] "SEND OK" (7)
17:34:21  [TX] S,1623,0110000010,0000000000,1974,P1,3E
17:34:21  [SLOT] n=1645 tx=39 ack=0 due=0 r=1
17:34:21  [AT] "AT+CIPSEND=40" (13)
17:34:21  [AT] " S,1623,0110000010,0000000000,1974,P1,3E" (40)
17:34:21  [AT] "SEND OK" (7)
17:34:22  [TX] S,1624,0110000010,0000000000,1975,P1,38
17:34:22  [SLOT] n=1646 tx=39 ack=0 due=0 r=1
17:34:22  [AT] "AT+CIPSEND=40" (13)
17:34:22  [AT] " S,1624,0110000010,0000000000,1975,P1,38" (40)
17:34:22  [AT] "SEND OK" (7)
17:34:23  [TX] S,1625,0110000010,0000000000,1976,P1,3A
17:34:23  [SLOT] n=1647 tx=39 ack=0 due=0 r=1
17:34:23  [AT] "AT+CIPSEND=40" (13)
17:34:23  [AT] " S,1625,0110000010,0000000000,1976,P1,3A" (40)
17:34:23  [AT] "SEND OK" (7)
17:34:25  [TX] S,1626,0110000010,0000000000,1977,P1,38
17:34:25  [SLOT] n=1648 tx=39 ack=0 due=0 r=1
17:34:25  [AT] "AT+CIPSEND=40" (13)
17:34:26  [AT] " S,1626,0110000010,0000000000,1977,P1,38" (40)
17:34:26  [AT] "SEND OK" (7)
17:34:27  [TX] S,1627,0110000010,0000000000,1978,P1,36
17:34:27  [SLOT] n=1649 tx=39 ack=0 due=0 r=1
17:34:27  [AT] "AT+CIPSEND=40" (13)
17:34:27  [AT] " S,1627,0110000010,0000000000,1978,P1,36" (40)
17:34:27  [AT] "SEND OK" (7)
17:34:28  [TX] S,1628,0110000010,0000000000,1980,P1,3E
17:34:28  [SLOT] n=1650 tx=39 ack=0 due=0 r=1
17:34:28  [CNT] up=1980 drop=1 esprst=2 resync=3 sendfail=0 okto=0 stuck=0 ackq=0 ackdrop=0 ackstale=0 slot=1650 oow=1015 smiss=2 ssovf=82 cksumng=85 okstream=1628 penddrop=9 skip=0 online=1
17:34:28  [RAM] 최저 여유 627 B · 프롬프트 재동기 3회 (서버의 '버린줄' 과 맞아야 한다)
17:34:28  [AT] "AT+CIPSEND=40" (13)
17:34:28  [AT] " S,1628,0110000010,0000000000,1980,P1,3E" (40)
17:34:28  [AT] "SEND OK" (7)
17:34:29  [TX] S,1629,0110000010,0000000000,1981,P1,3E
17:34:29  [SLOT] n=1651 tx=39 ack=0 due=0 r=1
17:34:29  [AT] "AT+CIPSEND=40" (13)
17:34:29  [AT] " S,1629,0110000010,0000000000,1981,P1,3E" (40)
17:34:29  [AT] "SEND OK" (7)
17:34:30  [TX] S,1630,0110000010,0000000000,1982,P1,35
17:34:30  [SLOT] n=1652 tx=39 ack=0 due=0 r=1
17:34:30  [AT] "AT+CIPSEND=40" (13)
17:34:30  [AT] " S,1630,0110000010,0000000000,1982,P1,35" (40)
17:34:30  [AT] "SEND OK" (7)
17:34:31  [TX] S,1631,0110000010,0000000000,1983,P1,35
17:34:31  [SLOT] n=1653 tx=39 ack=0 due=0 r=1
17:34:31  [AT] "AT+CIPSEND=40" (13)
17:34:31  [AT] " S,1631,0110000010,0000000000,1983,P1,35" (40)
17:34:31  [AT] "SEND OK" (7)
17:34:32  [TX] S,1632,0110000010,0000000000,1984,P1,31
17:34:32  [SLOT] n=1654 tx=39 ack=0 due=0 r=1
17:34:32  [AT] "AT+CIPSEND=40" (13)
17:34:32  [AT] " S,1632,0110000010,0000000000,1984,P1,31" (40)
17:34:32  [AT] "SEND OK" (7)
17:34:34  [TX] S,1633,0110000010,0000000000,1986,P1,32
17:34:34  [SLOT] n=1655 tx=39 ack=0 due=0 r=1
17:34:34  [AT] "AT+CIPSEND=40" (13)
17:34:34  [AT] " S,1633,0110000010,0000000000,1986,P1,32" (40)
17:34:34  [AT] "SEND OK" (7)
17:34:35  [TX] S,1634,0110000010,0000000000,1987,P1,34
17:34:35  [SLOT] n=1656 tx=39 ack=0 due=0 r=1
17:34:35  [AT] "AT+CIPSEND=40" (13)
17:34:35  [AT] " S,1634,0110000010,0000000000,1987,P1,34" (40)
17:34:35  [AT] "SEND OK" (7)
17:34:36  [TX] S,1635,0110000010,0000000000,1988,P1,3A
17:34:36  [SLOT] n=1657 tx=39 ack=0 due=0 r=1
17:34:36  [AT] "AT+CIPSEND=40" (13)
17:34:36  [AT] " S,1635,0110000010,0000000000,1988,P1,3A" (40)
17:34:36  [AT] "SEND OK" (7)
17:34:37  [TX] S,1636,0110000010,0000000000,1989,P1,38
17:34:37  [SLOT] n=1658 tx=39 ack=0 due=0 r=1
17:34:37  [AT] "AT+CIPSEND=40" (13)
17:34:37  [AT] " S,1636,0110000010,0000000000,1989,P1,38" (40)
17:34:37  [AT] "SEND OK" (7)
17:34:38  [TX] S,1637,0110000010,0000000000,1990,P1,31
17:34:38  [SLOT] n=1659 tx=39 ack=0 due=0 r=1
17:34:38  [AT] "AT+CIPSEND=40" (13)
17:34:39  [AT] " S,1637,0110000010,0000000000,1990,P1,31" (40)
17:34:39  [AT] "SEND OK" (7)
17:34:40  [TX] S,1638,0110000010,0000000000,1992,P1,3C
17:34:40  [SLOT] n=1660 tx=39 ack=0 due=0 r=1
17:34:40  [AT] "AT+CIPSEND=40" (13)
17:34:40  [AT] " S,1638,0110000010,0000000000,1992,P1,3C" (40)
17:34:40  [AT] "SEND OK" (7)
17:34:41  [TX] S,1639,0110000010,0000000000,1993,P1,3C
17:34:41  [SLOT] n=1661 tx=39 ack=0 due=0 r=1
17:34:41  [AT] "AT+CIPSEND=40" (13)
17:34:41  [AT] " S,1639,0110000010,0000000000,1993,P1,3C" (40)
17:34:41  [AT] "SEND OK" (7)
17:34:42  [TX] S,1640,0110000010,0000000000,1994,P1,35
17:34:42  [SLOT] n=1662 tx=39 ack=0 due=0 r=1
17:34:42  [AT] "AT+CIPSEND=40" (13)
17:34:42  [AT] " S,1640,0110000010,0000000000,1994,P1,35" (40)
17:34:42  [AT] "SEND OK" (7)
17:34:43  [TX] S,1641,0110000010,0000000000,1995,P1,35
17:34:43  [SLOT] n=1663 tx=39 ack=0 due=0 r=1
17:34:43  [AT] "AT+CIPSEND=40" (13)
17:34:43  [AT] " S,1641,0110000010,0000000000,1995,P1,35" (40)
17:34:43  [AT] "SEND OK" (7)
17:34:44  [TX] S,1642,0110000010,0000000000,1996,P1,35
17:34:44  [SLOT] n=1664 tx=39 ack=0 due=0 r=1
17:34:44  [AT] "AT+CIPSEND=40" (13)
17:34:44  [AT] " S,1642,0110000010,0000000000,1996,P1,35" (40)
17:34:44  [AT] "SEND OK" (7)
17:34:46  [TX] S,1643,0110000010,0000000000,1998,P1,3A
17:34:46  [SLOT] n=1665 tx=39 ack=0 due=0 r=1
17:34:46  [AT] "AT+CIPSEND=40" (13)
17:34:46  [AT] " S,1643,0110000010,0000000000,1998,P1,3A" (40)
17:34:46  [AT] "SEND OK" (7)
17:34:47  [TX] S,1644,0110000010,0000000000,1999,P1,3C
17:34:47  [SLOT] n=1666 tx=39 ack=0 due=0 r=1
17:34:47  [AT] "AT+CIPSEND=40" (13)
17:34:47  [AT] " S,1644,0110000010,0000000000,1999,P1,3C" (40)
17:34:47  [AT] "SEND OK" (7)
17:34:48  [TX] S,1645,0110000010,0000000000,2000,P1,37
17:34:48  [SLOT] n=1667 tx=39 ack=0 due=0 r=1
17:34:48  [AT] "AT+CIPSEND=40" (13)
17:34:48  [AT] " S,1645,0110000010,0000000000,2000,P1,37" (40)
17:34:48  [AT] "SEND OK" (7)
17:34:49  [TX] S,1646,0110000010,0000000000,2001,P1,35
17:34:49  [SLOT] n=1668 tx=39 ack=0 due=0 r=1
17:34:49  [AT] "AT+CIPSEND=40" (13)
17:34:50  [AT] " S,1646,0110000010,0000000000,2001,P1,35" (40)
17:34:50  [AT] "SEND OK" (7)
17:34:50  [TX] S,1647,0110000010,0000000000,2002,P1,37
17:34:50  [SLOT] n=1669 tx=39 ack=0 due=0 r=1
17:34:50  [AT] "AT+CIPSEND=40" (13)
17:34:50  [AT] " S,1647,0110000010,0000000000,2002,P1,37" (40)
17:34:50  [AT] "SEND OK" (7)
17:34:52  [TX] S,1648,0110000010,0000000000,2004,P1,3E
17:34:52  [SLOT] n=1670 tx=39 ack=0 due=0 r=1
17:34:52  [AT] "AT+CIPSEND=40" (13)
17:34:52  [AT] " S,1648,0110000010,0000000000,2004,P1,3E" (40)
17:34:52  [AT] "SEND OK" (7)
17:34:53  [TX] S,1649,0110000010,0000000000,2005,P1,3E
17:34:53  [SLOT] n=1671 tx=39 ack=0 due=0 r=1
17:34:53  [AT] "AT+CIPSEND=40" (13)
17:34:53  [AT] " S,1649,0110000010,0000000000,2005,P1,3E" (40)
17:34:53  [AT] "SEND OK" (7)
17:34:54  [TX] S,1650,0110000010,0000000000,2006,P1,35
17:34:54  [SLOT] n=1672 tx=39 ack=0 due=0 r=1
17:34:54  [AT] "AT+CIPSEND=40" (13)
17:34:54  [AT] " S,1650,0110000010,0000000000,2006,P1,35" (40)
17:34:54  [AT] "SEND OK" (7)
17:34:55  [TX] S,1651,0110000010,0000000000,2007,P1,35
17:34:55  [SLOT] n=1673 tx=39 ack=0 due=0 r=1
17:34:55  [AT] "AT+CIPSEND=40" (13)
17:34:55  [AT] " S,1651,0110000010,0000000000,2007,P1,35" (40)
17:34:55  [AT] "SEND OK" (7)
17:34:56  [TX] S,1652,0110000010,0000000000,2008,P1,39
17:34:56  [SLOT] n=1674 tx=39 ack=0 due=0 r=1
17:34:56  [AT] "AT+CIPSEND=40" (13)
17:34:56  [AT] " S,1652,0110000010,0000000000,2008,P1,39" (40)
17:34:56  [AT] "SEND OK" (7)
17:34:58  [TX] S,1653,0110000010,0000000000,2010,P1,31
17:34:58  [SLOT] n=1675 tx=39 ack=0 due=0 r=1
17:34:58  [AT] "AT+CIPSEND=40" (13)
17:34:58  [AT] " S,1653,0110000010,0000000000,2010,P1,31" (40)
17:34:58  [AT] "SEND OK" (7)
17:34:59  [TX] S,1654,0110000010,0000000000,2011,P1,37
17:34:59  [SLOT] n=1676 tx=39 ack=0 due=0 r=1
17:34:59  [AT] "AT+CIPSEND=40" (13)
17:34:59  [AT] " S,1654,0110000010,0000000000,2011,P1,37" (40)
17:34:59  [AT] "SEND OK" (7)
17:35:00  [TX] S,1655,0110000010,0000000000,2012,P1,35
17:35:00  [SLOT] n=1677 tx=39 ack=0 due=0 r=1
17:35:00  [AT] "AT+CIPSEND=40" (13)
17:35:00  [AT] " S,1655,0110000010,0000000000,2012,P1,35" (40)
17:35:00  [AT] "SEND OK" (7)
17:35:01  [TX] S,1656,0110000010,0000000000,2013,P1,37
17:35:01  [SLOT] n=1678 tx=39 ack=0 due=0 r=1
17:35:01  [AT] "AT+CIPSEND=40" (13)
17:35:01  [AT] " S,1656,0110000010,0000000000,2013,P1,37" (40)
17:35:01  [AT] "SEND OK" (7)
17:35:02  [TX] S,1657,0110000010,0000000000,2014,P1,31
17:35:02  [SLOT] n=1679 tx=39 ack=0 due=0 r=1
17:35:02  [AT] "AT+CIPSEND=40" (13)
17:35:03  [AT] " S,1657,0110000010,0000000000,2014,P1,31" (40)
17:35:03  [AT] "SEND OK" (7)
17:35:04  [TX] S,1658,0110000010,0000000000,2016,P1,3C
17:35:04  [SLOT] n=1680 tx=39 ack=0 due=0 r=1
17:35:04  [AT] "AT+CIPSEND=40" (13)
17:35:04  [AT] " S,1658,0110000010,0000000000,2016,P1,3C" (40)
17:35:04  [AT] "SEND OK" (7)
17:35:05  [TX] S,1659,0110000010,0000000000,2017,P1,3C
17:35:05  [SLOT] n=1681 tx=39 ack=0 due=0 r=1
17:35:05  [AT] "AT+CIPSEND=40" (13)
17:35:05  [AT] " S,1659,0110000010,0000000000,2017,P1,3C" (40)
17:35:05  [AT] "SEND OK" (7)
17:35:06  [TX] S,1660,0110000010,0000000000,2018,P1,39
17:35:06  [SLOT] n=1682 tx=39 ack=0 due=0 r=1
17:35:06  [AT] "AT+CIPSEND=40" (13)
17:35:06  [AT] " S,1660,0110000010,0000000000,2018,P1,39" (40)
17:35:06  [AT] "SEND OK" (7)
17:35:07  [TX] S,1661,0110000010,0000000000,2019,P1,39
17:35:07  [SLOT] n=1683 tx=39 ack=0 due=0 r=1
17:35:07  [AT] "AT+CIPSEND=40" (13)
17:35:07  [AT] " S,1661,0110000010,0000000000,2019,P1,39" (40)
17:35:07  [AT] "SEND OK" (7)
17:35:08  [TX] S,1662,0110000010,0000000000,2020,P1,30
17:35:08  [SLOT] n=1684 tx=39 ack=0 due=0 r=1
17:35:08  [AT] "AT+CIPSEND=40" (13)
17:35:08  [AT] " S,1662,0110000010,0000000000,2020,P1,30" (40)
17:35:08  [AT] "SEND OK" (7)
17:35:09  [TX] S,1663,0110000010,0000000000,2022,P1,33
17:35:09  [SLOT] n=1685 tx=39 ack=0 due=0 r=1
17:35:09  [AT] "AT+CIPSEND=40" (13)
17:35:10  [AT] " S,1663,0110000010,0000000000,2022,P1,33" (40)
17:35:10  [AT] "SEND OK" (7)
17:35:11  [TX] S,1664,0110000010,0000000000,2023,P1,35
17:35:11  [SLOT] n=1686 tx=39 ack=0 due=0 r=1
17:35:11  [AT] "AT+CIPSEND=40" (13)
17:35:11  [AT] " S,1664,0110000010,0000000000,2023,P1,35" (40)
17:35:11  [AT] "SEND OK" (7)
17:35:12  [TX] S,1665,0110000010,0000000000,2024,P1,33
17:35:12  [SLOT] n=1687 tx=39 ack=0 due=0 r=1
17:35:12  [AT] "AT+CIPSEND=40" (13)
17:35:12  [AT] " S,1665,0110000010,0000000000,2024,P1,33" (40)
17:35:12  [AT] "SEND OK" (7)
17:35:13  [TX] S,1666,0110000010,0000000000,2025,P1,31
17:35:13  [SLOT] n=1688 tx=39 ack=0 due=0 r=1
17:35:13  [AT] "AT+CIPSEND=40" (13)
17:35:13  [AT] " S,1666,0110000010,0000000000,2025,P1,31" (40)
17:35:13  [AT] "SEND OK" (7)
17:35:14  [TX] S,1667,0110000010,0000000000,2026,P1,33
17:35:14  [SLOT] n=1689 tx=39 ack=0 due=0 r=1
17:35:14  [AT] "AT+CIPSEND=40" (13)
17:35:14  [AT] " S,1667,0110000010,0000000000,2026,P1,33" (40)
17:35:14  [AT] "SEND OK" (7)
17:35:15  [TX] S,1668,0110000010,0000000000,2028,P1,32
17:35:15  [SLOT] n=1690 tx=39 ack=0 due=0 r=1
17:35:15  [AT] "AT+CIPSEND=40" (13)
17:35:16  [AT] " S,1668,0110000010,0000000000,2028,P1,32" (40)
17:35:16  [AT] "SEND OK" (7)
17:35:17  [TX] S,1669,0110000010,0000000000,2029,P1,32
17:35:17  [SLOT] n=1691 tx=39 ack=0 due=0 r=1
17:35:17  [AT] "AT+CIPSEND=40" (13)
17:35:17  [AT] " S,1669,0110000010,0000000000,2029,P1,32" (40)
17:35:17  [AT] "SEND OK" (7)
17:35:18  [TX] S,1670,0110000010,0000000000,2030,P1,32
17:35:18  [SLOT] n=1692 tx=39 ack=0 due=0 r=1
17:35:18  [AT] "AT+CIPSEND=40" (13)
17:35:18  [AT] " S,1670,0110000010,0000000000,2030,P1,32" (40)
17:35:18  [AT] "SEND OK" (7)
17:35:19  [TX] S,1671,0110000010,0000000000,2031,P1,32
17:35:19  [SLOT] n=1693 tx=39 ack=0 due=0 r=1
17:35:19  [AT] "AT+CIPSEND=40" (13)
17:35:19  [AT] " S,1671,0110000010,0000000000,2031,P1,32" (40)
17:35:19  [AT] "SEND OK" (7)
17:35:20  [TX] S,1672,0110000010,0000000000,2032,P1,32
17:35:20  [SLOT] n=1694 tx=39 ack=0 due=0 r=1
17:35:20  [AT] "AT+CIPSEND=40" (13)
17:35:20  [AT] " S,1672,0110000010,0000000000,2032,P1,32" (40)
17:35:20  [AT] "SEND OK" (7)
17:35:21  [TX] S,1673,0110000010,0000000000,2034,P1,35
17:35:21  [SLOT] n=1695 tx=39 ack=0 due=0 r=1
17:35:21  [AT] "AT+CIPSEND=40" (13)
17:35:22  [AT] " S,1673,0110000010,0000000000,2034,P1,35" (40)
17:35:22  [AT] "SEND OK" (7)
17:35:23  [TX] S,1674,0110000010,0000000000,2035,P1,33
17:35:23  [SLOT] n=1696 tx=39 ack=0 due=0 r=1
17:35:23  [AT] "AT+CIPSEND=40" (13)
17:35:23  [AT] " S,1674,0110000010,0000000000,2035,P1,33" (40)
17:35:23  [AT] "SEND OK" (7)
17:35:24  [TX] S,1675,0110000010,0000000000,2036,P1,31
17:35:24  [SLOT] n=1697 tx=39 ack=0 due=0 r=1
17:35:24  [AT] "AT+CIPSEND=40" (13)
17:35:24  [AT] " S,1675,0110000010,0000000000,2036,P1,31" (40)
17:35:24  [AT] "SEND OK" (7)
17:35:25  [TX] S,1676,0110000010,0000000000,2037,P1,33
17:35:25  [SLOT] n=1698 tx=39 ack=0 due=0 r=1
17:35:25  [AT] "AT+CIPSEND=40" (13)
17:35:25  [AT] " S,1676,0110000010,0000000000,2037,P1,33" (40)
17:35:25  [AT] "SEND OK" (7)
17:35:26  [TX] S,1677,0110000010,0000000000,2038,P1,3D
17:35:26  [SLOT] n=1699 tx=39 ack=0 due=0 r=1
17:35:26  [AT] "AT+CIPSEND=40" (13)
17:35:27  [AT] " S,1677,0110000010,0000000000,2038,P1,3D" (40)
17:35:27  [AT] "SEND OK" (7)
17:35:27  [TX] S,1678,0110000010,0000000000,2040,P1,3D
17:35:27  [SLOT] n=1700 tx=39 ack=0 due=0 r=1
17:35:27  [CNT] up=2040 drop=1 esprst=2 resync=3 sendfail=0 okto=0 stuck=0 ackq=0 ackdrop=0 ackstale=0 slot=1700 oow=1015 smiss=2 ssovf=82 cksumng=85 okstream=1678 penddrop=9 skip=0 online=1
17:35:27  [RAM] 최저 여유 627 B · 프롬프트 재동기 3회 (서버의 '버린줄' 과 맞아야 한다)
17:35:27  [AT] "AT+CIPSEND=40" (13)
17:35:27  [AT] " S,1678,0110000010,0000000000,2040,P1,3D" (40)
17:35:27  [AT] "SEND OK" (7)
17:35:29  [TX] S,1679,0110000010,0000000000,2041,P1,3D
17:35:29  [SLOT] n=1701 tx=39 ack=0 due=0 r=1
17:35:29  [AT] "AT+CIPSEND=40" (13)
17:35:29  [AT] " S,1679,0110000010,0000000000,2041,P1,3D" (40)
17:35:29  [AT] "SEND OK" (7)
17:35:30  [TX] S,1680,0110000010,0000000000,2042,P1,38
17:35:30  [SLOT] n=1702 tx=39 ack=0 due=0 r=1
17:35:30  [AT] "AT+CIPSEND=40" (13)
17:35:30  [AT] " S,1680,0110000010,0000000000,2042,P1,38" (40)
17:35:30  [AT] "SEND OK" (7)
17:35:31  [TX] S,1681,0110000010,0000000000,2043,P1,38
17:35:31  [SLOT] n=1703 tx=39 ack=0 due=0 r=1
17:35:31  [AT] "AT+CIPSEND=40" (13)
17:35:32  [AT] " S,1681,0110000010,0000000000,2043,P1,38" (40)
17:35:32  [AT] "SEND OK" (7)
17:35:32  [TX] S,1682,0110000010,0000000000,2044,P1,3C
17:35:32  [SLOT] n=1704 tx=39 ack=0 due=0 r=1
17:35:32  [AT] "AT+CIPSEND=40" (13)
17:35:32  [AT] " S,1682,0110000010,0000000000,2044,P1,3C" (40)
17:35:32  [AT] "SEND OK" (7)
17:35:33  [TX] S,1683,0110000010,0000000000,2046,P1,3F
17:35:33  [SLOT] n=1705 tx=39 ack=0 due=0 r=1
17:35:33  [AT] "AT+CIPSEND=40" (13)
17:35:33  [AT] " S,1683,0110000010,0000000000,2046,P1,3F" (40)
17:35:33  [AT] "SEND OK" (7)
17:35:35  [TX] S,1684,0110000010,0000000000,2047,P1,39
17:35:35  [SLOT] n=1706 tx=39 ack=0 due=0 r=1
17:35:35  [AT] "AT+CIPSEND=40" (13)
17:35:35  [AT] " S,1684,0110000010,0000000000,2047,P1,39" (40)
17:35:35  [AT] "SEND OK" (7)
17:35:36  [TX] S,1685,0110000010,0000000000,2048,P1,37
17:35:36  [SLOT] n=1707 tx=39 ack=0 due=0 r=1
17:35:36  [AT] "AT+CIPSEND=40" (13)
17:35:36  [AT] " S,1685,0110000010,0000000000,2048,P1,37" (40)
17:35:36  [AT] "SEND OK" (7)
17:35:37  [TX] S,1686,0110000010,0000000000,2049,P1,35
17:35:37  [SLOT] n=1708 tx=39 ack=0 due=0 r=1
17:35:37  [AT] "AT+CIPSEND=40" (13)
17:35:37  [AT] " S,1686,0110000010,0000000000,2049,P1,35" (40)
17:35:37  [AT] "SEND OK" (7)
17:35:38  [TX] S,1687,0110000010,0000000000,2050,P1,3C
17:35:38  [SLOT] n=1709 tx=39 ack=0 due=0 r=1
17:35:38  [AT] "AT+CIPSEND=40" (13)
17:35:38  [AT] " S,1687,0110000010,0000000000,2050,P1,3C" (40)
17:35:38  [AT] "SEND OK" (7)
17:35:39  [TX] S,1688,0110000010,0000000000,2052,P1,31
17:35:39  [SLOT] n=1710 tx=39 ack=0 due=0 r=1
17:35:39  [AT] "AT+CIPSEND=40" (13)
17:35:39  [AT] " S,1688,0110000010,0000000000,2052,P1,31" (40)
17:35:39  [AT] "SEND OK" (7)
17:35:41  [TX] S,1689,0110000010,0000000000,2053,P1,31
17:35:41  [SLOT] n=1711 tx=39 ack=0 due=0 r=1
17:35:41  [AT] "AT+CIPSEND=40" (13)
17:35:41  [AT] " S,1689,0110000010,0000000000,2053,P1,31" (40)
17:35:41  [AT] "SEND OK" (7)
17:35:42  [TX] S,1690,0110000010,0000000000,2054,P1,3E
17:35:42  [SLOT] n=1712 tx=39 ack=0 due=0 r=1
17:35:42  [AT] "AT+CIPSEND=40" (13)
17:35:42  [AT] " S,1690,0110000010,0000000000,2054,P1,3E" (40)
17:35:42  [AT] "SEND OK" (7)
17:35:43  [TX] S,1691,0110000010,0000000000,2055,P1,3E
17:35:43  [SLOT] n=1713 tx=39 ack=0 due=0 r=1
17:35:43  [AT] "AT+CIPSEND=40" (13)
17:35:43  [AT] " S,1691,0110000010,0000000000,2055,P1,3E" (40)
17:35:43  [AT] "SEND OK" (7)
17:35:44  [TX] S,1692,0110000010,0000000000,2056,P1,3E
17:35:44  [SLOT] n=1714 tx=39 ack=0 due=0 r=1
17:35:44  [AT] "AT+CIPSEND=40" (13)
17:35:44  [AT] " S,1692,0110000010,0000000000,2056,P1,3E" (40)
17:35:44  [AT] "SEND OK" (7)
17:35:45  [TX] S,1693,0110000010,0000000000,2058,P1,31
17:35:45  [SLOT] n=1715 tx=39 ack=0 due=0 r=1
17:35:45  [AT] "AT+CIPSEND=40" (13)
17:35:45  [AT] " S,1693,0110000010,0000000000,2058,P1,31" (40)
17:35:45  [AT] "SEND OK" (7)
17:35:47  [TX] S,1694,0110000010,0000000000,2059,P1,37
17:35:47  [SLOT] n=1716 tx=39 ack=0 due=0 r=1
17:35:47  [AT] "AT+CIPSEND=40" (13)
17:35:47  [AT] " S,1694,0110000010,0000000000,2059,P1,37" (40)
17:35:47  [AT] "SEND OK" (7)
17:35:48  [TX] S,1695,0110000010,0000000000,2060,P1,3C
17:35:48  [SLOT] n=1717 tx=39 ack=0 due=0 r=1
17:35:48  [AT] "AT+CIPSEND=40" (13)
17:35:48  [AT] " S,1695,0110000010,0000000000,2060,P1,3C" (40)
17:35:48  [AT] "SEND OK" (7)
17:35:49  [TX] S,1696,0110000010,0000000000,2061,P1,3E
17:35:49  [SLOT] n=1718 tx=39 ack=0 due=0 r=1
17:35:49  [AT] "AT+CIPSEND=40" (13)
17:35:49  [AT] " S,1696,0110000010,0000000000,2061,P1,3E" (40)
17:35:49  [AT] "SEND OK" (7)
17:35:50  [TX] S,1697,0110000010,0000000000,2062,P1,3C
17:35:50  [SLOT] n=1719 tx=39 ack=0 due=0 r=1
17:35:50  [AT] "AT+CIPSEND=40" (13)
17:35:50  [AT] " S,1697,0110000010,0000000000,2062,P1,3C" (40)
17:35:50  [AT] "SEND OK" (7)
17:35:51  [TX] S,1698,0110000010,0000000000,2064,P1,35
17:35:51  [SLOT] n=1720 tx=39 ack=0 due=0 r=1
17:35:51  [AT] "AT+CIPSEND=40" (13)
17:35:51  [AT] " S,1698,0110000010,0000000000,2064,P1,35" (40)
17:35:51  [AT] "SEND OK" (7)
17:35:52  [TX] S,1699,0110000010,0000000000,2065,P1,35
17:35:52  [SLOT] n=1721 tx=39 ack=0 due=0 r=1
17:35:52  [AT] "AT+CIPSEND=40" (13)
17:35:53  [AT] " S,1699,0110000010,0000000000,2065,P1,35" (40)
17:35:53  [AT] "SEND OK" (7)
17:35:54  [TX] S,1700,0110000010,0000000000,2066,P1,37
17:35:54  [SLOT] n=1722 tx=39 ack=0 due=0 r=1
17:35:54  [AT] "AT+CIPSEND=40" (13)
17:35:54  [AT] " S,1700,0110000010,0000000000,2066,P1,37" (40)
17:35:54  [AT] "SEND OK" (7)
17:35:55  [TX] S,1701,0110000010,0000000000,2067,P1,37
17:35:55  [SLOT] n=1723 tx=39 ack=0 due=0 r=1
17:35:55  [AT] "AT+CIPSEND=40" (13)
17:35:55  [AT] " S,1701,0110000010,0000000000,2067,P1,37" (40)
17:35:55  [AT] "SEND OK" (7)
17:35:56  [TX] S,1702,0110000010,0000000000,2068,P1,3B
17:35:56  [SLOT] n=1724 tx=39 ack=0 due=0 r=1
17:35:56  [AT] "AT+CIPSEND=40" (13)
17:35:56  [AT] " S,1702,0110000010,0000000000,2068,P1,3B" (40)
17:35:56  [AT] "SEND OK" (7)
17:35:57  [TX] S,1703,0110000010,0000000000,2070,P1,33
17:35:57  [SLOT] n=1725 tx=39 ack=0 due=0 r=1
17:35:57  [AT] "AT+CIPSEND=40" (13)
17:35:57  [AT] " S,1703,0110000010,0000000000,2070,P1,33" (40)
17:35:57  [AT] "SEND OK" (7)
17:35:58  [TX] S,1704,0110000010,0000000000,2071,P1,35
17:35:58  [SLOT] n=1726 tx=39 ack=0 due=0 r=1
17:35:58  [AT] "AT+CIPSEND=40" (13)
17:35:59  [AT] " S,1704,0110000010,0000000000,2071,P1,35" (40)
17:35:59  [AT] "SEND OK" (7)
17:36:00  [TX] S,1705,0110000010,0000000000,2072,P1,37
17:36:00  [SLOT] n=1727 tx=39 ack=0 due=0 r=1
17:36:00  [AT] "AT+CIPSEND=40" (13)
17:36:00  [AT] " S,1705,0110000010,0000000000,2072,P1,37" (40)
17:36:00  [AT] "SEND OK" (7)
17:36:01  [TX] S,1706,0110000010,0000000000,2073,P1,35
17:36:01  [SLOT] n=1728 tx=39 ack=0 due=0 r=1
17:36:01  [AT] "AT+CIPSEND=40" (13)
17:36:01  [AT] " S,1706,0110000010,0000000000,2073,P1,35" (40)
17:36:01  [AT] "SEND OK" (7)
17:36:02  [TX] S,1707,0110000010,0000000000,2074,P1,33
17:36:02  [SLOT] n=1729 tx=39 ack=0 due=0 r=1
17:36:02  [AT] "AT+CIPSEND=40" (13)
17:36:02  [AT] " S,1707,0110000010,0000000000,2074,P1,33" (40)
17:36:02  [AT] "SEND OK" (7)
17:36:03  [TX] S,1708,0110000010,0000000000,2076,P1,3E
17:36:03  [SLOT] n=1730 tx=39 ack=0 due=0 r=1
17:36:03  [AT] "AT+CIPSEND=40" (13)
17:36:03  [AT] " S,1708,0110000010,0000000000,2076,P1,3E" (40)
17:36:03  [AT] "SEND OK" (7)
17:36:04  [TX] S,1709,0110000010,0000000000,2077,P1,3E
17:36:04  [SLOT] n=1731 tx=39 ack=0 due=0 r=1
17:36:04  [AT] "AT+CIPSEND=40" (13)
17:36:04  [AT] " S,1709,0110000010,0000000000,2077,P1,3E" (40)
17:36:04  [AT] "SEND OK" (7)
17:36:06  [TX] S,1710,0110000010,0000000000,2078,P1,39
17:36:06  [SLOT] n=1732 tx=39 ack=0 due=0 r=1
17:36:06  [AT] "AT+CIPSEND=40" (13)
17:36:06  [AT] " S,1710,0110000010,0000000000,2078,P1,39" (40)
17:36:06  [AT] "SEND OK" (7)
17:36:07  [TX] S,1711,0110000010,0000000000,2079,P1,39
17:36:07  [SLOT] n=1733 tx=39 ack=0 due=0 r=1
17:36:07  [AT] "AT+CIPSEND=40" (13)
17:36:07  [AT] " S,1711,0110000010,0000000000,2079,P1,39" (40)
17:36:07  [AT] "SEND OK" (7)
17:36:08  [TX] S,1712,0110000010,0000000000,2080,P1,3C
17:36:08  [SLOT] n=1734 tx=39 ack=0 due=0 r=1
17:36:08  [AT] "AT+CIPSEND=40" (13)
17:36:08  [AT] " S,1712,0110000010,0000000000,2080,P1,3C" (40)
17:36:08  [AT] "SEND OK" (7)
17:36:09  [TX] S,1713,0110000010,0000000000,2082,P1,3F
17:36:09  [SLOT] n=1735 tx=39 ack=0 due=0 r=1
17:36:09  [AT] "AT+CIPSEND=40" (13)
17:36:09  [AT] " S,1713,0110000010,0000000000,2082,P1,3F" (40)
17:36:09  [AT] "SEND OK" (7)
17:36:10  [TX] S,1714,0110000010,0000000000,2083,P1,39
17:36:10  [SLOT] n=1736 tx=39 ack=0 due=0 r=1
17:36:10  [AT] "AT+CIPSEND=40" (13)
17:36:10  [AT] " S,1714,0110000010,0000000000,2083,P1,39" (40)
17:36:10  [AT] "SEND OK" (7)
17:36:12  [TX] S,1715,0110000010,0000000000,2084,P1,3F
17:36:12  [SLOT] n=1737 tx=39 ack=0 due=0 r=1
17:36:12  [AT] "AT+CIPSEND=40" (13)
17:36:12  [AT] " S,1715,0110000010,0000000000,2084,P1,3F" (40)
17:36:12  [AT] "SEND OK" (7)
17:36:13  [TX] S,1716,0110000010,0000000000,2085,P1,3D
17:36:13  [SLOT] n=1738 tx=39 ack=0 due=0 r=1
17:36:13  [AT] "AT+CIPSEND=40" (13)
17:36:13  [AT] " S,1716,0110000010,0000000000,2085,P1,3D" (40)
17:36:13  [AT] "SEND OK" (7)
17:36:14  [TX] S,1717,0110000010,0000000000,2086,P1,3F
17:36:14  [SLOT] n=1739 tx=39 ack=0 due=0 r=1
17:36:14  [AT] "AT+CIPSEND=40" (13)
17:36:14  [AT] " S,1717,0110000010,0000000000,2086,P1,3F" (40)
17:36:14  [AT] "SEND OK" (7)
17:36:15  [TX] S,1718,0110000010,0000000000,2088,P1,3E
17:36:15  [SLOT] n=1740 tx=39 ack=0 due=0 r=1
17:36:15  [AT] "AT+CIPSEND=40" (13)
17:36:15  [AT] " S,1718,0110000010,0000000000,2088,P1,3E" (40)
17:36:15  [AT] "SEND OK" (7)
17:36:16  [TX] S,1719,0110000010,0000000000,2089,P1,3E
17:36:16  [SLOT] n=1741 tx=39 ack=0 due=0 r=1
17:36:16  [AT] "AT+CIPSEND=40" (13)
17:36:16  [AT] " S,1719,0110000010,0000000000,2089,P1,3E" (40)
17:36:16  [AT] "SEND OK" (7)
17:36:18  [TX] S,1720,0110000010,0000000000,2090,P1,3C
17:36:18  [SLOT] n=1742 tx=39 ack=0 due=0 r=1
17:36:18  [AT] "AT+CIPSEND=40" (13)
17:36:18  [AT] " S,1720,0110000010,0000000000,2090,P1,3C" (40)
17:36:18  [AT] "SEND OK" (7)
17:36:19  [TX] S,1721,0110000010,0000000000,2091,P1,3C
17:36:19  [SLOT] n=1743 tx=39 ack=0 due=0 r=1
17:36:19  [AT] "AT+CIPSEND=40" (13)
17:36:19  [AT] " S,1721,0110000010,0000000000,2091,P1,3C" (40)
17:36:19  [AT] "SEND OK" (7)
17:36:20  [TX] S,1722,0110000010,0000000000,2092,P1,3C
17:36:20  [SLOT] n=1744 tx=39 ack=0 due=0 r=1
17:36:20  [AT] "AT+CIPSEND=40" (13)
17:36:20  [AT] " S,1722,0110000010,0000000000,2092,P1,3C" (40)
17:36:20  [AT] "SEND OK" (7)
17:36:21  [TX] S,1723,0110000010,0000000000,2094,P1,3B
17:36:21  [SLOT] n=1745 tx=39 ack=0 due=0 r=1
17:36:21  [AT] "AT+CIPSEND=40" (13)
17:36:21  [AT] " S,1723,0110000010,0000000000,2094,P1,3B" (40)
17:36:21  [AT] "SEND OK" (7)
17:36:22  [TX] S,1724,0110000010,0000000000,2095,P1,3D
17:36:22  [SLOT] n=1746 tx=39 ack=0 due=0 r=1
17:36:22  [AT] "AT+CIPSEND=40" (13)
17:36:23  [AT] " S,1724,0110000010,0000000000,2095,P1,3D" (40)
17:36:23  [AT] "SEND OK" (7)
17:36:24  [TX] S,1725,0110000010,0000000000,2096,P1,3F
17:36:24  [SLOT] n=1747 tx=39 ack=0 due=0 r=1
17:36:24  [AT] "AT+CIPSEND=40" (13)
17:36:24  [AT] " S,1725,0110000010,0000000000,2096,P1,3F" (40)
17:36:24  [AT] "SEND OK" (7)
17:36:25  [TX] S,1726,0110000010,0000000000,2097,P1,3D
17:36:25  [SLOT] n=1748 tx=39 ack=0 due=0 r=1
17:36:25  [AT] "AT+CIPSEND=40" (13)
17:36:25  [AT] " S,1726,0110000010,0000000000,2097,P1,3D" (40)
17:36:25  [AT] "SEND OK" (7)
17:36:26  [TX] S,1727,0110000010,0000000000,2098,P1,33
17:36:26  [SLOT] n=1749 tx=39 ack=0 due=0 r=1
17:36:26  [AT] "AT+CIPSEND=40" (13)
17:36:26  [AT] " S,1727,0110000010,0000000000,2098,P1,33" (40)
17:36:26  [AT] "SEND OK" (7)
17:36:27  [TX] S,1728,0110000010,0000000000,2100,P1,3C
17:36:27  [SLOT] n=1750 tx=39 ack=0 due=0 r=1
17:36:27  [CNT] up=2100 drop=1 esprst=2 resync=3 sendfail=0 okto=0 stuck=0 ackq=0 ackdrop=0 ackstale=0 slot=1750 oow=1015 smiss=2 ssovf=82 cksumng=85 okstream=1728 penddrop=9 skip=0 online=1
17:36:27  [RAM] 최저 여유 627 B · 프롬프트 재동기 3회 (서버의 '버린줄' 과 맞아야 한다)
17:36:27  [AT] " S,1728,0110000010,0000000000,2100,P1,3C" (40)
17:36:27  [AT] "SEND OK" (7)
17:36:27  [AT] "AT+CIPSEND=40" (13)
17:36:28  [TX] S,1729,0110000010,0000000000,2101,P1,3C
17:36:28  [SLOT] n=1751 tx=39 ack=0 due=0 r=1
17:36:28  [AT] "AT+CIPSEND=40" (13)
17:36:28  [AT] " S,1729,0110000010,0000000000,2101,P1,3C" (40)
17:36:28  [AT] "SEND OK" (7)
17:36:30  [TX] S,1730,0110000010,0000000000,2102,P1,37
17:36:30  [SLOT] n=1752 tx=39 ack=0 due=0 r=1
17:36:30  [AT] "AT+CIPSEND=40" (13)
17:36:30  [AT] " S,1730,0110000010,0000000000,2102,P1,37" (40)
17:36:30  [AT] "SEND OK" (7)
17:36:31  [TX] S,1731,0110000010,0000000000,2103,P1,37
17:36:31  [SLOT] n=1753 tx=39 ack=0 due=0 r=1
17:36:31  [AT] "AT+CIPSEND=40" (13)
17:36:31  [AT] " S,1731,0110000010,0000000000,2103,P1,37" (40)
17:36:31  [AT] "SEND OK" (7)
17:36:32  [TX] S,1732,0110000010,0000000000,2104,P1,33
17:36:32  [SLOT] n=1754 tx=39 ack=0 due=0 r=1
17:36:32  [AT] "AT+CIPSEND=40" (13)
17:36:32  [AT] " S,1732,0110000010,0000000000,2104,P1,33" (40)
17:36:32  [AT] "SEND OK" (7)
17:36:33  [TX] S,1733,0110000010,0000000000,2106,P1,30
17:36:33  [SLOT] n=1755 tx=39 ack=0 due=0 r=1
17:36:33  [AT] "AT+CIPSEND=40" (13)
17:36:33  [AT] " S,1733,0110000010,0000000000,2106,P1,30" (40)
17:36:33  [AT] "SEND OK" (7)
17:36:34  [TX] S,1734,0110000010,0000000000,2107,P1,36
17:36:34  [SLOT] n=1756 tx=39 ack=0 due=0 r=1
17:36:34  [AT] "AT+CIPSEND=40" (13)
17:36:35  [AT] " S,1734,0110000010,0000000000,2107,P1,36" (40)
17:36:35  [AT] "SEND OK" (7)
17:36:35  [TX] S,1735,0110000010,0000000000,2108,P1,38
17:36:35  [SLOT] n=1757 tx=39 ack=0 due=0 r=1
17:36:35  [AT] "AT+CIPSEND=40" (13)
17:36:36  [AT] " S,1735,0110000010,0000000000,2108,P1,38" (40)
17:36:36  [AT] "SEND OK" (7)
17:36:37  [TX] S,1736,0110000010,0000000000,2109,P1,3A
17:36:37  [SLOT] n=1758 tx=39 ack=0 due=0 r=1
17:36:37  [AT] "AT+CIPSEND=40" (13)
17:36:37  [AT] " S,1736,0110000010,0000000000,2109,P1,3A" (40)
17:36:37  [AT] "SEND OK" (7)
17:36:39  [TX] S,1737,0110000010,0000000000,2110,P1,33
17:36:39  [SLOT] n=1759 tx=39 ack=0 due=0 r=1
17:36:39  [AT] "AT+CIPSEND=40" (13)
17:36:39  [AT] " S,1737,0110000010,0000000000,2110,P1,33" (40)
17:36:39  [AT] "SEND OK" (7)
17:36:40  [TX] S,1738,0110000010,0000000000,2112,P1,3E
17:36:40  [SLOT] n=1760 tx=39 ack=0 due=0 r=1
17:36:40  [AT] "AT+CIPSEND=40" (13)
17:36:40  [AT] " S,1738,0110000010,0000000000,2112,P1,3E" (40)
17:36:40  [AT] "SEND OK" (7)
17:36:41  [TX] S,1739,0110000010,0000000000,2113,P1,3E
17:36:41  [SLOT] n=1761 tx=39 ack=0 due=0 r=1
17:36:41  [AT] "AT+CIPSEND=40" (13)
17:36:41  [AT] " S,1739,0110000010,0000000000,2113,P1,3E" (40)
17:36:41  [AT] "SEND OK" (7)
17:36:42  [TX] S,1740,0110000010,0000000000,2114,P1,37
17:36:42  [SLOT] n=1762 tx=39 ack=0 due=0 r=1
17:36:42  [AT] "AT+CIPSEND=40" (13)
17:36:43  [AT] " S,1740,0110000010,0000000000,2114,P1,37" (40)
17:36:43  [AT] "SEND OK" (7)
17:36:44  [TX] S,1741,0110000010,0000000000,2115,P1,37
17:36:44  [SLOT] n=1763 tx=39 ack=0 due=0 r=1
17:36:44  [AT] "AT+CIPSEND=40" (13)
17:36:44  [AT] " S,1741,0110000010,0000000000,2115,P1,37" (40)
17:36:44  [AT] "SEND OK" (7)
17:36:45  [TX] S,1742,0110000010,0000000000,2116,P1,37
17:36:45  [SLOT] n=1764 tx=39 ack=0 due=0 r=1
17:36:45  [AT] "AT+CIPSEND=40" (13)
17:36:45  [AT] " S,1742,0110000010,0000000000,2116,P1,37" (40)
17:36:45  [AT] "SEND OK" (7)
17:36:46  [TX] S,1743,0110000010,0000000000,2118,P1,38
17:36:46  [SLOT] n=1765 tx=39 ack=0 due=0 r=1
17:36:46  [AT] "AT+CIPSEND=40" (13)
17:36:46  [AT] " S,1743,0110000010,0000000000,2118,P1,38" (40)
17:36:46  [AT] "SEND OK" (7)
17:36:47  [TX] S,1744,0110000010,0000000000,2119,P1,3E
17:36:47  [SLOT] n=1766 tx=39 ack=0 due=0 r=1
17:36:47  [AT] "AT+CIPSEND=40" (13)
17:36:47  [AT] " S,1744,0110000010,0000000000,2119,P1,3E" (40)
17:36:47  [AT] "SEND OK" (7)
17:36:48  [TX] S,1745,0110000010,0000000000,2120,P1,35
17:36:48  [SLOT] n=1767 tx=39 ack=0 due=0 r=1
17:36:48  [AT] "AT+CIPSEND=40" (13)
17:36:48  [AT] " S,1745,0110000010,0000000000,2120,P1,35" (40)
17:36:48  [AT] "SEND OK" (7)
17:36:50  [TX] S,1746,0110000010,0000000000,2121,P1,37
17:36:50  [SLOT] n=1768 tx=39 ack=0 due=0 r=1
17:36:50  [AT] "AT+CIPSEND=40" (13)
17:36:50  [AT] " S,1746,0110000010,0000000000,2121,P1,37" (40)
17:36:50  [AT] "SEND OK" (7)
17:36:51  [TX] S,1747,0110000010,0000000000,2122,P1,35
17:36:51  [SLOT] n=1769 tx=39 ack=0 due=0 r=1
17:36:51  [AT] "AT+CIPSEND=40" (13)
17:36:51  [AT] " S,1747,0110000010,0000000000,2122,P1,35" (40)
17:36:51  [AT] "SEND OK" (7)
17:36:52  [TX] S,1748,0110000010,0000000000,2124,P1,3C
17:36:52  [SLOT] n=1770 tx=39 ack=0 due=0 r=1
17:36:52  [AT] "AT+CIPSEND=40" (13)
17:36:52  [AT] " S,1748,0110000010,0000000000,2124,P1,3C" (40)
17:36:52  [AT] "SEND OK" (7)
17:36:53  [TX] S,1749,0110000010,0000000000,2125,P1,3C
17:36:53  [SLOT] n=1771 tx=39 ack=0 due=0 r=1
17:36:53  [AT] "AT+CIPSEND=40" (13)
17:36:53  [AT] " S,1749,0110000010,0000000000,2125,P1,3C" (40)
17:36:53  [AT] "SEND OK" (7)
17:36:54  [TX] S,1750,0110000010,0000000000,2126,P1,37
17:36:54  [SLOT] n=1772 tx=39 ack=0 due=0 r=1
17:36:54  [AT] "AT+CIPSEND=40" (13)
17:36:55  [AT] " S,1750,0110000010,0000000000,2126,P1,37" (40)
17:36:55  [AT] "SEND OK" (7)
17:36:56  [TX] S,1751,0110000010,0000000000,2127,P1,37
17:36:56  [SLOT] n=1773 tx=39 ack=0 due=0 r=1
17:36:56  [AT] "AT+CIPSEND=40" (13)
17:36:56  [AT] " S,1751,0110000010,0000000000,2127,P1,37" (40)
17:36:56  [AT] "SEND OK" (7)
17:36:57  [TX] S,1752,0110000010,0000000000,2128,P1,3B
17:36:57  [SLOT] n=1774 tx=39 ack=0 due=0 r=1
17:36:57  [AT] "AT+CIPSEND=40" (13)
17:36:57  [AT] " S,1752,0110000010,0000000000,2128,P1,3B" (40)
17:36:57  [AT] "SEND OK" (7)
17:36:58  [TX] S,1753,0110000010,0000000000,2130,P1,33
17:36:58  [SLOT] n=1775 tx=39 ack=0 due=0 r=1
17:36:58  [AT] "AT+CIPSEND=40" (13)
17:36:59  [TX-WAIT] 앞 전송의 SEND OK 를 아직 못 봤다 — 이번 주기는 건너뛴다
17:36:59  [SLOT] n=1776 tx=39 ack=0 due=0 r=0
17:37:00  [TX-WAIT] ★ T1 초과 — 그래도 계속 기다린다(두들기지 않는다)
17:37:00  [TX-WAIT] 앞 전송의 SEND OK 를 아직 못 봤다 — 이번 주기는 건너뛴다
17:37:00  [SLOT] n=1777 tx=39 ack=0 due=0 r=0
17:37:00  [AT] " S,1753,0110000010,0000000000,2130,P1,33" (40)
17:37:00  [AT] "SEND OK" (7)
17:37:02  [TX] S,1754,0110000010,0000000000,2133,P1,37
17:37:02  [SLOT] n=1778 tx=39 ack=0 due=0 r=1
17:37:02  [AT] "AT+CIPSEND=40" (13)
17:37:02  [AT] " S,1754,0110000010,0000000000,2133,P1,37" (40)
17:37:02  [AT] "SEND OK" (7)
17:37:03  [TX] S,1755,0110000010,0000000000,2134,P1,31
17:37:03  [SLOT] n=1779 tx=39 ack=0 due=0 r=1
17:37:03  [AT] "AT+CIPSEND=40" (13)
17:37:03  [AT] " S,1755,0110000010,0000000000,2134,P1,31" (40)
17:37:03  [AT] "SEND OK" (7)
17:37:04  [TX] S,1756,0110000010,0000000000,2136,P1,30
17:37:04  [SLOT] n=1780 tx=39 ack=0 due=0 r=1
17:37:04  [AT] "AT+CIPSEND=40" (13)
17:37:04  [AT] " S,1756,0110000010,0000000000,2136,P1,30" (40)
17:37:04  [AT] "SEND OK" (7)
17:37:05  [TX] S,1757,0110000010,0000000000,2137,P1,30
17:37:05  [SLOT] n=1781 tx=39 ack=0 due=0 r=1
17:37:05  [AT] "AT+CIPSEND=40" (13)
17:37:05  [AT] " S,1757,0110000010,0000000000,2137,P1,30" (40)
17:37:05  [AT] "SEND OK" (7)
17:37:06  [TX] S,1758,0110000010,0000000000,2138,P1,30
17:37:06  [SLOT] n=1782 tx=39 ack=0 due=0 r=1
17:37:06  [AT] "AT+CIPSEND=40" (13)
17:37:06  [AT] " S,1758,0110000010,0000000000,2138,P1,30" (40)
17:37:06  [AT] "SEND OK" (7)
17:37:08  [TX] S,1759,0110000010,0000000000,2139,P1,30
17:37:08  [SLOT] n=1783 tx=39 ack=0 due=0 r=1
17:37:08  [AT] "AT+CIPSEND=40" (13)
17:37:08  [AT] " S,1759,0110000010,0000000000,2139,P1,30" (40)
17:37:08  [AT] "SEND OK" (7)
17:37:09  [TX] S,1760,0110000010,0000000000,2140,P1,34
17:37:09  [SLOT] n=1784 tx=39 ack=0 due=0 r=1
17:37:09  [AT] "AT+CIPSEND=40" (13)
17:37:09  [AT] " S,1760,0110000010,0000000000,2140,P1,34" (40)
17:37:09  [AT] "SEND OK" (7)
17:37:10  [TX] S,1761,0110000010,0000000000,2142,P1,37
17:37:10  [SLOT] n=1785 tx=39 ack=0 due=0 r=1
17:37:10  [AT] "AT+CIPSEND=40" (13)
17:37:10  [AT] " S,1761,0110000010,0000000000,2142,P1,37" (40)
17:37:10  [AT] "SEND OK" (7)
17:37:11  [TX] S,1762,0110000010,0000000000,2143,P1,35
17:37:11  [SLOT] n=1786 tx=39 ack=0 due=0 r=1
17:37:11  [AT] "AT+CIPSEND=40" (13)
17:37:11  [AT] " S,1762,0110000010,0000000000,2143,P1,35" (40)
17:37:11  [AT] "SEND OK" (7)
17:37:12  [TX] S,1763,0110000010,0000000000,2144,P1,33
17:37:12  [SLOT] n=1787 tx=39 ack=0 due=0 r=1
17:37:12  [AT] "AT+CIPSEND=40" (13)
17:37:12  [AT] " S,1763,0110000010,0000000000,2144,P1,33" (40)
17:37:12  [AT] "SEND OK" (7)
17:37:14  [TX] S,1764,0110000010,0000000000,2145,P1,35
17:37:14  [SLOT] n=1788 tx=39 ack=0 due=0 r=1
17:37:14  [AT] "AT+CIPSEND=40" (13)
17:37:14  [AT] " S,1764,0110000010,0000000000,2145,P1,35" (40)
17:37:14  [AT] "SEND OK" (7)
17:37:15  [TX] S,1765,0110000010,0000000000,2146,P1,37
17:37:15  [SLOT] n=1789 tx=39 ack=0 due=0 r=1
17:37:15  [AT] "AT+CIPSEND=40" (13)
17:37:15  [AT] " S,1765,0110000010,0000000000,2146,P1,37" (40)
17:37:15  [AT] "SEND OK" (7)
17:37:16  [TX] S,1766,0110000010,0000000000,2148,P1,3A
17:37:16  [SLOT] n=1790 tx=39 ack=0 due=0 r=1
17:37:16  [AT] "AT+CIPSEND=40" (13)
17:37:16  [AT] " S,1766,0110000010,0000000000,2148,P1,3A" (40)
17:37:16  [AT] "SEND OK" (7)
17:37:17  [TX] S,1767,0110000010,0000000000,2149,P1,3A
17:37:17  [SLOT] n=1791 tx=39 ack=0 due=0 r=1
17:37:17  [AT] "AT+CIPSEND=40" (13)
17:37:17  [AT] " S,1767,0110000010,0000000000,2149,P1,3A" (40)
17:37:17  [AT] "SEND OK" (7)
17:37:18  [TX] S,1768,0110000010,0000000000,2150,P1,3D
17:37:18  [SLOT] n=1792 tx=39 ack=0 due=0 r=1
17:37:18  [AT] "AT+CIPSEND=40" (13)
17:37:18  [AT] " S,1768,0110000010,0000000000,2150,P1,3D" (40)
17:37:18  [AT] "SEND OK" (7)
17:37:19  [TX] S,1769,0110000010,0000000000,2151,P1,3D
17:37:20  [SLOT] n=1793 tx=39 ack=0 due=0 r=1
17:37:20  [AT] "AT+CIPSEND=40" (13)
17:37:20  [AT] " S,1769,0110000010,0000000000,2151,P1,3D" (40)
17:37:20  [AT] "SEND OK" (7)
17:37:21  [TX] S,1770,0110000010,0000000000,2152,P1,36
17:37:21  [SLOT] n=1794 tx=39 ack=0 due=0 r=1
17:37:21  [AT] "AT+CIPSEND=40" (13)
17:37:21  [AT] " S,1770,0110000010,0000000000,2152,P1,36" (40)
17:37:21  [AT] "SEND OK" (7)
17:37:22  [TX] S,1771,0110000010,0000000000,2154,P1,31
17:37:22  [SLOT] n=1795 tx=39 ack=0 due=0 r=1
17:37:22  [AT] "AT+CIPSEND=40" (13)
17:37:22  [AT] " S,1771,0110000010,0000000000,2154,P1,31" (40)
17:37:22  [AT] "SEND OK" (7)
17:37:23  [TX] S,1772,0110000010,0000000000,2155,P1,33
17:37:23  [SLOT] n=1796 tx=39 ack=0 due=0 r=1
17:37:23  [AT] "AT+CIPSEND=40" (13)
17:37:23  [AT] " S,1772,0110000010,0000000000,2155,P1,33" (40)
17:37:23  [AT] "SEND OK" (7)
17:37:24  [TX] S,1773,0110000010,0000000000,2156,P1,31
17:37:24  [SLOT] n=1797 tx=39 ack=0 due=0 r=1
17:37:24  [AT] "AT+CIPSEND=40" (13)
17:37:24  [AT] " S,1773,0110000010,0000000000,2156,P1,31" (40)
17:37:24  [AT] "SEND OK" (7)
17:37:25  [TX] S,1774,0110000010,0000000000,2157,P1,37
17:37:25  [SLOT] n=1798 tx=39 ack=0 due=0 r=1
17:37:25  [AT] "AT+CIPSEND=40" (13)
17:37:26  [AT] " S,1774,0110000010,0000000000,2157,P1,37" (40)
17:37:26  [AT] "SEND OK" (7)
17:37:27  [TX] S,1775,0110000010,0000000000,2158,P1,39
17:37:27  [SLOT] n=1799 tx=39 ack=0 due=0 r=1
17:37:27  [AT] "AT+CIPSEND=40" (13)
17:37:27  [AT] " S,1775,0110000010,0000000000,2158,P1,39" (40)
17:37:27  [AT] "SEND OK" (7)
17:37:28  [TX] S,1776,0110000010,0000000000,2160,P1,31
17:37:28  [SLOT] n=1800 tx=39 ack=0 due=0 r=1
17:37:28  [CNT] up=2160 drop=1 esprst=2 resync=3 sendfail=0 okto=1 stuck=0 ackq=0 ackdrop=0 ackstale=0 slot=1800 oow=1015 smiss=2 ssovf=82 cksumng=85 okstream=1776 penddrop=9 skip=2 online=1
17:37:28  [RAM] 최저 여유 627 B · 프롬프트 재동기 3회 (서버의 '버린줄' 과 맞아야 한다)
17:37:28  [AT] " S,1776,0110000010,0000000000,2160,P1,31" (40)
17:37:28  [AT] "SEND OK" (7)
17:37:28  [AT] "AT+CIPSEND=40" (13)
17:37:29  [TX] S,1777,0110000010,0000000000,2161,P1,31
17:37:29  [SLOT] n=1801 tx=39 ack=0 due=0 r=1
17:37:29  [AT] "AT+CIPSEND=40" (13)
17:37:29  [AT] " S,1777,0110000010,0000000000,2161,P1,31" (40)
17:37:29  [AT] "SEND OK" (7)
17:37:30  [TX] S,1778,0110000010,0000000000,2162,P1,3D
17:37:30  [SLOT] n=1802 tx=39 ack=0 due=0 r=1
17:37:30  [AT] "AT+CIPSEND=40" (13)
17:37:30  [AT] " S,1778,0110000010,0000000000,2162,P1,3D" (40)
17:37:30  [AT] "SEND OK" (7)
17:37:31  [TX] S,1779,0110000010,0000000000,2163,P1,3D
17:37:31  [SLOT] n=1803 tx=39 ack=0 due=0 r=1
17:37:31  [AT] "AT+CIPSEND=40" (13)
17:37:32  [AT] " S,1779,0110000010,0000000000,2163,P1,3D" (40)
17:37:32  [AT] "SEND OK" (7)
17:37:33  [TX] S,1780,0110000010,0000000000,2164,P1,3C
17:37:33  [SLOT] n=1804 tx=39 ack=0 due=0 r=1
17:37:33  [AT] "AT+CIPSEND=40" (13)
17:37:33  [AT] " S,1780,0110000010,0000000000,2164,P1,3C" (40)
17:37:33  [AT] "SEND OK" (7)
17:37:34  [TX] S,1781,0110000010,0000000000,2166,P1,3F
17:37:34  [SLOT] n=1805 tx=39 ack=0 due=0 r=1
17:37:34  [AT] "AT+CIPSEND=40" (13)
17:37:34  [AT] " S,1781,0110000010,0000000000,2166,P1,3F" (40)
17:37:34  [AT] "SEND OK" (7)
17:37:35  [TX] S,1782,0110000010,0000000000,2167,P1,3D
17:37:35  [SLOT] n=1806 tx=39 ack=0 due=0 r=1
17:37:35  [AT] "AT+CIPSEND=40" (13)
17:37:35  [AT] " S,1782,0110000010,0000000000,2167,P1,3D" (40)
17:37:35  [AT] "SEND OK" (7)
17:37:36  [TX] S,1783,0110000010,0000000000,2168,P1,33
17:37:36  [SLOT] n=1807 tx=39 ack=0 due=0 r=1
17:37:36  [AT] "AT+CIPSEND=40" (13)
17:37:36  [AT] " S,1783,0110000010,0000000000,2168,P1,33" (40)
17:37:36  [AT] "SEND OK" (7)
17:37:37  [TX] S,1784,0110000010,0000000000,2169,P1,35
17:37:37  [SLOT] n=1808 tx=39 ack=0 due=0 r=1
17:37:37  [AT] "AT+CIPSEND=40" (13)
17:37:37  [AT] " S,1784,0110000010,0000000000,2169,P1,35" (40)
17:37:37  [AT] "SEND OK" (7)
17:37:39  [TX] S,1785,0110000010,0000000000,2170,P1,3C
17:37:39  [SLOT] n=1809 tx=39 ack=0 due=0 r=1
17:37:39  [AT] "AT+CIPSEND=40" (13)
17:37:39  [AT] " S,1785,0110000010,0000000000,2170,P1,3C" (40)
17:37:39  [AT] "SEND OK" (7)
17:37:40  [TX] S,1786,0110000010,0000000000,2172,P1,3D
17:37:40  [SLOT] n=1810 tx=39 ack=0 due=0 r=1
17:37:40  [AT] "AT+CIPSEND=40" (13)
17:37:40  [AT] " S,1786,0110000010,0000000000,2172,P1,3D" (40)
17:37:40  [AT] "SEND OK" (7)
17:37:41  [TX] S,1787,0110000010,0000000000,2173,P1,3D
17:37:41  [SLOT] n=1811 tx=39 ack=0 due=0 r=1
17:37:41  [AT] "AT+CIPSEND=40" (13)
17:37:41  [AT] " S,1787,0110000010,0000000000,2173,P1,3D" (40)
17:37:41  [AT] "SEND OK" (7)
17:37:42  [TX] S,1788,0110000010,0000000000,2174,P1,35
17:37:42  [SLOT] n=1812 tx=39 ack=0 due=0 r=1
17:37:42  [AT] "AT+CIPSEND=40" (13)
17:37:42  [AT] " S,1788,0110000010,0000000000,2174,P1,35" (40)
17:37:42  [AT] "SEND OK" (7)
17:37:43  [TX] S,1789,0110000010,0000000000,2175,P1,35
17:37:43  [SLOT] n=1813 tx=39 ack=0 due=0 r=1
17:37:43  [AT] "AT+CIPSEND=40" (13)
17:37:43  [AT] " S,1789,0110000010,0000000000,2175,P1,35" (40)
17:37:43  [AT] "SEND OK" (7)
17:37:45  [TX] S,1790,0110000010,0000000000,2176,P1,3E
17:37:45  [SLOT] n=1814 tx=39 ack=0 due=0 r=1
17:37:45  [AT] "AT+CIPSEND=40" (13)
17:37:45  [AT] " S,1790,0110000010,0000000000,2176,P1,3E" (40)
17:37:45  [AT] "SEND OK" (7)
17:37:46  [TX] S,1791,0110000010,0000000000,2178,P1,31
17:37:46  [SLOT] n=1815 tx=39 ack=0 due=0 r=1
17:37:46  [AT] "AT+CIPSEND=40" (13)
17:37:46  [AT] " S,1791,0110000010,0000000000,2178,P1,31" (40)
17:37:46  [AT] "SEND OK" (7)
17:37:47  [TX] S,1792,0110000010,0000000000,2179,P1,33
17:37:47  [SLOT] n=1816 tx=39 ack=0 due=0 r=1
17:37:47  [AT] "AT+CIPSEND=40" (13)
17:37:47  [AT] " S,1792,0110000010,0000000000,2179,P1,33" (40)
17:37:47  [AT] "SEND OK" (7)
17:37:48  [TX] S,1793,0110000010,0000000000,2180,P1,34
17:37:48  [SLOT] n=1817 tx=39 ack=0 due=0 r=1
17:37:48  [AT] "AT+CIPSEND=40" (13)
17:37:48  [AT] " S,1793,0110000010,0000000000,2180,P1,34" (40)
17:37:48  [AT] "SEND OK" (7)
17:37:49  [TX] S,1794,0110000010,0000000000,2181,P1,32
17:37:49  [SLOT] n=1818 tx=39 ack=0 due=0 r=1
17:37:49  [AT] "AT+CIPSEND=40" (13)
17:37:49  [AT] " S,1794,0110000010,0000000000,2181,P1,32" (40)
17:37:49  [AT] "SEND OK" (7)
17:37:51  [TX] S,1795,0110000010,0000000000,2182,P1,30
17:37:51  [SLOT] n=1819 tx=39 ack=0 due=0 r=1
17:37:51  [AT] "AT+CIPSEND=40" (13)
17:37:51  [AT] " S,1795,0110000010,0000000000,2182,P1,30" (40)
17:37:51  [AT] "SEND OK" (7)
17:37:52  [TX] S,1796,0110000010,0000000000,2184,P1,35
17:37:52  [SLOT] n=1820 tx=39 ack=0 due=0 r=1
17:37:52  [AT] "AT+CIPSEND=40" (13)
17:37:52  [AT] " S,1796,0110000010,0000000000,2184,P1,35" (40)
17:37:52  [AT] "SEND OK" (7)
17:37:53  [TX] S,1797,0110000010,0000000000,2185,P1,35
17:37:53  [SLOT] n=1821 tx=39 ack=0 due=0 r=1
17:37:53  [AT] "AT+CIPSEND=40" (13)
17:37:53  [AT] " S,1797,0110000010,0000000000,2185,P1,35" (40)
17:37:53  [AT] "SEND OK" (7)
17:37:54  [TX] S,1798,0110000010,0000000000,2186,P1,39
17:37:54  [SLOT] n=1822 tx=39 ack=0 due=0 r=1
17:37:54  [AT] "AT+CIPSEND=40" (13)
17:37:54  [AT] " S,1798,0110000010,0000000000,2186,P1,39" (40)
17:37:54  [AT] "SEND OK" (7)
17:37:55  [TX] S,1799,0110000010,0000000000,2187,P1,39
17:37:55  [SLOT] n=1823 tx=39 ack=0 due=0 r=1
17:37:55  [AT] "AT+CIPSEND=40" (13)
17:37:55  [AT] " S,1799,0110000010,0000000000,2187,P1,39" (40)
17:37:55  [AT] "SEND OK" (7)
17:37:57  [TX] S,1800,0110000010,0000000000,2188,P1,39
17:37:57  [SLOT] n=1824 tx=39 ack=0 due=0 r=1
17:37:57  [AT] "AT+CIPSEND=40" (13)
17:37:57  [AT] " S,1800,0110000010,0000000000,2188,P1,39" (40)
17:37:57  [AT] "SEND OK" (7)
17:37:58  [TX] S,1801,0110000010,0000000000,2190,P1,31
17:37:58  [SLOT] n=1825 tx=39 ack=0 due=0 r=1
17:37:58  [AT] "AT+CIPSEND=40" (13)
17:37:58  [AT] " S,1801,0110000010,0000000000,2190,P1,31" (40)
17:37:58  [AT] "SEND OK" (7)
17:37:59  [TX] S,1802,0110000010,0000000000,2191,P1,33
17:37:59  [SLOT] n=1826 tx=39 ack=0 due=0 r=1
17:37:59  [AT] "AT+CIPSEND=40" (13)
17:37:59  [AT] " S,1802,0110000010,0000000000,2191,P1,33" (40)
17:37:59  [AT] "SEND OK" (7)
17:38:00  [TX] S,1803,0110000010,0000000000,2192,P1,31
17:38:00  [SLOT] n=1827 tx=39 ack=0 due=0 r=1
17:38:00  [AT] "AT+CIPSEND=40" (13)
17:38:00  [AT] " S,1803,0110000010,0000000000,2192,P1,31" (40)
17:38:00  [AT] "SEND OK" (7)
17:38:01  [TX] S,1804,0110000010,0000000000,2193,P1,37
17:38:01  [SLOT] n=1828 tx=39 ack=0 due=0 r=1
17:38:01  [AT] "AT+CIPSEND=40" (13)
17:38:02  [AT] " S,1804,0110000010,0000000000,2193,P1,37" (40)
17:38:02  [AT] "SEND OK" (7)
17:38:02  [TX] S,1805,0110000010,0000000000,2194,P1,31
17:38:02  [SLOT] n=1829 tx=39 ack=0 due=0 r=1
17:38:03  [AT] "AT+CIPSEND=40" (13)
17:38:03  [AT] " S,1805,0110000010,0000000000,2194,P1,31" (40)
17:38:03  [AT] "SEND OK" (7)
17:38:04  [TX] S,1806,0110000010,0000000000,2196,P1,30
17:38:04  [SLOT] n=1830 tx=39 ack=0 due=0 r=1
17:38:04  [AT] "AT+CIPSEND=40" (13)
17:38:04  [AT] " S,1806,0110000010,0000000000,2196,P1,30" (40)
17:38:04  [AT] "SEND OK" (7)
17:38:05  [TX] S,1807,0110000010,0000000000,2197,P1,30
17:38:05  [SLOT] n=1831 tx=39 ack=0 due=0 r=1
17:38:05  [AT] "AT+CIPSEND=40" (13)
17:38:05  [AT] " S,1807,0110000010,0000000000,2197,P1,30" (40)
17:38:05  [AT] "SEND OK" (7)
17:38:06  [TX] S,1808,0110000010,0000000000,2198,P1,30
17:38:06  [SLOT] n=1832 tx=39 ack=0 due=0 r=1
17:38:06  [AT] "AT+CIPSEND=40" (13)
17:38:06  [AT] " S,1808,0110000010,0000000000,2198,P1,30" (40)
17:38:06  [AT] "SEND OK" (7)
17:38:07  [TX] S,1809,0110000010,0000000000,2199,P1,30
17:38:07  [SLOT] n=1833 tx=39 ack=0 due=0 r=1
17:38:07  [AT] "AT+CIPSEND=40" (13)
17:38:07  [AT] " S,1809,0110000010,0000000000,2199,P1,30" (40)
17:38:07  [AT] "SEND OK" (7)
17:38:08  [TX] S,1810,0110000010,0000000000,2200,P1,3B
17:38:08  [SLOT] n=1834 tx=39 ack=0 due=0 r=1
17:38:08  [AT] "AT+CIPSEND=40" (13)
17:38:09  [AT] " S,1810,0110000010,0000000000,2200,P1,3B" (40)
17:38:09  [AT] "SEND OK" (7)
17:38:10  [TX] S,1811,0110000010,0000000000,2202,P1,38
17:38:10  [SLOT] n=1835 tx=39 ack=0 due=0 r=1
17:38:10  [AT] "AT+CIPSEND=40" (13)
17:38:10  [AT] " S,1811,0110000010,0000000000,2202,P1,38" (40)
17:38:10  [AT] "SEND OK" (7)
17:38:11  [TX] S,1812,0110000010,0000000000,2203,P1,3A
17:38:11  [SLOT] n=1836 tx=39 ack=0 due=0 r=1
17:38:11  [AT] "AT+CIPSEND=40" (13)
17:38:11  [AT] " S,1812,0110000010,0000000000,2203,P1,3A" (40)
17:38:11  [AT] "SEND OK" (7)
17:38:12  [TX] S,1813,0110000010,0000000000,2204,P1,3C
17:38:12  [SLOT] n=1837 tx=39 ack=0 due=0 r=1
17:38:12  [AT] "AT+CIPSEND=40" (13)
17:38:12  [AT] " S,1813,0110000010,0000000000,2204,P1,3C" (40)
17:38:12  [AT] "SEND OK" (7)
17:38:13  [TX] S,1814,0110000010,0000000000,2205,P1,3A
17:38:13  [SLOT] n=1838 tx=39 ack=0 due=0 r=1
17:38:13  [AT] "AT+CIPSEND=40" (13)
17:38:13  [AT] " S,1814,0110000010,0000000000,2205,P1,3A" (40)
17:38:13  [AT] "SEND OK" (7)
17:38:14  [TX] S,1815,0110000010,0000000000,2206,P1,38
17:38:14  [SLOT] n=1839 tx=39 ack=0 due=0 r=1
17:38:14  [AT] "AT+CIPSEND=40" (13)
17:38:15  [AT] " S,1815,0110000010,0000000000,2206,P1,38" (40)
17:38:15  [AT] "SEND OK" (7)
17:38:16  [TX] S,1816,0110000010,0000000000,2208,P1,35
17:38:16  [SLOT] n=1840 tx=39 ack=0 due=0 r=1
17:38:16  [AT] "AT+CIPSEND=40" (13)
17:38:16  [AT] " S,1816,0110000010,0000000000,2208,P1,35" (40)
17:38:16  [AT] "SEND OK" (7)
17:38:17  [TX] S,1817,0110000010,0000000000,2209,P1,35
17:38:17  [SLOT] n=1841 tx=39 ack=0 due=0 r=1
17:38:17  [AT] "AT+CIPSEND=40" (13)
17:38:17  [AT] " S,1817,0110000010,0000000000,2209,P1,35" (40)
17:38:17  [AT] "SEND OK" (7)
17:38:18  [TX] S,1818,0110000010,0000000000,2210,P1,32
17:38:18  [SLOT] n=1842 tx=39 ack=0 due=0 r=1
17:38:18  [AT] "AT+CIPSEND=40" (13)
17:38:18  [AT] " S,1818,0110000010,0000000000,2210,P1,32" (40)
17:38:18  [AT] "SEND OK" (7)
17:38:19  [TX] S,1819,0110000010,0000000000,2211,P1,32
17:38:19  [SLOT] n=1843 tx=39 ack=0 due=0 r=1
17:38:19  [AT] "AT+CIPSEND=40" (13)
17:38:19  [AT] " S,1819,0110000010,0000000000,2211,P1,32" (40)
17:38:19  [AT] "SEND OK" (7)
17:38:20  [TX] S,1820,0110000010,0000000000,2212,P1,3B
17:38:20  [SLOT] n=1844 tx=39 ack=0 due=0 r=1
17:38:20  [AT] "AT+CIPSEND=40" (13)
17:38:21  [AT] " S,1820,0110000010,0000000000,2212,P1,3B" (40)
17:38:21  [AT] "SEND OK" (7)
17:38:22  [TX] S,1821,0110000010,0000000000,2214,P1,3C
17:38:22  [SLOT] n=1845 tx=39 ack=0 due=0 r=1
17:38:22  [AT] "AT+CIPSEND=40" (13)
17:38:22  [AT] " S,1821,0110000010,0000000000,2214,P1,3C" (40)
17:38:22  [AT] "SEND OK" (7)
17:38:23  [TX] S,1822,0110000010,0000000000,2215,P1,3E
17:38:23  [SLOT] n=1846 tx=39 ack=0 due=0 r=1
17:38:23  [AT] "AT+CIPSEND=40" (13)
17:38:23  [AT] " S,1822,0110000010,0000000000,2215,P1,3E" (40)
17:38:23  [AT] "SEND OK" (7)
17:38:24  [TX] S,1823,0110000010,0000000000,2216,P1,3C
17:38:24  [SLOT] n=1847 tx=39 ack=0 due=0 r=1
17:38:24  [AT] "AT+CIPSEND=40" (13)
17:38:24  [AT] " S,1823,0110000010,0000000000,2216,P1,3C" (40)
17:38:24  [AT] "SEND OK" (7)
17:38:25  [TX] S,1824,0110000010,0000000000,2217,P1,3A
17:38:25  [SLOT] n=1848 tx=39 ack=0 due=0 r=1
17:38:25  [AT] "AT+CIPSEND=40" (13)
17:38:25  [AT] " S,1824,0110000010,0000000000,2217,P1,3A" (40)
17:38:25  [AT] "SEND OK" (7)
17:38:26  [TX] S,1825,0110000010,0000000000,2218,P1,34
17:38:26  [SLOT] n=1849 tx=39 ack=0 due=0 r=1
17:38:26  [AT] "AT+CIPSEND=40" (13)
17:38:26  [AT] " S,1825,0110000010,0000000000,2218,P1,34" (40)
17:38:26  [AT] "SEND OK" (7)
17:38:28  [TX] S,1826,0110000010,0000000000,2220,P1,3C
17:38:28  [SLOT] n=1850 tx=39 ack=0 due=0 r=1
17:38:28  [CNT] up=2220 drop=1 esprst=2 resync=3 sendfail=0 okto=1 stuck=0 ackq=0 ackdrop=0 ackstale=0 slot=1850 oow=1015 smiss=2 ssovf=82 cksumng=85 okstream=1826 penddrop=9 skip=2 online=1
17:38:28  [RAM] 최저 여유 627 B · 프롬프트 재동기 3회 (서버의 '버린줄' 과 맞아야 한다)
17:38:28  [AT] "AT+CIPSEND=40" (13)
17:38:28  [AT] " S,1826,0110000010,0000000000,2220,P1,3C" (40)
17:38:28  [AT] "SEND OK" (7)
17:38:29  [TX] S,1827,0110000010,0000000000,2221,P1,3C
17:38:29  [SLOT] n=1851 tx=39 ack=0 due=0 r=1
17:38:29  [AT] "AT+CIPSEND=40" (13)
17:38:29  [AT] " S,1827,0110000010,0000000000,2221,P1,3C" (40)
17:38:29  [AT] "SEND OK" (7)
17:38:30  [TX] S,1828,0110000010,0000000000,2222,P1,30
17:38:30  [SLOT] n=1852 tx=39 ack=0 due=0 r=1
17:38:30  [AT] "AT+CIPSEND=40" (13)
17:38:30  [AT] " S,1828,0110000010,0000000000,2222,P1,30" (40)
17:38:30  [AT] "SEND OK" (7)
17:38:31  [TX] S,1829,0110000010,0000000000,2223,P1,30
17:38:31  [SLOT] n=1853 tx=39 ack=0 due=0 r=1
17:38:31  [AT] "AT+CIPSEND=40" (13)
17:38:31  [AT] " S,1829,0110000010,0000000000,2223,P1,30" (40)
17:38:31  [AT] "SEND OK" (7)
17:38:32  [TX] S,1830,0110000010,0000000000,2224,P1,3F
17:38:32  [SLOT] n=1854 tx=39 ack=0 due=0 r=1
17:38:32  [AT] "AT+CIPSEND=40" (13)
17:38:32  [AT] " S,1830,0110000010,0000000000,2224,P1,3F" (40)
17:38:32  [AT] "SEND OK" (7)
17:38:34  [TX] S,1831,0110000010,0000000000,2226,P1,3C
17:38:34  [SLOT] n=1855 tx=39 ack=0 due=0 r=1
17:38:34  [AT] "AT+CIPSEND=40" (13)
17:38:34  [AT] " S,1831,0110000010,0000000000,2226,P1,3C" (40)
17:38:34  [AT] "SEND OK" (7)
17:38:35  [TX] S,1832,0110000010,0000000000,2227,P1,3E
17:38:35  [SLOT] n=1856 tx=39 ack=0 due=0 r=1
17:38:35  [AT] "AT+CIPSEND=40" (13)
17:38:35  [AT] " S,1832,0110000010,0000000000,2227,P1,3E" (40)
17:38:35  [AT] "SEND OK" (7)
17:38:36  [TX] S,1833,0110000010,0000000000,2228,P1,30
17:38:36  [SLOT] n=1857 tx=39 ack=0 due=0 r=1
17:38:36  [AT] "AT+CIPSEND=40" (13)
17:38:36  [AT] " S,1833,0110000010,0000000000,2228,P1,30" (40)
17:38:36  [AT] "SEND OK" (7)
17:38:37  [TX] S,1834,0110000010,0000000000,2229,P1,36
17:38:37  [SLOT] n=1858 tx=39 ack=0 due=0 r=1
17:38:37  [AT] "AT+CIPSEND=40" (13)
17:38:37  [AT] " S,1834,0110000010,0000000000,2229,P1,36" (40)
17:38:37  [AT] "SEND OK" (7)
17:38:38  [TX] S,1835,0110000010,0000000000,2230,P1,3F
17:38:38  [SLOT] n=1859 tx=39 ack=0 due=0 r=1
17:38:38  [AT] "AT+CIPSEND=40" (13)
17:38:38  [AT] " S,1835,0110000010,0000000000,2230,P1,3F" (40)
17:38:38  [AT] "SEND OK" (7)
17:38:39  [TX] S,1836,0110000010,0000000000,2232,P1,3E
17:38:39  [SLOT] n=1860 tx=39 ack=0 due=0 r=1
17:38:39  [AT] "AT+CIPSEND=40" (13)
17:38:40  [AT] " S,1836,0110000010,0000000000,2232,P1,3E" (40)
17:38:40  [AT] "SEND OK" (7)
17:38:41  [TX] S,1837,0110000010,0000000000,2233,P1,3E
17:38:41  [SLOT] n=1861 tx=39 ack=0 due=0 r=1
17:38:41  [AT] "AT+CIPSEND=40" (13)
17:38:41  [AT] " S,1837,0110000010,0000000000,2233,P1,3E" (40)
17:38:41  [AT] "SEND OK" (7)
17:38:42  [TX] S,1838,0110000010,0000000000,2234,P1,36
17:38:42  [SLOT] n=1862 tx=39 ack=0 due=0 r=1
17:38:42  [AT] "AT+CIPSEND=40" (13)
17:38:42  [AT] " S,1838,0110000010,0000000000,2234,P1,36" (40)
17:38:42  [AT] "SEND OK" (7)
17:38:43  [TX] S,1839,0110000010,0000000000,2235,P1,36
17:38:43  [SLOT] n=1863 tx=39 ack=0 due=0 r=1
17:38:43  [AT] "AT+CIPSEND=40" (13)
17:38:43  [AT] " S,1839,0110000010,0000000000,2235,P1,36" (40)
17:38:43  [AT] "SEND OK" (7)
17:38:44  [TX] S,1840,0110000010,0000000000,2236,P1,3B
17:38:44  [SLOT] n=1864 tx=39 ack=0 due=0 r=1
17:38:44  [AT] "AT+CIPSEND=40" (13)
17:38:44  [AT] " S,1840,0110000010,0000000000,2236,P1,3B" (40)
17:38:44  [AT] "SEND OK" (7)
17:38:45  [TX] S,1841,0110000010,0000000000,2238,P1,34
17:38:45  [SLOT] n=1865 tx=39 ack=0 due=0 r=1
17:38:45  [AT] "AT+CIPSEND=40" (13)
17:38:45  [AT] " S,1841,0110000010,0000000000,2238,P1,34" (40)
17:38:45  [AT] "SEND OK" (7)
17:38:47  [TX] S,1842,0110000010,0000000000,2239,P1,36
17:38:47  [SLOT] n=1866 tx=39 ack=0 due=0 r=1
17:38:47  [AT] "AT+CIPSEND=40" (13)
17:38:47  [AT] " S,1842,0110000010,0000000000,2239,P1,36" (40)
17:38:47  [AT] "SEND OK" (7)
17:38:48  [TX] S,1843,0110000010,0000000000,2240,P1,39
17:38:48  [SLOT] n=1867 tx=39 ack=0 due=0 r=1
17:38:48  [AT] "AT+CIPSEND=40" (13)
17:38:48  [AT] " S,1843,0110000010,0000000000,2240,P1,39" (40)
17:38:48  [AT] "SEND OK" (7)
17:38:50  [TX] S,1844,0110000010,0000000000,2241,P1,3F
17:38:50  [SLOT] n=1868 tx=39 ack=0 due=0 r=1
17:38:50  [AT] "AT+CIPSEND=40" (13)
17:38:50  [AT] " S,1844,0110000010,0000000000,2241,P1,3F" (40)
17:38:50  [AT] "SEND OK" (7)
17:38:51  [TX] S,1845,0110000010,0000000000,2242,P1,3D
17:38:51  [SLOT] n=1869 tx=39 ack=0 due=0 r=1
17:38:51  [AT] "AT+CIPSEND=40" (13)
17:38:51  [AT] " S,1845,0110000010,0000000000,2242,P1,3D" (40)
17:38:51  [AT] "SEND OK" (7)
17:38:52  [TX] S,1846,0110000010,0000000000,2244,P1,38
17:38:52  [SLOT] n=1870 tx=39 ack=0 due=0 r=1
17:38:52  [AT] "AT+CIPSEND=40" (13)
17:38:53  [AT] " S,1846,0110000010,0000000000,2244,P1,38" (40)
17:38:53  [AT] "SEND OK" (7)
17:38:54  [TX] S,1847,0110000010,0000000000,2245,P1,38
17:38:54  [SLOT] n=1871 tx=39 ack=0 due=0 r=1
17:38:54  [AT] "AT+CIPSEND=40" (13)
17:38:54  [AT] " S,1847,0110000010,0000000000,2245,P1,38" (40)
17:38:54  [AT] "SEND OK" (7)
17:38:55  [TX] S,1848,0110000010,0000000000,2246,P1,34
17:38:55  [SLOT] n=1872 tx=39 ack=0 due=0 r=1
17:38:55  [AT] "AT+CIPSEND=40" (13)
17:38:55  [AT] " S,1848,0110000010,0000000000,2246,P1,34" (40)
17:38:55  [AT] "SEND OK" (7)
17:38:56  [TX] S,1849,0110000010,0000000000,2247,P1,34
17:38:56  [SLOT] n=1873 tx=39 ack=0 due=0 r=1
17:38:56  [AT] "AT+CIPSEND=40" (13)
17:38:56  [AT] " S,1849,0110000010,0000000000,2247,P1,34" (40)
17:38:56  [AT] "SEND OK" (7)
17:38:57  [TX] S,1850,0110000010,0000000000,2248,P1,33
17:38:57  [SLOT] n=1874 tx=39 ack=0 due=0 r=1
17:38:57  [AT] "AT+CIPSEND=40" (13)
17:38:57  [AT] " S,1850,0110000010,0000000000,2248,P1,33" (40)
17:38:57  [AT] "SEND OK" (7)
17:38:58  [TX] S,1851,0110000010,0000000000,2250,P1,3B
17:38:58  [SLOT] n=1875 tx=39 ack=0 due=0 r=1
17:38:58  [AT] "AT+CIPSEND=40" (13)
17:38:59  [AT] " S,1851,0110000010,0000000000,2250,P1,3B" (40)
17:38:59  [AT] "SEND OK" (7)
17:39:00  [TX] S,1852,0110000010,0000000000,2251,P1,39
17:39:00  [SLOT] n=1876 tx=39 ack=0 due=0 r=1
17:39:00  [AT] "AT+CIPSEND=40" (13)
17:39:00  [AT] " S,1852,0110000010,0000000000,2251,P1,39" (40)
17:39:00  [AT] "SEND OK" (7)
17:39:01  [TX] S,1853,0110000010,0000000000,2252,P1,3B
17:39:01  [SLOT] n=1877 tx=39 ack=0 due=0 r=1
17:39:01  [AT] "AT+CIPSEND=40" (13)
17:39:01  [AT] " S,1853,0110000010,0000000000,2252,P1,3B" (40)
17:39:01  [AT] "SEND OK" (7)
17:39:02  [TX] S,1854,0110000010,0000000000,2253,P1,3D
17:39:02  [SLOT] n=1878 tx=39 ack=0 due=0 r=1
17:39:02  [AT] "AT+CIPSEND=40" (13)
17:39:02  [AT] " S,1854,0110000010,0000000000,2253,P1,3D" (40)
17:39:02  [AT] "SEND OK" (7)
17:39:03  [TX] S,1855,0110000010,0000000000,2254,P1,3B
17:39:03  [SLOT] n=1879 tx=39 ack=0 due=0 r=1
17:39:03  [AT] "AT+CIPSEND=40" (13)
17:39:03  [AT] " S,1855,0110000010,0000000000,2254,P1,3B" (40)
17:39:03  [AT] "SEND OK" (7)
17:39:04  [TX] S,1856,0110000010,0000000000,2256,P1,3A
17:39:04  [SLOT] n=1880 tx=39 ack=0 due=0 r=1
17:39:04  [AT] "AT+CIPSEND=40" (13)
17:39:05  [AT] " S,1856,0110000010,0000000000,2256,P1,3A" (40)
17:39:05  [AT] "SEND OK" (7)
17:39:06  [TX] S,1857,0110000010,0000000000,2257,P1,3A
17:39:06  [SLOT] n=1881 tx=39 ack=0 due=0 r=1
17:39:06  [AT] "AT+CIPSEND=40" (13)
17:39:06  [AT] " S,1857,0110000010,0000000000,2257,P1,3A" (40)
17:39:06  [AT] "SEND OK" (7)
17:39:07  [TX] S,1858,0110000010,0000000000,2258,P1,3A
17:39:07  [SLOT] n=1882 tx=39 ack=0 due=0 r=1
17:39:07  [AT] "AT+CIPSEND=40" (13)
17:39:07  [AT] " S,1858,0110000010,0000000000,2258,P1,3A" (40)
17:39:07  [AT] "SEND OK" (7)
17:39:08  [TX] S,1859,0110000010,0000000000,2259,P1,3A
17:39:08  [SLOT] n=1883 tx=39 ack=0 due=0 r=1
17:39:08  [AT] "AT+CIPSEND=40" (13)
17:39:08  [AT] " S,1859,0110000010,0000000000,2259,P1,3A" (40)
17:39:08  [AT] "SEND OK" (7)
17:39:09  [TX] S,1860,0110000010,0000000000,2260,P1,3A
17:39:09  [SLOT] n=1884 tx=39 ack=0 due=0 r=1
17:39:09  [AT] "AT+CIPSEND=40" (13)
17:39:09  [AT] " S,1860,0110000010,0000000000,2260,P1,3A" (40)
17:39:09  [AT] "SEND OK" (7)
17:39:10  [TX] S,1861,0110000010,0000000000,2262,P1,39
17:39:10  [SLOT] n=1885 tx=39 ack=0 due=0 r=1
17:39:10  [AT] "AT+CIPSEND=40" (13)
17:39:10  [AT] " S,1861,0110000010,0000000000,2262,P1,39" (40)
17:39:10  [AT] "SEND OK" (7)
17:39:12  [TX] S,1862,0110000010,0000000000,2263,P1,3B
17:39:12  [SLOT] n=1886 tx=39 ack=0 due=0 r=1
17:39:12  [AT] "AT+CIPSEND=40" (13)
17:39:12  [AT] " S,1862,0110000010,0000000000,2263,P1,3B" (40)
17:39:12  [AT] "SEND OK" (7)
17:39:13  [TX] S,1863,0110000010,0000000000,2264,P1,3D
17:39:13  [SLOT] n=1887 tx=39 ack=0 due=0 r=1
17:39:13  [AT] "AT+CIPSEND=40" (13)
17:39:13  [AT] " S,1863,0110000010,0000000000,2264,P1,3D" (40)
17:39:13  [AT] "SEND OK" (7)
17:39:14  [TX] S,1864,0110000010,0000000000,2265,P1,3B
17:39:14  [SLOT] n=1888 tx=39 ack=0 due=0 r=1
17:39:14  [AT] "AT+CIPSEND=40" (13)
17:39:14  [AT] " S,1864,0110000010,0000000000,2265,P1,3B" (40)
17:39:14  [AT] "SEND OK" (7)
17:39:15  [TX] S,1865,0110000010,0000000000,2266,P1,39
17:39:15  [SLOT] n=1889 tx=39 ack=0 due=0 r=1
17:39:15  [AT] "AT+CIPSEND=40" (13)
17:39:15  [AT] " S,1865,0110000010,0000000000,2266,P1,39" (40)
17:39:15  [AT] "SEND OK" (7)
17:39:16  [TX] S,1866,0110000010,0000000000,2268,P1,34
17:39:16  [SLOT] n=1890 tx=39 ack=0 due=0 r=1
17:39:16  [AT] "AT+CIPSEND=40" (13)
17:39:16  [AT] " S,1866,0110000010,0000000000,2268,P1,34" (40)
17:39:16  [AT] "SEND OK" (7)
17:39:18  [TX] S,1867,0110000010,0000000000,2269,P1,34
17:39:18  [SLOT] n=1891 tx=39 ack=0 due=0 r=1
17:39:18  [AT] "AT+CIPSEND=40" (13)
17:39:18  [AT] " S,1867,0110000010,0000000000,2269,P1,34" (40)
17:39:18  [AT] "SEND OK" (7)
17:39:19  [TX] S,1868,0110000010,0000000000,2270,P1,33
17:39:19  [SLOT] n=1892 tx=39 ack=0 due=0 r=1
17:39:19  [AT] "AT+CIPSEND=40" (13)
17:39:19  [AT] " S,1868,0110000010,0000000000,2270,P1,33" (40)
17:39:19  [AT] "SEND OK" (7)
17:39:20  [TX] S,1869,0110000010,0000000000,2271,P1,33
17:39:20  [SLOT] n=1893 tx=39 ack=0 due=0 r=1
17:39:20  [AT] "AT+CIPSEND=40" (13)
17:39:20  [AT] " S,1869,0110000010,0000000000,2271,P1,33" (40)
17:39:20  [AT] "SEND OK" (7)
17:39:21  [TX] S,1870,0110000010,0000000000,2272,P1,38
17:39:21  [SLOT] n=1894 tx=39 ack=0 due=0 r=1
17:39:21  [AT] "AT+CIPSEND=40" (13)
17:39:21  [AT] " S,1870,0110000010,0000000000,2272,P1,38" (40)
17:39:21  [AT] "SEND OK" (7)
17:39:22  [TX] S,1871,0110000010,0000000000,2274,P1,3F
17:39:22  [SLOT] n=1895 tx=39 ack=0 due=0 r=1
17:39:22  [AT] "AT+CIPSEND=40" (13)
17:39:22  [AT] " S,1871,0110000010,0000000000,2274,P1,3F" (40)
17:39:22  [AT] "SEND OK" (7)
17:39:24  [TX] S,1872,0110000010,0000000000,2275,P1,3D
17:39:24  [SLOT] n=1896 tx=39 ack=0 due=0 r=1
17:39:24  [AT] "AT+CIPSEND=40" (13)
17:39:24  [AT] " S,1872,0110000010,0000000000,2275,P1,3D" (40)
17:39:24  [AT] "SEND OK" (7)
17:39:25  [TX] S,1873,0110000010,0000000000,2276,P1,3F
17:39:25  [SLOT] n=1897 tx=39 ack=0 due=0 r=1
17:39:25  [AT] "AT+CIPSEND=40" (13)
17:39:25  [AT] " S,1873,0110000010,0000000000,2276,P1,3F" (40)
17:39:25  [AT] "SEND OK" (7)
17:39:26  [TX] S,1874,0110000010,0000000000,2277,P1,39
17:39:26  [SLOT] n=1898 tx=39 ack=0 due=0 r=1
17:39:26  [AT] "AT+CIPSEND=40" (13)
17:39:26  [AT] " S,1874,0110000010,0000000000,2277,P1,39" (40)
17:39:26  [AT] "SEND OK" (7)
17:39:27  [TX] S,1875,0110000010,0000000000,2278,P1,37
17:39:27  [SLOT] n=1899 tx=39 ack=0 due=0 r=1
17:39:27  [AT] "AT+CIPSEND=40" (13)
17:39:27  [AT] " S,1875,0110000010,0000000000,2278,P1,37" (40)
17:39:27  [AT] "SEND OK" (7)
17:39:28  [TX] S,1876,0110000010,0000000000,2280,P1,33
17:39:28  [SLOT] n=1900 tx=39 ack=0 due=0 r=1
17:39:28  [CNT] up=2280 drop=1 esprst=2 resync=3 sendfail=0 okto=1 stuck=0 ackq=0 ackdrop=0 ackstale=0 slot=1900 oow=1015 smiss=2 ssovf=82 cksumng=85 okstream=1876 penddrop=9 skip=2 online=1
17:39:28  [RAM] 최저 여유 627 B · 프롬프트 재동기 3회 (서버의 '버린줄' 과 맞아야 한다)
17:39:28  [AT] "AT+CIPSEND=40" (13)
17:39:28  [AT] " S,1876,0110000010,0000000000,2280,P1,33" (40)
17:39:28  [AT] "SEND OK" (7)
17:39:30  [TX] S,1877,0110000010,0000000000,2281,P1,33
17:39:30  [SLOT] n=1901 tx=39 ack=0 due=0 r=1
17:39:30  [AT] "AT+CIPSEND=40" (13)
17:39:30  [AT] " S,1877,0110000010,0000000000,2281,P1,33" (40)
17:39:30  [AT] "SEND OK" (7)
17:39:31  [TX] S,1878,0110000010,0000000000,2282,P1,3F
17:39:31  [SLOT] n=1902 tx=39 ack=0 due=0 r=1
17:39:31  [AT] "AT+CIPSEND=40" (13)
17:39:31  [AT] " S,1878,0110000010,0000000000,2282,P1,3F" (40)
17:39:31  [AT] "SEND OK" (7)
17:39:32  [TX] S,1879,0110000010,0000000000,2283,P1,3F
17:39:32  [SLOT] n=1903 tx=39 ack=0 due=0 r=1
17:39:32  [AT] "AT+CIPSEND=40" (13)
17:39:32  [AT] " S,1879,0110000010,0000000000,2283,P1,3F" (40)
17:39:32  [AT] "SEND OK" (7)
17:39:33  [TX] S,1880,0110000010,0000000000,2284,P1,3E
17:39:33  [SLOT] n=1904 tx=39 ack=0 due=0 r=1
17:39:33  [AT] "AT+CIPSEND=40" (13)
17:39:33  [AT] " S,1880,0110000010,0000000000,2284,P1,3E" (40)
17:39:33  [AT] "SEND OK" (7)
17:39:34  [TX] S,1881,0110000010,0000000000,2286,P1,3D
17:39:34  [SLOT] n=1905 tx=39 ack=0 due=0 r=1
17:39:34  [AT] "AT+CIPSEND=40" (13)
17:39:34  [AT] " S,1881,0110000010,0000000000,2286,P1,3D" (40)
17:39:34  [AT] "SEND OK" (7)
17:39:36  [TX] S,1882,0110000010,0000000000,2287,P1,3F
17:39:36  [SLOT] n=1906 tx=39 ack=0 due=0 r=1
17:39:36  [AT] "AT+CIPSEND=40" (13)
17:39:36  [AT] " S,1882,0110000010,0000000000,2287,P1,3F" (40)
17:39:36  [AT] "SEND OK" (7)
17:39:37  [TX] S,1883,0110000010,0000000000,2288,P1,31
17:39:37  [SLOT] n=1907 tx=39 ack=0 due=0 r=1
17:39:37  [AT] "AT+CIPSEND=40" (13)
17:39:37  [AT] " S,1883,0110000010,0000000000,2288,P1,31" (40)
17:39:37  [AT] "SEND OK" (7)
17:39:38  [TX] S,1884,0110000010,0000000000,2289,P1,37
17:39:38  [SLOT] n=1908 tx=39 ack=0 due=0 r=1
17:39:38  [AT] "AT+CIPSEND=40" (13)
17:39:38  [AT] " S,1884,0110000010,0000000000,2289,P1,37" (40)
17:39:38  [AT] "SEND OK" (7)
17:39:39  [TX] S,1885,0110000010,0000000000,2290,P1,3E
17:39:39  [SLOT] n=1909 tx=39 ack=0 due=0 r=1
17:39:39  [AT] "AT+CIPSEND=40" (13)
17:39:39  [AT] " S,1885,0110000010,0000000000,2290,P1,3E" (40)
17:39:39  [AT] "SEND OK" (7)
17:39:40  [TX] S,1886,0110000010,0000000000,2292,P1,3F
17:39:40  [SLOT] n=1910 tx=39 ack=0 due=0 r=1
17:39:40  [AT] "AT+CIPSEND=40" (13)
17:39:40  [AT] " S,1886,0110000010,0000000000,2292,P1,3F" (40)
17:39:40  [AT] "SEND OK" (7)
17:39:42  [TX] S,1887,0110000010,0000000000,2293,P1,3F
17:39:42  [SLOT] n=1911 tx=39 ack=0 due=0 r=1
17:39:42  [AT] "AT+CIPSEND=40" (13)
17:39:42  [AT] " S,1887,0110000010,0000000000,2293,P1,3F" (40)
17:39:42  [AT] "SEND OK" (7)
17:39:43  [TX] S,1888,0110000010,0000000000,2294,P1,37
17:39:43  [SLOT] n=1912 tx=39 ack=0 due=0 r=1
17:39:43  [AT] "AT+CIPSEND=40" (13)
17:39:43  [AT] " S,1888,0110000010,0000000000,2294,P1,37" (40)
17:39:43  [AT] "SEND OK" (7)
17:39:44  [TX] S,1889,0110000010,0000000000,2295,P1,37
17:39:44  [SLOT] n=1913 tx=39 ack=0 due=0 r=1
17:39:44  [AT] "AT+CIPSEND=40" (13)
17:39:44  [AT] " S,1889,0110000010,0000000000,2295,P1,37" (40)
17:39:44  [AT] "SEND OK" (7)
17:39:45  [TX] S,1890,0110000010,0000000000,2296,P1,3C
17:39:45  [SLOT] n=1914 tx=39 ack=0 due=0 r=1
17:39:45  [AT] "AT+CIPSEND=40" (13)
17:39:45  [AT] " S,1890,0110000010,0000000000,2296,P1,3C" (40)
17:39:45  [AT] "SEND OK" (7)
17:39:46  [TX] S,1891,0110000010,0000000000,2298,P1,33
17:39:46  [SLOT] n=1915 tx=39 ack=0 due=0 r=1
17:39:46  [AT] "AT+CIPSEND=40" (13)
17:39:46  [AT] " S,1891,0110000010,0000000000,2298,P1,33" (40)
17:39:46  [AT] "SEND OK" (7)
17:39:48  [TX] S,1892,0110000010,0000000000,2299,P1,31
17:39:48  [SLOT] n=1916 tx=39 ack=0 due=0 r=1
17:39:48  [AT] "AT+CIPSEND=40" (13)
17:39:48  [AT] " S,1892,0110000010,0000000000,2299,P1,31" (40)
17:39:48  [AT] "SEND OK" (7)
17:39:49  [TX] S,1893,0110000010,0000000000,2300,P1,31
17:39:49  [SLOT] n=1917 tx=39 ack=0 due=0 r=1
17:39:49  [AT] "AT+CIPSEND=40" (13)
17:39:49  [AT] " S,1893,0110000010,0000000000,2300,P1,31" (40)
17:39:49  [AT] "SEND OK" (7)
17:39:50  [TX] S,1894,0110000010,0000000000,2301,P1,37
17:39:50  [SLOT] n=1918 tx=39 ack=0 due=0 r=1
17:39:50  [AT] "AT+CIPSEND=40" (13)
17:39:50  [AT] " S,1894,0110000010,0000000000,2301,P1,37" (40)
17:39:50  [AT] "SEND OK" (7)
17:39:51  [TX] S,1895,0110000010,0000000000,2302,P1,35
17:39:51  [SLOT] n=1919 tx=39 ack=0 due=0 r=1
17:39:51  [AT] "AT+CIPSEND=40" (13)
17:39:51  [AT] " S,1895,0110000010,0000000000,2302,P1,35" (40)
17:39:51  [AT] "SEND OK" (7)
17:39:52  [TX] S,1896,0110000010,0000000000,2304,P1,30
17:39:52  [SLOT] n=1920 tx=39 ack=0 due=0 r=1
17:39:52  [AT] "AT+CIPSEND=40" (13)
17:39:52  [AT] " S,1896,0110000010,0000000000,2304,P1,30" (40)
17:39:52  [AT] "SEND OK" (7)
17:39:54  [TX] S,1897,0110000010,0000000000,2305,P1,30
17:39:54  [SLOT] n=1921 tx=39 ack=0 due=0 r=1
17:39:54  [AT] "AT+CIPSEND=40" (13)
17:39:54  [AT] " S,1897,0110000010,0000000000,2305,P1,30" (40)
17:39:54  [AT] "SEND OK" (7)
17:39:55  [TX] S,1898,0110000010,0000000000,2306,P1,3C
17:39:55  [SLOT] n=1922 tx=39 ack=0 due=0 r=1
17:39:55  [AT] "AT+CIPSEND=40" (13)
17:39:55  [AT] " S,1898,0110000010,0000000000,2306,P1,3C" (40)
17:39:55  [AT] "SEND OK" (7)
17:39:56  [TX] S,1899,0110000010,0000000000,2307,P1,3C
17:39:56  [SLOT] n=1923 tx=39 ack=0 due=0 r=1
17:39:56  [AT] "AT+CIPSEND=40" (13)
17:39:56  [AT] " S,1899,0110000010,0000000000,2307,P1,3C" (40)
17:39:56  [AT] "SEND OK" (7)
17:39:57  [TX] S,1900,0110000010,0000000000,2308,P1,32
17:39:57  [SLOT] n=1924 tx=39 ack=0 due=0 r=1
17:39:57  [AT] "AT+CIPSEND=40" (13)
17:39:57  [AT] " S,1900,0110000010,0000000000,2308,P1,32" (40)
17:39:57  [AT] "SEND OK" (7)
17:39:58  [TX] S,1901,0110000010,0000000000,2310,P1,3A
17:39:58  [SLOT] n=1925 tx=39 ack=0 due=0 r=1
17:39:58  [AT] "AT+CIPSEND=40" (13)
17:39:58  [AT] " S,1901,0110000010,0000000000,2310,P1,3A" (40)
17:39:58  [AT] "SEND OK" (7)
17:40:00  [TX] S,1902,0110000010,0000000000,2311,P1,38
17:40:00  [SLOT] n=1926 tx=39 ack=0 due=0 r=1
17:40:00  [AT] "AT+CIPSEND=40" (13)
17:40:00  [AT] " S,1902,0110000010,0000000000,2311,P1,38" (40)
17:40:00  [AT] "SEND OK" (7)
17:40:01  [TX] S,1903,0110000010,0000000000,2312,P1,3A
17:40:01  [SLOT] n=1927 tx=39 ack=0 due=0 r=1
17:40:01  [AT] "AT+CIPSEND=40" (13)
17:40:01  [AT] " S,1903,0110000010,0000000000,2312,P1,3A" (40)
17:40:01  [AT] "SEND OK" (7)
17:40:02  [TX] S,1904,0110000010,0000000000,2313,P1,3C
17:40:02  [SLOT] n=1928 tx=39 ack=0 due=0 r=1
17:40:02  [AT] "AT+CIPSEND=40" (13)
17:40:02  [AT] " S,1904,0110000010,0000000000,2313,P1,3C" (40)
17:40:02  [AT] "SEND OK" (7)
17:40:03  [TX] S,1905,0110000010,0000000000,2314,P1,3A
17:40:03  [SLOT] n=1929 tx=39 ack=0 due=0 r=1
17:40:03  [AT] "AT+CIPSEND=40" (13)
17:40:03  [AT] " S,1905,0110000010,0000000000,2314,P1,3A" (40)
17:40:03  [AT] "SEND OK" (7)
17:40:04  [TX] S,1906,0110000010,0000000000,2316,P1,3B
17:40:04  [SLOT] n=1930 tx=39 ack=0 due=0 r=1
17:40:04  [AT] "AT+CIPSEND=40" (13)
17:40:04  [AT] " S,1906,0110000010,0000000000,2316,P1,3B" (40)
17:40:04  [AT] "SEND OK" (7)
17:40:06  [TX] S,1907,0110000010,0000000000,2317,P1,3B
17:40:06  [SLOT] n=1931 tx=39 ack=0 due=0 r=1
17:40:06  [AT] "AT+CIPSEND=40" (13)
17:40:06  [AT] " S,1907,0110000010,0000000000,2317,P1,3B" (40)
17:40:06  [AT] "SEND OK" (7)
17:40:07  [TX] S,1908,0110000010,0000000000,2318,P1,3B
17:40:07  [SLOT] n=1932 tx=39 ack=0 due=0 r=1
17:40:07  [AT] "AT+CIPSEND=40" (13)
17:40:07  [AT] " S,1908,0110000010,0000000000,2318,P1,3B" (40)
17:40:07  [AT] "SEND OK" (7)
17:40:08  [TX] S,1909,0110000010,0000000000,2319,P1,3B
17:40:08  [SLOT] n=1933 tx=39 ack=0 due=0 r=1
17:40:08  [AT] "AT+CIPSEND=40" (13)
17:40:08  [AT] " S,1909,0110000010,0000000000,2319,P1,3B" (40)
17:40:08  [AT] "SEND OK" (7)
17:40:09  [TX] S,1910,0110000010,0000000000,2320,P1,39
17:40:09  [SLOT] n=1934 tx=39 ack=0 due=0 r=1
17:40:09  [AT] "AT+CIPSEND=40" (13)
17:40:09  [AT] " S,1910,0110000010,0000000000,2320,P1,39" (40)
17:40:09  [AT] "SEND OK" (7)
17:40:10  [TX] S,1911,0110000010,0000000000,2322,P1,3A
17:40:10  [SLOT] n=1935 tx=39 ack=0 due=0 r=1
17:40:10  [AT] "AT+CIPSEND=40" (13)
17:40:10  [AT] " S,1911,0110000010,0000000000,2322,P1,3A" (40)
17:40:10  [AT] "SEND OK" (7)
17:40:12  [TX] S,1912,0110000010,0000000000,2323,P1,38
17:40:12  [SLOT] n=1936 tx=39 ack=0 due=0 r=1
17:40:12  [AT] "AT+CIPSEND=40" (13)
17:40:12  [AT] " S,1912,0110000010,0000000000,2323,P1,38" (40)
17:40:12  [AT] "SEND OK" (7)
17:40:13  [TX] S,1913,0110000010,0000000000,2324,P1,3E
17:40:13  [SLOT] n=1937 tx=39 ack=0 due=0 r=1
17:40:13  [AT] "AT+CIPSEND=40" (13)
17:40:13  [AT] " S,1913,0110000010,0000000000,2324,P1,3E" (40)
17:40:13  [AT] "SEND OK" (7)
17:40:14  [TX] S,1914,0110000010,0000000000,2325,P1,38
17:40:14  [SLOT] n=1938 tx=39 ack=0 due=0 r=1
17:40:14  [AT] "AT+CIPSEND=40" (13)
17:40:14  [AT] " S,1914,0110000010,0000000000,2325,P1,38" (40)
17:40:14  [AT] "SEND OK" (7)
17:40:15  [TX] S,1915,0110000010,0000000000,2326,P1,3A
17:40:15  [SLOT] n=1939 tx=39 ack=0 due=0 r=1
17:40:15  [AT] "AT+CIPSEND=40" (13)
17:40:15  [AT] " S,1915,0110000010,0000000000,2326,P1,3A" (40)
17:40:15  [AT] "SEND OK" (7)
17:40:16  [TX] S,1916,0110000010,0000000000,2328,P1,37
17:40:16  [SLOT] n=1940 tx=39 ack=0 due=0 r=1
17:40:16  [AT] "AT+CIPSEND=40" (13)
17:40:16  [AT] " S,1916,0110000010,0000000000,2328,P1,37" (40)
17:40:16  [AT] "SEND OK" (7)
17:40:18  [TX] S,1917,0110000010,0000000000,2329,P1,37
17:40:18  [SLOT] n=1941 tx=39 ack=0 due=0 r=1
17:40:18  [AT] "AT+CIPSEND=40" (13)
17:40:18  [AT] " S,1917,0110000010,0000000000,2329,P1,37" (40)
17:40:18  [AT] "SEND OK" (7)
17:40:19  [TX] S,1918,0110000010,0000000000,2330,P1,30
17:40:19  [SLOT] n=1942 tx=39 ack=0 due=0 r=1
17:40:19  [AT] "AT+CIPSEND=40" (13)
17:40:19  [AT] " S,1918,0110000010,0000000000,2330,P1,30" (40)
17:40:19  [AT] "SEND OK" (7)
17:40:20  [TX] S,1919,0110000010,0000000000,2331,P1,30
17:40:20  [SLOT] n=1943 tx=39 ack=0 due=0 r=1
17:40:20  [AT] "AT+CIPSEND=40" (13)
17:40:20  [AT] " S,1919,0110000010,0000000000,2331,P1,30" (40)
17:40:20  [AT] "SEND OK" (7)
17:40:21  [TX] S,1920,0110000010,0000000000,2332,P1,39
17:40:21  [SLOT] n=1944 tx=39 ack=0 due=0 r=1
17:40:21  [AT] "AT+CIPSEND=40" (13)
17:40:21  [AT] " S,1920,0110000010,0000000000,2332,P1,39" (40)
17:40:21  [AT] "SEND OK" (7)
17:40:22  [TX] S,1921,0110000010,0000000000,2334,P1,3E
17:40:22  [SLOT] n=1945 tx=39 ack=0 due=0 r=1
17:40:22  [AT] "AT+CIPSEND=40" (13)
17:40:23  [AT] " S,1921,0110000010,0000000000,2334,P1,3E" (40)
17:40:23  [AT] "SEND OK" (7)
17:40:23  [TX] S,1922,0110000010,0000000000,2335,P1,3C
17:40:23  [SLOT] n=1946 tx=39 ack=0 due=0 r=1
17:40:24  [AT] "AT+CIPSEND=40" (13)
17:40:24  [AT] " S,1922,0110000010,0000000000,2335,P1,3C" (40)
17:40:24  [AT] "SEND OK" (7)
17:40:25  [TX] S,1923,0110000010,0000000000,2336,P1,3E
17:40:25  [SLOT] n=1947 tx=39 ack=0 due=0 r=1
17:40:25  [AT] "AT+CIPSEND=40" (13)
17:40:25  [AT] " S,1923,0110000010,0000000000,2336,P1,3E" (40)
17:40:25  [AT] "SEND OK" (7)
17:40:26  [TX] S,1924,0110000010,0000000000,2337,P1,38
17:40:26  [SLOT] n=1948 tx=39 ack=0 due=0 r=1
17:40:26  [AT] "AT+CIPSEND=40" (13)
17:40:26  [AT] " S,1924,0110000010,0000000000,2337,P1,38" (40)
17:40:26  [AT] "SEND OK" (7)
17:40:27  [TX] S,1925,0110000010,0000000000,2338,P1,36
17:40:27  [SLOT] n=1949 tx=39 ack=0 due=0 r=1
17:40:27  [AT] "AT+CIPSEND=40" (13)
17:40:27  [AT] " S,1925,0110000010,0000000000,2338,P1,36" (40)
17:40:27  [AT] "SEND OK" (7)
17:40:28  [TX] S,1926,0110000010,0000000000,2340,P1,3A
17:40:28  [SLOT] n=1950 tx=39 ack=0 due=0 r=1
17:40:28  [CNT] up=2340 drop=1 esprst=2 resync=3 sendfail=0 okto=1 stuck=0 ackq=0 ackdrop=0 ackstale=0 slot=1950 oow=1015 smiss=2 ssovf=82 cksumng=85 okstream=1926 penddrop=9 skip=2 online=1
17:40:28  [RAM] 최저 여유 627 B · 프롬프트 재동기 3회 (서버의 '버린줄' 과 맞아야 한다)
17:40:28  [AT] "AT+CIPSEND=40" (13)
17:40:28  [AT] " S,1926,0110000010,0000000000,2340,P1,3A" (40)
17:40:28  [AT] "SEND OK" (7)
17:40:29  [TX] S,1927,0110000010,0000000000,2341,P1,3A
17:40:30  [SLOT] n=1951 tx=39 ack=0 due=0 r=1
17:40:30  [AT] "AT+CIPSEND=40" (13)
17:40:30  [AT] " S,1927,0110000010,0000000000,2341,P1,3A" (40)
17:40:30  [AT] "SEND OK" (7)
17:40:31  [TX] S,1928,0110000010,0000000000,2342,P1,36
17:40:31  [SLOT] n=1952 tx=39 ack=0 due=0 r=1
17:40:31  [AT] "AT+CIPSEND=40" (13)
17:40:31  [AT] " S,1928,0110000010,0000000000,2342,P1,36" (40)
17:40:31  [AT] "SEND OK" (7)
17:40:32  [TX] S,1929,0110000010,0000000000,2343,P1,36
17:40:32  [SLOT] n=1953 tx=39 ack=0 due=0 r=1
17:40:32  [AT] "AT+CIPSEND=40" (13)
17:40:32  [AT] " S,1929,0110000010,0000000000,2343,P1,36" (40)
17:40:32  [AT] "SEND OK" (7)
17:40:33  [TX] S,1930,0110000010,0000000000,2344,P1,39
17:40:33  [SLOT] n=1954 tx=39 ack=0 due=0 r=1
17:40:33  [AT] "AT+CIPSEND=40" (13)
17:40:33  [AT] " S,1930,0110000010,0000000000,2344,P1,39" (40)
17:40:33  [AT] "SEND OK" (7)
17:40:34  [TX] S,1931,0110000010,0000000000,2346,P1,3A
17:40:34  [SLOT] n=1955 tx=39 ack=0 due=0 r=1
17:40:34  [AT] "AT+CIPSEND=40" (13)
17:40:34  [AT] " S,1931,0110000010,0000000000,2346,P1,3A" (40)
17:40:34  [AT] "SEND OK" (7)
17:40:35  [TX] S,1932,0110000010,0000000000,2347,P1,38
17:40:35  [SLOT] n=1956 tx=39 ack=0 due=0 r=1
17:40:35  [AT] "AT+CIPSEND=40" (13)
17:40:36  [AT] " S,1932,0110000010,0000000000,2347,P1,38" (40)
17:40:36  [AT] "SEND OK" (7)
17:40:37  [TX] S,1933,0110000010,0000000000,2348,P1,36
17:40:37  [SLOT] n=1957 tx=39 ack=0 due=0 r=1
17:40:37  [AT] "AT+CIPSEND=40" (13)
17:40:37  [AT] " S,1933,0110000010,0000000000,2348,P1,36" (40)
17:40:37  [AT] "SEND OK" (7)
17:40:38  [TX] S,1934,0110000010,0000000000,2349,P1,30
17:40:38  [SLOT] n=1958 tx=39 ack=0 due=0 r=1
17:40:38  [AT] "AT+CIPSEND=40" (13)
17:40:38  [AT] " S,1934,0110000010,0000000000,2349,P1,30" (40)
17:40:38  [AT] "SEND OK" (7)
17:40:39  [TX] S,1935,0110000010,0000000000,2350,P1,39
17:40:39  [SLOT] n=1959 tx=39 ack=0 due=0 r=1
17:40:39  [AT] "AT+CIPSEND=40" (13)
17:40:39  [AT] " S,1935,0110000010,0000000000,2350,P1,39" (40)
17:40:39  [AT] "SEND OK" (7)
17:40:40  [TX] S,1936,0110000010,0000000000,2352,P1,38
17:40:40  [SLOT] n=1960 tx=39 ack=0 due=0 r=1
17:40:40  [AT] "AT+CIPSEND=40" (13)
17:40:40  [AT] " S,1936,0110000010,0000000000,2352,P1,38" (40)
17:40:40  [AT] "SEND OK" (7)
17:40:41  [TX] S,1937,0110000010,0000000000,2353,P1,38
17:40:41  [SLOT] n=1961 tx=39 ack=0 due=0 r=1
17:40:41  [AT] "AT+CIPSEND=40" (13)
17:40:42  [AT] " S,1937,0110000010,0000000000,2353,P1,38" (40)
17:40:42  [AT] "SEND OK" (7)
17:40:43  [TX] S,1938,0110000010,0000000000,2354,P1,30
17:40:43  [SLOT] n=1962 tx=39 ack=0 due=0 r=1
17:40:43  [AT] "AT+CIPSEND=40" (13)
17:40:43  [AT] " S,1938,0110000010,0000000000,2354,P1,30" (40)
17:40:43  [AT] "SEND OK" (7)
17:40:44  [TX] S,1939,0110000010,0000000000,2355,P1,30
17:40:44  [SLOT] n=1963 tx=39 ack=0 due=0 r=1
17:40:44  [AT] "AT+CIPSEND=40" (13)
17:40:44  [AT] " S,1939,0110000010,0000000000,2355,P1,30" (40)
17:40:44  [AT] "SEND OK" (7)
17:40:45  [TX] S,1940,0110000010,0000000000,2356,P1,3D
17:40:45  [SLOT] n=1964 tx=39 ack=0 due=0 r=1
17:40:45  [AT] "AT+CIPSEND=40" (13)
17:40:45  [AT] " S,1940,0110000010,0000000000,2356,P1,3D" (40)
17:40:45  [AT] "SEND OK" (7)
17:40:46  [TX] S,1941,0110000010,0000000000,2358,P1,32
17:40:46  [SLOT] n=1965 tx=39 ack=0 due=0 r=1
17:40:46  [AT] "AT+CIPSEND=40" (13)
17:40:46  [AT] " S,1941,0110000010,0000000000,2358,P1,32" (40)
17:40:46  [AT] "SEND OK" (7)
17:40:47  [TX] S,1942,0110000010,0000000000,2359,P1,30
17:40:47  [SLOT] n=1966 tx=39 ack=0 due=0 r=1
17:40:47  [AT] "AT+CIPSEND=40" (13)
17:40:47  [AT] " S,1942,0110000010,0000000000,2359,P1,30" (40)
17:40:48  [AT] "SEND OK" (7)
17:40:49  [TX] S,1943,0110000010,0000000000,2360,P1,3B
17:40:49  [SLOT] n=1967 tx=39 ack=0 due=0 r=1
17:40:49  [AT] "AT+CIPSEND=40" (13)
17:40:49  [AT] " S,1943,0110000010,0000000000,2360,P1,3B" (40)
17:40:49  [AT] "SEND OK" (7)
17:40:50  [TX] S,1944,0110000010,0000000000,2361,P1,3D
17:40:50  [SLOT] n=1968 tx=39 ack=0 due=0 r=1
17:40:50  [AT] "AT+CIPSEND=40" (13)
17:40:50  [AT] " S,1944,0110000010,0000000000,2361,P1,3D" (40)
17:40:50  [AT] "SEND OK" (7)
17:40:51  [TX] S,1945,0110000010,0000000000,2362,P1,3F
17:40:51  [SLOT] n=1969 tx=39 ack=0 due=0 r=1
17:40:51  [AT] "AT+CIPSEND=40" (13)
17:40:51  [AT] " S,1945,0110000010,0000000000,2362,P1,3F" (40)
17:40:51  [AT] "SEND OK" (7)
17:40:52  [TX] S,1946,0110000010,0000000000,2364,P1,3A
17:40:52  [SLOT] n=1970 tx=39 ack=0 due=0 r=1
17:40:52  [AT] "AT+CIPSEND=40" (13)
17:40:52  [AT] " S,1946,0110000010,0000000000,2364,P1,3A" (40)
17:40:52  [AT] "SEND OK" (7)
17:40:53  [TX] S,1947,0110000010,0000000000,2365,P1,3A
17:40:53  [SLOT] n=1971 tx=39 ack=0 due=0 r=1
17:40:53  [AT] "AT+CIPSEND=40" (13)
17:40:54  [AT] " S,1947,0110000010,0000000000,2365,P1,3A" (40)
17:40:54  [AT] "SEND OK" (7)
17:40:55  [TX] S,1948,0110000010,0000000000,2366,P1,36
17:40:55  [SLOT] n=1972 tx=39 ack=0 due=0 r=1
17:40:55  [AT] "AT+CIPSEND=40" (13)
17:40:55  [AT] " S,1948,0110000010,0000000000,2366,P1,36" (40)
17:40:55  [AT] "SEND OK" (7)
17:40:56  [TX] S,1949,0110000010,0000000000,2367,P1,36
17:40:56  [SLOT] n=1973 tx=39 ack=0 due=0 r=1
17:40:56  [AT] "AT+CIPSEND=40" (13)
17:40:56  [AT] " S,1949,0110000010,0000000000,2367,P1,36" (40)
17:40:56  [AT] "SEND OK" (7)
17:40:57  [TX] S,1950,0110000010,0000000000,2368,P1,31
17:40:57  [SLOT] n=1974 tx=39 ack=0 due=0 r=1
17:40:57  [AT] "AT+CIPSEND=40" (13)
17:40:57  [AT] " S,1950,0110000010,0000000000,2368,P1,31" (40)
17:40:57  [AT] "SEND OK" (7)
17:40:58  [TX] S,1951,0110000010,0000000000,2370,P1,39
17:40:58  [SLOT] n=1975 tx=39 ack=0 due=0 r=1
17:40:58  [AT] "AT+CIPSEND=40" (13)
17:40:58  [AT] " S,1951,0110000010,0000000000,2370,P1,39" (40)
17:40:58  [AT] "SEND OK" (7)
17:40:59  [TX] S,1952,0110000010,0000000000,2371,P1,3B
17:40:59  [SLOT] n=1976 tx=39 ack=0 due=0 r=1
17:40:59  [AT] "AT+CIPSEND=40" (13)
17:40:59  [AT] " S,1952,0110000010,0000000000,2371,P1,3B" (40)
17:40:59  [AT] "SEND OK" (7)
17:41:01  [TX] S,1953,0110000010,0000000000,2372,P1,39
17:41:01  [SLOT] n=1977 tx=39 ack=0 due=0 r=1
17:41:01  [AT] "AT+CIPSEND=40" (13)
17:41:01  [AT] " S,1953,0110000010,0000000000,2372,P1,39" (40)
17:41:01  [AT] "SEND OK" (7)
17:41:02  [TX] S,1954,0110000010,0000000000,2373,P1,3F
17:41:02  [SLOT] n=1978 tx=39 ack=0 due=0 r=1
17:41:02  [AT] "AT+CIPSEND=40" (13)
17:41:02  [AT] " S,1954,0110000010,0000000000,2373,P1,3F" (40)
17:41:02  [AT] "SEND OK" (7)
17:41:03  [TX] S,1955,0110000010,0000000000,2374,P1,39
17:41:03  [SLOT] n=1979 tx=39 ack=0 due=0 r=1
17:41:03  [AT] "AT+CIPSEND=40" (13)
17:41:03  [AT] " S,1955,0110000010,0000000000,2374,P1,39" (40)
17:41:03  [AT] "SEND OK" (7)
17:41:04  [TX] S,1956,0110000010,0000000000,2376,P1,38
17:41:04  [SLOT] n=1980 tx=39 ack=0 due=0 r=1
17:41:04  [AT] "AT+CIPSEND=40" (13)
17:41:04  [AT] " S,1956,0110000010,0000000000,2376,P1,38" (40)
17:41:04  [AT] "SEND OK" (7)
17:41:05  [TX] S,1957,0110000010,0000000000,2377,P1,38
17:41:05  [SLOT] n=1981 tx=39 ack=0 due=0 r=1
17:41:05  [AT] "AT+CIPSEND=40" (13)
17:41:05  [AT] " S,1957,0110000010,0000000000,2377,P1,38" (40)
17:41:05  [AT] "SEND OK" (7)
17:41:07  [TX] S,1958,0110000010,0000000000,2378,P1,38
17:41:07  [SLOT] n=1982 tx=39 ack=0 due=0 r=1
17:41:07  [AT] "AT+CIPSEND=40" (13)
17:41:07  [AT] " S,1958,0110000010,0000000000,2378,P1,38" (40)
17:41:07  [AT] "SEND OK" (7)
17:41:08  [TX] S,1959,0110000010,0000000000,2379,P1,38
17:41:08  [SLOT] n=1983 tx=39 ack=0 due=0 r=1
17:41:08  [AT] "AT+CIPSEND=40" (13)
17:41:08  [AT] " S,1959,0110000010,0000000000,2379,P1,38" (40)
17:41:08  [AT] "SEND OK" (7)
17:41:09  [TX] S,1960,0110000010,0000000000,2380,P1,34
17:41:09  [SLOT] n=1984 tx=39 ack=0 due=0 r=1
17:41:09  [AT] "AT+CIPSEND=40" (13)
17:41:09  [AT] " S,1960,0110000010,0000000000,2380,P1,34" (40)
17:41:09  [AT] "SEND OK" (7)
17:41:10  [TX] S,1961,0110000010,0000000000,2382,P1,37
17:41:10  [SLOT] n=1985 tx=39 ack=0 due=0 r=1
17:41:10  [AT] "AT+CIPSEND=40" (13)
17:41:10  [AT] " S,1961,0110000010,0000000000,2382,P1,37" (40)
17:41:10  [AT] "SEND OK" (7)
17:41:11  [TX] S,1962,0110000010,0000000000,2383,P1,35
17:41:11  [SLOT] n=1986 tx=39 ack=0 due=0 r=1
17:41:11  [AT] "AT+CIPSEND=40" (13)
17:41:11  [AT] " S,1962,0110000010,0000000000,2383,P1,35" (40)
17:41:12  [AT] "SEND OK" (7)
17:41:13  [TX] S,1963,0110000010,0000000000,2384,P1,33
17:41:13  [SLOT] n=1987 tx=39 ack=0 due=0 r=1
17:41:13  [AT] "AT+CIPSEND=40" (13)
17:41:13  [AT] " S,1963,0110000010,0000000000,2384,P1,33" (40)
17:41:13  [AT] "SEND OK" (7)
17:41:14  [TX] S,1964,0110000010,0000000000,2385,P1,35
17:41:14  [SLOT] n=1988 tx=39 ack=0 due=0 r=1
17:41:14  [AT] "AT+CIPSEND=40" (13)
17:41:14  [AT] " S,1964,0110000010,0000000000,2385,P1,35" (40)
17:41:14  [AT] "SEND OK" (7)
17:41:15  [TX] S,1965,0110000010,0000000000,2386,P1,37
17:41:15  [SLOT] n=1989 tx=39 ack=0 due=0 r=1
17:41:15  [AT] "AT+CIPSEND=40" (13)
17:41:15  [AT] " S,1965,0110000010,0000000000,2386,P1,37" (40)
17:41:15  [AT] "SEND OK" (7)
17:41:16  [TX] S,1966,0110000010,0000000000,2388,P1,3A
17:41:16  [SLOT] n=1990 tx=39 ack=0 due=0 r=1
17:41:16  [AT] "AT+CIPSEND=40" (13)
17:41:16  [AT] " S,1966,0110000010,0000000000,2388,P1,3A" (40)
17:41:16  [AT] "SEND OK" (7)
17:41:17  [TX] S,1967,0110000010,0000000000,2389,P1,3A
17:41:17  [SLOT] n=1991 tx=39 ack=0 due=0 r=1
17:41:17  [AT] "AT+CIPSEND=40" (13)
17:41:18  [AT] " S,1967,0110000010,0000000000,2389,P1,3A" (40)
17:41:18  [AT] "SEND OK" (7)
17:41:19  [TX] S,1968,0110000010,0000000000,2390,P1,3D
17:41:19  [SLOT] n=1992 tx=39 ack=0 due=0 r=1
17:41:19  [AT] "AT+CIPSEND=40" (13)
17:41:19  [AT] " S,1968,0110000010,0000000000,2390,P1,3D" (40)
17:41:19  [AT] "SEND OK" (7)
17:41:20  [TX] S,1969,0110000010,0000000000,2391,P1,3D
17:41:20  [SLOT] n=1993 tx=39 ack=0 due=0 r=1
17:41:20  [AT] "AT+CIPSEND=40" (13)
17:41:20  [AT] " S,1969,0110000010,0000000000,2391,P1,3D" (40)
17:41:20  [AT] "SEND OK" (7)
17:41:21  [TX] S,1970,0110000010,0000000000,2392,P1,36
17:41:21  [SLOT] n=1994 tx=39 ack=0 due=0 r=1
17:41:21  [AT] "AT+CIPSEND=40" (13)
17:41:21  [AT] " S,1970,0110000010,0000000000,2392,P1,36" (40)
17:41:21  [AT] "SEND OK" (7)
17:41:22  [TX] S,1971,0110000010,0000000000,2394,P1,31
17:41:22  [SLOT] n=1995 tx=39 ack=0 due=0 r=1
17:41:22  [AT] "AT+CIPSEND=40" (13)
17:41:22  [AT] " S,1971,0110000010,0000000000,2394,P1,31" (40)
17:41:22  [AT] "SEND OK" (7)
17:41:23  [TX] S,1972,0110000010,0000000000,2395,P1,33
17:41:23  [SLOT] n=1996 tx=39 ack=0 due=0 r=1
17:41:23  [AT] "AT+CIPSEND=40" (13)
17:41:24  [AT] " S,1972,0110000010,0000000000,2395,P1,33" (40)
17:41:24  [AT] "SEND OK" (7)
17:41:25  [TX] S,1973,0110000010,0000000000,2396,P1,31
17:41:25  [SLOT] n=1997 tx=39 ack=0 due=0 r=1
17:41:25  [AT] "AT+CIPSEND=40" (13)
17:41:25  [AT] " S,1973,0110000010,0000000000,2396,P1,31" (40)
17:41:25  [AT] "SEND OK" (7)
17:41:26  [TX] S,1974,0110000010,0000000000,2397,P1,37
17:41:26  [SLOT] n=1998 tx=39 ack=0 due=0 r=1
17:41:26  [AT] "AT+CIPSEND=40" (13)
17:41:26  [AT] " S,1974,0110000010,0000000000,2397,P1,37" (40)
17:41:26  [AT] "SEND OK" (7)
17:41:27  [TX] S,1975,0110000010,0000000000,2398,P1,39
17:41:27  [SLOT] n=1999 tx=39 ack=0 due=0 r=1
17:41:27  [AT] "AT+CIPSEND=40" (13)
17:41:27  [AT] " S,1975,0110000010,0000000000,2398,P1,39" (40)
17:41:27  [AT] "SEND OK" (7)
17:41:28  [TX] S,1976,0110000010,0000000000,2400,P1,3C
17:41:28  [SLOT] n=2000 tx=39 ack=0 due=0 r=1
17:41:28  [CNT] up=2400 drop=1 esprst=2 resync=3 sendfail=0 okto=1 stuck=0 ackq=0 ackdrop=0 ackstale=0 slot=2000 oow=1015 smiss=2 ssovf=82 cksumng=85 okstream=1976 penddrop=9 skip=2 online=1
17:41:28  [RAM] 최저 여유 627 B · 프롬프트 재동기 3회 (서버의 '버린줄' 과 맞아야 한다)
17:41:28  [AT] " S,1976,0110000010,0000000000,2400,P1,3C" (40)
17:41:28  [AT] "SEND OK" (7)
17:41:28  [AT] "AT+CIPSEND=40" (13)
17:41:29  [TX] S,1977,0110000010,0000000000,2401,P1,3C
17:41:29  [SLOT] n=2001 tx=39 ack=0 due=0 r=1
17:41:29  [AT] "AT+CIPSEND=40" (13)
17:41:29  [AT] " S,1977,0110000010,0000000000,2401,P1,3C" (40)
17:41:29  [AT] "SEND OK" (7)
17:41:31  [TX] S,1978,0110000010,0000000000,2402,P1,30
17:41:31  [SLOT] n=2002 tx=39 ack=0 due=0 r=1
17:41:31  [AT] "AT+CIPSEND=40" (13)
17:41:31  [AT] " S,1978,0110000010,0000000000,2402,P1,30" (40)
17:41:31  [AT] "SEND OK" (7)
17:41:32  [TX] S,1979,0110000010,0000000000,2403,P1,30
17:41:32  [SLOT] n=2003 tx=39 ack=0 due=0 r=1
17:41:32  [AT] "AT+CIPSEND=40" (13)
17:41:32  [AT] " S,1979,0110000010,0000000000,2403,P1,30" (40)
17:41:32  [AT] "SEND OK" (7)
17:41:33  [TX] S,1980,0110000010,0000000000,2404,P1,31
17:41:33  [SLOT] n=2004 tx=39 ack=0 due=0 r=1
17:41:33  [AT] "AT+CIPSEND=40" (13)
17:41:33  [AT] " S,1980,0110000010,0000000000,2404,P1,31" (40)
17:41:33  [AT] "SEND OK" (7)
17:41:34  [TX] S,1981,0110000010,0000000000,2406,P1,32
17:41:34  [SLOT] n=2005 tx=39 ack=0 due=0 r=1
17:41:34  [AT] "AT+CIPSEND=40" (13)
17:41:34  [AT] " S,1981,0110000010,0000000000,2406,P1,32" (40)
17:41:34  [AT] "SEND OK" (7)
17:41:35  [TX] S,1982,0110000010,0000000000,2407,P1,30
17:41:35  [SLOT] n=2006 tx=39 ack=0 due=0 r=1
17:41:35  [AT] "AT+CIPSEND=40" (13)
17:41:35  [AT] " S,1982,0110000010,0000000000,2407,P1,30" (40)
17:41:35  [AT] "SEND OK" (7)
17:41:37  [TX] S,1983,0110000010,0000000000,2408,P1,3E
17:41:37  [SLOT] n=2007 tx=39 ack=0 due=0 r=1
17:41:37  [AT] "AT+CIPSEND=40" (13)
17:41:37  [AT] " S,1983,0110000010,0000000000,2408,P1,3E" (40)
17:41:37  [AT] "SEND OK" (7)
17:41:38  [TX] S,1984,0110000010,0000000000,2409,P1,38
17:41:38  [SLOT] n=2008 tx=39 ack=0 due=0 r=1
17:41:38  [AT] "AT+CIPSEND=40" (13)
17:41:38  [AT] " S,1984,0110000010,0000000000,2409,P1,38" (40)
17:41:38  [AT] "SEND OK" (7)
17:41:39  [TX] S,1985,0110000010,0000000000,2410,P1,31
17:41:39  [SLOT] n=2009 tx=39 ack=0 due=0 r=1
17:41:39  [AT] "AT+CIPSEND=40" (13)
17:41:39  [AT] " S,1985,0110000010,0000000000,2410,P1,31" (40)
17:41:39  [AT] "SEND OK" (7)
17:41:40  [TX] S,1986,0110000010,0000000000,2412,P1,30
17:41:40  [SLOT] n=2010 tx=39 ack=0 due=0 r=1
17:41:40  [AT] "AT+CIPSEND=40" (13)
17:41:40  [AT] " S,1986,0110000010,0000000000,2412,P1,30" (40)
17:41:40  [AT] "SEND OK" (7)
17:41:41  [TX] S,1987,0110000010,0000000000,2413,P1,30
17:41:41  [SLOT] n=2011 tx=39 ack=0 due=0 r=1
17:41:41  [AT] "AT+CIPSEND=40" (13)
17:41:42  [AT] " S,1987,0110000010,0000000000,2413,P1,30" (40)
17:41:42  [AT] "SEND OK" (7)
17:41:43  [TX] S,1988,0110000010,0000000000,2414,P1,38
17:41:43  [SLOT] n=2012 tx=39 ack=0 due=0 r=1
17:41:43  [AT] "AT+CIPSEND=40" (13)
17:41:43  [AT] " S,1988,0110000010,0000000000,2414,P1,38" (40)
17:41:43  [AT] "SEND OK" (7)
17:41:44  [TX] S,1989,0110000010,0000000000,2415,P1,38
17:41:44  [SLOT] n=2013 tx=39 ack=0 due=0 r=1
17:41:44  [AT] "AT+CIPSEND=40" (13)
17:41:44  [AT] " S,1989,0110000010,0000000000,2415,P1,38" (40)
17:41:44  [AT] "SEND OK" (7)
17:41:45  [TX] S,1990,0110000010,0000000000,2416,P1,33
17:41:45  [SLOT] n=2014 tx=39 ack=0 due=0 r=1
17:41:45  [AT] "AT+CIPSEND=40" (13)
17:41:45  [AT] " S,1990,0110000010,0000000000,2416,P1,33" (40)
17:41:45  [AT] "SEND OK" (7)
17:41:46  [TX] S,1991,0110000010,0000000000,2418,P1,3C
17:41:46  [SLOT] n=2015 tx=39 ack=0 due=0 r=1
17:41:46  [AT] "AT+CIPSEND=40" (13)
17:41:46  [AT] " S,1991,0110000010,0000000000,2418,P1,3C" (40)
17:41:46  [AT] "SEND OK" (7)
17:41:47  [TX] S,1992,0110000010,0000000000,2419,P1,3E
17:41:47  [SLOT] n=2016 tx=39 ack=0 due=0 r=1
17:41:47  [AT] "AT+CIPSEND=40" (13)
17:41:47  [AT] " S,1992,0110000010,0000000000,2419,P1,3E" (40)
17:41:47  [AT] "SEND OK" (7)
17:41:49  [TX] S,1993,0110000010,0000000000,2420,P1,35
17:41:49  [SLOT] n=2017 tx=39 ack=0 due=0 r=1
17:41:49  [AT] "AT+CIPSEND=40" (13)
17:41:49  [AT] " S,1993,0110000010,0000000000,2420,P1,35" (40)
17:41:49  [AT] "SEND OK" (7)
17:41:50  [TX] S,1994,0110000010,0000000000,2421,P1,33
17:41:50  [SLOT] n=2018 tx=39 ack=0 due=0 r=1
17:41:50  [AT] "AT+CIPSEND=40" (13)
17:41:50  [AT] " S,1994,0110000010,0000000000,2421,P1,33" (40)
17:41:50  [AT] "SEND OK" (7)
17:41:51  [TX] S,1995,0110000010,0000000000,2422,P1,31
17:41:51  [SLOT] n=2019 tx=39 ack=0 due=0 r=1
17:41:51  [AT] "AT+CIPSEND=40" (13)
17:41:51  [AT] " S,1995,0110000010,0000000000,2422,P1,31" (40)
17:41:51  [AT] "SEND OK" (7)
17:41:52  [TX] S,1996,0110000010,0000000000,2424,P1,34
17:41:52  [SLOT] n=2020 tx=39 ack=0 due=0 r=1
17:41:52  [AT] "AT+CIPSEND=40" (13)
17:41:52  [AT] " S,1996,0110000010,0000000000,2424,P1,34" (40)
17:41:52  [AT] "SEND OK" (7)
17:41:53  [TX] S,1997,0110000010,0000000000,2425,P1,34
17:41:53  [SLOT] n=2021 tx=39 ack=0 due=0 r=1
17:41:53  [AT] "AT+CIPSEND=40" (13)
17:41:53  [AT] " S,1997,0110000010,0000000000,2425,P1,34" (40)
17:41:53  [AT] "SEND OK" (7)
17:41:55  [TX] S,1998,0110000010,0000000000,2426,P1,38
17:41:55  [SLOT] n=2022 tx=39 ack=0 due=0 r=1
17:41:55  [AT] "AT+CIPSEND=40" (13)
17:41:55  [AT] " S,1998,0110000010,0000000000,2426,P1,38" (40)
17:41:55  [AT] "SEND OK" (7)
17:41:56  [TX] S,1999,0110000010,0000000000,2427,P1,38
17:41:56  [SLOT] n=2023 tx=39 ack=0 due=0 r=1
17:41:56  [AT] "AT+CIPSEND=40" (13)
17:41:56  [AT] " S,1999,0110000010,0000000000,2427,P1,38" (40)
17:41:56  [AT] "SEND OK" (7)
17:41:57  [TX] S,2000,0110000010,0000000000,2428,P1,3D
17:41:57  [SLOT] n=2024 tx=39 ack=0 due=0 r=1
17:41:57  [AT] "AT+CIPSEND=40" (13)
17:41:57  [AT] " S,2000,0110000010,0000000000,2428,P1,3D" (40)
17:41:57  [AT] "SEND OK" (7)
17:41:58  [TX] S,2001,0110000010,0000000000,2430,P1,35
17:41:58  [SLOT] n=2025 tx=39 ack=0 due=0 r=1
17:41:58  [AT] "AT+CIPSEND=40" (13)
17:41:58  [AT] " S,2001,0110000010,0000000000,2430,P1,35" (40)
17:41:58  [AT] "SEND OK" (7)
17:41:59  [TX] S,2002,0110000010,0000000000,2431,P1,37
17:41:59  [SLOT] n=2026 tx=39 ack=0 due=0 r=1
17:41:59  [AT] "AT+CIPSEND=40" (13)
17:41:59  [AT] " S,2002,0110000010,0000000000,2431,P1,37" (40)
17:41:59  [AT] "SEND OK" (7)
17:42:01  [TX] S,2003,0110000010,0000000000,2432,P1,35
17:42:01  [SLOT] n=2027 tx=39 ack=0 due=0 r=1
17:42:01  [AT] "AT+CIPSEND=40" (13)
17:42:01  [AT] " S,2003,0110000010,0000000000,2432,P1,35" (40)
17:42:01  [AT] "SEND OK" (7)
17:42:02  [TX] S,2004,0110000010,0000000000,2433,P1,33
17:42:02  [SLOT] n=2028 tx=39 ack=0 due=0 r=1
17:42:02  [AT] "AT+CIPSEND=40" (13)
17:42:02  [AT] " S,2004,0110000010,0000000000,2433,P1,33" (40)
17:42:02  [AT] "SEND OK" (7)
17:42:03  [TX] S,2005,0110000010,0000000000,2434,P1,35
17:42:03  [SLOT] n=2029 tx=39 ack=0 due=0 r=1
17:42:03  [AT] "AT+CIPSEND=40" (13)
17:42:03  [AT] " S,2005,0110000010,0000000000,2434,P1,35" (40)
17:42:03  [AT] "SEND OK" (7)
17:42:04  [TX] S,2006,0110000010,0000000000,2436,P1,34
17:42:04  [SLOT] n=2030 tx=39 ack=0 due=0 r=1
17:42:04  [AT] "AT+CIPSEND=40" (13)
17:42:04  [AT] " S,2006,0110000010,0000000000,2436,P1,34" (40)
17:42:04  [AT] "SEND OK" (7)
17:42:05  [TX] S,2007,0110000010,0000000000,2437,P1,34
17:42:05  [SLOT] n=2031 tx=39 ack=0 due=0 r=1
17:42:05  [AT] "AT+CIPSEND=40" (13)
17:42:05  [AT] " S,2007,0110000010,0000000000,2437,P1,34" (40)
17:42:05  [AT] "SEND OK" (7)
17:42:07  [TX] S,2008,0110000010,0000000000,2438,P1,34
17:42:07  [SLOT] n=2032 tx=39 ack=0 due=0 r=1
17:42:07  [AT] "AT+CIPSEND=40" (13)
17:42:07  [AT] " S,2008,0110000010,0000000000,2438,P1,34" (40)
17:42:07  [AT] "SEND OK" (7)
17:42:08  [TX] S,2009,0110000010,0000000000,2439,P1,34
17:42:08  [SLOT] n=2033 tx=39 ack=0 due=0 r=1
17:42:08  [AT] "AT+CIPSEND=40" (13)
17:42:08  [AT] " S,2009,0110000010,0000000000,2439,P1,34" (40)
17:42:08  [AT] "SEND OK" (7)
17:42:09  [TX] S,2010,0110000010,0000000000,2440,P1,32
17:42:09  [SLOT] n=2034 tx=39 ack=0 due=0 r=1
17:42:09  [AT] "AT+CIPSEND=40" (13)
17:42:09  [AT] " S,2010,0110000010,0000000000,2440,P1,32" (40)
17:42:09  [AT] "SEND OK" (7)
17:42:10  [TX] S,2011,0110000010,0000000000,2442,P1,31
17:42:10  [SLOT] n=2035 tx=39 ack=0 due=0 r=1
17:42:10  [AT] "AT+CIPSEND=40" (13)
17:42:10  [AT] " S,2011,0110000010,0000000000,2442,P1,31" (40)
17:42:10  [AT] "SEND OK" (7)
17:42:11  [TX] S,2012,0110000010,0000000000,2443,P1,33
17:42:11  [SLOT] n=2036 tx=39 ack=0 due=0 r=1
17:42:11  [AT] "AT+CIPSEND=40" (13)
17:42:11  [AT] " S,2012,0110000010,0000000000,2443,P1,33" (40)
17:42:11  [AT] "SEND OK" (7)
17:42:13  [TX] S,2013,0110000010,0000000000,2444,P1,35
17:42:13  [SLOT] n=2037 tx=39 ack=0 due=0 r=1
17:42:13  [AT] "AT+CIPSEND=40" (13)
17:42:13  [AT] " S,2013,0110000010,0000000000,2444,P1,35" (40)
17:42:13  [AT] "SEND OK" (7)
17:42:14  [TX] S,2014,0110000010,0000000000,2445,P1,33
17:42:14  [SLOT] n=2038 tx=39 ack=0 due=0 r=1
17:42:14  [AT] "AT+CIPSEND=40" (13)
17:42:14  [AT] " S,2014,0110000010,0000000000,2445,P1,33" (40)
17:42:14  [AT] "SEND OK" (7)
17:42:15  [TX] S,2015,0110000010,0000000000,2446,P1,31
17:42:15  [SLOT] n=2039 tx=39 ack=0 due=0 r=1
17:42:15  [AT] "AT+CIPSEND=40" (13)
17:42:15  [AT] " S,2015,0110000010,0000000000,2446,P1,31" (40)
17:42:15  [AT] "SEND OK" (7)
17:42:16  [TX] S,2016,0110000010,0000000000,2448,P1,3C
17:42:16  [SLOT] n=2040 tx=39 ack=0 due=0 r=1
17:42:16  [AT] "AT+CIPSEND=40" (13)
17:42:16  [AT] " S,2016,0110000010,0000000000,2448,P1,3C" (40)
17:42:16  [AT] "SEND OK" (7)
17:42:17  [TX] S,2017,0110000010,0000000000,2449,P1,3C
17:42:17  [SLOT] n=2041 tx=39 ack=0 due=0 r=1
17:42:17  [AT] "AT+CIPSEND=40" (13)
17:42:17  [AT] " S,2017,0110000010,0000000000,2449,P1,3C" (40)
17:42:17  [AT] "SEND OK" (7)
17:42:19  [TX] S,2018,0110000010,0000000000,2450,P1,3B
17:42:19  [SLOT] n=2042 tx=39 ack=0 due=0 r=1
17:42:19  [AT] "AT+CIPSEND=40" (13)
17:42:19  [AT] " S,2018,0110000010,0000000000,2450,P1,3B" (40)
17:42:19  [AT] "SEND OK" (7)
17:42:20  [TX] S,2019,0110000010,0000000000,2451,P1,3B
17:42:20  [SLOT] n=2043 tx=39 ack=0 due=0 r=1
17:42:20  [AT] "AT+CIPSEND=40" (13)
17:42:20  [AT] " S,2019,0110000010,0000000000,2451,P1,3B" (40)
17:42:20  [AT] "SEND OK" (7)
17:42:21  [TX] S,2020,0110000010,0000000000,2452,P1,32
17:42:21  [SLOT] n=2044 tx=39 ack=0 due=0 r=1
17:42:21  [AT] "AT+CIPSEND=40" (13)
17:42:21  [AT] " S,2020,0110000010,0000000000,2452,P1,32" (40)
17:42:21  [AT] "SEND OK" (7)
17:42:22  [TX] S,2021,0110000010,0000000000,2454,P1,35
17:42:22  [SLOT] n=2045 tx=39 ack=0 due=0 r=1
17:42:22  [AT] "AT+CIPSEND=40" (13)
17:42:22  [AT] " S,2021,0110000010,0000000000,2454,P1,35" (40)
17:42:22  [AT] "SEND OK" (7)
17:42:23  [TX] S,2022,0110000010,0000000000,2455,P1,37
17:42:23  [SLOT] n=2046 tx=39 ack=0 due=0 r=1
17:42:23  [AT] "AT+CIPSEND=40" (13)
17:42:23  [AT] " S,2022,0110000010,0000000000,2455,P1,37" (40)
17:42:23  [AT] "SEND OK" (7)
17:42:25  [TX] S,2023,0110000010,0000000000,2456,P1,35
17:42:25  [SLOT] n=2047 tx=39 ack=0 due=0 r=1
17:42:25  [AT] "AT+CIPSEND=40" (13)
17:42:25  [AT] " S,2023,0110000010,0000000000,2456,P1,35" (40)
17:42:25  [AT] "SEND OK" (7)
17:42:26  [TX] S,2024,0110000010,0000000000,2457,P1,33
17:42:26  [SLOT] n=2048 tx=39 ack=0 due=0 r=1
17:42:26  [AT] "AT+CIPSEND=40" (13)
17:42:26  [AT] " S,2024,0110000010,0000000000,2457,P1,33" (40)
17:42:26  [AT] "SEND OK" (7)
17:42:27  [TX] S,2025,0110000010,0000000000,2458,P1,3D
17:42:27  [SLOT] n=2049 tx=39 ack=0 due=0 r=1
17:42:27  [AT] "AT+CIPSEND=40" (13)
17:42:27  [AT] " S,2025,0110000010,0000000000,2458,P1,3D" (40)
17:42:27  [AT] "SEND OK" (7)
17:42:28  [TX] S,2026,0110000010,0000000000,2460,P1,35
17:42:28  [SLOT] n=2050 tx=39 ack=0 due=0 r=1
17:42:28  [CNT] up=2460 drop=1 esprst=2 resync=3 sendfail=0 okto=1 stuck=0 ackq=0 ackdrop=0 ackstale=0 slot=2050 oow=1015 smiss=2 ssovf=82 cksumng=85 okstream=2026 penddrop=9 skip=2 online=1
17:42:28  [RAM] 최저 여유 627 B · 프롬프트 재동기 3회 (서버의 '버린줄' 과 맞아야 한다)
17:42:28  [AT] " S,2026,0110000010,0000000000,2460,P1,35" (40)
17:42:28  [AT] "SEND OK" (7)
17:42:28  [AT] "AT+CIPSEND=40" (13)
17:42:29  [TX] S,2027,0110000010,0000000000,2461,P1,35
17:42:29  [SLOT] n=2051 tx=39 ack=0 due=0 r=1
17:42:29  [AT] "AT+CIPSEND=40" (13)
17:42:29  [AT] " S,2027,0110000010,0000000000,2461,P1,35" (40)
17:42:29  [AT] "SEND OK" (7)
17:42:30  [TX] S,2028,0110000010,0000000000,2462,P1,39
17:42:31  [SLOT] n=2052 tx=39 ack=0 due=0 r=1
17:42:31  [AT] "AT+CIPSEND=40" (13)
17:42:31  [AT] " S,2028,0110000010,0000000000,2462,P1,39" (40)
17:42:31  [AT] "SEND OK" (7)
17:42:32  [TX] S,2029,0110000010,0000000000,2463,P1,39
17:42:32  [SLOT] n=2053 tx=39 ack=0 due=0 r=1
17:42:32  [AT] "AT+CIPSEND=40" (13)
17:42:32  [AT] " S,2029,0110000010,0000000000,2463,P1,39" (40)
17:42:32  [AT] "SEND OK" (7)
17:42:33  [TX] S,2030,0110000010,0000000000,2464,P1,36
17:42:33  [SLOT] n=2054 tx=39 ack=0 due=0 r=1
17:42:33  [AT] "AT+CIPSEND=40" (13)
17:42:33  [AT] " S,2030,0110000010,0000000000,2464,P1,36" (40)
17:42:33  [AT] "SEND OK" (7)
17:42:34  [TX] S,2031,0110000010,0000000000,2466,P1,35
17:42:34  [SLOT] n=2055 tx=39 ack=0 due=0 r=1
17:42:34  [AT] "AT+CIPSEND=40" (13)
17:42:34  [AT] " S,2031,0110000010,0000000000,2466,P1,35" (40)
17:42:34  [AT] "SEND OK" (7)
17:42:35  [TX] S,2032,0110000010,0000000000,2467,P1,37
17:42:35  [SLOT] n=2056 tx=39 ack=0 due=0 r=1
17:42:35  [AT] "AT+CIPSEND=40" (13)
17:42:35  [AT] " S,2032,0110000010,0000000000,2467,P1,37" (40)
17:42:35  [AT] "SEND OK" (7)
17:42:36  [TX] S,2033,0110000010,0000000000,2468,P1,39
17:42:36  [SLOT] n=2057 tx=39 ack=0 due=0 r=1
17:42:36  [AT] "AT+CIPSEND=40" (13)
17:42:37  [AT] " S,2033,0110000010,0000000000,2468,P1,39" (40)
17:42:37  [AT] "SEND OK" (7)
17:42:38  [TX] S,2034,0110000010,0000000000,2469,P1,3F
17:42:38  [SLOT] n=2058 tx=39 ack=0 due=0 r=1
17:42:38  [AT] "AT+CIPSEND=40" (13)
17:42:38  [AT] " S,2034,0110000010,0000000000,2469,P1,3F" (40)
17:42:38  [AT] "SEND OK" (7)
17:42:39  [TX] S,2035,0110000010,0000000000,2470,P1,36
17:42:39  [SLOT] n=2059 tx=39 ack=0 due=0 r=1
17:42:39  [AT] "AT+CIPSEND=40" (13)
17:42:39  [AT] " S,2035,0110000010,0000000000,2470,P1,36" (40)
17:42:39  [AT] "SEND OK" (7)
17:42:40  [TX] S,2036,0110000010,0000000000,2472,P1,37
17:42:40  [SLOT] n=2060 tx=39 ack=0 due=0 r=1
17:42:40  [AT] "AT+CIPSEND=40" (13)
17:42:40  [AT] " S,2036,0110000010,0000000000,2472,P1,37" (40)
17:42:40  [AT] "SEND OK" (7)
17:42:41  [TX] S,2037,0110000010,0000000000,2473,P1,37
17:42:41  [SLOT] n=2061 tx=39 ack=0 due=0 r=1
17:42:41  [AT] "AT+CIPSEND=40" (13)
17:42:41  [AT] " S,2037,0110000010,0000000000,2473,P1,37" (40)
17:42:41  [AT] "SEND OK" (7)
17:42:42  [TX] S,2038,0110000010,0000000000,2474,P1,3F
17:42:42  [SLOT] n=2062 tx=39 ack=0 due=0 r=1
17:42:42  [AT] "AT+CIPSEND=40" (13)
17:42:43  [AT] " S,2038,0110000010,0000000000,2474,P1,3F" (40)
17:42:43  [AT] "SEND OK" (7)
17:42:45  [TX] S,2039,0110000010,0000000000,2475,P1,3F
17:42:45  [SLOT] n=2063 tx=39 ack=0 due=0 r=1
17:42:45  [AT] "AT+CIPSEND=40" (13)
17:42:45  [AT] " S,2039,0110000010,0000000000,2475,P1,3F" (40)
17:42:45  [AT] "SEND OK" (7)
17:42:46  [TX] S,2040,0110000010,0000000000,2476,P1,32
17:42:46  [SLOT] n=2064 tx=39 ack=0 due=0 r=1
17:42:46  [AT] "AT+CIPSEND=40" (13)
17:42:46  [AT] " S,2040,0110000010,0000000000,2476,P1,32" (40)
17:42:46  [AT] "SEND OK" (7)
17:42:47  [TX] S,2041,0110000010,0000000000,2478,P1,3D
17:42:47  [SLOT] n=2065 tx=39 ack=0 due=0 r=1
17:42:47  [AT] "AT+CIPSEND=40" (13)
17:42:47  [AT] " S,2041,0110000010,0000000000,2478,P1,3D" (40)
17:42:47  [AT] "SEND OK" (7)
17:42:48  [TX] S,2042,0110000010,0000000000,2479,P1,3F
17:42:48  [SLOT] n=2066 tx=39 ack=0 due=0 r=1
17:42:48  [AT] "AT+CIPSEND=40" (13)
17:42:48  [AT] " S,2042,0110000010,0000000000,2479,P1,3F" (40)
17:42:48  [AT] "SEND OK" (7)
17:42:49  [TX] S,2043,0110000010,0000000000,2480,P1,38
17:42:49  [SLOT] n=2067 tx=39 ack=0 due=0 r=1
17:42:49  [AT] "AT+CIPSEND=40" (13)
17:42:49  [AT] " S,2043,0110000010,0000000000,2480,P1,38" (40)
17:42:49  [AT] "SEND OK" (7)
17:42:51  [TX] S,2044,0110000010,0000000000,2481,P1,3E
17:42:51  [SLOT] n=2068 tx=39 ack=0 due=0 r=1
17:42:51  [AT] "AT+CIPSEND=40" (13)
17:42:51  [AT] " S,2044,0110000010,0000000000,2481,P1,3E" (40)
17:42:51  [AT] "SEND OK" (7)
17:42:52  [TX] S,2045,0110000010,0000000000,2482,P1,3C
17:42:52  [SLOT] n=2069 tx=39 ack=0 due=0 r=1
17:42:52  [AT] "AT+CIPSEND=40" (13)
17:42:52  [AT] " S,2045,0110000010,0000000000,2482,P1,3C" (40)
17:42:52  [AT] "SEND OK" (7)
17:42:53  [TX] S,2046,0110000010,0000000000,2484,P1,39
17:42:53  [SLOT] n=2070 tx=39 ack=0 due=0 r=1
17:42:53  [AT] "AT+CIPSEND=40" (13)
17:42:53  [AT] " S,2046,0110000010,0000000000,2484,P1,39" (40)
17:42:53  [AT] "SEND OK" (7)
17:42:54  [TX] S,2047,0110000010,0000000000,2485,P1,39
17:42:54  [SLOT] n=2071 tx=39 ack=0 due=0 r=1
17:42:54  [AT] "AT+CIPSEND=40" (13)
17:42:54  [AT] " S,2047,0110000010,0000000000,2485,P1,39" (40)
17:42:54  [AT] "SEND OK" (7)
17:42:55  [TX] S,2048,0110000010,0000000000,2486,P1,35
17:42:55  [SLOT] n=2072 tx=39 ack=0 due=0 r=1
17:42:55  [AT] "AT+CIPSEND=40" (13)
17:42:55  [AT] " S,2048,0110000010,0000000000,2486,P1,35" (40)
17:42:55  [AT] "SEND OK" (7)
17:42:57  [TX] S,2049,0110000010,0000000000,2487,P1,35
17:42:57  [SLOT] n=2073 tx=39 ack=0 due=0 r=1
17:42:57  [AT] "AT+CIPSEND=40" (13)
17:42:57  [AT] " S,2049,0110000010,0000000000,2487,P1,35" (40)
17:42:57  [AT] "SEND OK" (7)
17:42:58  [TX] S,2050,0110000010,0000000000,2488,P1,32
17:42:58  [SLOT] n=2074 tx=39 ack=0 due=0 r=1
17:42:58  [AT] "AT+CIPSEND=40" (13)
17:42:58  [AT] " S,2050,0110000010,0000000000,2488,P1,32" (40)
17:42:58  [AT] "SEND OK" (7)
17:42:59  [TX] S,2051,0110000010,0000000000,2490,P1,3A
17:42:59  [SLOT] n=2075 tx=39 ack=0 due=0 r=1
17:42:59  [AT] "AT+CIPSEND=40" (13)
17:42:59  [AT] " S,2051,0110000010,0000000000,2490,P1,3A" (40)
17:42:59  [AT] "SEND OK" (7)
17:43:00  [TX] S,2052,0110000010,0000000000,2491,P1,38
17:43:00  [SLOT] n=2076 tx=39 ack=0 due=0 r=1
17:43:00  [AT] "AT+CIPSEND=40" (13)
17:43:00  [AT] " S,2052,0110000010,0000000000,2491,P1,38" (40)
17:43:00  [AT] "SEND OK" (7)
17:43:01  [TX] S,2053,0110000010,0000000000,2492,P1,3A
17:43:01  [SLOT] n=2077 tx=39 ack=0 due=0 r=1
17:43:01  [AT] "AT+CIPSEND=40" (13)
17:43:01  [AT] " S,2053,0110000010,0000000000,2492,P1,3A" (40)
17:43:01  [AT] "SEND OK" (7)
17:43:03  [TX] S,2054,0110000010,0000000000,2493,P1,3C
17:43:03  [SLOT] n=2078 tx=39 ack=0 due=0 r=1
17:43:03  [AT] "AT+CIPSEND=40" (13)
17:43:03  [AT] " S,2054,0110000010,0000000000,2493,P1,3C" (40)
17:43:03  [AT] "SEND OK" (7)
17:43:04  [TX] S,2055,0110000010,0000000000,2494,P1,3A
17:43:04  [SLOT] n=2079 tx=39 ack=0 due=0 r=1
17:43:04  [AT] "AT+CIPSEND=40" (13)
17:43:04  [AT] " S,2055,0110000010,0000000000,2494,P1,3A" (40)
17:43:04  [AT] "SEND OK" (7)
17:43:05  [TX] S,2056,0110000010,0000000000,2496,P1,3B
17:43:05  [SLOT] n=2080 tx=39 ack=0 due=0 r=1
17:43:05  [AT] "AT+CIPSEND=40" (13)
17:43:05  [AT] " S,2056,0110000010,0000000000,2496,P1,3B" (40)
17:43:05  [AT] "SEND OK" (7)
17:43:06  [TX] S,2057,0110000010,0000000000,2497,P1,3B
17:43:06  [SLOT] n=2081 tx=39 ack=0 due=0 r=1
17:43:06  [AT] "AT+CIPSEND=40" (13)
17:43:06  [AT] " S,2057,0110000010,0000000000,2497,P1,3B" (40)
17:43:06  [AT] "SEND OK" (7)
17:43:07  [TX] S,2058,0110000010,0000000000,2498,P1,3B
17:43:07  [SLOT] n=2082 tx=39 ack=0 due=0 r=1
17:43:07  [AT] "AT+CIPSEND=40" (13)
17:43:07  [AT] " S,2058,0110000010,0000000000,2498,P1,3B" (40)
17:43:07  [AT] "SEND OK" (7)
17:43:09  [TX] S,2059,0110000010,0000000000,2499,P1,3B
17:43:09  [SLOT] n=2083 tx=39 ack=0 due=0 r=1
17:43:09  [AT] "AT+CIPSEND=40" (13)
17:43:09  [AT] " S,2059,0110000010,0000000000,2499,P1,3B" (40)
17:43:09  [AT] "SEND OK" (7)
17:43:10  [TX] S,2060,0110000010,0000000000,2500,P1,30
17:43:10  [SLOT] n=2084 tx=39 ack=0 due=0 r=1
17:43:10  [AT] "AT+CIPSEND=40" (13)
17:43:10  [AT] " S,2060,0110000010,0000000000,2500,P1,30" (40)
17:43:10  [AT] "SEND OK" (7)
17:43:11  [TX] S,2061,0110000010,0000000000,2502,P1,33
17:43:11  [SLOT] n=2085 tx=39 ack=0 due=0 r=1
17:43:11  [AT] "AT+CIPSEND=40" (13)
17:43:11  [AT] " S,2061,0110000010,0000000000,2502,P1,33" (40)
17:43:11  [AT] "SEND OK" (7)
17:43:12  [TX] S,2062,0110000010,0000000000,2503,P1,31
17:43:12  [SLOT] n=2086 tx=39 ack=0 due=0 r=1
17:43:12  [AT] "AT+CIPSEND=40" (13)
17:43:12  [AT] " S,2062,0110000010,0000000000,2503,P1,31" (40)
17:43:12  [AT] "SEND OK" (7)
17:43:13  [TX] S,2063,0110000010,0000000000,2504,P1,37
17:43:13  [SLOT] n=2087 tx=39 ack=0 due=0 r=1
17:43:13  [AT] "AT+CIPSEND=40" (13)
17:43:13  [AT] " S,2063,0110000010,0000000000,2504,P1,37" (40)
17:43:13  [AT] "SEND OK" (7)
17:43:15  [TX] S,2064,0110000010,0000000000,2505,P1,31
17:43:15  [SLOT] n=2088 tx=39 ack=0 due=0 r=1
17:43:15  [AT] "AT+CIPSEND=40" (13)
17:43:15  [AT] " S,2064,0110000010,0000000000,2505,P1,31" (40)
17:43:15  [AT] "SEND OK" (7)
17:43:16  [TX] S,2065,0110000010,0000000000,2506,P1,33
17:43:16  [SLOT] n=2089 tx=39 ack=0 due=0 r=1
17:43:16  [AT] "AT+CIPSEND=40" (13)
17:43:16  [AT] " S,2065,0110000010,0000000000,2506,P1,33" (40)
17:43:16  [AT] "SEND OK" (7)
17:43:17  [TX] S,2066,0110000010,0000000000,2508,P1,3E
17:43:17  [SLOT] n=2090 tx=39 ack=0 due=0 r=1
17:43:17  [AT] "AT+CIPSEND=40" (13)
17:43:17  [AT] " S,2066,0110000010,0000000000,2508,P1,3E" (40)
17:43:17  [AT] "SEND OK" (7)
17:43:18  [TX] S,2067,0110000010,0000000000,2509,P1,3E
17:43:18  [SLOT] n=2091 tx=39 ack=0 due=0 r=1
17:43:18  [AT] "AT+CIPSEND=40" (13)
17:43:18  [AT] " S,2067,0110000010,0000000000,2509,P1,3E" (40)
17:43:18  [AT] "SEND OK" (7)
17:43:19  [TX] S,2068,0110000010,0000000000,2510,P1,39
17:43:19  [SLOT] n=2092 tx=39 ack=0 due=0 r=1
17:43:19  [AT] "AT+CIPSEND=40" (13)
17:43:19  [AT] " S,2068,0110000010,0000000000,2510,P1,39" (40)
17:43:19  [AT] "SEND OK" (7)
17:43:21  [TX] S,2069,0110000010,0000000000,2511,P1,39
17:43:21  [SLOT] n=2093 tx=39 ack=0 due=0 r=1
17:43:21  [AT] "AT+CIPSEND=40" (13)
17:43:21  [AT] " S,2069,0110000010,0000000000,2511,P1,39" (40)
17:43:21  [AT] "SEND OK" (7)
17:43:22  [TX] S,2070,0110000010,0000000000,2512,P1,32
17:43:22  [SLOT] n=2094 tx=39 ack=0 due=0 r=1
17:43:22  [AT] "AT+CIPSEND=40" (13)
17:43:22  [AT] " S,2070,0110000010,0000000000,2512,P1,32" (40)
17:43:22  [AT] "SEND OK" (7)
17:43:23  [TX] S,2071,0110000010,0000000000,2514,P1,35
17:43:23  [SLOT] n=2095 tx=39 ack=0 due=0 r=1
17:43:23  [AT] "AT+CIPSEND=40" (13)
17:43:23  [AT] " S,2071,0110000010,0000000000,2514,P1,35" (40)
17:43:23  [AT] "SEND OK" (7)
17:43:24  [TX] S,2072,0110000010,0000000000,2515,P1,37
17:43:24  [SLOT] n=2096 tx=39 ack=0 due=0 r=1
17:43:24  [AT] "AT+CIPSEND=40" (13)
17:43:24  [AT] " S,2072,0110000010,0000000000,2515,P1,37" (40)
17:43:24  [AT] "SEND OK" (7)
17:43:25  [TX] S,2073,0110000010,0000000000,2516,P1,35
17:43:25  [SLOT] n=2097 tx=39 ack=0 due=0 r=1
17:43:25  [AT] "AT+CIPSEND=40" (13)
17:43:25  [AT] " S,2073,0110000010,0000000000,2516,P1,35" (40)
17:43:25  [AT] "SEND OK" (7)
17:43:27  [TX] S,2074,0110000010,0000000000,2517,P1,33
17:43:27  [SLOT] n=2098 tx=39 ack=0 due=0 r=1
17:43:27  [AT] "AT+CIPSEND=40" (13)
17:43:27  [AT] " S,2074,0110000010,0000000000,2517,P1,33" (40)
17:43:27  [AT] "SEND OK" (7)
17:43:28  [TX] S,2075,0110000010,0000000000,2518,P1,3D
17:43:28  [SLOT] n=2099 tx=39 ack=0 due=0 r=1
17:43:28  [AT] "AT+CIPSEND=40" (13)
17:43:28  [AT] " S,2075,0110000010,0000000000,2518,P1,3D" (40)
17:43:28  [AT] "SEND OK" (7)
17:43:29  [TX] S,2076,0110000010,0000000000,2520,P1,35
17:43:29  [SLOT] n=2100 tx=39 ack=0 due=0 r=1
17:43:29  [CNT] up=2520 drop=1 esprst=2 resync=3 sendfail=0 okto=1 stuck=0 ackq=0 ackdrop=0 ackstale=0 slot=2100 oow=1015 smiss=2 ssovf=82 cksumng=85 okstream=2076 penddrop=9 skip=2 online=1
17:43:29  [RAM] 최저 여유 627 B · 프롬프트 재동기 3회 (서버의 '버린줄' 과 맞아야 한다)
17:43:29  [AT] " S,2076,0110000010,0000000000,2520,P1,35" (40)
17:43:29  [AT] "SEND OK" (7)
17:43:29  [AT] "AT+CIPSEND=40" (13)
17:43:30  [TX] S,2077,0110000010,0000000000,2521,P1,35
17:43:30  [SLOT] n=2101 tx=39 ack=0 due=0 r=1
17:43:30  [AT] "AT+CIPSEND=40" (13)
17:43:30  [AT] " S,2077,0110000010,0000000000,2521,P1,35" (40)
17:43:30  [AT] "SEND OK" (7)
17:43:31  [TX] S,2078,0110000010,0000000000,2522,P1,39
17:43:31  [SLOT] n=2102 tx=39 ack=0 due=0 r=1
17:43:31  [AT] "AT+CIPSEND=40" (13)
17:43:31  [AT] " S,2078,0110000010,0000000000,2522,P1,39" (40)
17:43:31  [AT] "SEND OK" (7)
17:43:33  [TX] S,2079,0110000010,0000000000,2523,P1,39
17:43:33  [SLOT] n=2103 tx=39 ack=0 due=0 r=1
17:43:33  [AT] "AT+CIPSEND=40" (13)
17:43:33  [AT] " S,2079,0110000010,0000000000,2523,P1,39" (40)
17:43:33  [AT] "SEND OK" (7)
17:43:34  [TX] S,2080,0110000010,0000000000,2524,P1,38
17:43:34  [SLOT] n=2104 tx=39 ack=0 due=0 r=1
17:43:34  [AT] "AT+CIPSEND=40" (13)
17:43:34  [AT] " S,2080,0110000010,0000000000,2524,P1,38" (40)
17:43:34  [AT] "SEND OK" (7)
17:43:35  [TX] S,2081,0110000010,0000000000,2526,P1,3B
17:43:35  [SLOT] n=2105 tx=39 ack=0 due=0 r=1
17:43:35  [AT] "AT+CIPSEND=40" (13)
17:43:35  [AT] " S,2081,0110000010,0000000000,2526,P1,3B" (40)
17:43:35  [AT] "SEND OK" (7)
17:43:36  [TX] S,2082,0110000010,0000000000,2527,P1,39
17:43:36  [SLOT] n=2106 tx=39 ack=0 due=0 r=1
17:43:36  [AT] "AT+CIPSEND=40" (13)
17:43:36  [AT] " S,2082,0110000010,0000000000,2527,P1,39" (40)
17:43:36  [AT] "SEND OK" (7)
17:43:37  [TX] S,2083,0110000010,0000000000,2528,P1,37
17:43:37  [SLOT] n=2107 tx=39 ack=0 due=0 r=1
17:43:37  [AT] "AT+CIPSEND=40" (13)
17:43:37  [AT] " S,2083,0110000010,0000000000,2528,P1,37" (40)
17:43:37  [AT] "SEND OK" (7)
17:43:39  [TX] S,2084,0110000010,0000000000,2529,P1,31
17:43:39  [SLOT] n=2108 tx=39 ack=0 due=0 r=1
17:43:39  [AT] "AT+CIPSEND=40" (13)
17:43:39  [AT] " S,2084,0110000010,0000000000,2529,P1,31" (40)
17:43:39  [AT] "SEND OK" (7)
17:43:40  [TX] S,2085,0110000010,0000000000,2530,P1,38
17:43:40  [SLOT] n=2109 tx=39 ack=0 due=0 r=1
17:43:40  [AT] "AT+CIPSEND=40" (13)
17:43:40  [AT] " S,2085,0110000010,0000000000,2530,P1,38" (40)
17:43:40  [AT] "SEND OK" (7)
17:43:41  [TX] S,2086,0110000010,0000000000,2532,P1,39
17:43:41  [SLOT] n=2110 tx=39 ack=0 due=0 r=1
17:43:41  [AT] "AT+CIPSEND=40" (13)
17:43:41  [AT] " S,2086,0110000010,0000000000,2532,P1,39" (40)
17:43:41  [AT] "SEND OK" (7)
17:43:42  [TX] S,2087,0110000010,0000000000,2533,P1,39
17:43:42  [SLOT] n=2111 tx=39 ack=0 due=0 r=1
17:43:42  [AT] "AT+CIPSEND=40" (13)
17:43:42  [AT] " S,2087,0110000010,0000000000,2533,P1,39" (40)
17:43:42  [AT] "SEND OK" (7)
17:43:43  [TX] S,2088,0110000010,0000000000,2534,P1,31
17:43:43  [SLOT] n=2112 tx=39 ack=0 due=0 r=1
17:43:43  [AT] "AT+CIPSEND=40" (13)
17:43:43  [AT] " S,2088,0110000010,0000000000,2534,P1,31" (40)
17:43:43  [AT] "SEND OK" (7)
17:43:45  [TX] S,2089,0110000010,0000000000,2535,P1,31
17:43:45  [SLOT] n=2113 tx=39 ack=0 due=0 r=1
17:43:45  [AT] "AT+CIPSEND=40" (13)
17:43:45  [AT] " S,2089,0110000010,0000000000,2535,P1,31" (40)
17:43:45  [AT] "SEND OK" (7)
17:43:46  [TX] S,2090,0110000010,0000000000,2536,P1,3A
17:43:46  [SLOT] n=2114 tx=39 ack=0 due=0 r=1
17:43:46  [AT] "AT+CIPSEND=40" (13)
17:43:46  [AT] " S,2090,0110000010,0000000000,2536,P1,3A" (40)
17:43:46  [AT] "SEND OK" (7)
17:43:47  [TX] S,2091,0110000010,0000000000,2538,P1,35
17:43:47  [SLOT] n=2115 tx=39 ack=0 due=0 r=1
17:43:47  [AT] "AT+CIPSEND=40" (13)
17:43:47  [AT] " S,2091,0110000010,0000000000,2538,P1,35" (40)
17:43:47  [AT] "SEND OK" (7)
17:43:48  [TX] S,2092,0110000010,0000000000,2539,P1,37
17:43:48  [SLOT] n=2116 tx=39 ack=0 due=0 r=1
17:43:48  [AT] "AT+CIPSEND=40" (13)
17:43:48  [AT] " S,2092,0110000010,0000000000,2539,P1,37" (40)
17:43:48  [AT] "SEND OK" (7)
17:43:49  [TX] S,2093,0110000010,0000000000,2540,P1,38
17:43:49  [SLOT] n=2117 tx=39 ack=0 due=0 r=1
17:43:49  [AT] "AT+CIPSEND=40" (13)
17:43:50  [AT] " S,2093,0110000010,0000000000,2540,P1,38" (40)
17:43:50  [AT] "SEND OK" (7)
17:43:51  [TX] S,2094,0110000010,0000000000,2541,P1,3E
17:43:51  [SLOT] n=2118 tx=39 ack=0 due=0 r=1
17:43:51  [AT] "AT+CIPSEND=40" (13)
17:43:51  [AT] " S,2094,0110000010,0000000000,2541,P1,3E" (40)
17:43:51  [AT] "SEND OK" (7)
17:43:52  [TX] S,2095,0110000010,0000000000,2542,P1,3C
17:43:52  [SLOT] n=2119 tx=39 ack=0 due=0 r=1
17:43:52  [AT] "AT+CIPSEND=40" (13)
17:43:52  [AT] " S,2095,0110000010,0000000000,2542,P1,3C" (40)
17:43:52  [AT] "SEND OK" (7)
17:43:53  [TX] S,2096,0110000010,0000000000,2544,P1,39
17:43:53  [SLOT] n=2120 tx=39 ack=0 due=0 r=1
17:43:53  [AT] "AT+CIPSEND=40" (13)
17:43:53  [AT] " S,2096,0110000010,0000000000,2544,P1,39" (40)
17:43:53  [AT] "SEND OK" (7)
17:43:54  [TX] S,2097,0110000010,0000000000,2545,P1,39
17:43:54  [SLOT] n=2121 tx=39 ack=0 due=0 r=1
17:43:54  [AT] "AT+CIPSEND=40" (13)
17:43:54  [AT] " S,2097,0110000010,0000000000,2545,P1,39" (40)
17:43:54  [AT] "SEND OK" (7)
17:43:55  [TX] S,2098,0110000010,0000000000,2546,P1,35
17:43:55  [SLOT] n=2122 tx=39 ack=0 due=0 r=1
17:43:55  [AT] "AT+CIPSEND=40" (13)
17:43:55  [AT] " S,2098,0110000010,0000000000,2546,P1,35" (40)
17:43:55  [AT] "SEND OK" (7)
17:43:57  [TX] S,2099,0110000010,0000000000,2547,P1,35
17:43:57  [SLOT] n=2123 tx=39 ack=0 due=0 r=1
17:43:57  [AT] "AT+CIPSEND=40" (13)
17:43:57  [AT] " S,2099,0110000010,0000000000,2547,P1,35" (40)
17:43:57  [AT] "SEND OK" (7)
17:43:58  [TX] S,2100,0110000010,0000000000,2548,P1,3B
17:43:58  [SLOT] n=2124 tx=39 ack=0 due=0 r=1
17:43:58  [AT] "AT+CIPSEND=40" (13)
17:43:58  [AT] " S,2100,0110000010,0000000000,2548,P1,3B" (40)
17:43:58  [AT] "SEND OK" (7)
17:43:59  [TX] S,2101,0110000010,0000000000,2550,P1,33
17:43:59  [SLOT] n=2125 tx=39 ack=0 due=0 r=1
17:43:59  [AT] "AT+CIPSEND=40" (13)
17:43:59  [AT] " S,2101,0110000010,0000000000,2550,P1,33" (40)
17:43:59  [AT] "SEND OK" (7)
17:44:00  [TX] S,2102,0110000010,0000000000,2551,P1,31
17:44:00  [SLOT] n=2126 tx=39 ack=0 due=0 r=1
17:44:00  [AT] "AT+CIPSEND=40" (13)
17:44:00  [AT] " S,2102,0110000010,0000000000,2551,P1,31" (40)
17:44:00  [AT] "SEND OK" (7)
17:44:01  [TX] S,2103,0110000010,0000000000,2552,P1,33
17:44:01  [SLOT] n=2127 tx=39 ack=0 due=0 r=1
17:44:01  [AT] "AT+CIPSEND=40" (13)
17:44:01  [AT] " S,2103,0110000010,0000000000,2552,P1,33" (40)
17:44:01  [AT] "SEND OK" (7)
17:44:03  [TX] S,2104,0110000010,0000000000,2553,P1,35
17:44:03  [SLOT] n=2128 tx=39 ack=0 due=0 r=1
17:44:03  [AT] "AT+CIPSEND=40" (13)
17:44:03  [AT] " S,2104,0110000010,0000000000,2553,P1,35" (40)
17:44:03  [AT] "SEND OK" (7)
17:44:04  [TX] S,2105,0110000010,0000000000,2554,P1,33
17:44:04  [SLOT] n=2129 tx=39 ack=0 due=0 r=1
17:44:04  [AT] "AT+CIPSEND=40" (13)
17:44:04  [AT] " S,2105,0110000010,0000000000,2554,P1,33" (40)
17:44:04  [AT] "SEND OK" (7)
17:44:05  [TX] S,2106,0110000010,0000000000,2556,P1,32
17:44:05  [SLOT] n=2130 tx=39 ack=0 due=0 r=1
17:44:05  [AT] "AT+CIPSEND=40" (13)
17:44:05  [AT] " S,2106,0110000010,0000000000,2556,P1,32" (40)
17:44:05  [AT] "SEND OK" (7)
17:44:06  [TX] S,2107,0110000010,0000000000,2557,P1,32
17:44:06  [SLOT] n=2131 tx=39 ack=0 due=0 r=1
17:44:06  [AT] "AT+CIPSEND=40" (13)
17:44:06  [AT] " S,2107,0110000010,0000000000,2557,P1,32" (40)
17:44:06  [AT] "SEND OK" (7)
17:44:07  [TX] S,2108,0110000010,0000000000,2558,P1,32
17:44:07  [SLOT] n=2132 tx=39 ack=0 due=0 r=1
17:44:07  [AT] "AT+CIPSEND=40" (13)
17:44:07  [AT] " S,2108,0110000010,0000000000,2558,P1,32" (40)
17:44:07  [AT] "SEND OK" (7)
17:44:09  [TX] S,2109,0110000010,0000000000,2559,P1,32
17:44:09  [SLOT] n=2133 tx=39 ack=0 due=0 r=1
17:44:09  [AT] "AT+CIPSEND=40" (13)
17:44:09  [AT] " S,2109,0110000010,0000000000,2559,P1,32" (40)
17:44:09  [AT] "SEND OK" (7)
17:44:10  [TX] S,2110,0110000010,0000000000,2560,P1,30
17:44:10  [SLOT] n=2134 tx=39 ack=0 due=0 r=1
17:44:10  [AT] "AT+CIPSEND=40" (13)
17:44:10  [AT] " S,2110,0110000010,0000000000,2560,P1,30" (40)
17:44:10  [AT] "SEND OK" (7)
17:44:11  [TX] S,2111,0110000010,0000000000,2562,P1,33
17:44:11  [SLOT] n=2135 tx=39 ack=0 due=0 r=1
17:44:11  [AT] "AT+CIPSEND=40" (13)
17:44:11  [AT] " S,2111,0110000010,0000000000,2562,P1,33" (40)
17:44:11  [AT] "SEND OK" (7)
17:44:12  [TX] S,2112,0110000010,0000000000,2563,P1,31
17:44:12  [SLOT] n=2136 tx=39 ack=0 due=0 r=1
17:44:12  [AT] "AT+CIPSEND=40" (13)
17:44:12  [AT] " S,2112,0110000010,0000000000,2563,P1,31" (40)
17:44:12  [AT] "SEND OK" (7)
17:44:13  [TX] S,2113,0110000010,0000000000,2564,P1,37
17:44:13  [SLOT] n=2137 tx=39 ack=0 due=0 r=1
17:44:13  [AT] "AT+CIPSEND=40" (13)
17:44:13  [AT] " S,2113,0110000010,0000000000,2564,P1,37" (40)
17:44:13  [AT] "SEND OK" (7)
17:44:15  [TX] S,2114,0110000010,0000000000,2565,P1,31
17:44:15  [SLOT] n=2138 tx=39 ack=0 due=0 r=1
17:44:15  [AT] "AT+CIPSEND=40" (13)
17:44:15  [AT] " S,2114,0110000010,0000000000,2565,P1,31" (40)
17:44:15  [AT] "SEND OK" (7)
17:44:16  [TX] S,2115,0110000010,0000000000,2566,P1,33
17:44:16  [SLOT] n=2139 tx=39 ack=0 due=0 r=1
17:44:16  [AT] "AT+CIPSEND=40" (13)
17:44:16  [AT] " S,2115,0110000010,0000000000,2566,P1,33" (40)
17:44:16  [AT] "SEND OK" (7)
17:44:17  [TX] S,2116,0110000010,0000000000,2568,P1,3E
17:44:17  [SLOT] n=2140 tx=39 ack=0 due=0 r=1
17:44:17  [AT] "AT+CIPSEND=40" (13)
17:44:17  [AT] " S,2116,0110000010,0000000000,2568,P1,3E" (40)
17:44:17  [AT] "SEND OK" (7)
17:44:18  [TX] S,2117,0110000010,0000000000,2569,P1,3E
17:44:18  [SLOT] n=2141 tx=39 ack=0 due=0 r=1
17:44:18  [AT] "AT+CIPSEND=40" (13)
17:44:18  [AT] " S,2117,0110000010,0000000000,2569,P1,3E" (40)
17:44:18  [AT] "SEND OK" (7)
17:44:19  [TX] S,2118,0110000010,0000000000,2570,P1,39
17:44:19  [SLOT] n=2142 tx=39 ack=0 due=0 r=1
17:44:19  [AT] "AT+CIPSEND=40" (13)
17:44:19  [AT] " S,2118,0110000010,0000000000,2570,P1,39" (40)
17:44:19  [AT] "SEND OK" (7)
17:44:21  [TX] S,2119,0110000010,0000000000,2571,P1,39
17:44:21  [SLOT] n=2143 tx=39 ack=0 due=0 r=1
17:44:21  [AT] "AT+CIPSEND=40" (13)
17:44:21  [AT] " S,2119,0110000010,0000000000,2571,P1,39" (40)
17:44:21  [AT] "SEND OK" (7)
17:44:22  [TX] S,2120,0110000010,0000000000,2572,P1,30
17:44:22  [SLOT] n=2144 tx=39 ack=0 due=0 r=1
17:44:22  [AT] "AT+CIPSEND=40" (13)
17:44:22  [AT] " S,2120,0110000010,0000000000,2572,P1,30" (40)
17:44:22  [AT] "SEND OK" (7)
17:44:23  [TX] S,2121,0110000010,0000000000,2574,P1,37
17:44:23  [SLOT] n=2145 tx=39 ack=0 due=0 r=1
17:44:23  [AT] "AT+CIPSEND=40" (13)
17:44:23  [AT] " S,2121,0110000010,0000000000,2574,P1,37" (40)
17:44:23  [AT] "SEND OK" (7)
17:44:24  [TX] S,2122,0110000010,0000000000,2575,P1,35
17:44:24  [SLOT] n=2146 tx=39 ack=0 due=0 r=1
17:44:24  [AT] "AT+CIPSEND=40" (13)
17:44:24  [AT] " S,2122,0110000010,0000000000,2575,P1,35" (40)
17:44:24  [AT] "SEND OK" (7)
17:44:25  [TX] S,2123,0110000010,0000000000,2576,P1,37
17:44:25  [SLOT] n=2147 tx=39 ack=0 due=0 r=1
17:44:25  [AT] "AT+CIPSEND=40" (13)
17:44:25  [AT] " S,2123,0110000010,0000000000,2576,P1,37" (40)
17:44:25  [AT] "SEND OK" (7)
17:44:27  [TX] S,2124,0110000010,0000000000,2577,P1,31
17:44:27  [SLOT] n=2148 tx=39 ack=0 due=0 r=1
17:44:27  [AT] "AT+CIPSEND=40" (13)
17:44:27  [AT] " S,2124,0110000010,0000000000,2577,P1,31" (40)
17:44:27  [AT] "SEND OK" (7)
17:44:28  [TX] S,2125,0110000010,0000000000,2578,P1,3F
17:44:28  [SLOT] n=2149 tx=39 ack=0 due=0 r=1
17:44:28  [AT] "AT+CIPSEND=40" (13)
17:44:28  [AT] " S,2125,0110000010,0000000000,2578,P1,3F" (40)
17:44:28  [AT] "SEND OK" (7)
17:44:29  [TX] S,2126,0110000010,0000000000,2580,P1,3B
17:44:29  [SLOT] n=2150 tx=39 ack=0 due=0 r=1
17:44:29  [CNT] up=2580 drop=1 esprst=2 resync=3 sendfail=0 okto=1 stuck=0 ackq=0 ackdrop=0 ackstale=0 slot=2150 oow=1015 smiss=2 ssovf=82 cksumng=85 okstream=2126 penddrop=9 skip=2 online=1
17:44:29  [RAM] 최저 여유 627 B · 프롬프트 재동기 3회 (서버의 '버린줄' 과 맞아야 한다)
17:44:29  [AT] " S,2126,0110000010,0000000000,2580,P1,3B" (40)
17:44:29  [AT] "SEND OK" (7)
17:44:29  [AT] "AT+CIPSEND=40" (13)
17:44:30  [TX] S,2127,0110000010,0000000000,2581,P1,3B
17:44:30  [SLOT] n=2151 tx=39 ack=0 due=0 r=1
17:44:30  [AT] "AT+CIPSEND=40" (13)
17:44:30  [AT] " S,2127,0110000010,0000000000,2581,P1,3B" (40)
17:44:30  [AT] "SEND OK" (7)
17:44:31  [TX] S,2128,0110000010,0000000000,2582,P1,37
17:44:31  [SLOT] n=2152 tx=39 ack=0 due=0 r=1
17:44:31  [AT] "AT+CIPSEND=40" (13)
17:44:31  [AT] " S,2128,0110000010,0000000000,2582,P1,37" (40)
17:44:31  [AT] "SEND OK" (7)
17:44:32  [TX] S,2129,0110000010,0000000000,2583,P1,37
17:44:32  [SLOT] n=2153 tx=39 ack=0 due=0 r=1
17:44:32  [AT] "AT+CIPSEND=40" (13)
17:44:33  [AT] " S,2129,0110000010,0000000000,2583,P1,37" (40)
17:44:33  [AT] "SEND OK" (7)
17:44:34  [TX] S,2130,0110000010,0000000000,2584,P1,38
17:44:34  [SLOT] n=2154 tx=39 ack=0 due=0 r=1
17:44:34  [AT] "AT+CIPSEND=40" (13)
17:44:34  [AT] " S,2130,0110000010,0000000000,2584,P1,38" (40)
17:44:34  [AT] "SEND OK" (7)
17:44:35  [TX] S,2131,0110000010,0000000000,2586,P1,3B
17:44:35  [SLOT] n=2155 tx=39 ack=0 due=0 r=1
17:44:35  [AT] "AT+CIPSEND=40" (13)
17:44:35  [AT] " S,2131,0110000010,0000000000,2586,P1,3B" (40)
17:44:35  [AT] "SEND OK" (7)
17:44:36  [TX] S,2132,0110000010,0000000000,2587,P1,39
17:44:36  [SLOT] n=2156 tx=39 ack=0 due=0 r=1
17:44:36  [AT] "AT+CIPSEND=40" (13)
17:44:36  [AT] " S,2132,0110000010,0000000000,2587,P1,39" (40)
17:44:36  [AT] "SEND OK" (7)
17:44:37  [TX] S,2133,0110000010,0000000000,2588,P1,37
17:44:37  [SLOT] n=2157 tx=39 ack=0 due=0 r=1
17:44:37  [AT] "AT+CIPSEND=40" (13)
17:44:37  [AT] " S,2133,0110000010,0000000000,2588,P1,37" (40)
17:44:37  [AT] "SEND OK" (7)
17:44:38  [TX] S,2134,0110000010,0000000000,2589,P1,31
17:44:38  [SLOT] n=2158 tx=39 ack=0 due=0 r=1
17:44:38  [AT] "AT+CIPSEND=40" (13)
17:44:39  [AT] " S,2134,0110000010,0000000000,2589,P1,31" (40)
17:44:39  [AT] "SEND OK" (7)
17:44:40  [TX] S,2135,0110000010,0000000000,2590,P1,38
17:44:40  [SLOT] n=2159 tx=39 ack=0 due=0 r=1
17:44:40  [AT] "AT+CIPSEND=40" (13)
17:44:40  [AT] " S,2135,0110000010,0000000000,2590,P1,38" (40)
17:44:40  [AT] "SEND OK" (7)
17:44:41  [TX] S,2136,0110000010,0000000000,2592,P1,39
17:44:41  [SLOT] n=2160 tx=39 ack=0 due=0 r=1
17:44:41  [AT] "AT+CIPSEND=40" (13)
17:44:41  [AT] " S,2136,0110000010,0000000000,2592,P1,39" (40)
17:44:41  [AT] "SEND OK" (7)
17:44:42  [TX] S,2137,0110000010,0000000000,2593,P1,39
17:44:42  [SLOT] n=2161 tx=39 ack=0 due=0 r=1
17:44:42  [AT] "AT+CIPSEND=40" (13)
17:44:42  [AT] " S,2137,0110000010,0000000000,2593,P1,39" (40)
17:44:42  [AT] "SEND OK" (7)
17:44:43  [TX] S,2138,0110000010,0000000000,2594,P1,31
17:44:43  [SLOT] n=2162 tx=39 ack=0 due=0 r=1
17:44:43  [AT] "AT+CIPSEND=40" (13)
17:44:43  [AT] " S,2138,0110000010,0000000000,2594,P1,31" (40)
17:44:43  [AT] "SEND OK" (7)
17:44:44  [TX] S,2139,0110000010,0000000000,2595,P1,31
17:44:44  [SLOT] n=2163 tx=39 ack=0 due=0 r=1
17:44:44  [AT] "AT+CIPSEND=40" (13)
17:44:44  [AT] " S,2139,0110000010,0000000000,2595,P1,31" (40)
17:44:44  [AT] "SEND OK" (7)
17:44:46  [TX] S,2140,0110000010,0000000000,2596,P1,3C
17:44:46  [SLOT] n=2164 tx=39 ack=0 due=0 r=1
17:44:46  [AT] "AT+CIPSEND=40" (13)
17:44:46  [AT] " S,2140,0110000010,0000000000,2596,P1,3C" (40)
17:44:46  [AT] "SEND OK" (7)
17:44:47  [TX] S,2141,0110000010,0000000000,2598,P1,33
17:44:47  [SLOT] n=2165 tx=39 ack=0 due=0 r=1
17:44:47  [AT] "AT+CIPSEND=40" (13)
17:44:47  [AT] " S,2141,0110000010,0000000000,2598,P1,33" (40)
17:44:47  [AT] "SEND OK" (7)
17:44:48  [TX] S,2142,0110000010,0000000000,2599,P1,31
17:44:48  [SLOT] n=2166 tx=39 ack=0 due=0 r=1
17:44:48  [AT] "AT+CIPSEND=40" (13)
17:44:48  [AT] " S,2142,0110000010,0000000000,2599,P1,31" (40)
17:44:48  [AT] "SEND OK" (7)
17:44:49  [TX] S,2143,0110000010,0000000000,2600,P1,33
17:44:49  [SLOT] n=2167 tx=39 ack=0 due=0 r=1
17:44:49  [AT] "AT+CIPSEND=40" (13)
17:44:49  [AT] " S,2143,0110000010,0000000000,2600,P1,33" (40)
17:44:49  [AT] "SEND OK" (7)
17:44:50  [TX] S,2144,0110000010,0000000000,2601,P1,35
17:44:50  [SLOT] n=2168 tx=39 ack=0 due=0 r=1
17:44:50  [AT] "AT+CIPSEND=40" (13)
17:44:50  [AT] " S,2144,0110000010,0000000000,2601,P1,35" (40)
17:44:50  [AT] "SEND OK" (7)
17:44:52  [TX] S,2145,0110000010,0000000000,2602,P1,37
17:44:52  [SLOT] n=2169 tx=39 ack=0 due=0 r=1
17:44:52  [AT] "AT+CIPSEND=40" (13)
17:44:52  [AT] " S,2145,0110000010,0000000000,2602,P1,37" (40)
17:44:52  [AT] "SEND OK" (7)
17:44:53  [TX] S,2146,0110000010,0000000000,2604,P1,32
17:44:53  [SLOT] n=2170 tx=39 ack=0 due=0 r=1
17:44:53  [AT] "AT+CIPSEND=40" (13)
17:44:53  [AT] " S,2146,0110000010,0000000000,2604,P1,32" (40)
17:44:53  [AT] "SEND OK" (7)
17:44:54  [TX] S,2147,0110000010,0000000000,2605,P1,32
17:44:54  [SLOT] n=2171 tx=39 ack=0 due=0 r=1
17:44:54  [AT] "AT+CIPSEND=40" (13)
17:44:54  [AT] " S,2147,0110000010,0000000000,2605,P1,32" (40)
17:44:54  [AT] "SEND OK" (7)
17:44:55  [TX] S,2148,0110000010,0000000000,2606,P1,3E
17:44:55  [SLOT] n=2172 tx=39 ack=0 due=0 r=1
17:44:55  [AT] "AT+CIPSEND=40" (13)
17:44:55  [AT] " S,2148,0110000010,0000000000,2606,P1,3E" (40)
17:44:55  [AT] "SEND OK" (7)
17:44:56  [TX] S,2149,0110000010,0000000000,2607,P1,3E
17:44:56  [SLOT] n=2173 tx=39 ack=0 due=0 r=1
17:44:56  [AT] "AT+CIPSEND=40" (13)
17:44:56  [AT] " S,2149,0110000010,0000000000,2607,P1,3E" (40)
17:44:56  [AT] "SEND OK" (7)
17:44:58  [TX] S,2150,0110000010,0000000000,2608,P1,39
17:44:58  [SLOT] n=2174 tx=39 ack=0 due=0 r=1
17:44:58  [AT] "AT+CIPSEND=40" (13)
17:44:58  [AT] " S,2150,0110000010,0000000000,2608,P1,39" (40)
17:44:58  [AT] "SEND OK" (7)
17:44:59  [TX] S,2151,0110000010,0000000000,2610,P1,31
17:44:59  [SLOT] n=2175 tx=39 ack=0 due=0 r=1
17:44:59  [AT] "AT+CIPSEND=40" (13)
17:44:59  [AT] " S,2151,0110000010,0000000000,2610,P1,31" (40)
17:44:59  [AT] "SEND OK" (7)
17:45:00  [TX] S,2152,0110000010,0000000000,2611,P1,33
17:45:00  [SLOT] n=2176 tx=39 ack=0 due=0 r=1
17:45:00  [AT] "AT+CIPSEND=40" (13)
17:45:00  [AT] " S,2152,0110000010,0000000000,2611,P1,33" (40)
17:45:00  [AT] "SEND OK" (7)
17:45:01  [TX] S,2153,0110000010,0000000000,2612,P1,31
17:45:01  [SLOT] n=2177 tx=39 ack=0 due=0 r=1
17:45:01  [AT] "AT+CIPSEND=40" (13)
17:45:01  [AT] " S,2153,0110000010,0000000000,2612,P1,31" (40)
17:45:01  [AT] "SEND OK" (7)
17:45:02  [TX] S,2154,0110000010,0000000000,2613,P1,37
17:45:02  [SLOT] n=2178 tx=39 ack=0 due=0 r=1
17:45:02  [AT] "AT+CIPSEND=40" (13)
17:45:02  [AT] " S,2154,0110000010,0000000000,2613,P1,37" (40)
17:45:02  [AT] "SEND OK" (7)
17:45:04  [TX] S,2155,0110000010,0000000000,2614,P1,31
17:45:04  [SLOT] n=2179 tx=39 ack=0 due=0 r=1
17:45:04  [AT] "AT+CIPSEND=40" (13)
17:45:04  [AT] " S,2155,0110000010,0000000000,2614,P1,31" (40)
17:45:04  [AT] "SEND OK" (7)
17:45:05  [TX] S,2156,0110000010,0000000000,2616,P1,30
17:45:05  [SLOT] n=2180 tx=39 ack=0 due=0 r=1
17:45:05  [AT] "AT+CIPSEND=40" (13)
17:45:05  [AT] " S,2156,0110000010,0000000000,2616,P1,30" (40)
17:45:05  [AT] "SEND OK" (7)
17:45:06  [TX] S,2157,0110000010,0000000000,2617,P1,30
17:45:06  [SLOT] n=2181 tx=39 ack=0 due=0 r=1
17:45:06  [AT] "AT+CIPSEND=40" (13)
17:45:06  [AT] " S,2157,0110000010,0000000000,2617,P1,30" (40)
17:45:06  [AT] "SEND OK" (7)
17:45:07  [TX] S,2158,0110000010,0000000000,2618,P1,30
17:45:07  [SLOT] n=2182 tx=39 ack=0 due=0 r=1
17:45:07  [AT] "AT+CIPSEND=40" (13)
17:45:07  [AT] " S,2158,0110000010,0000000000,2618,P1,30" (40)
17:45:07  [AT] "SEND OK" (7)
17:45:08  [TX] S,2159,0110000010,0000000000,2619,P1,30
17:45:08  [SLOT] n=2183 tx=39 ack=0 due=0 r=1
17:45:08  [AT] "AT+CIPSEND=40" (13)
17:45:08  [AT] " S,2159,0110000010,0000000000,2619,P1,30" (40)
17:45:08  [AT] "SEND OK" (7)
17:45:10  [TX] S,2160,0110000010,0000000000,2620,P1,30
17:45:10  [SLOT] n=2184 tx=39 ack=0 due=0 r=1
17:45:10  [AT] "AT+CIPSEND=40" (13)
17:45:10  [AT] " S,2160,0110000010,0000000000,2620,P1,30" (40)
17:45:10  [AT] "SEND OK" (7)
17:45:11  [TX] S,2161,0110000010,0000000000,2622,P1,33
17:45:11  [SLOT] n=2185 tx=39 ack=0 due=0 r=1
17:45:11  [AT] "AT+CIPSEND=40" (13)
17:45:11  [AT] " S,2161,0110000010,0000000000,2622,P1,33" (40)
17:45:11  [AT] "SEND OK" (7)
17:45:12  [TX] S,2162,0110000010,0000000000,2623,P1,31
17:45:12  [SLOT] n=2186 tx=39 ack=0 due=0 r=1
17:45:12  [AT] "AT+CIPSEND=40" (13)
17:45:12  [AT] " S,2162,0110000010,0000000000,2623,P1,31" (40)
17:45:12  [AT] "SEND OK" (7)
17:45:13  [TX] S,2163,0110000010,0000000000,2624,P1,37
17:45:13  [SLOT] n=2187 tx=39 ack=0 due=0 r=1
17:45:13  [AT] "AT+CIPSEND=40" (13)
17:45:13  [AT] " S,2163,0110000010,0000000000,2624,P1,37" (40)
17:45:13  [AT] "SEND OK" (7)
17:45:14  [TX] S,2164,0110000010,0000000000,2625,P1,31
17:45:14  [SLOT] n=2188 tx=39 ack=0 due=0 r=1
17:45:14  [AT] "AT+CIPSEND=40" (13)
17:45:15  [AT] " S,2164,0110000010,0000000000,2625,P1,31" (40)
17:45:15  [AT] "SEND OK" (7)
17:45:16  [TX] S,2165,0110000010,0000000000,2626,P1,33
17:45:16  [SLOT] n=2189 tx=39 ack=0 due=0 r=1
17:45:16  [AT] "AT+CIPSEND=40" (13)
17:45:16  [AT] " S,2165,0110000010,0000000000,2626,P1,33" (40)
17:45:16  [AT] "SEND OK" (7)
17:45:17  [TX] S,2166,0110000010,0000000000,2628,P1,3E
17:45:17  [SLOT] n=2190 tx=39 ack=0 due=0 r=1
17:45:17  [AT] "AT+CIPSEND=40" (13)
17:45:17  [AT] " S,2166,0110000010,0000000000,2628,P1,3E" (40)
17:45:17  [AT] "SEND OK" (7)
17:45:18  [TX] S,2167,0110000010,0000000000,2629,P1,3E
17:45:18  [SLOT] n=2191 tx=39 ack=0 due=0 r=1
17:45:18  [AT] "AT+CIPSEND=40" (13)
17:45:18  [AT] " S,2167,0110000010,0000000000,2629,P1,3E" (40)
17:45:18  [AT] "SEND OK" (7)
17:45:19  [TX] S,2168,0110000010,0000000000,2630,P1,39
17:45:19  [SLOT] n=2192 tx=39 ack=0 due=0 r=1
17:45:19  [AT] "AT+CIPSEND=40" (13)
17:45:19  [AT] " S,2168,0110000010,0000000000,2630,P1,39" (40)
17:45:19  [AT] "SEND OK" (7)
17:45:20  [TX] S,2169,0110000010,0000000000,2631,P1,39
17:45:20  [SLOT] n=2193 tx=39 ack=0 due=0 r=1
17:45:20  [AT] "AT+CIPSEND=40" (13)
17:45:20  [AT] " S,2169,0110000010,0000000000,2631,P1,39" (40)
17:45:20  [AT] "SEND OK" (7)
17:45:22  [TX] S,2170,0110000010,0000000000,2632,P1,32
17:45:22  [SLOT] n=2194 tx=39 ack=0 due=0 r=1
17:45:22  [AT] "AT+CIPSEND=40" (13)
17:45:22  [AT] " S,2170,0110000010,0000000000,2632,P1,32" (40)
17:45:22  [AT] "SEND OK" (7)
17:45:23  [TX] S,2171,0110000010,0000000000,2634,P1,35
17:45:23  [SLOT] n=2195 tx=39 ack=0 due=0 r=1
17:45:23  [AT] "AT+CIPSEND=40" (13)
17:45:23  [AT] " S,2171,0110000010,0000000000,2634,P1,35" (40)
17:45:23  [AT] "SEND OK" (7)
17:45:24  [TX] S,2172,0110000010,0000000000,2635,P1,37
17:45:24  [SLOT] n=2196 tx=39 ack=0 due=0 r=1
17:45:24  [AT] "AT+CIPSEND=40" (13)
17:45:24  [AT] " S,2172,0110000010,0000000000,2635,P1,37" (40)
17:45:24  [AT] "SEND OK" (7)
17:45:25  [TX] S,2173,0110000010,0000000000,2636,P1,35
17:45:25  [SLOT] n=2197 tx=39 ack=0 due=0 r=1
17:45:25  [AT] "AT+CIPSEND=40" (13)
17:45:25  [AT] " S,2173,0110000010,0000000000,2636,P1,35" (40)
17:45:25  [AT] "SEND OK" (7)
17:45:26  [TX] S,2174,0110000010,0000000000,2637,P1,33
17:45:26  [SLOT] n=2198 tx=39 ack=0 due=0 r=1
17:45:26  [AT] "AT+CIPSEND=40" (13)
17:45:26  [AT] " S,2174,0110000010,0000000000,2637,P1,33" (40)
17:45:26  [AT] "SEND OK" (7)
17:45:28  [TX] S,2175,0110000010,0000000000,2638,P1,3D
17:45:28  [SLOT] n=2199 tx=39 ack=0 due=0 r=1
17:45:28  [AT] "AT+CIPSEND=40" (13)
17:45:28  [AT] " S,2175,0110000010,0000000000,2638,P1,3D" (40)
17:45:28  [AT] "SEND OK" (7)
17:45:29  [TX] S,2176,0110000010,0000000000,2640,P1,31
17:45:29  [SLOT] n=2200 tx=39 ack=0 due=0 r=1
17:45:29  [CNT] up=2640 drop=1 esprst=2 resync=3 sendfail=0 okto=1 stuck=0 ackq=0 ackdrop=0 ackstale=0 slot=2200 oow=1015 smiss=2 ssovf=82 cksumng=85 okstream=2176 penddrop=9 skip=2 online=1
17:45:29  [RAM] 최저 여유 627 B · 프롬프트 재동기 3회 (서버의 '버린줄' 과 맞아야 한다)
17:45:29  [AT] " S,2176,0110000010,0000000000,2640,P1,31" (40)
17:45:29  [AT] "SEND OK" (7)
17:45:29  [AT] "AT+CIPSEND=40" (13)
17:45:30  [TX] S,2177,0110000010,0000000000,2641,P1,31
17:45:30  [SLOT] n=2201 tx=39 ack=0 due=0 r=1
17:45:30  [AT] "AT+CIPSEND=40" (13)
17:45:30  [AT] " S,2177,0110000010,0000000000,2641,P1,31" (40)
17:45:30  [AT] "SEND OK" (7)
17:45:31  [TX] S,2178,0110000010,0000000000,2642,P1,3D
17:45:31  [SLOT] n=2202 tx=39 ack=0 due=0 r=1
17:45:31  [AT] "AT+CIPSEND=40" (13)
17:45:31  [AT] " S,2178,0110000010,0000000000,2642,P1,3D" (40)
17:45:31  [AT] "SEND OK" (7)
17:45:32  [TX] S,2179,0110000010,0000000000,2643,P1,3D
17:45:32  [SLOT] n=2203 tx=39 ack=0 due=0 r=1
17:45:32  [AT] "AT+CIPSEND=40" (13)
17:45:32  [AT] " S,2179,0110000010,0000000000,2643,P1,3D" (40)
17:45:32  [AT] "SEND OK" (7)
17:45:34  [TX] S,2180,0110000010,0000000000,2644,P1,3C
17:45:34  [SLOT] n=2204 tx=39 ack=0 due=0 r=1
17:45:34  [AT] "AT+CIPSEND=40" (13)
17:45:34  [AT] " S,2180,0110000010,0000000000,2644,P1,3C" (40)
17:45:34  [AT] "SEND OK" (7)
17:45:35  [TX] S,2181,0110000010,0000000000,2646,P1,3F
17:45:35  [SLOT] n=2205 tx=39 ack=0 due=0 r=1
17:45:35  [AT] "AT+CIPSEND=40" (13)
17:45:35  [AT] " S,2181,0110000010,0000000000,2646,P1,3F" (40)
17:45:35  [AT] "SEND OK" (7)
17:45:36  [TX] S,2182,0110000010,0000000000,2647,P1,3D
17:45:36  [SLOT] n=2206 tx=39 ack=0 due=0 r=1
17:45:36  [AT] "AT+CIPSEND=40" (13)
17:45:37  [AT] " S,2182,0110000010,0000000000,2647,P1,3D" (40)
17:45:37  [AT] "SEND OK" (7)
17:45:37  [TX] S,2183,0110000010,0000000000,2648,P1,33
17:45:37  [SLOT] n=2207 tx=39 ack=0 due=0 r=1
17:45:37  [AT] "AT+CIPSEND=40" (13)
17:45:37  [AT] " S,2183,0110000010,0000000000,2648,P1,33" (40)
17:45:37  [AT] "SEND OK" (7)
17:45:38  [TX] S,2184,0110000010,0000000000,2649,P1,35
17:45:38  [SLOT] n=2208 tx=39 ack=0 due=0 r=1
17:45:38  [AT] "AT+CIPSEND=40" (13)
17:45:38  [AT] " S,2184,0110000010,0000000000,2649,P1,35" (40)
17:45:38  [AT] "SEND OK" (7)
17:45:40  [TX] S,2185,0110000010,0000000000,2650,P1,3C
17:45:40  [SLOT] n=2209 tx=39 ack=0 due=0 r=1
17:45:40  [AT] "AT+CIPSEND=40" (13)
17:45:40  [AT] " S,2185,0110000010,0000000000,2650,P1,3C" (40)
17:45:40  [AT] "SEND OK" (7)
17:45:41  [TX] S,2186,0110000010,0000000000,2652,P1,3D
17:45:41  [SLOT] n=2210 tx=39 ack=0 due=0 r=1
17:45:41  [AT] "AT+CIPSEND=40" (13)
17:45:41  [AT] " S,2186,0110000010,0000000000,2652,P1,3D" (40)
17:45:41  [AT] "SEND OK" (7)
17:45:42  [TX] S,2187,0110000010,0000000000,2653,P1,3D
17:45:42  [SLOT] n=2211 tx=39 ack=0 due=0 r=1
17:45:42  [AT] "AT+CIPSEND=40" (13)
17:45:42  [AT] " S,2187,0110000010,0000000000,2653,P1,3D" (40)
17:45:42  [AT] "SEND OK" (7)
17:45:43  [TX] S,2188,0110000010,0000000000,2654,P1,35
17:45:43  [SLOT] n=2212 tx=39 ack=0 due=0 r=1
17:45:43  [AT] "AT+CIPSEND=40" (13)
17:45:43  [AT] " S,2188,0110000010,0000000000,2654,P1,35" (40)
17:45:43  [AT] "SEND OK" (7)
17:45:44  [TX] S,2189,0110000010,0000000000,2655,P1,35
17:45:44  [SLOT] n=2213 tx=39 ack=0 due=0 r=1
17:45:44  [AT] "AT+CIPSEND=40" (13)
17:45:44  [AT] " S,2189,0110000010,0000000000,2655,P1,35" (40)
17:45:44  [AT] "SEND OK" (7)
17:45:46  [TX] S,2190,0110000010,0000000000,2656,P1,3E
17:45:46  [SLOT] n=2214 tx=39 ack=0 due=0 r=1
17:45:46  [AT] "AT+CIPSEND=40" (13)
17:45:46  [AT] " S,2190,0110000010,0000000000,2656,P1,3E" (40)
17:45:46  [AT] "SEND OK" (7)
17:45:47  [TX] S,2191,0110000010,0000000000,2658,P1,31
17:45:47  [SLOT] n=2215 tx=39 ack=0 due=0 r=1
17:45:47  [AT] "AT+CIPSEND=40" (13)
17:45:47  [AT] " S,2191,0110000010,0000000000,2658,P1,31" (40)
17:45:47  [AT] "SEND OK" (7)
17:45:48  [TX] S,2192,0110000010,0000000000,2659,P1,33
17:45:48  [SLOT] n=2216 tx=39 ack=0 due=0 r=1
17:45:48  [AT] "AT+CIPSEND=40" (13)
17:45:48  [AT] " S,2192,0110000010,0000000000,2659,P1,33" (40)
17:45:48  [AT] "SEND OK" (7)
17:45:49  [TX] S,2193,0110000010,0000000000,2660,P1,38
17:45:49  [SLOT] n=2217 tx=39 ack=0 due=0 r=1
17:45:49  [AT] "AT+CIPSEND=40" (13)
17:45:49  [AT] " S,2193,0110000010,0000000000,2660,P1,38" (40)
17:45:49  [AT] "SEND OK" (7)
17:45:50  [TX] S,2194,0110000010,0000000000,2661,P1,3E
17:45:50  [SLOT] n=2218 tx=39 ack=0 due=0 r=1
17:45:50  [AT] "AT+CIPSEND=40" (13)
17:45:50  [AT] " S,2194,0110000010,0000000000,2661,P1,3E" (40)
17:45:50  [AT] "SEND OK" (7)
17:45:52  [TX] S,2195,0110000010,0000000000,2662,P1,3C
17:45:52  [SLOT] n=2219 tx=39 ack=0 due=0 r=1
17:45:52  [AT] "AT+CIPSEND=40" (13)
17:45:52  [AT] " S,2195,0110000010,0000000000,2662,P1,3C" (40)
17:45:52  [AT] "SEND OK" (7)
17:45:53  [TX] S,2196,0110000010,0000000000,2664,P1,39
17:45:53  [SLOT] n=2220 tx=39 ack=0 due=0 r=1
17:45:53  [AT] "AT+CIPSEND=40" (13)
17:45:53  [AT] " S,2196,0110000010,0000000000,2664,P1,39" (40)
17:45:53  [AT] "SEND OK" (7)
17:45:54  [TX] S,2197,0110000010,0000000000,2665,P1,39
17:45:54  [SLOT] n=2221 tx=39 ack=0 due=0 r=1
17:45:54  [AT] "AT+CIPSEND=40" (13)
17:45:54  [AT] " S,2197,0110000010,0000000000,2665,P1,39" (40)
17:45:54  [AT] "SEND OK" (7)
17:45:55  [TX] S,2198,0110000010,0000000000,2666,P1,35
17:45:55  [SLOT] n=2222 tx=39 ack=0 due=0 r=1
17:45:55  [AT] "AT+CIPSEND=40" (13)
17:45:55  [AT] " S,2198,0110000010,0000000000,2666,P1,35" (40)
17:45:55  [AT] "SEND OK" (7)
17:45:56  [TX] S,2199,0110000010,0000000000,2667,P1,35
17:45:56  [SLOT] n=2223 tx=39 ack=0 due=0 r=1
17:45:56  [AT] "AT+CIPSEND=40" (13)
17:45:56  [AT] " S,2199,0110000010,0000000000,2667,P1,35" (40)
17:45:56  [AT] "SEND OK" (7)
17:45:58  [TX] S,2200,0110000010,0000000000,2668,P1,39
17:45:58  [SLOT] n=2224 tx=39 ack=0 due=0 r=1
17:45:58  [AT] "AT+CIPSEND=40" (13)
17:45:58  [AT] " S,2200,0110000010,0000000000,2668,P1,39" (40)
17:45:58  [AT] "SEND OK" (7)
17:45:59  [TX] S,2201,0110000010,0000000000,2670,P1,31
17:45:59  [SLOT] n=2225 tx=39 ack=0 due=0 r=1
17:45:59  [AT] "AT+CIPSEND=40" (13)
17:45:59  [AT] " S,2201,0110000010,0000000000,2670,P1,31" (40)
17:45:59  [AT] "SEND OK" (7)
17:46:00  [TX] S,2202,0110000010,0000000000,2671,P1,33
17:46:00  [SLOT] n=2226 tx=39 ack=0 due=0 r=1
17:46:00  [AT] "AT+CIPSEND=40" (13)
17:46:00  [AT] " S,2202,0110000010,0000000000,2671,P1,33" (40)
17:46:00  [AT] "SEND OK" (7)
17:46:01  [TX] S,2203,0110000010,0000000000,2672,P1,31
17:46:01  [SLOT] n=2227 tx=39 ack=0 due=0 r=1
17:46:01  [AT] "AT+CIPSEND=40" (13)
17:46:01  [AT] " S,2203,0110000010,0000000000,2672,P1,31" (40)
17:46:01  [AT] "SEND OK" (7)
17:46:02  [TX] S,2204,0110000010,0000000000,2673,P1,37
17:46:02  [SLOT] n=2228 tx=39 ack=0 due=0 r=1
17:46:02  [AT] "AT+CIPSEND=40" (13)
17:46:02  [AT] " S,2204,0110000010,0000000000,2673,P1,37" (40)
17:46:02  [AT] "SEND OK" (7)
17:46:04  [TX] S,2205,0110000010,0000000000,2674,P1,31
17:46:04  [SLOT] n=2229 tx=39 ack=0 due=0 r=1
17:46:04  [AT] "AT+CIPSEND=40" (13)
17:46:04  [AT] " S,2205,0110000010,0000000000,2674,P1,31" (40)
17:46:04  [AT] "SEND OK" (7)
17:46:05  [TX] S,2206,0110000010,0000000000,2676,P1,30
17:46:05  [SLOT] n=2230 tx=39 ack=0 due=0 r=1
17:46:05  [AT] "AT+CIPSEND=40" (13)
17:46:05  [AT] " S,2206,0110000010,0000000000,2676,P1,30" (40)
17:46:05  [AT] "SEND OK" (7)
17:46:06  [TX] S,2207,0110000010,0000000000,2677,P1,30
17:46:06  [SLOT] n=2231 tx=39 ack=0 due=0 r=1
17:46:06  [AT] "AT+CIPSEND=40" (13)
17:46:06  [AT] " S,2207,0110000010,0000000000,2677,P1,30" (40)
17:46:06  [AT] "SEND OK" (7)
17:46:07  [TX] S,2208,0110000010,0000000000,2678,P1,30
17:46:07  [SLOT] n=2232 tx=39 ack=0 due=0 r=1
17:46:07  [AT] "AT+CIPSEND=40" (13)
17:46:07  [AT] " S,2208,0110000010,0000000000,2678,P1,30" (40)
17:46:07  [AT] "SEND OK" (7)
17:46:08  [TX] S,2209,0110000010,0000000000,2679,P1,30
17:46:08  [SLOT] n=2233 tx=39 ack=0 due=0 r=1
17:46:08  [AT] "AT+CIPSEND=40" (13)
17:46:08  [AT] " S,2209,0110000010,0000000000,2679,P1,30" (40)
17:46:08  [AT] "SEND OK" (7)
17:46:10  [TX] S,2210,0110000010,0000000000,2680,P1,3E
17:46:10  [SLOT] n=2234 tx=39 ack=0 due=0 r=1
17:46:10  [AT] "AT+CIPSEND=40" (13)
17:46:10  [AT] " S,2210,0110000010,0000000000,2680,P1,3E" (40)
17:46:10  [AT] "SEND OK" (7)
17:46:11  [TX] S,2211,0110000010,0000000000,2682,P1,3D
17:46:11  [SLOT] n=2235 tx=39 ack=0 due=0 r=1
17:46:11  [AT] "AT+CIPSEND=40" (13)
17:46:11  [AT] " S,2211,0110000010,0000000000,2682,P1,3D" (40)
17:46:11  [AT] "SEND OK" (7)
17:46:12  [TX] S,2212,0110000010,0000000000,2683,P1,3F
17:46:12  [SLOT] n=2236 tx=39 ack=0 due=0 r=1
17:46:12  [AT] "AT+CIPSEND=40" (13)
17:46:12  [AT] " S,2212,0110000010,0000000000,2683,P1,3F" (40)
17:46:12  [AT] "SEND OK" (7)
17:46:13  [TX] S,2213,0110000010,0000000000,2684,P1,39
17:46:13  [SLOT] n=2237 tx=39 ack=0 due=0 r=1
17:46:13  [AT] "AT+CIPSEND=40" (13)
17:46:13  [AT] " S,2213,0110000010,0000000000,2684,P1,39" (40)
17:46:13  [AT] "SEND OK" (7)
17:46:14  [TX] S,2214,0110000010,0000000000,2685,P1,3F
17:46:14  [SLOT] n=2238 tx=39 ack=0 due=0 r=1
17:46:14  [AT] "AT+CIPSEND=40" (13)
17:46:14  [AT] " S,2214,0110000010,0000000000,2685,P1,3F" (40)
17:46:14  [AT] "SEND OK" (7)
17:46:16  [TX] S,2215,0110000010,0000000000,2686,P1,3D
17:46:16  [SLOT] n=2239 tx=39 ack=0 due=0 r=1
17:46:16  [AT] "AT+CIPSEND=40" (13)
17:46:16  [AT] " S,2215,0110000010,0000000000,2686,P1,3D" (40)
17:46:16  [AT] "SEND OK" (7)
17:46:17  [TX] S,2216,0110000010,0000000000,2688,P1,30
17:46:17  [SLOT] n=2240 tx=39 ack=0 due=0 r=1
17:46:17  [AT] "AT+CIPSEND=40" (13)
17:46:17  [AT] " S,2216,0110000010,0000000000,2688,P1,30" (40)
17:46:17  [AT] "SEND OK" (7)
17:46:18  [TX] S,2217,0110000010,0000000000,2689,P1,30
17:46:18  [SLOT] n=2241 tx=39 ack=0 due=0 r=1
17:46:18  [AT] "AT+CIPSEND=40" (13)
17:46:18  [AT] " S,2217,0110000010,0000000000,2689,P1,30" (40)
17:46:18  [AT] "SEND OK" (7)
17:46:19  [TX] S,2218,0110000010,0000000000,2690,P1,37
17:46:19  [SLOT] n=2242 tx=39 ack=0 due=0 r=1
17:46:19  [AT] "AT+CIPSEND=40" (13)
17:46:19  [AT] " S,2218,0110000010,0000000000,2690,P1,37" (40)
17:46:19  [AT] "SEND OK" (7)
17:46:20  [TX] S,2219,0110000010,0000000000,2691,P1,37
17:46:20  [SLOT] n=2243 tx=39 ack=0 due=0 r=1
17:46:20  [AT] "AT+CIPSEND=40" (13)
17:46:20  [AT] " S,2219,0110000010,0000000000,2691,P1,37" (40)
17:46:20  [AT] "SEND OK" (7)
17:46:22  [TX] S,2220,0110000010,0000000000,2692,P1,3E
17:46:22  [SLOT] n=2244 tx=39 ack=0 due=0 r=1
17:46:22  [AT] "AT+CIPSEND=40" (13)
17:46:22  [AT] " S,2220,0110000010,0000000000,2692,P1,3E" (40)
17:46:22  [AT] "SEND OK" (7)
17:46:23  [TX] S,2221,0110000010,0000000000,2694,P1,39
17:46:23  [SLOT] n=2245 tx=39 ack=0 due=0 r=1
17:46:23  [AT] "AT+CIPSEND=40" (13)
17:46:23  [AT] " S,2221,0110000010,0000000000,2694,P1,39" (40)
17:46:23  [AT] "SEND OK" (7)
17:46:24  [TX] S,2222,0110000010,0000000000,2695,P1,3B
17:46:24  [SLOT] n=2246 tx=39 ack=0 due=0 r=1
17:46:24  [AT] "AT+CIPSEND=40" (13)
17:46:24  [AT] " S,2222,0110000010,0000000000,2695,P1,3B" (40)
17:46:24  [AT] "SEND OK" (7)
17:46:25  [TX] S,2223,0110000010,0000000000,2696,P1,39
17:46:25  [SLOT] n=2247 tx=39 ack=0 due=0 r=1
17:46:25  [AT] "AT+CIPSEND=40" (13)
17:46:25  [AT] " S,2223,0110000010,0000000000,2696,P1,39" (40)
17:46:25  [AT] "SEND OK" (7)
17:46:26  [TX] S,2224,0110000010,0000000000,2697,P1,3F
17:46:26  [SLOT] n=2248 tx=39 ack=0 due=0 r=1
17:46:26  [AT] "AT+CIPSEND=40" (13)
17:46:26  [AT] " S,2224,0110000010,0000000000,2697,P1,3F" (40)
17:46:26  [AT] "SEND OK" (7)
17:46:28  [TX] S,2225,0110000010,0000000000,2698,P1,31
17:46:28  [SLOT] n=2249 tx=39 ack=0 due=0 r=1
17:46:28  [AT] "AT+CIPSEND=40" (13)
17:46:28  [AT] " S,2225,0110000010,0000000000,2698,P1,31" (40)
17:46:28  [AT] "SEND OK" (7)
17:46:29  [TX] S,2226,0110000010,0000000000,2700,P1,32
17:46:29  [SLOT] n=2250 tx=39 ack=0 due=0 r=1
17:46:29  [CNT] up=2700 drop=1 esprst=2 resync=3 sendfail=0 okto=1 stuck=0 ackq=0 ackdrop=0 ackstale=0 slot=2250 oow=1015 smiss=2 ssovf=82 cksumng=85 okstream=2226 penddrop=9 skip=2 online=1
17:46:29  [RAM] 최저 여유 627 B · 프롬프트 재동기 3회 (서버의 '버린줄' 과 맞아야 한다)
17:46:29  [AT] " S,2226,0110000010,0000000000,2700,P1,32" (40)
17:46:29  [AT] "SEND OK" (7)
17:46:29  [AT] "AT+CIPSEND=40" (13)
17:46:30  [TX] S,2227,0110000010,0000000000,2701,P1,32
17:46:30  [SLOT] n=2251 tx=39 ack=0 due=0 r=1
17:46:30  [AT] "AT+CIPSEND=40" (13)
17:46:30  [AT] " S,2227,0110000010,0000000000,2701,P1,32" (40)
17:46:30  [AT] "SEND OK" (7)
17:46:32  [TX] S,2228,0110000010,0000000000,2702,P1,3E
17:46:32  [SLOT] n=2252 tx=39 ack=0 due=0 r=1
17:46:32  [AT] "AT+CIPSEND=40" (13)
17:46:32  [AT] " S,2228,0110000010,0000000000,2702,P1,3E" (40)
17:46:32  [AT] "SEND OK" (7)
17:46:33  [TX] S,2229,0110000010,0000000000,2703,P1,3E
17:46:33  [SLOT] n=2253 tx=39 ack=0 due=0 r=1
17:46:33  [AT] "AT+CIPSEND=40" (13)
17:46:33  [AT] " S,2229,0110000010,0000000000,2703,P1,3E" (40)
17:46:33  [AT] "SEND OK" (7)
17:46:34  [TX] S,2230,0110000010,0000000000,2704,P1,31
17:46:35  [SLOT] n=2254 tx=39 ack=0 due=0 r=1
17:46:35  [AT] "AT+CIPSEND=40" (13)
17:46:35  [AT] " S,2230,0110000010,0000000000,2704,P1,31" (40)
17:46:35  [AT] "SEND OK" (7)
17:46:36  [TX] S,2231,0110000010,0000000000,2706,P1,32
17:46:36  [SLOT] n=2255 tx=39 ack=0 due=0 r=1
17:46:36  [AT] "AT+CIPSEND=40" (13)
17:46:36  [AT] " S,2231,0110000010,0000000000,2706,P1,32" (40)
17:46:36  [AT] "SEND OK" (7)
17:46:37  [TX] S,2232,0110000010,0000000000,2707,P1,30
17:46:37  [SLOT] n=2256 tx=39 ack=0 due=0 r=1
17:46:37  [AT] "AT+CIPSEND=40" (13)
17:46:37  [AT] " S,2232,0110000010,0000000000,2707,P1,30" (40)
17:46:37  [AT] "SEND OK" (7)
17:46:38  [TX] S,2233,0110000010,0000000000,2708,P1,3E
17:46:38  [SLOT] n=2257 tx=39 ack=0 due=0 r=1
17:46:38  [AT] "AT+CIPSEND=40" (13)
17:46:38  [AT] " S,2233,0110000010,0000000000,2708,P1,3E" (40)
17:46:38  [AT] "SEND OK" (7)
17:46:39  [TX] S,2234,0110000010,0000000000,2709,P1,38
17:46:39  [SLOT] n=2258 tx=39 ack=0 due=0 r=1
17:46:39  [AT] "AT+CIPSEND=40" (13)
17:46:39  [AT] " S,2234,0110000010,0000000000,2709,P1,38" (40)
17:46:39  [AT] "SEND OK" (7)
17:46:40  [TX] S,2235,0110000010,0000000000,2710,P1,31
17:46:40  [SLOT] n=2259 tx=39 ack=0 due=0 r=1
17:46:41  [AT] "AT+CIPSEND=40" (13)
17:46:41  [AT] " S,2235,0110000010,0000000000,2710,P1,31" (40)
17:46:41  [AT] "SEND OK" (7)
17:46:42  [TX] S,2236,0110000010,0000000000,2712,P1,30
17:46:42  [SLOT] n=2260 tx=39 ack=0 due=0 r=1
17:46:42  [AT] "AT+CIPSEND=40" (13)
17:46:42  [AT] " S,2236,0110000010,0000000000,2712,P1,30" (40)
17:46:42  [AT] "SEND OK" (7)
17:46:43  [TX] S,2237,0110000010,0000000000,2713,P1,30
17:46:43  [SLOT] n=2261 tx=39 ack=0 due=0 r=1
17:46:43  [AT] "AT+CIPSEND=40" (13)
17:46:43  [AT] " S,2237,0110000010,0000000000,2713,P1,30" (40)
17:46:43  [AT] "SEND OK" (7)
17:46:44  [TX] S,2238,0110000010,0000000000,2714,P1,38
17:46:44  [SLOT] n=2262 tx=39 ack=0 due=0 r=1
17:46:44  [AT] "AT+CIPSEND=40" (13)
17:46:44  [AT] " S,2238,0110000010,0000000000,2714,P1,38" (40)
17:46:44  [AT] "SEND OK" (7)
17:46:45  [TX] S,2239,0110000010,0000000000,2715,P1,38
17:46:45  [SLOT] n=2263 tx=39 ack=0 due=0 r=1
17:46:45  [AT] "AT+CIPSEND=40" (13)
17:46:45  [AT] " S,2239,0110000010,0000000000,2715,P1,38" (40)
17:46:45  [AT] "SEND OK" (7)
17:46:46  [TX] S,2240,0110000010,0000000000,2716,P1,35
17:46:46  [SLOT] n=2264 tx=39 ack=0 due=0 r=1
17:46:46  [AT] "AT+CIPSEND=40" (13)
17:46:47  [AT] " S,2240,0110000010,0000000000,2716,P1,35" (40)
17:46:47  [AT] "SEND OK" (7)
17:46:48  [TX] S,2241,0110000010,0000000000,2718,P1,3A
17:46:48  [SLOT] n=2265 tx=39 ack=0 due=0 r=1
17:46:48  [AT] "AT+CIPSEND=40" (13)
17:46:48  [AT] " S,2241,0110000010,0000000000,2718,P1,3A" (40)
17:46:48  [AT] "SEND OK" (7)
17:46:49  [TX] S,2242,0110000010,0000000000,2719,P1,38
17:46:49  [SLOT] n=2266 tx=39 ack=0 due=0 r=1
17:46:49  [AT] "AT+CIPSEND=40" (13)
17:46:49  [AT] " S,2242,0110000010,0000000000,2719,P1,38" (40)
17:46:49  [AT] "SEND OK" (7)
17:46:50  [TX] S,2243,0110000010,0000000000,2720,P1,33
17:46:50  [SLOT] n=2267 tx=39 ack=0 due=0 r=1
17:46:50  [AT] "AT+CIPSEND=40" (13)
17:46:50  [AT] " S,2243,0110000010,0000000000,2720,P1,33" (40)
17:46:50  [AT] "SEND OK" (7)
17:46:51  [TX] S,2244,0110000010,0000000000,2721,P1,35
17:46:51  [SLOT] n=2268 tx=39 ack=0 due=0 r=1
17:46:51  [AT] "AT+CIPSEND=40" (13)
17:46:51  [AT] " S,2244,0110000010,0000000000,2721,P1,35" (40)
17:46:51  [AT] "SEND OK" (7)
17:46:52  [TX] S,2245,0110000010,0000000000,2722,P1,37
17:46:52  [SLOT] n=2269 tx=39 ack=0 due=0 r=1
17:46:52  [AT] "AT+CIPSEND=40" (13)
17:46:53  [AT] " S,2245,0110000010,0000000000,2722,P1,37" (40)
17:46:53  [AT] "SEND OK" (7)
17:46:54  [TX] S,2246,0110000010,0000000000,2724,P1,32
17:46:54  [SLOT] n=2270 tx=39 ack=0 due=0 r=1
17:46:54  [AT] "AT+CIPSEND=40" (13)
17:46:54  [AT] " S,2246,0110000010,0000000000,2724,P1,32" (40)
17:46:54  [AT] "SEND OK" (7)
17:46:54  «tap» 캡처 종료 — SIGTERM 수신. 이 줄이 이 로그의 마지막 경계다.
