22:40:56  «tap» 캡처 시작 — port=/dev/cu.usbmodem21201 baud=115200 pid=33410 date=2026-08-19 22:40:56
22:40:56  «tap» ⚠ 이 시각에 DTR 로 보드가 리셋된다 — 분석에서 '우리가 만든 리셋'으로 표시할 것
22:40:56  «tap» 포트 열림 (dsrdtr=False)
22:40:58  
22:40:58  [PARKING NODE] proto v1 / 1 spots / 2 sensors / 6 modules / dev=P1
22:40:58  [BOOT] 리셋 원인: 불명 (부트로더가 MCUSR 을 지우고 넘어왔다)
22:40:58  [BOOT] 사다리 4단(ESP 하드리셋선) 미배선 — A2 를 ESP RST 에 물리고 ESP_RST_WIRED=1 · 6단(워치독) 끔
22:40:59  [NET] 0 RST
22:40:59  [AT] "AT+RST" (6)
22:40:59  [AT] "OK" (2)
22:41:00  [AT] "bB\xD4\x84@\xF9Rc\xE2\xFER\x89:\x97)JB\xFF\xCA\xC9\xA5\x9D\x1C\xFF\xC2I\x8D" (27)
22:41:00  [AT] "[System Ready, Vendor:www.ai-thinker.com]" (41)
22:41:01  [NET] 1 CWMODE=1
22:41:01  [AT] "AT+CWMODE=1" (11)
22:41:01  [AT] "no change" (9)
22:41:01  [DIAG] offline step=2 사다리=0/0 rx=112 lines=6 up=3s
22:41:02  [NET] 2 CWJAP (응답까지 최대 30초 기다린다)
22:41:02  [AT] "AT+CWJAP="SK_WiFiGIGA50DC_2.4G","2011050796"" (44)
22:41:04  [DIAG] offline step=2 사다리=0/0 rx=159 lines=7 up=6s
22:41:07  [AT] "OK" (2)
22:41:07  [NET] CWJAP OK — 결합됐다. IP 를 실제로 받았는지 CIFSR 로 확인한다
22:41:07  [DIAG] offline step=3 사다리=0/0 rx=165 lines=8 up=9s
22:41:07  [NET] 3 CIFSR (IP 를 실제로 받았는가)
22:41:07  [AT] "AT+CIFSR" (8)
22:41:07  [AT] "192.168.35.79" (13)
22:41:07  [NET] ★ IP 확보: 192.168.35.79
22:41:07  [AT] "OK" (2)
22:41:07  [NET] 4 CIPMUX=0
22:41:07  [AT] "AT+CIPMUX=0" (11)
22:41:07  [AT] "OK" (2)
22:41:07  [NET] CIPMUX=0 적용됨 → CIPSTART
22:41:08  [NET] 5 CIPSTART
22:41:08  [AT] "AT+CIPSTART="TCP","192.168.35.21",9991" (38)
22:41:08  [AT] "OK" (2)
22:41:08  [AT] "Linked" (6)
22:41:08  [NET] online (CONNECT) + 캐시 비움
22:41:09  [TX] S,0,00,00,10,P1,03
22:41:09  [SLOT] n=9 tx=18 ack=0 due=0 r=1
22:41:09  [AT] "AT+CIPSEND=19" (13)
22:41:09  [AT] " S,0,00,00,10,P1,03" (19)
22:41:09  [AT] "SEND OK" (7)
22:41:10  [TX] D,*,7,6,6F
22:41:10  D,A1,IP,01
22:41:10  D,B1,IP,02
22:41:10  D,LD,OG,68
22:41:10  D,LC,OL,64
22:41:10  D,DR,OB,73
22:41:10  D,L2,OL,15
22:41:10  [REG] 등록 전송 76B
22:41:10  [SLOT] n=10 tx=76 ack=0 due=0 r=1
22:41:10  [AT] "AT+CIPSEND=77" (13)
22:41:11  [AT] " D,*,7,6,6FD,A1,IP,01D,B1,IP,02D,LD,OG,68D,LC,OL,64D,DR,OB,73D,L2,OL,15" (71)
22:41:11  [AT] "SEND OK" (7)
22:41:11  [TX] S,2,00,00,13,P1,02
22:41:11  [SLOT] n=11 tx=18 ack=0 due=0 r=1
22:41:11  [AT] "AT+CIPSEND=19" (13)
22:41:12  [AT] " S,2,00,00,13,P1,02" (19)
22:41:12  [AT] "SEND OK" (7)
22:41:12  [TX] S,3,00,00,14,P1,04
22:41:12  [SLOT] n=12 tx=18 ack=0 due=0 r=1
22:41:12  [AT] "AT+CIPSEND=19" (13)
22:41:13  [AT] " S,3,00,00,14,P1,04" (19)
22:41:13  [AT] "SEND OK" (7)
22:41:14  [TX] S,4,00,00,15,P1,02
22:41:14  [SLOT] n=13 tx=18 ack=0 due=0 r=1
22:41:14  [AT] "AT+CIPSEND=19" (13)
22:41:14  [AT] " S,4,00,00,15,P1,02" (19)
22:41:14  [AT] "SEND OK" (7)
22:41:15  [TX] S,5,00,00,16,P1,00
22:41:15  [SLOT] n=14 tx=18 ack=0 due=0 r=1
22:41:15  [AT] "AT+CIPSEND=19" (13)
22:41:15  [AT] " S,5,00,00,16,P1,00" (19)
22:41:15  [AT] "SEND OK" (7)
22:41:16  [TX] S,6,00,00,18,P1,0D
22:41:16  [SLOT] n=15 tx=18 ack=0 due=0 r=1
22:41:16  [AT] "AT+CIPSEND=19" (13)
22:41:16  [AT] " S,6,00,00,18,P1,0D" (19)
22:41:16  [AT] "SEND OK" (7)
22:41:17  [TX] S,7,00,00,19,P1,0D
22:41:17  [SLOT] n=16 tx=18 ack=0 due=0 r=1
22:41:17  [AT] "AT+CIPSEND=19" (13)
22:41:17  [AT] " S,7,00,00,19,P1,0D" (19)
22:41:17  [AT] "SEND OK" (7)
22:41:18  [TX] S,8,00,00,20,P1,08
22:41:18  [SLOT] n=17 tx=18 ack=0 due=0 r=1
22:41:18  [AT] "AT+CIPSEND=19" (13)
22:41:18  [AT] " S,8,00,00,20,P1,08" (19)
22:41:18  [AT] "SEND OK" (7)
22:41:20  [TX] S,9,00,00,21,P1,08
22:41:20  [SLOT] n=18 tx=18 ack=0 due=0 r=1
22:41:20  [AT] "AT+CIPSEND=19" (13)
22:41:20  [AT] " S,9,00,00,21,P1,08" (19)
22:41:20  [AT] "SEND OK" (7)
22:41:21  [TX] S,10,00,00,22,P1,33
22:41:21  [SLOT] n=19 tx=19 ack=0 due=0 r=1
22:41:21  [AT] "AT+CIPSEND=20" (13)
22:41:21  [AT] " S,10,00,00,22,P1,33" (20)
22:41:21  [AT] "SEND OK" (7)
22:41:22  [TX] S,11,00,00,24,P1,34
22:41:22  [SLOT] n=20 tx=19 ack=0 due=0 r=1
22:41:22  [AT] "AT+CIPSEND=20" (13)
22:41:22  [AT] " S,11,00,00,24,P1,34" (20)
22:41:22  [AT] "SEND OK" (7)
22:41:23  [TX] S,12,00,00,25,P1,36
22:41:23  [SLOT] n=21 tx=19 ack=0 due=0 r=1
22:41:23  [AT] "AT+CIPSEND=20" (13)
22:41:23  [AT] " S,12,00,00,25,P1,36" (20)
22:41:23  [AT] "SEND OK" (7)
22:41:24  [TX] S,13,00,00,26,P1,34
22:41:24  [SLOT] n=22 tx=19 ack=0 due=0 r=1
22:41:24  [AT] "AT+CIPSEND=20" (13)
22:41:24  [AT] " S,13,00,00,26,P1,34" (20)
22:41:24  [AT] "SEND OK" (7)
22:41:26  [TX] S,14,00,00,27,P1,32
22:41:26  [SLOT] n=23 tx=19 ack=0 due=0 r=1
22:41:26  [AT] "AT+CIPSEND=20" (13)
22:41:26  [AT] " S,14,00,00,27,P1,32" (20)
22:41:26  [AT] "SEND OK" (7)
22:41:27  [TX] S,15,00,00,28,P1,3C
22:41:27  [SLOT] n=24 tx=19 ack=0 due=0 r=1
22:41:27  [AT] "AT+CIPSEND=20" (13)
22:41:28  [TX-WAIT] 앞 전송의 SEND OK 를 아직 못 봤다 — 이번 주기는 건너뛴다
22:41:28  [SLOT] n=25 tx=19 ack=0 due=0 r=0
22:41:28  [AT] " S,15,00,00,28,P1,3C" (20)
22:41:28  [AT] "SEND OK" (7)
22:41:29  [TX] S,16,00,00,31,P1,37
22:41:29  [SLOT] n=26 tx=19 ack=0 due=0 r=1
22:41:29  [AT] "AT+CIPSEND=20" (13)
22:41:29  [AT] " S,16,00,00,31,P1,37" (20)
22:41:29  [AT] "SEND OK" (7)
22:41:30  [TX] S,17,00,00,32,P1,35
22:41:30  [SLOT] n=27 tx=19 ack=0 due=0 r=1
22:41:30  [AT] "AT+CIPSEND=20" (13)
22:41:30  [AT] " S,17,00,00,32,P1,35" (20)
22:41:30  [AT] "SEND OK" (7)
22:41:32  [TX] S,18,00,00,33,P1,3B
22:41:32  [SLOT] n=28 tx=19 ack=0 due=0 r=1
22:41:32  [AT] "AT+CIPSEND=20" (13)
22:41:32  [AT] " S,18,00,00,33,P1,3B" (20)
22:41:32  [AT] "SEND OK" (7)
22:41:33  [TX] S,19,00,00,34,P1,3D
22:41:33  [SLOT] n=29 tx=19 ack=0 due=0 r=1
22:41:33  [AT] "AT+CIPSEND=20" (13)
22:41:33  [AT] " S,19,00,00,34,P1,3D" (20)
22:41:33  [AT] "SEND OK" (7)
22:41:34  [TX] S,20,00,00,36,P1,35
22:41:34  [SLOT] n=30 tx=19 ack=0 due=0 r=1
22:41:34  [AT] "AT+CIPSEND=20" (13)
22:41:34  [AT] " S,20,00,00,36,P1,35" (20)
22:41:34  [AT] "SEND OK" (7)
22:41:35  [TX] S,21,00,00,37,P1,35
22:41:35  [SLOT] n=31 tx=19 ack=0 due=0 r=1
22:41:35  [AT] "AT+CIPSEND=20" (13)
22:41:35  [AT] " S,21,00,00,37,P1,35" (20)
22:41:35  [AT] "SEND OK" (7)
22:41:36  [TX] S,22,00,00,38,P1,39
22:41:36  [SLOT] n=32 tx=19 ack=0 due=0 r=1
22:41:36  [AT] "AT+CIPSEND=20" (13)
22:41:36  [AT] " S,22,00,00,38,P1,39" (20)
22:41:36  [AT] "SEND OK" (7)
22:41:38  [TX] S,23,00,00,39,P1,39
22:41:38  [SLOT] n=33 tx=19 ack=0 due=0 r=1
22:41:38  [AT] "AT+CIPSEND=20" (13)
22:41:38  [AT] " S,23,00,00,39,P1,39" (20)
22:41:38  [AT] "SEND OK" (7)
22:41:39  [TX] S,24,00,00,40,P1,30
22:41:39  [SLOT] n=34 tx=19 ack=0 due=0 r=1
22:41:39  [AT] "AT+CIPSEND=20" (13)
22:41:39  [AT] " S,24,00,00,40,P1,30" (20)
22:41:39  [AT] "SEND OK" (7)
22:41:40  [TX] S,25,00,00,42,P1,33
22:41:40  [SLOT] n=35 tx=19 ack=0 due=0 r=1
22:41:40  [AT] "AT+CIPSEND=20" (13)
22:41:40  [AT] " S,25,00,00,42,P1,33" (20)
22:41:40  [AT] "SEND OK" (7)
22:41:41  [TX] S,26,00,00,43,P1,31
22:41:41  [SLOT] n=36 tx=19 ack=0 due=0 r=1
22:41:41  [AT] "AT+CIPSEND=20" (13)
22:41:41  [AT] " S,26,00,00,43,P1,31" (20)
22:41:41  [AT] "SEND OK" (7)
22:41:42  [TX] S,27,00,00,44,P1,37
22:41:42  [SLOT] n=37 tx=19 ack=0 due=0 r=1
22:41:42  [AT] "AT+CIPSEND=20" (13)
22:41:42  [AT] " S,27,00,00,44,P1,37" (20)
22:41:42  [AT] "SEND OK" (7)
22:41:44  [TX] S,28,00,00,45,P1,39
22:41:44  [SLOT] n=38 tx=19 ack=0 due=0 r=1
22:41:44  [AT] "AT+CIPSEND=20" (13)
22:41:44  [AT] " S,28,00,00,45,P1,39" (20)
22:41:44  [AT] "SEND OK" (7)
22:41:45  [TX] S,29,00,00,46,P1,3B
22:41:45  [SLOT] n=39 tx=19 ack=0 due=0 r=1
22:41:45  [AT] "AT+CIPSEND=20" (13)
22:41:45  [AT] " S,29,00,00,46,P1,3B" (20)
22:41:45  [AT] "SEND OK" (7)
22:41:46  [TX] S,30,00,00,48,P1,3D
22:41:46  [SLOT] n=40 tx=19 ack=0 due=0 r=1
22:41:46  [AT] "AT+CIPSEND=20" (13)
22:41:46  [AT] " S,30,00,00,48,P1,3D" (20)
22:41:46  [AT] "SEND OK" (7)
22:41:47  [TX] S,31,00,00,49,P1,3D
22:41:47  [SLOT] n=41 tx=19 ack=0 due=0 r=1
22:41:47  [AT] "AT+CIPSEND=20" (13)
22:41:47  [AT] " S,31,00,00,49,P1,3D" (20)
22:41:47  [AT] "SEND OK" (7)
22:41:48  [TX] S,32,00,00,50,P1,36
22:41:48  [SLOT] n=42 tx=19 ack=0 due=0 r=1
22:41:48  [AT] "AT+CIPSEND=20" (13)
22:41:48  [AT] " S,32,00,00,50,P1,36" (20)
22:41:48  [AT] "SEND OK" (7)
22:41:49  [TX] S,33,00,00,51,P1,36
22:41:49  [SLOT] n=43 tx=19 ack=0 due=0 r=1
22:41:49  [AT] "AT+CIPSEND=20" (13)
22:41:50  [AT] " S,33,00,00,51,P1,36" (20)
22:41:50  [AT] "SEND OK" (7)
22:41:51  [TX] S,34,00,00,52,P1,32
22:41:51  [SLOT] n=44 tx=19 ack=0 due=0 r=1
22:41:51  [AT] "AT+CIPSEND=20" (13)
22:41:51  [AT] " S,34,00,00,52,P1,32" (20)
22:41:51  [AT] "SEND OK" (7)
22:41:52  [TX] S,35,00,00,54,P1,35
22:41:52  [SLOT] n=45 tx=19 ack=0 due=0 r=1
22:41:52  [AT] "AT+CIPSEND=20" (13)
22:41:52  [AT] " S,35,00,00,54,P1,35" (20)
22:41:52  [AT] "SEND OK" (7)
22:41:53  [TX] S,36,00,00,55,P1,37
22:41:53  [SLOT] n=46 tx=19 ack=0 due=0 r=1
22:41:53  [AT] "AT+CIPSEND=20" (13)
22:41:53  [AT] " S,g6,00,00,55,P1,37" (20)
22:41:53  [AT] "SEND OK" (7)
22:41:54  [TX] S,37,00,00,56,P1,35
22:41:54  [SLOT] n=47 tx=19 ack=0 due=0 r=1
22:41:54  [AT] "AT+CIPSEND=20" (13)
22:41:54  [AT] " S,37,00,00,56,P1,35" (20)
22:41:54  [AT] "SEND OK" (7)
22:41:55  [TX] S,38,00,00,57,P1,3B
22:41:55  [SLOT] n=48 tx=19 ack=0 due=0 r=1
22:41:55  [AT] "AT+CIPSEND=20" (13)
22:41:55  [AT] " S,38,00,00,57,P1,3B" (20)
22:41:55  [AT] "SEND OK" (7)
22:41:56  «tap» 살아있음 — 최근 60초 rx=7085B (이 줄이 끊기면 탭이 죽은 것이다)
22:41:57  [TX] S,39,00,00,58,P1,35
22:41:57  [SLOT] n=49 tx=19 ack=0 due=0 r=1
22:41:57  [AT] "AT+CIPSEND=20" (13)
22:41:57  [AT] " S,39,00,00,58,P1,35" (20)
22:41:57  [AT] "SEND OK" (7)
22:41:58  [TX] S,40,00,00,60,P1,30
22:41:58  [SLOT] n=50 tx=19 ack=0 due=0 r=1
22:41:58  [CNT] up=60 drop=0 esprst=0 hwrst=0/0 resync=0 sendfail=0 okto=0 stuck=0 ackq=0 ackdrop=0 ackstale=0 slot=50 oow=0 smiss=1 ssovf=0 cksumng=0 okstream=40 penddrop=0 pendfill=41 bigfill=1 bigdrop=0 bigokst=1 oklost=0 bigoklost=0 skip=1 online=1
22:41:58  [RAM] 최저 여유 571 B · 프롬프트 재동기 0회 (서버의 '버린줄' 과 맞아야 한다)
22:41:58  [AT] " S,40,00,00,60,P1,30" (20)
22:41:58  [AT] "SEND OK" (7)
22:41:58  [AT] "AT+CIPSEND=20" (13)
22:41:59  [TX] S,41,00,00,61,P1,30
22:41:59  [SLOT] n=51 tx=19 ack=0 due=0 r=1
22:41:59  [AT] "AT+CIPSEND=20" (13)
22:41:59  [AT] " S,41,00,00,61,P1,30" (20)
22:41:59  [AT] "SEND OK" (7)
22:42:00  [TX] S,42,00,00,62,P1,30
22:42:00  [SLOT] n=52 tx=19 ack=0 due=0 r=1
22:42:00  [AT] "AT+CIPSEND=20" (13)
22:42:00  [AT] " S,42,00,00,62,P1,30" (20)
22:42:00  [AT] "SEND OK" (7)
22:42:01  [TX] S,43,00,00,63,P1,30
22:42:01  [SLOT] n=53 tx=19 ack=0 due=0 r=1
22:42:01  [AT] "AT+CIPSEND=20" (13)
22:42:01  [AT] " S,43,00,00,63,P1,30" (20)
22:42:01  [AT] "SEND OK" (7)
22:42:03  [TX] S,44,00,00,64,P1,30
22:42:03  [SLOT] n=54 tx=19 ack=0 due=0 r=1
22:42:03  [AT] "AT+CIPSEND=20" (13)
22:42:03  [AT] " S,44,00,00,64,P1,30" (20)
22:42:03  [AT] "SEND OK" (7)
22:42:04  [TX] S,45,00,00,66,P1,33
22:42:04  [SLOT] n=55 tx=19 ack=0 due=0 r=1
22:42:04  [AT] "AT+CIPSEND=20" (13)
22:42:04  [AT] " S,45,00,00,66,P1,33" (20)
22:42:04  [AT] "SEND OK" (7)
22:42:05  [TX] S,46,00,00,67,P1,31
22:42:05  [SLOT] n=56 tx=19 ack=0 due=0 r=1
22:42:05  [AT] "AT+CIPSEND=20" (13)
22:42:05  [AT] " S,46,00,00,67,P1,31" (20)
22:42:05  [AT] "SEND OK" (7)
22:42:06  [TX] S,47,00,00,68,P1,3F
22:42:06  [SLOT] n=57 tx=19 ack=0 due=0 r=1
22:42:06  [AT] "AT+CIPSEND=20" (13)
22:42:07  [AT] " S,47,00,00,68,P1,3F" (20)
22:42:07  [AT] "SEND OK" (7)
22:42:07  [TX] S,48,00,00,69,P1,31
22:42:07  [SLOT] n=58 tx=19 ack=0 due=0 r=1
22:42:07  [AT] "AT+CIPSEND=20" (13)
22:42:07  [AT] " S,48,00,00,69,P1,31" (20)
22:42:08  [AT] "SEND OK" (7)
22:42:09  [TX] S,49,00,00,70,P1,38
22:42:09  [SLOT] n=59 tx=19 ack=0 due=0 r=1
22:42:09  [AT] "AT+CIPSEND=20" (13)
22:42:09  [AT] " S,49,00,00,70,P1,38" (20)
22:42:09  [AT] "SEND OK" (7)
22:42:10  [TX] S,50,00,00,72,P1,32
22:42:10  [SLOT] n=60 tx=19 ack=0 due=0 r=1
22:42:10  [AT] "AT+CIPSEND=20" (13)
22:42:10  [AT] " S,50,00,00,72,P1,32" (20)
22:42:10  [AT] "SEND OK" (7)
22:42:11  [TX] S,51,00,00,73,P1,32
22:42:11  [SLOT] n=61 tx=19 ack=0 due=0 r=1
22:42:11  [AT] "AT+CIPSEND=20" (13)
22:42:12  [AT] " S,51,00,00,73,P1,32" (20)
22:42:12  [AT] "SEND OK" (7)
22:42:12  [TX] S,52,00,00,74,P1,36
22:42:12  [SLOT] n=62 tx=19 ack=0 due=0 r=1
22:42:12  [AT] "AT+CIPSEND=20" (13)
22:42:12  [AT] " S,52,00,00,74,P1,36" (20)
22:42:12  [AT] "SEND OK" (7)
22:42:14  [TX] S,53,00,00,75,P1,36
22:42:14  [SLOT] n=63 tx=19 ack=0 due=0 r=1
22:42:14  [AT] "AT+CIPSEND=20" (13)
22:42:15  [AT] " S,53,00,00,75,P1,36" (20)
22:42:15  [AT] "SEND OK" (7)
22:42:16  [TX] S,54,00,00,76,P1,32
22:42:16  [SLOT] n=64 tx=19 ack=0 due=0 r=1
22:42:16  [AT] "AT+CIPSEND=20" (13)
22:42:16  [AT] " S,54,00,00,76,P1,32" (20)
22:42:16  [AT] "SEND OK" (7)
22:42:17  [TX] S,55,00,00,78,P1,3D
22:42:17  [SLOT] n=65 tx=19 ack=0 due=0 r=1
22:42:17  [AT] "AT+CIPSEND=20" (13)
22:42:17  [AT] " S,55,00,00,78,P1,3D" (20)
22:42:17  [AT] "SEND OK" (7)
22:42:18  [TX] S,56,00,00,79,P1,3F
22:42:18  [SLOT] n=66 tx=19 ack=0 due=0 r=1
22:42:18  [AT] "AT+CIPSEND=20" (13)
22:42:18  [AT] " S,56,00,00,79,P1,3F" (20)
22:42:18  [AT] "SEND OK" (7)
22:42:19  [TX] S,57,00,00,80,P1,38
22:42:19  [SLOT] n=67 tx=19 ack=0 due=0 r=1
22:42:19  [AT] "AT+CIPSEND=20" (13)
22:42:19  [AT] " S,57,00,00,80,P1,38" (20)
22:42:19  [AT] "SEND OK" (7)
22:42:20  [TX] S,58,00,00,81,P1,36
22:42:20  [SLOT] n=68 tx=19 ack=0 due=0 r=1
22:42:20  [AT] "AT+CIPSEND=20" (13)
22:42:21  [AT] " S,58,00,00,81,P1,36" (20)
22:42:21  [AT] "SEND OK" (7)
22:42:22  [TX] S,59,00,00,82,P1,34
22:42:22  [SLOT] n=69 tx=19 ack=0 due=0 r=1
22:42:22  [AT] "AT+CIPSEND=20" (13)
22:42:22  [AT] " S,59,00,00,82,P1,34" (20)
22:42:22  [AT] "SEND OK" (7)
22:42:23  [TX] S,60,00,00,84,P1,38
22:42:23  [SLOT] n=70 tx=19 ack=0 due=0 r=1
22:42:23  [AT] "AT+CIPSEND=20" (13)
22:42:23  [AT] " S,60,00,00,84,P1,38" (20)
22:42:23  [AT] "SEND OK" (7)
22:42:24  [TX] S,61,00,00,85,P1,38
22:42:24  [SLOT] n=71 tx=19 ack=0 due=0 r=1
22:42:24  [AT] "AT+CIPSEND=20" (13)
22:42:24  [AT] " S,61,00,00,85,P1,38" (20)
22:42:24  [AT] "SEND OK" (7)
22:42:24  [AT] "OK" (2)
22:42:24  [AT] "Unlink" (6)
22:42:24  [DIAG] offline step=3 사다리=0/0 rx=3242 lines=204 up=85s
22:42:25  [NET] 3 CIFSR (IP 를 실제로 받았는가)
22:42:25  [AT] "AT+CIFSR" (8)
22:42:25  [AT] "192.168.35.79" (13)
22:42:25  [NET] ★ IP 확보: 192.168.35.79
22:42:25  [AT] "OK" (2)
22:42:25  [NET] 4 CIPMUX=0
22:42:25  [AT] "AT+CIPMUX=0" (11)
22:42:25  [AT] "OK" (2)
22:42:25  [NET] CIPMUX=0 적용됨 → CIPSTART
22:42:25  [NET] 5 CIPSTART
22:42:25  [AT] "AT+CIPSTART="TCP","192.168.35.21",9991" (38)
22:42:25  [AT] "ERROR" (5)
22:42:25  [AT] "Unlink" (6)
22:42:26  [NET] 3 CIFSR (IP 를 실제로 받았는가)
22:42:26  [AT] "AT+CIFSR" (8)
22:42:26  [AT] "192.168.35.79" (13)
22:42:26  [NET] ★ IP 확보: 192.168.35.79
22:42:26  [AT] "OK" (2)
22:42:26  [NET] 4 CIPMUX=0
22:42:26  [AT] "AT+CIPMUX=0" (11)
22:42:26  [AT] "OK" (2)
22:42:26  [NET] CIPMUX=0 적용됨 → CIPSTART
22:42:26  [NET] 5 CIPSTART
22:42:26  [AT] "AT+CIPSTART="TCP","192.168.35.21",9991" (38)
22:42:26  [AT] "OK" (2)
22:42:26  [AT] "Linked" (6)
22:42:26  [NET] online (CONNECT) + 캐시 비움
22:42:26  [TX] S,62,00,00,87,P1,39
22:42:26  [SLOT] n=73 tx=19 ack=0 due=0 r=1
22:42:26  [AT] "AT+CIPSEND=20" (13)
22:42:26  [AT] " S,62,00,00,87,P1,39" (20)
22:42:26  [AT] "SEND OK" (7)
22:42:28  [TX] D,*,7,6,6F
22:42:28  D,A1,IP,01
22:42:28  D,B1,IP,02
22:42:28  D,LD,OG,68
22:42:28  D,LC,OL,64
22:42:28  D,DR,OB,73
22:42:28  D,L2,OL,15
22:42:28  [REG] 등록 전송 76B
22:42:28  [SLOT] n=74 tx=76 ack=0 due=0 r=1
22:42:28  [AT] "AT+CIPSEND=77" (13)
22:42:28  [AT] " D,*,7,6,6FD,A1,IP,01D,B1,IP,02D,LD,OG,68D,LC,OL,64D,DR,OB,73D,L2,OL,15" (71)
22:42:28  [AT] "SEND OK" (7)
22:42:29  [TX] S,64,00,00,90,P1,39
22:42:29  [SLOT] n=75 tx=19 ack=0 due=0 r=1
22:42:29  [AT] "AT+CIPSEND=20" (13)
22:42:29  [AT] " S,64,00,00,90,P1,39" (20)
22:42:29  [AT] "SEND OK" (7)
22:42:30  [TX] S,65,00,00,91,P1,39
22:42:30  [SLOT] n=76 tx=19 ack=0 due=0 r=1
22:42:30  [AT] "AT+CIPSEND=20" (13)
22:42:30  [AT] " S,65,00,00,91,P1,39" (20)
22:42:30  [AT] "SEND OK" (7)
22:42:31  [TX] S,66,00,00,92,P1,39
22:42:31  [SLOT] n=77 tx=19 ack=0 due=0 r=1
22:42:31  [AT] "AT+CIPSEND=20" (13)
22:42:31  [AT] " S,66,00,00,92,P1,39" (20)
22:42:31  [AT] "SEND OK" (7)
22:42:32  [TX] S,67,00,00,93,P1,39
22:42:32  [SLOT] n=78 tx=19 ack=0 due=0 r=1
22:42:32  [AT] "AT+CIPSEND=20" (13)
22:42:32  [AT] " S,67,00,00,93,P1,39" (20)
22:42:32  [AT] "SEND OK" (7)
22:42:32  [AT] "+IPD,64:G,468,2,1,7E" (20)
22:42:32  [SLOT-OOW] +104ms
22:42:32  [G] idx=2 arg=1
22:42:32  [AT] "G,469,3,1234567,7F" (18)
22:42:32  [LC] 1234567
22:42:32  [G] idx=3 arg=1234567
22:42:32  [AT] "G,470,4,1,71" (12)
22:42:32  [DR] arg=1
22:42:32  [G] idx=4 arg=1
22:42:32  [AT] "G,471,5,7654321,70" (18)
22:42:32  [L2] 7654321
22:42:32  [G] idx=5 arg=7654321
22:42:32  [AT] "OK" (2)
22:42:34  [TX] S,68,0F,00,94,P1,47
22:42:34  A,468,G2,0,3E
22:42:34  A,469,G3,0,3E
22:42:34  A,470,G4,0,31
22:42:34  A,471,G5,0,315
22:42:34  [SLOT] n=79 tx=75 ack=4 due=0 r=1
22:42:34  [AT] "AT+CIPSEND=76" (13)
22:42:34  [AT] " S,68,0F,00,94,P1,47A,468,G2,0,3EA,469,G3,0,3EA,470,G4,0,31A,471,G5,0,31" (72)
22:42:34  [AT] "SEND OK" (7)
22:42:35  [TX] S,69,0F,00,96,P1,44
22:42:35  [SLOT] n=80 tx=19 ack=0 due=0 r=1
22:42:35  [AT] "AT+CIPSEND=20" (13)
22:42:35  [AT] " S,69,0F,00,96,P1,44" (20)
22:42:35  [AT] "SEND OK" (7)
22:42:36  [TX] S,70,0F,00,97,P1,4D
22:42:36  [SLOT] n=81 tx=19 ack=0 due=0 r=1
22:42:36  [AT] "AT+CIPSEND=20" (13)
22:42:36  [AT] " S,70,0F,00,97,P1,4D" (20)
22:42:36  [AT] "SEND OK" (7)
22:42:37  [TX] S,71,0F,00,98,P1,43
22:42:37  [SLOT] n=82 tx=19 ack=0 due=0 r=1
22:42:37  [AT] "AT+CIPSEND=20" (13)
22:42:37  [AT] " S,71,0F,00,98,P1,43" (20)
22:42:37  [AT] "SEND OK" (7)
22:42:38  [TX] S,72,0F,00,99,P1,41
22:42:38  [SLOT] n=83 tx=19 ack=0 due=0 r=1
22:42:38  [AT] "AT+CIPSEND=20" (13)
22:42:38  [AT] " S,72,0F,00,99,P1,41" (20)
22:42:38  [AT] "SEND OK" (7)
22:42:39  [TX] S,73,0F,00,100,P1,71
22:42:39  [SLOT] n=84 tx=20 ack=0 due=0 r=1
22:42:39  [AT] "AT+CIPSEND=21" (13)
22:42:40  [AT] " S,73,0F,00,100,P1,71" (21)
22:42:40  [AT] "SEND OK" (7)
22:42:41  [TX] S,74,0F,00,102,P1,74
22:42:41  [SLOT] n=85 tx=20 ack=0 due=0 r=1
22:42:41  [AT] "AT+CIPSEND=21" (13)
22:42:41  [AT] " S,74,0F,00,102,P1,74" (21)
22:42:41  [AT] "SEND OK" (7)
22:42:42  [TX] S,75,0F,00,103,P1,74
22:42:42  [SLOT] n=86 tx=20 ack=0 due=0 r=1
22:42:42  [AT] "AT+CIPSEND=21" (13)
22:42:42  [AT] " S,75,0F,00,103,P1,74" (21)
22:42:42  [AT] "SEND OK" (7)
22:42:43  [TX] S,76,0F,00,104,P1,70
22:42:43  [SLOT] n=87 tx=20 ack=0 due=0 r=1
22:42:43  [AT] "AT+CIPSEND=21" (13)
22:42:43  [AT] " S,76,0F,00,104,P1,70" (21)
22:42:43  [AT] "SEND OK" (7)
22:42:44  [TX] S,77,0F,00,105,P1,70
22:42:44  [SLOT] n=88 tx=20 ack=0 due=0 r=1
22:42:44  [AT] "AT+CIPSEND=21" (13)
22:42:44  [AT] " S,77,0F,00,105,P1,70" (21)
22:42:44  [AT] "SEND OK" (7)
22:42:45  [TX] S,78,0F,00,106,P1,7C
22:42:45  [SLOT] n=89 tx=20 ack=0 due=0 r=1
22:42:45  [AT] "AT+CIPSEND=21" (13)
22:42:45  [AT] " S,78,0F,00,106,P1,7C" (21)
22:42:45  [AT] "SEND OK" (7)
22:42:47  [TX] S,79,0F,00,108,P1,73
22:42:47  [SLOT] n=90 tx=20 ack=0 due=0 r=1
22:42:47  [AT] "AT+CIPSEND=21" (13)
22:42:47  [AT] " S,79,0F,00,108,P1,73" (21)
22:42:47  [AT] "SEND OK" (7)
22:42:48  [TX] S,80,0F,00,109,P1,74
22:42:48  [SLOT] n=91 tx=20 ack=0 due=0 r=1
22:42:48  [AT] "AT+CIPSEND=21" (13)
22:42:48  [AT] " S,80,0F,00,109,P1,74" (21)
22:42:48  [AT] "SEND OK" (7)
22:42:49  [TX] S,81,0F,00,110,P1,7D
22:42:49  [SLOT] n=92 tx=20 ack=0 due=0 r=1
22:42:49  [AT] "AT+CIPSEND=21" (13)
22:42:49  [AT] " S,81,0F,00,110,P1,7D" (21)
22:42:49  [AT] "SEND OK" (7)
22:42:50  [TX] S,82,0F,00,111,P1,7F
22:42:50  [SLOT] n=93 tx=20 ack=0 due=0 r=1
22:42:50  [AT] "AT+CIPSEND=21" (13)
22:42:50  [AT] " S,82,0F,00,111,P1,7F" (21)
22:42:50  [AT] "SEND OK" (7)
22:42:51  [TX] S,83,0F,00,112,P1,7D
22:42:51  [SLOT] n=94 tx=20 ack=0 due=0 r=1
22:42:51  [AT] "AT+CIPSEND=21" (13)
22:42:51  [AT] " S,83,0F,00,112,P1,7D" (21)
22:42:51  [AT] "SEND OK" (7)
22:42:53  [TX] S,84,0F,00,114,P1,7C
22:42:53  [SLOT] n=95 tx=20 ack=0 due=0 r=1
22:42:53  [AT] "AT+CIPSEND=21" (13)
22:42:53  [AT] " S,84,0F,00,114,P1,7C" (21)
22:42:53  [AT] "SEND OK" (7)
22:42:54  [TX] S,85,0F,00,115,P1,7C
22:42:54  [SLOT] n=96 tx=20 ack=0 due=0 r=1
22:42:54  [AT] "AT+CIPSEND=21" (13)
22:42:54  [AT] " S,85,0F,00,115,P1,7C" (21)
22:42:54  [AT] "SEND OK" (7)
22:42:55  [TX] S,86,0F,00,116,P1,7C
22:42:55  [SLOT] n=97 tx=20 ack=0 due=0 r=1
22:42:55  [AT] "AT+CIPSEND=21" (13)
22:42:55  [AT] " S,86,0F,00,116,P1,7C" (21)
22:42:55  [AT] "SEND OK" (7)
22:42:56  [TX] S,87,0F,00,117,P1,7C
22:42:56  [SLOT] n=98 tx=20 ack=0 due=0 r=1
22:42:56  [AT] "AT+CIPSEND=21" (13)
22:42:56  [AT] " S,87,0F,00,117,P1,7C" (21)
22:42:56  [AT] "SEND OK" (7)
22:42:57  «tap» 살아있음 — 최근 60초 rx=8688B (이 줄이 끊기면 탭이 죽은 것이다)
22:42:57  [TX] S,88,0F,00,118,P1,7C
22:42:57  [SLOT] n=99 tx=20 ack=0 due=0 r=1
22:42:57  [AT] "AT+CIPSEND=21" (13)
22:42:58  [AT] " S,88,0F,00,118,P1,7C" (21)
22:42:58  [AT] "SEND OK" (7)
22:42:59  [TX] S,89,0F,00,120,P1,76
22:42:59  [SLOT] n=100 tx=20 ack=0 due=0 r=1
22:42:59  [CNT] up=120 drop=0 esprst=0 hwrst=0/0 resync=0 sendfail=0 okto=0 stuck=0 ackq=0 ackdrop=0 ackstale=0 slot=100 oow=1 smiss=2 ssovf=0 cksumng=0 okstream=89 penddrop=0 pendfill=90 bigfill=3 bigdrop=0 bigokst=3 oklost=0 bigoklost=0 skip=1 online=1
22:42:59  [RAM] 최저 여유 571 B · 프롬프트 재동기 0회 (서버의 '버린줄' 과 맞아야 한다)
22:42:59  [AT] " S,89,0F,00,120,P1,76" (21)
22:42:59  [AT] "SEND OK" (7)
22:42:59  [AT] "AT+CIPSEND=21" (13)
22:43:00  [TX] S,90,0F,00,121,P1,7F
22:43:00  [SLOT] n=101 tx=20 ack=0 due=0 r=1
22:43:00  [AT] "AT+CIPSEND=21" (13)
22:43:00  [AT] " S,90,0F,00,121,P1,7F" (21)
22:43:00  [AT] "SEND OK" (7)
22:43:01  [TX] S,91,0F,00,122,P1,7D
22:43:01  [SLOT] n=102 tx=20 ack=0 due=0 r=1
22:43:01  [AT] "AT+CIPSEND=21" (13)
22:43:01  [AT] " S,91,0F,00,122,P1,7D" (21)
22:43:01  [AT] "SEND OK" (7)
22:43:02  [TX] S,92,0F,00,123,P1,7F
22:43:02  [SLOT] n=103 tx=20 ack=0 due=0 r=1
22:43:02  [AT] "AT+CIPSEND=21" (13)
22:43:02  [AT] " S,92,0F,00,123,P1,7F" (21)
22:43:02  [AT] "SEND OK" (7)
22:43:03  [TX] S,93,0F,00,124,P1,79
22:43:03  [SLOT] n=104 tx=20 ack=0 due=0 r=1
22:43:03  [AT] "AT+CIPSEND=21" (13)
22:43:03  [AT] " S,93,0F,00,124,P1,79" (21)
22:43:03  [AT] "SEND OK" (7)
22:43:05  [TX] S,94,0F,00,126,P1,7C
22:43:05  [SLOT] n=105 tx=20 ack=0 due=0 r=1
22:43:05  [AT] "AT+CIPSEND=21" (13)
22:43:05  [AT] " S,94,0F,00,126,P1,7C" (21)
22:43:05  [AT] "SEND OK" (7)
22:43:06  [TX] S,95,0F,00,127,P1,7C
22:43:06  [SLOT] n=106 tx=20 ack=0 due=0 r=1
22:43:06  [AT] "AT+CIPSEND=21" (13)
22:43:06  [AT] " S,95,0F,00,127,P1,7C" (21)
22:43:06  [AT] "SEND OK" (7)
22:43:07  [TX] S,96,0F,00,128,P1,70
22:43:07  [SLOT] n=107 tx=20 ack=0 due=0 r=1
22:43:07  [AT] "AT+CIPSEND=21" (13)
22:43:07  [AT] " S,96,0F,00,128,P1,70" (21)
22:43:07  [AT] "SEND OK" (7)
22:43:08  [TX] S,97,0F,00,129,P1,70
22:43:08  [SLOT] n=108 tx=20 ack=0 due=0 r=1
22:43:08  [AT] "AT+CIPSEND=21" (13)
22:43:08  [AT] " S,97,0F,00,129,P1,70" (21)
22:43:08  [AT] "SEND OK" (7)
22:43:09  [TX] S,98,0F,00,130,P1,77
22:43:09  [SLOT] n=109 tx=20 ack=0 due=0 r=1
22:43:09  [AT] "AT+CIPSEND=21" (13)
22:43:09  [AT] " S,98,0F,00,130,P1,77" (21)
22:43:09  [AT] "SEND OK" (7)
22:43:11  [TX] S,99,0F,00,132,P1,74
22:43:11  [SLOT] n=110 tx=20 ack=0 due=0 r=1
22:43:11  [AT] "AT+CIPSEND=21" (13)
22:43:11  [AT] " S,99,0F,00,132,P1,74" (21)
22:43:11  [AT] "SEND OK" (7)
22:43:12  [TX] S,100,0F,00,133,P1,44
22:43:12  [SLOT] n=111 tx=21 ack=0 due=0 r=1
22:43:12  [AT] "AT+CIPSEND=22" (13)
22:43:12  [AT] " S,100,0F,00,133,P1,44" (22)
22:43:12  [AT] "SEND OK" (7)
22:43:13  [TX] S,101,0F,00,134,P1,42
22:43:13  [SLOT] n=112 tx=21 ack=0 due=0 r=1
22:43:13  [AT] "AT+CIPSEND=22" (13)
22:43:13  [AT] " S,101,0F,00,134,P1,42" (22)
22:43:13  [AT] "SEND OK" (7)
22:43:14  [TX] S,102,0F,00,135,P1,40
22:43:14  [SLOT] n=113 tx=21 ack=0 due=0 r=1
22:43:14  [AT] "AT+CIPSEND=22" (13)
22:43:15  [AT] " S,102,0F,00,135,P1,40" (22)
22:43:15  [AT] "SEND OK" (7)
22:43:15  [TX] S,103,0F,00,136,P1,42
22:43:15  [SLOT] n=114 tx=21 ack=0 due=0 r=1
22:43:15  [AT] "AT+CIPSEND=22" (13)
22:43:15  [AT] " S,103,0F,00,136,P1,42" (22)
22:43:15  [AT] "SEND OK" (7)
22:43:17  [TX] S,104,0F,00,138,P1,4B
22:43:17  [SLOT] n=115 tx=21 ack=0 due=0 r=1
22:43:17  [AT] "AT+CIPSEND=22" (13)
22:43:17  [AT] " S,104,0F,00,138,P1,4B" (22)
22:43:17  [AT] "SEND OK" (7)
22:43:18  [TX] S,105,0F,00,139,P1,4B
22:43:18  [SLOT] n=116 tx=21 ack=0 due=0 r=1
22:43:18  [AT] "AT+CIPSEND=22" (13)
22:43:18  [AT] " S,105,0F,00,139,P1,4B" (22)
22:43:18  [AT] "SEND OK" (7)
22:43:19  [TX] S,106,0F,00,140,P1,46
22:43:19  [SLOT] n=117 tx=21 ack=0 due=0 r=1
22:43:19  [AT] "AT+CIPSEND=22" (13)
22:43:19  [AT] " S,106,0F,00,140,P1,46" (22)
22:43:19  [AT] "SEND OK" (7)
22:43:20  [TX] S,107,0F,00,141,P1,46
22:43:20  [SLOT] n=118 tx=21 ack=0 due=0 r=1
22:43:20  [AT] "AT+CIPSEND=22" (13)
22:43:20  [AT] " S,107,0F,00,141,P1,46" (22)
22:43:20  [AT] "SEND OK" (7)
22:43:21  [TX] S,108,0F,00,142,P1,4A
22:43:21  [SLOT] n=119 tx=21 ack=0 due=0 r=1
22:43:21  [AT] "AT+CIPSEND=22" (13)
22:43:22  [AT] " S,108,0F,00,142,P1,4A" (22)
22:43:22  [AT] "SEND OK" (7)
22:43:23  [TX] S,109,0F,00,144,P1,4D
22:43:23  [SLOT] n=120 tx=21 ack=0 due=0 r=1
22:43:23  [AT] "AT+CIPSEND=22" (13)
22:43:23  [AT] " S,109,0F,00,144,P1,4D" (22)
22:43:23  [AT] "SEND OK" (7)
22:43:24  [TX] S,110,0F,00,145,P1,44
22:43:24  [SLOT] n=121 tx=21 ack=0 due=0 r=1
22:43:24  [AT] "AT+CIPSEND=22" (13)
22:43:24  [AT] " S,110,0F,00,145,P1,44" (22)
22:43:24  [AT] "SEND OK" (7)
22:43:25  [TX] S,111,0F,00,146,P1,46
22:43:25  [SLOT] n=122 tx=21 ack=0 due=0 r=1
22:43:25  [AT] "AT+CIPSEND=22" (13)
22:43:25  [AT] " S,111,0F,00,146,P1,46" (22)
22:43:25  [AT] "SEND OK" (7)
22:43:26  [TX] S,112,0F,00,147,P1,44
22:43:26  [SLOT] n=123 tx=21 ack=0 due=0 r=1
22:43:26  [AT] "AT+CIPSEND=22" (13)
22:43:26  [AT] " S,112,0F,00,147,P1,44" (22)
22:43:26  [AT] "SEND OK" (7)
22:43:27  [TX] S,113,0F,00,148,P1,4A
22:43:27  [SLOT] n=124 tx=21 ack=0 due=0 r=1
22:43:27  [AT] "AT+CIPSEND=22" (13)
22:43:27  [AT] " S,113,0F,00,148,P1,4A" (22)
22:43:27  [AT] "SEND OK" (7)
22:43:28  [TX] S,114,0F,00,150,P1,44
22:43:28  [SLOT] n=125 tx=21 ack=0 due=0 r=1
22:43:29  [AT] "AT+CIPSEND=22" (13)
22:43:29  [AT] " S,114,0F,00,150,P1,44" (22)
22:43:29  [AT] "SEND OK" (7)
22:43:30  [TX] S,115,0F,00,151,P1,44
22:43:30  [SLOT] n=126 tx=21 ack=0 due=0 r=1
22:43:30  [AT] "AT+CIPSEND=22" (13)
22:43:30  [AT] " S,115,0F,00,151,P1,44" (22)
22:43:30  [AT] "SEND OK" (7)
22:43:31  [TX] S,116,0F,00,152,P1,44
22:43:31  [SLOT] n=127 tx=21 ack=0 due=0 r=1
22:43:31  [AT] "AT+CIPSEND=22" (13)
22:43:31  [AT] " S,116,0F,00,152,P1,44" (22)
22:43:31  [AT] "SEND OK" (7)
22:43:32  [TX] S,117,0F,00,153,P1,44
22:43:32  [SLOT] n=128 tx=21 ack=0 due=0 r=1
22:43:32  [AT] "AT+CIPSEND=22" (13)
22:43:32  [AT] " S,117,0F,00,153,P1,44" (22)
22:43:32  [AT] "SEND OK" (7)
22:43:33  [TX] S,118,0F,00,154,P1,4C
22:43:33  [SLOT] n=129 tx=21 ack=0 due=0 r=1
22:43:33  [AT] "AT+CIPSEND=22" (13)
22:43:33  [AT] " S,118,0F,00,154,P1,4C" (22)
22:43:33  [AT] "SEND OK" (7)
22:43:34  [TX] S,119,0F,00,156,P1,4F
22:43:34  [SLOT] n=130 tx=21 ack=0 due=0 r=1
22:43:34  [AT] "AT+CIPSEND=22" (13)
22:43:34  [AT] " S,119,0F,00,156,P1,4F" (22)
22:43:34  [AT] "SEND OK" (7)
22:43:36  [TX] S,120,0F,00,157,P1,44
22:43:36  [SLOT] n=131 tx=21 ack=0 due=0 r=1
22:43:36  [AT] "AT+CIPSEND=22" (13)
22:43:36  [AT] " S,120,0F,00,157,P1,44" (22)
22:43:36  [AT] "SEND OK" (7)
22:43:37  [TX] S,121,0F,00,158,P1,4A
22:43:37  [SLOT] n=132 tx=21 ack=0 due=0 r=1
22:43:37  [AT] "AT+CIPSEND=22" (13)
22:43:37  [AT] " S,121,0F,00,158,P1,4A" (22)
22:43:37  [AT] "SEND OK" (7)
22:43:38  [TX] S,122,0F,00,159,P1,48
22:43:38  [SLOT] n=133 tx=21 ack=0 due=0 r=1
22:43:38  [AT] "AT+CIPSEND=22" (13)
22:43:38  [AT] " S,122,0F,00,159,P1,48" (22)
22:43:38  [AT] "SEND OK" (7)
22:43:39  [TX] S,123,0F,00,160,P1,43
22:43:39  [SLOT] n=134 tx=21 ack=0 due=0 r=1
22:43:39  [AT] "AT+CIPSEND=22" (13)
22:43:39  [AT] " S,123,0F,00,160,P1,43" (22)
22:43:39  [AT] "SEND OK" (7)
22:43:40  [TX] S,124,0F,00,162,P1,46
22:43:40  [SLOT] n=135 tx=21 ack=0 due=0 r=1
22:43:40  [AT] "AT+CIPSEND=22" (13)
22:43:40  [AT] " S,124,0F,00,162,P1,46" (22)
22:43:40  [AT] "SEND OK" (7)
22:43:42  [TX] S,125,0F,00,163,P1,46
22:43:42  [SLOT] n=136 tx=21 ack=0 due=0 r=1
22:43:42  [AT] "AT+CIPSEND=22" (13)
22:43:42  [AT] " S,125,0F,00,163,P1,46" (22)
22:43:42  [AT] "SEND OK" (7)
22:43:43  [TX] S,126,0F,00,164,P1,42
22:43:43  [SLOT] n=137 tx=21 ack=0 due=0 r=1
22:43:43  [AT] "AT+CIPSEND=22" (13)
22:43:43  [AT] " S,126,0F,00,164,P1,42" (22)
22:43:43  [AT] "SEND OK" (7)
22:43:44  [TX] S,127,0F,00,165,P1,42
22:43:44  [SLOT] n=138 tx=21 ack=0 due=0 r=1
22:43:44  [AT] "AT+CIPSEND=22" (13)
22:43:44  [AT] " S,127,0F,00,165,P1,42" (22)
22:43:44  [AT] "SEND OK" (7)
22:43:45  [TX] S,128,0F,00,166,P1,4E
22:43:45  [SLOT] n=139 tx=21 ack=0 due=0 r=1
22:43:45  [AT] "AT+CIPSEND=22" (13)
22:43:45  [AT] " S,128,0F,00,166,P1,4E" (22)
22:43:45  [AT] "SEND OK" (7)
22:43:46  [TX] S,129,0F,00,168,P1,41
22:43:46  [SLOT] n=140 tx=21 ack=0 due=0 r=1
22:43:46  [AT] "AT+CIPSEND=22" (13)
22:43:46  [AT] " S,129,0F,00,168,P1,41" (22)
22:43:46  [AT] "SEND OK" (7)
22:43:48  [TX] S,130,0F,00,169,P1,48
22:43:48  [SLOT] n=141 tx=21 ack=0 due=0 r=1
22:43:48  [AT] "AT+CIPSEND=22" (13)
22:43:48  [AT] " S,130,0F,00,169,P1,48" (22)
22:43:48  [AT] "SEND OK" (7)
22:43:49  [TX] S,131,0F,00,170,P1,41
22:43:49  [SLOT] n=142 tx=21 ack=0 due=0 r=1
22:43:49  [AT] "AT+CIPSEND=22" (13)
22:43:49  [AT] " S,131,0F,00,170,P1,41" (22)
22:43:49  [AT] "SEND OK" (7)
22:43:50  [TX] S,132,0F,00,171,P1,43
22:43:50  [SLOT] n=143 tx=21 ack=0 due=0 r=1
22:43:50  [AT] "AT+CIPSEND=22" (13)
22:43:50  [AT] " S,132,0F,00,171,P1,43" (22)
22:43:50  [AT] "SEND OK" (7)
22:43:51  [TX] S,133,0F,00,172,P1,41
22:43:51  [SLOT] n=144 tx=21 ack=0 due=0 r=1
22:43:51  [AT] "AT+CIPSEND=22" (13)
22:43:51  [AT] " S,133,0F,00,172,P1,41" (22)
22:43:51  [AT] "SEND OK" (7)
22:43:52  [TX] S,134,0F,00,174,P1,40
22:43:52  [SLOT] n=145 tx=21 ack=0 due=0 r=1
22:43:52  [AT] "AT+CIPSEND=22" (13)
22:43:53  [AT] " S,134,0F,00,174,P1,40" (22)
22:43:53  [AT] "SEND OK" (7)
22:43:54  [TX] S,135,0F,00,175,P1,40
22:43:54  [SLOT] n=146 tx=21 ack=0 due=0 r=1
22:43:54  [AT] "AT+CIPSEND=22" (13)
22:43:54  [AT] " S,135,0F,00,175,P1,40" (22)
22:43:54  [AT] "SEND OK" (7)
22:43:55  [TX] S,136,0F,00,176,P1,40
22:43:55  [SLOT] n=147 tx=21 ack=0 due=0 r=1
22:43:55  [AT] "AT+CIPSEND=22" (13)
22:43:55  [AT] " S,136,0F,00,176,P1,40" (22)
22:43:55  [AT] "SEND OK" (7)
22:43:56  [TX] S,137,0F,00,177,P1,40
22:43:56  [SLOT] n=148 tx=21 ack=0 due=0 r=1
22:43:56  [AT] "AT+CIPSEND=22" (13)
22:43:56  [AT] " S,137,0F,00,177,P1,40" (22)
22:43:56  [AT] "SEND OK" (7)
22:43:57  «tap» 살아있음 — 최근 60초 rx=7674B (이 줄이 끊기면 탭이 죽은 것이다)
22:43:57  [TX] S,138,0F,00,178,P1,40
22:43:57  [SLOT] n=149 tx=21 ack=0 due=0 r=1
22:43:57  [AT] "AT+CIPSEND=22" (13)
22:43:57  [AT] " S,138,0F,00,178,P1,40" (22)
22:43:57  [AT] "SEND OK" (7)
22:43:58  [TX] S,139,0F,00,180,P1,46
22:43:58  [SLOT] n=150 tx=21 ack=0 due=0 r=1
22:43:58  [CNT] up=180 drop=0 esprst=0 hwrst=0/0 resync=0 sendfail=0 okto=0 stuck=0 ackq=0 ackdrop=0 ackstale=0 slot=150 oow=1 smiss=2 ssovf=0 cksumng=0 okstream=139 penddrop=0 pendfill=140 bigfill=3 bigdrop=0 bigokst=3 oklost=0 bigoklost=0 skip=1 online=1
22:43:58  [RAM] 최저 여유 571 B · 프롬프트 재동기 0회 (서버의 '버린줄' 과 맞아야 한다)
22:43:58  [AT] " S,139,0F,00,180,P1,46" (22)
22:43:58  [AT] "SEND OK" (7)
22:43:58  [AT] "AT+CIPSEND=22" (13)
22:44:00  [TX] S,140,0F,00,181,P1,49
22:44:00  [SLOT] n=151 tx=21 ack=0 due=0 r=1
22:44:00  [AT] "AT+CIPSEND=22" (13)
22:44:00  [AT] " S,140,0F,00,181,P1,49" (22)
22:44:00  [AT] "SEND OK" (7)
22:44:01  [TX] S,141,0F,00,182,P1,4B
22:44:01  [SLOT] n=152 tx=21 ack=0 due=0 r=1
22:44:01  [AT] "AT+CIPSEND=22" (13)
22:44:01  [AT] " S,141,0F,00,182,P1,4B" (22)
22:44:01  [AT] "SEND OK" (7)
22:44:02  [TX] S,142,0F,00,183,P1,49
22:44:02  [SLOT] n=153 tx=21 ack=0 due=0 r=1
22:44:02  [AT] "AT+CIPSEND=22" (13)
22:44:02  [AT] " S,142,0F,00,183,P1,49" (22)
22:44:02  [AT] "SEND OK" (7)
22:44:03  [TX] S,143,0F,00,184,P1,4F
22:44:03  [SLOT] n=154 tx=21 ack=0 due=0 r=1
22:44:03  [AT] "AT+CIPSEND=22" (13)
22:44:03  [AT] " S,143,0F,00,184,P1,4F" (22)
22:44:03  [AT] "SEND OK" (7)
22:44:04  [TX] S,144,0F,00,186,P1,4A
22:44:04  [SLOT] n=155 tx=21 ack=0 due=0 r=1
22:44:04  [AT] "AT+CIPSEND=22" (13)
22:44:04  [AT] " S,144,0F,00,186,P1,4A" (22)
22:44:04  [AT] "SEND OK" (7)
22:44:06  [TX] S,145,0F,00,187,P1,4A
22:44:06  [SLOT] n=156 tx=21 ack=0 due=0 r=1
22:44:06  [AT] "AT+CIPSEND=22" (13)
22:44:06  [AT] " S,145,0F,00,187,P1,4A" (22)
22:44:06  [AT] "SEND OK" (7)
22:44:07  [TX] S,146,0F,00,188,P1,46
22:44:07  [SLOT] n=157 tx=21 ack=0 due=0 r=1
22:44:07  [AT] "AT+CIPSEND=22" (13)
22:44:07  [AT] " S,146,0F,00,188,P1,46" (22)
22:44:07  [AT] "SEND OK" (7)
22:44:08  [TX] S,147,0F,00,189,P1,46
22:44:08  [SLOT] n=158 tx=21 ack=0 due=0 r=1
22:44:08  [AT] "AT+CIPSEND=22" (13)
22:44:08  [AT] " S,147,0F,00,189,P1,46" (22)
22:44:08  [AT] "SEND OK" (7)
22:44:09  [TX] S,148,0F,00,190,P1,41
22:44:09  [SLOT] n=159 tx=21 ack=0 due=0 r=1
22:44:09  [AT] "AT+CIPSEND=22" (13)
22:44:09  [AT] " S,148,0F,00,190,P1,41" (22)
22:44:09  [AT] "SEND OK" (7)
22:44:10  [TX] S,149,0F,00,192,P1,42
22:44:10  [SLOT] n=160 tx=21 ack=0 due=0 r=1
22:44:10  [AT] "AT+CIPSEND=22" (13)
22:44:10  [AT] " S,149,0F,00,192,P1,42" (22)
22:44:10  [AT] "SEND OK" (7)
22:44:11  [TX] S,150,0F,00,193,P1,4B
22:44:11  [SLOT] n=161 tx=21 ack=0 due=0 r=1
22:44:11  [AT] "AT+CIPSEND=22" (13)
22:44:12  [AT] " S,150,0F,00,193,P1,4B" (22)
22:44:12  [AT] "SEND OK" (7)
22:44:13  [TX] S,151,0F,00,194,P1,4D
22:44:13  [SLOT] n=162 tx=21 ack=0 due=0 r=1
22:44:13  [AT] "AT+CIPSEND=22" (13)
22:44:13  [AT] " S,151,0F,00,194,P1,4D" (22)
22:44:13  [AT] "SEND OK" (7)
22:44:14  [TX] S,152,0F,00,195,P1,4F
22:44:14  [SLOT] n=163 tx=21 ack=0 due=0 r=1
22:44:14  [AT] "AT+CIPSEND=22" (13)
22:44:14  [AT] " S,152,0F,00,195,P1,4F" (22)
22:44:14  [AT] "SEND OK" (7)
22:44:15  [TX] S,153,0F,00,196,P1,4D
22:44:15  [SLOT] n=164 tx=21 ack=0 due=0 r=1
22:44:15  [AT] "AT+CIPSEND=22" (13)
22:44:16  [AT] " S,153,0F,00,196,P1,4D" (22)
22:44:16  [AT] "SEND OK" (7)
22:44:16  [TX] S,154,0F,00,198,P1,44
22:44:16  [SLOT] n=165 tx=21 ack=0 due=0 r=1
22:44:16  [AT] "AT+CIPSEND=22" (13)
22:44:16  [AT] " S,154,0F,00,198,P1,44" (22)
22:44:16  [AT] "SEND OK" (7)
22:44:17  [TX] S,155,0F,00,199,P1,44
22:44:17  [SLOT] n=166 tx=21 ack=0 due=0 r=1
22:44:17  [AT] "AT+CIPSEND=22" (13)
22:44:17  [AT] " S,155,0F,00,199,P1,44" (22)
22:44:17  [AT] "SEND OK" (7)
22:44:19  [TX] S,156,0F,00,200,P1,44
22:44:19  [SLOT] n=167 tx=21 ack=0 due=0 r=1
22:44:19  [AT] "AT+CIPSEND=22" (13)
22:44:19  [AT] " S,156,0F,00,200,P1,44" (22)
22:44:19  [AT] "SEND OK" (7)
22:44:20  [TX] S,157,0F,00,201,P1,44
22:44:20  [SLOT] n=168 tx=21 ack=0 due=0 r=1
22:44:20  [AT] "AT+CIPSEND=22" (13)
22:44:20  [AT] " S,157,0F,00,201,P1,44" (22)
22:44:20  [AT] "SEND OK" (7)
22:44:21  [TX] S,158,0F,00,202,P1,48
22:44:21  [SLOT] n=169 tx=21 ack=0 due=0 r=1
22:44:21  [AT] "AT+CIPSEND=22" (13)
22:44:21  [AT] " S,158,0F,00,202,P1,48" (22)
22:44:21  [AT] "SEND OK" (7)
22:44:22  [TX] S,159,0F,00,204,P1,4F
22:44:22  [SLOT] n=170 tx=21 ack=0 due=0 r=1
22:44:22  [AT] "AT+CIPSEND=22" (13)
22:44:22  [AT] " S,159,0F,00,204,P1,4F" (22)
22:44:22  [AT] "SEND OK" (7)
22:44:23  [TX] S,160,0F,00,205,P1,44
22:44:23  [SLOT] n=171 tx=21 ack=0 due=0 r=1
22:44:23  [AT] "AT+CIPSEND=22" (13)
22:44:24  [AT] " S,160,0F,00,205,P1,44" (22)
22:44:24  [AT] "SEND OK" (7)
22:44:25  [TX] S,161,0F,00,206,P1,46
22:44:25  [SLOT] n=172 tx=21 ack=0 due=0 r=1
22:44:25  [AT] "AT+CIPSEND=22" (13)
22:44:25  [AT] " S,161,0F,00,206,P1,46" (22)
22:44:25  [AT] "SEND OK" (7)
22:44:26  [TX] S,162,0F,00,207,P1,44
22:44:26  [SLOT] n=173 tx=21 ack=0 due=0 r=1
22:44:26  [AT] "AT+CIPSEND=22" (13)
22:44:26  [AT] " S,162,0F,00,207,P1,44" (22)
22:44:26  [AT] "SEND OK" (7)
22:44:27  [TX] S,163,0F,00,208,P1,4A
22:44:27  [SLOT] n=174 tx=21 ack=0 due=0 r=1
22:44:27  [AT] "AT+CIPSEND=22" (13)
22:44:27  [AT] " S,163,0F,00,208,P1,4A" (22)
22:44:27  [AT] "SEND OK" (7)
22:44:28  [TX] S,164,0F,00,210,P1,44
22:44:28  [SLOT] n=175 tx=21 ack=0 due=0 r=1
22:44:28  [AT] "AT+CIPSEND=22" (13)
22:44:28  [AT] " S,164,0F,00,210,P1,44" (22)
22:44:28  [AT] "SEND OK" (7)
22:44:29  [TX] S,165,0F,00,211,P1,44
22:44:29  [SLOT] n=176 tx=21 ack=0 due=0 r=1
22:44:29  [AT] "AT+CIPSEND=22" (13)
22:44:29  [AT] " S,165,0F,00,211,P1,44" (22)
22:44:29  [AT] "SEND OK" (7)
22:44:31  [TX] S,166,0F,00,212,P1,44
22:44:31  [SLOT] n=177 tx=21 ack=0 due=0 r=1
22:44:31  [AT] "AT+CIPSEND=22" (13)
22:44:31  [AT] " S,166,0F,00,212,P1,44" (22)
22:44:31  [AT] "SEND OK" (7)
22:44:32  [TX] S,167,0F,00,213,P1,44
22:44:32  [SLOT] n=178 tx=21 ack=0 due=0 r=1
22:44:32  [AT] "AT+CIPSEND=22" (13)
22:44:32  [AT] " S,167,0F,00,213,P1,44" (22)
22:44:32  [AT] "SEND OK" (7)
22:44:33  [TX] S,168,0F,00,214,P1,4C
22:44:33  [SLOT] n=179 tx=21 ack=0 due=0 r=1
22:44:33  [AT] "AT+CIPSEND=22" (13)
22:44:33  [AT] " S,168,0F,00,214,P1,4C" (22)
22:44:33  [AT] "SEND OK" (7)
22:44:35  [TX] S,169,0F,00,216,P1,4F
22:44:35  [SLOT] n=180 tx=21 ack=0 due=0 r=1
22:44:35  [AT] "AT+CIPSEND=22" (13)
22:44:35  [AT] " S,169,0F,00,216,P1,4F" (22)
22:44:35  [AT] "SEND OK" (7)
22:44:36  [TX] S,170,0F,00,217,P1,46
22:44:36  [SLOT] n=181 tx=21 ack=0 due=0 r=1
22:44:36  [AT] "AT+CIPSEND=22" (13)
22:44:36  [AT] " S,170,0F,00,217,P1,46" (22)
22:44:36  [AT] "SEND OK" (7)
22:44:38  [TX] S,171,0F,00,218,P1,48
22:44:38  [SLOT] n=182 tx=21 ack=0 due=0 r=1
22:44:38  [AT] "AT+CIPSEND=22" (13)
22:44:38  [AT] " S,171,0F,00,218,P1,48" (22)
22:44:38  [AT] "SEND OK" (7)
22:44:39  [TX] S,172,0F,00,219,P1,4A
22:44:39  [SLOT] n=183 tx=21 ack=0 due=0 r=1
22:44:39  [AT] "AT+CIPSEND=22" (13)
22:44:39  [AT] " S,172,0F,00,219,P1,4A" (22)
22:44:39  [AT] "SEND OK" (7)
22:44:40  [TX] S,173,0F,00,220,P1,41
22:44:40  [SLOT] n=184 tx=21 ack=0 due=0 r=1
22:44:40  [AT] "AT+CIPSEND=22" (13)
22:44:40  [AT] " S,173,0F,00,220,P1,41" (22)
22:44:40  [AT] "SEND OK" (7)
22:44:41  [TX] S,174,0F,00,222,P1,44
22:44:41  [SLOT] n=185 tx=21 ack=0 due=0 r=1
22:44:41  [AT] "AT+CIPSEND=22" (13)
22:44:41  [AT] " S,174,0F,00,222,P1,44" (22)
22:44:41  [AT] "SEND OK" (7)
22:44:42  [TX] S,175,0F,00,223,P1,44
22:44:42  [SLOT] n=186 tx=21 ack=0 due=0 r=1
22:44:42  [AT] "AT+CIPSEND=22" (13)
22:44:42  [AT] " S,175,0F,00,223,P1,44" (22)
22:44:42  [AT] "SEND OK" (7)
22:44:44  [TX] S,176,0F,00,224,P1,40
22:44:44  [SLOT] n=187 tx=21 ack=0 due=0 r=1
22:44:44  [AT] "AT+CIPSEND=22" (13)
22:44:44  [AT] " S,176,0F,00,224,P1,40" (22)
22:44:44  [AT] "SEND OK" (7)
22:44:45  [TX] S,177,0F,00,225,P1,40
22:44:45  [SLOT] n=188 tx=21 ack=0 due=0 r=1
22:44:45  [AT] "AT+CIPSEND=22" (13)
22:44:45  [AT] " S,177,0F,00,225,P1,40" (22)
22:44:45  [AT] "SEND OK" (7)
22:44:46  [TX] S,178,0F,00,226,P1,4C
22:44:46  [SLOT] n=189 tx=21 ack=0 due=0 r=1
22:44:46  [AT] "AT+CIPSEND=22" (13)
22:44:46  [AT] " S,178,0F,00,226,P1,4C" (22)
22:44:46  [AT] "SEND OK" (7)
22:44:47  [TX] S,179,0F,00,228,P1,43
22:44:47  [SLOT] n=190 tx=21 ack=0 due=0 r=1
22:44:47  [AT] "AT+CIPSEND=22" (13)
22:44:47  [AT] " S,179,0F,00,228,P1,43" (22)
22:44:47  [AT] "SEND OK" (7)
22:44:48  [TX] S,180,0F,00,229,P1,44
22:44:48  [SLOT] n=191 tx=21 ack=0 due=0 r=1
22:44:48  [AT] "AT+CIPSEND=22" (13)
22:44:48  [AT] " S,180,0F,00,229,P1,44" (22)
22:44:48  [AT] "SEND OK" (7)
22:44:50  [TX] S,181,0F,00,230,P1,4D
22:44:50  [SLOT] n=192 tx=21 ack=0 due=0 r=1
22:44:50  [AT] "AT+CIPSEND=22" (13)
22:44:50  [AT] " S,181,0F,00,230,P1,4D" (22)
22:44:50  [AT] "SEND OK" (7)
22:44:51  [TX] S,182,0F,00,231,P1,4F
22:44:51  [SLOT] n=193 tx=21 ack=0 due=0 r=1
22:44:51  [AT] "AT+CIPSEND=22" (13)
22:44:51  [AT] " S,182,0F,00,231,P1,4F" (22)
22:44:51  [AT] "SEND OK" (7)
22:44:52  [TX] S,183,0F,00,232,P1,4D
22:44:52  [SLOT] n=194 tx=21 ack=0 due=0 r=1
22:44:52  [AT] "AT+CIPSEND=22" (13)
22:44:52  [AT] " S,183,0F,00,232,P1,4D" (22)
22:44:52  [AT] "SEND OK" (7)
22:44:53  [TX] S,184,0F,00,234,P1,4C
22:44:53  [SLOT] n=195 tx=21 ack=0 due=0 r=1
22:44:53  [AT] "AT+CIPSEND=22" (13)
22:44:53  [AT] " S,184,0F,00,234,P1,4C" (22)
22:44:53  [AT] "SEND OK" (7)
22:44:54  [TX] S,185,0F,00,235,P1,4C
22:44:54  [SLOT] n=196 tx=21 ack=0 due=0 r=1
22:44:54  [AT] "AT+CIPSEND=22" (13)
22:44:54  [AT] " S,185,0F,00,235,P1,4C" (22)
22:44:54  [AT] "SEND OK" (7)
22:44:56  [TX] S,186,0F,00,236,P1,4C
22:44:56  [SLOT] n=197 tx=21 ack=0 due=0 r=1
22:44:56  [AT] "AT+CIPSEND=22" (13)
22:44:56  [AT] " S,186,0F,00,236,P1,4C" (22)
22:44:56  [AT] "SEND OK" (7)
22:44:57  [TX] S,187,0F,00,237,P1,4C
22:44:57  [SLOT] n=198 tx=21 ack=0 due=0 r=1
22:44:57  [AT] "AT+CIPSEND=22" (13)
22:44:57  [AT] " S,187,0F,00,237,P1,4C" (22)
22:44:57  [AT] "SEND OK" (7)
22:44:58  «tap» 살아있음 — 최근 60초 rx=7701B (이 줄이 끊기면 탭이 죽은 것이다)
22:44:58  [TX] S,188,0F,00,238,P1,4C
22:44:58  [SLOT] n=199 tx=21 ack=0 due=0 r=1
22:44:58  [AT] "AT+CIPSEND=22" (13)
22:44:58  [AT] " S,188,0F,00,238,P1,4C" (22)
22:44:58  [AT] "SEND OK" (7)
22:44:59  [TX] S,189,0F,00,240,P1,42
22:44:59  [SLOT] n=200 tx=21 ack=0 due=0 r=1
22:44:59  [CNT] up=240 drop=0 esprst=0 hwrst=0/0 resync=0 sendfail=0 okto=0 stuck=0 ackq=0 ackdrop=0 ackstale=0 slot=200 oow=1 smiss=2 ssovf=0 cksumng=0 okstream=189 penddrop=0 pendfill=190 bigfill=3 bigdrop=0 bigokst=3 oklost=0 bigoklost=0 skip=1 online=1
22:44:59  [RAM] 최저 여유 571 B · 프롬프트 재동기 0회 (서버의 '버린줄' 과 맞아야 한다)
22:44:59  [AT] " S,189,0F,00,240,P1,42" (22)
22:44:59  [AT] "SEND OK" (7)
22:44:59  [AT] "AT+CIPSEND=22" (13)
22:45:00  [TX] S,190,0F,00,241,P1,4B
22:45:00  [SLOT] n=201 tx=21 ack=0 due=0 r=1
22:45:00  [AT] "\x81T+CIPSEND=22" (13)
22:45:00  [AT] " S,190,0F,00,241,P1,4B" (22)
22:45:00  [AT] "SEND OK" (7)
22:45:01  [TX] S,191,0F,00,242,P1,49
22:45:01  [SLOT] n=202 tx=21 ack=0 due=0 r=1
22:45:01  [AT] "AT+CIPSEND=22" (13)
22:45:02  [AT] " S,191,0F,00,242,P1,49" (22)
22:45:02  [AT] "SEND OK" (7)
22:45:03  [TX] S,192,0F,00,243,P1,4B
22:45:03  [SLOT] n=203 tx=21 ack=0 due=0 r=1
22:45:03  [AT] "AT+CIPSEND=22" (13)
22:45:03  [AT] " S,192,0F,00,243,P1,4B" (22)
22:45:03  [AT] "SEND OK" (7)
22:45:04  [TX] S,193,0F,00,244,P1,4D
22:45:04  [SLOT] n=204 tx=21 ack=0 due=0 r=1
22:45:04  [AT] "AT+CIPSEND=22" (13)
22:45:04  [AT] " S,193,0F,00,244,P1,4D" (22)
22:45:04  [AT] "SEND OK" (7)
22:45:05  [TX] S,194,0F,00,246,P1,48
22:45:05  [SLOT] n=205 tx=21 ack=0 due=0 r=1
22:45:05  [AT] "AT+CIPSEND=22" (13)
22:45:05  [AT] " S,194,0F,00,246,P1,48" (22)
22:45:05  [AT] "SEND OK" (7)
22:45:06  [TX] S,195,0F,00,247,P1,48
22:45:06  [SLOT] n=206 tx=21 ack=0 due=0 r=1
22:45:06  [AT] "AT+CIPSEN\x8C=22" (13)
22:45:06  [AT] " S,195,0F,00,247,P1,48" (22)
22:45:06  [AT] "SEND OK" (7)
22:45:07  [TX] S,196,0F,00,248,P1,44
22:45:07  [SLOT] n=207 tx=21 ack=0 due=0 r=1
22:45:07  [AT] "AT+CIPSEND=22" (13)
22:45:07  [AT] " S,196,0F,00,248,P1,44" (22)
22:45:07  [AT] "SEND OK" (7)
22:45:09  [TX] S,197,0F,00,249,P1,44
22:45:09  [SLOT] n=208 tx=21 ack=0 due=0 r=1
22:45:09  [AT] "AT+CIPSEND=22" (13)
22:45:09  [AT] " S,197,0F,00,249,P1,44" (22)
22:45:09  [AT] "SEND OK" (7)
22:45:10  [TX] S,198,0F,00,250,P1,43
22:45:10  [SLOT] n=209 tx=21 ack=0 due=0 r=1
22:45:10  [AT] "AT+CIPSEND=22" (13)
22:45:10  [AT] " S,198,0F,00,250,P1,43" (22)
22:45:10  [AT] "SEND OK" (7)
22:45:11  [TX] S,199,0F,00,252,P1,40
22:45:11  [SLOT] n=210 tx=21 ack=0 due=0 r=1
22:45:11  [AT] "AT+CIPSEND=22" (13)
22:45:11  [AT] " S,199,0F,00,252,P1,40" (22)
22:45:11  [AT] "SEND OK" (7)
22:45:12  [TX] S,200,0F,00,253,P1,42
22:45:12  [SLOT] n=211 tx=21 ack=0 due=0 r=1
22:45:12  [AT] "AT+CIPSEND=22" (13)
22:45:12  [AT] " S,200,0F,00,253,P1,42" (22)
22:45:12  [AT] "SEND OK" (7)
22:45:13  [TX] S,201,0F,00,254,P1,44
22:45:13  [SLOT] n=212 tx=21 ack=0 due=0 r=1
22:45:13  [AT] "AT+CIPSEND=22" (13)
22:45:13  [AT] " S,201,0F,00,254,P1,44" (22)
22:45:13  [AT] "SEND OK" (7)
22:45:15  [TX] S,202,0F,00,255,P1,46
22:45:15  [SLOT] n=213 tx=21 ack=0 due=0 r=1
22:45:15  [AT] "AT+CIPSEND=22" (13)
22:45:15  [AT] " S,202,0F,00,255,P1,46" (22)
22:45:15  [AT] "SEND OK" (7)
22:45:16  [TX] S,203,0F,00,256,P1,44
22:45:16  [SLOT] n=214 tx=21 ack=0 due=0 r=1
22:45:16  [AT] "AT+CIPSEND=22" (13)
22:45:16  [AT] " S,203,0F,00,256,P1,44" (22)
22:45:16  [AT] "SEND OK" (7)
22:45:17  [TX] S,204,0F,00,258,P1,4D
22:45:17  [SLOT] n=215 tx=21 ack=0 due=0 r=1
22:45:17  [AT] "AT+CIPSEND=22" (13)
22:45:17  [AT] " S,204,0F,00,258,P1,4D" (22)
22:45:17  [AT] "SEND OK" (7)
22:45:18  [TX] S,205,0F,00,259,P1,4D
22:45:18  [SLOT] n=216 tx=21 ack=0 due=0 r=1
22:45:18  [AT] "AT+CIPSEND=22" (13)
22:45:18  [AT] " S,205,0F,00,259,P1,4D" (22)
22:45:18  [AT] "SEND OK" (7)
22:45:19  [TX] S,206,0F,00,260,P1,44
22:45:19  [SLOT] n=217 tx=21 ack=0 due=0 r=1
22:45:19  [AT] "AT+CIPSEND=22" (13)
22:45:19  [AT] " S,206,0F,00,260,P1,44" (22)
22:45:19  [AT] "SEND OK" (7)
22:45:21  [TX] S,207,0F,00,261,P1,44
22:45:21  [SLOT] n=218 tx=21 ack=0 due=0 r=1
22:45:21  [AT] "AT+CIPSEND=22" (13)
22:45:21  [AT] " S,207,0F,00,261,P1,44" (22)
22:45:21  [AT] "SEND OK" (7)
22:45:22  [TX] S,208,0F,00,262,P1,48
22:45:22  [SLOT] n=219 tx=21 ack=0 due=0 r=1
22:45:22  [AT] "AT+CIPSEND=22" (13)
22:45:22  [AT] " S,208,0F,00,262,P1,48" (22)
22:45:22  [AT] "SEND OK" (7)
22:45:23  [TX] S,209,0F,00,264,P1,4F
22:45:23  [SLOT] n=220 tx=21 ack=0 due=0 r=1
22:45:23  [AT] "AT+CIPSEND=22" (13)
22:45:23  [AT] " S,209,0F,00,264,P1,4F" (22)
22:45:23  [AT] "SEND OK" (7)
22:45:24  [TX] S,210,0F,00,265,P1,46
22:45:24  [SLOT] n=221 tx=21 ack=0 due=0 r=1
22:45:24  [AT] "AT+CIPSEND=22" (13)
22:45:24  [AT] " S,210,0F,00,265,P1,46" (22)
22:45:24  [AT] "SEND OK" (7)
22:45:25  [TX] S,211,0F,00,266,P1,44
22:45:25  [SLOT] n=222 tx=21 ack=0 due=0 r=1
22:45:25  [AT] "AT+CIPSEND=22" (13)
22:45:25  [AT] " S,211,0F,00,266,P1,44" (22)
22:45:25  [AT] "SEND OK" (7)
22:45:27  [TX] S,212,0F,00,267,P1,46
22:45:27  [SLOT] n=223 tx=21 ack=0 due=0 r=1
22:45:27  [AT] "AT+CIPSEND=22" (13)
22:45:27  [AT] " S,212,0F,00,267,P1,46" (22)
22:45:27  [AT] "SEND OK" (7)
22:45:28  [TX] S,213,0F,00,268,P1,48
22:45:28  [SLOT] n=224 tx=21 ack=0 due=0 r=1
22:45:28  [AT] "AT+CIPSEND=22" (13)
22:45:28  [AT] " S,213,0F,00,268,P1,48" (22)
22:45:28  [AT] "SEND OK" (7)
22:45:29  [TX] S,214,0F,00,270,P1,46
22:45:29  [SLOT] n=225 tx=21 ack=0 due=0 r=1
22:45:29  [AT] "AT+CIPSEND=22" (13)
22:45:29  [AT] " S,214,0F,00,270,P1,46" (22)
22:45:29  [AT] "SEND OK" (7)
22:45:30  [TX] S,215,0F,00,271,P1,46
22:45:30  [SLOT] n=226 tx=21 ack=0 due=0 r=1
22:45:30  [AT] "AT+CIPSEND=22" (13)
22:45:30  [AT] " S,215,0F,00,271,P1,46" (22)
22:45:30  [AT] "SEND OK" (7)
22:45:31  [TX] S,216,0F,00,272,P1,46
22:45:31  [SLOT] n=227 tx=21 ack=0 due=0 r=1
22:45:31  [AT] "AT+CIPSEND=22" (13)
22:45:31  [AT] " S,216,0F,00,272,P1,46" (22)
22:45:31  [AT] "SEND OK" (7)
22:45:33  [TX] S,217,0F,00,273,P1,46
22:45:33  [SLOT] n=228 tx=21 ack=0 due=0 r=1
22:45:33  [AT] "AT+CIPSEND=22" (13)
22:45:33  [AT] " S,217,0F,00,273,P1,46" (22)
22:45:33  [AT] "OK" (2)
22:45:33  [AT] "Unlink" (6)
22:45:33  [DIAG] offline step=3 사다리=0/0 rx=11240 lines=694 up=273s
22:45:33  [NET] 3 CIFSR (IP 를 실제로 받았는가)
22:45:33  [AT] "AT+CIFSR" (8)
22:45:33  [AT] "192.168.35.79" (13)
22:45:33  [NET] ★ IP 확보: 192.168.35.79
22:45:33  [AT] "OK" (2)
22:45:33  [NET] 4 CIPMUX=0
22:45:33  [AT] "AT+CIPMUX=0" (11)
22:45:33  [AT] "OK" (2)
22:45:33  [NET] CIPMUX=0 적용됨 → CIPSTART
22:45:34  [NET] 5 CIPSTART
22:45:34  [AT] "AT+CIPSTART="TCP","192.168.35.21",9991" (38)
22:45:34  [AT] "ERROR" (5)
22:45:34  [AT] "Unlink" (6)
22:45:34  [NET] 3 CIFSR (IP 를 실제로 받았는가)
22:45:34  [AT] "AT+CIFSR" (8)
22:45:34  [AT] "192.168.35.79" (13)
22:45:34  [NET] ★ IP 확보: 192.168.35.79
22:45:34  [AT] "OK" (2)
22:45:34  [NET] 4 CIPMUX=0
22:45:34  [AT] "AT+CIPMUX=0" (11)
22:45:34  [AT] "OK" (2)
22:45:34  [NET] CIPMUX=0 적용됨 → CIPSTART
22:45:34  [NET] 5 CIPSTART
22:45:34  [AT] "AT+CIPSTART="TCP","192.168.35.21",9991" (38)
22:45:34  [AT] "OK" (2)
22:45:34  [AT] "Linked" (6)
22:45:34  [NET] online (CONNECT) + 캐시 비움
22:45:35  [TX] S,218,0F,00,276,P1,4C
22:45:35  [SLOT] n=230 tx=21 ack=0 due=0 r=1
22:45:35  [AT] "AT+CIPSEND=22" (13)
22:45:35  [AT] " S,218,0F,00,276,P1,4C" (22)
22:45:35  [AT] "SEND OK" (7)
22:45:36  [TX] D,*,7,6,6F
22:45:36  D,A1,IP,01
22:45:36  D,B1,IP,02
22:45:36  D,LD,OG,68
22:45:36  D,LC,OL,64
22:45:36  D,DR,OB,73
22:45:36  D,L2,OL,15
22:45:36  [REG] 등록 전송 76B
22:45:36  [SLOT] n=231 tx=76 ack=0 due=0 r=1
22:45:36  [AT] "AT+CIPSEND=77" (13)
22:45:36  [AT] " D,*,7,6,6FD,A1,IP,01D,B1,IP,02D,LD,OG,68D,LC,OL,64D,DR,OB,73D,L2,OL,15" (71)
22:45:36  [AT] "SEND OK" (7)
22:45:37  [TX] S,220,0F,00,278,P1,49
22:45:37  [SLOT] n=232 tx=21 ack=0 due=0 r=1
22:45:37  [AT] "AT+CIPSEND=22" (13)
22:45:37  [AT] " S,220,0F,00,278,P1,49" (22)
22:45:37  [AT] "SEND OK" (7)
22:45:39  [TX] S,221,0F,00,279,P1,49
22:45:39  [SLOT] n=233 tx=21 ack=0 due=0 r=1
22:45:39  [AT] "AT+CIPSEND=22" (13)
22:45:39  [AT] " S,221,0F,00,279,P1,49" (22)
22:45:39  [AT] "SEND OK" (7)
22:45:40  [TX] S,222,0F,00,280,P1,4C
22:45:40  [SLOT] n=234 tx=21 ack=0 due=0 r=1
22:45:40  [AT] "AT+CIPSEND=22" (13)
22:45:40  [AT] " S,222,0F,00,280,P1,4C" (22)
22:45:40  [AT] "SEND OK" (7)
22:45:41  [TX] S,223,0F,00,282,P1,4F
22:45:41  [SLOT] n=235 tx=21 ack=0 due=0 r=1
22:45:41  [AT] "AT+CIPSEND=22" (13)
22:45:42  [AT] " S,223,0F,00,282,P1,4F" (22)
22:45:42  [AT] "SEND OK" (7)
22:45:42  [TX] S,224,0F,00,283,P1,49
22:45:42  [SLOT] n=236 tx=21 ack=0 due=0 r=1
22:45:42  [AT] "AT+CIPSEND=22" (13)
22:45:42  [AT] " S,224,0F,00,283,P1,49" (22)
22:45:42  [AT] "SEND OK" (7)
22:45:43  [TX] S,225,0F,00,284,P1,4F
22:45:43  [SLOT] n=237 tx=21 ack=0 due=0 r=1
22:45:43  [AT] "AT+CIPSEND=22" (13)
22:45:43  [AT] " S,225,0F,00,284,P1,4F" (22)
22:45:43  [AT] "SEND OK" (7)
22:45:44  [TX] S,226,0F,00,285,P1,4D
22:45:44  [SLOT] n=238 tx=21 ack=0 due=0 r=1
22:45:44  [AT] "AT+CIPSEND=22" (13)
22:45:45  [AT] " S,226,0F,00,285,P1,4D" (22)
22:45:45  [AT] "SEND OK" (7)
22:45:46  [TX] S,227,0F,00,286,P1,4F
22:45:46  [SLOT] n=239 tx=21 ack=0 due=0 r=1
22:45:46  [AT] "AT+CIPSEND=22" (13)
22:45:46  [AT] " S,227,0F,00,286,P1,4F" (22)
22:45:46  [AT] "SEND OK" (7)
22:45:47  [TX] S,228,0F,00,288,P1,4E
22:45:47  [SLOT] n=240 tx=21 ack=0 due=0 r=1
22:45:47  [AT] "AT+CIPSEND=22" (13)
22:45:47  [AT] " S,228,0F,00,288,P1,4E" (22)
22:45:47  [AT] "SEND OK" (7)
22:45:48  [TX] S,229,0F,00,289,P1,4E
22:45:48  [SLOT] n=241 tx=21 ack=0 due=0 r=1
22:45:48  [AT] "AT+CIPSEND=22" (13)
22:45:48  [AT] " S,229,0F,00,289,P1,4E" (22)
22:45:48  [AT] "SEND OK" (7)
22:45:49  [TX] S,230,0F,00,290,P1,4E
22:45:49  [SLOT] n=242 tx=21 ack=0 due=0 r=1
22:45:49  [AT] "AT+CIPSEND=22" (13)
22:45:49  [AT] " S,230,0F,00,290,P1,4E" (22)
22:45:49  [AT] "SEND OK" (7)
22:45:50  [TX] S,231,0F,00,291,P1,4E
22:45:50  [SLOT] n=243 tx=21 ack=0 due=0 r=1
22:45:50  [AT] "AT+CIPSEND=22" (13)
22:45:51  [AT] " S,231,0F,00,291,P1,4E" (22)
22:45:51  [AT] "SEND OK" (7)
22:45:52  [TX] S,232,0F,00,292,P1,4E
22:45:52  [SLOT] n=244 tx=21 ack=0 due=0 r=1
22:45:52  [AT] "AT+CIPSEND=22" (13)
22:45:52  [AT] " S,232,0F,00,292,P1,4E" (22)
22:45:52  [AT] "SEND OK" (7)
22:45:53  [TX] S,233,0F,00,294,P1,49
22:45:53  [SLOT] n=245 tx=21 ack=0 due=0 r=1
22:45:53  [AT] "AT+CIPSEND=22" (13)
22:45:53  [AT] " S,233,0F,00,294,P1,49" (22)
22:45:53  [AT] "SEND OK" (7)
22:45:54  [TX] S,234,0F,00,295,P1,4F
22:45:54  [SLOT] n=246 tx=21 ack=0 due=0 r=1
22:45:54  [AT] "AT+CIPSEND=22" (13)
22:45:54  [AT] " S,234,0F,00,295,P1,4F" (22)
22:45:54  [AT] "SEND OK" (7)
22:45:55  [TX] S,235,0F,00,296,P1,4D
22:45:55  [SLOT] n=247 tx=21 ack=0 due=0 r=1
22:45:55  [AT] "AT+CIPSEND=22" (13)
22:45:55  [AT] " S,235,0F,00,296,P1,4D" (22)
22:45:55  [AT] "SEND OK" (7)
22:45:56  [TX] S,236,0F,00,297,P1,4F
22:45:56  [SLOT] n=248 tx=21 ack=0 due=0 r=1
22:45:56  [AT] "AT+CIPSEND=22" (13)
22:45:57  [AT] " S,236,0F,00,297,P1,4F" (22)
22:45:57  [AT] "SEND OK" (7)
22:45:58  «tap» 살아있음 — 최근 60초 rx=8504B (이 줄이 끊기면 탭이 죽은 것이다)
22:45:58  [TX] S,237,0F,00,298,P1,41
22:45:58  [SLOT] n=249 tx=21 ack=0 due=0 r=1
22:45:58  [AT] "AT+CIPSEND=22" (13)
22:45:58  [AT] " S,237,0F,00,298,P1,41" (22)
22:45:58  [AT] "SEND OK" (7)
22:45:59  [TX] S,238,0F,00,300,P1,4E
22:45:59  [SLOT] n=250 tx=21 ack=0 due=0 r=1
22:45:59  [CNT] up=300 drop=0 esprst=0 hwrst=0/0 resync=0 sendfail=0 okto=0 stuck=0 ackq=0 ackdrop=0 ackstale=0 slot=250 oow=1 smiss=3 ssovf=0 cksumng=0 okstream=237 penddrop=0 pendfill=239 bigfill=4 bigdrop=0 bigokst=4 oklost=0 bigoklost=0 skip=1 online=1
22:45:59  [RAM] 최저 여유 571 B · 프롬프트 재동기 0회 (서버의 '버린줄' 과 맞아야 한다)
22:45:59  [AT] " S,238,0F,00,300,P1,4E" (22)
22:45:59  [AT] "SEND OK" (7)
22:45:59  [AT] "AT+CIPSEND=22" (13)
22:46:00  [TX] S,239,0F,00,301,P1,4E
22:46:00  [SLOT] n=251 tx=21 ack=0 due=0 r=1
22:46:00  [AT] "AT+CIPSEND=22" (13)
22:46:00  [AT] " S,239,0F,00,301,P1,4E" (22)
22:46:00  [AT] "SEND OK" (7)
22:46:01  [TX] S,240,0F,00,302,P1,43
22:46:01  [SLOT] n=252 tx=21 ack=0 due=0 r=1
22:46:01  [AT] "AT+CIPSEND=22" (13)
22:46:01  [AT] " S,240,0F,00,302,P1,43" (22)
22:46:01  [AT] "SEND OK" (7)
22:46:02  [TX] S,241,0F,00,303,P1,43
22:46:02  [SLOT] n=253 tx=21 ack=0 due=0 r=1
22:46:02  [AT] "AT+CIPSEND=22" (13)
22:46:02  [AT] " S,241,0F,00,303,P1,43" (22)
22:46:02  [AT] "SEND OK" (7)
22:46:04  [TX] S,242,0F,00,304,P1,47
22:46:04  [SLOT] n=254 tx=21 ack=0 due=0 r=1
22:46:04  [AT] "AT+CIPSEND=22" (13)
22:46:04  [AT] " S,242,0F,00,304,P1,47" (22)
22:46:04  [AT] "SEND OK" (7)
22:46:05  [TX] S,243,0F,00,306,P1,44
22:46:05  [SLOT] n=255 tx=21 ack=0 due=0 r=1
22:46:05  [AT] "AT+CIPSEND=22" (13)
22:46:05  [AT] " S,243,0F,00,306,P1,44" (22)
22:46:05  [AT] "SEND OK" (7)
22:46:06  [TX] S,244,0F,00,307,P1,42
22:46:06  [SLOT] n=256 tx=21 ack=0 due=0 r=1
22:46:06  [AT] "AT+CIPSEND=22" (13)
22:46:06  [AT] " S,244,0F,00,307,P1,42" (22)
22:46:06  [AT] "SEND OK" (7)
22:46:07  [TX] S,245,0F,00,308,P1,4C
22:46:07  [SLOT] n=257 tx=21 ack=0 due=0 r=1
22:46:07  [AT] "AT+CIPSEND=22" (13)
22:46:07  [AT] " S,245,0F,00,308,P1,4C" (22)
22:46:07  [AT] "SEND OK" (7)
22:46:08  [TX] S,246,0F,00,309,P1,4E
22:46:08  [SLOT] n=258 tx=21 ack=0 due=0 r=1
22:46:08  [AT] "AT+CIPSEND=22" (13)
22:46:09  [AT] " S,246,0F,00,309,P1,4E" (22)
22:46:09  [AT] "SEND OK" (7)
22:46:10  [TX] S,247,0F,00,310,P1,47
22:46:10  [SLOT] n=259 tx=21 ack=0 due=0 r=1
22:46:10  [AT] "AT+CIPSEND=22" (13)
22:46:10  [AT] " S,247,0F,00,310,P1,47" (22)
22:46:10  [AT] "SEND OK" (7)
22:46:11  [TX] S,248,0F,00,312,P1,4A
22:46:11  [SLOT] n=260 tx=21 ack=0 due=0 r=1
22:46:11  [AT] "AT+CIPSEND=22" (13)
22:46:11  [AT] " S,248,0F,00,312,P1,4A" (22)
22:46:11  [AT] "SEND OK" (7)
22:46:12  [TX] S,249,0F,00,313,P1,4A
22:46:12  [SLOT] n=261 tx=21 ack=0 due=0 r=1
22:46:12  [AT] "AT+CIPSEND=22" (13)
22:46:12  [AT] " S,249,0F,00,313,P1,4A" (22)
22:46:12  [AT] "SEND OK" (7)
22:46:13  [TX] S,250,0F,00,314,P1,45
22:46:13  [SLOT] n=262 tx=21 ack=0 due=0 r=1
22:46:13  [AT] "AT+CIPSEND=22" (13)
22:46:13  [AT] " S,250,0F,00,314,P1,45" (22)
22:46:13  [AT] "SEND OK" (7)
22:46:14  [TX] S,251,0F,00,315,P1,45
22:46:14  [SLOT] n=263 tx=21 ack=0 due=0 r=1
22:46:14  [AT] "AT+CIPSEND=22" (13)
22:46:14  [AT] " S,251,0F,00,315,P1,45" (22)
22:46:14  [AT] "SEND OK" (7)
22:46:16  [TX] S,252,0F,00,316,P1,45
22:46:16  [SLOT] n=264 tx=21 ack=0 due=0 r=1
22:46:16  [AT] "AT+CIPSEND=22" (13)
22:46:16  [AT] " S,252,0F,00,316,P1,45" (22)
22:46:16  [AT] "SEND OK" (7)
22:46:17  [TX] S,253,0F,00,318,P1,4A
22:46:17  [SLOT] n=265 tx=21 ack=0 due=0 r=1
22:46:17  [AT] "AT+CIPSEND=22" (13)
22:46:17  [AT] " S,253,0F,00,318,P1,4A" (22)
22:46:17  [AT] "SEND OK" (7)
22:46:18  [TX] S,254,0F,00,319,P1,4C
22:46:18  [SLOT] n=266 tx=21 ack=0 due=0 r=1
22:46:18  [AT] "AT+CIPSEND=22" (13)
22:46:18  [AT] " S,254,0F,00,319,P1,4C" (22)
22:46:18  [AT] "SEND OK" (7)
22:46:19  [TX] S,255,0F,00,320,P1,47
22:46:19  [SLOT] n=267 tx=21 ack=0 due=0 r=1
22:46:19  [AT] "AT+CIPSEND=22" (13)
22:46:19  [AT] " S,255,0F,00,320,P1,47" (22)
22:46:19  [AT] "SEND OK" (7)
22:46:20  [TX] S,256,0F,00,321,P1,45
22:46:20  [SLOT] n=268 tx=21 ack=0 due=0 r=1
22:46:20  [AT] "AT+CIPSEND=22" (13)
22:46:20  [AT] " S,256,0F,00,321,P1,45" (22)
22:46:20  [AT] "SEND OK" (7)
22:46:22  [TX] S,257,0F,00,322,P1,47
22:46:22  [SLOT] n=269 tx=21 ack=0 due=0 r=1
22:46:22  [AT] "AT+CIPSEND=22" (13)
22:46:22  [AT] " S,257,0F,00,322,P1,47" (22)
22:46:22  [AT] "SEND OK" (7)
22:46:23  [TX] S,258,0F,00,324,P1,4E
22:46:23  [SLOT] n=270 tx=21 ack=0 due=0 r=1
22:46:23  [AT] "AT+CIPSEND=22" (13)
22:46:23  [AT] " S,258,0F,00,324,P1,4E" (22)
22:46:23  [AT] "SEND OK" (7)
22:46:24  [TX] S,259,0F,00,325,P1,4E
22:46:24  [SLOT] n=271 tx=21 ack=0 due=0 r=1
22:46:24  [AT] "AT+CIPSEND=22" (13)
22:46:24  [AT] " S,259,0F,00,325,P1,4E" (22)
22:46:24  [AT] "SEND OK" (7)
22:46:25  [TX] S,260,0F,00,326,P1,47
22:46:25  [SLOT] n=272 tx=21 ack=0 due=0 r=1
22:46:25  [AT] "AT+CIPSEND=22" (13)
22:46:25  [AT] " S,260,0F,00,326,P1,47" (22)
22:46:25  [AT] "SEND OK" (7)
22:46:26  [TX] S,261,0F,00,327,P1,47
22:46:26  [SLOT] n=273 tx=21 ack=0 due=0 r=1
22:46:26  [AT] "AT+CIPSEND=22" (13)
22:46:26  [AT] " S,261,0F,00,327,P1,47" (22)
22:46:26  [AT] "SEND OK" (7)
22:46:28  [TX] S,262,0F,00,328,P1,4B
22:46:28  [SLOT] n=274 tx=21 ack=0 due=0 r=1
22:46:28  [AT] "AT+CIPSEND=22" (13)
22:46:28  [AT] " S,262,0F,00,328,P1,4B" (22)
22:46:28  [AT] "SEND OK" (7)
22:46:29  [TX] S,263,0F,00,330,P1,43
22:46:29  [SLOT] n=275 tx=21 ack=0 due=0 r=1
22:46:29  [AT] "AT+CIPSEND=22" (13)
22:46:29  [AT] " S,263,0F,00,330,P1,43" (22)
22:46:29  [AT] "SEND OK" (7)
22:46:30  [TX] S,264,0F,00,331,P1,45
22:46:30  [SLOT] n=276 tx=21 ack=0 due=0 r=1
22:46:30  [AT] "AT+CIPSEND=22" (13)
22:46:30  [AT] " S,264,0F,00,331,P1,45" (22)
22:46:30  [AT] "SEND OK" (7)
22:46:31  [TX] S,265,0F,00,332,P1,47
22:46:31  [SLOT] n=277 tx=21 ack=0 due=0 r=1
22:46:31  [AT] "AT+CIPSEND=22" (13)
22:46:31  [AT] " S,265,0F,00,332,P1,47" (22)
22:46:31  [AT] "SEND OK" (7)
22:46:32  [TX] S,266,0F,00,333,P1,45
22:46:32  [SLOT] n=278 tx=21 ack=0 due=0 r=1
22:46:32  [AT] "AT+CIPSEND=22" (13)
22:46:32  [AT] " S,266,0F,00,333,P1,45" (22)
22:46:32  [AT] "SEND OK" (7)
22:46:34  [TX] S,267,0F,00,334,P1,43
22:46:34  [SLOT] n=279 tx=21 ack=0 due=0 r=1
22:46:34  [AT] "AT+CIPSEND=22" (13)
22:46:34  [AT] " S,267,0F,00,334,P1,43" (22)
22:46:34  [AT] "SEND OK" (7)
22:46:35  [TX] S,268,0F,00,336,P1,4E
22:46:35  [SLOT] n=280 tx=21 ack=0 due=0 r=1
22:46:35  [AT] "AT+CIPSEND=22" (13)
22:46:35  [AT] " S,268,0F,00,336,P1,4E" (22)
22:46:35  [AT] "SEND OK" (7)
22:46:36  [TX] S,269,0F,00,337,P1,4E
22:46:36  [SLOT] n=281 tx=21 ack=0 due=0 r=1
22:46:36  [AT] "AT+CIPSEND=22" (13)
22:46:36  [AT] " S,269,0F,00,337,P1,4E" (22)
22:46:36  [AT] "SEND OK" (7)
22:46:37  [TX] S,270,0F,00,338,P1,49
22:46:37  [SLOT] n=282 tx=21 ack=0 due=0 r=1
22:46:37  [AT] "AT+CIPSEND=22" (13)
22:46:37  [AT] " S,270,0F,00,338,P1,49" (22)
22:46:37  [AT] "SEND OK" (7)
22:46:38  [TX] S,271,0F,00,339,P1,49
22:46:38  [SLOT] n=283 tx=21 ack=0 due=0 r=1
22:46:38  [AT] "AT+CIPSEND=22" (13)
22:46:38  [AT] " S,271,0F,00,339,P1,49" (22)
22:46:38  [AT] "SEND OK" (7)
22:46:39  [TX] S,272,0F,00,340,P1,44
22:46:39  [SLOT] n=284 tx=21 ack=0 due=0 r=1
22:46:39  [AT] "AT+CIPSEND=22" (13)
22:46:39  [AT] " S,272,0F,00,340,P1,44" (22)
22:46:39  [AT] "SEND OK" (7)
22:46:41  [TX] S,273,0F,00,342,P1,47
22:46:41  [SLOT] n=285 tx=21 ack=0 due=0 r=1
22:46:41  [AT] "AT+CIPSEND=22" (13)
22:46:41  [AT] " S,273,0F,00,342,P1,47" (22)
22:46:41  [AT] "SEND OK" (7)
22:46:42  [TX] S,274,0F,00,343,P1,41
22:46:42  [SLOT] n=286 tx=21 ack=0 due=0 r=1
22:46:42  [AT] "AT+CIPSEND=22" (13)
22:46:42  [AT] " S,274,0F,00,343,P1,41" (22)
22:46:42  [AT] "SEND OK" (7)
22:46:43  [TX] S,275,0F,00,344,P1,47
22:46:43  [SLOT] n=287 tx=21 ack=0 due=0 r=1
22:46:43  [AT] "AT+CIPSEND=22" (13)
22:46:43  [AT] " S,275,0F,00,344,P1,47" (22)
22:46:43  [AT] "SEND OK" (7)
22:46:44  [TX] S,276,0F,00,345,P1,45
22:46:44  [SLOT] n=288 tx=21 ack=0 due=0 r=1
22:46:44  [AT] "AT+CIPSEND=22" (13)
22:46:44  [AT] " S,276,0F,00,345,P1,45" (22)
22:46:44  [AT] "SEND OK" (7)
22:46:45  [TX] S,277,0F,00,346,P1,47
22:46:45  [SLOT] n=289 tx=21 ack=0 due=0 r=1
22:46:45  [AT] "AT+CIPSEND=22" (13)
22:46:45  [AT] " S,277,0F,00,346,P1,47" (22)
22:46:45  [AT] "SEND OK" (7)
22:46:47  [TX] S,278,0F,00,348,P1,46
22:46:47  [SLOT] n=290 tx=21 ack=0 due=0 r=1
22:46:47  [AT] "AT+CIPSEND=22" (13)
22:46:47  [AT] " S,278,0F,00,348,P1,46" (22)
22:46:47  [AT] "SEND OK" (7)
22:46:48  [TX] S,279,0F,00,349,P1,46
22:46:48  [SLOT] n=291 tx=21 ack=0 due=0 r=1
22:46:48  [AT] "AT+CIPSEND=22" (13)
22:46:48  [AT] " S,279,0F,00,349,P1,46" (22)
22:46:48  [AT] "SEND OK" (7)
22:46:49  [TX] S,280,0F,00,350,P1,48
22:46:49  [SLOT] n=292 tx=21 ack=0 due=0 r=1
22:46:49  [AT] "AT+CIPSEND=22" (13)
22:46:49  [AT] " S,280,0F,00,350,P1,48" (22)
22:46:49  [AT] "SEND OK" (7)
22:46:50  [TX] S,281,0F,00,351,P1,48
22:46:50  [SLOT] n=293 tx=21 ack=0 due=0 r=1
22:46:50  [AT] "AT+CIPSEND=22" (13)
22:46:50  [AT] " S,281,0F,00,351,P1,48" (22)
22:46:50  [AT] "SEND OK" (7)
22:46:51  [TX] S,282,0F,00,352,P1,48
22:46:51  [SLOT] n=294 tx=21 ack=0 due=0 r=1
22:46:51  [AT] "AT+CIPSEND=22" (13)
22:46:51  [AT] " S,282,0F,00,352,P1,48" (22)
22:46:51  [AT] "SEND OK" (7)
22:46:53  [TX] S,283,0F,00,354,P1,4F
22:46:53  [SLOT] n=295 tx=21 ack=0 due=0 r=1
22:46:53  [AT] "AT+CIPSEND=22" (13)
22:46:53  [AT] " S,283,0F,00,354,P1,4F" (22)
22:46:53  [AT] "SEND OK" (7)
22:46:54  [TX] S,284,0F,00,355,P1,49
22:46:54  [SLOT] n=296 tx=21 ack=0 due=0 r=1
22:46:54  [AT] "AT+CIPSEND=22" (13)
22:46:54  [AT] " S,284,0F,00,355,P1,49" (22)
22:46:54  [AT] "SEND OK" (7)
22:46:55  [TX] S,285,0F,00,356,P1,4B
22:46:55  [SLOT] n=297 tx=21 ack=0 due=0 r=1
22:46:55  [AT] "AT+CIPSEND=22" (13)
22:46:55  [AT] " S,285,0F,00,356,P1,4B" (22)
22:46:55  [AT] "SEND OK" (7)
22:46:56  [TX] S,286,0F,00,357,P1,49
22:46:56  [SLOT] n=298 tx=21 ack=0 due=0 r=1
22:46:56  [AT] "AT+CIPSEND=22" (13)
22:46:56  [AT] " S,286,0F,00,357,P1,49" (22)
22:46:56  [AT] "SEND OK" (7)
22:46:57  [TX] S,287,0F,00,358,P1,47
22:46:57  [SLOT] n=299 tx=21 ack=0 due=0 r=1
22:46:57  [AT] "AT+CIPSEND=22" (13)
22:46:57  [AT] " S,287,0F,00,358,P1,47" (22)
22:46:57  [AT] "SEND OK" (7)
22:46:58  «tap» 살아있음 — 최근 60초 rx=7848B (이 줄이 끊기면 탭이 죽은 것이다)
22:47:00  [TX] S,288,0F,00,360,P1,43
22:47:00  [SLOT] n=300 tx=21 ack=0 due=0 r=1
22:47:00  [CNT] up=360 drop=0 esprst=0 hwrst=0/0 resync=0 sendfail=0 okto=0 stuck=0 ackq=0 ackdrop=0 ackstale=0 slot=300 oow=1 smiss=3 ssovf=0 cksumng=0 okstream=287 penddrop=0 pendfill=289 bigfill=4 bigdrop=0 bigokst=4 oklost=0 bigoklost=0 skip=1 online=1
22:47:00  [RAM] 최저 여유 571 B · 프롬프트 재동기 0회 (서버의 '버린줄' 과 맞아야 한다)
22:47:00  [AT] " S,288,0F,00,360,P1,43" (22)
22:47:00  [AT] "SEND OK" (7)
22:47:00  [AT] "AT+CIPSEND=22" (13)
22:47:01  [TX] S,289,0F,00,361,P1,43
22:47:01  [SLOT] n=301 tx=21 ack=0 due=0 r=1
22:47:01  [AT] "AT+CIPSEND=22" (13)
22:47:01  [AT] " S,289,0F,00,361,P1,43" (22)
22:47:01  [AT] "SEND OK" (7)
22:47:02  [TX] S,290,0F,00,362,P1,48
22:47:02  [SLOT] n=302 tx=21 ack=0 due=0 r=1
22:47:02  [AT] "AT+CIPSEND=22" (13)
22:47:02  [AT] " S,290,0F,00,362,P1,48" (22)
22:47:02  [AT] "SEND OK" (7)
22:47:03  [TX] S,291,0F,00,363,P1,48
22:47:03  [SLOT] n=303 tx=21 ack=0 due=0 r=1
22:47:03  [AT] "AT+CIPSEND=22" (13)
22:47:03  [AT] " S,291,0F,00,363,P1,48" (22)
22:47:03  [AT] "SEND OK" (7)
22:47:04  [TX] S,292,0F,00,364,P1,4C
22:47:04  [SLOT] n=304 tx=21 ack=0 due=0 r=1
22:47:04  [AT] "AT+CIPSEND=22" (13)
22:47:04  [AT] " S,292,0F,00,364,P1,4C" (22)
22:47:04  [AT] "SEND OK" (7)
22:47:06  [TX] S,293,0F,00,366,P1,4F
22:47:06  [SLOT] n=305 tx=21 ack=0 due=0 r=1
22:47:06  [AT] "AT+CIPSEND=22" (13)
22:47:06  [AT] " S,293,0F,00,366,P1,4F" (22)
22:47:06  [AT] "SEND OK" (7)
22:47:07  [TX] S,294,0F,00,367,P1,49
22:47:07  [SLOT] n=306 tx=21 ack=0 due=0 r=1
22:47:07  [AT] "AT+CIPSEND=22" (13)
22:47:07  [AT] " S,294,0F,00,367,P1,49" (22)
22:47:07  [AT] "SEND OK" (7)
22:47:08  [TX] S,295,0F,00,368,P1,47
22:47:08  [SLOT] n=307 tx=21 ack=0 due=0 r=1
22:47:08  [AT] "AT+CIPSEND=22" (13)
22:47:08  [AT] " S,295,0F,00,368,P1,47" (22)
22:47:08  [AT] "SEND OK" (7)
22:47:09  [TX] S,296,0F,00,369,P1,45
22:47:09  [SLOT] n=308 tx=21 ack=0 due=0 r=1
22:47:09  [AT] "AT+CIPSEND=22" (13)
22:47:09  [AT] " S,296,0F,00,369,P1,45" (22)
22:47:09  [AT] "SEND OK" (7)
22:47:10  [TX] S,297,0F,00,370,P1,4C
22:47:10  [SLOT] n=309 tx=21 ack=0 due=0 r=1
22:47:10  [AT] "AT+CIPSEND=22" (13)
22:47:10  [AT] " S,297,0F,00,370,P1,4C" (22)
22:47:10  [AT] "SEND OK" (7)
22:47:12  [TX] S,298,0F,00,372,P1,41
22:47:12  [SLOT] n=310 tx=21 ack=0 due=0 r=1
22:47:12  [AT] "AT+CIPSEND=22" (13)
22:47:12  [AT] " S,298,0F,00,372,P1,41" (22)
22:47:12  [AT] "SEND OK" (7)
22:47:13  [TX] S,299,0F,00,373,P1,41
22:47:13  [SLOT] n=311 tx=21 ack=0 due=0 r=1
22:47:13  [AT] "AT+CIPSEND=22" (13)
22:47:13  [AT] " S,299,0F,00,373,P1,41" (22)
22:47:13  [AT] "SEND OK" (7)
22:47:14  [TX] S,300,0F,00,374,P1,47
22:47:14  [SLOT] n=312 tx=21 ack=0 due=0 r=1
22:47:14  [AT] "AT+CIPSEND=22" (13)
22:47:14  [AT] " S,300,0F,00,374,P1,47" (22)
22:47:14  [AT] "SEND OK" (7)
22:47:15  [TX] S,301,0F,00,375,P1,47
22:47:15  [SLOT] n=313 tx=21 ack=0 due=0 r=1
22:47:15  [AT] "AT+CIPSEND=22" (13)
22:47:15  [AT] " S,301,0F,00,375,P1,47" (22)
22:47:15  [AT] "SEND OK" (7)
22:47:16  [TX] S,302,0F,00,376,P1,47
22:47:16  [SLOT] n=314 tx=21 ack=0 due=0 r=1
22:47:16  [AT] "AT+CIPSEND=22" (13)
22:47:16  [AT] " S,302,0F,00,376,P1,47" (22)
22:47:16  [AT] "SEND OK" (7)
22:47:18  [TX] S,303,0F,00,378,P1,48
22:47:18  [SLOT] n=315 tx=21 ack=0 due=0 r=1
22:47:18  [AT] "AT+CIPSEND=22" (13)
22:47:18  [AT] " S,303,0F,00,378,P1,48" (22)
22:47:18  [AT] "SEND OK" (7)
22:47:19  [TX] S,304,0F,00,379,P1,4E
22:47:19  [SLOT] n=316 tx=21 ack=0 due=0 r=1
22:47:19  [AT] "AT+CIPSEND=22" (13)
22:47:19  [AT] " S,304,0F,00,379,P1,4E" (22)
22:47:19  [AT] "SEND OK" (7)
22:47:20  [TX] S,305,0F,00,380,P1,49
22:47:20  [SLOT] n=317 tx=21 ack=0 due=0 r=1
22:47:20  [AT] "AT+CIPSEND=22" (13)
22:47:20  [AT] " S,305,0F,00,380,P1,49" (22)
22:47:20  [AT] "SEND OK" (7)
22:47:21  [TX] S,306,0F,00,381,P1,4B
22:47:21  [SLOT] n=318 tx=21 ack=0 due=0 r=1
22:47:21  [AT] "AT+CIPSEND=22" (13)
22:47:21  [AT] " S,306,0F,00,381,P1,4B" (22)
22:47:21  [AT] "SEND OK" (7)
22:47:22  [TX] S,307,0F,00,382,P1,49
22:47:22  [SLOT] n=319 tx=21 ack=0 due=0 r=1
22:47:22  [AT] "AT+CIPSEND=22" (13)
22:47:22  [AT] " S,307,0F,00,382,P1,49" (22)
22:47:22  [AT] "SEND OK" (7)
22:47:23  [TX] S,308,0F,00,384,P1,40
22:47:23  [SLOT] n=320 tx=21 ack=0 due=0 r=1
22:47:23  [AT] "AT+CIPSEND=22" (13)
22:47:24  [AT] " S,308,0F,00,384,P1,40" (22)
22:47:24  [AT] "SEND OK" (7)
22:47:25  [TX] S,309,0F,00,385,P1,40
22:47:25  [SLOT] n=321 tx=21 ack=0 due=0 r=1
22:47:25  [AT] "AT+CIPSEND=22" (13)
22:47:25  [AT] " S,309,0F,00,385,P1,40" (22)
22:47:25  [AT] "SEND OK" (7)
22:47:26  [TX] S,310,0F,00,386,P1,4B
22:47:26  [SLOT] n=322 tx=21 ack=0 due=0 r=1
22:47:26  [AT] "AT+CIPSEND=22" (13)
22:47:26  [AT] " S,310,0F,00,386,P1,4B" (22)
22:47:26  [AT] "SEND OK" (7)
22:47:27  [TX] S,311,0F,00,387,P1,4B
22:47:27  [SLOT] n=323 tx=21 ack=0 due=0 r=1
22:47:27  [AT] "AT+CIPSEND=22" (13)
22:47:27  [AT] " S,311,0F,00,387,P1,4B" (22)
22:47:27  [AT] "SEND OK" (7)
22:47:28  [TX] S,312,0F,00,388,P1,47
22:47:28  [SLOT] n=324 tx=21 ack=0 due=0 r=1
22:47:28  [AT] "AT+CIPSEND=22" (13)
22:47:28  [AT] " S,312,0F,00,388,P1,47" (22)
22:47:28  [AT] "SEND OK" (7)
22:47:29  [TX] S,313,0F,00,390,P1,4F
22:47:29  [SLOT] n=325 tx=21 ack=0 due=0 r=1
22:47:29  [AT] "AT+CIPSEND=22" (13)
22:47:29  [AT] " S,313,0F,00,390XP1,4F" (22)
22:47:30  [AT] "SEND OK" (7)
22:47:31  [TX] S,314,0F,00,391,P1,49
22:47:31  [SLOT] n=326 tx=21 ack=0 due=0 r=1
22:47:31  [AT] "AT+CIPSEND=22" (13)
22:47:31  [AT] " S,314,0F,00,391,P1,49" (22)
22:47:31  [AT] "SEND OK" (7)
22:47:32  [TX] S,315,0F,00,392,P1,4B
22:47:32  [SLOT] n=327 tx=21 ack=0 due=0 r=1
22:47:32  [AT] "AT+CIPSEND=22" (13)
22:47:32  [AT] " S,315,0F,00,392,P1,4B" (22)
22:47:32  [AT] "SEND OK" (7)
22:47:33  [TX] S,316,0F,00,393,P1,49
22:47:33  [SLOT] n=328 tx=21 ack=0 due=0 r=1
22:47:33  [AT] "AT+CIPSEND=22" (13)
22:47:33  [AT] " S,316,0F,00,393,P1,49" (22)
22:47:33  [AT] "SEND OK" (7)
22:47:34  [TX] S,317,0F,00,394,P1,4F
22:47:34  [SLOT] n=329 tx=21 ack=0 due=0 r=1
22:47:34  [AT] "AT+CIPSEND=22" (13)
22:47:34  [AT] " S,317,0F,00,394,P1,4F" (22)
22:47:34  [AT] "SEND OK" (7)
22:47:35  [TX] S,318,0F,00,396,P1,42
22:47:35  [SLOT] n=330 tx=21 ack=0 due=0 r=1
22:47:35  [AT] "AT+CIPSEND=22" (13)
22:47:35  [AT] " S,318,0F,00,396,P1,42" (22)
22:47:35  [AT] "SEND OK" (7)
22:47:37  [TX] S,319,0F,00,397,P1,42
22:47:37  [SLOT] n=331 tx=21 ack=0 due=0 r=1
22:47:37  [AT] "AT+CIPSEND=22" (13)
22:47:37  [AT] " S,319,0F,00,397,P1,42" (22)
22:47:37  [AT] "SEND OK" (7)
22:47:38  [TX] S,320,0F,00,398,P1,47
22:47:38  [SLOT] n=332 tx=21 ack=0 due=0 r=1
22:47:38  [AT] "AT+CIPSEND=22" (13)
22:47:38  [AT] " S,320,0F,00,398,P1,47" (22)
22:47:38  [AT] "SEND OK" (7)
22:47:39  [TX] S,321,0F,00,399,P1,47
22:47:39  [SLOT] n=333 tx=21 ack=0 due=0 r=1
22:47:39  [AT] "AT+CIPSEND=22" (13)
22:47:39  [AT] " S,321,0F,00,399,P1,47" (22)
22:47:39  [AT] "SEND OK" (7)
22:47:40  [TX] S,322,0F,00,400,P1,43
22:47:40  [SLOT] n=334 tx=21 ack=0 due=0 r=1
22:47:40  [AT] "AT+CIPSEND=22" (13)
22:47:40  [AT] " S,322,0F,00,400,P1,43" (22)
22:47:40  [AT] "SEND OK" (7)
22:47:41  [TX] S,323,0F,00,402,P1,40
22:47:41  [SLOT] n=335 tx=21 ack=0 due=0 r=1
22:47:41  [AT] "AT+CIPSEND=22" (13)
22:47:41  [AT] " S,323,0F,00,402,P1,40" (22)
22:47:41  [AT] "SEND OK" (7)
22:47:43  [TX] S,324,0F,00,403,P1,46
22:47:43  [SLOT] n=336 tx=21 ack=0 due=0 r=1
22:47:43  [AT] "AT+CIPSEND=22" (13)
22:47:43  [AT] " S,324,0F,00,403,P1,46" (22)
22:47:43  [AT] "SEND OK" (7)
22:47:44  [TX] S,325,0F,00,404,P1,40
22:47:44  [SLOT] n=337 tx=21 ack=0 due=0 r=1
22:47:44  [AT] "AT+CIPSEND=22" (13)
22:47:44  [AT] " S,325,0F,00,404,P1,40" (22)
22:47:44  [AT] "SEND OK" (7)
22:47:45  [TX] S,326,0F,00,405,P1,42
22:47:45  [SLOT] n=338 tx=21 ack=0 due=0 r=1
22:47:45  [AT] "AT+CIPSEND=22" (13)
22:47:45  [AT] " S,326,0F,00,405,P1,42" (22)
22:47:45  [AT] "SEND OK" (7)
22:47:46  [TX] S,327,0F,00,406,P1,40
22:47:46  [SLOT] n=339 tx=21 ack=0 due=0 r=1
22:47:46  [AT] "AT+CIPSEND=22" (13)
22:47:46  [AT] " S,327,0F,00,406,P1,40" (22)
22:47:46  [AT] "SEND OK" (7)
22:47:47  [TX] S,328,0F,00,408,P1,41
22:47:47  [SLOT] n=340 tx=21 ack=0 due=0 r=1
22:47:47  [AT] "AT+CIPSEND=22" (13)
22:47:47  [AT] " S,328,0F,00,408,P1,41" (22)
22:47:47  [AT] "SEND OK" (7)
22:47:49  [TX] S,329,0F,00,409,P1,41
22:47:49  [SLOT] n=341 tx=21 ack=0 due=0 r=1
22:47:49  [AT] "AT+CIPSEND=22" (13)
22:47:49  [AT] " S,329,0F,00,409,P1,41" (22)
22:47:49  [AT] "SEND OK" (7)
22:47:50  [TX] S,330,0F,00,410,P1,41
22:47:50  [SLOT] n=342 tx=21 ack=0 due=0 r=1
22:47:50  [AT] "AT+CIPSEND=22" (13)
22:47:50  [AT] " S,330,0F,00,410,P1,41" (22)
22:47:50  [AT] "SEND OK" (7)
22:47:51  [TX] S,331,0F,00,411,P1,41
22:47:51  [SLOT] n=343 tx=21 ack=0 due=0 r=1
22:47:51  [AT] "AT+CIPSEND=22" (13)
22:47:51  [AT] " S,331,0F,00,411,P1,41" (22)
22:47:51  [AT] "SEND OK" (7)
22:47:52  [TX] S,332,0F,00,412,P1,41
22:47:52  [SLOT] n=344 tx=21 ack=0 due=0 r=1
22:47:52  [AT] "AT+CIPSEND=22" (13)
22:47:52  [AT] " S,332,0F,00,412,P1,41" (22)
22:47:52  [AT] "SEND OK" (7)
22:47:53  [TX] S,333,0F,00,414,P1,46
22:47:53  [SLOT] n=345 tx=21 ack=0 due=0 r=1
22:47:53  [AT] "AT+CIPSEND=22" (13)
22:47:53  [AT] " S,333,0F,00,414,P1,46" (22)
22:47:53  [AT] "SEND OK" (7)
22:47:55  [TX] S,334,0F,00,415,P1,40
22:47:55  [SLOT] n=346 tx=21 ack=0 due=0 r=1
22:47:55  [AT] "AT+CIPSEND=22" (13)
22:47:55  [AT] " S,334,0F,00,415,P1,40" (22)
22:47:55  [AT] "SEND OK" (7)
22:47:56  [TX] S,335,0F,00,416,P1,42
22:47:56  [SLOT] n=347 tx=21 ack=0 due=0 r=1
22:47:56  [AT] "AT+CIPSEND=22" (13)
22:47:56  [AT] " S,335,0F,00,416,P1,42" (22)
22:47:56  [AT] "SEND OK" (7)
22:47:57  [TX] S,336,0F,00,417,P1,40
22:47:57  [SLOT] n=348 tx=21 ack=0 due=0 r=1
22:47:57  [AT] "AT+CIPSEND=22" (13)
22:47:57  [AT] " S,336,0F,00,417,P1,40" (22)
22:47:57  [AT] "SEND OK" (7)
22:47:58  [TX] S,337,0F,00,418,P1,4E
22:47:58  [SLOT] n=349 tx=21 ack=0 due=0 r=1
22:47:58  [AT] "AT+CIPSEND=22" (13)
22:47:58  [AT] " S,337,0F,00,418,P1,4E" (22)
22:47:58  [AT] "SEND OK" (7)
22:47:59  «tap» 살아있음 — 최근 60초 rx=7701B (이 줄이 끊기면 탭이 죽은 것이다)
22:47:59  [TX] S,338,0F,00,420,P1,4A
22:47:59  [SLOT] n=350 tx=21 ack=0 due=0 r=1
22:47:59  [CNT] up=420 drop=0 esprst=0 hwrst=0/0 resync=0 sendfail=0 okto=0 stuck=0 ackq=0 ackdrop=0 ackstale=0 slot=350 oow=1 smiss=3 ssovf=0 cksumng=0 okstream=337 penddrop=0 pendfill=339 bigfill=4 bigdrop=0 bigokst=4 oklost=0 bigoklost=0 skip=1 online=1
22:47:59  [RAM] 최저 여유 571 B · 프롬프트 재동기 0회 (서버의 '버린줄' 과 맞아야 한다)
22:47:59  [AT] " S,338,0F,00,420,P1,4A" (22)
22:47:59  [AT] "SEND OK" (7)
22:47:59  [AT] "AT+CIPSEND=22" (13)
22:48:01  [TX] S,339,0F,00,421,P1,4A
22:48:01  [SLOT] n=351 tx=21 ack=0 due=0 r=1
22:48:01  [AT] "AT+CIPSEND=22" (13)
22:48:01  [AT] " S,339,0F,00,421,P1,4A" (22)
22:48:01  [AT] "SEND OK" (7)
22:48:02  [TX] S,340,0F,00,422,P1,47
22:48:02  [SLOT] n=352 tx=21 ack=0 due=0 r=1
22:48:02  [AT] "AT+CIPSEND=22" (13)
22:48:02  [AT] " S,340,0F,00,422,P1,47" (22)
22:48:02  [AT] "SEND OK" (7)
22:48:03  [TX] S,341,0F,00,423,P1,47
22:48:03  [SLOT] n=353 tx=21 ack=0 due=0 r=1
22:48:03  [AT] "AT+CIPSEND=22" (13)
22:48:03  [AT] " S,341,0F,00,423,P1,47" (22)
22:48:03  [AT] "SEND OK" (7)
22:48:04  [TX] S,342,0F,00,424,P1,43
22:48:04  [SLOT] n=354 tx=21 ack=0 due=0 r=1
22:48:04  [AT] "AT+CIPSEND=22" (13)
22:48:04  [AT] " S,342,0F,00,424,P1,43" (22)
22:48:04  [AT] "SEND OK" (7)
22:48:05  [TX] S,343,0F,00,426,P1,40
22:48:05  [SLOT] n=355 tx=21 ack=0 due=0 r=1
22:48:05  [AT] "AT+CIPSEND=22" (13)
22:48:05  [AT] " S,343,0F,00,426,P1,40" (22)
22:48:05  [AT] "SEND OK" (7)
22:48:07  [TX] S,344,0F,00,427,P1,46
22:48:07  [SLOT] n=356 tx=21 ack=0 due=0 r=1
22:48:07  [AT] "AT+CIPSEND=22" (13)
22:48:07  [AT] " S,344,0F,00,427,P1,46" (22)
22:48:07  [AT] "SEND OK" (7)
22:48:08  [TX] S,345,0F,00,428,P1,48
22:48:08  [SLOT] n=357 tx=21 ack=0 due=0 r=1
22:48:08  [AT] "AT+CIPSEND=22" (13)
22:48:08  [AT] " S,345,0F,00,428,P1,48" (22)
22:48:08  [AT] "SEND OK" (7)
22:48:09  [TX] S,346,0F,00,429,P1,4A
22:48:09  [SLOT] n=358 tx=21 ack=0 due=0 r=1
22:48:09  [AT] "AT+CIPSEND=22" (13)
22:48:09  [AT] " S,346,0F,00,429,P1,4A" (22)
22:48:09  [AT] "SEND OK" (7)
22:48:10  [TX] S,347,0F,00,430,P1,43
22:48:10  [SLOT] n=359 tx=21 ack=0 due=0 r=1
22:48:10  [AT] "AT+CIPSEND=22" (13)
22:48:11  [AT] " S,347,0F,00,430,P1,43" (22)
22:48:11  [AT] "SEND OK" (7)
22:48:11  [TX] S,348,0F,00,432,P1,4E
22:48:11  [SLOT] n=360 tx=21 ack=0 due=0 r=1
22:48:11  [AT] "AT+CIPSEND=22" (13)
22:48:11  [AT] " S,348,0F,00,432,P1,4E" (22)
22:48:11  [AT] "SEND OK" (7)
22:48:12  [TX] S,349,0F,00,433,P1,4E
22:48:12  [SLOT] n=361 tx=21 ack=0 due=0 r=1
22:48:13  [AT] "AT+CIPSEND=22" (13)
22:48:13  [AT] " S,349,0F,00,433,P1,4E" (22)
22:48:13  [AT] "SEND OK" (7)
22:48:14  [TX] S,350,0F,00,434,P1,41
22:48:14  [SLOT] n=362 tx=21 ack=0 due=0 r=1
22:48:14  [AT] "AT+CIPSEND=22" (13)
22:48:14  [AT] " S,350,0F,00,434,P1,41" (22)
22:48:14  [AT] "SEND OK" (7)
22:48:15  [TX] S,351,0F,00,435,P1,41
22:48:15  [SLOT] n=363 tx=21 ack=0 due=0 r=1
22:48:15  [AT] "AT+CIPSEND=22" (13)
22:48:15  [AT] " S,351,0F,00,435,P1,41" (22)
22:48:15  [AT] "SEND OK" (7)
22:48:16  [TX] S,352,0F,00,436,P1,41
22:48:16  [SLOT] n=364 tx=21 ack=0 due=0 r=1
22:48:16  [AT] "AT+CIPSEND=22" (13)
22:48:16  [AT] " S,352,0F,00,436,P1,41" (22)
22:48:16  [AT] "SEND OK" (7)
22:48:17  [TX] S,353,0F,00,438,P1,4E
22:48:17  [SLOT] n=365 tx=21 ack=0 due=0 r=1
22:48:17  [AT] "AT+CIPSEND=22" (13)
22:48:17  [AT] " S,353,0F,00,438,P1,4E" (22)
22:48:17  [AT] "SEND OK" (7)
22:48:18  [TX] S,354,0F,00,439,P1,48
22:48:18  [SLOT] n=366 tx=21 ack=0 due=0 r=1
22:48:18  [AT] "AT+CIPSEND=22" (13)
22:48:19  [AT] " S,354,0F,00,439,P1,48" (22)
22:48:19  [AT] "SEND OK" (7)
22:48:20  [TX] S,355,0F,00,440,P1,47
22:48:20  [SLOT] n=367 tx=21 ack=0 due=0 r=1
22:48:20  [AT] "AT+CIPSEND=22" (13)
22:48:20  [AT] " S,355,0F,00,440,P1,47" (22)
22:48:20  [AT] "SEND OK" (7)
22:48:21  [TX] S,356,0F,00,441,P1,45
22:48:21  [SLOT] n=368 tx=21 ack=0 due=0 r=1
22:48:21  [AT] "AT+CIPSEND=22" (13)
22:48:21  [AT] " S,356,0F,00,441,P1,45" (22)
22:48:21  [AT] "SEND OK" (7)
22:48:22  [TX] S,357,0F,00,442,P1,47
22:48:22  [SLOT] n=369 tx=21 ack=0 due=0 r=1
22:48:22  [AT] "AT+CIPSEND=22" (13)
22:48:22  [AT] " S,357,0F,00,442,P1,47" (22)
22:48:22  [AT] "SEND OK" (7)
22:48:23  [TX] S,358,0F,00,444,P1,4E
22:48:23  [SLOT] n=370 tx=21 ack=0 due=0 r=1
22:48:23  [AT] "AT+CIPSEND=22" (13)
22:48:23  [AT] " S,358,0F,00,444,P1,4E" (22)
22:48:23  [AT] "SEND OK" (7)
22:48:24  [TX] S,359,0F,00,445,P1,4E
22:48:24  [SLOT] n=371 tx=21 ack=0 due=0 r=1
22:48:24  [AT] "AT+CIPSEND=22" (13)
22:48:24  [AT] " S,359,0F,00,445,P1,4E" (22)
22:48:25  [AT] "SEND OK" (7)
22:48:26  [TX] S,360,0F,00,446,P1,47
22:48:26  [SLOT] n=372 tx=21 ack=0 due=0 r=1
22:48:26  [AT] "AT+CIPSEND=22" (13)
22:48:26  [AT] " S,360,0F,00,446,P1,47" (22)
22:48:26  [AT] "SEND OK" (7)
22:48:27  [TX] S,361,0F,00,447,P1,47
22:48:27  [SLOT] n=373 tx=21 ack=0 due=0 r=1
22:48:27  [AT] "AT+CIPSEND=22" (13)
22:48:28  [AT] " S,361,0F,00,447,P1,47" (22)
22:48:28  [AT] "SEND OK" (7)
22:48:28  [TX] S,362,0F,00,448,P1,4B
22:48:28  [SLOT] n=374 tx=21 ack=0 due=0 r=1
22:48:28  [AT] "AT+CIPSEND=22" (13)
22:48:28  [AT] " S,362,0F,00,448,P1,4B" (22)
22:48:28  [AT] "SEND OK" (7)
22:48:29  [TX] S,363,0F,00,450,P1,43
22:48:29  [SLOT] n=375 tx=21 ack=0 due=0 r=1
22:48:29  [AT] "AT+CIPSEND=22" (13)
22:48:29  [AT] " S,363,0F,00,450,P1,43" (22)
22:48:29  [AT] "SEND OK" (7)
22:48:30  [TX] S,364,0F,00,451,P1,45
22:48:30  [SLOT] n=376 tx=21 ack=0 due=0 r=1
22:48:30  [AT] "AT+CIPSEND=22" (13)
22:48:30  [AT] " S,364,0F,0`,451,P1,45" (22)
22:48:30  [AT] "SEND OK" (7)
22:48:32  [TX] S,365,0F,00,452,P1,47
22:48:32  [SLOT] n=377 tx=21 ack=0 due=0 r=1
22:48:32  [AT] "AT+CIPSEND=22" (13)
22:48:32  [AT] " S,365,0F,00,452,P1,47" (22)
22:48:32  [AT] "SEND OK" (7)
22:48:33  [TX] S,366,0F,00,453,P1,45
22:48:33  [SLOT] n=378 tx=21 ack=0 due=0 r=1
22:48:33  [AT] "AT+CIPSEND=22" (13)
22:48:33  [AT] " S,366,0F,00,453,P1,45" (22)
22:48:33  [AT] "SEND OK" (7)
22:48:34  [TX] S,367,0F,00,454,P1,43
22:48:34  [SLOT] n=379 tx=21 ack=0 due=0 r=1
22:48:34  [AT] "AT+CIPSEND=22" (13)
22:48:34  [AT] " S,367,0F,00,454,P1,43" (22)
22:48:34  [AT] "SEND OK" (7)
22:48:35  [TX] S,368,0F,00,456,P1,4E
22:48:35  [SLOT] n=380 tx=21 ack=0 due=0 r=1
22:48:35  [AT] "AT+CIPSEND=22" (13)
22:48:35  [AT] " S,368,0F,00,456,P1,4E" (22)
22:48:35  [AT] "SEND OK" (7)
22:48:36  [TX] S,369,0F,00,457,P1,4E
22:48:36  [SLOT] n=381 tx=21 ack=0 due=0 r=1
22:48:36  [AT] "AT+CIPSEND=22" (13)
22:48:36  [AT] " S,369,0F,00,457,P1,4E" (22)
22:48:36  [AT] "SEND OK" (7)
22:48:38  [TX] S,370,0F,00,458,P1,49
22:48:38  [SLOT] n=382 tx=21 ack=0 due=0 r=1
22:48:38  [AT] "AT+CIPSEND=22" (13)
22:48:38  [AT] " S,370,0F,00,458,P1,49" (22)
22:48:38  [AT] "SEND OK" (7)
22:48:39  [TX] S,371,0F,00,459,P1,49
22:48:39  [SLOT] n=383 tx=21 ack=0 due=0 r=1
22:48:39  [AT] "AT+CIPSEND=22" (13)
22:48:39  [AT] " S,371,0F,00,459,P1,49" (22)
22:48:39  [AT] "SEND OK" (7)
22:48:40  [TX] S,372,0F,00,460,P1,40
22:48:40  [SLOT] n=384 tx=21 ack=0 due=0 r=1
22:48:40  [AT] "AT+CIPSEND=22" (13)
22:48:40  [AT] " S,372,0F,00,460,P1,40" (22)
22:48:40  [AT] "SEND OK" (7)
22:48:41  [TX] S,373,0F,00,462,P1,43
22:48:41  [SLOT] n=385 tx=21 ack=0 due=0 r=1
22:48:41  [AT] "AT+CIPSEND=22" (13)
22:48:41  [AT] " S,373,0F,00,462,P1,43" (22)
22:48:41  [AT] "SEND OK" (7)
22:48:42  [TX] S,374,0F,00,463,P1,45
22:48:42  [SLOT] n=386 tx=21 ack=0 due=0 r=1
22:48:42  [AT] "AT+CIPSEND=22" (13)
22:48:42  [AT] " S,374,0F,00,463,P1,45" (22)
22:48:42  [AT] "SEND OK" (7)
22:48:44  [TX] S,375,0F,00,464,P1,43
22:48:44  [SLOT] n=387 tx=21 ack=0 due=0 r=1
22:48:44  [AT] "AT+CIPSEND=22" (13)
22:48:44  [AT] " S,375,0F,00,464,P1,43" (22)
22:48:44  [AT] "SEND OK" (7)
22:48:45  [TX] S,376,0F,00,465,P1,41
22:48:45  [SLOT] n=388 tx=21 ack=0 due=0 r=1
22:48:45  [AT] "AT+CIPSEND=22" (13)
22:48:45  [AT] " S,376,0F,00,465,P1,41" (22)
22:48:45  [AT] "SEND OK" (7)
22:48:46  [TX] S,377,0F,00,466,P1,43
22:48:46  [SLOT] n=389 tx=21 ack=0 due=0 r=1
22:48:46  [AT] "AT+CIPSEND=22" (13)
22:48:46  [AT] " S,377,0F,00,466,P1,43" (22)
22:48:46  [AT] "SEND OK" (7)
22:48:47  [TX] S,378,0F,00,468,P1,42
22:48:47  [SLOT] n=390 tx=21 ack=0 due=0 r=1
22:48:47  [AT] "AT+CIPSEND=22" (13)
22:48:47  [AT] " S,378,0F,00,468,P1,42" (22)
22:48:47  [AT] "SEND OK" (7)
22:48:48  [TX] S,379,0F,00,469,P1,42
22:48:48  [SLOT] n=391 tx=21 ack=0 due=0 r=1
22:48:48  [AT] "AT+CIPSEND=22" (13)
22:48:48  [AT] " S,379,0F,00,469,P1,42" (22)
22:48:48  [AT] "SEND OK" (7)
22:48:50  [TX] S,380,0F,00,470,P1,4C
22:48:50  [SLOT] n=392 tx=21 ack=0 due=0 r=1
22:48:50  [AT] "AT+CIPSEND=22" (13)
22:48:50  [AT] " S,380,0F,00,470,P1,4C" (22)
22:48:50  [AT] "SEND OK" (7)
22:48:51  [TX] S,381,0F,00,471,P1,4C
22:48:51  [SLOT] n=393 tx=21 ack=0 due=0 r=1
22:48:51  [AT] "AT+CIPSEND=22" (13)
22:48:51  [AT] " S,381,0F,00,471,P1,4C" (22)
22:48:51  [AT] "SEND OK" (7)
22:48:52  [TX] S,382,0F,00,472,P1,4C
22:48:52  [SLOT] n=394 tx=21 ack=0 due=0 r=1
22:48:52  [AT] "AT+CIPSEND=22" (13)
22:48:52  [AT] " S,382,0F,00,472,P1,4C" (22)
22:48:52  [AT] "SEND OK" (7)
22:48:53  [TX] S,383,0F,00,474,P1,4B
22:48:53  [SLOT] n=395 tx=21 ack=0 due=0 r=1
22:48:53  [AT] "AT+CIPSEND=22" (13)
22:48:53  [AT] " S,383,0F,00,474,P1,4B" (22)
22:48:53  [AT] "SEND OK" (7)
22:48:54  [TX] S,384,0F,00,475,P1,4D
22:48:54  [SLOT] n=396 tx=21 ack=0 due=0 r=1
22:48:54  [AT] "AT+CIPSEND=22" (13)
22:48:54  [AT] " S,384,0F,00,475,P1,4D" (22)
22:48:54  [AT] "SEND OK" (7)
22:48:56  [TX] S,385,0F,00,476,P1,4F
22:48:56  [SLOT] n=397 tx=21 ack=0 due=0 r=1
22:48:56  [AT] "AT+CIPSEND=22" (13)
22:48:56  [AT] " S,385,0F,00,476,P1,4F" (22)
22:48:56  [AT] "SEND OK" (7)
22:48:57  [TX] S,386,0F,00,477,P1,4D
22:48:57  [SLOT] n=398 tx=21 ack=0 due=0 r=1
22:48:57  [AT] "AT+CIPSEND=22" (13)
22:48:57  [AT] " S,386,0F,00,477,P1,4D" (22)
22:48:57  [AT] "SEND OK" (7)
22:48:58  [TX] S,387,0F,00,478,P1,43
22:48:58  [SLOT] n=399 tx=21 ack=0 due=0 r=1
22:48:58  [AT] "AT+CIPSEND=22" (13)
22:48:58  [AT] " S,387,0F,00,478,P1,43" (22)
22:48:58  [AT] "SEND OK" (7)
22:48:59  «tap» 살아있음 — 최근 60초 rx=7701B (이 줄이 끊기면 탭이 죽은 것이다)
22:48:59  [TX] S,388,0F,00,480,P1,4B
22:48:59  [SLOT] n=400 tx=21 ack=0 due=0 r=1
22:48:59  [CNT] up=480 drop=0 esprst=0 hwrst=0/0 resync=0 sendfail=0 okto=0 stuck=0 ackq=0 ackdrop=0 ackstale=0 slot=400 oow=1 smiss=3 ssovf=0 cksumng=0 okstream=387 penddrop=0 pendfill=389 bigfill=4 bigdrop=0 bigokst=4 oklost=0 bigoklost=0 skip=1 online=1
22:48:59  [RAM] 최저 여유 571 B · 프롬프트 재동기 0회 (서버의 '버린줄' 과 맞아야 한다)
22:48:59  [AT] " S,388,0F,00,480,P1,4B" (22)
22:48:59  [AT] "SEND OK" (7)
22:48:59  [AT] "AT+CIPSEND=22" (13)
22:49:00  [TX] S,389,0F,00,481,P1,4B
22:49:00  [SLOT] n=401 tx=21 ack=0 due=0 r=1
22:49:00  [AT] "AT+CIPSEND=22" (13)
22:49:00  [AT] " S,389,0F,00,481,P1,4B" (22)
22:49:00  [AT] "SEND OK" (7)
22:49:02  [TX] S,390,0F,00,482,P1,40
22:49:02  [SLOT] n=402 tx=21 ack=0 due=0 r=1
22:49:02  [AT] "AT+CIPSEND=22" (13)
22:49:02  [AT] " S,390,0F,00,482,P1,40" (22)
22:49:02  [AT] "SEND OK" (7)
22:49:03  [TX] S,391,0F,00,483,P1,40
22:49:03  [SLOT] n=403 tx=21 ack=0 due=0 r=1
22:49:03  [AT] "AT+CIPSEND=22" (13)
22:49:03  [AT] " S,391,0F,00,483,P1,40" (22)
22:49:03  [AT] "SEND OK" (7)
22:49:04  [TX] S,392,0F,00,484,P1,44
22:49:04  [SLOT] n=404 tx=21 ack=0 due=0 r=1
22:49:04  [AT] "AT+CIPSEND=22" (13)
22:49:04  [AT] " S,392,0F,00,484,P1,44" (22)
22:49:04  [AT] "SEND OK" (7)
22:49:05  [TX] S,393,0F,00,486,P1,47
22:49:05  [SLOT] n=405 tx=21 ack=0 due=0 r=1
22:49:05  [AT] "AT+CIPSEND=22" (13)
22:49:05  [AT] " S,393,0F,00,486,P1,47" (22)
22:49:05  [AT] "SEND OK" (7)
22:49:06  [TX] S,394,0F,00,487,P1,41
22:49:06  [SLOT] n=406 tx=21 ack=0 due=0 r=1
22:49:06  [AT] "AT+CIPSEND=22" (13)
22:49:06  [AT] " S,394,0F,00,487,P1,41" (22)
22:49:06  [AT] "SEND OK" (7)
22:49:08  [TX] S,395,0F,00,488,P1,4F
22:49:08  [SLOT] n=407 tx=21 ack=0 due=0 r=1
22:49:08  [AT] "AT+CIPSEND=22" (13)
22:49:08  [AT] " S,395,0F,00,488,P1,4F" (22)
22:49:08  [AT] "SEND OK" (7)
22:49:09  [TX] S,396,0F,00,489,P1,4D
22:49:09  [SLOT] n=408 tx=21 ack=0 due=0 r=1
22:49:09  [AT] "AT+CIPSEND=22" (13)
22:49:09  [AT] " S,396,0F,00,489,P1,4D" (22)
22:49:09  [AT] "SEND OK" (7)
22:49:10  [TX] S,397,0F,00,490,P1,44
22:49:10  [SLOT] n=409 tx=21 ack=0 due=0 r=1
22:49:10  [AT] "AT+CIPSEND=22" (13)
22:49:10  [AT] " S,397,0F,00,490,P1,44" (22)
22:49:10  [AT] "SEND OK" (7)
22:49:11  [TX] S,398,0F,00,492,P1,49
22:49:11  [SLOT] n=410 tx=21 ack=0 due=0 r=1
22:49:11  [AT] "AT+CIPSEND=22" (13)
22:49:11  [AT] " S,398,0F,00,492,P1,49" (22)
22:49:11  [AT] "SEND OK" (7)
22:49:12  [TX] S,399,0F,00,493,P1,49
22:49:12  [SLOT] n=411 tx=21 ack=0 due=0 r=1
22:49:12  [AT] "AT+CIPSEND=22" (13)
22:49:12  [AT] " S,399,0F,00,493,P1,49" (22)
22:49:12  [AT] "SEND OK" (7)
22:49:13  [TX] S,400,0F,00,494,P1,49
22:49:13  [SLOT] n=412 tx=21 ack=0 due=0 r=1
22:49:13  [AT] "AT+CIPSEND=22" (13)
22:49:14  [AT] " S,400,0F,00,494,P1,49" (22)
22:49:14  [AT] "SEND OK" (7)
22:49:15  [TX] S,401,0F,00,495,P1,49
22:49:15  [SLOT] n=413 tx=21 ack=0 due=0 r=1
22:49:15  [AT] "AT+CIPSEND=22" (13)
22:49:15  [AT] " S,401,0F,00,495,P1,49" (22)
22:49:15  [AT] "SEND OK" (7)
22:49:16  [TX] S,402,0F,00,496,P1,49
22:49:16  [SLOT] n=414 tx=21 ack=0 due=0 r=1
22:49:16  [AT] "AT+CIPSEND=22" (13)
22:49:16  [AT] " S,402,0F,00,496,P1,49" (22)
22:49:16  [AT] "SEND OK" (7)
22:49:17  [TX] S,403,0F,00,498,P1,46
22:49:17  [SLOT] n=415 tx=21 ack=0 due=0 r=1
22:49:17  [AT] "AT+CIPSEND=22" (13)
22:49:17  [AT] " S,403,0F,00,498,P1,46" (22)
22:49:17  [AT] "SEND OK" (7)
22:49:18  [TX] S,404,0F,00,499,P1,40
22:49:18  [SLOT] n=416 tx=21 ack=0 due=0 r=1
22:49:18  [AT] "AT+CIPSEND=22" (13)
22:49:18  [AT] " S,404,0F,00,499,P1,40" (22)
22:49:18  [AT] "SEND OK" (7)
22:49:19  [TX] S,405,0F,00,500,P1,40
22:49:19  [SLOT] n=417 tx=21 ack=0 due=0 r=1
22:49:19  [AT] "AT+CIPSEND=22" (13)
22:49:20  [AT] " S,405,0F,00,500,P1,40" (22)
22:49:20  [AT] "SEND OK" (7)
22:49:21  [TX] S,406,0F,00,501,P1,42
22:49:21  [SLOT] n=418 tx=21 ack=0 due=0 r=1
22:49:21  [AT] "AT+CIPSEND=22" (13)
22:49:21  [AT] " S,406,0F,00,501,P1,42" (22)
22:49:21  [AT] "SEND OK" (7)
22:49:22  [TX] S,407,0F,00,502,P1,40
22:49:22  [SLOT] n=419 tx=21 ack=0 due=0 r=1
22:49:22  [AT] "AT+CIPSEND=22" (13)
22:49:22  [AT] " S,407,0F,00,502,P1,40" (22)
22:49:22  [AT] "SEND OK" (7)
22:49:23  [TX] S,408,0F,00,504,P1,49
22:49:23  [SLOT] n=420 tx=21 ack=0 due=0 r=1
22:49:23  [AT] "AT+CIPSEND=22" (13)
22:49:23  [AT] " S,408,0F,00,504,P1,49" (22)
22:49:23  [AT] "SEND OK" (7)
22:49:24  [TX] S,409,0F,00,505,P1,49
22:49:24  [SLOT] n=421 tx=21 ack=0 due=0 r=1
22:49:24  [AT] "AT+CIPSEND=22" (13)
22:49:24  [AT] " S,409,0F,00,505,P1,49" (22)
22:49:24  [AT] "SEND OK" (7)
22:49:25  [TX] S,410,0F,00,506,P1,42
22:49:25  [SLOT] n=422 tx=21 ack=0 due=0 r=1
22:49:25  [AT] "AT+CIPSEND=22" (13)
22:49:25  [AT] " S,410,0F,00,506,P1,42" (22)
22:49:25  [AT] "SEND OK" (7)
22:49:27  [TX] S,411,0F,00,507,P1,42
22:49:27  [SLOT] n=423 tx=21 ack=0 due=0 r=1
22:49:27  [AT] "AT+CIPSEND=22" (13)
22:49:27  [AT] " S,411,0F,00,507,P1,42" (22)
22:49:27  [AT] "SEND OK" (7)
22:49:28  [TX] S,412,0F,00,508,P1,4E
22:49:28  [SLOT] n=424 tx=21 ack=0 due=0 r=1
22:49:28  [AT] "AT+CIPSEND=22" (13)
22:49:28  [AT] " S,412,0F,00,508,P1,4E" (22)
22:49:28  [AT] "SEND OK" (7)
22:49:29  [TX] S,413,0F,00,510,P1,46
22:49:29  [SLOT] n=425 tx=21 ack=0 due=0 r=1
22:49:29  [AT] "AT+CIPSEND=22" (13)
22:49:29  [AT] " S,413,0F,00,510,P1,46" (22)
22:49:29  [AT] "SEND OK" (7)
22:49:30  [TX] S,414,0F,00,511,P1,40
22:49:30  [SLOT] n=426 tx=21 ack=0 due=0 r=1
22:49:30  [AT] "AT+CIPSEND=22" (13)
22:49:30  [AT] " S,414,0F,00,511,P1,40" (22)
22:49:30  [AT] "SEND OK" (7)
22:49:31  [TX] S,415,0F,00,512,P1,42
22:49:31  [SLOT] n=427 tx=21 ack=0 due=0 r=1
22:49:31  [AT] "AT+CIPSEND=22" (13)
22:49:31  [AT] " S,415,0F,00,512,P1,42" (22)
22:49:31  [AT] "SEND OK" (7)
22:49:33  [TX] S,416,0F,00,513,P1,40
22:49:34  [SLOT] n=428 tx=21 ack=0 due=0 r=1
22:49:34  [AT] "AT+CIPSEND=22" (13)
22:49:34  [AT] " S,416,0F,00,513,P1,40" (22)
22:49:34  [AT] "SEND OK" (7)
22:49:35  [TX] S,417,0F,00,514,P1,46
22:49:35  [SLOT] n=429 tx=21 ack=0 due=0 r=1
22:49:35  [AT] "AT+CIPSEND=22" (13)
22:49:35  [AT] " S,417,0F,00,514,P1,46" (22)
22:49:35  [AT] "SEND OK" (7)
22:49:36  [TX] S,418,0F,00,516,P1,4B
22:49:36  [SLOT] n=430 tx=21 ack=0 due=0 r=1
22:49:36  [AT] "AT+CIPSEND=22" (13)
22:49:36  [AT] " S,418,0F,00,516,P1,4B" (22)
22:49:36  [AT] "SEND OK" (7)
22:49:37  [TX] S,419,0F,00,517,P1,4B
22:49:37  [SLOT] n=431 tx=21 ack=0 due=0 r=1
22:49:37  [AT] "AT+CIPSEND=22" (13)
22:49:37  [AT] " S,419,0F,00,517,P1,4B" (22)
22:49:37  [AT] "SEND OK" (7)
22:49:38  [TX] S,420,0F,00,518,P1,4E
22:49:38  [SLOT] n=432 tx=21 ack=0 due=0 r=1
22:49:38  [AT] "AT+CIPSEND=22" (13)
22:49:38  [AT] " S,420,0F,00,518,P1,4E" (22)
22:49:38  [AT] "SEND OK" (7)
22:49:40  [TX] S,421,0F,00,519,P1,4E
22:49:40  [SLOT] n=433 tx=21 ack=0 due=0 r=1
22:49:40  [AT] "AT+CIPSEND=22" (13)
22:49:40  [AT] " S,421,0F,00,519,P1,4E" (22)
22:49:40  [AT] "SEND OK" (7)
22:49:41  [TX] S,422,0F,00,520,P1,47
22:49:41  [SLOT] n=434 tx=21 ack=0 due=0 r=1
22:49:41  [AT] "AT+CIPSEND=22" (13)
22:49:41  [AT] " S,422,0F,00,520,P1,47" (22)
22:49:41  [AT] "SEND OK" (7)
22:49:42  [TX] S,423,0F,00,522,P1,44
22:49:42  [SLOT] n=435 tx=21 ack=0 due=0 r=1
22:49:42  [AT] "AT+CIPSEND=22" (13)
22:49:42  [AT] " S,423,0F,00,522,P1,44" (22)
22:49:42  [AT] "SEND OK" (7)
22:49:43  [TX] S,424,0F,00,523,P1,42
22:49:43  [SLOT] n=436 tx=21 ack=0 due=0 r=1
22:49:43  [AT] "AT+CIPSEND=22" (13)
22:49:43  [AT] " S,424,0F,00,523,P1,42" (22)
22:49:43  [AT] "SEND OK" (7)
22:49:44  [TX] S,425,0F,00,524,P1,44
22:49:44  [SLOT] n=437 tx=21 ack=0 due=0 r=1
22:49:44  [AT] "AT+CIPSEND=22" (13)
22:49:44  [AT] " S,425,0F,00,524,P1,44" (22)
22:49:44  [AT] "SEND OK" (7)
22:49:46  [TX] S,426,0F,00,525,P1,46
22:49:46  [SLOT] n=438 tx=21 ack=0 due=0 r=1
22:49:46  [AT] "AT+CIPSEND=22" (13)
22:49:46  [AT] " S,426,0F,00,525,P1,46" (22)
22:49:46  [AT] "SEND OK" (7)
22:49:47  [TX] S,427,0F,00,526,P1,44
22:49:47  [SLOT] n=439 tx=21 ack=0 due=0 r=1
22:49:47  [AT] "AT+CIPSEND=22" (13)
22:49:47  [AT] " S,427,0F,00,526,P1,44" (22)
22:49:47  [AT] "SEND OK" (7)
22:49:48  [TX] S,428,0F,00,528,P1,45
22:49:48  [SLOT] n=440 tx=21 ack=0 due=0 r=1
22:49:48  [AT] "AT+CIPSEND=22" (13)
22:49:48  [AT] " S,428,0F,00,528,P1,45" (22)
22:49:48  [AT] "SEND OK" (7)
22:49:49  [TX] S,429,0F,00,529,P1,45
22:49:49  [SLOT] n=441 tx=21 ack=0 due=0 r=1
22:49:49  [AT] "AT+CIPSEND=22" (13)
22:49:49  [AT] " S,429,0F,00,529,P1,45" (22)
22:49:49  [AT] "SEND OK" (7)
22:49:50  [TX] S,430,0F,00,530,P1,45
22:49:50  [SLOT] n=442 tx=21 ack=0 due=0 r=1
22:49:50  [AT] "AT+CIPSEND=22" (13)
22:49:50  [AT] " S,430,0F,00,530,P1,45" (22)
22:49:50  [AT] "SEND OK" (7)
22:49:52  [TX] S,431,0F,00,531,P1,45
22:49:52  [SLOT] n=443 tx=21 ack=0 due=0 r=1
22:49:52  [AT] "AT+CIPSEND=22" (13)
22:49:52  [AT] " S,431,0F,00,531,P1,45" (22)
22:49:52  [AT] "SEND OK" (7)
22:49:53  [TX] S,432,0F,00,532,P1,45
22:49:53  [SLOT] n=444 tx=21 ack=0 due=0 r=1
22:49:53  [AT] "AT+CIPSEND=22" (13)
22:49:53  [AT] " S,432,0F,00,532,P1,45" (22)
22:49:53  [AT] "SEND OK" (7)
22:49:54  [TX] S,433,0F,00,534,P1,42
22:49:54  [SLOT] n=445 tx=21 ack=0 due=0 r=1
22:49:54  [AT] "AT+CIPSEND=22" (13)
22:49:54  [AT] " S,433,0F,00,534,P1,42" (22)
22:49:54  [AT] "SEND OK" (7)
22:49:55  [TX] S,434,0F,00,535,P1,44
22:49:55  [SLOT] n=446 tx=21 ack=0 due=0 r=1
22:49:55  [AT] "AT+CIPSEND=22" (13)
22:49:55  [AT] " S,434,0F,00,535,P1,44" (22)
22:49:55  [AT] "SEND OK" (7)
22:49:56  [TX] S,435,0F,00,536,P1,46
22:49:56  [SLOT] n=447 tx=21 ack=0 due=0 r=1
22:49:56  [AT] "AT+CIPSEND=22" (13)
22:49:56  [AT] " S,435,0F,00,536,P1,46" (22)
22:49:56  [AT] "SEND OK" (7)
22:49:58  [TX] S,436,0F,00,537,P1,44
22:49:58  [SLOT] n=448 tx=21 ack=0 due=0 r=1
22:49:58  [AT] "AT+CIPSEND=22" (13)
22:49:58  [AT] " S,436,0F,00,537,P1,44" (22)
22:49:58  [AT] "SEND OK" (7)
22:49:59  [TX] S,437,0F,00,538,P1,4A
22:49:59  [SLOT] n=449 tx=21 ack=0 due=0 r=1
22:49:59  [AT] "AT+CIPSEND=22" (13)
22:49:59  [AT] " S,437,0F,00,538,P1,4A" (22)
22:49:59  [AT] "SEND OK" (7)
22:50:00  «tap» 살아있음 — 최근 60초 rx=7701B (이 줄이 끊기면 탭이 죽은 것이다)
22:50:00  [TX] S,438,0F,00,540,P1,4A
22:50:00  [SLOT] n=450 tx=21 ack=0 due=0 r=1
22:50:00  [CNT] up=540 drop=0 esprst=0 hwrst=0/0 resync=0 sendfail=0 okto=0 stuck=0 ackq=0 ackdrop=0 ackstale=0 slot=450 oow=1 smiss=3 ssovf=0 cksumng=0 okstream=437 penddrop=0 pendfill=439 bigfill=4 bigdrop=0 bigokst=4 oklost=0 bigoklost=0 skip=1 online=1
22:50:00  [RAM] 최저 여유 571 B · 프롬프트 재동기 0회 (서버의 '버린줄' 과 맞아야 한다)
22:50:00  [AT] " S,438,0F,00,540,P1,4A" (22)
22:50:00  [AT] "SEND OK" (7)
22:50:00  [AT] "AT+CIPSEND=22" (13)
22:50:01  [TX] S,439,0F,00,541,P1,4A
22:50:01  [SLOT] n=451 tx=21 ack=0 due=0 r=1
22:50:01  [AT] "AT+CIPSEND=22" (13)
22:50:01  [AT] " S,439,0F,00,541,P1,4A" (22)
22:50:01  [AT] "SEND OK" (7)
22:50:02  [TX] S,440,0F,00,542,P1,47
22:50:02  [SLOT] n=452 tx=21 ack=0 due=0 r=1
22:50:02  [AT] "AT+CIPSEND=22" (13)
22:50:02  [AT] " S,440,0F,00,542,P1,47" (22)
22:50:02  [AT] "SEND OK" (7)
22:50:03  [TX] S,441,0F,00,543,P1,47
22:50:03  [SLOT] n=453 tx=21 ack=0 due=0 r=1
22:50:03  [AT] "AT+CIPSEND=22" (13)
22:50:04  [AT] " S,441,0F,00,543,P1,47" (22)
22:50:04  [AT] "SEND OK" (7)
22:50:05  [TX] S,442,0F,00,544,P1,43
22:50:05  [SLOT] n=454 tx=21 ack=0 due=0 r=1
22:50:05  [AT] "AT+CIPSEND=22" (13)
22:50:05  [AT] " S,442,0F,00,544,P1,43" (22)
22:50:05  [AT] "SEND OK" (7)
22:50:06  [TX] S,443,0F,00,546,P1,40
22:50:06  [SLOT] n=455 tx=21 ack=0 due=0 r=1
22:50:06  [AT] "AT+CIPSEND=22" (13)
22:50:06  [AT] " S,443,0F,00,546,P1,40" (22)
22:50:06  [AT] "SEND OK" (7)
22:50:07  [TX] S,444,0F,00,547,P1,46
22:50:07  [SLOT] n=456 tx=21 ack=0 due=0 r=1
22:50:07  [AT] "AT+CIPSEND=22" (13)
22:50:07  [AT] " S,444,0F,00,547,P1,46" (22)
22:50:07  [AT] "SEND OK" (7)
22:50:08  [TX] S,445,0F,00,548,P1,48
22:50:08  [SLOT] n=457 tx=21 ack=0 due=0 r=1
22:50:08  [AT] "AT+CIPSEND=22" (13)
22:50:08  [AT] " S,445,0F,00,548,P1,48" (22)
22:50:08  [AT] "SEND OK" (7)
22:50:09  [TX] S,446,0F,00,549,P1,4A
22:50:09  [SLOT] n=458 tx=21 ack=0 due=0 r=1
22:50:09  [AT] "AT+CIPSEND=22" (13)
22:50:09  [AT] " S,446,0F,00,549,P1,4A" (22)
22:50:09  [AT] "SEND OK" (7)
22:50:11  [TX] S,447,0F,00,550,P1,43
22:50:11  [SLOT] n=459 tx=21 ack=0 due=0 r=1
22:50:11  [AT] "AT+CIPSEND=22" (13)
22:50:11  [AT] " S,447,0F,00,550,P1,43" (22)
22:50:11  [AT] "SEND OK" (7)
22:50:12  [TX] S,448,0F,00,552,P1,4E
22:50:12  [SLOT] n=460 tx=21 ack=0 due=0 r=1
22:50:12  [AT] "AT+CIPSEND=22" (13)
22:50:12  [AT] " S,448,0F,00,552,P1,4E" (22)
22:50:12  [AT] "SEND OK" (7)
22:50:13  [TX] S,449,0F,00,553,P1,4E
22:50:13  [SLOT] n=461 tx=21 ack=0 due=0 r=1
22:50:13  [AT] "AT+CIPSEND=22" (13)
22:50:13  [AT] " S,449,0F,00,553,P1,4E" (22)
22:50:13  [AT] "SEND OK" (7)
22:50:14  [TX] S,450,0F,00,554,P1,41
22:50:14  [SLOT] n=462 tx=21 ack=0 due=0 r=1
22:50:14  [AT] "AT+CIPSEND=22" (13)
22:50:14  [AT] " S,450,0F,00,554,P1,41" (22)
22:50:14  [AT] "SEND OK" (7)
22:50:15  [TX] S,451,0F,00,555,P1,41
22:50:15  [SLOT] n=463 tx=21 ack=0 due=0 r=1
22:50:15  [AT] "AT+CIPSEND=22" (13)
22:50:15  [AT] " S,451,0F,00,555,P1,41" (22)
22:50:15  [AT] "SEND OK" (7)
22:50:17  [TX] S,452,0F,00,556,P1,41
22:50:17  [SLOT] n=464 tx=21 ack=0 due=0 r=1
22:50:17  [AT] "AT+CIPSEND=22" (13)
22:50:17  [AT] " S,452,0F,00,556,P1,41" (22)
22:50:17  [AT] "SEND OK" (7)
22:50:18  [TX] S,453,0F,00,558,P1,4E
22:50:18  [SLOT] n=465 tx=21 ack=0 due=0 r=1
22:50:18  [AT] "AT+CIPSEND=22" (13)
22:50:18  [AT] " S,453,0F,00,558,P1,4E" (22)
22:50:18  [AT] "SEND OK" (7)
22:50:19  [TX] S,454,0F,00,559,P1,48
22:50:19  [SLOT] n=466 tx=21 ack=0 due=0 r=1
22:50:19  [AT] "AT+CIPSEND=22" (13)
22:50:19  [AT] " S,454,0F,00,559,P1,48" (22)
22:50:19  [AT] "SEND OK" (7)
22:50:20  [TX] S,455,0F,00,560,P1,43
22:50:20  [SLOT] n=467 tx=21 ack=0 due=0 r=1
22:50:20  [AT] "AT+CIPSEND=22" (13)
22:50:20  [AT] " S,455,0F,00,560,P1,43" (22)
22:50:20  [AT] "SEND OK" (7)
22:50:21  [TX] S,456,0F,00,561,P1,41
22:50:21  [SLOT] n=468 tx=21 ack=0 due=0 r=1
22:50:21  [AT] "AT+CIPSEND=22" (13)
22:50:21  [AT] " S,456,0F,00,561,P1,41" (22)
22:50:21  [AT] "SEND OK" (7)
22:50:23  [TX] S,457,0F,00,562,P1,43
22:50:23  [SLOT] n=469 tx=21 ack=0 due=0 r=1
22:50:23  [AT] "AT+CIPSEND=22" (13)
22:50:23  [AT] " S,457,0F,00,562,P1,43" (22)
22:50:23  [AT] "SEND OK" (7)
22:50:24  [TX] S,458,0F,00,564,P1,4A
22:50:24  [SLOT] n=470 tx=21 ack=0 due=0 r=1
22:50:24  [AT] "AT+CIPSEND=22" (13)
22:50:24  [AT] " S,458,0F,00,564,P1,4A" (22)
22:50:24  [AT] "SEND OK" (7)
22:50:25  [TX] S,459,0F,00,565,P1,4A
22:50:25  [SLOT] n=471 tx=21 ack=0 due=0 r=1
22:50:25  [AT] "AT+CIPSEND=22" (13)
22:50:25  [AT] " S,459,0F,00,565,P1,4A" (22)
22:50:25  [AT] "SEND OK" (7)
22:50:26  [TX] S,460,0F,00,566,P1,43
22:50:26  [SLOT] n=472 tx=21 ack=0 due=0 r=1
22:50:26  [AT] "AT+CIPSEND=22" (13)
22:50:26  [AT] " S,460,0F,00,566,P1,43" (22)
22:50:26  [AT] "SEND OK" (7)
22:50:27  [TX] S,461,0F,00,567,P1,43
22:50:27  [SLOT] n=473 tx=21 ack=0 due=0 r=1
22:50:27  [AT] "AT+CIPSEND=22" (13)
22:50:27  [AT] " S,461,0F,00,567,P1,43" (22)
22:50:27  [AT] "SEND OK" (7)
22:50:29  [TX] S,462,0F,00,568,P1,4F
22:50:29  [SLOT] n=474 tx=21 ack=0 due=0 r=1
22:50:29  [AT] "AT+CIPSEND=22" (13)
22:50:29  [AT] " S,462,0F,00,568,P1,4F" (22)
22:50:29  [AT] "SEND OK" (7)
22:50:30  [TX] S,463,0F,00,570,P1,47
22:50:30  [SLOT] n=475 tx=21 ack=0 due=0 r=1
22:50:30  [AT] "AT+CIPSEND=22" (13)
22:50:30  [AT] " S,463,0F,00,570,P1,47" (22)
22:50:30  [AT] "SEND OK" (7)
22:50:31  [TX] S,464,0F,00,571,P1,41
22:50:31  [SLOT] n=476 tx=21 ack=0 due=0 r=1
22:50:31  [AT] "AT+CIPSEND=22" (13)
22:50:31  [AT] " S,464,0F,00,571,P1,41" (22)
22:50:31  [AT] "SEND OK" (7)
22:50:32  [TX] S,465,0F,00,572,P1,43
22:50:32  [SLOT] n=477 tx=21 ack=0 due=0 r=1
22:50:32  [AT] "AT+CIPSEND=22" (13)
22:50:32  [AT] " S,465,0F,00,572,P1,43" (22)
22:50:32  [AT] "SEND OK" (7)
22:50:33  [TX] S,466,0F,00,573,P1,41
22:50:33  [SLOT] n=478 tx=21 ack=0 due=0 r=1
22:50:33  [AT] "AT+CIPSEND=22" (13)
22:50:33  [AT] " S,466,0F,00,573,P1,41" (22)
22:50:33  [AT] "SEND OK" (7)
22:50:35  [TX] S,467,0F,00,574,P1,47
22:50:35  [SLOT] n=479 tx=21 ack=0 due=0 r=1
22:50:35  [AT] "AT+CIPSEND=22" (13)
22:50:35  [AT] " S,467,0F,00,574,P1,47" (22)
22:50:35  [AT] "SEND OK" (7)
22:50:36  [TX] S,468,0F,00,576,P1,4A
22:50:36  [SLOT] n=480 tx=21 ack=0 due=0 r=1
22:50:36  [AT] "AT+CIPSEND=22" (13)
22:50:36  [AT] " S,468,0F,00,576,P1,4A" (22)
22:50:36  [AT] "SEND OK" (7)
22:50:37  [TX] S,469,0F,00,577,P1,4A
22:50:37  [SLOT] n=481 tx=21 ack=0 due=0 r=1
22:50:37  [AT] "AT+CIPSEND=22" (13)
22:50:37  [AT] " S,469,0F,00,577,P1,4A" (22)
22:50:37  [AT] "SEND OK" (7)
22:50:38  [TX] S,470,0F,00,578,P1,4D
22:50:38  [SLOT] n=482 tx=21 ack=0 due=0 r=1
22:50:38  [AT] "AT+CIPSEND=22" (13)
22:50:38  [AT] " S,470,0F,00,578,P1,4D" (22)
22:50:38  [AT] "SEND OK" (7)
22:50:39  [TX] S,471,0F,00,579,P1,4D
22:50:39  [SLOT] n=483 tx=21 ack=0 due=0 r=1
22:50:39  [AT] "AT+CIPSEND=22" (13)
22:50:39  [AT] " S,471,0F,00,579,P1,4D" (22)
22:50:39  [AT] "SEND OK" (7)
22:50:41  [TX] S,472,0F,00,580,P1,48
22:50:41  [SLOT] n=484 tx=21 ack=0 due=0 r=1
22:50:41  [AT] "AT+CIPSEND=22" (13)
22:50:41  [AT] " S,472,0F,00,580,P1,48" (22)
22:50:41  [AT] "SEND OK" (7)
22:50:42  [TX] S,473,0F,00,582,P1,4B
22:50:42  [SLOT] n=485 tx=21 ack=0 due=0 r=1
22:50:42  [AT] "AT+CIPSEND=22" (13)
22:50:42  [AT] " S,473,0F,00,582,P1,4B" (22)
22:50:42  [AT] "SEND OK" (7)
22:50:43  [TX] S,474,0F,00,583,P1,4D
22:50:43  [SLOT] n=486 tx=21 ack=0 due=0 r=1
22:50:43  [AT] "AT+CIPSEND=22" (13)
22:50:43  [AT] " S,474,0F,00,583,P1,4D" (22)
22:50:43  [AT] "SEND OK" (7)
22:50:44  [TX] S,475,0F,00,584,P1,4B
22:50:44  [SLOT] n=487 tx=21 ack=0 due=0 r=1
22:50:44  [AT] "AT+CIPSEND=22" (13)
22:50:44  [AT] " S,475,0F,00,584,P1,4B" (22)
22:50:44  [AT] "SEND OK" (7)
22:50:45  [TX] S,476,0F,00,585,P1,49
22:50:45  [SLOT] n=488 tx=21 ack=0 due=0 r=1
22:50:45  [AT] "AT+CIPSEND=22" (13)
22:50:46  [AT] " S,476,0F,00,585,P1,49" (22)
22:50:46  [AT] "SEND OK" (7)
22:50:46  [TX] S,477,0F,00,586,P1,4B
22:50:46  [SLOT] n=489 tx=21 ack=0 due=0 r=1
22:50:46  [AT] "AT+CIPSEND=22" (13)
22:50:47  [AT] " S,477,0F,00,586,P1,4B" (22)
22:50:47  [AT] "SEND OK" (7)
22:50:48  [TX] S,478,0F,00,588,P1,4A
22:50:48  [SLOT] n=490 tx=21 ack=0 due=0 r=1
22:50:48  [AT] "AT+CIPSEND=22" (13)
22:50:48  [AT] " S,478,0F,00,588,P1,4A" (22)
22:50:48  [AT] "SEND OK" (7)
22:50:49  [TX] S,479,0F,00,589,P1,4A
22:50:49  [SLOT] n=491 tx=21 ack=0 due=0 r=1
22:50:49  [AT] "AT+CIPSEND=22" (13)
22:50:49  [AT] " S,479,0F,00,589,P1,4A" (22)
22:50:49  [AT] "SEND OK" (7)
22:50:50  [TX] S,480,0F,00,590,P1,44
22:50:50  [SLOT] n=492 tx=21 ack=0 due=0 r=1
22:50:50  [AT] "AT+CIPSEND=22" (13)
22:50:50  [AT] " S,480,0F,00,590,P1,44" (22)
22:50:50  [AT] "SEND OK" (7)
22:50:51  [TX] S,481,0F,00,591,P1,44
22:50:51  [SLOT] n=493 tx=21 ack=0 due=0 r=1
22:50:51  [AT] "AT+CIPSEND=22" (13)
22:50:51  [AT] " S,481,0F,00,591,P1,44" (22)
22:50:51  [AT] "SEND OK" (7)
22:50:52  [TX] S,482,0F,00,592,P1,44
22:50:52  [SLOT] n=494 tx=21 ack=0 due=0 r=1
22:50:52  [AT] "AT+CIPSEND=22" (13)
22:50:52  [AT] " S,482,0F,00,592,P1,44" (22)
22:50:52  [AT] "SEND OK" (7)
22:50:54  [TX] S,483,0F,00,594,P1,43
22:50:54  [SLOT] n=495 tx=21 ack=0 due=0 r=1
22:50:54  [AT] "AT+CIPSEND=22" (13)
22:50:54  [AT] " S,483,0F,00,594,P1,43" (22)
22:50:54  [AT] "SEND OK" (7)
22:50:55  [TX] S,484,0F,00,595,P1,45
22:50:55  [SLOT] n=496 tx=21 ack=0 due=0 r=1
22:50:55  [AT] "AT+CIPSEND=22" (13)
22:50:55  [AT] " S,484,0F,00,595,P1,45" (22)
22:50:55  [AT] "SEND OK" (7)
22:50:56  [TX] S,485,0F,00,596,P1,47
22:50:56  [SLOT] n=497 tx=21 ack=0 due=0 r=1
22:50:56  [AT] "AT+CIPSEND=22" (13)
22:50:56  [AT] " S,485,0F,00,596,P1,47" (22)
22:50:56  [AT] "SEND OK" (7)
22:50:57  [TX] S,486,0F,00,597,P1,45
22:50:57  [SLOT] n=498 tx=21 ack=0 due=0 r=1
22:50:57  [AT] "AT+CIPSEND=22" (13)
22:50:57  [AT] " S,486,0F,00,597,P1,45" (22)
22:50:57  [AT] "SEND OK" (7)
22:50:58  [TX] S,487,0F,00,598,P1,4B
22:50:58  [SLOT] n=499 tx=21 ack=0 due=0 r=1
22:50:58  [AT] "AT+CIPSEND=22" (13)
22:50:58  [AT] " S,487,0F,00,598,P1,4B" (22)
22:50:58  [AT] "SEND OK" (7)
22:51:00  «tap» 살아있음 — 최근 60초 rx=7701B (이 줄이 끊기면 탭이 죽은 것이다)
22:51:00  [TX] S,488,0F,00,600,P1,46
22:51:00  [SLOT] n=500 tx=21 ack=0 due=0 r=1
22:51:00  [CNT] up=600 drop=0 esprst=0 hwrst=0/0 resync=0 sendfail=0 okto=0 stuck=0 ackq=0 ackdrop=0 ackstale=0 slot=500 oow=1 smiss=3 ssovf=0 cksumng=0 okstream=487 penddrop=0 pendfill=489 bigfill=4 bigdrop=0 bigokst=4 oklost=0 bigoklost=0 skip=1 online=1
22:51:00  [RAM] 최저 여유 571 B · 프롬프트 재동기 0회 (서버의 '버린줄' 과 맞아야 한다)
22:51:00  [AT] " S,488,0F,00,600,P1,46" (22)
22:51:00  [AT] "SEND OK" (7)
22:51:00  [AT] "AT+CIPSEND=22" (13)
22:51:01  [TX] S,489,0F,00,601,P1,46
22:51:01  [SLOT] n=501 tx=21 ack=0 due=0 r=1
22:51:01  [AT] "AT+CIPSEND=22" (13)
22:51:01  [AT] " S,489,0F,00,601,P1,46" (22)
22:51:01  [AT] "SEND OK" (7)
22:51:02  [TX] S,490,0F,00,602,P1,4D
22:51:02  [SLOT] n=502 tx=21 ack=0 due=0 r=1
22:51:02  [AT] "AT+CIPSEND=22" (13)
22:51:02  [AT] " S,490,0F,00,602,P1,4D" (22)
22:51:02  [AT] "SEND OK" (7)
22:51:03  [TX] S,491,0F,00,603,P1,4D
22:51:03  [SLOT] n=503 tx=21 ack=0 due=0 r=1
22:51:03  [AT] "AT+CIPSEND=22" (13)
22:51:03  [AT] " S,491,0F,00,603,P1,4D" (22)
22:51:03  [AT] "SEND OK" (7)
22:51:04  [TX] S,492,0F,00,604,P1,49
22:51:04  [SLOT] n=504 tx=21 ack=0 due=0 r=1
22:51:04  [AT] "AT+CIPSEND=22" (13)
22:51:04  [AT] " S,492,0F,00,604,P1,49" (22)
22:51:04  [AT] "SEND OK" (7)
22:51:06  [TX] S,493,0F,00,606,P1,4A
22:51:06  [SLOT] n=505 tx=21 ack=0 due=0 r=1
22:51:06  [AT] "AT+CIPSEND=22" (13)
22:51:06  [AT] " S,493,0F,00,606,P1,4A" (22)
22:51:06  [AT] "SEND OK" (7)
22:51:07  [TX] S,494,0F,00,607,P1,4C
22:51:07  [SLOT] n=506 tx=21 ack=0 due=0 r=1
22:51:07  [AT] "AT+CIPSEND=22" (13)
22:51:07  [AT] " S,494,0F,00,607,P1,4C" (22)
22:51:07  [AT] "SEND OK" (7)
22:51:08  [TX] S,495,0F,00,608,P1,42
22:51:08  [SLOT] n=507 tx=21 ack=0 due=0 r=1
22:51:08  [AT] "AT+CIPSEND=22" (13)
22:51:08  [AT] " S,495,0F,00,608,P1,42" (22)
22:51:08  [AT] "SEND OK" (7)
22:51:09  [TX] S,496,0F,00,609,P1,40
22:51:09  [SLOT] n=508 tx=21 ack=0 due=0 r=1
22:51:09  [AT] "AT+CIPSEND=22" (13)
22:51:09  [AT] " S,496,0F,00,609,P1,40" (22)
22:51:09  [AT] "SEND OK" (7)
22:51:10  [TX] S,497,0F,00,610,P1,49
22:51:10  [SLOT] n=509 tx=21 ack=0 due=0 r=1
22:51:10  [AT] "AT+CIPSEND=22" (13)
22:51:10  [AT] " S,497,0F,00,610,P1,49" (22)
22:51:10  [AT] "SEND OK" (7)
22:51:12  [TX] S,498,0F,00,612,P1,44
22:51:12  [SLOT] n=510 tx=21 ack=0 due=0 r=1
22:51:12  [AT] "AT+CIPSEND=22" (13)
22:51:12  [AT] " S,498,0F,00,612,P1,44" (22)
22:51:12  [AT] "SEND OK" (7)
22:51:13  [TX] S,499,0F,00,613,P1,44
22:51:13  [SLOT] n=511 tx=21 ack=0 due=0 r=1
22:51:13  [AT] "AT+CIPSEND=22" (13)
22:51:13  [AT] " S,499,0F,00,613,P1,44" (22)
22:51:13  [AT] "SEND OK" (7)
22:51:14  [TX] S,500,0F,00,614,P1,42
22:51:14  [SLOT] n=512 tx=21 ack=0 due=0 r=1
22:51:14  [AT] "AT+CIPSEND=22" (13)
22:51:14  [AT] " S,500,0F,00,614,P1,42" (22)
22:51:14  [AT] "SEND OK" (7)
22:51:15  [TX] S,501,0F,00,615,P1,42
22:51:15  [SLOT] n=513 tx=21 ack=0 due=0 r=1
22:51:15  [AT] "AT+CIPSEND=22" (13)
22:51:15  [AT] " S,501,0F,00,615,P1,42" (22)
22:51:15  [AT] "SEND OK" (7)
22:51:16  [TX] S,502,0F,00,616,P1,42
22:51:16  [SLOT] n=514 tx=21 ack=0 due=0 r=1
22:51:16  [AT] "AT+CIPSEND=22" (13)
22:51:16  [AT] " S,502,0F,00,616,P1,42" (22)
22:51:16  [AT] "SEND OK" (7)
22:51:18  [TX] S,503,0F,00,618,P1,4D
22:51:18  [SLOT] n=515 tx=21 ack=0 due=0 r=1
22:51:18  [AT] "AT+CIPSEND=22" (13)
22:51:18  [AT] " S,503,0F,00,618,P1,4D" (22)
22:51:18  [AT] "SEND OK" (7)
22:51:19  [TX] S,504,0F,00,619,P1,4B
22:51:19  [SLOT] n=516 tx=21 ack=0 due=0 r=1
22:51:19  [AT] "AT+CIPSEND=22" (13)
22:51:19  [AT] " S,504,0F,00,619,P1,4B" (22)
22:51:19  [AT] "SEND OK" (7)
22:51:20  [TX] S,505,0F,00,620,P1,40
22:51:20  [SLOT] n=517 tx=21 ack=0 due=0 r=1
22:51:20  [AT] "AT+CIPSEND=22" (13)
22:51:20  [AT] " S,505,0F,00,620,P1,40" (22)
22:51:20  [AT] "SEND OK" (7)
22:51:21  [TX] S,506,0F,00,621,P1,42
22:51:21  [SLOT] n=518 tx=21 ack=0 due=0 r=1
22:51:21  [AT] "AT+CIPSEND=22" (13)
22:51:21  [AT] " S,506,0F,00,621,P1,42" (22)
22:51:21  [AT] "SEND OK" (7)
22:51:22  [TX] S,507,0F,00,622,P1,40
22:51:22  [SLOT] n=519 tx=21 ack=0 due=0 r=1
22:51:22  [AT] "AT+CIPSEND=22" (13)
22:51:22  [AT] " S,507,0F,00,622,P1,40" (22)
22:51:22  [AT] "SEND OK" (7)
22:51:24  [TX] S,508,0F,00,624,P1,49
22:51:24  [SLOT] n=520 tx=21 ack=0 due=0 r=1
22:51:24  [AT] "AT+CIPSEND=22" (13)
22:51:24  [AT] " S,508,0F,00,624,P1,49" (22)
22:51:24  [AT] "SEND OK" (7)
22:51:25  [TX] S,509,0F,00,625,P1,49
22:51:25  [SLOT] n=521 tx=21 ack=0 due=0 r=1
22:51:25  [AT] "AT+CIPSEND=22" (13)
22:51:25  [AT] " S,509,0F,00,625,P1,49" (22)
22:51:25  [AT] "SEND OK" (7)
22:51:26  [TX] S,510,0F,00,626,P1,42
22:51:26  [SLOT] n=522 tx=21 ack=0 due=0 r=1
22:51:26  [AT] "AT+CIPSEND=22" (13)
22:51:26  [AT] " S,510,0F,00,626,P1,42" (22)
22:51:26  [AT] "SEND OK" (7)
22:51:27  [TX] S,511,0F,00,627,P1,42
22:51:27  [SLOT] n=523 tx=21 ack=0 due=0 r=1
22:51:27  [AT] "AT+CIPSEND=22" (13)
22:51:27  [AT] " S,511,0F,00,627,P1,42" (22)
22:51:27  [AT] "SEND OK" (7)
22:51:28  [TX] S,512,0F,00,628,P1,4E
22:51:28  [SLOT] n=524 tx=21 ack=0 due=0 r=1
22:51:28  [AT] "AT+CIPSEND=22" (13)
22:51:28  [AT] " S,512,0F,00,628,P1,4E" (22)
22:51:28  [AT] "SEND OK" (7)
22:51:30  [TX] S,513,0F,00,630,P1,46
22:51:30  [SLOT] n=525 tx=21 ack=0 due=0 r=1
22:51:30  [AT] "AT+CIPSEND=22" (13)
22:51:30  [AT] " S,513,0F,00,630,P1,46" (22)
22:51:30  [AT] "SEND OK" (7)
22:51:31  [TX] S,514,0F,00,631,P1,40
22:51:31  [SLOT] n=526 tx=21 ack=0 due=0 r=1
22:51:31  [AT] "AT+CIPSEND=22" (13)
22:51:31  [AT] " S,514,0F,00,631,P1,40" (22)
22:51:31  [AT] "SEND OK" (7)
22:51:32  [TX] S,515,0F,00,632,P1,42
22:51:32  [SLOT] n=527 tx=21 ack=0 due=0 r=1
22:51:32  [AT] "AT+CIPSEND=22" (13)
22:51:32  [AT] " S,515,0F,00,632,P1,42" (22)
22:51:32  [AT] "SEND OK" (7)
22:51:33  [TX] S,516,0F,00,633,P1,40
22:51:33  [SLOT] n=528 tx=21 ack=0 due=0 r=1
22:51:33  [AT] "AT+CIPSEND=22" (13)
22:51:33  [AT] " S,516,0F,00,633,P1,40" (22)
22:51:33  [AT] "SEND OK" (7)
22:51:34  [TX] S,517,0F,00,634,P1,46
22:51:34  [SLOT] n=529 tx=21 ack=0 due=0 r=1
22:51:34  [AT] "AT+CIPSEND=22" (13)
22:51:34  [AT] " S,517,0F,00,634,P1,46" (22)
22:51:34  [AT] "SEND OK" (7)
22:51:36  [TX] S,518,0F,00,636,P1,4B
22:51:36  [SLOT] n=530 tx=21 ack=0 due=0 r=1
22:51:36  [AT] "AT+CIPSEND=22" (13)
22:51:36  [AT] " S,518,0F,00,636,P1,4B" (22)
22:51:36  [AT] "SEND OK" (7)
22:51:37  [TX] S,519,0F,00,637,P1,4B
22:51:37  [SLOT] n=531 tx=21 ack=0 due=0 r=1
22:51:37  [AT] "AT+CIPSEND=22" (13)
22:51:37  [AT] " S,519,0F,00,637,P1,4B" (22)
22:51:37  [AT] "SEND OK" (7)
22:51:38  [TX] S,520,0F,00,638,P1,4E
22:51:38  [SLOT] n=532 tx=21 ack=0 due=0 r=1
22:51:38  [AT] "AT+CIPSEND=22" (13)
22:51:38  [AT] " S,520,0F,00,638,P1,4E" (22)
22:51:38  [AT] "SEND OK" (7)
22:51:39  [TX] S,521,0F,00,639,P1,4E
22:51:39  [SLOT] n=533 tx=21 ack=0 due=0 r=1
22:51:39  [AT] "AT+CIPSEND=22" (13)
22:51:39  [AT] " S,521,0F,00,639,P1,4E" (22)
22:51:39  [AT] "SEND OK" (7)
22:51:40  [TX] S,522,0F,00,640,P1,43
22:51:40  [SLOT] n=534 tx=21 ack=0 due=0 r=1
22:51:40  [AT] "AT+CIPSEND=22" (13)
22:51:40  [AT] " S,522,0F,00,640,P1,43" (22)
22:51:40  [AT] "SEND OK" (7)
22:51:42  [TX] S,523,0F,00,642,P1,40
22:51:42  [SLOT] n=535 tx=21 ack=0 due=0 r=1
22:51:42  [AT] "AT+CIPSEND=22" (13)
22:51:42  [AT] " S,523,0F,00,642,P1,40" (22)
22:51:42  [AT] "SEND OK" (7)
22:51:43  [TX] S,524,0F,00,643,P1,46
22:51:43  [SLOT] n=536 tx=21 ack=0 due=0 r=1
22:51:43  [AT] "AT+CIPSEND=22" (13)
22:51:43  [AT] " S,524,0F,00,643,P1,46" (22)
22:51:43  [AT] "SEND OK" (7)
22:51:44  [TX] S,525,0F,00,644,P1,40
22:51:44  [SLOT] n=537 tx=21 ack=0 due=0 r=1
22:51:44  [AT] "AT+CIPSEND=22" (13)
22:51:44  [AT] " S,525,0F,00,644,P1,40" (22)
22:51:44  [AT] "SEND OK" (7)
22:51:45  [TX] S,526,0F,00,645,P1,42
22:51:45  [SLOT] n=538 tx=21 ack=0 due=0 r=1
22:51:45  [AT] "AT+CIPSEND=22" (13)
22:51:45  [AT] " S,526,0F,00,645,P1,42" (22)
22:51:45  [AT] "SEND OK" (7)
22:51:46  [TX] S,527,0F,00,646,P1,40
22:51:46  [SLOT] n=539 tx=21 ack=0 due=0 r=1
22:51:46  [AT] "AT+CIPSEND=22" (13)
22:51:46  [AT] " S,527,0F,00,646,P1,40" (22)
22:51:46  [AT] "SEND OK" (7)
22:51:48  [TX] S,528,0F,00,648,P1,41
22:51:48  [SLOT] n=540 tx=21 ack=0 due=0 r=1
22:51:48  [AT] "AT+CIPSEND=22" (13)
22:51:48  [AT] " S,528,0F,00,648,P1,41" (22)
22:51:48  [AT] "SEND OK" (7)
22:51:49  [TX] S,529,0F,00,649,P1,41
22:51:49  [SLOT] n=541 tx=21 ack=0 due=0 r=1
22:51:49  [AT] "AT+CIPSEND=22" (13)
22:51:49  [AT] " S,529,0F,00,649,P1,41" (22)
22:51:49  [AT] "SEND OK" (7)
22:51:50  [TX] S,530,0F,00,650,P1,41
22:51:50  [SLOT] n=542 tx=21 ack=0 due=0 r=1
22:51:50  [AT] "AT+CIPSEND=22" (13)
22:51:50  [AT] " S,530,0F,00,650,P1,41" (22)
22:51:50  [AT] "SEND OK" (7)
22:51:51  [TX] S,531,0F,00,651,P1,41
22:51:51  [SLOT] n=543 tx=21 ack=0 due=0 r=1
22:51:51  [AT] "AT+CIPSEND=22" (13)
22:51:51  [AT] " S,531,0F,00,651,P1,41" (22)
22:51:51  [AT] "SEND OK" (7)
22:51:52  [TX] S,532,0F,00,652,P1,41
22:51:52  [SLOT] n=544 tx=21 ack=0 due=0 r=1
22:51:52  [AT] "AT+CIPSEND=22" (13)
22:51:52  [AT] " S,532,0F,00,652,P1,41" (22)
22:51:52  [AT] "SEND OK" (7)
22:51:54  [TX] S,533,0F,00,654,P1,46
22:51:54  [SLOT] n=545 tx=21 ack=0 due=0 r=1
22:51:54  [AT] "AT+CIPSEND=22" (13)
22:51:54  [AT] " S,533,0F,00,654,P1,46" (22)
22:51:54  [AT] "SEND OK" (7)
22:51:55  [TX] S,534,0F,00,655,P1,40
22:51:55  [SLOT] n=546 tx=21 ack=0 due=0 r=1
22:51:55  [AT] "AT+CIPSEND=22" (13)
22:51:55  [AT] " S,534,0F,00,655,P1,40" (22)
22:51:55  [AT] "SEND OK" (7)
22:51:56  [TX] S,535,0F,00,656,P1,42
22:51:56  [SLOT] n=547 tx=21 ack=0 due=0 r=1
22:51:56  [AT] "AT+CIPSEND=22" (13)
22:51:56  [AT] " S,535,0F,00,656,P1,42" (22)
22:51:56  [AT] "SEND OK" (7)
22:51:57  [TX] S,536,0F,00,657,P1,40
22:51:57  [SLOT] n=548 tx=21 ack=0 due=0 r=1
22:51:57  [AT] "AT+CIPSEND=22" (13)
22:51:57  [AT] " S,536,0F,00,657,P1,40" (22)
22:51:57  [AT] "SEND OK" (7)
22:51:58  [TX] S,537,0F,00,658,P1,4E
22:51:58  [SLOT] n=549 tx=21 ack=0 due=0 r=1
22:51:58  [AT] "AT+CIPSEND=22" (13)
22:51:59  [AT] " S,537,0F,00,658,P1,4E" (22)
22:51:59  [AT] "SEND OK" (7)
22:52:00  «tap» 살아있음 — 최근 60초 rx=7701B (이 줄이 끊기면 탭이 죽은 것이다)
22:52:00  [TX] S,538,0F,00,660,P1,4A
22:52:00  [SLOT] n=550 tx=21 ack=0 due=0 r=1
22:52:00  [CNT] up=660 drop=0 esprst=0 hwrst=0/0 resync=0 sendfail=0 okto=0 stuck=0 ackq=0 ackdrop=0 ackstale=0 slot=550 oow=1 smiss=3 ssovf=0 cksumng=0 okstream=537 penddrop=0 pendfill=539 bigfill=4 bigdrop=0 bigokst=4 oklost=0 bigoklost=0 skip=1 online=1
22:52:00  [RAM] 최저 여유 571 B · 프롬프트 재동기 0회 (서버의 '버린줄' 과 맞아야 한다)
22:52:00  [AT] " S,538,0F,00,660,P1,4A" (22)
22:52:00  [AT] "SEND OK" (7)
22:52:00  [AT] "AT+CIPSEND=22" (13)
22:52:01  [TX] S,539,0F,00,661,P1,4A
22:52:01  [SLOT] n=551 tx=21 ack=0 due=0 r=1
22:52:01  [AT] "AT+CIPSEND=22" (13)
22:52:01  [AT] " S,539,0F,00,661,P1,4A" (22)
22:52:01  [AT] "SEND OK" (7)
22:52:02  [TX] S,540,0F,00,662,P1,47
22:52:02  [SLOT] n=552 tx=21 ack=0 due=0 r=1
22:52:02  [AT] "AT+CIPSEND=22" (13)
22:52:02  [AT] " S,540,0F,00,662,P1,47" (22)
22:52:02  [AT] "SEND OK" (7)
22:52:03  [TX] S,541,0F,00,663,P1,47
22:52:03  [SLOT] n=553 tx=21 ack=0 due=0 r=1
22:52:03  [AT] "AT+CIPSEND=22" (13)
22:52:03  [AT] " S,541,0F,00,663,P1,47" (22)
22:52:03  [AT] "SEND OK" (7)
22:52:04  [TX] S,542,0F,00,664,P1,43
22:52:04  [SLOT] n=554 tx=21 ack=0 due=0 r=1
22:52:04  [AT] "AT+CIPSEND=22" (13)
22:52:04  [AT] " S,542,0F,00,664,P1,43" (22)
22:52:04  [AT] "SEND OK" (7)
22:52:06  [TX] S,543,0F,00,666,P1,40
22:52:06  [SLOT] n=555 tx=21 ack=0 due=0 r=1
22:52:06  [AT] "AT+CIPSEND=22" (13)
22:52:06  [AT] " S,543,0F,00,666,P1,40" (22)
22:52:06  [AT] "SEND OK" (7)
22:52:07  [TX] S,544,0F,00,667,P1,46
22:52:07  [SLOT] n=556 tx=21 ack=0 due=0 r=1
22:52:07  [AT] "AT+CIPSEND=22" (13)
22:52:07  [AT] " S,544,0F,00,667,P1,46" (22)
22:52:07  [AT] "SEND OK" (7)
22:52:08  [TX] S,545,0F,00,668,P1,48
22:52:08  [SLOT] n=557 tx=21 ack=0 due=0 r=1
22:52:08  [AT] "AT+CIPSEND=22" (13)
22:52:08  [AT] " S,545,0F,00,668,P1,48" (22)
22:52:08  [AT] "SEND OK" (7)
22:52:09  [TX] S,546,0F,00,669,P1,4A
22:52:09  [SLOT] n=558 tx=21 ack=0 due=0 r=1
22:52:09  [AT] "AT+CIPSEND=22" (13)
22:52:09  [AT] " S,546,0F,00,669,P1,4A" (22)
22:52:09  [AT] "SEND OK" (7)
22:52:10  [TX] S,547,0F,00,670,P1,43
22:52:10  [SLOT] n=559 tx=21 ack=0 due=0 r=1
22:52:10  [AT] "AT+CIPSEND=22" (13)
22:52:10  [AT] " S,547,0F,00,670,P1,43" (22)
22:52:10  [AT] "SEND OK" (7)
22:52:12  [TX] S,548,0F,00,672,P1,4E
22:52:12  [SLOT] n=560 tx=21 ack=0 due=0 r=1
22:52:12  [AT] "AT+CIPSEND=22" (13)
22:52:12  [AT] " S,548,0F,00,672,P1,4E" (22)
22:52:12  [AT] "SEND OK" (7)
22:52:13  [TX] S,549,0F,00,673,P1,4E
22:52:13  [SLOT] n=561 tx=21 ack=0 due=0 r=1
22:52:13  [AT] "AT+CIPSEND=22" (13)
22:52:13  [AT] " S,549,0F,00,673,P1,4E" (22)
22:52:13  [AT] "SEND OK" (7)
22:52:14  [TX] S,550,0F,00,674,P1,41
22:52:14  [SLOT] n=562 tx=21 ack=0 due=0 r=1
22:52:14  [AT] "AT+CIPSEND=22" (13)
22:52:14  [AT] " S,550,0F,00,674,P1,41" (22)
22:52:14  [AT] "SEND OK" (7)
22:52:15  [TX] S,551,0F,00,675,P1,41
22:52:15  [SLOT] n=563 tx=21 ack=0 due=0 r=1
22:52:15  [AT] "AT+CIPSEND=22" (13)
22:52:15  [AT] " S,551,0F,00,675,P1,41" (22)
22:52:15  [AT] "SEND OK" (7)
22:52:16  [TX] S,552,0F,00,676,P1,41
22:52:16  [SLOT] n=564 tx=21 ack=0 due=0 r=1
22:52:16  [AT] "AT+CIPSEND=22" (13)
22:52:16  [AT] " S,552,0F,00,676,P1,41" (22)
22:52:16  [AT] "SEND OK" (7)
22:52:18  [TX] S,553,0F,00,678,P1,4E
22:52:18  [SLOT] n=565 tx=21 ack=0 due=0 r=1
22:52:18  [AT] "AT+CIPSEND=22" (13)
22:52:18  [AT] " S,553,0F,00,678,P1,4E" (22)
22:52:18  [AT] "SEND OK" (7)
22:52:19  [TX] S,554,0F,00,679,P1,48
22:52:19  [SLOT] n=566 tx=21 ack=0 due=0 r=1
22:52:19  [AT] "AT+CIPSEND=22" (13)
22:52:19  [AT] " S,554,0F,00,679,P1,48" (22)
22:52:19  [AT] "SEND OK" (7)
22:52:20  [TX] S,555,0F,00,680,P1,4F
22:52:20  [SLOT] n=567 tx=21 ack=0 due=0 r=1
22:52:20  [AT] "AT+CIPSEND=22" (13)
22:52:20  [AT] " S,555,0F,00,680,P1,4F" (22)
22:52:20  [AT] "SEND OK" (7)
22:52:21  [TX] S,556,0F,00,681,P1,4D
22:52:21  [SLOT] n=568 tx=21 ack=0 due=0 r=1
22:52:21  [AT] "AT+CIPSEND=22" (13)
22:52:21  [AT] " S,556,0F,00,681,P1,4D" (22)
22:52:21  [AT] "SEND OK" (7)
22:52:22  [TX] S,557,0F,00,682,P1,4F
22:52:22  [SLOT] n=569 tx=21 ack=0 due=0 r=1
22:52:22  [AT] "AT+CIPSEND=22" (13)
22:52:22  [AT] " S,557,0F,00,682,P1,4F" (22)
22:52:22  [AT] "SEND OK" (7)
22:52:24  [TX] S,558,0F,00,684,P1,46
22:52:24  [SLOT] n=570 tx=21 ack=0 due=0 r=1
22:52:24  [AT] "AT+CIPSEND=22" (13)
22:52:24  [AT] " S,558,0F,00,684,P1,46" (22)
22:52:24  [AT] "SEND OK" (7)
22:52:25  [TX] S,559,0F,00,685,P1,46
22:52:25  [SLOT] n=571 tx=21 ack=0 due=0 r=1
22:52:25  [AT] "AT+CIPSEND=22" (13)
22:52:25  [AT] " S,559,0F,00,685,Pa,46" (22)
22:52:25  [AT] "SEND OK" (7)
22:52:26  [TX] S,560,0F,00,686,P1,4F
22:52:26  [SLOT] n=572 tx=21 ack=0 due=0 r=1
22:52:26  [AT] "AT+CIPSEND=22" (13)
22:52:26  [AT] " S,560,0F,00,686,P1,4F" (22)
22:52:26  [AT] "SEND OK" (7)
22:52:27  [TX] S,561,0F,00,687,P1,4F
22:52:27  [SLOT] n=573 tx=21 ack=0 due=0 r=1
22:52:27  [AT] "AT+CIPSEND=22" (13)
22:52:27  [AT] " S,561,0F,00,687,P1,4F" (22)
22:52:27  [AT] "SEND OK" (7)
22:52:29  [TX] S,562,0F,00,688,P1,43
22:52:29  [SLOT] n=574 tx=21 ack=0 due=0 r=1
22:52:29  [AT] "AT+CIPSEND=22" (13)
22:52:29  [AT] " S,562,0F,00,688,P1,43" (22)
22:52:29  [AT] "SEND OK" (7)
22:52:30  [TX] S,563,0F,00,690,P1,4B
22:52:31  [SLOT] n=575 tx=21 ack=0 due=0 r=1
22:52:31  [AT] "AT+CIPSEND=22" (13)
22:52:31  [AT] " S,563,0F,00,690,P1,4B" (22)
22:52:31  [AT] "SEND OK" (7)
22:52:32  [TX] S,564,0F,00,691,P1,4D
22:52:32  [SLOT] n=576 tx=21 ack=0 due=0 r=1
22:52:32  [AT] "AT+CIPSEND=22" (13)
22:52:32  [AT] " S,564,0F,00,691,P1,4D" (22)
22:52:32  [AT] "SEND OK" (7)
22:52:33  [TX] S,565,0F,00,692,P1,4F
22:52:33  [SLOT] n=577 tx=21 ack=0 due=0 r=1
22:52:33  [AT] "AT+CIPSEND=22" (13)
22:52:33  [AT] " S,565,0F,00,692,P1,4F" (22)
22:52:33  [AT] "SEND OK" (7)
22:52:34  [TX] S,566,0F,00,693,P1,4D
22:52:34  [SLOT] n=578 tx=21 ack=0 due=0 r=1
22:52:34  [AT] "AT+CIPSEND=22" (13)
22:52:34  [AT] " S,566,0F,00,693,P1,4D" (22)
22:52:34  [AT] "SEND OK" (7)
22:52:35  [TX] S,567,0F,00,694,P1,4B
22:52:35  [SLOT] n=579 tx=21 ack=0 due=0 r=1
22:52:35  [AT] "AT+CIPSEND=22" (13)
22:52:35  [AT] " S,567,0F,00,694,P1,4B" (22)
22:52:35  [AT] "SEND OK" (7)
22:52:36  [TX] S,568,0F,00,696,P1,46
22:52:36  [SLOT] n=580 tx=21 ack=0 due=0 r=1
22:52:36  [AT] "AT+CIPSEND=22" (13)
22:52:37  [AT] " S,568,0F,00,696,P1,46" (22)
22:52:37  [AT] "SEND OK" (7)
22:52:38  [TX] S,569,0F,00,697,P1,46
22:52:38  [SLOT] n=581 tx=21 ack=0 due=0 r=1
22:52:38  [AT] "AT+CIPSEND=22" (13)
22:52:38  [AT] " S,569,0F,00,697,P1,46" (22)
22:52:38  [AT] "SEND OK" (7)
22:52:39  [TX] S,570,0F,00,698,P1,41
22:52:39  [SLOT] n=582 tx=21 ack=0 due=0 r=1
22:52:39  [AT] "AT+CIPSEND=22" (13)
22:52:39  [AT] " S,570,0F,00,698,P1,41" (22)
22:52:39  [AT] "SEND OK" (7)
22:52:40  [TX] S,571,0F,00,699,P1,41
22:52:40  [SLOT] n=583 tx=21 ack=0 due=0 r=1
22:52:40  [AT] "AT+CIPSEND=22" (13)
22:52:40  [AT] " S,571,0F,00,699,P1,41" (22)
22:52:40  [AT] "SEND OK" (7)
22:52:41  [TX] S,572,0F,00,700,P1,43
22:52:41  [SLOT] n=584 tx=21 ack=0 due=0 r=1
22:52:41  [AT] "AT+CIPSEND=22" (13)
22:52:41  [AT] " S,572,0F,00,700,P1,43" (22)
22:52:41  [AT] "SEND OK" (7)
22:52:42  [TX] S,573,0F,00,702,P1,40
22:52:42  [SLOT] n=585 tx=21 ack=0 due=0 r=1
22:52:42  [AT] "AT+CIPSEND=22" (13)
22:52:42  [AT] " S,573,0F,00,702,P1,40" (22)
22:52:42  [AT] "SEND OK" (7)
22:52:44  [TX] S,574,0F,00,703,P1,46
22:52:44  [SLOT] n=586 tx=21 ack=0 due=0 r=1
22:52:44  [AT] "AT+CIPSEND=22" (13)
22:52:44  [AT] " S,574,0F,00,703,P1,46" (22)
22:52:44  [AT] "SEND OK" (7)
22:52:45  [TX] S,575,0F,00,704,P1,40
22:52:45  [SLOT] n=587 tx=21 ack=0 due=0 r=1
22:52:45  [AT] "AT+CIPSEND=22" (13)
22:52:45  [AT] " S,575,0F,00,704,P1,40" (22)
22:52:45  [AT] "SEND OK" (7)
22:52:46  [TX] S,576,0F,00,705,P1,42
22:52:46  [SLOT] n=588 tx=21 ack=0 due=0 r=1
22:52:46  [AT] "AT+CIPSEND=22" (13)
22:52:46  [AT] " S,576,0F,00,705,P1,42" (22)
22:52:46  [AT] "SEND OK" (7)
22:52:47  [TX] S,577,0F,00,706,P1,40
22:52:47  [SLOT] n=589 tx=21 ack=0 due=0 r=1
22:52:47  [AT] "AT+CIPSEND=22" (13)
22:52:47  [AT] " S,577,0F,00,706,P1,40" (22)
22:52:47  [AT] "SEND OK" (7)
22:52:48  [TX] S,578,0F,00,708,P1,41
22:52:48  [SLOT] n=590 tx=21 ack=0 due=0 r=1
22:52:48  [AT] "AT+CIPSEND=22" (13)
22:52:48  [AT] " S,578,0F,00,708,P1,41" (22)
22:52:48  [AT] "SEND OK" (7)
22:52:50  [TX] S,579,0F,00,709,P1,41
22:52:50  [SLOT] n=591 tx=21 ack=0 due=0 r=1
22:52:50  [AT] "AT+CIPSEND=22" (13)
22:52:50  [AT] " S,579,0F,00,709,P1,41" (22)
22:52:50  [AT] "SEND OK" (7)
22:52:51  [TX] S,580,0F,00,710,P1,4F
22:52:51  [SLOT] n=592 tx=21 ack=0 due=0 r=1
22:52:51  [AT] "AT+CIPSEND=22" (13)
22:52:51  [AT] " S,580,0F,00,710,P1,4F" (22)
22:52:51  [AT] "SEND OK" (7)
22:52:52  [TX] S,581,0F,00,711,P1,4F
22:52:52  [SLOT] n=593 tx=21 ack=0 due=0 r=1
22:52:52  [AT] "AT+CIPSEND=22" (13)
22:52:52  [AT] " S,581,0F,00,711,P1,4F" (22)
22:52:52  [AT] "SEND OK" (7)
22:52:53  [TX] S,582,0F,00,712,P1,4F
22:52:53  [SLOT] n=594 tx=21 ack=0 due=0 r=1
22:52:53  [AT] "AT+CIPSEND=22" (13)
22:52:53  [AT] " S,582,0F,00,712,P1,4F" (22)
22:52:53  [AT] "SEND OK" (7)
22:52:54  [TX] S,583,0F,00,714,P1,48
22:52:54  [SLOT] n=595 tx=21 ack=0 due=0 r=1
22:52:54  [AT] "AT+CIPSEND=22" (13)
22:52:54  [AT] " S,583,0F,00,714,P1,48" (22)
22:52:54  [AT] "SEND OK" (7)
22:52:56  [TX] S,584,0F,00,715,P1,4E
22:52:56  [SLOT] n=596 tx=21 ack=0 due=0 r=1
22:52:56  [AT] "AT+CIPSEND=22" (13)
22:52:56  [AT] " S,584,0F,00,715,P1,4E" (22)
22:52:56  [AT] "SEND OK" (7)
22:52:57  [TX] S,585,0F,00,716,P1,4C
22:52:57  [SLOT] n=597 tx=21 ack=0 due=0 r=1
22:52:57  [AT] "AT+CIPSEND=22" (13)
22:52:57  [AT] " S,585,0F,00,716,P1,4C" (22)
22:52:57  [AT] "SEND OK" (7)
22:52:58  [TX] S,586,0F,00,717,P1,4E
22:52:58  [SLOT] n=598 tx=21 ack=0 due=0 r=1
22:52:58  [AT] "AT+CIPSEND=22" (13)
22:52:58  [AT] " S,586,0F,00,717,P1,4E" (22)
22:52:58  [AT] "SEND OK" (7)
22:52:59  [TX] S,587,0F,00,718,P1,40
22:52:59  [SLOT] n=599 tx=21 ack=0 due=0 r=1
22:52:59  [AT] "AT+CIPSEND=22" (13)
22:52:59  [AT] " S,587,0F,00,718,P1,40" (22)
22:52:59  [AT] "SEND OK" (7)
22:53:00  [TX] S,588,0F,00,720,P1,44
22:53:00  [SLOT] n=600 tx=21 ack=0 due=0 r=1
22:53:00  [CNT] up=720 drop=0 esprst=0 hwrst=0/0 resync=0 sendfail=0 okto=0 stuck=0 ackq=0 ackdrop=0 ackstale=0 slot=600 oow=1 smiss=3 ssovf=0 cksumng=0 okstream=587 penddrop=0 pendfill=589 bigfill=4 bigdrop=0 bigokst=4 oklost=0 bigoklost=0 skip=1 online=1
22:53:00  [RAM] 최저 여유 571 B · 프롬프트 재동기 0회 (서버의 '버린줄' 과 맞아야 한다)
22:53:00  [AT] " S,588,0F,00,720,P1,44" (22)
22:53:00  [AT] "SEND OK" (7)
22:53:00  [AT] "AT+CIPSEND=22" (13)
22:53:01  «tap» 살아있음 — 최근 60초 rx=8199B (이 줄이 끊기면 탭이 죽은 것이다)
22:53:02  [TX] S,589,0F,00,721,P1,44
22:53:02  [SLOT] n=601 tx=21 ack=0 due=0 r=1
22:53:02  [AT] "AT+CIPSEND=22" (13)
22:53:02  [AT] " S,589,0F,00,721,P1,44" (22)
22:53:02  [AT] "SEND OK" (7)
22:53:03  [TX] S,590,0F,00,722,P1,4F
22:53:03  [SLOT] n=602 tx=21 ack=0 due=0 r=1
22:53:03  [AT] "AT+CIPSEND=22" (13)
22:53:03  [AT] " S,590,0F,00,722,P1,4F" (22)
22:53:03  [AT] "SEND OK" (7)
22:53:04  [TX] S,591,0F,00,723,P1,4F
22:53:04  [SLOT] n=603 tx=21 ack=0 due=0 r=1
22:53:04  [AT] "AT+CIPSEND=22" (13)
22:53:04  [AT] " S,591,0F,00,723,P1,4F" (22)
22:53:04  [AT] "SEND OK" (7)
22:53:05  [TX] S,592,0F,00,724,P1,4B
22:53:05  [SLOT] n=604 tx=21 ack=0 due=0 r=1
22:53:05  [AT] "AT+CIPSEND=22" (13)
22:53:05  [AT] " S,592,0F,00,724,P1,4B" (22)
22:53:05  [AT] "SEND OK" (7)
22:53:06  [TX] S,593,0F,00,726,P1,48
22:53:06  [SLOT] n=605 tx=21 ack=0 due=0 r=1
22:53:06  [AT] "AT+CIPSEND=22" (13)
22:53:06  [AT] " S,593,0F,00,726,P1,48" (22)
22:53:06  [AT] "SEND OK" (7)
22:53:08  [TX] S,594,0F,00,727,P1,4E
22:53:08  [SLOT] n=606 tx=21 ack=0 due=0 r=1
22:53:08  [AT] "AT+CIPSEND=22" (13)
22:53:08  [AT] " S,594,0F,00,727,P1,4E" (22)
22:53:08  [AT] "SEND OK" (7)
22:53:09  [TX] S,595,0F,00,728,P1,40
22:53:09  [SLOT] n=607 tx=21 ack=0 due=0 r=1
22:53:09  [AT] "AT+CIPSEND=22" (13)
22:53:09  [AT] " S,595,0F,00,728,P1,40" (22)
22:53:09  [AT] "SEND OK" (7)
22:53:10  [TX] S,596,0F,00,729,P1,42
22:53:10  [SLOT] n=608 tx=21 ack=0 due=0 r=1
22:53:10  [AT] "AT+CIPSEND=22" (13)
22:53:10  [AT] " S,596,0F,00,729,P1,42" (22)
22:53:10  [AT] "SEND OK" (7)
22:53:11  [TX] S,597,0F,00,730,P1,4B
22:53:11  [SLOT] n=609 tx=21 ack=0 due=0 r=1
22:53:11  [AT] "AT+CIPSEND=22" (13)
22:53:11  [AT] " S,597,0F,00,730,P1,4B" (22)
22:53:11  [AT] "SEND OK" (7)
22:53:12  [TX] S,598,0F,00,732,P1,46
22:53:12  [SLOT] n=610 tx=21 ack=0 due=0 r=1
22:53:12  [AT] "AT+CIPSEND=22" (13)
22:53:12  [AT] " S,598,0F,00,732,P1,46" (22)
22:53:12  [AT] "SEND OK" (7)
22:53:14  [TX] S,599,0F,00,733,P1,46
22:53:14  [SLOT] n=611 tx=21 ack=0 due=0 r=1
22:53:14  [AT] "AT+CIPSEND=22" (13)
22:53:14  [AT] " S,599,0F,00,733,P1,46" (22)
22:53:14  [AT] "SEND OK" (7)
22:53:15  [TX] S,600,0F,00,734,P1,42
22:53:15  [SLOT] n=612 tx=21 ack=0 due=0 r=1
22:53:15  [AT] "AT+CIPSEND=22" (13)
22:53:15  [AT] " S,600,0F,00,734,P1,42" (22)
22:53:15  [AT] "SEND OK" (7)
22:53:16  [TX] S,601,0F,00,735,P1,42
22:53:16  [SLOT] n=613 tx=21 ack=0 due=0 r=1
22:53:16  [AT] "AT+CIPSEND=22" (13)
22:53:16  [AT] " S,601,0F,00,735,P1,42" (22)
22:53:16  [AT] "SEND OK" (7)
22:53:17  [TX] S,602,0F,00,736,P1,42
22:53:17  [SLOT] n=614 tx=21 ack=0 due=0 r=1
22:53:17  [AT] "AT+CIPSEND=22" (13)
22:53:17  [AT] " S,602,0F,00,736,P1,42" (22)
22:53:17  [AT] "SEND OK" (7)
22:53:18  [TX] S,603,0F,00,738,P1,4D
22:53:18  [SLOT] n=615 tx=21 ack=0 due=0 r=1
22:53:18  [AT] "AT+CIPSEND=22" (13)
22:53:18  [AT] " S,603,0F,00,738,P1,4D" (22)
22:53:18  [AT] "SEND OK" (7)
22:53:20  [TX] S,604,0F,00,739,P1,4B
22:53:20  [SLOT] n=616 tx=21 ack=0 due=0 r=1
22:53:20  [AT] "AT+CIPSEND=22" (13)
22:53:20  [AT] " S,604,0F,00,739,P1,4B" (22)
22:53:20  [AT] "SEND OK" (7)
22:53:21  [TX] S,605,0F,00,740,P1,44
22:53:21  [SLOT] n=617 tx=21 ack=0 due=0 r=1
22:53:21  [AT] "AT+CIPSEND=22" (13)
22:53:21  [AT] " S,605,0F,00,740,P1,44" (22)
22:53:21  [AT] "SEND OK" (7)
22:53:22  [TX] S,606,0F,00,741,P1,46
22:53:22  [SLOT] n=618 tx=21 ack=0 due=0 r=1
22:53:22  [AT] "AT+CIPSEND=22" (13)
22:53:22  [AT] " S,606,0F,00,741,P1,46" (22)
22:53:22  [AT] "SEND OK" (7)
22:53:23  [TX] S,607,0F,00,742,P1,44
22:53:23  [SLOT] n=619 tx=21 ack=0 due=0 r=1
22:53:23  [AT] "AT+CIPSEND=22" (13)
22:53:23  [AT] " S,607,0F,00,742,P1,44" (22)
22:53:23  [AT] "SEND OK" (7)
22:53:24  [TX] S,608,0F,00,744,P1,4D
22:53:24  [SLOT] n=620 tx=21 ack=0 due=0 r=1
22:53:24  [AT] "AT+CIPSEND=22" (13)
22:53:24  [AT] " S,608,0F,00,744,P1,4D" (22)
22:53:24  [AT] "SEND OK" (7)
22:53:26  [TX] S,609,0F,00,745,P1,4D
22:53:26  [SLOT] n=621 tx=21 ack=0 due=0 r=1
22:53:26  [AT] "AT+CIPSEND=22" (13)
22:53:26  [AT] " S,609,0F,00,745,P1,4D" (22)
22:53:26  [AT] "SEND OK" (7)
22:53:27  [TX] S,610,0F,00,746,P1,46
22:53:27  [SLOT] n=622 tx=21 ack=0 due=0 r=1
22:53:27  [AT] "AT+CIPSEND=22" (13)
22:53:27  [AT] " S,610,0F,00,746,P1,46" (22)
22:53:27  [AT] "SEND OK" (7)
22:53:28  [TX] S,611,0F,00,747,P1,46
22:53:28  [SLOT] n=623 tx=21 ack=0 due=0 r=1
22:53:28  [AT] "AT+CIPSEND=22" (13)
22:53:28  [AT] " S,611,0F,00,747,P1,46" (22)
22:53:28  [AT] "SEND OK" (7)
22:53:29  [TX] S,612,0F,00,748,P1,4A
22:53:29  [SLOT] n=624 tx=21 ack=0 due=0 r=1
22:53:29  [AT] "AT+CIPSEND=22" (13)
22:53:29  [AT] " S,612,0F,00,748,P1,4A" (22)
22:53:29  [AT] "SEND OK" (7)
22:53:30  [TX] S,613,0F,00,750,P1,42
22:53:30  [SLOT] n=625 tx=21 ack=0 due=0 r=1
22:53:30  [AT] "AT+CIPSEND=22" (13)
22:53:30  [AT] " S,613,0F,00,750,P1,42" (22)
22:53:30  [AT] "SEND OK" (7)
22:53:32  [TX] S,614,0F,00,751,P1,44
22:53:32  [SLOT] n=626 tx=21 ack=0 due=0 r=1
22:53:32  [AT] "AT+CIPSEND=22" (13)
22:53:32  [AT] " S,614,0F,00,751,P1,44" (22)
22:53:32  [AT] "SEND OK" (7)
22:53:33  [TX] S,615,0F,00,752,P1,46
22:53:33  [SLOT] n=627 tx=21 ack=0 due=0 r=1
22:53:33  [AT] "AT+CIPSEND=22" (13)
22:53:33  [AT] " S,615,0F,00,752,P1,46" (22)
22:53:33  [AT] "SEND OK" (7)
22:53:34  [TX] S,616,0F,00,753,P1,44
22:53:34  [SLOT] n=628 tx=21 ack=0 due=0 r=1
22:53:34  [AT] "AT+CIPSEND=22" (13)
22:53:34  [AT] " S,616,0F,00,753,P1,44" (22)
22:53:34  [AT] "SEND OK" (7)
22:53:35  [TX] S,617,0F,00,754,P1,42
22:53:35  [SLOT] n=629 tx=21 ack=0 due=0 r=1
22:53:35  [AT] "AT+CIPSEND=22" (13)
22:53:35  [AT] " S,617,0F,00,754,P1,42" (22)
22:53:35  [AT] "SEND OK" (7)
22:53:36  [TX] S,618,0F,00,756,P1,4F
22:53:36  [SLOT] n=630 tx=21 ack=0 due=0 r=1
22:53:36  [AT] "AT+CIPSEND=22" (13)
22:53:36  [AT] " S,618,0F,00,756,P1,4F" (22)
22:53:36  [AT] "SEND OK" (7)
22:53:38  [TX] S,619,0F,00,757,P1,4F
22:53:38  [SLOT] n=631 tx=21 ack=0 due=0 r=1
22:53:38  [AT] "AT+CIPSEND=22" (13)
22:53:38  [AT] " S,619,0F,00,757,P1,4F" (22)
22:53:38  [AT] "SEND OK" (7)
22:53:39  [TX] S,620,0F,00,758,P1,4A
22:53:39  [SLOT] n=632 tx=21 ack=0 due=0 r=1
22:53:39  [AT] "AT+CIPSEND=22" (13)
22:53:39  [AT] " S,620,0F,00,758,P1,4A" (22)
22:53:39  [AT] "SEND OK" (7)
22:53:40  [TX] S,621,0F,00,759,P1,4A
22:53:40  [SLOT] n=633 tx=21 ack=0 due=0 r=1
22:53:40  [AT] "AT+CIPSEND=22" (13)
22:53:40  [AT] " S,621,0F,00,759,P1,4A" (22)
22:53:40  [AT] "SEND OK" (7)
22:53:41  [TX] S,622,0F,00,760,P1,43
22:53:41  [SLOT] n=634 tx=21 ack=0 due=0 r=1
22:53:41  [AT] "AT+CIPSEND=22" (13)
22:53:41  [AT] " S,622,0F,00,760,P1,43" (22)
22:53:41  [AT] "SEND OK" (7)
22:53:42  [TX] S,623,0F,00,762,P1,40
22:53:42  [SLOT] n=635 tx=21 ack=0 due=0 r=1
22:53:42  [AT] "AT+CIPSEND=22" (13)
22:53:42  [AT] " S,623,0F,00,762,P1,40" (22)
22:53:42  [AT] "SEND OK" (7)
22:53:44  [TX] S,624,0F,00,763,P1,46
22:53:44  [SLOT] n=636 tx=21 ack=0 due=0 r=1
22:53:44  [AT] "AT+CIPSEND=22" (13)
22:53:44  [AT] " S,624,0F,00,763,P1,46" (22)
22:53:44  [AT] "SEND OK" (7)
22:53:45  [TX] S,625,0F,00,764,P1,40
22:53:45  [SLOT] n=637 tx=21 ack=0 due=0 r=1
22:53:45  [AT] "AT+CIPSEND=22" (13)
22:53:45  [AT] " S,625,0F,00,764,P1,40" (22)
22:53:45  [AT] "SEND OK" (7)
22:53:46  [TX] S,626,0F,00,765,P1,42
22:53:46  [SLOT] n=638 tx=21 ack=0 due=0 r=1
22:53:46  [AT] "AT+CIPSEND=22" (13)
22:53:46  [AT] " S,626,0F,00,765,P1,42" (22)
22:53:46  [AT] "SEND OK" (7)
22:53:47  [TX] S,627,0F,00,766,P1,40
22:53:47  [SLOT] n=639 tx=21 ack=0 due=0 r=1
22:53:47  [AT] "AT+CIPSEND=22" (13)
22:53:47  [AT] " S,627,0F,00,766,P1,40" (22)
22:53:47  [AT] "SEND OK" (7)
22:53:48  [TX] S,628,0F,00,768,P1,41
22:53:48  [SLOT] n=640 tx=21 ack=0 due=0 r=1
22:53:48  [AT] "AT+CIPSEND=22" (13)
22:53:48  [AT] " S,628,0F,00,768,P1,41" (22)
22:53:48  [AT] "SEND OK" (7)
22:53:50  [TX] S,629,0F,00,769,P1,41
22:53:50  [SLOT] n=641 tx=21 ack=0 due=0 r=1
22:53:50  [AT] "AT+CIPSEND=22" (13)
22:53:50  [AT] " S,629,0F,00,769,P1,41" (22)
22:53:50  [AT] "SEND OK" (7)
22:53:51  [TX] S,630,0F,00,770,P1,41
22:53:51  [SLOT] n=642 tx=21 ack=0 due=0 r=1
22:53:51  [AT] "AT+CIPSEND=22" (13)
22:53:51  [AT] " S,630,0F,00,770,P1,41" (22)
22:53:51  [AT] "SEND OK" (7)
22:53:52  [TX] S,631,0F,00,771,P1,41
22:53:52  [SLOT] n=643 tx=21 ack=0 due=0 r=1
22:53:52  [AT] "AT+CIPSEND=22" (13)
22:53:52  [AT] " S,631,0F,00,771,P1,41" (22)
22:53:52  [AT] "SEND OK" (7)
22:53:53  [TX] S,632,0F,00,772,P1,41
22:53:53  [SLOT] n=644 tx=21 ack=0 due=0 r=1
22:53:53  [AT] "AT+CIPSEND=22" (13)
22:53:53  [AT] " S,632,0F,00,772,P1,41" (22)
22:53:53  [AT] "SEND OK" (7)
22:53:54  [TX] S,633,0F,00,774,P1,46
22:53:54  [SLOT] n=645 tx=21 ack=0 due=0 r=1
22:53:54  [AT] "AT+CIPSEND=22" (13)
22:53:54  [AT] " S,633,0F,00,774,P1,46" (22)
22:53:54  [AT] "SEND OK" (7)
22:53:56  [TX] S,634,0F,00,775,P1,40
22:53:56  [SLOT] n=646 tx=21 ack=0 due=0 r=1
22:53:56  [AT] "AT+CIPSEND=22" (13)
22:53:56  [AT] " S,634,0F,00,775,P1,40" (22)
22:53:56  [AT] "SEND OK" (7)
22:53:57  [TX] S,635,0F,00,776,P1,42
22:53:57  [SLOT] n=647 tx=21 ack=0 due=0 r=1
22:53:57  [AT] "AT+CIPSEND=22" (13)
22:53:57  [AT] " S,635,0F,00,776,P1,42" (22)
22:53:57  [AT] "SEND OK" (7)
22:53:58  [TX] S,636,0F,00,777,P1,40
22:53:58  [SLOT] n=648 tx=21 ack=0 due=0 r=1
22:53:58  [AT] "AT+CIPSEND=22" (13)
22:53:58  [AT] " S,636,0F,00,777,P1,40" (22)
22:53:58  [AT] "SEND OK" (7)
22:53:59  [TX] S,637,0F,00,778,P1,4E
22:53:59  [SLOT] n=649 tx=21 ack=0 due=0 r=1
22:53:59  [AT] "AT+CIPSEND=22" (13)
22:53:59  [AT] " S,637,0F,00,778,P1,4E" (22)
22:53:59  [AT] "SEND OK" (7)
22:54:00  [TX] S,638,0F,00,780,P1,46
22:54:00  [SLOT] n=650 tx=21 ack=0 due=0 r=1
22:54:00  [CNT] up=780 drop=0 esprst=0 hwrst=0/0 resync=0 sendfail=0 okto=0 stuck=0 ackq=0 ackdrop=0 ackstale=0 slot=650 oow=1 smiss=3 ssovf=0 cksumng=0 okstream=637 penddrop=0 pendfill=639 bigfill=4 bigdrop=0 bigokst=4 oklost=0 bigoklost=0 skip=1 online=1
22:54:00  [RAM] 최저 여유 571 B · 프롬프트 재동기 0회 (서버의 '버린줄' 과 맞아야 한다)
22:54:00  [AT] " S,638,0F,00,780,P1,46" (22)
22:54:00  [AT] "SEND OK" (7)
22:54:00  [AT] "AT+CIPSEND=22" (13)
22:54:01  «tap» 살아있음 — 최근 60초 rx=7701B (이 줄이 끊기면 탭이 죽은 것이다)
22:54:02  [TX] S,639,0F,00,781,P1,46
22:54:02  [SLOT] n=651 tx=21 ack=0 due=0 r=1
22:54:02  [AT] "AT+CIPSEND=22" (13)
22:54:02  [AT] " S,639,0F,00,781,P1,46" (22)
22:54:02  [AT] "SEND OK" (7)
22:54:03  [TX] S,640,0F,00,782,P1,4B
22:54:03  [SLOT] n=652 tx=21 ack=0 due=0 r=1
22:54:03  [AT] "AT+CIPSEND=22" (13)
22:54:03  [AT] " S,640,0F,00,782,P1,4B" (22)
22:54:03  [AT] "SEND OK" (7)
22:54:04  [TX] S,641,0F,00,783,P1,4B
22:54:04  [SLOT] n=653 tx=21 ack=0 due=0 r=1
22:54:04  [AT] "AT+CIPSEND=22" (13)
22:54:04  [AT] " S,641,0F,00,783,P1,4B" (22)
22:54:04  [AT] "SEND OK" (7)
22:54:05  [TX] S,642,0F,00,784,P1,4F
22:54:05  [SLOT] n=654 tx=21 ack=0 due=0 r=1
22:54:05  [AT] "AT+CIPSEND=22" (13)
22:54:05  [AT] " S,642,0F,00,784,P1,4F" (22)
22:54:05  [AT] "SEND OK" (7)
22:54:06  [TX] S,643,0F,00,786,P1,4C
22:54:06  [SLOT] n=655 tx=21 ack=0 due=0 r=1
22:54:06  [AT] "AT+CIPSEND=22" (13)
22:54:06  [AT] " S,643,0F,00,786,P1,4C" (22)
22:54:06  [AT] "SEND OK" (7)
22:54:08  [TX] S,644,0F,00,787,P1,4A
22:54:08  [SLOT] n=656 tx=21 ack=0 due=0 r=1
22:54:08  [AT] "AT+CIPSEND=22" (13)
22:54:08  [AT] " S,644,0F,00,787,P1,4A" (22)
22:54:08  [AT] "SEND OK" (7)
22:54:09  [TX] S,645,0F,00,788,P1,44
22:54:09  [SLOT] n=657 tx=21 ack=0 due=0 r=1
22:54:09  [AT] "AT+CIPSEND=22" (13)
22:54:09  [AT] " S,645,0F,00,788,P1,44" (22)
22:54:09  [AT] "SEND OK" (7)
22:54:10  [TX] S,646,0F,00,789,P1,46
22:54:10  [SLOT] n=658 tx=21 ack=0 due=0 r=1
22:54:10  [AT] "AT+CIPSEND=22" (13)
22:54:10  [AT] " S,646,0F,00,789,P1,46" (22)
22:54:10  [AT] "SEND OK" (7)
22:54:11  [TX] S,647,0F,00,790,P1,4F
22:54:11  [SLOT] n=659 tx=21 ack=0 due=0 r=1
22:54:11  [AT] "AT+CIPSEND=22" (13)
22:54:11  [AT] " S,647,0F,00,790,P1,4F" (22)
22:54:11  [AT] "SEND OK" (7)
22:54:12  [TX] S,648,0F,00,792,P1,42
22:54:12  [SLOT] n=660 tx=21 ack=0 due=0 r=1
22:54:12  [AT] "AT+CIPSEND=22" (13)
22:54:12  [AT] " S,648,0F,00,792,P1,42" (22)
22:54:12  [AT] "SEND OK" (7)
22:54:14  [TX] S,649,0F,00,793,P1,42
22:54:14  [SLOT] n=661 tx=21 ack=0 due=0 r=1
22:54:14  [AT] "AT+CIPSEND=22" (13)
22:54:14  [AT] " S,649,0F,00,793,P1,42" (22)
22:54:14  [AT] "SEND OK" (7)
22:54:15  [TX] S,650,0F,00,794,P1,4D
22:54:15  [SLOT] n=662 tx=21 ack=0 due=0 r=1
22:54:15  [AT] "AT+CIPSEND=22" (13)
22:54:15  [AT] " S,650,0F,00,794,P1,4D" (22)
22:54:15  [AT] "SEND OK" (7)
22:54:16  [TX] S,651,0F,00,795,P1,4D
22:54:16  [SLOT] n=663 tx=21 ack=0 due=0 r=1
22:54:16  [AT] "AT+CIPSEND=22" (13)
22:54:16  [AT] " S,651,0F,00,795,P1,4D" (22)
22:54:16  [AT] "SEND OK" (7)
22:54:17  [TX] S,652,0F,00,796,P1,4D
22:54:17  [SLOT] n=664 tx=21 ack=0 due=0 r=1
22:54:17  [AT] "AT+CIPSEND=22" (13)
22:54:17  [AT] " S,652,0F,00,796,P1,4D" (22)
22:54:17  [AT] "SEND OK" (7)
22:54:18  [TX] S,653,0F,00,798,P1,42
22:54:18  [SLOT] n=665 tx=21 ack=0 due=0 r=1
22:54:18  [AT] "AT+CIPSEND=22" (13)
22:54:18  [AT] " S,653,0F,00,798,P1,42" (22)
22:54:18  [AT] "SEND OK" (7)
22:54:19  [TX] S,654,0F,00,799,P1,44
22:54:20  [SLOT] n=666 tx=21 ack=0 due=0 r=1
22:54:20  [AT] "AT+CIPSEND=22" (13)
22:54:20  [AT] " S,654,0F,00,799,P1,44" (22)
22:54:20  [AT] "SEND OK" (7)
22:54:21  [TX] S,655,0F,00,800,P1,4A
22:54:21  [SLOT] n=667 tx=21 ack=0 due=0 r=1
22:54:21  [AT] "AT+CIPSEND=22" (13)
22:54:21  [AT] " S,655,0F,00,800,P1,4A" (22)
22:54:21  [AT] "SEND OK" (7)
22:54:22  [TX] S,656,0F,00,801,P1,48
22:54:22  [SLOT] n=668 tx=21 ack=0 due=0 r=1
22:54:22  [AT] "AT+CIPSEND=22" (13)
22:54:22  [AT] " S,656,0F,00,801,P1,48" (22)
22:54:22  [AT] "SEND OK" (7)
22:54:23  [TX] S,657,0F,00,802,P1,4A
22:54:23  [SLOT] n=669 tx=21 ack=0 due=0 r=1
22:54:23  [AT] "AT+CIPSEND=22" (13)
22:54:23  [AT] " S,657,0F,00,802,P1,4A" (22)
22:54:23  [AT] "SEND OK" (7)
22:54:24  [TX] S,658,0F,00,804,P1,43
22:54:24  [SLOT] n=670 tx=21 ack=0 due=0 r=1
22:54:24  [AT] "AT+CIPSEND=22" (13)
22:54:24  [AT] " S,658,0F,00,804,P1,43" (22)
22:54:24  [AT] "SEND OK" (7)
22:54:25  [TX] S,659,0F,00,805,P1,43
22:54:25  [SLOT] n=671 tx=21 ack=0 due=0 r=1
22:54:25  [AT] "AT+CIPSEND=22" (13)
22:54:26  [AT] " S,659,0F,00,805,P1,43" (22)
22:54:26  [AT] "SEND OK" (7)
22:54:27  [TX] S,660,0F,00,806,P1,4A
22:54:27  [SLOT] n=672 tx=21 ack=0 due=0 r=1
22:54:27  [AT] "AT+CIPSEND=22" (13)
22:54:27  [AT] " S,660,0F,00,806,P1,4A" (22)
22:54:27  [AT] "SEND OK" (7)
22:54:28  [TX] S,661,0F,00,807,P1,4A
22:54:28  [SLOT] n=673 tx=21 ack=0 due=0 r=1
22:54:28  [AT] "AT+CIPSEND=22" (13)
22:54:28  [AT] " S,661,0F,00,807,P1,4A" (22)
22:54:28  [AT] "SEND OK" (7)
22:54:29  [TX] S,662,0F,00,808,P1,46
22:54:29  [SLOT] n=674 tx=21 ack=0 due=0 r=1
22:54:29  [AT] "AT+CIPSEND=22" (13)
22:54:29  [AT] " S,662,0F,00,808,P1,46" (22)
22:54:29  [AT] "SEND OK" (7)
22:54:30  [TX] S,663,0F,00,810,P1,4E
22:54:30  [SLOT] n=675 tx=21 ack=0 due=0 r=1
22:54:30  [AT] "AT+CIPSEND=22" (13)
22:54:30  [AT] " S,663,0F,00,810,P1,4E" (22)
22:54:30  [AT] "SEND OK" (7)
22:54:31  [TX] S,664,0F,00,811,P1,48
22:54:31  [SLOT] n=676 tx=21 ack=0 due=0 r=1
22:54:31  [AT] "AT+CIPSEND=22" (13)
22:54:32  [AT] " S,664,0F,00,811,P1,48" (22)
22:54:32  [AT] "SEND OK" (7)
22:54:33  [TX] S,665,0F,00,812,P1,4A
22:54:33  [SLOT] n=677 tx=21 ack=0 due=0 r=1
22:54:33  [AT] "AT+CIPSEND=22" (13)
22:54:33  [AT] " S,665,0F,00,812,P1,4A" (22)
22:54:33  [AT] "SEND OK" (7)
22:54:34  [TX] S,666,0F,00,813,P1,48
22:54:34  [SLOT] n=678 tx=21 ack=0 due=0 r=1
22:54:34  [AT] "AT+CIPSEND=22" (13)
22:54:34  [AT] " S,666,0F,00,813,P1,48" (22)
22:54:34  [AT] "SEND OK" (7)
22:54:35  [TX] S,667,0F,00,814,P1,4E
22:54:35  [SLOT] n=679 tx=21 ack=0 due=0 r=1
22:54:35  [AT] "AT+CIPSEND=22" (13)
22:54:35  [AT] " S,667,0F,00,814,P1,4E" (22)
22:54:35  [AT] "SEND OK" (7)
22:54:36  [TX] S,668,0F,00,816,P1,43
22:54:36  [SLOT] n=680 tx=21 ack=0 due=0 r=1
22:54:36  [AT] "AT+CIPSEND=22" (13)
22:54:36  [AT] " S,668,0F,00,816,P1,43" (22)
22:54:36  [AT] "SEND OK" (7)
22:54:37  [TX] S,669,0F,00,817,P1,43
22:54:37  [SLOT] n=681 tx=21 ack=0 due=0 r=1
22:54:37  [AT] "AT+CIPSEND=22" (13)
22:54:38  [AT] " S,669,0F,00,817,P1,43" (22)
22:54:38  [AT] "SEND OK" (7)
22:54:39  [TX] S,670,0F,00,818,P1,44
22:54:39  [SLOT] n=682 tx=21 ack=0 due=0 r=1
22:54:39  [AT] "AT+CIPSEND=22" (13)
22:54:39  [AT] " S,670,0F,00,818,P1,44" (22)
22:54:39  [AT] "SEND OK" (7)
22:54:40  [TX] S,671,0F,00,819,P1,44
22:54:40  [SLOT] n=683 tx=21 ack=0 due=0 r=1
22:54:40  [AT] "AT+CIPSEND=22" (13)
22:54:40  [AT] " S,671,0F,00,819,P1,44" (22)
22:54:40  [AT] "SEND OK" (7)
22:54:41  [TX] S,672,0F,00,820,P1,4D
22:54:41  [SLOT] n=684 tx=21 ack=0 due=0 r=1
22:54:41  [AT] "AT+CIPSEND=22" (13)
22:54:41  [AT] " S,672,0F,00,820,P1,4D" (22)
22:54:41  [AT] "SEND OK" (7)
22:54:42  [TX] S,673,0F,00,822,P1,4E
22:54:42  [SLOT] n=685 tx=21 ack=0 due=0 r=1
22:54:42  [AT] "AT+CIPSEND=22" (13)
22:54:42  [AT] " S,673,0F,00,822,P1,4E" (22)
22:54:42  [AT] "SEND OK" (7)
22:54:43  [TX] S,674,0F,00,823,P1,48
22:54:43  [SLOT] n=686 tx=21 ack=0 due=0 r=1
22:54:43  [AT] "AT+CIPSEND=22" (13)
22:54:43  [AT] " S,674,0F,00,823,P1,48" (22)
22:54:43  [AT] "SEND OK" (7)
22:54:45  [TX] S,675,0F,00,824,P1,4E
22:54:45  [SLOT] n=687 tx=21 ack=0 due=0 r=1
22:54:45  [AT] "AT+CIPSEND=22" (13)
22:54:45  [AT] " S,675,0F,00,824,P1,4E" (22)
22:54:45  [AT] "SEND OK" (7)
22:54:46  [TX] S,676,0F,00,825,P1,4C
22:54:46  [SLOT] n=688 tx=21 ack=0 due=0 r=1
22:54:46  [AT] "AT+CIPSEND=22" (13)
22:54:46  [AT] " S,676,0F,00,825,P1,4C" (22)
22:54:46  [AT] "SEND OK" (7)
22:54:47  [TX] S,677,0F,00,826,P1,4E
22:54:47  [SLOT] n=689 tx=21 ack=0 due=0 r=1
22:54:47  [AT] "AT+CIPSEND=22" (13)
22:54:47  [AT] " S,677,0F,00,826,P1,4E" (22)
22:54:47  [AT] "SEND OK" (7)
22:54:48  [TX] S,678,0F,00,828,P1,4F
22:54:48  [SLOT] n=690 tx=21 ack=0 due=0 r=1
22:54:48  [AT] "AT+CIPSEND=22" (13)
22:54:48  [AT] " S,678,0F,00,828,P1,4F" (22)
22:54:48  [AT] "SEND OK" (7)
22:54:49  [TX] S,679,0F,00,829,P1,4F
22:54:49  [SLOT] n=691 tx=21 ack=0 due=0 r=1
22:54:49  [AT] "AT+CIPSEND=22" (13)
22:54:49  [AT] " S,679,0F,00,829,P1,4F" (22)
22:54:49  [AT] "SEND OK" (7)
22:54:51  [TX] S,680,0F,00,830,P1,41
22:54:51  [SLOT] n=692 tx=21 ack=0 due=0 r=1
22:54:51  [AT] "AT+CIPSEND=22" (13)
22:54:51  [AT] " S,680,0F,00,830,P1,41" (22)
22:54:51  [AT] "SEND OK" (7)
22:54:52  [TX] S,681,0F,00,831,P1,41
22:54:52  [SLOT] n=693 tx=21 ack=0 due=0 r=1
22:54:52  [AT] "AT+CIPSEND=22" (13)
22:54:52  [AT] " S,681,0F,00,831,P1,41" (22)
22:54:52  [AT] "SEND OK" (7)
22:54:53  [TX] S,682,0F,00,832,P1,41
22:54:53  [SLOT] n=694 tx=21 ack=0 due=0 r=1
22:54:53  [AT] "AT+CIPSEND=22" (13)
22:54:53  [AT] " S,682,0F,00,832,P1,41" (22)
22:54:53  [AT] "SEND OK" (7)
22:54:54  [TX] S,683,0F,00,834,P1,46
22:54:54  [SLOT] n=695 tx=21 ack=0 due=0 r=1
22:54:54  [AT] "AT+CIPSEND=22" (13)
22:54:55  [AT] " S,683,0F,00,834,P1,46" (22)
22:54:55  [AT] "SEND OK" (7)
22:54:55  [TX] S,684,0F,00,835,P1,40
22:54:55  [SLOT] n=696 tx=21 ack=0 due=0 r=1
22:54:55  [AT] "AT+CIPSEND=22" (13)
22:54:55  [AT] " S,684,0F,00,835,P1,40" (22)
22:54:55  [AT] "SEND OK" (7)
22:54:57  [TX] S,685,0F,00,836,P1,42
22:54:57  [SLOT] n=697 tx=21 ack=0 due=0 r=1
22:54:57  [AT] "AT+CIPSEND=22" (13)
22:54:57  [AT] " S,685,0F,00,836,P1,42" (22)
22:54:57  [AT] "SEND OK" (7)
22:54:58  [TX] S,686,0F,00,837,P1,40
22:54:58  [SLOT] n=698 tx=21 ack=0 due=0 r=1
22:54:58  [AT] "AT+CIPSEND=22" (13)
22:54:58  [AT] " S,686,0F,00,837,P1,40" (22)
22:54:58  [AT] "SEND OK" (7)
22:54:59  [TX] S,687,0F,00,838,P1,4E
22:54:59  [SLOT] n=699 tx=21 ack=0 due=0 r=1
22:54:59  [AT] "AT+CIPSEND=22" (13)
22:54:59  [AT] " S,687,0F,00,838,P1,4E" (22)
22:54:59  [AT] "SEND OK" (7)
22:55:00  [TX] S,688,0F,00,840,P1,4E
22:55:00  [SLOT] n=700 tx=21 ack=0 due=0 r=1
22:55:00  [CNT] up=840 drop=0 esprst=0 hwrst=0/0 resync=0 sendfail=0 okto=0 stuck=0 ackq=0 ackdrop=0 ackstale=0 slot=700 oow=1 smiss=3 ssovf=0 cksumng=0 okstream=687 penddrop=0 pendfill=689 bigfill=4 bigdrop=0 bigokst=4 oklost=0 bigoklost=0 skip=1 online=1
22:55:00  [RAM] 최저 여유 571 B · 프롬프트 재동기 0회 (서버의 '버린줄' 과 맞아야 한다)
22:55:00  [AT] "AT+CIPSEND=22" (13)
22:55:00  [AT] " S,688,0F,00,840,P1,4E" (22)
22:55:00  [AT] "SEND OK" (7)
22:55:01  «tap» 살아있음 — 최근 60초 rx=7701B (이 줄이 끊기면 탭이 죽은 것이다)
22:55:01  [TX] S,689,0F,00,841,P1,4E
22:55:01  [SLOT] n=701 tx=21 ack=0 due=0 r=1
22:55:01  [AT] "AT+CIPSEND=22" (13)
22:55:01  [AT] " S,689,0F,00,841,P1,4E" (22)
22:55:01  [AT] "SEND OK" (7)
22:55:03  [TX] S,690,0F,00,842,P1,45
22:55:03  [SLOT] n=702 tx=21 ack=0 due=0 r=1
22:55:03  [AT] "AT+CIPSEND=22" (13)
22:55:03  [AT] " S,690,0F,00,842,P1,45" (22)
22:55:03  [AT] "SEND OK" (7)
22:55:04  [TX] S,691,0F,00,843,P1,45
22:55:04  [SLOT] n=703 tx=21 ack=0 due=0 r=1
22:55:04  [AT] "AT+CIPSEND=22" (13)
22:55:04  [AT] " S,691,0F,00,843,P1,45" (22)
22:55:04  [AT] "SEND OK" (7)
22:55:05  [TX] S,692,0F,00,844,P1,41
22:55:05  [SLOT] n=704 tx=21 ack=0 due=0 r=1
22:55:05  [AT] "AT+CIPSEND=22" (13)
22:55:05  [AT] " S,692,0F,00,844,P1,41" (22)
22:55:05  [AT] "SEND OK" (7)
22:55:06  [TX] S,693,0F,00,846,P1,42
22:55:06  [SLOT] n=705 tx=21 ack=0 due=0 r=1
22:55:06  [AT] "AT+CIPSEND=22" (13)
22:55:06  [AT] " S,693,0F,00,846,P1,42" (22)
22:55:06  [AT] "SEND OK" (7)
22:55:07  [TX] S,694,0F,00,847,P1,44
22:55:07  [SLOT] n=706 tx=21 ack=0 due=0 r=1
22:55:07  [AT] "AT+CIPSEND=22" (13)
22:55:07  [AT] " S,694,0F,00,847,P1,44" (22)
22:55:07  [AT] "SEND OK" (7)
22:55:09  [TX] S,695,0F,00,848,P1,4A
22:55:09  [SLOT] n=707 tx=21 ack=0 due=0 r=1
22:55:09  [AT] "AT+CIPSEND=22" (13)
22:55:09  [AT] " S,695,0F,00,848,P1,4A" (22)
22:55:09  [AT] "SEND OK" (7)
22:55:10  [TX] S,696,0F,00,849,P1,48
22:55:10  [SLOT] n=708 tx=21 ack=0 due=0 r=1
22:55:10  [AT] "AT+CIPSEND=22" (13)
22:55:10  [AT] " S,696,0F,00,849,P1,48" (22)
22:55:10  [AT] "SEND OK" (7)
22:55:11  [TX] S,697,0F,00,850,P1,41
22:55:11  [SLOT] n=709 tx=21 ack=0 due=0 r=1
22:55:11  [AT] "AT+CIPSEND=22" (13)
22:55:11  [AT] " S,697,0F,00,850,P1,41" (22)
22:55:11  [AT] "SEND OK" (7)
22:55:12  [TX] S,698,0F,00,852,P1,4C
22:55:12  [SLOT] n=710 tx=21 ack=0 due=0 r=1
22:55:12  [AT] "AT+CIPSEND=22" (13)
22:55:12  [AT] " S,698,0F,00,852,P1,4C" (22)
22:55:12  [AT] "SEND OK" (7)
22:55:13  [TX] S,699,0F,00,853,P1,4C
22:55:13  [SLOT] n=711 tx=21 ack=0 due=0 r=1
22:55:13  [AT] "AT+CIPSEND=22" (13)
22:55:13  [AT] " S,699,0F,00,853,P1,4C" (22)
22:55:13  [AT] "SEND OK" (7)
22:55:15  [TX] S,700,0F,00,854,P1,4A
22:55:15  [SLOT] n=712 tx=21 ack=0 due=0 r=1
22:55:15  [AT] "AT+CIPSEND=22" (13)
22:55:15  [AT] " S,700,0F,00,854,P1,4A" (22)
22:55:15  [AT] "SEND OK" (7)
22:55:16  [TX] S,701,0F,00,855,P1,4A
22:55:16  [SLOT] n=713 tx=21 ack=0 due=0 r=1
22:55:16  [AT] "AT+CIPSEND=22" (13)
22:55:16  [AT] " S,701,0F,00,855,P1,4A" (22)
22:55:16  [AT] "SEND OK" (7)
22:55:17  [TX] S,702,0F,00,856,P1,4A
22:55:17  [SLOT] n=714 tx=21 ack=0 due=0 r=1
22:55:17  [AT] "AT+CIPSEND=22" (13)
22:55:17  [AT] " S,702,0F,00,856,P1,4A" (22)
22:55:17  [AT] "SEND OK" (7)
22:55:18  [TX] S,703,0F,00,858,P1,45
22:55:18  [SLOT] n=715 tx=21 ack=0 due=0 r=1
22:55:18  [AT] "AT+CIPSEND=22" (13)
22:55:18  [AT] " S,703,0F,00,858,P1,45" (22)
22:55:18  [AT] "SEND OK" (7)
22:55:19  [TX] S,704,0F,00,859,P1,43
22:55:19  [SLOT] n=716 tx=21 ack=0 due=0 r=1
22:55:19  [AT] "AT+CIPSEND=22" (13)
22:55:19  [AT] " S,704,0F,00,859,P1,43" (22)
22:55:19  [AT] "SEND OK" (7)
22:55:21  [TX] S,705,0F,00,860,P1,48
22:55:21  [SLOT] n=717 tx=21 ack=0 due=0 r=1
22:55:21  [AT] "AT+CIPSEND=22" (13)
22:55:21  [AT] " S,705,0F,00,860,P1,48" (22)
22:55:21  [AT] "SEND OK" (7)
22:55:22  [TX] S,706,0F,00,861,P1,4A
22:55:22  [SLOT] n=718 tx=21 ack=0 due=0 r=1
22:55:22  [AT] "AT+CIPSEND=22" (13)
22:55:22  [AT] " S,706,0F,00,861,P1,4A" (22)
22:55:22  [AT] "SEND OK" (7)
22:55:23  [TX] S,707,0F,00,862,P1,48
22:55:23  [SLOT] n=719 tx=21 ack=0 due=0 r=1
22:55:23  [AT] "AT+CIPSEND=22" (13)
22:55:23  [AT] " S,707,0F,00,862,P1,48" (22)
22:55:23  [AT] "SEND OK" (7)
22:55:24  [TX] S,708,0F,00,864,P1,41
22:55:24  [SLOT] n=720 tx=21 ack=0 due=0 r=1
22:55:24  [AT] "AT+CIPSEND=22" (13)
22:55:24  [AT] " S,708,0F,00,864,P1,41" (22)
22:55:24  [AT] "SEND OK" (7)
22:55:25  [TX] S,709,0F,00,865,P1,41
22:55:25  [SLOT] n=721 tx=21 ack=0 due=0 r=1
22:55:25  [AT] "AT+CIPSEND=22" (13)
22:55:25  [AT] " S,709,0F,00,865,P1,41" (22)
22:55:25  [AT] "SEND OK" (7)
22:55:27  [TX] S,710,0F,00,866,P1,4A
22:55:27  [SLOT] n=722 tx=21 ack=0 due=0 r=1
22:55:27  [AT] "AT+CIPSEND=22" (13)
22:55:27  [AT] " S,710,0F,00,866,P1,4A" (22)
22:55:27  [AT] "SEND OK" (7)
22:55:28  [TX] S,711,0F,00,867,P1,4A
22:55:28  [SLOT] n=723 tx=21 ack=0 due=0 r=1
22:55:28  [AT] "AT+CIPSEND=22" (13)
22:55:28  [AT] " S,711,0F,00,867,P1,4A" (22)
22:55:28  [AT] "SEND OK" (7)
22:55:29  [TX] S,712,0F,00,868,P1,46
22:55:29  [SLOT] n=724 tx=21 ack=0 due=0 r=1
22:55:29  [AT] "AT+CIPSEND=22" (13)
22:55:29  [AT] " S,712,0F,00,868,P1,46" (22)
22:55:29  [AT] "SEND OK" (7)
22:55:30  [TX] S,713,0F,00,870,P1,4E
22:55:30  [SLOT] n=725 tx=21 ack=0 due=0 r=1
22:55:30  [AT] "AT+CIPSEND=22" (13)
22:55:30  [AT] " S,713,0F,00,870,P1,4E" (22)
22:55:30  [AT] "SEND OK" (7)
22:55:31  [TX] S,714,0F,00,871,P1,48
22:55:31  [SLOT] n=726 tx=21 ack=0 due=0 r=1
22:55:31  [AT] "AT+CIPSEND=22" (13)
22:55:31  [AT] " S,714,0F,00,871,P1,48" (22)
22:55:31  [AT] "SEND OK" (7)
22:55:33  [TX] S,715,0F,00,872,P1,4A
22:55:33  [SLOT] n=727 tx=21 ack=0 due=0 r=1
22:55:33  [AT] "AT+CIPSEND=22" (13)
22:55:33  [AT] " S,715,0F,00,872,P1,4A" (22)
22:55:33  [AT] "SEND OK" (7)
22:55:34  [TX] S,716,0F,00,873,P1,48
22:55:34  [SLOT] n=728 tx=21 ack=0 due=0 r=1
22:55:34  [AT] "AT+CIPSEND=22" (13)
22:55:34  [AT] " S,716,0F,00,873,P1,48" (22)
22:55:34  [AT] "SEND OK" (7)
22:55:35  [TX] S,717,0F,00,874,P1,4E
22:55:35  [SLOT] n=729 tx=21 ack=0 due=0 r=1
22:55:35  [AT] "AT+CIPSEND=22" (13)
22:55:35  [AT] " S,717,0F,00,874,P1,4E" (22)
22:55:35  [AT] "SEND OK" (7)
22:55:36  [TX] S,718,0F,00,876,P1,43
22:55:36  [SLOT] n=730 tx=21 ack=0 due=0 r=1
22:55:36  [AT] "AT+CIPSEND=22" (13)
22:55:36  [AT] " S,718,0F,00,876,P1,43" (22)
22:55:36  [AT] "SEND OK" (7)
22:55:37  [TX] S,719,0F,00,877,P1,43
22:55:37  [SLOT] n=731 tx=21 ack=0 due=0 r=1
22:55:37  [AT] "AT+CIPSEND=22" (13)
22:55:37  [AT] " S,719,0F,00,877,P1,43" (22)
22:55:37  [AT] "SEND OK" (7)
22:55:39  [TX] S,720,0F,00,878,P1,46
22:55:39  [SLOT] n=732 tx=21 ack=0 due=0 r=1
22:55:39  [AT] "AT+CIPSEND=22" (13)
22:55:39  [AT] " S,720,0F,00,878,P1,46" (22)
22:55:39  [AT] "SEND OK" (7)
22:55:40  [TX] S,721,0F,00,879,P1,46
22:55:40  [SLOT] n=733 tx=21 ack=0 due=0 r=1
22:55:40  [AT] "AT+CIPSEND=22" (13)
22:55:40  [AT] " S,721,0F,00,879,P1,46" (22)
22:55:40  [AT] "SEND OK" (7)
22:55:41  [TX] S,722,0F,00,880,P1,43
22:55:41  [SLOT] n=734 tx=21 ack=0 due=0 r=1
22:55:41  [AT] "AT+CIPSEND=22" (13)
22:55:41  [AT] " S,722,0F,00,880,P1,43" (22)
22:55:41  [AT] "SEND OK" (7)
22:55:42  [TX] S,723,0F,00,882,P1,40
22:55:42  [SLOT] n=735 tx=21 ack=0 due=0 r=1
22:55:42  [AT] "AT+CIPSEND=22" (13)
22:55:42  [AT] " S,723,0F,00,882,P1,40" (22)
22:55:42  [AT] "SEND OK" (7)
22:55:43  [TX] S,724,0F,00,883,P1,46
22:55:43  [SLOT] n=736 tx=21 ack=0 due=0 r=1
22:55:43  [AT] "AT+CIPSEND=22" (13)
22:55:43  [AT] " S,724,0F,00,883,P1,46" (22)
22:55:43  [AT] "SEND OK" (7)
22:55:45  [TX] S,725,0F,00,884,P1,40
22:55:45  [SLOT] n=737 tx=21 ack=0 due=0 r=1
22:55:45  [AT] "AT+CIPSEND=22" (13)
22:55:45  [AT] " S,725,0F,00,884,P1,40" (22)
22:55:45  [AT] "SEND OK" (7)
22:55:46  [TX] S,726,0F,00,885,P1,42
22:55:46  [SLOT] n=738 tx=21 ack=0 due=0 r=1
22:55:46  [AT] "AT+CIPSEND=22" (13)
22:55:46  [AT] " S,726,0F,00,885,P1,42" (22)
22:55:46  [AT] "SEND OK" (7)
22:55:47  [TX] S,727,0F,00,886,P1,40
22:55:47  [SLOT] n=739 tx=21 ack=0 due=0 r=1
22:55:47  [AT] "AT+CIPSEND=22" (13)
22:55:47  [AT] " S,727,0F,00,886,P1,40" (22)
22:55:47  [AT] "SEND OK" (7)
22:55:48  [TX] S,728,0F,00,888,P1,41
22:55:48  [SLOT] n=740 tx=21 ack=0 due=0 r=1
22:55:48  [AT] "AT+CIPSEND=22" (13)
22:55:48  [AT] " S,728,0F,00,888,P1,41" (22)
22:55:48  [AT] "SEND OK" (7)
22:55:49  [TX] S,729,0F,00,889,P1,41
22:55:49  [SLOT] n=741 tx=21 ack=0 due=0 r=1
22:55:49  [AT] "AT+CIPSEND=22" (13)
22:55:49  [AT] " S,729,0F,00,889,P1,41" (22)
22:55:49  [AT] "SEND OK" (7)
22:55:51  [TX] S,730,0F,00,890,P1,41
22:55:51  [SLOT] n=742 tx=21 ack=0 due=0 r=1
22:55:51  [AT] "AT+CIPSEND=22" (13)
22:55:51  [AT] " S,730,0F,00,890,P1,41" (22)
22:55:51  [AT] "SEND OK" (7)
22:55:52  [TX] S,731,0F,00,891,P1,41
22:55:52  [SLOT] n=743 tx=21 ack=0 due=0 r=1
22:55:52  [AT] "AT+CIPSEND=22" (13)
22:55:52  [AT] " S,731,0F,00,891,P1,41" (22)
22:55:52  [AT] "SEND OK" (7)
22:55:53  [TX] S,732,0F,00,892,P1,41
22:55:53  [SLOT] n=744 tx=21 ack=0 due=0 r=1
22:55:53  [AT] "AT+CIPSEND=22" (13)
22:55:53  [AT] " S,732,0F,00,892,P1,41" (22)
22:55:53  [AT] "SEND OK" (7)
22:55:54  [TX] S,733,0F,00,894,P1,46
22:55:54  [SLOT] n=745 tx=21 ack=0 due=0 r=1
22:55:54  [AT] "AT+CIPSEND=22" (13)
22:55:54  [AT] " S,733,0F,00,894,P1,46" (22)
22:55:54  [AT] "SEND OK" (7)
22:55:55  [TX] S,734,0F,00,895,P1,40
22:55:55  [SLOT] n=746 tx=21 ack=0 due=0 r=1
22:55:55  [AT] "AT+CIPSEND=22" (13)
22:55:55  [AT] " S,734,0F,00,895,P1,40" (22)
22:55:55  [AT] "SEND OK" (7)
22:55:57  [TX] S,735,0F,00,896,P1,42
22:55:57  [SLOT] n=747 tx=21 ack=0 due=0 r=1
22:55:57  [AT] "AT+CIPSEND=22" (13)
22:55:57  [AT] " S,735,0F,00,896,P1,42" (22)
22:55:57  [AT] "SEND OK" (7)
22:55:58  [TX] S,736,0F,00,897,P1,40
22:55:58  [SLOT] n=748 tx=21 ack=0 due=0 r=1
22:55:58  [AT] "AT+CIPSEND=22" (13)
22:55:58  [AT] " S,736,0F,00,897,P1,40" (22)
22:55:58  [AT] "SEND OK" (7)
22:55:59  [TX] S,737,0F,00,898,P1,4E
22:55:59  [SLOT] n=749 tx=21 ack=0 due=0 r=1
22:55:59  [AT] "AT+CIPSEND=22" (13)
22:55:59  [AT] " S,737,0F,00,898,P1,4E" (22)
22:55:59  [AT] "SEND OK" (7)
22:56:00  [TX] S,738,0F,00,900,P1,41
22:56:00  [SLOT] n=750 tx=21 ack=0 due=0 r=1
22:56:00  [CNT] up=900 drop=0 esprst=0 hwrst=0/0 resync=0 sendfail=0 okto=0 stuck=0 ackq=0 ackdrop=0 ackstale=0 slot=750 oow=1 smiss=3 ssovf=0 cksumng=0 okstream=737 penddrop=0 pendfill=739 bigfill=4 bigdrop=0 bigokst=4 oklost=0 bigoklost=0 skip=1 online=1
22:56:00  [RAM] 최저 여유 571 B · 프롬프트 재동기 0회 (서버의 '버린줄' 과 맞아야 한다)
22:56:00  [AT] " S,738,0F,00,900,P1,41" (22)
22:56:00  [AT] "SEND OK" (7)
22:56:00  [AT] "AT+CIPSEND=22" (13)
22:56:01  «tap» 살아있음 — 최근 60초 rx=7701B (이 줄이 끊기면 탭이 죽은 것이다)
22:56:01  [TX] S,739,0F,00,901,P1,41
22:56:01  [SLOT] n=751 tx=21 ack=0 due=0 r=1
22:56:01  [AT] "AT+CIPSEND=22" (13)
22:56:01  [AT] " S,739,0F,00,901,P1,41" (22)
22:56:01  [AT] "SEND OK" (7)
22:56:03  [TX] S,740,0F,00,902,P1,4C
22:56:03  [SLOT] n=752 tx=21 ack=0 due=0 r=1
22:56:03  [AT] "AT+CIPSEND=22" (13)
22:56:03  [AT] " S,740,0F,00,902,P1,4C" (22)
22:56:03  [AT] "SEND OK" (7)
22:56:04  [TX] S,741,0F,00,903,P1,4C
22:56:04  [SLOT] n=753 tx=21 ack=0 due=0 r=1
22:56:04  [AT] "AT+CIPSEND=22" (13)
22:56:04  [AT] " S,741,0F,00,903,P1,4C" (22)
22:56:04  [AT] "SEND OK" (7)
22:56:05  [TX] S,742,0F,00,904,P1,48
22:56:05  [SLOT] n=754 tx=21 ack=0 due=0 r=1
22:56:05  [AT] "AT+CIPSEND=22" (13)
22:56:05  [AT] " S,742,0F,00,904,P1,48" (22)
22:56:05  [AT] "SEND OK" (7)
22:56:06  [TX] S,743,0F,00,906,P1,4B
22:56:06  [SLOT] n=755 tx=21 ack=0 due=0 r=1
22:56:06  [AT] "AT+CIPSEND=22" (13)
22:56:06  [AT] " S,743,0F,00,906,P1,4B" (22)
22:56:06  [AT] "SEND OK" (7)
22:56:07  [TX] S,744,0F,00,907,P1,4D
22:56:07  [SLOT] n=756 tx=21 ack=0 due=0 r=1
22:56:07  [AT] "AT+CIPSEND=22" (13)
22:56:07  [AT] " S,744,0F,00,907,P1,4D" (22)
22:56:07  [AT] "SEND OK" (7)
22:56:09  [TX] S,745,0F,00,908,P1,43
22:56:09  [SLOT] n=757 tx=21 ack=0 due=0 r=1
22:56:09  [AT] "AT+CIPSEND=22" (13)
22:56:09  [AT] " S,745,0F,00,908,P1,43" (22)
22:56:09  [AT] "SEND OK" (7)
22:56:10  [TX] S,746,0F,00,909,P1,41
22:56:10  [SLOT] n=758 tx=21 ack=0 due=0 r=1
22:56:10  [AT] "AT+CIPSEND=22" (13)
22:56:10  [AT] " S,746,0F,00,909,P1,41" (22)
22:56:10  [AT] "SEND OK" (7)
22:56:11  [TX] S,747,0F,00,910,P1,48
22:56:11  [SLOT] n=759 tx=21 ack=0 due=0 r=1
22:56:11  [AT] "AT+CIPSEND=22" (13)
22:56:11  [AT] " S,747,0F,00,910,P1,48" (22)
22:56:11  [AT] "SEND OK" (7)
22:56:12  [TX] S,748,0F,00,912,P1,45
22:56:12  [SLOT] n=760 tx=21 ack=0 due=0 r=1
22:56:12  [AT] "AT+CIPSEND=22" (13)
22:56:12  [AT] " S,748,0F,00,912,P1,45" (22)
22:56:12  [AT] "SEND OK" (7)
22:56:13  [TX] S,749,0F,00,913,P1,45
22:56:13  [SLOT] n=761 tx=21 ack=0 due=0 r=1
22:56:13  [AT] "AT+CIPSEND=22" (13)
22:56:13  [AT] " S,749,0F,00,913,P1,45" (22)
22:56:13  [AT] "SEND OK" (7)
22:56:16  [TX] S,750,0F,00,914,P1,4A
22:56:16  [SLOT] n=762 tx=21 ack=0 due=0 r=1
22:56:16  [AT] "AT+CIPSEND=22" (13)
22:56:16  [AT] " S,750,0F,00,914,P1,4A" (22)
22:56:16  [AT] "SEND OK" (7)
22:56:17  [TX] S,751,0F,00,915,P1,4A
22:56:17  [SLOT] n=763 tx=21 ack=0 due=0 r=1
22:56:17  [AT] "AT+CIPSEND=22" (13)
22:56:17  [AT] " S,751,0F,00,915,P1,4A" (22)
22:56:17  [AT] "SEND OK" (7)
22:56:18  [TX] S,752,0F,00,916,P1,4A
22:56:18  [SLOT] n=764 tx=21 ack=0 due=0 r=1
22:56:18  [AT] "AT+CIPSEND=22" (13)
22:56:18  [AT] " S,752,0F,00,916,P1,4A" (22)
22:56:18  [AT] "SEND OK" (7)
22:56:19  [TX] S,753,0F,00,918,P1,45
22:56:19  [SLOT] n=765 tx=21 ack=0 due=0 r=1
22:56:19  [AT] "AT+CIPSEND=22" (13)
22:56:19  [AT] " S,753,0F,00,918,P1,45" (22)
22:56:19  [AT] "SEND OK" (7)
22:56:20  [TX] S,754,0F,00,919,P1,43
22:56:20  [SLOT] n=766 tx=21 ack=0 due=0 r=1
22:56:20  [AT] "AT+CIPSEND=22" (13)
22:56:20  [AT] " S,754,0F,00,919,P1,43" (22)
22:56:20  [AT] "SEND OK" (7)
22:56:22  [TX] S,755,0F,00,920,P1,48
22:56:22  [SLOT] n=767 tx=21 ack=0 due=0 r=1
22:56:22  [AT] "AT+CIPSEND=22" (13)
22:56:22  [AT] " S,755,0F,00,920,P1,48" (22)
22:56:22  [AT] "SEND OK" (7)
22:56:23  [TX] S,756,0F,00,921,P1,4A
22:56:23  [SLOT] n=768 tx=21 ack=0 due=0 r=1
22:56:23  [AT] "AT+CIPSEND=22" (13)
22:56:23  [AT] " S,756,0F,00,921,P1,4A" (22)
22:56:23  [AT] "SEND OK" (7)
22:56:24  [TX] S,757,0F,00,922,P1,48
22:56:24  [SLOT] n=769 tx=21 ack=0 due=0 r=1
22:56:24  [AT] "AT+CIPSEND=22" (13)
22:56:24  [AT] " S,757,0F,00,922,P1,48" (22)
22:56:24  [AT] "SEND OK" (7)
22:56:25  [TX] S,758,0F,00,924,P1,41
22:56:25  [SLOT] n=770 tx=21 ack=0 due=0 r=1
22:56:25  [AT] "AT+CIPSEND=22" (13)
22:56:25  [AT] " S,758,0F,00,924,P1,41" (22)
22:56:25  [AT] "SEND OK" (7)
22:56:26  [TX] S,759,0F,00,925,P1,41
22:56:26  [SLOT] n=771 tx=21 ack=0 due=0 r=1
22:56:26  [AT] "AT+CIPSEND=22" (13)
22:56:26  [AT] " S,759,0F,00,925,P1,41" (22)
22:56:26  [AT] "SEND OK" (7)
22:56:27  [TX] S,760,0F,00,926,P1,48
22:56:27  [SLOT] n=772 tx=21 ack=0 due=0 r=1
22:56:28  [AT] "AT+CIPSEND=22" (13)
22:56:28  [AT] " S,760,0F,00,926,P1,48" (22)
22:56:28  [AT] "SEND OK" (7)
22:56:29  [TX] S,761,0F,00,927,P1,48
22:56:29  [SLOT] n=773 tx=21 ack=0 due=0 r=1
22:56:29  [AT] "AT+CIPSEND=22" (13)
22:56:29  [AT] " S,761,0F,00,927,P1,48" (22)
22:56:29  [AT] "SEND OK" (7)
22:56:30  [TX] S,762,0F,00,928,P1,44
22:56:30  [SLOT] n=774 tx=21 ack=0 due=0 r=1
22:56:30  [AT] "AT+CIPSEND=22" (13)
22:56:30  [AT] " S,762,0F,00,928,P1,44" (22)
22:56:30  [AT] "SEND OK" (7)
22:56:31  [TX] S,763,0F,00,930,P1,4C
22:56:31  [SLOT] n=775 tx=21 ack=0 due=0 r=1
22:56:31  [AT] "AT+CIPSEND=22" (13)
22:56:31  [AT] " S,763,0F,00,930,P1,4C" (22)
22:56:31  [AT] "SEND OK" (7)
22:56:32  [TX] S,764,0F,00,931,P1,4A
22:56:32  [SLOT] n=776 tx=21 ack=0 due=0 r=1
22:56:32  [AT] "AT+CIPSEND=22" (13)
22:56:32  [AT] " S,764,0F,00,931,P1,4A" (22)
22:56:32  [AT] "SEND OK" (7)
22:56:33  [TX] S,765,0F,00,932,P1,48
22:56:33  [SLOT] n=777 tx=21 ack=0 due=0 r=1
22:56:34  [AT] "AT+CIPSEND=22" (13)
22:56:34  [AT] " S,765,0F,00,932,P1,48" (22)
22:56:34  [AT] "SEND OK" (7)
22:56:35  [TX] S,766,0F,00,933,P1,4A
22:56:35  [SLOT] n=778 tx=21 ack=0 due=0 r=1
22:56:35  [AT] "AT+CIPSEND=22" (13)
22:56:35  [AT] " S,766,0F,00,933,P1,4A" (22)
22:56:35  [AT] "SEND OK" (7)
22:56:36  [TX] S,767,0F,00,934,P1,4C
22:56:36  [SLOT] n=779 tx=21 ack=0 due=0 r=1
22:56:36  [AT] "AT+CIPSEND=22" (13)
22:56:36  [AT] " S,767,0F,00,934,P1,4C" (22)
22:56:36  [AT] "SEND OK" (7)
22:56:37  [TX] S,768,0F,00,936,P1,41
22:56:37  [SLOT] n=780 tx=21 ack=0 due=0 r=1
22:56:37  [AT] "AT+CIPSEND=22" (13)
22:56:37  [AT] " S,768,0F,00,936,P1,41" (22)
22:56:37  [AT] "SEND OK" (7)
22:56:38  [TX] S,769,0F,00,937,P1,41
22:56:38  [SLOT] n=781 tx=21 ack=0 due=0 r=1
22:56:38  [AT] "AT+CIPSEND=22" (13)
22:56:38  [AT] " S,769,0F,00,937,P1,41" (22)
22:56:38  [AT] "SEND OK" (7)
22:56:40  [TX] S,770,0F,00,938,P1,46
22:56:40  [SLOT] n=782 tx=21 ack=0 due=0 r=1
22:56:40  [AT] "AT+CIPSEND=22" (13)
22:56:40  [AT] " S,770,0F,00,938,P1,46" (22)
22:56:40  [AT] "SEND OK" (7)
22:56:41  [TX] S,771,0F,00,939,P1,46
22:56:41  [SLOT] n=783 tx=21 ack=0 due=0 r=1
22:56:41  [AT] "AT+CIPSEND=22" (13)
22:56:41  [AT] " S,771,0F,00,939,P1,46" (22)
22:56:41  [AT] "SEND OK" (7)
22:56:42  [TX] S,772,0F,00,940,P1,4B
22:56:42  [SLOT] n=784 tx=21 ack=0 due=0 r=1
22:56:42  [AT] "AT+CIPSEND=22" (13)
22:56:42  [AT] " S,772,0F,00,940,P1,4B" (22)
22:56:42  [AT] "SEND OK" (7)
22:56:43  [TX] S,773,0F,00,942,P1,48
22:56:43  [SLOT] n=785 tx=21 ack=0 due=0 r=1
22:56:43  [AT] "AT+CIPSEND=22" (13)
22:56:43  [AT] " S,773,0F,00,942,P1,48" (22)
22:56:43  [AT] "SEND OK" (7)
22:56:44  [TX] S,774,0F,00,943,P1,4E
22:56:44  [SLOT] n=786 tx=21 ack=0 due=0 r=1
22:56:44  [AT] "AT+CIPSEND=22" (13)
22:56:44  [AT] " S,774,0F,00,943,P1,4E" (22)
22:56:44  [AT] "SEND OK" (7)
22:56:45  [TX] S,775,0F,00,944,P1,48
22:56:45  [SLOT] n=787 tx=21 ack=0 due=0 r=1
22:56:45  [AT] "AT+CIPSEND=22" (13)
22:56:46  [AT] " S,775,0F,00,944,P1,48" (22)
22:56:46  [AT] "SEND OK" (7)
22:56:47  [TX] S,776,0F,00,945,P1,4A
22:56:47  [SLOT] n=788 tx=21 ack=0 due=0 r=1
22:56:47  [AT] "AT+CIPSEND=22" (13)
22:56:47  [AT] " S,776,0F,00,945,P1,4A" (22)
22:56:47  [AT] "SEND OK" (7)
22:56:48  [TX] S,777,0F,00,946,P1,48
22:56:48  [SLOT] n=789 tx=21 ack=0 due=0 r=1
22:56:48  [AT] "AT+CIPSEND=22" (13)
22:56:48  [AT] " S,777,0F,00,946,P1,48" (22)
22:56:48  [AT] "SEND OK" (7)
22:56:49  [TX] S,778,0F,00,948,P1,49
22:56:49  [SLOT] n=790 tx=21 ack=0 due=0 r=1
22:56:49  [AT] "AT+CIPSEND=22" (13)
22:56:49  [AT] " S,778,0F,00,948,P1,49" (22)
22:56:49  [AT] "SEND OK" (7)
22:56:50  [TX] S,779,0F,00,949,P1,49
22:56:50  [SLOT] n=791 tx=21 ack=0 due=0 r=1
22:56:50  [AT] "AT+CIPSEND=22" (13)
22:56:50  [AT] " S,779,0F,00,949,P1,49" (22)
22:56:50  [AT] "SEND OK" (7)
22:56:51  [TX] S,780,0F,00,950,P1,47
22:56:51  [SLOT] n=792 tx=21 ack=0 due=0 r=1
22:56:51  [AT] "AT+CIPSEND=22" (13)
22:56:52  [AT] " S,780,0F,00,950,P1,47" (22)
22:56:52  [AT] "SEND OK" (7)
22:56:53  [TX] S,781,0F,00,951,P1,47
22:56:53  [SLOT] n=793 tx=21 ack=0 due=0 r=1
22:56:53  [AT] "AT+CIPSEND=22" (13)
22:56:53  [AT] " S,781,0F,00,951,P1,47" (22)
22:56:53  [AT] "SEND OK" (7)
22:56:54  [TX] S,782,0F,00,952,P1,47
22:56:54  [SLOT] n=794 tx=21 ack=0 due=0 r=1
22:56:54  [AT] "AT+CIPSEND=22" (13)
22:56:54  [AT] " S,782,0F,00,952,P1,47" (22)
22:56:54  [AT] "SEND OK" (7)
22:56:55  [TX] S,783,0F,00,954,P1,40
22:56:55  [SLOT] n=795 tx=21 ack=0 due=0 r=1
22:56:55  [AT] "AT+CIPSEND=22" (13)
22:56:55  [AT] " S,783,0F,00,954,P1,40" (22)
22:56:55  [AT] "SEND OK" (7)
22:56:56  [TX] S,784,0F,00,955,P1,46
22:56:56  [SLOT] n=796 tx=21 ack=0 due=0 r=1
22:56:56  [AT] "AT+CIPSEND=22" (13)
22:56:56  [AT] " S,784,0F,00,955,P1,46" (22)
22:56:56  [AT] "SEND OK" (7)
22:56:57  [TX] S,785,0F,00,956,P1,44
22:56:57  [SLOT] n=797 tx=21 ack=0 due=0 r=1
22:56:57  [AT] "AT+CIPSEND=22" (13)
22:56:58  [AT] " S,785,0F,00,956,P1,44" (22)
22:56:58  [AT] "SEND OK" (7)
22:56:59  [TX] S,786,0F,00,957,P1,46
22:56:59  [SLOT] n=798 tx=21 ack=0 due=0 r=1
22:56:59  [AT] "AT+CIPSEND=22" (13)
22:56:59  [AT] " S,786,0F,00,957,P1,46" (22)
22:56:59  [AT] "SEND OK" (7)
22:57:00  [TX] S,787,0F,00,958,P1,48
22:57:00  [SLOT] n=799 tx=21 ack=0 due=0 r=1
22:57:00  [AT] "AT+CIPSEND=22" (13)
22:57:00  [AT] " S,787,0F,00,958,P1,48" (22)
22:57:00  [AT] "SEND OK" (7)
22:57:01  [TX] S,788,0F,00,960,P1,4C
22:57:01  [SLOT] n=800 tx=21 ack=0 due=0 r=1
22:57:01  [CNT] up=960 drop=0 esprst=0 hwrst=0/0 resync=0 sendfail=0 okto=0 stuck=0 ackq=0 ackdrop=0 ackstale=0 slot=800 oow=1 smiss=3 ssovf=0 cksumng=0 okstream=787 penddrop=0 pendfill=789 bigfill=4 bigdrop=0 bigokst=4 oklost=0 bigoklost=0 skip=1 online=1
22:57:01  [RAM] 최저 여유 571 B · 프롬프트 재동기 0회 (서버의 '버린줄' 과 맞아야 한다)
22:57:01  [AT] " S,788,0F,00,960,P1,4C" (22)
22:57:01  [AT] "SEND OK" (7)
22:57:01  [AT] "AT+CIPSEND=22" (13)
22:57:02  «tap» 살아있음 — 최근 60초 rx=7701B (이 줄이 끊기면 탭이 죽은 것이다)
22:57:02  [TX] S,789,0F,00,961,P1,4C
22:57:02  [SLOT] n=801 tx=21 ack=0 due=0 r=1
22:57:02  [AT] "AT+CIPSEND=22" (13)
22:57:02  [AT] " S,789,0F,00,961,P1,4C" (22)
22:57:02  [AT] "SEND OK" (7)
22:57:03  [TX] S,790,0F,00,962,P1,47
22:57:03  [SLOT] n=802 tx=21 ack=0 due=0 r=1
22:57:03  [AT] "AT+CIPSEND=22" (13)
22:57:04  [AT] " S,790,0F,00,962,P1,47" (22)
22:57:04  [AT] "SEND OK" (7)
22:57:05  [TX] S,791,0F,00,963,P1,47
22:57:05  [SLOT] n=803 tx=21 ack=0 due=0 r=1
22:57:05  [AT] "AT+CIPSEND=22" (13)
22:57:05  [AT] " S,791,0F,00,963,P1,47" (22)
22:57:05  [AT] "SEND OK" (7)
22:57:06  [TX] S,792,0F,00,964,P1,43
22:57:06  [SLOT] n=804 tx=21 ack=0 due=0 r=1
22:57:06  [AT] "AT+CIPSEND=22" (13)
22:57:06  [AT] " S,792,0F,00,964,P1,43" (22)
22:57:06  [AT] "SEND OK" (7)
22:57:07  [TX] S,793,0F,00,966,P1,40
22:57:07  [SLOT] n=805 tx=21 ack=0 due=0 r=1
22:57:07  [AT] "AT+CIPSEND=22" (13)
22:57:07  [AT] " S,793,0F,00,966,P1,40" (22)
22:57:07  [AT] "SEND OK" (7)
22:57:08  [TX] S,794,0F,00,967,P1,46
22:57:08  [SLOT] n=806 tx=21 ack=0 due=0 r=1
22:57:08  [AT] "AT+CIPSEND=22" (13)
22:57:08  [AT] " S,794,0F,00,967,P1,46" (22)
22:57:08  [AT] "SEND OK" (7)
22:57:09  [TX] S,795,0F,00,968,P1,48
22:57:09  [SLOT] n=807 tx=21 ack=0 due=0 r=1
22:57:09  [AT] "AT+CIPSEND=22" (13)
22:57:09  [AT] " S,795,0F,00,968,P1,48" (22)
22:57:09  [AT] "SEND OK" (7)
22:57:11  [TX] S,796,0F,00,969,P1,4A
22:57:11  [SLOT] n=808 tx=21 ack=0 due=0 r=1
22:57:11  [AT] "AT+CIPSEND=22" (13)
22:57:11  [AT] " S,796,0F,00,969,P1,4A" (22)
22:57:11  [AT] "SEND OK" (7)
22:57:12  [TX] S,797,0F,00,970,P1,43
22:57:12  [SLOT] n=809 tx=21 ack=0 due=0 r=1
22:57:12  [AT] "AT+CIPSEND=22" (13)
22:57:12  [AT] " S,797,0F,00,970,P1,43" (22)
22:57:12  [AT] "SEND OK" (7)
22:57:13  [TX] S,798,0F,00,972,P1,4E
22:57:13  [SLOT] n=810 tx=21 ack=0 due=0 r=1
22:57:13  [AT] "AT+CIPSEND=22" (13)
22:57:13  [AT] " S,798,0F,00,972,P1,4E" (22)
22:57:13  [AT] "SEND OK" (7)
22:57:14  [TX] S,799,0F,00,973,P1,4E
22:57:14  [SLOT] n=811 tx=21 ack=0 due=0 r=1
22:57:14  [AT] "AT+CIPSEND=22" (13)
22:57:14  [AT] " S,799,0F,00,973,P1,4E" (22)
22:57:14  [AT] "SEND OK" (7)
22:57:15  [TX] S,800,0F,00,974,P1,46
22:57:15  [SLOT] n=812 tx=21 ack=0 due=0 r=1
22:57:15  [AT] "AT+CIPSEND=22" (13)
22:57:15  [AT] " S,800,0F,00,974,P1,46" (22)
22:57:15  [AT] "SEND OK" (7)
22:57:17  [TX] S,801,0F,00,975,P1,46
22:57:17  [SLOT] n=813 tx=21 ack=0 due=0 r=1
22:57:17  [AT] "AT+CIPSEND=22" (13)
22:57:17  [AT] " S,801,0F,00,975,P1,46" (22)
22:57:17  [AT] "SEND OK" (7)
22:57:18  [TX] S,802,0F,00,976,P1,46
22:57:18  [SLOT] n=814 tx=21 ack=0 due=0 r=1
22:57:18  [AT] "AT+CIPSEND=22" (13)
22:57:18  [AT] " S,802,0F,00,976,P1,46" (22)
22:57:18  [AT] "SEND OK" (7)
22:57:19  [TX] S,803,0F,00,978,P1,49
22:57:19  [SLOT] n=815 tx=21 ack=0 due=0 r=1
22:57:19  [AT] "AT+CIPSEND=22" (13)
22:57:19  [AT] " S,803,0F,00,978,P1,49" (22)
22:57:19  [AT] "SEND OK" (7)
22:57:20  [TX] S,804,0F,00,979,P1,4F
22:57:20  [SLOT] n=816 tx=21 ack=0 due=0 r=1
22:57:20  [AT] "AT+CIPSEND=22" (13)
22:57:20  [AT] " S,804,0F,00,979,P1,4F" (22)
22:57:20  [AT] "SEND OK" (7)
22:57:21  [TX] S,805,0F,00,980,P1,48
22:57:21  [SLOT] n=817 tx=21 ack=0 due=0 r=1
22:57:21  [AT] "AT+CIPSEND=22" (13)
22:57:22  [AT] " S,805,0F,00,980,P1,48" (22)
22:57:22  [AT] "SEND OK" (7)
22:57:23  [TX] S,806,0F,00,981,P1,4A
22:57:23  [SLOT] n=818 tx=21 ack=0 due=0 r=1
22:57:23  [AT] "AT+CIPSEND=22" (13)
22:57:23  [AT] " S,806,0F,00,981,P1,4A" (22)
22:57:23  [AT] "SEND OK" (7)
22:57:24  [TX] S,807,0F,00,982,P1,48
22:57:24  [SLOT] n=819 tx=21 ack=0 due=0 r=1
22:57:24  [AT] "AT+CIPSEND=22" (13)
22:57:24  [AT] " S,807,0F,00,982,P1,48" (22)
22:57:24  [AT] "SEND OK" (7)
22:57:25  [TX] S,808,0F,00,984,P1,41
22:57:25  [SLOT] n=820 tx=21 ack=0 due=0 r=1
22:57:25  [AT] "AT+CIPSEND=22" (13)
22:57:25  [AT] " S,808,0F,00,984,P1,41" (22)
22:57:25  [AT] "SEND OK" (7)
22:57:26  [TX] S,809,0F,00,985,P1,41
22:57:26  [SLOT] n=821 tx=21 ack=0 due=0 r=1
22:57:26  [AT] "AT+CIPSEND=22" (13)
22:57:26  [AT] " S,809,0F,00,985,P1,41" (22)
22:57:26  [AT] "SEND OK" (7)
22:57:27  [TX] S,810,0F,00,986,P1,4A
22:57:27  [SLOT] n=822 tx=21 ack=0 due=0 r=1
22:57:27  [AT] "AT+CIPSEND=22" (13)
22:57:27  [AT] " S,810,0F,00,986,P1,4A" (22)
22:57:27  [AT] "SEND OK" (7)
22:57:29  [TX] S,811,0F,00,987,P1,4A
22:57:29  [SLOT] n=823 tx=21 ack=0 due=0 r=1
22:57:29  [AT] "AT+CIPSEND=22" (13)
22:57:29  [AT] " S,811,0F,00,987,P1,4A" (22)
22:57:29  [AT] "SEND OK" (7)
22:57:30  [TX] S,812,0F,00,988,P1,46
22:57:30  [SLOT] n=824 tx=21 ack=0 due=0 r=1
22:57:30  [AT] "AT+CIPSEND=22" (13)
22:57:30  [AT] " S,812,0F,00,988,P1,46" (22)
22:57:30  [AT] "SEND OK" (7)
22:57:31  [TX] S,813,0F,00,990,P1,4E
22:57:31  [SLOT] n=825 tx=21 ack=0 due=0 r=1
22:57:31  [AT] "AT+CIPSEND=22" (13)
22:57:31  [AT] " S,813,0F,00,990,P1,4E" (22)
22:57:31  [AT] "SEND OK" (7)
22:57:32  [TX] S,814,0F,00,991,P1,48
22:57:32  [SLOT] n=826 tx=21 ack=0 due=0 r=1
22:57:32  [AT] "AT+CIPSEND=22" (13)
22:57:32  [AT] " S,814,0F,00,991,P1,48" (22)
22:57:32  [AT] "SEND OK" (7)
22:57:33  [TX] S,815,0F,00,992,P1,4A
22:57:33  [SLOT] n=827 tx=21 ack=0 due=0 r=1
22:57:33  [AT] "AT+CIPSEND=22" (13)
22:57:33  [AT] " S,815,0F,00,992,P1,4A" (22)
22:57:33  [AT] "SEND OK" (7)
22:57:35  [TX] S,816,0F,00,993,P1,48
22:57:35  [SLOT] n=828 tx=21 ack=0 due=0 r=1
22:57:35  [AT] "AT+CIPSEND=22" (13)
22:57:35  [AT] " S,816,0F,00,993,P1,48" (22)
22:57:35  [AT] "SEND OK" (7)
22:57:36  [TX] S,817,0F,00,994,P1,4E
22:57:36  [SLOT] n=829 tx=21 ack=0 due=0 r=1
22:57:36  [AT] "AT+CIPSEND=22" (13)
22:57:36  [AT] " S,817,0F,00,994,P1,4E" (22)
22:57:36  [AT] "SEND OK" (7)
22:57:37  [TX] S,818,0F,00,996,P1,43
22:57:37  [SLOT] n=830 tx=21 ack=0 due=0 r=1
22:57:37  [AT] "AT+CIPSEND=22" (13)
22:57:37  [AT] " S,818,0F,00,996,P1,43" (22)
22:57:37  [AT] "SEND OK" (7)
22:57:38  [TX] S,819,0F,00,997,P1,43
22:57:38  [SLOT] n=831 tx=21 ack=0 due=0 r=1
22:57:38  [AT] "AT+CIPSEND=22" (13)
22:57:38  [AT] " S,819,0F,00,997,P1,43" (22)
22:57:38  [AT] "SEND OK" (7)
22:57:39  [TX] S,820,0F,00,998,P1,46
22:57:39  [SLOT] n=832 tx=21 ack=0 due=0 r=1
22:57:39  [AT] "AT+CIPSEND=22" (13)
22:57:39  [AT] " S,820,0F,00,998,P1,46" (22)
22:57:39  [AT] "SEND OK" (7)
22:57:41  [TX] S,821,0F,00,999,P1,46
22:57:41  [SLOT] n=833 tx=21 ack=0 due=0 r=1
22:57:41  [AT] "AT+CIPSEND=22" (13)
22:57:41  [AT] " S,821,0F,00,999,P1,46" (22)
22:57:41  [AT] "SEND OK" (7)
22:57:42  [TX] S,822,0F,00,1000,P1,7D
22:57:42  [SLOT] n=834 tx=22 ack=0 due=0 r=1
22:57:42  [AT] "AT+CIPSEND=2g" (13)
22:57:42  [AT] " S,822,0F,00,1000,P1,7D" (23)
22:57:42  [AT] "SEND OK" (7)
22:57:43  [TX] S,823,0F,00,1002,P1,7E
22:57:43  [SLOT] n=835 tx=22 ack=0 due=0 r=1
22:57:43  [AT] "AT+CIPSEND=23" (13)
22:57:43  [AT] " S,823,0F,00,1002,P1,7E" (23)
22:57:43  [AT] "SEND OK" (7)
22:57:44  [TX] S,824,0F,00,1003,P1,78
22:57:44  [SLOT] n=836 tx=22 ack=0 due=0 r=1
22:57:44  [AT] "AT+CIPSEND=23" (13)
22:57:44  [AT] " S,824,0F,00,1003,P1,78" (23)
22:57:44  [AT] "SEND OK" (7)
22:57:45  [TX] S,825,0F,00,1004,P1,7E
22:57:45  [SLOT] n=837 tx=22 ack=0 due=0 r=1
22:57:45  [AT] "AT+CIPSEND=23" (13)
22:57:45  [AT] " S,825,0F,00,1004,P1,7E" (23)
22:57:45  [AT] "SEND OK" (7)
22:57:47  [TX] S,826,0F,00,1005,P1,7C
22:57:47  [SLOT] n=838 tx=22 ack=0 due=0 r=1
22:57:47  [AT] "AT+CIPSEND=23" (13)
22:57:47  [AT] " S,826,0F,00,1005,P1,7C" (23)
22:57:47  [AT] "SEND OK" (7)
22:57:48  [TX] S,827,0F,00,1006,P1,7E
22:57:48  [SLOT] n=839 tx=22 ack=0 due=0 r=1
22:57:48  [AT] "AT+CIPSEND=23" (13)
22:57:48  [AT] " S,827,0F,00,1006,P1,7E" (23)
22:57:48  [AT] "SEND OK" (7)
22:57:49  [TX] S,828,0F,00,1008,P1,7F
22:57:49  [SLOT] n=840 tx=22 ack=0 due=0 r=1
22:57:49  [AT] "AT+CIPSEND=23" (13)
22:57:49  [AT] " S,828,0F,00,1008,P1,7F" (23)
22:57:49  [AT] "SEND OK" (7)
22:57:50  [TX] S,829,0F,00,1009,P1,7F
22:57:50  [SLOT] n=841 tx=22 ack=0 due=0 r=1
22:57:50  [AT] "AT+CIPSEND=23" (13)
22:57:50  [AT] " S,829,0F,00,1009,P1,7F" (23)
22:57:50  [AT] "SEND OK" (7)
22:57:51  [TX] S,830,0F,00,1010,P1,7F
22:57:51  [SLOT] n=842 tx=22 ack=0 due=0 r=1
22:57:51  [AT] "AT+CIPSEND=23" (13)
22:57:51  [AT] " S,830,0F,00,1010,P1,7F" (23)
22:57:51  [AT] "SEND OK" (7)
22:57:53  [TX] S,831,0F,00,1011,P1,7F
22:57:53  [SLOT] n=843 tx=22 ack=0 due=0 r=1
22:57:53  [AT] "AT+CIPSEND=23" (13)
22:57:53  [AT] " S,831,0F,00,1011,P1,7F" (23)
22:57:53  [AT] "SEND OK" (7)
22:57:54  [TX] S,832,0F,00,1012,P1,7F
22:57:54  [SLOT] n=844 tx=22 ack=0 due=0 r=1
22:57:54  [AT] "AT+CIPSEND=23" (13)
22:57:54  [AT] " S,832,0F,00,1012,P1,7F" (23)
22:57:54  [AT] "SEND OK" (7)
22:57:55  [TX] S,833,0F,00,1014,P1,78
22:57:55  [SLOT] n=845 tx=22 ack=0 due=0 r=1
22:57:55  [AT] "AT+CIPSEND=23" (13)
22:57:55  [AT] " S,833,0F,00,1014,P1,78" (23)
22:57:55  [AT] "SEND OK" (7)
22:57:56  [TX] S,834,0F,00,1015,P1,7E
22:57:56  [SLOT] n=846 tx=22 ack=0 due=0 r=1
22:57:56  [AT] "AT+CIPSEND=23" (13)
22:57:56  [AT] " S,834,0F,00,1015,P1,7E" (23)
22:57:56  [AT] "SEND OK" (7)
22:57:57  [TX] S,835,0F,00,1016,P1,7C
22:57:57  [SLOT] n=847 tx=22 ack=0 due=0 r=1
22:57:57  [AT] "AT+CIPSEND=23" (13)
22:57:57  [AT] " S,835,0F,00,1016,P1,7C" (23)
22:57:57  [AT] "SEND OK" (7)
22:57:59  [TX] S,836,0F,00,1017,P1,7E
22:57:59  [SLOT] n=848 tx=22 ack=0 due=0 r=1
22:57:59  [AT] "AT+CIPSEND=23" (13)
22:57:59  [AT] " S,836,0F,00,1017,P1,7E" (23)
22:57:59  [AT] "SEND OK" (7)
22:58:00  [TX] S,837,0F,00,1018,P1,70
22:58:00  [SLOT] n=849 tx=22 ack=0 due=0 r=1
22:58:00  [AT] "AT+CIPSEND=23" (13)
22:58:00  [AT] " S,837,0F,00,1018,P1,70" (23)
22:58:00  [AT] "SEND OK" (7)
22:58:01  [TX] S,838,0F,00,1020,P1,74
22:58:01  [SLOT] n=850 tx=22 ack=0 due=0 r=1
22:58:01  [CNT] up=1020 drop=0 esprst=0 hwrst=0/0 resync=0 sendfail=0 okto=0 stuck=0 ackq=0 ackdrop=0 ackstale=0 slot=850 oow=1 smiss=3 ssovf=0 cksumng=0 okstream=837 penddrop=0 pendfill=839 bigfill=4 bigdrop=0 bigokst=4 oklost=0 bigoklost=0 skip=1 online=1
22:58:01  [RAM] 최저 여유 571 B · 프롬프트 재동기 0회 (서버의 '버린줄' 과 맞아야 한다)
22:58:01  [AT] " S,838,0F,00,1020,P1,74" (23)
22:58:01  [AT] "SEND OK" (7)
22:58:01  [AT] "AT+CIPSEND=23" (13)
22:58:02  «tap» 살아있음 — 최근 60초 rx=7736B (이 줄이 끊기면 탭이 죽은 것이다)
22:58:02  [TX] S,839,0F,00,1021,P1,74
22:58:02  [SLOT] n=851 tx=22 ack=0 due=0 r=1
22:58:02  [AT] "AT+CIPSEND=23" (13)
22:58:02  [AT] " S,839,0F,00,1021,P1,74" (23)
22:58:02  [AT] "SEND OK" (7)
22:58:03  [TX] S,840,0F,00,1022,P1,79
22:58:03  [SLOT] n=852 tx=22 ack=0 due=0 r=1
22:58:03  [AT] "AT+CIPSEND=23" (13)
22:58:03  [AT] " S,840,0F,00,1022,P1,79" (23)
22:58:03  [AT] "SEND OK" (7)
22:58:05  [TX] S,841,0F,00,1023,P1,79
22:58:05  [SLOT] n=853 tx=22 ack=0 due=0 r=1
22:58:05  [AT] "AT+CIPSEND=23" (13)
22:58:05  [AT] " S,841,0F,00,1023,P1,79" (23)
22:58:05  [AT] "SEND OK" (7)
22:58:06  [TX] S,842,0F,00,1024,P1,7D
22:58:06  [SLOT] n=854 tx=22 ack=0 due=0 r=1
22:58:06  [AT] "AT+CIPSEND=23" (13)
22:58:06  [AT] " S,842,0F,00,1024,P1,7D" (23)
22:58:06  [AT] "SEND OK" (7)
22:58:07  [TX] S,843,0F,00,1026,P1,7E
22:58:07  [SLOT] n=855 tx=22 ack=0 due=0 r=1
22:58:07  [AT] "AT+CIPSEND=23" (13)
22:58:07  [AT] " S,843,0F,00,1026,P1,7E" (23)
22:58:07  [AT] "SEND OK" (7)
22:58:08  [TX] S,844,0F,00,1027,P1,78
22:58:08  [SLOT] n=856 tx=22 ack=0 due=0 r=1
22:58:08  [AT] "AT+CIPSEND=23" (13)
22:58:08  [AT] " S,844,0F,00,1027,P1,78" (23)
22:58:08  [AT] "SEND OK" (7)
22:58:09  [TX] S,845,0F,00,1028,P1,76
22:58:09  [SLOT] n=857 tx=22 ack=0 due=0 r=1
22:58:09  [AT] "AT+CIPSEND=23" (13)
22:58:09  [AT] " S,845,0F,00,1028,P1,76" (23)
22:58:09  [AT] "SEND OK" (7)
22:58:11  [TX] S,846,0F,00,1029,P1,74
22:58:11  [SLOT] n=858 tx=22 ack=0 due=0 r=1
22:58:11  [AT] "AT+CIPSEND=23" (13)
22:58:11  [AT] " S,846,0F,00,1029,P1,74" (23)
22:58:11  [AT] "SEND OK" (7)
22:58:12  [TX] S,847,0F,00,1030,P1,7D
22:58:12  [SLOT] n=859 tx=22 ack=0 due=0 r=1
22:58:12  [AT] "AT+CIPSEND=23" (13)
22:58:12  [AT] " S,847,0F,00,1030,P1,7D" (23)
22:58:12  [AT] "SEND OK" (7)
22:58:13  [TX] S,848,0F,00,1032,P1,70
22:58:13  [SLOT] n=860 tx=22 ack=0 due=0 r=1
22:58:13  [AT] "AT+CIPSEND=23" (13)
22:58:13  [AT] " S,848,0F,00,1032,P1,70" (23)
22:58:13  [AT] "SEND OK" (7)
22:58:14  [TX] S,849,0F,00,1033,P1,70
22:58:14  [SLOT] n=861 tx=22 ack=0 due=0 r=1
22:58:14  [AT] "AT+CIPSEND=23" (13)
22:58:14  [AT] " S,849,0F,00,1033,P1,70" (23)
22:58:14  [AT] "SEND OK" (7)
22:58:15  [TX] S,850,0F,00,1034,P1,7F
22:58:15  [SLOT] n=862 tx=22 ack=0 due=0 r=1
22:58:15  [AT] "AT+CIPSEND=23" (13)
22:58:15  [AT] " S,850,0F,00,1034,P1,7F" (23)
22:58:15  [AT] "SEND OK" (7)
22:58:17  [TX] S,851,0F,00,1035,P1,7F
22:58:17  [SLOT] n=863 tx=22 ack=0 due=0 r=1
22:58:17  [AT] "AT+CIPSEND=23" (13)
22:58:17  [AT] " S,851,0F,00,1035,P1,7F" (23)
22:58:17  [AT] "SEND OK" (7)
22:58:18  [TX] S,852,0F,00,1036,P1,7F
22:58:18  [SLOT] n=864 tx=22 ack=0 due=0 r=1
22:58:18  [AT] "AT+CIPSEND=23" (13)
22:58:18  [AT] " S,852,0F,00,1036,P1,7F" (23)
22:58:18  [AT] "SEND OK" (7)
22:58:19  [TX] S,853,0F,00,1038,P1,70
22:58:19  [SLOT] n=865 tx=22 ack=0 due=0 r=1
22:58:19  [AT] "AT+CIPSEND=23" (13)
22:58:19  [AT] " S,853,0F,00,1038,P1,70" (23)
22:58:19  [AT] "SEND OK" (7)
22:58:20  [TX] S,854,0F,00,1039,P1,76
22:58:20  [SLOT] n=866 tx=22 ack=0 due=0 r=1
22:58:20  [AT] "AT+CIPSEND=23" (13)
22:58:20  [AT] " S,854,0F,00,1039,P1,76" (23)
22:58:20  [AT] "SEND OK" (7)
22:58:21  [TX] S,855,0F,00,1040,P1,79
22:58:21  [SLOT] n=867 tx=22 ack=0 due=0 r=1
22:58:21  [AT] "AT+CIPSEND=23" (13)
22:58:21  [AT] " S,855,0F,00,1040,P1,79" (23)
22:58:21  [AT] "SEND OK" (7)
22:58:23  [TX] S,856,0F,00,1041,P1,7B
22:58:23  [SLOT] n=868 tx=22 ack=0 due=0 r=1
22:58:23  [AT] "AT+CIPSEND=23" (13)
22:58:23  [AT] " S,856,0F,00,1041,P1,7B" (23)
22:58:23  [AT] "SEND OK" (7)
22:58:24  [TX] S,857,0F,00,1042,P1,79
22:58:24  [SLOT] n=869 tx=22 ack=0 due=0 r=1
22:58:24  [AT] "AT+CIPSEND=23" (13)
22:58:24  [AT] " S,857,0F,00,1042,P1,79" (23)
22:58:24  [AT] "SEND OK" (7)
22:58:25  [TX] S,858,0F,00,1044,P1,70
22:58:25  [SLOT] n=870 tx=22 ack=0 due=0 r=1
22:58:25  [AT] "AT+CIPSEND=23" (13)
22:58:25  [AT] " S,858,0F,00,1044,P1,70" (23)
22:58:25  [AT] "SEND OK" (7)
22:58:26  [TX] S,859,0F,00,1045,P1,70
22:58:26  [SLOT] n=871 tx=22 ack=0 due=0 r=1
22:58:26  [AT] "AT+CIPSEND=23" (13)
22:58:26  [AT] " S,859,0F,00,1045,P1,70" (23)
22:58:26  [AT] "SEND OK" (7)
22:58:27  [TX] S,860,0F,00,1046,P1,79
22:58:27  [SLOT] n=872 tx=22 ack=0 due=0 r=1
22:58:27  [AT] "AT+CIPSEND=23" (13)
22:58:27  [AT] " S,860,0F,00,1046,P1,79" (23)
22:58:27  [AT] "SEND OK" (7)
22:58:29  [TX] S,861,0F,00,1047,P1,79
22:58:29  [SLOT] n=873 tx=22 ack=0 due=0 r=1
22:58:29  [AT] "AT+CIPSEND=23" (13)
22:58:29  [AT] " S,861,0F,00,1047,P1,79" (23)
22:58:29  [AT] "SEND OK" (7)
22:58:30  [TX] S,862,0F,00,1048,P1,75
22:58:30  [SLOT] n=874 tx=22 ack=0 due=0 r=1
22:58:30  [AT] "AT+CIPSEND=23" (13)
22:58:30  [AT] " S,862,0F,00,1048,P1,75" (23)
22:58:30  [AT] "SEND OK" (7)
22:58:31  [TX] S,863,0F,00,1050,P1,7D
22:58:31  [SLOT] n=875 tx=22 ack=0 due=0 r=1
22:58:31  [AT] "AT+CIPSEND=23" (13)
22:58:31  [AT] " S,863,0F,00,1050,P1,7D" (23)
22:58:31  [AT] "SEND OK" (7)
22:58:32  [TX] S,864,0F,00,1051,P1,7B
22:58:32  [SLOT] n=876 tx=22 ack=0 due=0 r=1
22:58:32  [AT] "AT+CIPSEND=23" (13)
22:58:32  [AT] " S,864,0F,00,1051,P1,7B" (23)
22:58:32  [AT] "SEND OK" (7)
22:58:33  [TX] S,865,0F,00,1052,P1,79
22:58:33  [SLOT] n=877 tx=22 ack=0 due=0 r=1
22:58:33  [AT] "AT+CIPSEND=23" (13)
22:58:33  [AT] " S,865,0F,00,1052,P1,79" (23)
22:58:33  [AT] "SEND OK" (7)
22:58:35  [TX] S,866,0F,00,1053,P1,7B
22:58:35  [SLOT] n=878 tx=22 ack=0 due=0 r=1
22:58:35  [AT] "AT+CIPSEND=23" (13)
22:58:35  [AT] " S,866,0F,00,1053,P1,7B" (23)
22:58:35  [AT] "SEND OK" (7)
22:58:36  [TX] S,867,0F,00,1054,P1,7D
22:58:36  [SLOT] n=879 tx=22 ack=0 due=0 r=1
22:58:36  [AT] "AT+CIPSEND=23" (13)
22:58:36  [AT] " S,867,0F,00,1054,P1,7D" (23)
22:58:36  [AT] "SEND OK" (7)
22:58:37  [TX] S,868,0F,00,1056,P1,70
22:58:37  [SLOT] n=880 tx=22 ack=0 due=0 r=1
22:58:37  [AT] "AT+CIPSEND=23" (13)
22:58:37  [AT] " S,868,0F,00,1056,P1,70" (23)
22:58:37  [AT] "SEND OK" (7)
22:58:38  [TX] S,869,0F,00,1057,P1,70
22:58:38  [SLOT] n=881 tx=22 ack=0 due=0 r=1
22:58:38  [AT] "AT+CIPSEND=23" (13)
22:58:38  [AT] " S,869,0F,00,1057,P1,70" (23)
22:58:38  [AT] "SEND OK" (7)
22:58:39  [TX] S,870,0F,00,1058,P1,77
22:58:39  [SLOT] n=882 tx=22 ack=0 due=0 r=1
22:58:39  [AT] "AT+CIPSEND=23" (13)
22:58:39  [AT] " S,870,0F,00,1058,P1,77" (23)
22:58:39  [AT] "SEND OK" (7)
22:58:41  [TX] S,871,0F,00,1059,P1,77
22:58:41  [SLOT] n=883 tx=22 ack=0 due=0 r=1
22:58:41  [AT] "AT+CIPSEND=23" (13)
22:58:41  [AT] " S,871,0F,00,1059,P1,77" (23)
22:58:41  [AT] "SEND OK" (7)
22:58:42  [TX] S,872,0F,00,1060,P1,7E
22:58:42  [SLOT] n=884 tx=22 ack=0 due=0 r=1
22:58:42  [AT] "AT+CIPSEND=23" (13)
22:58:42  [AT] " S,872,0F,00,1060,P1,7E" (23)
22:58:42  [AT] "SEND OK" (7)
22:58:43  [TX] S,873,0F,00,1062,P1,7D
22:58:43  [SLOT] n=885 tx=22 ack=0 due=0 r=1
22:58:43  [AT] "AT+CIPSEND=23" (13)
22:58:43  [AT] " S,873,0F,00,1062,P1,7D" (23)
22:58:43  [AT] "SEND OK" (7)
22:58:44  [TX] S,874,0F,00,1063,P1,7B
22:58:44  [SLOT] n=886 tx=22 ack=0 due=0 r=1
22:58:44  [AT] "AT+CIPSEND=23" (13)
22:58:44  [AT] " S,874,0F,00,1063,P1,7B" (23)
22:58:44  [AT] "SEND OK" (7)
22:58:45  [TX] S,875,0F,00,1064,P1,7D
22:58:45  [SLOT] n=887 tx=22 ack=0 due=0 r=1
22:58:45  [AT] "AT+CIPSEND=23" (13)
22:58:45  [AT] " S,875,0F,00,1064,P1,7D" (23)
22:58:45  [AT] "SEND OK" (7)
22:58:47  [TX] S,876,0F,00,1065,P1,7F
22:58:47  [SLOT] n=888 tx=22 ack=0 due=0 r=1
22:58:47  [AT] "AT+CIPSEND=23" (13)
22:58:47  [AT] " S,876,0F,00,1065,P1,7F" (23)
22:58:47  [AT] "SEND OK" (7)
22:58:48  [TX] S,877,0F,00,1066,P1,7D
22:58:48  [SLOT] n=889 tx=22 ack=0 due=0 r=1
22:58:48  [AT] "AT+CIPSEND=23" (13)
22:58:48  [AT] " S,877,0F,00,1066,P1,7D" (23)
22:58:48  [AT] "SEND OK" (7)
22:58:49  [TX] S,878,0F,00,1068,P1,7C
22:58:49  [SLOT] n=890 tx=22 ack=0 due=0 r=1
22:58:49  [AT] "AT+CIPSEND=23" (13)
22:58:49  [AT] " S,878,0F,00,1068,P1,7C" (23)
22:58:49  [AT] "SEND OK" (7)
22:58:50  [TX] S,879,0F,00,1069,P1,7C
22:58:50  [SLOT] n=891 tx=22 ack=0 due=0 r=1
22:58:50  [AT] "AT+CIPSEND=23" (13)
22:58:50  [AT] " S,879,0F,00,1069,P1,7C" (23)
22:58:50  [AT] "SEND OK" (7)
22:58:51  [TX] S,880,0F,00,1070,P1,72
22:58:51  [SLOT] n=892 tx=22 ack=0 due=0 r=1
22:58:51  [AT] "AT+CIPSEND=23" (13)
22:58:51  [AT] " S,880,0F,00,1070,P1,72" (23)
22:58:51  [AT] "SEND OK" (7)
22:58:53  [TX] S,881,0F,00,1071,P1,72
22:58:53  [SLOT] n=893 tx=22 ack=0 due=0 r=1
22:58:53  [AT] "AT+CIPSEND=23" (13)
22:58:53  [AT] " S,881,0F,00,1071,P1,72" (23)
22:58:53  [AT] "SEND OK" (7)
22:58:54  [TX] S,882,0F,00,1072,P1,72
22:58:54  [SLOT] n=894 tx=22 ack=0 due=0 r=1
22:58:54  [AT] "AT+CIPSEND=23" (13)
22:58:54  [AT] " S,882,0F,00,1072,P1,72" (23)
22:58:54  [AT] "SEND OK" (7)
22:58:55  [TX] S,883,0F,00,1074,P1,75
22:58:55  [SLOT] n=895 tx=22 ack=0 due=0 r=1
22:58:55  [AT] "AT+CIPSEND=23" (13)
22:58:55  [AT] " S,883,0F,00,1074,P1,75" (23)
22:58:55  [AT] "SEND OK" (7)
22:58:56  [TX] S,884,0F,00,1075,P1,73
22:58:56  [SLOT] n=896 tx=22 ack=0 due=0 r=1
22:58:56  [AT] "AT+CIPSEND=23" (13)
22:58:56  [AT] " S,884,0F,00,1075,P1,73" (23)
22:58:56  [AT] "SEND OK" (7)
22:58:57  [TX] S,885,0F,00,1076,P1,71
22:58:57  [SLOT] n=897 tx=22 ack=0 due=0 r=1
22:58:57  [AT] "AT+CIPSEND=23" (13)
22:58:57  [AT] " S,885,0F,00,1076,P1,71" (23)
22:58:57  [AT] "SEND OK" (7)
22:58:59  [TX] S,886,0F,00,1077,P1,73
22:58:59  [SLOT] n=898 tx=22 ack=0 due=0 r=1
22:58:59  [AT] "AT+CIPSEND=23" (13)
22:58:59  [AT] " S,886,0F,00,1077,P1,73" (23)
22:58:59  [AT] "SEND OK" (7)
22:59:00  [TX] S,887,0F,00,1078,P1,7D
22:59:00  [SLOT] n=899 tx=22 ack=0 due=0 r=1
22:59:00  [AT] "AT+CIPSEND=23" (13)
22:59:00  [AT] " S,887,0F,00,1078,P1,7D" (23)
22:59:00  [AT] "SEND OK" (7)
22:59:01  [TX] S,888,0F,00,1080,P1,75
22:59:01  [SLOT] n=900 tx=22 ack=0 due=0 r=1
22:59:01  [CNT] up=1080 drop=0 esprst=0 hwrst=0/0 resync=0 sendfail=0 okto=0 stuck=0 ackq=0 ackdrop=0 ackstale=0 slot=900 oow=1 smiss=3 ssovf=0 cksumng=0 okstream=887 penddrop=0 pendfill=889 bigfill=4 bigdrop=0 bigokst=4 oklost=0 bigoklost=0 skip=1 online=1
22:59:01  [RAM] 최저 여유 571 B · 프롬프트 재동기 0회 (서버의 '버린줄' 과 맞아야 한다)
22:59:01  [AT] "AT+CIPSEND=23" (13)
22:59:01  [AT] " S,888,0F,00,1080,P1,75" (23)
22:59:01  [AT] "SEND OK" (7)
22:59:02  «tap» 살아있음 — 최근 60초 rx=7802B (이 줄이 끊기면 탭이 죽은 것이다)
22:59:02  [TX] S,889,0F,00,1081,P1,75
22:59:02  [SLOT] n=901 tx=22 ack=0 due=0 r=1
22:59:02  [AT] "AT+CIPSEND=23" (13)
22:59:02  [AT] " S,889,0F,00,1081,P1,75" (23)
22:59:02  [AT] "SEND OK" (7)
22:59:03  [TX] S,890,0F,00,1082,P1,7E
22:59:03  [SLOT] n=902 tx=22 ack=0 due=0 r=1
22:59:03  [AT] "AT+CIPSEND=23" (13)
22:59:03  [AT] " S,890,0F,00,1082,P1,7E" (23)
22:59:03  [AT] "SEND OK" (7)
22:59:05  [TX] S,891,0F,00,1083,P1,7E
22:59:05  [SLOT] n=903 tx=22 ack=0 due=0 r=1
22:59:05  [AT] "AT+CIPSEND=23" (13)
22:59:05  [AT] " S,891,0F,00,1083,P1,7E" (23)
22:59:05  [AT] "SEND OK" (7)
22:59:06  [TX] S,892,0F,00,1084,P1,7A
22:59:06  [SLOT] n=904 tx=22 ack=0 due=0 r=1
22:59:06  [AT] "AT+CIPSEND=23" (13)
22:59:06  [AT] " S,892,0F,00,1084,P1,7A" (23)
22:59:06  [AT] "SEND OK" (7)
22:59:07  [TX] S,893,0F,00,1086,P1,79
22:59:07  [SLOT] n=905 tx=22 ack=0 due=0 r=1
22:59:07  [AT] "AT+CIPSEND=23" (13)
22:59:07  [AT] " S,893,0F,00,1086,P1,79" (23)
22:59:07  [AT] "SEND OK" (7)
22:59:08  [TX] S,894,0F,00,1087,P1,7F
22:59:08  [SLOT] n=906 tx=22 ack=0 due=0 r=1
22:59:08  [AT] "AT+CIPSEND=23" (13)
22:59:08  [AT] " S,894,0F,00,1087,P1,7F" (23)
22:59:08  [AT] "SEND OK" (7)
22:59:09  [TX] S,895,0F,00,1088,P1,71
22:59:09  [SLOT] n=907 tx=22 ack=0 due=0 r=1
22:59:09  [AT] "AT+CIPSEND=23" (13)
22:59:09  [AT] " S,895,0F,00,1088,P1,71" (23)
22:59:09  [AT] "SEND OK" (7)
22:59:11  [TX] S,896,0F,00,1089,P1,73
22:59:11  [SLOT] n=908 tx=22 ack=0 due=0 r=1
22:59:11  [AT] "AT+CIPSEND=23" (13)
22:59:11  [AT] " S,896,0F,00,1089,P1,73" (23)
22:59:11  [AT] "SEND OK" (7)
22:59:12  [TX] S,897,0F,00,1090,P1,7A
22:59:12  [SLOT] n=909 tx=22 ack=0 due=0 r=1
22:59:12  [AT] "AT+CIPSEND=23" (13)
22:59:12  [AT] " S,897,0F,00,1090,P1,7A" (23)
22:59:12  [AT] "SEND OK" (7)
22:59:13  [TX] S,898,0F,00,1092,P1,77
22:59:13  [SLOT] n=910 tx=22 ack=0 due=0 r=1
22:59:13  [AT] "AT+CIPSEND=23" (13)
22:59:13  [AT] " S,898,0F,00,1092,P1,77" (23)
22:59:13  [AT] "SEND OK" (7)
22:59:14  [TX] S,899,0F,00,1093,P1,77
22:59:14  [SLOT] n=911 tx=22 ack=0 due=0 r=1
22:59:14  [AT] "AT+CIPSEND=23" (13)
22:59:14  [AT] " S,899,0F,00,1093,P1,77" (23)
22:59:14  [AT] "SEND OK" (7)
22:59:15  [TX] S,900,0F,00,1094,P1,71
22:59:15  [SLOT] n=912 tx=22 ack=0 due=0 r=1
22:59:15  [AT] "AT+CIPSEND=23" (13)
22:59:15  [AT] " S,900,0F,00,1094,P1,71" (23)
22:59:15  [AT] "SEND OK" (7)
22:59:16  [TX] S,901,0F,00,1095,P1,71
22:59:17  [SLOT] n=913 tx=22 ack=0 due=0 r=1
22:59:17  [AT] "AT+CIPSEND=23" (13)
22:59:17  [AT] " S,901,0F,00,1095,P1,71" (23)
22:59:17  [AT] "SEND OK" (7)
22:59:18  [TX] S,902,0F,00,1096,P1,71
22:59:18  [SLOT] n=914 tx=22 ack=0 due=0 r=1
22:59:18  [AT] "AT+CIPSEND=23" (13)
22:59:18  [AT] " S,902,0F,00,1096,P1,71" (23)
22:59:18  [AT] "SEND OK" (7)
22:59:19  [TX] S,903,0F,00,1098,P1,7E
22:59:19  [SLOT] n=915 tx=22 ack=0 due=0 r=1
22:59:19  [AT] "AT+CIPSEND=23" (13)
22:59:19  [AT] " S,903,0F,00,1098,P1,7E" (23)
22:59:19  [AT] "SEND OK" (7)
22:59:20  [TX] S,904,0F,00,1099,P1,78
22:59:20  [SLOT] n=916 tx=22 ack=0 due=0 r=1
22:59:20  [AT] "AT+CIPSEND=23" (13)
22:59:20  [AT] " S,904,0F,00,1099,P1,78" (23)
22:59:20  [AT] "SEND OK" (7)
22:59:21  [TX] S,905,0F,00,1100,P1,78
22:59:21  [SLOT] n=917 tx=22 ack=0 due=0 r=1
22:59:21  [AT] "AT+CIPSEND=23" (13)
22:59:21  [AT] " S,905,0F,00,1100,P1,78" (23)
22:59:21  [AT] "SEND OK" (7)
22:59:22  [TX] S,906,0F,00,1101,P1,7A
22:59:22  [SLOT] n=918 tx=22 ack=0 due=0 r=1
22:59:22  [AT] "AT+CIPSEND=23" (13)
22:59:23  [AT] " S,906,0F,00,1101,P1,7A" (23)
22:59:23  [AT] "SEND OK" (7)
22:59:24  [TX] S,907,0F,00,1102,P1,78
22:59:24  [SLOT] n=919 tx=22 ack=0 due=0 r=1
22:59:24  [AT] "AT+CIPSEND=23" (13)
22:59:24  [AT] " S,907,0F,00,1102,P1,78" (23)
22:59:24  [AT] "SEND OK" (7)
22:59:25  [TX] S,908,0F,00,1104,P1,71
22:59:25  [SLOT] n=920 tx=22 ack=0 due=0 r=1
22:59:25  [AT] "AT+CIPSEND=23" (13)
22:59:25  [AT] " S,908,0F,00,1104,P1,71" (23)
22:59:25  [AT] "SEND OK" (7)
22:59:26  [TX] S,909,0F,00,1105,P1,71
22:59:26  [SLOT] n=921 tx=22 ack=0 due=0 r=1
22:59:26  [AT] "AT+CIPSEND=23" (13)
22:59:26  [AT] " S,909,0F,00,1105,P1,71" (23)
22:59:26  [AT] "SEND OK" (7)
22:59:27  [TX] S,910,0F,00,1106,P1,7A
22:59:27  [SLOT] n=922 tx=22 ack=0 due=0 r=1
22:59:27  [AT] "AT+CIPSEND=23" (13)
22:59:27  [AT] " S,910,0F,00,1106,P1,7A" (23)
22:59:27  [AT] "SEND OK" (7)
22:59:28  [TX] S,911,0F,00,1107,P1,7A
22:59:28  [SLOT] n=923 tx=22 ack=0 due=0 r=1
22:59:28  [AT] "AT+CIPSEND=23" (13)
22:59:29  [AT] " S,911,0F,00,1107,P1,7A" (23)
22:59:29  [AT] "SEND OK" (7)
22:59:30  [TX] S,912,0F,00,1108,P1,76
22:59:30  [SLOT] n=924 tx=22 ack=0 due=0 r=1
22:59:30  [AT] "AT+CIPSEND=23" (13)
22:59:30  [AT] " S,912,0F,00,1108,P1,76" (23)
22:59:30  [AT] "SEND OK" (7)
22:59:31  [TX] S,913,0F,00,1110,P1,7E
22:59:31  [SLOT] n=925 tx=22 ack=0 due=0 r=1
22:59:31  [AT] "AT+CIPSEND=23" (13)
22:59:31  [AT] " S,913,0F,00,1110,P1,7E" (23)
22:59:31  [AT] "SEND OK" (7)
22:59:32  [TX] S,914,0F,00,1111,P1,78
22:59:32  [SLOT] n=926 tx=22 ack=0 due=0 r=1
22:59:32  [AT] "AT+CIPSEND=23" (13)
22:59:32  [AT] " S,914,0F,00,1111,P1,78" (23)
22:59:32  [AT] "SEND OK" (7)
22:59:33  [TX] S,915,0F,00,1112,P1,7A
22:59:33  [SLOT] n=927 tx=22 ack=0 due=0 r=1
22:59:33  [AT] "AT+CIPSEND=23" (13)
22:59:33  [AT] " S,915,0F,00,1112,P1,7A" (23)
22:59:33  [AT] "SEND OK" (7)
22:59:34  [TX] S,916,0F,00,1113,P1,78
22:59:34  [SLOT] n=928 tx=22 ack=0 due=0 r=1
22:59:34  [AT] "AT+CIPSEND=23" (13)
22:59:35  [AT] " S,916,0F,00,1113,P1,78" (23)
22:59:35  [AT] "SEND OK" (7)
22:59:36  [TX] S,917,0F,00,1114,P1,7E
22:59:36  [SLOT] n=929 tx=22 ack=0 due=0 r=1
22:59:36  [AT] "AT+CIPSEND=23" (13)
22:59:36  [AT] " S,917,0F,00,1114,P1,7E" (23)
22:59:36  [AT] "SEND OK" (7)
22:59:37  [TX] S,918,0F,00,1116,P1,73
22:59:37  [SLOT] n=930 tx=22 ack=0 due=0 r=1
22:59:37  [AT] "AT+CIPSEND=23" (13)
22:59:37  [AT] " S,918,0F,00,1116,P1,73" (23)
22:59:37  [AT] "SEND OK" (7)
22:59:38  [TX] S,919,0F,00,1117,P1,73
22:59:38  [SLOT] n=931 tx=22 ack=0 due=0 r=1
22:59:38  [AT] "AT+CIPSEND=23" (13)
22:59:38  [AT] " S,919,0F,00,1117,P1,73" (23)
22:59:38  [AT] "SEND OK" (7)
22:59:39  [TX] S,920,0F,00,1118,P1,76
22:59:39  [SLOT] n=932 tx=22 ack=0 due=0 r=1
22:59:39  [AT] "AT+CIPSEND=23" (13)
22:59:39  [AT] " S,920,0F,00,1118,P1,76" (23)
22:59:39  [AT] "SEND OK" (7)
22:59:40  [TX] S,921,0F,00,1119,P1,76
22:59:40  [SLOT] n=933 tx=22 ack=0 due=0 r=1
22:59:40  [AT] "AT+CIPSEND=23" (13)
22:59:40  [AT] " S,921,0F,00,1119,P1,76" (23)
22:59:40  [AT] "SEND OK" (7)
22:59:42  [TX] S,922,0F,00,1120,P1,7F
22:59:42  [SLOT] n=934 tx=22 ack=0 due=0 r=1
22:59:42  [AT] "AT+CIPSEND=23" (13)
22:59:42  [AT] " S,922,0F,00,1120,P1,7F" (23)
22:59:42  [AT] "SEND OK" (7)
22:59:43  [TX] S,923,0F,00,1122,P1,7C
22:59:43  [SLOT] n=935 tx=22 ack=0 due=0 r=1
22:59:43  [AT] "AT+CIPSEND=23" (13)
22:59:43  [AT] " S,923,0F,00,1122,P1,7C" (23)
22:59:43  [AT] "SEND OK" (7)
22:59:44  [TX] S,924,0F,00,1123,P1,7A
22:59:44  [SLOT] n=936 tx=22 ack=0 due=0 r=1
22:59:44  [AT] "AT+CIPSEND=23" (13)
22:59:44  [AT] " S,924,0F,00,1123,P1,7A" (23)
22:59:44  [AT] "SEND OK" (7)
22:59:45  [TX] S,925,0F,00,1124,P1,7C
22:59:45  [SLOT] n=937 tx=22 ack=0 due=0 r=1
22:59:45  [AT] "AT+CIPSEND=23" (13)
22:59:45  [AT] " S,925,0F,00,1124,P1,7C" (23)
22:59:45  [AT] "SEND OK" (7)
22:59:46  [TX] S,926,0F,00,1125,P1,7E
22:59:46  [SLOT] n=938 tx=22 ack=0 due=0 r=1
22:59:46  [AT] "AT+CIPSEND=23" (13)
22:59:46  [AT] " S,926,0F,00,1125,P1,7E" (23)
22:59:46  [AT] "SEND OK" (7)
22:59:48  [TX] S,927,0F,00,1126,P1,7C
22:59:48  [SLOT] n=939 tx=22 ack=0 due=0 r=1
22:59:48  [AT] "AT+CIPSEND=23" (13)
22:59:48  [AT] " S,927,0F,00,1126,P1,7C" (23)
22:59:48  [AT] "SEND OK" (7)
22:59:49  [TX] S,928,0F,00,1128,P1,7D
22:59:49  [SLOT] n=940 tx=22 ack=0 due=0 r=1
22:59:49  [AT] "AT+CIPSEND=23" (13)
22:59:49  [AT] " S,928,0F,00,1128,P1,7D" (23)
22:59:49  [AT] "SEND OK" (7)
22:59:50  [TX] S,929,0F,00,1129,P1,7D
22:59:50  [SLOT] n=941 tx=22 ack=0 due=0 r=1
22:59:50  [AT] "AT+CIPSEND=23" (13)
22:59:50  [AT] " S,929,0F,00,1129,P1,7D" (23)
22:59:50  [AT] "SEND OK" (7)
22:59:51  [TX] S,930,0F,00,1130,P1,7D
22:59:51  [SLOT] n=942 tx=22 ack=0 due=0 r=1
22:59:51  [AT] "AT+CIPSEND=23" (13)
22:59:51  [AT] " S,930,0F,00,1130,P1,7D" (23)
22:59:51  [AT] "SEND OK" (7)
22:59:52  [TX] S,931,0F,00,1131,P1,7D
22:59:52  [SLOT] n=943 tx=22 ack=0 due=0 r=1
22:59:52  [AT] "AT+CIPSEND=23" (13)
22:59:52  [AT] " S,931,0F,00,1131,P1,7D" (23)
22:59:52  [AT] "SEND OK" (7)
22:59:54  [TX] S,932,0F,00,1132,P1,7D
22:59:54  [SLOT] n=944 tx=22 ack=0 due=0 r=1
22:59:54  [AT] "AT+CIPSEND=23" (13)
22:59:54  [AT] " S,932,0F,00,1132,P1,7D" (23)
22:59:54  [AT] "SEND OK" (7)
22:59:55  [TX] S,933,0F,00,1134,P1,7A
22:59:55  [SLOT] n=945 tx=22 ack=0 due=0 r=1
22:59:55  [AT] "AT+CIPSEND=23" (13)
22:59:55  [AT] " S,933,0F,00,1134,P1,7A" (23)
22:59:55  [AT] "SEND OK" (7)
22:59:56  [TX] S,934,0F,00,1135,P1,7C
22:59:56  [SLOT] n=946 tx=22 ack=0 due=0 r=1
22:59:56  [AT] "AT+CIPSEND=23" (13)
22:59:56  [AT] " S,934,0F,00,1135,P1,7C" (23)
22:59:56  [AT] "SEND OK" (7)
22:59:57  [TX] S,935,0F,00,1136,P1,7E
22:59:57  [SLOT] n=947 tx=22 ack=0 due=0 r=1
22:59:57  [AT] "AT+CIPSEND=23" (13)
22:59:57  [AT] " S,935,0F,00,1136,P1,7E" (23)
22:59:57  [AT] "SEND OK" (7)
22:59:58  [TX] S,936,0F,00,1137,P1,7C
22:59:58  [SLOT] n=948 tx=22 ack=0 due=0 r=1
22:59:58  [AT] "AT+CIPSEND=23" (13)
22:59:58  [AT] " S,936,0F,00,1137,P1,7C" (23)
22:59:58  [AT] "SEND OK" (7)
23:00:00  [TX] S,937,0F,00,1138,P1,72
23:00:00  [SLOT] n=949 tx=22 ack=0 due=0 r=1
23:00:00  [AT] "AT+CIPSEND=23" (13)
23:00:00  [AT] " S,937,0F,00,1138,P1,72" (23)
23:00:00  [AT] "SEND OK" (7)
23:00:01  [TX] S,938,0F,00,1140,P1,72
23:00:01  [SLOT] n=950 tx=22 ack=0 due=0 r=1
23:00:01  [CNT] up=1140 drop=0 esprst=0 hwrst=0/0 resync=0 sendfail=0 okto=0 stuck=0 ackq=0 ackdrop=0 ackstale=0 slot=950 oow=1 smiss=3 ssovf=0 cksumng=0 okstream=937 penddrop=0 pendfill=939 bigfill=4 bigdrop=0 bigokst=4 oklost=0 bigoklost=0 skip=1 online=1
23:00:01  [RAM] 최저 여유 571 B · 프롬프트 재동기 0회 (서버의 '버린줄' 과 맞아야 한다)
23:00:01  [AT] "AT+CIPSEND=23" (13)
23:00:01  [AT] " S,938,0F,00,1140,P1,72" (23)
23:00:01  [AT] "SEND OK" (7)
23:00:02  «tap» 살아있음 — 최근 60초 rx=7802B (이 줄이 끊기면 탭이 죽은 것이다)
23:00:02  [TX] S,939,0F,00,1141,P1,72
23:00:02  [SLOT] n=951 tx=22 ack=0 due=0 r=1
23:00:02  [AT] "AT+CIPSEND=23" (13)
23:00:02  [AT] " S,939,0F,00,1141,P1,72" (23)
23:00:02  [AT] "SEND OK" (7)
23:00:03  [TX] S,940,0F,00,1142,P1,7F
23:00:03  [SLOT] n=952 tx=22 ack=0 due=0 r=1
23:00:03  [AT] "AT+CIPSEND=23" (13)
23:00:03  [AT] " S,940,0F,00,1142,P1,7F" (23)
23:00:03  [AT] "SEND OK" (7)
23:00:04  [TX] S,941,0F,00,1143,P1,7F
23:00:04  [SLOT] n=953 tx=22 ack=0 due=0 r=1
23:00:04  [AT] "AT+CIPSEND=23" (13)
23:00:04  [AT] " S,941,0F,00,1143,P1,7F" (23)
23:00:04  [AT] "SEND OK" (7)
23:00:06  [TX] S,942,0F,00,1144,P1,7B
23:00:06  [SLOT] n=954 tx=22 ack=0 due=0 r=1
23:00:06  [AT] "AT+CIPSEND=23" (13)
23:00:06  [AT] " S,942,0F,00,1144,P1,7B" (23)
23:00:06  [AT] "SEND OK" (7)
23:00:07  [TX] S,943,0F,00,1146,P1,78
23:00:07  [SLOT] n=955 tx=22 ack=0 due=0 r=1
23:00:07  [AT] "AT+CIPSEND=23" (13)
23:00:07  [AT] " S,943,0F,00,1146,P1,78" (23)
23:00:07  [AT] "SEND OK" (7)
23:00:08  [TX] S,944,0F,00,1147,P1,7E
23:00:08  [SLOT] n=956 tx=22 ack=0 due=0 r=1
23:00:08  [AT] "AT+CIPSEND=23" (13)
23:00:08  [AT] " S,944,0F,00,1147,P1,7E" (23)
23:00:08  [AT] "SEND OK" (7)
23:00:09  [TX] S,945,0F,00,1148,P1,70
23:00:09  [SLOT] n=957 tx=22 ack=0 due=0 r=1
23:00:09  [AT] "AT+CIPSEND=23" (13)
23:00:09  [AT] " S,945,0F,00,1148,P1,70" (23)
23:00:09  [AT] "SEND OK" (7)
23:00:10  [TX] S,946,0F,00,1149,P1,72
23:00:10  [SLOT] n=958 tx=22 ack=0 due=0 r=1
23:00:10  [AT] "AT+CIPSEND=23" (13)
23:00:10  [AT] " S,946,0F,00,1149,P1,72" (23)
23:00:10  [AT] "SEND OK" (7)
23:00:12  [TX] S,947,0F,00,1150,P1,7B
23:00:12  [SLOT] n=959 tx=22 ack=0 due=0 r=1
23:00:12  [AT] "AT+CIPSEND=23" (13)
23:00:12  [AT] " S,947,0F,00,1150,P1,7B" (23)
23:00:12  [AT] "SEND OK" (7)
23:00:13  [TX] S,948,0F,00,1152,P1,76
23:00:13  [SLOT] n=960 tx=22 ack=0 due=0 r=1
23:00:13  [AT] "AT+CIPSEND=23" (13)
23:00:13  [AT] " S,948,0F,00,1152,P1,76" (23)
23:00:13  [AT] "SEND OK" (7)
23:00:14  [TX] S,949,0F,00,1153,P1,76
23:00:14  [SLOT] n=961 tx=22 ack=0 due=0 r=1
23:00:14  [AT] "AT+CIPSEND=23" (13)
23:00:14  [AT] " S,949,0F,00,1153,P1,76" (23)
23:00:14  [AT] "SEND OK" (7)
23:00:15  [TX] S,950,0F,00,1154,P1,79
23:00:15  [SLOT] n=962 tx=22 ack=0 due=0 r=1
23:00:15  [AT] "AT+CIPSEND=23" (13)
23:00:15  [AT] " S,950,0F,00,1154,P1,79" (23)
23:00:15  [AT] "SEND OK" (7)
23:00:16  [TX] S,951,0F,00,1155,P1,79
23:00:16  [SLOT] n=963 tx=22 ack=0 due=0 r=1
23:00:16  [AT] "AT+CIPSEND=23" (13)
23:00:17  [AT] " S,951,0F,00,1155,P1,79" (23)
23:00:17  [AT] "SEND OK" (7)
23:00:18  [TX] S,952,0F,00,1156,P1,79
23:00:18  [SLOT] n=964 tx=22 ack=0 due=0 r=1
23:00:18  [AT] "AT+CIPSEND=23" (13)
23:00:18  [AT] " S,952,0F,00,1156,P1,79" (23)
23:00:18  [AT] "SEND OK" (7)
23:00:19  [TX] S,953,0F,00,1158,P1,76
23:00:19  [SLOT] n=965 tx=22 ack=0 due=0 r=1
23:00:19  [AT] "AT+CIPSEND=23" (13)
23:00:19  [AT] " S,953,0F,00,1158,P1,76" (23)
23:00:19  [AT] "SEND OK" (7)
23:00:21  [TX] S,954,0F,00,1159,P1,70
23:00:21  [SLOT] n=966 tx=22 ack=0 due=0 r=1
23:00:21  [AT] "AT+CIPSEND=23" (13)
23:00:21  [AT] " S,954,0F,00,1159,P1,70" (23)
23:00:21  [AT] "SEND OK" (7)
23:00:22  [TX] S,955,0F,00,1160,P1,7B
23:00:22  [SLOT] n=967 tx=22 ack=0 due=0 r=1
23:00:22  [AT] "AT+CIPSEND=23" (13)
23:00:22  [AT] " S,955,0F,00,1160,P1,7B" (23)
23:00:22  [AT] "SEND OK" (7)
23:00:23  [TX] S,956,0F,00,1161,P1,79
23:00:23  [SLOT] n=968 tx=22 ack=0 due=0 r=1
23:00:23  [AT] "AT+CIPSEND=23" (13)
23:00:23  [AT] " S,956,0F,00,1161,P1,79" (23)
23:00:23  [AT] "SEND OK" (7)
23:00:25  [TX] S,957,0F,00,1162,P1,7B
23:00:25  [SLOT] n=969 tx=22 ack=0 due=0 r=1
23:00:25  [AT] "AT+CIPSEND=23" (13)
23:00:25  [AT] " S,957,0F,00,1162,P1,7B" (23)
23:00:25  [AT] "SEND OK" (7)
23:00:26  [TX] S,958,0F,00,1164,P1,72
23:00:26  [SLOT] n=970 tx=22 ack=0 due=0 r=1
23:00:26  [AT] "AT+CIPSEND=23" (13)
23:00:26  [AT] " S,958,0F,00,1164,P1,72" (23)
23:00:26  [AT] "SEND OK" (7)
23:00:27  [TX] S,959,0F,00,1165,P1,72
23:00:27  [SLOT] n=971 tx=22 ack=0 due=0 r=1
23:00:27  [AT] "AT+CIPSEND=23" (13)
23:00:27  [AT] " S,959,0F,00,1165,P1,72" (23)
23:00:27  [AT] "SEND OK" (7)
23:00:28  [TX] S,960,0F,00,1166,P1,7B
23:00:28  [SLOT] n=972 tx=22 ack=0 due=0 r=1
23:00:28  [AT] "AT+CIPSEND=23" (13)
23:00:28  [AT] " S,960,0F,00,1166,P1,7B" (23)
23:00:28  [AT] "SEND OK" (7)
23:00:29  [TX] S,961,0F,00,1167,P1,7B
23:00:29  [SLOT] n=973 tx=22 ack=0 due=0 r=1
23:00:29  [AT] "AT+CIPSEND=23" (13)
23:00:29  [AT] " S,961,0F,00,1167,P1,7B" (23)
23:00:29  [AT] "SEND OK" (7)
23:00:31  [TX] S,962,0F,00,1168,P1,77
23:00:31  [SLOT] n=974 tx=22 ack=0 due=0 r=1
23:00:31  [AT] "AT+CIPSEND=23" (13)
23:00:31  [AT] " S,962,0F,00,1168,P1,77" (23)
23:00:31  [AT] "SEND OK" (7)
23:00:32  [TX] S,963,0F,00,1170,P1,7F
23:00:32  [SLOT] n=975 tx=22 ack=0 due=0 r=1
23:00:32  [AT] "AT+CIPSEND=23" (13)
23:00:32  [AT] " S,963,0F,00,1170,P1,7F" (23)
23:00:32  [AT] "SEND OK" (7)
23:00:33  [TX] S,964,0F,00,1171,P1,79
23:00:33  [SLOT] n=976 tx=22 ack=0 due=0 r=1
23:00:33  [AT] "AT+CIPSEND=23" (13)
23:00:33  [AT] " S,964,0F,00,1171,P1,79" (23)
23:00:33  [AT] "SEND OK" (7)
23:00:34  [TX] S,965,0F,00,1172,P1,7B
23:00:34  [SLOT] n=977 tx=22 ack=0 due=0 r=1
23:00:34  [AT] "AT+CIPSEND=23" (13)
23:00:34  [AT] " S,965,0F,00,1172,P1,7B" (23)
23:00:34  [AT] "SEND OK" (7)
23:00:35  [TX] S,966,0F,00,1173,P1,79
23:00:35  [SLOT] n=978 tx=22 ack=0 due=0 r=1
23:00:35  [AT] "AT+CIPSEND=23" (13)
23:00:35  [AT] " S,966,0F,00,1173,P1,79" (23)
23:00:35  [AT] "SEND OK" (7)
23:00:37  [TX] S,967,0F,00,1174,P1,7F
23:00:37  [SLOT] n=979 tx=22 ack=0 due=0 r=1
23:00:37  [AT] "AT+CIPSEND=23" (13)
23:00:37  [AT] " S,967,0F,00,1174,P1,7F" (23)
23:00:37  [AT] "SEND OK" (7)
23:00:38  [TX] S,968,0F,00,1176,P1,72
23:00:38  [SLOT] n=980 tx=22 ack=0 due=0 r=1
23:00:38  [AT] "AT+CIPSEND=23" (13)
23:00:38  [AT] " S,968,0F,00,1176,P1,72" (23)
23:00:38  [AT] "SEND OK" (7)
23:00:39  [TX] S,969,0F,00,1177,P1,72
23:00:39  [SLOT] n=981 tx=22 ack=0 due=0 r=1
23:00:39  [AT] "AT+CIPSEND=23" (13)
23:00:39  [AT] " S,969,0F,00,1177,P1,72" (23)
23:00:39  [AT] "SEND OK" (7)
23:00:40  [TX] S,970,0F,00,1178,P1,75
23:00:40  [SLOT] n=982 tx=22 ack=0 due=0 r=1
23:00:40  [AT] "AT+CIPSEND=23" (13)
23:00:40  [AT] " S,970,0F,00,1178,P1,75" (23)
23:00:40  [AT] "SEND OK" (7)
23:00:41  [TX] S,971,0F,00,1179,P1,75
23:00:41  [SLOT] n=983 tx=22 ack=0 due=0 r=1
23:00:41  [AT] "AT+CIPSEND=23" (13)
23:00:41  [AT] " S,971,0F,00,1179,P1,75" (23)
23:00:41  [AT] "SEND OK" (7)
23:00:43  [TX] S,972,0F,00,1180,P1,70
23:00:43  [SLOT] n=984 tx=22 ack=0 due=0 r=1
23:00:43  [AT] "AT+CIPSEND=23" (13)
23:00:43  [AT] " S,972,0F,00,1180,P1,70" (23)
23:00:43  [AT] "SEND OK" (7)
23:00:44  [TX] S,973,0F,00,1182,P1,73
23:00:44  [SLOT] n=985 tx=22 ack=0 due=0 r=1
23:00:44  [AT] "AT+CIPSEND=23" (13)
23:00:44  [AT] " S,973,0F,00,1182,P1,73" (23)
23:00:44  [AT] "SEND OK" (7)
23:00:45  [TX] S,974,0F,00,1183,P1,75
23:00:45  [SLOT] n=986 tx=22 ack=0 due=0 r=1
23:00:45  [AT] "AT+CIPSEND=23" (13)
23:00:45  [AT] " S,974,0F,00,1183,P1,75" (23)
23:00:45  [AT] "SEND OK" (7)
23:00:46  [TX] S,975,0F,00,1184,P1,73
23:00:46  [SLOT] n=987 tx=22 ack=0 due=0 r=1
23:00:46  [AT] "AT+CIPSEND=23" (13)
23:00:46  [AT] " S,975,0F,00,1184,P1,73" (23)
23:00:46  [AT] "SEND OK" (7)
23:00:47  [TX] S,976,0F,00,1185,P1,71
23:00:47  [SLOT] n=988 tx=22 ack=0 due=0 r=1
23:00:47  [AT] "AT+CIPSEND=23" (13)
23:00:47  [AT] " S,976,0F,00,1185,P1,71" (23)
23:00:47  [AT] "SEND OK" (7)
23:00:49  [TX] S,977,0F,00,1186,P1,73
23:00:49  [SLOT] n=989 tx=22 ack=0 due=0 r=1
23:00:49  [AT] "AT+CIPSEND=23" (13)
23:00:49  [AT] " S,977,0F,00,1186,P1,73" (23)
23:00:49  [AT] "SEND OK" (7)
23:00:50  [TX] S,978,0F,00,1188,P1,72
23:00:50  [SLOT] n=990 tx=22 ack=0 due=0 r=1
23:00:50  [AT] "AT+CIPSEND=23" (13)
23:00:50  [AT] " S,978,0F,00,1188,P1,72" (23)
23:00:50  [AT] "SEND OK" (7)
23:00:51  [TX] S,979,0F,00,1189,P1,72
23:00:51  [SLOT] n=991 tx=22 ack=0 due=0 r=1
23:00:51  [AT] "AT+CIPSEND=23" (13)
23:00:51  [AT] " S,979,0F,00,1189,P1,72" (23)
23:00:51  [AT] "SEND OK" (7)
23:00:52  [TX] S,980,0F,00,1190,P1,7C
23:00:52  [SLOT] n=992 tx=22 ack=0 due=0 r=1
23:00:52  [AT] "AT+CIPSEND=23" (13)
23:00:52  [AT] " S,980,0F,00,1190,P1,7C" (23)
23:00:52  [AT] "SEND OK" (7)
23:00:53  [TX] S,981,0F,00,1191,P1,7C
23:00:53  [SLOT] n=993 tx=22 ack=0 due=0 r=1
23:00:53  [AT] "AT+CIPSEND=23" (13)
23:00:53  [AT] " S,981,0F,00,1191,P1,7C" (23)
23:00:53  [AT] "SEND OK" (7)
23:00:55  [TX] S,982,0F,00,1192,P1,7C
23:00:55  [SLOT] n=994 tx=22 ack=0 due=0 r=1
23:00:55  [AT] "AT+CIPSEND=23" (13)
23:00:55  [AT] " S,982,0F,00,1192,P1,7C" (23)
23:00:55  [AT] "SEND OK" (7)
23:00:56  [TX] S,983,0F,00,1194,P1,7B
23:00:56  [SLOT] n=995 tx=22 ack=0 due=0 r=1
23:00:56  [AT] "AT+CIPSEND=23" (13)
23:00:56  [AT] " S,983,0F,00,1194,P1,7B" (23)
23:00:56  [AT] "SEND OK" (7)
23:00:57  [TX] S,984,0F,00,1195,P1,7D
23:00:57  [SLOT] n=996 tx=22 ack=0 due=0 r=1
23:00:57  [AT] "AT+CIPSEND=23" (13)
23:00:57  [AT] " S,984,0F,00,1195,P1,7D" (23)
23:00:57  [AT] "SEND OK" (7)
23:00:58  [TX] S,985,0F,00,1196,P1,7F
23:00:58  [SLOT] n=997 tx=22 ack=0 due=0 r=1
23:00:58  [AT] "AT+CIPSEND=23" (13)
23:00:58  [AT] " S,985,0F,00,1196,P1,7F" (23)
23:00:58  [AT] "SEND OK" (7)
23:00:59  [TX] S,986,0F,00,1197,P1,7D
23:00:59  [SLOT] n=998 tx=22 ack=0 due=0 r=1
23:00:59  [AT] "AT+CIPSEND=23" (13)
23:01:00  [AT] " S,986,0F,00,1197,P1,7D" (23)
23:01:00  [AT] "SEND OK" (7)
23:01:01  [TX] S,987,0F,00,1198,P1,73
23:01:01  [SLOT] n=999 tx=22 ack=0 due=0 r=1
23:01:01  [AT] "AT+CIPSEND=23" (13)
23:01:01  [AT] " S,987,0F,00,1198,P1,73" (23)
23:01:01  [AT] "SEND OK" (7)
23:01:02  [TX] S,988,0F,00,1200,P1,7E
23:01:02  [SLOT] n=1000 tx=22 ack=0 due=0 r=1
23:01:02  [CNT] up=1200 drop=0 esprst=0 hwrst=0/0 resync=0 sendfail=0 okto=0 stuck=0 ackq=0 ackdrop=0 ackstale=0 slot=1000 oow=1 smiss=3 ssovf=0 cksumng=0 okstream=987 penddrop=0 pendfill=989 bigfill=4 bigdrop=0 bigokst=4 oklost=0 bigoklost=0 skip=1 online=1
23:01:02  [RAM] 최저 여유 571 B · 프롬프트 재동기 0회 (서버의 '버린줄' 과 맞아야 한다)
23:01:02  [AT] " S,988,0F,00,1200,P1,7E" (23)
23:01:02  [AT] "SEND OK" (7)
23:01:02  [AT] "AT+CIPSEND=23" (13)
23:01:03  «tap» 살아있음 — 최근 60초 rx=7804B (이 줄이 끊기면 탭이 죽은 것이다)
23:01:03  [TX] S,989,0F,00,1201,P1,7E
23:01:03  [SLOT] n=1001 tx=22 ack=0 due=0 r=1
23:01:03  [AT] "AT+CIPSEND=23" (13)
23:01:03  [AT] " S,989,0F,00,1201,P1,7E" (23)
23:01:03  [AT] "SEND OK" (7)
23:01:04  [TX] S,990,0F,00,1202,P1,75
23:01:04  [SLOT] n=1002 tx=22 ack=0 due=0 r=1
23:01:04  [AT] "AT+CIPSEND=23" (13)
23:01:04  [AT] " S,990,0F,00,1202,P1,75" (23)
23:01:04  [AT] "SEND OK" (7)
23:01:05  [TX] S,991,0F,00,1203,P1,75
23:01:05  [SLOT] n=1003 tx=22 ack=0 due=0 r=1
23:01:05  [AT] "AT+CIPSEND=23" (13)
23:01:05  [AT] " S,991,0F,00,1203,P1,75" (23)
23:01:05  [AT] "SEND OK" (7)
23:01:07  [TX] S,992,0F,00,1204,P1,71
23:01:07  [SLOT] n=1004 tx=22 ack=0 due=0 r=1
23:01:07  [AT] "AT+CIPSEND=23" (13)
23:01:07  [AT] " S,992,0F,00,1204,P1,71" (23)
23:01:07  [AT] "SEND OK" (7)
23:01:08  [TX] S,993,0F,00,1206,P1,72
23:01:08  [SLOT] n=1005 tx=22 ack=0 due=0 r=1
23:01:08  [AT] "AT+CIPSEND=23" (13)
23:01:08  [AT] " S,993,0F,00,1206,P1,72" (23)
23:01:08  [AT] "SEND OK" (7)
23:01:09  [TX] S,994,0F,00,1207,P1,74
23:01:09  [SLOT] n=1006 tx=22 ack=0 due=0 r=1
23:01:09  [AT] "AT+CIPSEND=23" (13)
23:01:09  [AT] " S,994,0F,00,1207,P1,74" (23)
23:01:09  [AT] "SEND OK" (7)
23:01:10  [TX] S,995,0F,00,1208,P1,7A
23:01:10  [SLOT] n=1007 tx=22 ack=0 due=0 r=1
23:01:10  [AT] "AT+CIPSEND=23" (13)
23:01:10  [AT] " S,995,0F,00,1208,P1,7A" (23)
23:01:10  [AT] "SEND OK" (7)
23:01:11  [TX] S,996,0F,00,1209,P1,78
23:01:11  [SLOT] n=1008 tx=22 ack=0 due=0 r=1
23:01:11  [AT] "AT+CIPSEND=23" (13)
23:01:11  [AT] " S,996,0F,00,1209,P1,78" (23)
23:01:11  [AT] "SEND OK" (7)
23:01:13  [TX] S,997,0F,00,1210,P1,71
23:01:13  [SLOT] n=1009 tx=22 ack=0 due=0 r=1
23:01:13  [AT] "\x81T+CIPSEND=23" (13)
23:01:13  [AT] " S,997,0F,00,1210,P1,71" (23)
23:01:13  [AT] "SEND OK" (7)
23:01:14  [TX] S,998,0F,00,1212,P1,7C
23:01:14  [SLOT] n=1010 tx=22 ack=0 due=0 r=1
23:01:14  [AT] "AT+CIPSEND=23" (13)
23:01:14  [AT] " S,998,0F,00,1212,P1,7C" (23)
23:01:14  [AT] "SEND OK" (7)
23:01:15  [TX] S,999,0F,00,1213,P1,7C
23:01:15  [SLOT] n=1011 tx=22 ack=0 due=0 r=1
23:01:15  [AT] "AT+CIPSEND=23" (13)
23:01:15  [AT] " S,999,0F,00,1213,P1,7C" (23)
23:01:15  [AT] "SEND OK" (7)
23:01:16  [TX] S,1000,0F,00,1214,P1,43
23:01:16  [SLOT] n=1012 tx=23 ack=0 due=0 r=1
23:01:16  [AT] "AT+CIPSEND=24" (13)
23:01:16  [AT] " S,1000,0F,00,1214,P1,43" (24)
23:01:16  [AT] "SEND OK" (7)
23:01:17  [TX] S,1001,0F,00,1215,P1,43
23:01:17  [SLOT] n=1013 tx=23 ack=0 due=0 r=1
23:01:17  [AT] "AT+CIPSEND=24" (13)
23:01:17  [AT] " S,1001,0F,00,1215,P1,43" (24)
23:01:17  [AT] "SEND OK" (7)
23:01:18  [TX] S,1002,0F,00,1216,P1,43
23:01:19  [SLOT] n=1014 tx=23 ack=0 due=0 r=1
23:01:19  [AT] "AT+CIPSEND=24" (13)
23:01:19  [AT] " S,1002,0F,00,1216,P1,43" (24)
23:01:19  [AT] "SEND OK" (7)
23:01:20  [TX] S,1003,0F,00,1218,P1,4C
23:01:20  [SLOT] n=1015 tx=23 ack=0 due=0 r=1
23:01:20  [AT] "AT+CIPSEND=24" (13)
23:01:20  [AT] " S,1003,0F,00,1218,P1,4C" (24)
23:01:20  [AT] "SEND OK" (7)
23:01:21  [TX] S,1004,0F,00,1219,P1,4A
23:01:21  [SLOT] n=1016 tx=23 ack=0 due=0 r=1
23:01:21  [AT] "AT+CIPSEND=24" (13)
23:01:21  [AT] " S,1004,0F,00,1219,P1,4A" (24)
23:01:21  [AT] "SEND OK" (7)
23:01:22  [TX] S,1005,0F,00,1220,P1,41
23:01:22  [SLOT] n=1017 tx=23 ack=0 due=0 r=1
23:01:22  [AT] "AT+CIPSEND=24" (13)
23:01:22  [AT] " S,1005,0F,00,1220,P1,41" (24)
23:01:22  [AT] "SEND OK" (7)
23:01:23  [TX] S,1006,0F,00,1221,P1,43
23:01:23  [SLOT] n=1018 tx=23 ack=0 due=0 r=1
23:01:23  [AT] "AT+CIPSEND=24" (13)
23:01:23  [AT] " S,1006,0F,00,1221,P1,43" (24)
23:01:23  [AT] "SEND OK" (7)
23:01:24  [TX] S,1007,0F,00,1222,P1,41
23:01:24  [SLOT] n=1019 tx=23 ack=0 due=0 r=1
23:01:24  [AT] "AT+CIPSEND=24" (13)
23:01:25  [AT] " S,1007,0F,00,1222,P1,41" (24)
23:01:25  [AT] "SEND OK" (7)
23:01:26  [TX] S,1008,0F,00,1224,P1,48
23:01:26  [SLOT] n=1020 tx=23 ack=0 due=0 r=1
23:01:26  [AT] "AT+CIPSEND=24" (13)
23:01:26  [AT] " S,1008,0F,00,1224,P1,48" (24)
23:01:26  [AT] "SEND OK" (7)
23:01:27  [TX] S,1009,0F,00,1225,P1,48
23:01:27  [SLOT] n=1021 tx=23 ack=0 due=0 r=1
23:01:27  [AT] "AT+CIPSEND=24" (13)
23:01:27  [AT] " S,1009,0F,00,1225,P1,48" (24)
23:01:27  [AT] "SEND OK" (7)
23:01:28  [TX] S,1010,0F,00,1226,P1,43
23:01:28  [SLOT] n=1022 tx=23 ack=0 due=0 r=1
23:01:28  [AT] "AT+CIPSEND=24" (13)
23:01:28  [AT] " S,1010,0F,00,1226,P1,43" (24)
23:01:28  [AT] "SEND OK" (7)
23:01:29  [TX] S,1011,0F,00,1227,P1,43
23:01:29  [SLOT] n=1023 tx=23 ack=0 due=0 r=1
23:01:29  [AT] "AT+CIPSEND=24" (13)
23:01:29  [AT] " S,1011,0F,00,1227,P1,43" (24)
23:01:29  [AT] "SEND OK" (7)
23:01:30  [TX] S,1012,0F,00,1228,P1,4F
23:01:30  [SLOT] n=1024 tx=23 ack=0 due=0 r=1
23:01:30  [AT] "AT+CIPSEND=24" (13)
23:01:30  [AT] " S,1012,0F,00,1228,P1,4F" (24)
23:01:31  [AT] "SEND OK" (7)
23:01:32  [TX] S,1013,0F,00,1230,P1,47
23:01:32  [SLOT] n=1025 tx=23 ack=0 due=0 r=1
23:01:32  [AT] "AT+CIPSEND=24" (13)
23:01:32  [AT] " S,1013,0F,00,1230,P1,47" (24)
23:01:32  [AT] "SEND OK" (7)
23:01:33  [TX] S,1014,0F,00,1231,P1,41
23:01:33  [SLOT] n=1026 tx=23 ack=0 due=0 r=1
23:01:33  [AT] "AT+CIPSEND=24" (13)
23:01:33  [AT] " S,1014,0F,00,1231,P1,41" (24)
23:01:33  [AT] "SEND OK" (7)
23:01:34  [TX] S,1015,0F,00,1232,P1,43
23:01:34  [SLOT] n=1027 tx=23 ack=0 due=0 r=1
23:01:34  [AT] "AT+CIPSEND=24" (13)
23:01:34  [AT] " S,1015,0F,00,1232,P1,43" (24)
23:01:34  [AT] "SEND OK" (7)
23:01:35  [TX] S,1016,0F,00,1233,P1,41
23:01:35  [SLOT] n=1028 tx=23 ack=0 due=0 r=1
23:01:35  [AT] "AT+CIPSEND=24" (13)
23:01:35  [AT] " S,1016,0F,00,1233,P1,41" (24)
23:01:35  [AT] "SEND OK" (7)
23:01:36  [TX] S,1017,0F,00,1234,P1,47
23:01:36  [SLOT] n=1029 tx=23 ack=0 due=0 r=1
23:01:36  [AT] "AT+CIPSEND=24" (13)
23:01:37  [AT] " S,1017,0F,00,1234,P1,47" (24)
23:01:37  [AT] "SEND OK" (7)
23:01:38  [TX] S,1018,0F,00,1236,P1,4A
23:01:38  [SLOT] n=1030 tx=23 ack=0 due=0 r=1
23:01:38  [AT] "AT+CIPSEND=24" (13)
23:01:38  [AT] " S,1018,0F,00,1236,P1,4A" (24)
23:01:38  [AT] "SEND OK" (7)
23:01:39  [TX] S,1019,0F,00,1237,P1,4A
23:01:39  [SLOT] n=1031 tx=23 ack=0 due=0 r=1
23:01:39  [AT] "AT+CIPSEND=24" (13)
23:01:39  [AT] " S,1019,0F,00,1237,P1,4A" (24)
23:01:39  [AT] "SEND OK" (7)
23:01:40  [TX] S,1020,0F,00,1238,P1,4F
23:01:40  [SLOT] n=1032 tx=23 ack=0 due=0 r=1
23:01:40  [AT] "AT+CIPSEND=24" (13)
23:01:40  [AT] " S,1020,0F,00,1238,P1,4F" (24)
23:01:40  [AT] "SEND OK" (7)
23:01:41  [TX] S,1021,0F,00,1239,P1,4F
23:01:41  [SLOT] n=1033 tx=23 ack=0 due=0 r=1
23:01:41  [AT] "AT+CIPSEND=24" (13)
23:01:41  [AT] " S,1021,0F,00,1239,P1,4F" (24)
23:01:41  [AT] "SEND OK" (7)
23:01:42  [TX] S,1022,0F,00,1240,P1,42
23:01:42  [SLOT] n=1034 tx=23 ack=0 due=0 r=1
23:01:42  [AT] "AT+CIPSEND=24" (13)
23:01:43  [AT] " S,1022,0F,00,1240,P1,42" (24)
23:01:43  [AT] "SEND OK" (7)
23:01:44  [TX] S,1023,0F,00,1242,P1,41
23:01:44  [SLOT] n=1035 tx=23 ack=0 due=0 r=1
23:01:44  [AT] "AT+CIPSEND=24" (13)
23:01:44  [AT] " S,1023,0F,00,1242,P1,41" (24)
23:01:44  [AT] "SEND OK" (7)
23:01:45  [TX] S,1024,0F,00,1243,P1,47
23:01:45  [SLOT] n=1036 tx=23 ack=0 due=0 r=1
23:01:45  [AT] "AT+CIPSEND=24" (13)
23:01:45  [AT] " S,1024,0F,00,1243,P1,47" (24)
23:01:45  [AT] "SEND OK" (7)
23:01:46  [TX] S,1025,0F,00,1244,P1,41
23:01:46  [SLOT] n=1037 tx=23 ack=0 due=0 r=1
23:01:46  [AT] "AT+CIPSEND=24" (13)
23:01:46  [AT] " S,1025,0F,00,1244,P1,41" (24)
23:01:46  [AT] "SEND OK" (7)
23:01:47  [TX] S,1026,0F,00,1245,P1,43
23:01:47  [SLOT] n=1038 tx=23 ack=0 due=0 r=1
23:01:47  [AT] "AT+CIPSEND=24" (13)
23:01:48  [AT] " S,1026,0F,00,1245,P1,43" (24)
23:01:48  [AT] "SEND OK" (7)
23:01:48  [TX] S,1027,0F,00,1246,P1,41
23:01:48  [SLOT] n=1039 tx=23 ack=0 due=0 r=1
23:01:48  [AT] "AT+CIPSEND=24" (13)
23:01:49  [AT] " S,1027,0F,00,1246,P1,41" (24)
23:01:49  [AT] "SEND OK" (7)
23:01:50  [TX] S,1028,0F,00,1248,P1,40
23:01:50  [SLOT] n=1040 tx=23 ack=0 due=0 r=1
23:01:50  [AT] "AT+CIPSEND=24" (13)
23:01:50  [AT] " S,1028,0F,00,1248,P1,40" (24)
23:01:50  [AT] "SEND OK" (7)
23:01:51  [TX] S,1029,0F,00,1249,P1,40
23:01:51  [SLOT] n=1041 tx=23 ack=0 due=0 r=1
23:01:51  [AT] "AT+CIPSEND=24" (13)
23:01:51  [AT] " S,1029,0F,00,1249,P1,40" (24)
23:01:51  [AT] "SEND OK" (7)
23:01:52  [TX] S,1030,0F,00,1250,P1,40
23:01:52  [SLOT] n=1042 tx=23 ack=0 due=0 r=1
23:01:52  [AT] "AT+CIPSEND=24" (13)
23:01:52  [AT] " S,1030,0F,00,1250,P1,40" (24)
23:01:52  [AT] "SEND OK" (7)
23:01:53  [TX] S,1031,0F,00,1251,P1,40
23:01:53  [SLOT] n=1043 tx=23 ack=0 due=0 r=1
23:01:53  [AT] "AT+CIPSEND=24" (13)
23:01:53  [AT] " S,1031,0F,00,1251,P1,40" (24)
23:01:53  [AT] "SEND OK" (7)
23:01:54  [TX] S,1032,0F,00,1252,P1,40
23:01:54  [SLOT] n=1044 tx=23 ack=0 due=0 r=1
23:01:54  [AT] "AT+CIPSEND=24" (13)
23:01:55  [AT] " S,1032,0F,00,1252,P1,40" (24)
23:01:55  [AT] "SEND OK" (7)
23:01:56  [TX] S,1033,0F,00,1254,P1,47
23:01:56  [SLOT] n=1045 tx=23 ack=0 due=0 r=1
23:01:56  [AT] "AT+CIPSEND=24" (13)
23:01:56  [AT] " S,1033,0F,00,1254,P1,47" (24)
23:01:56  [AT] "SEND OK" (7)
23:01:57  [TX] S,1034,0F,00,1255,P1,41
23:01:57  [SLOT] n=1046 tx=23 ack=0 due=0 r=1
23:01:57  [AT] "AT+CIPSEND=24" (13)
23:01:57  [AT] " S,1034,0F,00,1255,P1,41" (24)
23:01:57  [AT] "SEND OK" (7)
23:01:58  [TX] S,1035,0F,00,1256,P1,43
23:01:58  [SLOT] n=1047 tx=23 ack=0 due=0 r=1
23:01:58  [AT] "AT+CIPSEND=24" (13)
23:01:58  [AT] " S,1035,0F,00,1256,P1,43" (24)
23:01:58  [AT] "SEND OK" (7)
23:01:59  [TX] S,1036,0F,00,1257,P1,41
23:01:59  [SLOT] n=1048 tx=23 ack=0 due=0 r=1
23:01:59  [AT] "AT+CIPSEND=24" (13)
23:01:59  [AT] " S,1036,0F,00,1257,P1,41" (24)
23:01:59  [AT] "SEND OK" (7)
23:02:00  [TX] S,1037,0F,00,1258,P1,4F
23:02:00  [SLOT] n=1049 tx=23 ack=0 due=0 r=1
23:02:00  [AT] "AT+CIPSEND=24" (13)
23:02:00  [AT] " S,1037,0F,00,1258,P1,4F" (24)
23:02:00  [AT] "SEND OK" (7)
23:02:02  [TX] S,1038,0F,00,1260,P1,4B
23:02:02  [SLOT] n=1050 tx=23 ack=0 due=0 r=1
23:02:02  [CNT] up=1260 drop=0 esprst=0 hwrst=0/0 resync=0 sendfail=0 okto=0 stuck=0 ackq=0 ackdrop=0 ackstale=0 slot=1050 oow=1 smiss=3 ssovf=0 cksumng=0 okstream=1037 penddrop=0 pendfill=1039 bigfill=4 bigdrop=0 bigokst=4 oklost=0 bigoklost=0 skip=1 online=1
23:02:02  [RAM] 최저 여유 571 B · 프롬프트 재동기 0회 (서버의 '버린줄' 과 맞아야 한다)
23:02:02  [AT] " S,1038,0F,00,1260,P1,4B" (24)
23:02:02  [AT] "SEND OK" (7)
23:02:02  [AT] "AT+CIPSEND=24" (13)
23:02:03  «tap» 살아있음 — 최근 60초 rx=7936B (이 줄이 끊기면 탭이 죽은 것이다)
23:02:03  [TX] S,1039,0F,00,1261,P1,4B
23:02:03  [SLOT] n=1051 tx=23 ack=0 due=0 r=1
23:02:03  [AT] "AT+CIPSEND=24" (13)
23:02:03  [AT] " S,1039,0F,00,1261,P1,4B" (24)
23:02:03  [AT] "SEND OK" (7)
23:02:04  [TX] S,1040,0F,00,1262,P1,46
23:02:04  [SLOT] n=1052 tx=23 ack=0 due=0 r=1
23:02:04  [AT] "AT+CIPSEND=24" (13)
23:02:04  [AT] " S,1040,0F,00,1262,P1,46" (24)
23:02:04  [AT] "SEND OK" (7)
23:02:05  [TX] S,1041,0F,00,1263,P1,46
23:02:05  [SLOT] n=1053 tx=23 ack=0 due=0 r=1
23:02:05  [AT] "AT+CIPSEND=24" (13)
23:02:05  [AT] " S,1041,0F,00,1263,P1,46" (24)
23:02:05  [AT] "SEND OK" (7)
23:02:06  [TX] S,1042,0F,00,1264,P1,42
23:02:06  [SLOT] n=1054 tx=23 ack=0 due=0 r=1
23:02:06  [AT] "AT+CIPSEND=24" (13)
23:02:06  [AT] " S,1042,0F,00,1264,P1,42" (24)
23:02:06  [AT] "SEND OK" (7)
23:02:08  [TX] S,1043,0F,00,1266,P1,41
23:02:08  [SLOT] n=1055 tx=23 ack=0 due=0 r=1
23:02:08  [AT] "AT+CIPSEND=24" (13)
23:02:08  [AT] " S,1043,0F,00,1266,P1,41" (24)
23:02:08  [AT] "SEND OK" (7)
23:02:09  [TX] S,1044,0F,00,1267,P1,47
23:02:09  [SLOT] n=1056 tx=23 ack=0 due=0 r=1
23:02:09  [AT] "AT+CIPSEND=24" (13)
23:02:09  [AT] " S,1044,0F,00,1267,P1,47" (24)
23:02:09  [AT] "SEND OK" (7)
23:02:10  [TX] S,1045,0F,00,1268,P1,49
23:02:10  [SLOT] n=1057 tx=23 ack=0 due=0 r=1
23:02:10  [AT] "AT+CIPSEND=24" (13)
23:02:10  [AT] " S,1045,0F,00,1268,P1,49" (24)
23:02:10  [AT] "SEND OK" (7)
23:02:11  [TX] S,1046,0F,00,1269,P1,4B
23:02:11  [SLOT] n=1058 tx=23 ack=0 due=0 r=1
23:02:11  [AT] "AT+CIPSEND=24" (13)
23:02:11  [AT] " S,1046,0F,00,1269,P1,4B" (24)
23:02:11  [AT] "SEND OK" (7)
23:02:12  [TX] S,1047,0F,00,1270,P1,42
23:02:12  [SLOT] n=1059 tx=23 ack=0 due=0 r=1
23:02:12  [AT] "AT+CIPSEND=24" (13)
23:02:12  [AT] " S,1047,0F,00,1270,P1,42" (24)
23:02:12  [AT] "SEND OK" (7)
23:02:14  [TX] S,1048,0F,00,1272,P1,4F
23:02:14  [SLOT] n=1060 tx=23 ack=0 due=0 r=1
23:02:14  [AT] "AT+CIPSEND=24" (13)
23:02:14  [AT] " S,1048,0F,00,1272,P1,4F" (24)
23:02:14  [AT] "SEND OK" (7)
23:02:15  [TX] S,1049,0F,00,1273,P1,4F
23:02:15  [SLOT] n=1061 tx=23 ack=0 due=0 r=1
23:02:15  [AT] "AT+CIPSEND=24" (13)
23:02:15  [AT] " S,1049,0F,00,1273,P1,4F" (24)
23:02:15  [AT] "SEND OK" (7)
23:02:16  [TX] S,1050,0F,00,1274,P1,40
23:02:16  [SLOT] n=1062 tx=23 ack=0 due=0 r=1
23:02:16  [AT] "AT+CIPSEND=24" (13)
23:02:16  [AT] " S,1050,0F,00,1274,P1,40" (24)
23:02:16  [AT] "SEND OK" (7)
23:02:17  [TX] S,1051,0F,00,1275,P1,40
23:02:17  [SLOT] n=1063 tx=23 ack=0 due=0 r=1
23:02:17  [AT] "AT+CIPSEND=24" (13)
23:02:17  [AT] " S,1051,0F,00,1275,P1,40" (24)
23:02:17  [AT] "SEND OK" (7)
23:02:18  [TX] S,1052,0F,00,1276,P1,40
23:02:18  [SLOT] n=1064 tx=23 ack=0 due=0 r=1
23:02:18  [AT] "AT+CIPSEND=24" (13)
23:02:18  [AT] " S,1052,0F,00,1276,P1,40" (24)
23:02:18  [AT] "SEND OK" (7)
23:02:20  [TX] S,1053,0F,00,1278,P1,4F
23:02:20  [SLOT] n=1065 tx=23 ack=0 due=0 r=1
23:02:20  [AT] "AT+CIPSEND=24" (13)
23:02:20  [AT] " S,1053,0F,00,1278,P1,4F" (24)
23:02:20  [AT] "SEND OK" (7)
23:02:21  [TX] S,1054,0F,00,1279,P1,49
23:02:21  [SLOT] n=1066 tx=23 ack=0 due=0 r=1
23:02:21  [AT] "AT+CIPSEND=24" (13)
23:02:21  [AT] " S,1054,0F,00,1279,P1,49" (24)
23:02:21  [AT] "SEND OK" (7)
23:02:22  [TX] S,1055,0F,00,1280,P1,4E
23:02:22  [SLOT] n=1067 tx=23 ack=0 due=0 r=1
23:02:22  [AT] "AT+CIPSEND=24" (13)
23:02:22  [AT] " S,1055,0F,00,1280,P1,4E" (24)
23:02:22  [AT] "SEND OK" (7)
23:02:23  [TX] S,1056,0F,00,1281,P1,4C
23:02:23  [SLOT] n=1068 tx=23 ack=0 due=0 r=1
23:02:23  [AT] "AT+CIPSEND=24" (13)
23:02:23  [AT] " S,1056,0F,00,1281,P1,4C" (24)
23:02:23  [AT] "SEND OK" (7)
23:02:24  [TX] S,1057,0F,00,1282,P1,4E
23:02:24  [SLOT] n=1069 tx=23 ack=0 due=0 r=1
23:02:24  [AT] "AT+CIPSEND=24" (13)
23:02:24  [AT] " S,1057,0F,00,1282,P1,4E" (24)
23:02:24  [AT] "SEND OK" (7)
23:02:26  [TX] S,1058,0F,00,1284,P1,47
23:02:26  [SLOT] n=1070 tx=23 ack=0 due=0 r=1
23:02:26  [AT] "AT+CIPSEND=24" (13)
23:02:26  [AT] " S,1058,0F,00,1284,P1,47" (24)
23:02:26  [AT] "SEND OK" (7)
23:02:27  [TX] S,1059,0F,00,1285,P1,47
23:02:27  [SLOT] n=1071 tx=23 ack=0 due=0 r=1
23:02:27  [AT] "AT+CIPSEND=24" (13)
23:02:27  [AT] " S,1059,0F,00,1285,P1,47" (24)
23:02:27  [AT] "SEND OK" (7)
23:02:28  [TX] S,1060,0F,00,1286,P1,4E
23:02:28  [SLOT] n=1072 tx=23 ack=0 due=0 r=1
23:02:28  [AT] "AT+CIPSEND=24" (13)
23:02:28  [AT] " S,1060,0F,00,1286,P1,4E" (24)
23:02:28  [AT] "SEND OK" (7)
23:02:29  [TX] S,1061,0F,00,1287,P1,4E
23:02:29  [SLOT] n=1073 tx=23 ack=0 due=0 r=1
23:02:29  [AT] "AT+CIPSEND=24" (13)
23:02:29  [AT] " S,1061,0F,00,1287,P1,4E" (24)
23:02:29  [AT] "SEND OK" (7)
23:02:30  [TX] S,1062,0F,00,1288,P1,42
23:02:30  [SLOT] n=1074 tx=23 ack=0 due=0 r=1
23:02:30  [AT] "AT+CIPSEND=24" (13)
23:02:31  [AT] " S,1062,0F,00,1288,P1,42" (24)
23:02:31  [AT] "SEND OK" (7)
23:02:32  [TX] S,1063,0F,00,1290,P1,4A
23:02:32  [SLOT] n=1075 tx=23 ack=0 due=0 r=1
23:02:32  [AT] "AT+CIPSEND=24" (13)
23:02:32  [AT] " S,1063,0F,00,1290,P1,4A" (24)
23:02:32  [AT] "SEND OK" (7)
23:02:33  [TX] S,1064,0F,00,1291,P1,4C
23:02:33  [SLOT] n=1076 tx=23 ack=0 due=0 r=1
23:02:33  [AT] "AT+CIPSEND=24" (13)
23:02:33  [AT] " S,1064,0F,00,1291,P1,4C" (24)
23:02:33  [AT] "SEND OK" (7)
23:02:34  [TX] S,1065,0F,00,1292,P1,4E
23:02:34  [SLOT] n=1077 tx=23 ack=0 due=0 r=1
23:02:34  [AT] "AT+CIPSEND=24" (13)
23:02:35  [TX-WAIT] 앞 전송의 SEND OK 를 아직 못 봤다 — 이번 주기는 건너뛴다
23:02:35  [SLOT] n=1078 tx=23 ack=0 due=0 r=0
23:02:35  [AT] " S,1065,0F,00,1292,P1,4E" (24)
23:02:35  [AT] "SEND OK" (7)
23:02:36  [TX] S,1066,0F,00,1294,P1,4B
23:02:36  [SLOT] n=1079 tx=23 ack=0 due=0 r=1
23:02:36  [AT] "AT+CIPSEND=24" (13)
23:02:38  [TX-WAIT] 앞 전송의 SEND OK 를 아직 못 봤다 — 이번 주기는 건너뛴다
23:02:38  [SLOT] n=1080 tx=23 ack=0 due=0 r=0
23:02:38  [AT] " S,1066,0F,00,1294,P1,4B" (24)
23:02:38  [AT] "SEND OK" (7)
23:02:39  [TX] S,1067,0F,00,1297,P1,49
23:02:39  [SLOT] n=1081 tx=23 ack=0 due=0 r=1
23:02:39  [AT] "AT+CIPSEND=24" (13)
23:02:39  [AT] " S,1067,0F,00,1297,P1,49" (24)
23:02:39  [AT] "SEND OK" (7)
23:02:40  [TX] S,1068,0F,00,1298,P1,49
23:02:40  [SLOT] n=1082 tx=23 ack=0 due=0 r=1
23:02:40  [AT] "AT+CIPSEND=24" (13)
23:02:40  [AT] " S,1068,0F,00,1298,P1,49" (24)
23:02:40  [AT] "SEND OK" (7)
23:02:41  [TX] S,1069,0F,00,1299,P1,49
23:02:41  [SLOT] n=1083 tx=23 ack=0 due=0 r=1
23:02:41  [AT] "AT+CIPSEND=24" (13)
23:02:41  [AT] " S,1069,0F,00,1299,P1,49" (24)
23:02:41  [AT] "SEND OK" (7)
23:02:42  [TX] S,1070,0F,00,1300,P1,40
23:02:42  [SLOT] n=1084 tx=23 ack=0 due=0 r=1
23:02:42  [AT] "AT+CIPSEND=24" (13)
23:02:42  [AT] " S,1070,0F,00,1300,P1,40" (24)
23:02:42  [AT] "SEND OK" (7)
23:02:44  [TX] S,1071,0F,00,1302,P1,43
23:02:44  [SLOT] n=1085 tx=23 ack=0 due=0 r=1
23:02:44  [AT] "AT+CIPSEND=24" (13)
23:02:45  [TX-WAIT] 앞 전송의 SEND OK 를 아직 못 봤다 — 이번 주기는 건너뛴다
23:02:45  [SLOT] n=1086 tx=23 ack=0 due=0 r=0
23:02:46  [TX-WAIT] ★ T1 초과 — 그래도 계속 기다린다(두들기지 않는다)
23:02:46  [TX-WAIT] 앞 전송의 SEND OK 를 아직 못 봤다 — 이번 주기는 건너뛴다
23:02:46  [SLOT] n=1087 tx=23 ack=0 due=0 r=0
23:02:47  [TX-WAIT] 앞 전송의 SEND OK 를 아직 못 봤다 — 이번 주기는 건너뛴다
23:02:47  [SLOT] n=1088 tx=23 ack=0 due=0 r=0
23:02:47  [AT] " S,1071,0F,00,1302,P1,43" (24)
23:02:47  [AT] "SEND OK" (7)
23:02:48  [TX] S,1072,0F,00,1306,P1,44
23:02:48  [SLOT] n=1089 tx=23 ack=0 due=0 r=1
23:02:48  [AT] "AT+CIPSEND=24" (13)
23:02:48  [AT] " S,1072,0F,00,1306,P1,44" (24)
23:02:48  [AT] "SEND OK" (7)
23:02:50  [TX] S,1073,0F,00,1308,P1,4B
23:02:50  [SLOT] n=1090 tx=23 ack=0 due=0 r=1
23:02:50  [AT] "AT+CIPSEND=24" (13)
23:02:50  [AT] " S,1073,0F,00,1308,P1,4B" (24)
23:02:50  [AT] "SEND OK" (7)
23:02:51  [TX] S,1074,0F,00,1309,P1,4D
23:02:51  [SLOT] n=1091 tx=23 ack=0 due=0 r=1
23:02:51  [AT] "AT+CIPSEND=24" (13)
23:02:51  [AT] " S,1074,0F,00,1309,P1,4D" (24)
23:02:51  [AT] "SEND OK" (7)
23:02:52  [TX] S,1075,0F,00,1310,P1,44
23:02:52  [SLOT] n=1092 tx=23 ack=0 due=0 r=1
23:02:52  [AT] "AT+CIPSEND=24" (13)
23:02:52  [AT] " S,1075,0F,00,1310,P1,44" (24)
23:02:52  [AT] "SEND OK" (7)
23:02:53  [TX] S,1076,0F,00,1311,P1,46
23:02:53  [SLOT] n=1093 tx=23 ack=0 due=0 r=1
23:02:53  [AT] "AT+CIPSEND=24" (13)
23:02:53  [AT] " S,1076,0F,00,1311,P1,46" (24)
23:02:53  [AT] "SEND OK" (7)
23:02:54  [TX] S,1077,0F,00,1312,P1,44
23:02:54  [SLOT] n=1094 tx=23 ack=0 due=0 r=1
23:02:54  [AT] "AT+CIPSEND=24" (13)
23:02:54  [AT] " S,1077,0F,00,1312,P1,44" (24)
23:02:54  [AT] "SEND OK" (7)
23:02:56  [TX] S,1078,0F,00,1314,P1,4D
23:02:56  [SLOT] n=1095 tx=23 ack=0 due=0 r=1
23:02:56  [AT] "AT+CIPSEND=24" (13)
23:02:56  [AT] " S,1078,0F,00,1314,P1,4D" (24)
23:02:56  [AT] "SEND OK" (7)
23:02:57  [TX] S,1079,0F,00,1315,P1,4D
23:02:57  [SLOT] n=1096 tx=23 ack=0 due=0 r=1
23:02:57  [AT] "AT+CIPSEND=24" (13)
23:02:57  [AT] " S,1079,0F,00,1315,P1,4D" (24)
23:02:57  [AT] "SEND OK" (7)
23:02:58  [TX] S,1080,0F,00,1316,P1,48
23:02:58  [SLOT] n=1097 tx=23 ack=0 due=0 r=1
23:02:58  [AT] "AT+CIPSEND=24" (13)
23:02:58  [AT] " S,1080,0F,00,1316,P1,48" (24)
23:02:58  [AT] "SEND OK" (7)
23:02:59  [TX] S,1081,0F,00,1317,P1,48
23:02:59  [SLOT] n=1098 tx=23 ack=0 due=0 r=1
23:02:59  [AT] "AT+CIPSEND=24" (13)
23:02:59  [AT] " S,1081,0F,00,1317,P1,48" (24)
23:02:59  [AT] "SEND OK" (7)
23:03:00  [TX] S,1082,0F,00,1318,P1,44
23:03:00  [SLOT] n=1099 tx=23 ack=0 due=0 r=1
23:03:00  [AT] "AT+CIPSEND=24" (13)
23:03:01  [AT] " S,1082,0F,00,1318,P1,44" (24)
23:03:01  [AT] "SEND OK" (7)
23:03:02  [TX] S,1083,0F,00,1320,P1,4E
23:03:02  [SLOT] n=1100 tx=23 ack=0 due=0 r=1
23:03:02  [CNT] up=1320 drop=0 esprst=0 hwrst=0/0 resync=0 sendfail=0 okto=1 stuck=0 ackq=0 ackdrop=0 ackstale=0 slot=1100 oow=1 smiss=3 ssovf=0 cksumng=0 okstream=1082 penddrop=0 pendfill=1084 bigfill=4 bigdrop=0 bigokst=4 oklost=0 bigoklost=0 skip=6 online=1
23:03:02  [RAM] 최저 여유 571 B · 프롬프트 재동기 0회 (서버의 '버린줄' 과 맞아야 한다)
23:03:02  [AT] " S,1083,0F,00,1320,P1,4E" (24)
23:03:02  [AT] "SEND OK" (7)
23:03:02  [AT] "AT+CIPSEND=24" (13)
23:03:03  «tap» 살아있음 — 최근 60초 rx=7908B (이 줄이 끊기면 탭이 죽은 것이다)
23:03:03  [TX] S,1084,0F,00,1321,P1,48
23:03:03  [SLOT] n=1101 tx=23 ack=0 due=0 r=1
23:03:03  [AT] "AT+CIPSEND=24" (13)
23:03:03  [AT] " S,1084,0F,00,1321,P1,48" (24)
23:03:03  [AT] "SEND OK" (7)
23:03:04  [TX] S,1085,0F,00,1322,P1,4A
23:03:04  [SLOT] n=1102 tx=23 ack=0 due=0 r=1
23:03:04  [AT] "AT+CIPSEND=24" (13)
23:03:04  [AT] " S,1085,0F,00,1322,P1,4A" (24)
23:03:04  [AT] "SEND OK" (7)
23:03:05  [TX] S,1086,0F,00,1323,P1,48
23:03:05  [SLOT] n=1103 tx=23 ack=0 due=0 r=1
23:03:05  [AT] "AT+CIPSEND=24" (13)
23:03:05  [AT] " S,1086,0F,00,1323,P1,48" (24)
23:03:05  [AT] "SEND OK" (7)
23:03:06  [TX] S,1087,0F,00,1324,P1,4E
23:03:06  [SLOT] n=1104 tx=23 ack=0 due=0 r=1
23:03:06  [AT] "AT+CIPSEND=24" (13)
23:03:06  [AT] " S,1087,0F,00,1324,P1,4E" (24)
23:03:06  [AT] "SEND OK" (7)
23:03:08  [TX] S,1088,0F,00,1326,P1,43
23:03:08  [SLOT] n=1105 tx=23 ack=0 due=0 r=1
23:03:08  [AT] "AT+CIPSEND=24" (13)
23:03:08  [AT] " S,1088,0F,00,1326,P1,43" (24)
23:03:08  [AT] "SEND OK" (7)
23:03:09  [TX] S,1089,0F,00,1327,P1,43
23:03:09  [SLOT] n=1106 tx=23 ack=0 due=0 r=1
23:03:09  [AT] "AT+CIPSEND=24" (13)
23:03:09  [AT] " S,1089,0F,00,1327,P1,43" (24)
23:03:09  [AT] "SEND OK" (7)
23:03:10  [TX] S,1090,0F,00,1328,P1,44
23:03:10  [SLOT] n=1107 tx=23 ack=0 due=0 r=1
23:03:10  [AT] "AT+CIPSEND=24" (13)
23:03:10  [AT] " S,109`,0F,00,1328,P1,44" (24)
23:03:10  [AT] "SEND OK" (7)
23:03:11  [TX] S,1091,0F,00,1329,P1,44
23:03:11  [SLOT] n=1108 tx=23 ack=0 due=0 r=1
23:03:11  [AT] "AT+CIPSEND=24" (13)
23:03:11  [AT] " S,1091,0F,00,1329,P1,44" (24)
23:03:11  [AT] "SEND OK" (7)
23:03:12  [TX] S,1092,0F,00,1330,P1,4F
23:03:12  [SLOT] n=1109 tx=23 ack=0 due=0 r=1
23:03:12  [AT] "AT+CIPSEND=24" (13)
23:03:12  [AT] " S,1092,0F,00,1330,P1,4F" (24)
23:03:12  [AT] "SEND OK" (7)
23:03:14  [TX] S,1093,0F,00,1332,P1,4C
23:03:14  [SLOT] n=1110 tx=23 ack=0 due=0 r=1
23:03:14  [AT] "AT+CIPSEND=24" (13)
23:03:14  [AT] " S,1093,0F,00,1332,P1,4C" (24)
23:03:14  [AT] "SEND OK" (7)
23:03:15  [TX] S,1094,0F,00,1333,P1,4A
23:03:15  [SLOT] n=1111 tx=23 ack=0 due=0 r=1
23:03:15  [AT] "AT+CIPSEND=24" (13)
23:03:15  [AT] " S,1094,0F,00,1333,P1,4A" (24)
23:03:15  [AT] "SEND OK" (7)
23:03:16  [TX] S,1095,0F,00,1334,P1,4C
23:03:16  [SLOT] n=1112 tx=23 ack=0 due=0 r=1
23:03:16  [AT] "AT+CIPSEND=24" (13)
23:03:16  [AT] " S,1095,0F,00,1334,P1,4C" (24)
23:03:16  [AT] "SEND OK" (7)
23:03:17  [TX] S,1096,0F,00,1335,P1,4E
23:03:17  [SLOT] n=1113 tx=23 ack=0 due=0 r=1
23:03:17  [AT] "ATWCIPSEND=24" (13)
23:03:17  [AT] " S,1096,0F,00,1335,P1,4E" (24)
23:03:17  [AT] "SEND OK" (7)
23:03:18  [TX] S,1097,0F,00,1336,P1,4C
23:03:18  [SLOT] n=1114 tx=23 ack=0 due=0 r=1
23:03:18  [AT] "AT+CIPSEND=24" (13)
23:03:18  [AT] " S,1097,0F,00,1336,P1,4C" (24)
23:03:18  [AT] "SEND OK" (7)
23:03:20  [TX] S,1098,0F,00,1338,P1,4D
23:03:20  [SLOT] n=1115 tx=23 ack=0 due=0 r=1
23:03:20  [AT] "AT+CIPSEND=24" (13)
23:03:20  [AT] " S,1098,0F,00,1338,P1,4D" (24)
23:03:20  [AT] "SEND OK" (7)
23:03:21  [TX] S,1099,0F,00,1339,P1,4D
23:03:21  [SLOT] n=1116 tx=23 ack=0 due=0 r=1
23:03:21  [AT] "AT+CIPSEND=24" (13)
23:03:21  [AT] " S,1099,0F,00,1339,P1,4D" (24)
23:03:21  [AT] "SEND OK" (7)
23:03:22  [TX] S,1100,0F,00,1340,P1,42
23:03:22  [SLOT] n=1117 tx=23 ack=0 due=0 r=1
23:03:22  [AT] "AT+CIPSEND=24" (13)
23:03:22  [AT] " S,1100,0F,00,1340,P1,42" (24)
23:03:22  [AT] "SEND OK" (7)
23:03:23  [TX] S,1101,0F,00,1341,P1,42
23:03:23  [SLOT] n=1118 tx=23 ack=0 due=0 r=1
23:03:23  [AT] "AT+CIPSEND=24" (13)
23:03:23  [AT] " S,1101,0F,00,1341,P1,42" (24)
23:03:23  [AT] "SEND OK" (7)
23:03:24  [TX] S,1102,0F,00,1342,P1,42
23:03:24  [SLOT] n=1119 tx=23 ack=0 due=0 r=1
23:03:24  [AT] "AT+CIPSEND=24" (13)
23:03:24  [AT] " S,1102,0F,00,1342,P1,42" (24)
23:03:24  [AT] "SEND OK" (7)
23:03:26  [TX] S,1103,0F,00,1344,P1,45
23:03:26  [SLOT] n=1120 tx=23 ack=0 due=0 r=1
23:03:26  [AT] "AT+CIPSEND=24" (13)
23:03:26  [AT] " S,1103,0F,00,1344,P1,45" (24)
23:03:26  [AT] "SEND OK" (7)
23:03:27  [TX] S,1104,0F,00,1345,P1,43
23:03:27  [SLOT] n=1121 tx=23 ack=0 due=0 r=1
23:03:27  [AT] "AT+CIPSEND=24" (13)
23:03:27  [AT] " S,1104,0F,00,1345,P1,43" (24)
23:03:27  [AT] "SEND OK" (7)
23:03:28  [TX] S,1105,0F,00,1346,P1,41
23:03:28  [SLOT] n=1122 tx=23 ack=0 due=0 r=1
23:03:28  [AT] "AT+CIPSEND=24" (13)
23:03:28  [AT] " S,1105,0F,00,1346,P1,41" (24)
23:03:28  [AT] "SEND OK" (7)
23:03:29  [TX] S,1106,0F,00,1347,P1,43
23:03:29  [SLOT] n=1123 tx=23 ack=0 due=0 r=1
23:03:29  [AT] "AT+CIPSEND=24" (13)
23:03:29  [AT] " S,1106,0F,00,1347,P1,43" (24)
23:03:29  [AT] "SEND OK" (7)
23:03:30  [TX] S,1107,0F,00,1348,P1,4D
23:03:30  [SLOT] n=1124 tx=23 ack=0 due=0 r=1
23:03:30  [AT] "AT+CIPSEND=24" (13)
23:03:30  [AT] " S,1107,0F,00,1348,P1,4D" (24)
23:03:30  [AT] "SEND OK" (7)
23:03:32  [TX] S,1108,0F,00,1350,P1,4B
23:03:32  [SLOT] n=1125 tx=23 ack=0 due=0 r=1
23:03:32  [AT] "AT+CIPSEND=24" (13)
23:03:32  [AT] " S,1108,0F,00,1350,P1,4B" (24)
23:03:32  [AT] "SEND OK" (7)
23:03:33  [TX] S,1109,0F,00,1351,P1,4B
23:03:33  [SLOT] n=1126 tx=23 ack=0 due=0 r=1
23:03:33  [AT] "AT+CIPSEND=24" (13)
23:03:33  [AT] " S,1109,0F,00,1351,P1,4B" (24)
23:03:33  [AT] "SEND OK" (7)
23:03:34  [TX] S,1110,0F,00,1352,P1,40
23:03:34  [SLOT] n=1127 tx=23 ack=0 due=0 r=1
23:03:34  [AT] "AT+CIPSEND=24" (13)
23:03:34  [AT] " S,1110,0F,00,1352,P1,40" (24)
23:03:34  [AT] "SEND OK" (7)
23:03:35  [TX] S,1111,0F,00,1353,P1,40
23:03:35  [SLOT] n=1128 tx=23 ack=0 due=0 r=1
23:03:35  [AT] "AT+CIPSEND=24" (13)
23:03:35  [AT] " S,1111,0F,00,1353,P1,40" (24)
23:03:35  [AT] "SEND OK" (7)
23:03:36  [TX] S,1112,0F,00,1354,P1,44
23:03:36  [SLOT] n=1129 tx=23 ack=0 due=0 r=1
23:03:36  [AT] "AT+CIPSEND=24" (13)
23:03:36  [AT] " S,1112,0F,00,1354,P1,44" (24)
23:03:36  [AT] "SEND OK" (7)
23:03:38  [TX] S,1113,0F,00,1356,P1,47
23:03:38  [SLOT] n=1130 tx=23 ack=0 due=0 r=1
23:03:38  [AT] "AT+CIPSEND=24" (13)
23:03:38  [AT] " S,1113,0F,00,1356,P1,47" (24)
23:03:38  [AT] "SEND OK" (7)
23:03:39  [TX] S,1114,0F,00,1357,P1,41
23:03:39  [SLOT] n=1131 tx=23 ack=0 due=0 r=1
23:03:39  [AT] "AT+CIPSEND=24" (13)
23:03:39  [AT] " S,1114,0F,00,1357,P1,41" (24)
23:03:39  [AT] "SEND OK" (7)
23:03:40  [TX] S,1115,0F,00,1358,P1,4F
23:03:40  [SLOT] n=1132 tx=23 ack=0 due=0 r=1
23:03:40  [AT] "AT+CIPSEND=24" (13)
23:03:40  [AT] " S,1115,0F,00,1358,P1,4F" (24)
23:03:40  [AT] "SEND OK" (7)
23:03:41  [TX] S,1116,0F,00,1359,P1,4D
23:03:41  [SLOT] n=1133 tx=23 ack=0 due=0 r=1
23:03:41  [AT] "AT+CIPSEND=24" (13)
23:03:41  [AT] " S,1116,0F,00,1359,P1,4D" (24)
23:03:41  [AT] "SEND OK" (7)
23:03:42  [TX] S,1117,0F,00,1360,P1,46
23:03:42  [SLOT] n=1134 tx=23 ack=0 due=0 r=1
23:03:42  [AT] "AT+CIPSEND=24" (13)
23:03:42  [AT] " S,1117,0F,00,1360,P1,46" (24)
23:03:42  [AT] "SEND OK" (7)
23:03:44  [TX] S,1118,0F,00,1362,P1,4B
23:03:44  [SLOT] n=1135 tx=23 ack=0 due=0 r=1
23:03:44  [AT] "AT+CIPSEND=24" (13)
23:03:44  [AT] " S,1118,0F,00,1362,P1,4B" (24)
23:03:44  [AT] "SEND OK" (7)
23:03:45  [TX] S,1119,0F,00,1363,P1,4B
23:03:45  [SLOT] n=1136 tx=23 ack=0 due=0 r=1
23:03:45  [AT] "AT+CIPSEND=24" (13)
23:03:45  [AT] " S,1119,0F,00,1363,P1,4B" (24)
23:03:45  [AT] "SEND OK" (7)
23:03:46  [TX] S,1120,0F,00,1364,P1,46
23:03:46  [SLOT] n=1137 tx=23 ack=0 due=0 r=1
23:03:46  [AT] "AT+CIPSEND=24" (13)
23:03:46  [AT] " S,1120,0F,00,1364,P1,46" (24)
23:03:46  [AT] "SEND OK" (7)
23:03:47  [TX] S,1121,0F,00,1365,P1,46
23:03:47  [SLOT] n=1138 tx=23 ack=0 due=0 r=1
23:03:47  [AT] "AT+CIPSEND=24" (13)
23:03:47  [AT] " S,1121,0F,00,1365,P1,46" (24)
23:03:47  [AT] "SEND OK" (7)
23:03:48  [TX] S,1122,0F,00,1366,P1,46
23:03:48  [SLOT] n=1139 tx=23 ack=0 due=0 r=1
23:03:48  [AT] "AT+CIPSEND=24" (13)
23:03:48  [AT] " S,1122,0F,00,1366,P1,46" (24)
23:03:48  [AT] "SEND OK" (7)
23:03:50  [TX] S,1123,0F,00,1368,P1,49
23:03:50  [SLOT] n=1140 tx=23 ack=0 due=0 r=1
23:03:50  [AT] "AT+CIPSEND=24" (13)
23:03:50  [AT] " S,1123,0F,00,1368,P1,49" (24)
23:03:50  [AT] "SEND OK" (7)
23:03:51  [TX] S,1124,0F,00,1369,P1,4F
23:03:51  [SLOT] n=1141 tx=23 ack=0 due=0 r=1
23:03:51  [AT] "AT+CIPSEND=24" (13)
23:03:51  [AT] " S,1124,0F,00,1369,P1,4F" (24)
23:03:51  [AT] "SEND OK" (7)
23:03:52  [TX] S,1125,0F,00,1370,P1,46
23:03:52  [SLOT] n=1142 tx=23 ack=0 due=0 r=1
23:03:52  [AT] "AT+CIPSEND=24" (13)
23:03:52  [AT] " S,1125,0F,00,1370,P1,46" (24)
23:03:52  [AT] "SEND OK" (7)
23:03:53  [TX] S,1126,0F,00,1371,P1,44
23:03:53  [SLOT] n=1143 tx=23 ack=0 due=0 r=1
23:03:53  [AT] "AT+CIPSEND=24" (13)
23:03:53  [AT] " S,1126,0F,00,1371,P1,44" (24)
23:03:53  [AT] "SEND OK" (7)
23:03:54  [TX] S,1127,0F,00,1372,P1,46
23:03:54  [SLOT] n=1144 tx=23 ack=0 due=0 r=1
23:03:54  [AT] "AT+CIPSEND=24" (13)
23:03:54  [AT] " S,1127,0F,00,1372,P1,46" (24)
23:03:54  [AT] "SEND OK" (7)
23:03:55  [TX] S,1128,0F,00,1374,P1,4F
23:03:55  [SLOT] n=1145 tx=23 ack=0 due=0 r=1
23:03:56  [AT] "AT+CIPSEND=24" (13)
23:03:56  [AT] " S,1128,0F,00,1374,P1,4F" (24)
23:03:56  [AT] "SEND OK" (7)
23:03:57  [TX] S,1129,0F,00,1375,P1,4F
23:03:57  [SLOT] n=1146 tx=23 ack=0 due=0 r=1
23:03:57  [AT] "AT+CIPSEND=24" (13)
23:03:57  [AT] " S,1129,0F,00,1375,P1,4F" (24)
23:03:57  [AT] "SEND OK" (7)
23:03:58  [TX] S,1130,0F,00,1376,P1,44
23:03:58  [SLOT] n=1147 tx=23 ack=0 due=0 r=1
23:03:58  [AT] "AT+CIPSEND=24" (13)
23:03:58  [AT] " S,1130,0F,00,1376,P1,44" (24)
23:03:58  [AT] "SEND OK" (7)
23:03:59  [TX] S,1131,0F,00,1377,P1,44
23:03:59  [SLOT] n=1148 tx=23 ack=0 due=0 r=1
23:03:59  [AT] "AT+CIPSEND=24" (13)
23:03:59  [AT] " S,1131,0F,00,1377,P1,44" (24)
23:03:59  [AT] "SEND OK" (7)
23:04:00  [TX] S,1132,0F,00,1378,P1,48
23:04:00  [SLOT] n=1149 tx=23 ack=0 due=0 r=1
23:04:00  [AT] "AT+CIPSEND=24" (13)
23:04:00  [AT] " S,1132,0F,00,1378,P1,48" (24)
23:04:00  [AT] "SEND OK" (7)
23:04:01  [TX] S,1133,0F,00,1380,P1,4E
23:04:01  [SLOT] n=1150 tx=23 ack=0 due=0 r=1
23:04:02  [CNT] up=1380 drop=0 esprst=0 hwrst=0/0 resync=0 sendfail=0 okto=1 stuck=0 ackq=0 ackdrop=0 ackstale=0 slot=1150 oow=1 smiss=3 ssovf=0 cksumng=0 okstream=1132 penddrop=0 pendfill=1134 bigfill=4 bigdrop=0 bigokst=4 oklost=0 bigoklost=0 skip=6 online=1
23:04:02  [RAM] 최저 여유 571 B · 프롬프트 재동기 0회 (서버의 '버린줄' 과 맞아야 한다)
23:04:02  [AT] " S,1133,0F,00,1380,P1,4E" (24)
23:04:02  [AT] "SEND OK" (7)
23:04:02  [AT] "AT+CIPSEND=24" (13)
23:04:03  «tap» 살아있음 — 최근 60초 rx=7955B (이 줄이 끊기면 탭이 죽은 것이다)
23:04:03  [TX] S,1134,0F,00,1381,P1,48
23:04:03  [SLOT] n=1151 tx=23 ack=0 due=0 r=1
23:04:03  [AT] "AT+CIPSEND=24" (13)
23:04:03  [AT] " S,1134,0F,00,1381,P1,48" (24)
23:04:03  [AT] "SEND OK" (7)
23:04:04  [TX] S,1135,0F,00,1382,P1,4A
23:04:04  [SLOT] n=1152 tx=23 ack=0 due=0 r=1
23:04:04  [AT] "AT+CIPSEND=24" (13)
23:04:04  [AT] " S,1135,0F,00,1382,P1,4A" (24)
23:04:04  [AT] "SEND OK" (7)
23:04:05  [TX] S,1136,0F,00,1383,P1,48
23:04:05  [SLOT] n=1153 tx=23 ack=0 due=0 r=1
23:04:05  [AT] "AT+CIPSEND=24" (13)
23:04:05  [AT] " S,1136,0F,00,1383,P1,48" (24)
23:04:05  [AT] "SEND OK" (7)
23:04:06  [TX] S,1137,0F,00,1384,P1,4E
23:04:06  [SLOT] n=1154 tx=23 ack=0 due=0 r=1
23:04:06  [AT] "AT+CIPSEND=24" (13)
23:04:06  [AT] " S,1137,0F,00,1384,P1,4E" (24)
23:04:06  [AT] "SEND OK" (7)
23:04:07  [TX] S,1138,0F,00,1386,P1,43
23:04:07  [SLOT] n=1155 tx=23 ack=0 due=0 r=1
23:04:07  [AT] "AT+CIPSEND=24" (13)
23:04:08  [AT] " S,1138,0F,00,1386,P1,43" (24)
23:04:08  [AT] "SEND OK" (7)
23:04:09  [TX] S,1139,0F,00,1387,P1,43
23:04:09  [SLOT] n=1156 tx=23 ack=0 due=0 r=1
23:04:09  [AT] "AT+CIPSEND=24" (13)
23:04:09  [AT] " S,1139,0F,00,1387,P1,43" (24)
23:04:09  [AT] "SEND OK" (7)
23:04:10  [TX] S,1140,0F,00,1388,P1,42
23:04:10  [SLOT] n=1157 tx=23 ack=0 due=0 r=1
23:04:10  [AT] "AT+CIPSEND=24" (13)
23:04:10  [AT] " S,1140,0F,00,1388,P1,42" (24)
23:04:10  [AT] "SEND OK" (7)
23:04:11  [TX] S,1141,0F,00,1389,P1,42
23:04:11  [SLOT] n=1158 tx=23 ack=0 due=0 r=1
23:04:11  [AT] "AT+CIPSEND=24" (13)
23:04:11  [AT] " S,1141,0F,00,1389,P1,42" (24)
23:04:11  [AT] "SEND OK" (7)
23:04:12  [TX] S,1142,0F,00,1390,P1,49
23:04:12  [SLOT] n=1159 tx=23 ack=0 due=0 r=1
23:04:12  [AT] "AT+CIPSEND=24" (13)
23:04:12  [AT] " S,1142,0F,00,1390,P1,49" (24)
23:04:12  [AT] "SEND OK" (7)
23:04:13  [TX] S,1143,0F,00,1392,P1,4A
23:04:13  [SLOT] n=1160 tx=23 ack=0 due=0 r=1
23:04:13  [AT] "AT+CIPSEND=24" (13)
23:04:13  [AT] " S,1143,0F,00,1392,P1,4A" (24)
23:04:13  [AT] "SEND OK" (7)
23:04:15  [TX] S,1144,0F,00,1393,P1,4C
23:04:15  [SLOT] n=1161 tx=23 ack=0 due=0 r=1
23:04:15  [AT] "AT+CIPSEND=24" (13)
23:04:15  [AT] " S,1144,0F,00,1393,P1,4C" (24)
23:04:15  [AT] "SEND OK" (7)
23:04:16  [TX] S,1145,0F,00,1394,P1,4A
23:04:16  [SLOT] n=1162 tx=23 ack=0 due=0 r=1
23:04:16  [AT] "AT+CIPSEND=24" (13)
23:04:16  [AT] " S,1145,0F,00,1394,P1,4A" (24)
23:04:16  [AT] "SEND OK" (7)
23:04:17  [TX] S,1146,0F,00,1395,P1,48
23:04:17  [SLOT] n=1163 tx=23 ack=0 due=0 r=1
23:04:17  [AT] "AT+CIPSEND=24" (13)
23:04:17  [AT] " S,1146,0F,00,1395,P1,48" (24)
23:04:17  [AT] "SEND OK" (7)
23:04:18  [TX] S,1147,0F,00,1396,P1,4A
23:04:18  [SLOT] n=1164 tx=23 ack=0 due=0 r=1
23:04:18  [AT] "AT+CIPSEND=24" (13)
23:04:18  [AT] " S,1147,0F,00,1396,P1,4A" (24)
23:04:18  [AT] "SEND OK" (7)
23:04:19  [TX] S,1148,0F,00,1398,P1,4B
23:04:19  [SLOT] n=1165 tx=23 ack=0 due=0 r=1
23:04:19  [AT] "AT+CIPSEND=24" (13)
23:04:20  [AT] " S,1148,0F,00,1398,P1,4B" (24)
23:04:20  [AT] "SEND OK" (7)
23:04:21  [TX] S,1149,0F,00,1399,P1,4B
23:04:21  [SLOT] n=1166 tx=23 ack=0 due=0 r=1
23:04:21  [AT] "AT+CIPSEND=24" (13)
23:04:21  [AT] " S,1149,0F,00,1399,P1,4B" (24)
23:04:21  [AT] "SEND OK" (7)
23:04:23  [TX] S,1150,0F,00,1400,P1,44
23:04:23  [SLOT] n=1167 tx=23 ack=0 due=0 r=1
23:04:23  [AT] "AT+CIPSEND=24" (13)
23:04:23  [AT] " S,1150,0F,00,1400,P1,44" (24)
23:04:23  [AT] "SEND OK" (7)
23:04:24  [TX] S,1151,0F,00,1401,P1,44
23:04:24  [SLOT] n=1168 tx=23 ack=0 due=0 r=1
23:04:24  [AT] "AT+CIPSEND=24" (13)
23:04:24  [AT] " S,1151,0F,00,1401,P1,44" (24)
23:04:24  [AT] "SEND OK" (7)
23:04:25  [TX] S,1152,0F,00,1402,P1,44
23:04:25  [SLOT] n=1169 tx=23 ack=0 due=0 r=1
23:04:25  [AT] "AT+CIPSEND=24" (13)
23:04:25  [AT] " S,1152,0F,00,1402,P1,44" (24)
23:04:25  [AT] "SEND OK" (7)
23:04:26  [TX] S,1153,0F,00,1404,P1,43
23:04:26  [SLOT] n=1170 tx=23 ack=0 due=0 r=1
23:04:26  [AT] "AT+CIPSEND=24" (13)
23:04:27  [AT] " S,1153,0F,00,1404,P1,43" (24)
23:04:27  [AT] "SEND OK" (7)
23:04:28  [TX] S,1154,0F,00,1405,P1,45
23:04:28  [SLOT] n=1171 tx=23 ack=0 due=0 r=1
23:04:28  [AT] "AT+CIPSEND=24" (13)
23:04:28  [AT] " S,1154,0F,00,1405,P1,45" (24)
23:04:28  [AT] "SEND OK" (7)
23:04:29  [TX] S,1155,0F,00,1406,P1,47
23:04:29  [SLOT] n=1172 tx=23 ack=0 due=0 r=1
23:04:29  [AT] "AT+CIPSEND=24" (13)
23:04:29  [AT] " S,1155,0F,00,1406,P1,47" (24)
23:04:29  [AT] "SEND OK" (7)
23:04:30  [TX] S,1156,0F,00,1407,P1,45
23:04:30  [SLOT] n=1173 tx=23 ack=0 due=0 r=1
23:04:30  [AT] "AT+CIPSEND=24" (13)
23:04:30  [AT] " S,1156,0F,00,1407,P1,45" (24)
23:04:30  [AT] "SEND OK" (7)
23:04:31  [TX] S,1157,0F,00,1408,P1,4B
23:04:31  [SLOT] n=1174 tx=23 ack=0 due=0 r=1
23:04:31  [AT] "AT+CIPSEND=24" (13)
23:04:31  [AT] " S,1157,0F,00,1408,P1,4B" (24)
23:04:31  [AT] "SEND OK" (7)
23:04:32  [TX] S,1158,0F,00,1410,P1,4D
23:04:32  [SLOT] n=1175 tx=23 ack=0 due=0 r=1
23:04:32  [AT] "AT+CIPSEND=24" (13)
23:04:32  [AT] " S,1158,0F,00,1410,P1,4D" (24)
23:04:32  [AT] "SEND OK" (7)
23:04:34  [TX] S,1159,0F,00,1411,P1,4D
23:04:34  [SLOT] n=1176 tx=23 ack=0 due=0 r=1
23:04:34  [AT] "AT+CIPSEND=24" (13)
23:04:34  [AT] " S,1159,0F,00,1411,P1,4D" (24)
23:04:34  [AT] "SEND OK" (7)
23:04:35  [TX] S,1160,0F,00,1412,P1,44
23:04:35  [SLOT] n=1177 tx=23 ack=0 due=0 r=1
23:04:35  [AT] "AT+CIPSEND=24" (13)
23:04:35  [AT] " S,1160,0F,00,1412,P1,44" (24)
23:04:35  [AT] "SEND OK" (7)
23:04:36  [TX] S,1161,0F,00,1413,P1,44
23:04:36  [SLOT] n=1178 tx=23 ack=0 due=0 r=1
23:04:36  [AT] "AT+CIPSEND=24" (13)
23:04:36  [AT] " S,1161,0F,00,1413,P1,44" (24)
23:04:36  [AT] "SEND OK" (7)
23:04:37  [TX] S,1162,0F,00,1414,P1,40
23:04:37  [SLOT] n=1179 tx=23 ack=0 due=0 r=1
23:04:37  [AT] "AT+CIPSEND=24" (13)
23:04:37  [AT] " S,1162,0F,00,1414,P1,40" (24)
23:04:37  [AT] "SEND OK" (7)
23:04:38  [TX] S,1163,0F,00,1416,P1,43
23:04:38  [SLOT] n=1180 tx=23 ack=0 due=0 r=1
23:04:38  [AT] "AT+CIPSEND=24" (13)
23:04:38  [AT] " S,1163,0F,00,1416,P1,43" (24)
23:04:38  [AT] "SEND OK" (7)
23:04:40  [TX] S,1164,0F,00,1417,P1,45
23:04:40  [SLOT] n=1181 tx=23 ack=0 due=0 r=1
23:04:40  [AT] "AT+CIPSEND=24" (13)
23:04:40  [AT] " S,1164,0F,00,1417,P1,45" (24)
23:04:40  [AT] "SEND OK" (7)
23:04:41  [TX] S,1165,0F,00,1418,P1,4B
23:04:41  [SLOT] n=1182 tx=23 ack=0 due=0 r=1
23:04:41  [AT] "AT+CIPSEND=24" (13)
23:04:41  [AT] " S,1165,0F,00,1418,P1,4B" (24)
23:04:41  [AT] "SEND OK" (7)
23:04:42  [TX] S,1166,0F,00,1419,P1,49
23:04:42  [SLOT] n=1183 tx=23 ack=0 due=0 r=1
23:04:42  [AT] "AT+CIPSEND=24" (13)
23:04:42  [AT] " S,1166,0F,00,1419,P1,49" (24)
23:04:42  [AT] "SEND OK" (7)
23:04:43  [TX] S,1167,0F,00,1420,P1,42
23:04:43  [SLOT] n=1184 tx=23 ack=0 due=0 r=1
23:04:43  [AT] "AT+CIPSEND=24" (13)
23:04:43  [AT] " S,1167,0F,00,1420,P1,42" (24)
23:04:43  [AT] "SEND OK" (7)
23:04:44  [TX] S,1168,0F,00,1422,P1,4F
23:04:44  [SLOT] n=1185 tx=23 ack=0 due=0 r=1
23:04:44  [AT] "AT+CIPSEND=24" (13)
23:04:44  [AT] " S,1168,0F,00,1422,P1,4F" (24)
23:04:44  [AT] "SEND OK" (7)
23:04:46  [TX] S,1169,0F,00,1423,P1,4F
23:04:46  [SLOT] n=1186 tx=23 ack=0 due=0 r=1
23:04:46  [AT] "AT+CIPSEND=24" (13)
23:04:46  [AT] " S,1169,0F,00,1423,P1,4F" (24)
23:04:46  [AT] "SEND OK" (7)
23:04:47  [TX] S,1170,0F,00,1424,P1,40
23:04:47  [SLOT] n=1187 tx=23 ack=0 due=0 r=1
23:04:47  [AT] "AT+CIPSEND=24" (13)
23:04:47  [AT] " S,1170,0F,00,1424,P1,40" (24)
23:04:47  [AT] "SEND OK" (7)
23:04:48  [TX] S,1171,0F,00,1425,P1,40
23:04:48  [SLOT] n=1188 tx=23 ack=0 due=0 r=1
23:04:48  [AT] "AT+CIPSEND=24" (13)
23:04:49  [AT] " S,1171,0F,00,1425,P1,40" (24)
23:04:49  [AT] "SEND OK" (7)
23:04:49  [TX] S,1172,0F,00,1426,P1,40
23:04:49  [SLOT] n=1189 tx=23 ack=0 due=0 r=1
23:04:49  [AT] "AT+CIPSEND=24" (13)
23:04:49  [AT] " S,1172,0F,00,1426,P1,40" (24)
23:04:49  [AT] "SEND OK" (7)
23:04:50  [TX] S,1173,0F,00,1428,P1,4F
23:04:50  [SLOT] n=1190 tx=23 ack=0 due=0 r=1
23:04:50  [AT] "AT+CIPSEND=24" (13)
23:04:50  [AT] " S,1173,0F,00,1428,P1,4F" (24)
23:04:50  [AT] "SEND OK" (7)
23:04:52  [TX] S,1174,0F,00,1429,P1,49
23:04:52  [SLOT] n=1191 tx=23 ack=0 due=0 r=1
23:04:52  [AT] "AT+CIPSEND=24" (13)
23:04:52  [AT] " S,1174,0F,00,1429,P1,49" (24)
23:04:52  [AT] "SEND OK" (7)
23:04:53  [TX] S,1175,0F,00,1430,P1,40
23:04:53  [SLOT] n=1192 tx=23 ack=0 due=0 r=1
23:04:53  [AT] "AT+CIPSEND=24" (13)
23:04:53  [AT] " S,1175,0F,00,1430,P1,40" (24)
23:04:53  [AT] "SEND OK" (7)
23:04:54  [TX] S,1176,0F,00,1431,P1,42
23:04:54  [SLOT] n=1193 tx=23 ack=0 due=0 r=1
23:04:54  [AT] "AT+CIPSEND=24" (13)
23:04:54  [AT] " S,1176,0F,00,1431,P1,42" (24)
23:04:54  [AT] "SEND OK" (7)
23:04:55  [TX] S,1177,0F,00,1432,P1,40
23:04:55  [SLOT] n=1194 tx=23 ack=0 due=0 r=1
23:04:55  [AT] "AT+CIPSEND=24" (13)
23:04:55  [AT] " S,1177,0F,00,1432,P1,40" (24)
23:04:55  [AT] "SEND OK" (7)
23:04:56  [TX] S,1178,0F,00,1434,P1,49
23:04:56  [SLOT] n=1195 tx=23 ack=0 due=0 r=1
23:04:56  [AT] "AT+CIPSEND=24" (13)
23:04:57  [AT] " S,1178,0F,00,1434,P1,49" (24)
23:04:57  [AT] "SEND OK" (7)
23:04:58  [TX] S,1179,0F,00,1435,P1,49
23:04:58  [SLOT] n=1196 tx=23 ack=0 due=0 r=1
23:04:58  [AT] "AT+CIPSEND=24" (13)
23:04:58  [AT] " S,1179,0F,00,1435,P1,49" (24)
23:04:58  [AT] "SEND OK" (7)
23:04:59  [TX] S,1180,0F,00,1436,P1,4C
23:04:59  [SLOT] n=1197 tx=23 ack=0 due=0 r=1
23:04:59  [AT] "AT+CIPSEND=24" (13)
23:04:59  [AT] " S,1180,0F,00,1436,P1,4C" (24)
23:04:59  [AT] "SEND OK" (7)
23:05:00  [TX] S,1181,0F,00,1437,P1,4C
23:05:00  [SLOT] n=1198 tx=23 ack=0 due=0 r=1
23:05:00  [AT] "AT+CIPSEND=24" (13)
23:05:00  [AT] " S,1181,0F,00,1437,P1,4C" (24)
23:05:00  [AT] "SEND OK" (7)
23:05:01  [TX] S,1182,0F,00,1438,P1,40
23:05:01  [SLOT] n=1199 tx=23 ack=0 due=0 r=1
23:05:01  [AT] "AT+CIPSEND=24" (13)
23:05:01  [AT] " S,1182,0F,00,1438,P1,40" (24)
23:05:01  [AT] "SEND OK" (7)
23:05:02  [TX] S,1183,0F,00,1440,P1,4E
23:05:02  [SLOT] n=1200 tx=23 ack=0 due=0 r=1
23:05:02  [CNT] up=1440 drop=0 esprst=0 hwrst=0/0 resync=0 sendfail=0 okto=1 stuck=0 ackq=0 ackdrop=0 ackstale=0 slot=1200 oow=1 smiss=3 ssovf=0 cksumng=0 okstream=1182 penddrop=0 pendfill=1184 bigfill=4 bigdrop=0 bigokst=4 oklost=0 bigoklost=0 skip=6 online=1
23:05:02  [RAM] 최저 여유 571 B · 프롬프트 재동기 0회 (서버의 '버린줄' 과 맞아야 한다)
23:05:02  [AT] " S,1183,0F,00,1440,P1,4E" (24)
23:05:02  [AT] "SEND OK" (7)
23:05:02  [AT] "AT+CIPSEND=24" (13)
23:05:04  «tap» 살아있음 — 최근 60초 rx=7955B (이 줄이 끊기면 탭이 죽은 것이다)
23:05:04  [TX] S,1184,0F,00,1441,P1,48
23:05:04  [SLOT] n=1201 tx=23 ack=0 due=0 r=1
23:05:04  [AT] "AT+CIPSEND=24" (13)
23:05:04  [AT] " S,1184,0F,00,1441,P1,48" (24)
23:05:04  [AT] "SEND OK" (7)
23:05:05  [TX] S,1185,0F,00,1442,P1,4A
23:05:05  [SLOT] n=1202 tx=23 ack=0 due=0 r=1
23:05:05  [AT] "AT+CIPSEND=24" (13)
23:05:05  [AT] " S,1185,0F,00,1442,P1,4A" (24)
23:05:05  [AT] "SEND OK" (7)
23:05:06  [TX] S,1186,0F,00,1443,P1,48
23:05:06  [SLOT] n=1203 tx=23 ack=0 due=0 r=1
23:05:06  [AT] "AT+CIPSEND=24" (13)
23:05:06  [AT] " S,1186,0F,00,1443,P1,48" (24)
23:05:06  [AT] "SEND OK" (7)
23:05:07  [TX] S,1187,0F,00,1444,P1,4E
23:05:07  [SLOT] n=1204 tx=23 ack=0 due=0 r=1
23:05:07  [AT] "AT+CIPSEND=24" (13)
23:05:07  [AT] " S,1187,0F,00,1444,P1,4E" (24)
23:05:07  [AT] "SEND OK" (7)
23:05:08  [TX] S,1188,0F,00,1446,P1,43
23:05:08  [SLOT] n=1205 tx=23 ack=0 due=0 r=1
23:05:08  [AT] "AT+CIPSEND=24" (13)
23:05:08  [AT] " S,1188,0F,00,1446,P1,43" (24)
23:05:08  [AT] "SEND OK" (7)
23:05:10  [TX] S,1189,0F,00,1447,P1,43
23:05:10  [SLOT] n=1206 tx=23 ack=0 due=0 r=1
23:05:10  [AT] "AT+CIPSEND=24" (13)
23:05:10  [AT] " S,1189,0F,00,1447,P1,43" (24)
23:05:10  [AT] "SEND OK" (7)
23:05:11  [TX] S,1190,0F,00,1448,P1,44
23:05:11  [SLOT] n=1207 tx=23 ack=0 due=0 r=1
23:05:11  [AT] "AT+CIPSEND=24" (13)
23:05:11  [AT] " S,1190,0F,00,1448,P1,44" (24)
23:05:11  [AT] "SEND OK" (7)
23:05:12  [TX] S,1191,0F,00,1449,P1,44
23:05:12  [SLOT] n=1208 tx=23 ack=0 due=0 r=1
23:05:12  [AT] "AT+CIPSEND=24" (13)
23:05:12  [AT] " S,1191,0F,00,1449,P1,44" (24)
23:05:12  [AT] "SEND OK" (7)
23:05:13  [TX] S,1192,0F,00,1450,P1,4F
23:05:13  [SLOT] n=1209 tx=23 ack=0 due=0 r=1
23:05:13  [AT] "AT+CIPSEND=24" (13)
23:05:14  [AT] " S,1192,0F,00,1450,P1,4F" (24)
23:05:14  [AT] "SEND OK" (7)
23:05:14  [TX] S,1193,0F,00,1452,P1,4C
23:05:14  [SLOT] n=1210 tx=23 ack=0 due=0 r=1
23:05:14  [AT] "AT+CIPSEND=24" (13)
23:05:14  [AT] " S,1193,0F,00,1452,P1,4C" (24)
23:05:14  [AT] "SEND OK" (7)
23:05:16  [TX] S,1194,0F,00,1453,P1,4A
23:05:16  [SLOT] n=1211 tx=23 ack=0 due=0 r=1
23:05:16  [AT] "AT+CIPSEND=24" (13)
23:05:16  [AT] " S,1194,0F,00,1453,P1,4A" (24)
23:05:16  [AT] "SEND OK" (7)
23:05:17  [TX] S,1195,0F,00,1454,P1,4C
23:05:17  [SLOT] n=1212 tx=23 ack=0 due=0 r=1
23:05:17  [AT] "AT+CIPSEND=24" (13)
23:05:17  [AT] " S,1195,0F,00,1454,P1,4C" (24)
23:05:17  [AT] "SEND OK" (7)
23:05:18  [TX] S,1196,0F,00,1455,P1,4E
23:05:18  [SLOT] n=1213 tx=23 ack=0 due=0 r=1
23:05:18  [AT] "AT+CIPSEND=24" (13)
23:05:18  [AT] " S,1196,0F,00,1455,P1,4E" (24)
23:05:18  [AT] "SEND OK" (7)
23:05:19  [TX] S,1197,0F,00,1456,P1,4C
23:05:19  [SLOT] n=1214 tx=23 ack=0 due=0 r=1
23:05:19  [AT] "AT+CIPSEND=24" (13)
23:05:19  [AT] " S,1197,0F,00,1456,P1,4C" (24)
23:05:19  [AT] "SEND OK" (7)
23:05:20  [TX] S,1198,0F,00,1458,P1,4D
23:05:20  [SLOT] n=1215 tx=23 ack=0 due=0 r=1
23:05:20  [AT] "AT+CIPSEND=24" (13)
23:05:20  [AT] " S,1198,0F,00,1458,P1,4D" (24)
23:05:20  [AT] "SEND OK" (7)
23:05:22  [TX] S,1199,0F,00,1459,P1,4D
23:05:22  [SLOT] n=1216 tx=23 ack=0 due=0 r=1
23:05:22  [AT] "AT+CIPSEND=24" (13)
23:05:22  [AT] " S,1199,0F,00,1459,P1,4D" (24)
23:05:22  [AT] "SEND OK" (7)
23:05:23  [TX] S,1200,0F,00,1460,P1,44
23:05:23  [SLOT] n=1217 tx=23 ack=0 due=0 r=1
23:05:23  [AT] "AT+CIPSEND=24" (13)
23:05:23  [AT] " S,1200,0F,00,1460,P1,44" (24)
23:05:23  [AT] "SEND OK" (7)
23:05:24  [TX] S,1201,0F,00,1461,P1,44
23:05:24  [SLOT] n=1218 tx=23 ack=0 due=0 r=1
23:05:24  [AT] "AT+CIPSEND=24" (13)
23:05:24  [AT] " S,1201,0F,00,1461,P1,44" (24)
23:05:24  [AT] "SEND OK" (7)
23:05:25  [TX] S,1202,0F,00,1462,P1,44
23:05:25  [SLOT] n=1219 tx=23 ack=0 due=0 r=1
23:05:25  [AT] "AT+CIPSEND=24" (13)
23:05:25  [AT] " S,1202,0F,00,1462,P1,44" (24)
23:05:25  [AT] "SEND OK" (7)
23:05:26  [TX] S,1203,0F,00,1464,P1,43
23:05:26  [SLOT] n=1220 tx=23 ack=0 due=0 r=1
23:05:26  [AT] "AT+CIPSEND=24" (13)
23:05:26  [AT] " S,1203,0F,00,1464,P1,43" (24)
23:05:26  [AT] "SEND OK" (7)
23:05:28  [TX] S,1204,0F,00,1465,P1,45
23:05:28  [SLOT] n=1221 tx=23 ack=0 due=0 r=1
23:05:28  [AT] "AT+CIPSEND=24" (13)
23:05:28  [AT] " S,1204,0F,00,1465,P1,45" (24)
23:05:28  [AT] "SEND OK" (7)
23:05:29  [TX] S,1205,0F,00,1466,P1,47
23:05:29  [SLOT] n=1222 tx=23 ack=0 due=0 r=1
23:05:29  [AT] "AT+CIPSEND=24" (13)
23:05:29  [AT] " S,1205,0F,00,1466,P1,47" (24)
23:05:29  [AT] "SEND OK" (7)
23:05:30  [TX] S,1206,0F,00,1467,P1,45
23:05:30  [SLOT] n=1223 tx=23 ack=0 due=0 r=1
23:05:30  [AT] "AT+CIPSEND=24" (13)
23:05:30  [AT] " S,1206,0F,00,1467,P1,45" (24)
23:05:30  [AT] "SEND OK" (7)
23:05:31  [TX] S,1207,0F,00,1468,P1,4B
23:05:31  [SLOT] n=1224 tx=23 ack=0 due=0 r=1
23:05:31  [AT] "AT+CIPSEND=24" (13)
23:05:31  [AT] " S,1207,0F,00,1468,P1,4B" (24)
23:05:31  [AT] "SEND OK" (7)
23:05:32  [TX] S,1208,0F,00,1470,P1,4D
23:05:32  [SLOT] n=1225 tx=23 ack=0 due=0 r=1
23:05:32  [AT] "AT+CIPSEND=24" (13)
23:05:32  [AT] " S,1208,0F,00,1470,P1,4D" (24)
23:05:32  [AT] "SEND OK" (7)
23:05:34  [TX] S,1209,0F,00,1471,P1,4D
23:05:34  [SLOT] n=1226 tx=23 ack=0 due=0 r=1
23:05:34  [AT] "AT+CIPSEND=24" (13)
23:05:34  [AT] " S,1209,0F,00,1471,P1,4D" (24)
23:05:34  [AT] "SEND OK" (7)
23:05:35  [TX] S,1210,0F,00,1472,P1,46
23:05:35  [SLOT] n=1227 tx=23 ack=0 due=0 r=1
23:05:35  [AT] "AT+CIPSEND=24" (13)
23:05:35  [AT] " S,1210,0F,00,1472,P1,46" (24)
23:05:35  [AT] "SEND OK" (7)
23:05:36  [TX] S,1211,0F,00,1473,P1,46
23:05:36  [SLOT] n=1228 tx=23 ack=0 due=0 r=1
23:05:36  [AT] "AT+CIPSEND=24" (13)
23:05:36  [AT] " S,1211,0F,00,1473,P1,46" (24)
23:05:36  [AT] "SEND OK" (7)
23:05:37  [TX] S,1212,0F,00,1474,P1,42
23:05:37  [SLOT] n=1229 tx=23 ack=0 due=0 r=1
23:05:37  [AT] "AT+CIPSEND=24" (13)
23:05:37  [AT] " S,1212,0F,00,1474,P1,42" (24)
23:05:37  [AT] "SEND OK" (7)
23:05:38  [TX] S,1213,0F,00,1476,P1,41
23:05:38  [SLOT] n=1230 tx=23 ack=0 due=0 r=1
23:05:38  [AT] "AT+CIPSEND=24" (13)
23:05:38  [AT] " S,1213,0F,00,1476,P1,41" (24)
23:05:38  [AT] "SEND OK" (7)
23:05:40  [TX] S,1214,0F,00,1477,P1,47
23:05:40  [SLOT] n=1231 tx=23 ack=0 due=0 r=1
23:05:40  [AT] "AT+CIPSEND=24" (13)
23:05:40  [AT] " S,1214,0F,00,1477,P1,47" (24)
23:05:40  [AT] "SEND OK" (7)
23:05:41  [TX] S,1215,0F,00,1478,P1,49
23:05:41  [SLOT] n=1232 tx=23 ack=0 due=0 r=1
23:05:41  [AT] "AT+CIPSEND=24" (13)
23:05:41  [AT] " S,1215,0F,00,1478,P1,49" (24)
23:05:41  [AT] "SEND OK" (7)
23:05:42  [TX] S,1216,0F,00,1479,P1,4B
23:05:42  [SLOT] n=1233 tx=23 ack=0 due=0 r=1
23:05:42  [AT] "AT+CIPSEND=24" (13)
23:05:42  [AT] " S,1216,0F,00,1479,P1,4B" (24)
23:05:42  [AT] "SEND OK" (7)
23:05:43  [TX] S,1217,0F,00,1480,P1,4C
23:05:43  [SLOT] n=1234 tx=23 ack=0 due=0 r=1
23:05:43  [AT] "AT+CIPSEND=24" (13)
23:05:43  [AT] " S,1217,0F,00,1480,P1,4C" (24)
23:05:43  [AT] "SEND OK" (7)
23:05:44  [TX] S,1218,0F,00,1482,P1,41
23:05:44  [SLOT] n=1235 tx=23 ack=0 due=0 r=1
23:05:44  [AT] "AT+CIPSEND=24" (13)
23:05:44  [AT] " S,1218,0F,00,1482,P1,41" (24)
23:05:44  [AT] "SEND OK" (7)
23:05:46  [TX] S,1219,0F,00,1483,P1,41
23:05:46  [SLOT] n=1236 tx=23 ack=0 due=0 r=1
23:05:46  [AT] "AT+CIPSEND=24" (13)
23:05:46  [AT] " S,1219,0F,00,1483,P1,41" (24)
23:05:46  [AT] "SEND OK" (7)
23:05:47  [TX] S,1220,0F,00,1484,P1,4C
23:05:47  [SLOT] n=1237 tx=23 ack=0 due=0 r=1
23:05:47  [AT] "AT+CIPSEND=24" (13)
23:05:47  [AT] " S,1220,0F,00,1484,P1,4C" (24)
23:05:47  [AT] "SEND OK" (7)
23:05:48  [TX] S,1221,0F,00,1485,P1,4C
23:05:48  [SLOT] n=1238 tx=23 ack=0 due=0 r=1
23:05:48  [AT] "AT+CIPSEND=24" (13)
23:05:48  [AT] " S,1221,0F,00,1485,P1,4C" (24)
23:05:48  [AT] "SEND OK" (7)
23:05:49  [TX] S,1222,0F,00,1486,P1,4C
23:05:49  [SLOT] n=1239 tx=23 ack=0 due=0 r=1
23:05:49  [AT] "AT+CIPSEND=24" (13)
23:05:49  [AT] " S,1222,0F,00,1486,P1,4C" (24)
23:05:49  [AT] "SEND OK" (7)
23:05:50  [TX] S,1223,0F,00,1488,P1,43
23:05:50  [SLOT] n=1240 tx=23 ack=0 due=0 r=1
23:05:50  [AT] "AT+CIPSEND=24" (13)
23:05:50  [AT] " S,1223,0F,00,1488,P1,43" (24)
23:05:50  [AT] "SEND OK" (7)
23:05:51  [TX] S,1224,0F,00,1489,P1,45
23:05:51  [SLOT] n=1241 tx=23 ack=0 due=0 r=1
23:05:51  [AT] "AT+CIPSEND=24" (13)
23:05:52  [AT] " S,1224,0F,00,1489,P1,45" (24)
23:05:52  [AT] "SEND OK" (7)
23:05:53  [TX] S,1225,0F,00,1490,P1,4C
23:05:53  [SLOT] n=1242 tx=23 ack=0 due=0 r=1
23:05:53  [AT] "AT+CIPSEND=2h" (13)
23:05:53  [AT] " S,1225,0F,00,1490,P1,4C" (24)
23:05:53  [AT] "SEND OK" (7)
23:05:54  [TX] S,1226,0F,00,1491,P1,4E
23:05:54  [SLOT] n=1243 tx=23 ack=0 due=0 r=1
23:05:54  [AT] "AT+CIPSEND=24" (13)
23:05:54  [AT] " S,1226,0F,00,1491,P1,4E" (24)
23:05:54  [AT] "SEND OK" (7)
23:05:55  [TX] S,1227,0F,00,1492,P1,4C
23:05:55  [SLOT] n=1244 tx=23 ack=0 due=0 r=1
23:05:55  [AT] "AT+CIPSEND=24" (13)
23:05:55  [AT] " S,1227,0F,00,1492,P1,4C" (24)
23:05:55  [AT] "SEND OK" (7)
23:05:56  [TX] S,1228,0F,00,1494,P1,45
23:05:56  [SLOT] n=1245 tx=23 ack=0 due=0 r=1
23:05:56  [AT] "AT+CIPSEND=24" (13)
23:05:56  [AT] " S,1228,0F,00,1494,P1,45" (24)
23:05:56  [AT] "SEND OK" (7)
23:05:57  [TX] S,1229,0F,00,1495,P1,45
23:05:57  [SLOT] n=1246 tx=23 ack=0 due=0 r=1
23:05:57  [AT] "AT+CIPSEND=24" (13)
23:05:58  [AT] " S,1229,0F,00,1495,P1,45" (24)
23:05:58  [AT] "SEND OK" (7)
23:05:59  [TX] S,1230,0F,00,1496,P1,4E
23:05:59  [SLOT] n=1247 tx=23 ack=0 due=0 r=1
23:05:59  [AT] "AT+CIPSEND=24" (13)
23:05:59  [AT] " S,1230,0F,00,1496,P1,4E" (24)
23:05:59  [AT] "SEND OK" (7)
23:06:00  [TX] S,1231,0F,00,1497,P1,4E
23:06:00  [SLOT] n=1248 tx=23 ack=0 due=0 r=1
23:06:00  [AT] "AT+CIPSEND=24" (13)
23:06:00  [AT] " S,1231,0F,00,1497,P1,4E" (24)
23:06:00  [AT] "SEND OK" (7)
23:06:01  [TX] S,1232,0F,00,1498,P1,42
23:06:01  [SLOT] n=1249 tx=23 ack=0 due=0 r=1
23:06:01  [AT] "AT+CIPSEND=24" (13)
23:06:01  [AT] " S,1232,0F,00,1498,P1,42" (24)
23:06:01  [AT] "SEND OK" (7)
23:06:02  [TX] S,1233,0F,00,1500,P1,43
23:06:02  [SLOT] n=1250 tx=23 ack=0 due=0 r=1
23:06:02  [CNT] up=1500 drop=0 esprst=0 hwrst=0/0 resync=0 sendfail=0 okto=1 stuck=0 ackq=0 ackdrop=0 ackstale=0 slot=1250 oow=1 smiss=3 ssovf=0 cksumng=0 okstream=1232 penddrop=0 pendfill=1234 bigfill=4 bigdrop=0 bigokst=4 oklost=0 bigoklost=0 skip=6 online=1
23:06:02  [RAM] 최저 여유 571 B · 프롬프트 재동기 0회 (서버의 '버린줄' 과 맞아야 한다)
23:06:02  [AT] " S,1233,0F,00,1500,P1,43" (24)
23:06:02  [AT] "SEND OK" (7)
23:06:02  [AT] "AT+CIPSEND=24" (13)
23:06:03  [TX] S,1234,0F,00,1501,P1,45
23:06:03  [SLOT] n=1251 tx=23 ack=0 due=0 r=1
23:06:03  [AT] "AT+CIPSEND=24" (13)
23:06:04  «tap» 살아있음 — 최근 60초 rx=8049B (이 줄이 끊기면 탭이 죽은 것이다)
23:06:04  [AT] " S,1234,0F,00,1501,P1,45" (24)
23:06:04  [AT] "SEND OK" (7)
23:06:05  [TX] S,1235,0F,00,1502,P1,47
23:06:05  [SLOT] n=1252 tx=23 ack=0 due=0 r=1
23:06:05  [AT] "AT+CIPSEND=24" (13)
23:06:05  [AT] " S,1235,0F,00,1502,P1,47" (24)
23:06:05  [AT] "SEND OK" (7)
23:06:06  [TX] S,1236,0F,00,1503,P1,45
23:06:06  [SLOT] n=1253 tx=23 ack=0 due=0 r=1
23:06:06  [AT] "AT+CIPSEND=24" (13)
23:06:06  [AT] " S,1236,0F,00,1503,P1,45" (24)
23:06:06  [AT] "SEND OK" (7)
23:06:07  [TX] S,1237,0F,00,1504,P1,43
23:06:07  [SLOT] n=1254 tx=23 ack=0 due=0 r=1
23:06:07  [AT] "AT+CIPSEND=24" (13)
23:06:07  [AT] " S,1237,0F,00,1504,P1,43" (24)
23:06:07  [AT] "SEND OK" (7)
23:06:08  [TX] S,1238,0F,00,1506,P1,4E
23:06:08  [SLOT] n=1255 tx=23 ack=0 due=0 r=1
23:06:08  [AT] "AT+CIPSEND=24" (13)
23:06:08  [AT] " S,1238,0F,00,1506,P1,4E" (24)
23:06:08  [AT] "SEND OK" (7)
23:06:09  [TX] S,1239,0F,00,1507,P1,4E
23:06:09  [SLOT] n=1256 tx=23 ack=0 due=0 r=1
23:06:09  [AT] "AT+CIPSEND=24" (13)
23:06:10  [AT] " S,1239,0F,00,1507,P1,4E" (24)
23:06:10  [AT] "SEND OK" (7)
23:06:11  [TX] S,1240,0F,00,1508,P1,4F
23:06:11  [SLOT] n=1257 tx=23 ack=0 due=0 r=1
23:06:11  [AT] "AT+CIPSEND=24" (13)
23:06:11  [AT] " S,1240,0F,00,1508,P1,4F" (24)
23:06:11  [AT] "SEND OK" (7)
23:06:12  [TX] S,1241,0F,00,1509,P1,4F
23:06:12  [SLOT] n=1258 tx=23 ack=0 due=0 r=1
23:06:12  [AT] "AT+CIPSEND=24" (13)
23:06:12  [AT] " S,1241,0F,00,1509,P1,4F" (24)
23:06:12  [AT] "SEND OK" (7)
23:06:13  [TX] S,1242,0F,00,1510,P1,44
23:06:13  [SLOT] n=1259 tx=23 ack=0 due=0 r=1
23:06:13  [AT] "AT+CIPSEND=24" (13)
23:06:13  [AT] " S,1242,0F,00,1510,P1,44" (24)
23:06:13  [AT] "SEND OK" (7)
23:06:14  [TX] S,1243,0F,00,1512,P1,47
23:06:14  [SLOT] n=1260 tx=23 ack=0 due=0 r=1
23:06:14  [AT] "AT+CIPSEND=24" (13)
23:06:14  [AT] " S,1243,0F,00,1512,P1,47" (24)
23:06:14  [AT] "SEND OK" (7)
23:06:15  [TX] S,1244,0F,00,1513,P1,41
23:06:15  [SLOT] n=1261 tx=23 ack=0 due=0 r=1
23:06:15  [AT] "AT+CIPSEND=24" (13)
23:06:16  [AT] " S,1244,0F,00,1513,P1,41" (24)
23:06:16  [AT] "SEND OK" (7)
23:06:17  [TX] S,1245,0F,00,1514,P1,47
23:06:17  [SLOT] n=1262 tx=23 ack=0 due=0 r=1
23:06:17  [AT] "AT+CIPSEND=24" (13)
23:06:17  [AT] " S,1245,0F,00,1514,P1,47" (24)
23:06:17  [AT] "SEND OK" (7)
23:06:18  [TX] S,1246,0F,00,1515,P1,45
23:06:18  [SLOT] n=1263 tx=23 ack=0 due=0 r=1
23:06:18  [AT] "AT+CIPSEND=24" (13)
23:06:18  [AT] " S,1246,0F,00,1515,P1,45" (24)
23:06:18  [AT] "SEND OK" (7)
23:06:19  [TX] S,1247,0F,00,1516,P1,47
23:06:19  [SLOT] n=1264 tx=23 ack=0 due=0 r=1
23:06:19  [AT] "AT+CIPSEND=24" (13)
23:06:19  [AT] " S,1247,0F,00,1516,P1,47" (24)
23:06:19  [AT] "SEND OK" (7)
23:06:20  [TX] S,1248,0F,00,1518,P1,46
23:06:20  [SLOT] n=1265 tx=23 ack=0 due=0 r=1
23:06:20  [AT] "AT+CIPSEND=24" (13)
23:06:20  [AT] " S,1248,0F,00,1518,P1,46" (24)
23:06:20  [AT] "SEND OK" (7)
23:06:21  [TX] S,1249,0F,00,1519,P1,46
23:06:21  [SLOT] n=1266 tx=23 ack=0 due=0 r=1
23:06:21  [AT] "AT+CIPSEND=24" (13)
23:06:21  [AT] " S,1249,0F,00,1519,P1,46" (24)
23:06:21  [AT] "SEND OK" (7)
23:06:23  [TX] S,1250,0F,00,1520,P1,44
23:06:23  [SLOT] n=1267 tx=23 ack=0 due=0 r=1
23:06:23  [AT] "AT+CIPSEND=24" (13)
23:06:23  [AT] " S,1250,0F,00,1520,P1,44" (24)
23:06:23  [AT] "SEND OK" (7)
23:06:24  [TX] S,1251,0F,00,1521,P1,44
23:06:24  [SLOT] n=1268 tx=23 ack=0 due=0 r=1
23:06:24  [AT] "AT+CIPSEND=24" (13)
23:06:24  [AT] " S,1251,0F,00,1521,P1,44" (24)
23:06:24  [AT] "SEND OK" (7)
23:06:25  [TX] S,1252,0F,00,1522,P1,44
23:06:25  [SLOT] n=1269 tx=23 ack=0 due=0 r=1
23:06:25  [AT] "AT+CIPSEND=24" (13)
23:06:25  [AT] " S,1252,0F,00,1522,P1,44" (24)
23:06:25  [AT] "SEND OK" (7)
23:06:26  [TX] S,1253,0F,00,1524,P1,43
23:06:26  [SLOT] n=1270 tx=23 ack=0 due=0 r=1
23:06:26  [AT] "AT+CIPSEND=24" (13)
23:06:26  [AT] " S,1253,0F,00,1524,P1,43" (24)
23:06:26  [AT] "SEND OK" (7)
23:06:27  [TX] S,1254,0F,00,1525,P1,45
23:06:27  [SLOT] n=1271 tx=23 ack=0 due=0 r=1
23:06:27  [AT] "AT+CIPSEND=24" (13)
23:06:27  [AT] " S,1254,0F,00,1525,P1,45" (24)
23:06:27  [AT] "SEND OK" (7)
23:06:29  [TX] S,1255,0F,00,1526,P1,47
23:06:29  [SLOT] n=1272 tx=23 ack=0 due=0 r=1
23:06:29  [AT] "AT+CIPSEND=24" (13)
23:06:29  [AT] " S,1255,0F,00,1526,P1,47" (24)
23:06:29  [AT] "SEND OK" (7)
23:06:30  [TX] S,1256,0F,00,1527,P1,45
23:06:30  [SLOT] n=1273 tx=23 ack=0 due=0 r=1
23:06:30  [AT] "AT+CIPSEND=24" (13)
23:06:30  [AT] " S,1256,0F,00,1527,P1,45" (24)
23:06:30  [AT] "SEND OK" (7)
23:06:31  [TX] S,1257,0F,00,1528,P1,4B
23:06:31  [SLOT] n=1274 tx=23 ack=0 due=0 r=1
23:06:31  [AT] "AT+CIPSEND=24" (13)
23:06:31  [AT] " S,1257,0F,00,1528,P1,4B" (24)
23:06:31  [AT] "SEND OK" (7)
23:06:32  [TX] S,1258,0F,00,1530,P1,4D
23:06:32  [SLOT] n=1275 tx=23 ack=0 due=0 r=1
23:06:32  [AT] "AT+CIPSEND=24" (13)
23:06:32  [AT] " S,1258,0F,00,1530,P1,4D" (24)
23:06:32  [AT] "SEND OK" (7)
23:06:33  [TX] S,1259,0F,00,1531,P1,4D
23:06:33  [SLOT] n=1276 tx=23 ack=0 due=0 r=1
23:06:33  [AT] "AT+CIPSEND=24" (13)
23:06:33  [AT] " S,1259,0F,00,1531,P1,4D" (24)
23:06:33  [AT] "SEND OK" (7)
23:06:35  [TX] S,1260,0F,00,1532,P1,44
23:06:35  [SLOT] n=1277 tx=23 ack=0 due=0 r=1
23:06:35  [AT] "AT+CIPSEND=24" (13)
23:06:35  [AT] " S,1260,0F,00,1532,P1,44" (24)
23:06:35  [AT] "SEND OK" (7)
23:06:36  [TX] S,1261,0F,00,1533,P1,44
23:06:36  [SLOT] n=1278 tx=23 ack=0 due=0 r=1
23:06:36  [AT] "AT+CIPSEND=24" (13)
23:06:36  [AT] " S,1261,0F,00,1533,P1,44" (24)
23:06:36  [AT] "SEND OK" (7)
23:06:37  [TX] S,1262,0F,00,1534,P1,40
23:06:37  [SLOT] n=1279 tx=23 ack=0 due=0 r=1
23:06:37  [AT] "AT+CIPSEND=24" (13)
23:06:37  [AT] " S,1262,0F,00,1534,P1,40" (24)
23:06:37  [AT] "SEND OK" (7)
23:06:38  [TX] S,1263,0F,00,1536,P1,43
23:06:38  [SLOT] n=1280 tx=23 ack=0 due=0 r=1
23:06:38  [AT] "AT+CIPSEND=24" (13)
23:06:38  [AT] " S,1263,0F,00,1536,P1,43" (24)
23:06:38  [AT] "SEND OK" (7)
23:06:39  [TX] S,1264,0F,00,1537,P1,45
23:06:39  [SLOT] n=1281 tx=23 ack=0 due=0 r=1
23:06:39  [AT] "AT+CIPSEND=24" (13)
23:06:39  [AT] " S,1264,0F,00,1537,P1,45" (24)
23:06:39  [AT] "SEND OK" (7)
23:06:41  [TX] S,1265,0F,00,1538,P1,4B
23:06:41  [SLOT] n=1282 tx=23 ack=0 due=0 r=1
23:06:41  [AT] "AT+CIPSEND=24" (13)
23:06:41  [AT] " S,1265,0F,00,1538,P1,4B" (24)
23:06:41  [AT] "SEND OK" (7)
23:06:42  [TX] S,1266,0F,00,1539,P1,49
23:06:42  [SLOT] n=1283 tx=23 ack=0 due=0 r=1
23:06:42  [AT] "AT+CIPSEND=24" (13)
23:06:42  [AT] " S,1266,0F,00,1539,P1,49" (24)
23:06:42  [AT] "SEND OK" (7)
23:06:43  [TX] S,1267,0F,00,1540,P1,46
23:06:43  [SLOT] n=1284 tx=23 ack=0 due=0 r=1
23:06:43  [AT] "AT+CIPSEND=24" (13)
23:06:43  [AT] " S,1267,0F,00,1540,P1,46" (24)
23:06:43  [AT] "SEND OK" (7)
23:06:44  [TX] S,1268,0F,00,1542,P1,4B
23:06:44  [SLOT] n=1285 tx=23 ack=0 due=0 r=1
23:06:44  [AT] "AT+CIPSEND=24" (13)
23:06:44  [AT] " S,1268,0F,00,1542,P1,4B" (24)
23:06:44  [AT] "SEND OK" (7)
23:06:45  [TX] S,1269,0F,00,1543,P1,4B
23:06:45  [SLOT] n=1286 tx=23 ack=0 due=0 r=1
23:06:45  [AT] "AT+CIPSEND=24" (13)
23:06:45  [AT] " S,1269,0F,00,1543,P1,4B" (24)
23:06:45  [AT] "SEND OK" (7)
23:06:47  [TX] S,1270,0F,00,1544,P1,44
23:06:47  [SLOT] n=1287 tx=23 ack=0 due=0 r=1
23:06:47  [AT] "AT+CIPSEND=24" (13)
23:06:47  [AT] " S,1270,0F,00,1544,P1,44" (24)
23:06:47  [AT] "SEND OK" (7)
23:06:48  [TX] S,1271,0F,00,1545,P1,44
23:06:48  [SLOT] n=1288 tx=23 ack=0 due=0 r=1
23:06:48  [AT] "AT+CIPSEND=24" (13)
23:06:48  [AT] " S,1271,0F,00,1545,P1,44" (24)
23:06:48  [AT] "SEND OK" (7)
23:06:49  [TX] S,1272,0F,00,1546,P1,44
23:06:49  [SLOT] n=1289 tx=23 ack=0 due=0 r=1
23:06:49  [AT] "AT+CIPSEND=24" (13)
23:06:49  [AT] " S,1272,0F,00,1546,P1,44" (24)
23:06:49  [AT] "SEND OK" (7)
23:06:50  [TX] S,1273,0F,00,1548,P1,4B
23:06:50  [SLOT] n=1290 tx=23 ack=0 due=0 r=1
23:06:50  [AT] "AT+CIPSEND=24" (13)
23:06:50  [AT] " S,1273,0F,00,1548,P1,4B" (24)
23:06:50  [AT] "SEND OK" (7)
23:06:51  [TX] S,1274,0F,00,1549,P1,4D
23:06:51  [SLOT] n=1291 tx=23 ack=0 due=0 r=1
23:06:51  [AT] "AT+CIPSEND=24" (13)
23:06:51  [AT] " S,1274,0F,00,1549,P1,4D" (24)
23:06:51  [AT] "SEND OK" (7)
23:06:53  [TX] S,1275,0F,00,1550,P1,44
23:06:53  [SLOT] n=1292 tx=23 ack=0 due=0 r=1
23:06:53  [AT] "AT+CIPSEND=24" (13)
23:06:53  [AT] " S,1275,0F,00,1550,P1,44" (24)
23:06:53  [AT] "SEND OK" (7)
23:06:54  [TX] S,1276,0F,00,1551,P1,46
23:06:54  [SLOT] n=1293 tx=23 ack=0 due=0 r=1
23:06:54  [AT] "AT+CIPSEND=24" (13)
23:06:54  [AT] " S,1276,0F,00,1551,P1,46" (24)
23:06:54  [AT] "SEND OK" (7)
23:06:55  [TX] S,1277,0F,00,1552,P1,44
23:06:55  [SLOT] n=1294 tx=23 ack=0 due=0 r=1
23:06:55  [AT] "AT+CIPSEND=24" (13)
23:06:56  [AT] " S,1277,0F,00,1552,P1,44" (24)
23:06:56  [AT] "SEND OK" (7)
23:06:56  [TX] S,1278,0F,00,1554,P1,4D
23:06:56  [SLOT] n=1295 tx=23 ack=0 due=0 r=1
23:06:56  [AT] "AT+CIPSEND=24" (13)
23:06:56  [AT] " S,1278,0F,00,1554,P1,4D" (24)
23:06:56  [AT] "SEND OK" (7)
23:06:57  [TX] S,1279,0F,00,1555,P1,4D
23:06:57  [SLOT] n=1296 tx=23 ack=0 due=0 r=1
23:06:57  [AT] "AT+CIPSEND=24" (13)
23:06:57  [AT] " S,1279,0F,00,1555,P1,4D" (24)
23:06:57  [AT] "SEND OK" (7)
23:06:59  [TX] S,1280,0F,00,1556,P1,48
23:06:59  [SLOT] n=1297 tx=23 ack=0 due=0 r=1
23:06:59  [AT] "AT+CIPSEND=24" (13)
23:06:59  [AT] " S,1280,0F,00,1556,P1,48" (24)
23:06:59  [AT] "SEND OK" (7)
23:07:00  [TX] S,1281,0F,00,1557,P1,48
23:07:00  [SLOT] n=1298 tx=23 ack=0 due=0 r=1
23:07:00  [AT] "AT+CIPSEND=24" (13)
23:07:01  [AT] " S,1281,0F,00,1557,P1,48" (24)
23:07:01  [AT] "SEND OK" (7)
23:07:01  [TX] S,1282,0F,00,1558,P1,44
23:07:01  [SLOT] n=1299 tx=23 ack=0 due=0 r=1
23:07:01  [AT] "AT+CIPSEND=f4" (13)
23:07:01  [AT] " S,1282,0F,00,1558,P1,44" (24)
23:07:01  [AT] "SEND OK" (7)
23:07:02  [TX] S,1283,0F,00,1560,P1,4E
23:07:02  [SLOT] n=1300 tx=23 ack=0 due=0 r=1
23:07:02  [CNT] up=1560 drop=0 esprst=0 hwrst=0/0 resync=0 sendfail=0 okto=1 stuck=0 ackq=0 ackdrop=0 ackstale=0 slot=1300 oow=1 smiss=3 ssovf=0 cksumng=0 okstream=1282 penddrop=0 pendfill=1284 bigfill=4 bigdrop=0 bigokst=4 oklost=0 bigoklost=0 skip=6 online=1
23:07:02  [RAM] 최저 여유 571 B · 프롬프트 재동기 0회 (서버의 '버린줄' 과 맞아야 한다)
23:07:02  [AT] " S,1283,0F,00,1560,P1,4E" (24)
23:07:02  [AT] "SEND OK" (7)
23:07:02  [AT] "AT+CIPSEND=24" (13)
23:07:03  [TX] S,1284,0F,00,1561,P1,48
23:07:03  [SLOT] n=1301 tx=23 ack=0 due=0 r=1
23:07:03  [AT] "AT+CIPSEND=24" (13)
23:07:03  [AT] " S,1284,0F,00,1561,P1,48" (24)
23:07:03  [AT] "SEND OK" (7)
23:07:04  «tap» 살아있음 — 최근 60초 rx=8013B (이 줄이 끊기면 탭이 죽은 것이다)
23:07:05  [TX] S,1285,0F,00,1562,P1,4A
23:07:05  [SLOT] n=1302 tx=23 ack=0 due=0 r=1
23:07:05  [AT] "AT+CIPSEND=24" (13)
23:07:05  [AT] " S,1285,0F,00,1562,P1,4A" (24)
23:07:05  [AT] "SEND OK" (7)
23:07:06  [TX] S,1286,0F,00,1563,P1,48
23:07:06  [SLOT] n=1303 tx=23 ack=0 due=0 r=1
23:07:06  [AT] "AT+CIPSEND=24" (13)
23:07:06  [AT] " S,1286,0F,00,1563,P1,48" (24)
23:07:06  [AT] "SEND OK" (7)
23:07:07  [TX] S,1287,0F,00,1564,P1,4E
23:07:07  [SLOT] n=1304 tx=23 ack=0 due=0 r=1
23:07:07  [AT] "AT+CIPSEND=24" (13)
23:07:07  [AT] " S,1287,0F,00,1564,P1,4E" (24)
23:07:07  [AT] "SEND OK" (7)
23:07:08  [TX] S,1288,0F,00,1566,P1,43
23:07:08  [SLOT] n=1305 tx=23 ack=0 due=0 r=1
23:07:08  [AT] "AT+CIPSEND=24" (13)
23:07:08  [AT] " S,1288,0F,00,1566,P1,43" (24)
23:07:08  [AT] "SEND OK" (7)
23:07:09  [TX] S,1289,0F,00,1567,P1,43
23:07:09  [SLOT] n=1306 tx=23 ack=0 due=0 r=1
23:07:09  [AT] "AT+CIPSEND=24" (13)
23:07:09  [AT] " S,1289,0F,00,1567,P1,43" (24)
23:07:09  [AT] "SEND OK" (7)
23:07:11  [TX] S,1290,0F,00,1568,P1,44
23:07:11  [SLOT] n=1307 tx=23 ack=0 due=0 r=1
23:07:11  [AT] "AT+CIPSEND=24" (13)
23:07:11  [AT] " S,1290,0F,00,1568,P1,44" (24)
23:07:11  [AT] "SEND OK" (7)
23:07:12  [TX] S,1291,0F,00,1569,P1,44
23:07:12  [SLOT] n=1308 tx=23 ack=0 due=0 r=1
23:07:12  [AT] "AT+CIPSEND=24" (13)
23:07:12  [AT] " S,1291,0F,00,1569,P1,44" (24)
23:07:12  [AT] "SEND OK" (7)
23:07:13  [TX] S,1292,0F,00,1570,P1,4F
23:07:13  [SLOT] n=1309 tx=23 ack=0 due=0 r=1
23:07:13  [AT] "AT+CIPSEND=24" (13)
23:07:14  [AT] " S,1292,0F,00,1570,P1,4F" (24)
23:07:14  [AT] "SEND OK" (7)
23:07:14  [TX] S,1293,0F,00,1572,P1,4C
23:07:14  [SLOT] n=1310 tx=23 ack=0 due=0 r=1
23:07:14  [AT] "AT+CIPSEND=24" (13)
23:07:14  [AT] " S,1293,0F,00,1572,P1,4C" (24)
23:07:14  [AT] "SEND OK" (7)
23:07:15  [TX] S,1294,0F,00,1573,P1,4A
23:07:15  [SLOT] n=1311 tx=23 ack=0 due=0 r=1
23:07:15  [AT] "AT+CIPSEND=24" (13)
23:07:15  [AT] " S,1294,0F,00,1573,P1,4A" (24)
23:07:15  [AT] "SEND OK" (7)
23:07:17  [TX] S,1295,0F,00,1574,P1,4C
23:07:17  [SLOT] n=1312 tx=23 ack=0 due=0 r=1
23:07:17  [AT] "AT+CIPSEND=24" (13)
23:07:17  [AT] " S,1295,0F,00,1574,P1,4C" (24)
23:07:17  [AT] "SEND OK" (7)
23:07:18  [TX] S,1296,0F,00,1575,P1,4E
23:07:18  [SLOT] n=1313 tx=23 ack=0 due=0 r=1
23:07:18  [AT] "AT+CIPSEND=24" (13)
23:07:18  [AT] " S,1296,0F,00,1575,P1,4E" (24)
23:07:18  [AT] "SEND OK" (7)
23:07:19  [TX] S,1297,0F,00,1576,P1,4C
23:07:19  [SLOT] n=1314 tx=23 ack=0 due=0 r=1
23:07:19  [AT] "AT+CIPSEND=24" (13)
23:07:19  [AT] " S,1297,0F,00,1576,P1,4C" (24)
23:07:19  [AT] "SEND OK" (7)
23:07:20  [TX] S,1298,0F,00,1578,P1,4D
23:07:20  [SLOT] n=1315 tx=23 ack=0 due=0 r=1
23:07:20  [AT] "AT+CIPSEND=24" (13)
23:07:20  [AT] " S,12q8,0F,00,1578,P1,4D" (24)
23:07:20  [AT] "SEND OK" (7)
23:07:21  [TX] S,1299,0F,00,1579,P1,4D
23:07:21  [SLOT] n=1316 tx=23 ack=0 due=0 r=1
23:07:21  [AT] "AT+CIPSEND=24" (13)
23:07:21  [AT] " S,1299,0F,00,1579,P1,4D" (24)
23:07:21  [AT] "SEND OK" (7)
23:07:23  [TX] S,1300,0F,00,1580,P1,4A
23:07:23  [SLOT] n=1317 tx=23 ack=0 due=0 r=1
23:07:23  [AT] "AT+CIPSEND=24" (13)
23:07:23  [AT] " S,1300,0F,00,1580,P1,4A" (24)
23:07:23  [AT] "SEND OK" (7)
23:07:24  [TX] S,1301,0F,00,1581,P1,4A
23:07:24  [SLOT] n=1318 tx=23 ack=0 due=0 r=1
23:07:24  [AT] "AT+CIPSEND=24" (13)
23:07:24  [AT] " S,1301,0F,00,1581,P1,4A" (24)
23:07:24  [AT] "SEND OK" (7)
23:07:25  [TX] S,1302,0F,00,1582,P1,4A
23:07:25  [SLOT] n=1319 tx=23 ack=0 due=0 r=1
23:07:25  [AT] "AT+CIPSEND=24" (13)
23:07:25  [AT] " S,1302,0F,00,1582,P1,4A" (24)
23:07:25  [AT] "SEND OK" (7)
23:07:26  [TX] S,1303,0F,00,1584,P1,4D
23:07:26  [SLOT] n=1320 tx=23 ack=0 due=0 r=1
23:07:26  [AT] "AT+CIPSEND=24" (13)
23:07:27  [AT] " S,1303,0F,00,1584,P1,4D" (24)
23:07:27  [AT] "SEND OK" (7)
23:07:27  [TX] S,1304,0F,00,1585,P1,4B
23:07:27  [SLOT] n=1321 tx=23 ack=0 due=0 r=1
23:07:27  [AT] "AT+CIPSEND=24" (13)
23:07:27  [AT] " S,1304,0F,00,1585,P1,4B" (24)
23:07:27  [AT] "SEND OK" (7)
23:07:29  [TX] S,1305,0F,00,1586,P1,49
23:07:29  [SLOT] n=1322 tx=23 ack=0 due=0 r=1
23:07:29  [AT] "AT+CIPSEND=24" (13)
23:07:29  [AT] " S,1305,0F,00,1586,P1,49" (24)
23:07:29  [AT] "SEND OK" (7)
23:07:30  [TX] S,1306,0F,00,1587,P1,4B
23:07:30  [SLOT] n=1323 tx=23 ack=0 due=0 r=1
23:07:30  [AT] "AT+CIPSEND=24" (13)
23:07:30  [AT] " S,1306,0F,00,1587,P1,4B" (24)
23:07:30  [AT] "SEND OK" (7)
23:07:31  [TX] S,1307,0F,00,1588,P1,45
23:07:31  [SLOT] n=1324 tx=23 ack=0 due=0 r=1
23:07:31  [AT] "AT+CIPSEND=24" (13)
23:07:31  [AT] " S,1307,0F,00,1588,P1,45" (24)
23:07:31  [AT] "SEND OK" (7)
23:07:32  [TX] S,1308,0F,00,1590,P1,43
23:07:32  [SLOT] n=1325 tx=23 ack=0 due=0 r=1
23:07:32  [AT] "AT+CIPSEND=24" (13)
23:07:32  [AT] " S,1308,0F,00,1590,P1,43" (24)
23:07:32  [AT] "SEND OK" (7)
23:07:33  [TX] S,1309,0F,00,1591,P1,43
23:07:33  [SLOT] n=1326 tx=23 ack=0 due=0 r=1
23:07:33  [AT] "AT+CIPSEND=24" (13)
23:07:33  [AT] " S,1309,0F,00,1591,P1,43" (24)
23:07:33  [AT] "SEND OK" (7)
23:07:35  [TX] S,1310,0F,00,1592,P1,48
23:07:35  [SLOT] n=1327 tx=23 ack=0 due=0 r=1
23:07:35  [AT] "AT+CIPSEND=24" (13)
23:07:35  [AT] " S,1310,0F,00,1592,P1,48" (24)
23:07:35  [AT] "SEND OK" (7)
23:07:36  [TX] S,1311,0F,00,1593,P1,48
23:07:36  [SLOT] n=1328 tx=23 ack=0 due=0 r=1
23:07:36  [AT] "AT+CIPSEND=24" (13)
23:07:37  [TX-WAIT] 앞 전송의 SEND OK 를 아직 못 봤다 — 이번 주기는 건너뛴다
23:07:37  [SLOT] n=1329 tx=23 ack=0 due=0 r=0
23:07:38  [AT] " S,1311,0F,00,1593,P1,48" (24)
23:07:38  [AT] "SEND OK" (7)
23:07:38  [TX] S,1312,0F,00,1596,P1,4E
23:07:38  [SLOT] n=1330 tx=23 ack=0 due=0 r=1
23:07:38  [AT] "AT+CIPSEND=24" (13)
23:07:38  [AT] " S,1312,0F,00,1596,P1,4E" (24)
23:07:38  [AT] "SEND OK" (7)
23:07:39  [TX] S,1313,0F,00,1597,P1,4E
23:07:39  [SLOT] n=1331 tx=23 ack=0 due=0 r=1
23:07:39  [AT] "AT+CIPSEND=24" (13)
23:07:39  [AT] " S,1313,0F,00,1597,P1,4E" (24)
23:07:39  [AT] "SEND OK" (7)
23:07:41  [TX] S,1314,0F,00,1598,P1,46
23:07:41  [SLOT] n=1332 tx=23 ack=0 due=0 r=1
23:07:41  [AT] "AT+CIPSEND=24" (13)
23:07:41  [AT] " S,1314,0F,00,1598,P1,46" (24)
23:07:41  [AT] "SEND OK" (7)
23:07:42  [TX] S,1315,0F,00,1599,P1,46
23:07:42  [SLOT] n=1333 tx=23 ack=0 due=0 r=1
23:07:42  [AT] "AT+CIPSEND=24" (13)
23:07:42  [AT] " S,1315,0F,00,1599,P1,46" (24)
23:07:42  [AT] "SEND OK" (7)
23:07:43  [TX] S,1316,0F,00,1600,P1,46
23:07:43  [SLOT] n=1334 tx=23 ack=0 due=0 r=1
23:07:43  [AT] "AT+CIPSEND=24" (13)
23:07:43  [AT] " S,1316,0F,00,1600,P1,46" (24)
23:07:43  [AT] "SEND OK" (7)
23:07:44  [TX] S,1317,0F,00,1602,P1,45
23:07:44  [SLOT] n=1335 tx=23 ack=0 due=0 r=1
23:07:44  [AT] "AT+CIPSEND=24" (13)
23:07:45  [AT] " S,1317,0F,00,1602,P1,45" (24)
23:07:45  [AT] "SEND OK" (7)
23:07:45  [TX] S,1318,0F,00,1603,P1,4B
23:07:45  [SLOT] n=1336 tx=23 ack=0 due=0 r=1
23:07:45  [AT] "AT+CIPSEND=24" (13)
23:07:45  [AT] " S,1318,0F,00,1603,P1,4B" (24)
23:07:45  [AT] "SEND OK" (7)
23:07:47  [TX] S,1319,0F,00,1604,P1,4D
23:07:47  [SLOT] n=1337 tx=23 ack=0 due=0 r=1
23:07:47  [AT] "AT+CIPSEND=24" (13)
23:07:47  [AT] " S,1319,0F,00,1604,P1,4D" (24)
23:07:47  [AT] "SEND OK" (7)
23:07:48  [TX] S,1320,0F,00,1605,P1,46
23:07:48  [SLOT] n=1338 tx=23 ack=0 due=0 r=1
23:07:48  [AT] "AT+CIPSEND=24" (13)
23:07:48  [AT] " S,1320,0F,00,1605,P1,46" (24)
23:07:48  [AT] "SEND OK" (7)
23:07:49  [TX] S,1321,0F,00,1606,P1,44
23:07:49  [SLOT] n=1339 tx=23 ack=0 due=0 r=1
23:07:49  [AT] "AT+CIPSEND=24" (13)
23:07:49  [AT] " S,1321,0F,00,1606,P1,44" (24)
23:07:49  [AT] "SEND OK" (7)
23:07:50  [TX] S,1322,0F,00,1608,P1,49
23:07:50  [SLOT] n=1340 tx=23 ack=0 due=0 r=1
23:07:50  [AT] "AT+CIPSEND=24" (13)
23:07:50  [AT] " S,1322,0F,00,1608,P1,49" (24)
23:07:50  [AT] "SEND OK" (7)
23:07:51  [TX] S,1323,0F,00,1609,P1,49
23:07:51  [SLOT] n=1341 tx=23 ack=0 due=0 r=1
23:07:51  [AT] "AT+CIPSEND=24" (13)
23:07:51  [AT] " S,1323,0F,00,1609,P1,49" (24)
23:07:51  [AT] "SEND OK" (7)
23:07:53  [TX] S,1324,0F,00,1610,P1,46
23:07:53  [SLOT] n=1342 tx=23 ack=0 due=0 r=1
23:07:53  [AT] "AT+CIPSEND=24" (13)
23:07:53  [AT] " S,1324,0F,00,1610,P1,46" (24)
23:07:53  [AT] "SEND OK" (7)
23:07:54  [TX] S,1325,0F,00,1611,P1,46
23:07:54  [SLOT] n=1343 tx=23 ack=0 due=0 r=1
23:07:54  [AT] "AT+CIPSEND=24" (13)
23:07:54  [AT] " S,1325,0F,00,1611,P1,46" (24)
23:07:54  [AT] "SEND OK" (7)
23:07:55  [TX] S,1326,0F,00,1612,P1,46
23:07:55  [SLOT] n=1344 tx=23 ack=0 due=0 r=1
23:07:55  [AT] "AT+CIPSEND=24" (13)
23:07:55  [AT] " S,1326,0F,00,1612,P1,46" (24)
23:07:55  [AT] "SEND OK" (7)
23:07:56  [TX] S,1327,0F,00,1614,P1,41
23:07:56  [SLOT] n=1345 tx=23 ack=0 due=0 r=1
23:07:56  [AT] "AT+CIPSEND=24" (13)
23:07:56  [AT] " S,1327,0F,00,1614,P1,41" (24)
23:07:56  [AT] "SEND OK" (7)
23:07:57  [TX] S,1328,0F,00,1615,P1,4F
23:07:57  [SLOT] n=1346 tx=23 ack=0 due=0 r=1
23:07:57  [AT] "AT+CIPSEND=24" (13)
23:07:57  [AT] " S,1328,0F,00,1615,P1,4F" (24)
23:07:57  [AT] "SEND OK" (7)
23:07:59  [TX] S,1329,0F,00,1616,P1,4D
23:07:59  [SLOT] n=1347 tx=23 ack=0 due=0 r=1
23:07:59  [AT] "AT+CIPSEND=24" (13)
23:07:59  [AT] " S,1329,0F,00,1616,P1,4D" (24)
23:07:59  [AT] "SEND OK" (7)
23:08:00  [TX] S,1330,0F,00,1617,P1,44
23:08:00  [SLOT] n=1348 tx=23 ack=0 due=0 r=1
23:08:00  [AT] "AT+CIPSEND=24" (13)
23:08:00  [AT] " S,1330,0F,00,1617,P1,44" (24)
23:08:00  [AT] "SEND OK" (7)
23:08:01  [TX] S,1331,0F,00,1618,P1,4A
23:08:01  [SLOT] n=1349 tx=23 ack=0 due=0 r=1
23:08:01  [AT] "AT+CIPSEND=24" (13)
23:08:01  [AT] " S,1331,0F,00,1618,P1,4A" (24)
23:08:01  [AT] "SEND OK" (7)
23:08:02  [TX] S,1332,0F,00,1620,P1,42
23:08:02  [SLOT] n=1350 tx=23 ack=0 due=0 r=1
23:08:02  [CNT] up=1620 drop=0 esprst=0 hwrst=0/0 resync=0 sendfail=0 okto=1 stuck=0 ackq=0 ackdrop=0 ackstale=0 slot=1350 oow=1 smiss=3 ssovf=0 cksumng=0 okstream=1331 penddrop=0 pendfill=1333 bigfill=4 bigdrop=0 bigokst=4 oklost=0 bigoklost=0 skip=7 online=1
23:08:02  [RAM] 최저 여유 571 B · 프롬프트 재동기 0회 (서버의 '버린줄' 과 맞아야 한다)
23:08:02  [AT] " S,1332,0F,00,1620,P1,42" (24)
23:08:02  [AT] "SEND OK" (7)
23:08:02  [AT] "AT+CIPSEND=24" (13)
23:08:03  [TX] S,1333,0F,00,1621,P1,42
23:08:03  [SLOT] n=1351 tx=23 ack=0 due=0 r=1
23:08:03  [AT] "AT+CIPSEND=24" (13)
23:08:04  «tap» 살아있음 — 최근 60초 rx=7871B (이 줄이 끊기면 탭이 죽은 것이다)
23:08:04  [AT] " S,1333,0F,00,1621,P1,42" (24)
23:08:04  [AT] "SEND OK" (7)
23:08:05  [TX] S,1334,0F,00,1622,P1,46
23:08:05  [SLOT] n=1352 tx=23 ack=0 due=0 r=1
23:08:05  [AT] "AT+CIPSEND=24" (13)
23:08:05  [AT] " S,1334,0F,00,1622,P1,46" (24)
23:08:05  [AT] "SEND OK" (7)
23:08:06  [TX] S,1335,0F,00,1623,P1,46
23:08:06  [SLOT] n=1353 tx=23 ack=0 due=0 r=1
23:08:06  [AT] "AT+CIPSEND=24" (13)
23:08:06  [AT] " S,1335,0F,00,1623,P1,46" (24)
23:08:06  [AT] "SEND OK" (7)
23:08:07  [TX] S,1336,0F,00,1624,P1,42
23:08:07  [SLOT] n=1354 tx=23 ack=0 due=0 r=1
23:08:07  [AT] "AT+CIPSEND=24" (13)
23:08:07  [AT] " S,1336,0F,00,1624,P1,42" (24)
23:08:07  [AT] "SEND OK" (7)
23:08:08  [TX] S,1337,0F,00,1626,P1,41
23:08:08  [SLOT] n=1355 tx=23 ack=0 due=0 r=1
23:08:08  [AT] "AT+CIPSEND=24" (13)
23:08:08  [AT] " S,1337,0F,00,1626,P1,41" (24)
23:08:08  [AT] "SEND OK" (7)
23:08:09  [TX] S,1338,0F,00,1627,P1,4F
23:08:09  [SLOT] n=1356 tx=23 ack=0 due=0 r=1
23:08:09  [AT] "AT+CIPSEND=24" (13)
23:08:10  [AT] " S,1338,0F,00,1627,P1,4F" (24)
23:08:10  [AT] "SEND OK" (7)
23:08:10  [TX] S,1339,0F,00,1628,P1,41
23:08:10  [SLOT] n=1357 tx=23 ack=0 due=0 r=1
23:08:10  [AT] "AT+CIPSEND=24" (13)
23:08:12  [AT] " S,1339,0F,00,1628,P1,41" (24)
23:08:12  [AT] "SEND OK" (7)
23:08:13  [TX] S,1340,0F,00,1629,P1,4E
23:08:13  [SLOT] n=1358 tx=23 ack=0 due=0 r=1
23:08:13  [AT] "AT+CIPSEND=24" (13)
23:08:13  [AT] " S,1340,0F,00,1629,P1,4E" (24)
23:08:13  [AT] "SEND OK" (7)
23:08:14  [TX] S,1341,0F,00,1630,P1,47
23:08:14  [SLOT] n=1359 tx=23 ack=0 due=0 r=1
23:08:14  [AT] "AT+CIPSEND=24" (13)
23:08:14  [AT] " S,1341,0F,00,1630,P1,47" (24)
23:08:14  [AT] "SEND OK" (7)
23:08:15  [TX] S,1342,0F,00,1632,P1,46
23:08:15  [SLOT] n=1360 tx=23 ack=0 due=0 r=1
23:08:15  [AT] "AT+CIPSEND=24" (13)
23:08:15  [AT] " S,1342,0F,00,1632,P1,46" (24)
23:08:15  [AT] "SEND OK" (7)
23:08:16  [TX] S,1343,0F,00,1633,P1,46
23:08:16  [SLOT] n=1361 tx=23 ack=0 due=0 r=1
23:08:16  [AT] "AT+CIPSEND=24" (13)
23:08:16  [AT] " S,1343,0F,00,1633,P1,46" (24)
23:08:16  [AT] "SEND OK" (7)
23:08:17  [TX] S,1344,0F,00,1634,P1,46
23:08:17  [SLOT] n=1362 tx=23 ack=0 due=0 r=1
23:08:17  [AT] "AT+CIPSEND=24" (13)
23:08:18  [AT] " S,1344,0F,00,1634,P1,46" (24)
23:08:18  [AT] "SEND OK" (7)
23:08:19  [TX] S,1345,0F,00,1635,P1,46
23:08:19  [SLOT] n=1363 tx=23 ack=0 due=0 r=1
23:08:19  [AT] "AT+CIPSEND=24" (13)
23:08:19  [AT] " S,1345,0F,00,1635,P1,46" (24)
23:08:19  [AT] "SEND OK" (7)
23:08:20  [TX] S,1346,0F,00,1636,P1,46
23:08:20  [SLOT] n=1364 tx=23 ack=0 due=0 r=1
23:08:20  [AT] "AT+CIPSEND=24" (13)
23:08:20  [AT] " S,1346,0F,00,1636,P1,46" (24)
23:08:20  [AT] "SEND OK" (7)
23:08:21  [TX] S,1347,0F,00,1638,P1,49
23:08:21  [SLOT] n=1365 tx=23 ack=0 due=0 r=1
23:08:21  [AT] "AT+CIPSEND=24" (13)
23:08:21  [AT] " S,1347,0F,00,1638,P1,49" (24)
23:08:21  [AT] "SEND OK" (7)
23:08:22  [TX] S,1348,0F,00,1639,P1,47
23:08:22  [SLOT] n=1366 tx=23 ack=0 due=0 r=1
23:08:22  [AT] "AT+CIPSEND=24" (13)
23:08:22  [AT] " S,1348,0F,00,1639,P1,47" (24)
23:08:22  [AT] "SEND OK" (7)
23:08:23  [TX] S,1349,0F,00,1640,P1,48
23:08:23  [SLOT] n=1367 tx=23 ack=0 due=0 r=1
23:08:23  [AT] "AT+CIPSEND=24" (13)
23:08:24  [AT] " S,1349,0F,00,1640,P1,48" (24)
23:08:24  [AT] "SEND OK" (7)
23:08:25  [TX] S,1350,0F,00,1641,P1,41
23:08:25  [SLOT] n=1368 tx=23 ack=0 due=0 r=1
23:08:25  [AT] "AT+CIPSEND=24" (13)
23:08:25  [AT] " S,1350,0F,00,1641,P1,41" (24)
23:08:25  [AT] "SEND OK" (7)
23:08:26  [TX] S,1351,0F,00,1642,P1,43
23:08:26  [SLOT] n=1369 tx=23 ack=0 due=0 r=1
23:08:26  [AT] "AT+CIPSEND=24" (13)
23:08:26  [AT] " S,1351,0F,00,1642,P1,43" (24)
23:08:26  [AT] "SEND OK" (7)
23:08:27  [TX] S,1352,0F,00,1644,P1,46
23:08:27  [SLOT] n=1370 tx=23 ack=0 due=0 r=1
23:08:27  [AT] "AT+CIPSEND=24" (13)
23:08:27  [AT] " S,1352,0F,00,1644,P1,46" (24)
23:08:27  [AT] "SEND OK" (7)
23:08:28  [TX] S,1353,0F,00,1645,P1,46
23:08:28  [SLOT] n=1371 tx=23 ack=0 due=0 r=1
23:08:28  [AT] "AT+CIPSEND=24" (13)
23:08:28  [AT] " S,1353,0F,00,1645,P1,46" (24)
23:08:28  [AT] "SEND OK" (7)
23:08:29  [TX] S,1354,0F,00,1646,P1,42
23:08:29  [SLOT] n=1372 tx=23 ack=0 due=0 r=1
23:08:29  [AT] "AT+CIPSEND=24" (13)
23:08:30  [AT] " S,1354,0F,00,1646,P1,42" (24)
23:08:30  [AT] "SEND OK" (7)
23:08:31  [TX] S,1355,0F,00,1647,P1,42
23:08:31  [SLOT] n=1373 tx=23 ack=0 due=0 r=1
23:08:31  [AT] "AT+CIPSEND=24" (13)
23:08:31  [AT] " S,1355,0F,00,1647,P1,42" (24)
23:08:31  [AT] "SEND OK" (7)
23:08:32  [TX] S,1356,0F,00,1648,P1,4E
23:08:32  [SLOT] n=1374 tx=23 ack=0 due=0 r=1
23:08:32  [AT] "AT+CIPSEND=24" (13)
23:08:32  [AT] " S,1356,0F,00,1648,P1,4E" (24)
23:08:32  [AT] "SEND OK" (7)
23:08:33  [TX] S,1357,0F,00,1650,P1,46
23:08:33  [SLOT] n=1375 tx=23 ack=0 due=0 r=1
23:08:33  [AT] "AT+CIPSEND=24" (13)
23:08:33  [AT] " S,1357,0F,00,1650,P1,46" (24)
23:08:33  [AT] "SEND OK" (7)
23:08:34  [TX] S,1358,0F,00,1651,P1,48
23:08:34  [SLOT] n=1376 tx=23 ack=0 due=0 r=1
23:08:34  [AT] "AT+CIPSEND=24" (13)
23:08:35  [AT] " S,1358,0F,00,1651,P1,48" (24)
23:08:35  [AT] "SEND OK" (7)
23:08:35  [TX] S,1359,0F,00,1652,P1,4A
23:08:35  [SLOT] n=1377 tx=23 ack=0 due=0 r=1
23:08:35  [AT] "AT+CIPSEND=24" (13)
23:08:36  [AT] " S,1359,0F,00,1652,P1,4A" (24)
23:08:36  [AT] "SEND OK" (7)
23:08:37  [TX] S,1360,0F,00,1653,P1,41
23:08:37  [SLOT] n=1378 tx=23 ack=0 due=0 r=1
23:08:37  [AT] "AT+CIPSEND=24" (13)
23:08:37  [AT] " S,1360,0F,00,1653,P1,41" (24)
23:08:37  [AT] "SEND OK" (7)
23:08:38  [TX] S,1361,0F,00,1654,P1,47
23:08:38  [SLOT] n=1379 tx=23 ack=0 due=0 r=1
23:08:38  [AT] "AT+CIPSEND=24" (13)
23:08:38  [AT] " S,1361,0F,00,1654,P1,47" (24)
23:08:38  [AT] "SEND OK" (7)
23:08:39  [TX] S,1362,0F,00,1656,P1,46
23:08:39  [SLOT] n=1380 tx=23 ack=0 due=0 r=1
23:08:39  [AT] "AT+CIPSEND=24" (13)
23:08:39  [AT] " S,1362,0F,00,1656,P1,46" (24)
23:08:39  [AT] "SEND OK" (7)
23:08:40  [TX] S,1363,0F,00,1657,P1,46
23:08:40  [SLOT] n=1381 tx=23 ack=0 due=0 r=1
23:08:40  [AT] "AT+CIPSEND=24" (13)
23:08:41  [AT] " S,1363,0F,00,1657,P1,46" (24)
23:08:41  [AT] "SEND OK" (7)
23:08:41  [TX] S,1364,0F,00,1658,P1,4E
23:08:41  [SLOT] n=1382 tx=23 ack=0 due=0 r=1
23:08:41  [AT] "AT+CIPSEND=24" (13)
23:08:42  [AT] " S,1364,0F,00,1658,P1,4E" (24)
23:08:42  [AT] "SEND OK" (7)
23:08:43  [TX] S,1365,0F,00,1659,P1,4E
23:08:43  [SLOT] n=1383 tx=23 ack=0 due=0 r=1
23:08:43  [AT] "AT+CIPSEND=24" (13)
23:08:43  [AT] " S,1365,0F,00,1659,P1,4E" (24)
23:08:43  [AT] "SEND OK" (7)
23:08:44  [TX] S,1366,0F,00,1660,P1,47
23:08:44  [SLOT] n=1384 tx=23 ack=0 due=0 r=1
23:08:44  [AT] "AT+CIPSEND=24" (13)
23:08:44  [AT] " S,1366,0F,00,1660,P1,47" (24)
23:08:44  [AT] "SEND OK" (7)
23:08:45  [TX] S,1367,0F,00,1662,P1,44
23:08:45  [SLOT] n=1385 tx=23 ack=0 due=0 r=1
23:08:45  [AT] "AT+CIPSEND=24" (13)
23:08:45  [AT] " S,1367,0F,00,1662,P1,44" (24)
23:08:45  [AT] "SEND OK" (7)
23:08:46  [TX] S,1368,0F,00,1663,P1,4A
23:08:46  [SLOT] n=1386 tx=23 ack=0 due=0 r=1
23:08:46  [AT] "AT+CIPSEND=24" (13)
23:08:46  [AT] " S,1368,0F,00,1663,P1,4A" (24)
23:08:46  [AT] "SEND OK" (7)
23:08:47  [TX] S,1369,0F,00,1664,P1,4C
23:08:47  [SLOT] n=1387 tx=23 ack=0 due=0 r=1
23:08:47  [AT] "AT+CIPSEND=24" (13)
23:08:47  [AT] " S,1369,0F,00,1664,P1,4C" (24)
23:08:47  [AT] "SEND OK" (7)
23:08:49  [TX] S,1370,0F,00,1665,P1,45
23:08:49  [SLOT] n=1388 tx=23 ack=0 due=0 r=1
23:08:49  [AT] "AT+CIPSEND=24" (13)
23:08:49  [AT] " S,1370,0F,00,1665,P1,45" (24)
23:08:49  [AT] "SEND OK" (7)
23:08:50  [TX] S,1371,0F,00,1666,P1,47
23:08:50  [SLOT] n=1389 tx=23 ack=0 due=0 r=1
23:08:50  [AT] "AT+CIPSEND=24" (13)
23:08:50  [AT] " S,1371,0F,00,1666,P1,47" (24)
23:08:50  [AT] "SEND OK" (7)
23:08:51  [TX] S,1372,0F,00,1668,P1,4A
23:08:51  [SLOT] n=1390 tx=23 ack=0 due=0 r=1
23:08:51  [AT] "AT+CIPSEND=24" (13)
23:08:51  [AT] " S,1372,0F,00,1668,P1,4A" (24)
23:08:51  [AT] "SEND OK" (7)
23:08:52  [TX] S,1373,0F,00,1669,P1,4A
23:08:52  [SLOT] n=1391 tx=23 ack=0 due=0 r=1
23:08:52  [AT] "AT+CIPSEND=24" (13)
23:08:52  [AT] " S,1373,0F,00,1669,P1,4A" (24)
23:08:52  [AT] "SEND OK" (7)
23:08:53  [TX] S,1374,0F,00,1670,P1,45
23:08:53  [SLOT] n=1392 tx=23 ack=0 due=0 r=1
23:08:53  [AT] "AT+CIPSEND=24" (13)
23:08:53  [AT] " S,1374,0F,00,1670,P1,45" (24)
23:08:53  [AT] "SEND OK" (7)
23:08:55  [TX] S,1375,0F,00,1671,P1,45
23:08:55  [SLOT] n=1393 tx=23 ack=0 due=0 r=1
23:08:55  [AT] "AT+CIPSEND=24" (13)
23:08:55  [AT] " S,1375,0F,00,1671,P1,45" (24)
23:08:55  [AT] "SEND OK" (7)
23:08:56  [TX] S,1376,0F,00,1672,P1,45
23:08:56  [SLOT] n=1394 tx=23 ack=0 due=0 r=1
23:08:56  [AT] "AT+CIPSEND=24" (13)
23:08:56  [AT] " S,1376,0F,00,1672,P1,45" (24)
23:08:56  [AT] "SEND OK" (7)
23:08:57  [TX] S,1377,0F,00,1674,P1,42
23:08:57  [SLOT] n=1395 tx=23 ack=0 due=0 r=1
23:08:57  [AT] "AT+CIPSEND=24" (13)
23:08:57  [AT] " S,1377,0F,00,1674,P1,42" (24)
23:08:57  [AT] "SEND OK" (7)
23:08:58  [TX] S,1378,0F,00,1675,P1,4C
23:08:58  [SLOT] n=1396 tx=23 ack=0 due=0 r=1
23:08:58  [AT] "AT+CIPSEND=24" (13)
23:08:58  [AT] " S,1378,0F,00,1675,P1,4C" (24)
23:08:58  [AT] "SEND OK" (7)
23:08:59  [TX] S,1379,0F,00,1676,P1,4E
23:08:59  [SLOT] n=1397 tx=23 ack=0 due=0 r=1
23:08:59  [AT] "AT+CIPSEND=24" (13)
23:08:59  [AT] " S,1379,0F,00,1676,P1,4E" (24)
23:08:59  [AT] "SEND OK" (7)
23:09:01  [TX] S,1380,0F,00,1677,P1,49
23:09:01  [SLOT] n=1398 tx=23 ack=0 due=0 r=1
23:09:01  [AT] "AT+CIPSEND=24" (13)
23:09:01  [AT] " S,1380,0F,00,1677,P1,49" (24)
23:09:01  [AT] "SEND OK" (7)
23:09:02  [TX] S,1381,0F,00,1678,P1,47
23:09:02  [SLOT] n=1399 tx=23 ack=0 due=0 r=1
23:09:02  [AT] "AT+CIPSEND=24" (13)
23:09:02  [AT] " S,1381,0F,00,1678,P1,47" (24)
23:09:02  [AT] "SEND OK" (7)
23:09:03  [TX] S,1382,0F,00,1680,P1,43
23:09:03  [SLOT] n=1400 tx=23 ack=0 due=0 r=1
23:09:03  [CNT] up=1680 drop=0 esprst=0 hwrst=0/0 resync=0 sendfail=0 okto=1 stuck=0 ackq=0 ackdrop=0 ackstale=0 slot=1400 oow=1 smiss=3 ssovf=0 cksumng=0 okstream=1381 penddrop=0 pendfill=1383 bigfill=4 bigdrop=0 bigokst=4 oklost=0 bigoklost=0 skip=7 online=1
23:09:03  [RAM] 최저 여유 571 B · 프롬프트 재동기 0회 (서버의 '버린줄' 과 맞아야 한다)
23:09:03  [AT] " S,1382,0F,00,1680,P1,43" (24)
23:09:03  [AT] "SEND OK" (7)
23:09:03  [AT] "AT+CIPSEND=24" (13)
23:09:04  [TX] S,1383,0F,00,1681,P1,43
23:09:04  [SLOT] n=1401 tx=23 ack=0 due=0 r=1
23:09:04  [AT] "AT+CIPSEND=24" (13)
23:09:04  [AT] " S,1383,0F,00,1681,P1,43" (24)
23:09:04  [AT] "SEND OK" (7)
23:09:05  «tap» 살아있음 — 최근 60초 rx=8013B (이 줄이 끊기면 탭이 죽은 것이다)
23:09:05  [TX] S,1384,0F,00,1682,P1,47
23:09:05  [SLOT] n=1402 tx=23 ack=0 due=0 r=1
23:09:05  [AT] "AT+CIPSEND=24" (13)
23:09:05  [AT] " S,1384,0F,00,1682,P1,47" (24)
23:09:06  [AT] "SEND OK" (7)
23:09:07  [TX] S,1385,0F,00,1683,P1,47
23:09:07  [SLOT] n=1403 tx=23 ack=0 due=0 r=1
23:09:07  [AT] "AT+CIPSEND=24" (13)
23:09:07  [AT] " S,1385,0F,00,1683,P1,47" (24)
23:09:07  [AT] "SEND OK" (7)
23:09:08  [TX] S,1386,0F,00,1684,P1,43
23:09:08  [SLOT] n=1404 tx=23 ack=0 due=0 r=1
23:09:08  [AT] "AT+CIPSEND=24" (13)
23:09:08  [AT] " S,1386,0F,00,1684,P1,43" (24)
23:09:08  [AT] "SEND OK" (7)
23:09:09  [TX] S,1387,0F,00,1686,P1,40
23:09:09  [SLOT] n=1405 tx=23 ack=0 due=0 r=1
23:09:09  [AT] "AT+CIPSEND=24" (13)
23:09:10  [AT] " S,1387,0F,00,1686,P1,40" (24)
23:09:10  [AT] "SEND OK" (7)
23:09:10  [TX] S,1388,0F,00,1687,P1,4E
23:09:10  [SLOT] n=1406 tx=23 ack=0 due=0 r=1
23:09:10  [AT] "AT+CIPSEND=24" (13)
23:09:10  [AT] " S,1388,0F,00,1687,P1,4E" (24)
23:09:10  [AT] "SEND OK" (7)
23:09:11  [TX] S,1389,0F,00,1688,P1,40
23:09:11  [SLOT] n=1407 tx=23 ack=0 due=0 r=1
23:09:11  [AT] "AT+CIPSEND=24" (13)
23:09:12  [AT] " S,1389,0F,00,1688,P1,40" (24)
23:09:12  [AT] "SEND OK" (7)
23:09:13  [TX] S,1390,0F,00,1689,P1,49
23:09:13  [SLOT] n=1408 tx=23 ack=0 due=0 r=1
23:09:13  [AT] "AT+CIPSEND=24" (13)
23:09:13  [AT] " S,1390,0F,00,1689,P1,49" (24)
23:09:13  [AT] "SEND OK" (7)
23:09:14  [TX] S,1391,0F,00,1690,P1,40
23:09:14  [SLOT] n=1409 tx=23 ack=0 due=0 r=1
23:09:14  [AT] "AT+CIPSEND=24" (13)
23:09:14  [AT] " S,1391,0F,00,1690,P1,40" (24)
23:09:14  [AT] "SEND OK" (7)
23:09:15  [TX] S,1392,0F,00,1692,P1,41
23:09:15  [SLOT] n=1410 tx=23 ack=0 due=0 r=1
23:09:15  [AT] "AT+CIPSEND=24" (13)
23:09:15  [AT] " S,1392,0F,00,1692,P1,41" (24)
23:09:15  [AT] "SEND OK" (7)
23:09:16  [TX] S,1393,0F,00,1693,P1,41
23:09:16  [SLOT] n=1411 tx=23 ack=0 due=0 r=1
23:09:16  [AT] "AT+CIPSEND=24" (13)
23:09:16  [AT] " S,1393,0F,00,1693,P1,41" (24)
23:09:16  [AT] "SEND OK" (7)
23:09:17  [TX] S,1394,0F,00,1694,P1,41
23:09:17  [SLOT] n=1412 tx=23 ack=0 due=0 r=1
23:09:17  [AT] "AT+CIPSEND=24" (13)
23:09:17  [AT] " S,1394,0F,00,1694,P1,41" (24)
23:09:17  [AT] "SEND OK" (7)
23:09:19  [TX] S,1395,0F,00,1695,P1,41
23:09:19  [SLOT] n=1413 tx=23 ack=0 due=0 r=1
23:09:19  [AT] "AT+CIPSEND=24" (13)
23:09:19  [AT] " S,1395,0F,00,1695,P1,41" (24)
23:09:19  [AT] "SEND OK" (7)
23:09:20  [TX] S,1396,0F,00,1696,P1,41
23:09:20  [SLOT] n=1414 tx=23 ack=0 due=0 r=1
23:09:20  [AT] "AT+CIPSEND=24" (13)
23:09:20  [AT] " S,1396,0F,00,1696,P1,41" (24)
23:09:20  [AT] "SEND OK" (7)
23:09:21  [TX] S,1397,0F,00,1698,P1,4E
23:09:21  [SLOT] n=1415 tx=23 ack=0 due=0 r=1
23:09:21  [AT] "AT+CIPSEND=24" (13)
23:09:21  [AT] " S,1397,0F,00,1698,P1,4E" (24)
23:09:21  [AT] "SEND OK" (7)
23:09:22  [TX] S,1398,0F,00,1699,P1,40
23:09:22  [SLOT] n=1416 tx=23 ack=0 due=0 r=1
23:09:22  [AT] "AT+CIPSEND=24" (13)
23:09:22  [AT] " S,1398,0F,00,1699,P1,40" (24)
23:09:22  [AT] "SEND OK" (7)
23:09:23  [TX] S,1399,0F,00,1700,P1,40
23:09:23  [SLOT] n=1417 tx=23 ack=0 due=0 r=1
23:09:23  [AT] "AT+CIPSEND=24" (13)
23:09:23  [AT] " S,1399,0F,00,1700,P1,40" (24)
23:09:23  [AT] "SEND OK" (7)
23:09:25  [TX] S,1400,0F,00,1701,P1,46
23:09:25  [SLOT] n=1418 tx=23 ack=0 due=0 r=1
23:09:25  [AT] "AT+CIPSEND=24" (13)
23:09:25  [AT] " S,1400,0F,00,1701,P1,46" (24)
23:09:25  [AT] "SEND OK" (7)
23:09:26  [TX] S,1401,0F,00,1702,P1,44
23:09:26  [SLOT] n=1419 tx=23 ack=0 due=0 r=1
23:09:26  [AT] "AT+CIPSEND=24" (13)
23:09:26  [AT] " S,1401,0F,00,1702,P1,44" (24)
23:09:26  [AT] "SEND OK" (7)
23:09:27  [TX] S,1402,0F,00,1704,P1,41
23:09:27  [SLOT] n=1420 tx=23 ack=0 due=0 r=1
23:09:27  [AT] "AT+CIPSEND=24" (13)
23:09:27  [AT] " S,1402,0F,00,1704,P1,41" (24)
23:09:27  [AT] "SEND OK" (7)
23:09:28  [TX] S,1403,0F,00,1705,P1,41
23:09:28  [SLOT] n=1421 tx=23 ack=0 due=0 r=1
23:09:28  [AT] "AT+CIPSEND=24" (13)
23:09:28  [AT] " S,1403,0F,00,1705,P1,41" (24)
23:09:28  [AT] "SEND OK" (7)
23:09:29  [TX] S,1404,0F,00,1706,P1,45
23:09:29  [SLOT] n=1422 tx=23 ack=0 due=0 r=1
23:09:29  [AT] "AT+CIPSEND=24" (13)
23:09:30  [AT] " S,1404,0F,00,1706,P1,45" (24)
23:09:30  [AT] "SEND OK" (7)
23:09:31  [TX] S,1405,0F,00,1707,P1,45
23:09:31  [SLOT] n=1423 tx=23 ack=0 due=0 r=1
23:09:31  [AT] "AT+CIPSEND=24" (13)
23:09:31  [AT] " S,1405,0F,00,1707,P1,45" (24)
23:09:31  [AT] "SEND OK" (7)
23:09:32  [TX] S,1406,0F,00,1708,P1,49
23:09:32  [SLOT] n=1424 tx=23 ack=0 due=0 r=1
23:09:32  [AT] "AT+CIPSEND=24" (13)
23:09:32  [AT] " S,1406,0F,00,1708,P1,49" (24)
23:09:32  [AT] "SEND OK" (7)
23:09:33  [TX] S,1407,0F,00,1710,P1,41
23:09:33  [SLOT] n=1425 tx=23 ack=0 due=0 r=1
23:09:33  [AT] "AT+CIPSEND=24" (13)
23:09:33  [AT] " S,1407,0F,00,1710,P1,41" (24)
23:09:33  [AT] "SEND OK" (7)
23:09:34  [TX] S,1408,0F,00,1711,P1,4F
23:09:34  [SLOT] n=1426 tx=23 ack=0 due=0 r=1
23:09:34  [AT] "AT+CIPSEND=24" (13)
23:09:34  [AT] " S,1408,0F,00,1711,P1,4F" (24)
23:09:34  [AT] "SEND OK" (7)
23:09:35  [TX] S,1409,0F,00,1712,P1,4D
23:09:35  [SLOT] n=1427 tx=23 ack=0 due=0 r=1
23:09:35  [AT] "AT+CIPSEND=24" (13)
23:09:35  [AT] " S,1409,0F,00,1712,P1,4D" (24)
23:09:35  [AT] "SEND OK" (7)
23:09:37  [TX] S,1410,0F,00,1713,P1,44
23:09:37  [SLOT] n=1428 tx=23 ack=0 due=0 r=1
23:09:37  [AT] "AT+CIPSEND=24" (13)
23:09:37  [AT] " S,1410,0F,00,1713,P1,44" (24)
23:09:37  [AT] "SEND OK" (7)
23:09:38  [TX] S,1411,0F,00,1714,P1,42
23:09:38  [SLOT] n=1429 tx=23 ack=0 due=0 r=1
23:09:38  [AT] "AT+CIPSEND=24" (13)
23:09:38  [AT] " S,1411,0F,00,1714,P1,42" (24)
23:09:38  [AT] "SEND OK" (7)
23:09:39  [TX] S,1412,0F,00,1716,P1,43
23:09:39  [SLOT] n=1430 tx=23 ack=0 due=0 r=1
23:09:39  [AT] "AT+CIPSEND=24" (13)
23:09:39  [AT] " S,1412,0F,00,1716,P1,43" (24)
23:09:39  [AT] "SEND OK" (7)
23:09:40  [TX] S,1413,0F,00,1717,P1,43
23:09:40  [SLOT] n=1431 tx=23 ack=0 due=0 r=1
23:09:40  [AT] "AT+CIPSEND=24" (13)
23:09:40  [AT] " S,1413,0F,00,1717,P1,43" (24)
23:09:40  [AT] "SEND OK" (7)
23:09:41  [TX] S,1414,0F,00,1718,P1,4B
23:09:41  [SLOT] n=1432 tx=23 ack=0 due=0 r=1
23:09:41  [AT] "AT+CIPSEND=24" (13)
23:09:42  [AT] " S,1414,0F,00,1718,P1,4B" (24)
23:09:42  [AT] "SEND OK" (7)
23:09:43  [TX] S,1415,0F,00,1719,P1,4B
23:09:43  [SLOT] n=1433 tx=23 ack=0 due=0 r=1
23:09:43  [AT] "AT+CIPSEND=24" (13)
23:09:43  [AT] " S,1415,0F,00,1719,P1,4B" (24)
23:09:43  [AT] "SEND OK" (7)
23:09:44  [TX] S,1416,0F,00,1720,P1,42
23:09:44  [SLOT] n=1434 tx=23 ack=0 due=0 r=1
23:09:44  [AT] "AT+CIPSEND=24" (13)
23:09:44  [AT] " S,1416,0F,00,1720,P1,42" (24)
23:09:44  [AT] "SEND OK" (7)
23:09:45  [TX] S,1417,0F,00,1722,P1,41
23:09:45  [SLOT] n=1435 tx=23 ack=0 due=0 r=1
23:09:45  [AT] "AT+CIPSEND=24" (13)
23:09:45  [AT] " S,1417,0F,00,1722,P1,41" (24)
23:09:45  [AT] "SEND OK" (7)
23:09:46  [TX] S,1418,0F,00,1723,P1,4F
23:09:46  [SLOT] n=1436 tx=23 ack=0 due=0 r=1
23:09:46  [AT] "AT+CIPSEND=24" (13)
23:09:46  [AT] " S,1418,0F,00,1723,P1,4F" (24)
23:09:46  [AT] "SEND OK" (7)
23:09:47  [TX] S,1419,0F,00,1724,P1,49
23:09:47  [SLOT] n=1437 tx=23 ack=0 due=0 r=1
23:09:47  [AT] "AT+CIPSEND=24" (13)
23:09:47  [AT] " S,1419,0F,00,1724,P1,49" (24)
23:09:47  [AT] "SEND OK" (7)
23:09:49  [TX] S,1420,0F,00,1725,P1,42
23:09:49  [SLOT] n=1438 tx=23 ack=0 due=0 r=1
23:09:49  [AT] "AT+CIPSEND=24" (13)
23:09:49  [AT] " S,1420,0F,00,1725,P1,42" (24)
23:09:49  [AT] "SEND OK" (7)
23:09:50  [TX] S,1421,0F,00,1726,P1,40
23:09:50  [SLOT] n=1439 tx=23 ack=0 due=0 r=1
23:09:50  [AT] "AT+CIPSEND=24" (13)
23:09:50  [AT] " S,1421,0F,00,1726,P1,40" (24)
23:09:50  [AT] "SEND OK" (7)
23:09:51  [TX] S,1422,0F,00,1728,P1,4D
23:09:51  [SLOT] n=1440 tx=23 ack=0 due=0 r=1
23:09:51  [AT] "AT+CIPSEND=24" (13)
23:09:51  [AT] " S,1422,0F,00,1728,P1,4D" (24)
23:09:51  [AT] "SEND OK" (7)
23:09:52  [TX] S,1423,0F,00,1729,P1,4D
23:09:52  [SLOT] n=1441 tx=23 ack=0 due=0 r=1
23:09:52  [AT] "AT+CIPSEND=24" (13)
23:09:52  [AT] " S,1423,0F,00,1729,P1,4D" (24)
23:09:52  [AT] "SEND OK" (7)
23:09:53  [TX] S,1424,0F,00,1730,P1,42
23:09:53  [SLOT] n=1442 tx=23 ack=0 due=0 r=1
23:09:53  [AT] "AT+CIPSEND=24" (13)
23:09:53  [AT] " S,1424,0F,00,1730,P1,42" (24)
23:09:53  [AT] "SEND OK" (7)
23:09:55  [TX] S,1425,0F,00,1731,P1,42
23:09:55  [SLOT] n=1443 tx=23 ack=0 due=0 r=1
23:09:55  [AT] "AT+CIPSEND=24" (13)
23:09:55  [AT] " S,1425,0F,00,1731,P1,42" (24)
23:09:55  [AT] "SEND OK" (7)
23:09:56  [TX] S,1426,0F,00,1732,P1,42
23:09:56  [SLOT] n=1444 tx=23 ack=0 due=0 r=1
23:09:56  [AT] "AT+CIPSEND=24" (13)
23:09:56  [AT] " S,1426,0F,00,1732,P1,42" (24)
23:09:56  [AT] "SEND OK" (7)
23:09:57  [TX] S,1427,0F,00,1734,P1,45
23:09:57  [SLOT] n=1445 tx=23 ack=0 due=0 r=1
23:09:57  [AT] "AT+CIPSEND=24" (13)
23:09:57  [AT] " S,1427,0F,00,1734,P1,45" (24)
23:09:57  [AT] "SEND OK" (7)
23:09:58  [TX] S,1428,0F,00,1735,P1,4B
23:09:58  [SLOT] n=1446 tx=23 ack=0 due=0 r=1
23:09:58  [AT] "AT+CIPSEND=24" (13)
23:09:58  [AT] " S,1428,0F,00,1735,P1,4B" (24)
23:09:58  [AT] "SEND OK" (7)
23:09:59  [TX] S,1429,0F,00,1736,P1,49
23:09:59  [SLOT] n=1447 tx=23 ack=0 due=0 r=1
23:09:59  [AT] "AT+CIPSEND=24" (13)
23:09:59  [AT] " S,1429,0F,00,1736,P1,49" (24)
23:09:59  [AT] "SEND OK" (7)
23:10:01  [TX] S,1430,0F,00,1737,P1,40
23:10:01  [SLOT] n=1448 tx=23 ack=0 due=0 r=1
23:10:01  [AT] "AT+CIPSEND=24" (13)
23:10:01  [AT] " S,1430,0F,00,1737,P1,40" (24)
23:10:01  [AT] "SEND OK" (7)
23:10:02  [TX] S,1431,0F,00,1738,P1,4E
23:10:02  [SLOT] n=1449 tx=23 ack=0 due=0 r=1
23:10:02  [AT] "AT+CIPSEND=24" (13)
23:10:02  [AT] " S,1431,0F,00,1738,P1,4E" (24)
23:10:02  [AT] "SEND OK" (7)
23:10:03  [TX] S,1432,0F,00,1740,P1,42
23:10:03  [SLOT] n=1450 tx=23 ack=0 due=0 r=1
23:10:03  [CNT] up=1740 drop=0 esprst=0 hwrst=0/0 resync=0 sendfail=0 okto=1 stuck=0 ackq=0 ackdrop=0 ackstale=0 slot=1450 oow=1 smiss=3 ssovf=0 cksumng=0 okstream=1431 penddrop=0 pendfill=1433 bigfill=4 bigdrop=0 bigokst=4 oklost=0 bigoklost=0 skip=7 online=1
23:10:03  [RAM] 최저 여유 571 B · 프롬프트 재동기 0회 (서버의 '버린줄' 과 맞아야 한다)
23:10:03  [AT] " S,1432,0F,00,1740,P1,42" (24)
23:10:03  [AT] "SEND OK" (7)
23:10:03  [AT] "AT+CIPSEND=24" (13)
23:10:04  [TX] S,1433,0F,00,1741,P1,42
23:10:04  [SLOT] n=1451 tx=23 ack=0 due=0 r=1
23:10:04  [AT] "AT+CIPSEND=24" (13)
23:10:04  [AT] " S,1433,0F,00,1741,P1,42" (24)
23:10:04  [AT] "SEND OK" (7)
23:10:05  «tap» 살아있음 — 최근 60초 rx=7955B (이 줄이 끊기면 탭이 죽은 것이다)
23:10:05  [TX] S,1434,0F,00,1742,P1,46
23:10:05  [SLOT] n=1452 tx=23 ack=0 due=0 r=1
23:10:05  [AT] "AT+CIPSEND=24" (13)
23:10:05  [AT] " S,1434,0F,00,1742,P1,46" (24)
23:10:05  [AT] "SEND OK" (7)
23:10:07  [TX] S,1435,0F,00,1743,P1,46
23:10:07  [SLOT] n=1453 tx=23 ack=0 due=0 r=1
23:10:07  [AT] "AT+CIPSEND=24" (13)
23:10:07  [AT] " S,1435,0F,00,1743,P1,46" (24)
23:10:07  [AT] "SEND OK" (7)
23:10:08  [TX] S,1436,0F,00,1744,P1,42
23:10:08  [SLOT] n=1454 tx=23 ack=0 due=0 r=1
23:10:08  [AT] "AT+CIPSEND=24" (13)
23:10:08  [AT] " S,1436,0F,00,1744,P1,42" (24)
23:10:08  [AT] "SEND OK" (7)
23:10:09  [TX] S,1437,0F,00,1746,P1,41
23:10:09  [SLOT] n=1455 tx=23 ack=0 due=0 r=1
23:10:09  [AT] "AT+CIPSEND=24" (13)
23:10:09  [AT] " S,1437,0F,00,1746,P1,41" (24)
23:10:09  [AT] "SEND OK" (7)
23:10:10  [TX] S,1438,0F,00,1747,P1,4F
23:10:10  [SLOT] n=1456 tx=23 ack=0 due=0 r=1
23:10:10  [AT] "AT+CIPSEND=24" (13)
23:10:10  [AT] " S,1438,0F,00,1747,P1,4F" (24)
23:10:10  [AT] "SEND OK" (7)
23:10:11  [TX] S,1439,0F,00,1748,P1,41
23:10:11  [SLOT] n=1457 tx=23 ack=0 due=0 r=1
23:10:11  [AT] "AT+CIPSEND=24" (13)
23:10:11  [AT] " S,1439,0F,00,1748,P1,41" (24)
23:10:11  [AT] "SEND OK" (7)
23:10:13  [TX] S,1440,0F,00,1749,P1,4E
23:10:13  [SLOT] n=1458 tx=23 ack=0 due=0 r=1
23:10:13  [AT] "AT+CIPSEND=24" (13)
23:10:13  [AT] " S,1440,0F,00,1749,P1,4E" (24)
23:10:13  [AT] "SEND OK" (7)
23:10:14  [TX] S,1441,0F,00,1750,P1,47
23:10:14  [SLOT] n=1459 tx=23 ack=0 due=0 r=1
23:10:14  [AT] "AT+CIPSEND=24" (13)
23:10:14  [AT] " S,1441,0F,00,1750,P1,47" (24)
23:10:14  [AT] "SEND OK" (7)
23:10:15  [TX] S,1442,0F,00,1752,P1,46
23:10:15  [SLOT] n=1460 tx=23 ack=0 due=0 r=1
23:10:15  [AT] "AT+CIPSEND=24" (13)
23:10:15  [AT] " S,1442,0F,00,1752,P1,46" (24)
23:10:15  [AT] "SEND OK" (7)
23:10:16  [TX] S,1443,0F,00,1753,P1,46
23:10:16  [SLOT] n=1461 tx=23 ack=0 due=0 r=1
23:10:16  [AT] "AT+CIPSEND=24" (13)
23:10:16  [AT] " S,1443,0F,00,1753,P1,46" (24)
23:10:16  [AT] "SEND OK" (7)
23:10:17  [TX] S,1444,0F,00,1754,P1,46
23:10:17  [SLOT] n=1462 tx=23 ack=0 due=0 r=1
23:10:17  [AT] "AT+CIPSEND=24" (13)
23:10:17  [AT] " S,1444,0F,00,1754,P1,46" (24)
23:10:17  [AT] "SEND OK" (7)
23:10:19  [TX] S,1445,0F,00,1755,P1,46
23:10:19  [SLOT] n=1463 tx=23 ack=0 due=0 r=1
23:10:19  [AT] "AT+CIPSEND=24" (13)
23:10:19  [AT] " S,1445,0F,00,1755,P1,46" (24)
23:10:19  [AT] "SEND OK" (7)
23:10:20  [TX] S,1446,0F,00,1756,P1,46
23:10:20  [SLOT] n=1464 tx=23 ack=0 due=0 r=1
23:10:20  [AT] "AT+CIPSEND=24" (13)
23:10:20  [AT] " S,1446,0F,00,1756,P1,46" (24)
23:10:20  [AT] "SEND OK" (7)
23:10:21  [TX] S,1447,0F,00,1758,P1,49
23:10:21  [SLOT] n=1465 tx=23 ack=0 due=0 r=1
23:10:21  [AT] "AT+CIPSEND=24" (13)
23:10:21  [AT] " S,1447,0F,00,1758,P1,49" (24)
23:10:21  [AT] "SEND OK" (7)
23:10:22  [TX] S,1448,0F,00,1759,P1,47
23:10:22  [SLOT] n=1466 tx=23 ack=0 due=0 r=1
23:10:22  [AT] "AT+CIPSEND=24" (13)
23:10:22  [AT] " S,1448,0F,00,1759,P1,47" (24)
23:10:22  [AT] "SEND OK" (7)
23:10:23  [TX] S,1449,0F,00,1760,P1,4C
23:10:23  [SLOT] n=1467 tx=23 ack=0 due=0 r=1
23:10:23  [AT] "AT+CIPSEND=24" (13)
23:10:23  [AT] " S,1449,0F,00,1760,P1,4C" (24)
23:10:23  [AT] "SEND OK" (7)
23:10:25  [TX] S,1450,0F,00,1761,P1,45
23:10:25  [SLOT] n=1468 tx=23 ack=0 due=0 r=1
23:10:25  [AT] "AT+CIPSEND=24" (13)
23:10:25  [AT] " S,1450,0F,00,1761,P1,45" (24)
23:10:25  [AT] "SEND OK" (7)
23:10:26  [TX] S,1451,0F,00,1762,P1,47
23:10:26  [SLOT] n=1469 tx=23 ack=0 due=0 r=1
23:10:26  [AT] "AT+CIPSEND=24" (13)
23:10:26  [AT] " S,1451,0F,00,1762,P1,47" (24)
23:10:26  [AT] "SEND OK" (7)
23:10:27  [TX] S,1452,0F,00,1764,P1,42
23:10:27  [SLOT] n=1470 tx=23 ack=0 due=0 r=1
23:10:27  [AT] "AT+CIPSEND=24" (13)
23:10:27  [AT] " S,1452,0F,00,1764,P1,42" (24)
23:10:27  [AT] "SEND OK" (7)
23:10:28  [TX] S,1453,0F,00,1765,P1,42
23:10:28  [SLOT] n=1471 tx=23 ack=0 due=0 r=1
23:10:28  [AT] "AT+CIPSEND=24" (13)
23:10:28  [AT] " S,1453,0F,00,1765,P1,42" (24)
23:10:28  [AT] "SEND OK" (7)
23:10:29  [TX] S,1454,0F,00,1766,P1,46
23:10:29  [SLOT] n=1472 tx=23 ack=0 due=0 r=1
23:10:29  [AT] "AT+CIPSEND=24" (13)
23:10:30  [AT] " S,1454,0F,00,1766,P1,46" (24)
23:10:30  [AT] "SEND OK" (7)
23:10:31  [TX] S,1455,0F,00,1767,P1,46
23:10:31  [SLOT] n=1473 tx=23 ack=0 due=0 r=1
23:10:31  [AT] "AT+CIPSEND=24" (13)
23:10:31  [AT] " S,1455,0F,00,1767,P1,46" (24)
23:10:31  [AT] "SEND OK" (7)
23:10:32  [TX] S,1456,0F,00,1768,P1,4A
23:10:32  [SLOT] n=1474 tx=23 ack=0 due=0 r=1
23:10:32  [AT] "AT+CIPSEND=24" (13)
23:10:32  [AT] " S,1456,0F,00,1768,P1,4A" (24)
23:10:32  [AT] "SEND OK" (7)
23:10:33  [TX] S,1457,0F,00,1770,P1,42
23:10:33  [SLOT] n=1475 tx=23 ack=0 due=0 r=1
23:10:33  [AT] "AT+CIPSEND=24" (13)
23:10:33  [AT] " S,1457,0F,00,1770,P1,42" (24)
23:10:33  [AT] "SEND OK" (7)
23:10:34  [TX] S,1458,0F,00,1771,P1,4C
23:10:34  [SLOT] n=1476 tx=23 ack=0 due=0 r=1
23:10:34  [AT] "AT+CIPSEND=24" (13)
23:10:34  [AT] " S,1458,0F,00,1771,P1,4C" (24)
23:10:34  [AT] "SEND OK" (7)
23:10:35  [TX] S,1459,0F,00,1772,P1,4E
23:10:35  [SLOT] n=1477 tx=23 ack=0 due=0 r=1
23:10:35  [AT] "AT+CIPSEND=24" (13)
23:10:35  [AT] " S,1459,0F,00,1772,P1,4E" (24)
23:10:35  [AT] "SEND OK" (7)
23:10:37  [TX] S,1460,0F,00,1773,P1,45
23:10:37  [SLOT] n=1478 tx=23 ack=0 due=0 r=1
23:10:37  [AT] "AT+CIPSEND=24" (13)
23:10:37  [AT] " S,1460,0F,00,1773,P1,45" (24)
23:10:37  [AT] "SEND OK" (7)
23:10:38  [TX] S,1461,0F,00,1774,P1,43
23:10:38  [SLOT] n=1479 tx=23 ack=0 due=0 r=1
23:10:38  [AT] "AT+CIPSEND=24" (13)
23:10:38  [AT] " S,1461,0F,00,1774,P1,43" (24)
23:10:38  [AT] "SEND OK" (7)
23:10:39  [TX] S,1462,0F,00,1776,P1,42
23:10:39  [SLOT] n=1480 tx=23 ack=0 due=0 r=1
23:10:39  [AT] "AT+CIPSEND=24" (13)
23:10:39  [AT] " S,1462,0F,00,1776,P1,42" (24)
23:10:39  [AT] "SEND OK" (7)
23:10:40  [TX] S,1463,0F,00,1777,P1,42
23:10:40  [SLOT] n=1481 tx=23 ack=0 due=0 r=1
23:10:40  [AT] "AT+CIPSEND=24" (13)
23:10:40  [AT] " S,1463,0F,00,1777,P1,42" (24)
23:10:40  [AT] "SEND OK" (7)
23:10:41  [TX] S,1464,0F,00,1778,P1,4A
23:10:41  [SLOT] n=1482 tx=23 ack=0 due=0 r=1
23:10:41  [AT] "AT+CIPSEND=24" (13)
23:10:41  [AT] " S,1464,0F,00,1778,P1,4A" (24)
23:10:41  [AT] "SEND OK" (7)
23:10:42  [TX] S,1465,0F,00,1779,P1,4A
23:10:42  [SLOT] n=1483 tx=23 ack=0 due=0 r=1
23:10:42  [AT] "AT+CIPSEND=24" (13)
23:10:43  [AT] " S,1465,0F,00,1779,P1,4A" (24)
23:10:43  [AT] "SEND OK" (7)
23:10:44  [TX] S,1466,0F,00,1780,P1,4F
23:10:44  [SLOT] n=1484 tx=23 ack=0 due=0 r=1
23:10:44  [AT] "AT+CIPSEND=24" (13)
23:10:44  [AT] " S,1466,0F,00,1780,P1,4F" (24)
23:10:44  [AT] "SEND OK" (7)
23:10:45  [TX] S,1467,0F,00,1782,P1,4C
23:10:45  [SLOT] n=1485 tx=23 ack=0 due=0 r=1
23:10:45  [AT] "AT+CIPSEND=24" (13)
23:10:45  [AT] " S,1467,0F,00,1782,P1,4C" (24)
23:10:45  [AT] "SEND OK" (7)
23:10:46  [TX] S,1468,0F,00,1783,P1,42
23:10:46  [SLOT] n=1486 tx=23 ack=0 due=0 r=1
23:10:46  [AT] "AT+CIPSEND=24" (13)
23:10:46  [AT] " S,1468,0F,00,1783,P1,42" (24)
23:10:46  [AT] "SEND OK" (7)
23:10:47  [TX] S,1469,0F,00,1784,P1,44
23:10:47  [SLOT] n=1487 tx=23 ack=0 due=0 r=1
23:10:47  [AT] "AT+CIPSEND=24" (13)
23:10:47  [AT] " S,1469,0F,00,1784,P1,44" (24)
23:10:47  [AT] "SEND OK" (7)
23:10:48  [TX] S,1470,0F,00,1785,P1,4D
23:10:48  [SLOT] n=1488 tx=23 ack=0 due=0 r=1
23:10:48  [AT] "AT+CIPSEND=24" (13)
23:10:49  [AT] " S,1470,0F,00,1785,P1,4D" (24)
23:10:49  [AT] "SEND OK" (7)
23:10:50  [TX] S,1471,0F,00,1786,P1,4F
23:10:50  [SLOT] n=1489 tx=23 ack=0 due=0 r=1
23:10:50  [AT] "AT+CIPSEND=24" (13)
23:10:50  [AT] " S,1471,0F,00,1786,P1,4F" (24)
23:10:50  [AT] "SEND OK" (7)
23:10:51  [TX] S,1472,0F,00,1788,P1,42
23:10:51  [SLOT] n=1490 tx=23 ack=0 due=0 r=1
23:10:51  [AT] "AT+CIPSEND=24" (13)
23:10:51  [AT] " S,1472,0F,00,1788,P1,42" (24)
23:10:51  [AT] "SEND OK" (7)
23:10:52  [TX] S,1473,0F,00,1789,P1,42
23:10:52  [SLOT] n=1491 tx=23 ack=0 due=0 r=1
23:10:52  [AT] "AT+CIPSEND=24" (13)
23:10:52  [AT] " S,1473,0F,00,1789,P1,42" (24)
23:10:52  [AT] "SEND OK" (7)
23:10:53  [TX] S,1474,0F,00,1790,P1,4D
23:10:53  [SLOT] n=1492 tx=23 ack=0 due=0 r=1
23:10:53  [AT] "AT+CIPSEND=24" (13)
23:10:53  [AT] " S,1474,0F,00,1790,P1,4D" (24)
23:10:53  [AT] "SEND OK" (7)
23:10:54  [TX] S,1475,0F,00,1791,P1,4D
23:10:54  [SLOT] n=1493 tx=23 ack=0 due=0 r=1
23:10:54  [AT] "AT+CIPSEND=24" (13)
23:10:55  [AT] " S,1475,0F,00,1791,P1,4D" (24)
23:10:55  [AT] "SEND OK" (7)
23:10:56  [TX] S,1476,0F,00,1792,P1,4D
23:10:56  [SLOT] n=1494 tx=23 ack=0 due=0 r=1
23:10:56  [AT] "AT+CIPSEND=24" (13)
23:10:56  [AT] " S,1476,0F,00,1792,P1,4D" (24)
23:10:56  [AT] "SEND OK" (7)
23:10:57  [TX] S,1477,0F,00,1794,P1,4A
23:10:57  [SLOT] n=1495 tx=23 ack=0 due=0 r=1
23:10:57  [AT] "AT+CIPSEND=24" (13)
23:10:57  [AT] " S,1477,0F,00,1794,P1,4A" (24)
23:10:57  [AT] "SEND OK" (7)
23:10:58  [TX] S,1478,0F,00,1795,P1,44
23:10:58  [SLOT] n=1496 tx=23 ack=0 due=0 r=1
23:10:58  [AT] "AT+CIPSEND=24" (13)
23:10:58  [AT] " S,1478,0F,00,1795,P1,44" (24)
23:10:58  [AT] "SEND OK" (7)
23:10:59  [TX] S,1479,0F,00,1796,P1,46
23:10:59  [SLOT] n=1497 tx=23 ack=0 due=0 r=1
23:10:59  [AT] "AT+CIPSEND=24" (13)
23:10:59  [AT] " S,1479,0F,00,1796,P1,46" (24)
23:10:59  [AT] "SEND OK" (7)
23:11:00  [TX] S,1480,0F,00,1797,P1,41
23:11:00  [SLOT] n=1498 tx=23 ack=0 due=0 r=1
23:11:00  [AT] "AT+CIPSEND=24" (13)
23:11:00  [AT] " S,1480,0F,00,1797,P1,41" (24)
23:11:00  [AT] "SEND OK" (7)
23:11:02  [TX] S,1481,0F,00,1798,P1,4F
23:11:02  [SLOT] n=1499 tx=23 ack=0 due=0 r=1
23:11:02  [AT] "AT+CIPSEND=24" (13)
23:11:02  [AT] " S,1481,0F,00,1798,P1,4F" (24)
23:11:02  [AT] "SEND OK" (7)
23:11:03  [TX] S,1482,0F,00,1800,P1,42
23:11:03  [SLOT] n=1500 tx=23 ack=0 due=0 r=1
23:11:03  [CNT] up=1800 drop=0 esprst=0 hwrst=0/0 resync=0 sendfail=0 okto=1 stuck=0 ackq=0 ackdrop=0 ackstale=0 slot=1500 oow=1 smiss=3 ssovf=0 cksumng=0 okstream=1481 penddrop=0 pendfill=1483 bigfill=4 bigdrop=0 bigokst=4 oklost=0 bigoklost=0 skip=7 online=1
23:11:03  [RAM] 최저 여유 571 B · 프롬프트 재동기 0회 (서버의 '버린줄' 과 맞아야 한다)
23:11:03  [AT] " S,1482,0F,00,1800,P1,42" (24)
23:11:03  [AT] "SEND OK" (7)
23:11:03  [AT] "AT+CIPSEND=24" (13)
23:11:04  [TX] S,1483,0F,00,1801,P1,42
23:11:04  [SLOT] n=1501 tx=23 ack=0 due=0 r=1
23:11:04  [AT] "AT+CIPSEND=24" (13)
23:11:04  [AT] " S,1483,0F,00,1801,P1,42" (24)
23:11:04  [AT] "SEND OK" (7)
23:11:05  «tap» 살아있음 — 최근 60초 rx=7955B (이 줄이 끊기면 탭이 죽은 것이다)
23:11:05  [TX] S,1484,0F,00,1802,P1,46
23:11:05  [SLOT] n=1502 tx=23 ack=0 due=0 r=1
23:11:05  [AT] "AT+CIPSEND=24" (13)
23:11:05  [AT] " S,1484,0F,00,1802,P1,46" (24)
23:11:05  [AT] "SEND OK" (7)
23:11:06  [TX] S,1485,0F,00,1803,P1,46
23:11:06  [SLOT] n=1503 tx=23 ack=0 due=0 r=1
23:11:06  [AT] "AT+CIPSEND=24" (13)
23:11:07  [AT] " S,1485,0F,00,1803,P1,46" (24)
23:11:07  [AT] "SEND OK" (7)
23:11:08  [TX] S,1486,0F,00,1804,P1,42
23:11:08  [SLOT] n=1504 tx=23 ack=0 due=0 r=1
23:11:08  [AT] "AT+CIPSEND=24" (13)
23:11:08  [AT] " S,1486,0F,00,1804,P1,42" (24)
23:11:08  [AT] "SEND OK" (7)
23:11:09  [TX] S,1487,0F,00,1806,P1,41
23:11:09  [SLOT] n=1505 tx=23 ack=0 due=0 r=1
23:11:09  [AT] "AT+CIPSEND=24" (13)
23:11:09  [AT] " S,1487,0F,00,1806,P1,41" (24)
23:11:09  [AT] "SEND OK" (7)
23:11:10  [TX] S,1488,0F,00,1807,P1,4F
23:11:10  [SLOT] n=1506 tx=23 ack=0 due=0 r=1
23:11:10  [AT] "AT+CIPSEND=24" (13)
23:11:11  [AT] " S,1488,0F,00,1807,P1,4F" (24)
23:11:11  [AT] "SEND OK" (7)
23:11:11  [TX] S,1489,0F,00,1808,P1,41
23:11:11  [SLOT] n=1507 tx=23 ack=0 due=0 r=1
23:11:11  [AT] "AT+CIPSEND=24" (13)
23:11:11  [AT] " S,1489,0F,00,1808,P1,41" (24)
23:11:11  [AT] "SEND OK" (7)
23:11:12  [TX] S,1490,0F,00,1809,P1,48
23:11:12  [SLOT] n=1508 tx=23 ack=0 due=0 r=1
23:11:12  [AT] "AT+CIPSEND=24" (13)
23:11:12  [AT] " S,1490,0F,00,1809,P1,48" (24)
23:11:12  [AT] "SEND OK" (7)
23:11:14  [TX] S,1491,0F,00,1810,P1,41
23:11:14  [SLOT] n=1509 tx=23 ack=0 due=0 r=1
23:11:14  [AT] "AT+CIPSEND=24" (13)
23:11:14  [AT] " S,1491,0F,00,1810,P1,41" (24)
23:11:14  [AT] "SEND OK" (7)
23:11:15  [TX] S,1492,0F,00,1812,P1,40
23:11:15  [SLOT] n=1510 tx=23 ack=0 due=0 r=1
23:11:15  [AT] "AT+CIPSEND=24" (13)
23:11:15  [AT] " S,1492,0F,00,1812,P1,40" (24)
23:11:15  [AT] "SEND OK" (7)
23:11:16  [TX] S,1493,0F,00,1813,P1,40
23:11:16  [SLOT] n=1511 tx=23 ack=0 due=0 r=1
23:11:16  [AT] "AT+CIPSEND=24" (13)
23:11:16  [AT] " S,1493,0F,00,1813,P1,40" (24)
23:11:16  [AT] "SEND OK" (7)
23:11:17  [TX] S,1494,0F,00,1814,P1,40
23:11:17  [SLOT] n=1512 tx=23 ack=0 due=0 r=1
23:11:17  [AT] "AT+CIPSEND=24" (13)
23:11:18  [AT] " S,1494,0F,00,1814,P1,40" (24)
23:11:18  [AT] "SEND OK" (7)
23:11:18  [TX] S,1495,0F,00,1815,P1,40
23:11:18  [SLOT] n=1513 tx=23 ack=0 due=0 r=1
23:11:18  [AT] "AT+CIPSEND=24" (13)
23:11:18  [AT] " S,1495,0F,00,1815,P1,40" (24)
23:11:18  [AT] "SEND OK" (7)
23:11:20  [TX] S,1496,0F,00,1816,P1,40
23:11:20  [SLOT] n=1514 tx=23 ack=0 due=0 r=1
23:11:20  [AT] "AT+CIPSEND=24" (13)
23:11:20  [AT] " S,1496,0F,00,1816,P1,40" (24)
23:11:20  [AT] "SEND OK" (7)
23:11:21  [TX] S,1497,0F,00,1818,P1,4F
23:11:21  [SLOT] n=1515 tx=23 ack=0 due=0 r=1
23:11:21  [AT] "AT+CIPSEND=24" (13)
23:11:21  [AT] " S,1497,0F,00,1818,P1,4F" (24)
23:11:21  [AT] "SEND OK" (7)
23:11:22  [TX] S,1498,0F,00,1819,P1,41
23:11:22  [SLOT] n=1516 tx=23 ack=0 due=0 r=1
23:11:22  [AT] "AT+CIPSEND=24" (13)
23:11:22  [AT] " S,1498,0F,00,1819,P1,41" (24)
23:11:22  [AT] "SEND OK" (7)
23:11:23  [TX] S,1499,0F,00,1820,P1,4A
23:11:23  [SLOT] n=1517 tx=23 ack=0 due=0 r=1
23:11:23  [AT] "AT+CIPSEND=24" (13)
23:11:23  [AT] " S,1499,0F,00,1820,P1,4A" (24)
23:11:23  [AT] "SEND OK" (7)
23:11:24  [TX] S,1500,0F,00,1821,P1,4A
23:11:24  [SLOT] n=1518 tx=23 ack=0 due=0 r=1
23:11:24  [AT] "AT+CIPSEND=24" (13)
23:11:24  [AT] " S,1500,0F,00,1821,P1,4A" (24)
23:11:25  [AT] "SEND OK" (7)
23:11:26  [TX] S,1501,0F,00,1822,P1,48
23:11:26  [SLOT] n=1519 tx=23 ack=0 due=0 r=1
23:11:26  [AT] "AT+CIPSEND=24" (13)
23:11:26  [AT] " S,1501,0F,00,1822,P1,48" (24)
23:11:26  [AT] "SEND OK" (7)
23:11:27  [TX] S,1502,0F,00,1824,P1,4D
23:11:27  [SLOT] n=1520 tx=23 ack=0 due=0 r=1
23:11:27  [AT] "AT+CIPSEND=24" (13)
23:11:27  [AT] " S,1502,0F,00,1824,P1,4D" (24)
23:11:27  [AT] "SEND OK" (7)
23:11:28  [TX] S,1503,0F,00,1825,P1,4D
23:11:28  [SLOT] n=1521 tx=23 ack=0 due=0 r=1
23:11:28  [AT] "AT+CIPSEND=24" (13)
23:11:28  [AT] " S,1503,0F,00,1825,P1,hD" (24)
23:11:28  [AT] "SEND OK" (7)
23:11:29  [TX] S,1504,0F,00,1826,P1,49
23:11:29  [SLOT] n=1522 tx=23 ack=0 due=0 r=1
23:11:29  [AT] "AT+CIPSEND=24" (13)
23:11:29  [AT] " S,1504,0F,00,1826,P1,49" (24)
23:11:29  [AT] "SEND OK" (7)
23:11:30  [TX] S,1505,0F,00,1827,P1,49
23:11:30  [SLOT] n=1523 tx=23 ack=0 due=0 r=1
23:11:30  [AT] "AT+CIPSEND=24" (13)
23:11:30  [AT] " S,1505,0F,00,1827,P1,49" (24)
23:11:30  [AT] "SEND OK" (7)
23:11:32  [TX] S,1506,0F,00,1828,P1,45
23:11:32  [SLOT] n=1524 tx=23 ack=0 due=0 r=1
23:11:32  [AT] "AT+CIPSEND=24" (13)
23:11:32  [AT] " S,1506,0F,00,1828,P1,45" (24)
23:11:32  [AT] "SEND OK" (7)
23:11:33  [TX] S,1507,0F,00,1830,P1,4D
23:11:33  [SLOT] n=1525 tx=23 ack=0 due=0 r=1
23:11:33  [AT] "AT+CIPSEND=24" (13)
23:11:33  [AT] " S,1507,0F,00,1830,P1,4D" (24)
23:11:33  [AT] "SEND OK" (7)
23:11:34  [TX] S,1508,0F,00,1831,P1,43
23:11:34  [SLOT] n=1526 tx=23 ack=0 due=0 r=1
23:11:34  [AT] "AT+CIPSEND=24" (13)
23:11:34  [AT] " S,1508,0F,00,1831,P1,43" (24)
23:11:34  [AT] "SEND OK" (7)
23:11:35  [TX] S,1509,0F,00,1832,P1,41
23:11:35  [SLOT] n=1527 tx=23 ack=0 due=0 r=1
23:11:35  [AT] "AT+CIPSEND=24" (13)
23:11:35  [AT] " S,1509,0F,00,1832,P1,41" (24)
23:11:35  [AT] "SEND OK" (7)
23:11:36  [TX] S,1510,0F,00,1833,P1,48
23:11:36  [SLOT] n=1528 tx=23 ack=0 due=0 r=1
23:11:36  [AT] "AT+CIPSEND=24" (13)
23:11:37  [AT] " S,1510,0F,00,1833,P1,48" (24)
23:11:37  [AT] "SEND OK" (7)
23:11:38  [TX] S,1511,0F,00,1834,P1,4E
23:11:38  [SLOT] n=1529 tx=23 ack=0 due=0 r=1
23:11:38  [AT] "AT+CIPSEND=24" (13)
23:11:38  [AT] " S,1511,0F,00,1834,P1,4E" (24)
23:11:38  [AT] "SEND OK" (7)
23:11:39  [TX] S,1512,0F,00,1836,P1,4F
23:11:39  [SLOT] n=1530 tx=23 ack=0 due=0 r=1
23:11:39  [AT] "AT+CIPSEND=24" (13)
23:11:39  [AT] " S,1512,0F,00,1836,P1,4F" (24)
23:11:39  [AT] "SEND OK" (7)
23:11:40  [TX] S,1513,0F,00,1837,P1,4F
23:11:40  [SLOT] n=1531 tx=23 ack=0 due=0 r=1
23:11:40  [AT] "AT+CIPSEND=24" (13)
23:11:40  [AT] " S,1513,0F,00,1837,P1,4F" (24)
23:11:40  [AT] "SEND OK" (7)
23:11:41  [TX] S,1514,0F,00,1838,P1,47
23:11:41  [SLOT] n=1532 tx=23 ack=0 due=0 r=1
23:11:41  [AT] "AT+CIPSEND=24" (13)
23:11:41  [AT] " S,1514,0F,00,1838,P1,47" (24)
23:11:41  [AT] "SEND OK" (7)
23:11:42  [TX] S,1515,0F,00,1839,P1,47
23:11:42  [SLOT] n=1533 tx=23 ack=0 due=0 r=1
23:11:42  [AT] "AT+CIPSEND=24" (13)
23:11:42  [AT] " S,1515,0F,00,1839,P1,47" (24)
23:11:42  [AT] "SEND OK" (7)
23:11:44  [TX] S,1516,0F,00,1840,P1,4A
23:11:44  [SLOT] n=1534 tx=23 ack=0 due=0 r=1
23:11:44  [AT] "AT+CIPSEND=24" (13)
23:11:44  [AT] " S,1516,0F,00,1840,P1,4A" (24)
23:11:44  [AT] "SEND OK" (7)
23:11:45  [TX] S,1517,0F,00,1842,P1,49
23:11:45  [SLOT] n=1535 tx=23 ack=0 due=0 r=1
23:11:45  [AT] "AT+CIPSEND=24" (13)
23:11:45  [AT] " S,1517,0F,00,1842,P1,49" (24)
23:11:45  [AT] "SEND OK" (7)
23:11:46  [TX] S,1518,0F,00,1843,P1,47
23:11:46  [SLOT] n=1536 tx=23 ack=0 due=0 r=1
23:11:46  [AT] "AT+CIPSEND=24" (13)
23:11:46  [AT] " S,1518,0F,00,1843,P1,47" (24)
23:11:46  [AT] "SEND OK" (7)
23:11:47  [TX] S,1519,0F,00,1844,P1,41
23:11:47  [SLOT] n=1537 tx=23 ack=0 due=0 r=1
23:11:47  [AT] "AT+CIPSEND=24" (13)
23:11:47  [AT] " S,1519,0F,00,1844,P1,41" (24)
23:11:47  [AT] "SEND OK" (7)
23:11:48  [TX] S,1520,0F,00,1845,P1,4A
23:11:48  [SLOT] n=1538 tx=23 ack=0 due=0 r=1
23:11:48  [AT] "AT+CIPSEND=24" (13)
23:11:48  [AT] " S,1520,0F,00,1845,P1,4A" (24)
23:11:48  [AT] "SEND OK" (7)
23:11:50  [TX] S,1521,0F,00,1846,P1,48
23:11:50  [SLOT] n=1539 tx=23 ack=0 due=0 r=1
23:11:50  [AT] "AT+CIPSEND=24" (13)
23:11:50  [AT] " S,1521,0F,00,1846,P1,48" (24)
23:11:50  [AT] "SEND OK" (7)
23:11:51  [TX] S,1522,0F,00,1848,P1,45
23:11:51  [SLOT] n=1540 tx=23 ack=0 due=0 r=1
23:11:51  [AT] "AT+CIPSEND=24" (13)
23:11:51  [AT] " S,1522,0F,00,1848,P1,45" (24)
23:11:51  [AT] "SEND OK" (7)
23:11:52  [TX] S,1523,0F,00,1849,P1,45
23:11:52  [SLOT] n=1541 tx=23 ack=0 due=0 r=1
23:11:52  [AT] "AT+CIPSEND=24" (13)
23:11:52  [AT] " S,1523,0F,00,1849,P1,45" (24)
23:11:52  [AT] "SEND OK" (7)
23:11:53  [TX] S,1524,0F,00,1850,P1,4A
23:11:53  [SLOT] n=1542 tx=23 ack=0 due=0 r=1
23:11:53  [AT] "AT+CIPSEND=24" (13)
23:11:53  [AT] " S,1524,0F,00,1850,P1,4A" (24)
23:11:53  [AT] "SEND OK" (7)
23:11:54  [TX] S,1525,0F,00,1851,P1,4A
23:11:54  [SLOT] n=1543 tx=23 ack=0 due=0 r=1
23:11:54  [AT] "AT+CIPSEND=24" (13)
23:11:54  [AT] " S,1525,0F,00,1851,P1,4A" (24)
23:11:54  [AT] "SEND OK" (7)
23:11:56  [TX] S,1526,0F,00,1852,P1,4A
23:11:56  [SLOT] n=1544 tx=23 ack=0 due=0 r=1
23:11:56  [AT] "AT+CIPSEND=24" (13)
23:11:56  [AT] " S,1526,0F,00,1852,P1,4A" (24)
23:11:56  [AT] "SEND OK" (7)
23:11:57  [TX] S,1527,0F,00,1854,P1,4D
23:11:57  [SLOT] n=1545 tx=23 ack=0 due=0 r=1
23:11:57  [AT] "AT+CIPSEND=24" (13)
23:11:57  [AT] " S,1527,0F,00,1854,P1,4D" (24)
23:11:57  [AT] "SEND OK" (7)
23:11:58  [TX] S,1528,0F,00,1855,P1,43
23:11:58  [SLOT] n=1546 tx=23 ack=0 due=0 r=1
23:11:58  [AT] "AT+CIPSEND=24" (13)
23:11:58  [AT] " S,1528,0F,00,1855,P1,43" (24)
23:11:58  [AT] "SEND OK" (7)
23:11:59  [TX] S,1529,0F,00,1856,P1,41
23:11:59  [SLOT] n=1547 tx=23 ack=0 due=0 r=1
23:11:59  [AT] "AT+CIPSEND=24" (13)
23:11:59  [AT] " S,1529,0F,00,1856,P1,41" (24)
23:11:59  [AT] "SEND OK" (7)
23:12:00  [TX] S,1530,0F,00,1857,P1,48
23:12:00  [SLOT] n=1548 tx=23 ack=0 due=0 r=1
23:12:00  [AT] "AT+CIPSEND=24" (13)
23:12:00  [AT] " S,1530,0F,00,1857,P1,48" (24)
23:12:00  [AT] "SEND OK" (7)
23:12:02  [TX] S,1531,0F,00,1858,P1,46
23:12:02  [SLOT] n=1549 tx=23 ack=0 due=0 r=1
23:12:02  [AT] "AT+CIPSEND=24" (13)
23:12:02  [AT] " S,1531,0F,00,1858,P1,46" (24)
23:12:02  [AT] "SEND OK" (7)
23:12:03  [TX] S,1532,0F,00,1860,P1,4E
23:12:03  [SLOT] n=1550 tx=23 ack=0 due=0 r=1
23:12:03  [CNT] up=1860 drop=0 esprst=0 hwrst=0/0 resync=0 sendfail=0 okto=1 stuck=0 ackq=0 ackdrop=0 ackstale=0 slot=1550 oow=1 smiss=3 ssovf=0 cksumng=0 okstream=1531 penddrop=0 pendfill=1533 bigfill=4 bigdrop=0 bigokst=4 oklost=0 bigoklost=0 skip=7 online=1
23:12:03  [RAM] 최저 여유 571 B · 프롬프트 재동기 0회 (서버의 '버린줄' 과 맞아야 한다)
23:12:03  [AT] " S,1532,0F,00,1860,P1,4E" (24)
23:12:03  [AT] "SEND OK" (7)
23:12:03  [AT] "AT+CIPSEND=24" (13)
23:12:04  [TX] S,1533,0F,00,1861,P1,4E
23:12:04  [SLOT] n=1551 tx=23 ack=0 due=0 r=1
23:12:04  [AT] "AT+CIPSEND=24" (13)
23:12:04  [AT] " S,1533,0F,00,1861,P1,4E" (24)
23:12:04  [AT] "SEND OK" (7)
23:12:05  «tap» 살아있음 — 최근 60초 rx=7955B (이 줄이 끊기면 탭이 죽은 것이다)
23:12:05  [TX] S,1534,0F,00,1862,P1,4A
23:12:05  [SLOT] n=1552 tx=23 ack=0 due=0 r=1
23:12:05  [AT] "AT+CIPSEND=24" (13)
23:12:05  [AT] " S,1534,0F,00,1862,P1,4A" (24)
23:12:05  [AT] "SEND OK" (7)
23:12:06  [TX] S,1535,0F,00,1863,P1,4A
23:12:06  [SLOT] n=1553 tx=23 ack=0 due=0 r=1
23:12:06  [AT] "AT+CIPSEND=24" (13)
23:12:07  [AT] " S,1535,0F,00,1863,P1,4A" (24)
23:12:07  [AT] "SEND OK" (7)
23:12:08  [TX] S,1536,0F,00,1864,P1,4E
23:12:08  [SLOT] n=1554 tx=23 ack=0 due=0 r=1
23:12:08  [AT] "AT+CIPSEND=24" (13)
23:12:08  [AT] " S,1536,0F,00,1864,P1,4E" (24)
23:12:08  [AT] "SEND OK" (7)
23:12:09  [TX] S,1537,0F,00,1866,P1,4D
23:12:09  [SLOT] n=1555 tx=23 ack=0 due=0 r=1
23:12:09  [AT] "AT+CIPSEND=24" (13)
23:12:09  [AT] " S,1537,0F,00,1866,P1,4D" (24)
23:12:09  [AT] "SEND OK" (7)
23:12:10  [TX] S,1538,0F,00,1867,P1,43
23:12:10  [SLOT] n=1556 tx=23 ack=0 due=0 r=1
23:12:10  [AT] "AT+CIPSEND=24" (13)
23:12:10  [AT] " S,1538,0F,00,1867,P1,43" (24)
23:12:10  [AT] "SEND OK" (7)
23:12:11  [TX] S,1539,0F,00,1868,P1,4D
23:12:11  [SLOT] n=1557 tx=23 ack=0 due=0 r=1
23:12:11  [AT] "AT+CIPSEND=24" (13)
23:12:11  [AT] " S,1539,0F,00,1868,P1,4D" (24)
23:12:11  [AT] "SEND OK" (7)
23:12:12  [TX] S,1540,0F,00,1869,P1,42
23:12:12  [SLOT] n=1558 tx=23 ack=0 due=0 r=1
23:12:12  [AT] "AT+CIPSEND=24" (13)
23:12:12  [AT] " S,1540,0F,00,1869,P1,42" (24)
23:12:12  [AT] "SEND OK" (7)
23:12:14  [TX] S,1541,0F,00,1870,P1,4B
23:12:14  [SLOT] n=1559 tx=23 ack=0 due=0 r=1
23:12:14  [AT] "AT+CIPSEND=24" (13)
23:12:14  [AT] " S,1541,0F,00,1870,P1,4B" (24)
23:12:14  [AT] "SEND OK" (7)
23:12:15  [TX] S,1542,0F,00,1872,P1,4A
23:12:15  [SLOT] n=1560 tx=23 ack=0 due=0 r=1
23:12:15  [AT] "AT+CIPSEND=24" (13)
23:12:15  [AT] " S,1542,0F,00,1872,P1,4A" (24)
23:12:15  [AT] "SEND OK" (7)
23:12:16  [TX] S,1543,0F,00,1873,P1,4A
23:12:16  [SLOT] n=1561 tx=23 ack=0 due=0 r=1
23:12:16  [AT] "AT+CIPSEND=24" (13)
23:12:16  [AT] " S,1543,0F,00,1873,P1,4A" (24)
23:12:16  [AT] "SEND OK" (7)
23:12:17  [TX] S,1544,0F,00,1874,P1,4A
23:12:17  [SLOT] n=1562 tx=23 ack=0 due=0 r=1
23:12:17  [AT] "AT+CIPSEND=24" (13)
23:12:17  [AT] " S,1544,0F,00,1874,P1,4A" (24)
23:12:17  [AT] "SEND OK" (7)
23:12:18  [TX] S,1545,0F,00,1875,P1,4A
23:12:18  [SLOT] n=1563 tx=23 ack=0 due=0 r=1
23:12:18  [AT] "AT+CIPSEND=24" (13)
23:12:18  [AT] " S,1545,0F,00,1875,P1,4A" (24)
23:12:18  [AT] "SEND OK" (7)
23:12:21  [TX] S,1546,0F,00,1876,P1,4A
23:12:21  [SLOT] n=1564 tx=23 ack=0 due=0 r=1
23:12:21  [AT] "AT+CIPSEND=24" (13)
23:12:21  [AT] " S,1546,0F,00,1876,P1,4A" (24)
23:12:21  [AT] "SEND OK" (7)
23:12:22  [TX] S,1547,0F,00,1878,P1,45
23:12:22  [SLOT] n=1565 tx=23 ack=0 due=0 r=1
23:12:22  [AT] "AT+CIPSEND=24" (13)
23:12:22  [AT] " S,1547,0F,00,1878,P1,45" (24)
23:12:22  [AT] "SEND OK" (7)
23:12:23  [TX] S,1548,0F,00,1879,P1,4B
23:12:23  [SLOT] n=1566 tx=23 ack=0 due=0 r=1
23:12:23  [AT] "AT+CIPSEND=24" (13)
23:12:23  [AT] " S,1548,0F,00,1879,P1,4B" (24)
23:12:23  [AT] "SEND OK" (7)
23:12:24  [TX] S,1549,0F,00,1880,P1,4C
23:12:24  [SLOT] n=1567 tx=23 ack=0 due=0 r=1
23:12:24  [AT] "AT+CIPSEN\x8C=24" (13)
23:12:24  [AT] " S,1549,0F,00,1880,P1,4C" (24)
23:12:24  [AT] "SEND OK" (7)
23:12:25  [TX] S,1550,0F,00,1881,P1,45
23:12:25  [SLOT] n=1568 tx=23 ack=0 due=0 r=1
23:12:25  [AT] "AT+CIPSEND=24" (13)
23:12:26  [AT] " S,1550,0F,00,1881,P1,45" (24)
23:12:26  [AT] "SEND OK" (7)
23:12:27  [TX] S,1551,0F,00,1882,P1,47
23:12:27  [SLOT] n=1569 tx=23 ack=0 due=0 r=1
23:12:27  [AT] "AT+CIPSEND=24" (13)
23:12:27  [AT] " S,1551,0F,00,1882,P1,47" (24)
23:12:27  [AT] "SEND OK" (7)
23:12:28  [TX] S,1552,0F,00,1884,P1,42
23:12:28  [SLOT] n=1570 tx=23 ack=0 due=0 r=1
23:12:28  [AT] "AT+CIPSEND=24" (13)
23:12:28  [AT] " S,1552,0F,00,1884,P1,42" (24)
23:12:28  [AT] "SEND OK" (7)
23:12:29  [TX] S,1553,0F,00,1885,P1,42
23:12:29  [SLOT] n=1571 tx=23 ack=0 due=0 r=1
23:12:29  [AT] "AT+CIPSEND=24" (13)
23:12:29  [AT] " S,1553,0F,00,1885,P1,42" (24)
23:12:29  [AT] "SEND OK" (7)
23:12:30  [TX] S,1554,0F,00,1886,P1,46
23:12:30  [SLOT] n=1572 tx=23 ack=0 due=0 r=1
23:12:30  [AT] "AT+CIPSEND=24" (13)
23:12:30  [AT] " S,1554,0F,00,1886,P1,46" (24)
23:12:30  [AT] "SEND OK" (7)
23:12:31  [TX] S,1555,0F,00,1887,P1,46
23:12:31  [SLOT] n=1573 tx=23 ack=0 due=0 r=1
23:12:31  [AT] "AT+CIPSEND=24" (13)
23:12:31  [AT] " S,1555,0F,00,1887,P1,46" (24)
23:12:31  [AT] "SEND OK" (7)
23:12:33  [TX] S,1556,0F,00,1888,P1,4A
23:12:33  [SLOT] n=1574 tx=23 ack=0 due=0 r=1
23:12:33  [AT] "AT+CIPSEND=24" (13)
23:12:33  [AT] " S,1556,0F,00,1888,P1,4A" (24)
23:12:33  [AT] "SEND OK" (7)
23:12:34  [TX] S,1557,0F,00,1890,P1,42
23:12:34  [SLOT] n=1575 tx=23 ack=0 due=0 r=1
23:12:34  [AT] "AT+CIPSEND=24" (13)
23:12:34  [AT] " S,1557,0F,00,1890,P1,42" (24)
23:12:34  [AT] "SEND OK" (7)
23:12:35  [TX] S,1558,0F,00,1891,P1,4C
23:12:35  [SLOT] n=1576 tx=23 ack=0 due=0 r=1
23:12:35  [AT] "AT+CIPSEND=24" (13)
23:12:35  [AT] " S,1558,0F,00,1891,P1,4C" (24)
23:12:35  [AT] "SEND OK" (7)
23:12:36  [TX] S,1559,0F,00,1892,P1,4E
23:12:36  [SLOT] n=1577 tx=23 ack=0 due=0 r=1
23:12:36  [AT] "AT+CIPSEND=24" (13)
23:12:36  [AT] " S,1559,0F,00,1892,P1,4E" (24)
23:12:36  [AT] "SEND OK" (7)
23:12:37  [TX] S,1560,0F,00,1893,P1,45
23:12:37  [SLOT] n=1578 tx=23 ack=0 due=0 r=1
23:12:37  [AT] "AT+CIPSEND=24" (13)
23:12:37  [AT] " S,1560,0F,00,1893,P1X45" (24)
23:12:37  [AT] "SEND OK" (7)
23:12:39  [TX] S,1561,0F,00,1894,P1,43
23:12:39  [SLOT] n=1579 tx=23 ack=0 due=0 r=1
23:12:39  [AT] "AT+CIPSEND=24" (13)
23:12:39  [AT] " S,1561,0F,00,1894,P1,43" (24)
23:12:39  [AT] "SEND OK" (7)
23:12:40  [TX] S,1562,0F,00,1896,P1,42
23:12:40  [SLOT] n=1580 tx=23 ack=0 due=0 r=1
23:12:40  [AT] "AT+CIPSEND=24" (13)
23:12:40  [AT] " S,1562,0F,00,1896,P1,42" (24)
23:12:40  [AT] "SEND OK" (7)
23:12:41  [TX] S,1563,0F,00,1897,P1,42
23:12:41  [SLOT] n=1581 tx=23 ack=0 due=0 r=1
23:12:41  [AT] "AT+CIPSEND=24" (13)
23:12:41  [AT] " S,1563,0F,00,1897,P1,42" (24)
23:12:41  [AT] "SEND OK" (7)
23:12:42  [TX] S,1564,0F,00,1898,P1,4A
23:12:42  [SLOT] n=1582 tx=23 ack=0 due=0 r=1
23:12:42  [AT] "AT+CIPSEND=24" (13)
23:12:42  [AT] " S,1564,0F,00,1898,P1,4A" (24)
23:12:42  [AT] "SEND OK" (7)
23:12:43  [TX] S,1565,0F,00,1899,P1,4A
23:12:43  [SLOT] n=1583 tx=23 ack=0 due=0 r=1
23:12:43  [AT] "AT+CIPSEND=24" (13)
23:12:43  [AT] " S,1565,0F,00,1899,P1,4A" (24)
23:12:43  [AT] "SEND OK" (7)
23:12:45  [TX] S,1566,0F,00,1900,P1,48
23:12:45  [SLOT] n=1584 tx=23 ack=0 due=0 r=1
23:12:45  [AT] "AT+CIPSEND=24" (13)
23:12:45  [AT] " S,1566,0F,00,1900,P1,48" (24)
23:12:45  [AT] "SEND OK" (7)
23:12:46  [TX] S,1567,0F,00,1902,P1,4B
23:12:46  [SLOT] n=1585 tx=23 ack=0 due=0 r=1
23:12:46  [AT] "AT+CIPSEND=24" (13)
23:12:46  [AT] " S,1567,0F,00,1902,P1,4B" (24)
23:12:46  [AT] "SEND OK" (7)
23:12:47  [TX] S,1568,0F,00,1903,P1,45
23:12:47  [SLOT] n=1586 tx=23 ack=0 due=0 r=1
23:12:47  [AT] "AT+CIPSEND=24" (13)
23:12:47  [AT] " S,1568,0F,00,1903,P1,45" (24)
23:12:47  [AT] "SEND OK" (7)
23:12:48  [TX] S,1569,0F,00,1904,P1,43
23:12:48  [SLOT] n=1587 tx=23 ack=0 due=0 r=1
23:12:48  [AT] "AT+CIPSEND=24" (13)
23:12:48  [AT] " S,1569,0F,00,1904,P1,43" (24)
23:12:48  [AT] "SEND OK" (7)
23:12:49  [TX] S,1570,0F,00,1905,P1,4A
23:12:49  [SLOT] n=1588 tx=23 ack=0 due=0 r=1
23:12:49  [AT] "AT+CIPSEND=24" (13)
23:12:49  [AT] " S,1570,0F,00,1905,P1,4A" (24)
23:12:49  [AT] "SEND OK" (7)
23:12:51  [TX] S,1571,0F,00,1906,P1,48
23:12:51  [SLOT] n=1589 tx=23 ack=0 due=0 r=1
23:12:51  [AT] "AT+CIPSEND=24" (13)
23:12:51  [AT] " S,1571,0F,00,1906,P1,48" (24)
23:12:51  [AT] "SEND OK" (7)
23:12:52  [TX] S,1572,0F,00,1908,P1,45
23:12:52  [SLOT] n=1590 tx=23 ack=0 due=0 r=1
23:12:52  [AT] "AT+CIPSEND=24" (13)
23:12:52  [AT] " S,1572,0F,00,1908,P1,45" (24)
23:12:52  [AT] "SEND OK" (7)
23:12:53  [TX] S,1573,0F,00,1909,P1,45
23:12:53  [SLOT] n=1591 tx=23 ack=0 due=0 r=1
23:12:53  [AT] "AT+CIPSEND=24" (13)
23:12:53  [AT] " S,1573,0F,00,1909,P1,45" (24)
23:12:53  [AT] "SEND OK" (7)
23:12:54  [TX] S,1574,0F,00,1910,P1,4A
23:12:54  [SLOT] n=1592 tx=23 ack=0 due=0 r=1
23:12:54  [AT] "AT+CIPSEND=24" (13)
23:12:54  [AT] " S,1574,0F,00,1910,P1,4A" (24)
23:12:54  [AT] "SEND OK" (7)
23:12:55  [TX] S,1575,0F,00,1911,P1,4A
23:12:55  [SLOT] n=1593 tx=23 ack=0 due=0 r=1
23:12:55  [AT] "AT+CIPSEND=24" (13)
23:12:55  [AT] " S,1575,0F,00,1911,P1,4A" (24)
23:12:55  [AT] "SEND OK" (7)
23:12:57  [TX] S,1576,0F,00,1912,P1,4A
23:12:57  [SLOT] n=1594 tx=23 ack=0 due=0 r=1
23:12:57  [AT] "AT+CIPSEND=24" (13)
23:12:57  [AT] " S,1576,0F,00,1912,P1,4A" (24)
23:12:57  [AT] "SEND OK" (7)
23:12:58  [TX] S,1577,0F,00,1914,P1,4D
23:12:58  [SLOT] n=1595 tx=23 ack=0 due=0 r=1
23:12:58  [AT] "AT+CIPSEND=24" (13)
23:12:58  [AT] " S,1577,0F,00,1914,P1,4D" (24)
23:12:58  [AT] "SEND OK" (7)
23:12:59  [TX] S,1578,0F,00,1915,P1,43
23:12:59  [SLOT] n=1596 tx=23 ack=0 due=0 r=1
23:12:59  [AT] "AT+CIPSEND=24" (13)
23:12:59  [AT] " S,1578,0F,00,1915,P1,43" (24)
23:12:59  [AT] "SEND OK" (7)
23:13:00  [TX] S,1579,0F,00,1916,P1,41
23:13:00  [SLOT] n=1597 tx=23 ack=0 due=0 r=1
23:13:00  [AT] "AT+CIPSEND=24" (13)
23:13:00  [AT] " S,1579,0F,00,1916,P1,41" (24)
23:13:00  [AT] "SEND OK" (7)
23:13:01  [TX] S,1580,0F,00,1917,P1,46
23:13:01  [SLOT] n=1598 tx=23 ack=0 due=0 r=1
23:13:01  [AT] "AT+CIPSEND=24" (13)
23:13:01  [AT] " S,1580,0F,00,1917,P1,46" (24)
23:13:01  [AT] "SEND OK" (7)
23:13:03  [TX] S,1581,0F,00,1918,P1,48
23:13:03  [SLOT] n=1599 tx=23 ack=0 due=0 r=1
23:13:03  [AT] "AT+CIPSEND=24" (13)
23:13:03  [AT] " S,1581,0F,00,1918,P1,48" (24)
23:13:03  [AT] "SEND OK" (7)
23:13:04  [TX] S,1582,0F,00,1920,P1,40
23:13:04  [SLOT] n=1600 tx=23 ack=0 due=0 r=1
23:13:04  [CNT] up=1920 drop=0 esprst=0 hwrst=0/0 resync=0 sendfail=0 okto=1 stuck=0 ackq=0 ackdrop=0 ackstale=0 slot=1600 oow=1 smiss=3 ssovf=0 cksumng=0 okstream=1581 penddrop=0 pendfill=1583 bigfill=4 bigdrop=0 bigokst=4 oklost=0 bigoklost=0 skip=7 online=1
23:13:04  [RAM] 최저 여유 571 B · 프롬프트 재동기 0회 (서버의 '버린줄' 과 맞아야 한다)
23:13:04  [AT] " S,1582,0F,00,1920,P1,40" (24)
23:13:04  [AT] "SEND OK" (7)
23:13:04  [AT] "AT+CIPSEND=24" (13)
23:13:05  [TX] S,1583,0F,00,1921,P1,40
23:13:05  [SLOT] n=1601 tx=23 ack=0 due=0 r=1
23:13:05  [AT] "AT+CIPSEND=24" (13)
23:13:05  [AT] " S,1583,0F,00,1921,P1,40" (24)
23:13:05  [AT] "SEND OK" (7)
23:13:06  «tap» 살아있음 — 최근 60초 rx=7958B (이 줄이 끊기면 탭이 죽은 것이다)
23:13:06  [TX] S,1584,0F,00,1922,P1,44
23:13:06  [SLOT] n=1602 tx=23 ack=0 due=0 r=1
23:13:06  [AT] "AT+CIPSEND=24" (13)
23:13:06  [AT] " S,1584,0F,00,1922,P1,44" (24)
23:13:06  [AT] "SEND OK" (7)
23:13:07  [TX] S,1585,0F,00,1923,P1,44
23:13:07  [SLOT] n=1603 tx=23 ack=0 due=0 r=1
23:13:07  [AT] "AT+CIPSEND=24" (13)
23:13:07  [AT] " S,1585,0F,00,1923,P1,44" (24)
23:13:07  [AT] "SEND OK" (7)
23:13:09  [TX] S,1586,0F,00,1924,P1,40
23:13:09  [SLOT] n=1604 tx=23 ack=0 due=0 r=1
23:13:09  [AT] "AT+CIPSEND=24" (13)
23:13:09  [AT] " S,1586,0F,00,1924,P1,40" (24)
23:13:09  [AT] "SEND OK" (7)
23:13:10  [TX] S,1587,0F,00,1926,P1,43
23:13:10  [SLOT] n=1605 tx=23 ack=0 due=0 r=1
23:13:10  [AT] "AT+CIPSEND=24" (13)
23:13:10  [AT] " S,1587,0F,00,1926,P1,43" (24)
23:13:10  [AT] "SEND OK" (7)
23:13:11  [TX] S,1588,0F,00,1927,P1,4D
23:13:11  [SLOT] n=1606 tx=23 ack=0 due=0 r=1
23:13:11  [AT] "AT+CIPSEND=24" (13)
23:13:11  [AT] " S,1588,0F,00,1927,P1,4D" (24)
23:13:11  [AT] "SEND OK" (7)
23:13:12  [TX] S,1589,0F,00,1928,P1,43
23:13:12  [SLOT] n=1607 tx=23 ack=0 due=0 r=1
23:13:12  [AT] "AT+CIPSEND=24" (13)
23:13:12  [AT] " S,1589,0F,00,1928,P1,43" (24)
23:13:12  [AT] "SEND OK" (7)
23:13:13  [TX] S,1590,0F,00,1929,P1,4A
23:13:13  [SLOT] n=1608 tx=23 ack=0 due=0 r=1
23:13:13  [AT] "AT+CIPSEND=24" (13)
23:13:13  [AT] " S,1590,0F,00,1929,P1,4A" (24)
23:13:13  [AT] "SEND OK" (7)
23:13:14  [TX] S,1591,0F,00,1930,P1,43
23:13:15  [SLOT] n=1609 tx=23 ack=0 due=0 r=1
23:13:15  [AT] "AT+CIPSEND=24" (13)
23:13:15  [AT] " S,1591,0F,00,1930,P1,43" (24)
23:13:15  [AT] "SEND OK" (7)
23:13:16  [TX] S,1592,0F,00,1932,P1,42
23:13:16  [SLOT] n=1610 tx=23 ack=0 due=0 r=1
23:13:16  [AT] "AT+CIPSEND=24" (13)
23:13:16  [AT] " S,1592,0F,00,1932,P1,42" (24)
23:13:16  [AT] "SEND OK" (7)
23:13:17  [TX] S,1593,0F,00,1933,P1,42
23:13:17  [SLOT] n=1611 tx=23 ack=0 due=0 r=1
23:13:17  [AT] "AT+CIPSEND=24" (13)
23:13:17  [AT] " S,1593,0F,00,1933,P1,42" (24)
23:13:17  [AT] "SEND OK" (7)
23:13:18  [TX] S,1594,0F,00,1934,P1,42
23:13:18  [SLOT] n=1612 tx=23 ack=0 due=0 r=1
23:13:18  [AT] "AT+CIPSEND=24" (13)
23:13:18  [AT] " S,1594,0F,00,1934,P1,42" (24)
23:13:18  [AT] "SEND OK" (7)
23:13:19  [TX] S,1595,0F,00,1935,P1,42
23:13:19  [SLOT] n=1613 tx=23 ack=0 due=0 r=1
23:13:19  [AT] "AT+CIPSEND=24" (13)
23:13:19  [AT] " S,1595,0F,00,1935,P1,42" (24)
23:13:19  [AT] "SEND OK" (7)
23:13:20  [TX] S,1596,0F,00,1936,P1,42
23:13:20  [SLOT] n=1614 tx=23 ack=0 due=0 r=1
23:13:20  [AT] "AT+CIPSEND=24" (13)
23:13:21  [AT] " S,1596,0F,00,1936,P1,42" (24)
23:13:21  [AT] "SEND OK" (7)
23:13:22  [TX] S,1597,0F,00,1938,P1,4D
23:13:22  [SLOT] n=1615 tx=23 ack=0 due=0 r=1
23:13:22  [AT] "AT+CIPSEND=24" (13)
23:13:22  [AT] " S,1597,0F,00,1938,P1,4D" (24)
23:13:22  [AT] "SEND OK" (7)
23:13:23  [TX] S,1598,0F,00,1939,P1,43
23:13:23  [SLOT] n=1616 tx=23 ack=0 due=0 r=1
23:13:23  [AT] "AT+CIPSEND=24" (13)
23:13:23  [AT] " S,1598,0F,00,1939,P1,43" (24)
23:13:23  [AT] "SEND OK" (7)
23:13:24  [TX] S,1599,0F,00,1940,P1,4C
23:13:24  [SLOT] n=1617 tx=23 ack=0 due=0 r=1
23:13:24  [AT] "AT+CIPSEND=24" (13)
23:13:24  [AT] " S,1599,0F,00,1940,P1,4C" (24)
23:13:24  [AT] "SEND OK" (7)
23:13:25  [TX] S,1600,0F,00,1941,P1,4E
23:13:25  [SLOT] n=1618 tx=23 ack=0 due=0 r=1
23:13:25  [AT] "AT+CIPSEND=24" (13)
23:13:25  [AT] " S,1600,0F,00,1941,P1,4E" (24)
23:13:25  [AT] "SEND OK" (7)
23:13:26  [TX] S,1601,0F,00,1942,P1,4C
23:13:26  [SLOT] n=1619 tx=23 ack=0 due=0 r=1
23:13:26  [AT] "AT+CIPSEND=24" (13)
23:13:27  [AT] " S,1601,0F,00,1942,P1,4C" (24)
23:13:27  [AT] "SEND OK" (7)
23:13:28  [TX] S,1602,0F,00,1944,P1,49
23:13:28  [SLOT] n=1620 tx=23 ack=0 due=0 r=1
23:13:28  [AT] "AT+CIPSEND=24" (13)
23:13:28  [AT] " S,1602,0F,00,1944,P1,49" (24)
23:13:28  [AT] "SEND OK" (7)
23:13:29  [TX] S,1603,0F,00,1945,P1,49
23:13:29  [SLOT] n=1621 tx=23 ack=0 due=0 r=1
23:13:29  [AT] "AT+CIPSEND=24" (13)
23:13:29  [AT] " S,1603,0F,00,1945,P1,49" (24)
23:13:29  [AT] "SEND OK" (7)
23:13:30  [TX] S,1604,0F,00,1946,P1,4D
23:13:30  [SLOT] n=1622 tx=23 ack=0 due=0 r=1
23:13:30  [AT] "AT+CIPSEND=24" (13)
23:13:30  [AT] " S,1604,0F,00,1946,P1,4D" (24)
23:13:30  [AT] "SEND OK" (7)
23:13:31  [TX] S,1605,0F,00,1947,P1,4D
23:13:31  [SLOT] n=1623 tx=23 ack=0 due=0 r=1
23:13:31  [AT] "AT+CIPSEND=24" (13)
23:13:31  [AT] " S,1605,0F,00,1947,P1,4D" (24)
23:13:31  [AT] "SEND OK" (7)
23:13:32  [TX] S,1606,0F,00,1948,P1,41
23:13:32  [SLOT] n=1624 tx=23 ack=0 due=0 r=1
23:13:32  [AT] "AT+CIPSE\x9ED=24" (13)
23:13:32  [AT] " S,1606,0F,00,1948,P1,41" (24)
23:13:32  [AT] "SEND OK" (7)
23:13:34  [TX] S,1607,0F,00,1950,P1,49
23:13:34  [SLOT] n=1625 tx=23 ack=0 due=0 r=1
23:13:34  [AT] "AT+CIPSEND=24" (13)
23:13:34  [AT] " S,1607,0F,00,1950,P1,49" (24)
23:13:34  [AT] "SEND OK" (7)
23:13:35  [TX] S,1608,0F,00,1951,P1,47
23:13:35  [SLOT] n=1626 tx=23 ack=0 due=0 r=1
23:13:35  [AT] "AT+CIPSEND=24" (13)
23:13:35  [AT] " S,1608,0F,00,1951,P1,47" (24)
23:13:35  [AT] "SEND OK" (7)
23:13:36  [TX] S,1609,0F,00,1952,P1,45
23:13:36  [SLOT] n=1627 tx=23 ack=0 due=0 r=1
23:13:36  [AT] "AT+CIPSEND=24" (13)
23:13:36  [AT] " S,1609,0F,00,1952,P1,45" (24)
23:13:36  [AT] "SEND OK" (7)
23:13:37  [TX] S,1610,0F,00,1953,P1,4C
23:13:37  [SLOT] n=1628 tx=23 ack=0 due=0 r=1
23:13:37  [AT] "AT+CIPSEND=24" (13)
23:13:37  [AT] " S,1610,0F,00,1953,P1,4C" (24)
23:13:37  [AT] "SEND OK" (7)
23:13:38  [TX] S,1611,0F,00,1954,P1,4A
23:13:38  [SLOT] n=1629 tx=23 ack=0 due=0 r=1
23:13:38  [AT] "AT+CIPSEND=24" (13)
23:13:38  [AT] " S,1611,0F,00,1954,P1,4A" (24)
23:13:38  [AT] "SEND OK" (7)
23:13:40  [TX] S,1612,0F,00,1956,P1,4B
23:13:40  [SLOT] n=1630 tx=23 ack=0 due=0 r=1
23:13:40  [AT] "AT+CIPSEND=24" (13)
23:13:40  [AT] " S,1612,0F,00,1956,P1,4B" (24)
23:13:40  [AT] "SEND OK" (7)
23:13:41  [TX] S,1613,0F,00,1957,P1,4B
23:13:41  [SLOT] n=1631 tx=23 ack=0 due=0 r=1
23:13:41  [AT] "AT+CIPSEND=24" (13)
23:13:41  [AT] " S,1613,0F,00,1957,P1,4B" (24)
23:13:41  [AT] "SEND OK" (7)
23:13:42  [TX] S,1614,0F,00,1958,P1,43
23:13:42  [SLOT] n=1632 tx=23 ack=0 due=0 r=1
23:13:42  [AT] "AT+CIPSEND=24" (13)
23:13:42  [AT] " S,1614,0F,00,1958,P1,43" (24)
23:13:42  [AT] "SEND OK" (7)
23:13:43  [TX] S,1615,0F,00,1959,P1,43
23:13:43  [SLOT] n=1633 tx=23 ack=0 due=0 r=1
23:13:43  [AT] "AT+CIPSEND=24" (13)
23:13:43  [AT] " S,1615,0F,00,1959,P1,43" (24)
23:13:43  [AT] "SEND OK" (7)
23:13:44  [TX] S,1616,0F,00,1960,P1,4A
23:13:44  [SLOT] n=1634 tx=23 ack=0 due=0 r=1
23:13:44  [AT] "AT+CIPSEND=24" (13)
23:13:44  [AT] " S,1616,0F,00,1960,P1,4A" (24)
23:13:44  [AT] "SEND OK" (7)
23:13:46  [TX] S,1617,0F,00,1962,P1,49
23:13:46  [SLOT] n=1635 tx=23 ack=0 due=0 r=1
23:13:46  [AT] "AT+CIPSEND=24" (13)
23:13:46  [AT] " S,1617,0F,00,1962,P1,49" (24)
23:13:46  [AT] "SEND OK" (7)
23:13:47  [TX] S,1618,0F,00,1963,P1,47
23:13:47  [SLOT] n=1636 tx=23 ack=0 due=0 r=1
23:13:47  [AT] "AT+CIPSEND=24" (13)
23:13:47  [AT] " S,1618,0F,00,1963,P1,47" (24)
23:13:47  [AT] "SEND OK" (7)
23:13:48  [TX] S,1619,0F,00,1964,P1,41
23:13:48  [SLOT] n=1637 tx=23 ack=0 due=0 r=1
23:13:48  [AT] "AT+CIPSEND=24" (13)
23:13:48  [AT] " S,1619,0F,00,1964,P1,41" (24)
23:13:48  [AT] "SEND OK" (7)
23:13:49  [TX] S,1620,0F,00,1965,P1,4A
23:13:49  [SLOT] n=1638 tx=23 ack=0 due=0 r=1
23:13:49  [AT] "AT+CIPSEND=24" (13)
23:13:49  [AT] " S,1620,0F,00,1965,P1,4A" (24)
23:13:49  [AT] "SEND OK" (7)
23:13:50  [TX] S,1621,0F,00,1966,P1,48
23:13:50  [SLOT] n=1639 tx=23 ack=0 due=0 r=1
23:13:50  [AT] "AT+CIPSEND=24" (13)
23:13:50  [AT] " S,1621,0F,00,1966,P1,48" (24)
23:13:50  [AT] "SEND OK" (7)
23:13:52  [TX] S,1622,0F,00,1968,P1,45
23:13:52  [SLOT] n=1640 tx=23 ack=0 due=0 r=1
23:13:52  [AT] "AT+CIPSEND=24" (13)
23:13:52  [AT] " S,1622,0F,00,1968,P1,45" (24)
23:13:52  [AT] "SEND OK" (7)
23:13:53  [TX] S,1623,0F,00,1969,P1,45
23:13:53  [SLOT] n=1641 tx=23 ack=0 due=0 r=1
23:13:53  [AT] "AT+CIPSEND=24" (13)
23:13:53  [AT] " S,1623,0F,00,1969,P1,45" (24)
23:13:53  [AT] "SEND OK" (7)
23:13:54  [TX] S,1624,0F,00,1970,P1,4A
23:13:54  [SLOT] n=1642 tx=23 ack=0 due=0 r=1
23:13:54  [AT] "AT+CIPSEND=24" (13)
23:13:54  [AT] " S,1624,0F,00,1970,P1,4A" (24)
23:13:54  [AT] "SEND OK" (7)
23:13:55  [TX] S,1625,0F,00,1971,P1,4A
23:13:55  [SLOT] n=1643 tx=23 ack=0 due=0 r=1
23:13:55  [AT] "AT+CIPSEND=24" (13)
23:13:55  [AT] " S,1625,0F,00,1971,P1,4A" (24)
23:13:55  [AT] "SEND OK" (7)
23:13:56  [TX] S,1626,0F,00,1972,P1,4A
23:13:56  [SLOT] n=1644 tx=23 ack=0 due=0 r=1
23:13:56  [AT] "AT+CIPSEND=24" (13)
23:13:56  [AT] " S,1626,0F,00,1972,P1,4A" (24)
23:13:56  [AT] "SEND OK" (7)
23:13:58  [TX] S,1627,0F,00,1974,P1,4D
23:13:58  [SLOT] n=1645 tx=23 ack=0 due=0 r=1
23:13:58  [AT] "AT+CIPSEND=24" (13)
23:13:58  [AT] " S,1627,0F,00,1974,P1,4D" (24)
23:13:58  [AT] "SEND OK" (7)
23:13:59  [TX] S,1628,0F,00,1975,P1,43
23:13:59  [SLOT] n=1646 tx=23 ack=0 due=0 r=1
23:13:59  [AT] "AT+CIPSEND=24" (13)
23:13:59  [AT] " S,1628,0F,00,1975,P1,43" (24)
23:13:59  [AT] "SEND OK" (7)
23:14:00  [TX] S,1629,0F,00,1976,P1,41
23:14:00  [SLOT] n=1647 tx=23 ack=0 due=0 r=1
23:14:00  [AT] "AT+CIPSEND=24" (13)
23:14:00  [AT] " S,1629,0F,00,1976,P1,41" (24)
23:14:00  [AT] "SEND OK" (7)
23:14:01  [TX] S,1630,0F,00,1977,P1,48
23:14:01  [SLOT] n=1648 tx=23 ack=0 due=0 r=1
23:14:01  [AT] "AT+CIPSEND=24" (13)
23:14:01  [AT] " SX1630,0F,00,1977,P1,48" (24)
23:14:01  [AT] "SEND OK" (7)
23:14:02  [TX] S,1631,0F,00,1978,P1,46
23:14:02  [SLOT] n=1649 tx=23 ack=0 due=0 r=1
23:14:02  [AT] "AT+CIPSEND=24" (13)
23:14:02  [AT] " S,1631,0F,00,1978,P1,46" (24)
23:14:02  [AT] "SEND OK" (7)
23:14:04  [TX] S,1632,0F,00,1980,P1,42
23:14:04  [SLOT] n=1650 tx=23 ack=0 due=0 r=1
23:14:04  [CNT] up=1980 drop=0 esprst=0 hwrst=0/0 resync=0 sendfail=0 okto=1 stuck=0 ackq=0 ackdrop=0 ackstale=0 slot=1650 oow=1 smiss=3 ssovf=0 cksumng=0 okstream=1631 penddrop=0 pendfill=1633 bigfill=4 bigdrop=0 bigokst=4 oklost=0 bigoklost=0 skip=7 online=1
23:14:04  [RAM] 최저 여유 571 B · 프롬프트 재동기 0회 (서버의 '버린줄' 과 맞아야 한다)
23:14:04  [AT] " S,1632,0F,00,1980,P1,42" (24)
23:14:04  [AT] "SEND OK" (7)
23:14:04  [AT] "AT+CIPSEND=24" (13)
23:14:05  [TX] S,1633,0F,00,1981,P1,42
23:14:05  [SLOT] n=1651 tx=23 ack=0 due=0 r=1
23:14:05  [AT] "AT+CIPSEND=24" (13)
23:14:05  [AT] " S,1633,0F,00,1981,P1,42" (24)
23:14:05  [AT] "SEND OK" (7)
23:14:06  «tap» 살아있음 — 최근 60초 rx=7958B (이 줄이 끊기면 탭이 죽은 것이다)
23:14:06  [TX] S,1634,0F,00,1982,P1,46
23:14:06  [SLOT] n=1652 tx=23 ack=0 due=0 r=1
23:14:06  [AT] "AT+CIPSEND=24" (13)
23:14:06  [AT] " S,1634,0F,00,1982,P1,46" (24)
23:14:06  [AT] "SEND OK" (7)
23:14:07  [TX] S,1635,0F,00,1983,P1,46
23:14:07  [SLOT] n=1653 tx=23 ack=0 due=0 r=1
23:14:07  [AT] "AT+CIPSEND=24" (13)
23:14:07  [AT] " S,1635,0F,00,1983,P1,46" (24)
23:14:07  [AT] "SEND OK" (7)
23:14:08  [TX] S,1636,0F,00,1984,P1,42
23:14:08  [SLOT] n=1654 tx=23 ack=0 due=0 r=1
23:14:08  [AT] "AT+CIPSEND=24" (13)
23:14:08  [AT] " S,1636,0F,00,1984,P1,42" (24)
23:14:08  [AT] "SEND OK" (7)
23:14:10  [TX] S,1637,0F,00,1986,P1,41
23:14:10  [SLOT] n=1655 tx=23 ack=0 due=0 r=1
23:14:10  [AT] "AT+CIPSEND=24" (13)
23:14:10  [AT] " S,1637,0F,00,1986,P1,41" (24)
23:14:10  [AT] "SEND OK" (7)
23:14:11  [TX] S,1638,0F,00,1987,P1,4F
23:14:11  [SLOT] n=1656 tx=23 ack=0 due=0 r=1
23:14:11  [AT] "AT+CIPSEND=24" (13)
23:14:11  [AT] " S,1638,0F,00,1987,P1,4F" (24)
23:14:11  [AT] "SEND OK" (7)
23:14:12  [TX] S,1639,0F,00,1988,P1,41
23:14:12  [SLOT] n=1657 tx=23 ack=0 due=0 r=1
23:14:12  [AT] "AT+CIPSEND=24" (13)
23:14:12  [AT] " S,1639,0F,00,1988,P1,41" (24)
23:14:12  [AT] "SEND OK" (7)
23:14:13  [TX] S,1640,0F,00,1989,P1,4E
23:14:13  [SLOT] n=1658 tx=23 ack=0 due=0 r=1
23:14:13  [AT] "AT+CIPSEND=24" (13)
23:14:13  [AT] " S,1640,0F,00,1989,P1,4E" (24)
23:14:13  [AT] "SEND OK" (7)
23:14:14  [TX] S,1641,0F,00,1990,P1,47
23:14:14  [SLOT] n=1659 tx=23 ack=0 due=0 r=1
23:14:14  [AT] "AT+CIPSEND=24" (13)
23:14:14  [AT] " S,1641,0F,00,1990,P1,47" (24)
23:14:14  [AT] "SEND OK" (7)
23:14:16  [TX] S,1642,0F,00,1992,P1,46
23:14:16  [SLOT] n=1660 tx=23 ack=0 due=0 r=1
23:14:16  [AT] "AT+CIPSEND=24" (13)
23:14:16  [AT] " S,1642,0F,00,1992,P1,46" (24)
23:14:16  [AT] "SEND OK" (7)
23:14:17  [TX] S,1643,0F,00,1993,P1,46
23:14:17  [SLOT] n=1661 tx=23 ack=0 due=0 r=1
23:14:17  [AT] "AT+CIPSEND=24" (13)
23:14:17  [AT] " S,1643,0F,00,1993,P1,46" (24)
23:14:17  [AT] "SEND OK" (7)
23:14:18  [TX] S,1644,0F,00,1994,P1,46
23:14:18  [SLOT] n=1662 tx=23 ack=0 due=0 r=1
23:14:18  [AT] "AT+CIPSEND=24" (13)
23:14:18  [AT] " S,1644,0F,00,1994,P1,46" (24)
23:14:18  [AT] "SEND OK" (7)
23:14:19  [TX] S,1645,0F,00,1995,P1,46
23:14:19  [SLOT] n=1663 tx=23 ack=0 due=0 r=1
23:14:19  [AT] "AT+CIPSEND=24" (13)
23:14:19  [AT] " S,1645,0F,00,1995,P1,46" (24)
23:14:19  [AT] "SEND OK" (7)
23:14:20  [TX] S,1646,0F,00,1996,P1,46
23:14:20  [SLOT] n=1664 tx=23 ack=0 due=0 r=1
23:14:20  [AT] "AT+CIPSEND=24" (13)
23:14:20  [AT] " S,1646,0F,00,1996,P1,46" (24)
23:14:20  [AT] "SEND OK" (7)
23:14:22  [TX] S,1647,0F,00,1998,P1,49
23:14:22  [SLOT] n=1665 tx=23 ack=0 due=0 r=1
23:14:22  [AT] "AT+CIPSEND=24" (13)
23:14:22  [AT] " S,1647,0F,00,1998,P1,49" (24)
23:14:22  [AT] "SEND OK" (7)
23:14:23  [TX] S,1648,0F,00,1999,P1,47
23:14:23  [SLOT] n=1666 tx=23 ack=0 due=0 r=1
23:14:23  [AT] "AT+CIPSEND=24" (13)
23:14:23  [AT] " S,1648,0F,00,1999,P1,47" (24)
23:14:23  [AT] "SEND OK" (7)
23:14:24  [TX] S,1649,0F,00,2000,P1,4C
23:14:24  [SLOT] n=1667 tx=23 ack=0 due=0 r=1
23:14:24  [AT] "AT+CIPSEND=24" (13)
23:14:24  [AT] " S,1649,0F,00,2000,P1,4C" (24)
23:14:24  [AT] "SEND OK" (7)
23:14:25  [TX] S,1650,0F,00,2001,P1,45
23:14:25  [SLOT] n=1668 tx=23 ack=0 due=0 r=1
23:14:25  [AT] "AT+CIPSEND=24" (13)
23:14:25  [AT] " S,1650,0F,00,2001,P1,45" (24)
23:14:25  [AT] "SEND OK" (7)
23:14:26  [TX] S,1651,0F,00,2002,P1,47
23:14:26  [SLOT] n=1669 tx=23 ack=0 due=0 r=1
23:14:26  [AT] "AT+CIPSEND=24" (13)
23:14:26  [AT] " S,1651,0F,00,2002,P1,47" (24)
23:14:26  [AT] "SEND OK" (7)
23:14:28  [TX] S,1652,0F,00,2004,P1,42
23:14:28  [SLOT] n=1670 tx=23 ack=0 due=0 r=1
23:14:28  [AT] "AT+CIPSEND=24" (13)
23:14:28  [AT] " S,1652,0F,00,2004,P1,42" (24)
23:14:28  [AT] "SEND OK" (7)
23:14:29  [TX] S,1653,0F,00,2005,P1,42
23:14:29  [SLOT] n=1671 tx=23 ack=0 due=0 r=1
23:14:29  [AT] "AT+CIPSEND=24" (13)
23:14:29  [AT] " S,1653,0F,00,2005,P1,42" (24)
23:14:29  [AT] "SEND OK" (7)
23:14:30  [TX] S,1654,0F,00,2006,P1,46
23:14:30  [SLOT] n=1672 tx=23 ack=0 due=0 r=1
23:14:30  [AT] "AT+CIPSEND=24" (13)
23:14:30  [AT] " S,1654,0F,00,2006,P1,46" (24)
23:14:30  [AT] "SEND OK" (7)
23:14:31  [TX] S,1655,0F,00,2007,P1,46
23:14:31  [SLOT] n=1673 tx=23 ack=0 due=0 r=1
23:14:31  [AT] "AT+CIPSEND=24" (13)
23:14:31  [AT] " S,1655,0F,00,2007,P1,46" (24)
23:14:31  [AT] "SEND OK" (7)
23:14:32  [TX] S,1656,0F,00,2008,P1,4A
23:14:32  [SLOT] n=1674 tx=23 ack=0 due=0 r=1
23:14:32  [AT] "AT+CIPSEND=24" (13)
23:14:32  [AT] " S,1656,0F,00,2008,P1,4A" (24)
23:14:32  [AT] "SEND OK" (7)
23:14:34  [TX] S,1657,0F,00,2010,P1,42
23:14:34  [SLOT] n=1675 tx=23 ack=0 due=0 r=1
23:14:34  [AT] "AT+CIPSEND=24" (13)
23:14:34  [AT] " S,1657,0F,00,2010,P1,42" (24)
23:14:34  [AT] "SEND OK" (7)
23:14:35  [TX] S,1658,0F,00,2011,P1,4C
23:14:35  [SLOT] n=1676 tx=23 ack=0 due=0 r=1
23:14:35  [AT] "AT+CIPSEND=24" (13)
23:14:35  [AT] " S,1658,0F,00,2011,P1,4C" (24)
23:14:35  [AT] "SEND OK" (7)
23:14:36  [TX] S,1659,0F,00,2012,P1,4E
23:14:36  [SLOT] n=1677 tx=23 ack=0 due=0 r=1
23:14:36  [AT] "AT+CIPSEND=24" (13)
23:14:36  [AT] " S,1659,0F,00,2012,P1,4E" (24)
23:14:36  [AT] "SEND OK" (7)
23:14:37  [TX] S,1660,0F,00,2013,P1,45
23:14:37  [SLOT] n=1678 tx=23 ack=0 due=0 r=1
23:14:37  [AT] "AT+CIPSEND=24" (13)
23:14:37  [AT] " S,1660,0F,00,2013,P1,45" (24)
23:14:37  [AT] "SEND OK" (7)
23:14:38  [TX] S,1661,0F,00,2014,P1,43
23:14:38  [SLOT] n=1679 tx=23 ack=0 due=0 r=1
23:14:38  [AT] "AT+CIPSEND=24" (13)
23:14:38  [AT] " S,1661,0F,00,2014,P1,43" (24)
23:14:38  [AT] "SEND OK" (7)
23:14:40  [TX] S,1662,0F,00,2016,P1,42
23:14:40  [SLOT] n=1680 tx=23 ack=0 due=0 r=1
23:14:40  [AT] "AT+CIPSEND=24" (13)
23:14:40  [AT] " S,1662,0F,00,2016,P1,42" (24)
23:14:40  [AT] "SEND OK" (7)
23:14:41  [TX] S,1663,0F,00,2017,P1,42
23:14:41  [SLOT] n=1681 tx=23 ack=0 due=0 r=1
23:14:41  [AT] "AT+CIPSEND=24" (13)
23:14:41  [AT] " S,1663,0F,00,2017,P1,42" (24)
23:14:41  [AT] "SEND OK" (7)
23:14:42  [TX] S,1664,0F,00,2018,P1,4A
23:14:42  [SLOT] n=1682 tx=23 ack=0 due=0 r=1
23:14:42  [AT] "AT+CIPSEND=24" (13)
23:14:42  [AT] " S,1664,0F,00,2018,P1,4A" (24)
23:14:42  [AT] "SEND OK" (7)
23:14:43  [TX] S,1665,0F,00,2019,P1,4A
23:14:43  [SLOT] n=1683 tx=23 ack=0 due=0 r=1
23:14:43  [AT] "AT+CIPSEND=24" (13)
23:14:43  [AT] " S,1665,0F,00,2019,P1,4A" (24)
23:14:43  [AT] "SEND OK" (7)
23:14:44  [TX] S,1666,0F,00,2020,P1,43
23:14:44  [SLOT] n=1684 tx=23 ack=0 due=0 r=1
23:14:44  [AT] "AT+CIPSEND=24" (13)
23:14:44  [AT] " S,1666,0F,00,2020,P1,43" (24)
23:14:44  [AT] "SEND OK" (7)
23:14:46  [TX] S,1667,0F,00,2022,P1,40
23:14:46  [SLOT] n=1685 tx=23 ack=0 due=0 r=1
23:14:46  [AT] "AT+CIPSEND=24" (13)
23:14:46  [AT] " S,1667,0F,00,2022,P1,40" (24)
23:14:46  [AT] "SEND OK" (7)
23:14:47  [TX] S,1668,0F,00,2023,P1,4E
23:14:47  [SLOT] n=1686 tx=23 ack=0 due=0 r=1
23:14:47  [AT] "AT+CIPSEND=24" (13)
23:14:47  [AT] " S,1668,0F,00,2023,P1,4E" (24)
23:14:47  [AT] "SEND OK" (7)
23:14:48  [TX] S,1669,0F,00,2024,P1,48
23:14:48  [SLOT] n=1687 tx=23 ack=0 due=0 r=1
23:14:48  [AT] "AT+CIPSEND=24" (13)
23:14:48  [AT] " S,1669,0F,00,2024,P1,48" (24)
23:14:48  [AT] "SEND OK" (7)
23:14:49  [TX] S,1670,0F,00,2025,P1,41
23:14:49  [SLOT] n=1688 tx=23 ack=0 due=0 r=1
23:14:49  [AT] "AT+CIPSEND=24" (13)
23:14:49  [AT] " S,1670,0F,00,2025,P1,41" (24)
23:14:49  [AT] "SEND OK" (7)
23:14:50  [TX] S,1671,0F,00,2026,P1,43
23:14:50  [SLOT] n=1689 tx=23 ack=0 due=0 r=1
23:14:50  [AT] "AT+CIPSEND=24" (13)
23:14:50  [AT] " S,1671,0F,00,2026,P1,43" (24)
23:14:50  [AT] "SEND OK" (7)
23:14:51  [TX] S,1672,0F,00,2028,P1,4E
23:14:51  [SLOT] n=1690 tx=23 ack=0 due=0 r=1
23:14:52  [AT] "AT+CIPSEND=24" (13)
23:14:52  [AT] " S,1672,0F,00,2028,P1,4E" (24)
23:14:52  [AT] "SEND OK" (7)
23:14:53  [TX] S,1673,0F,00,2029,P1,4E
23:14:53  [SLOT] n=1691 tx=23 ack=0 due=0 r=1
23:14:53  [AT] "AT+CIPSEND=24" (13)
23:14:53  [AT] " S,1673,0F,00,2029,P1,4E" (24)
23:14:53  [AT] "SEND OK" (7)
23:14:54  [TX] S,1674,0F,00,2030,P1,41
23:14:54  [SLOT] n=1692 tx=23 ack=0 due=0 r=1
23:14:54  [AT] "AT+CIPSEND=24" (13)
23:14:54  [AT] " S,1674,0F,00,2030,P1,41" (24)
23:14:54  [AT] "SEND OK" (7)
23:14:55  [TX] S,1675,0F,00,2031,P1,41
23:14:55  [SLOT] n=1693 tx=23 ack=0 due=0 r=1
23:14:55  [AT] "AT+CIPSEND=24" (13)
23:14:55  [AT] " S,1675,0F,00,2031,P1,41" (24)
23:14:55  [AT] "SEND OK" (7)
23:14:56  [TX] S,1676,0F,00,2032,P1,41
23:14:56  [SLOT] n=1694 tx=23 ack=0 due=0 r=1
23:14:56  [AT] "AT+CIPSEND=24" (13)
23:14:56  [AT] " S,1676,0F,00,2032,P1,41" (24)
23:14:56  [AT] "SEND OK" (7)
23:14:57  [TX] S,1677,0F,00,2034,P1,46
23:14:57  [SLOT] n=1695 tx=23 ack=0 due=0 r=1
23:14:57  [AT] "AT+CIPSEND=24" (13)
23:14:58  [AT] " S,1677,0F,00,2034,P1,46" (24)
23:14:58  [AT] "SEND OK" (7)
23:14:59  [TX] S,1678,0F,00,2035,P1,48
23:14:59  [SLOT] n=1696 tx=23 ack=0 due=0 r=1
23:14:59  [AT] "AT+CIPSEND=24" (13)
23:14:59  [AT] " S,1678,0F,00,2035,P1,48" (24)
23:14:59  [AT] "SEND OK" (7)
23:15:00  [TX] S,1679,0F,00,2036,P1,4A
23:15:00  [SLOT] n=1697 tx=23 ack=0 due=0 r=1
23:15:00  [AT] "AT+CIPSEND=24" (13)
23:15:00  [AT] " S,1679,0F,00,2036,P1,4A" (24)
23:15:00  [AT] "SEND OK" (7)
23:15:01  [TX] S,1680,0F,00,2037,P1,4D
23:15:01  [SLOT] n=1698 tx=23 ack=0 due=0 r=1
23:15:01  [AT] "AT+CIPSEND=24" (13)
23:15:01  [AT] " S,1680,0F,00,2037,P1,4D" (24)
23:15:01  [AT] "SEND OK" (7)
23:15:02  [TX] S,1681,0F,00,2038,P1,43
23:15:02  [SLOT] n=1699 tx=23 ack=0 due=0 r=1
23:15:02  [AT] "AT+CIPSEND=24" (13)
23:15:02  [AT] " S,1681,0F,00,2038,P1,43" (24)
23:15:02  [AT] "SEND OK" (7)
23:15:03  [TX] S,1682,0F,00,2040,P1,4F
23:15:03  [SLOT] n=1700 tx=23 ack=0 due=0 r=1
23:15:03  [CNT] up=2040 drop=0 esprst=0 hwrst=0/0 resync=0 sendfail=0 okto=1 stuck=0 ackq=0 ackdrop=0 ackstale=0 slot=1700 oow=1 smiss=3 ssovf=0 cksumng=0 okstream=1681 penddrop=0 pendfill=1683 bigfill=4 bigdrop=0 bigokst=4 oklost=0 bigoklost=0 skip=7 online=1
23:15:04  [RAM] 최저 여유 571 B · 프롬프트 재동기 0회 (서버의 '버린줄' 과 맞아야 한다)
23:15:04  [AT] "AT+CIPSEND=24" (13)
23:15:04  [AT] " S,1682,0F,00,2040,P1,4F" (24)
23:15:04  [AT] "SEND OK" (7)
23:15:05  [TX] S,1683,0F,00,2041,P1,4F
23:15:05  [SLOT] n=1701 tx=23 ack=0 due=0 r=1
23:15:05  [AT] "AT+CIPSEND=24" (13)
23:15:05  [AT] " S,1683,0F,00,2041,P1,4F" (24)
23:15:05  [AT] "SEND OK" (7)
23:15:06  «tap» 살아있음 — 최근 60초 rx=7955B (이 줄이 끊기면 탭이 죽은 것이다)
23:15:06  [TX] S,1684,0F,00,2042,P1,4B
23:15:06  [SLOT] n=1702 tx=23 ack=0 due=0 r=1
23:15:06  [AT] "AT+CIPSEND=24" (13)
23:15:06  [AT] " S,1684,0F,00,2042,P1,4B" (24)
23:15:06  [AT] "SEND OK" (7)
23:15:07  [TX] S,1685,0F,00,2043,P1,4B
23:15:07  [SLOT] n=1703 tx=23 ack=0 due=0 r=1
23:15:07  [AT] "AT+CIPSEND=24" (13)
23:15:07  [AT] " S,1685,0F,00,2043,P1,4B" (24)
23:15:07  [AT] "SEND OK" (7)
23:15:08  [TX] S,1686,0F,00,2044,P1,4F
23:15:08  [SLOT] n=1704 tx=23 ack=0 due=0 r=1
23:15:08  [AT] "AT+CIPSEND=24" (13)
23:15:08  [AT] " S,1686,0F,00,2044,P1,4F" (24)
23:15:08  [AT] "SEND OK" (7)
23:15:09  [TX] S,1687,0F,00,2046,P1,4C
23:15:09  [SLOT] n=1705 tx=23 ack=0 due=0 r=1
23:15:09  [AT] "AT+CIPSEND=24" (13)
23:15:09  [AT] " S,1687,0F,00,2046,P1,4C" (24)
23:15:09  [AT] "SEND OK" (7)
23:15:11  [TX] S,1688,0F,00,2047,P1,42
23:15:11  [SLOT] n=1706 tx=23 ack=0 due=0 r=1
23:15:11  [AT] "AT+CIPSEND=24" (13)
23:15:11  [AT] " S,1688,0F,00,2047,P1,42" (24)
23:15:11  [AT] "SEND OK" (7)
23:15:12  [TX] S,1689,0F,00,2048,P1,4C
23:15:12  [SLOT] n=1707 tx=23 ack=0 due=0 r=1
23:15:12  [AT] "AT+CIPSEND=24" (13)
23:15:12  [AT] " S,1689,0F,00,2048,P1,4C" (24)
23:15:12  [AT] "SEND OK" (7)
23:15:13  [TX] S,1690,0F,00,2049,P1,45
23:15:13  [SLOT] n=1708 tx=23 ack=0 due=0 r=1
23:15:13  [AT] "AT+CIPSEND=24" (13)
23:15:13  [AT] " S,1690,0F,00,2049,P1,45" (24)
23:15:13  [AT] "SEND OK" (7)
23:15:14  [TX] S,1691,0F,00,2050,P1,4C
23:15:14  [SLOT] n=1709 tx=23 ack=0 due=0 r=1
23:15:14  [AT] "AT+CIPSEND=24" (13)
23:15:14  [AT] " S,1691,0F,00,2050,P1,4C" (24)
23:15:14  [AT] "SEND OK" (7)
23:15:15  [TX] S,1692,0F,00,2052,P1,4D
23:15:15  [SLOT] n=1710 tx=23 ack=0 due=0 r=1
23:15:15  [AT] "AT+CIPSEND=24" (13)
23:15:15  [AT] " S,1692,0F,00,2052,P1,4D" (24)
23:15:15  [AT] "SEND OK" (7)
23:15:17  [TX] S,1693,0F,00,2053,P1,4D
23:15:17  [SLOT] n=1711 tx=23 ack=0 due=0 r=1
23:15:17  [AT] "AT+CIPSEND=24" (13)
23:15:17  [AT] " S,1693,0F,00,2053,P1,4D" (24)
23:15:17  [AT] "SEND OK" (7)
23:15:18  [TX] S,1694,0F,00,2054,P1,4D
23:15:18  [SLOT] n=1712 tx=23 ack=0 due=0 r=1
23:15:18  [AT] "AT+CIPSEND=24" (13)
23:15:18  [AT] " S,1694,0F,00,2054,P1,4D" (24)
23:15:18  [AT] "SEND OK" (7)
23:15:19  [TX] S,1695,0F,00,2055,P1,4D
23:15:19  [SLOT] n=1713 tx=23 ack=0 due=0 r=1
23:15:19  [AT] "AT+CIPSEND=24" (13)
23:15:19  [AT] " S,1695,0F,00,2055,P1,4D" (24)
23:15:19  [AT] "SEND OK" (7)
23:15:20  [TX] S,1696,0F,00,2056,P1,4D
23:15:20  [SLOT] n=1714 tx=23 ack=0 due=0 r=1
23:15:20  [AT] "AT+CIPSEND=24" (13)
23:15:20  [AT] " S,1696,0F,00,2056,P1,4D" (24)
23:15:20  [AT] "SEND OK" (7)
23:15:21  [TX] S,1697,0F,00,2058,P1,42
23:15:21  [SLOT] n=1715 tx=23 ack=0 due=0 r=1
23:15:21  [AT] "AT+CIPSEND=24" (13)
23:15:21  [AT] " S,1697,0F,00,2058,P1,42" (24)
23:15:21  [AT] "SEND OK" (7)
23:15:23  [TX] S,1698,0F,00,2059,P1,4C
23:15:23  [SLOT] n=1716 tx=23 ack=0 due=0 r=1
23:15:23  [AT] "AT+CIPSEND=24" (13)
23:15:23  [AT] " S,1698,0F,00,2059,P1,4C" (24)
23:15:23  [AT] "SEND OK" (7)
23:15:24  [TX] S,1699,0F,00,2060,P1,47
23:15:24  [SLOT] n=1717 tx=23 ack=0 due=0 r=1
23:15:24  [AT] "AT+CIPSEND=24" (13)
23:15:24  [AT] " S,1699,0F,00,2060,P1,47" (24)
23:15:24  [AT] "SEND OK" (7)
23:15:25  [TX] S,1700,0F,00,2061,P1,47
23:15:25  [SLOT] n=1718 tx=23 ack=0 due=0 r=1
23:15:25  [AT] "AT+CIPSEND=24" (13)
23:15:25  [AT] " S,1700,0F,00,2061,P1,47" (24)
23:15:25  [AT] "SEND OK" (7)
23:15:26  [TX] S,1701,0F,00,2062,P1,45
23:15:26  [SLOT] n=1719 tx=23 ack=0 due=0 r=1
23:15:26  [AT] "AT+CIPSEND=24" (13)
23:15:26  [AT] " S,1701,0F,00,2062,P1,45" (24)
23:15:26  [AT] "SEND OK" (7)
23:15:27  [TX] S,1702,0F,00,2064,P1,40
23:15:27  [SLOT] n=1720 tx=23 ack=0 due=0 r=1
23:15:27  [AT] "AT+CIPSEND=24" (13)
23:15:27  [AT] " S,1702,0F,00,2064,P1,40" (24)
23:15:27  [AT] "SEND OK" (7)
23:15:29  [TX] S,1703,0F,00,2065,P1,40
23:15:29  [SLOT] n=1721 tx=23 ack=0 due=0 r=1
23:15:29  [AT] "AT+CIPSEND=24" (13)
23:15:29  [AT] " S,1703,0F,`0,2065,P1,40" (24)
23:15:29  [AT] "SEND OK" (7)
23:15:30  [TX] S,1704,0F,00,2066,P1,44
23:15:30  [SLOT] n=1722 tx=23 ack=0 due=0 r=1
23:15:30  [AT] "AT+CIPSEND=24" (13)
23:15:30  [AT] " S,1704,0F,00,2066,P1,44" (24)
23:15:30  [AT] "SEND OK" (7)
23:15:31  [TX] S,1705,0F,00,2067,P1,44
23:15:31  [SLOT] n=1723 tx=23 ack=0 due=0 r=1
23:15:31  [AT] "AT+CIPSEND=24" (13)
23:15:31  [AT] " S,1705,0F,00,2067,P1,44" (24)
23:15:31  [AT] "SEND OK" (7)
23:15:32  [TX] S,1706,0F,00,2068,P1,48
23:15:32  [SLOT] n=1724 tx=23 ack=0 due=0 r=1
23:15:32  [AT] "AT+CIPSEND=24" (13)
23:15:32  [AT] " S,1706,0F,00,2068,P1,48" (24)
23:15:32  [AT] "SEND OK" (7)
23:15:33  [TX] S,1707,0F,00,2070,P1,40
23:15:33  [SLOT] n=1725 tx=23 ack=0 due=0 r=1
23:15:33  [AT] "AT+CIPSEND=24" (13)
23:15:33  [AT] " S,1707,0F,00,2070,P1,40" (24)
23:15:33  [AT] "SEND OK" (7)
23:15:35  [TX] S,1708,0F,00,2071,P1,4E
23:15:35  [SLOT] n=1726 tx=23 ack=0 due=0 r=1
23:15:35  [AT] "AT+CIPSEND=24" (13)
23:15:35  [AT] " S,1708,0F,00,2071,P1,4E" (24)
23:15:35  [AT] "SEND OK" (7)
23:15:37  [TX] S,1709,0F,00,2072,P1,4C
23:15:37  [SLOT] n=1727 tx=23 ack=0 due=0 r=1
23:15:37  [AT] "AT+CIPSEND=24" (13)
23:15:37  [AT] " S,1709,0F,00,2072,P1,4C" (24)
23:15:37  [AT] "SEND OK" (7)
23:15:38  [TX] S,1710,0F,00,2073,P1,45
23:15:38  [SLOT] n=1728 tx=23 ack=0 due=0 r=1
23:15:38  [AT] "AT+CIPSEND=24" (13)
23:15:38  [AT] " S,1710,0F,00,2073,P1,45" (24)
23:15:38  [AT] "SEND OK" (7)
23:15:39  [TX] S,1711,0F,00,2074,P1,43
23:15:39  [SLOT] n=1729 tx=23 ack=0 due=0 r=1
23:15:39  [AT] "AT+CIPSEND=24" (13)
23:15:39  [AT] " S,1711,0F,00,2074,P1,43" (24)
23:15:39  [AT] "SEND OK" (7)
23:15:40  [TX] S,1712,0F,00,2076,P1,42
23:15:40  [SLOT] n=1730 tx=23 ack=0 due=0 r=1
23:15:40  [AT] "AT+CIPSEND=24" (13)
23:15:40  [AT] " S,1712,0F,00,2076,P1,42" (24)
23:15:40  [AT] "SEND OK" (7)
23:15:41  [TX] S,1713,0F,00,2077,P1,42
23:15:42  [SLOT] n=1731 tx=23 ack=0 due=0 r=1
23:15:42  [AT] "AT+CIPSEND=24" (13)
23:15:42  [AT] " S,1713,0F,00,2077,P1,42" (24)
23:15:42  [AT] "SEND OK" (7)
23:15:43  [TX] S,1714,0F,00,2078,P1,4A
23:15:43  [SLOT] n=1732 tx=23 ack=0 due=0 r=1
23:15:43  [AT] "AT+CIPSEND=24" (13)
23:15:43  [AT] " S,1714,0F,00,2078,P1,4A" (24)
23:15:43  [AT] "SEND OK" (7)
23:15:44  [TX] S,1715,0F,00,2079,P1,4A
23:15:44  [SLOT] n=1733 tx=23 ack=0 due=0 r=1
23:15:44  [AT] "AT+CIPSEND=24" (13)
23:15:44  [AT] " S,1715,0F,00,2079,P1,4A" (24)
23:15:44  [AT] "SEND OK" (7)
23:15:45  [TX] S,1716,0F,00,2080,P1,4F
23:15:45  [SLOT] n=1734 tx=23 ack=0 due=0 r=1
23:15:45  [AT] "AT+CIPSEND=24" (13)
23:15:45  [AT] " S,1716,0F,00,2080,P1,4F" (24)
23:15:45  [AT] "SEND OK" (7)
23:15:46  [TX] S,1717,0F,00,2082,P1,4C
23:15:46  [SLOT] n=1735 tx=23 ack=0 due=0 r=1
23:15:46  [AT] "AT+CIPSEND=24" (13)
23:15:46  [AT] " S,1717,0F,00,2082,P1,4C" (24)
23:15:46  [AT] "SEND OK" (7)
23:15:47  [TX] S,1718,0F,00,2083,P1,42
23:15:47  [SLOT] n=1736 tx=23 ack=0 due=0 r=1
23:15:47  [AT] "AT+CIPSEND=24" (13)
23:15:47  [AT] " S,1718,0F,00,2083,P1,42" (24)
23:15:47  [AT] "SEND OK" (7)
23:15:49  [TX] S,1719,0F,00,2084,P1,44
23:15:49  [SLOT] n=1737 tx=23 ack=0 due=0 r=1
23:15:49  [AT] "AT+CIPSEND=24" (13)
23:15:49  [AT] " S,1719,0F,00,2084,P1,44" (24)
23:15:49  [AT] "SEND OK" (7)
23:15:50  [TX] S,1720,0F,00,2085,P1,4F
23:15:50  [SLOT] n=1738 tx=23 ack=0 due=0 r=1
23:15:50  [AT] "AT+CIPSEND=24" (13)
23:15:50  [AT] " S,1720,0F,00,2085,P1,4F" (24)
23:15:50  [AT] "SEND OK" (7)
23:15:51  [TX] S,1721,0F,00,2086,P1,4D
23:15:51  [SLOT] n=1739 tx=23 ack=0 due=0 r=1
23:15:51  [AT] "AT+CIPSEND=24" (13)
23:15:51  [AT] " S,1721,0F,00,2086,P1,4D" (24)
23:15:51  [AT] "SEND OK" (7)
23:15:52  [TX] S,1722,0F,00,2088,P1,40
23:15:52  [SLOT] n=1740 tx=23 ack=0 due=0 r=1
23:15:52  [AT] "AT+CIPSEND=24" (13)
23:15:52  [AT] " S,1722,0F,00,2088,P1,40" (24)
23:15:52  [AT] "SEND OK" (7)
23:15:53  [TX] S,1723,0F,00,2089,P1,40
23:15:53  [SLOT] n=1741 tx=23 ack=0 due=0 r=1
23:15:53  [AT] "AT+CIPSEND=24" (13)
23:15:53  [AT] " S,1723,0F,00,2089,P1,40" (24)
23:15:53  [AT] "SEND OK" (7)
23:15:55  [TX] S,1724,0F,00,2090,P1,4F
23:15:55  [SLOT] n=1742 tx=23 ack=0 due=0 r=1
23:15:55  [AT] "AT+CIPSEND=24" (13)
23:15:55  [AT] " S,1724,0F,00,2090,P1,4F" (24)
23:15:55  [AT] "SEND OK" (7)
23:15:56  [TX] S,1725,0F,00,2091,P1,4F
23:15:56  [SLOT] n=1743 tx=23 ack=0 due=0 r=1
23:15:56  [AT] "AT+CIPSEND=24" (13)
23:15:57  [AT] " S,1725,0F,00,2091,P1,4F" (24)
23:15:57  [AT] "SEND OK" (7)
23:15:57  [TX] S,1726,0F,00,2092,P1,4F
23:15:57  [SLOT] n=1744 tx=23 ack=0 due=0 r=1
23:15:57  [AT] "AT+CIPSEND=24" (13)
23:15:57  [AT] " S,1726,0F,00,2092,P1,4F" (24)
23:15:57  [AT] "SEND OK" (7)
23:15:58  [TX] S,1727,0F,00,2094,P1,48
23:15:58  [SLOT] n=1745 tx=23 ack=0 due=0 r=1
23:15:58  [AT] "AT+CIPSEND=24" (13)
23:15:58  [AT] " \xA7,1727,0F,00,2094,P1,48" (24)
23:15:58  [AT] "SEND OK" (7)
23:15:59  [TX] S,1728,0F,00,2095,P1,46
23:15:59  [SLOT] n=1746 tx=23 ack=0 due=0 r=1
23:15:59  [AT] "AT+CIPSEND=24" (13)
23:16:00  [AT] " S,1728,0F,00,2095,P1,46" (24)
23:16:00  [AT] "SEND OK" (7)
23:16:01  [TX] S,1729,0F,00,2096,P1,44
23:16:01  [SLOT] n=1747 tx=23 ack=0 due=0 r=1
23:16:01  [AT] "AT+CIPSEND=24" (13)
23:16:01  [AT] " S,1729,0F,00,2096,P1,44" (24)
23:16:01  [AT] "SEND OK" (7)
23:16:02  [TX] S,1730,0F,00,2097,P1,4D
23:16:02  [SLOT] n=1748 tx=23 ack=0 due=0 r=1
23:16:02  [AT] "AT+CIPSEND=24" (13)
23:16:02  [AT] " S,1730,0F,00,2097,P1,4D" (24)
23:16:02  [AT] "SEND OK" (7)
23:16:03  [TX] S,1731,0F,00,2098,P1,43
23:16:03  [SLOT] n=1749 tx=23 ack=0 due=0 r=1
23:16:03  [AT] "AT+CIPSEND=24" (13)
23:16:03  [AT] " S,1731,0F,00,2098,P1,43" (24)
23:16:03  [AT] "SEND OK" (7)
23:16:04  [TX] S,1732,0F,00,2100,P1,40
23:16:04  [SLOT] n=1750 tx=23 ack=0 due=0 r=1
23:16:04  [CNT] up=2100 drop=0 esprst=0 hwrst=0/0 resync=0 sendfail=0 okto=1 stuck=0 ackq=0 ackdrop=0 ackstale=0 slot=1750 oow=1 smiss=3 ssovf=0 cksumng=0 okstream=1731 penddrop=0 pendfill=1733 bigfill=4 bigdrop=0 bigokst=4 oklost=0 bigoklost=0 skip=7 online=1
23:16:04  [RAM] 최저 여유 571 B · 프롬프트 재동기 0회 (서버의 '버린줄' 과 맞아야 한다)
23:16:04  [AT] "AT+CIPSEND=24" (13)
23:16:05  [AT] " S,1732,0F,00,2100,P1,40" (24)
23:16:05  [AT] "SEND OK" (7)
23:16:05  [TX] S,1733,0F,00,2101,P1,40
23:16:05  [SLOT] n=1751 tx=23 ack=0 due=0 r=1
23:16:05  [AT] "AT+CIPSEND=24" (13)
23:16:05  [AT] " S,1733,0F,00,2101,P1,40" (24)
23:16:05  [AT] "SEND OK" (7)
23:16:07  «tap» 살아있음 — 최근 60초 rx=7958B (이 줄이 끊기면 탭이 죽은 것이다)
23:16:07  [TX] S,1734,0F,00,2102,P1,44
23:16:07  [SLOT] n=1752 tx=23 ack=0 due=0 r=1
23:16:07  [AT] "AT+CIPSEND=24" (13)
23:16:07  [AT] " S,1734,0F,00,2102,P1,44" (24)
23:16:07  [AT] "SEND OK" (7)
23:16:08  [TX] S,1735,0F,00,2103,P1,44
23:16:08  [SLOT] n=1753 tx=23 ack=0 due=0 r=1
23:16:08  [AT] "AT+CIPSEND=24" (13)
23:16:08  [AT] " S,1735,0F,00,2103,P1,44" (24)
23:16:08  [AT] "SEND OK" (7)
23:16:09  [TX] S,1736,0F,00,2104,P1,40
23:16:09  [SLOT] n=1754 tx=23 ack=0 due=0 r=1
23:16:09  [AT] "AT+CIPSEND=24" (13)
23:16:09  [AT] " S,1736,0F,00,2104,P1,40" (24)
23:16:09  [AT] "SEND OK" (7)
23:16:10  [TX] S,1737,0F,00,2106,P1,43
23:16:10  [SLOT] n=1755 tx=23 ack=0 due=0 r=1
23:16:10  [AT] "AT+CIPSEND=24" (13)
23:16:10  [AT] " S,1737,0F,00,2106,P1,43" (24)
23:16:10  [AT] "SEND OK" (7)
23:16:11  [TX] S,1738,0F,00,2107,P1,4D
23:16:11  [SLOT] n=1756 tx=23 ack=0 due=0 r=1
23:16:11  [AT] "AT+CIPSEND=24" (13)
23:16:11  [AT] " S,1738,0F,00,2107,P1,4D" (24)
23:16:11  [AT] "SEND OK" (7)
23:16:13  [TX] S,1739,0F,00,2108,P1,43
23:16:13  [SLOT] n=1757 tx=23 ack=0 due=0 r=1
23:16:13  [AT] "AT+CIPSEND=24" (13)
23:16:13  [AT] " S,1739,0F,00,2108,P1,43" (24)
23:16:13  [AT] "SEND OK" (7)
23:16:14  [TX] S,1740,0F,00,2109,P1,4C
23:16:14  [SLOT] n=1758 tx=23 ack=0 due=0 r=1
23:16:14  [AT] "AT+CIPSEND=24" (13)
23:16:14  [AT] " S,1740,0F,00,2109,P1,4C" (24)
23:16:14  [AT] "SEND OK" (7)
23:16:15  [TX] S,1741,0F,00,2110,P1,45
23:16:15  [SLOT] n=1759 tx=23 ack=0 due=0 r=1
23:16:15  [AT] "AT+CIPSEND=24" (13)
23:16:15  [AT] " S,1741,0F,00,2110,P1,45" (24)
23:16:15  [AT] "SEND OK" (7)
23:16:16  [TX] S,1742,0F,00,2112,P1,44
23:16:16  [SLOT] n=1760 tx=23 ack=0 due=0 r=1
23:16:16  [AT] "AT+CIPSEND=24" (13)
23:16:16  [AT] " S,1742,0F,00,2112,P1,44" (24)
23:16:16  [AT] "SEND OK" (7)
23:16:17  [TX] S,1743,0F,00,2113,P1,44
23:16:17  [SLOT] n=1761 tx=23 ack=0 due=0 r=1
23:16:17  [AT] "AT+CIPSEND=24" (13)
23:16:17  [AT] " S,1743,0F,00,2113,P1,44" (24)
23:16:17  [AT] "SEND OK" (7)
23:16:19  [TX] S,1744,0F,00,2114,P1,44
23:16:19  [SLOT] n=1762 tx=23 ack=0 due=0 r=1
23:16:19  [AT] "AT+CIPSEND=24" (13)
23:16:19  [AT] " S,1744,0F,00,2114,P1,44" (24)
23:16:19  [AT] "SEND OK" (7)
23:16:20  [TX] S,1745,0F,00,2115,P1,44
23:16:20  [SLOT] n=1763 tx=23 ack=0 due=0 r=1
23:16:20  [AT] "AT+CIPSEND=24" (13)
23:16:20  [AT] " S,1745,0F,00,2115,P1,44" (24)
23:16:20  [AT] "SEND OK" (7)
23:16:21  [TX] S,1746,0F,00,2116,P1,44
23:16:21  [SLOT] n=1764 tx=23 ack=0 due=0 r=1
23:16:21  [AT] "AT+CIPSEND=24" (13)
23:16:21  [AT] " S,1746,0F,00,2116,P1,44" (24)
23:16:21  [AT] "SEND OK" (7)
23:16:22  [TX] S,1747,0F,00,2118,P1,4B
23:16:22  [SLOT] n=1765 tx=23 ack=0 due=0 r=1
23:16:22  [AT] "AT+CIPSEND=24" (13)
23:16:23  [AT] " S,1747,0F,00,2118,P1,4B" (24)
23:16:23  [AT] "SEND OK" (7)
23:16:23  [TX] S,1748,0F,00,2119,P1,45
23:16:23  [SLOT] n=1766 tx=23 ack=0 due=0 r=1
23:16:23  [AT] "AT+CIPSEND=24" (13)
23:16:23  [AT] " S,1748,0F,00,2119,P1,45" (24)
23:16:23  [AT] "SEND OK" (7)
23:16:25  [TX] S,1749,0F,00,2120,P1,4E
23:16:25  [SLOT] n=1767 tx=23 ack=0 due=0 r=1
23:16:25  [AT] "AT+CIPSEND=24" (13)
23:16:25  [AT] " S,1749,0F,00,2120,P1,4E" (24)
23:16:25  [AT] "SEND OK" (7)
23:16:26  [TX] S,1750,0F,00,2121,P1,47
23:16:26  [SLOT] n=1768 tx=23 ack=0 due=0 r=1
23:16:26  [AT] "AT+CIPSEND=24" (13)
23:16:26  [AT] " S,1750,0F,00,2121,P1,47" (24)
23:16:26  [AT] "SEND OK" (7)
23:16:27  [TX] S,1751,0F,00,2122,P1,45
23:16:27  [SLOT] n=1769 tx=23 ack=0 due=0 r=1
23:16:27  [AT] "AT+CIPSEND=24" (13)
23:16:27  [AT] " S,1751,0F,00,2122,P1,45" (24)
23:16:27  [AT] "SEND OK" (7)
23:16:28  [TX] S,1752,0F,00,2124,P1,40
23:16:28  [SLOT] n=1770 tx=23 ack=0 due=0 r=1
23:16:28  [AT] "AT+CIPSEND=24" (13)
23:16:28  [AT] " S,1752,0F,00,2124,P1,40" (24)
23:16:28  [AT] "SEND OK" (7)
23:16:29  [TX] S,1753,0F,00,2125,P1,40
23:16:29  [SLOT] n=1771 tx=23 ack=0 due=0 r=1
23:16:29  [AT] "AT+CIPSEND=24" (13)
23:16:29  [AT] " S,1753,0F,00,2125,P1,40" (24)
23:16:29  [AT] "SEND OK" (7)
23:16:30  [TX] S,1754,0F,00,2126,P1,44
23:16:30  [SLOT] n=1772 tx=23 ack=0 due=0 r=1
23:16:30  [AT] "AT+CIPSEND=24" (13)
23:16:31  [AT] " S,1754,0F,00,2126,P1,44" (24)
23:16:31  [AT] "SEND OK" (7)
23:16:32  [TX] S,1755,0F,00,2127,P1,44
23:16:32  [SLOT] n=1773 tx=23 ack=0 due=0 r=1
23:16:32  [AT] "AT+CIPSEND=24" (13)
23:16:32  [AT] " S,1755,0F,00,2127,P1,44" (24)
23:16:32  [AT] "SEND OK" (7)
23:16:33  [TX] S,1756,0F,00,2128,P1,48
23:16:33  [SLOT] n=1774 tx=23 ack=0 due=0 r=1
23:16:33  [AT] "AT+CIPSEND=24" (13)
23:16:33  [AT] " S,1756,0F,00,2128,P1,48" (24)
23:16:33  [AT] "SEND OK" (7)
23:16:34  [TX] S,1757,0F,00,2130,P1,40
23:16:34  [SLOT] n=1775 tx=23 ack=0 due=0 r=1
23:16:34  [AT] "AT+CIPSEND=24" (13)
23:16:34  [AT] " S,1757,0F,00,2130,P1,40" (24)
23:16:34  [AT] "SEND OK" (7)
23:16:35  [TX] S,1758,0F,00,2131,P1,4E
23:16:35  [SLOT] n=1776 tx=23 ack=0 due=0 r=1
23:16:35  [AT] "AT+CIPSEND=24" (13)
23:16:35  [AT] " S,1758,0F,00,2131,P1,4E" (24)
23:16:35  [AT] "SEND OK" (7)
23:16:36  [TX] S,1759,0F,00,2132,P1,4C
23:16:36  [SLOT] n=1777 tx=23 ack=0 due=0 r=1
23:16:36  [AT] "AT+CIPSEND=24" (13)
23:16:37  [AT] " S,1759,0F,00,2132,P1,4C" (24)
23:16:37  [AT] "SEND OK" (7)
23:16:38  [TX] S,1760,0F,00,2133,P1,47
23:16:38  [SLOT] n=1778 tx=23 ack=0 due=0 r=1
23:16:38  [AT] "AT+CIPSEND=24" (13)
23:16:38  [AT] " S,1760,0F,00,2133,P1,47" (24)
23:16:38  [AT] "SEND OK" (7)
23:16:39  [TX] S,1761,0F,00,2134,P1,41
23:16:39  [SLOT] n=1779 tx=23 ack=0 due=0 r=1
23:16:39  [AT] "AT+CIPSEND=24" (13)
23:16:39  [AT] " S,1761,0F,00,2134,P1,41" (24)
23:16:39  [AT] "SEND OK" (7)
23:16:40  [TX] S,1762,0F,00,2136,P1,40
23:16:40  [SLOT] n=1780 tx=23 ack=0 due=0 r=1
23:16:40  [AT] "AT+CIPSEND=24" (13)
23:16:40  [AT] " S,1762,0F,00,2136,P1,40" (24)
23:16:40  [AT] "SEND OK" (7)
23:16:41  [TX] S,1763,0F,00,2137,P1,40
23:16:41  [SLOT] n=1781 tx=23 ack=0 due=0 r=1
23:16:41  [AT] "AT+CIPSEND=24" (13)
23:16:41  [AT] " S,1763,0F,00,2137,P1,40" (24)
23:16:41  [AT] "SEND OK" (7)
23:16:42  [TX] S,1764,0F,00,2138,P1,48
23:16:42  [SLOT] n=1782 tx=23 ack=0 due=0 r=1
23:16:42  [AT] "AT+CIPSEND=24" (13)
23:16:43  [AT] " S,1764,0F,00,2138,P1,48" (24)
23:16:43  [AT] "SEND OK" (7)
23:16:44  [TX] S,1765,0F,00,2139,P1,48
23:16:44  [SLOT] n=1783 tx=23 ack=0 due=0 r=1
23:16:44  [AT] "AT+CIPSEND=24" (13)
23:16:44  [AT] " S,1765,0F,00,2139,P1,48" (24)
23:16:44  [AT] "SEND OK" (7)
23:16:45  [TX] S,1766,0F,00,2140,P1,45
23:16:45  [SLOT] n=1784 tx=23 ack=0 due=0 r=1
23:16:45  [AT] "AT+CIPSEND=24" (13)
23:16:45  [AT] " S,1766,0F,00,2140,P1,45" (24)
23:16:45  [AT] "SEND OK" (7)
23:16:46  [TX] S,1767,0F,00,2142,P1,46
23:16:46  [SLOT] n=1785 tx=23 ack=0 due=0 r=1
23:16:46  [AT] "AT+CIPSEND=24" (13)
23:16:46  [AT] " S,1767,0F,00,2142,P1,46" (24)
23:16:46  [AT] "SEND OK" (7)
23:16:47  [TX] S,1768,0F,00,2143,P1,48
23:16:47  [SLOT] n=1786 tx=23 ack=0 due=0 r=1
23:16:47  [AT] "AT+CIPSEND=24" (13)
23:16:47  [AT] " S,1768,0F,00,2143,P1,48" (24)
23:16:47  [AT] "SEND OK" (7)
23:16:48  [TX] S,1769,0F,00,2144,P1,4E
23:16:48  [SLOT] n=1787 tx=23 ack=0 due=0 r=1
23:16:48  [AT] "AT+CIPSEND=24" (13)
23:16:48  [AT] " S,1769,0F,00,2144,P1,4E" (24)
23:16:48  [AT] "SEND OK" (7)
23:16:50  [TX] S,1770,0F,00,2145,P1,47
23:16:50  [SLOT] n=1788 tx=23 ack=0 due=0 r=1
23:16:50  [AT] "AT+CIPSEND=24" (13)
23:16:50  [AT] " S,1770,0F,00,2145,P1,47" (24)
23:16:50  [AT] "SEND OK" (7)
23:16:51  [TX] S,1771,0F,00,2146,P1,45
23:16:51  [SLOT] n=1789 tx=23 ack=0 due=0 r=1
23:16:51  [AT] "AT+CIPSEND=24" (13)
23:16:51  [AT] " S,1771,0F,00,2146,P1,45" (24)
23:16:51  [AT] "SEND OK" (7)
23:16:52  [TX] S,1772,0F,00,2148,P1,48
23:16:52  [SLOT] n=1790 tx=23 ack=0 due=0 r=1
23:16:52  [AT] "AT+CIPSEND=24" (13)
23:16:52  [AT] " S,1772,0F,00,2148,P1,48" (24)
23:16:52  [AT] "SEND OK" (7)
23:16:53  [TX] S,1773,0F,00,2149,P1,48
23:16:53  [SLOT] n=1791 tx=23 ack=0 due=0 r=1
23:16:53  [AT] "AT+CIPSEND=24" (13)
23:16:53  [AT] " S,1773,0F,00,2149,P1,48" (24)
23:16:53  [AT] "SEND OK" (7)
23:16:54  [TX] S,1774,0F,00,2150,P1,47
23:16:54  [SLOT] n=1792 tx=23 ack=0 due=0 r=1
23:16:54  [AT] "AT+CIPSEND=24" (13)
23:16:54  [AT] " S,1774,0F,00,2150,P1,47" (24)
23:16:54  [AT] "SEND OK" (7)
23:16:56  [TX] S,1775,0F,00,2151,P1,47
23:16:56  [SLOT] n=1793 tx=23 ack=0 due=0 r=1
23:16:56  [AT] "AT+CIPSEND=24" (13)
23:16:56  [AT] " S,1775,0F,00,2151,P1,47" (24)
23:16:56  [AT] "SEND OK" (7)
23:16:57  [TX] S,1776,0F,00,2152,P1,47
23:16:57  [SLOT] n=1794 tx=23 ack=0 due=0 r=1
23:16:57  [AT] "AT+CIPSEND=24" (13)
23:16:57  [AT] " S,1776,0F,00,2152,P1,47" (24)
23:16:57  [AT] "SEND OK" (7)
23:16:58  [TX] S,1777,0F,00,2154,P1,40
23:16:58  [SLOT] n=1795 tx=23 ack=0 due=0 r=1
23:16:58  [AT] "AT+CIPSEND=24" (13)
23:16:58  [AT] " S,1777,0F,00,2154,P1,40" (24)
23:16:58  [AT] "SEND OK" (7)
23:16:59  [TX] S,1778,0F,00,2155,P1,4E
23:16:59  [SLOT] n=1796 tx=23 ack=0 due=0 r=1
23:16:59  [AT] "AT+CIPSEND=24" (13)
23:16:59  [AT] " S,1778,0F,00,2155,P1,4E" (24)
23:16:59  [AT] "SEND OK" (7)
23:17:00  [TX] S,1779,0F,00,2156,P1,4C
23:17:00  [SLOT] n=1797 tx=23 ack=0 due=0 r=1
23:17:00  [AT] "AT+CIPSEND=24" (13)
23:17:01  [AT] " S,1779,0F,00,2156,P1,4C" (24)
23:17:01  [AT] "SEND OK" (7)
23:17:02  [TX] S,1780,0F,00,2157,P1,4B
23:17:02  [SLOT] n=1798 tx=23 ack=0 due=0 r=1
23:17:02  [AT] "AT+CIPSEND=24" (13)
23:17:02  [AT] " S,1780,0F,00,2157,P1,4B" (24)
23:17:02  [AT] "SEND OK" (7)
23:17:03  [TX] S,1781,0F,00,2158,P1,45
23:17:03  [SLOT] n=1799 tx=23 ack=0 due=0 r=1
23:17:03  [AT] "AT+CIPSEND=24" (13)
23:17:03  [AT] " S,1781,0F,00,2158,P1,45" (24)
23:17:03  [AT] "SEND OK" (7)
23:17:04  [TX] S,1782,0F,00,2160,P1,4D
23:17:04  [SLOT] n=1800 tx=23 ack=0 due=0 r=1
23:17:04  [CNT] up=2160 drop=0 esprst=0 hwrst=0/0 resync=0 sendfail=0 okto=1 stuck=0 ackq=0 ackdrop=0 ackstale=0 slot=1800 oow=1 smiss=3 ssovf=0 cksumng=0 okstream=1781 penddrop=0 pendfill=1783 bigfill=4 bigdrop=0 bigokst=4 oklost=0 bigoklost=0 skip=7 online=1
23:17:04  [RAM] 최저 여유 571 B · 프롬프트 재동기 0회 (서버의 '버린줄' 과 맞아야 한다)
23:17:04  [AT] " S,1782,0F,00,2160,P1,4D" (24)
23:17:04  [AT] "SEND OK" (7)
23:17:04  [AT] "AT+CIPSEND=24" (13)
23:17:05  [TX] S,1783,0F,00,2161,P1,4D
23:17:05  [SLOT] n=1801 tx=23 ack=0 due=0 r=1
23:17:05  [AT] "AT+CIPSEND=24" (13)
23:17:06  [AT] " S,1783,0F,00,2161,P1,4D" (24)
23:17:06  [AT] "SEND OK" (7)
23:17:06  [TX] S,1784,0F,00,2162,P1,49
23:17:06  [SLOT] n=1802 tx=23 ack=0 due=0 r=1
23:17:06  [AT] "AT+CIPSEND=24" (13)
23:17:07  «tap» 살아있음 — 최근 60초 rx=8049B (이 줄이 끊기면 탭이 죽은 것이다)
23:17:07  [AT] " S,1784,0F,00,2162,P1,49" (24)
23:17:07  [AT] "SEND OK" (7)
23:17:08  [TX] S,1785,0F,00,2163,P1,49
23:17:08  [SLOT] n=1803 tx=23 ack=0 due=0 r=1
23:17:08  [AT] "AT+CIPSEND=24" (13)
23:17:08  [AT] " S,1785,0F,00,2163,P1,49" (24)
23:17:08  [AT] "SEND OK" (7)
23:17:09  [TX] S,1786,0F,00,2164,P1,4D
23:17:09  [SLOT] n=1804 tx=23 ack=0 due=0 r=1
23:17:09  [AT] "AT+CIPSEND=24" (13)
23:17:09  [AT] " S,1786,0F,00,2164,P1,4D" (24)
23:17:09  [AT] "SEND OK" (7)
23:17:10  [TX] S,1787,0F,00,2166,P1,4E
23:17:10  [SLOT] n=1805 tx=23 ack=0 due=0 r=1
23:17:10  [AT] "AT+CIPSEND=24" (13)
23:17:10  [AT] " S,1787,0F,00,2166,P1,4E" (24)
23:17:10  [AT] "SEND OK" (7)
23:17:11  [TX] S,1788,0F,00,2167,P1,40
23:17:11  [SLOT] n=1806 tx=23 ack=0 due=0 r=1
23:17:11  [AT] "AT+CIPSEND=24" (13)
23:17:11  [AT] " S,1788,0F,00,2167,P1,40" (24)
23:17:11  [AT] "SEND OK" (7)
23:17:12  [TX] S,1789,0F,00,2168,P1,4E
23:17:12  [SLOT] n=1807 tx=23 ack=0 due=0 r=1
23:17:12  [AT] "AT+CIPSEND=24" (13)
23:17:12  [AT] " S,1789,0F,00,2168,P1,4E" (24)
23:17:12  [AT] "SEND OK" (7)
23:17:14  [TX] S,1790,0F,00,2169,P1,47
23:17:14  [SLOT] n=1808 tx=23 ack=0 due=0 r=1
23:17:14  [AT] "AT+CIPSEND=24" (13)
23:17:14  [AT] " S,1790,0F,00,2169,P1,47" (24)
23:17:14  [AT] "SEND OK" (7)
23:17:15  [TX] S,1791,0F,00,2170,P1,4E
23:17:15  [SLOT] n=1809 tx=23 ack=0 due=0 r=1
23:17:15  [AT] "AT+CIPSEND=24" (13)
23:17:15  [AT] " S,1791,0F,00,2170,P1,4E" (24)
23:17:15  [AT] "SEND OK" (7)
23:17:16  [TX] S,1792,0F,00,2172,P1,4F
23:17:16  [SLOT] n=1810 tx=23 ack=0 due=0 r=1
23:17:16  [AT] "AT+CIPSEND=24" (13)
23:17:16  [AT] " S,1792,0F,00,2172,P1,4F" (24)
23:17:16  [AT] "SEND OK" (7)
23:17:17  [TX] S,1793,0F,00,2173,P1,4F
23:17:17  [SLOT] n=1811 tx=23 ack=0 due=0 r=1
23:17:17  [AT] "AT+CIPSEND=24" (13)
23:17:17  [AT] " S,1793,0F,00,2173,P1,4F" (24)
23:17:17  [AT] "SEND OK" (7)
23:17:18  [TX] S,1794,0F,00,2174,P1,4F
23:17:18  [SLOT] n=1812 tx=23 ack=0 due=0 r=1
23:17:18  [AT] "AT+CIPSEND=24" (13)
23:17:18  [AT] " S,1794,0F,00,2174,P1,4F" (24)
23:17:18  [AT] "SEND OK" (7)
23:17:19  [TX] S,1795,0F,00,2175,P1,4F
23:17:19  [SLOT] n=1813 tx=23 ack=0 due=0 r=1
23:17:19  [AT] "AT+CIPSEND=24" (13)
23:17:19  [AT] " S,1795,0F,00,2175,P1,4F" (24)
23:17:19  [AT] "SEND OK" (7)
23:17:21  [TX] S,1796,0F,00,2176,P1,4F
23:17:21  [SLOT] n=1814 tx=23 ack=0 due=0 r=1
23:17:21  [AT] "AT+CIPSEND=24" (13)
23:17:21  [AT] " S,1796,0F,00,2176,P1,4F" (24)
23:17:21  [AT] "SEND OK" (7)
23:17:22  [TX] S,1797,0F,00,2178,P1,40
23:17:22  [SLOT] n=1815 tx=23 ack=0 due=0 r=1
23:17:22  [AT] "AT+CIPSEND=24" (13)
23:17:22  [AT] " S,1797,0F,00,2178,P1,40" (24)
23:17:22  [AT] "SEND OK" (7)
23:17:23  [TX] S,1798,0F,00,2179,P1,4E
23:17:23  [SLOT] n=1816 tx=23 ack=0 due=0 r=1
23:17:23  [AT] "AT+CIPSEND=24" (13)
23:17:23  [AT] " S,1798,0F,00,2179,P1,4E" (24)
23:17:23  [AT] "SEND OK" (7)
23:17:24  [TX] S,1799,0F,00,2180,P1,49
23:17:24  [SLOT] n=1817 tx=23 ack=0 due=0 r=1
23:17:24  [AT] "AT+CIPSEND=24" (13)
23:17:24  [AT] " S,1799,0F,00,2180,P1,49" (24)
23:17:24  [AT] "SEND OK" (7)
23:17:25  [TX] S,1800,0F,00,2181,P1,47
23:17:25  [SLOT] n=1818 tx=23 ack=0 due=0 r=1
23:17:25  [AT] "AT+CIPSEND=24" (13)
23:17:26  [AT] " S,1800,0F,00,2181,P1,47" (24)
23:17:26  [AT] "SEND OK" (7)
23:17:27  [TX] S,1801,0F,00,2182,P1,45
23:17:27  [SLOT] n=1819 tx=23 ack=0 due=0 r=1
23:17:27  [AT] "AT+CIPSEND=24" (13)
23:17:27  [AT] " S,1801,0F,00,2182,P1,45" (24)
23:17:27  [AT] "SEND OK" (7)
23:17:28  [TX] S,1802,0F,00,2184,P1,40
23:17:28  [SLOT] n=1820 tx=23 ack=0 due=0 r=1
23:17:28  [AT] "AT+CIPSEND=24" (13)
23:17:28  [AT] " S,1802,0F,00,2184,P1,40" (24)
23:17:28  [AT] "SEND OK" (7)
23:17:29  [TX] S,1803,0F,00,2185,P1,40
23:17:29  [SLOT] n=1821 tx=23 ack=0 due=0 r=1
23:17:29  [AT] "AT+CIPSEND=24" (13)
23:17:29  [AT] " S,1803,0F,00,2185,P1,40" (24)
23:17:29  [AT] "SEND OK" (7)
23:17:30  [TX] S,1804,0F,00,2186,P1,44
23:17:30  [SLOT] n=1822 tx=23 ack=0 due=0 r=1
23:17:30  [AT] "AT+CIPSEND=24" (13)
23:17:31  [AT] " S,1804,0F,00,2186,P1,44" (24)
23:17:31  [AT] "SEND OK" (7)
23:17:31  [TX] S,1805,0F,00,2187,P1,44
23:17:31  [SLOT] n=1823 tx=23 ack=0 due=0 r=1
23:17:31  [AT] "AT+CIPSEND=24" (13)
23:17:31  [AT] " S,1805,0F,00,2187,P1,44" (24)
23:17:31  [AT] "SEND OK" (7)
23:17:33  [TX] S,1806,0F,00,2188,P1,48
23:17:33  [SLOT] n=1824 tx=23 ack=0 due=0 r=1
23:17:33  [AT] "AT+CIPSEND=24" (13)
23:17:33  [AT] " S,1806,0F,00,2188,P1,48" (24)
23:17:33  [AT] "SEND OK" (7)
23:17:34  [TX] S,1807,0F,00,2190,P1,40
23:17:34  [SLOT] n=1825 tx=23 ack=0 due=0 r=1
23:17:34  [AT] "AT+CIPSEND=24" (13)
23:17:34  [AT] " S,1807,0F,00,2190,P1,40" (24)
23:17:34  [AT] "SEND OK" (7)
23:17:35  [TX] S,1808,0F,00,2191,P1,4E
23:17:35  [SLOT] n=1826 tx=23 ack=0 due=0 r=1
23:17:35  [AT] "AT+CIPSEND=24" (13)
23:17:35  [AT] " S,1808,0F,00,2191,P1,4E" (24)
23:17:35  [AT] "SEND OK" (7)
23:17:36  [TX] S,1809,0F,00,2192,P1,4C
23:17:36  [SLOT] n=1827 tx=23 ack=0 due=0 r=1
23:17:36  [AT] "AT+CIPSEND=24" (13)
23:17:36  [AT] " S,1809,0F,00,2192,P1,4C" (24)
23:17:36  [AT] "SEND OK" (7)
23:17:37  [TX] S,1810,0F,00,2193,P1,45
23:17:37  [SLOT] n=1828 tx=23 ack=0 due=0 r=1
23:17:37  [AT] "AT+CIPSEND=24" (13)
23:17:37  [AT] " S,1810,0F,00,2193,P1,45" (24)
23:17:37  [AT] "SEND OK" (7)
23:17:39  [TX] S,1811,0F,00,2194,P1,43
23:17:39  [SLOT] n=1829 tx=23 ack=0 due=0 r=1
23:17:39  [AT] "AT+CIPSEND=24" (13)
23:17:39  [AT] " S,1811,0F,00,2194,P1,43" (24)
23:17:39  [AT] "SEND OK" (7)
23:17:40  [TX] S,1812,0F,00,2196,P1,42
23:17:40  [SLOT] n=1830 tx=23 ack=0 due=0 r=1
23:17:40  [AT] "AT+CIPSEND=24" (13)
23:17:40  [AT] " S,1812,0F,00,2196,P1,42" (24)
23:17:40  [AT] "SEND OK" (7)
23:17:41  [TX] S,1813,0F,00,2197,P1,42
23:17:41  [SLOT] n=1831 tx=23 ack=0 due=0 r=1
23:17:41  [AT] "AT+CIPSEND=24" (13)
23:17:41  [AT] " S,1813,0F,00,2197,P1,42" (24)
23:17:41  [AT] "SEND OK" (7)
23:17:42  [TX] S,1814,0F,00,2198,P1,4A
23:17:42  [SLOT] n=1832 tx=23 ack=0 due=0 r=1
23:17:42  [AT] "AT+CIPSEND=24" (13)
23:17:42  [AT] " S,1814,0F,00,2198,P1,4A" (24)
23:17:42  [AT] "SEND OK" (7)
23:17:43  [TX] S,1815,0F,00,2199,P1,4A
23:17:43  [SLOT] n=1833 tx=23 ack=0 due=0 r=1
23:17:43  [AT] "AT+CIPSEND=24" (13)
23:17:44  [AT] " S,1815,0F,00,2199,P1,4A" (24)
23:17:44  [AT] "SEND OK" (7)
23:17:45  [TX] S,1816,0F,00,2200,P1,4A
23:17:45  [SLOT] n=1834 tx=23 ack=0 due=0 r=1
23:17:45  [AT] "AT+CIPSEND=24" (13)
23:17:45  [AT] " S,1816,0F,00,2200,P1,4A" (24)
23:17:45  [AT] "SEND OK" (7)
23:17:46  [TX] S,1817,0F,00,2202,P1,49
23:17:46  [SLOT] n=1835 tx=23 ack=0 due=0 r=1
23:17:46  [AT] "AT+CIPSEND=24" (13)
23:17:46  [AT] " S,1817,0F,00,2202,P1,49" (24)
23:17:46  [AT] "SEND OK" (7)
23:17:47  [TX] S,1818,0F,00,2203,P1,47
23:17:47  [SLOT] n=1836 tx=23 ack=0 due=0 r=1
23:17:47  [AT] "AT+CIPSEND=24" (13)
23:17:47  [AT] " S,1818,0F,00,2203,P1,47" (24)
23:17:47  [AT] "SEND OK" (7)
23:17:48  [TX] S,1819,0F,00,2204,P1,41
23:17:48  [SLOT] n=1837 tx=23 ack=0 due=0 r=1
23:17:48  [AT] "AT+CIPSEND=24" (13)
23:17:49  [AT] " S,1819,0F,00,2204,P1,41" (24)
23:17:49  [AT] "SEND OK" (7)
23:17:49  [TX] S,1820,0F,00,2205,P1,4A
23:17:49  [SLOT] n=1838 tx=23 ack=0 due=0 r=1
23:17:49  [AT] "AT+CIPSEND=24" (13)
23:17:49  [AT] " S,1820,0F,00,2205,P1,4A" (24)
23:17:49  [AT] "SEND OK" (7)
23:17:51  [TX] S,1821,0F,00,2206,P1,48
23:17:51  [SLOT] n=1839 tx=23 ack=0 due=0 r=1
23:17:51  [AT] "AT+CIPSEND=24" (13)
23:17:51  [AT] " S,1821,0F,00,2206,P1,48" (24)
23:17:51  [AT] "SEND OK" (7)
23:17:52  [TX] S,1822,0F,00,2208,P1,45
23:17:52  [SLOT] n=1840 tx=23 ack=0 due=0 r=1
23:17:52  [AT] "AT+CIPSEND=24" (13)
23:17:52  [AT] " S,1822,0F,00,2208,P1,45" (24)
23:17:52  [AT] "SEND OK" (7)
23:17:53  [TX] S,1823,0F,00,2209,P1,45
23:17:53  [SLOT] n=1841 tx=23 ack=0 due=0 r=1
23:17:53  [AT] "AT+CIPSEND=24" (13)
23:17:53  [AT] " S,1823,0F,00,2209,P1,45" (24)
23:17:53  [AT] "SEND OK" (7)
23:17:54  [TX] S,1824,0F,00,2210,P1,4A
23:17:54  [SLOT] n=1842 tx=23 ack=0 due=0 r=1
23:17:54  [AT] "AT+CIPSEND=24" (13)
23:17:54  [AT] " S,1824,0F,00,2210,P1,4A" (24)
23:17:54  [AT] "SEND OK" (7)
23:17:55  [TX] S,1825,0F,00,2211,P1,4A
23:17:55  [SLOT] n=1843 tx=23 ack=0 due=0 r=1
23:17:55  [AT] "AT+CIPSEND=24" (13)
23:17:55  [AT] " S,1825,0F,00,2211,P1,4A" (24)
23:17:55  [AT] "SEND OK" (7)
23:17:56  [TX] S,1826,0F,00,2212,P1,4A
23:17:58  [SLOT] n=1844 tx=23 ack=0 due=0 r=1
23:17:58  [AT] "AT+CIPSEND=24" (13)
23:17:58  [AT] " S,1826,0F,00,2212,P1,4A" (24)
23:17:58  [AT] "SEND OK" (7)
23:17:59  [TX] S,1827,0F,00,2214,P1,4D
23:17:59  [SLOT] n=1845 tx=23 ack=0 due=0 r=1
23:17:59  [AT] "AT+CIPSEND=24" (13)
23:17:59  [AT] " S,1827,0F,00,2214,P1,4D" (24)
23:17:59  [AT] "SEND OK" (7)
23:18:00  [TX] S,1828,0F,00,2215,P1,43
23:18:00  [SLOT] n=1846 tx=23 ack=0 due=0 r=1
23:18:00  [AT] "AT+CIPSEND=24" (13)
23:18:00  [AT] " S,1828,0F,00,2215,P1,43" (24)
23:18:00  [AT] "SEND OK" (7)
23:18:01  [TX] S,1829,0F,00,2216,P1,41
23:18:01  [SLOT] n=1847 tx=23 ack=0 due=0 r=1
23:18:01  [AT] "AT+CIPSEND=24" (13)
23:18:01  [AT] " S,1829,0F,00,2216,P1,41" (24)
23:18:01  [AT] "SEND OK" (7)
23:18:02  [TX] S,1830,0F,00,2217,P1,48
23:18:02  [SLOT] n=1848 tx=23 ack=0 due=0 r=1
23:18:02  [AT] "AT+CIPSEND=24" (13)
23:18:02  [AT] " S,1830,0F,00,2217,P1,48" (24)
23:18:02  [AT] "SEND OK" (7)
23:18:03  [TX] S,1831,0F,00,2218,P1,46
23:18:03  [SLOT] n=1849 tx=23 ack=0 due=0 r=1
23:18:03  [AT] "AT+CIPSEND=24" (13)
23:18:04  [AT] " S,1831,0F,00,2218,P1,46" (24)
23:18:04  [AT] "SEND OK" (7)
23:18:05  [TX] S,1832,0F,00,2220,P1,4E
23:18:05  [SLOT] n=1850 tx=23 ack=0 due=0 r=1
23:18:05  [CNT] up=2220 drop=0 esprst=0 hwrst=0/0 resync=0 sendfail=0 okto=1 stuck=0 ackq=0 ackdrop=0 ackstale=0 slot=1850 oow=1 smiss=3 ssovf=0 cksumng=0 okstream=1831 penddrop=0 pendfill=1833 bigfill=4 bigdrop=0 bigokst=4 oklost=0 bigoklost=0 skip=7 online=1
23:18:05  [RAM] 최저 여유 571 B · 프롬프트 재동기 0회 (서버의 '버린줄' 과 맞아야 한다)
23:18:05  [AT] "AT+CIPSEND=24" (13)
23:18:05  [AT] " S,1832,0F,00,2220,P1,4E" (24)
23:18:05  [AT] "SEND OK" (7)
23:18:06  [TX] S,1833,0F,00,2221,P1,4E
23:18:06  [SLOT] n=1851 tx=23 ack=0 due=0 r=1
23:18:06  [AT] "AT+CIPSEND=24" (13)
23:18:06  [AT] " S,1833,0F,00,2221,P1,4E" (24)
23:18:06  [AT] "SEND OK" (7)
23:18:07  [TX] S,1834,0F,00,2222,P1,4A
23:18:07  [SLOT] n=1852 tx=23 ack=0 due=0 r=1
23:18:07  [AT] "AT+CIPSEND=24" (13)
23:18:07  [AT] " S,1834,0F,00,2222,P1,4A" (24)
23:18:07  [AT] "SEND OK" (7)
23:18:08  «tap» 살아있음 — 최근 60초 rx=8013B (이 줄이 끊기면 탭이 죽은 것이다)
23:18:08  [TX] S,1835,0F,00,2223,P1,4A
23:18:08  [SLOT] n=1853 tx=23 ack=0 due=0 r=1
23:18:08  [AT] "AT+CIPSEND=24" (13)
23:18:09  [AT] " S,1835,0F,00,2223,P1,4A" (24)
23:18:09  [AT] "SEND OK" (7)
23:18:09  [TX] S,1836,0F,00,2224,P1,4E
23:18:09  [SLOT] n=1854 tx=23 ack=0 due=0 r=1
23:18:09  [AT] "AT+CIPSEND=24" (13)
23:18:10  [AT] " S,1836,0F,00,2224,P1,4E" (24)
23:18:10  [AT] "SEND OK" (7)
23:18:11  [TX] S,1837,0F,00,2226,P1,4D
23:18:11  [SLOT] n=1855 tx=23 ack=0 due=0 r=1
23:18:11  [AT] "AT+CIPSEND=24" (13)
23:18:11  [AT] " S,1837,0F,00,2226,P1,4D" (24)
23:18:11  [AT] "SEND OK" (7)
23:18:12  [TX] S,1838,0F,00,2227,P1,43
23:18:12  [SLOT] n=1856 tx=23 ack=0 due=0 r=1
23:18:12  [AT] "AT+CIPSEND=24" (13)
23:18:12  [AT] " S,1838,0F,00,2227,P1,43" (24)
23:18:12  [AT] "SEND OK" (7)
23:18:13  [TX] S,1839,0F,00,2228,P1,4D
23:18:13  [SLOT] n=1857 tx=23 ack=0 due=0 r=1
23:18:13  [AT] "AT+CIPSEND=24" (13)
23:18:13  [AT] " S,1839,0F,00,2228,P1,4D" (24)
23:18:13  [AT] "SEND OK" (7)
23:18:14  [TX] S,1840,0F,00,2229,P1,42
23:18:14  [SLOT] n=1858 tx=23 ack=0 due=0 r=1
23:18:14  [AT] "AT+CIPSEND=24" (13)
23:18:14  [AT] " S,1840,0F,00,2229,P1,42" (24)
23:18:14  [AT] "SEND OK" (7)
23:18:15  [TX] S,1841,0F,00,2230,P1,4B
23:18:15  [SLOT] n=1859 tx=23 ack=0 due=0 r=1
23:18:15  [AT] "AT+CIPSEND=24" (13)
23:18:15  [AT] " S,1841,0F,00,2230,P1,4B" (24)
23:18:15  [AT] "SEND OK" (7)
23:18:17  [TX] S,1842,0F,00,2232,P1,4A
23:18:17  [SLOT] n=1860 tx=23 ack=0 due=0 r=1
23:18:17  [AT] "AT+CIPSEND=24" (13)
23:18:17  [AT] " S,1842,0F,00,2232,P1,4A" (24)
23:18:17  [AT] "SEND OK" (7)
23:18:18  [TX] S,1843,0F,00,2233,P1,4A
23:18:18  [SLOT] n=1861 tx=23 ack=0 due=0 r=1
23:18:18  [AT] "AT+CIPSEND=24" (13)
23:18:18  [AT] " S,1843,0F,00,2233,P1,4A" (24)
23:18:18  [AT] "SEND OK" (7)
23:18:19  [TX] S,1844,0F,00,2234,P1,4A
23:18:19  [SLOT] n=1862 tx=23 ack=0 due=0 r=1
23:18:19  [AT] "AT+CIPSEND=24" (13)
23:18:19  [AT] " S,1844,0F,00,2234,P1,4A" (24)
23:18:19  [AT] "SEND OK" (7)
23:18:20  [TX] S,1845,0F,00,2235,P1,4A
23:18:20  [SLOT] n=1863 tx=23 ack=0 due=0 r=1
23:18:20  [AT] "AT+CIPSEND=24" (13)
23:18:20  [AT] " S,1845,0F,00,2235,P1,4A" (24)
23:18:20  [AT] "SEND OK" (7)
23:18:21  [TX] S,1846,0F,00,2236,P1,4A
23:18:21  [SLOT] n=1864 tx=23 ack=0 due=0 r=1
23:18:21  [AT] "AT+CIPSEND=24" (13)
23:18:21  [AT] " S,1846,0F,00,2236,P1,4A" (24)
23:18:21  [AT] "SEND OK" (7)
23:18:23  [TX] S,1847,0F,00,2238,P1,45
23:18:23  [SLOT] n=1865 tx=23 ack=0 due=0 r=1
23:18:23  [AT] "AT+CIPSEND=24" (13)
23:18:23  [AT] " S,1847,0F,00,2238,P1,45" (24)
23:18:23  [AT] "SEND OK" (7)
23:18:24  [TX] S,1848,0F,00,2239,P1,4B
23:18:24  [SLOT] n=1866 tx=23 ack=0 due=0 r=1
23:18:24  [AT] "AT+CIPSEND=24" (13)
23:18:24  [AT] " S,1848,0F,00,2239,P1,4B" (24)
23:18:24  [AT] "SEND OK" (7)
23:18:25  [TX] S,1849,0F,00,2240,P1,44
23:18:25  [SLOT] n=1867 tx=23 ack=0 due=0 r=1
23:18:25  [AT] "AT+CIPSEND=24" (13)
23:18:25  [AT] " S,1849,0F,00,2240,P1,44" (24)
23:18:25  [AT] "SEND OK" (7)
23:18:26  [TX] S,1850,0F,00,2241,P1,4D
23:18:26  [SLOT] n=1868 tx=23 ack=0 due=0 r=1
23:18:26  [AT] "AT+CIPSEND=24" (13)
23:18:26  [AT] " S,1850,0F,00,2241,P1,4D" (24)
23:18:26  [AT] "SEND OK" (7)
23:18:27  [TX] S,1851,0F,00,2242,P1,4F
23:18:27  [SLOT] n=1869 tx=23 ack=0 due=0 r=1
23:18:27  [AT] "AT+CIPSEND=24" (13)
23:18:28  [AT] " S,1851,0F,00,2242,P1,4F" (24)
23:18:28  [AT] "SEND OK" (7)
23:18:29  [TX] S,1852,0F,00,2244,P1,4A
23:18:29  [SLOT] n=1870 tx=23 ack=0 due=0 r=1
23:18:29  [AT] "AT+CIPSEND=24" (13)
23:18:29  [AT] " S,1852,0F,00,2244,P1,4A" (24)
23:18:29  [AT] "SEND OK" (7)
23:18:30  [TX] S,1853,0F,00,2245,P1,4A
23:18:30  [SLOT] n=1871 tx=23 ack=0 due=0 r=1
23:18:30  [AT] "AT+CIPSEND=24" (13)
23:18:30  [AT] " S,1853,0F,00,2245,P1,4A" (24)
23:18:30  [AT] "SEND OK" (7)
23:18:31  [TX] S,1854,0F,00,2246,P1,4E
23:18:31  [SLOT] n=1872 tx=23 ack=0 due=0 r=1
23:18:31  [AT] "AT+CIPSEND=24" (13)
23:18:31  [AT] " S,1854,0F,00,2246,P1,4E" (24)
23:18:31  [AT] "SEND OK" (7)
23:18:32  [TX] S,1855,0F,00,2247,P1,4E
23:18:32  [SLOT] n=1873 tx=23 ack=0 due=0 r=1
23:18:32  [AT] "AT+CIPSEND=24" (13)
23:18:32  [AT] " S,1855,0F,00,2247,P1,4E" (24)
23:18:32  [AT] "SEND OK" (7)
23:18:33  [TX] S,1856,0F,00,2248,P1,42
23:18:33  [SLOT] n=1874 tx=23 ack=0 due=0 r=1
23:18:33  [AT] "AT+CIPSEND=24" (13)
23:18:34  [AT] " S,1856,0F,00,2248,P1,42" (24)
23:18:34  [AT] "SEND OK" (7)
23:18:35  [TX] S,1857,0F,00,2250,P1,4A
23:18:35  [SLOT] n=1875 tx=23 ack=0 due=0 r=1
23:18:35  [AT] "AT+CIPSEND=24" (13)
23:18:35  [AT] " S,1857,0F,00,2250,P1,4A" (24)
23:18:35  [AT] "SEND OK" (7)
23:18:36  [TX] S,1858,0F,00,2251,P1,44
23:18:36  [SLOT] n=1876 tx=23 ack=0 due=0 r=1
23:18:36  [AT] "AT+CIPSEND=24" (13)
23:18:36  [AT] " S,1858,0F,00,2251,P1,44" (24)
23:18:36  [AT] "SEND OK" (7)
23:18:37  [TX] S,1859,0F,00,2252,P1,46
23:18:37  [SLOT] n=1877 tx=23 ack=0 due=0 r=1
23:18:37  [AT] "AT+CIPSEND=24" (13)
23:18:37  [AT] " S,1859,0F,00,2252,P1,46" (24)
23:18:37  [AT] "SEND OK" (7)
23:18:38  [TX] S,1860,0F,00,2253,P1,4D
23:18:38  [SLOT] n=1878 tx=23 ack=0 due=0 r=1
23:18:38  [AT] "AT+CIPSEND=24" (13)
23:18:38  [AT] " S,1860,0F,00,2253,P1,4D" (24)
23:18:38  [AT] "SEND OK" (7)
23:18:39  [TX] S,1861,0F,00,2254,P1,4B
23:18:39  [SLOT] n=1879 tx=23 ack=0 due=0 r=1
23:18:39  [AT] "AT+CIPSEND=24" (13)
23:18:39  [AT] " S,1861,0F,00,2254,P1,4B" (24)
23:18:39  [AT] "SEND OK" (7)
23:18:41  [TX] S,1862,0F,00,2256,P1,4A
23:18:41  [SLOT] n=1880 tx=23 ack=0 due=0 r=1
23:18:41  [AT] "AT+CIPSEND=24" (13)
23:18:41  [AT] " S,1862,0F,00,2256,P1,4A" (24)
23:18:41  [AT] "SEND OK" (7)
23:18:42  [TX] S,1863,0F,00,2257,P1,4A
23:18:42  [SLOT] n=1881 tx=23 ack=0 due=0 r=1
23:18:42  [AT] "AT+CIPSEND=24" (13)
23:18:42  [AT] " S,1863,0F,00,2257,P1,4A" (24)
23:18:42  [AT] "SEND OK" (7)
23:18:43  [TX] S,1864,0F,00,2258,P1,42
23:18:43  [SLOT] n=1882 tx=23 ack=0 due=0 r=1
23:18:43  [AT] "AT+CIPSEND=24" (13)
23:18:43  [AT] " S,1864,0F,00,2258,P1,42" (24)
23:18:43  [AT] "SEND OK" (7)
23:18:44  [TX] S,1865,0F,00,2259,P1,42
23:18:44  [SLOT] n=1883 tx=23 ack=0 due=0 r=1
23:18:44  [AT] "AT+CIPSEND=24" (13)
23:18:44  [AT] " S,1865,0F,00,2259,P1,42" (24)
23:18:44  [AT] "SEND OK" (7)
23:18:45  [TX] S,1866,0F,00,2260,P1,4B
23:18:45  [SLOT] n=1884 tx=23 ack=0 due=0 r=1
23:18:45  [AT] "AT+CIPSEND=24" (13)
23:18:45  [AT] " S,1866,0F,00,2260,P1,4B" (24)
23:18:45  [AT] "SEND OK" (7)
23:18:47  [TX] S,1867,0F,00,2262,P1,48
23:18:47  [SLOT] n=1885 tx=23 ack=0 due=0 r=1
23:18:47  [AT] "AT+CIPSEND=24" (13)
23:18:47  [AT] " S,1867,0F,00,2262,P1,48" (24)
23:18:47  [AT] "SEND OK" (7)
23:18:48  [TX] S,1868,0F,00,2263,P1,46
23:18:48  [SLOT] n=1886 tx=23 ack=0 due=0 r=1
23:18:48  [AT] "AT+CIPSEND=24" (13)
23:18:48  [AT] " S,1868,0F,00,2263,P1,46" (24)
23:18:48  [AT] "SEND OK" (7)
23:18:49  [TX] S,1869,0F,00,2264,P1,40
23:18:49  [SLOT] n=1887 tx=23 ack=0 due=0 r=1
23:18:49  [AT] "AT+CIPSEND=24" (13)
23:18:49  [AT] " S,1869,0F,00,2264,P1,40" (24)
23:18:49  [AT] "SEND OK" (7)
23:18:50  [TX] S,1870,0F,00,2265,P1,49
23:18:50  [SLOT] n=1888 tx=23 ack=0 due=0 r=1
23:18:50  [AT] "AT+CIPSEND=24" (13)
23:18:50  [AT] " S,1870,0F,00,2265,P1,49" (24)
23:18:50  [AT] "SEND OK" (7)
23:18:51  [TX] S,1871,0F,00,2266,P1,4B
23:18:51  [SLOT] n=1889 tx=23 ack=0 due=0 r=1
23:18:51  [AT] "AT+CIPSEND=24" (13)
23:18:51  [AT] " S,1871,0F,00,2266,P1,4B" (24)
23:18:51  [AT] "SEND OK" (7)
23:18:53  [TX] S,1872,0F,00,2268,P1,46
23:18:53  [SLOT] n=1890 tx=23 ack=0 due=0 r=1
23:18:53  [AT] "AT+CIPSEND=24" (13)
23:18:53  [AT] " S,1872,0F,00,2268,P1,46" (24)
23:18:53  [AT] "SEND OK" (7)
23:18:54  [TX] S,1873,0F,00,2269,P1,46
23:18:54  [SLOT] n=1891 tx=23 ack=0 due=0 r=1
23:18:54  [AT] "AT+CIPSEND=24" (13)
23:18:54  [AT] " S,1873,0F,00,2269,P1,46" (24)
23:18:54  [AT] "SEND OK" (7)
23:18:55  [TX] S,1874,0F,00,2270,P1,49
23:18:55  [SLOT] n=1892 tx=23 ack=0 due=0 r=1
23:18:55  [AT] "AT+CIP\xA7END=24" (13)
23:18:55  [AT] " S,1874,0F,00,2270,P1,49" (24)
23:18:55  [AT] "SEND OK" (7)
23:18:56  [TX] S,1875,0F,00,2271,P1,49
23:18:56  [SLOT] n=1893 tx=23 ack=0 due=0 r=1
23:18:56  [AT] "AT+CIPSEND=24" (13)
23:18:56  [AT] " S,1875,0F,00,2271,P1,49" (24)
23:18:56  [AT] "SEND OK" (7)
23:18:57  [TX] S,1876,0F,00,2272,P1,49
23:18:57  [SLOT] n=1894 tx=23 ack=0 due=0 r=1
23:18:57  [AT] "AT+CIPSEND=24" (13)
23:18:58  [AT] " S,1876,0F,00,2272,P1,49" (24)
23:18:58  [AT] "SEND OK" (7)
23:18:59  [TX] S,1877,0F,00,2274,P1,4E
23:18:59  [SLOT] n=1895 tx=23 ack=0 due=0 r=1
23:18:59  [AT] "AT+CIPSEND=24" (13)
23:18:59  [AT] " S,1877,0F,00,2274,P1,4E" (24)
23:18:59  [AT] "SEND OK" (7)
23:19:00  [TX] S,1878,0F,00,2275,P1,40
23:19:00  [SLOT] n=1896 tx=23 ack=0 due=0 r=1
23:19:00  [AT] "AT+CIPSEND=24" (13)
23:19:00  [AT] " S,1878,0F,00,2275,P1,40" (24)
23:19:00  [AT] "SEND OK" (7)
23:19:01  [TX] S,1879,0F,00,2276,P1,42
23:19:01  [SLOT] n=1897 tx=23 ack=0 due=0 r=1
23:19:01  [AT] "AT+CIPSEND=24" (13)
23:19:01  [AT] " S,1879,0F,00,2276,P1,42" (24)
23:19:01  [AT] "SEND OK" (7)
23:19:02  [TX] S,1880,0F,00,2277,P1,45
23:19:02  [SLOT] n=1898 tx=23 ack=0 due=0 r=1
23:19:02  [AT] "AT+CIPSEND=24" (13)
23:19:03  [AT] " S,1880,0F,00,2277,P1,45" (24)
23:19:03  [AT] "SEND OK" (7)
23:19:03  [TX] S,1881,0F,00,2278,P1,4B
23:19:03  [SLOT] n=1899 tx=23 ack=0 due=0 r=1
23:19:03  [AT] "AT+CIPSEND=24" (13)
23:19:03  [AT] " S,1881,0F,00,2278,P1,4B" (24)
23:19:03  [AT] "SEND OK" (7)
23:19:05  [TX] S,1882,0F,00,2280,P1,4F
23:19:05  [SLOT] n=1900 tx=23 ack=0 due=0 r=1
23:19:05  [CNT] up=2280 drop=0 esprst=0 hwrst=0/0 resync=0 sendfail=0 okto=1 stuck=0 ackq=0 ackdrop=0 ackstale=0 slot=1900 oow=1 smiss=3 ssovf=0 cksumng=0 okstream=1881 penddrop=0 pendfill=1883 bigfill=4 bigdrop=0 bigokst=4 oklost=0 bigoklost=0 skip=7 online=1
23:19:05  [RAM] 최저 여유 571 B · 프롬프트 재동기 0회 (서버의 '버린줄' 과 맞아야 한다)
23:19:05  [AT] "AT+CIPSEND=24" (13)
23:19:05  [AT] " S,1882,0F,00,2280,P1,4F" (24)
23:19:05  [AT] "SEND OK" (7)
23:19:06  [TX] S,1883,0F,00,2281,P1,4F
23:19:06  [SLOT] n=1901 tx=23 ack=0 due=0 r=1
23:19:06  [AT] "AT+CIPSEND=24" (13)
23:19:06  [AT] " S,1883,0F,00,2281,P1,4F" (24)
23:19:06  [AT] "SEND OK" (7)
23:19:07  [TX] S,1884,0F,00,2282,P1,4B
23:19:07  [SLOT] n=1902 tx=23 ack=0 due=0 r=1
23:19:07  [AT] "AT+CIPSEND=24" (13)
23:19:07  [AT] " S,1884,0F,00,2282,P1,4B" (24)
23:19:07  [AT] "SEND OK" (7)
23:19:08  «tap» 살아있음 — 최근 60초 rx=7958B (이 줄이 끊기면 탭이 죽은 것이다)
23:19:08  [TX] S,1885,0F,00,2283,P1,4B
23:19:08  [SLOT] n=1903 tx=23 ack=0 due=0 r=1
23:19:08  [AT] "AT+CIPSEND=24" (13)
23:19:08  [AT] " S,1885,0F,00,2283,P1,4B" (24)
23:19:08  [AT] "SEND OK" (7)
23:19:09  [TX] S,1886,0F,00,2284,P1,4F
23:19:09  [SLOT] n=1904 tx=23 ack=0 due=0 r=1
23:19:09  [AT] "AT+CIPSEND=24" (13)
23:19:09  [AT] " S,1886,0F,00,2284,P1,4F" (24)
23:19:09  [AT] "SEND OK" (7)
23:19:11  [TX] S,1887,0F,00,2286,P1,4C
23:19:11  [SLOT] n=1905 tx=23 ack=0 due=0 r=1
23:19:11  [AT] "AT+CIPSEND=24" (13)
23:19:11  [AT] " S,1887,0F,00,2286,P1,4C" (24)
23:19:11  [AT] "SEND OK" (7)
23:19:12  [TX] S,1888,0F,00,2287,P1,42
23:19:12  [SLOT] n=1906 tx=23 ack=0 due=0 r=1
23:19:12  [AT] "AT+CIPSEND=24" (13)
23:19:12  [AT] " S,1888,0F,00,2287,P1,42" (24)
23:19:12  [AT] "SEND OK" (7)
23:19:13  [TX] S,1889,0F,00,2288,P1,4C
23:19:13  [SLOT] n=1907 tx=23 ack=0 due=0 r=1
23:19:13  [AT] "AT+CIPSEND=24" (13)
23:19:13  [AT] " S,1889,0F,00,2288,P1,4C" (24)
23:19:13  [AT] "SEND OK" (7)
23:19:14  [TX] S,1890,0F,00,2289,P1,45
23:19:14  [SLOT] n=1908 tx=23 ack=0 due=0 r=1
23:19:14  [AT] "AT+CIPSEND=24" (13)
23:19:14  [AT] " S,1890,0F,00,2289,P1,45" (24)
23:19:14  [AT] "SEND OK" (7)
23:19:15  [TX] S,1891,0F,00,2290,P1,4C
23:19:15  [SLOT] n=1909 tx=23 ack=0 due=0 r=1
23:19:15  [AT] "AT+CIPSEND=24" (13)
23:19:15  [AT] " S,1891,0F,00,2290,P1,4C" (24)
23:19:15  [AT] "SEND OK" (7)
23:19:17  [TX] S,1892,0F,00,2292,P1,4D
23:19:17  [SLOT] n=1910 tx=23 ack=0 due=0 r=1
23:19:17  [AT] "AT+CIPSEND=24" (13)
23:19:17  [AT] " S,1892,0F,00,2292,P1,4D" (24)
23:19:17  [AT] "SEND OK" (7)
23:19:18  [TX] S,1893,0F,00,2293,P1,4D
23:19:18  [SLOT] n=1911 tx=23 ack=0 due=0 r=1
23:19:18  [AT] "AT+CIPSEND=24" (13)
23:19:18  [AT] " S,1893,0F,00,2293,P1,4D" (24)
23:19:18  [AT] "SEND OK" (7)
23:19:19  [TX] S,1894,0F,00,2294,P1,4D
23:19:19  [SLOT] n=1912 tx=23 ack=0 due=0 r=1
23:19:19  [AT] "AT+CIPSEND=24" (13)
23:19:19  [AT] " S,1894,0F,00,2294,P1,4D" (24)
23:19:19  [AT] "SEND OK" (7)
23:19:20  [TX] S,1895,0F,00,2295,P1,4D
23:19:20  [SLOT] n=1913 tx=23 ack=0 due=0 r=1
23:19:20  [AT] "AT+CIPSEND=24" (13)
23:19:20  [AT] " S,1895,0F,00,2295,P1,4D" (24)
23:19:20  [AT] "SEND OK" (7)
23:19:21  [TX] S,1896,0F,00,2296,P1,4D
23:19:21  [SLOT] n=1914 tx=23 ack=0 due=0 r=1
23:19:21  [AT] "AT+CIPSEND=24" (13)
23:19:21  [AT] " S,1896,0F,00,2296,P1,4D" (24)
23:19:21  [AT] "SEND OK" (7)
23:19:23  [TX] S,1897,0F,00,2298,P1,42
23:19:23  [SLOT] n=1915 tx=23 ack=0 due=0 r=1
23:19:23  [AT] "AT+CIPSEND=24" (13)
23:19:23  [AT] " S,1897,0F,00,2298,P1,42" (24)
23:19:23  [AT] "SEND OK" (7)
23:19:24  [TX] S,1898,0F,00,2299,P1,4C
23:19:24  [SLOT] n=1916 tx=23 ack=0 due=0 r=1
23:19:24  [AT] "AT+CIPSEND=24" (13)
23:19:24  [AT] " S,1898,0F,00,2299,P1,4C" (24)
23:19:24  [AT] "SEND OK" (7)
23:19:25  [TX] S,1899,0F,00,2300,P1,4C
23:19:25  [SLOT] n=1917 tx=23 ack=0 due=0 r=1
23:19:25  [AT] "AT+CIPSEND=24" (13)
23:19:25  [AT] " S,1899,0F,00,2300,P1,4C" (24)
23:19:25  [AT] "SEND OK" (7)
23:19:26  [TX] S,1900,0F,00,2301,P1,4C
23:19:26  [SLOT] n=1918 tx=23 ack=0 due=0 r=1
23:19:26  [AT] "AT+CIPSEND=24" (13)
23:19:26  [AT] " S,1900,0F,00,2301,P1,4C" (24)
23:19:26  [AT] "SEND OK" (7)
23:19:27  [TX] S,1901,0F,00,2302,P1,4E
23:19:27  [SLOT] n=1919 tx=23 ack=0 due=0 r=1
23:19:27  [AT] "AT+CIPSEND=24" (13)
23:19:27  [AT] " S,1901,0F,00,2302,P1,4E" (24)
23:19:27  [AT] "SEND OK" (7)
23:19:29  [TX] S,1902,0F,00,2304,P1,4B
23:19:29  [SLOT] n=1920 tx=23 ack=0 due=0 r=1
23:19:29  [AT] "AT+CIPSEND=24" (13)
23:19:29  [AT] " S,1902,0F,00,2304,P1,4B" (24)
23:19:29  [AT] "SEND OK" (7)
23:19:30  [TX] S,1903,0F,00,2305,P1,4B
23:19:30  [SLOT] n=1921 tx=23 ack=0 due=0 r=1
23:19:30  [AT] "AT+CIPSEND=24" (13)
23:19:30  [AT] " S,1903,0F,00,2305,P1,4B" (24)
23:19:30  [AT] "SEND OK" (7)
23:19:31  [TX] S,1904,0F,00,2306,P1,4F
23:19:31  [SLOT] n=1922 tx=23 ack=0 due=0 r=1
23:19:31  [AT] "AT+CIPSEND=24" (13)
23:19:31  [AT] " S,1904,0F,00,2306,P1,4F" (24)
23:19:31  [AT] "SEND OK" (7)
23:19:32  [TX] S,1905,0F,00,2307,P1,4F
23:19:32  [SLOT] n=1923 tx=23 ack=0 due=0 r=1
23:19:32  [AT] "AT+CIPSEND=24" (13)
23:19:32  [AT] " S,1905,0F,00,2307,P1,4F" (24)
23:19:32  [AT] "SEND OK" (7)
23:19:33  [TX] S,1906,0F,00,2308,P1,43
23:19:33  [SLOT] n=1924 tx=23 ack=0 due=0 r=1
23:19:33  [AT] "AT+CIPSEND=24" (13)
23:19:33  [AT] " S,1906,0F,00,2308,P1,43" (24)
23:19:33  [AT] "SEND OK" (7)
23:19:35  [TX] S,1907,0F,00,2310,P1,4B
23:19:35  [SLOT] n=1925 tx=23 ack=0 due=0 r=1
23:19:35  [AT] "AT+CIPSEND=24" (13)
23:19:35  [AT] " S,1907,0F,00,2310,P1,4B" (24)
23:19:35  [AT] "SEND OK" (7)
23:19:36  [TX] S,1908,0F,00,2311,P1,45
23:19:36  [SLOT] n=1926 tx=23 ack=0 due=0 r=1
23:19:36  [AT] "AT+CIPSEND=24" (13)
23:19:36  [AT] " S,1908,0F,00,2311,P1,45" (24)
23:19:36  [AT] "SEND OK" (7)
23:19:37  [TX] S,1909,0F,00,2312,P1,47
23:19:37  [SLOT] n=1927 tx=23 ack=0 due=0 r=1
23:19:37  [AT] "AT+CIPSEND=24" (13)
23:19:37  [AT] " S,1909,0F,00,2312,P1,47" (24)
23:19:37  [AT] "SEND OK" (7)
23:19:38  [TX] S,1910,0F,00,2313,P1,4E
23:19:38  [SLOT] n=1928 tx=23 ack=0 due=0 r=1
23:19:38  [AT] "AT+CIPSEND=24" (13)
23:19:38  [AT] " S,1910,0F,00,2313,P1,4E" (24)
23:19:38  [AT] "SEND OK" (7)
23:19:39  [TX] S,1911,0F,00,2314,P1,48
23:19:39  [SLOT] n=1929 tx=23 ack=0 due=0 r=1
23:19:39  [AT] "AT+CIPSEND=24" (13)
23:19:39  [AT] " S,1911,0F,00,2314,P1,48" (24)
23:19:39  [AT] "SEND OK" (7)
23:19:41  [TX] S,1912,0F,00,2316,P1,49
23:19:41  [SLOT] n=1930 tx=23 ack=0 due=0 r=1
23:19:41  [AT] "AT+CIPSEND=24" (13)
23:19:41  [AT] " S,1912,0F,00,2316,P1,49" (24)
23:19:41  [AT] "SEND OK" (7)
23:19:42  [TX] S,1913,0F,00,2317,P1,49
23:19:42  [SLOT] n=1931 tx=23 ack=0 due=0 r=1
23:19:42  [AT] "AT+CIPSEND=24" (13)
23:19:42  [AT] " S,1913,0F,00,2317,P1,49" (24)
23:19:42  [AT] "SEND OK" (7)
23:19:43  [TX] S,1914,0F,00,2318,P1,41
23:19:43  [SLOT] n=1932 tx=23 ack=0 due=0 r=1
23:19:43  [AT] "AT+CIPSEND=24" (13)
23:19:43  [AT] " S,1914,0F,00,2318,P1,41" (24)
23:19:43  [AT] "SEND OK" (7)
23:19:44  [TX] S,1915,0F,00,2319,P1,41
23:19:44  [SLOT] n=1933 tx=23 ack=0 due=0 r=1
23:19:44  [AT] "AT+CIPSEND=24" (13)
23:19:44  [AT] " S,1915,0F,00,2319,P1,41" (24)
23:19:44  [AT] "SEND OK" (7)
23:19:45  [TX] S,1916,0F,00,2320,P1,48
23:19:45  [SLOT] n=1934 tx=23 ack=0 due=0 r=1
23:19:45  [AT] "AT+CIPSEND=24" (13)
23:19:46  [AT] " S,1916,0F,00,2320,P1,48" (24)
23:19:46  [AT] "SEND OK" (7)
23:19:46  [TX] S,1917,0F,00,2322,P1,4B
23:19:46  [SLOT] n=1935 tx=23 ack=0 due=0 r=1
23:19:46  [AT] "AT+CIPSEND=24" (13)
23:19:47  [AT] " S,1917,0F,00,2322,P1,4B" (24)
23:19:47  [AT] "SEND OK" (7)
23:19:48  [TX] S,1918,0F,00,2323,P1,45
23:19:48  [SLOT] n=1936 tx=23 ack=0 due=0 r=1
23:19:48  [AT] "AT+CIPSEND=24" (13)
23:19:48  [AT] " S,1918,0F,00,2323,P1,45" (24)
23:19:48  [AT] "SEND OK" (7)
23:19:49  [TX] S,1919,0F,00,2324,P1,43
23:19:49  [SLOT] n=1937 tx=23 ack=0 due=0 r=1
23:19:49  [AT] "AT+CIPSEND=24" (13)
23:19:49  [AT] " S,1919,0F,00,2324,P1,43" (24)
23:19:49  [AT] "SEND OK" (7)
23:19:50  [TX] S,1920,0F,00,2325,P1,48
23:19:50  [SLOT] n=1938 tx=23 ack=0 due=0 r=1
23:19:50  [AT] "AT+CIPSEND=24" (13)
23:19:50  [AT] " S,1920,0F,00,2325,P1,48" (24)
23:19:50  [AT] "SEND OK" (7)
23:19:51  [TX] S,1921,0F,00,2326,P1,4A
23:19:51  [SLOT] n=1939 tx=23 ack=0 due=0 r=1
23:19:51  [AT] "AT+CIPSEND=24" (13)
23:19:51  [AT] " S,1921,0F,00,2326,P1,4A" (24)
23:19:51  [AT] "SEND OK" (7)
23:19:52  [TX] S,1922,0F,00,2328,P1,47
23:19:52  [SLOT] n=1940 tx=23 ack=0 due=0 r=1
23:19:52  [AT] "AT+CIPSEND=24" (13)
23:19:53  [AT] " S,1922,0F,00,2328,P1,47" (24)
23:19:53  [AT] "SEND OK" (7)
23:19:54  [TX] S,1923,0F,00,2329,P1,47
23:19:54  [SLOT] n=1941 tx=23 ack=0 due=0 r=1
23:19:54  [AT] "AT+CIPSEND=24" (13)
23:19:54  [AT] " S,1923,0F,00,2329,P1,47" (24)
23:19:54  [AT] "SEND OK" (7)
23:19:55  [TX] S,1924,0F,00,2330,P1,48
23:19:55  [SLOT] n=1942 tx=23 ack=0 due=0 r=1
23:19:55  [AT] "AT+CIPSEND=24" (13)
23:19:55  [AT] " S,1924,0F,00,2330,P1,48" (24)
23:19:55  [AT] "SEND OK" (7)
23:19:56  [TX] S,1925,0F,00,2331,P1,48
23:19:56  [SLOT] n=1943 tx=23 ack=0 due=0 r=1
23:19:56  [AT] "AT+CIPSEND=24" (13)
23:19:56  [AT] " S,1925,0F,00,2331,P1,48" (24)
23:19:56  [AT] "SEND OK" (7)
23:19:57  [TX] S,1926,0F,00,2332,P1,48
23:19:57  [SLOT] n=1944 tx=23 ack=0 due=0 r=1
23:19:57  [AT] "AT+CIPSEND=24" (13)
23:19:57  [AT] " S,1926,0F,00,2332,P1,48" (24)
23:19:57  [AT] "SEND OK" (7)
23:19:58  [TX] S,1927,0F,00,2334,P1,4F
23:19:58  [SLOT] n=1945 tx=23 ack=0 due=0 r=1
23:19:58  [AT] "AT+CIPSEND=24" (13)
23:19:59  [AT] " S,1927,0F,00,2334,P1,4F" (24)
23:19:59  [AT] "SEND OK" (7)
23:20:00  [TX] S,1928,0F,00,2335,P1,41
23:20:00  [SLOT] n=1946 tx=23 ack=0 due=0 r=1
23:20:00  [AT] "AT+CIPSEND=24" (13)
23:20:00  [AT] " S,1928,0F,00,2335,P1,41" (24)
23:20:00  [AT] "SEND OK" (7)
23:20:01  [TX] S,1929,0F,00,2336,P1,43
23:20:01  [SLOT] n=1947 tx=23 ack=0 due=0 r=1
23:20:01  [AT] "AT+CIPSEND=24" (13)
23:20:01  [AT] " S,1929,0F,00,2336,P1,43" (24)
23:20:01  [AT] "SEND OK" (7)
23:20:02  [TX] S,1930,0F,00,2337,P1,4A
23:20:02  [SLOT] n=1948 tx=23 ack=0 due=0 r=1
23:20:02  [AT] "AT+CIPSEND=24" (13)
23:20:02  [AT] " S,1930,0F,00,2337,P1,4A" (24)
23:20:02  [AT] "SEND OK" (7)
23:20:03  [TX] S,1931,0F,00,2338,P1,44
23:20:03  [SLOT] n=1949 tx=23 ack=0 due=0 r=1
23:20:03  [AT] "AT+CIPSEND=24" (13)
23:20:03  [AT] " S,1931,0F,00,2338,P1,44" (24)
23:20:03  [AT] "SEND OK" (7)
23:20:04  [TX] S,1932,0F,00,2340,P1,48
23:20:04  [SLOT] n=1950 tx=23 ack=0 due=0 r=1
23:20:04  [CNT] up=2340 drop=0 esprst=0 hwrst=0/0 resync=0 sendfail=0 okto=1 stuck=0 ackq=0 ackdrop=0 ackstale=0 slot=1950 oow=1 smiss=3 ssovf=0 cksumng=0 okstream=1931 penddrop=0 pendfill=1933 bigfill=4 bigdrop=0 bigokst=4 oklost=0 bigoklost=0 skip=7 online=1
23:20:05  [RAM] 최저 여유 571 B · 프롬프트 재동기 0회 (서버의 '버린줄' 과 맞아야 한다)
23:20:05  [AT] "AT+CIPSEND=24" (13)
23:20:05  [AT] " S,1932,0F,00,2340,P1,48" (24)
23:20:05  [AT] "SEND OK" (7)
23:20:06  [TX] S,1933,0F,00,2341,P1,48
23:20:06  [SLOT] n=1951 tx=23 ack=0 due=0 r=1
23:20:06  [AT] "AT+CIPSEND=24" (13)
23:20:06  [AT] " S,1933,0F,00,2341,P1,48" (24)
23:20:06  [AT] "SEND OK" (7)
23:20:07  [TX] S,1934,0F,00,2342,P1,4C
23:20:07  [SLOT] n=1952 tx=23 ack=0 due=0 r=1
23:20:07  [AT] "AT+CIPSEND=24" (13)
23:20:07  [AT] " S,1934,0F,00,2342,P1,4C" (24)
23:20:07  [AT] "SEND OK" (7)
23:20:08  «tap» 살아있음 — 최근 60초 rx=7955B (이 줄이 끊기면 탭이 죽은 것이다)
23:20:08  [TX] S,1935,0F,00,2343,P1,4C
23:20:08  [SLOT] n=1953 tx=23 ack=0 due=0 r=1
23:20:08  [AT] "AT+CIPSEND=24" (13)
23:20:08  [AT] " S,1935,0F,00,2343,P1,4C" (24)
23:20:08  [AT] "SEND OK" (7)
23:20:09  [TX] S,1936,0F,00,2344,P1,48
23:20:09  [SLOT] n=1954 tx=23 ack=0 due=0 r=1
23:20:09  [AT] "AT+CIPSEND=24" (13)
23:20:09  [AT] " S,1936,0F,00,2344,P1,48" (24)
23:20:09  [AT] "SEND OK" (7)
23:20:10  [TX] S,1937,0F,00,2346,P1,4B
23:20:10  [SLOT] n=1955 tx=23 ack=0 due=0 r=1
23:20:10  [AT] "AT+CIPSEND=24" (13)
23:20:10  [AT] " S,1937,0F,00,2346,P1,4B" (24)
23:20:10  [AT] "SEND OK" (7)
23:20:12  [TX] S,1938,0F,00,2347,P1,45
23:20:12  [SLOT] n=1956 tx=23 ack=0 due=0 r=1
23:20:12  [AT] "AT+CIPSEND=24" (13)
23:20:12  [AT] " S,1938,0F,00,2347,P1,45" (24)
23:20:12  [AT] "SEND OK" (7)
23:20:13  [TX] S,1939,0F,00,2348,P1,4B
23:20:13  [SLOT] n=1957 tx=23 ack=0 due=0 r=1
23:20:13  [AT] "AT+CIPSEND=24" (13)
23:20:13  [AT] " S,1939,0F,00,2348,P1,4B" (24)
23:20:13  [AT] "SEND OK" (7)
23:20:14  [TX] S,1940,0F,00,2349,P1,44
23:20:14  [SLOT] n=1958 tx=23 ack=0 due=0 r=1
23:20:14  [AT] "AT+CIPSEND=24" (13)
23:20:14  [AT] " S,1940,0F,00,2349,P1,44" (24)
23:20:14  [AT] "SEND OK" (7)
23:20:15  [TX] S,1941,0F,00,2350,P1,4D
23:20:15  [SLOT] n=1959 tx=23 ack=0 due=0 r=1
23:20:15  [AT] "AT+CIPSEND=24" (13)
23:20:15  [AT] " S,1941,0F,00,2350,P1,4D" (24)
23:20:15  [AT] "SEND OK" (7)
23:20:16  [TX] S,1942,0F,00,2352,P1,4C
23:20:16  [SLOT] n=1960 tx=23 ack=0 due=0 r=1
23:20:16  [AT] "AT+CIPSEND=24" (13)
23:20:16  [AT] " S,1942,0F,00,2352,P1,4C" (24)
23:20:16  [AT] "SEND OK" (7)
23:20:18  [TX] S,1943,0F,00,2353,P1,4C
23:20:18  [SLOT] n=1961 tx=23 ack=0 due=0 r=1
23:20:18  [AT] "AT+CIPSEND=24" (13)
23:20:18  [AT] " S,1943,0F,00,2353,P1,4C" (24)
23:20:18  [AT] "SEND OK" (7)
23:20:19  [TX] S,1944,0F,00,2354,P1,4C
23:20:19  [SLOT] n=1962 tx=23 ack=0 due=0 r=1
23:20:19  [AT] "AT+CIPSEND=24" (13)
23:20:19  [AT] " S,1944,0F,00,2354,P1,4C" (24)
23:20:19  [AT] "SEND OK" (7)
23:20:20  [TX] S,1945,0F,00,2355,P1,4C
23:20:20  [SLOT] n=1963 tx=23 ack=0 due=0 r=1
23:20:20  [AT] "AT+CIPSEND=24" (13)
23:20:20  [AT] " S,1945,0F,00,2355,P1,4C" (24)
23:20:20  [AT] "SEND OK" (7)
23:20:21  [TX] S,1946,0F,00,2356,P1,4C
23:20:21  [SLOT] n=1964 tx=23 ack=0 due=0 r=1
23:20:21  [AT] "ATWCIPSEND=24" (13)
23:20:21  [AT] " S,1946,0F,00,2356,P1,4C" (24)
23:20:21  [AT] "SEND OK" (7)
23:20:22  [TX] S,1947,0F,00,2358,P1,43
23:20:22  [SLOT] n=1965 tx=23 ack=0 due=0 r=1
23:20:22  [AT] "AT+CIPSEND=24" (13)
23:20:23  [AT] " S,1947,0F,00,2358,P1,43" (24)
23:20:23  [AT] "SEND OK" (7)
23:20:24  [TX] S,1948,0F,00,2359,P1,4D
23:20:24  [SLOT] n=1966 tx=23 ack=0 due=0 r=1
23:20:24  [AT] "AT+CIPSEND=24" (13)
23:20:24  [AT] " S,1948,0F,00,2359,P1,4D" (24)
23:20:24  [AT] "SEND OK" (7)
23:20:25  [TX] S,1949,0F,00,2360,P1,46
23:20:25  [SLOT] n=1967 tx=23 ack=0 due=0 r=1
23:20:25  [AT] "AT+CIPSEND=24" (13)
23:20:25  [AT] " S,1949,0F,00,2360,P1,46" (24)
23:20:25  [AT] "SEND OK" (7)
23:20:26  [TX] S,1950,0F,00,2361,P1,4F
23:20:26  [SLOT] n=1968 tx=23 ack=0 due=0 r=1
23:20:26  [AT] "AT+CIPSEND=24" (13)
23:20:26  [AT] " S,1950,0F,00,2361,P1,4F" (24)
23:20:26  [AT] "SEND OK" (7)
23:20:27  [TX] S,1951,0F,00,2362,P1,4D
23:20:27  [SLOT] n=1969 tx=23 ack=0 due=0 r=1
23:20:27  [AT] "AT+CIPSEND=24" (13)
23:20:27  [AT] " S,1951,0F,00,2362,P1,4D" (24)
23:20:27  [AT] "SEND OK" (7)
23:20:28  [TX] S,1952,0F,00,2364,P1,48
23:20:28  [SLOT] n=1970 tx=23 ack=0 due=0 r=1
23:20:28  [AT] "AT+CIPSEND=24" (13)
23:20:29  [AT] " S,1952,0F,00,2364,P1,48" (24)
23:20:29  [AT] "SEND OK" (7)
23:20:30  [TX] S,1953,0F,00,2365,P1,48
23:20:30  [SLOT] n=1971 tx=23 ack=0 due=0 r=1
23:20:30  [AT] "AT+CIPSEND=24" (13)
23:20:30  [AT] " S,1953,0F,00,2365,P1,48" (24)
23:20:30  [AT] "SEND OK" (7)
23:20:31  [TX] S,1954,0F,00,2366,P1,4C
23:20:31  [SLOT] n=1972 tx=23 ack=0 due=0 r=1
23:20:31  [AT] "AT+CIPSEND=24" (13)
23:20:31  [AT] " S,1954,0F,00,2366,P1,4C" (24)
23:20:31  [AT] "SEND OK" (7)
23:20:32  [TX] S,1955,0F,00,2367,P1,4C
23:20:32  [SLOT] n=1973 tx=23 ack=0 due=0 r=1
23:20:32  [AT] "AT+CIPSEND=24" (13)
23:20:32  [AT] " S,1955,0F,00,2367,P1,4C" (24)
23:20:32  [AT] "SEND OK" (7)
23:20:33  [TX] S,1956,0F,00,2368,P1,40
23:20:33  [SLOT] n=1974 tx=23 ack=0 due=0 r=1
23:20:33  [AT] "AT+CIPSEND=24" (13)
23:20:33  [AT] " S,1956,0F,00,2368,P1,40" (24)
23:20:33  [AT] "SEND OK" (7)
23:20:34  [TX] S,1957,0F,00,2370,P1,48
23:20:34  [SLOT] n=1975 tx=23 ack=0 due=0 r=1
23:20:34  [AT] "AT+CIPSEND=24" (13)
23:20:34  [AT] " S,1957,0F,00,2370,P1,48" (24)
23:20:34  [AT] "SEND OK" (7)
23:20:36  [TX] S,1958,0F,00,2371,P1,46
23:20:36  [SLOT] n=1976 tx=23 ack=0 due=0 r=1
23:20:36  [AT] "AT+CIPSEND=24" (13)
23:20:36  [AT] " S,1958,0F,00,2371,P1,46" (24)
23:20:36  [AT] "SEND OK" (7)
23:20:37  [TX] S,1959,0F,00,2372,P1,44
23:20:37  [SLOT] n=1977 tx=23 ack=0 due=0 r=1
23:20:37  [AT] "AT+CIPSEND=24" (13)
23:20:37  [AT] " S,1959,0F,00,2372,P1,44" (24)
23:20:37  [AT] "SEND OK" (7)
23:20:38  [TX] S,1960,0F,00,2373,P1,4F
23:20:38  [SLOT] n=1978 tx=23 ack=0 due=0 r=1
23:20:38  [AT] "AT+CIPSEND=24" (13)
23:20:38  [AT] " S,1960,0F,00,2373,P1,4F" (24)
23:20:38  [AT] "SEND OK" (7)
23:20:39  [TX] S,1961,0F,00,2374,P1,49
23:20:39  [SLOT] n=1979 tx=23 ack=0 due=0 r=1
23:20:39  [AT] "AT+CIPSEND=24" (13)
23:20:40  [AT] " S,1961,0F,00,2374,P1,49" (24)
23:20:40  [AT] "SEND OK" (7)
23:20:40  [TX] S,1962,0F,00,2376,P1,48
23:20:40  [SLOT] n=1980 tx=23 ack=0 due=0 r=1
23:20:40  [AT] "AT+CIPSEND=24" (13)
23:20:40  [AT] " S,1962,0F,00,2376,P1,48" (24)
23:20:40  [AT] "SEND OK" (7)
23:20:42  [TX] S,1963,0F,00,2377,P1,48
23:20:42  [SLOT] n=1981 tx=23 ack=0 due=0 r=1
23:20:42  [AT] "AT+CIPSEND=24" (13)
23:20:42  [AT] " S,1963,0F,00,2377,P1,48" (24)
23:20:42  [AT] "SEND OK" (7)
23:20:43  [TX] S,1964,0F,00,2378,P1,40
23:20:43  [SLOT] n=1982 tx=23 ack=0 due=0 r=1
23:20:43  [AT] "AT+CIPSEND=24" (13)
23:20:43  [AT] " S,1964,0F,00,2378,P1,40" (24)
23:20:43  [AT] "SEND OK" (7)
23:20:44  [TX] S,1965,0F,00,2379,P1,40
23:20:44  [SLOT] n=1983 tx=23 ack=0 due=0 r=1
23:20:44  [AT] "AT+CIPSEND=24" (13)
23:20:44  [AT] " S,1965,0F,00,2379,P1,40" (24)
23:20:44  [AT] "SEND OK" (7)
23:20:45  [TX] S,1966,0F,00,2380,P1,45
23:20:45  [SLOT] n=1984 tx=23 ack=0 due=0 r=1
23:20:45  [AT] "AT+CIPSEND=24" (13)
23:20:45  [AT] " S,1966,0F,00,2380,P1,45" (24)
23:20:45  [AT] "SEND OK" (7)
23:20:46  [TX] S,1967,0F,00,2382,P1,46
23:20:46  [SLOT] n=1985 tx=23 ack=0 due=0 r=1
23:20:46  [AT] "AT+CIPSEND=24" (13)
23:20:47  [AT] " S,1967,0F,00,2382,P1,46" (24)
23:20:47  [AT] "SEND OK" (7)
23:20:48  [TX] S,1968,0F,00,2383,P1,48
23:20:48  [SLOT] n=1986 tx=23 ack=0 due=0 r=1
23:20:48  [AT] "AT+CIPSEND=24" (13)
23:20:48  [AT] " S,1968,0F,00,2383,P1,48" (24)
23:20:48  [AT] "SEND OK" (7)
23:20:49  [TX] S,1969,0F,00,2384,P1,4E
23:20:49  [SLOT] n=1987 tx=23 ack=0 due=0 r=1
23:20:49  [AT] "AT+CIPSEND=24" (13)
23:20:49  [AT] " S,1969,0F,00,2384,P1,4E" (24)
23:20:49  [AT] "SEND OK" (7)
23:20:50  [TX] S,1970,0F,00,2385,P1,47
23:20:50  [SLOT] n=1988 tx=23 ack=0 due=0 r=1
23:20:50  [AT] "AT+CIPSEND=24" (13)
23:20:50  [AT] " S,1970,0F,00,2385,P1,47" (24)
23:20:50  [AT] "SEND OK" (7)
23:20:51  [TX] S,1971,0F,00,2386,P1,45
23:20:51  [SLOT] n=1989 tx=23 ack=0 due=0 r=1
23:20:51  [AT] "AT+CIPSEND=24" (13)
23:20:51  [AT] " S,1971,0F,00,2386,P1,45" (24)
23:20:51  [AT] "SEND OK" (7)
23:20:52  [TX] S,1972,0F,00,2388,P1,48
23:20:52  [SLOT] n=1990 tx=23 ack=0 due=0 r=1
23:20:52  [AT] "AT+CIPSEND=24" (13)
23:20:53  [AT] " S,1972,0F,00,2388,P1,48" (24)
23:20:53  [AT] "SEND OK" (7)
23:20:54  [TX] S,1973,0F,00,2389,P1,48
23:20:54  [SLOT] n=1991 tx=23 ack=0 due=0 r=1
23:20:54  [AT] "AT+CIPSEND=24" (13)
23:20:54  [AT] " S,1973,0F,00,2389,P1,48" (24)
23:20:54  [AT] "SEND OK" (7)
23:20:55  [TX] S,1974,0F,00,2390,P1,47
23:20:55  [SLOT] n=1992 tx=23 ack=0 due=0 r=1
23:20:55  [AT] "AT+CIPSEND=24" (13)
23:20:55  [AT] " S,1974,0F,00,2390,P1,47" (24)
23:20:55  [AT] "SEND OK" (7)
23:20:56  [TX] S,1975,0F,00,2391,P1,47
23:20:56  [SLOT] n=1993 tx=23 ack=0 due=0 r=1
23:20:56  [AT] "AT+CIPSEND=24" (13)
23:20:56  [AT] " S,1975,0F,00,2391,P1,47" (24)
23:20:56  [AT] "SEND OK" (7)
23:20:57  [TX] S,1976,0F,00,2392,P1,47
23:20:57  [SLOT] n=1994 tx=23 ack=0 due=0 r=1
23:20:57  [AT] "AT+CIPSEND=24" (13)
23:20:57  [AT] " S,1976,0F,00,2392,P1,47" (24)
23:20:57  [AT] "SEND OK" (7)
23:20:58  [TX] S,1977,0F,00,2394,P1,40
23:20:58  [SLOT] n=1995 tx=23 ack=0 due=0 r=1
23:20:58  [AT] "AT+CIPSEND=24" (13)
23:20:59  [AT] " S,1977,0F,00,2394,P1,40" (24)
23:20:59  [AT] "SEND OK" (7)
23:21:00  [TX] S,1978,0F,00,2395,P1,4E
23:21:00  [SLOT] n=1996 tx=23 ack=0 due=0 r=1
23:21:00  [AT] "AT+CIPSEND=24" (13)
23:21:00  [AT] " S,1978,0F,00,2395,P1,4E" (24)
23:21:00  [AT] "SEND OK" (7)
23:21:01  [TX] S,1979,0F,00,2396,P1,4C
23:21:01  [SLOT] n=1997 tx=23 ack=0 due=0 r=1
23:21:01  [AT] "AT+CIPSEND=24" (13)
23:21:01  [AT] " S,1979,0F,00,2396,P1,4C" (24)
23:21:01  [AT] "SEND OK" (7)
23:21:02  [TX] S,1980,0F,00,2397,P1,4B
23:21:02  [SLOT] n=1998 tx=23 ack=0 due=0 r=1
23:21:02  [AT] "AT+CIPSEND=24" (13)
23:21:02  [AT] " S,1980,0F,00,2397,P1,4B" (24)
23:21:02  [AT] "SEND OK" (7)
23:21:03  [TX] S,1981,0F,00,2398,P1,45
23:21:03  [SLOT] n=1999 tx=23 ack=0 due=0 r=1
23:21:03  [AT] "AT+CIPSEND=24" (13)
23:21:03  [AT] " S,1981,0F,00,2398,P1,45" (24)
23:21:03  [AT] "SEND OK" (7)
23:21:04  [TX] S,1982,0F,00,2400,P1,40
23:21:04  [SLOT] n=2000 tx=23 ack=0 due=0 r=1
23:21:04  [CNT] up=2400 drop=0 esprst=0 hwrst=0/0 resync=0 sendfail=0 okto=1 stuck=0 ackq=0 ackdrop=0 ackstale=0 slot=2000 oow=1 smiss=3 ssovf=0 cksumng=0 okstream=1981 penddrop=0 pendfill=1983 bigfill=4 bigdrop=0 bigokst=4 oklost=0 bigoklost=0 skip=7 online=1
23:21:04  [RAM] 최저 여유 571 B · 프롬프트 재동기 0회 (서버의 '버린줄' 과 맞아야 한다)
23:21:04  [AT] " S,1982,0F,00,2400,P1,40" (24)
23:21:04  [AT] "SEND OK" (7)
23:21:04  [AT] "AT+CIPSEND=24" (13)
23:21:06  [TX] S,1983,0F,00,2401,P1,40
23:21:06  [SLOT] n=2001 tx=23 ack=0 due=0 r=1
23:21:06  [AT] "AT+CIPSEND=24" (13)
23:21:06  [AT] " S,1983,0F,00,2401,P1,40" (24)
23:21:06  [AT] "SEND OK" (7)
23:21:07  [TX] S,1984,0F,00,2402,P1,44
23:21:07  [SLOT] n=2002 tx=23 ack=0 due=0 r=1
23:21:07  [AT] "AT+CIPSEND=24" (13)
23:21:07  [AT] " S,1984,0F,00,2402,P1,44" (24)
23:21:07  [AT] "SEND OK" (7)
23:21:08  «tap» 살아있음 — 최근 60초 rx=7955B (이 줄이 끊기면 탭이 죽은 것이다)
23:21:08  [TX] S,1985,0F,00,2403,P1,44
23:21:08  [SLOT] n=2003 tx=23 ack=0 due=0 r=1
23:21:08  [AT] "AT+CIPSEND=24" (13)
23:21:08  [AT] " S,1985,0F,00,2403,P1,44" (24)
23:21:08  [AT] "SEND OK" (7)
23:21:09  [TX] S,1986,0F,00,2404,P1,40
23:21:09  [SLOT] n=2004 tx=23 ack=0 due=0 r=1
23:21:09  [AT] "AT+CIPSEND=24" (13)
23:21:09  [AT] " S,1986,0F,00,2404,P1,40" (24)
23:21:09  [AT] "SEND OK" (7)
23:21:10  [TX] S,1987,0F,00,2406,P1,43
23:21:10  [SLOT] n=2005 tx=23 ack=0 due=0 r=1
23:21:10  [AT] "AT+CIPSEND=24" (13)
23:21:10  [AT] " S,1987,0F,00,2406,P1,43" (24)
23:21:10  [AT] "SEND OK" (7)
23:21:12  [TX] S,1988,0F,00,2407,P1,4D
23:21:12  [SLOT] n=2006 tx=23 ack=0 due=0 r=1
23:21:12  [AT] "AT+CIPSEND=24" (13)
23:21:12  [AT] " S,1988,0F,00,2407,P1,4D" (24)
23:21:12  [AT] "SEND OK" (7)
23:21:13  [TX] S,1989,0F,00,2408,P1,43
23:21:13  [SLOT] n=2007 tx=23 ack=0 due=0 r=1
23:21:13  [AT] "AT+CIPSEND=24" (13)
23:21:13  [AT] " S,1989,0F,00,2408,P1,43" (24)
23:21:13  [AT] "SEND OK" (7)
23:21:14  [TX] S,1990,0F,00,2409,P1,4A
23:21:14  [SLOT] n=2008 tx=23 ack=0 due=0 r=1
23:21:14  [AT] "AT+CIPSEND=24" (13)
23:21:14  [AT] " S,1990,0F,00,2409,P1,4A" (24)
23:21:14  [AT] "SEND OK" (7)
23:21:15  [TX] S,1991,0F,00,2410,P1,43
23:21:15  [SLOT] n=2009 tx=23 ack=0 due=0 r=1
23:21:15  [AT] "AT+CIPSEND=24" (13)
23:21:15  [AT] " S,1991,0F,00,2410,P1,43" (24)
23:21:15  [AT] "SEND OK" (7)
23:21:16  [TX] S,1992,0F,00,2412,P1,42
23:21:16  [SLOT] n=2010 tx=23 ack=0 due=0 r=1
23:21:16  [AT] "AT+CIPSEND=24" (13)
23:21:17  [AT] " S,1992,0F,00,2412,P1,42" (24)
23:21:17  [AT] "SEND OK" (7)
23:21:18  [TX] S,1993,0F,00,2413,P1,42
23:21:18  [SLOT] n=2011 tx=23 ack=0 due=0 r=1
23:21:18  [AT] "AT+CIPSEND=24" (13)
23:21:18  [AT] " S,1993,0F,00,2413,P1,42" (24)
23:21:18  [AT] "SEND OK" (7)
23:21:19  [TX] S,1994,0F,00,2414,P1,42
23:21:19  [SLOT] n=2012 tx=23 ack=0 due=0 r=1
23:21:19  [AT] "AT+CIPSEND=24" (13)
23:21:19  [AT] " S,1994,0F,00,2414,P1,42" (24)
23:21:19  [AT] "SEND OK" (7)
23:21:20  [TX] S,1995,0F,00,2415,P1,42
23:21:20  [SLOT] n=2013 tx=23 ack=0 due=0 r=1
23:21:20  [AT] "AT+CIPSEND=24" (13)
23:21:20  [AT] " S,1995,0F,00,2415,P1,42" (24)
23:21:20  [AT] "SEND OK" (7)
23:21:21  [TX] S,1996,0F,00,2416,P1,42
23:21:21  [SLOT] n=2014 tx=23 ack=0 due=0 r=1
23:21:21  [AT] "AT+CIPSEND=24" (13)
23:21:21  [AT] " S,1996,0F,00,2416,P1,42" (24)
23:21:21  [AT] "SEND OK" (7)
23:21:22  [TX] S,1997,0F,00,2418,P1,4D
23:21:22  [SLOT] n=2015 tx=23 ack=0 due=0 r=1
23:21:22  [AT] "AT+CIPSEND=24" (13)
23:21:22  [AT] " S,1997,0F,00,2418,P1,4D" (24)
23:21:22  [AT] "SEND OK" (7)
23:21:24  [TX] S,1998,0F,00,2419,P1,43
23:21:24  [SLOT] n=2016 tx=23 ack=0 due=0 r=1
23:21:24  [AT] "AT+CIPSEND=24" (13)
23:21:24  [AT] " S,1998,0F,00,2419,P1,43" (24)
23:21:24  [AT] "SEND OK" (7)
23:21:25  [TX] S,1999,0F,00,2420,P1,48
23:21:25  [SLOT] n=2017 tx=23 ack=0 due=0 r=1
23:21:25  [AT] "AT+CIPSEND=24" (13)
23:21:25  [AT] " S,1999,0F,00,2420,P1,48" (24)
23:21:25  [AT] "SEND OK" (7)
23:21:26  [TX] S,2000,0F,00,2421,P1,43
23:21:26  [SLOT] n=2018 tx=23 ack=0 due=0 r=1
23:21:26  [AT] "AT+CIPSEND=24" (13)
23:21:26  [AT] " S,2000,0F,00,2421,P1,43" (24)
23:21:26  [AT] "SEND OK" (7)
23:21:27  [TX] S,2001,0F,00,2422,P1,41
23:21:27  [SLOT] n=2019 tx=23 ack=0 due=0 r=1
23:21:27  [AT] "AT+CIPSEND=24" (13)
23:21:27  [AT] " S,2001,0F,00,2422,P1,41" (24)
23:21:27  [AT] "SEND OK" (7)
23:21:28  [TX] S,2002,0F,00,2424,P1,44
23:21:28  [SLOT] n=2020 tx=23 ack=0 due=0 r=1
23:21:28  [AT] "AT+CIPSEND=24" (13)
23:21:28  [AT] " S,2002,0F,00,2424,P1,44" (24)
23:21:28  [AT] "SEND OK" (7)
23:21:30  [TX] S,2003,0F,00,2425,P1,44
23:21:30  [SLOT] n=2021 tx=23 ack=0 due=0 r=1
23:21:30  [AT] "AT+CIPSEND=24" (13)
23:21:30  [AT] " S,2003,0F,00,2425,P1,44" (24)
23:21:30  [AT] "SEND OK" (7)
23:21:31  [TX] S,2004,0F,00,2426,P1,40
23:21:31  [SLOT] n=2022 tx=23 ack=0 due=0 r=1
23:21:31  [AT] "AT+CIPSEND=24" (13)
23:21:31  [AT] " S,2004,0F,00,2426,P1,40" (24)
23:21:31  [AT] "SEND OK" (7)
23:21:32  [TX] S,2005,0F,00,2427,P1,40
23:21:32  [SLOT] n=2023 tx=23 ack=0 due=0 r=1
23:21:32  [AT] "AT+CIPSEND=24" (13)
23:21:32  [AT] " S,2005,0F,00,2427,P1,40" (24)
23:21:32  [AT] "SEND OK" (7)
23:21:33  [TX] S,2006,0F,00,2428,P1,4C
23:21:33  [SLOT] n=2024 tx=23 ack=0 due=0 r=1
23:21:33  [AT] "AT+CIPSEND=24" (13)
23:21:33  [AT] " S,2006,0F,00,2428,P1,4C\xFC" (25)
23:21:33  [AT] "SEND OK" (7)
23:21:34  [TX] S,2007,0F,00,2430,P1,44
23:21:34  [SLOT] n=2025 tx=23 ack=0 due=0 r=1
23:21:34  [AT] "AT+CIPSEND=24" (13)
23:21:34  [AT] " S,2007,0F,00,2430,P1,44" (24)
23:21:34  [AT] "SEND OK" (7)
23:21:36  [TX] S,2008,0F,00,2431,P1,4A
23:21:36  [SLOT] n=2026 tx=23 ack=0 due=0 r=1
23:21:36  [AT] "AT+CIPSEND=24" (13)
23:21:36  [AT] " S,2008,0F,00,2431,P1,4A" (24)
23:21:36  [AT] "SEND OK" (7)
23:21:37  [TX] S,2009,0F,00,2432,P1,48
23:21:37  [SLOT] n=2027 tx=23 ack=0 due=0 r=1
23:21:37  [AT] "AT+CIPSEND=24" (13)
23:21:37  [AT] " S,2009,0F,00,2432,P1,48" (24)
23:21:37  [AT] "SEND OK" (7)
23:21:38  [TX] S,2010,0F,00,2433,P1,41
23:21:38  [SLOT] n=2028 tx=23 ack=0 due=0 r=1
23:21:38  [AT] "AT+CIPSEND=24" (13)
23:21:38  [AT] " S,2010,0F,00,2433,P1,41" (24)
23:21:38  [AT] "SEND OK" (7)
23:21:39  [TX] S,2011,0F,00,2434,P1,47
23:21:39  [SLOT] n=2029 tx=23 ack=0 due=0 r=1
23:21:39  [AT] "AT+CIPSEND=24" (13)
23:21:39  [AT] " S,2011,0F,00,2434,P1,47" (24)
23:21:39  [AT] "SEND OK" (7)
23:21:40  [TX] S,2012,0F,00,2436,P1,46
23:21:40  [SLOT] n=2030 tx=23 ack=0 due=0 r=1
23:21:40  [AT] "AT+CIPSEND=24" (13)
23:21:41  [AT] " S,2012,0F,00,2436,P1,46" (24)
23:21:41  [AT] "SEND OK" (7)
23:21:42  [TX] S,2013,0F,00,2437,P1,46
23:21:42  [SLOT] n=2031 tx=23 ack=0 due=0 r=1
23:21:42  [AT] "AT+CIPSEND=24" (13)
23:21:42  [AT] " S,2013,0F,00,2437,P1,46" (24)
23:21:42  [AT] "SEND OK" (7)
23:21:43  [TX] S,2014,0F,00,2438,P1,4E
23:21:43  [SLOT] n=2032 tx=23 ack=0 due=0 r=1
23:21:43  [AT] "AT+CIPSEND=24" (13)
23:21:43  [AT] " S,2014,0F,00,2438,P1,4E" (24)
23:21:43  [AT] "SEND OK" (7)
23:21:45  [TX] S,2015,0F,00,2439,P1,4E
23:21:45  [SLOT] n=2033 tx=23 ack=0 due=0 r=1
23:21:45  [AT] "AT+CIPSEND=24" (13)
23:21:45  [AT] " S,2015,0F,00,2439,P1,4E" (24)
23:21:45  [AT] "SEND OK" (7)
23:21:46  [TX] S,2016,0F,00,2440,P1,43
23:21:46  [SLOT] n=2034 tx=23 ack=0 due=0 r=1
23:21:46  [AT] "AT+CIPSEND=24" (13)
23:21:46  [AT] " S,2016,0F,00,2440,P1,43" (24)
23:21:46  [AT] "SEND OK" (7)
23:21:47  [TX] S,2017,0F,00,2442,P1,40
23:21:47  [SLOT] n=2035 tx=23 ack=0 due=0 r=1
23:21:47  [AT] "AT+CIPSEND=24" (13)
23:21:48  [AT] " S,2017,0F,00,2442,P1,40" (24)
23:21:48  [AT] "SEND OK" (7)
23:21:49  [TX] S,2018,0F,00,2443,P1,4E
23:21:49  [SLOT] n=2036 tx=23 ack=0 due=0 r=1
23:21:49  [AT] "AT+CIPSEND=24" (13)
23:21:49  [AT] " S,2018,0F,00,2443,P1,4E" (24)
23:21:49  [AT] "SEND OK" (7)
23:21:50  [TX] S,2019,0F,00,2444,P1,48
23:21:50  [SLOT] n=2037 tx=23 ack=0 due=0 r=1
23:21:50  [AT] "AT+CIPSEND=24" (13)
23:21:50  [AT] " S,2019,0F,00,2444,P1,48" (24)
23:21:50  [AT] "SEND OK" (7)
23:21:51  [TX] S,2020,0F,00,2445,P1,43
23:21:51  [SLOT] n=2038 tx=23 ack=0 due=0 r=1
23:21:51  [AT] "AT+CIPSEND=24" (13)
23:21:51  [AT] " S,2020,0F,00,2445,P1,43" (24)
23:21:51  [AT] "SEND OK" (7)
23:21:52  [TX] S,2021,0F,00,2446,P1,41
23:21:52  [SLOT] n=2039 tx=23 ack=0 due=0 r=1
23:21:52  [AT] "AT+CIPSEND=24" (13)
23:21:53  [AT] " S,2021,0F,00,2446,P1,41" (24)
23:21:53  [AT] "SEND OK" (7)
23:21:53  [TX] S,2022,0F,00,2448,P1,4C
23:21:53  [SLOT] n=2040 tx=23 ack=0 due=0 r=1
23:21:53  [AT] "AT+CIPSEND=24" (13)
23:21:53  [AT] " S,2022,0F,00,2448,P1,4C" (24)
23:21:53  [AT] "SEND OK" (7)
23:21:55  [TX] S,2023,0F,00,2449,P1,4C
23:21:55  [SLOT] n=2041 tx=23 ack=0 due=0 r=1
23:21:55  [AT] "AT+CIPSEND=24" (13)
23:21:55  [AT] " S,2023,0F,00,2449,P1,4C" (24)
23:21:55  [AT] "SEND OK" (7)
23:21:56  [TX] S,2024,0F,00,2450,P1,43
23:21:56  [SLOT] n=2042 tx=23 ack=0 due=0 r=1
23:21:56  [AT] "AT+CIPSEND=24" (13)
23:21:56  [AT] " S,2024,0F,00,2450,P1,43" (24)
23:21:56  [AT] "SEND OK" (7)
23:21:57  [TX] S,2025,0F,00,2451,P1,43
23:21:57  [SLOT] n=2043 tx=23 ack=0 due=0 r=1
23:21:57  [AT] "AT+CIPSEND=24" (13)
23:21:57  [AT] " S,2025,0F,00,2451,P1,43" (24)
23:21:57  [AT] "SEND OK" (7)
23:21:58  [TX] S,2026,0F,00,2452,P1,43
23:21:58  [SLOT] n=2044 tx=23 ack=0 due=0 r=1
23:21:58  [AT] "AT+CIPSEND=24" (13)
23:21:58  [AT] " S,2026,0F,00,2452,P1,43" (24)
23:21:58  [AT] "SEND OK" (7)
23:21:59  [TX] S,2027,0F,00,2454,P1,44
23:21:59  [SLOT] n=2045 tx=23 ack=0 due=0 r=1
23:21:59  [AT] "AT+CIPSEND=24" (13)
23:21:59  [AT] " S,2027,0F,00,2454,P1,44" (24)
23:21:59  [AT] "SEND OK" (7)
23:22:01  [TX] S,2028,0F,00,2455,P1,4A
23:22:01  [SLOT] n=2046 tx=23 ack=0 due=0 r=1
23:22:01  [AT] "AT+CIPSEND=24" (13)
23:22:01  [AT] " S,2028,0F,00,2455,P1,4A" (24)
23:22:01  [AT] "SEND OK" (7)
23:22:02  [TX] S,2029,0F,00,2456,P1,48
23:22:02  [SLOT] n=2047 tx=23 ack=0 due=0 r=1
23:22:02  [AT] "AT+CIPSEND=24" (13)
23:22:02  [AT] " S,2029,0F,00,2456,P1,48" (24)
23:22:02  [AT] "SEND OK" (7)
23:22:03  [TX] S,2030,0F,00,2457,P1,41
23:22:03  [SLOT] n=2048 tx=23 ack=0 due=0 r=1
23:22:03  [AT] "AT+CIPSEND=24" (13)
23:22:03  [AT] " S,2030,0F,00,2457,P1,41" (24)
23:22:03  [AT] "SEND OK" (7)
23:22:04  [TX] S,2031,0F,00,2458,P1,4F
23:22:04  [SLOT] n=2049 tx=23 ack=0 due=0 r=1
23:22:04  [AT] "AT+CIPSEND=24" (13)
23:22:04  [AT] " S,2031,0F,00,2458,P1,4F" (24)
23:22:04  [AT] "SEND OK" (7)
23:22:05  [TX] S,2032,0F,00,2460,P1,47
23:22:05  [SLOT] n=2050 tx=23 ack=0 due=0 r=1
23:22:05  [CNT] up=2460 drop=0 esprst=0 hwrst=0/0 resync=0 sendfail=0 okto=1 stuck=0 ackq=0 ackdrop=0 ackstale=0 slot=2050 oow=1 smiss=3 ssovf=0 cksumng=0 okstream=2031 penddrop=0 pendfill=2033 bigfill=4 bigdrop=0 bigokst=4 oklost=0 bigoklost=0 skip=7 online=1
23:22:05  [RAM] 최저 여유 571 B · 프롬프트 재동기 0회 (서버의 '버린줄' 과 맞아야 한다)
23:22:05  [AT] "AT+CIPSEND=24" (13)
23:22:06  [AT] " S,2032,0F,00,2460,P1,47" (24)
23:22:06  [AT] "SEND OK" (7)
23:22:06  [TX] S,2033,0F,00,2461,P1,47
23:22:06  [SLOT] n=2051 tx=23 ack=0 due=0 r=1
23:22:07  [AT] "AT+CIPSEND=24" (13)
23:22:07  [AT] " S,2033,0F,00,2461,P1,47" (24)
23:22:07  [AT] "SEND OK" (7)
23:22:08  [TX] S,2034,0F,00,2462,P1,43
23:22:08  [SLOT] n=2052 tx=23 ack=0 due=0 r=1
23:22:08  [AT] "AT+CIPSEND=24" (13)
23:22:08  [AT] " S,2034,0F,00,2462,P1,43" (24)
23:22:08  [AT] "SEND OK" (7)
23:22:09  «tap» 살아있음 — 최근 60초 rx=7959B (이 줄이 끊기면 탭이 죽은 것이다)
23:22:09  [TX] S,2035,0F,00,2463,P1,43
23:22:09  [SLOT] n=2053 tx=23 ack=0 due=0 r=1
23:22:09  [AT] "AT+CIPSEND=24" (13)
23:22:09  [AT] " S,2035,0F,00,2463,P1,43" (24)
23:22:09  [AT] "SEND OK" (7)
23:22:10  [TX] S,2036,0F,00,2464,P1,47
23:22:10  [SLOT] n=2054 tx=23 ack=0 due=0 r=1
23:22:10  [AT] "AT+CIPSEND=24" (13)
23:22:10  [AT] " S,2036,0F,00,2464,P1,47" (24)
23:22:10  [AT] "SEND OK" (7)
23:22:11  [TX] S,2037,0F,00,2466,P1,44
23:22:11  [SLOT] n=2055 tx=23 ack=0 due=0 r=1
23:22:11  [AT] "AT+CIPSEND=24" (13)
23:22:12  [AT] " S,2037,0F,00,2466,P1,44" (24)
23:22:12  [AT] "SEND OK" (7)
23:22:12  [TX] S,2038,0F,00,2467,P1,4A
23:22:12  [SLOT] n=2056 tx=23 ack=0 due=0 r=1
23:22:12  [AT] "AT+CIPSEND=24" (13)
23:22:13  [AT] " S,2038,0F,00,2467,P1,4A" (24)
23:22:13  [AT] "SEND OK" (7)
23:22:14  [TX] S,2039,0F,00,2468,P1,44
23:22:14  [SLOT] n=2057 tx=23 ack=0 due=0 r=1
23:22:14  [AT] "AT+CIPSEND=24" (13)
23:22:14  [AT] " S,2039,0F,00,2468,P1,44" (24)
23:22:14  [AT] "SEND OK" (7)
23:22:15  [TX] S,2040,0F,00,2469,P1,4B
23:22:15  [SLOT] n=2058 tx=23 ack=0 due=0 r=1
23:22:15  [AT] "AT+CIPSEND=24" (13)
23:22:15  [AT] " S,2040,0F,00,2469,P1,4B" (24)
23:22:15  [AT] "SEND OK" (7)
23:22:16  [TX] S,2041,0F,00,2470,P1,42
23:22:16  [SLOT] n=2059 tx=23 ack=0 due=0 r=1
23:22:16  [AT] "AT+CIPSEND=24" (13)
23:22:16  [AT] " S,2041,0F,00,2470,P1,42" (24)
23:22:16  [AT] "SEND OK" (7)
23:22:17  [TX] S,2042,0F,00,2472,P1,43
23:22:17  [SLOT] n=2060 tx=23 ack=0 due=0 r=1
23:22:17  [AT] "AT+CIPSEND=24" (13)
23:22:17  [AT] " S,2042,0F,00,2472,P1,43" (24)
23:22:17  [AT] "SEND OK" (7)
23:22:18  [TX] S,2043,0F,00,2473,P1,43
23:22:18  [SLOT] n=2061 tx=23 ack=0 due=0 r=1
23:22:18  [AT] "AT+CIPSEND=24" (13)
23:22:19  [AT] " S,2043,0F,00,2473,P1,43" (24)
23:22:19  [AT] "SEND OK" (7)
23:22:20  [TX] S,2044,0F,00,2474,P1,43
23:22:20  [SLOT] n=2062 tx=23 ack=0 due=0 r=1
23:22:20  [AT] "AT+CIPSEND=24" (13)
23:22:20  [AT] " S,2044,0F,00,2474,P1,43" (24)
23:22:20  [AT] "SEND OK" (7)
23:22:21  [TX] S,2045,0F,00,2475,P1,43
23:22:21  [SLOT] n=2063 tx=23 ack=0 due=0 r=1
23:22:21  [AT] "AT+CIPSEND=24" (13)
23:22:21  [AT] " S,2045,0F,00,2475,P1,43" (24)
23:22:21  [AT] "SEND OK" (7)
23:22:22  [TX] S,2046,0F,00,2476,P1,43
23:22:22  [SLOT] n=2064 tx=23 ack=0 due=0 r=1
23:22:22  [AT] "AT+CIPSEND=24" (13)
23:22:22  [AT] " S,2046,0F,00,2476,P1,43" (24)
23:22:22  [AT] "SEND OK" (7)
23:22:23  [TX] S,2047,0F,00,2478,P1,4C
23:22:23  [SLOT] n=2065 tx=23 ack=0 due=0 r=1
23:22:23  [AT] "AT+CIPSEND=24" (13)
23:22:23  [AT] " S,2047,0F,00,2478,P1,4C" (24)
23:22:23  [AT] "SEND OK" (7)
23:22:24  [TX] S,2048,0F,00,2479,P1,42
23:22:24  [SLOT] n=2066 tx=23 ack=0 due=0 r=1
23:22:24  [AT] "AT+CIPSEND=24" (13)
23:22:25  [AT] " S,2048,0F,00,2479,P1,42" (24)
23:22:25  [AT] "SEND OK" (7)
23:22:26  [TX] S,2049,0F,00,2480,P1,45
23:22:26  [SLOT] n=2067 tx=23 ack=0 due=0 r=1
23:22:26  [AT] "AT+CIPSEND=24" (13)
23:22:26  [AT] " S,2049,0F,00,2480,P1,45" (24)
23:22:26  [AT] "SEND OK" (7)
23:22:27  [TX] S,2050,0F,00,2481,P1,4C
23:22:27  [SLOT] n=2068 tx=23 ack=0 due=0 r=1
23:22:27  [AT] "AT+CIPSEND=24" (13)
23:22:27  [AT] " S,2050,0F,00,2481,P1,4C" (24)
23:22:27  [AT] "SEND OK" (7)
23:22:28  [TX] S,2051,0F,00,2482,P1,4E
23:22:28  [SLOT] n=2069 tx=23 ack=0 due=0 r=1
23:22:28  [AT] "AT+CIPSEND=24" (13)
23:22:28  [AT] " S,2051,0F,00,2482,P1,4E" (24)
23:22:28  [AT] "SEND OK" (7)
23:22:29  [TX] S,2052,0F,00,2484,P1,4B
23:22:29  [SLOT] n=2070 tx=23 ack=0 due=0 r=1
23:22:29  [AT] "AT+CIPSEND=24" (13)
23:22:29  [AT] " S,2052,0F,00,2484,P1,4B" (24)
23:22:29  [AT] "SEND OK" (7)
23:22:30  [TX] S,2053,0F,00,2485,P1,4B
23:22:30  [SLOT] n=2071 tx=23 ack=0 due=0 r=1
23:22:30  [AT] "AT+CIPSEND=24" (13)
23:22:31  [AT] " S,2053,0F,00,2485,P1,4B" (24)
23:22:31  [AT] "SEND OK" (7)
23:22:32  [TX] S,2054,0F,00,2486,P1,4F
23:22:32  [SLOT] n=2072 tx=23 ack=0 due=0 r=1
23:22:32  [AT] "AT+CIPSEND=24" (13)
23:22:32  [AT] " S,2054,0F,00,2486,P1,4F" (24)
23:22:32  [AT] "SEND OK" (7)
23:22:33  [TX] S,2055,0F,00,2487,P1,4F
23:22:33  [SLOT] n=2073 tx=23 ack=0 due=0 r=1
23:22:33  [AT] "AT+CIPSEND=24" (13)
23:22:33  [AT] " S,2055,0F,00,2487,P1,4F" (24)
23:22:33  [AT] "SEND OK" (7)
23:22:34  [TX] S,2056,0F,00,2488,P1,43
23:22:34  [SLOT] n=2074 tx=23 ack=0 due=0 r=1
23:22:34  [AT] "AT+CIPSEND=24" (13)
23:22:34  [AT] " S,2056,0F,00,2488,P1,43" (24)
23:22:34  [AT] "SEND OK" (7)
23:22:35  [TX] S,2057,0F,00,2490,P1,4B
23:22:35  [SLOT] n=2075 tx=23 ack=0 due=0 r=1
23:22:35  [AT] "AT+CIPSEND=24" (13)
23:22:35  [AT] " S,2057,0F,00,2490,P1,4B" (24)
23:22:35  [AT] "SEND OK" (7)
23:22:36  [TX] S,2058,0F,00,2491,P1,45
23:22:36  [SLOT] n=2076 tx=23 ack=0 due=0 r=1
23:22:36  [AT] "AT+CIPSEND=24" (13)
23:22:36  [AT] " S,2058,0F,00,2491,P1,45" (24)
23:22:36  [AT] "SEND OK" (7)
23:22:38  [TX] S,2059,0F,00,2492,P1,47
23:22:38  [SLOT] n=2077 tx=23 ack=0 due=0 r=1
23:22:38  [AT] "AT+CIPSEND=24" (13)
23:22:38  [AT] " S,2059,0F,00,2492,P1,47" (24)
23:22:38  [AT] "SEND OK" (7)
23:22:39  [TX] S,2060,0F,00,2493,P1,4C
23:22:39  [SLOT] n=2078 tx=23 ack=0 due=0 r=1
23:22:39  [AT] "AT+CIPSEND=24" (13)
23:22:39  [AT] " S,2060,0F,00,2493,P1,4C" (24)
23:22:39  [AT] "SEND OK" (7)
23:22:40  [TX] S,2061,0F,00,2494,P1,4A
23:22:40  [SLOT] n=2079 tx=23 ack=0 due=0 r=1
23:22:40  [AT] "AT+CIPSEND=24" (13)
23:22:40  [AT] " S,2061,0F,00,2494,P1,4A" (24)
23:22:40  [AT] "SEND OK" (7)
23:22:41  [TX] S,2062,0F,00,2496,P1,4B
23:22:41  [SLOT] n=2080 tx=23 ack=0 due=0 r=1
23:22:41  [AT] "AT+CIPSEND=24" (13)
23:22:41  [AT] " S,2062,0F,00,2496,P1,4B" (24)
23:22:41  [AT] "SEND OK" (7)
23:22:42  [TX] S,2063,0F,00,2497,P1,4B
23:22:42  [SLOT] n=2081 tx=23 ack=0 due=0 r=1
23:22:42  [AT] "AT+CIPSEND=24" (13)
23:22:42  [AT] " S,2063,0F,00,2497,P1,4B" (24)
23:22:42  [AT] "SEND OK" (7)
23:22:44  [TX] S,2064,0F,00,2498,P1,43
23:22:44  [SLOT] n=2082 tx=23 ack=0 due=0 r=1
23:22:44  [AT] "AT+CIPSEND=24" (13)
23:22:44  [AT] " S,2064,0F,00,2498,P1,43" (24)
23:22:44  [AT] "SEND OK" (7)
23:22:45  [TX] S,2065,0F,00,2499,P1,43
23:22:45  [SLOT] n=2083 tx=23 ack=0 due=0 r=1
23:22:45  [AT] "AT+CIPSEND=24" (13)
23:22:45  [AT] " S,2065,0F,00,2499,P1,43" (24)
23:22:45  [AT] "SEND OK" (7)
23:22:46  [TX] S,2066,0F,00,2500,P1,41
23:22:46  [SLOT] n=2084 tx=23 ack=0 due=0 r=1
23:22:46  [AT] "AT+CIPSEND=24" (13)
23:22:46  [AT] " S,2066,0F,00,2500,P1,41" (24)
23:22:46  [AT] "SEND OK" (7)
23:22:47  [TX] S,2067,0F,00,2502,P1,42
23:22:47  [SLOT] n=2085 tx=23 ack=0 due=0 r=1
23:22:47  [AT] "AT+CIPSEND=24" (13)
23:22:47  [AT] " S,2067,0F,00,2502,P1,42" (24)
23:22:47  [AT] "SEND OK" (7)
23:22:48  [TX] S,2068,0F,00,2503,P1,4C
23:22:48  [SLOT] n=2086 tx=23 ack=0 due=0 r=1
23:22:48  [AT] "AT+CIPSEND=24" (13)
23:22:49  [AT] " S,2068,0F,00,2503,P1,4C" (24)
23:22:49  [AT] "SEND OK" (7)
23:22:50  [TX] S,2069,0F,00,2504,P1,4A
23:22:50  [SLOT] n=2087 tx=23 ack=0 due=0 r=1
23:22:50  [AT] "AT+CIPSEND=24" (13)
23:22:50  [AT] " S,2069,0F,00,2504,P1,4A" (24)
23:22:50  [AT] "SEND OK" (7)
23:22:51  [TX] S,2070,0F,00,2505,P1,43
23:22:51  [SLOT] n=2088 tx=23 ack=0 due=0 r=1
23:22:51  [AT] "AT+CIPSEND=24" (13)
23:22:51  [AT] " S,2070,0F,00,2505,P1,43" (24)
23:22:51  [AT] "SEND OK" (7)
23:22:52  [TX] S,2071,0F,00,2506,P1,41
23:22:52  [SLOT] n=2089 tx=23 ack=0 due=0 r=1
23:22:52  [AT] "AT+CIPSEND=24" (13)
23:22:52  [AT] " S,2071,0F,00,2506,P1,41" (24)
23:22:52  [AT] "SEND OK" (7)
23:22:53  [TX] S,2072,0F,00,2508,P1,4C
23:22:53  [SLOT] n=2090 tx=23 ack=0 due=0 r=1
23:22:53  [AT] "AT+CIPSEND=24" (13)
23:22:54  [AT] " S,2072,0F,00,2508,P1,4C" (24)
23:22:54  [AT] "SEND OK" (7)
23:22:54  [TX] S,2073,0F,00,2509,P1,4C
23:22:54  [SLOT] n=2091 tx=23 ack=0 due=0 r=1
23:22:54  [AT] "AT+CIPSEND=24" (13)
23:22:55  [AT] " S,2073,0F,00,2509,P1,4C" (24)
23:22:55  [AT] "SEND OK" (7)
23:22:56  [TX] S,2074,0F,00,2510,P1,43
23:22:56  [SLOT] n=2092 tx=23 ack=0 due=0 r=1
23:22:56  [AT] "AT+CIPSEND=24" (13)
23:22:56  [AT] " S,2074,0F,00,2510,P1,43" (24)
23:22:56  [AT] "SEND OK" (7)
23:22:57  [TX] S,2075,0F,00,2511,P1,43
23:22:57  [SLOT] n=2093 tx=23 ack=0 due=0 r=1
23:22:57  [AT] "AT+CIPSEND=24" (13)
23:22:57  [AT] " S,2075,0F,00,2511,P1,43" (24)
23:22:57  [AT] "SEND OK" (7)
23:22:58  [TX] S,2076,0F,00,2512,P1,43
23:22:58  [SLOT] n=2094 tx=23 ack=0 due=0 r=1
23:22:58  [AT] "AT+CIPSEND=24" (13)
23:22:58  [AT] " S,2076,0F,00,2512,P1,43" (24)
23:22:58  [AT] "SEND OK" (7)
23:22:59  [TX] S,2077,0F,00,2514,P1,44
23:22:59  [SLOT] n=2095 tx=23 ack=0 due=0 r=1
23:22:59  [AT] "AT+CIPSEND=24" (13)
23:22:59  [AT] " S,2077,0F,00,2514,P1,44" (24)
23:22:59  [AT] "SEND OK" (7)
23:23:00  [TX] S,2078,0F,00,2515,P1,4A
23:23:00  [SLOT] n=2096 tx=23 ack=0 due=0 r=1
23:23:00  [AT] "AT+CIPSEND=24" (13)
23:23:00  [AT] " S,2078,0F,00,2515,P1,4A" (24)
23:23:00  [AT] "SEND OK" (7)
23:23:02  [TX] S,2079,0F,00,2516,P1,48
23:23:02  [SLOT] n=2097 tx=23 ack=0 due=0 r=1
23:23:02  [AT] "AT+CIPSEND=24" (13)
23:23:02  [AT] " S,2079,0F,00,2516,P1,48" (24)
23:23:02  [AT] "SEND OK" (7)
23:23:03  [TX] S,2080,0F,00,2517,P1,4F
23:23:03  [SLOT] n=2098 tx=23 ack=0 due=0 r=1
23:23:03  [AT] "AT+CIPSEND=24" (13)
23:23:03  [AT] " S,2080,0F,00,2517,P1,4F" (24)
23:23:03  [AT] "SEND OK" (7)
23:23:04  [TX] S,2081,0F,00,2518,P1,41
23:23:04  [SLOT] n=2099 tx=23 ack=0 due=0 r=1
23:23:04  [AT] "AT+CIPSEND=24" (13)
23:23:04  [AT] " S,2081,0F,00,2518,P1,41" (24)
23:23:04  [AT] "SEND OK" (7)
23:23:05  [TX] S,2082,0F,00,2520,P1,49
23:23:05  [SLOT] n=2100 tx=23 ack=0 due=0 r=1
23:23:05  [CNT] up=2520 drop=0 esprst=0 hwrst=0/0 resync=0 sendfail=0 okto=1 stuck=0 ackq=0 ackdrop=0 ackstale=0 slot=2100 oow=1 smiss=3 ssovf=0 cksumng=0 okstream=2081 penddrop=0 pendfill=2083 bigfill=4 bigdrop=0 bigokst=4 oklost=0 bigoklost=0 skip=7 online=1
23:23:05  [RAM] 최저 여유 571 B · 프롬프트 재동기 0회 (서버의 '버린줄' 과 맞아야 한다)
23:23:05  [AT] "AT+CIPSEND=24" (13)
23:23:05  [AT] " S,2082,0F,00,2520,P1,49" (24)
23:23:05  [AT] "SEND OK" (7)
23:23:06  [TX] S,2083,0F,00,2521,P1,49
23:23:06  [SLOT] n=2101 tx=23 ack=0 due=0 r=1
23:23:06  [AT] "AT+CIPSEND=24" (13)
23:23:06  [AT] " S,2083,0F,00,2521,P1,49" (24)
23:23:06  [AT] "SEND OK" (7)
23:23:08  [TX] S,2084,0F,00,2522,P1,4D
23:23:08  [SLOT] n=2102 tx=23 ack=0 due=0 r=1
23:23:08  [AT] "AT+CIPSEND=24" (13)
23:23:08  [AT] " S,2084,0F,00,2522,P1,4D" (24)
23:23:08  [AT] "SEND OK" (7)
23:23:09  «tap» 살아있음 — 최근 60초 rx=7955B (이 줄이 끊기면 탭이 죽은 것이다)
23:23:09  [TX] S,2085,0F,00,2523,P1,4D
23:23:09  [SLOT] n=2103 tx=23 ack=0 due=0 r=1
23:23:09  [AT] "AT+CIPSEND=24" (13)
23:23:09  [AT] " S,2085,0F,00,2523,P1,4D" (24)
23:23:09  [AT] "SEND OK" (7)
23:23:10  [TX] S,2086,0F,00,2524,P1,49
23:23:10  [SLOT] n=2104 tx=23 ack=0 due=0 r=1
23:23:10  [AT] "AT+CIPSEND=24" (13)
23:23:10  [AT] " S,2086,0F,00,2524,P1,49" (24)
23:23:10  [AT] "SEND OK" (7)
23:23:11  [TX] S,2087,0F,00,2526,P1,4A
23:23:11  [SLOT] n=2105 tx=23 ack=0 due=0 r=1
23:23:11  [AT] "AT+CIPSEND=24" (13)
23:23:11  [AT] " S,2087,0F,00,2526,P1,4A" (24)
23:23:11  [AT] "SEND OK" (7)
23:23:12  [TX] S,2088,0F,00,2527,P1,44
23:23:12  [SLOT] n=2106 tx=23 ack=0 due=0 r=1
23:23:12  [AT] "AT+CIPSEND=24" (13)
23:23:12  [AT] " S,2088,0F,00,2527,P1,44" (24)
23:23:12  [AT] "SEND OK" (7)
23:23:14  [TX] S,2089,0F,00,2528,P1,4A
23:23:14  [SLOT] n=2107 tx=23 ack=0 due=0 r=1
23:23:14  [AT] "AT+CIPSEND=24" (13)
23:23:14  [AT] " S,2089,0F,00,2528,P1,4A" (24)
23:23:14  [AT] "SEND OK" (7)
23:23:15  [TX] S,2090,0F,00,2529,P1,43
23:23:15  [SLOT] n=2108 tx=23 ack=0 due=0 r=1
23:23:15  [AT] "AT+CIPSEND=24" (13)
23:23:15  [AT] " S,2090,0F,00,2529,P1,43" (24)
23:23:15  [AT] "SEND OK" (7)
23:23:16  [TX] S,2091,0F,00,2530,P1,4A
23:23:16  [SLOT] n=2109 tx=23 ack=0 due=0 r=1
23:23:16  [AT] "AT+CIPSEND=24" (13)
23:23:16  [AT] " S,2091,0F,00,2530,P1,4A" (24)
23:23:16  [AT] "SEND OK" (7)
23:23:17  [TX] S,2092,0F,00,2532,P1,4B
23:23:17  [SLOT] n=2110 tx=23 ack=0 due=0 r=1
23:23:17  [AT] "AT+CIPSEND=24" (13)
23:23:17  [AT] " S,2092,0F,00,2532,P1,4B" (24)
23:23:17  [AT] "SEND OK" (7)
23:23:18  [TX] S,2093,0F,00,2533,P1,4B
23:23:18  [SLOT] n=2111 tx=23 ack=0 due=0 r=1
23:23:18  [AT] "AT+CIPSEND=24" (13)
23:23:19  [AT] " S,2093,0F,00,2533,P1,4B" (24)
23:23:19  [AT] "SEND OK" (7)
23:23:20  [TX] S,2094,0F,00,2534,P1,4B
23:23:20  [SLOT] n=2112 tx=23 ack=0 due=0 r=1
23:23:20  [AT] "AT+CIPSEND=24" (13)
23:23:20  [AT] " S,2094,0F,00,2534,P1,4B" (24)
23:23:20  [AT] "SEND OK" (7)
23:23:21  [TX] S,2095,0F,00,2535,P1,4B
23:23:21  [SLOT] n=2113 tx=23 ack=0 due=0 r=1
23:23:21  [AT] "AT+CIPSEND=24" (13)
23:23:21  [AT] " S,2095,0F,00,2535,P1,4B" (24)
23:23:21  [AT] "SEND OK" (7)
23:23:22  [TX] S,2096,0F,00,2536,P1,4B
23:23:22  [SLOT] n=2114 tx=23 ack=0 due=0 r=1
23:23:22  [AT] "AT+CIPSEND=24" (13)
23:23:22  [AT] " S,2096,0F,00,2536,P1,4B" (24)
23:23:22  [AT] "SEND OK" (7)
23:23:23  [TX] S,2097,0F,00,2538,P1,44
23:23:23  [SLOT] n=2115 tx=23 ack=0 due=0 r=1
23:23:23  [AT] "AT+CIPSEND=24" (13)
23:23:23  [AT] " S,2097,0F,00,2538,P1,44" (24)
23:23:23  [AT] "SEND OK" (7)
23:23:24  [TX] S,2098,0F,00,2539,P1,4A
23:23:24  [SLOT] n=2116 tx=23 ack=0 due=0 r=1
23:23:24  [AT] "AT+CIPSEND=24" (13)
23:23:24  [AT] " S,2098,0F,00,2539,P1,4A" (24)
23:23:24  [AT] "SEND OK" (7)
23:23:26  [TX] S,2099,0F,00,2540,P1,45
23:23:26  [SLOT] n=2117 tx=23 ack=0 due=0 r=1
23:23:26  [AT] "AT+CIPSEND=24" (13)
23:23:26  [AT] " S,2099,0F,00,2540,P1,45" (24)
23:23:26  [AT] "SEND OK" (7)
23:23:27  [TX] S,2100,0F,00,2541,P1,45
23:23:27  [SLOT] n=2118 tx=23 ack=0 due=0 r=1
23:23:27  [AT] "AT+CIPSEND=24" (13)
23:23:27  [AT] " S,2100,0F,00,2541,P1,45" (24)
23:23:27  [AT] "SEND OK" (7)
23:23:28  [TX] S,2101,0F,00,2542,P1,47
23:23:28  [SLOT] n=2119 tx=23 ack=0 due=0 r=1
23:23:28  [AT] "AT+CIPSEND=24" (13)
23:23:28  [AT] " S,2101,0F,00,2542,P1,47" (24)
23:23:28  [AT] "SEND OK" (7)
23:23:29  [TX] S,2102,0F,00,2544,P1,42
23:23:29  [SLOT] n=2120 tx=23 ack=0 due=0 r=1
23:23:29  [AT] "AT+CIPSEND=24" (13)
23:23:29  [AT] " S,2102,0F,00,2544,P1,42" (24)
23:23:29  [AT] "SEND OK" (7)
23:23:30  [TX] S,2103,0F,00,2545,P1,42
23:23:30  [SLOT] n=2121 tx=23 ack=0 due=0 r=1
23:23:30  [AT] "AT+CIPSEND=24" (13)
23:23:30  [AT] " S,2103,0F,00,2545,P1,42" (24)
23:23:30  [AT] "SEND OK" (7)
23:23:32  [TX] S,2104,0F,00,2546,P1,46
23:23:32  [SLOT] n=2122 tx=23 ack=0 due=0 r=1
23:23:32  [AT] "AT+CIPSEND=24" (13)
23:23:32  [AT] " S,2104,0F,00,2546,P1,46" (24)
23:23:32  [AT] "SEND OK" (7)
23:23:33  [TX] S,2105,0F,00,2547,P1,46
23:23:33  [SLOT] n=2123 tx=23 ack=0 due=0 r=1
23:23:33  [AT] "AT+CIPSEND=24" (13)
23:23:33  [AT] " S,2105,0F,00,2547,P1,46" (24)
23:23:33  [AT] "SEND OK" (7)
23:23:34  [TX] S,2106,0F,00,2548,P1,4A
23:23:34  [SLOT] n=2124 tx=23 ack=0 due=0 r=1
23:23:34  [AT] "AT+CIPSEND=24" (13)
23:23:34  [AT] " S,2106,0F,00,2548,P1,4A" (24)
23:23:34  [AT] "SEND OK" (7)
23:23:35  [TX] S,2107,0F,00,2550,P1,42
23:23:35  [SLOT] n=2125 tx=23 ack=0 due=0 r=1
23:23:35  [AT] "AT+CIPSEND=24" (13)
23:23:35  [AT] " S,2107,0F,00,2550,P1,42" (24)
23:23:35  [AT] "SEND OK" (7)
23:23:36  [TX] S,2108,0F,00,2551,P1,4C
23:23:36  [SLOT] n=2126 tx=23 ack=0 due=0 r=1
23:23:36  [AT] "AT+CIPSEND=24" (13)
23:23:36  [AT] " S,2108,0F,00,2551,P1,4C" (24)
23:23:36  [AT] "SEND OK" (7)
23:23:38  [TX] S,2109,0F,00,2552,P1,4E
23:23:38  [SLOT] n=2127 tx=23 ack=0 due=0 r=1
23:23:38  [AT] "AT+CIPSEND=24" (13)
23:23:38  [AT] " S,2109,0F,00,2552,P1,4E" (24)
23:23:38  [AT] "SEND OK" (7)
23:23:39  [TX] S,2110,0F,00,2553,P1,47
23:23:39  [SLOT] n=2128 tx=23 ack=0 due=0 r=1
23:23:39  [AT] "AT+CIPSEND=24" (13)
23:23:39  [AT] " S,2110,0F,00,2553,P1,47" (24)
23:23:39  [AT] "SEND OK" (7)
23:23:40  [TX] S,2111,0F,00,2554,P1,41
23:23:40  [SLOT] n=2129 tx=23 ack=0 due=0 r=1
23:23:40  [AT] "AT+CIPSEND=24" (13)
23:23:40  [AT] " S,2111,0F,00,2554,P1,41" (24)
23:23:40  [AT] "SEND OK" (7)
23:23:41  [TX] S,2112,0F,00,2556,P1,40
23:23:41  [SLOT] n=2130 tx=23 ack=0 due=0 r=1
23:23:41  [AT] "AT+CIPSEND=24" (13)
23:23:41  [AT] " S,2112,0F,00,2556,P1,40" (24)
23:23:41  [AT] "SEND OK" (7)
23:23:42  [TX] S,2113,0F,00,2557,P1,40
23:23:42  [SLOT] n=2131 tx=23 ack=0 due=0 r=1
23:23:42  [AT] "AT+CIPSEND=24" (13)
23:23:43  [AT] " S,2113,0F,00,2557,P1,40" (24)
23:23:43  [AT] "SEND OK" (7)
23:23:44  [TX] S,2114,0F,00,2558,P1,48
23:23:44  [SLOT] n=2132 tx=23 ack=0 due=0 r=1
23:23:44  [AT] "AT+CIPSEND=24" (13)
23:23:44  [AT] " S,2114,0F,00,2558,P1,48" (24)
23:23:44  [AT] "SEND OK" (7)
23:23:45  [TX] S,2115,0F,00,2559,P1,48
23:23:45  [SLOT] n=2133 tx=23 ack=0 due=0 r=1
23:23:45  [AT] "AT+CIPSEND=24" (13)
23:23:45  [AT] " S,2115,0F,00,2559,P1,48" (24)
23:23:45  [AT] "SEND OK" (7)
23:23:46  [TX] S,2116,0F,00,2560,P1,41
23:23:46  [SLOT] n=2134 tx=23 ack=0 due=0 r=1
23:23:46  [AT] "AT+CIPSEND=24" (13)
23:23:46  [AT] " S,2116,0F,00,2560,P1,41" (24)
23:23:46  [AT] "SEND OK" (7)
23:23:47  [TX] S,2117,0F,00,2562,P1,42
23:23:47  [SLOT] n=2135 tx=23 ack=0 due=0 r=1
23:23:47  [AT] "AT+CIPSEND=24" (13)
23:23:47  [AT] " S,2117,0F,00,2562,P1,42" (24)
23:23:47  [AT] "SEND OK" (7)
23:23:48  [TX] S,2118,0F,00,2563,P1,4C
23:23:48  [SLOT] n=2136 tx=23 ack=0 due=0 r=1
23:23:48  [AT] "AT+CIPSEND=24" (13)
23:23:48  [AT] " S,2118,0F,00,2563,P1,4C" (24)
23:23:48  [AT] "SEND OK" (7)
23:23:50  [TX] S,2119,0F,00,2564,P1,4A
23:23:50  [SLOT] n=2137 tx=23 ack=0 due=0 r=1
23:23:50  [AT] "AT+CIPSEND=24" (13)
23:23:50  [AT] " S,2119,0F,00,2564,P1,4A" (24)
23:23:50  [AT] "SEND OK" (7)
23:23:51  [TX] S,2120,0F,00,2565,P1,41
23:23:51  [SLOT] n=2138 tx=23 ack=0 due=0 r=1
23:23:51  [AT] "AT+CIPSEND=24" (13)
23:23:51  [AT] " S,2120,0F,00,2565,P1,41" (24)
23:23:51  [AT] "SEND OK" (7)
23:23:52  [TX] S,2121,0F,00,2566,P1,43
23:23:52  [SLOT] n=2139 tx=23 ack=0 due=0 r=1
23:23:52  [AT] "AT+CIPSEND=24" (13)
23:23:52  [AT] " S,2121,0F,00,2566,P1,43" (24)
23:23:52  [AT] "SEND OK" (7)
23:23:53  [TX] S,2122,0F,00,2568,P1,4E
23:23:53  [SLOT] n=2140 tx=23 ack=0 due=0 r=1
23:23:53  [AT] "AT+CIPSEND=24" (13)
23:23:53  [AT] " S,2122,0F,00,2568,P1,4E" (24)
23:23:53  [AT] "SEND OK" (7)
23:23:54  [TX] S,2123,0F,00,2569,P1,4E
23:23:54  [SLOT] n=2141 tx=23 ack=0 due=0 r=1
23:23:54  [AT] "AT+CIPSEND=24" (13)
23:23:54  [AT] " S,2123,0F,00,2569,P1,4E" (24)
23:23:54  [AT] "SEND OK" (7)
23:23:56  [TX] S,2124,0F,00,2570,P1,41
23:23:56  [SLOT] n=2142 tx=23 ack=0 due=0 r=1
23:23:56  [AT] "AT+CIPSEND=24" (13)
23:23:56  [AT] " S,2124,0F,00,2570,P1,41" (24)
23:23:56  [AT] "SEND OK" (7)
23:23:57  [TX] S,2125,0F,00,2571,P1,41
23:23:57  [SLOT] n=2143 tx=23 ack=0 due=0 r=1
23:23:57  [AT] "AT+CIPSEND=24" (13)
23:23:57  [AT] " S,2125,0F,00,2571,P1,41" (24)
23:23:57  [AT] "SEND OK" (7)
23:23:58  [TX] S,2126,0F,00,2572,P1,41
23:23:58  [SLOT] n=2144 tx=23 ack=0 due=0 r=1
23:23:58  [AT] "AT+CIPSEND=24" (13)
23:23:58  [AT] " S,2126,0F,00,2572,P1,41" (24)
23:23:58  [AT] "SEND OK" (7)
23:23:59  [TX] S,2127,0F,00,2574,P1,46
23:23:59  [SLOT] n=2145 tx=23 ack=0 due=0 r=1
23:23:59  [AT] "AT+CIPSEND=24" (13)
23:23:59  [AT] " S,2127,0F,00,2574,P1,46" (24)
23:23:59  [AT] "SEND OK" (7)
23:24:00  [TX] S,2128,0F,00,2575,P1,48
23:24:00  [SLOT] n=2146 tx=23 ack=0 due=0 r=1
23:24:00  [AT] "AT+CIPSEND=24" (13)
23:24:00  [AT] " S,2128,0F,00,2575,P1,48" (24)
23:24:00  [AT] "SEND OK" (7)
23:24:01  [TX] S,2129,0F,00,2576,P1,4A
23:24:02  [SLOT] n=2147 tx=23 ack=0 due=0 r=1
23:24:02  [AT] "AT+CIPSEND=24" (13)
23:24:02  [AT] " S,2129,0F,00,2576,P1,4A" (24)
23:24:02  [AT] "SEND OK" (7)
23:24:03  [TX] S,2130,0F,00,2577,P1,43
23:24:03  [SLOT] n=2148 tx=23 ack=0 due=0 r=1
23:24:03  [AT] "AT+CIPSEND=24" (13)
23:24:03  [AT] " S,2130,0F,00,2577,P1,43" (24)
23:24:03  [AT] "SEND OK" (7)
23:24:04  [TX] S,2131,0F,00,2578,P1,4D
23:24:04  [SLOT] n=2149 tx=23 ack=0 due=0 r=1
23:24:04  [AT] "AT+CIPSEND=24" (13)
23:24:04  [AT] " S,2131,0F,00,2578,P1,4D" (24)
23:24:04  [AT] "SEND OK" (7)
23:24:05  [TX] S,2132,0F,00,2580,P1,49
23:24:05  [SLOT] n=2150 tx=23 ack=0 due=0 r=1
23:24:05  [CNT] up=2580 drop=0 esprst=0 hwrst=0/0 resync=0 sendfail=0 okto=1 stuck=0 ackq=0 ackdrop=0 ackstale=0 slot=2150 oow=1 smiss=3 ssovf=0 cksumng=0 okstream=2131 penddrop=0 pendfill=2133 bigfill=4 bigdrop=0 bigokst=4 oklost=0 bigoklost=0 skip=7 online=1
23:24:05  [RAM] 최저 여유 571 B · 프롬프트 재동기 0회 (서버의 '버린줄' 과 맞아야 한다)
23:24:05  [AT] "AT+CIPSEND=24" (13)
23:24:05  [AT] " S,2132,0F,00,2580,P1,49" (24)
23:24:05  [AT] "SEND OK" (7)
23:24:06  [TX] S,2133,0F,00,2581,P1,49
23:24:06  [SLOT] n=2151 tx=23 ack=0 due=0 r=1
23:24:06  [AT] "AT+CIPSEND=24" (13)
23:24:07  [AT] " S,2133,0F,00,2581,P1,49" (24)
23:24:07  [AT] "SEND OK" (7)
23:24:07  [TX] S,2134,0F,00,2582,P1,4D
23:24:07  [SLOT] n=2152 tx=23 ack=0 due=0 r=1
23:24:07  [AT] "AT+CIPSEND=24" (13)
23:24:08  [AT] " S,2134,0F,00,2582,P1,4D" (24)
23:24:08  [AT] "SEND OK" (7)
23:24:09  «tap» 살아있음 — 최근 60초 rx=7955B (이 줄이 끊기면 탭이 죽은 것이다)
23:24:09  [TX] S,2135,0F,00,2583,P1,4D
23:24:09  [SLOT] n=2153 tx=23 ack=0 due=0 r=1
23:24:09  [AT] "AT+CIPSEND=24" (13)
23:24:09  [AT] " S,2135,0F,00,2583,P1,4D" (24)
23:24:09  [AT] "SEND OK" (7)
23:24:10  [TX] S,2136,0F,00,2584,P1,49
23:24:10  [SLOT] n=2154 tx=23 ack=0 due=0 r=1
23:24:10  [AT] "AT+CIPSEND=24" (13)
23:24:10  [AT] " S,2136,0F,00,2584,P1,49" (24)
23:24:10  [AT] "SEND OK" (7)
23:24:11  [TX] S,2137,0F,00,2586,P1,4A
23:24:11  [SLOT] n=2155 tx=23 ack=0 due=0 r=1
23:24:11  [AT] "AT+CIPSEND=24" (13)
23:24:11  [AT] " S,2137,0F,00,2586,P1,4A" (24)
23:24:11  [AT] "SEND OK" (7)
23:24:12  [TX] S,2138,0F,00,2587,P1,44
23:24:12  [SLOT] n=2156 tx=23 ack=0 due=0 r=1
23:24:12  [AT] "AT+CIPSEND=24" (13)
23:24:12  [AT] " S,2138,0F,00,2587,P1,44" (24)
23:24:12  [AT] "SEND OK" (7)
23:24:13  [TX] S,2139,0F,00,2588,P1,4A
23:24:13  [SLOT] n=2157 tx=23 ack=0 due=0 r=1
23:24:13  [AT] "AT+CIPSEND=24" (13)
23:24:14  [AT] " S,2139,0F,00,2588,P1,4A" (24)
23:24:14  [AT] "SEND OK" (7)
23:24:15  [TX] S,2140,0F,00,2589,P1,45
23:24:15  [SLOT] n=2158 tx=23 ack=0 due=0 r=1
23:24:15  [AT] "AT+CIPSEND=24" (13)
23:24:15  [AT] " S,2140,0F,00,2589,P1,45" (24)
23:24:15  [AT] "SEND OK" (7)
23:24:16  [TX] S,2141,0F,00,2590,P1,4C
23:24:16  [SLOT] n=2159 tx=23 ack=0 due=0 r=1
23:24:16  [AT] "AT+CIPSEND=24" (13)
23:24:16  [AT] " S,2141,0F,00,2590,P1,4C" (24)
23:24:16  [AT] "SEND OK" (7)
23:24:17  [TX] S,2142,0F,00,2592,P1,4D
23:24:17  [SLOT] n=2160 tx=23 ack=0 due=0 r=1
23:24:17  [AT] "AT+CIPSEND=24" (13)
23:24:17  [AT] " S,2142,0F,00,2592,P1,4D" (24)
23:24:17  [AT] "SEND OK" (7)
23:24:18  [TX] S,2143,0F,00,2593,P1,4D
23:24:18  [SLOT] n=2161 tx=23 ack=0 due=0 r=1
23:24:18  [AT] "AT+CIPSEND=24" (13)
23:24:18  [AT] " S,2143,0F,00,2593,P1,4D" (24)
23:24:18  [AT] "SEND OK" (7)
23:24:19  [TX] S,2144,0F,00,2594,P1,4D
23:24:19  [SLOT] n=2162 tx=23 ack=0 due=0 r=1
23:24:19  [AT] "AT+CIPSEND=24" (13)
23:24:20  [AT] " S,2144,0F,00,2594,P1,4D" (24)
23:24:20  [AT] "SEND OK" (7)
23:24:21  [TX] S,2145,0F,00,2595,P1,4D
23:24:21  [SLOT] n=2163 tx=23 ack=0 due=0 r=1
23:24:21  [AT] "AT+CIPSEND=24" (13)
23:24:21  [AT] " S,2145,0F,00,2595,P1,4D" (24)
23:24:21  [AT] "SEND OK" (7)
23:24:22  [TX] S,2146,0F,00,2596,P1,4D
23:24:22  [SLOT] n=2164 tx=23 ack=0 due=0 r=1
23:24:22  [AT] "AT+CIPSEND=24" (13)
23:24:22  [AT] " S,2146,0F,00,2596,P1,4D" (24)
23:24:22  [AT] "SEND OK" (7)
23:24:23  [TX] S,2147,0F,00,2598,P1,42
23:24:23  [SLOT] n=2165 tx=23 ack=0 due=0 r=1
23:24:23  [AT] "AT+CIPSEND=24" (13)
23:24:23  [AT] " S,2147,0F,00,2598,P1,42" (24)
23:24:23  [AT] "SEND OK" (7)
23:24:24  [TX] S,2148,0F,00,2599,P1,4C
23:24:24  [SLOT] n=2166 tx=23 ack=0 due=0 r=1
23:24:24  [AT] "AT+CIPSEND=24" (13)
23:24:24  [AT] " S,2148,0F,00,2599,P1,4C" (24)
23:24:24  [AT] "SEND OK" (7)
23:24:25  [TX] S,2149,0F,00,2600,P1,4E
23:24:25  [SLOT] n=2167 tx=23 ack=0 due=0 r=1
23:24:25  [AT] "AT+CIPSEND=24" (13)
23:24:25  [AT] " S,2149,0F,00,2600,P1,4E" (24)
23:24:25  [AT] "SEND OK" (7)
23:24:27  [TX] S,2150,0F,00,2601,P1,47
23:24:27  [SLOT] n=2168 tx=23 ack=0 due=0 r=1
23:24:27  [AT] "AT+CIPSEND=24" (13)
23:24:27  [AT] " S,2150,0F,00,2601,P1,47" (24)
23:24:27  [AT] "SEND OK" (7)
23:24:28  [TX] S,2151,0F,00,2602,P1,45
23:24:28  [SLOT] n=2169 tx=23 ack=0 due=0 r=1
23:24:28  [AT] "AT+CIPSEND=24" (13)
23:24:28  [AT] " S,2151,0F,00,2602,P1,45" (24)
23:24:28  [AT] "SEND OK" (7)
23:24:29  [TX] S,2152,0F,00,2604,P1,40
23:24:29  [SLOT] n=2170 tx=23 ack=0 due=0 r=1
23:24:29  [AT] "AT+CIPSEND=24" (13)
23:24:29  [AT] " S,2152,0F,00,2604,P1,40" (24)
23:24:29  [AT] "SEND OK" (7)
23:24:30  [TX] S,2153,0F,00,2605,P1,40
23:24:30  [SLOT] n=2171 tx=23 ack=0 due=0 r=1
23:24:30  [AT] "AT+CIPSEND=24" (13)
23:24:31  [AT] " S,2153,0F,00,2605,P1,40" (24)
23:24:31  [AT] "SEND OK" (7)
23:24:31  [TX] S,2154,0F,00,2606,P1,44
23:24:31  [SLOT] n=2172 tx=23 ack=0 due=0 r=1
23:24:31  [AT] "AT+CIPSEND=24" (13)
23:24:31  [AT] " S,2154,0F,00,2606,P1,44" (24)
23:24:31  [AT] "SEND OK" (7)
23:24:33  [TX] S,2155,0F,00,2607,P1,44
23:24:33  [SLOT] n=2173 tx=23 ack=0 due=0 r=1
23:24:33  [AT] "AT+CIPSEND=24" (13)
23:24:34  [TX-WAIT] 앞 전송의 SEND OK 를 아직 못 봤다 — 이번 주기는 건너뛴다
23:24:34  [SLOT] n=2174 tx=23 ack=0 due=0 r=0
23:24:34  [AT] " S,2155,0F,00,2607,P1,44" (24)
23:24:34  [AT] "SEND OK" (7)
23:24:35  [TX] S,2156,0F,00,2610,P1,41
23:24:35  [SLOT] n=2175 tx=23 ack=0 due=0 r=1
23:24:35  [AT] "AT+CIPSEND=24" (13)
23:24:35  [AT] " S,2156,0F,00,2610,P1,41" (24)
23:24:35  [AT] "SEND OK" (7)
23:24:36  [TX] S,2157,0F,00,2611,P1,41
23:24:36  [SLOT] n=2176 tx=23 ack=0 due=0 r=1
23:24:36  [AT] "AT+CIPSEND=24" (13)
23:24:36  [AT] " S,2157,0F,00,2611,P1,41" (24)
23:24:36  [AT] "SEND OK" (7)
23:24:37  [TX] S,2158,0F,00,2612,P1,4D
23:24:37  [SLOT] n=2177 tx=23 ack=0 due=0 r=1
23:24:37  [AT] "AT+CIPSEND=24" (13)
23:24:37  [AT] " S,2158,0F,00,2612,P1,4D" (24)
23:24:37  [AT] "SEND OK" (7)
23:24:39  [TX] S,2159,0F,00,2613,P1,4D
23:24:39  [SLOT] n=2178 tx=23 ack=0 due=0 r=1
23:24:39  [AT] "AT+CIPSEND=24" (13)
23:24:39  [AT] " S,2159,0F,00,2613,P1,4D" (24)
23:24:39  [AT] "SEND OK" (7)
23:24:40  [TX] S,2160,0F,00,2614,P1,40
23:24:40  [SLOT] n=2179 tx=23 ack=0 due=0 r=1
23:24:40  [AT] "AT+CIPSEND=24" (13)
23:24:40  [AT] " S,2160,0F,00,2614,P1,40" (24)
23:24:40  [AT] "SEND OK" (7)
23:24:41  [TX] S,2161,0F,00,2616,P1,43
23:24:41  [SLOT] n=2180 tx=23 ack=0 due=0 r=1
23:24:41  [AT] "AT+CIPSEND=24" (13)
23:24:41  [AT] " S,2161,0F,00,2616,P1,43" (24)
23:24:41  [AT] "SEND OK" (7)
23:24:42  [TX] S,2162,0F,00,2617,P1,41
23:24:42  [SLOT] n=2181 tx=23 ack=0 due=0 r=1
23:24:42  [AT] "AT+CIPSEND=24" (13)
23:24:42  [AT] " S,2162,0F,00,2617,P1,41" (24)
23:24:42  [AT] "SEND OK" (7)
23:24:43  [TX] S,2163,0F,00,2618,P1,4F
23:24:43  [SLOT] n=2182 tx=23 ack=0 due=0 r=1
23:24:43  [AT] "AT+CIPSEND=24" (13)
23:24:44  [AT] " S,2163,0F,00,2618,P1,4F" (24)
23:24:44  [AT] "SEND OK" (7)
23:24:45  [TX] S,2164,0F,00,2619,P1,49
23:24:45  [SLOT] n=2183 tx=23 ack=0 due=0 r=1
23:24:45  [AT] "AT+CIPSEND=24" (13)
23:24:45  [AT] " S,2164,0F,00,2619,P1,49" (24)
23:24:45  [AT] "SEND OK" (7)
23:24:46  [TX] S,2165,0F,00,2620,P1,42
23:24:46  [SLOT] n=2184 tx=23 ack=0 due=0 r=1
23:24:46  [AT] "AT+CIPSEND=24" (13)
23:24:46  [AT] " S,2165,0F,00,2620,P1,42" (24)
23:24:46  [AT] "SEND OK" (7)
23:24:47  [TX] S,2166,0F,00,2622,P1,43
23:24:47  [SLOT] n=2185 tx=23 ack=0 due=0 r=1
23:24:47  [AT] "AT+CIPSEND=24" (13)
23:24:47  [AT] " S,2166,0F,00,2622,P1,43" (24)
23:24:47  [AT] "SEND OK" (7)
23:24:48  [TX] S,2167,0F,00,2623,P1,43
23:24:48  [SLOT] n=2186 tx=23 ack=0 due=0 r=1
23:24:48  [AT] "AT+CIPSEND=24" (13)
23:24:48  [AT] " S,2167,0F,00,2623,P1,43" (24)
23:24:48  [AT] "SEND OK" (7)
23:24:49  [TX] S,2168,0F,00,2624,P1,4B
23:24:49  [SLOT] n=2187 tx=23 ack=0 due=0 r=1
23:24:49  [AT] "AT+CIPSEND=24" (13)
23:24:49  [AT] " S,2168,0F,00,2624,P1,4B" (24)
23:24:49  [AT] "SEND OK" (7)
23:24:51  [TX] S,2169,0F,00,2625,P1,4B
23:24:51  [SLOT] n=2188 tx=23 ack=0 due=0 r=1
23:24:51  [AT] "AT+CIPSEND=24" (13)
23:24:51  [AT] " S,2169,0F,00,2625,P1,4B" (24)
23:24:51  [AT] "SEND OK" (7)
23:24:52  [TX] S,2170,0F,00,2626,P1,40
23:24:52  [SLOT] n=2189 tx=23 ack=0 due=0 r=1
23:24:52  [AT] "AT+CIPSEND=24" (13)
23:24:52  [AT] " S,2170,0F,00,2626,P1,40" (24)
23:24:52  [AT] "SEND OK" (7)
23:24:53  [TX] S,2171,0F,00,2628,P1,4F
23:24:53  [SLOT] n=2190 tx=23 ack=0 due=0 r=1
23:24:53  [AT] "AT+CIPSEND=24" (13)
23:24:53  [AT] " S,2171,0F,00,2628,P1,4F" (24)
23:24:53  [AT] "SEND OK" (7)
23:24:54  [TX] S,2172,0F,00,2629,P1,4D
23:24:54  [SLOT] n=2191 tx=23 ack=0 due=0 r=1
23:24:54  [AT] "AT+CIPSEND=24" (13)
23:24:54  [AT] " S,2172,0F,00,2629,P1,4D" (24)
23:24:54  [AT] "SEND OK" (7)
23:24:55  [TX] S,2173,0F,00,2630,P1,44
23:24:55  [SLOT] n=2192 tx=23 ack=0 due=0 r=1
23:24:55  [AT] "AT+CIPSEND=24" (13)
23:24:55  [AT] " S,2173,0F,00,2630,P1,44" (24)
23:24:55  [AT] "SEND OK" (7)
23:24:56  [TX] S,2174,0F,00,2631,P1,42
23:24:56  [SLOT] n=2193 tx=23 ack=0 due=0 r=1
23:24:57  [AT] "AT+CIPSEND=24" (13)
23:24:57  [AT] " S,2174,0F,00,2631,P1,42" (24)
23:24:57  [AT] "SEND OK" (7)
23:24:58  [TX] S,2175,0F,00,2632,P1,40
23:24:58  [SLOT] n=2194 tx=23 ack=0 due=0 r=1
23:24:58  [AT] "AT+CIPSEND=24" (13)
23:24:58  [AT] " \xA7,2175,0F,00,2632,P1,40" (24)
23:24:58  [AT] "SEND OK" (7)
23:24:59  [TX] S,2176,0F,00,2634,P1,45
23:24:59  [SLOT] n=2195 tx=23 ack=0 due=0 r=1
23:24:59  [AT] "AT+CIPSEND=24" (13)
23:24:59  [AT] " S,2176,0F,00X2634,P1,45" (24)
23:24:59  [AT] "SEND OK" (7)
23:25:00  [TX] S,2177,0F,00,2635,P1,45
23:25:00  [SLOT] n=2196 tx=23 ack=0 due=0 r=1
23:25:00  [AT] "AT+CIPSEND=24" (13)
23:25:00  [AT] " S,2177,0F,00,2635,P1,45" (24)
23:25:00  [AT] "SEND OK" (7)
23:25:01  [TX] S,2178,0F,00,2636,P1,49
23:25:01  [SLOT] n=2197 tx=23 ack=0 due=0 r=1
23:25:01  [AT] "AT+CIPSEND=24" (13)
23:25:01  [AT] " S,2178,0F,00,2636,P1,49" (24)
23:25:01  [AT] "SEND OK" (7)
23:25:02  [TX] S,2179,0F,00,2637,P1,49
23:25:02  [SLOT] n=2198 tx=23 ack=0 due=0 r=1
23:25:02  [AT] "AT+CIPSEND=24" (13)
23:25:04  [AT] " S,2179,0F,00,2637,P1,49" (24)
23:25:04  [AT] "SEND OK" (7)
23:25:05  [TX] S,2180,0F,00,2638,P1,40
23:25:05  [SLOT] n=2199 tx=23 ack=0 due=0 r=1
23:25:05  [AT] "AT+CIPSEND=24" (13)
23:25:05  [AT] " S,2180,0F,00,2638,P1,40" (24)
23:25:05  [AT] "SEND OK" (7)
23:25:06  [TX] S,2181,0F,00,2640,P1,4E
23:25:06  [SLOT] n=2200 tx=23 ack=0 due=0 r=1
23:25:06  [CNT] up=2640 drop=0 esprst=0 hwrst=0/0 resync=0 sendfail=0 okto=1 stuck=0 ackq=0 ackdrop=0 ackstale=0 slot=2200 oow=1 smiss=3 ssovf=0 cksumng=0 okstream=2180 penddrop=0 pendfill=2182 bigfill=4 bigdrop=0 bigokst=4 oklost=0 bigoklost=0 skip=8 online=1
23:25:06  [RAM] 최저 여유 571 B · 프롬프트 재동기 0회 (서버의 '버린줄' 과 맞아야 한다)
23:25:06  [AT] " S,2181,0F,00,2640,P1,4E" (24)
23:25:06  [AT] "SEND OK" (7)
23:25:06  [AT] "AT+CIPSEND=24" (13)
23:25:07  [TX] S,2182,0F,00,2641,P1,4C
23:25:07  [SLOT] n=2201 tx=23 ack=0 due=0 r=1
23:25:07  [AT] "AT+CIPSEND=24" (13)
23:25:07  [AT] " S,2182,0F,00,2641,P1,4C" (24)
23:25:07  [AT] "SEND OK" (7)
23:25:08  [TX] S,2183,0F,00,2642,P1,4E
23:25:08  [SLOT] n=2202 tx=23 ack=0 due=0 r=1
23:25:08  [AT] "AT+CIPSEND=24" (13)
23:25:08  [AT] " S,2183,0F,00,2642,P1,4E" (24)
23:25:08  [AT] "SEND OK" (7)
23:25:09  [TX] S,2184,0F,00,2643,P1,48
23:25:09  [SLOT] n=2203 tx=23 ack=0 due=0 r=1
23:25:09  [AT] "AT+CIPSEND=24" (13)
23:25:10  «tap» 살아있음 — 최근 60초 rx=8026B (이 줄이 끊기면 탭이 죽은 것이다)
23:25:10  [AT] " S,2184,0F,00,2643,P1,48" (24)
23:25:10  [AT] "SEND OK" (7)
23:25:11  [TX] S,2185,0F,00,2644,P1,4E
23:25:11  [SLOT] n=2204 tx=23 ack=0 due=0 r=1
23:25:11  [AT] "AT+CIPSEND=24" (13)
23:25:11  [AT] " S,2185,0F,00,2644,P1,4E" (24)
23:25:11  [AT] "SEND OK" (7)
23:25:12  [TX] S,2186,0F,00,2646,P1,4F
23:25:12  [SLOT] n=2205 tx=23 ack=0 due=0 r=1
23:25:12  [AT] "AT+CIPSEND=24" (13)
23:25:12  [AT] " S,2186,0F,00,2646,P1,4F" (24)
23:25:12  [AT] "SEND OK" (7)
23:25:13  [TX] S,2187,0F,00,2647,P1,4F
23:25:13  [SLOT] n=2206 tx=23 ack=0 due=0 r=1
23:25:13  [AT] "AT+CIPSEND=24" (13)
23:25:13  [AT] " S,2187,0F,00,2647,P1,4F" (24)
23:25:13  [AT] "SEND OK" (7)
23:25:14  [TX] S,2188,0F,00,2648,P1,4F
23:25:14  [SLOT] n=2207 tx=23 ack=0 due=0 r=1
23:25:14  [AT] "AT+CIPSEND=24" (13)
23:25:15  [AT] " S,2188,0F,00,2648,P1,4F" (24)
23:25:15  [AT] "SEND OK" (7)
23:25:15  [TX] S,2189,0F,00,2649,P1,4F
23:25:15  [SLOT] n=2208 tx=23 ack=0 due=0 r=1
23:25:15  [AT] "AT+CIPSEND=24" (13)
23:25:15  [AT] " S,2189,0F,00,2649,P1,4F" (24)
23:25:15  [AT] "SEND OK" (7)
23:25:17  [TX] S,2190,0F,00,2650,P1,4F
23:25:17  [SLOT] n=2209 tx=23 ack=0 due=0 r=1
23:25:17  [AT] "AT+CIPSEND=24" (13)
23:25:17  [AT] " S,2190,0F,00,2650,P1,4F" (24)
23:25:17  [AT] "SEND OK" (7)
23:25:18  [TX] S,2191,0F,00,2652,P1,4C
23:25:18  [SLOT] n=2210 tx=23 ack=0 due=0 r=1
23:25:18  [AT] "AT+CIPSEND=24" (13)
23:25:18  [AT] " S,2191,0F,00,2652,P1,4C" (24)
23:25:18  [AT] "SEND OK" (7)
23:25:19  [TX] S,2192,0F,00,2653,P1,4E
23:25:19  [SLOT] n=2211 tx=23 ack=0 due=0 r=1
23:25:19  [AT] "AT+CIPSEND=24" (13)
23:25:19  [AT] " S,2192,0F,00,2653,P1,4E" (24)
23:25:19  [AT] "SEND OK" (7)
23:25:20  [TX] S,2193,0F,00,2654,P1,48
23:25:20  [SLOT] n=2212 tx=23 ack=0 due=0 r=1
23:25:20  [AT] "AT+CIPSEND=24" (13)
23:25:20  [AT] " S,2193,0F,00,2654,P1,48" (24)
23:25:20  [AT] "SEND OK" (7)
23:25:21  [TX] S,2194,0F,00,2655,P1,4E
23:25:21  [SLOT] n=2213 tx=23 ack=0 due=0 r=1
23:25:21  [AT] "AT+CIPSEND=24" (13)
23:25:21  [AT] " S,2194,0F,00,2655,P1,4E" (24)
23:25:21  [AT] "SEND OK" (7)
23:25:23  [TX] S,2195,0F,00,2656,P1,4C
23:25:23  [SLOT] n=2214 tx=23 ack=0 due=0 r=1
23:25:23  [AT] "AT+CIPSEND=24" (13)
23:25:23  [AT] " S,2195,0F,00,2656,P1,4C" (24)
23:25:23  [AT] "SEND OK" (7)
23:25:24  [TX] S,2196,0F,00,2658,P1,41
23:25:24  [SLOT] n=2215 tx=23 ack=0 due=0 r=1
23:25:24  [AT] "AT+CIPSEND=24" (13)
23:25:24  [AT] " S,2196,0F,00,2658,P1,41" (24)
23:25:24  [AT] "SEND OK" (7)
23:25:25  [TX] S,2197,0F,00,2659,P1,41
23:25:25  [SLOT] n=2216 tx=23 ack=0 due=0 r=1
23:25:25  [AT] "AT+CIPSEND=24" (13)
23:25:25  [AT] " S,2197,0F,00,2659,P1,41" (24)
23:25:25  [AT] "SEND OK" (7)
23:25:26  [TX] S,2198,0F,00,2660,P1,44
23:25:26  [SLOT] n=2217 tx=23 ack=0 due=0 r=1
23:25:26  [AT] "AT+CIPSEND=24" (13)
23:25:26  [AT] " S,2198,0F,00,2660,P1,44" (24)
23:25:26  [AT] "SEND OK" (7)
23:25:27  [TX] S,2199,0F,00,2661,P1,44
23:25:27  [SLOT] n=2218 tx=23 ack=0 due=0 r=1
23:25:27  [AT] "AT+CIPSEND=24" (13)
23:25:27  [AT] " S,2199,0F,00,2661,P1,44" (24)
23:25:27  [AT] "SEND OK" (7)
23:25:29  [TX] S,2200,0F,00,2662,P1,44
23:25:29  [SLOT] n=2219 tx=23 ack=0 due=0 r=1
23:25:29  [AT] "AT+CIPSEND=24" (13)
23:25:29  [AT] " S,2200,0F,00,2662,P1,44" (24)
23:25:29  [AT] "SEND OK" (7)
23:25:30  [TX] S,2201,0F,00,2664,P1,43
23:25:30  [SLOT] n=2220 tx=23 ack=0 due=0 r=1
23:25:30  [AT] "AT+CIPSEND=24" (13)
23:25:30  [AT] " S,2201,0F,00,2664,P1,43" (24)
23:25:30  [AT] "SEND OK" (7)
23:25:31  [TX] S,2202,0F,00,2665,P1,41
23:25:31  [SLOT] n=2221 tx=23 ack=0 due=0 r=1
23:25:31  [AT] "AT+CIPSEND=24" (13)
23:25:31  [AT] " S,2202,0F,00,2665,P1,41" (24)
23:25:31  [AT] "SEND OK" (7)
23:25:32  [TX] S,2203,0F,00,2666,P1,43
23:25:32  [SLOT] n=2222 tx=23 ack=0 due=0 r=1
23:25:32  [AT] "AT+CIPSEND=24" (13)
23:25:32  [AT] " S,2203,0F,00,2666,P1,43" (24)
23:25:32  [AT] "SEND OK" (7)
23:25:33  [TX] S,2204,0F,00,2667,P1,45
23:25:33  [SLOT] n=2223 tx=23 ack=0 due=0 r=1
23:25:33  [AT] "AT+CIPSEND=24" (13)
23:25:34  [AT] " S,2204,0F,00,2667,P1,45" (24)
23:25:34  [AT] "SEND OK" (7)
23:25:35  [TX] S,2205,0F,00,2668,P1,4B
23:25:35  [SLOT] n=2224 tx=23 ack=0 due=0 r=1
23:25:35  [AT] "AT+CIPSEND=24" (13)
23:25:35  [AT] " S,2205,0F,00,2668,P1,4B" (24)
23:25:35  [AT] "SEND OK" (7)
23:25:36  [TX] S,2206,0F,00,2670,P1,41
23:25:36  [SLOT] n=2225 tx=23 ack=0 due=0 r=1
23:25:36  [AT] "AT+CIPSEND=24" (13)
23:25:36  [AT] " S,2206,0F,00,2670,P1,41" (24)
23:25:36  [AT] "SEND OK" (7)
23:25:37  [TX] S,2207,0F,00,2671,P1,41
23:25:37  [SLOT] n=2226 tx=23 ack=0 due=0 r=1
23:25:37  [AT] "AT+CIPSEND=24" (13)
23:25:37  [AT] " S,2207,0F,00,2671,P1,41" (24)
23:25:37  [AT] "SEND OK" (7)
23:25:38  [TX] S,2208,0F,00,2672,P1,4D
23:25:38  [SLOT] n=2227 tx=23 ack=0 due=0 r=1
23:25:38  [AT] "AT+CIPSEND=24" (13)
23:25:38  [AT] " S,2208,0F,00,2672,P1,4D" (24)
23:25:38  [AT] "SEND OK" (7)
23:25:39  [TX] S,2209,0F,00,2673,P1,4D
23:25:39  [SLOT] n=2228 tx=23 ack=0 due=0 r=1
23:25:39  [AT] "AT+CIPSEND=24" (13)
23:25:40  [AT] " S,2209,0F,00,2673,P1,4D" (24)
23:25:40  [AT] "SEND OK" (7)
23:25:40  [TX] S,2210,0F,00,2674,P1,42
23:25:40  [SLOT] n=2229 tx=23 ack=0 due=0 r=1
23:25:40  [AT] "AT+CIPSEND=24" (13)
23:25:41  [AT] " S,2210,0F,00,2674,P1,42" (24)
23:25:41  [AT] "SEND OK" (7)
23:25:42  [TX] S,2211,0F,00,2676,P1,41
23:25:42  [SLOT] n=2230 tx=23 ack=0 due=0 r=1
23:25:42  [AT] "AT+CIPSEND=24" (13)
23:25:42  [AT] " S,2211,0F,00,2676,P1,41" (24)
23:25:42  [AT] "SEND OK" (7)
23:25:43  [TX] S,2212,0F,00,2677,P1,43
23:25:43  [SLOT] n=2231 tx=23 ack=0 due=0 r=1
23:25:43  [AT] "AT+CIPSEND=24" (13)
23:25:43  [AT] " S,2212,0F,00,2677,P1,43" (24)
23:25:43  [AT] "SEND OK" (7)
23:25:44  [TX] S,2213,0F,00,2678,P1,4D
23:25:44  [SLOT] n=2232 tx=23 ack=0 due=0 r=1
23:25:44  [AT] "AT+CIPSEND=24" (13)
23:25:44  [AT] " S,2213,0F,00,2678,P1,4D" (24)
23:25:44  [AT] "SEND OK" (7)
23:25:45  [TX] S,2214,0F,00,2679,P1,4B
23:25:45  [SLOT] n=2233 tx=23 ack=0 due=0 r=1
23:25:45  [AT] "AT+CIPSEND=24" (13)
23:25:45  [AT] " S,2214,0F,00,2679,P1,4B" (24)
23:25:45  [AT] "SEND OK" (7)
23:25:46  [TX] S,2215,0F,00,2680,P1,4C
23:25:46  [SLOT] n=2234 tx=23 ack=0 due=0 r=1
23:25:46  [AT] "AT+CIPSEND=24" (13)
23:25:47  [AT] " S,2215,0F,00,2680,P1,4C" (24)
23:25:47  [AT] "SEND OK" (7)
23:25:48  [TX] S,2216,0F,00,2682,P1,4D
23:25:48  [SLOT] n=2235 tx=23 ack=0 due=0 r=1
23:25:48  [AT] "AT+CIPSEND=24" (13)
23:25:48  [AT] " S,2216,0F,00,2682,P1,4D" (24)
23:25:48  [AT] "SEND OK" (7)
23:25:49  [TX] S,2217,0F,00,2683,P1,4D
23:25:49  [SLOT] n=2236 tx=23 ack=0 due=0 r=1
23:25:49  [AT] "AT+CIPSEND=24" (13)
23:25:49  [AT] " S,2217,0F,00,2683,P1,4D" (24)
23:25:49  [AT] "SEND OK" (7)
23:25:50  [TX] S,2218,0F,00,2684,P1,45
23:25:50  [SLOT] n=2237 tx=23 ack=0 due=0 r=1
23:25:50  [AT] "AT+CIPSEND=24" (13)
23:25:50  [AT] " S,2218,0F,00,2684,P1,45" (24)
23:25:50  [AT] "SEND OK" (7)
23:25:51  [TX] S,2219,0F,00,2685,P1,45
23:25:51  [SLOT] n=2238 tx=23 ack=0 due=0 r=1
23:25:51  [AT] "AT+CIPSEND=24" (13)
23:25:51  [AT] " S,2219,0F,00,2685,P1,45" (24)
23:25:51  [AT] "SEND OK" (7)
23:25:52  [TX] S,2220,0F,00,2686,P1,4C
23:25:52  [SLOT] n=2239 tx=23 ack=0 due=0 r=1
23:25:52  [AT] "AT+CIPSEND=24" (13)
23:25:52  [AT] " S,2220,0F,00,2686,P1,4C" (24)
23:25:52  [AT] "SEND OK" (7)
23:25:54  [TX] S,2221,0F,00,2688,P1,43
23:25:54  [SLOT] n=2240 tx=23 ack=0 due=0 r=1
23:25:54  [AT] "AT+CIPSEND=24" (13)
23:25:54  [AT] " S,2221,0F,00,2688,P1,43" (24)
23:25:54  [AT] "SEND OK" (7)
23:25:55  [TX] S,2222,0F,00,2689,P1,41
23:25:55  [SLOT] n=2241 tx=23 ack=0 due=0 r=1
23:25:55  [AT] "AT+CIPSEND=24" (13)
23:25:55  [AT] " S,2222,0F,00,2689,P1,41" (24)
23:25:55  [AT] "SEND OK" (7)
23:25:56  [TX] S,2223,0F,00,2690,P1,48
23:25:56  [SLOT] n=2242 tx=23 ack=0 due=0 r=1
23:25:56  [AT] "AT+CIPSEND=24" (13)
23:25:56  [AT] " S,2223,0F,00,2690,P1,48" (24)
23:25:56  [AT] "SEND OK" (7)
23:25:57  [TX] S,2224,0F,00,2691,P1,4E
23:25:57  [SLOT] n=2243 tx=23 ack=0 due=0 r=1
23:25:57  [AT] "AT+CIPSEND=24" (13)
23:25:57  [AT] " S,2224,0F,00,2691,P1,4E" (24)
23:25:57  [AT] "SEND OK" (7)
23:25:58  [TX] S,2225,0F,00,2692,P1,4C
23:25:58  [SLOT] n=2244 tx=23 ack=0 due=0 r=1
23:25:58  [AT] "AT+CIPSEND=24" (13)
23:25:58  [AT] " S,2225,0F,00,2692,P1,4C" (24)
23:25:58  [AT] "SEND OK" (7)
23:26:00  [TX] S,2226,0F,00,2694,P1,49
23:26:00  [SLOT] n=2245 tx=23 ack=0 due=0 r=1
23:26:00  [AT] "AT+CIPSEND=24" (13)
23:26:00  [AT] " S,2226,0F,00,2694,P1,49" (24)
23:26:00  [AT] "SEND OK" (7)
23:26:01  [TX] S,2227,0F,00,2695,P1,49
23:26:01  [SLOT] n=2246 tx=23 ack=0 due=0 r=1
23:26:01  [AT] "AT+CIPSEND=24" (13)
23:26:01  [AT] " S,2227,0F,00,2695,P1,49" (24)
23:26:01  [AT] "SEND OK" (7)
23:26:02  [TX] S,2228,0F,00,2696,P1,45
23:26:02  [SLOT] n=2247 tx=23 ack=0 due=0 r=1
23:26:02  [AT] "AT+CIPSEND=24" (13)
23:26:02  [AT] " S,2228,0F,00,2696,P1,45" (24)
23:26:02  [AT] "SEND OK" (7)
23:26:03  [TX] S,2229,0F,00,2697,P1,45
23:26:03  [SLOT] n=2248 tx=23 ack=0 due=0 r=1
23:26:03  [AT] "AT+CIPSEND=24" (13)
23:26:03  [AT] " S,2229,0F,00,2697,P1,45" (24)
23:26:03  [AT] "SEND OK" (7)
23:26:04  [TX] S,2230,0F,00,2698,P1,42
23:26:04  [SLOT] n=2249 tx=23 ack=0 due=0 r=1
23:26:04  [AT] "AT+CIPSEND=24" (13)
23:26:04  [AT] " S,2230,0F,00,2698,P1,42" (24)
23:26:04  [AT] "SEND OK" (7)
23:26:06  [TX] S,2231,0F,00,2700,P1,43
23:26:06  [SLOT] n=2250 tx=23 ack=0 due=0 r=1
23:26:06  [CNT] up=2700 drop=0 esprst=0 hwrst=0/0 resync=0 sendfail=0 okto=1 stuck=0 ackq=0 ackdrop=0 ackstale=0 slot=2250 oow=1 smiss=3 ssovf=0 cksumng=0 okstream=2230 penddrop=0 pendfill=2232 bigfill=4 bigdrop=0 bigokst=4 oklost=0 bigoklost=0 skip=8 online=1
23:26:06  [RAM] 최저 여유 571 B · 프롬프트 재동기 0회 (서버의 '버린줄' 과 맞아야 한다)
23:26:06  [AT] " S,2231,0F,00,2700,P1,43" (24)
23:26:06  [AT] "SEND OK" (7)
23:26:06  [AT] "AT+CIPSEND=24" (13)
23:26:07  [TX] S,2232,0F,00,2701,P1,41
23:26:07  [SLOT] n=2251 tx=23 ack=0 due=0 r=1
23:26:07  [AT] "AT+CIPSEND=24" (13)
23:26:07  [AT] " S,2232,0F,00,2701,P1,41" (24)
23:26:07  [AT] "SEND OK" (7)
23:26:08  [TX] S,2233,0F,00,2702,P1,43
23:26:08  [SLOT] n=2252 tx=23 ack=0 due=0 r=1
23:26:08  [AT] "AT+CIPSEND=24" (13)
23:26:08  [AT] " S,2233,0F,00,2702,P1,43" (24)
23:26:08  [AT] "SEND OK" (7)
23:26:09  [TX] S,2234,0F,00,2703,P1,45
23:26:09  [SLOT] n=2253 tx=23 ack=0 due=0 r=1
23:26:09  [AT] "AT+CIPSEND=24" (13)
23:26:09  [AT] " S,2234,0F,00,2703,P1,45" (24)
23:26:09  [AT] "SEND OK" (7)
23:26:10  «tap» 살아있음 — 최근 60초 rx=8013B (이 줄이 끊기면 탭이 죽은 것이다)
23:26:10  [TX] S,2235,0F,00,2704,P1,43
23:26:10  [SLOT] n=2254 tx=23 ack=0 due=0 r=1
23:26:10  [AT] "AT+CIPSEND=24" (13)
23:26:10  [AT] " S,2235,0F,00,2704,P1,43" (24)
23:26:10  [AT] "SEND OK" (7)
23:26:12  [TX] S,2236,0F,00,2706,P1,42
23:26:12  [SLOT] n=2255 tx=23 ack=0 due=0 r=1
23:26:12  [AT] "AT+CIPSEND=24" (13)
23:26:12  [AT] " S,2236,0F,00,2706,P1,42" (24)
23:26:12  [AT] "SEND OK" (7)
23:26:13  [TX] S,2237,0F,00,2707,P1,42
23:26:13  [SLOT] n=2256 tx=23 ack=0 due=0 r=1
23:26:13  [AT] "AT+CIPSEND=24" (13)
23:26:13  [AT] " S,2237,0F,00,2707,P1,42" (24)
23:26:13  [AT] "SEND OK" (7)
23:26:14  [TX] S,2238,0F,00,2708,P1,42
23:26:14  [SLOT] n=2257 tx=23 ack=0 due=0 r=1
23:26:14  [AT] "AT+CIPSEND=24" (13)
23:26:14  [AT] " S,2238,0F,00,2708,P1,42" (24)
23:26:14  [AT] "SEND OK" (7)
23:26:15  [TX] S,2239,0F,00,2709,P1,42
23:26:15  [SLOT] n=2258 tx=23 ack=0 due=0 r=1
23:26:15  [AT] "AT+CIPSEND=24" (13)
23:26:15  [AT] " S,2239,0F,00,2709,P1,42" (24)
23:26:15  [AT] "SEND OK" (7)
23:26:16  [TX] S,2240,0F,00,2710,P1,44
23:26:16  [SLOT] n=2259 tx=23 ack=0 due=0 r=1
23:26:16  [AT] "AT+CIPSEND=24" (13)
23:26:16  [AT] " S,2240,0F,00,2710,P1,44" (24)
23:26:16  [AT] "SEND OK" (7)
23:26:18  [TX] S,2241,0F,00,2712,P1,47
23:26:18  [SLOT] n=2260 tx=23 ack=0 due=0 r=1
23:26:18  [AT] "AT+CIPSEND=24" (13)
23:26:18  [AT] " S,2241,0F,00,2712,P1,47" (24)
23:26:18  [AT] "SEND OK" (7)
23:26:19  [TX] S,2242,0F,00,2713,P1,45
23:26:19  [SLOT] n=2261 tx=23 ack=0 due=0 r=1
23:26:19  [AT] "AT+CIPSEND=24" (13)
23:26:19  [AT] " S,2242,0F,00,2713,P1,45" (24)
23:26:19  [AT] "SEND OK" (7)
23:26:20  [TX] S,2243,0F,00,2714,P1,43
23:26:20  [SLOT] n=2262 tx=23 ack=0 due=0 r=1
23:26:20  [AT] "AT+CIPSEND=24" (13)
23:26:20  [AT] " S,2243,0F,00,2714,P1,43" (24)
23:26:20  [AT] "SEND OK" (7)
23:26:21  [TX] S,2244,0F,00,2715,P1,45
23:26:21  [SLOT] n=2263 tx=23 ack=0 due=0 r=1
23:26:21  [AT] "AT+CIPSEND=24" (13)
23:26:21  [AT] " S,2244,0F,00,2715,P1,45" (24)
23:26:21  [AT] "SEND OK" (7)
23:26:22  [TX] S,2245,0F,00,2716,P1,47
23:26:22  [SLOT] n=2264 tx=23 ack=0 due=0 r=1
23:26:22  [AT] "AT+CIPSEND=24" (13)
23:26:22  [AT] " S,2245,0F,00,2716,P1,47" (24)
23:26:22  [AT] "SEND OK" (7)
23:26:24  [TX] S,2246,0F,00,2718,P1,4A
23:26:24  [SLOT] n=2265 tx=23 ack=0 due=0 r=1
23:26:24  [AT] "AT+CIPSEND=24" (13)
23:26:24  [AT] " S,2246,0F,00,2718,P1,4A" (24)
23:26:24  [AT] "SEND OK" (7)
23:26:25  [TX] S,2247,0F,00,2719,P1,4A
23:26:25  [SLOT] n=2266 tx=23 ack=0 due=0 r=1
23:26:25  [AT] "AT+CIPSEND=24" (13)
23:26:25  [AT] " S,2247,0F,00,2719,P1,4A" (24)
23:26:25  [AT] "SEND OK" (7)
23:26:26  [TX] S,2248,0F,00,2720,P1,4F
23:26:26  [SLOT] n=2267 tx=23 ack=0 due=0 r=1
23:26:26  [AT] "AT+CIPSEND=24" (13)
23:26:26  [AT] " S,2248,0F,00,2720,P1,4F" (24)
23:26:26  [AT] "SEND OK" (7)
23:26:27  [TX] S,2249,0F,00,2721,P1,4F
23:26:27  [SLOT] n=2268 tx=23 ack=0 due=0 r=1
23:26:27  [AT] "AT+CIPSEND=24" (13)
23:26:27  [AT] " S,2249,0F,00,2721,P1,4F" (24)
23:26:27  [AT] "SEND OK" (7)
23:26:28  [TX] S,2250,0F,00,2722,P1,44
23:26:28  [SLOT] n=2269 tx=23 ack=0 due=0 r=1
23:26:28  [AT] "AT+CIPSEND=24" (13)
23:26:28  [AT] " S,2250,0F,00,2722,P1,44" (24)
23:26:28  [AT] "SEND OK" (7)
23:26:29  [TX] S,2251,0F,00,2724,P1,43
23:26:29  [SLOT] n=2270 tx=23 ack=0 due=0 r=1
23:26:29  [AT] "AT+CIPSEND=24" (13)
23:26:30  [AT] " S,2251,0F,00,2724,P1,43" (24)
23:26:30  [AT] "SEND OK" (7)
23:26:31  [TX] S,2252,0F,00,2725,P1,41
23:26:31  [SLOT] n=2271 tx=23 ack=0 due=0 r=1
23:26:31  [AT] "AT+CIPSEND=24" (13)
23:26:31  [AT] " S,2252,0F,00,2725,P1,41" (24)
23:26:31  [AT] "SEND OK" (7)
23:26:32  [TX] S,2253,0F,00,2726,P1,43
23:26:32  [SLOT] n=2272 tx=23 ack=0 due=0 r=1
23:26:32  [AT] "AT+CIPSEND=24" (13)
23:26:32  [AT] " S,2253,0F,00,2726,P1,43" (24)
23:26:32  [AT] "SEND OK" (7)
23:26:33  [TX] S,2254,0F,00,2727,P1,45
23:26:33  [SLOT] n=2273 tx=23 ack=0 due=0 r=1
23:26:33  [AT] "AT+CIPSEND=24" (13)
23:26:33  [AT] " S,2254,0F,00,2727,P1,45" (24)
23:26:33  [AT] "SEND OK" (7)
23:26:34  [TX] S,2255,0F,00,2728,P1,4B
23:26:34  [SLOT] n=2274 tx=23 ack=0 due=0 r=1
23:26:34  [AT] "AT+CIPSEND=24" (13)
23:26:34  [AT] " S,2255,0F,00,2728,P1,4B" (24)
23:26:34  [AT] "SEND OK" (7)
23:26:35  [TX] S,2256,0F,00,2730,P1,41
23:26:35  [SLOT] n=2275 tx=23 ack=0 due=0 r=1
23:26:35  [AT] "AT+CIPSEND=24" (13)
23:26:35  [AT] " S,2256,0F,00,2730,P1,41" (24)
23:26:35  [AT] "SEND OK" (7)
23:26:37  [TX] S,2257,0F,00,2731,P1,41
23:26:37  [SLOT] n=2276 tx=23 ack=0 due=0 r=1
23:26:37  [AT] "AT+CIPSEND=24" (13)
23:26:37  [AT] " S,2257,0F,00,2731,P1,41" (24)
23:26:37  [AT] "SEND OK" (7)
23:26:38  [TX] S,2258,0F,00,2732,P1,4D
23:26:38  [SLOT] n=2277 tx=23 ack=0 due=0 r=1
23:26:38  [AT] "AT+CIPSEND=24" (13)
23:26:38  [AT] " S,2258,0F,00,2732,P1,4D" (24)
23:26:38  [AT] "SEND OK" (7)
23:26:39  [TX] S,2259,0F,00,2733,P1,4D
23:26:39  [SLOT] n=2278 tx=23 ack=0 due=0 r=1
23:26:39  [AT] "AT+CIPSEND=24" (13)
23:26:39  [AT] " S,2259,0F,00,2733,P1,4D" (24)
23:26:39  [AT] "SEND OK" (7)
23:26:40  [TX] S,2260,0F,00,2734,P1,40
23:26:40  [SLOT] n=2279 tx=23 ack=0 due=0 r=1
23:26:40  [AT] "AT+CIPSEND=24" (13)
23:26:40  [AT] " S,2260,0F,00,2734,P1,40" (24)
23:26:40  [AT] "SEND OK" (7)
23:26:41  [TX] S,2261,0F,00,2736,P1,43
23:26:41  [SLOT] n=2280 tx=23 ack=0 due=0 r=1
23:26:41  [AT] "AT+CIPSEND=24" (13)
23:26:41  [AT] " S,2261,0F,00,2736,P1,43" (24)
23:26:41  [AT] "SEND OK" (7)
23:26:43  [TX] S,2262,0F,00,2737,P1,41
23:26:43  [SLOT] n=2281 tx=23 ack=0 due=0 r=1
23:26:43  [AT] "AT+CIPSEND=24" (13)
23:26:43  [AT] " S,2262,0F,00,2737,P1,41" (24)
23:26:43  [AT] "SEND OK" (7)
23:26:44  [TX] S,2263,0F,00,2738,P1,4F
23:26:44  [SLOT] n=2282 tx=23 ack=0 due=0 r=1
23:26:44  [AT] "AT+CIPSEND=24" (13)
23:26:44  [AT] " S,2263,0F,00,2738,P1,4F" (24)
23:26:44  [AT] "SEND OK" (7)
23:26:45  [TX] S,2264,0F,00,2739,P1,49
23:26:45  [SLOT] n=2283 tx=23 ack=0 due=0 r=1
23:26:45  [AT] "AT+CIPSEND=24" (13)
23:26:45  [AT] " S,2264,0F,00,2739,P1,49" (24)
23:26:45  [AT] "SEND OK" (7)
23:26:46  [TX] S,2265,0F,00,2740,P1,46
23:26:46  [SLOT] n=2284 tx=23 ack=0 due=0 r=1
23:26:46  [AT] "AT+CIPSEND=24" (13)
23:26:46  [AT] " S,2265,0F,00,2740,P1,46" (24)
23:26:46  [AT] "SEND OK" (7)
23:26:47  [TX] S,2266,0F,00,2742,P1,47
23:26:47  [SLOT] n=2285 tx=23 ack=0 due=0 r=1
23:26:47  [AT] "AT+CIPSEND=24" (13)
23:26:47  [AT] " S,2266,0F,00,2742,P1,47" (24)
23:26:47  [AT] "SEND OK" (7)
23:26:49  [TX] S,2267,0F,00,2743,P1,47
23:26:49  [SLOT] n=2286 tx=23 ack=0 due=0 r=1
23:26:49  [AT] "AT+CIPSEND=24" (13)
23:26:49  [AT] " S,2267,0F,00,2743,P1,47" (24)
23:26:49  [AT] "SEND OK" (7)
23:26:50  [TX] S,2268,0F,00,2744,P1,4F
23:26:50  [SLOT] n=2287 tx=23 ack=0 due=0 r=1
23:26:50  [AT] "AT+CIPSEND=24" (13)
23:26:50  [AT] " S,2268,0F,00,2744,P1,4F" (24)
23:26:50  [AT] "SEND OK" (7)
23:26:51  [TX] S,2269,0F,00,2745,P1,4F
23:26:51  [SLOT] n=2288 tx=23 ack=0 due=0 r=1
23:26:51  [AT] "AT+CIPSEND=24" (13)
23:26:51  [AT] " S,2269,0F,00,2745,P1,4F" (24)
23:26:51  [AT] "SEND OK" (7)
23:26:52  [TX] S,2270,0F,00,2746,P1,44
23:26:52  [SLOT] n=2289 tx=23 ack=0 due=0 r=1
23:26:52  [AT] "AT+CIPSEND=24" (13)
23:26:52  [AT] " S,2270,0F,00,2746,P1,44" (24)
23:26:52  [AT] "SEND OK" (7)
23:26:53  [TX] S,2271,0F,00,2748,P1,4B
23:26:53  [SLOT] n=2290 tx=23 ack=0 due=0 r=1
23:26:53  [AT] "AT+CIPSEND=24" (13)
23:26:53  [AT] " S,2271,0F,00,2748,P1,4B" (24)
23:26:53  [AT] "SEND OK" (7)
23:26:55  [TX] S,2272,0F,00,2749,P1,49
23:26:55  [SLOT] n=2291 tx=23 ack=0 due=0 r=1
23:26:55  [AT] "AT+CIPSEND=24" (13)
23:26:55  [AT] " S,2272,0F,00,2749,P1,49" (24)
23:26:55  [AT] "SEND OK" (7)
23:26:56  [TX] S,2273,0F,00,2750,P1,40
23:26:56  [SLOT] n=2292 tx=23 ack=0 due=0 r=1
23:26:56  [AT] "AT+CIPSEND=24" (13)
23:26:56  [AT] " S,2273,0F,00,2750,P1,40" (24)
23:26:56  [AT] "SEND OK" (7)
23:26:57  [TX] S,2274,0F,00,2751,P1,46
23:26:57  [SLOT] n=2293 tx=23 ack=0 due=0 r=1
23:26:57  [AT] "AT+CIPSEND=24" (13)
23:26:57  [AT] " S,2274,0F,00,2751,P1,46" (24)
23:26:57  [AT] "SEND OK" (7)
23:26:58  [TX] S,2275,0F,00,2752,P1,44
23:26:58  [SLOT] n=2294 tx=23 ack=0 due=0 r=1
23:26:58  [AT] "AT+CIPSEND=24" (13)
23:26:58  [AT] " S,2275,0F,00,2752,P1,44" (24)
23:26:58  [AT] "SEND OK" (7)
23:26:59  [TX] S,2276,0F,00,2754,P1,41
23:26:59  [SLOT] n=2295 tx=23 ack=0 due=0 r=1
23:26:59  [AT] "AT+CIPSEND=24" (13)
23:26:59  [AT] " S,2276,0F,00,2754,P1,41" (24)
23:26:59  [AT] "SEND OK" (7)
23:27:01  [TX] S,2277,0F,00,2755,P1,41
23:27:01  [SLOT] n=2296 tx=23 ack=0 due=0 r=1
23:27:01  [AT] "AT+CIPSEND=24" (13)
23:27:01  [AT] " S,2277,0F,00,2755,P1,41" (24)
23:27:01  [AT] "SEND OK" (7)
23:27:02  [TX] S,2278,0F,00,2756,P1,4D
23:27:02  [SLOT] n=2297 tx=23 ack=0 due=0 r=1
23:27:02  [AT] "AT+CIPSEND=24" (13)
23:27:02  [AT] " S,2278,0F,00,2756,P1,4D" (24)
23:27:02  [AT] "SEND OK" (7)
23:27:03  [TX] S,2279,0F,00,2757,P1,4D
23:27:03  [SLOT] n=2298 tx=23 ack=0 due=0 r=1
23:27:03  [AT] "AT+CIPSEND=24" (13)
23:27:03  [AT] " S,2279,0F,00,2757,P1,4D" (24)
23:27:03  [AT] "SEND OK" (7)
23:27:04  [TX] S,2280,0F,00,2758,P1,44
23:27:04  [SLOT] n=2299 tx=23 ack=0 due=0 r=1
23:27:04  [AT] "AT+CIPSEND=24\x19" (14)
23:27:04  [AT] " S,2280,0F,00,2758,P1,44" (24)
23:27:04  [AT] "SEND OK" (7)
23:27:05  [TX] S,2281,0F,00,2760,P1,4E
23:27:05  [SLOT] n=2300 tx=23 ack=0 due=0 r=1
23:27:05  [CNT] up=2760 drop=0 esprst=0 hwrst=0/0 resync=0 sendfail=0 okto=1 stuck=0 ackq=0 ackdrop=0 ackstale=0 slot=2300 oow=1 smiss=3 ssovf=0 cksumng=0 okstream=2280 penddrop=0 pendfill=2282 bigfill=4 bigdrop=0 bigokst=4 oklost=0 bigoklost=0 skip=8 online=1
23:27:05  [RAM] 최저 여유 571 B · 프롬프트 재동기 0회 (서버의 '버린줄' 과 맞아야 한다)
23:27:05  [AT] " S,2281,0F,00,2760,P1,4E" (24)
23:27:05  [AT] "SEND OK" (7)
23:27:05  [AT] "AT+CIPSEND=24" (13)
23:27:06  [TX] S,2282,0F,00,2761,P1,4C
23:27:06  [SLOT] n=2301 tx=23 ack=0 due=0 r=1
23:27:06  [AT] "AT+CIPSEND=24" (13)
23:27:07  [AT] " S,2282,0F,00,2761,P1,4C" (24)
23:27:07  [AT] "SEND OK" (7)
23:27:08  [TX] S,2283,0F,00,2762,P1,4E
23:27:08  [SLOT] n=2302 tx=23 ack=0 due=0 r=1
23:27:08  [AT] "AT+CIPSEND=24" (13)
23:27:08  [AT] " S,2283,0F,00,2762,P1,4E" (24)
23:27:08  [AT] "SEND OK" (7)
23:27:09  [TX] S,2284,0F,00,2763,P1,48
23:27:09  [SLOT] n=2303 tx=23 ack=0 due=0 r=1
23:27:09  [AT] "AT+CIPSEND=24" (13)
23:27:09  [AT] " S,2284,0F,00,2763,P1,48" (24)
23:27:09  [AT] "SEND OK" (7)
23:27:10  «tap» 살아있음 — 최근 60초 rx=7959B (이 줄이 끊기면 탭이 죽은 것이다)
23:27:10  [TX] S,2285,0F,00,2764,P1,4E
23:27:10  [SLOT] n=2304 tx=23 ack=0 due=0 r=1
23:27:10  [AT] "AT+CIPSEND=24" (13)
23:27:10  [AT] " S,2285,0F,00,2764,P1,4E" (24)
23:27:10  [AT] "SEND OK" (7)
23:27:11  [TX] S,2286,0F,00,2766,P1,4F
23:27:11  [SLOT] n=2305 tx=23 ack=0 due=0 r=1
23:27:11  [AT] "AT+CIPSEND=24" (13)
23:27:11  [AT] " S,2286,0F,00,2766,P1,4F" (24)
23:27:11  [AT] "SEND OK" (7)
23:27:12  [TX] S,2287,0F,00,2767,P1,4F
23:27:12  [SLOT] n=2306 tx=23 ack=0 due=0 r=1
23:27:12  [AT] "AT+CIPSEND=24" (13)
23:27:12  [AT] " S,2287,0F,00,2767,P1,4F" (24)
23:27:12  [AT] "SEND OK" (7)
23:27:14  [TX] S,2288,0F,00,2768,P1,4F
23:27:14  [SLOT] n=2307 tx=23 ack=0 due=0 r=1
23:27:14  [AT] "AT+CIPSEND=24" (13)
23:27:14  [AT] " S,2288,0F,00,2768,P1,4F" (24)
23:27:14  [AT] "SEND OK" (7)
23:27:15  [TX] S,2289,0F,00,2769,P1,4F
23:27:15  [SLOT] n=2308 tx=23 ack=0 due=0 r=1
23:27:15  [AT] "AT+CIPSEND=24" (13)
23:27:15  [AT] " S,2289,0F,00,2769,P1,4F" (24)
23:27:15  [AT] "SEND OK" (7)
23:27:16  [TX] S,2290,0F,00,2770,P1,4F
23:27:16  [SLOT] n=2309 tx=23 ack=0 due=0 r=1
23:27:16  [AT] "AT+CIPSEND=24" (13)
23:27:16  [AT] " S,2290,0F,00,2770,P1,4F" (24)
23:27:16  [AT] "SEND OK" (7)
23:27:17  [TX] S,2291,0F,00,2772,P1,4C
23:27:17  [SLOT] n=2310 tx=23 ack=0 due=0 r=1
23:27:17  [AT] "AT+CIPSEND=24" (13)
23:27:17  [AT] " S,2291,0F,00,2772,P1,4C" (24)
23:27:17  [AT] "SEND OK" (7)
23:27:18  [TX] S,2292,0F,00,2773,P1,4E
23:27:18  [SLOT] n=2311 tx=23 ack=0 due=0 r=1
23:27:18  [AT] "AT+CIPSEND=24" (13)
23:27:18  [AT] " S,2292,0F,00,2773,P1,4E" (24)
23:27:18  [AT] "SEND OK" (7)
23:27:21  [TX] S,2293,0F,00,2774,P1,48
23:27:21  [SLOT] n=2312 tx=23 ack=0 due=0 r=1
23:27:21  [AT] "AT+CIPSEND=24" (13)
23:27:21  [AT] " S,2293,0F,00,2774,P1,48" (24)
23:27:21  [AT] "SEND OK" (7)
23:27:22  [TX] S,2294,0F,00,2775,P1,4E
23:27:22  [SLOT] n=2313 tx=23 ack=0 due=0 r=1
23:27:22  [AT] "AT+CIPSEND=24" (13)
23:27:22  [AT] " S,2294,0F,00,2775,P1,4E" (24)
23:27:22  [AT] "SEND OK" (7)
23:27:23  [TX] S,2295,0F,00,2776,P1,4C
23:27:23  [SLOT] n=2314 tx=23 ack=0 due=0 r=1
23:27:23  [AT] "AT+CIPSEND=24" (13)
23:27:23  [AT] " S,2295,0F,00,2776,P1,4C" (24)
23:27:23  [AT] "SEND OK" (7)
23:27:24  [TX] S,2296,0F,00,2778,P1,41
23:27:24  [SLOT] n=2315 tx=23 ack=0 due=0 r=1
23:27:24  [AT] "AT+CIPSEND=24" (13)
23:27:24  [AT] " S,2296,0F,00,2778,P1,41" (24)
23:27:24  [AT] "SEND OK" (7)
23:27:25  [TX] S,2297,0F,00,2779,P1,41
23:27:25  [SLOT] n=2316 tx=23 ack=0 due=0 r=1
23:27:25  [AT] "AT+CIPSEND=24" (13)
23:27:25  [AT] " S,2297,0F,00,2779,P1,41" (24)
23:27:25  [AT] "SEND OK" (7)
23:27:27  [TX] S,2298,0F,00,2780,P1,48
23:27:27  [SLOT] n=2317 tx=23 ack=0 due=0 r=1
23:27:27  [AT] "AT+CIPSEND=24" (13)
23:27:27  [AT] " S,2298,0F,00,2780,P1,48" (24)
23:27:27  [AT] "SEND OK" (7)
23:27:28  [TX] S,2299,0F,00,2781,P1,48
23:27:28  [SLOT] n=2318 tx=23 ack=0 due=0 r=1
23:27:28  [AT] "AT+CIPSEND=24" (13)
23:27:28  [AT] " S,2299,0F,00,2781,P1,48" (24)
23:27:28  [AT] "SEND OK" (7)
23:27:29  [TX] S,2300,0F,00,2782,P1,4A
23:27:29  [SLOT] n=2319 tx=23 ack=0 due=0 r=1
23:27:29  [AT] "AT+CIPSEND=24" (13)
23:27:29  [AT] " S,2300,0F,00,2782,P1,4A" (24)
23:27:29  [AT] "SEND OK" (7)
23:27:30  [TX] S,2301,0F,00,2784,P1,4D
23:27:30  [SLOT] n=2320 tx=23 ack=0 due=0 r=1
23:27:30  [AT] "AT+CIPSEND=24" (13)
23:27:30  [AT] " S,2301,0F,00,2784,P1,4D" (24)
23:27:30  [AT] "SEND OK" (7)
23:27:31  [TX] S,2302,0F,00,2785,P1,4F
23:27:31  [SLOT] n=2321 tx=23 ack=0 due=0 r=1
23:27:31  [AT] "AT+CIPSEND=24" (13)
23:27:31  [AT] " S,2302,0F,00,2785,P1,4F" (24)
23:27:31  [AT] "SEND OK" (7)
23:27:33  [TX] S,2303,0F,00,2786,P1,4D
23:27:33  [SLOT] n=2322 tx=23 ack=0 due=0 r=1
23:27:33  [AT] "AT+CIPSEND=24" (13)
23:27:33  [AT] " S,2303,0F,00,2786,P1,4D" (24)
23:27:33  [AT] "SEND OK" (7)
23:27:34  [TX] S,2304,0F,00,2787,P1,4B
23:27:34  [SLOT] n=2323 tx=23 ack=0 due=0 r=1
23:27:34  [AT] "AT+CIPSEND=24" (13)
23:27:34  [AT] " S,2304,0F,00,2787,P1,4B" (24)
23:27:34  [AT] "SEND OK" (7)
23:27:35  [TX] S,2305,0F,00,2788,P1,45
23:27:35  [SLOT] n=2324 tx=23 ack=0 due=0 r=1
23:27:35  [AT] "AT+CIPSEND=24" (13)
23:27:35  [AT] " S,2305,0F,00,2788,P1,45" (24)
23:27:35  [AT] "SEND OK" (7)
23:27:36  [TX] S,2306,0F,00,2790,P1,4F
23:27:36  [SLOT] n=2325 tx=23 ack=0 due=0 r=1
23:27:36  [AT] "AT+CIPSEND=24" (13)
23:27:36  [AT] " S,2306,0F,00,2790,P1,4F" (24)
23:27:36  [AT] "SEND OK" (7)
23:27:37  [TX] S,2307,0F,00,2791,P1,4F
23:27:37  [SLOT] n=2326 tx=23 ack=0 due=0 r=1
23:27:37  [AT] "AT+CIPSEND=24" (13)
23:27:37  [AT] " S,2307,0F,00,2791,P1,4F" (24)
23:27:37  [AT] "SEND OK" (7)
23:27:39  [TX] S,2308,0F,00,2792,P1,43
23:27:39  [SLOT] n=2327 tx=23 ack=0 due=0 r=1
23:27:39  [AT] "AT+CIPSEND=24" (13)
23:27:39  [AT] " S,2308,0F,00,2792,P1,43" (24)
23:27:39  [AT] "SEND OK" (7)
23:27:40  [TX] S,2309,0F,00,2793,P1,43
23:27:40  [SLOT] n=2328 tx=23 ack=0 due=0 r=1
23:27:40  [AT] "AT+CIPSEND=24" (13)
23:27:40  [AT] " S,2309,0F,00,2793,P1,43" (24)
23:27:40  [AT] "SEND OK" (7)
23:27:41  [TX] S,2310,0F,00,2794,P1,4C
23:27:41  [SLOT] n=2329 tx=23 ack=0 due=0 r=1
23:27:41  [AT] "AT+CIPSEND=24" (13)
23:27:41  [AT] " S,2310,0F,00,2794,P1,4C" (24)
23:27:41  [AT] "SEND OK" (7)
23:27:42  [TX] S,2311,0F,00,2796,P1,4F
23:27:42  [SLOT] n=2330 tx=23 ack=0 due=0 r=1
23:27:42  [AT] "AT+CIPSEND=24" (13)
23:27:42  [AT] " S,2311,0F,00,2796,P1,4F" (24)
23:27:42  [AT] "SEND OK" (7)
23:27:43  [TX] S,2312,0F,00,2797,P1,4D
23:27:43  [SLOT] n=2331 tx=23 ack=0 due=0 r=1
23:27:43  [AT] "AT+CIPSEND=24" (13)
23:27:43  [AT] " S,2312,0F,00,2797,P1,4D" (24)
23:27:43  [AT] "SEND OK" (7)
23:27:45  [TX] S,2313,0F,00,2798,P1,43
23:27:45  [SLOT] n=2332 tx=23 ack=0 due=0 r=1
23:27:45  [AT] "AT+CIPSEND=24" (13)
23:27:45  [AT] " S,2313,0F,00,2798,P1,43" (24)
23:27:45  [AT] "SEND OK" (7)
23:27:46  [TX] S,2314,0F,00,2799,P1,45
23:27:46  [SLOT] n=2333 tx=23 ack=0 due=0 r=1
23:27:46  [AT] "AT+CIPSEND=24" (13)
23:27:46  [AT] " S,2314,0F,00,2799,P1,45" (24)
23:27:46  [AT] "SEND OK" (7)
23:27:47  [TX] S,2315,0F,00,2800,P1,4B
23:27:47  [SLOT] n=2334 tx=23 ack=0 due=0 r=1
23:27:47  [AT] "AT+CIPSEND=24" (13)
23:27:47  [AT] " S,2315,0F,00,2800,P1,4B" (24)
23:27:47  [AT] "SEND OK" (7)
23:27:48  [TX] S,2316,0F,00,2802,P1,4A
23:27:48  [SLOT] n=2335 tx=23 ack=0 due=0 r=1
23:27:48  [AT] "AT+CIPSEND=24" (13)
23:27:48  [AT] " S,2316,0F,00,2802,P1,4A" (24)
23:27:48  [AT] "SEND OK" (7)
23:27:49  [TX] S,2317,0F,00,2803,P1,4A
23:27:49  [SLOT] n=2336 tx=23 ack=0 due=0 r=1
23:27:49  [AT] "AT+CIPSEND=24" (13)
23:27:49  [AT] " S,2317,0F,00,2803,P1,4A" (24)
23:27:49  [AT] "SEND OK" (7)
23:27:50  [TX] S,2318,0F,00,2804,P1,42
23:27:50  [SLOT] n=2337 tx=23 ack=0 due=0 r=1
23:27:50  [AT] "AT+CIPSEND=24" (13)
23:27:51  [AT] " S,2318,0F,00,2804,P1,42" (24)
23:27:51  [AT] "SEND OK" (7)
23:27:52  [TX] S,2319,0F,00,2805,P1,42
23:27:52  [SLOT] n=2338 tx=23 ack=0 due=0 r=1
23:27:52  [AT] "AT+CIPSEND=24" (13)
23:27:52  [AT] " S,2319,0F,00,2805,P1,42" (24)
23:27:52  [AT] "SEND OK" (7)
23:27:53  [TX] S,2320,0F,00,2806,P1,4B
23:27:53  [SLOT] n=2339 tx=23 ack=0 due=0 r=1
23:27:53  [AT] "AT+CIPSEND=24" (13)
23:27:53  [AT] " S,2320,0F,00,2806,P1,4B" (24)
23:27:53  [AT] "SEND OK" (7)
23:27:54  [TX] S,2321,0F,00,2808,P1,44
23:27:54  [SLOT] n=2340 tx=23 ack=0 due=0 r=1
23:27:54  [AT] "AT+CIPSEND=24" (13)
23:27:54  [AT] " S,2321,0F,00,2808,P1,44" (24)
23:27:54  [AT] "SEND OK" (7)
23:27:55  [TX] S,2322,0F,00,2809,P1,46
23:27:55  [SLOT] n=2341 tx=23 ack=0 due=0 r=1
23:27:55  [AT] "AT+CIPSEND=24" (13)
23:27:55  [AT] " S,2322,0F,00,2809,P1,46" (24)
23:27:55  [AT] "SEND OK" (7)
23:27:56  [TX] S,2323,0F,00,2810,P1,4F
23:27:56  [SLOT] n=2342 tx=23 ack=0 due=0 r=1
23:27:56  [AT] "AT+CIPSEND=24" (13)
23:27:57  [AT] " S,2323,0F,00,2810,P1,4F" (24)
23:27:57  [AT] "SEND OK" (7)
23:27:58  [TX] S,2324,0F,00,2811,P1,49
23:27:58  [SLOT] n=2343 tx=23 ack=0 due=0 r=1
23:27:58  [AT] "AT+CIPSEND=24" (13)
23:27:58  [AT] " S,2324,0F,00,2811,P1,49" (24)
23:27:58  [AT] "SEND OK" (7)
23:27:59  [TX] S,2325,0F,00,2812,P1,4B
23:27:59  [SLOT] n=2344 tx=23 ack=0 due=0 r=1
23:27:59  [AT] "AT+CIPSEND=24" (13)
23:27:59  [AT] " S,2325,0F,00,2812,P1,4B" (24)
23:27:59  [AT] "SEND OK" (7)
23:28:00  [TX] S,2326,0F,00,2814,P1,4E
23:28:00  [SLOT] n=2345 tx=23 ack=0 due=0 r=1
23:28:00  [AT] "AT+CIPSEND=24" (13)
23:28:00  [AT] " S,2326,0F,00,2814,P1,4E" (24)
23:28:00  [AT] "SEND OK" (7)
23:28:01  [TX] S,2327,0F,00,2815,P1,4E
23:28:01  [SLOT] n=2346 tx=23 ack=0 due=0 r=1
23:28:01  [AT] "AT+CIPSEND=24" (13)
23:28:01  [AT] " S,2327,0F,00,2815,P1,4E" (24)
23:28:01  [AT] "SEND OK" (7)
23:28:02  [TX] S,2328,0F,00,2816,P1,42
23:28:02  [SLOT] n=2347 tx=23 ack=0 due=0 r=1
23:28:02  [AT] "AT+CIPSEND=24" (13)
23:28:02  [AT] " S,2328,0F,00,2816,P1,42" (24)
23:28:02  [AT] "SEND OK" (7)
23:28:04  [TX] S,2329,0F,00,2817,P1,42
23:28:04  [SLOT] n=2348 tx=23 ack=0 due=0 r=1
23:28:04  [AT] "AT+CIPSEND=24" (13)
23:28:04  [AT] " S,2329,0F,00,2817,P1,42" (24)
23:28:04  [AT] "SEND OK" (7)
23:28:05  [TX] S,2330,0F,00,2818,P1,45
23:28:05  [SLOT] n=2349 tx=23 ack=0 due=0 r=1
23:28:05  [AT] "AT+CIPSEND=24" (13)
23:28:05  [AT] " S,2330,0F,00,2818,P1,45" (24)
23:28:05  [AT] "SEND OK" (7)
23:28:06  [TX] S,2331,0F,00,2820,P1,4F
23:28:06  [SLOT] n=2350 tx=23 ack=0 due=0 r=1
23:28:06  [CNT] up=2820 drop=0 esprst=0 hwrst=0/0 resync=0 sendfail=0 okto=1 stuck=0 ackq=0 ackdrop=0 ackstale=0 slot=2350 oow=1 smiss=3 ssovf=0 cksumng=0 okstream=2330 penddrop=0 pendfill=2332 bigfill=4 bigdrop=0 bigokst=4 oklost=0 bigoklost=0 skip=8 online=1
23:28:06  [RAM] 최저 여유 571 B · 프롬프트 재동기 0회 (서버의 '버린줄' 과 맞아야 한다)
23:28:06  [AT] " S,2331,0F,00,2820,P1,4F" (24)
23:28:06  [AT] "SEND OK" (7)
23:28:06  [AT] "AT+CIPSEND=24" (13)
23:28:07  [TX] S,2332,0F,00,2821,P1,4D
23:28:07  [SLOT] n=2351 tx=23 ack=0 due=0 r=1
23:28:07  [AT] "AT+CIPSEND=24" (13)
23:28:07  [AT] " S,2332,0F,00,2821,P1,4D" (24)
23:28:07  [AT] "SEND OK" (7)
23:28:08  [TX] S,2333,0F,00,2822,P1,4F
23:28:08  [SLOT] n=2352 tx=23 ack=0 due=0 r=1
23:28:08  [AT] "AT+CIPSEND=24" (13)
23:28:08  [AT] " S,2333,0F,00,2822,P1,4F" (24)
23:28:08  [AT] "SEND OK" (7)
23:28:10  [TX] S,2334,0F,00,2823,P1,49
23:28:10  [SLOT] n=2353 tx=23 ack=0 due=0 r=1
23:28:10  [AT] "AT+CIPSEND=24" (13)
23:28:10  [AT] " S,2334,0F,00,2823,P1,49" (24)
23:28:10  [AT] "SEND OK" (7)
23:28:11  «tap» 살아있음 — 최근 60초 rx=7955B (이 줄이 끊기면 탭이 죽은 것이다)
23:28:11  [TX] S,2335,0F,00,2824,P1,4F
23:28:11  [SLOT] n=2354 tx=23 ack=0 due=0 r=1
23:28:11  [AT] "AT+CIPSEND=24" (13)
23:28:11  [AT] " S,2335,0F,00,2824,P1,4F" (24)
23:28:11  [AT] "SEND OK" (7)
23:28:12  [TX] S,2336,0F,00,2826,P1,4E
23:28:12  [SLOT] n=2355 tx=23 ack=0 due=0 r=1
23:28:12  [AT] "AT+CIPSEND=24" (13)
23:28:12  [AT] " S,2336,0F,00,2826,P1,4E" (24)
23:28:12  [AT] "SEND OK" (7)
23:28:13  [TX] S,2337,0F,00,2827,P1,4E
23:28:13  [SLOT] n=2356 tx=23 ack=0 due=0 r=1
23:28:13  [AT] "AT+CIPSEND=24" (13)
23:28:13  [AT] " S,2337,0F,00,2827,P1,4E" (24)
23:28:13  [AT] "SEND OK" (7)
23:28:14  [TX] S,2338,0F,00,2828,P1,4E
23:28:14  [SLOT] n=2357 tx=23 ack=0 due=0 r=1
23:28:14  [AT] "AT+CIPSEND=24" (13)
23:28:14  [AT] " S,2338,0F,00,2828,P1,4E" (24)
23:28:14  [AT] "SEND OK" (7)
23:28:16  [TX] S,2339,0F,00,2829,P1,4E
23:28:16  [SLOT] n=2358 tx=23 ack=0 due=0 r=1
23:28:16  [AT] "AT+CIPSEND=24" (13)
23:28:16  [AT] " S,2339,0F,00,2829,P1,4E" (24)
23:28:16  [AT] "SEND OK" (7)
23:28:17  [TX] S,2340,0F,00,2830,P1,48
23:28:17  [SLOT] n=2359 tx=23 ack=0 due=0 r=1
23:28:17  [AT] "AT+CIPSEND=24" (13)
23:28:17  [AT] " S,2340,0F,00,2830,P1,48" (24)
23:28:17  [AT] "SEND OK" (7)
23:28:18  [TX] S,2341,0F,00,2832,P1,4B
23:28:18  [SLOT] n=2360 tx=23 ack=0 due=0 r=1
23:28:18  [AT] "AT+CIPSEND=24" (13)
23:28:18  [AT] " S,2341,0F,00,2832,P1,4B" (24)
23:28:18  [AT] "SEND OK" (7)
23:28:19  [TX] S,2342,0F,00,2833,P1,49
23:28:19  [SLOT] n=2361 tx=23 ack=0 due=0 r=1
23:28:19  [AT] "AT+CIPSEND=24" (13)
23:28:19  [AT] " S,2342,0F,00,2833,P1,49" (24)
23:28:19  [AT] "SEND OK" (7)
23:28:20  [TX] S,2343,0F,00,2834,P1,4F
23:28:20  [SLOT] n=2362 tx=23 ack=0 due=0 r=1
23:28:20  [AT] "AT+CIPSEND=24" (13)
23:28:20  [AT] " S,2343,0F,00,2834,P1,4F" (24)
23:28:20  [AT] "SEND OK" (7)
23:28:22  [TX] S,2344,0F,00,2835,P1,49
23:28:22  [SLOT] n=2363 tx=23 ack=0 due=0 r=1
23:28:22  [AT] "AT+CIPSEND=24" (13)
23:28:22  [AT] " S,2344,0F,00,2835,P1,49" (24)
23:28:22  [AT] "SEND OK" (7)
23:28:23  [TX] S,2345,0F,00,2836,P1,4B
23:28:23  [SLOT] n=2364 tx=23 ack=0 due=0 r=1
23:28:23  [AT] "AT+CIPSEND=24" (13)
23:28:23  [AT] " S,2345,0F,00,2836,P1,4B" (24)
23:28:23  [AT] "SEND OK" (7)
23:28:24  [TX] S,2346,0F,00,2838,P1,46
23:28:24  [SLOT] n=2365 tx=23 ack=0 due=0 r=1
23:28:24  [AT] "AT+CIPSEND=24" (13)
23:28:24  [AT] " S,2346,0F,00,2838,P1,46" (24)
23:28:24  [AT] "SEND OK" (7)
23:28:25  [TX] S,2347,0F,00,2839,P1,46
23:28:25  [SLOT] n=2366 tx=23 ack=0 due=0 r=1
23:28:25  [AT] "AT+CIPSEND=24" (13)
23:28:25  [AT] " S,2347,0F,00,2839,P1,46" (24)
23:28:25  [AT] "SEND OK" (7)
23:28:26  [TX] S,2348,0F,00,2840,P1,47
23:28:26  [SLOT] n=2367 tx=23 ack=0 due=0 r=1
23:28:26  [AT] "AT+CIPSEND=24" (13)
23:28:26  [AT] " S,2348,0F,00,2840,P1,47" (24)
23:28:26  [AT] "SEND OK" (7)
23:28:28  [TX] S,2349,0F,00,2841,P1,47
23:28:28  [SLOT] n=2368 tx=23 ack=0 due=0 r=1
23:28:28  [AT] "AT+CIPSEND=24" (13)
23:28:28  [AT] " S,2349,0F,00,2841,P1,47" (24)
23:28:28  [AT] "SEND OK" (7)
23:28:29  [TX] S,2350,0F,00,2842,P1,4C
23:28:29  [SLOT] n=2369 tx=23 ack=0 due=0 r=1
23:28:29  [AT] "AT+CIPSEND=24" (13)
23:28:29  [AT] " S,2350,0F,00,2842,P1,4C" (24)
23:28:29  [AT] "SEND OK" (7)
23:28:30  [TX] S,2351,0F,00,2844,P1,4B
23:28:30  [SLOT] n=2370 tx=23 ack=0 due=0 r=1
23:28:30  [AT] "AT+CIPSEND=24" (13)
23:28:30  [AT] " S,2351,0F,00,2844,P1,4B" (24)
23:28:30  [AT] "SEND OK" (7)
23:28:31  [TX] S,2352,0F,00,2845,P1,49
23:28:31  [SLOT] n=2371 tx=23 ack=0 due=0 r=1
23:28:31  [AT] "AT+CIPSEND=24" (13)
23:28:31  [AT] " S,2352,0F,00,2845,P1,49" (24)
23:28:31  [AT] "SEND OK" (7)
23:28:32  [TX] S,2353,0F,00,2846,P1,4B
23:28:32  [SLOT] n=2372 tx=23 ack=0 due=0 r=1
23:28:32  [AT] "AT+CIPSEND=24" (13)
23:28:32  [AT] " S,2353,0F,00,2846,P1,4B" (24)
23:28:32  [AT] "SEND OK" (7)
23:28:34  [TX] S,2354,0F,00,2847,P1,4D
23:28:34  [SLOT] n=2373 tx=23 ack=0 due=0 r=1
23:28:34  [AT] "AT+CIPSEND=24" (13)
23:28:34  [AT] " S,2354,0F,00,2847,P1,4D" (24)
23:28:34  [AT] "SEND OK" (7)
23:28:35  [TX] S,2355,0F,00,2848,P1,43
23:28:35  [SLOT] n=2374 tx=23 ack=0 due=0 r=1
23:28:35  [AT] "AT+CIPSEND=24" (13)
23:28:35  [AT] " S,2355,0F,00,2848,P1,43" (24)
23:28:35  [AT] "SEND OK" (7)
23:28:36  [TX] S,2356,0F,00,2850,P1,49
23:28:36  [SLOT] n=2375 tx=23 ack=0 due=0 r=1
23:28:36  [AT] "AT+CIPSEND=24" (13)
23:28:36  [AT] " S,2356,0F,00,2850,P1,49" (24)
23:28:36  [AT] "SEND OK" (7)
23:28:37  [TX] S,2357,0F,00,2851,P1,49
23:28:37  [SLOT] n=2376 tx=23 ack=0 due=0 r=1
23:28:37  [AT] "AT+CIPSEND=24" (13)
23:28:37  [AT] " S,2357,0F,00,2851,P1,49" (24)
23:28:37  [AT] "SEND OK" (7)
23:28:38  [TX] S,2358,0F,00,2852,P1,45
23:28:38  [SLOT] n=2377 tx=23 ack=0 due=0 r=1
23:28:38  [AT] "AT+CIPSEND=24" (13)
23:28:38  [AT] " S,2358,0F,00,2852,P1,45" (24)
23:28:38  [AT] "SEND OK" (7)
23:28:39  [TX] S,2359,0F,00,2853,P1,45
23:28:39  [SLOT] n=2378 tx=23 ack=0 due=0 r=1
23:28:39  [AT] "AT+CIPSEND=24" (13)
23:28:40  [AT] " S,2359,0F,00,2853,P1,45" (24)
23:28:40  [AT] "SEND OK" (7)
23:28:41  [TX] S,2360,0F,00,2854,P1,48
23:28:41  [SLOT] n=2379 tx=23 ack=0 due=0 r=1
23:28:41  [AT] "AT+CIPSEND=24" (13)
23:28:41  [AT] " S,2360,0F,00,2854,P1,48" (24)
23:28:41  [AT] "SEND OK" (7)
23:28:42  [TX] S,2361,0F,00,2856,P1,4B
23:28:42  [SLOT] n=2380 tx=23 ack=0 due=0 r=1
23:28:42  [AT] "AT+CIPSEND=24" (13)
23:28:42  [AT] " S,2361,0F,00,2856,P1,4B" (24)
23:28:42  [AT] "SEND OK" (7)
23:28:43  [TX] S,2362,0F,00,2857,P1,49
23:28:43  [SLOT] n=2381 tx=23 ack=0 due=0 r=1
23:28:43  [AT] "AT+CIPSEND=24" (13)
23:28:43  [AT] " S,2362,0F,00,2857,P1,49" (24)
23:28:43  [AT] "SEND OK" (7)
23:28:44  [TX] S,2363,0F,00,2858,P1,47
23:28:44  [SLOT] n=2382 tx=23 ack=0 due=0 r=1
23:28:44  [AT] "AT+CIPSEND=24" (13)
23:28:44  [AT] " S,2363,0F,00,2858,P1,47" (24)
23:28:44  [AT] "SEND OK" (7)
23:28:45  [TX] S,2364,0F,00,2859,P1,41
23:28:45  [SLOT] n=2383 tx=23 ack=0 due=0 r=1
23:28:45  [AT] "AT+CIPSEND=24" (13)
23:28:45  [AT] " S,2364,0F,00,2859,P1,41" (24)
23:28:45  [AT] "SEND OK" (7)
23:28:47  [TX] S,2365,0F,00,2860,P1,4A
23:28:47  [SLOT] n=2384 tx=23 ack=0 due=0 r=1
23:28:47  [AT] "AT+CIPSEND=24" (13)
23:28:47  [AT] " S,2365,0F,00,2860,P1,4A" (24)
23:28:47  [AT] "SEND OK" (7)
23:28:48  [TX] S,2366,0F,00,2862,P1,4B
23:28:48  [SLOT] n=2385 tx=23 ack=0 due=0 r=1
23:28:48  [AT] "AT+CIPSEND=24" (13)
23:28:48  [AT] " S,2366,0F,00,2862,P1,4B" (24)
23:28:48  [AT] "SEND OK" (7)
23:28:49  [TX] S,2367,0F,00,2863,P1,4B
23:28:49  [SLOT] n=2386 tx=23 ack=0 due=0 r=1
23:28:49  [AT] "AT+CIPSEND=24" (13)
23:28:49  [AT] " S,2367,0F,00,2863,P1,4B" (24)
23:28:49  [AT] "SEND OK" (7)
23:28:50  [TX] S,2368,0F,00,2864,P1,43
23:28:50  [SLOT] n=2387 tx=23 ack=0 due=0 r=1
23:28:50  [AT] "AT+CIPSEND=24" (13)
23:28:50  [AT] " S,2368,0F,00,2864,P1,43" (24)
23:28:50  [AT] "SEND OK" (7)
23:28:51  [TX] S,2369,0F,00,2865,P1,43
23:28:51  [SLOT] n=2388 tx=23 ack=0 due=0 r=1
23:28:51  [AT] "AT+CIPSEND=24" (13)
23:28:51  [AT] " S,2369,0F,00,2865,P1,43" (24)
23:28:51  [AT] "SEND OK" (7)
23:28:53  [TX] S,2370,0F,00,2866,P1,48
23:28:53  [SLOT] n=2389 tx=23 ack=0 due=0 r=1
23:28:53  [AT] "AT+CIPSEND=24" (13)
23:28:53  [AT] " S,2370,0F,00,2866,P1,48" (24)
23:28:53  [AT] "SEND OK" (7)
23:28:54  [TX] S,2371,0F,00,2868,P1,47
23:28:54  [SLOT] n=2390 tx=23 ack=0 due=0 r=1
23:28:54  [AT] "AT+CIPSEND=24" (13)
23:28:54  [AT] " S,2371,0F,00,2868,P1,47" (24)
23:28:54  [AT] "SEND OK" (7)
23:28:55  [TX] S,2372,0F,00,2869,P1,45
23:28:55  [SLOT] n=2391 tx=23 ack=0 due=0 r=1
23:28:55  [AT] "AT+CIPSEND=24" (13)
23:28:55  [AT] " S,2372,0F,00,2869,P1,45" (24)
23:28:55  [AT] "SEND OK" (7)
23:28:56  [TX] S,2373,0F,00,2870,P1,4C
23:28:56  [SLOT] n=2392 tx=23 ack=0 due=0 r=1
23:28:56  [AT] "AT+CIPSEND=24" (13)
23:28:56  [AT] " S,2373,0F,00,2870,P1,4C" (24)
23:28:56  [AT] "SEND OK" (7)
23:28:57  [TX] S,2374,0F,00,2871,P1,4A
23:28:57  [SLOT] n=2393 tx=23 ack=0 due=0 r=1
23:28:57  [AT] "AT+CIPSEND=24" (13)
23:28:57  [AT] " S,2374,0F,00,2871,P1,4A" (24)
23:28:57  [AT] "SEND OK" (7)
23:28:59  [TX] S,2375,0F,00,2872,P1,48
23:28:59  [SLOT] n=2394 tx=23 ack=0 due=0 r=1
23:28:59  [AT] "AT+CIPSEND=24" (13)
23:28:59  [AT] " S,2375,0F,00,2872,P1,48" (24)
23:28:59  [AT] "SEND OK" (7)
23:29:00  [TX] S,2376,0F,00,2874,P1,4D
23:29:00  [SLOT] n=2395 tx=23 ack=0 due=0 r=1
23:29:00  [AT] "AT+CIPSEND=24" (13)
23:29:00  [AT] " S,2376,0F,00,2874,P1,4D" (24)
23:29:00  [AT] "SEND OK" (7)
23:29:01  [TX] S,2377,0F,00,2875,P1,4D
23:29:01  [SLOT] n=2396 tx=23 ack=0 due=0 r=1
23:29:01  [AT] "AT+CIPSEND=24" (13)
23:29:01  [AT] " S,2377,0F,00,2875,P1,4D" (24)
23:29:01  [AT] "SEND OK" (7)
23:29:02  [TX] S,2378,0F,00,2876,P1,41
23:29:02  [SLOT] n=2397 tx=23 ack=0 due=0 r=1
23:29:02  [AT] "AT+CIPSEND=24" (13)
23:29:02  [AT] " S,2378,0F,00,2876,P1,41" (24)
23:29:02  [AT] "SEND OK" (7)
23:29:03  [TX] S,2379,0F,00,2877,P1,41
23:29:03  [SLOT] n=2398 tx=23 ack=0 due=0 r=1
23:29:03  [AT] "AT+CIPSEND=24" (13)
23:29:03  [AT] " S,2379,0F,00,2877,P1,41" (24)
23:29:03  [AT] "SEND OK" (7)
23:29:05  [TX] S,2380,0F,00,2878,P1,48
23:29:05  [SLOT] n=2399 tx=23 ack=0 due=0 r=1
23:29:05  [AT] "AT+CIPSEND=24" (13)
23:29:05  [AT] " S,2380,0F,00,2878,P1,48" (24)
23:29:05  [AT] "SEND OK" (7)
23:29:06  [TX] S,2381,0F,00,2880,P1,4E
23:29:06  [SLOT] n=2400 tx=23 ack=0 due=0 r=1
23:29:06  [CNT] up=2880 drop=0 esprst=0 hwrst=0/0 resync=0 sendfail=0 okto=1 stuck=0 ackq=0 ackdrop=0 ackstale=0 slot=2400 oow=1 smiss=3 ssovf=0 cksumng=0 okstream=2380 penddrop=0 pendfill=2382 bigfill=4 bigdrop=0 bigokst=4 oklost=0 bigoklost=0 skip=8 online=1
23:29:06  [RAM] 최저 여유 571 B · 프롬프트 재동기 0회 (서버의 '버린줄' 과 맞아야 한다)
23:29:06  [AT] " S,2381,0F,00,2880,P1,4E" (24)
23:29:06  [AT] "SEND OK" (7)
23:29:06  [AT] "AT+CIPSEND=24" (13)
23:29:07  [TX] S,2382,0F,00,2881,P1,4C
23:29:07  [SLOT] n=2401 tx=23 ack=0 due=0 r=1
23:29:07  [AT] "AT+CIPSEND=24" (13)
23:29:07  [AT] " S,2382,0F,00,2881,P1,4C" (24)
23:29:07  [AT] "SEND OK" (7)
23:29:08  [TX] S,2383,0F,00,2882,P1,4E
23:29:08  [SLOT] n=2402 tx=23 ack=0 due=0 r=1
23:29:08  [AT] "AT+CIPSEND=24" (13)
23:29:08  [AT] " S,2383,0F,00,2882,P1,4E" (24)
23:29:08  [AT] "SEND OK" (7)
23:29:09  [TX] S,2384,0F,00,2883,P1,48
23:29:09  [SLOT] n=2403 tx=23 ack=0 due=0 r=1
23:29:09  [AT] "AT+CIPSEND=24" (13)
23:29:09  [AT] " S,2384,0F,00,2883,P1,48" (24)
23:29:09  [AT] "SEND OK" (7)
23:29:11  «tap» 살아있음 — 최근 60초 rx=7955B (이 줄이 끊기면 탭이 죽은 것이다)
23:29:11  [TX] S,2385,0F,00,2884,P1,4E
23:29:11  [SLOT] n=2404 tx=23 ack=0 due=0 r=1
23:29:11  [AT] "AT+CIPSEND=24" (13)
23:29:11  [AT] " S,2385,0F,00,2884,P1,4E" (24)
23:29:11  [AT] "SEND OK" (7)
23:29:12  [TX] S,2386,0F,00,2886,P1,4F
23:29:12  [SLOT] n=2405 tx=23 ack=0 due=0 r=1
23:29:12  [AT] "AT+CIPSEND=24" (13)
23:29:12  [AT] " S,2386,0F,00,2886,P1,4F" (24)
23:29:12  [AT] "SEND OK" (7)
23:29:13  [TX] S,2387,0F,00,2887,P1,4F
23:29:13  [SLOT] n=2406 tx=23 ack=0 due=0 r=1
23:29:13  [AT] "AT+CIPSEND=24" (13)
23:29:13  [AT] " S,2387,0F,00,2887,P1,4F" (24)
23:29:13  [AT] "SEND OK" (7)
23:29:14  [TX] S,2388,0F,00,2888,P1,4F
23:29:14  [SLOT] n=2407 tx=23 ack=0 due=0 r=1
23:29:14  [AT] "AT+CIPSEND=24" (13)
23:29:14  [AT] " S,23p8,0F,00,2888,P1,4F" (24)
23:29:14  [AT] "SEND OK" (7)
23:29:15  [TX] S,2389,0F,00,2889,P1,4F
23:29:15  [SLOT] n=2408 tx=23 ack=0 due=0 r=1
23:29:15  [AT] "AT+CIPSEND=24" (13)
23:29:15  [AT] " S,2389,0F,00,2889,P1,4F" (24)
23:29:15  [AT] "SEND OK" (7)
23:29:16  [TX] S,2390,0F,00,2890,P1,4F
23:29:16  [SLOT] n=2409 tx=23 ack=0 due=0 r=1
23:29:16  [AT] "AT+CIPSEND=24" (13)
23:29:17  [AT] " S,2390,0F,00,2890,P1,4F" (24)
23:29:17  [AT] "SEND OK" (7)
23:29:18  [TX] S,2391,0F,00,2892,P1,4C
23:29:18  [SLOT] n=2410 tx=23 ack=0 due=0 r=1
23:29:18  [AT] "AT+CIPSEND=24" (13)
23:29:18  [AT] " S,2391,0F,00,2892,P1,4C" (24)
23:29:18  [AT] "SEND OK" (7)
23:29:19  [TX] S,2392,0F,00,2893,P1,4E
23:29:19  [SLOT] n=2411 tx=23 ack=0 due=0 r=1
23:29:19  [AT] "AT+CIPSEND=24" (13)
23:29:19  [AT] " S,2392,0F,00,2893,P1,4E" (24)
23:29:19  [AT] "SEND OK" (7)
23:29:20  [TX] S,2393,0F,00,2894,P1,48
23:29:20  [SLOT] n=2412 tx=23 ack=0 due=0 r=1
23:29:20  [AT] "AT+CIPSEND=24" (13)
23:29:20  [AT] " S,2393,0F,00,2894,P1,48" (24)
23:29:20  [AT] "SEND OK" (7)
23:29:21  [TX] S,2394,0F,00,2895,P1,4E
23:29:21  [SLOT] n=2413 tx=23 ack=0 due=0 r=1
23:29:21  [AT] "AT+CIPSEND=24" (13)
23:29:21  [AT] " S,2394,0F,00,2895,P1,4E" (24)
23:29:21  [AT] "SEND OK" (7)
23:29:22  [TX] S,2395,0F,00,2896,P1,4C
23:29:22  [SLOT] n=2414 tx=23 ack=0 due=0 r=1
23:29:22  [AT] "AT+CIPSEND=24" (13)
23:29:22  [AT] " S,2395,0F,00,2896,P1,4C" (24)
23:29:22  [AT] "SEND OK" (7)
23:29:24  [TX] S,2396,0F,00,2898,P1,41
23:29:24  [SLOT] n=2415 tx=23 ack=0 due=0 r=1
23:29:24  [AT] "AT+CIPSEND=24" (13)
23:29:24  [AT] " S,2396,0F,00,2898,P1,41" (24)
23:29:24  [AT] "SEND OK" (7)
23:29:25  [TX] S,2397,0F,00,2899,P1,41
23:29:25  [SLOT] n=2416 tx=23 ack=0 due=0 r=1
23:29:25  [AT] "AT+CIPSEND=24" (13)
23:29:25  [AT] " S,2397,0F,00,2899,P1,41" (24)
23:29:25  [AT] "SEND OK" (7)
23:29:26  [TX] S,2398,0F,00,2900,P1,4F
23:29:26  [SLOT] n=2417 tx=23 ack=0 due=0 r=1
23:29:26  [AT] "AT+CIPSEND=24" (13)
23:29:26  [AT] " S,2398,0F,00,2900,P1,4F" (24)
23:29:26  [AT] "SEND OK" (7)
23:29:27  [TX] S,2399,0F,00,2901,P1,4F
23:29:27  [SLOT] n=2418 tx=23 ack=0 due=0 r=1
23:29:27  [AT] "AT+CIPSEND=24" (13)
23:29:27  [AT] " S,2399,0F,00,2901,P1,4F" (24)
23:29:27  [AT] "SEND OK" (7)
23:29:28  [TX] S,2400,0F,00,2902,P1,4B
23:29:28  [SLOT] n=2419 tx=23 ack=0 due=0 r=1
23:29:28  [AT] "AT+CIPSEND=24" (13)
23:29:28  [AT] " S,2400,0F,00,2902,P1,4B" (24)
23:29:28  [AT] "SEND OK" (7)
23:29:30  [TX] S,2401,0F,00,2904,P1,4C
23:29:30  [SLOT] n=2420 tx=23 ack=0 due=0 r=1
23:29:30  [AT] "AT+CIPSEND=24" (13)
23:29:30  [AT] " S,2401,0F,00,2904,P1,4C" (24)
23:29:30  [AT] "SEND OK" (7)
23:29:31  [TX] S,2402,0F,00,2905,P1,4E
23:29:31  [SLOT] n=2421 tx=23 ack=0 due=0 r=1
23:29:31  [AT] "AT+CIPSEND=24" (13)
23:29:31  [AT] " S,2402,0F,00,2905,P1,4E" (24)
23:29:31  [AT] "SEND OK" (7)
23:29:32  [TX] S,2403,0F,00,2906,P1,4C
23:29:32  [SLOT] n=2422 tx=23 ack=0 due=0 r=1
23:29:32  [AT] "AT+CIPSEND=24" (13)
23:29:32  [AT] " S,2403,0F,00,2906,P1,4C" (24)
23:29:32  [AT] "SEND OK" (7)
23:29:33  [TX] S,2404,0F,00,2907,P1,4A
23:29:33  [SLOT] n=2423 tx=23 ack=0 due=0 r=1
23:29:33  [AT] "AT+CIPSEND=24" (13)
23:29:33  [AT] " S,2404,0F,00,2907,P1,4A" (24)
23:29:33  [AT] "SEND OK" (7)
23:29:35  [TX] S,2405,0F,00,2908,P1,44
23:29:35  [SLOT] n=2424 tx=23 ack=0 due=0 r=1
23:29:35  [AT] "AT+CIPSEND=24" (13)
23:29:35  [AT] " S,2405,0F,00,2908,P1,44" (24)
23:29:35  [AT] "SEND OK" (7)
23:29:37  [TX] S,2406,0F,00,2910,P1,4E
23:29:37  [SLOT] n=2425 tx=23 ack=0 due=0 r=1
23:29:37  [AT] "AT+CIPSEND=24" (13)
23:29:37  [AT] " S,2406,0F,00,2910,P1,4E" (24)
23:29:37  [AT] "SEND OK" (7)
23:29:38  [TX] S,2407,0F,00,2911,P1,4E
23:29:38  [SLOT] n=2426 tx=23 ack=0 due=0 r=1
23:29:38  [AT] "AT+CIPSEND=24" (13)
23:29:38  [AT] " S,2407,0F,00,2911,P1,4E" (24)
23:29:38  [AT] "SEND OK" (7)
23:29:39  [TX] S,2408,0F,00,2912,P1,42
23:29:39  [SLOT] n=2427 tx=23 ack=0 due=0 r=1
23:29:39  [AT] "AT+CIPSEND=24" (13)
23:29:39  [AT] " S,2408,0F,00,2912,P1,42" (24)
23:29:39  [AT] "SEND OK" (7)
23:29:40  [TX] S,2409,0F,00,2913,P1,42
23:29:40  [SLOT] n=2428 tx=23 ack=0 due=0 r=1
23:29:40  [AT] "AT+CIPSEND=24" (13)
23:29:40  [AT] " S,2409,0F,00,2913,P1,42" (24)
23:29:40  [AT] "SEND OK" (7)
23:29:41  [TX] S,2410,0F,00,2914,P1,4D
23:29:41  [SLOT] n=2429 tx=23 ack=0 due=0 r=1
23:29:41  [AT] "AT+CIPSEND=24" (13)
23:29:41  [AT] " S,2410,0F,00,2914,P1,4D" (24)
23:29:41  [AT] "SEND OK" (7)
23:29:43  [TX] S,2411,0F,00,2916,P1,4E
23:29:43  [SLOT] n=2430 tx=23 ack=0 due=0 r=1
23:29:43  [AT] "AT+CIPSEND=24" (13)
23:29:43  [AT] " S,2411,0F,00,2916,P1,4E" (24)
23:29:43  [AT] "SEND OK" (7)
23:29:44  [TX] S,2412,0F,00,2917,P1,4C
23:29:44  [SLOT] n=2431 tx=23 ack=0 due=0 r=1
23:29:44  [AT] "AT+CIPSEND=24" (13)
23:29:44  [AT] " S,2412,0F,00,2917,P1,4C" (24)
23:29:44  [AT] "SEND OK" (7)
23:29:45  [TX] S,2413,0F,00,2918,P1,42
23:29:45  [SLOT] n=2432 tx=23 ack=0 due=0 r=1
23:29:45  [AT] "AT+CIPSEND=24" (13)
23:29:45  [AT] " S,2413,0F,00,2918,P1,42" (24)
23:29:45  [AT] "SEND OK" (7)
23:29:46  [TX] S,2414,0F,00,2919,P1,44
23:29:46  [SLOT] n=2433 tx=23 ack=0 due=0 r=1
23:29:46  [AT] "AT+CIPSEND=24" (13)
23:29:46  [AT] " S,2414,0F,00,2919,P1,44" (24)
23:29:46  [AT] "SEND OK" (7)
23:29:47  [TX] S,2415,0F,00,2920,P1,4F
23:29:47  [SLOT] n=2434 tx=23 ack=0 due=0 r=1
23:29:47  [AT] "AT+CIPSEND=24" (13)
23:29:47  [AT] " S,2415,0F,00,2920,P1,4F" (24)
23:29:47  [AT] "SEND OK" (7)
23:29:49  [TX] S,2416,0F,00,2922,P1,4E
23:29:49  [SLOT] n=2435 tx=23 ack=0 due=0 r=1
23:29:49  [AT] "AT+CIPSEND=24" (13)
23:29:49  [AT] " S,2416,0F,00,2922,P1,4E" (24)
23:29:49  [AT] "SEND OK" (7)
23:29:50  [TX] S,2417,0F,00,2923,P1,4E
23:29:50  [SLOT] n=2436 tx=23 ack=0 due=0 r=1
23:29:50  [AT] "AT+CIPSEND=24" (13)
23:29:50  [AT] " S,2417,0F,00,2923,P1,4E" (24)
23:29:50  [AT] "SEND OK" (7)
23:29:51  [TX] S,2418,0F,00,2924,P1,46
23:29:51  [SLOT] n=2437 tx=23 ack=0 due=0 r=1
23:29:51  [AT] "AT+CIPSEND=24" (13)
23:29:51  [AT] " S,2418,0F,00,2924,P1,46" (24)
23:29:51  [AT] "SEND OK" (7)
23:29:52  [TX] S,2419,0F,00,2925,P1,46
23:29:52  [SLOT] n=2438 tx=23 ack=0 due=0 r=1
23:29:52  [AT] "AT+CIPSEND=24" (13)
23:29:52  [AT] " S,2419,0F,00,2925,P1,46" (24)
23:29:52  [AT] "SEND OK" (7)
23:29:53  [TX] S,2420,0F,00,2926,P1,4F
23:29:53  [SLOT] n=2439 tx=23 ack=0 due=0 r=1
23:29:53  [AT] "AT+CIPSEND=24" (13)
23:29:53  [AT] " S,2420,0F,00,2926,P1,4F" (24)
23:29:53  [AT] "SEND OK" (7)
23:29:55  [TX] S,2421,0F,00,2928,P1,40
23:29:55  [SLOT] n=2440 tx=23 ack=0 due=0 r=1
23:29:55  [AT] "AT+CIPSEND=24" (13)
23:29:55  [AT] " S,2421,0F,00,2928,P1,40" (24)
23:29:55  [AT] "SEND OK" (7)
23:29:56  [TX] S,2422,0F,00,2929,P1,42
23:29:56  [SLOT] n=2441 tx=23 ack=0 due=0 r=1
23:29:56  [AT] "AT+CIPSEND=24" (13)
23:29:56  [AT] " S,2422,0F,00,2929,P1,42" (24)
23:29:56  [AT] "SEND OK" (7)
23:29:57  [TX] S,2423,0F,00,2930,P1,4B
23:29:57  [SLOT] n=2442 tx=23 ack=0 due=0 r=1
23:29:57  [AT] "AT+CIPSEND=24" (13)
23:29:57  [AT] " S,2423,0F,00,2930,P1,4B" (24)
23:29:57  [AT] "SEND OK" (7)
23:29:58  [TX] S,2424,0F,00,2931,P1,4D
23:29:58  [SLOT] n=2443 tx=23 ack=0 due=0 r=1
23:29:58  [AT] "AT+CIPSEND=24" (13)
23:29:58  [AT] " S,2424,0F,00,2931,P1,4D" (24)
23:29:58  [AT] "SEND OK" (7)
23:29:59  [TX] S,2425,0F,00,2932,P1,4F
23:29:59  [SLOT] n=2444 tx=23 ack=0 due=0 r=1
23:29:59  [AT] "AT+CIPSEND=24" (13)
23:29:59  [AT] " S,2425,0F,00,2932,P1,4F" (24)
23:29:59  [AT] "SEND OK" (7)
23:30:01  [TX] S,2426,0F,00,2934,P1,4A
23:30:01  [SLOT] n=2445 tx=23 ack=0 due=0 r=1
23:30:01  [AT] "AT+CIPSEND=24" (13)
23:30:01  [AT] " S,2426,0F,00,2934,P1,4A" (24)
23:30:01  [AT] "SEND OK" (7)
23:30:02  [TX] S,2427,0F,00,2935,P1,4A
23:30:02  [SLOT] n=2446 tx=23 ack=0 due=0 r=1
23:30:02  [AT] "AT+CIPSEND=24" (13)
23:30:02  [AT] " S,2427,0F,00,2935,P1,4A" (24)
23:30:02  [AT] "SEND OK" (7)
23:30:03  [TX] S,2428,0F,00,2936,P1,46
23:30:03  [SLOT] n=2447 tx=23 ack=0 due=0 r=1
23:30:03  [AT] "AT+CIPSEND=24" (13)
23:30:03  [AT] " S,2428,0F,00,2936,P1,46" (24)
23:30:03  [AT] "SEND OK" (7)
23:30:04  [TX] S,2429,0F,00,2937,P1,46
23:30:04  [SLOT] n=2448 tx=23 ack=0 due=0 r=1
23:30:04  [AT] "AT+CIPSEND=24" (13)
23:30:04  [AT] " S,2429,0F,00,2937,P1,46" (24)
23:30:04  [AT] "SEND OK" (7)
23:30:05  [TX] S,2430,0F,00,2938,P1,41
23:30:05  [SLOT] n=2449 tx=23 ack=0 due=0 r=1
23:30:05  [AT] "AT+CIPSEND=24" (13)
23:30:05  [AT] " S,2430,0F,00,2938,P1,41" (24)
23:30:05  [AT] "SEND OK" (7)
23:30:06  [TX] S,2431,0F,00,2940,P1,4F
23:30:06  [SLOT] n=2450 tx=23 ack=0 due=0 r=1
23:30:06  [CNT] up=2940 drop=0 esprst=0 hwrst=0/0 resync=0 sendfail=0 okto=1 stuck=0 ackq=0 ackdrop=0 ackstale=0 slot=2450 oow=1 smiss=3 ssovf=0 cksumng=0 okstream=2430 penddrop=0 pendfill=2432 bigfill=4 bigdrop=0 bigokst=4 oklost=0 bigoklost=0 skip=8 online=1
23:30:07  [RAM] 최저 여유 571 B · 프롬프트 재동기 0회 (서버의 '버린줄' 과 맞아야 한다)
23:30:07  [AT] " S,2431,0F,00,2940,P1,4F" (24)
23:30:07  [AT] "SEND OK" (7)
23:30:07  [AT] "AT+CIPSEND=24" (13)
23:30:08  [TX] S,2432,0F,00,2941,P1,4D
23:30:08  [SLOT] n=2451 tx=23 ack=0 due=0 r=1
23:30:08  [AT] "AT+CIPSEND=24" (13)
23:30:08  [AT] " S,2432,0F,00,2941,P1,4D" (24)
23:30:08  [AT] "SEND OK" (7)
23:30:09  [TX] S,2433,0F,00,2942,P1,4F
23:30:09  [SLOT] n=2452 tx=23 ack=0 due=0 r=1
23:30:09  [AT] "AT+CIPSEND=24" (13)
23:30:09  [AT] " S,2433,0F,00,2942,P1,4F" (24)
23:30:09  [AT] "SEND OK" (7)
23:30:10  [TX] S,2434,0F,00,2943,P1,49
23:30:10  [SLOT] n=2453 tx=23 ack=0 due=0 r=1
23:30:10  [AT] "AT+CIPSEND=24" (13)
23:30:10  [AT] " S,2434,0F,00,2943,P1,49" (24)
23:30:10  [AT] "SEND OK" (7)
23:30:11  [TX] S,2435,0F,00,2944,P1,4F
23:30:11  [SLOT] n=2454 tx=23 ack=0 due=0 r=1
23:30:11  [AT] "AT+CIPSEND=24" (13)
23:30:11  [AT] " S,2435,0F,00,2944,P1,4F" (24)
23:30:11  [AT] "SEND OK" (7)
23:30:12  «tap» 살아있음 — 최근 60초 rx=8107B (이 줄이 끊기면 탭이 죽은 것이다)
23:30:12  [TX] S,2436,0F,00,2946,P1,4E
23:30:12  [SLOT] n=2455 tx=23 ack=0 due=0 r=1
23:30:12  [AT] "AT+CIPSEND=24" (13)
23:30:12  [AT] " S,2436,0F,00,2946,P1,4E" (24)
23:30:12  [AT] "SEND OK" (7)
23:30:14  [TX] S,2437,0F,00,2947,P1,4E
23:30:14  [SLOT] n=2456 tx=23 ack=0 due=0 r=1
23:30:14  [AT] "AT+CIPSEND=24" (13)
23:30:14  [AT] " S,2437,0F,00,2947,P1,4E" (24)
23:30:14  [AT] "SEND OK" (7)
23:30:15  [TX] S,2438,0F,00,2948,P1,4E
23:30:15  [SLOT] n=2457 tx=23 ack=0 due=0 r=1
23:30:15  [AT] "AT+CIPSEND=24" (13)
23:30:15  [AT] " S,2438,0F,00,2948,P1,4E" (24)
23:30:15  [AT] "SEND OK" (7)
23:30:16  [TX] S,2439,0F,00,2949,P1,4E
23:30:16  [SLOT] n=2458 tx=23 ack=0 due=0 r=1
23:30:16  [AT] "AT+CIPSEND=24" (13)
23:30:16  [AT] " S,2439,0F,00,2949,P1,4E" (24)
23:30:16  [AT] "SEND OK" (7)
23:30:17  [TX] S,2440,0F,00,2950,P1,48
23:30:17  [SLOT] n=2459 tx=23 ack=0 due=0 r=1
23:30:17  [AT] "AT+CIPSEND=24" (13)
23:30:17  [AT] " S,2440,0F,00,2950,P1,48" (24)
23:30:17  [AT] "SEND OK" (7)
23:30:18  [TX] S,2441,0F,00,2952,P1,4B
23:30:18  [SLOT] n=2460 tx=23 ack=0 due=0 r=1
23:30:18  [AT] "AT+CIPSEND=24" (13)
23:30:18  [AT] " S,2441,0F,00,2952,P1,4B" (24)
23:30:18  [AT] "SEND OK" (7)
23:30:20  [TX] S,2442,0F,00,2953,P1,49
23:30:20  [SLOT] n=2461 tx=23 ack=0 due=0 r=1
23:30:20  [AT] "AT+CIPSEND=24" (13)
23:30:20  [AT] " S,2442,0F,00,2953,P1,49" (24)
23:30:20  [AT] "SEND OK" (7)
23:30:21  [TX] S,2443,0F,00,2954,P1,4F
23:30:21  [SLOT] n=2462 tx=23 ack=0 due=0 r=1
23:30:21  [AT] "AT+CIPSEND=24" (13)
23:30:21  [AT] " S,2443,0F,00,2954,P1,4F" (24)
23:30:21  [AT] "SEND OK" (7)
23:30:22  [TX] S,2444,0F,00,2955,P1,49
23:30:22  [SLOT] n=2463 tx=23 ack=0 due=0 r=1
23:30:22  [AT] "AT+CIPSEND=24" (13)
23:30:22  [AT] " S,2444,0F,00,2955,P1,49" (24)
23:30:22  [AT] "SEND OK" (7)
23:30:23  [TX] S,2445,0F,00,2956,P1,4B
23:30:23  [SLOT] n=2464 tx=23 ack=0 due=0 r=1
23:30:23  [AT] "AT+CIPSEND=24" (13)
23:30:23  [AT] " S,2445,0F,00,2956,P1,4B" (24)
23:30:23  [AT] "SEND OK" (7)
23:30:24  [TX] S,2446,0F,00,2958,P1,46
23:30:24  [SLOT] n=2465 tx=23 ack=0 due=0 r=1
23:30:24  [AT] "AT+CIPSEND=24" (13)
23:30:24  [AT] " S,2446,0F,00,2958,P1,46" (24)
23:30:24  [AT] "SEND OK" (7)
23:30:26  [TX] S,2447,0F,00,2959,P1,46
23:30:26  [SLOT] n=2466 tx=23 ack=0 due=0 r=1
23:30:26  [AT] "AT+CIPSEND=24" (13)
23:30:26  [AT] " S,2447,0F,00,2959,P1,46" (24)
23:30:26  [AT] "SEND OK" (7)
23:30:27  [TX] S,2448,0F,00,2960,P1,43
23:30:27  [SLOT] n=2467 tx=23 ack=0 due=0 r=1
23:30:27  [AT] "AT+CIPSEND=24" (13)
23:30:27  [AT] " S,2448,0F,00,2960,P1,43" (24)
23:30:27  [AT] "SEND OK" (7)
23:30:28  [TX] S,2449,0F,00,2961,P1,43
23:30:28  [SLOT] n=2468 tx=23 ack=0 due=0 r=1
23:30:28  [AT] "AT+CIPSEND=24" (13)
23:30:28  [AT] " S,2449,0F,00,2961,P1,43" (24)
23:30:28  [AT] "SEND OK" (7)
23:30:29  [TX] S,2450,0F,00,2962,P1,48
23:30:29  [SLOT] n=2469 tx=23 ack=0 due=0 r=1
23:30:29  [AT] "AT+CIPSEND=24" (13)
23:30:29  [AT] " S,2450,0F,00,2962,P1,48" (24)
23:30:29  [AT] "SEND OK" (7)
23:30:30  [TX] S,2451,0F,00,2964,P1,4F
23:30:30  [SLOT] n=2470 tx=23 ack=0 due=0 r=1
23:30:30  [AT] "AT+CIPSEND=24" (13)
23:30:30  [AT] " S,2451,0F,00,2964,P1,4F" (24)
23:30:30  [AT] "SEND OK" (7)
23:30:32  [TX] S,2452,0F,00,2965,P1,4D
23:30:32  [SLOT] n=2471 tx=23 ack=0 due=0 r=1
23:30:32  [AT] "AT+CIPSEND=24" (13)
23:30:32  [AT] " S,2452,0F,00,2965,P1,4D" (24)
23:30:32  [AT] "SEND OK" (7)
23:30:33  [TX] S,2453,0F,00,2966,P1,4F
23:30:33  [SLOT] n=2472 tx=23 ack=0 due=0 r=1
23:30:33  [AT] "AT+CIPSEND=24" (13)
23:30:33  [AT] " S,2453,0F,00,2966,P1,4F" (24)
23:30:33  [AT] "SEND OK" (7)
23:30:34  [TX] S,2454,0F,00,2967,P1,49
23:30:34  [SLOT] n=2473 tx=23 ack=0 due=0 r=1
23:30:34  [AT] "AT+CIPSEND=24" (13)
23:30:34  [AT] " S,2454,0F,00,2967,P1,49" (24)
23:30:34  [AT] "SEND OK" (7)
23:30:35  [TX] S,2455,0F,00,2968,P1,47
23:30:35  [SLOT] n=2474 tx=23 ack=0 due=0 r=1
23:30:35  [AT] "AT+CIPSEND=24" (13)
23:30:35  [AT] " S,2455,0F,00,2968,P1,47" (24)
23:30:35  [AT] "SEND OK" (7)
23:30:36  [TX] S,2456,0F,00,2970,P1,4D
23:30:36  [SLOT] n=2475 tx=23 ack=0 due=0 r=1
23:30:36  [AT] "AT+CIPSEND=24" (13)
23:30:36  [AT] " S,2456,0F,00,2970,P1,4D" (24)
23:30:36  [AT] "SEND OK" (7)
23:30:38  [TX] S,2457,0F,00,2971,P1,4D
23:30:38  [SLOT] n=2476 tx=23 ack=0 due=0 r=1
23:30:38  [AT] "AT+CIPSEND=24" (13)
23:30:38  [AT] " S,2457,0F,00,2971,P1,4D" (24)
23:30:38  [AT] "SEND OK" (7)
23:30:39  [TX] S,2458,0F,00,2972,P1,41
23:30:39  [SLOT] n=2477 tx=23 ack=0 due=0 r=1
23:30:39  [AT] "AT+CIPSEND=24" (13)
23:30:39  [AT] " S,2458,0F,00,2972,P1,41" (24)
23:30:39  [AT] "SEND OK" (7)
23:30:40  [TX] S,2459,0F,00,2973,P1,41
23:30:40  [SLOT] n=2478 tx=23 ack=0 due=0 r=1
23:30:40  [AT] "AT+CIPSEND=24" (13)
23:30:40  [AT] " S,2459,0F,00,2973,P1,41" (24)
23:30:40  [AT] "SEND OK" (7)
23:30:41  [TX] S,2460,0F,00,2974,P1,4C
23:30:41  [SLOT] n=2479 tx=23 ack=0 due=0 r=1
23:30:41  [AT] "AT+CIPSEND=24" (13)
23:30:41  [AT] " S,2460,0F,00,2974,P1,4C" (24)
23:30:41  [AT] "SEND OK" (7)
23:30:42  [TX] S,2461,0F,00,2976,P1,4F
23:30:42  [SLOT] n=2480 tx=23 ack=0 due=0 r=1
23:30:42  [AT] "AT+CIPSEND=24" (13)
23:30:43  [AT] " S,2461,0F,00,2976,P1,4F" (24)
23:30:43  [AT] "SEND OK" (7)
23:30:44  [TX] S,2462,0F,00,2977,P1,4D
23:30:44  [SLOT] n=2481 tx=23 ack=0 due=0 r=1
23:30:44  [AT] "AT+CIPSEND=24" (13)
23:30:44  [AT] " S,2462,0F,00,2977,P1X4D" (24)
23:30:44  [AT] "SEND OK" (7)
23:30:45  [TX] S,2463,0F,00,2978,P1,43
23:30:45  [SLOT] n=2482 tx=23 ack=0 due=0 r=1
23:30:45  [AT] "AT+CIPSEND=24" (13)
23:30:45  [AT] " S,2463,0F,00,2978,P1,43" (24)
23:30:45  [AT] "SEND OK" (7)
23:30:46  [TX] S,2464,0F,00,2979,P1,45
23:30:46  [SLOT] n=2483 tx=23 ack=0 due=0 r=1
23:30:46  [AT] "AT+CIPSEND=24" (13)
23:30:46  [AT] " S,2464,0F,00,2979,P1,45" (24)
23:30:46  [AT] "SEND OK" (7)
23:30:47  [TX] S,2465,0F,00,2980,P1,42
23:30:47  [SLOT] n=2484 tx=23 ack=0 due=0 r=1
23:30:47  [AT] "AT+CIPSEND=24" (13)
23:30:47  [AT] " S,2465,0F,00,2980,P1,42" (24)
23:30:47  [AT] "SEND OK" (7)
23:30:48  [TX] S,2466,0F,00,2982,P1,43
23:30:48  [SLOT] n=2485 tx=23 ack=0 due=0 r=1
23:30:48  [AT] "AT+CIPSEND=24" (13)
23:30:48  [AT] " S,2466,0F,00,2982,P1,43" (24)
23:30:48  [AT] "SEND OK" (7)
23:30:49  [TX] S,2467,0F,00,2983,P1,43
23:30:49  [SLOT] n=2486 tx=23 ack=0 due=0 r=1
23:30:49  [AT] "AT+CIPSEND=24" (13)
23:30:49  [AT] " S,2467,0F,00,2983,P1,43" (24)
23:30:49  [AT] "SEND OK" (7)
23:30:51  [TX] S,2468,0F,00,2984,P1,4B
23:30:51  [SLOT] n=2487 tx=23 ack=0 due=0 r=1
23:30:51  [AT] "AT+CIPSEND=24" (13)
23:30:51  [AT] " S,2468,0F,00,2984,P1,4B" (24)
23:30:51  [AT] "SEND OK" (7)
23:30:52  [TX] S,2469,0F,00,2985,P1,4B
23:30:52  [SLOT] n=2488 tx=23 ack=0 due=0 r=1
23:30:52  [AT] "AT+CIPSEND=24" (13)
23:30:52  [AT] " S,2469,0F,00,2985,P1,4B" (24)
23:30:52  [AT] "SEND OK" (7)
23:30:53  [TX] S,2470,0F,00,2986,P1,40
23:30:53  [SLOT] n=2489 tx=23 ack=0 due=0 r=1
23:30:53  [AT] "AT+CIPSEND=24" (13)
23:30:53  [AT] " S,2470,0F,00,2986,P1,40" (24)
23:30:53  [AT] "SEND OK" (7)
23:30:54  [TX] S,2471,0F,00,2988,P1,4F
23:30:54  [SLOT] n=2490 tx=23 ack=0 due=0 r=1
23:30:54  [AT] "AT+CIPSEND=24" (13)
23:30:54  [AT] " S,2471,0F,00,2988,P1,4F" (24)
23:30:54  [AT] "SEND OK" (7)
23:30:55  [TX] S,2472,0F,00,2989,P1,4D
23:30:55  [SLOT] n=2491 tx=23 ack=0 due=0 r=1
23:30:55  [AT] "AT+CIPSEND=24" (13)
23:30:55  [AT] " S,2472,0F,00,2989,P1,4D" (24)
23:30:55  [AT] "SEND OK" (7)
23:30:57  [TX] S,2473,0F,00,2990,P1,44
23:30:57  [SLOT] n=2492 tx=23 ack=0 due=0 r=1
23:30:57  [AT] "AT+CIPSEND=24" (13)
23:30:57  [AT] " S,2473,0F,00,2990,P1,44" (24)
23:30:57  [AT] "SEND OK" (7)
23:30:58  [TX] S,2474,0F,00,2991,P1,42
23:30:58  [SLOT] n=2493 tx=23 ack=0 due=0 r=1
23:30:58  [AT] "AT+CIPSEND=24" (13)
23:30:58  [AT] " S,2474,0F,00,2991,P1,42" (24)
23:30:58  [AT] "SEND OK" (7)
23:30:59  [TX] S,2475,0F,00,2992,P1,40
23:30:59  [SLOT] n=2494 tx=23 ack=0 due=0 r=1
23:30:59  [AT] "AT+CIPSEND=24" (13)
23:30:59  [AT] " S,2475,0F,00,2992,P1,40" (24)
23:30:59  [AT] "SEND OK" (7)
23:31:00  [TX] S,2476,0F,00,2994,P1,45
23:31:00  [SLOT] n=2495 tx=23 ack=0 due=0 r=1
23:31:00  [AT] "AT+CIPSEND=24" (13)
23:31:00  [AT] " S,2476,0F,00,2994,P1,45" (24)
23:31:00  [AT] "SEND OK" (7)
23:31:01  [TX] S,2477,0F,00,2995,P1,45
23:31:01  [SLOT] n=2496 tx=23 ack=0 due=0 r=1
23:31:01  [AT] "AT+CIPSEND=24" (13)
23:31:01  [AT] " S,2477,0F,00,2995,P1,45" (24)
23:31:01  [AT] "SEND OK" (7)
23:31:03  [TX] S,2478,0F,00,2996,P1,49
23:31:03  [SLOT] n=2497 tx=23 ack=0 due=0 r=1
23:31:03  [AT] "AT+CIPSEND=24" (13)
23:31:03  [AT] " S,2478,0F,00,2996,P1,49" (24)
23:31:03  [AT] "SEND OK" (7)
23:31:04  [TX] S,2479,0F,00,2997,P1,49
23:31:04  [SLOT] n=2498 tx=23 ack=0 due=0 r=1
23:31:04  [AT] "AT+CIPSEND=24" (13)
23:31:04  [AT] " S,2479,0F,00,2997,P1,49" (24)
23:31:04  [AT] "SEND OK" (7)
23:31:05  [TX] S,2480,0F,00,2998,P1,40
23:31:05  [SLOT] n=2499 tx=23 ack=0 due=0 r=1
23:31:05  [AT] "AT+CIPSEND=24" (13)
23:31:05  [AT] " S,2480,0F,00,2998,P1,40" (24)
23:31:05  [AT] "SEND OK" (7)
23:31:06  [TX] S,2481,0F,00,3000,P1,48
23:31:06  [SLOT] n=2500 tx=23 ack=0 due=0 r=1
23:31:06  [CNT] up=3000 drop=0 esprst=0 hwrst=0/0 resync=0 sendfail=0 okto=1 stuck=0 ackq=0 ackdrop=0 ackstale=0 slot=2500 oow=1 smiss=3 ssovf=0 cksumng=0 okstream=2480 penddrop=0 pendfill=2482 bigfill=4 bigdrop=0 bigokst=4 oklost=0 bigoklost=0 skip=8 online=1
23:31:06  [RAM] 최저 여유 571 B · 프롬프트 재동기 0회 (서버의 '버린줄' 과 맞아야 한다)
23:31:06  [AT] "AT+CIPSEND=24" (13)
23:31:06  [AT] " S,2481,0F,00,3000,P1,48" (24)
23:31:06  [AT] "SEND OK" (7)
23:31:07  [TX] S,2482,0F,00,3001,P1,4A
23:31:07  [SLOT] n=2501 tx=23 ack=0 due=0 r=1
23:31:07  [AT] "AT+CIPSEND=24" (13)
23:31:07  [AT] " S,2482,0F,00,3001,P1,4A" (24)
23:31:07  [AT] "SEND OK" (7)
23:31:09  [TX] S,2483,0F,00,3002,P1,48
23:31:09  [SLOT] n=2502 tx=23 ack=0 due=0 r=1
23:31:09  [AT] "AT+CIPSEND=24" (13)
23:31:09  [AT] " S,2483,0F,00,3002,P1,48" (24)
23:31:09  [AT] "SEND OK" (7)
23:31:10  [TX] S,2484,0F,00,3003,P1,4E
23:31:10  [SLOT] n=2503 tx=23 ack=0 due=0 r=1
23:31:10  [AT] "AT+CIPSEND=24" (13)
23:31:10  [AT] " S,2484,0F,00,3003,P1,4E" (24)
23:31:10  [AT] "SEND OK" (7)
23:31:11  [TX] S,2485,0F,00,3004,P1,48
23:31:11  [SLOT] n=2504 tx=23 ack=0 due=0 r=1
23:31:11  [AT] "AT+CIPSEND=24" (13)
23:31:11  [AT] " S,2485,0F,00,3004,P1,48" (24)
23:31:11  [AT] "SEND OK" (7)
23:31:12  «tap» 살아있음 — 최근 60초 rx=7955B (이 줄이 끊기면 탭이 죽은 것이다)
23:31:12  [TX] S,2486,0F,00,3006,P1,49
23:31:12  [SLOT] n=2505 tx=23 ack=0 due=0 r=1
23:31:12  [AT] "AT+CIPSEND=24" (13)
23:31:12  [AT] " S,2486,0F,00,3006,P1,49" (24)
23:31:12  [AT] "SEND OK" (7)
23:31:13  [TX] S,2487,0F,00,3007,P1,49
23:31:13  [SLOT] n=2506 tx=23 ack=0 due=0 r=1
23:31:13  [AT] "AT+CIPSEND=24" (13)
23:31:13  [AT] " S,2487,0F,00,3007,P1,49" (24)
23:31:13  [AT] "SEND OK" (7)
23:31:15  [TX] S,2488,0F,00,3008,P1,49
23:31:15  [SLOT] n=2507 tx=23 ack=0 due=0 r=1
23:31:15  [AT] "AT+CIPSEND=24" (13)
23:31:15  [AT] " S,2488,0F,00,3008,P1,49" (24)
23:31:15  [AT] "SEND OK" (7)
23:31:16  [TX] S,2489,0F,00,3009,P1,49
23:31:16  [SLOT] n=2508 tx=23 ack=0 due=0 r=1
23:31:16  [AT] "AT+CIPSEND=24" (13)
23:31:16  [AT] " S,2489,0F,00,3009,P1,49" (24)
23:31:16  [AT] "SEND OK" (7)
23:31:17  [TX] S,2490,0F,00,3010,P1,49
23:31:17  [SLOT] n=2509 tx=23 ack=0 due=0 r=1
23:31:17  [AT] "AT+CIPSEND=24" (13)
23:31:17  [AT] " S,2490,0F,00,3010,P1,49" (24)
23:31:17  [AT] "SEND OK" (7)
23:31:18  [TX] S,2491,0F,00,3012,P1,4A
23:31:18  [SLOT] n=2510 tx=23 ack=0 due=0 r=1
23:31:18  [AT] "AT+CIPSEND=24" (13)
23:31:18  [AT] " S,2491,0F,00,3012,P1,4A" (24)
23:31:18  [AT] "SEND OK" (7)
23:31:19  [TX] S,2492,0F,00,3013,P1,48
23:31:19  [SLOT] n=2511 tx=23 ack=0 due=0 r=1
23:31:19  [AT] "AT+CIPSEND=24" (13)
23:31:19  [AT] " S,2492,0F,00,3013,P1,48" (24)
23:31:19  [AT] "SEND OK" (7)
23:31:21  [TX] S,2493,0F,00,3014,P1,4E
23:31:21  [SLOT] n=2512 tx=23 ack=0 due=0 r=1
23:31:21  [AT] "AT+CIPSEND=24" (13)
23:31:21  [AT] " S,2493,0F,00,3014,P1,4E" (24)
23:31:21  [AT] "SEND OK" (7)
23:31:22  [TX] S,2494,0F,00,3015,P1,48
23:31:22  [SLOT] n=2513 tx=23 ack=0 due=0 r=1
23:31:22  [AT] "AT+CIPSEND=24" (13)
23:31:22  [AT] " S,2494,0F,00,3015,P1,48" (24)
23:31:22  [AT] "SEND OK" (7)
23:31:23  [TX] S,2495,0F,00,3016,P1,4A
23:31:23  [SLOT] n=2514 tx=23 ack=0 due=0 r=1
23:31:23  [AT] "AT+CIPSEND=24" (13)
23:31:23  [AT] " S,2495,0F,00,3016,P1,4A" (24)
23:31:23  [AT] "SEND OK" (7)
23:31:24  [TX] S,2496,0F,00,3018,P1,47
23:31:24  [SLOT] n=2515 tx=23 ack=0 due=0 r=1
23:31:24  [AT] "AT+CIPSEND=24" (13)
23:31:24  [AT] " S,2496,0F,00,3018,P1,47" (24)
23:31:24  [AT] "SEND OK" (7)
23:31:25  [TX] S,2497,0F,00,3019,P1,47
23:31:25  [SLOT] n=2516 tx=23 ack=0 due=0 r=1
23:31:25  [AT] "AT+CIPSEND=24" (13)
23:31:25  [AT] " S,2497,0F,00,3019,P1,47" (24)
23:31:25  [AT] "SEND OK" (7)
23:31:27  [TX] S,2498,0F,00,3020,P1,42
23:31:27  [SLOT] n=2517 tx=23 ack=0 due=0 r=1
23:31:27  [AT] "AT+CIPSEND=24" (13)
23:31:27  [AT] " S,2498,0F,00,3020,P1,42" (24)
23:31:27  [AT] "SEND OK" (7)
23:31:28  [TX] S,2499,0F,00,3021,P1,42
23:31:28  [SLOT] n=2518 tx=23 ack=0 due=0 r=1
23:31:28  [AT] "AT+CIPSEND=24" (13)
23:31:28  [AT] " S,2499,0F,00,3021,P1,42" (24)
23:31:28  [AT] "SEND OK" (7)
23:31:29  [TX] S,2500,0F,00,3022,P1,40
23:31:29  [SLOT] n=2519 tx=23 ack=0 due=0 r=1
23:31:29  [AT] "AT+CIPSEND=24\x19" (14)
23:31:29  [AT] " S,2500,0F,00,3022,P1,40" (24)
23:31:29  [AT] "SEND OK" (7)
23:31:30  [TX] S,2501,0F,00,3024,P1,47
23:31:30  [SLOT] n=2520 tx=23 ack=0 due=0 r=1
23:31:30  [AT] "AT+CIPSEND=24" (13)
23:31:30  [AT] " S,2501,0F,00,3024,P1,47" (24)
23:31:30  [AT] "SEND OK" (7)
23:31:31  [TX] S,2502,0F,00,3025,P1,45
23:31:31  [SLOT] n=2521 tx=23 ack=0 due=0 r=1
23:31:31  [AT] "AT+CIPSEND=24" (13)
23:31:31  [AT] " S,2502,0F,00,3025,P1,45" (24)
23:31:31  [AT] "SEND OK" (7)
23:31:33  [TX] S,2503,0F,00,3026,P1,47
23:31:33  [SLOT] n=2522 tx=23 ack=0 due=0 r=1
23:31:33  [AT] "AT+CIPSEND=24" (13)
23:31:33  [AT] " S,2503,0F,00,3026,P1,47" (24)
23:31:33  [AT] "SEND OK" (7)
23:31:34  [TX] S,2504,0F,00,3027,P1,41
23:31:34  [SLOT] n=2523 tx=23 ack=0 due=0 r=1
23:31:34  [AT] "AT+CIPSEND=24" (13)
23:31:34  [AT] " S,2504,0F,00,3027,P1,41" (24)
23:31:34  [AT] "SEND OK" (7)
23:31:35  [TX] S,2505,0F,00,3028,P1,4F
23:31:35  [SLOT] n=2524 tx=23 ack=0 due=0 r=1
23:31:35  [AT] "AT+CIPSEND=24" (13)
23:31:35  [AT] " S,2505,0F,00,3028,P1,4F" (24)
23:31:35  [AT] "SEND OK" (7)
23:31:36  [TX] S,2506,0F,00,3030,P1,45
23:31:36  [SLOT] n=2525 tx=23 ack=0 due=0 r=1
23:31:36  [AT] "AT+CIPSEND=24" (13)
23:31:36  [AT] " S,2506,0F,00,3030,P1,45" (24)
23:31:36  [AT] "SEND OK" (7)
23:31:37  [TX] S,2507,0F,00,3031,P1,45
23:31:37  [SLOT] n=2526 tx=23 ack=0 due=0 r=1
23:31:37  [AT] "AT+CIPSEND=24" (13)
23:31:37  [AT] " S,2507,0F,00,3031,P1,45" (24)
23:31:37  [AT] "SEND OK" (7)
23:31:38  [TX] S,2508,0F,00,3032,P1,49
23:31:38  [SLOT] n=2527 tx=23 ack=0 due=0 r=1
23:31:38  [AT] "AT+CIPSEND=24" (13)
23:31:38  [AT] " S,2508,0F,00,3032,P1,49" (24)
23:31:38  [AT] "SEND OK" (7)
23:31:40  [TX] S,2509,0F,00,3033,P1,49
23:31:40  [SLOT] n=2528 tx=23 ack=0 due=0 r=1
23:31:40  [AT] "AT+CIPSEND=24" (13)
23:31:40  [AT] " S,2509,0F,00,3033,P1,49" (24)
23:31:40  [AT] "SEND OK" (7)
23:31:41  [TX] S,2510,0F,00,3034,P1,46
23:31:41  [SLOT] n=2529 tx=23 ack=0 due=0 r=1
23:31:41  [AT] "AT+CIPSEND=24" (13)
23:31:41  [AT] " S,2510,0F,00,3034,P1,46" (24)
23:31:41  [AT] "SEND OK" (7)
23:31:42  [TX] S,2511,0F,00,3036,P1,45
23:31:42  [SLOT] n=2530 tx=23 ack=0 due=0 r=1
23:31:42  [AT] "AT+CIPSEND=24" (13)
23:31:42  [AT] " S,2511,0F,00,3036,P1,45" (24)
23:31:42  [AT] "SEND OK" (7)
23:31:43  [TX] S,2512,0F,00,3037,P1,47
23:31:43  [SLOT] n=2531 tx=23 ack=0 due=0 r=1
23:31:43  [AT] "AT+CIPSEND=24" (13)
23:31:43  [AT] " S,2512,0F,00,3037,P1,47" (24)
23:31:43  [AT] "SEND OK" (7)
23:31:44  [TX] S,2513,0F,00,3038,P1,49
23:31:44  [SLOT] n=2532 tx=23 ack=0 due=0 r=1
23:31:44  [AT] "AT+CIPSEND=24" (13)
23:31:44  [AT] " S,2513,0F,00,3038,P1,49" (24)
23:31:44  [AT] "SEND OK" (7)
23:31:46  [TX] S,2514,0F,00,3039,P1,4F
23:31:46  [SLOT] n=2533 tx=23 ack=0 due=0 r=1
23:31:46  [AT] "AT+CIPSEND=24" (13)
23:31:46  [AT] " S,2514,0F,00,3039,P1,4F" (24)
23:31:46  [AT] "SEND OK" (7)
23:31:47  [TX] S,2515,0F,00,3040,P1,40
23:31:47  [SLOT] n=2534 tx=23 ack=0 due=0 r=1
23:31:47  [AT] "AT+CIPSEND=24" (13)
23:31:47  [AT] " S,2515,0F,00,3040,P1,40" (24)
23:31:47  [AT] "SEND OK" (7)
23:31:48  [TX] S,2516,0F,00,3042,P1,41
23:31:48  [SLOT] n=2535 tx=23 ack=0 due=0 r=1
23:31:48  [AT] "AT+CIPSEND=24" (13)
23:31:48  [AT] " S,2516,0F,00,3042,P1,41" (24)
23:31:48  [AT] "SEND OK" (7)
23:31:49  [TX] S,2517,0F,00,3043,P1,41
23:31:49  [SLOT] n=2536 tx=23 ack=0 due=0 r=1
23:31:49  [AT] "AT+CIPSEND=24" (13)
23:31:50  [AT] " S,2517,0F,00,3043,P1,41" (24)
23:31:50  [AT] "SEND OK" (7)
23:31:50  [TX] S,2518,0F,00,3044,P1,49
23:31:50  [SLOT] n=2537 tx=23 ack=0 due=0 r=1
23:31:50  [AT] "AT+CIPSEND=24" (13)
23:31:50  [AT] " S,2518,0F,00,3044,P1,49" (24)
23:31:50  [AT] "SEND OK" (7)
23:31:52  [TX] S,2519,0F,00,3045,P1,49
23:31:52  [SLOT] n=2538 tx=23 ack=0 due=0 r=1
23:31:52  [AT] "AT+CIPSEND=24" (13)
23:31:52  [AT] " S,2519,0F,00,3045,P1,49" (24)
23:31:52  [AT] "SEND OK" (7)
23:31:53  [TX] S,2520,0F,00,3046,P1,40
23:31:53  [SLOT] n=2539 tx=23 ack=0 due=0 r=1
23:31:53  [AT] "AT+CIPSEND=24" (13)
23:31:54  [AT] " S,2520,0F,00,3046,P1,40" (24)
23:31:54  [AT] "SEND OK" (7)
23:31:54  [TX] S,2521,0F,00,3048,P1,4F
23:31:54  [SLOT] n=2540 tx=23 ack=0 due=0 r=1
23:31:54  [AT] "AT+CIPSEND=24" (13)
23:31:54  [AT] " S,2521,0F,00,3048,P1,4F" (24)
23:31:54  [AT] "SEND OK" (7)
23:31:55  [TX] S,2522,0F,00,3049,P1,4D
23:31:55  [SLOT] n=2541 tx=23 ack=0 due=0 r=1
23:31:55  [AT] "AT+CIPSEND=24" (13)
23:31:55  [AT] " S,2522,0F,00,3049,P1,4D" (24)
23:31:55  [AT] "SEND OK" (7)
23:31:57  [TX] S,2523,0F,00,3050,P1,44
23:31:57  [SLOT] n=2542 tx=23 ack=0 due=0 r=1
23:31:57  [AT] "AT+CIPSEND=24" (13)
23:31:57  [AT] " S,2523,0F,00,3050,P1,44" (24)
23:31:57  [AT] "SEND OK" (7)
23:31:59  [TX] S,2524,0F,00,3051,P1,42
23:31:59  [SLOT] n=2543 tx=23 ack=0 due=0 r=1
23:31:59  [AT] "AT+CIPSEND=24" (13)
23:31:59  [AT] " S,2524,0F,00,3051,P1,42" (24)
23:31:59  [AT] "SEND OK" (7)
23:32:00  [TX] S,2525,0F,00,3052,P1,40
23:32:00  [SLOT] n=2544 tx=23 ack=0 due=0 r=1
23:32:00  [AT] "AT+CIPSEND=24" (13)
23:32:00  [AT] " S,2525,0F,00,3052,P1,40" (24)
23:32:00  [AT] "SEND OK" (7)
23:32:01  [TX] S,2526,0F,00,3054,P1,45
23:32:01  [SLOT] n=2545 tx=23 ack=0 due=0 r=1
23:32:01  [AT] "AT+CIPSEND=24" (13)
23:32:01  [AT] " S,2526,0F,00,3054,P1,45" (24)
23:32:01  [AT] "SEND OK" (7)
23:32:02  [TX] S,2527,0F,00,3055,P1,45
23:32:02  [SLOT] n=2546 tx=23 ack=0 due=0 r=1
23:32:02  [AT] "AT+CIPSEND=24" (13)
23:32:02  [AT] " S,2527,0F,00,3055,P1,45" (24)
23:32:02  [AT] "SEND OK" (7)
23:32:03  [TX] S,2528,0F,00,3056,P1,49
23:32:03  [SLOT] n=2547 tx=23 ack=0 due=0 r=1
23:32:03  [AT] "AT+CIPSEND=24" (13)
23:32:03  [AT] " S,2528,0F,00,3056,P1,49" (24)
23:32:03  [AT] "SEND OK" (7)
23:32:05  [TX] S,2529,0F,00,3057,P1,49
23:32:05  [SLOT] n=2548 tx=23 ack=0 due=0 r=1
23:32:05  [AT] "AT+CIPSEND=24" (13)
23:32:05  [AT] " S,2529,0F,00,3057,P1,49" (24)
23:32:05  [AT] "SEND OK" (7)
23:32:06  [TX] S,2530,0F,00,3058,P1,4E
23:32:06  [SLOT] n=2549 tx=23 ack=0 due=0 r=1
23:32:06  [AT] "AT+CIPSEND=24" (13)
23:32:06  [AT] " S,2530,0F,00,3058,P1,4E" (24)
23:32:06  [AT] "SEND OK" (7)
23:32:07  [TX] S,2531,0F,00,3060,P1,44
23:32:07  [SLOT] n=2550 tx=23 ack=0 due=0 r=1
23:32:07  [CNT] up=3060 drop=0 esprst=0 hwrst=0/0 resync=0 sendfail=0 okto=1 stuck=0 ackq=0 ackdrop=0 ackstale=0 slot=2550 oow=1 smiss=3 ssovf=0 cksumng=0 okstream=2530 penddrop=0 pendfill=2532 bigfill=4 bigdrop=0 bigokst=4 oklost=0 bigoklost=0 skip=8 online=1
23:32:07  [RAM] 최저 여유 571 B · 프롬프트 재동기 0회 (서버의 '버린줄' 과 맞아야 한다)
23:32:07  [AT] " S,2531,0F,00,3060,P1,44" (24)
23:32:07  [AT] "SEND OK" (7)
23:32:07  [AT] "AT+CIPSEND=24" (13)
23:32:08  [TX] S,2532,0F,00,3061,P1,46
23:32:08  [SLOT] n=2551 tx=23 ack=0 due=0 r=1
23:32:08  [AT] "AT+CIPSEND=24" (13)
23:32:08  [AT] " S,2532,0F,00,3061,P1,46" (24)
23:32:08  [AT] "SEND OK" (7)
23:32:09  [TX] S,2533,0F,00,3062,P1,44
23:32:09  [SLOT] n=2552 tx=23 ack=0 due=0 r=1
23:32:09  [AT] "AT+CIPSEND=24" (13)
23:32:09  [AT] " S,2533,0F,00,3062,P1,44" (24)
23:32:09  [AT] "SEND OK" (7)
23:32:11  [TX] S,2534,0F,00,3063,P1,42
23:32:11  [SLOT] n=2553 tx=23 ack=0 due=0 r=1
23:32:11  [AT] "AT+CIPSEND=24" (13)
23:32:11  [AT] " S,2534,0F,00,3063,P1,42" (24)
23:32:11  [AT] "SEND OK" (7)
23:32:12  [TX] S,2535,0F,00,3064,P1,44
23:32:12  [SLOT] n=2554 tx=23 ack=0 due=0 r=1
23:32:12  [AT] "AT+CIPSEND=24" (13)
23:32:12  [AT] " S,2535,0F,00,3064,P1,4h" (24)
23:32:12  [AT] "SEND OK" (7)
23:32:13  «tap» 살아있음 — 최근 60초 rx=7959B (이 줄이 끊기면 탭이 죽은 것이다)
23:32:13  [TX] S,2536,0F,00,3066,P1,45
23:32:13  [SLOT] n=2555 tx=23 ack=0 due=0 r=1
23:32:13  [AT] "AT+CIPSEND=24" (13)
23:32:13  [AT] " S,2536,0F,00,3066,P1,45" (24)
23:32:13  [AT] "SEND OK" (7)
23:32:14  [TX] S,2537,0F,00,3067,P1,45
23:32:14  [SLOT] n=2556 tx=23 ack=0 due=0 r=1
23:32:14  [AT] "AT+CIPSEND=24" (13)
23:32:14  [AT] " S,2537,0F,00,3067,P1,45" (24)
23:32:14  [AT] "SEND OK" (7)
23:32:15  [TX] S,2538,0F,00,3068,P1,45
23:32:15  [SLOT] n=2557 tx=23 ack=0 due=0 r=1
23:32:15  [AT] "AT+CIPSEND=24" (13)
23:32:15  [AT] " S,2538,0F,00,3068,P1,45" (24)
23:32:15  [AT] "SEND OK" (7)
23:32:17  [TX] S,2539,0F,00,3069,P1,45
23:32:17  [SLOT] n=2558 tx=23 ack=0 due=0 r=1
23:32:17  [AT] "AT+CIPSEND=24" (13)
23:32:17  [AT] " S,2539,0F,00,3069,P1,45" (24)
23:32:17  [AT] "SEND OK" (7)
23:32:18  [TX] S,2540,0F,00,3070,P1,43
23:32:18  [SLOT] n=2559 tx=23 ack=0 due=0 r=1
23:32:18  [AT] "AT+CIPSEND=24" (13)
23:32:18  [AT] " S,2540,0F,00,3070,P1,43" (24)
23:32:18  [AT] "SEND OK" (7)
23:32:19  [TX] S,2541,0F,00,3072,P1,40
23:32:19  [SLOT] n=2560 tx=23 ack=0 due=0 r=1
23:32:19  [AT] "AT+CIPSEND=24" (13)
23:32:19  [AT] " S,2541,0F,00,3072,P1,40" (24)
23:32:19  [AT] "SEND OK" (7)
23:32:20  [TX] S,2542,0F,00,3073,P1,42
23:32:20  [SLOT] n=2561 tx=23 ack=0 due=0 r=1
23:32:20  [AT] "AT+CIPSEND=24" (13)
23:32:21  [AT] " S,2542,0F,00,3073,P1,42" (24)
23:32:21  [AT] "SEND OK" (7)
23:32:21  [TX] S,2543,0F,00,3074,P1,44
23:32:21  [SLOT] n=2562 tx=23 ack=0 due=0 r=1
23:32:21  [AT] "AT+CIPSEND=24" (13)
23:32:22  [TX-WAIT] 앞 전송의 SEND OK 를 아직 못 봤다 — 이번 주기는 건너뛴다
23:32:22  [SLOT] n=2563 tx=23 ack=0 due=0 r=0
23:32:23  [AT] " S,2543,0F,00,3074,P1,44" (24)
23:32:23  [AT] "SEND OK" (7)
23:32:24  [TX] S,2544,0F,00,3076,P1,41
23:32:24  [SLOT] n=2564 tx=23 ack=0 due=0 r=1
23:32:24  [AT] "AT+CIPSEND=24" (13)
23:32:24  [AT] " S,2544,0F,00,3076,P1,41" (24)
23:32:24  [AT] "SEND OK" (7)
23:32:25  [TX] S,2545,0F,00,3078,P1,4E
23:32:25  [SLOT] n=2565 tx=23 ack=0 due=0 r=1
23:32:25  [AT] "AT+CIPSEND=24" (13)
23:32:25  [AT] " S,2545,0F,00,3078,P1,4E" (24)
23:32:25  [AT] "SEND OK" (7)
23:32:26  [TX] S,2546,0F,00,3079,P1,4C
23:32:26  [SLOT] n=2566 tx=23 ack=0 due=0 r=1
23:32:26  [AT] "AT+CIPSEND=24" (13)
23:32:26  [AT] " S,2546,0F,00,3079,P1,4C" (24)
23:32:26  [AT] "SEND OK" (7)
23:32:27  [TX] S,2547,0F,00,3080,P1,4B
23:32:27  [SLOT] n=2567 tx=23 ack=0 due=0 r=1
23:32:27  [AT] "AT+CIPSEND=24" (13)
23:32:27  [AT] " S,2547,0F,00,3080,P1,4B" (24)
23:32:27  [AT] "SEND OK" (7)
23:32:28  [TX] S,2548,0F,00,3081,P1,45
23:32:28  [SLOT] n=2568 tx=23 ack=0 due=0 r=1
23:32:28  [AT] "AT+CIPSEND=24" (13)
23:32:29  [AT] " S,2548,0F,00,3081,P1,45" (24)
23:32:29  [AT] "SEND OK" (7)
23:32:30  [TX] S,2549,0F,00,3082,P1,47
23:32:30  [SLOT] n=2569 tx=23 ack=0 due=0 r=1
23:32:30  [AT] "AT+CIPSEND=24" (13)
23:32:30  [AT] " S,2549,0F,00,3082,P1,47" (24)
23:32:30  [AT] "SEND OK" (7)
23:32:31  [TX] S,2550,0F,00,3084,P1,49
23:32:31  [SLOT] n=2570 tx=23 ack=0 due=0 r=1
23:32:31  [AT] "AT+CIPSEND=24" (13)
23:32:31  [AT] " S,2550,0F,00,3084,P1,49" (24)
23:32:31  [AT] "SEND OK" (7)
23:32:32  [TX] S,2551,0F,00,3085,P1,49
23:32:32  [SLOT] n=2571 tx=23 ack=0 due=0 r=1
23:32:32  [AT] "AT+CIPSEND=24" (13)
23:32:32  [AT] " S,2551,0F,00,3085,P1,49" (24)
23:32:32  [AT] "SEND OK" (7)
23:32:33  [TX] S,2552,0F,00,3086,P1,49
23:32:33  [SLOT] n=2572 tx=23 ack=0 due=0 r=1
23:32:33  [AT] "AT+CIPSEND=24" (13)
23:32:34  [AT] " S,2552,0F,00,3086,P1,49" (24)
23:32:34  [AT] "SEND OK" (7)
23:32:34  [TX] S,2553,0F,00,3087,P1,49
23:32:34  [SLOT] n=2573 tx=23 ack=0 due=0 r=1
23:32:34  [AT] "AT+CIPSEND=24" (13)
23:32:35  [AT] " S,2553,0F,00,3087,P1,49" (24)
23:32:35  [AT] "SEND OK" (7)
23:32:36  [TX] S,2554,0F,00,3088,P1,41
23:32:36  [SLOT] n=2574 tx=23 ack=0 due=0 r=1
23:32:36  [AT] "AT+CIPSEND=24" (13)
23:32:36  [AT] " S,2554,0F,00,3088,P1,41" (24)
23:32:36  [AT] "SEND OK" (7)
23:32:37  [TX] S,2555,0F,00,3090,P1,49
23:32:37  [SLOT] n=2575 tx=23 ack=0 due=0 r=1
23:32:37  [AT] "AT+CIPSEND=24" (13)
23:32:37  [AT] " S,2555,0F,00,3090,P1,49" (24)
23:32:37  [AT] "SEND OK" (7)
23:32:38  [TX] S,2556,0F,00,3091,P1,4B
23:32:38  [SLOT] n=2576 tx=23 ack=0 due=0 r=1
23:32:38  [AT] "AT+CIPSEND=24" (13)
23:32:38  [AT] " S,2556,0F,00,3091,P1,4B" (24)
23:32:38  [AT] "SEND OK" (7)
23:32:39  [TX] S,2557,0F,00,3092,P1,49
23:32:39  [SLOT] n=2577 tx=23 ack=0 due=0 r=1
23:32:39  [AT] "AT+CIPSEND=24" (13)
23:32:39  [AT] " S,2557,0F,00,3092,P1,49" (24)
23:32:39  [AT] "SEND OK" (7)
23:32:40  [TX] S,2558,0F,00,3093,P1,47
23:32:40  [SLOT] n=2578 tx=23 ack=0 due=0 r=1
23:32:40  [AT] "AT+CIPSEND=24" (13)
23:32:40  [AT] " S,2558,0F,00,3093,P1,47" (24)
23:32:41  [AT] "SEND OK" (7)
23:32:42  [TX] S,2559,0F,00,3094,P1,41
23:32:42  [SLOT] n=2579 tx=23 ack=0 due=0 r=1
23:32:42  [AT] "AT+CIPSEND=24" (13)
23:32:42  [AT] " S,2559,0F,00,3094,P1,41" (24)
23:32:42  [AT] "SEND OK" (7)
23:32:43  [TX] S,2560,0F,00,3096,P1,49
23:32:43  [SLOT] n=2580 tx=23 ack=0 due=0 r=1
23:32:43  [AT] "AT+CIPSEND=24" (13)
23:32:43  [AT] " S,2560,0F,00,3096,P1,49" (24)
23:32:43  [AT] "SEND OK" (7)
23:32:44  [TX] S,2561,0F,00,3097,P1,49
23:32:44  [SLOT] n=2581 tx=23 ack=0 due=0 r=1
23:32:44  [AT] "AT+CIPSEND=24" (13)
23:32:44  [AT] " S,2561,0F,00,3097,P1,49" (24)
23:32:44  [AT] "SEND OK" (7)
23:32:45  [TX] S,2562,0F,00,3098,P1,45
23:32:45  [SLOT] n=2582 tx=23 ack=0 due=0 r=1
23:32:45  [AT] "AT+CIPSEND=24" (13)
23:32:45  [AT] " S,2562,0F,00,3098,P1,45" (24)
23:32:45  [AT] "SEND OK" (7)
23:32:46  [TX] S,2563,0F,00,3099,P1,45
23:32:46  [SLOT] n=2583 tx=23 ack=0 due=0 r=1
23:32:46  [AT] "AT+CIPSEND=24" (13)
23:32:47  [AT] " S,2563,0F,00,3099,P1,45" (24)
23:32:47  [AT] "SEND OK" (7)
23:32:48  [TX] S,2564,0F,00,3100,P1,43
23:32:48  [SLOT] n=2584 tx=23 ack=0 due=0 r=1
23:32:48  [AT] "AT+CIPSEND=24" (13)
23:32:48  [AT] " S,2564,0F,00,3100,P1,43" (24)
23:32:48  [AT] "SEND OK" (7)
23:32:49  [TX] S,2565,0F,00,3102,P1,40
23:32:49  [SLOT] n=2585 tx=23 ack=0 due=0 r=1
23:32:49  [AT] "AT+CIPSEND=24" (13)
23:32:49  [AT] " S,2565,0F,00,3102,P1,40" (24)
23:32:49  [AT] "SEND OK" (7)
23:32:50  [TX] S,2566,0F,00,3103,P1,42
23:32:50  [SLOT] n=2586 tx=23 ack=0 due=0 r=1
23:32:50  [AT] "AT+CIPSEND=24" (13)
23:32:50  [AT] " S,2566,0F,00,3103,P1,42" (24)
23:32:50  [AT] "SEND OK" (7)
23:32:51  [TX] S,2567,0F,00,3104,P1,44
23:32:51  [SLOT] n=2587 tx=23 ack=0 due=0 r=1
23:32:51  [AT] "AT+CIPSEND=24" (13)
23:32:51  [AT] " S,2567,0F,00,3104,P1,44" (24)
23:32:51  [AT] "SEND OK" (7)
23:32:52  [TX] S,2568,0F,00,3105,P1,4A
23:32:52  [SLOT] n=2588 tx=23 ack=0 due=0 r=1
23:32:52  [AT] "AT+CIPSEND=24" (13)
23:32:53  [AT] " S,2568,0F,00,3105,P1,4A" (24)
23:32:53  [AT] "SEND OK" (7)
23:32:54  [TX] S,2569,0F,00,3106,P1,48
23:32:54  [SLOT] n=2589 tx=23 ack=0 due=0 r=1
23:32:54  [AT] "AT+CIPSEND=24" (13)
23:32:54  [AT] " S,2569,0F,00,3106,P1,48" (24)
23:32:54  [AT] "SEND OK" (7)
23:32:55  [TX] S,2570,0F,00,3108,P1,4E
23:32:55  [SLOT] n=2590 tx=23 ack=0 due=0 r=1
23:32:55  [AT] "AT+CIPSEND=24" (13)
23:32:55  [AT] " S,2570,0F,00,3108,P1,4E" (24)
23:32:55  [AT] "SEND OK" (7)
23:32:56  [TX] S,2571,0F,00,3109,P1,4E
23:32:56  [SLOT] n=2591 tx=23 ack=0 due=0 r=1
23:32:56  [AT] "AT+CIPSEND=24" (13)
23:32:56  [AT] " S,2571,0F,00,3109,P1,4E" (24)
23:32:56  [AT] "SEND OK" (7)
23:32:57  [TX] S,2572,0F,00,3110,P1,45
23:32:57  [SLOT] n=2592 tx=23 ack=0 due=0 r=1
23:32:57  [AT] "AT+CIPSEND=24" (13)
23:32:57  [AT] " S,2572,0F,00,3110,P1,45" (24)
23:32:57  [AT] "SEND OK" (7)
23:32:58  [TX] S,2573,0F,00,3111,P1,45
23:32:58  [SLOT] n=2593 tx=23 ack=0 due=0 r=1
23:32:58  [AT] "AT+CIPSEND=24" (13)
23:32:58  [AT] " S,2573,0F,00,3111,P1,45" (24)
23:32:58  [AT] "SEND OK" (7)
23:33:00  [TX] S,2574,0F,00,3112,P1,41
23:33:00  [SLOT] n=2594 tx=23 ack=0 due=0 r=1
23:33:00  [AT] "AT+CIPSEND=24" (13)
23:33:00  [AT] " S,2574,0F,00,3112,P1,41" (24)
23:33:00  [AT] "SEND OK" (7)
23:33:01  [TX] S,2575,0F,00,3114,P1,46
23:33:01  [SLOT] n=2595 tx=23 ack=0 due=0 r=1
23:33:01  [AT] "AT+CIPSEND=24" (13)
23:33:01  [AT] " S,2575,0F,00,3114,P1,46" (24)
23:33:01  [AT] "SEND OK" (7)
23:33:02  [TX] S,2576,0F,00,3115,P1,44
23:33:02  [SLOT] n=2596 tx=23 ack=0 due=0 r=1
23:33:02  [AT] "AT+CIPSEND=24" (13)
23:33:02  [AT] " S,2576,0F,00,3115,P1,44" (24)
23:33:02  [AT] "SEND OK" (7)
23:33:03  [TX] S,2577,0F,00,3116,P1,46
23:33:03  [SLOT] n=2597 tx=23 ack=0 due=0 r=1
23:33:03  [AT] "AT+CIPSEND=24" (13)
23:33:04  [AT] " S,2577,0F,00,3116,P1,46" (24)
23:33:04  [AT] "SEND OK" (7)
23:33:04  [TX] S,2578,0F,00,3117,P1,48
23:33:04  [SLOT] n=2598 tx=23 ack=0 due=0 r=1
23:33:04  [AT] "AT+CIPSEND=24" (13)
23:33:04  [AT] " S,2578,0F,00,3117,P1,48" (24)
23:33:04  [AT] "SEND OK" (7)
23:33:06  [TX] S,2579,0F,00,3118,P1,46
23:33:06  [SLOT] n=2599 tx=23 ack=0 due=0 r=1
23:33:06  [AT] "AT+CIPSEND=24" (13)
23:33:06  [AT] " S,2579,0F,00,3118,P1,46" (24)
23:33:06  [AT] "SEND OK" (7)
23:33:07  [TX] S,2580,0F,00,3120,P1,4B
23:33:07  [SLOT] n=2600 tx=23 ack=0 due=0 r=1
23:33:07  [CNT] up=3120 drop=0 esprst=0 hwrst=0/0 resync=0 sendfail=0 okto=1 stuck=0 ackq=0 ackdrop=0 ackstale=0 slot=2600 oow=1 smiss=3 ssovf=0 cksumng=0 okstream=2579 penddrop=0 pendfill=2581 bigfill=4 bigdrop=0 bigokst=4 oklost=0 bigoklost=0 skip=9 online=1
23:33:07  [RAM] 최저 여유 571 B · 프롬프트 재동기 0회 (서버의 '버린줄' 과 맞아야 한다)
23:33:07  [AT] "AT+CIPSEND=24" (13)
23:33:07  [AT] " S,2580,0F,00,3120,P1,4B" (24)
23:33:07  [AT] "SEND OK" (7)
23:33:08  [TX] S,2581,0F,00,3121,P1,4B
23:33:08  [SLOT] n=2601 tx=23 ack=0 due=0 r=1
23:33:08  [AT] "AT+CIPSEND=24" (13)
23:33:08  [AT] " S,2581,0F,00,3121,P1,4B" (24)
23:33:08  [AT] "SEND OK" (7)
23:33:09  [TX] S,2582,0F,00,3122,P1,4B
23:33:09  [SLOT] n=2602 tx=23 ack=0 due=0 r=1
23:33:09  [AT] "AT+CIPSEND=24" (13)
23:33:09  [AT] " S,2582,0F,00,3122,P1,4B" (24)
23:33:09  [AT] "SEND OK" (7)
23:33:10  [TX] S,2583,0F,00,3123,P1,4B
23:33:10  [SLOT] n=2603 tx=23 ack=0 due=0 r=1
23:33:10  [AT] "AT+CIPSEND=24" (13)
23:33:10  [AT] " S,2583,0F,00,3123,P1,4B" (24)
23:33:10  [AT] "SEND OK" (7)
23:33:12  [TX] S,2584,0F,00,3124,P1,4B
23:33:12  [SLOT] n=2604 tx=23 ack=0 due=0 r=1
23:33:12  [AT] "AT+CIPSEND=24" (13)
23:33:12  [AT] " S,2584,0F,00,3124,P1,4B" (24)
23:33:12  [AT] "SEND OK" (7)
23:33:13  «tap» 살아있음 — 최근 60초 rx=7929B (이 줄이 끊기면 탭이 죽은 것이다)
23:33:13  [TX] S,2585,0F,00,3126,P1,48
23:33:13  [SLOT] n=2605 tx=23 ack=0 due=0 r=1
23:33:13  [AT] "AT+CIPSEND=24" (13)
23:33:13  [AT] " S,2585,0F,00,3126,P1,48" (24)
23:33:13  [AT] "SEND OK" (7)
23:33:14  [TX] S,2586,0F,00,3127,P1,4A
23:33:14  [SLOT] n=2606 tx=23 ack=0 due=0 r=1
23:33:14  [AT] "AT+CIPSEND=24" (13)
23:33:14  [AT] " S,2586,0F,00,3127,P1,4A" (24)
23:33:14  [AT] "SEND OK" (7)
23:33:15  [TX] S,2587,0F,00,3128,P1,44
23:33:15  [SLOT] n=2607 tx=23 ack=0 due=0 r=1
23:33:15  [AT] "AT+CIPSEND=24" (13)
23:33:15  [AT] " S,2587,0F,00,3128,P1,44" (24)
23:33:15  [AT] "SEND OK" (7)
23:33:16  [TX] S,2588,0F,00,3129,P1,4A
23:33:16  [SLOT] n=2608 tx=23 ack=0 due=0 r=1
23:33:16  [AT] "AT+CIPSEND=24" (13)
23:33:16  [AT] " S,2588,0F,00,3129,P1,4A" (24)
23:33:16  [AT] "SEND OK" (7)
23:33:17  [TX] S,2589,0F,00,3130,P1,43
23:33:17  [SLOT] n=2609 tx=23 ack=0 due=0 r=1
23:33:17  [AT] "AT+CIPSEND=24" (13)
23:33:18  [AT] " S,2589,0F,00,3130,P1,43" (24)
23:33:18  [AT] "SEND OK" (7)
23:33:19  [TX] S,2590,0F,00,3132,P1,49
23:33:19  [SLOT] n=2610 tx=23 ack=0 due=0 r=1
23:33:19  [AT] "AT+CIPSEND=24" (13)
23:33:19  [AT] " S,2590,0F,00,3132,P1,49" (24)
23:33:19  [AT] "SEND OK" (7)
23:33:20  [TX] S,2591,0F,00,3133,P1,49
23:33:20  [SLOT] n=2611 tx=23 ack=0 due=0 r=1
23:33:20  [AT] "AT+CIPSEND=24" (13)
23:33:20  [AT] " S,2591,0F,00,3133,P1,49" (24)
23:33:20  [AT] "SEND OK" (7)
23:33:21  [TX] S,2592,0F,00,3134,P1,4D
23:33:21  [SLOT] n=2612 tx=23 ack=0 due=0 r=1
23:33:21  [AT] "AT+CIPSEND=24" (13)
23:33:21  [AT] " S,2592,0F,00,3134,P1,4D" (24)
23:33:21  [AT] "SEND OK" (7)
23:33:22  [TX] S,2593,0F,00,3135,P1,4D
23:33:22  [SLOT] n=2613 tx=23 ack=0 due=0 r=1
23:33:22  [AT] "AT+CIPSEND=24" (13)
23:33:22  [AT] " S,2593,0F,00,3135,P1,4D" (24)
23:33:22  [AT] "SEND OK" (7)
23:33:23  [TX] S,2594,0F,00,3136,P1,49
23:33:23  [SLOT] n=2614 tx=23 ack=0 due=0 r=1
23:33:23  [AT] "AT+CIPSEND=24" (13)
23:33:24  [AT] " S,2594,0F,00,3136,P1,49" (24)
23:33:24  [AT] "SEND OK" (7)
23:33:25  [TX] S,2595,0F,00,3138,P1,46
23:33:25  [SLOT] n=2615 tx=23 ack=0 due=0 r=1
23:33:25  [AT] "AT+CIPSEND=24" (13)
23:33:25  [AT] " S,2595,0F,00,3138,P1,46" (24)
23:33:25  [AT] "SEND OK" (7)
23:33:26  [TX] S,2596,0F,00,3139,P1,44
23:33:26  [SLOT] n=2616 tx=23 ack=0 due=0 r=1
23:33:26  [AT] "AT+CIPSEND=24" (13)
23:33:26  [AT] " S,2596,0F,00,3139,P1,44" (24)
23:33:26  [AT] "SEND OK" (7)
23:33:27  [TX] S,2597,0F,00,3140,P1,4B
23:33:27  [SLOT] n=2617 tx=23 ack=0 due=0 r=1
23:33:27  [AT] "AT+CIPSEND=24" (13)
23:33:27  [AT] " S,2597,0F,00,3140,P1,4B" (24)
23:33:27  [AT] "SEND OK" (7)
23:33:28  [TX] S,2598,0F,00,3141,P1,45
23:33:28  [SLOT] n=2618 tx=23 ack=0 due=0 r=1
23:33:28  [AT] "AT+CIPSEND=24" (13)
23:33:28  [AT] " S,2598,0F,00,3141,P1,45" (24)
23:33:28  [AT] "SEND OK" (7)
23:33:29  [TX] S,2599,0F,00,3142,P1,47
23:33:29  [SLOT] n=2619 tx=23 ack=0 due=0 r=1
23:33:29  [AT] "AT+CIPSEND=24" (13)
23:33:30  [AT] " S,2599,0F,00,3142,P1,47" (24)
23:33:30  [AT] "SEND OK" (7)
23:33:31  [TX] S,2600,0F,00,3144,P1,42
23:33:31  [SLOT] n=2620 tx=23 ack=0 due=0 r=1
23:33:31  [AT] "AT+CIPSEND=24" (13)
23:33:31  [AT] " S,2600,0F,00,3144,P1,42" (24)
23:33:31  [AT] "SEND OK" (7)
23:33:32  [TX] S,2601,0F,00,3145,P1,42
23:33:32  [SLOT] n=2621 tx=23 ack=0 due=0 r=1
23:33:32  [AT] "AT+CIPSEND=24" (13)
23:33:32  [AT] " S,2601,0F,00,3145,P1,42" (24)
23:33:32  [AT] "SEND OK" (7)
23:33:33  [TX] S,2602,0F,00,3146,P1,42
23:33:33  [SLOT] n=2622 tx=23 ack=0 due=0 r=1
23:33:33  [AT] "AT+CIPSEND=24" (13)
23:33:33  [AT] " S,2602,0F,00,3146,P1,42" (24)
23:33:33  [AT] "SEND OK" (7)
23:33:34  [TX] S,2603,0F,00,3147,P1,42
23:33:34  [SLOT] n=2623 tx=23 ack=0 due=0 r=1
23:33:34  [AT] "AT+CIPSEND=24" (13)
23:33:34  [AT] " S,2603,0F,00,3147,P1,42" (24)
23:33:34  [AT] "SEND OK" (7)
23:33:35  [TX] S,2604,0F,00,3148,P1,4A
23:33:35  [SLOT] n=2624 tx=23 ack=0 due=0 r=1
23:33:35  [AT] "AT+CIPSEND=24" (13)
23:33:35  [AT] " S,2604,0F,00,3148,P1,4A" (24)
23:33:35  [AT] "SEND OK" (7)
23:33:37  [TX] S,2605,0F,00,3150,P1,42
23:33:37  [SLOT] n=2625 tx=23 ack=0 due=0 r=1
23:33:37  [AT] "AT+CIPSEND=24" (13)
23:33:37  [AT] " S,2605,0F,00,3150,P1,42" (24)
23:33:37  [AT] "SEND OK" (7)
23:33:38  [TX] S,2606,0F,00,3151,P1,40
23:33:38  [SLOT] n=2626 tx=23 ack=0 due=0 r=1
23:33:38  [AT] "AT+CIPSEND=24" (13)
23:33:38  [AT] " S,2606,0F,00,3151,P1,40" (24)
23:33:38  [AT] "SEND OK" (7)
23:33:39  [TX] S,2607,0F,00,3152,P1,42
23:33:39  [SLOT] n=2627 tx=23 ack=0 due=0 r=1
23:33:39  [AT] "AT+CIPSEND=24" (13)
23:33:39  [AT] " S,2607,0F,00,3152,P1,42" (24)
23:33:39  [AT] "SEND OK" (7)
23:33:40  [TX] S,2608,0F,00,3153,P1,4C
23:33:40  [SLOT] n=2628 tx=23 ack=0 due=0 r=1
23:33:40  [AT] "AT+CIPSEND=24" (13)
23:33:40  [AT] " S,2608,0F,00,3153,P1,4C" (24)
23:33:40  [AT] "SEND OK" (7)
23:33:41  [TX] S,2609,0F,00,3154,P1,4A
23:33:41  [SLOT] n=2629 tx=23 ack=0 due=0 r=1
23:33:41  [AT] "AT+CIPSEND=24" (13)
23:33:42  [AT] " S,2609,0F,00,3154,P1,4A" (24)
23:33:42  [AT] "SEND OK" (7)
23:33:43  [TX] S,2610,0F,00,3156,P1,40
23:33:43  [SLOT] n=2630 tx=23 ack=0 due=0 r=1
23:33:43  [AT] "AT+CIPSEND=24" (13)
23:33:43  [AT] " S,2610,0F,00,3156,P1,40" (24)
23:33:43  [AT] "SEND OK" (7)
23:33:44  [TX] S,2611,0F,00,3157,P1,40
23:33:44  [SLOT] n=2631 tx=23 ack=0 due=0 r=1
23:33:44  [AT] "AT+CIPSEND=24" (13)
23:33:44  [AT] " S,2611,0F,00,3157,P1,40" (24)
23:33:44  [AT] "SEND OK" (7)
23:33:45  [TX] S,2612,0F,00,3158,P1,4C
23:33:45  [SLOT] n=2632 tx=23 ack=0 due=0 r=1
23:33:45  [AT] "AT+CIPSEND=24" (13)
23:33:45  [AT] " S,2612,0F,00,3158,P1,4C" (24)
23:33:45  [AT] "SEND OK" (7)
23:33:46  [TX] S,2613,0F,00,3159,P1,4C
23:33:46  [SLOT] n=2633 tx=23 ack=0 due=0 r=1
23:33:46  [AT] "AT+CIPSEND=24" (13)
23:33:47  [AT] " S,2613,0F,00,3159,P1,4C" (24)
23:33:47  [AT] "SEND OK" (7)
23:33:47  [TX] S,2614,0F,00,3160,P1,41
23:33:47  [SLOT] n=2634 tx=23 ack=0 due=0 r=1
23:33:47  [AT] "AT+CIPSEND=24" (13)
23:33:47  [AT] " S,2614,0F,00,3160,P1,41" (24)
23:33:47  [AT] "SEND OK" (7)
23:33:49  [TX] S,2615,0F,00,3162,P1,42
23:33:49  [SLOT] n=2635 tx=23 ack=0 due=0 r=1
23:33:49  [AT] "AT+CIPSEND=24" (13)
23:33:49  [AT] " S,2615,0F,00,3162,P1,42" (24)
23:33:49  [AT] "SEND OK" (7)
23:33:50  [TX] S,2616,0F,00,3163,P1,40
23:33:50  [SLOT] n=2636 tx=23 ack=0 due=0 r=1
23:33:50  [AT] "AT+CIPSEND=24" (13)
23:33:50  [AT] " S,2616,0F,00,3163,P1,40" (24)
23:33:50  [AT] "SEND OK" (7)
23:33:51  [TX] S,2617,0F,00,3164,P1,46
23:33:51  [SLOT] n=2637 tx=23 ack=0 due=0 r=1
23:33:51  [AT] "AT+CIPSEND=24" (13)
23:33:51  [AT] " S,2617,0F,00,3164,P1,46" (24)
23:33:51  [AT] "SEND OK" (7)
23:33:52  [TX] S,2618,0F,00,3165,P1,48
23:33:52  [SLOT] n=2638 tx=23 ack=0 due=0 r=1
23:33:52  [AT] "AT+CIPSEND=24" (13)
23:33:52  [AT] " S,2618,0F,00,3165,P1,48" (24)
23:33:52  [AT] "SEND OK" (7)
23:33:53  [TX] S,2619,0F,00,3166,P1,4A
23:33:53  [SLOT] n=2639 tx=23 ack=0 due=0 r=1
23:33:53  [AT] "AT+CIPSEND=24" (13)
23:33:53  [AT] " S,2619,0F,00,3166,P1,4A" (24)
23:33:53  [AT] "SEND OK" (7)
23:33:55  [TX] S,2620,0F,00,3168,P1,4E
23:33:55  [SLOT] n=2640 tx=23 ack=0 due=0 r=1
23:33:55  [AT] "AT+CIPSEND=24" (13)
23:33:55  [AT] " S,2620,0F,00,3168,P1,4E" (24)
23:33:55  [AT] "SEND OK" (7)
23:33:56  [TX] S,2621,0F,00,3169,P1,4E
23:33:56  [SLOT] n=2641 tx=23 ack=0 due=0 r=1
23:33:56  [AT] "AT+CIPSEND=24" (13)
23:33:56  [AT] " S,2621,0F,00,3169,P1,4E" (24)
23:33:56  [AT] "SEND OK" (7)
23:33:57  [TX] S,2622,0F,00,3170,P1,45
23:33:57  [SLOT] n=2642 tx=23 ack=0 due=0 r=1
23:33:57  [AT] "AT+CIPSEND=24" (13)
23:33:57  [AT] " S,2622,0F,00,3170,P1,45" (24)
23:33:57  [AT] "SEND OK" (7)
23:33:58  [TX] S,2623,0F,00,3171,P1,45
23:33:58  [SLOT] n=2643 tx=23 ack=0 due=0 r=1
23:33:58  [AT] "AT+CIPSEND=24" (13)
23:33:58  [AT] " S,2623,0F,00,3171,P1,45" (24)
23:33:58  [AT] "SEND OK" (7)
23:33:59  [TX] S,2624,0F,00,3172,P1,41
23:33:59  [SLOT] n=2644 tx=23 ack=0 due=0 r=1
23:33:59  [AT] "AT+CIPSEND=24" (13)
23:34:00  [AT] " S,2624,0F,00,3172,P1,41" (24)
23:34:00  [AT] "SEND OK" (7)
23:34:00  [TX] S,2625,0F,00,3174,P1,46
23:34:00  [SLOT] n=2645 tx=23 ack=0 due=0 r=1
23:34:00  [AT] "AT+CIPSEND=24" (13)
23:34:01  [AT] " S,2625,0F,00,3174,P1,46" (24)
23:34:01  [AT] "SEND OK" (7)
23:34:02  [TX] S,2626,0F,00,3175,P1,44
23:34:02  [SLOT] n=2646 tx=23 ack=0 due=0 r=1
23:34:02  [AT] "AT+CIPSEND=24" (13)
23:34:02  [AT] " S,2626,0F,00,3175,P1,44" (24)
23:34:02  [AT] "SEND OK" (7)
23:34:03  [TX] S,2627,0F,00,3176,P1,46
23:34:03  [SLOT] n=2647 tx=23 ack=0 due=0 r=1
23:34:03  [AT] "AT+CIPSEND=24" (13)
23:34:03  [AT] " S,2627,0F,00,3176,P1,46" (24)
23:34:03  [AT] "SEND OK" (7)
23:34:04  [TX] S,2628,0F,00,3177,P1,48
23:34:04  [SLOT] n=2648 tx=23 ack=0 due=0 r=1
23:34:04  [AT] "AT+CIPSEND=24" (13)
23:34:04  [AT] " S,2628,0F,00,3177,P1,48" (24)
23:34:04  [AT] "SEND OK" (7)
23:34:05  [TX] S,2629,0F,00,3178,P1,46
23:34:05  [SLOT] n=2649 tx=23 ack=0 due=0 r=1
23:34:05  [AT] "AT+CIPSEND=24" (13)
23:34:05  [AT] " S,2629,0F,00,3178,P1,46" (24)
23:34:05  [AT] "SEND OK" (7)
23:34:06  [TX] S,2630,0F,00,3180,P1,49
23:34:06  [SLOT] n=2650 tx=23 ack=0 due=0 r=1
23:34:06  [CNT] up=3180 drop=0 esprst=0 hwrst=0/0 resync=0 sendfail=0 okto=1 stuck=0 ackq=0 ackdrop=0 ackstale=0 slot=2650 oow=1 smiss=3 ssovf=0 cksumng=0 okstream=2629 penddrop=0 pendfill=2631 bigfill=4 bigdrop=0 bigokst=4 oklost=0 bigoklost=0 skip=9 online=1
23:34:06  [RAM] 최저 여유 571 B · 프롬프트 재동기 0회 (서버의 '버린줄' 과 맞아야 한다)
23:34:06  [AT] "AT+CIPSEND=24" (13)
23:34:07  [AT] " S,2630,0F,00,3180,P1,49" (24)
23:34:07  [AT] "SEND OK" (7)
23:34:08  [TX] S,2631,0F,00,3181,P1,49
23:34:08  [SLOT] n=2651 tx=23 ack=0 due=0 r=1
23:34:08  [AT] "AT+CIPSEND=24" (13)
23:34:08  [AT] " S,2631,0F,00,3181,P1,49" (24)
23:34:08  [AT] "SEND OK" (7)
23:34:09  [TX] S,2632,0F,00,3182,P1,49
23:34:09  [SLOT] n=2652 tx=23 ack=0 due=0 r=1
23:34:09  [AT] "AT+CIPSEND=24" (13)
23:34:09  [AT] " S,2632,0F,00,3182,P1,49" (24)
23:34:09  [AT] "SEND OK" (7)
23:34:10  [TX] S,2633,0F,00,3183,P1,49
23:34:10  [SLOT] n=2653 tx=23 ack=0 due=0 r=1
23:34:10  [AT] "AT+CIPSEND=24" (13)
23:34:10  [AT] " S,2633,0F,00,3183,P1,49" (24)
23:34:10  [AT] "SEND OK" (7)
23:34:11  [TX] S,2634,0F,00,3184,P1,49
23:34:11  [SLOT] n=2654 tx=23 ack=0 due=0 r=1
23:34:11  [AT] "AT+CIPSEND=24" (13)
23:34:11  [AT] " S,2634,0F,00,3184,P1,49" (24)
23:34:11  [AT] "SEND OK" (7)
23:34:12  [TX] S,2635,0F,00,3186,P1,4A
23:34:12  [SLOT] n=2655 tx=23 ack=0 due=0 r=1
23:34:12  [AT] "AT+CIPSEND=24" (13)
23:34:13  «tap» 살아있음 — 최근 60초 rx=8049B (이 줄이 끊기면 탭이 죽은 것이다)
23:34:13  [AT] " S,2635,0F,00,3186,P1,4A" (24)
23:34:13  [AT] "SEND OK" (7)
23:34:14  [TX] S,2636,0F,00,3187,P1,48
23:34:14  [SLOT] n=2656 tx=23 ack=0 due=0 r=1
23:34:14  [AT] "AT+CIPSEND=24" (13)
23:34:14  [AT] " S,2636,0F,00,3187,P1,48" (24)
23:34:14  [AT] "SEND OK" (7)
23:34:15  [TX] S,2637,0F,00,3188,P1,46
23:34:15  [SLOT] n=2657 tx=23 ack=0 due=0 r=1
23:34:15  [AT] "AT+CIPSEND=24" (13)
23:34:15  [AT] " S,2637,0F,00,3188,P1,46" (24)
23:34:15  [AT] "SEND OK" (7)
23:34:16  [TX] S,2638,0F,00,3189,P1,48
23:34:16  [SLOT] n=2658 tx=23 ack=0 due=0 r=1
23:34:16  [AT] "AT+CIPSEND=24" (13)
23:34:16  [AT] " S,2638,0F,00,3189,P1,48" (24)
23:34:16  [AT] "SEND OK" (7)
23:34:17  [TX] S,2639,0F,00,3190,P1,41
23:34:17  [SLOT] n=2659 tx=23 ack=0 due=0 r=1
23:34:17  [AT] "AT+CIPSEND=24" (13)
23:34:17  [AT] " S,2639,0F,00,3190,P1,41" (24)
23:34:17  [AT] "SEND OK" (7)
23:34:18  [TX] S,2640,0F,00,3192,P1,4D
23:34:18  [SLOT] n=2660 tx=23 ack=0 due=0 r=1
23:34:18  [AT] "AT+CIPSEND=24" (13)
23:34:20  [AT] " S,2640,0F,00,3192,P1,4D" (24)
23:34:20  [AT] "SEND OK" (7)
23:34:21  [TX] S,2641,0F,00,3193,P1,4D
23:34:21  [SLOT] n=2661 tx=23 ack=0 due=0 r=1
23:34:21  [AT] "AT+CIPSEND=24" (13)
23:34:21  [AT] " S,2641,0F,00,3193,P1,4D" (24)
23:34:21  [AT] "SEND OK" (7)
23:34:22  [TX] S,2642,0F,00,3194,P1,49
23:34:22  [SLOT] n=2662 tx=23 ack=0 due=0 r=1
23:34:22  [AT] "AT+CIPSEND=24" (13)
23:34:22  [AT] " S,2642,0F,00,3194,P1,49" (24)
23:34:22  [AT] "SEND OK" (7)
23:34:23  [TX] S,2643,0F,00,3195,P1,49
23:34:23  [SLOT] n=2663 tx=23 ack=0 due=0 r=1
23:34:23  [AT] "AT+CIPSEND=24" (13)
23:34:23  [AT] " S,2643,0F,00,3195,P1,49" (24)
23:34:23  [AT] "SEND OK" (7)
23:34:24  [TX] S,2644,0F,00,3196,P1,4D
23:34:24  [SLOT] n=2664 tx=23 ack=0 due=0 r=1
23:34:24  [AT] "AT+CIPSEND=24" (13)
23:34:24  [AT] " S,2644,0F,00,3196,P1,4D" (24)
23:34:24  [AT] "SEND OK" (7)
23:34:25  [TX] S,2645,0F,00,3198,P1,42
23:34:25  [SLOT] n=2665 tx=23 ack=0 due=0 r=1
23:34:25  [AT] "AT+CIPSEND=24" (13)
23:34:25  [AT] " S,2645,0F,00,3198,P1,42" (24)
23:34:25  [AT] "SEND OK" (7)
23:34:27  [TX] S,2646,0F,00,3199,P1,40
23:34:27  [SLOT] n=2666 tx=23 ack=0 due=0 r=1
23:34:27  [AT] "AT+CIPSEND=24" (13)
23:34:27  [AT] " S,2646,0F,00,3199,P1,40" (24)
23:34:27  [AT] "SEND OK" (7)
23:34:28  [TX] S,2647,0F,00,3200,P1,42
23:34:28  [SLOT] n=2667 tx=23 ack=0 due=0 r=1
23:34:28  [AT] "AT+CIPSEND=24" (13)
23:34:28  [AT] " S,2647,0F,00,3200,P1,42" (24)
23:34:28  [AT] "SEND OK" (7)
23:34:29  [TX] S,2648,0F,00,3201,P1,4C
23:34:29  [SLOT] n=2668 tx=23 ack=0 due=0 r=1
23:34:29  [AT] "AT+CIPSEND=24" (13)
23:34:29  [AT] " S,2648,0F,00,3201,P1,4C" (24)
23:34:29  [AT] "SEND OK" (7)
23:34:30  [TX] S,2649,0F,00,3202,P1,4E
23:34:30  [SLOT] n=2669 tx=23 ack=0 due=0 r=1
23:34:30  [AT] "AT+CIPSEND=24" (13)
23:34:30  [AT] " S,2649,0F,00,3202,P1,4E" (24)
23:34:30  [AT] "SEND OK" (7)
23:34:31  [TX] S,2650,0F,00,3204,P1,40
23:34:31  [SLOT] n=2670 tx=23 ack=0 due=0 r=1
23:34:31  [AT] "AT+CIPSEND=24" (13)
23:34:32  [TX-WAIT] 앞 전송의 SEND OK 를 아직 못 봤다 — 이번 주기는 건너뛴다
23:34:32  [SLOT] n=2671 tx=23 ack=0 due=0 r=0
23:34:34  [TX-WAIT] ★ T1 초과 — 그래도 계속 기다린다(두들기지 않는다)
23:34:34  [TX-WAIT] 앞 전송의 SEND OK 를 아직 못 봤다 — 이번 주기는 건너뛴다
23:34:34  [SLOT] n=2672 tx=23 ack=0 due=0 r=0
23:34:35  [TX-WAIT] 앞 전송의 SEND OK 를 아직 못 봤다 — 이번 주기는 건너뛴다
23:34:35  [SLOT] n=2673 tx=23 ack=0 due=0 r=0
23:34:36  [TX-WAIT] 앞 전송의 SEND OK 를 아직 못 봤다 — 이번 주기는 건너뛴다
23:34:36  [SLOT] n=2674 tx=23 ack=0 due=0 r=0
23:34:36  [AT] " S,2650,0F,00,3204,P1,40" (24)
23:34:36  [AT] "SEND OK" (7)
23:34:37  [TX] S,2651,0F,00,3210,P1,44
23:34:37  [SLOT] n=2675 tx=23 ack=0 due=0 r=1
23:34:37  [AT] "AT+CIPSEND=24" (13)
23:34:37  [AT] " S,2651,0F,00,3210,P1,44" (24)
23:34:37  [AT] "SEND OK" (7)
23:34:39  [TX] S,2652,0F,00,3211,P1,46
23:34:39  [SLOT] n=2676 tx=23 ack=0 due=0 r=1
23:34:39  [AT] "AT+CIPSEND=24" (13)
23:34:39  [AT] " S,2652,0F,00,3211,P1,46" (24)
23:34:39  [AT] "SEND OK" (7)
23:34:40  [TX] S,2653,0F,00,3212,P1,44
23:34:40  [SLOT] n=2677 tx=23 ack=0 due=0 r=1
23:34:40  [AT] "AT+CIPSEND=24" (13)
23:34:41  [TX-WAIT] 앞 전송의 SEND OK 를 아직 못 봤다 — 이번 주기는 건너뛴다
23:34:41  [SLOT] n=2678 tx=23 ack=0 due=0 r=0
23:34:41  [AT] " S,2653,0F,00,3212,P1,44" (24)
23:34:41  [AT] "SEND OK" (7)
23:34:42  [TX] S,2654,0F,00,3214,P1,45
23:34:42  [SLOT] n=2679 tx=23 ack=0 due=0 r=1
23:34:42  [AT] "AT+CIPSEND=24" (13)
23:34:42  [AT] " S,2654,0F,00,3214,P1,45" (24)
23:34:42  [AT] "SEND OK" (7)
23:34:43  [TX] S,2655,0F,00,3216,P1,46
23:34:43  [SLOT] n=2680 tx=23 ack=0 due=0 r=1
23:34:43  [AT] "AT+CIPSEND=24" (13)
23:34:44  [AT] " S,2655,0F,00,3216,P1,46" (24)
23:34:44  [AT] "SEND OK" (7)
23:34:45  [TX] S,2656,0F,00,3217,P1,44
23:34:45  [SLOT] n=2681 tx=23 ack=0 due=0 r=1
23:34:45  [AT] "AT+CIPSEND=24" (13)
23:34:45  [AT] " S,2656,0F,00,3217,P1,44" (24)
23:34:45  [AT] "SEND OK" (7)
23:34:46  [TX] S,2657,0F,00,3218,P1,4A
23:34:46  [SLOT] n=2682 tx=23 ack=0 due=0 r=1
23:34:46  [AT] "AT+CIPSEND=24" (13)
23:34:46  [AT] " S,2657,0F,00,3218,P1,4A" (24)
23:34:46  [AT] "SEND OK" (7)
23:34:47  [TX] S,2658,0F,00,3219,P1,44
23:34:47  [SLOT] n=2683 tx=23 ack=0 due=0 r=1
23:34:47  [AT] "AT+CIPSEND=24" (13)
23:34:47  [AT] " S,2658,0F,00,3219,P1,44" (24)
23:34:47  [AT] "SEND OK" (7)
23:34:48  [TX] S,2659,0F,00,3220,P1,4F
23:34:48  [SLOT] n=2684 tx=23 ack=0 due=0 r=1
23:34:48  [AT] "AT+CIPSEND=24" (13)
23:34:48  [AT] " S,2659,0F,00,3220,P1,4F" (24)
23:34:48  [AT] "SEND OK" (7)
23:34:49  [TX] S,2660,0F,00,3222,P1,47
23:34:49  [SLOT] n=2685 tx=23 ack=0 due=0 r=1
23:34:49  [AT] "AT+CIPSEND=24" (13)
23:34:50  [AT] " S,2660,0F,00,3222,P1,47" (24)
23:34:50  [AT] "SEND OK" (7)
23:34:51  [TX] S,2661,0F,00,3223,P1,47
23:34:51  [SLOT] n=2686 tx=23 ack=0 due=0 r=1
23:34:51  [AT] "AT+CIPSEND=24" (13)
23:34:51  [AT] " S,2661,0F,00,3223,P1,47" (24)
23:34:51  [AT] "SEND OK" (7)
23:34:52  [TX] S,2662,0F,00,3224,P1,43
23:34:52  [SLOT] n=2687 tx=23 ack=0 due=0 r=1
23:34:52  [AT] "AT+CIPSEND=24" (13)
23:34:52  [AT] " S,2662,0F,00,3224,P1,43" (24)
23:34:52  [AT] "SEND OK" (7)
23:34:53  [TX] S,2663,0F,00,3225,P1,43
23:34:53  [SLOT] n=2688 tx=23 ack=0 due=0 r=1
23:34:53  [AT] "AT+CIPSEND=24" (13)
23:34:53  [AT] " S,2663,0F,00,3225,P1,43" (24)
23:34:53  [AT] "SEND OK" (7)
23:34:54  [TX] S,2664,0F,00,3226,P1,47
23:34:54  [SLOT] n=2689 tx=23 ack=0 due=0 r=1
23:34:54  [AT] "AT+CIPSEND=24" (13)
23:34:54  [AT] " S,2664,0F,00,3226,P1,47" (24)
23:34:54  [AT] "SEND OK" (7)
23:34:55  [TX] S,2665,0F,00,3228,P1,48
23:34:55  [SLOT] n=2690 tx=23 ack=0 due=0 r=1
23:34:55  [AT] "AT+CIPSEND=24" (13)
23:34:55  [AT] " S,2665,0F,00,3228,P1,48" (24)
23:34:55  [AT] "SEND OK" (7)
23:34:56  [TX] S,2666,0F,00,3229,P1,4A
23:34:56  [SLOT] n=2691 tx=23 ack=0 due=0 r=1
23:34:56  [AT] "AT+CIPSEND=24" (13)
23:34:57  [AT] " S,2666,0F,00,3229,P1,4A" (24)
23:34:57  [AT] "SEND OK" (7)
23:34:58  [TX] S,2667,0F,00,3230,P1,43
23:34:58  [SLOT] n=2692 tx=23 ack=0 due=0 r=1
23:34:58  [AT] "AT+CIPSEND=24" (13)
23:34:58  [AT] " S,2667,0F,00,3230,P1,43" (24)
23:34:58  [AT] "SEND OK" (7)
23:34:59  [TX] S,2668,0F,00,3231,P1,4D
23:34:59  [SLOT] n=2693 tx=23 ack=0 due=0 r=1
23:34:59  [AT] "AT+CIPSEND=24" (13)
23:34:59  [AT] " S,2668,0F,00,3231,P1,4D" (24)
23:34:59  [AT] "SEND OK" (7)
23:35:00  [TX] S,2669,0F,00,3232,P1,4F
23:35:00  [SLOT] n=2694 tx=23 ack=0 due=0 r=1
23:35:00  [AT] "AT+CIPSEND=24" (13)
23:35:00  [AT] " S,2669,0F,00,3232,P1,4F" (24)
23:35:00  [AT] "SEND OK" (7)
23:35:01  [TX] S,2670,0F,00,3234,P1,41
23:35:01  [SLOT] n=2695 tx=23 ack=0 due=0 r=1
23:35:01  [AT] "AT+CIPSEND=24" (13)
23:35:01  [AT] " S,2670,0F,00,3234,P1,41" (24)
23:35:01  [AT] "SEND OK" (7)
23:35:02  [TX] S,2671,0F,00,3235,P1,41
23:35:02  [SLOT] n=2696 tx=23 ack=0 due=0 r=1
23:35:02  [AT] "AT+CIPSEND=24" (13)
23:35:03  [AT] " S,2671,0F,00,3235,P1,41" (24)
23:35:03  [AT] "SEND OK" (7)
23:35:04  [TX] S,2672,0F,00,3236,P1,41
23:35:04  [SLOT] n=2697 tx=23 ack=0 due=0 r=1
23:35:04  [AT] "AT+CIPSEND=24" (13)
23:35:04  [AT] " S,2672,0F,00,3236,P1,41" (24)
23:35:04  [AT] "SEND OK" (7)
23:35:05  [TX] S,2673,0F,00,3237,P1,41
23:35:05  [SLOT] n=2698 tx=23 ack=0 due=0 r=1
23:35:05  [AT] "AT+CIPSEND=24" (13)
23:35:05  [AT] " S,2673,0F,00,3237,P1,41" (24)
23:35:05  [AT] "SEND OK" (7)
23:35:06  [TX] S,2674,0F,00,3238,P1,49
23:35:06  [SLOT] n=2699 tx=23 ack=0 due=0 r=1
23:35:06  [AT] "AT+CIPSEND=24" (13)
23:35:06  [AT] " S,2674,0F,00,3238,P1,49" (24)
23:35:06  [AT] "SEND OK" (7)
23:35:07  [TX] S,2675,0F,00,3240,P1,47
23:35:07  [SLOT] n=2700 tx=23 ack=0 due=0 r=1
23:35:07  [CNT] up=3240 drop=0 esprst=0 hwrst=0/0 resync=0 sendfail=0 okto=2 stuck=0 ackq=0 ackdrop=0 ackstale=0 slot=2700 oow=1 smiss=3 ssovf=0 cksumng=0 okstream=2674 penddrop=0 pendfill=2676 bigfill=4 bigdrop=0 bigokst=4 oklost=0 bigoklost=0 skip=14 online=1
23:35:07  [RAM] 최저 여유 571 B · 프롬프트 재동기 0회 (서버의 '버린줄' 과 맞아야 한다)
23:35:07  [AT] "AT+CIPSEND=24" (13)
23:35:07  [AT] " S,2675,0F,00,3240,P1,47" (24)
23:35:07  [AT] "SEND OK" (7)
23:35:08  [TX] S,2676,0F,00,3241,P1,45
23:35:08  [SLOT] n=2701 tx=23 ack=0 due=0 r=1
23:35:08  [AT] "AT+CIPSEND=24" (13)
23:35:08  [AT] " S,2676,0F,00,3241,P1,45" (24)
23:35:08  [AT] "SEND OK" (7)
23:35:10  [TX] S,2677,0F,00,3242,P1,47
23:35:10  [SLOT] n=2702 tx=23 ack=0 due=0 r=1
23:35:10  [AT] "AT+CIPSEND=24" (13)
23:35:10  [AT] " S,2677,0F,00,3242,P1,47" (24)
23:35:10  [AT] "SEND OK" (7)
23:35:11  [TX] S,2678,0F,00,3243,P1,49
23:35:11  [SLOT] n=2703 tx=23 ack=0 due=0 r=1
23:35:11  [AT] "AT+CIPSEND=24" (13)
23:35:11  [AT] " S,2678,0F,00,3243,P1,49" (24)
23:35:11  [AT] "SEND OK" (7)
23:35:12  [TX] S,2679,0F,00,3244,P1,4F
23:35:12  [SLOT] n=2704 tx=23 ack=0 due=0 r=1
23:35:12  [AT] "AT+CIPSEND=24" (13)
23:35:12  [AT] " S,2679,0F,00,3244,P1,4F" (24)
23:35:12  [AT] "SEND OK" (7)
23:35:13  [TX] S,2680,0F,00,3246,P1,4B
23:35:13  [SLOT] n=2705 tx=23 ack=0 due=0 r=1
23:35:13  [AT] "AT+CIPSEND=24" (13)
23:35:14  «tap» 살아있음 — 최근 60초 rx=7909B (이 줄이 끊기면 탭이 죽은 것이다)
23:35:14  [AT] " S,2680,0F,00,3246,P1,4B" (24)
23:35:14  [AT] "SEND OK" (7)
23:35:14  [TX] S,2681,0F,00,3247,P1,4B
23:35:14  [SLOT] n=2706 tx=23 ack=0 due=0 r=1
23:35:14  [AT] "AT+CIPSEND=24" (13)
23:35:14  [AT] " S,2681,0F,00,3247,P1,4B" (24)
23:35:14  [AT] "SEND OK" (7)
23:35:16  [TX] S,2682,0F,00,3248,P1,47
23:35:16  [SLOT] n=2707 tx=23 ack=0 due=0 r=1
23:35:16  [AT] "AT+CIPSEND=24" (13)
23:35:16  [AT] " S,2682,0F,00,3248,P1,47" (24)
23:35:16  [AT] "SEND OK" (7)
23:35:17  [TX] S,2683,0F,00,3249,P1,47
23:35:17  [SLOT] n=2708 tx=23 ack=0 due=0 r=1
23:35:17  [AT] "AT+CIPSEND=24" (13)
23:35:17  [AT] " S,2683,0F,00,3249,P1,47" (24)
23:35:17  [AT] "SEND OK" (7)
23:35:18  [TX] S,2684,0F,00,3250,P1,48
23:35:18  [SLOT] n=2709 tx=23 ack=0 due=0 r=1
23:35:18  [AT] "AT+CIPSEND=24" (13)
23:35:18  [AT] " S,2684,0F,00,3250,P1,48" (24)
23:35:18  [AT] "SEND OK" (7)
23:35:19  [TX] S,2685,0F,00,3252,P1,4B
23:35:19  [SLOT] n=2710 tx=23 ack=0 due=0 r=1
23:35:19  [AT] "AT+CIPSEND=24" (13)
23:35:19  [AT] " S,2685,0F,00,3252,P1,4B" (24)
23:35:19  [AT] "SEND OK" (7)
23:35:20  [TX] S,2686,0F,00,3253,P1,49
23:35:20  [SLOT] n=2711 tx=23 ack=0 due=0 r=1
23:35:20  [AT] "AT+CIPSEND=24" (13)
23:35:20  [AT] " S,2686,0F,00,3253,P1,49" (24)
23:35:20  [AT] "SEND OK" (7)
23:35:22  [TX] S,2687,0F,00,3254,P1,4F
23:35:22  [SLOT] n=2712 tx=23 ack=0 due=0 r=1
23:35:22  [AT] "AT+CIPSEND=24" (13)
23:35:22  [AT] " S,2687,0F,00,3254,P1,4F" (24)
23:35:22  [AT] "SEND OK" (7)
23:35:23  [TX] S,2688,0F,00,3255,P1,41
23:35:23  [SLOT] n=2713 tx=23 ack=0 due=0 r=1
23:35:23  [AT] "AT+CIPSEND=24" (13)
23:35:23  [AT] " S,2688,0F,00,3255,P1,41" (24)
23:35:23  [AT] "SEND OK" (7)
23:35:24  [TX] S,2689,0F,00,3256,P1,43
23:35:24  [SLOT] n=2714 tx=23 ack=0 due=0 r=1
23:35:24  [AT] "AT+CIPSEND=24" (13)
23:35:24  [AT] " S,2689,0F,00,3256,P1,43" (24)
23:35:24  [AT] "SEND OK" (7)
23:35:25  [TX] S,2690,0F,00,3258,P1,45
23:35:25  [SLOT] n=2715 tx=23 ack=0 due=0 r=1
23:35:25  [AT] "AT+CIPSEND=24" (13)
23:35:25  [AT] " S,2690,0F,00,3258,P1,45" (24)
23:35:25  [AT] "SEND OK" (7)
23:35:26  [TX] S,2691,0F,00,3259,P1,45
23:35:26  [SLOT] n=2716 tx=23 ack=0 due=0 r=1
23:35:26  [AT] "AT+CIPSEND=24" (13)
23:35:26  [AT] " S,2691,0F,00,3259,P1,45" (24)
23:35:26  [AT] "SEND OK" (7)
23:35:28  [TX] S,2692,0F,00,3260,P1,4C
23:35:28  [SLOT] n=2717 tx=23 ack=0 due=0 r=1
23:35:28  [AT] "AT+CIPSEND=24" (13)
23:35:28  [AT] " S,2692,0F,00,3260,P1,4C" (24)
23:35:28  [AT] "SEND OK" (7)
23:35:29  [TX] S,2693,0F,00,3261,P1,4C
23:35:29  [SLOT] n=2718 tx=23 ack=0 due=0 r=1
23:35:29  [AT] "AT+CIPSEND=24" (13)
23:35:29  [AT] " S,2693,0F,00,3261,P1,4C" (24)
23:35:29  [AT] "SEND OK" (7)
23:35:30  [TX] S,2694,0F,00,3262,P1,48
23:35:30  [SLOT] n=2719 tx=23 ack=0 due=0 r=1
23:35:30  [AT] "AT+CIPSEND=24" (13)
23:35:30  [AT] " S,2694,0F,00,3262,P1,48" (24)
23:35:30  [AT] "SEND OK" (7)
23:35:31  [TX] S,2695,0F,00,3264,P1,4F
23:35:31  [SLOT] n=2720 tx=23 ack=0 due=0 r=1
23:35:31  [AT] "AT+CIP\xA7END=24" (13)
23:35:31  [AT] " S,2695,0F,00,3264,P1,4F" (24)
23:35:31  [AT] "SEND OK" (7)
23:35:32  [TX] S,2696,0F,00,3265,P1,4D
23:35:32  [SLOT] n=2721 tx=23 ack=0 due=0 r=1
23:35:32  [AT] "AT+CIPSEND=24" (13)
23:35:32  [AT] " S,2696,0F,00,3265,P1,4D" (24)
23:35:32  [AT] "SEND OK" (7)
23:35:34  [TX] S,2697,0F,00,3266,P1,4F
23:35:34  [SLOT] n=2722 tx=23 ack=0 due=0 r=1
23:35:34  [AT] "AT+CIPSEND=24" (13)
23:35:34  [AT] " S,2697,0F,00,3266,P1,4F" (24)
23:35:34  [AT] "SEND OK" (7)
23:35:35  [TX] S,2698,0F,00,3267,P1,41
23:35:35  [SLOT] n=2723 tx=23 ack=0 due=0 r=1
23:35:35  [AT] "AT+CIPSEND=24" (13)
23:35:35  [AT] " S,2698,0F,00,3267,P1,41" (24)
23:35:35  [AT] "SEND OK" (7)
23:35:36  [TX] S,2699,0F,00,3268,P1,4F
23:35:36  [SLOT] n=2724 tx=23 ack=0 due=0 r=1
23:35:36  [AT] "AT+CIPSEND=24" (13)
23:35:36  [AT] " S,2699,0F,00,3268,P1,4F" (24)
23:35:36  [AT] "SEND OK" (7)
23:35:37  [TX] S,2700,0F,00,3270,P1,47
23:35:37  [SLOT] n=2725 tx=23 ack=0 due=0 r=1
23:35:37  [AT] "AT+CIPSEND=24" (13)
23:35:37  [AT] " S,2700,0F,00,3270,P1,47" (24)
23:35:37  [AT] "SEND OK" (7)
23:35:38  [TX] S,2701,0F,00,3271,P1,47
23:35:38  [SLOT] n=2726 tx=23 ack=0 due=0 r=1
23:35:38  [AT] "AT+CIPSEND=24" (13)
23:35:38  [AT] " S,2701,0F,00,3271,P1,47" (24)
23:35:38  [AT] "SEND OK" (7)
23:35:40  [TX] S,2702,0F,00,3272,P1,47
23:35:40  [SLOT] n=2727 tx=23 ack=0 due=0 r=1
23:35:40  [AT] "AT+CIPSEND=24" (13)
23:35:40  [AT] " S,2702,0F,00,3272,P1,47" (24)
23:35:40  [AT] "SEND OK" (7)
23:35:41  [TX] S,2703,0F,00,3273,P1,47
23:35:41  [SLOT] n=2728 tx=23 ack=0 due=0 r=1
23:35:41  [AT] "AT+CIPSEND=24" (13)
23:35:41  [AT] " S,2703,0F,00,3273,P1,47" (24)
23:35:41  [AT] "SEND OK" (7)
23:35:42  [TX] S,2704,0F,00,3274,P1,47
23:35:42  [SLOT] n=2729 tx=23 ack=0 due=0 r=1
23:35:42  [AT] "AT+CIPSEND=24" (13)
23:35:42  [AT] " S,2704,0F,00,3274,P1,47" (24)
23:35:42  [AT] "SEND OK" (7)
23:35:43  [TX] S,2705,0F,00,3276,P1,44
23:35:43  [SLOT] n=2730 tx=23 ack=0 due=0 r=1
23:35:43  [AT] "AT+CIPSEND=24" (13)
23:35:43  [AT] " S,2705,0F,00,3276,P1,44" (24)
23:35:43  [AT] "SEND OK" (7)
23:35:44  [TX] S,2706,0F,00,3277,P1,46
23:35:44  [SLOT] n=2731 tx=23 ack=0 due=0 r=1
23:35:44  [AT] "AT+CIPSEND=24" (13)
23:35:44  [AT] " S,2706,0F,00,3277,P1,46" (24)
23:35:44  [AT] "SEND OK" (7)
23:35:45  [TX] S,2707,0F,00,3278,P1,48
23:35:45  [SLOT] n=2732 tx=23 ack=0 due=0 r=1
23:35:45  [AT] "AT+CIPSEND=24" (13)
23:35:46  [AT] " S,2707,0F,00,3278,P1,48" (24)
23:35:46  [AT] "SEND OK" (7)
23:35:47  [TX] S,2708,0F,00,3279,P1,46
23:35:47  [SLOT] n=2733 tx=23 ack=0 due=0 r=1
23:35:47  [AT] "AT+CIPSEND=24" (13)
23:35:47  [AT] " S,2708,0F,00,3279,P1,46" (24)
23:35:47  [AT] "SEND OK" (7)
23:35:48  [TX] S,2709,0F,00,3280,P1,41
23:35:48  [SLOT] n=2734 tx=23 ack=0 due=0 r=1
23:35:48  [AT] "AT+CIPSEND=24" (13)
23:35:48  [AT] " S,2709,0F,00,3280,P1,41" (24)
23:35:48  [AT] "SEND OK" (7)
23:35:49  [TX] S,2710,0F,00,3282,P1,4B
23:35:49  [SLOT] n=2735 tx=23 ack=0 due=0 r=1
23:35:49  [AT] "AT+CIPSEND=24" (13)
23:35:49  [AT] " S,2710,0F,00,3282,P1,4B" (24)
23:35:49  [AT] "SEND OK" (7)
23:35:50  [TX] S,2711,0F,00,3283,P1,4B
23:35:50  [SLOT] n=2736 tx=23 ack=0 due=0 r=1
23:35:50  [AT] "AT+CIPSEND=24" (13)
23:35:50  [AT] " S,2711,0F,00,3283,P1,4B" (24)
23:35:50  [AT] "SEND OK" (7)
23:35:51  [TX] S,2712,0F,00,3284,P1,4F
23:35:51  [SLOT] n=2737 tx=23 ack=0 due=0 r=1
23:35:51  [AT] "AT+CIPSEND=24" (13)
23:35:52  [AT] " S,2712,0F,00,3284,P1,4F" (24)
23:35:52  [AT] "SEND OK" (7)
23:35:53  [TX] S,2713,0F,00,3285,P1,4F
23:35:53  [SLOT] n=2738 tx=23 ack=0 due=0 r=1
23:35:53  [AT] "AT+CIPSEND=24" (13)
23:35:53  [AT] " S,2713,0F,00,3285,P1,4F" (24)
23:35:53  [AT] "SEND OK" (7)
23:35:54  [TX] S,2714,0F,00,3286,P1,4B
23:35:54  [SLOT] n=2739 tx=23 ack=0 due=0 r=1
23:35:54  [AT] "AT+CIPSEND=24" (13)
23:35:54  [AT] " S,2714,0F,00,3286,P1,4B" (24)
23:35:54  [AT] "SEND OK" (7)
23:35:55  [TX] S,2715,0F,00,3288,P1,44
23:35:55  [SLOT] n=2740 tx=23 ack=0 due=0 r=1
23:35:55  [AT] "AT+CIPSEND=24" (13)
23:35:56  [AT] " S,2715,0F,00,3288,P1,44" (24)
23:35:56  [AT] "SEND OK" (7)
23:35:56  [TX] S,2716,0F,00,3289,P1,46
23:35:56  [SLOT] n=2741 tx=23 ack=0 due=0 r=1
23:35:56  [AT] "AT+CIPSEND=24" (13)
23:35:57  [AT] " S,2716,0F,00,3289,P1,46" (24)
23:35:57  [AT] "SEND OK" (7)
23:35:57  [TX] S,2717,0F,00,3290,P1,4F
23:35:57  [SLOT] n=2742 tx=23 ack=0 due=0 r=1
23:35:57  [AT] "AT+CIPSEND=24" (13)
23:35:57  [AT] " S,2717,0F,00,3290,P1,4F" (24)
23:35:57  [AT] "SEND OK" (7)
23:35:59  [TX] S,2718,0F,00,3291,P1,41
23:35:59  [SLOT] n=2743 tx=23 ack=0 due=0 r=1
23:35:59  [AT] "AT+CIPSEND=24" (13)
23:35:59  [AT] " S,2718,0F,00,3291,P1,41" (24)
23:35:59  [AT] "SEND OK" (7)
23:36:00  [TX] S,2719,0F,00,3292,P1,43
23:36:00  [SLOT] n=2744 tx=23 ack=0 due=0 r=1
23:36:00  [AT] "AT+CIPSEND=24" (13)
23:36:00  [AT] " S,2719,0F,00,3292,P1,43" (24)
23:36:00  [AT] "SEND OK" (7)
23:36:01  [TX] S,2720,0F,00,3294,P1,4F
23:36:01  [SLOT] n=2745 tx=23 ack=0 due=0 r=1
23:36:01  [AT] "AT+CIPSEND=24" (13)
23:36:02  [AT] " S,2720,0F,00,3294,P1,4F" (24)
23:36:02  [AT] "SEND OK" (7)
23:36:02  [TX] S,2721,0F,00,3295,P1,4F
23:36:02  [SLOT] n=2746 tx=23 ack=0 due=0 r=1
23:36:02  [AT] "AT+CIPSEND=24" (13)
23:36:02  [AT] " S,2721,0F,00,3295,P1,4F" (24)
23:36:02  [AT] "SEND OK" (7)
23:36:03  [TX] S,2722,0F,00,3296,P1,4F
23:36:03  [SLOT] n=2747 tx=23 ack=0 due=0 r=1
23:36:03  [AT] "AT+CIPSEND=24" (13)
23:36:03  [AT] " S,2722,0F,00,3296,P1,4F" (24)
23:36:03  [AT] "SEND OK" (7)
23:36:05  [TX] S,2723,0F,00,3297,P1,4F
23:36:05  [SLOT] n=2748 tx=23 ack=0 due=0 r=1
23:36:05  [AT] "AT+CIPSEND=24" (13)
23:36:05  [AT] " S,2723,0F,00,3297,P1,4F" (24)
23:36:05  [AT] "SEND OK" (7)
23:36:06  [TX] S,2724,0F,00,3298,P1,47
23:36:06  [SLOT] n=2749 tx=23 ack=0 due=0 r=1
23:36:06  [AT] "AT+CIPSEND=24" (13)
23:36:06  [AT] " S,2724,0F,00,3298,P1,47" (24)
23:36:06  [AT] "SEND OK" (7)
23:36:07  [TX] S,2725,0F,00,3300,P1,46
23:36:07  [SLOT] n=2750 tx=23 ack=0 due=0 r=1
23:36:07  [CNT] up=3300 drop=0 esprst=0 hwrst=0/0 resync=0 sendfail=0 okto=2 stuck=0 ackq=0 ackdrop=0 ackstale=0 slot=2750 oow=1 smiss=3 ssovf=0 cksumng=0 okstream=2724 penddrop=0 pendfill=2726 bigfill=4 bigdrop=0 bigokst=4 oklost=0 bigoklost=0 skip=14 online=1
23:36:07  [RAM] 최저 여유 571 B · 프롬프트 재동기 0회 (서버의 '버린줄' 과 맞아야 한다)
23:36:07  [AT] " S,2725,0F,00,3300,P1,46" (24)
23:36:07  [AT] "SEND OK" (7)
23:36:07  [AT] "AT+CIPSEND=24" (13)
23:36:08  [TX] S,2726,0F,00,3301,P1,44
23:36:08  [SLOT] n=2751 tx=23 ack=0 due=0 r=1
23:36:08  [AT] "AT+CIPSEND=24" (13)
23:36:08  [AT] " S,2726,0F,00,3301,P1,44" (24)
23:36:08  [AT] "SEND OK" (7)
23:36:09  [TX] S,2727,0F,00,3302,P1,46
23:36:09  [SLOT] n=2752 tx=23 ack=0 due=0 r=1
23:36:09  [AT] "AT+CIPSEND=24" (13)
23:36:09  [AT] " S,2727,0F,00,3302,P1,46" (24)
23:36:09  [AT] "SEND OK" (7)
23:36:11  [TX] S,2728,0F,00,3303,P1,48
23:36:11  [SLOT] n=2753 tx=23 ack=0 due=0 r=1
23:36:11  [AT] "AT+CIPSEND=24" (13)
23:36:11  [AT] " S,2728,0F,00,3303,P1,48" (24)
23:36:11  [AT] "SEND OK" (7)
23:36:12  [TX] S,2729,0F,00,3304,P1,4E
23:36:12  [SLOT] n=2754 tx=23 ack=0 due=0 r=1
23:36:12  [AT] "AT+CIPSEND=24" (13)
23:36:12  [AT] " S,2729,0F,00,3304,P1,4E" (24)
23:36:12  [AT] "SEND OK" (7)
23:36:13  [TX] S,2730,0F,00,3306,P1,44
23:36:13  [SLOT] n=2755 tx=23 ack=0 due=0 r=1
23:36:13  [AT] "AT+CIPSEND=24" (13)
23:36:13  [AT] " S,2730,0F,00,3306,P1,44" (24)
23:36:13  [AT] "SEND OK" (7)
23:36:14  «tap» 살아있음 — 최근 60초 rx=8017B (이 줄이 끊기면 탭이 죽은 것이다)
23:36:14  [TX] S,2731,0F,00,3307,P1,44
23:36:14  [SLOT] n=2756 tx=23 ack=0 due=0 r=1
23:36:14  [AT] "AT+CIPSEND=24" (13)
23:36:14  [AT] " S,2731,0F,00,3307,P1,44" (24)
23:36:14  [AT] "SEND OK" (7)
23:36:15  [TX] S,2732,0F,00,3308,P1,48
23:36:15  [SLOT] n=2757 tx=23 ack=0 due=0 r=1
23:36:15  [AT] "AT+CIPSEND=24" (13)
23:36:15  [AT] " S,2732,0F,00,3308,P1,48" (24)
23:36:15  [AT] "SEND OK" (7)
23:36:17  [TX] S,2733,0F,00,3309,P1,48
23:36:17  [SLOT] n=2758 tx=23 ack=0 due=0 r=1
23:36:17  [AT] "AT+CIPSEND=24" (13)
23:36:17  [AT] " S,2733,0F,00,3309,P1,48" (24)
23:36:17  [AT] "SEND OK" (7)
23:36:18  [TX] S,2734,0F,00,3310,P1,47
23:36:18  [SLOT] n=2759 tx=23 ack=0 due=0 r=1
23:36:18  [AT] "AT+CIPSEND=24" (13)
23:36:18  [AT] " S,2734,0F,00,3310,P1,47" (24)
23:36:18  [AT] "SEND OK" (7)
23:36:19  [TX] S,2735,0F,00,3312,P1,44
23:36:19  [SLOT] n=2760 tx=23 ack=0 due=0 r=1
23:36:19  [AT] "AT+CIPSEND=24" (13)
23:36:19  [AT] " S,2735,0F,00,3312,P1,44" (24)
23:36:19  [AT] "SEND OK" (7)
23:36:20  [TX] S,2736,0F,00,3313,P1,46
23:36:20  [SLOT] n=2761 tx=23 ack=0 due=0 r=1
23:36:20  [AT] "AT+CIPSEND=24" (13)
23:36:20  [AT] " S,2736,0F,00,3313,P1,46" (24)
23:36:20  [AT] "SEND OK" (7)
23:36:21  [TX] S,2737,0F,00,3314,P1,40
23:36:21  [SLOT] n=2762 tx=23 ack=0 due=0 r=1
23:36:21  [AT] "AT+CIPSEND=24" (13)
23:36:21  [AT] " S,2737,0F,00,3314,P1,40" (24)
23:36:21  [AT] "SEND OK" (7)
23:36:23  [TX] S,2738,0F,00,3315,P1,4E
23:36:23  [SLOT] n=2763 tx=23 ack=0 due=0 r=1
23:36:23  [AT] "AT+CIPSEND=24" (13)
23:36:23  [AT] " S,2738,0F,00,3315,P1,4E" (24)
23:36:23  [AT] "SEND OK" (7)
23:36:24  [TX] S,2739,0F,00,3316,P1,4C
23:36:24  [SLOT] n=2764 tx=23 ack=0 due=0 r=1
23:36:24  [AT] "AT+CIPSEND=24" (13)
23:36:24  [AT] " S,2739,0F,00,3316,P1,4C" (24)
23:36:24  [AT] "SEND OK" (7)
23:36:25  [TX] S,2740,0F,00,3318,P1,4C
23:36:25  [SLOT] n=2765 tx=23 ack=0 due=0 r=1
23:36:25  [AT] "AT+CIPSEND=24" (13)
23:36:25  [AT] " S,2740,0F,00,3318,P1,4C" (24)
23:36:25  [AT] "SEND OK" (7)
23:36:26  [TX] S,2741,0F,00,3319,P1,4C
23:36:26  [SLOT] n=2766 tx=23 ack=0 due=0 r=1
23:36:26  [AT] "AT+CIPSEND=24" (13)
23:36:26  [AT] " S,2741,0F,00,3319,P1,4C" (24)
23:36:26  [AT] "SEND OK" (7)
23:36:27  [TX] S,2742,0F,00,3320,P1,45
23:36:27  [SLOT] n=2767 tx=23 ack=0 due=0 r=1
23:36:27  [AT] "AT+CIPSEND=24" (13)
23:36:27  [AT] " S,2742,0F,00,3320,P1,45" (24)
23:36:27  [AT] "SEND OK" (7)
23:36:29  [TX] S,2743,0F,00,3321,P1,45
23:36:29  [SLOT] n=2768 tx=23 ack=0 due=0 r=1
23:36:29  [AT] "AT+CIPSEND=24" (13)
23:36:29  [AT] " S,2743,0F,00,3321,P1,45" (24)
23:36:29  [AT] "SEND OK" (7)
23:36:30  [TX] S,2744,0F,00,3322,P1,41
23:36:30  [SLOT] n=2769 tx=23 ack=0 due=0 r=1
23:36:30  [AT] "AT+CIPSEND=24" (13)
23:36:30  [AT] " S,2744,0F,00,3322,P1,41" (24)
23:36:30  [AT] "SEND OK" (7)
23:36:31  [TX] S,2745,0F,00,3324,P1,46
23:36:31  [SLOT] n=2770 tx=23 ack=0 due=0 r=1
23:36:31  [AT] "AT+CIPSEND=24" (13)
23:36:31  [AT] " S,2745,0F,00,3324,P1,46" (24)
23:36:31  [AT] "SEND OK" (7)
23:36:32  [TX] S,2746,0F,00,3325,P1,44
23:36:32  [SLOT] n=2771 tx=23 ack=0 due=0 r=1
23:36:32  [AT] "AT+CIPSEND=24" (13)
23:36:32  [AT] " S,2746,0F,00,3325,P1,44" (24)
23:36:32  [AT] "SEND OK" (7)
23:36:33  [TX] S,2747,0F,00,3326,P1,46
23:36:33  [SLOT] n=2772 tx=23 ack=0 due=0 r=1
23:36:33  [AT] "AT+CIPSEND=24" (13)
23:36:33  [AT] " S,2747,0F,00,3326,P1,46" (24)
23:36:33  [AT] "SEND OK" (7)
23:36:34  [TX] S,2748,0F,00,3327,P1,48
23:36:34  [SLOT] n=2773 tx=23 ack=0 due=0 r=1
23:36:34  [AT] "AT+CIPSEND=24" (13)
23:36:35  [AT] " S,2748,0F,00,3327,P1,48" (24)
23:36:35  [AT] "SEND OK" (7)
23:36:36  [TX] S,2749,0F,00,3328,P1,46
23:36:36  [SLOT] n=2774 tx=23 ack=0 due=0 r=1
23:36:36  [AT] "AT+CIPSEND=24" (13)
23:36:36  [AT] " S,2749,0F,00,3328,P1,46" (24)
23:36:36  [AT] "SEND OK" (7)
23:36:37  [TX] S,2750,0F,00,3330,P1,47
23:36:37  [SLOT] n=2775 tx=23 ack=0 due=0 r=1
23:36:37  [AT] "AT+CIPSEND=24" (13)
23:36:37  [AT] " S,2750,0F,00,3330,P1,47" (24)
23:36:37  [AT] "SEND OK" (7)
23:36:38  [TX] S,2751,0F,00,3331,P1,47
23:36:38  [SLOT] n=2776 tx=23 ack=0 due=0 r=1
23:36:38  [AT] "AT+CIPSEND=24" (13)
23:36:38  [AT] " S,2751,0F,00,3331,P1,47" (24)
23:36:38  [AT] "SEND OK" (7)
23:36:39  [TX] S,2752,0F,00,3332,P1,47
23:36:39  [SLOT] n=2777 tx=23 ack=0 due=0 r=1
23:36:39  [AT] "AT+CIPSEND=24" (13)
23:36:39  [AT] " S,2752,0F,00,3332,P1,47" (24)
23:36:39  [AT] "SEND OK" (7)
23:36:40  [TX] S,2753,0F,00,3333,P1,47
23:36:40  [SLOT] n=2778 tx=23 ack=0 due=0 r=1
23:36:40  [AT] "AT+CIPSEND=24" (13)
23:36:41  [AT] " S,2753,0F,00,3333,P1,47" (24)
23:36:41  [AT] "SEND OK" (7)
23:36:42  [TX] S,2754,0F,00,3334,P1,47
23:36:42  [SLOT] n=2779 tx=23 ack=0 due=0 r=1
23:36:42  [AT] "AT+CIPSEND=24" (13)
23:36:42  [AT] " S,2754,0F,00,3334,P1,47" (24)
23:36:42  [AT] "SEND OK" (7)
23:36:43  [TX] S,2755,0F,00,3336,P1,44
23:36:43  [SLOT] n=2780 tx=23 ack=0 due=0 r=1
23:36:43  [AT] "AT+CIPSEND=24" (13)
23:36:43  [AT] " S,2755,0F,00,3336,P1,44" (24)
23:36:43  [AT] "SEND OK" (7)
23:36:44  [TX] S,2756,0F,00,3337,P1,46
23:36:44  [SLOT] n=2781 tx=23 ack=0 due=0 r=1
23:36:44  [AT] "AT+CIPSEND=24" (13)
23:36:44  [AT] " S,2756,0F,00,3337,P1,46" (24)
23:36:44  [AT] "SEND OK" (7)
23:36:45  [TX] S,2757,0F,00,3338,P1,48
23:36:45  [SLOT] n=2782 tx=23 ack=0 due=0 r=1
23:36:45  [AT] "AT+CIPSEND=24" (13)
23:36:45  [AT] " S,2757,0F,00,3338,P1,48" (24)
23:36:45  [AT] "SEND OK" (7)
23:36:46  [TX] S,2758,0F,00,3339,P1,46
23:36:46  [SLOT] n=2783 tx=23 ack=0 due=0 r=1
23:36:46  [AT] "AT+CIPSEND=24" (13)
23:36:46  [AT] " S,2758,0F,00,3339,P1,46" (24)
23:36:46  [AT] "SEND OK" (7)
23:36:48  [TX] S,2759,0F,00,3340,P1,49
23:36:48  [SLOT] n=2784 tx=23 ack=0 due=0 r=1
23:36:48  [AT] "AT+CIPSEND=24" (13)
23:36:48  [AT] " S,2759,0F,00,3340,P1,49" (24)
23:36:48  [AT] "SEND OK" (7)
23:36:49  [TX] S,2760,0F,00,3342,P1,41
23:36:49  [SLOT] n=2785 tx=23 ack=0 due=0 r=1
23:36:49  [AT] "AT+CIPSEND=24" (13)
23:36:49  [AT] " S,2760,0F,00,3342,P1,41" (24)
23:36:49  [AT] "SEND OK" (7)
23:36:50  [TX] S,2761,0F,00,3343,P1,41
23:36:50  [SLOT] n=2786 tx=23 ack=0 due=0 r=1
23:36:50  [AT] "AT+CIPSEND=24" (13)
23:36:50  [AT] " S,2761,0F,00,3343,P1,41" (24)
23:36:50  [AT] "SEND OK" (7)
23:36:51  [TX] S,2762,0F,00,3344,P1,45
23:36:52  [SLOT] n=2787 tx=23 ack=0 due=0 r=1
23:36:52  [AT] "AT+CIPSEND=24" (13)
23:36:52  [AT] " S,2762,0F,00,3344,P1,45" (24)
23:36:52  [AT] "SEND OK" (7)
23:36:53  [TX] S,2763,0F,00,3345,P1,45
23:36:53  [SLOT] n=2788 tx=23 ack=0 due=0 r=1
23:36:53  [AT] "AT+CIPSEND=24" (13)
23:36:54  [AT] " S,2763,0F,00,3345,P1,45" (24)
23:36:54  [AT] "SEND OK" (7)
23:36:55  [TX] S,2764,0F,00,3346,P1,41
23:36:55  [SLOT] n=2789 tx=23 ack=0 due=0 r=1
23:36:55  [AT] "AT+CIPSEND=24" (13)
23:36:55  [AT] " S,2764,0F,00,3346,P1,41" (24)
23:36:55  [AT] "SEND OK" (7)
23:36:56  [TX] S,2765,0F,00,3348,P1,4E
23:36:56  [SLOT] n=2790 tx=23 ack=0 due=0 r=1
23:36:56  [AT] "AT+CIPSEND=24" (13)
23:36:56  [AT] " S,2765,0F,00,3348,P1,4E" (24)
23:36:56  [AT] "SEND OK" (7)
23:36:57  [TX] S,2766,0F,00,3349,P1,4C
23:36:57  [SLOT] n=2791 tx=23 ack=0 due=0 r=1
23:36:57  [AT] "AT+CIPSEND=24" (13)
23:36:57  [AT] " S,2766,0F,00,3349,P1,4C" (24)
23:36:57  [AT] "SEND OK" (7)
23:36:58  [TX] S,2767,0F,00,3350,P1,45
23:36:58  [SLOT] n=2792 tx=23 ack=0 due=0 r=1
23:36:58  [AT] "AT+CIPSEND=24" (13)
23:36:58  [AT] " S,2767,0F,00,3350,P1,45" (24)
23:36:58  [AT] "SEND OK" (7)
23:36:59  [TX] S,2768,0F,00,3351,P1,4B
23:36:59  [SLOT] n=2793 tx=23 ack=0 due=0 r=1
23:36:59  [AT] "AT+CIPSEND=24" (13)
23:37:00  [AT] " S,2768,0F,00,3351,P1,4B" (24)
23:37:00  [AT] "SEND OK" (7)
23:37:01  [TX] S,2769,0F,00,3352,P1,49
23:37:01  [SLOT] n=2794 tx=23 ack=0 due=0 r=1
23:37:01  [AT] "AT+CIPSEND=24" (13)
23:37:01  [AT] " S,2769,0F,00,3352,P1,49" (24)
23:37:01  [AT] "SEND OK" (7)
23:37:02  [TX] S,2770,0F,00,3354,P1,47
23:37:02  [SLOT] n=2795 tx=23 ack=0 due=0 r=1
23:37:02  [AT] "AT+CIPSEND=24" (13)
23:37:02  [AT] " S,2770,0F,00,3354,P1,47" (24)
23:37:02  [AT] "SEND OK" (7)
23:37:03  [TX] S,2771,0F,00,3355,P1,47
23:37:03  [SLOT] n=2796 tx=23 ack=0 due=0 r=1
23:37:03  [AT] "AT+CIPSEND=24" (13)
23:37:03  [AT] " S,2771,0F,00,3355,P1,47" (24)
23:37:03  [AT] "SEND OK" (7)
23:37:04  [TX] S,2772,0F,00,3356,P1,47
23:37:04  [SLOT] n=2797 tx=23 ack=0 due=0 r=1
23:37:04  [AT] "AT+CIPSEND=24" (13)
23:37:04  [AT] " S,2772,0F,00,3356,P1,47" (24)
23:37:04  [AT] "SEND OK" (7)
23:37:05  [TX] S,2773,0F,00,3357,P1,47
23:37:05  [SLOT] n=2798 tx=23 ack=0 due=0 r=1
23:37:05  [AT] "AT+CIPSEND=24" (13)
23:37:05  [AT] " S,2773,0F,00,3357,P1,47" (24)
23:37:05  [AT] "SEND OK" (7)
23:37:07  [TX] S,2774,0F,00,3358,P1,4F
23:37:07  [SLOT] n=2799 tx=23 ack=0 due=0 r=1
23:37:07  [AT] "AT+CIPSEND=24" (13)
23:37:07  [AT] " S,2774,0F,00,3358,P1,4F" (24)
23:37:07  [AT] "SEND OK" (7)
23:37:08  [TX] S,2775,0F,00,3360,P1,45
23:37:08  [SLOT] n=2800 tx=23 ack=0 due=0 r=1
23:37:08  [CNT] up=3360 drop=0 esprst=0 hwrst=0/0 resync=0 sendfail=0 okto=2 stuck=0 ackq=0 ackdrop=0 ackstale=0 slot=2800 oow=1 smiss=3 ssovf=0 cksumng=0 okstream=2774 penddrop=0 pendfill=2776 bigfill=4 bigdrop=0 bigokst=4 oklost=0 bigoklost=0 skip=14 online=1
23:37:08  [RAM] 최저 여유 571 B · 프롬프트 재동기 0회 (서버의 '버린줄' 과 맞아야 한다)
23:37:08  [AT] "AT+CIPSEND=24" (13)
23:37:08  [AT] " S,2775,0F,00,3360,P1,45" (24)
23:37:08  [AT] "SEND OK" (7)
23:37:09  [TX] S,2776,0F,00,3361,P1,47
23:37:09  [SLOT] n=2801 tx=23 ack=0 due=0 r=1
23:37:09  [AT] "AT+CIPSEND=24" (13)
23:37:09  [AT] " S,2776,0F,00,3361,P1,47" (24)
23:37:09  [AT] "SEND OK" (7)
23:37:10  [TX] S,2777,0F,00,3362,P1,45
23:37:10  [SLOT] n=2802 tx=23 ack=0 due=0 r=1
23:37:10  [AT] "AT+CIPSEND=24" (13)
23:37:10  [AT] " S,2777,0F,00,3362,P1,45" (24)
23:37:10  [AT] "SEND OK" (7)
23:37:11  [TX] S,2778,0F,00,3363,P1,4B
23:37:11  [SLOT] n=2803 tx=23 ack=0 due=0 r=1
23:37:11  [AT] "AT+CIPSEND=24" (13)
23:37:11  [AT] " S,2778,0F,00X3363,P1,4B" (24)
23:37:11  [AT] "SEND OK" (7)
23:37:13  [TX] S,2779,0F,00,3364,P1,4D
23:37:13  [SLOT] n=2804 tx=23 ack=0 due=0 r=1
23:37:13  [AT] "AT+CIPSEND=24" (13)
23:37:13  [AT] " S,2779,0F,00,3364,P1,4D" (24)
23:37:13  [AT] "SEND OK" (7)
23:37:14  [TX] S,2780,0F,00,3366,P1,49
23:37:14  [SLOT] n=2805 tx=23 ack=0 due=0 r=1
23:37:14  [AT] "AT+CIPSEND=24" (13)
23:37:14  [AT] " S,2780,0F,00,3366,P1,49" (24)
23:37:14  [AT] "SEND OK" (7)
23:37:15  «tap» 살아있음 — 최근 60초 rx=7956B (이 줄이 끊기면 탭이 죽은 것이다)
23:37:15  [TX] S,2781,0F,00,3367,P1,49
23:37:15  [SLOT] n=2806 tx=23 ack=0 due=0 r=1
23:37:15  [AT] "AT+CIPSEND=24" (13)
23:37:15  [AT] " S,2781,0F,00,3367,P1,49" (24)
23:37:15  [AT] "SEND OK" (7)
23:37:16  [TX] S,2782,0F,00,3368,P1,45
23:37:16  [SLOT] n=2807 tx=23 ack=0 due=0 r=1
23:37:16  [AT] "AT+CIPSEND=24" (13)
23:37:16  [AT] " S,2782,0F,00,3368,P1,45" (24)
23:37:16  [AT] "SEND OK" (7)
23:37:17  [TX] S,2783,0F,00,3369,P1,45
23:37:17  [SLOT] n=2808 tx=23 ack=0 due=0 r=1
23:37:17  [AT] "AT+CIPSEND=24" (13)
23:37:17  [AT] " S,2783,0F,00,3369,P1,45" (24)
23:37:17  [AT] "SEND OK" (7)
23:37:19  [TX] S,2784,0F,00,3370,P1,4A
23:37:19  [SLOT] n=2809 tx=23 ack=0 due=0 r=1
23:37:19  [AT] "AT+CIPSEND=24" (13)
23:37:19  [AT] " S,2784,0F,00,3370,P1,4A" (24)
23:37:19  [AT] "SEND OK" (7)
23:37:20  [TX] S,2785,0F,00,3372,P1,49
23:37:20  [SLOT] n=2810 tx=23 ack=0 due=0 r=1
23:37:20  [AT] "AT+CIPSEND=24" (13)
23:37:20  [AT] " S,2785,0F,00,3372,P1,49" (24)
23:37:20  [AT] "SEND OK" (7)
23:37:21  [TX] S,2786,0F,00,3373,P1,4B
23:37:21  [SLOT] n=2811 tx=23 ack=0 due=0 r=1
23:37:21  [AT] "AT+CIPSEND=24" (13)
23:37:21  [AT] " S,2786,0F,00,3373,P1,4B" (24)
23:37:21  [AT] "SEND OK" (7)
23:37:22  [TX] S,2787,0F,00,3374,P1,4D
23:37:22  [SLOT] n=2812 tx=23 ack=0 due=0 r=1
23:37:22  [AT] "AT+CIPSEND=24" (13)
23:37:22  [AT] " S,2787,0F,00,3374,P1,4D" (24)
23:37:22  [AT] "SEND OK" (7)
23:37:23  [TX] S,2788,0F,00,3375,P1,43
23:37:23  [SLOT] n=2813 tx=23 ack=0 due=0 r=1
23:37:23  [AT] "AT+CIPSEND=24" (13)
23:37:23  [AT] " S,2788,0F,00,3375,P1,43" (24)
23:37:23  [AT] "SEND OK" (7)
23:37:24  [TX] S,2789,0F,00,3376,P1,41
23:37:24  [SLOT] n=2814 tx=23 ack=0 due=0 r=1
23:37:25  [AT] "AT+CIPSEND=24" (13)
23:37:25  [AT] " S,2789,0F,00,3376,P1,41" (24)
23:37:25  [AT] "SEND OK" (7)
23:37:26  [TX] S,2790,0F,00,3378,P1,47
23:37:26  [SLOT] n=2815 tx=23 ack=0 due=0 r=1
23:37:26  [AT] "AT+CIPSEND=24" (13)
23:37:26  [AT] " S,2790,0F,00,3378,P1,47" (24)
23:37:26  [AT] "SEND OK" (7)
23:37:27  [TX] S,2791,0F,00,3379,P1,47
23:37:27  [SLOT] n=2816 tx=23 ack=0 due=0 r=1
23:37:27  [AT] "AT+CIPSEND=24" (13)
23:37:27  [AT] " S,2791,0F,00,3379,P1,47" (24)
23:37:27  [AT] "SEND OK" (7)
23:37:28  [TX] S,2792,0F,00,3380,P1,42
23:37:28  [SLOT] n=2817 tx=23 ack=0 due=0 r=1
23:37:28  [AT] "AT+CIPSEND=24" (13)
23:37:28  [AT] " S,2792,0F,00,3380,P1,42" (24)
23:37:28  [AT] "SEND OK" (7)
23:37:29  [TX] S,2793,0F,00,3381,P1,42
23:37:29  [SLOT] n=2818 tx=23 ack=0 due=0 r=1
23:37:29  [AT] "AT+CIPSEND=24" (13)
23:37:29  [AT] " S,2793,0F,00,3381,P1,42" (24)
23:37:29  [AT] "SEND OK" (7)
23:37:30  [TX] S,2794,0F,00,3382,P1,46
23:37:30  [SLOT] n=2819 tx=23 ack=0 due=0 r=1
23:37:30  [AT] "AT+CIPSEND=24" (13)
23:37:31  [AT] " S,2794,0F,00,3382,P1,46" (24)
23:37:31  [AT] "SEND OK" (7)
23:37:32  [TX] S,2795,0F,00,3384,P1,41
23:37:32  [SLOT] n=2820 tx=23 ack=0 due=0 r=1
23:37:32  [AT] "AT+CIPSEND=24" (13)
23:37:32  [AT] " S,2795,0F,00,3384,P1,41" (24)
23:37:32  [AT] "SEND OK" (7)
23:37:33  [TX] S,2796,0F,00,3385,P1,43
23:37:33  [SLOT] n=2821 tx=23 ack=0 due=0 r=1
23:37:33  [AT] "AT+CIPSEND=24" (13)
23:37:33  [AT] " S,2796,0F,00,3385,P1,43" (24)
23:37:33  [AT] "SEND OK" (7)
23:37:34  [TX] S,2797,0F,00,3386,P1,41
23:37:34  [SLOT] n=2822 tx=23 ack=0 due=0 r=1
23:37:34  [AT] "AT+CIPSEND=24" (13)
23:37:34  [AT] " S,2797,0F,00,3386,P1,41" (24)
23:37:34  [AT] "SEND OK" (7)
23:37:35  [TX] S,2798,0F,00,3387,P1,4F
23:37:35  [SLOT] n=2823 tx=23 ack=0 due=0 r=1
23:37:35  [AT] "AT+CIPSEND=24" (13)
23:37:35  [AT] " S,2798,0F,00,3387,P1,4F" (24)
23:37:35  [AT] "SEND OK" (7)
23:37:36  [TX] S,2799,0F,00,3388,P1,41
23:37:36  [SLOT] n=2824 tx=23 ack=0 due=0 r=1
23:37:36  [AT] "AT+CIPSEND=24" (13)
23:37:37  [AT] " S,2799,0F,00,3388,P1,41" (24)
23:37:37  [AT] "SEND OK" (7)
23:37:38  [TX] S,2800,0F,00,3390,P1,47
23:37:38  [SLOT] n=2825 tx=23 ack=0 due=0 r=1
23:37:38  [AT] "AT+CIPSEND=24" (13)
23:37:38  [AT] " S,2800,0F,00,3390,P1,47" (24)
23:37:38  [AT] "SEND OK" (7)
23:37:39  [TX] S,2801,0F,00,3391,P1,47
23:37:39  [SLOT] n=2826 tx=23 ack=0 due=0 r=1
23:37:39  [AT] "AT+CIPSEND=24" (13)
23:37:39  [AT] " S,2801,0F,00,3391,P1,47" (24)
23:37:39  [AT] "SEND OK" (7)
23:37:40  [TX] S,2802,0F,00,3392,P1,47
23:37:40  [SLOT] n=2827 tx=23 ack=0 due=0 r=1
23:37:40  [AT] "AT+CIPSEND=24" (13)
23:37:40  [AT] " S,2802,0F,00,3392,P1,47" (24)
23:37:40  [AT] "SEND OK" (7)
23:37:41  [TX] S,2803,0F,00,3393,P1,47
23:37:41  [SLOT] n=2828 tx=23 ack=0 due=0 r=1
23:37:41  [AT] "AT+CIPSEND=24" (13)
23:37:41  [AT] " S,2803,0F,00,3393,P1,47" (24)
23:37:41  [AT] "SEND OK" (7)
23:37:42  [TX] S,2804,0F,00,3394,P1,47
23:37:42  [SLOT] n=2829 tx=23 ack=0 due=0 r=1
23:37:42  [AT] "AT+CIPSEND=24" (13)
23:37:42  [AT] " S,2804,0F,00,3394,P1,47" (24)
23:37:42  [AT] "SEND OK" (7)
23:37:44  [TX] S,2805,0F,00,3396,P1,44
23:37:44  [SLOT] n=2830 tx=23 ack=0 due=0 r=1
23:37:44  [AT] "AT+CIPSEND=24" (13)
23:37:44  [AT] " S,2805,0F,00,3396,P1,44" (24)
23:37:44  [AT] "SEND OK" (7)
23:37:45  [TX] S,2806,0F,00,3397,P1,46
23:37:45  [SLOT] n=2831 tx=23 ack=0 due=0 r=1
23:37:45  [AT] "AT+CIPSEND=24" (13)
23:37:45  [AT] " S,2806,0F,00,3397,P1,46" (24)
23:37:45  [AT] "SEND OK" (7)
23:37:46  [TX] S,2807,0F,00,3398,P1,48
23:37:46  [SLOT] n=2832 tx=23 ack=0 due=0 r=1
23:37:46  [AT] "AT+CIPSEND=24" (13)
23:37:46  [AT] " S,2807,0F,00,3398,P1,48" (24)
23:37:46  [AT] "SEND OK" (7)
23:37:47  [TX] S,2808,0F,00,3399,P1,46
23:37:47  [SLOT] n=2833 tx=23 ack=0 due=0 r=1
23:37:47  [AT] "AT+CIPSEND=24" (13)
23:37:47  [AT] " S,2808,0F,00,3399,P1,46" (24)
23:37:47  [AT] "SEND OK" (7)
23:37:48  [TX] S,2809,0F,00,3400,P1,40
23:37:48  [SLOT] n=2834 tx=23 ack=0 due=0 r=1
23:37:48  [AT] "AT+CIPSEND=24" (13)
23:37:48  [AT] " S,2809,0F,00,3400,P1,40" (24)
23:37:48  [AT] "SEND OK" (7)
23:37:50  [TX] S,2810,0F,00,3402,P1,4A
23:37:50  [SLOT] n=2835 tx=23 ack=0 due=0 r=1
23:37:50  [AT] "AT+CIPSEND=24" (13)
23:37:50  [AT] " S,2810,0F,00,3402,P1,4A" (24)
23:37:50  [AT] "SEND OK" (7)
23:37:51  [TX] S,2811,0F,00,3403,P1,4A
23:37:51  [SLOT] n=2836 tx=23 ack=0 due=0 r=1
23:37:51  [AT] "AT+CIPSEND=24" (13)
23:37:51  [AT] " S,2811,0F,00,3403,P1,4A" (24)
23:37:51  [AT] "SEND OK" (7)
23:37:52  [TX] S,2812,0F,00,3404,P1,4E
23:37:52  [SLOT] n=2837 tx=23 ack=0 due=0 r=1
23:37:52  [AT] "AT+CIPSEND=24" (13)
23:37:52  [AT] " S,2812,0F,00,3404,P1,4E" (24)
23:37:52  [AT] "SEND OK" (7)
23:37:53  [TX] S,2813,0F,00,3405,P1,4E
23:37:53  [SLOT] n=2838 tx=23 ack=0 due=0 r=1
23:37:53  [AT] "AT+CIPSEND=24" (13)
23:37:53  [AT] " S,2813,0F,00,3405,P1,4E" (24)
23:37:53  [AT] "SEND OK" (7)
23:37:54  [TX] S,2814,0F,00,3406,P1,4A
23:37:54  [SLOT] n=2839 tx=23 ack=0 due=0 r=1
23:37:54  [AT] "AT+CIPSEND=24" (13)
23:37:54  [AT] " S,2814,0F,00,3406,P1,4A" (24)
23:37:54  [AT] "SEND OK" (7)
23:37:56  [TX] S,2815,0F,00,3408,P1,45
23:37:56  [SLOT] n=2840 tx=23 ack=0 due=0 r=1
23:37:56  [AT] "AT+CIPSEND=24" (13)
23:37:56  [AT] " S,2815,0F,00,3408,P1,45" (24)
23:37:56  [AT] "SEND OK" (7)
23:37:57  [TX] S,2816,0F,00,3409,P1,47
23:37:57  [SLOT] n=2841 tx=23 ack=0 due=0 r=1
23:37:57  [AT] "AT+CIPSEND=24" (13)
23:37:57  [AT] " S,2816,0F,00,3409,P1,47" (24)
23:37:57  [AT] "SEND OK" (7)
23:37:58  [TX] S,2817,0F,00,3410,P1,4E
23:37:58  [SLOT] n=2842 tx=23 ack=0 due=0 r=1
23:37:58  [AT] "AT+CIPSEND=24" (13)
23:37:58  [AT] " S,2817,0F,00,3410,P1,4E" (24)
23:37:58  [AT] "SEND OK" (7)
23:37:59  [TX] S,2818,0F,00,3411,P1,40
23:37:59  [SLOT] n=2843 tx=23 ack=0 due=0 r=1
23:37:59  [AT] "AT+CIPSEND=24" (13)
23:37:59  [AT] " S,2818,0F,00,3411,P1,40" (24)
23:37:59  [AT] "SEND OK" (7)
23:38:00  [TX] S,2819,0F,00,3412,P1,42
23:38:00  [SLOT] n=2844 tx=23 ack=0 due=0 r=1
23:38:00  [AT] "AT+CIPSEND=24" (13)
23:38:00  [AT] " S,2819,0F,00,3412,P1,42" (24)
23:38:00  [AT] "SEND OK" (7)
23:38:02  [TX] S,2820,0F,00,3414,P1,4E
23:38:02  [SLOT] n=2845 tx=23 ack=0 due=0 r=1
23:38:02  [AT] "AT+CIPSEND=24" (13)
23:38:02  [AT] " S,2820X0F,00,3414,P1,4E" (24)
23:38:02  [AT] "SEND OK" (7)
23:38:03  [TX] S,2821,0F,00,3415,P1,4E
23:38:03  [SLOT] n=2846 tx=23 ack=0 due=0 r=1
23:38:03  [AT] "AT+CIPSEND=24" (13)
23:38:03  [AT] " S,2821,0F,00,3415,P1,4E" (24)
23:38:03  [AT] "SEND OK" (7)
23:38:04  [TX] S,2822,0F,00,3416,P1,4E
23:38:04  [SLOT] n=2847 tx=23 ack=0 due=0 r=1
23:38:04  [AT] "AT+CIPSEND=24" (13)
23:38:04  [AT] " S,2822,0F,00,3416,P1,4E" (24)
23:38:04  [AT] "SEND OK" (7)
23:38:05  [TX] S,2823,0F,00,3417,P1,4E
23:38:05  [SLOT] n=2848 tx=23 ack=0 due=0 r=1
23:38:05  [AT] "AT+CIPSEND=24" (13)
23:38:05  [AT] " S,2823,0F,00,3417,P1,4E" (24)
23:38:05  [AT] "SEND OK" (7)
23:38:06  [TX] S,2824,0F,00,3418,P1,46
23:38:06  [SLOT] n=2849 tx=23 ack=0 due=0 r=1
23:38:06  [AT] "AT+CIPSEND=24" (13)
23:38:06  [AT] " S,2824,0F,00,3418,P1,46" (24)
23:38:06  [AT] "SEND OK" (7)
23:38:08  [TX] S,2825,0F,00,3420,P1,4C
23:38:08  [SLOT] n=2850 tx=23 ack=0 due=0 r=1
23:38:08  [CNT] up=3420 drop=0 esprst=0 hwrst=0/0 resync=0 sendfail=0 okto=2 stuck=0 ackq=0 ackdrop=0 ackstale=0 slot=2850 oow=1 smiss=3 ssovf=0 cksumng=0 okstream=2824 penddrop=0 pendfill=2826 bigfill=4 bigdrop=0 bigokst=4 oklost=0 bigoklost=0 skip=14 online=1
23:38:08  [RAM] 최저 여유 571 B · 프롬프트 재동기 0회 (서버의 '버린줄' 과 맞아야 한다)
23:38:08  [AT] " S,2825,0F,00,3420,P1,4C" (24)
23:38:08  [AT] "SEND OK" (7)
23:38:08  [AT] "AT+CIPSEND=24" (13)
23:38:09  [TX] S,2826,0F,00,3421,P1,4E
23:38:09  [SLOT] n=2851 tx=23 ack=0 due=0 r=1
23:38:09  [AT] "AT+CIPSEND=24" (13)
23:38:09  [AT] " S,2826,0F,00,3421,P1,4E" (24)
23:38:09  [AT] "SEND OK" (7)
23:38:10  [TX] S,2827,0F,00,3422,P1,4C
23:38:10  [SLOT] n=2852 tx=23 ack=0 due=0 r=1
23:38:10  [AT] "AT+CIPSEND=24" (13)
23:38:10  [AT] " S,2827,0F,00,3422,P1,4C" (24)
23:38:10  [AT] "SEND OK" (7)
23:38:11  [TX] S,2828,0F,00,3423,P1,42
23:38:11  [SLOT] n=2853 tx=23 ack=0 due=0 r=1
23:38:11  [AT] "AT+CIPSEND=24" (13)
23:38:11  [AT] " S,2828,0F,00,3423,P1,42" (24)
23:38:11  [AT] "SEND OK" (7)
23:38:12  [TX] S,2829,0F,00,3424,P1,44
23:38:12  [SLOT] n=2854 tx=23 ack=0 due=0 r=1
23:38:12  [AT] "AT+CIPSEND=24" (13)
23:38:12  [AT] " S,2829,0F,00,3424,P1,44" (24)
23:38:12  [AT] "SEND OK" (7)
23:38:13  [TX] S,2830,0F,00,3426,P1,4E
23:38:14  [SLOT] n=2855 tx=23 ack=0 due=0 r=1
23:38:14  [AT] "AT+CIPSEND=24" (13)
23:38:14  [AT] " S,2830,0F,00,3426,P1,4E" (24)
23:38:14  [AT] "SEND OK" (7)
23:38:15  «tap» 살아있음 — 최근 60초 rx=7956B (이 줄이 끊기면 탭이 죽은 것이다)
23:38:15  [TX] S,2831,0F,00,3427,P1,4E
23:38:15  [SLOT] n=2856 tx=23 ack=0 due=0 r=1
23:38:15  [AT] "AT+CIPSEND=24" (13)
23:38:15  [AT] " S,2831,0F,00,3427,P1,4E" (24)
23:38:15  [AT] "SEND OK" (7)
23:38:16  [TX] S,2832,0F,00,3428,P1,42
23:38:16  [SLOT] n=2857 tx=23 ack=0 due=0 r=1
23:38:16  [AT] "AT+CIPSEND=24" (13)
23:38:16  [AT] " S,2832,0F,00,3428,P1,42" (24)
23:38:16  [AT] "SEND OK" (7)
23:38:17  [TX] S,2833,0F,00,3429,P1,42
23:38:17  [SLOT] n=2858 tx=23 ack=0 due=0 r=1
23:38:17  [AT] "AT+CIPSEND=24" (13)
23:38:17  [AT] " S,2833,0F,00,3429,P1,42" (24)
23:38:17  [AT] "SEND OK" (7)
23:38:18  [TX] S,2834,0F,00,3430,P1,4D
23:38:18  [SLOT] n=2859 tx=23 ack=0 due=0 r=1
23:38:18  [AT] "AT+CIPSEND=24" (13)
23:38:18  [AT] " S,2834,0F,00,3430,P1,4D" (24)
23:38:18  [AT] "SEND OK" (7)
23:38:19  [TX] S,2835,0F,00,3432,P1,4E
23:38:19  [SLOT] n=2860 tx=23 ack=0 due=0 r=1
23:38:19  [AT] "AT+CIPSEND=24" (13)
23:38:20  [AT] " S,2835,0F,00,3432,P1,4E" (24)
23:38:20  [AT] "SEND OK" (7)
23:38:21  [TX] S,2836,0F,00,3433,P1,4C
23:38:21  [SLOT] n=2861 tx=23 ack=0 due=0 r=1
23:38:21  [AT] "AT+CIPSEND=24" (13)
23:38:21  [AT] " S,2836,0F,00,3433,P1,4C" (24)
23:38:21  [AT] "SEND OK" (7)
23:38:22  [TX] S,2837,0F,00,3434,P1,4A
23:38:22  [SLOT] n=2862 tx=23 ack=0 due=0 r=1
23:38:22  [AT] "AT+CIPSEND=24" (13)
23:38:22  [AT] " S,2837,0F,00,3434,P1,4A" (24)
23:38:22  [AT] "SEND OK" (7)
23:38:23  [TX] S,2838,0F,00,3435,P1,44
23:38:23  [SLOT] n=2863 tx=23 ack=0 due=0 r=1
23:38:23  [AT] "AT+CIPSEND=24" (13)
23:38:23  [AT] " S,2838,0F,00,3435,P1,44" (24)
23:38:23  [AT] "SEND OK" (7)
23:38:24  [TX] S,2839,0F,00,3436,P1,46
23:38:24  [SLOT] n=2864 tx=23 ack=0 due=0 r=1
23:38:24  [AT] "AT+CIPSEND=24" (13)
23:38:24  [AT] " S,2839,0F,00,3436,P1,46" (24)
23:38:24  [AT] "SEND OK" (7)
23:38:25  [TX] S,2840,0F,00,3438,P1,46
23:38:25  [SLOT] n=2865 tx=23 ack=0 due=0 r=1
23:38:25  [AT] "AT+CIPSEND=24" (13)
23:38:26  [AT] " S,2840,0F,00,3438,P1,46" (24)
23:38:26  [AT] "SEND OK" (7)
23:38:27  [TX] S,2841,0F,00,3439,P1,46
23:38:27  [SLOT] n=2866 tx=23 ack=0 due=0 r=1
23:38:27  [AT] "AT+CIPSEND=24" (13)
23:38:27  [AT] " S,2841,0F,00,3439,P1,46" (24)
23:38:27  [AT] "SEND OK" (7)
23:38:28  [TX] S,2842,0F,00,3440,P1,4B
23:38:28  [SLOT] n=2867 tx=23 ack=0 due=0 r=1
23:38:28  [AT] "AT+CIPSEND=24" (13)
23:38:28  [AT] " S,2842,0F,00,3440,P1,4B" (24)
23:38:28  [AT] "SEND OK" (7)
23:38:29  [TX] S,2843,0F,00,3441,P1,4B
23:38:29  [SLOT] n=2868 tx=23 ack=0 due=0 r=1
23:38:29  [AT] "AT+CIPSEND=24" (13)
23:38:29  [AT] " S,2843,0F,00,3441,P1,4B" (24)
23:38:29  [AT] "SEND OK" (7)
23:38:30  [TX] S,2844,0F,00,3442,P1,4F
23:38:30  [SLOT] n=2869 tx=23 ack=0 due=0 r=1
23:38:30  [AT] "AT+CIPSEND=24" (13)
23:38:31  [AT] " S,284h,0F,00,3442,P1,4F" (24)
23:38:31  [AT] "SEND OK" (7)
23:38:31  [TX] S,2845,0F,00,3444,P1,48
23:38:31  [SLOT] n=2870 tx=23 ack=0 due=0 r=1
23:38:31  [AT] "AT+CIPSEND=24" (13)
23:38:32  [AT] " S,2845,0F,00,3444,P1,48" (24)
23:38:32  [AT] "SEND OK" (7)
23:38:33  [TX] S,2846,0F,00,3445,P1,4A
23:38:33  [SLOT] n=2871 tx=23 ack=0 due=0 r=1
23:38:33  [AT] "AT+CIPSEND=24" (13)
23:38:33  [AT] " S,2846,0F,00,3445,P1,4A" (24)
23:38:33  [AT] "SEND OK" (7)
23:38:34  [TX] S,2847,0F,00,3446,P1,48
23:38:34  [SLOT] n=2872 tx=23 ack=0 due=0 r=1
23:38:34  [AT] "AT+CIPSEND=24" (13)
23:38:34  [AT] " S,2847,0F,00,3446,P1,48" (24)
23:38:34  [AT] "SEND OK" (7)
23:38:35  [TX] S,2848,0F,00,3447,P1,46
23:38:35  [SLOT] n=2873 tx=23 ack=0 due=0 r=1
23:38:35  [AT] "AT+CIPSEND=24" (13)
23:38:35  [AT] " S,2848,0F,00,3447,P1,46" (24)
23:38:35  [AT] "SEND OK" (7)
23:38:36  [TX] S,2849,0F,00,3448,P1,48
23:38:36  [SLOT] n=2874 tx=23 ack=0 due=0 r=1
23:38:36  [AT] "AT+CIPSEND=24" (13)
23:38:36  [AT] " S,2849,0F,00,3448,P1,48" (24)
23:38:36  [AT] "SEND OK" (7)
23:38:37  [TX] S,2850,0F,00,3450,P1,49
23:38:37  [SLOT] n=2875 tx=23 ack=0 due=0 r=1
23:38:37  [AT] "AT+CIPSEND=24" (13)
23:38:37  [AT] " S,2850,0F,00,3450,P1,49" (24)
23:38:37  [AT] "SEND OK" (7)
23:38:39  [TX] S,2851,0F,00,3451,P1,49
23:38:39  [SLOT] n=2876 tx=23 ack=0 due=0 r=1
23:38:39  [AT] "AT+CIPSEND=24" (13)
23:38:39  [AT] " S,2851,0F,00,3451,P1,49" (24)
23:38:39  [AT] "SEND OK" (7)
23:38:40  [TX] S,2852,0F,00,3452,P1,49
23:38:40  [SLOT] n=2877 tx=23 ack=0 due=0 r=1
23:38:40  [AT] "AT+CIPSEND=24" (13)
23:38:40  [AT] " S,2852,0F,00,3452,P1,49" (24)
23:38:40  [AT] "SEND OK" (7)
23:38:41  [TX] S,2853,0F,00,3453,P1,49
23:38:41  [SLOT] n=2878 tx=23 ack=0 due=0 r=1
23:38:41  [AT] "AT+CIPSEND=24" (13)
23:38:41  [AT] " S,2853,0F,00,3453,P1,49" (24)
23:38:41  [AT] "SEND OK" (7)
23:38:42  [TX] S,2854,0F,00,3454,P1,49
23:38:42  [SLOT] n=2879 tx=23 ack=0 due=0 r=1
23:38:42  [AT] "AT+CIPSEND=24" (13)
23:38:42  [AT] " S,2854,0F,00,3454,P1,49" (24)
23:38:42  [AT] "SEND OK" (7)
23:38:43  [TX] S,2855,0F,00,3456,P1,4A
23:38:43  [SLOT] n=2880 tx=23 ack=0 due=0 r=1
23:38:43  [AT] "AT+CIPSEND=24" (13)
23:38:43  [AT] " S,2855,0F,00,3456,P1,4A" (24)
23:38:43  [AT] "SEND OK" (7)
23:38:45  [TX] S,2856,0F,00,3457,P1,48
23:38:45  [SLOT] n=2881 tx=23 ack=0 due=0 r=1
23:38:45  [AT] "AT+CIPSEND=24" (13)
23:38:45  [AT] " S,2856,0F,00,3457,P1,48" (24)
23:38:45  [AT] "SEND OK" (7)
23:38:46  [TX] S,2857,0F,00,3458,P1,46
23:38:46  [SLOT] n=2882 tx=23 ack=0 due=0 r=1
23:38:46  [AT] "AT+CIPSEND=24" (13)
23:38:46  [AT] " S,2857,0F,00,3458,P1,46" (24)
23:38:46  [AT] "SEND OK" (7)
23:38:47  [TX] S,2858,0F,00,3459,P1,48
23:38:47  [SLOT] n=2883 tx=23 ack=0 due=0 r=1
23:38:47  [AT] "AT+CIPSEND=24" (13)
23:38:47  [AT] " S,2858,0F,00,3459,P1,48" (24)
23:38:47  [AT] "SEND OK" (7)
23:38:48  [TX] S,2859,0F,00,3460,P1,43
23:38:48  [SLOT] n=2884 tx=23 ack=0 due=0 r=1
23:38:48  [AT] "AT+CIPSEND=24" (13)
23:38:48  [AT] " S,2859,0F,00,3460,P1,43" (24)
23:38:48  [AT] "SEND OK" (7)
23:38:49  [TX] S,2860,0F,00,3462,P1,4B
23:38:49  [SLOT] n=2885 tx=23 ack=0 due=0 r=1
23:38:49  [AT] "AT+CIPSEND=24" (13)
23:38:49  [AT] " S,2860,0F,00,3462,P1,4B" (24)
23:38:49  [AT] "SEND OK" (7)
23:38:51  [TX] S,2861,0F,00,3463,P1,4B
23:38:51  [SLOT] n=2886 tx=23 ack=0 due=0 r=1
23:38:51  [AT] "AT+CIPSEND=24" (13)
23:38:51  [AT] " S,2861,0F,00,3463,P1,4B" (24)
23:38:51  [AT] "SEND OK" (7)
23:38:52  [TX] S,2862,0F,00,3464,P1,4F
23:38:52  [SLOT] n=2887 tx=23 ack=0 due=0 r=1
23:38:52  [AT] "AT+CIPSEND=24" (13)
23:38:52  [AT] " S,2862,0F,00,3464,P1,4F" (24)
23:38:52  [AT] "SEND OK" (7)
23:38:53  [TX] S,2863,0F,00,3465,P1,4F
23:38:53  [SLOT] n=2888 tx=23 ack=0 due=0 r=1
23:38:53  [AT] "AT+CIPSEND=24" (13)
23:38:53  [AT] " S,2863,0F,00,3465,P1,4F" (24)
23:38:53  [AT] "SEND OK" (7)
23:38:54  [TX] S,2864,0F,00,3466,P1,4B
23:38:54  [SLOT] n=2889 tx=23 ack=0 due=0 r=1
23:38:54  [AT] "AT+CIPSEND=24" (13)
23:38:54  [AT] " S,2864,0F,00,3466,P1,4B" (24)
23:38:54  [AT] "SEND OK" (7)
23:38:55  [TX] S,2865,0F,00,3468,P1,44
23:38:55  [SLOT] n=2890 tx=23 ack=0 due=0 r=1
23:38:55  [AT] "AT+CIPSEND=24" (13)
23:38:56  [AT] " S,2865,0F,00,3468,P1,44" (24)
23:38:56  [AT] "SEND OK" (7)
23:38:57  [TX] S,2866,0F,00,3469,P1,46
23:38:57  [SLOT] n=2891 tx=23 ack=0 due=0 r=1
23:38:57  [AT] "AT+CIPSEND=24" (13)
23:38:57  [AT] " S,2866,0F,00,3469,P1,46" (24)
23:38:57  [AT] "SEND OK" (7)
23:38:58  [TX] S,2867,0F,00,3470,P1,4F
23:38:58  [SLOT] n=2892 tx=23 ack=0 due=0 r=1
23:38:58  [AT] "AT+CIPSEND=24" (13)
23:38:58  [AT] " S,2867,0F,00,3470,P1,4F" (24)
23:38:58  [AT] "SEND OK" (7)
23:38:59  [TX] S,2868,0F,00,3471,P1,41
23:38:59  [SLOT] n=2893 tx=23 ack=0 due=0 r=1
23:38:59  [AT] "AT+CIPSEND=24" (13)
23:38:59  [AT] " S,2868,0F,00,3471,P1,41" (24)
23:38:59  [AT] "SEND OK" (7)
23:39:00  [TX] S,2869,0F,00,3472,P1,43
23:39:00  [SLOT] n=2894 tx=23 ack=0 due=0 r=1
23:39:00  [AT] "AT+CIPSEND=24" (13)
23:39:00  [AT] " S,2869,0F,00,3472,P1,43" (24)
23:39:00  [AT] "SEND OK" (7)
23:39:01  [TX] S,2870,0F,00,3474,P1,4D
23:39:01  [SLOT] n=2895 tx=23 ack=0 due=0 r=1
23:39:01  [AT] "AT+CIPSEND=24" (13)
23:39:01  [AT] " S,2870,0F,00,3474,P1,4D" (24)
23:39:01  [AT] "SEND OK" (7)
23:39:02  [TX] S,2871,0F,00,3475,P1,4D
23:39:02  [SLOT] n=2896 tx=23 ack=0 due=0 r=1
23:39:02  [AT] "AT+CIPSEND=24" (13)
23:39:03  [AT] " S,2871,0F,00,3475,P1,4D" (24)
23:39:03  [AT] "SEND OK" (7)
23:39:04  [TX] S,2872,0F,00,3476,P1,4D
23:39:04  [SLOT] n=2897 tx=23 ack=0 due=0 r=1
23:39:04  [AT] "AT+CIPSEND=24" (13)
23:39:04  [AT] " S,2872,0F,00,3476,P1,4D" (24)
23:39:04  [AT] "SEND OK" (7)
23:39:05  [TX] S,2873,0F,00,3477,P1,4D
23:39:05  [SLOT] n=2898 tx=23 ack=0 due=0 r=1
23:39:05  [AT] "AT+CIPSEND=24" (13)
23:39:05  [AT] " S,2873,0F,00,3477,P1,4D" (24)
23:39:05  [AT] "SEND OK" (7)
23:39:06  [TX] S,2874,0F,00,3478,P1,45
23:39:06  [SLOT] n=2899 tx=23 ack=0 due=0 r=1
23:39:06  [AT] "AT+CIPSEND=24" (13)
23:39:06  [AT] " S,2874,0F,00,3478,P1,45" (24)
23:39:06  [AT] "SEND OK" (7)
23:39:07  [TX] S,2875,0F,00,3480,P1,43
23:39:07  [SLOT] n=2900 tx=23 ack=0 due=0 r=1
23:39:07  [CNT] up=3480 drop=0 esprst=0 hwrst=0/0 resync=0 sendfail=0 okto=2 stuck=0 ackq=0 ackdrop=0 ackstale=0 slot=2900 oow=1 smiss=3 ssovf=0 cksumng=0 okstream=2874 penddrop=0 pendfill=2876 bigfill=4 bigdrop=0 bigokst=4 oklost=0 bigoklost=0 skip=14 online=1
23:39:07  [RAM] 최저 여유 571 B · 프롬프트 재동기 0회 (서버의 '버린줄' 과 맞아야 한다)
23:39:07  [AT] " S,2875,0F,00,3480,P1,43" (24)
23:39:07  [AT] "SEND OK" (7)
23:39:07  [AT] "AT+CIPSEND=24" (13)
23:39:08  [TX] S,2876,0F,00,3481,P1,41
23:39:08  [SLOT] n=2901 tx=23 ack=0 due=0 r=1
23:39:08  [AT] "AT+CIPSEND=24" (13)
23:39:09  [AT] " S,2876,0F,00,3481,P1,41" (24)
23:39:09  [AT] "SEND OK" (7)
23:39:10  [TX] S,2877,0F,00,3482,P1,43
23:39:10  [SLOT] n=2902 tx=23 ack=0 due=0 r=1
23:39:10  [AT] "AT+CIPSEND=24" (13)
23:39:10  [AT] " S,2877,0F,00,3482,P1,43" (24)
23:39:10  [AT] "SEND OK" (7)
23:39:11  [TX] S,2878,0F,00,3483,P1,4D
23:39:11  [SLOT] n=2903 tx=23 ack=0 due=0 r=1
23:39:11  [AT] "AT+CIPSEND=24" (13)
23:39:11  [AT] " S,2878,0F,00,3483,P1,4D" (24)
23:39:11  [AT] "SEND OK" (7)
23:39:12  [TX] S,2879,0F,00,3484,P1,4B
23:39:12  [SLOT] n=2904 tx=23 ack=0 due=0 r=1
23:39:12  [AT] "AT+CIPSEND=24" (13)
23:39:12  [AT] " S,2879,0F,00,3484,P1,4B" (24)
23:39:12  [AT] "SEND OK" (7)
23:39:13  [TX] S,2880,0F,00,3486,P1,4F
23:39:13  [SLOT] n=2905 tx=23 ack=0 due=0 r=1
23:39:13  [AT] "AT+CIPSEND=24" (13)
23:39:13  [AT] " S,2880,0F,00,3486,P1,4F" (24)
23:39:13  [AT] "SEND OK" (7)
23:39:14  [TX] S,2881,0F,00,3487,P1,4F
23:39:14  [SLOT] n=2906 tx=23 ack=0 due=0 r=1
23:39:14  [AT] "AT+CIPSEND=24" (13)
23:39:14  [AT] " S,2881,0F,00,3487,P1,4F" (24)
23:39:14  [AT] "SEND OK" (7)
23:39:15  «tap» 살아있음 — 최근 60초 rx=8108B (이 줄이 끊기면 탭이 죽은 것이다)
23:39:16  [TX] S,2882,0F,00,3488,P1,43
23:39:16  [SLOT] n=2907 tx=23 ack=0 due=0 r=1
23:39:16  [AT] "AT+CIPSEND=24" (13)
23:39:16  [AT] " S,2882,0F,00,3488,P1,43" (24)
23:39:16  [AT] "SEND OK" (7)
23:39:17  [TX] S,2883,0F,00,3489,P1,43
23:39:17  [SLOT] n=2908 tx=23 ack=0 due=0 r=1
23:39:17  [AT] "AT+CIPSEND=24" (13)
23:39:17  [AT] " S,2883,0F,00,3489,P1,43" (24)
23:39:17  [AT] "SEND OK" (7)
23:39:18  [TX] S,2884,0F,00,3490,P1,4C
23:39:18  [SLOT] n=2909 tx=23 ack=0 due=0 r=1
23:39:18  [AT] "AT+CIPSEND=24" (13)
23:39:18  [AT] " S,2884,0F,00,3490,P1,4C" (24)
23:39:18  [AT] "SEND OK" (7)
23:39:19  [TX] S,2885,0F,00,3492,P1,4F
23:39:19  [SLOT] n=2910 tx=23 ack=0 due=0 r=1
23:39:19  [AT] "AT+CIPSEND=24" (13)
23:39:19  [AT] " S,2885,0F,00,3492,P1,4F" (24)
23:39:19  [AT] "SEND OK" (7)
23:39:20  [TX] S,2886,0F,00,3493,P1,4D
23:39:20  [SLOT] n=2911 tx=23 ack=0 due=0 r=1
23:39:20  [AT] "AT+CIPSEND=24" (13)
23:39:20  [AT] " S,2886,0FX00,3493,P1,4D" (24)
23:39:20  [AT] "SEND OK" (7)
23:39:23  [TX] S,2887,0F,00,3494,P1,4B
23:39:23  [SLOT] n=2912 tx=23 ack=0 due=0 r=1
23:39:23  [AT] "AT+CIPSEND=24" (13)
23:39:23  [AT] " S,2887,0F,00,3494,P1,4B" (24)
23:39:23  [AT] "SEND OK" (7)
23:39:24  [TX] S,2888,0F,00,3495,P1,45
23:39:24  [SLOT] n=2913 tx=23 ack=0 due=0 r=1
23:39:24  [AT] "AT+CIPSEND=24" (13)
23:39:24  [AT] " S,2888,0F,00,3495,P1,45" (24)
23:39:24  [AT] "SEND OK" (7)
23:39:25  [TX] S,2889,0F,00,3496,P1,47
23:39:25  [SLOT] n=2914 tx=23 ack=0 due=0 r=1
23:39:25  [AT] "AT+CIPSEND=24" (13)
23:39:25  [AT] " S,2889,0F,00,3496,P1,47" (24)
23:39:25  [AT] "SEND OK" (7)
23:39:26  [TX] S,2890,0F,00,3498,P1,41
23:39:26  [SLOT] n=2915 tx=23 ack=0 due=0 r=1
23:39:26  [AT] "AT+CIPSEND=24" (13)
23:39:26  [AT] " S,2890,0F,00,3498,P1,41" (24)
23:39:26  [AT] "SEND OK" (7)
23:39:27  [TX] S,2891,0F,00,3499,P1,41
23:39:27  [SLOT] n=2916 tx=23 ack=0 due=0 r=1
23:39:27  [AT] "AT+CIPSEND=24" (13)
23:39:27  [AT] " S,2891,0F,00,3499,P1,41" (24)
23:39:27  [AT] "SEND OK" (7)
23:39:29  [TX] S,2892,0F,00,3500,P1,43
23:39:29  [SLOT] n=2917 tx=23 ack=0 due=0 r=1
23:39:29  [AT] "AT+CIPSEND=24" (13)
23:39:29  [AT] " S,2892,0F,00,3500,P1,43" (24)
23:39:29  [AT] "SEND OK" (7)
23:39:30  [TX] S,2893,0F,00,3501,P1,43
23:39:30  [SLOT] n=2918 tx=23 ack=0 due=0 r=1
23:39:30  [AT] "AT+CIPSEND=24" (13)
23:39:30  [AT] " S,2893,0F,00,3501,P1,43" (24)
23:39:30  [AT] "SEND OK" (7)
23:39:31  [TX] S,2894,0F,00,3502,P1,47
23:39:31  [SLOT] n=2919 tx=23 ack=0 due=0 r=1
23:39:31  [AT] "AT+CIPSEND=24" (13)
23:39:31  [AT] " S,2894,0F,00,3502,P1,47" (24)
23:39:31  [AT] "SEND OK" (7)
23:39:32  [TX] S,2895,0F,00,3504,P1,40
23:39:32  [SLOT] n=2920 tx=23 ack=0 due=0 r=1
23:39:32  [AT] "AT+CIPSEND=24" (13)
23:39:32  [AT] " S,2895,0F,00,3504,P1,40" (24)
23:39:32  [AT] "SEND OK" (7)
23:39:33  [TX] S,2896,0F,00,3505,P1,42
23:39:33  [SLOT] n=2921 tx=23 ack=0 due=0 r=1
23:39:33  [AT] "AT+CIPSEND=24" (13)
23:39:33  [AT] " S,2896,0F,00,3505,P1,42" (24)
23:39:33  [AT] "SEND OK" (7)
23:39:35  [TX] S,2897,0F,00,3506,P1,40
23:39:35  [SLOT] n=2922 tx=23 ack=0 due=0 r=1
23:39:35  [AT] "AT+CIPSEND=24" (13)
23:39:35  [AT] " S,2897,0F,00,3506,P1,40" (24)
23:39:35  [AT] "SEND OK" (7)
23:39:36  [TX] S,2898,0F,00,3507,P1,4E
23:39:36  [SLOT] n=2923 tx=23 ack=0 due=0 r=1
23:39:36  [AT] "AT+CIPSEND=24" (13)
23:39:36  [AT] " S,2898,0F,00,3507,P1,4E" (24)
23:39:36  [AT] "SEND OK" (7)
23:39:37  [TX] S,2899,0F,00,3508,P1,40
23:39:37  [SLOT] n=2924 tx=23 ack=0 due=0 r=1
23:39:37  [AT] "AT+CIPSEND=24" (13)
23:39:37  [AT] " S,2899,0F,00,3508,P1,40" (24)
23:39:37  [AT] "SEND OK" (7)
23:39:38  [TX] S,2900,0F,00,3510,P1,48
23:39:38  [SLOT] n=2925 tx=23 ack=0 due=0 r=1
23:39:38  [AT] "AT+CIPSEND=24" (13)
23:39:38  [AT] " S,2900,0F,00,3510,P1,48" (24)
23:39:38  [AT] "SEND OK" (7)
23:39:39  [TX] S,2901,0F,00,3511,P1,48
23:39:39  [SLOT] n=2926 tx=23 ack=0 due=0 r=1
23:39:39  [AT] "AT+CIPSEND=24" (13)
23:39:39  [AT] " S,2901,0F,00,3511,P1,48" (24)
23:39:39  [AT] "SEND OK" (7)
23:39:41  [TX] S,2902,0F,00,3512,P1,48
23:39:41  [SLOT] n=2927 tx=23 ack=0 due=0 r=1
23:39:41  [AT] "AT+CIPSEND=24" (13)
23:39:41  [AT] " S,2902,0F,00,3512,P1,48" (24)
23:39:41  [AT] "SEND OK" (7)
23:39:42  [TX] S,2903,0F,00,3513,P1,48
23:39:42  [SLOT] n=2928 tx=23 ack=0 due=0 r=1
23:39:42  [AT] "AT+CIPSEND=24" (13)
23:39:42  [AT] " S,2903,0F,00,3513,P1,48" (24)
23:39:42  [AT] "SEND OK" (7)
23:39:43  [TX] S,2904,0F,00,3514,P1,48
23:39:43  [SLOT] n=2929 tx=23 ack=0 due=0 r=1
23:39:43  [AT] "AT+CIPSEND=24" (13)
23:39:43  [AT] " S,2904,0F,00,3514,P1,48" (24)
23:39:43  [AT] "SEND OK" (7)
23:39:44  [TX] S,2905,0F,00,3516,P1,4B
23:39:44  [SLOT] n=2930 tx=23 ack=0 due=0 r=1
23:39:44  [AT] "AT+CIPSEND=24" (13)
23:39:44  [AT] " S,2905,0F,00,3516,P1,4B" (24)
23:39:44  [AT] "SEND OK" (7)
23:39:45  [TX] S,2906,0F,00,3517,P1,49
23:39:45  [SLOT] n=2931 tx=23 ack=0 due=0 r=1
23:39:45  [AT] "AT+CIPSEND=24" (13)
23:39:45  [AT] " S,2906,0F,00,3517,P1,49" (24)
23:39:45  [AT] "SEND OK" (7)
23:39:47  [TX] S,2907,0F,00,3518,P1,47
23:39:47  [SLOT] n=2932 tx=23 ack=0 due=0 r=1
23:39:47  [AT] "AT+CIPSEND=24" (13)
23:39:47  [AT] " S,2907,0F,00,3518,P1,47" (24)
23:39:47  [AT] "SEND OK" (7)
23:39:48  [TX] S,2908,0F,00,3519,P1,49
23:39:48  [SLOT] n=2933 tx=23 ack=0 due=0 r=1
23:39:48  [AT] "AT+CIPSEND=24" (13)
23:39:48  [AT] " S,2908,0F,00,3519,P1,49" (24)
23:39:48  [AT] "SEND OK" (7)
23:39:49  [TX] S,2909,0F,00,3520,P1,42
23:39:49  [SLOT] n=2934 tx=23 ack=0 due=0 r=1
23:39:49  [AT] "AT+CIPSEND=24" (13)
23:39:49  [AT] " S,2909,0F,00,3520,P1,42" (24)
23:39:49  [AT] "SEND OK" (7)
23:39:50  [TX] S,2910,0F,00,3522,P1,48
23:39:50  [SLOT] n=2935 tx=23 ack=0 due=0 r=1
23:39:50  [AT] "AT+CIPSEND=24" (13)
23:39:50  [AT] " S,2910,0F,00,3522,P1,48" (24)
23:39:50  [AT] "SEND OK" (7)
23:39:51  [TX] S,2911,0F,00,3523,P1,48
23:39:51  [SLOT] n=2936 tx=23 ack=0 due=0 r=1
23:39:51  [AT] "AT+CIPSEND=24" (13)
23:39:51  [AT] " S,2911,0F,00,3523,P1,48" (24)
23:39:51  [AT] "SEND OK" (7)
23:39:52  [TX] S,2912,0F,00,3524,P1,4C
23:39:52  [SLOT] n=2937 tx=23 ack=0 due=0 r=1
23:39:52  [AT] "AT+CIPSEND=24" (13)
23:39:53  [AT] " S,2912,0F,00,3524,P1,4C" (24)
23:39:53  [AT] "SEND OK" (7)
23:39:54  [TX] S,2913,0F,00,3525,P1,4C
23:39:54  [SLOT] n=2938 tx=23 ack=0 due=0 r=1
23:39:54  [AT] "AT+CIPSEND=24" (13)
23:39:54  [AT] " S,2913,0F,00,3525,P1,4C" (24)
23:39:54  [AT] "SEND OK" (7)
23:39:55  [TX] S,2914,0F,00,3526,P1,48
23:39:55  [SLOT] n=2939 tx=23 ack=0 due=0 r=1
23:39:55  [AT] "AT+CIPSEND=24" (13)
23:39:55  [AT] " S,2914,0F,00,3526,P1,48" (24)
23:39:55  [AT] "SEND OK" (7)
23:39:56  [TX] S,2915,0F,00,3528,P1,47
23:39:56  [SLOT] n=2940 tx=23 ack=0 due=0 r=1
23:39:56  [AT] "AT+CIPSEND=24" (13)
23:39:56  [AT] " S,2915,0F,00,3528,P1,47" (24)
23:39:56  [AT] "SEND OK" (7)
23:39:57  [TX] S,2916,0F,00,3529,P1,45
23:39:57  [SLOT] n=2941 tx=23 ack=0 due=0 r=1
23:39:57  [AT] "AT+CIPSEND=24" (13)
23:39:57  [AT] " S,2916,0F,00,3529,P1,45" (24)
23:39:57  [AT] "SEND OK" (7)
23:39:58  [TX] S,2917,0F,00,3530,P1,4C
23:39:58  [SLOT] n=2942 tx=23 ack=0 due=0 r=1
23:39:58  [AT] "AT+CIPSEND=24" (13)
23:39:59  [AT] " S,2917,0F,00,3530,P1,4C" (24)
23:39:59  [AT] "SEND OK" (7)
23:40:00  [TX] S,2918,0F,00,3531,P1,42
23:40:00  [SLOT] n=2943 tx=23 ack=0 due=0 r=1
23:40:00  [AT] "AT+CIPSEND=24" (13)
23:40:00  [AT] " S,2918,0F,00,3531,P1,42" (24)
23:40:00  [AT] "SEND OK" (7)
23:40:01  [TX] S,2919,0F,00,3532,P1,40
23:40:01  [SLOT] n=2944 tx=23 ack=0 due=0 r=1
23:40:01  [AT] "AT+CIPSEND=24" (13)
23:40:01  [AT] " S,2919,0F,00,3532,P1,40" (24)
23:40:01  [AT] "SEND OK" (7)
23:40:02  [TX] S,2920,0F,00,3534,P1,4C
23:40:02  [SLOT] n=2945 tx=23 ack=0 due=0 r=1
23:40:02  [AT] "AT+CIPSEND=24" (13)
23:40:02  [AT] " S,2920,0F,00,3534,P1,4C" (24)
23:40:02  [AT] "SEND OK" (7)
23:40:03  [TX] S,2921,0F,00,3535,P1,4C
23:40:03  [SLOT] n=2946 tx=23 ack=0 due=0 r=1
23:40:03  [AT] "AT+CIPSEND=24" (13)
23:40:03  [AT] " S,2921,0F,00,3535,P1,4C" (24)
23:40:03  [AT] "SEND OK" (7)
23:40:04  [TX] S,2922,0F,00,3536,P1,4C
23:40:04  [SLOT] n=2947 tx=23 ack=0 due=0 r=1
23:40:04  [AT] "AT+CIPSEND=24" (13)
23:40:04  [AT] " S,2922,0F,00,3536,P1,4C" (24)
23:40:04  [AT] "SEND OK" (7)
23:40:06  [TX] S,2923,0F,00,3537,P1,4C
23:40:06  [SLOT] n=2948 tx=23 ack=0 due=0 r=1
23:40:06  [AT] "AT+CIPSEND=24" (13)
23:40:06  [AT] " S,2923,0F,00,3537,P1,4C" (24)
23:40:06  [AT] "SEND OK" (7)
23:40:07  [TX] S,2924,0F,00,3538,P1,44
23:40:07  [SLOT] n=2949 tx=23 ack=0 due=0 r=1
23:40:07  [AT] "AT+CIPSEND=24" (13)
23:40:07  [AT] " S,2924,0F,00,3538,P1,44" (24)
23:40:07  [AT] "SEND OK" (7)
23:40:08  [TX] S,2925,0F,00,3540,P1,4A
23:40:08  [SLOT] n=2950 tx=23 ack=0 due=0 r=1
23:40:08  [CNT] up=3540 drop=0 esprst=0 hwrst=0/0 resync=0 sendfail=0 okto=2 stuck=0 ackq=0 ackdrop=0 ackstale=0 slot=2950 oow=1 smiss=3 ssovf=0 cksumng=0 okstream=2924 penddrop=0 pendfill=2926 bigfill=4 bigdrop=0 bigokst=4 oklost=0 bigoklost=0 skip=14 online=1
23:40:08  [RAM] 최저 여유 571 B · 프롬프트 재동기 0회 (서버의 '버린줄' 과 맞아야 한다)
23:40:08  [AT] "AT+CIPSEND=24" (13)
23:40:08  [AT] " S,2925,0F,00,3540,P1,4A" (24)
23:40:08  [AT] "SEND OK" (7)
23:40:09  [TX] S,2926,0F,00,3541,P1,48
23:40:09  [SLOT] n=2951 tx=23 ack=0 due=0 r=1
23:40:09  [AT] "AT+CIPSEND=24" (13)
23:40:09  [AT] " S,2926,0F,00,3541,P1,48" (24)
23:40:09  [AT] "SEND OK" (7)
23:40:10  [TX] S,2927,0F,00,3542,P1,4A
23:40:10  [SLOT] n=2952 tx=23 ack=0 due=0 r=1
23:40:10  [AT] "AT+CIPSEND=24" (13)
23:40:10  [AT] " S,2927,0F,00,3542,P1,4A" (24)
23:40:10  [AT] "SEND OK" (7)
23:40:12  [TX] S,2928,0F,00,3543,P1,44
23:40:12  [SLOT] n=2953 tx=23 ack=0 due=0 r=1
23:40:12  [AT] "AT+CIPSEND=24" (13)
23:40:12  [AT] " S,2928,0F,00,3543,P1,44" (24)
23:40:12  [AT] "SEND OK" (7)
23:40:13  [TX] S,2929,0F,00,3544,P1,42
23:40:13  [SLOT] n=2954 tx=23 ack=0 due=0 r=1
23:40:13  [AT] "AT+CIPSEND=24" (13)
23:40:13  [AT] " S,2929,0F,00,3544,P1,42" (24)
23:40:13  [AT] "SEND OK" (7)
23:40:14  [TX] S,2930,0F,00,3546,P1,48
23:40:14  [SLOT] n=2955 tx=23 ack=0 due=0 r=1
23:40:14  [AT] "AT+CIPSEND=24" (13)
23:40:15  [AT] " S,2930,0F,00,3546,P1,48" (24)
23:40:15  [AT] "SEND OK" (7)
23:40:15  [TX] S,2931,0F,00,3547,P1,48
23:40:15  [SLOT] n=2956 tx=23 ack=0 due=0 r=1
23:40:15  [AT] "AT+CIPSEND=24" (13)
23:40:15  [AT] " S,2931,0F,00,3547,P1,48" (24)
23:40:15  [AT] "SEND OK" (7)
23:40:16  «tap» 살아있음 — 최근 60초 rx=7956B (이 줄이 끊기면 탭이 죽은 것이다)
23:40:16  [TX] S,2932,0F,00,3548,P1,44
23:40:16  [SLOT] n=2957 tx=23 ack=0 due=0 r=1
23:40:16  [AT] "AT+CIPSEND=24" (13)
23:40:16  [AT] " S,2932,0F,00,3548,P1,44" (24)
23:40:16  [AT] "SEND OK" (7)
23:40:18  [TX] S,2933,0F,00,3549,P1,44
23:40:18  [SLOT] n=2958 tx=23 ack=0 due=0 r=1
23:40:18  [AT] "AT+CIPSEND=24" (13)
23:40:18  [AT] " S,2933,0F,00,3549,P1,44" (24)
23:40:18  [AT] "SEND OK" (7)
23:40:19  [TX] S,2934,0F,00,3550,P1,4B
23:40:19  [SLOT] n=2959 tx=23 ack=0 due=0 r=1
23:40:19  [AT] "AT+CIPSEND=24" (13)
23:40:19  [AT] " S,2934,0F,00,3550,P1,4B" (24)
23:40:19  [AT] "SEND OK" (7)
23:40:20  [TX] S,2935,0F,00,3552,P1,48
23:40:20  [SLOT] n=2960 tx=23 ack=0 due=0 r=1
23:40:20  [AT] "AT+CIPSEND=24" (13)
23:40:20  [AT] " S,2935,0F,00,3552,P1,48" (24)
23:40:20  [AT] "SEND OK" (7)
23:40:21  [TX] S,2936,0F,00,3553,P1,4A
23:40:21  [SLOT] n=2961 tx=23 ack=0 due=0 r=1
23:40:21  [AT] "AT+CIPSEND=24" (13)
23:40:21  [AT] " S,2936,0F,00,3553,P1,4A" (24)
23:40:21  [AT] "SEND OK" (7)
23:40:22  [TX] S,2937,0F,00,3554,P1,4C
23:40:22  [SLOT] n=2962 tx=23 ack=0 due=0 r=1
23:40:22  [AT] "AT+CIPSEND=24" (13)
23:40:22  [AT] " S,2937,0F,00,3554,P1,4C" (24)
23:40:22  [AT] "SEND OK" (7)
23:40:24  [TX] S,2938,0F,00,3555,P1,42
23:40:24  [SLOT] n=2963 tx=23 ack=0 due=0 r=1
23:40:24  [AT] "AT+CIPSEND=24" (13)
23:40:24  [AT] " S,2938,0F,00,3555,P1,42" (24)
23:40:24  [AT] "SEND OK" (7)
23:40:25  [TX] S,2939,0F,00,3556,P1,40
23:40:25  [SLOT] n=2964 tx=23 ack=0 due=0 r=1
23:40:25  [AT] "AT+CIPSEND=24" (13)
23:40:25  [AT] " S,2939,0F,00,3556,P1,40" (24)
23:40:25  [AT] "SEND OK" (7)
23:40:26  [TX] S,2940,0F,00,3558,P1,40
23:40:26  [SLOT] n=2965 tx=23 ack=0 due=0 r=1
23:40:26  [AT] "AT+CIPSEND=24" (13)
23:40:26  [AT] " S,2940,0F,00,3558,P1,40" (24)
23:40:26  [AT] "SEND OK" (7)
23:40:27  [TX] S,2941,0F,00,3559,P1,40
23:40:27  [SLOT] n=2966 tx=23 ack=0 due=0 r=1
23:40:27  [AT] "AT+CIPSEND=24" (13)
23:40:27  [AT] " S,2941,0F,00,3559,P1,40" (24)
23:40:27  [AT] "SEND OK" (7)
23:40:28  [TX] S,2942,0F,00,3560,P1,49
23:40:28  [SLOT] n=2967 tx=23 ack=0 due=0 r=1
23:40:28  [AT] "AT+CIPSEND=24" (13)
23:40:28  [AT] " S,2942,0F,00,3560,P1,49" (24)
23:40:28  [AT] "SEND OK" (7)
23:40:29  [TX] S,2943,0F,00,3561,P1,49
23:40:30  [SLOT] n=2968 tx=23 ack=0 due=0 r=1
23:40:30  [AT] "AT+CIPSEND=24" (13)
23:40:30  [AT] " S,2943,0F,00,3561,P1,49" (24)
23:40:30  [AT] "SEND OK" (7)
23:40:31  [TX] S,2944,0F,00,3562,P1,4D
23:40:31  [SLOT] n=2969 tx=23 ack=0 due=0 r=1
23:40:31  [AT] "AT+CIPSEND=24" (13)
23:40:31  [AT] " S,2944,0F,00,3562,P1,4D" (24)
23:40:31  [AT] "SEND OK" (7)
23:40:32  [TX] S,2945,0F,00,3564,P1,4A
23:40:32  [SLOT] n=2970 tx=23 ack=0 due=0 r=1
23:40:32  [AT] "AT+CIPSEND=24" (13)
23:40:32  [AT] " S,2945,0F,00,3564,P1,4A" (24)
23:40:32  [AT] "SEND OK" (7)
23:40:33  [TX] S,2946,0F,00,3565,P1,48
23:40:33  [SLOT] n=2971 tx=23 ack=0 due=0 r=1
23:40:33  [AT] "AT+CIPSEND=24" (13)
23:40:33  [AT] " S,2946,0F,00,3565,P1,48" (24)
23:40:33  [AT] "SEND OK" (7)
23:40:34  [TX] S,2947,0F,00,3566,P1,4A
23:40:34  [SLOT] n=2972 tx=23 ack=0 due=0 r=1
23:40:34  [AT] "AT+CIPSEND=24" (13)
23:40:34  [AT] " S,2947,0F,00,3566,P1,4A" (24)
23:40:34  [AT] "SEND OK" (7)
23:40:35  [TX] S,2948,0F,00,3567,P1,44
23:40:35  [SLOT] n=2973 tx=23 ack=0 due=0 r=1
23:40:35  [AT] "AT+CIPSEND=24" (13)
23:40:35  [AT] " S,2948,0F,00,3567,P1,44" (24)
23:40:35  [AT] "SEND OK" (7)
23:40:37  [TX] S,2949,0F,00,3568,P1,4A
23:40:37  [SLOT] n=2974 tx=23 ack=0 due=0 r=1
23:40:37  [AT] "AT+CIPSEND=24" (13)
23:40:37  [AT] " S,2949,0F,00,3568,P1,4A" (24)
23:40:37  [AT] "SEND OK" (7)
23:40:38  [TX] S,2950,0F,00,3570,P1,4B
23:40:38  [SLOT] n=2975 tx=23 ack=0 due=0 r=1
23:40:38  [AT] "AT+CIPSEND=24" (13)
23:40:38  [AT] " S,2950,0F,00,3570,P1,4B" (24)
23:40:38  [AT] "SEND OK" (7)
23:40:39  [TX] S,2951,0F,00,3571,P1,4B
23:40:39  [SLOT] n=2976 tx=23 ack=0 due=0 r=1
23:40:39  [AT] "AT+CIPSEND=24" (13)
23:40:39  [AT] " S,2951,0F,00,3571,P1,4B" (24)
23:40:39  [AT] "SEND OK" (7)
23:40:40  [TX] S,2952,0F,00,3572,P1,4B
23:40:40  [SLOT] n=2977 tx=23 ack=0 due=0 r=1
23:40:40  [AT] "AT+CIPSEND=24" (13)
23:40:40  [AT] " S,2952,0F,00,3572,P1,4B" (24)
23:40:40  [AT] "SEND OK" (7)
23:40:41  [TX] S,2953,0F,00,3573,P1,4B
23:40:41  [SLOT] n=2978 tx=23 ack=0 due=0 r=1
23:40:41  [AT] "AT+CIPSEND=24" (13)
23:40:42  [AT] " S,2953,0F,00,3573,P1,4B" (24)
23:40:42  [AT] "SEND OK" (7)
23:40:43  [TX] S,2954,0F,00,3574,P1,4B
23:40:43  [SLOT] n=2979 tx=23 ack=0 due=0 r=1
23:40:43  [AT] "AT+CIPSEND=24" (13)
23:40:43  [AT] " S,2954,0F,00,3574,P1,4B" (24)
23:40:43  [AT] "SEND OK" (7)
23:40:44  [TX] S,2955,0F,00,3576,P1,48
23:40:44  [SLOT] n=2980 tx=23 ack=0 due=0 r=1
23:40:44  [AT] "AT+CIPSEND=24" (13)
23:40:44  [AT] " S,2955,0F,00,3576,P1,48" (24)
23:40:44  [AT] "SEND OK" (7)
23:40:45  [TX] S,2956,0F,00,3577,P1,4A
23:40:45  [SLOT] n=2981 tx=23 ack=0 due=0 r=1
23:40:45  [AT] "AT+CIPSEND=24" (13)
23:40:45  [AT] " S,2956,0F,00,3577,P1,4A" (24)
23:40:45  [AT] "SEND OK" (7)
23:40:46  [TX] S,2957,0F,00,3578,P1,44
23:40:46  [SLOT] n=2982 tx=23 ack=0 due=0 r=1
23:40:46  [AT] "AT+CIPSEND=24" (13)
23:40:46  [AT] " S,2957,0F,00,3578,P1,44" (24)
23:40:46  [AT] "SEND OK" (7)
23:40:47  [TX] S,2958,0F,00,3579,P1,4A
23:40:47  [SLOT] n=2983 tx=23 ack=0 due=0 r=1
23:40:47  [AT] "AT+CIPSEND=24" (13)
23:40:47  [AT] " S,2958,0F,00,3579,P1,4A" (24)
23:40:47  [AT] "SEND OK" (7)
23:40:49  [TX] S,2959,0F,00,3580,P1,4D
23:40:49  [SLOT] n=2984 tx=23 ack=0 due=0 r=1
23:40:49  [AT] "AT+CIPSEND=24" (13)
23:40:49  [AT] " S,2959,0F,00,3580,P1,4D" (24)
23:40:49  [AT] "SEND OK" (7)
23:40:50  [TX] S,2960,0F,00,3582,P1,45
23:40:50  [SLOT] n=2985 tx=23 ack=0 due=0 r=1
23:40:50  [AT] "AT+CIPSEND=24" (13)
23:40:50  [AT] " S,2960,0F,00,3582,P1,45" (24)
23:40:50  [AT] "SEND OK" (7)
23:40:51  [TX] S,2961,0F,00,3583,P1,45
23:40:51  [SLOT] n=2986 tx=23 ack=0 due=0 r=1
23:40:51  [AT] "AT+CIPSEND=24" (13)
23:40:51  [AT] " S,2961,0F,00,3583,P1,45" (24)
23:40:51  [AT] "SEND OK" (7)
23:40:52  [TX] S,2962,0F,00,3584,P1,41
23:40:52  [SLOT] n=2987 tx=23 ack=0 due=0 r=1
23:40:52  [AT] "AT+CIPSEND=24" (13)
23:40:52  [AT] " S,2962,0F,00,3584,P1,41" (24)
23:40:52  [AT] "SEND OK" (7)
23:40:53  [TX] S,2963,0F,00,3585,P1,41
23:40:53  [SLOT] n=2988 tx=23 ack=0 due=0 r=1
23:40:53  [AT] "AT+CIPSEND=24" (13)
23:40:53  [AT] " S,2963,0F,00,3585,P1,41" (24)
23:40:53  [AT] "SEND OK" (7)
23:40:55  [TX] S,2964,0F,00,3586,P1,45
23:40:55  [SLOT] n=2989 tx=23 ack=0 due=0 r=1
23:40:55  [AT] "AT+CIPSEND=24" (13)
23:40:55  [AT] " S,2964,0F,00,3586,P1,45" (24)
23:40:55  [AT] "SEND OK" (7)
23:40:56  [TX] S,2965,0F,00,3588,P1,4A
23:40:56  [SLOT] n=2990 tx=23 ack=0 due=0 r=1
23:40:56  [AT] "AT+CIPSEND=24" (13)
23:40:56  [AT] " S,2965,0F,00,3588,P1,4A" (24)
23:40:56  [AT] "SEND OK" (7)
23:40:57  [TX] S,2966,0F,00,3589,P1,48
23:40:57  [SLOT] n=2991 tx=23 ack=0 due=0 r=1
23:40:57  [AT] "AT+CIPSEND=24" (13)
23:40:57  [AT] " S,2966,0F,00,3589,P1,48" (24)
23:40:57  [AT] "SEND OK" (7)
23:40:58  [TX] S,2967,0F,00,3590,P1,41
23:40:58  [SLOT] n=2992 tx=23 ack=0 due=0 r=1
23:40:58  [AT] "AT+CIPSEND=24" (13)
23:40:58  [AT] " S,2967,0F,00,3590,P1,41" (24)
23:40:58  [AT] "SEND OK" (7)
23:40:59  [TX] S,2968,0F,00,3591,P1,4F
23:40:59  [SLOT] n=2993 tx=23 ack=0 due=0 r=1
23:40:59  [AT] "AT+CIPSEND=24" (13)
23:41:00  [AT] " S,2968,0F,00,3591,P1,4F" (24)
23:41:00  [AT] "SEND OK" (7)
23:41:01  [TX] S,2969,0F,00,3592,P1,4D
23:41:01  [SLOT] n=2994 tx=23 ack=0 due=0 r=1
23:41:01  [AT] "AT+CIPSEND=24" (13)
23:41:01  [AT] " S,2969,0F,00,3592,P1,4D" (24)
23:41:01  [AT] "SEND OK" (7)
23:41:02  [TX] S,2970,0F,00,3594,P1,43
23:41:02  [SLOT] n=2995 tx=23 ack=0 due=0 r=1
23:41:02  [AT] "AT+CIPSEND=24" (13)
23:41:02  [AT] " S,2970,0F,00,3594,P1,43" (24)
23:41:02  [AT] "SEND OK" (7)
23:41:03  [TX] S,2971,0F,00,3595,P1,43
23:41:03  [SLOT] n=2996 tx=23 ack=0 due=0 r=1
23:41:03  [AT] "AT+CIPSEND=24" (13)
23:41:03  [AT] " S,2971,0F,00,3595,P1,43" (24)
23:41:03  [AT] "SEND OK" (7)
23:41:04  [TX] S,2972,0F,00,3596,P1,43
23:41:04  [SLOT] n=2997 tx=23 ack=0 due=0 r=1
23:41:04  [AT] "AT+CIPSEND=24" (13)
23:41:04  [AT] " S,2972,0F,00,3596,P1,43" (24)
23:41:04  [AT] "SEND OK" (7)
23:41:05  [TX] S,2973,0F,00,3597,P1,43
23:41:05  [SLOT] n=2998 tx=23 ack=0 due=0 r=1
23:41:05  [AT] "AT+CIPSEND=24" (13)
23:41:05  [AT] " S,2973,0F,00,3597,P1,43" (24)
23:41:05  [AT] "SEND OK" (7)
23:41:07  [TX] S,2974,0F,00,3598,P1,4B
23:41:07  [SLOT] n=2999 tx=23 ack=0 due=0 r=1
23:41:07  [AT] "AT+CIPSEND=24" (13)
23:41:07  [AT] " S,2974,0F,00,3598,P1,4B" (24)
23:41:07  [AT] "SEND OK" (7)
23:41:08  [TX] S,2975,0F,00,3600,P1,48
23:41:08  [SLOT] n=3000 tx=23 ack=0 due=0 r=1
23:41:08  [CNT] up=3600 drop=0 esprst=0 hwrst=0/0 resync=0 sendfail=0 okto=2 stuck=0 ackq=0 ackdrop=0 ackstale=0 slot=3000 oow=1 smiss=3 ssovf=0 cksumng=0 okstream=2974 penddrop=0 pendfill=2976 bigfill=4 bigdrop=0 bigokst=4 oklost=0 bigoklost=0 skip=14 online=1
23:41:08  [RAM] 최저 여유 571 B · 프롬프트 재동기 0회 (서버의 '버린줄' 과 맞아야 한다)
23:41:08  [AT] "AT+CIPSEND=24" (13)
23:41:08  [AT] " S,2975,0F,00,3600,P1,48" (24)
23:41:08  [AT] "SEND OK" (7)
23:41:09  [TX] S,2976,0F,00,3601,P1,4A
23:41:09  [SLOT] n=3001 tx=23 ack=0 due=0 r=1
23:41:09  [AT] "AT+CIPSEND=24" (13)
23:41:09  [AT] " S,2976,0F,00,3601,P1,4A" (24)
23:41:09  [AT] "SEND OK" (7)
23:41:10  [TX] S,2977,0F,00,3602,P1,48
23:41:10  [SLOT] n=3002 tx=23 ack=0 due=0 r=1
23:41:10  [AT] "AT+CIPSEND=24" (13)
23:41:10  [AT] " S,2977,0F,00,3602,P1,48" (24)
23:41:10  [AT] "SEND OK" (7)
23:41:11  [TX] S,2978,0F,00,3603,P1,46
23:41:11  [SLOT] n=3003 tx=23 ack=0 due=0 r=1
23:41:11  [AT] "AT+CIPSEND=24" (13)
23:41:11  [AT] " S,2978,0F,00,3603,P1,46" (24)
23:41:11  [AT] "SEND OK" (7)
23:41:13  [TX] S,2979,0F,00,3604,P1,40
23:41:13  [SLOT] n=3004 tx=23 ack=0 due=0 r=1
23:41:13  [AT] "AT+CIPSEND=24" (13)
23:41:13  [AT] " S,2979,0F,00,3604,P1,40" (24)
23:41:13  [AT] "SEND OK" (7)
23:41:14  [TX] S,2980,0F,00,3606,P1,44
23:41:14  [SLOT] n=3005 tx=23 ack=0 due=0 r=1
23:41:14  [AT] "AT+CIPSEND=24" (13)
23:41:14  [AT] " S,2980,0F,00,3606,P1,44" (24)
23:41:14  [AT] "SEND OK" (7)
23:41:15  [TX] S,2981,0F,00,3607,P1,44
23:41:15  [SLOT] n=3006 tx=23 ack=0 due=0 r=1
23:41:15  [AT] "AT+CIPSEND=24" (13)
23:41:15  [AT] " S,2981,0F,00,3607,P1,44" (24)
23:41:15  [AT] "SEND OK" (7)
23:41:16  «tap» 살아있음 — 최근 60초 rx=7956B (이 줄이 끊기면 탭이 죽은 것이다)
23:41:16  [TX] S,2982,0F,00,3608,P1,48
23:41:16  [SLOT] n=3007 tx=23 ack=0 due=0 r=1
23:41:16  [AT] "AT+CIPSEND=24" (13)
23:41:16  [AT] " S,2982,0F,00,3608,P1,48" (24)
23:41:16  [AT] "SEND OK" (7)
23:41:17  [TX] S,2983,0F,00,3609,P1,48
23:41:17  [SLOT] n=3008 tx=23 ack=0 due=0 r=1
23:41:17  [AT] "AT+\x87IPSEND=24" (13)
23:41:17  [AT] " S,2983,0F,00,3609,P1,48" (24)
23:41:17  [AT] "SEND OK" (7)
23:41:19  [TX] S,2984,0F,00,3610,P1,47
23:41:19  [SLOT] n=3009 tx=23 ack=0 due=0 r=1
23:41:19  [AT] "AT+CIPSEND=24" (13)
23:41:19  [AT] " S,2984,0F,00,3610,P1,47" (24)
23:41:19  [AT] "SEND OK" (7)
23:41:20  [TX] S,2985,0F,00,3612,P1,44
23:41:20  [SLOT] n=3010 tx=23 ack=0 due=0 r=1
23:41:20  [AT] "AT+CIPSEND=24" (13)
23:41:20  [AT] " S,2985,0F,00,3612,P1,44" (24)
23:41:20  [AT] "SEND OK" (7)
23:41:21  [TX] S,2986,0F,00,3613,P1,46
23:41:21  [SLOT] n=3011 tx=23 ack=0 due=0 r=1
23:41:21  [AT] "AT+CIPSEND=24" (13)
23:41:21  [AT] " S,2986,0F,00,3613,P1,46" (24)
23:41:21  [AT] "SEND OK" (7)
23:41:22  [TX] S,2987,0F,00,3614,P1,40
23:41:22  [SLOT] n=3012 tx=23 ack=0 due=0 r=1
23:41:22  [AT] "AT+CIPSEND=24" (13)
23:41:22  [AT] " S,2987,0F,00,3614,P1,40" (24)
23:41:22  [AT] "SEND OK" (7)
23:41:23  [TX] S,2988,0F,00,3615,P1,4E
23:41:23  [SLOT] n=3013 tx=23 ack=0 due=0 r=1
23:41:23  [AT] "AT+CIPSEND=24" (13)
23:41:23  [AT] " S,2988,0F,00,3615,P1,4E" (24)
23:41:23  [AT] "SEND OK" (7)
23:41:25  [TX] S,2989,0F,00,3616,P1,4C
23:41:25  [SLOT] n=3014 tx=23 ack=0 due=0 r=1
23:41:25  [AT] "AT+CIPSEND=24" (13)
23:41:25  [AT] " S,2989,0F,00,3616,P1,4C" (24)
23:41:25  [AT] "SEND OK" (7)
23:41:26  [TX] S,2990,0F,00,3618,P1,4A
23:41:26  [SLOT] n=3015 tx=23 ack=0 due=0 r=1
23:41:26  [AT] "AT+CIPSEND=24" (13)
23:41:26  [AT] " S,2990,0F,00,3618,P1,4A" (24)
23:41:26  [AT] "SEND OK" (7)
23:41:27  [TX] S,2991,0F,00,3619,P1,4A
23:41:27  [SLOT] n=3016 tx=23 ack=0 due=0 r=1
23:41:27  [AT] "AT+CIPSEND=24" (13)
23:41:27  [AT] " S,2991,0F,00,3619,P1,4A" (24)
23:41:27  [AT] "SEND OK" (7)
23:41:28  [TX] S,2992,0F,00,3620,P1,43
23:41:28  [SLOT] n=3017 tx=23 ack=0 due=0 r=1
23:41:28  [AT] "AT+CIPSEND=24" (13)
23:41:28  [AT] " S,2992,0F,00,3620,P1,43" (24)
23:41:28  [AT] "SEND OK" (7)
23:41:29  [TX] S,2993,0F,00,3621,P1,43
23:41:29  [SLOT] n=3018 tx=23 ack=0 due=0 r=1
23:41:29  [AT] "AT+CIPSEND=24" (13)
23:41:29  [AT] " S,2993,0F,00,3621,P1,43" (24)
23:41:29  [AT] "SEND OK" (7)
23:41:30  [TX] S,2994,0F,00,3622,P1,47
23:41:30  [SLOT] n=3019 tx=23 ack=0 due=0 r=1
23:41:30  [AT] "AT+CIPSEND=24" (13)
23:41:31  [AT] " S,2994,0F,00,3622,P1,47" (24)
23:41:31  [AT] "SEND OK" (7)
23:41:32  [TX] S,2995,0F,00,3624,P1,40
23:41:32  [SLOT] n=3020 tx=23 ack=0 due=0 r=1
23:41:32  [AT] "AT+CIPSEND=24" (13)
23:41:32  [AT] " S,2995,0F,00,3624,P1,40" (24)
23:41:32  [AT] "SEND OK" (7)
23:41:33  [TX] S,2996,0F,00,3625,P1,42
23:41:33  [SLOT] n=3021 tx=23 ack=0 due=0 r=1
23:41:33  [AT] "AT+CIPSEND=24" (13)
23:41:33  [AT] " S,2996,0F,00,3625,P1,42" (24)
23:41:33  [AT] "SEND OK" (7)
23:41:34  [TX] S,2997,0F,00,3626,P1,40
23:41:34  [SLOT] n=3022 tx=23 ack=0 due=0 r=1
23:41:34  [AT] "AT+CIPSEND=24" (13)
23:41:34  [AT] " S,2997,0F,00,3626,P1,40" (24)
23:41:34  [AT] "SEND OK" (7)
23:41:35  [TX] S,2998,0F,00,3627,P1,4E
23:41:35  [SLOT] n=3023 tx=23 ack=0 due=0 r=1
23:41:35  [AT] "AT+CIPSEND=24" (13)
23:41:35  [AT] " S,2998,0F,00,3627,P1,4E" (24)
23:41:35  [AT] "SEND OK" (7)
23:41:36  [TX] S,2999,0F,00,3628,P1,40
23:41:36  [SLOT] n=3024 tx=23 ack=0 due=0 r=1
23:41:36  [AT] "AT+CIPSEND=24" (13)
23:41:36  [AT] " S,2999,0F,00,3628,P1,40" (24)
23:41:36  [AT] "SEND OK" (7)
23:41:38  [TX] S,3000,0F,00,3630,P1,41
23:41:38  [SLOT] n=3025 tx=23 ack=0 due=0 r=1
23:41:38  [AT] "AT+CIPSEND=24" (13)
23:41:38  [AT] " S,3000,0F,00,3630,P1,41" (24)
23:41:38  [AT] "SEND OK" (7)
23:41:39  [TX] S,3001,0F,00,3631,P1,41
23:41:39  [SLOT] n=3026 tx=23 ack=0 due=0 r=1
23:41:39  [AT] "AT+CIPSEND=24" (13)
23:41:39  [AT] " S,3001,0F,00,3631,P1,41" (24)
23:41:39  [AT] "SEND OK" (7)
23:41:40  [TX] S,3002,0F,00,3632,P1,41
23:41:40  [SLOT] n=3027 tx=23 ack=0 due=0 r=1
23:41:40  [AT] "AT+CIPSEND=24" (13)
23:41:40  [AT] " S,3002,0F,00,3632,P1,41" (24)
23:41:40  [AT] "SEND OK" (7)
23:41:41  [TX] S,3003,0F,00,3633,P1,41
23:41:41  [SLOT] n=3028 tx=23 ack=0 due=0 r=1
23:41:41  [AT] "AT+CIPSEND=24" (13)
23:41:41  [AT] " S,3003,0F,00,3633,P1,41" (24)
23:41:41  [AT] "SEND OK" (7)
23:41:42  [TX] S,3004,0F,00,3634,P1,41
23:41:42  [SLOT] n=3029 tx=23 ack=0 due=0 r=1
23:41:42  [AT] "AT+CIPSEND=24" (13)
23:41:43  [AT] " S,3004,0F,00,3634,P1,41" (24)
23:41:43  [AT] "SEND OK" (7)
23:41:44  [TX] S,3005,0F,00,3636,P1,42
23:41:44  [SLOT] n=3030 tx=23 ack=0 due=0 r=1
23:41:44  [AT] "AT+CIPSEND=24" (13)
23:41:44  [AT] " S,3005,0F,00,3636,P1,42" (24)
23:41:44  [AT] "SEND OK" (7)
23:41:45  [TX] S,3006,0F,00,3637,P1,40
23:41:45  [SLOT] n=3031 tx=23 ack=0 due=0 r=1
23:41:45  [AT] "AT+CIPSEND=24" (13)
23:41:45  [AT] " S,3006,0F,00,3637,P1,40" (24)
23:41:45  [AT] "SEND OK" (7)
23:41:46  [TX] S,3007,0F,00,3638,P1,4E
23:41:46  [SLOT] n=3032 tx=23 ack=0 due=0 r=1
23:41:46  [AT] "AT+CIPSEND=24" (13)
23:41:46  [AT] " S,3007,0F,00,3638,P1,4E" (24)
23:41:46  [AT] "SEND OK" (7)
23:41:47  [TX] S,3008,0F,00,3639,P1,40
23:41:47  [SLOT] n=3033 tx=23 ack=0 due=0 r=1
23:41:47  [AT] "AT+CIPSEND=24" (13)
23:41:47  [AT] " S,3008,0F,00,3639,P1,40" (24)
23:41:47  [AT] "SEND OK" (7)
23:41:48  [TX] S,3009,0F,00,3640,P1,4F
23:41:48  [SLOT] n=3034 tx=23 ack=0 due=0 r=1
23:41:48  [AT] "AT+CIPSEND=24" (13)
23:41:49  [AT] " S,3009,0F,00,3640,P1,4F" (24)
23:41:49  [AT] "SEND OK" (7)
23:41:50  [TX] S,3010,0F,00,3642,P1,45
23:41:50  [SLOT] n=3035 tx=23 ack=0 due=0 r=1
23:41:50  [AT] "AT+CIPSEND=24" (13)
23:41:50  [AT] " S,3010,0F,00,3642,P1,45" (24)
23:41:50  [AT] "SEND OK" (7)
23:41:52  [TX] S,3011,0F,00,3643,P1,45
23:41:52  [SLOT] n=3036 tx=23 ack=0 due=0 r=1
23:41:52  [AT] "AT+CIPSEND=24" (13)
23:41:52  [AT] " S,3011,0F,00,3643,P1,45" (24)
23:41:52  [AT] "SEND OK" (7)
23:41:53  [TX] S,3012,0F,00,3644,P1,41
23:41:53  [SLOT] n=3037 tx=23 ack=0 due=0 r=1
23:41:53  [AT] "AT+CIPSEND=24" (13)
23:41:53  [AT] " S,3012,0F,00,3644,P1,41" (24)
23:41:53  [AT] "SEND OK" (7)
23:41:54  [TX] S,3013,0F,00,3645,P1,41
23:41:54  [SLOT] n=3038 tx=23 ack=0 due=0 r=1
23:41:54  [AT] "AT+CIPSEND=24" (13)
23:41:54  [AT] " S,3013,0F,00,3645,P1,41" (24)
23:41:54  [AT] "SEND OK" (7)
23:41:55  [TX] S,3014,0F,00,3646,P1,45
23:41:55  [SLOT] n=3039 tx=23 ack=0 due=0 r=1
23:41:55  [AT] "AT+CIPSEND=24" (13)
23:41:55  [AT] " S,3014,0F,00,3646,P1,45" (24)
23:41:55  [AT] "SEND OK" (7)
23:41:57  [TX] S,3015,0F,00,3648,P1,4A
23:41:57  [SLOT] n=3040 tx=23 ack=0 due=0 r=1
23:41:57  [AT] "AT+CIPSEND=24" (13)
23:41:57  [AT] " S,3015,0F,00,3648,P1,4A" (24)
23:41:57  [AT] "SEND OK" (7)
23:41:58  [TX] S,3016,0F,00,3649,P1,48
23:41:58  [SLOT] n=3041 tx=23 ack=0 due=0 r=1
23:41:58  [AT] "AT+CIPSEND=24" (13)
23:41:58  [AT] " S,3016,0F,00,3649,P1,48" (24)
23:41:58  [AT] "SEND OK" (7)
23:41:59  [TX] S,3017,0F,00,3650,P1,41
23:41:59  [SLOT] n=3042 tx=23 ack=0 due=0 r=1
23:41:59  [AT] "AT+CIPSEND=24" (13)
23:41:59  [AT] " S,3017,0F,00,3650,P1,41" (24)
23:41:59  [AT] "SEND OK" (7)
23:42:00  [TX] S,3018,0F,00,3651,P1,4F
23:42:00  [SLOT] n=3043 tx=23 ack=0 due=0 r=1
23:42:00  [AT] "AT+CIPSEND=24" (13)
23:42:00  [AT] " S,3018,0F,00,3651,P1,4F" (24)
23:42:00  [AT] "SEND OK" (7)
23:42:01  [TX] S,3019,0F,00,3652,P1,4D
23:42:01  [SLOT] n=3044 tx=23 ack=0 due=0 r=1
23:42:01  [AT] "AT+CIPSEND=24" (13)
23:42:01  [AT] " S,3019,0F,00,3652,P1,4D" (24)
23:42:01  [AT] "SEND OK" (7)
23:42:03  [TX] S,3020,0F,00,3654,P1,41
23:42:03  [SLOT] n=3045 tx=23 ack=0 due=0 r=1
23:42:03  [AT] "AT+CIPSEND=24" (13)
23:42:03  [AT] " S,3020,0F,00,3654,P1,41" (24)
23:42:03  [AT] "SEND OK" (7)
23:42:04  [TX] S,3021,0F,00,3655,P1,41
23:42:04  [SLOT] n=3046 tx=23 ack=0 due=0 r=1
23:42:04  [AT] "AT+CIPSEND=24" (13)
23:42:04  [AT] " S,3021,0F,00,3655,P1,41" (24)
23:42:04  [AT] "SEND OK" (7)
23:42:05  [TX] S,3022,0F,00,3656,P1,41
23:42:05  [SLOT] n=3047 tx=23 ack=0 due=0 r=1
23:42:05  [AT] "AT+CIPSEND=24" (13)
23:42:05  [AT] " S,3022,0F,00,3656,P1,41" (24)
23:42:05  [AT] "SEND OK" (7)
23:42:06  [TX] S,3023,0F,00,3657,P1,41
23:42:06  [SLOT] n=3048 tx=23 ack=0 due=0 r=1
23:42:06  [AT] "A\xA8+CIPSEND=24" (13)
23:42:06  [AT] " S,3023,0F,00,3657,P1,41" (24)
23:42:06  [AT] "SEND OK" (7)
23:42:07  [TX] S,3024,0F,00,3658,P1,49
23:42:07  [SLOT] n=3049 tx=23 ack=0 due=0 r=1
23:42:07  [AT] "AT+CIPSEND=24" (13)
23:42:07  [AT] " S,3024,0F,00,3658,P1,49" (24)
23:42:07  [AT] "SEND OK" (7)
23:42:09  [TX] S,3025,0F,00,3660,P1,43
23:42:09  [SLOT] n=3050 tx=23 ack=0 due=0 r=1
23:42:09  [CNT] up=3660 drop=0 esprst=0 hwrst=0/0 resync=0 sendfail=0 okto=2 stuck=0 ackq=0 ackdrop=0 ackstale=0 slot=3050 oow=1 smiss=3 ssovf=0 cksumng=0 okstream=3024 penddrop=0 pendfill=3026 bigfill=4 bigdrop=0 bigokst=4 oklost=0 bigoklost=0 skip=14 online=1
23:42:09  [RAM] 최저 여유 571 B · 프롬프트 재동기 0회 (서버의 '버린줄' 과 맞아야 한다)
23:42:09  [AT] "AT+CIPSEND=24" (13)
23:42:09  [AT] " S,3025,0FX00,3660,P1,43" (24)
23:42:09  [AT] "SEND OK" (7)
23:42:10  [TX] S,3026,0F,00,3661,P1,41
23:42:10  [SLOT] n=3051 tx=23 ack=0 due=0 r=1
23:42:10  [AT] "AT+CIPSEND=24" (13)
23:42:10  [AT] " S,3026,0F,00,3661,P1,41" (24)
23:42:10  [AT] "SEND OK" (7)
23:42:11  [TX] S,3027,0F,00,3662,P1,43
23:42:11  [SLOT] n=3052 tx=23 ack=0 due=0 r=1
23:42:11  [AT] "AT+CIPSEND=24" (13)
23:42:11  [AT] " S,3027,0F,00,3662,P1,43" (24)
23:42:11  [AT] "SEND OK" (7)
23:42:12  [TX] S,3028,0F,00,3663,P1,4D
23:42:12  [SLOT] n=3053 tx=23 ack=0 due=0 r=1
23:42:12  [AT] "AT+CIPSEND=24" (13)
23:42:12  [AT] " S,3028,0F,00,3663,P1,4D" (24)
23:42:12  [AT] "SEND OK" (7)
23:42:13  [TX] S,3029,0F,00,3664,P1,4B
23:42:13  [SLOT] n=3054 tx=23 ack=0 due=0 r=1
23:42:13  [AT] "AT+CIPSEND=24" (13)
23:42:14  [AT] " S,3029,0F,00,3664,P1,4B" (24)
23:42:14  [AT] "SEND OK" (7)
23:42:15  [TX] S,3030,0F,00,3666,P1,41
23:42:15  [SLOT] n=3055 tx=23 ack=0 due=0 r=1
23:42:15  [AT] "AT+CIPSEND=24" (13)
23:42:15  [AT] " S,3030,0F,00,3666,P1,41" (24)
23:42:15  [AT] "SEND OK" (7)
23:42:16  [TX] S,3031,0F,00,3667,P1,41
23:42:16  [SLOT] n=3056 tx=23 ack=0 due=0 r=1
23:42:16  [AT] "AT+CIPSEND=24" (13)
23:42:16  [AT] " S,3031,0F,00,3667,P1,41" (24)
23:42:16  [AT] "SEND OK" (7)
23:42:17  «tap» 살아있음 — 최근 60초 rx=7962B (이 줄이 끊기면 탭이 죽은 것이다)
23:42:17  [TX] S,3032,0F,00,3668,P1,4D
23:42:17  [SLOT] n=3057 tx=23 ack=0 due=0 r=1
23:42:17  [AT] "AT+CIPSEND=24" (13)
23:42:17  [AT] " S,3032,0F,00,3668,P1,4D" (24)
23:42:17  [AT] "SEND OK" (7)
23:42:18  [TX] S,3033,0F,00,3669,P1,4D
23:42:18  [SLOT] n=3058 tx=23 ack=0 due=0 r=1
23:42:18  [AT] "AT+CIPSEND=24" (13)
23:42:18  [AT] " S,3033,0F,00,3669,P1,4D" (24)
23:42:18  [AT] "SEND OK" (7)
23:42:19  [TX] S,3034,0F,00,3670,P1,42
23:42:19  [SLOT] n=3059 tx=23 ack=0 due=0 r=1
23:42:19  [AT] "AT+CIPSEND=24" (13)
23:42:20  [AT] " S,3034,0F,00,3670,P1,42" (24)
23:42:20  [AT] "SEND OK" (7)
23:42:21  [TX] S,3035,0F,00,3672,P1,41
23:42:21  [SLOT] n=3060 tx=23 ack=0 due=0 r=1
23:42:21  [AT] "AT+CIPSEND=24" (13)
23:42:21  [AT] " S,3035,0F,00,3672,P1,41" (24)
23:42:21  [AT] "SEND OK" (7)
23:42:22  [TX] S,3036,0F,00,3673,P1,43
23:42:22  [SLOT] n=3061 tx=23 ack=0 due=0 r=1
23:42:22  [AT] "AT+CIPSEND=24" (13)
23:42:22  [AT] " S,3036,0F,00,3673,P1,43" (24)
23:42:22  [AT] "SEND OK" (7)
23:42:23  [TX] S,3037,0F,00,3674,P1,45
23:42:23  [SLOT] n=3062 tx=23 ack=0 due=0 r=1
23:42:23  [AT] "AT+CIPSEND=24" (13)
23:42:23  [AT] " S,3037,0F,00,3674,P1,45" (24)
23:42:23  [AT] "SEND OK" (7)
23:42:24  [TX] S,3038,0F,00,3675,P1,4B
23:42:24  [SLOT] n=3063 tx=23 ack=0 due=0 r=1
23:42:24  [AT] "AT+CIPSEND=24" (13)
23:42:24  [AT] " S,3038,0F,00,3675,P1,4B" (24)
23:42:24  [AT] "SEND OK" (7)
23:42:25  [TX] S,3039,0F,00,3676,P1,49
23:42:25  [SLOT] n=3064 tx=23 ack=0 due=0 r=1
23:42:25  [AT] "AT+CIPSEND=24" (13)
23:42:25  [AT] " S,3039,0F,00,3676,P1,49" (24)
23:42:25  [AT] "SEND OK" (7)
23:42:26  [TX] S,3040,0F,00,3678,P1,49
23:42:26  [SLOT] n=3065 tx=23 ack=0 due=0 r=1
23:42:26  [AT] "AT+CIPSEND=24" (13)
23:42:27  [AT] " S,3040,0F,00,3678,P1,49" (24)
23:42:27  [AT] "SEND OK" (7)
23:42:28  [TX] S,3041,0F,00,3679,P1,49
23:42:28  [SLOT] n=3066 tx=23 ack=0 due=0 r=1
23:42:28  [AT] "AT+CIPSEND=24" (13)
23:42:28  [AT] " S,3041,0F,00,3679,P1,49" (24)
23:42:28  [AT] "SEND OK" (7)
23:42:29  [TX] S,3042,0F,00,3680,P1,4C
23:42:29  [SLOT] n=3067 tx=23 ack=0 due=0 r=1
23:42:29  [AT] "AT+CIPSEND=24" (13)
23:42:29  [AT] " S,3042,0F,00,3680,P1,4C" (24)
23:42:29  [AT] "SEND OK" (7)
23:42:30  [TX] S,3043,0F,00,3681,P1,4C
23:42:30  [SLOT] n=3068 tx=23 ack=0 due=0 r=1
23:42:30  [AT] "AT+CIPSEND=24" (13)
23:42:30  [AT] " S,3043,0F,00,3681,P1,4C" (24)
23:42:30  [AT] "SEND OK" (7)
23:42:31  [TX] S,3044,0F,00,3682,P1,48
23:42:31  [SLOT] n=3069 tx=23 ack=0 due=0 r=1
23:42:31  [AT] "AT+CIPSEND=24" (13)
23:42:31  [AT] " S,3044,0F,00,3682,P1,48" (24)
23:42:31  [AT] "SEND OK" (7)
23:42:32  [TX] S,3045,0F,00,3684,P1,4F
23:42:32  [SLOT] n=3070 tx=23 ack=0 due=0 r=1
23:42:32  [AT] "AT+CIPSEND=24" (13)
23:42:32  [AT] " S,3045,0F,00,3684,P1,4F" (24)
23:42:32  [AT] "SEND OK" (7)
23:42:34  [TX] S,3046,0F,00,3685,P1,4D
23:42:34  [SLOT] n=3071 tx=23 ack=0 due=0 r=1
23:42:34  [AT] "AT+CIPSEND=24" (13)
23:42:34  [AT] " S,3046,0F,00,3685,P1,4D" (24)
23:42:34  [AT] "SEND OK" (7)
23:42:35  [TX] S,3047,0F,00,3686,P1,4F
23:42:35  [SLOT] n=3072 tx=23 ack=0 due=0 r=1
23:42:35  [AT] "AT+CIPSEND=24" (13)
23:42:35  [AT] " S,3047,0F,00,3686,P1,4F" (24)
23:42:35  [AT] "SEND OK" (7)
23:42:36  [TX] S,3048,0F,00,3687,P1,41
23:42:36  [SLOT] n=3073 tx=23 ack=0 due=0 r=1
23:42:36  [AT] "AT+CIPSEND=24" (13)
23:42:36  [AT] " S,3048,0F,00,3687,P1,41" (24)
23:42:36  [AT] "SEND OK" (7)
23:42:37  [TX] S,3049,0F,00,3688,P1,4F
23:42:37  [SLOT] n=3074 tx=23 ack=0 due=0 r=1
23:42:37  [AT] "AT+CIPSEND=24" (13)
23:42:37  [AT] " S,3049,0F,00,3688,P1,4F" (24)
23:42:37  [AT] "SEND OK" (7)
23:42:38  [TX] S,3050,0F,00,3690,P1,4E
23:42:38  [SLOT] n=3075 tx=23 ack=0 due=0 r=1
23:42:38  [AT] "AT+CIPSEND=24" (13)
23:42:38  [AT] " S,3050,0F,00,3690,P1,4E" (24)
23:42:38  [AT] "SEND OK" (7)
23:42:40  [TX] S,3051,0F,00,3691,P1,4E
23:42:40  [SLOT] n=3076 tx=23 ack=0 due=0 r=1
23:42:40  [AT] "AT+CIPSEND=24" (13)
23:42:40  [AT] " S,3051,0F,00,3691,P1,4E" (24)
23:42:40  [AT] "SEND OK" (7)
23:42:41  [TX] S,3052,0F,00,3692,P1,4E
23:42:41  [SLOT] n=3077 tx=23 ack=0 due=0 r=1
23:42:41  [AT] "AT+CIPSEND=24" (13)
23:42:41  [AT] " S,3052,0F,00,3692,P1,4E" (24)
23:42:41  [AT] "SEND OK" (7)
23:42:42  [TX] S,3053,0F,00,3693,P1,4E
23:42:42  [SLOT] n=3078 tx=23 ack=0 due=0 r=1
23:42:42  [AT] "AT+CIPSEND=24" (13)
23:42:42  [AT] " S,3053,0F,00,3693,P1,4E" (24)
23:42:42  [AT] "SEND OK" (7)
23:42:43  [TX] S,3054,0F,00,3694,P1,4E
23:42:43  [SLOT] n=3079 tx=23 ack=0 due=0 r=1
23:42:43  [AT] "AT+CIPSEND=24" (13)
23:42:44  [AT] " S,3054,0F,00,3694,P1,4E" (24)
23:42:44  [AT] "SEND OK" (7)
23:42:44  [TX] S,3055,0F,00,3696,P1,4D
23:42:44  [SLOT] n=3080 tx=23 ack=0 due=0 r=1
23:42:44  [AT] "AT+CIPSEND=24" (13)
23:42:44  [AT] " S,3055,0F,00,3696,P1,4D" (24)
23:42:44  [AT] "SEND OK" (7)
23:42:46  [TX] S,3056,0F,00,3697,P1,4F
23:42:46  [SLOT] n=3081 tx=23 ack=0 due=0 r=1
23:42:46  [AT] "AT+CIPSEND=24" (13)
23:42:46  [AT] " S,3056,0F,00,3697,P1,4F" (24)
23:42:46  [AT] "SEND OK" (7)
23:42:47  [TX] S,3057,0F,00,3698,P1,41
23:42:47  [SLOT] n=3082 tx=23 ack=0 due=0 r=1
23:42:47  [AT] "AT+CIPSEND=24" (13)
23:42:47  [AT] " S,3057,0F,00,3698,P1,41" (24)
23:42:47  [AT] "SEND OK" (7)
23:42:48  [TX] S,3058,0F,00,3699,P1,4F
23:42:48  [SLOT] n=3083 tx=23 ack=0 due=0 r=1
23:42:48  [AT] "AT+CIPSEND=24" (13)
23:42:48  [AT] " S,3058,0F,00,3699,P1,4F" (24)
23:42:48  [AT] "SEND OK" (7)
23:42:49  [TX] S,3059,0F,00,3700,P1,4F
23:42:49  [SLOT] n=3084 tx=23 ack=0 due=0 r=1
23:42:49  [AT] "AT+CIPSEND=24" (13)
23:42:49  [AT] " S,3059,0F,00,3700,P1,4F" (24)
23:42:49  [AT] "SEND OK" (7)
23:42:50  [TX] S,3060,0F,00,3702,P1,47
23:42:50  [SLOT] n=3085 tx=23 ack=0 due=0 r=1
23:42:50  [AT] "AT+CIPSEND=24" (13)
23:42:50  [AT] " S,3060,0F,00,3702,P1,47" (24)
23:42:50  [AT] "SEND OK" (7)
23:42:52  [TX] S,3061,0F,00,3703,P1,47
23:42:52  [SLOT] n=3086 tx=23 ack=0 due=0 r=1
23:42:52  [AT] "AT+CIPSEND=24" (13)
23:42:52  [AT] " S,3061,0F,00,3703,P1,47" (24)
23:42:52  [AT] "SEND OK" (7)
23:42:53  [TX] S,3062,0F,00,3704,P1,43
23:42:53  [SLOT] n=3087 tx=23 ack=0 due=0 r=1
23:42:53  [AT] "AT+CIPSEND=24" (13)
23:42:53  [AT] " S,3062,0F,00,3704,P1,43" (24)
23:42:53  [AT] "SEND OK" (7)
23:42:54  [TX] S,3063,0F,00,3705,P1,43
23:42:54  [SLOT] n=3088 tx=23 ack=0 due=0 r=1
23:42:54  [AT] "AT+CIPSEND=24" (13)
23:42:54  [AT] " S,3063,0F,00,3705,P1,43" (24)
23:42:54  [AT] "SEND OK" (7)
23:42:55  [TX] S,3064,0F,00,3706,P1,47
23:42:55  [SLOT] n=3089 tx=23 ack=0 due=0 r=1
23:42:55  [AT] "AT+CIPSEND=24" (13)
23:42:55  [AT] " S,3064,0F,00,3706,P1,47" (24)
23:42:55  [AT] "SEND OK" (7)
23:42:56  [TX] S,3065,0F,00,3708,P1,48
23:42:56  [SLOT] n=3090 tx=23 ack=0 due=0 r=1
23:42:56  [AT] "AT+CIPSEND=24" (13)
23:42:57  [AT] " S,3065,0F,00,3708,P1,48" (24)
23:42:57  [AT] "SEND OK" (7)
23:42:58  [TX] S,3066,0F,00,3709,P1,4A
23:42:58  [SLOT] n=3091 tx=23 ack=0 due=0 r=1
23:42:58  [AT] "AT+CIPSEND=24" (13)
23:42:58  [AT] " S,3066,0F,00,3709,P1,4A" (24)
23:42:58  [AT] "SEND OK" (7)
23:42:59  [TX] S,3067,0F,00,3710,P1,43
23:42:59  [SLOT] n=3092 tx=23 ack=0 due=0 r=1
23:42:59  [AT] "AT+CIPSEND=24" (13)
23:42:59  [AT] " S,3067,0F,00,3710,P1,43" (24)
23:42:59  [AT] "SEND OK" (7)
23:43:00  [TX] S,3068,0F,00,3711,P1,4D
23:43:00  [SLOT] n=3093 tx=23 ack=0 due=0 r=1
23:43:00  [AT] "AT+CIPSEND=24" (13)
23:43:00  [AT] " S,3068,0F,00,3711,P1,4D" (24)
23:43:00  [AT] "SEND OK" (7)
23:43:01  [TX] S,3069,0F,00,3712,P1,4F
23:43:01  [SLOT] n=3094 tx=23 ack=0 due=0 r=1
23:43:01  [AT] "AT+CIPSEND=24" (13)
23:43:01  [AT] " S,3069,0F,00,3712,P1,4F" (24)
23:43:01  [AT] "SEND OK" (7)
23:43:02  [TX] S,3070,0F,00,3714,P1,41
23:43:02  [SLOT] n=3095 tx=23 ack=0 due=0 r=1
23:43:02  [AT] "AT+CIPSEND=24" (13)
23:43:03  [AT] " S,3070,0F,00,3714,P1,41" (24)
23:43:03  [AT] "SEND OK" (7)
23:43:04  [TX] S,3071,0F,00,3715,P1,41
23:43:04  [SLOT] n=3096 tx=23 ack=0 due=0 r=1
23:43:04  [AT] "AT+CIPSEND=24" (13)
23:43:04  [AT] " S,3071,0F,00,3715,P1,41" (24)
23:43:04  [AT] "SEND OK" (7)
23:43:05  [TX] S,3072,0F,00,3716,P1,41
23:43:05  [SLOT] n=3097 tx=23 ack=0 due=0 r=1
23:43:05  [AT] "AT+CIPSEND=24" (13)
23:43:05  [AT] " S,3072,0F,00,3716,P1,41" (24)
23:43:05  [AT] "SEND OK" (7)
23:43:06  [TX] S,3073,0F,00,3717,P1,41
23:43:06  [SLOT] n=3098 tx=23 ack=0 due=0 r=1
23:43:06  [AT] "AT+CIPSEND=24" (13)
23:43:06  [AT] " S,3073,0F,00,3717,P1,41" (24)
23:43:06  [AT] "SEND OK" (7)
23:43:07  [TX] S,3074,0F,00,3718,P1,49
23:43:07  [SLOT] n=3099 tx=23 ack=0 due=0 r=1
23:43:07  [AT] "AT+CIPSEND=24" (13)
23:43:07  [AT] " S,3074,0F,00,3718,P1,49" (24)
23:43:07  [AT] "SEND OK" (7)
23:43:08  [TX] S,3075,0F,00,3720,P1,43
23:43:08  [SLOT] n=3100 tx=23 ack=0 due=0 r=1
23:43:08  [CNT] up=3720 drop=0 esprst=0 hwrst=0/0 resync=0 sendfail=0 okto=2 stuck=0 ackq=0 ackdrop=0 ackstale=0 slot=3100 oow=1 smiss=3 ssovf=0 cksumng=0 okstream=3074 penddrop=0 pendfill=3076 bigfill=4 bigdrop=0 bigokst=4 oklost=0 bigoklost=0 skip=14 online=1
23:43:08  [RAM] 최저 여유 571 B · 프롬프트 재동기 0회 (서버의 '버린줄' 과 맞아야 한다)
23:43:08  [AT] "AT+CIPSEND=24" (13)
23:43:08  [AT] " S,3075,0F,00,3720,P1,43" (24)
23:43:08  [AT] "SEND OK" (7)
23:43:10  [TX] S,3076,0F,00,3721,P1,41
23:43:10  [SLOT] n=3101 tx=23 ack=0 due=0 r=1
23:43:10  [AT] "AT+CIPSEND=24" (13)
23:43:10  [AT] " S,3076,0F,00,3721,P1,41" (24)
23:43:10  [AT] "SEND OK" (7)
23:43:11  [TX] S,3077,0F,00,3722,P1,43
23:43:11  [SLOT] n=3102 tx=23 ack=0 due=0 r=1
23:43:11  [AT] "AT+CIPSEND=24" (13)
23:43:11  [AT] " S,3077,0F,00,3722,P1,43" (24)
23:43:11  [AT] "SEND OK" (7)
23:43:12  [TX] S,3078,0F,00,3723,P1,4D
23:43:12  [SLOT] n=3103 tx=23 ack=0 due=0 r=1
23:43:12  [AT] "AT+CIPSEND=24" (13)
23:43:12  [AT] " S,3078,0F,`0,3723,P1,4D" (24)
23:43:12  [AT] "SEND OK" (7)
23:43:13  [TX] S,3079,0F,00,3724,P1,4B
23:43:13  [SLOT] n=3104 tx=23 ack=0 due=0 r=1
23:43:13  [AT] "AT+CIPSEND=24" (13)
23:43:13  [AT] " S,3079,0F,00,3724,P1,4B" (24)
23:43:13  [AT] "SEND OK" (7)
23:43:14  [TX] S,3080,0F,00,3726,P1,4F
23:43:14  [SLOT] n=3105 tx=23 ack=0 due=0 r=1
23:43:14  [AT] "AT+CIPSEND=24" (13)
23:43:14  [AT] " S,3080,0F,00,3726,P1,4F" (24)
23:43:14  [AT] "SEND OK" (7)
23:43:15  [TX] S,3081,0F,00,3727,P1,4F
23:43:15  [SLOT] n=3106 tx=23 ack=0 due=0 r=1
23:43:15  [AT] "AT+CIPSEND=24" (13)
23:43:16  [AT] " S,3081,0F,00,3727,P1,4F" (24)
23:43:16  [AT] "SEND OK" (7)
23:43:17  «tap» 살아있음 — 최근 60초 rx=7956B (이 줄이 끊기면 탭이 죽은 것이다)
23:43:17  [TX] S,3082,0F,00,3728,P1,43
23:43:17  [SLOT] n=3107 tx=23 ack=0 due=0 r=1
23:43:17  [AT] "AT+CIPSEND=24" (13)
23:43:17  [AT] " S,3082,0F,00,3728,P1,43" (24)
23:43:17  [AT] "SEND OK" (7)
23:43:18  [TX] S,3083,0F,00,3729,P1,43
23:43:18  [SLOT] n=3108 tx=23 ack=0 due=0 r=1
23:43:18  [AT] "AT+CIPSEND=24" (13)
23:43:18  [AT] " S,3083,0F,00,3729,P1,43" (24)
23:43:18  [AT] "SEND OK" (7)
23:43:19  [TX] S,3084,0F,00,3730,P1,4C
23:43:19  [SLOT] n=3109 tx=23 ack=0 due=0 r=1
23:43:19  [AT] "AT+CIPSEND=24" (13)
23:43:19  [AT] " S,3084,0F,00,3730,P1,4C" (24)
23:43:19  [AT] "SEND OK" (7)
23:43:20  [TX] S,3085,0F,00,3732,P1,4F
23:43:20  [SLOT] n=3110 tx=23 ack=0 due=0 r=1
23:43:20  [AT] "AT+CIPSEND=24" (13)
23:43:20  [AT] " S,3085,0F,00,3732,P1,4F" (24)
23:43:20  [AT] "SEND OK" (7)
23:43:21  [TX] S,3086,0F,00,3733,P1,4D
23:43:21  [SLOT] n=3111 tx=23 ack=0 due=0 r=1
23:43:21  [AT] "AT+CIPSEND=24" (13)
23:43:21  [AT] " S,3086,0F,00,3733,P1,4D" (24)
23:43:21  [AT] "SEND OK" (7)
23:43:23  [TX] S,3087,0F,00,3734,P1,4B
23:43:23  [SLOT] n=3112 tx=23 ack=0 due=0 r=1
23:43:23  [AT] "AT+CIPSEND=24" (13)
23:43:23  [AT] " S,3087,0F,00,3734,P1,4B" (24)
23:43:23  [AT] "SEND OK" (7)
23:43:24  [TX] S,3088,0F,00,3735,P1,45
23:43:24  [SLOT] n=3113 tx=23 ack=0 due=0 r=1
23:43:24  [AT] "AT+CIPSEND=24" (13)
23:43:24  [AT] " S,3088,0F,00,3735,P1,45" (24)
23:43:24  [AT] "SEND OK" (7)
23:43:25  [TX] S,3089,0F,00,3736,P1,47
23:43:25  [SLOT] n=3114 tx=23 ack=0 due=0 r=1
23:43:25  [AT] "AT+CIPSEND=24" (13)
23:43:26  [AT] " S,3089,0F,00,3736,P1,47" (24)
23:43:26  [AT] "SEND OK" (7)
23:43:26  [TX] S,3090,0F,00,3738,P1,41
23:43:26  [SLOT] n=3115 tx=23 ack=0 due=0 r=1
23:43:26  [AT] "AT+CIPSEND=24" (13)
23:43:26  [AT] " S,3090,0FX00,3738,P1,41" (24)
23:43:26  [AT] "SEND OK" (7)
23:43:27  [TX] S,3091,0F,00,3739,P1,41
23:43:27  [SLOT] n=3116 tx=23 ack=0 due=0 r=1
23:43:27  [AT] "AT+CIPSEND=24" (13)
23:43:27  [AT] " S,3091,0F,00,3739,P1,41" (24)
23:43:27  [AT] "SEND OK" (7)
23:43:29  [TX] S,3092,0F,00,3740,P1,4C
23:43:29  [SLOT] n=3117 tx=23 ack=0 due=0 r=1
23:43:29  [AT] "AT+CIPSEND=24" (13)
23:43:29  [AT] " S,3092,0F,00,3740,P1,4C" (24)
23:43:29  [AT] "SEND OK" (7)
23:43:30  [TX] S,3093,0F,00,3741,P1,4C
23:43:30  [SLOT] n=3118 tx=23 ack=0 due=0 r=1
23:43:30  [AT] "AT+CIPSEND=24" (13)
23:43:30  [AT] " S,3093,0F,00,3741,P1,4C" (24)
23:43:30  [AT] "SEND OK" (7)
23:43:31  [TX] S,3094,0F,00,3742,P1,48
23:43:31  [SLOT] n=3119 tx=23 ack=0 due=0 r=1
23:43:31  [AT] "AT+CIPSEND=24" (13)
23:43:31  [AT] " S,3094,0F,00,3742,P1,48" (24)
23:43:31  [AT] "SEND OK" (7)
23:43:32  [TX] S,3095,0F,00,3744,P1,4F
23:43:32  [SLOT] n=3120 tx=23 ack=0 due=0 r=1
23:43:32  [AT] "AT+CIPSEND=24" (13)
23:43:32  [AT] " S,3095,0F,00,3744,P1,4F" (24)
23:43:32  [AT] "SEND OK" (7)
23:43:33  [TX] S,3096,0F,00,3745,P1,4D
23:43:33  [SLOT] n=3121 tx=23 ack=0 due=0 r=1
23:43:33  [AT] "AT+CIPSEND=24" (13)
23:43:34  [AT] " S,3096,0F,00,3745,P1,4D" (24)
23:43:34  [AT] "SEND OK" (7)
23:43:35  [TX] S,3097,0F,00,3746,P1,4F
23:43:35  [SLOT] n=3122 tx=23 ack=0 due=0 r=1
23:43:35  [AT] "AT+CIPSEND=24" (13)
23:43:35  [AT] " S,3097,0F,00,3746,P1,4F" (24)
23:43:35  [AT] "SEND OK" (7)
23:43:36  [TX] S,3098,0F,00,3747,P1,41
23:43:36  [SLOT] n=3123 tx=23 ack=0 due=0 r=1
23:43:36  [AT] "AT+CIPSEND=24" (13)
23:43:36  [AT] " S,3098,0F,00,3747,P1,41" (24)
23:43:36  [AT] "SEND OK" (7)
23:43:37  [TX] S,3099,0F,00,3748,P1,4F
23:43:37  [SLOT] n=3124 tx=23 ack=0 due=0 r=1
23:43:37  [AT] "AT+CIPSEND=24" (13)
23:43:37  [AT] " S,3099,0F,00,3748,P1,4F" (24)
23:43:37  [AT] "SEND OK" (7)
23:43:38  [TX] S,3100,0F,00,3750,P1,47
23:43:38  [SLOT] n=3125 tx=23 ack=0 due=0 r=1
23:43:38  [AT] "AT+CIPSEND=24" (13)
23:43:38  [AT] " S,3100,0F,00,3750,P1,47" (24)
23:43:38  [AT] "SEND OK" (7)
23:43:39  [TX] S,3101,0F,00,3751,P1,47
23:43:39  [SLOT] n=3126 tx=23 ack=0 due=0 r=1
23:43:39  [AT] "AT+CIPSEND=24" (13)
23:43:39  [AT] " S,3101,0F,00,3751,P1,47" (24)
23:43:39  [AT] "SEND OK" (7)
23:43:41  [TX] S,3102,0F,00,3752,P1,47
23:43:41  [SLOT] n=3127 tx=23 ack=0 due=0 r=1
23:43:41  [AT] "AT+CIPSEND=24" (13)
23:43:41  [AT] " S,3102,0F,00,3752,P1,47" (24)
23:43:41  [AT] "SEND OK" (7)
23:43:42  [TX] S,3103,0F,00,3753,P1,47
23:43:42  [SLOT] n=3128 tx=23 ack=0 due=0 r=1
23:43:42  [AT] "AT+CIPSEND=24" (13)
23:43:42  [AT] " S,3103,0F,00,3753,P1,47" (24)
23:43:42  [AT] "SEND OK" (7)
23:43:42  [AT] "ERROR" (5)
23:43:42  [NET] 송신 오류 응답(로그만, 카운터는 sendLine 이 센다): ERROR
23:43:42  [AT] "Unlink" (6)
23:43:42  [DIAG] offline step=3 사다리=0/0 rx=157324 lines=9370 up=3754s
23:43:43  [NET] 3 CIFSR (IP 를 실제로 받았는가)
23:43:43  [AT] "AT+CIFSR" (8)
23:43:43  [AT] "0.0.0.0" (7)
23:43:43  [NET] ★ ESP 가 IP 를 잃었다 — 모듈 리셋으로 본다. 누적 사건 1
23:43:43  [AT] "OK" (2)
23:43:45  [NET] 3 CIFSR (IP 를 실제로 받았는가)
23:43:45  [AT] "AT+CIFSR" (8)
23:43:45  [AT] "192.168.35.79" (13)
23:43:45  [NET] ★ IP 확보: 192.168.35.79
23:43:45  [AT] "OK" (2)
23:43:45  [DIAG] offline step=4 사다리=0/0 rx=157382 lines=9376 up=3757s
23:43:45  [NET] 4 CIPMUX=0
23:43:45  [AT] "AT+CIPMUX=0" (11)
23:43:45  [AT] "OK" (2)
23:43:45  [NET] CIPMUX=0 적용됨 → CIPSTART
23:43:46  [NET] 5 CIPSTART
23:43:46  [AT] "AT+CIPSTART="TCP","192.168.35.21",9991" (38)
23:43:46  [AT] "OK" (2)
23:43:46  [AT] "Linked" (6)
23:43:46  [NET] online (CONNECT) + 캐시 비움
23:43:46  [TX] S,3104,0F,00,3757,P1,44
23:43:46  [SLOT] n=3131 tx=23 ack=0 due=322 r=1
23:43:46  [AT] "AT+CIPSEND=24" (13)
23:43:46  [AT] " S,3104,0F,00,3757,P1,44" (24)
23:43:46  [AT] "SEND OK" (7)
23:43:46  [AT] "ERROR" (5)
23:43:46  [NET] 송신 오류 응답(로그만, 카운터는 sendLine 이 센다): ERROR
23:43:46  [AT] "Unlink" (6)
23:43:47  [NET] 3 CIFSR (IP 를 실제로 받았는가)
23:43:47  [AT] "AT+CIFSR" (8)
23:43:47  [AT] "0.0.0.0" (7)
23:43:47  [NET] ★ ESP 가 IP 를 잃었다 — 모듈 리셋으로 본다. 누적 사건 2
23:43:47  [AT] "OK" (2)
23:43:48  [DIAG] offline step=3 사다리=0/0 rx=157551 lines=9389 up=3760s
23:43:49  [NET] 3 CIFSR (IP 를 실제로 받았는가)
23:43:49  [AT] "AT+CIFSR" (8)
23:43:49  [AT] "0.0.0.0" (7)
23:43:49  [AT] "OK" (2)
23:43:51  [DIAG] offline step=3 사다리=0/0 rx=157577 lines=9392 up=3763s
23:43:52  [NET] 3 CIFSR (IP 를 실제로 받았는가)
23:43:52  [NET] CIFSR 3회에도 IP 가 없다 → CWJAP 부터 다시
23:43:52  [LADDER] 실패(CWJAP FAIL) CWJAP소요 3759s · 연속 0회 · 결합유지 3754s · 현재 0단(0회 누적)
23:43:52  [LADDER] ↑↑ 단 상승 → 1단
23:43:52  [LADDER] 1단 조치: 시리얼 드레인 26바이트 버림 + 줄 조립 초기화
23:43:53  [NET] 2 CWJAP (응답까지 최대 30초 기다린다)
23:43:53  [AT] "AT+CWJAP="SK_WiFiGIGA50DC_2.4G","2011050796"" (44)
23:43:54  [DIAG] offline step=2 사다리=1/0 rx=157624 lines=9393 up=3766s
23:43:57  [DIAG] offline step=2 사다리=1/0 rx=157624 lines=9393 up=3769s
23:43:58  [AT] "OK" (2)
23:43:58  [NET] CWJAP OK — 결합됐다. IP 를 실제로 받았는지 CIFSR 로 확인한다
23:43:58  [NET] 3 CIFSR (IP 를 실제로 받았는가)
23:43:58  [AT] "AT+CIFSR" (8)
23:43:58  [AT] "192.168.35.79" (13)
23:43:58  [NET] ★ IP 확보: 192.168.35.79
23:43:58  [AT] "OK" (2)
23:43:58  [NET] 4 CIPMUX=0
23:43:58  [AT] "AT+CIPMUX=0" (11)
23:43:58  [AT] "OK" (2)
23:43:58  [NET] CIPMUX=0 적용됨 → CIPSTART
23:43:59  [NET] 5 CIPSTART
23:43:59  [AT] "AT+CIPSTART="TCP","192.168.35.21",9991" (38)
23:43:59  [AT] "OK" (2)
23:43:59  [AT] "Linked" (6)
23:43:59  [NET] online (CONNECT) + 캐시 비움
23:43:59  [TX] S,3105,0F,00,3770,P1,40
23:43:59  [SLOT] n=3142 tx=23 ack=0 due=300 r=1
23:43:59  [AT] "AT+CIPSEND=24" (13)
23:43:59  [AT] " S,3105,0F,00,3770,P1,40" (24)
23:43:59  [AT] "SEND OK" (7)
23:44:00  [TX] D,*,7,6,6F
23:44:00  D,A1,IP,01
23:44:00  D,B1,IP,02
23:44:00  D,LD,OG,68
23:44:00  D,LC,OL,64
23:44:00  D,DR,OB,73
23:44:00  D,L2,OL,15
23:44:00  [REG] 등록 전송 76B
23:44:00  [SLOT] n=3143 tx=76 ack=0 due=0 r=1
23:44:00  [AT] "AT+CIPSEND=77" (13)
23:44:00  [AT] " D,*,7,6,6FD,A1,IP,01D,B1,IP,02D,LD,OG,68D,LC,OL,64D,DR,OB,73D,L2,OL,15" (71)
23:44:00  [AT] "SEND OK" (7)
23:44:01  [TX] S,3107,0F,00,3772,P1,40
23:44:01  [SLOT] n=3144 tx=23 ack=0 due=0 r=1
23:44:01  [AT] "AT+CIPSEND=24" (13)
23:44:01  [AT] " S,3107,0F,00,3772,P1,40" (24)
23:44:01  [AT] "SEND OK" (7)
23:44:02  [TX] S,3108,0F,00,3774,P1,49
23:44:02  [SLOT] n=3145 tx=23 ack=0 due=0 r=1
23:44:02  [AT] "AT+CIPSEND=24" (13)
23:44:02  [AT] " S,3108,0F,00,3774,P1,49" (24)
23:44:02  [AT] "SEND OK" (7)
23:44:03  [TX] S,3109,0F,00,3775,P1,49
23:44:03  [SLOT] n=3146 tx=23 ack=0 due=0 r=1
23:44:03  [AT] "AT+CIPSEND=24" (13)
23:44:03  [AT] " S,3109,0F,00,3775,P1,49" (24)
23:44:03  [AT] "SEND OK" (7)
23:44:04  [TX] S,3110,0F,00,3776,P1,42
23:44:05  [SLOT] n=3147 tx=23 ack=0 due=0 r=1
23:44:05  [AT] "AT+CIPSEND=24" (13)
23:44:05  [AT] " S,3110,0F,00,3776,P1,42" (24)
23:44:05  [AT] "SEND OK" (7)
23:44:06  [TX] S,3111,0F,00,3777,P1,42
23:44:06  [SLOT] n=3148 tx=23 ack=0 due=0 r=1
23:44:06  [AT] "AT+CIPSEND=24" (13)
23:44:06  [AT] " S,3111,0FX00,3777,P1,42" (24)
23:44:06  [AT] "SEND OK" (7)
23:44:07  [TX] S,3112,0F,00,3778,P1,4E
23:44:07  [SLOT] n=3149 tx=23 ack=0 due=0 r=1
23:44:07  [AT] "AT+CIPSEND=24" (13)
23:44:07  [AT] " S,3112,0F,00,3778,P1,4E" (24)
23:44:07  [AT] "SEND OK" (7)
23:44:08  [TX] S,3113,0F,00,3780,P1,48
23:44:08  [SLOT] n=3150 tx=23 ack=0 due=0 r=1
23:44:08  [CNT] up=3780 drop=0 esprst=2 hwrst=0/0 resync=0 sendfail=0 okto=2 stuck=0 ackq=0 ackdrop=0 ackstale=0 slot=3150 oow=1 smiss=3 ssovf=0 cksumng=0 okstream=3112 penddrop=0 pendfill=3114 bigfill=5 bigdrop=0 bigokst=5 oklost=0 bigoklost=0 skip=14 online=1
23:44:08  [RAM] 최저 여유 571 B · 프롬프트 재동기 0회 (서버의 '버린줄' 과 맞아야 한다)
23:44:08  [AT] "AT+CIPSEND=24" (13)
23:44:08  [AT] " S,3113,0F,00,3780,P1,48" (24)
23:44:08  [AT] "SEND OK" (7)
23:44:09  [TX] S,3114,0F,00,3781,P1,4E
23:44:09  [SLOT] n=3151 tx=23 ack=0 due=0 r=1
23:44:09  [AT] "AT+CIPSEND=24" (13)
23:44:09  [AT] " S,3114,0F,00,3781,P1,4E" (24)
23:44:09  [AT] "SEND OK" (7)
23:44:10  [AT] "ERROR" (5)
23:44:10  [NET] 송신 오류 응답(로그만, 카운터는 sendLine 이 센다): ERROR
23:44:10  [AT] "Unlink" (6)
23:44:10  [DIAG] offline step=3 사다리=1/0 rx=158311 lines=9434 up=3782s
23:44:10  [NET] 3 CIFSR (IP 를 실제로 받았는가)
23:44:10  [AT] "AT+CIFSR" (8)
23:44:10  [AT] "0.0.0.0" (7)
23:44:10  [NET] ★ ESP 가 IP 를 잃었다 — 모듈 리셋으로 본다. 누적 사건 3
23:44:11  [AT] "OK" (2)
23:44:13  [NET] 3 CIFSR (IP 를 실제로 받았는가)
23:44:13  [AT] "AT+CIFSR" (8)
23:44:13  [AT] "192.168.35.79" (13)
23:44:13  [NET] ★ IP 확보: 192.168.35.79
23:44:13  [AT] "OK" (2)
23:44:13  [DIAG] offline step=4 사다리=1/0 rx=158369 lines=9440 up=3785s
23:44:13  [NET] 4 CIPMUX=0
23:44:13  [AT] "AT+CIPMUX=0" (11)
23:44:13  [AT] "OK" (2)
23:44:13  [NET] CIPMUX=0 적용됨 → CIPSTART
23:44:14  [NET] 5 CIPSTART
23:44:14  [AT] "AT+CIPSTART="TCP","192.168.35.21",9991" (38)
23:44:14  [AT] "OK" (2)
23:44:14  [AT] "Linked" (6)
23:44:14  [NET] online (CONNECT) + 캐시 비움
23:44:14  [TX] S,3115,0F,00,3786,P1,48
23:44:14  [SLOT] n=3155 tx=23 ack=0 due=0 r=1
23:44:14  [AT] "AT+CIPSEND=24" (13)
23:44:14  [AT] " S,3115,0F,00,3786,P1,48" (24)
23:44:14  [AT] "SEND OK" (7)
23:44:15  [TX] D,*,7,6,6F
23:44:15  D,A1,IP,01
23:44:15  D,B1,IP,02
23:44:15  D,LD,OG,68
23:44:15  D,LC,OL,64
23:44:15  D,DR,OB,73
23:44:15  D,L2,OL,15
23:44:15  [REG] 등록 전송 76B
23:44:15  [SLOT] n=3156 tx=76 ack=0 due=0 r=1
23:44:15  [AT] "AT+CIPSEND=77" (13)
23:44:15  [AT] " D,*,7,6,6FD,A1,IP,01D,B1,IP,02D,LD,OG,68D,LC,OL,64D,DR,OB,73D,L2,OL,15" (71)
23:44:15  [AT] "SEND OK" (7)
23:44:16  [TX] S,3117,0F,00,3788,P1,44
23:44:16  [SLOT] n=3157 tx=23 ack=0 due=0 r=1
23:44:16  [AT] "AT+CIPSE\x9ED=24" (13)
23:44:17  «tap» 살아있음 — 최근 60초 rx=9298B (이 줄이 끊기면 탭이 죽은 것이다)
23:44:17  [AT] " S,3117,0F,00,3788,P1,44" (24)
23:44:17  [AT] "SEND OK" (7)
23:44:18  [TX] S,3118,0F,00,3789,P1,4A
23:44:18  [SLOT] n=3158 tx=23 ack=0 due=0 r=1
23:44:18  [AT] "AT+CIPSEND=24" (13)
23:44:18  [AT] " S,3118,0F,00,3789,P1,4A" (24)
23:44:18  [AT] "SEND OK" (7)
23:44:18  [AT] "ERROR" (5)
23:44:18  [NET] 송신 오류 응답(로그만, 카운터는 sendLine 이 센다): ERROR
23:44:18  [AT] "Unlink" (6)
23:44:18  [DIAG] offline step=3 사다리=1/0 rx=158712 lines=9459 up=3790s
23:44:19  [NET] 3 CIFSR (IP 를 실제로 받았는가)
23:44:19  [AT] "AT+CIFSR" (8)
23:44:19  [AT] "0.0.0.0" (7)
23:44:19  [NET] ★ ESP 가 IP 를 잃었다 — 모듈 리셋으로 본다. 누적 사건 4
23:44:19  [AT] "OK" (2)
23:44:21  [NET] 3 CIFSR (IP 를 실제로 받았는가)
23:44:21  [AT] "AT+CIFSR" (8)
23:44:21  [AT] "0.0.0.0" (7)
23:44:21  [AT] "OK" (2)
23:44:21  [DIAG] offline step=3 사다리=1/0 rx=158764 lines=9465 up=3793s
23:44:25  [NET] 3 CIFSR (IP 를 실제로 받았는가)
23:44:25  [NET] CIFSR 3회에도 IP 가 없다 → CWJAP 부터 다시
23:44:25  [LADDER] 실패(CWJAP FAIL) CWJAP소요 30s · 연속 0회 · 결합유지 25s · 현재 1단(0회 누적)
23:44:25  [LADDER] 1단 조치: 시리얼 드레인 26바이트 버림 + 줄 조립 초기화
23:44:25  [DIAG] offline step=2 사다리=1/1 rx=158764 lines=9465 up=3796s
23:44:26  [NET] 2 CWJAP (응답까지 최대 30초 기다린다)
23:44:26  [AT] "AT+CWJAP="SK_WiFiGIGA50DC_2.4G","2011050796"" (44)
23:44:28  [DIAG] offline step=2 사다리=1/1 rx=158811 lines=9466 up=3799s
23:44:31  [AT] "OK" (2)
23:44:31  [NET] CWJAP OK — 결합됐다. IP 를 실제로 받았는지 CIFSR 로 확인한다
23:44:31  [NET] 3 CIFSR (IP 를 실제로 받았는가)
23:44:31  [AT] "AT+CIFSR" (8)
23:44:31  [AT] "192.168.35.79" (13)
23:44:31  [NET] ★ IP 확보: 192.168.35.79
23:44:31  [AT] "OK" (2)
23:44:31  [DIAG] offline step=4 사다리=1/1 rx=158849 lines=9470 up=3802s
23:44:31  [NET] 4 CIPMUX=0
23:44:31  [AT] "AT+CIPMUX=0" (11)
23:44:31  [AT] "OK" (2)
23:44:31  [NET] CIPMUX=0 적용됨 → CIPSTART
23:44:32  [NET] 5 CIPSTART
23:44:32  [AT] "AT+CIPSTART="TCP","192.168.35.21",9991" (38)
23:44:32  [AT] "OK" (2)
23:44:32  [AT] "Linked" (6)
23:44:32  [NET] online (CONNECT) + 캐시 비움
23:44:32  [TX] S,3119,0F,00,3802,P1,47
23:44:32  [SLOT] n=3169 tx=23 ack=0 due=0 r=1
23:44:32  [AT] "AT+CIPSEND=24" (13)
23:44:32  [AT] " S,3119,0F,00,3802,P1,47" (24)
23:44:32  [AT] "SEND OK" (7)
23:44:33  [TX] D,*,7,6,6F
23:44:33  D,A1,IP,01
23:44:33  D,B1,IP,02
23:44:33  D,LD,OG,68
23:44:33  D,LC,OL,64
23:44:33  D,DR,OB,73
23:44:33  D,L2,OL,15
23:44:33  [REG] 등록 전송 76B
23:44:33  [SLOT] n=3170 tx=76 ack=0 due=0 r=1
23:44:33  [AT] "AT+CIPSEND=77" (13)
23:44:33  [AT] " D,*,7,6,6FD,A1,IP,01D,B1,IP,02D,LD,OG,68D,LC,OL,64D,DR,OB,73D,L2,OL,15" (71)
23:44:33  [AT] "SEND OK" (7)
23:44:34  [TX] S,3121,0F,00,3805,P1,4B
23:44:34  [SLOT] n=3171 tx=23 ack=0 due=0 r=1
23:44:34  [AT] "AT+CIPSEND=24" (13)
23:44:34  [AT] " S,3121,0F,00,3805,P1,4B" (24)
23:44:34  [AT] "SEND OK" (7)
23:44:35  [TX] S,3122,0F,00,3806,P1,4B
23:44:35  [SLOT] n=3172 tx=23 ack=0 due=0 r=1
23:44:35  [AT] "AT+CIPSEND=24" (13)
23:44:35  [AT] " S,3122,0F,00,3806,P1,4B" (24)
23:44:35  [AT] "SEND OK" (7)
23:44:37  [TX] S,3123,0F,00,3807,P1,4B
23:44:37  [SLOT] n=3173 tx=23 ack=0 due=0 r=1
23:44:37  [AT] "AT+CIPSEND=24" (13)
23:44:37  [AT] " S,3123,0F,00,3807,P1,4B" (24)
23:44:37  [AT] "SEND OK" (7)
23:44:38  [TX] S,3124,0F,00,3808,P1,43
23:44:38  [SLOT] n=3174 tx=23 ack=0 due=0 r=1
23:44:38  [AT] "AT+CIPSEND=24" (13)
23:44:38  [AT] " S,3124,0F,00,3808,P1,43" (24)
23:44:38  [AT] "SEND OK" (7)
23:44:39  [TX] S,3125,0F,00,3810,P1,4B
23:44:39  [SLOT] n=3175 tx=23 ack=0 due=0 r=1
23:44:39  [AT] "AT+CIPSEND=24" (13)
23:44:39  [AT] " S,3125,0F,00,3810,P1,4B" (24)
23:44:39  [AT] "SEND OK" (7)
23:44:40  [TX] S,3126,0F,00,3811,P1,49
23:44:40  [SLOT] n=3176 tx=23 ack=0 due=0 r=1
23:44:40  [AT] "AT+CIPSEND=24" (13)
23:44:40  [AT] " S,3126,0F,00,3811,P1,49" (24)
23:44:40  [AT] "SEND OK" (7)
23:44:41  [TX] S,3127,0F,00,3812,P1,4B
23:44:41  [SLOT] n=3177 tx=23 ack=0 due=0 r=1
23:44:41  [AT] "AT+CIPSEND=24" (13)
23:44:41  [AT] " S,3127,0F,00,3812,P1,4B" (24)
23:44:41  [AT] "SEND OK" (7)
23:44:43  [TX] S,3128,0F,00,3813,P1,45
23:44:43  [SLOT] n=3178 tx=23 ack=0 due=0 r=1
23:44:43  [AT] "AT+CIPSEND=24" (13)
23:44:43  [AT] " S,3a28,0F,00,3813,P1,45" (24)
23:44:43  [AT] "SEND OK" (7)
23:44:44  [TX] S,3129,0F,00,3814,P1,43
23:44:44  [SLOT] n=3179 tx=23 ack=0 due=0 r=1
23:44:44  [AT] "AT+CIPSEND=24" (13)
23:44:44  [AT] " S,312q,0F,00,3814,P1,43" (24)
23:44:44  [AT] "SEND OK" (7)
23:44:44  [AT] "ERROR" (5)
23:44:44  [NET] 송신 오류 응답(로그만, 카운터는 sendLine 이 센다): ERROR
23:44:44  [AT] "Unlink" (6)
23:44:44  [DIAG] offline step=3 사다리=1/1 rx=159549 lines=9510 up=3815s
23:44:44  [NET] 3 CIFSR (IP 를 실제로 받았는가)
23:44:44  [AT] "AT+CIFSR" (8)
23:44:44  [AT] "0.0.0.0" (7)
23:44:44  [NET] ★ ESP 가 IP 를 잃었다 — 모듈 리셋으로 본다. 누적 사건 5
23:44:44  [AT] "OK" (2)
23:44:47  [NET] 3 CIFSR (IP 를 실제로 받았는가)
23:44:47  [AT] "AT+CIFSR" (8)
23:44:47  [AT] "0.0.0.0" (7)
23:44:47  [AT] "OK" (2)
23:44:47  [DIAG] offline step=3 사다리=1/1 rx=159601 lines=9516 up=3818s
23:44:49  [NET] 3 CIFSR (IP 를 실제로 받았는가)
23:44:49  [NET] CIFSR 3회에도 IP 가 없다 → CWJAP 부터 다시
23:44:49  [LADDER] 실패(CWJAP FAIL) CWJAP소요 23s · 연속 0회 · 결합유지 18s · 현재 1단(1회 누적)
23:44:49  [LADDER] ↑↑ 단 상승 → 2단
23:44:49  [LADDER] 2단 조치: 5초 쉬고 AT+CWQAP 로 결합을 명시적으로 끊은 뒤 다시 붙는다
23:44:49  [AT] "AT+CIFSR" (8)
23:44:49  [AT] "192.168.35.79" (13)
23:44:49  [NET] ★ IP 확보: 192.168.35.79
23:44:49  [AT] "OK" (2)
23:44:50  [NET] 4 CIPMUX=0
23:44:50  [AT] "AT+CIPMUX=0" (11)
23:44:50  [AT] "OK" (2)
23:44:50  [NET] CIPMUX=0 적용됨 → CIPSTART
23:44:50  [NET] 5 CIPSTART
23:44:50  [AT] "AT+CIPSTART="TCP","192.168.35.21",9991" (38)
23:44:50  [DIAG] offline step=5 사다리=2/0 rx=159694 lines=9522 up=3821s
23:44:50  [AT] "OK" (2)
23:44:50  [AT] "Linked" (6)
23:44:50  [NET] online (CONNECT) + 캐시 비움
23:44:50  [TX] S,3130,0F,00,3821,P1,4D
23:44:50  [SLOT] n=3184 tx=23 ack=0 due=336 r=1
23:44:50  [AT] "AT+CIPSEND=24" (13)
23:44:50  [AT] " S,3130,0F,00,3821,P1,4D" (24)
23:44:50  [AT] "SEND OK" (7)
23:44:51  [TX] D,*,7,6,6F
23:44:51  D,A1,IP,01
23:44:51  D,B1,IP,02
23:44:51  D,LD,OG,68
23:44:51  D,LC,OL,64
23:44:51  D,DR,OB,73
23:44:51  D,L2,OL,15
23:44:51  [REG] 등록 전송 76B
23:44:51  [SLOT] n=3185 tx=76 ack=0 due=0 r=1
23:44:51  [AT] "AT+CIPSEND=77" (13)
23:44:51  [AT] " D,*,7,6,6FD,A1,IP,01D,B1,IP,02D,LD,OG,68D,LC,OL,64D,DR,OB,73D,L2,OL,15" (71)
23:44:51  [AT] "SEND OK" (7)
23:44:52  [TX] S,3132,0F,00,3823,P1,4D
23:44:52  [SLOT] n=3186 tx=23 ack=0 due=0 r=1
23:44:52  [AT] "AT+CIPSEND=24" (13)
23:44:53  [AT] " S,3132,0F,00,3823,P1,4D" (24)
23:44:53  [AT] "SEND OK" (7)
23:44:53  [TX] S,3133,0F,00,3824,P1,4B
23:44:53  [SLOT] n=3187 tx=23 ack=0 due=0 r=1
23:44:53  [AT] "AT+CIPSEND=24" (13)
23:44:53  [AT] " S,3133,0F,00,3824,P1,4B" (24)
23:44:53  [AT] "SEND OK" (7)
23:44:55  [TX] S,3134,0F,00,3825,P1,4D
23:44:55  [SLOT] n=3188 tx=23 ack=0 due=0 r=1
23:44:55  [AT] "AT+CIPSEND=24" (13)
23:44:55  [AT] " S,3134,0F,00,3825,P1,4D" (24)
23:44:55  [AT] "SEND OK" (7)
23:44:56  [TX] S,3135,0F,00,3826,P1,4F
23:44:56  [SLOT] n=3189 tx=23 ack=0 due=0 r=1
23:44:56  [AT] "AT+CIPSEND=24" (13)
23:44:56  [AT] " S,3135,0F,00,3826,P1,4F" (24)
23:44:56  [AT] "SEND OK" (7)
23:44:57  [TX] S,3136,0F,00,3828,P1,42
23:44:57  [SLOT] n=3190 tx=23 ack=0 due=0 r=1
23:44:57  [AT] "AT+CIPSEND=24" (13)
23:44:57  [AT] " S,3136,0F,00,3828,P1,42" (24)
23:44:57  [AT] "SEND OK" (7)
23:44:58  [TX] S,3137,0F,00,3829,P1,42
23:44:58  [SLOT] n=3191 tx=23 ack=0 due=0 r=1
23:44:58  [AT] "AT+CIPSEND=24" (13)
23:44:58  [AT] " S,3137,0F,00,3829,P1,42" (24)
23:44:58  [AT] "SEND OK" (7)
23:44:59  [AT] "ERROR" (5)
23:44:59  [NET] 송신 오류 응답(로그만, 카운터는 sendLine 이 센다): ERROR
23:44:59  [AT] "Unlink" (6)
23:44:59  [DIAG] offline step=3 사다리=2/0 rx=160180 lines=9550 up=3830s
23:44:59  [NET] 3 CIFSR (IP 를 실제로 받았는가)
23:44:59  [AT] "AT+CIFSR" (8)
23:44:59  [AT] "0.0.0.0" (7)
23:44:59  [NET] ★ ESP 가 IP 를 잃었다 — 모듈 리셋으로 본다. 누적 사건 6
23:44:59  [AT] "OK" (2)
23:45:02  [NET] 3 CIFSR (IP 를 실제로 받았는가)
23:45:02  [AT] "AT+CIFSR" (8)
23:45:02  [AT] "0.0.0.0" (7)
23:45:02  [AT] "OK" (2)
23:45:02  [DIAG] offline step=3 사다리=2/0 rx=160232 lines=9556 up=3833s
23:45:04  [NET] 3 CIFSR (IP 를 실제로 받았는가)
23:45:04  [NET] CIFSR 3회에도 IP 가 없다 → CWJAP 부터 다시
23:45:04  [LADDER] 실패(CWJAP FAIL) CWJAP소요 38s · 연속 0회 · 결합유지 14s · 현재 2단(0회 누적)
23:45:04  [LADDER] 2단 조치: 5초 쉬고 AT+CWQAP 로 결합을 명시적으로 끊은 뒤 다시 붙는다
23:45:04  [AT] "AT+CIFSR" (8)
23:45:04  [AT] "0.0.0.0" (7)
23:45:04  [AT] "OK" (2)
23:45:05  [DIAG] offline step=10 사다리=2/1 rx=160258 lines=9559 up=3836s
23:45:08  [DIAG] offline step=10 사다리=2/1 rx=160258 lines=9559 up=3839s
23:45:09  [CNT] up=3840 drop=0 esprst=6 hwrst=0/0 resync=0 sendfail=0 okto=2 stuck=0 ackq=0 ackdrop=0 ackstale=0 slot=3200 oow=1 smiss=5 ssovf=0 cksumng=0 okstream=3137 penddrop=0 pendfill=3138 bigfill=8 bigdrop=0 bigokst=8 oklost=0 bigoklost=0 skip=14 online=0
23:45:09  [RAM] 최저 여유 571 B · 프롬프트 재동기 0회 (서버의 '버린줄' 과 맞아야 한다)
23:45:09  [NET] 10 CWQAP (결합 해제 — 사다리 2단)
23:45:09  [AT] "AT+CWQAP" (8)
23:45:09  [AT] "OK" (2)
23:45:09  [LADDER] 2단: 결합 해제 완료 → 깨끗한 상태에서 CWJAP 재시도
23:45:10  [NET] 2 CWJAP (응답까지 최대 30초 기다린다)
23:45:10  [AT] "AT+CWJAP="SK_WiFiGIGA50DC_2.4G","2011050796"" (44)
23:45:11  [DIAG] offline step=2 사다리=2/1 rx=160322 lines=9562 up=3842s
23:45:14  [DIAG] offline step=2 사다리=2/1 rx=160322 lines=9562 up=3845s
23:45:15  [AT] "OK" (2)
23:45:15  [NET] CWJAP OK — 결합됐다. IP 를 실제로 받았는지 CIFSR 로 확인한다
23:45:15  [NET] 3 CIFSR (IP 를 실제로 받았는가)
23:45:15  [AT] "AT+CIFSR" (8)
23:45:15  [AT] "192.168.35.79" (13)
23:45:15  [NET] ★ IP 확보: 192.168.35.79
23:45:15  [AT] "OK" (2)
23:45:15  [NET] 4 CIPMUX=0
23:45:15  [AT] "AT+CIPMUX=0" (11)
23:45:15  [AT] "OK" (2)
23:45:15  [NET] CIPMUX=0 적용됨 → CIPSTART
23:45:16  [NET] 5 CIPSTART
23:45:16  [AT] "AT+CIPSTART="TCP","192.168.35.21",9991" (38)
23:45:16  [AT] "OK" (2)
23:45:16  [AT] "Linked" (6)
23:45:16  [NET] online (CONNECT) + 캐시 비움
23:45:16  [TX] S,3138,0F,00,3847,P1,45
23:45:16  [SLOT] n=3206 tx=23 ack=0 due=0 r=1
23:45:16  [AT] "AT+CIPSEND=24" (13)
23:45:16  [AT] " S,3138,0F,00,3847,P1,45" (24)
23:45:16  [AT] "SEND OK" (7)
23:45:17  [TX] D,*,7,6,6F
23:45:17  D,A1,IP,01
23:45:17  D,B1,IP,02
23:45:17  D,LD,OG,68
23:45:17  D,LC,OL,64
23:45:17  D,DR,OB,73
23:45:17  D,L2,OL,15
23:45:17  [REG] 등록 전송 76B
23:45:17  [SLOT] n=3207 tx=76 ack=0 due=0 r=1
23:45:17  [AT] "AT+CIPSEND=77" (13)
23:45:17  [AT] " D,*,7,6,6FD,A1,IP,01D,B1,IP,02D,LD,OG,68D,LC,OL,64D,DR,OB,73D,L2,OL,15" (71)
23:45:17  [AT] "SEND OK" (7)
23:45:18  «tap» 살아있음 — 최근 60초 rx=9042B (이 줄이 끊기면 탭이 죽은 것이다)
23:45:18  [TX] S,3140,0F,00,3849,P1,44
23:45:18  [SLOT] n=3208 tx=23 ack=0 due=0 r=1
23:45:18  [AT] "AT+CIPSEND=24" (13)
23:45:18  [AT] " S,3140,0F,00,3849,P1,44" (24)
23:45:18  [AT] "SEND OK" (7)
23:45:20  [TX] S,3141,0F,00,3850,P1,4D
23:45:20  [SLOT] n=3209 tx=23 ack=0 due=0 r=1
23:45:20  [AT] "AT+CIPSEND=24" (13)
23:45:20  [AT] " S,3141,0F,00,3850,P1,4D" (24)
23:45:20  [AT] "SEND OK" (7)
23:45:21  [TX] S,3142,0F,00,3852,P1,4C
23:45:21  [SLOT] n=3210 tx=23 ack=0 due=0 r=1
23:45:21  [AT] "AT+CIPSEND=24" (13)
23:45:21  [AT] " S,3142,0F,00,3852,P1,4C" (24)
23:45:21  [AT] "SEND OK" (7)
23:45:22  [TX] S,3143,0F,00,3853,P1,4C
23:45:22  [SLOT] n=3211 tx=23 ack=0 due=0 r=1
23:45:22  [AT] "AT+CIPSEND=24" (13)
23:45:22  [AT] " S,3143,0F,00,3853,P1,4C" (24)
23:45:22  [AT] "SEND OK" (7)
23:45:23  [TX] S,3144,0F,00,3854,P1,4C
23:45:23  [SLOT] n=3212 tx=23 ack=0 due=0 r=1
23:45:23  [AT] "AT+CIPSEND=24" (13)
23:45:23  [AT] " S,3144,0F,00,3854,P1,4C" (24)
23:45:23  [AT] "SEND OK" (7)
23:45:24  [TX] S,3145,0F,00,3855,P1,4C
23:45:24  [SLOT] n=3213 tx=23 ack=0 due=0 r=1
23:45:24  [AT] "AT+CIPSEND=24" (13)
23:45:24  [AT] " S,3145,0F,00,3855,P1,4C" (24)
23:45:24  [AT] "SEND OK" (7)
23:45:26  [TX] S,3146,0F,00,3856,P1,4C
23:45:26  [SLOT] n=3214 tx=23 ack=0 due=0 r=1
23:45:26  [AT] "AT+CIPSEND=24" (13)
23:45:26  [AT] " S,3146,0F,00,3856,P1,4C" (24)
23:45:26  [AT] "SEND OK" (7)
23:45:27  [TX] S,3147,0F,00,3858,P1,43
23:45:27  [SLOT] n=3215 tx=23 ack=0 due=0 r=1
23:45:27  [AT] "AT+CIPSEND=24" (13)
23:45:27  [AT] " S,3147,0F,00,3858,P1,43" (24)
23:45:27  [AT] "SEND OK" (7)
23:45:28  [TX] S,3148,0F,00,3859,P1,4D
23:45:28  [SLOT] n=3216 tx=23 ack=0 due=0 r=1
23:45:28  [AT] "AT+CIPSEND=24" (13)
23:45:28  [AT] " S,3148,0F,00,3859,P1,4D" (24)
23:45:28  [AT] "SEND OK" (7)
23:45:29  [TX] S,3149,0F,00,3860,P1,46
23:45:29  [SLOT] n=3217 tx=23 ack=0 due=0 r=1
23:45:29  [AT] "AT+CIPSEND=24" (13)
23:45:29  [AT] " S,3149,0F,00,3860,P1,46" (24)
23:45:29  [AT] "SEND OK" (7)
23:45:30  [TX] S,3150,0F,00,3861,P1,4F
23:45:30  [SLOT] n=3218 tx=23 ack=0 due=0 r=1
23:45:30  [AT] "AT+CIPSEND=24" (13)
23:45:30  [AT] " S,3150,0F,00,3861,P1,4F" (24)
23:45:30  [AT] "SEND OK" (7)
23:45:32  [TX] S,3151,0F,00,3862,P1,4D
23:45:32  [SLOT] n=3219 tx=23 ack=0 due=0 r=1
23:45:32  [AT] "AT+CIPSEND=24" (13)
23:45:32  [AT] " S,3151,0F,00,3p62,P1,4D" (24)
23:45:32  [AT] "SEND OK" (7)
23:45:33  [TX] S,3152,0F,00,3864,P1,48
23:45:33  [SLOT] n=3220 tx=23 ack=0 due=0 r=1
23:45:33  [AT] "AT+CIPSEND=24" (13)
23:45:33  [AT] " S,3152,0F,00,3864,P1,48" (24)
23:45:33  [AT] "SEND OK" (7)
23:45:34  [TX] S,3153,0F,00,3865,P1,48
23:45:34  [SLOT] n=3221 tx=23 ack=0 due=0 r=1
23:45:34  [AT] "AT+CIPSEND=24" (13)
23:45:34  [AT] " S,3153,0F,00,3865,P1,48" (24)
23:45:34  [AT] "SEND OK" (7)
23:45:35  [TX] S,3154,0F,00,3866,P1,4C
23:45:35  [SLOT] n=3222 tx=23 ack=0 due=0 r=1
23:45:35  [AT] "AT+CIPSEND=24" (13)
23:45:35  [AT] " S,3154,0F,00,3866,P1,4C" (24)
23:45:35  [AT] "SEND OK" (7)
23:45:36  [TX] S,3155,0F,00,3867,P1,4C
23:45:36  [SLOT] n=3223 tx=23 ack=0 due=0 r=1
23:45:36  [AT] "AT+CIPSEND=24" (13)
23:45:37  [AT] " S,3155,0F,00,3867,P1,4C" (24)
23:45:37  [AT] "SEND OK" (7)
23:45:38  [TX] S,3156,0F,00,3868,P1,40
23:45:38  [SLOT] n=3224 tx=23 ack=0 due=0 r=1
23:45:38  [AT] "AT+CIPSEND=24" (13)
23:45:38  [AT] " S,3156,0F,00,3868,P1,40" (24)
23:45:38  [AT] "SEND OK" (7)
23:45:39  [TX] S,3157,0F,00,3870,P1,48
23:45:39  [SLOT] n=3225 tx=23 ack=0 due=0 r=1
23:45:39  [AT] "AT+CIPSEND=24" (13)
23:45:39  [AT] " S,3157,0F,00,3870,P1,48" (24)
23:45:39  [AT] "SEND OK" (7)
23:45:40  [TX] S,3158,0F,00,3871,P1,46
23:45:40  [SLOT] n=3226 tx=23 ack=0 due=0 r=1
23:45:40  [AT] "AT+CIPSEND=24" (13)
23:45:40  [AT] " S,3158,0F,00,3871,P1,46" (24)
23:45:40  [AT] "SEND OK" (7)
23:45:41  [TX] S,3159,0F,00,3872,P1,44
23:45:41  [SLOT] n=3227 tx=23 ack=0 due=0 r=1
23:45:41  [AT] "AT+CIPSEND=24" (13)
23:45:41  [AT] " S,3159,0F,00,3872,P1,44" (24)
23:45:41  [AT] "SEND OK" (7)
23:45:42  [TX] S,3160,0F,00,3873,P1,4F
23:45:42  [SLOT] n=3228 tx=23 ack=0 due=0 r=1
23:45:42  [AT] "AT+CIPSEND=24" (13)
23:45:42  [AT] " S,3160,0F,00,3873,P1,4F" (24)
23:45:42  [AT] "SEND OK" (7)
23:45:44  [TX] S,3161,0F,00,3874,P1,49
23:45:44  [SLOT] n=3229 tx=23 ack=0 due=0 r=1
23:45:44  [AT] "AT+CIPSEND=24" (13)
23:45:44  [AT] " S,3161,0F,00,3874,P1,49" (24)
23:45:44  [AT] "SEND OK" (7)
23:45:45  [TX] S,3162,0F,00,3876,P1,48
23:45:45  [SLOT] n=3230 tx=23 ack=0 due=0 r=1
23:45:45  [AT] "AT+CIPSEND=24" (13)
23:45:45  [AT] " S,3162,0F,00,3876,P1,48" (24)
23:45:45  [AT] "SEND OK" (7)
23:45:46  [LADDER] ↓ 30초 연속 온라인 — 사다리를 0단으로 내린다 (직전 2단)
23:45:46  [TX] S,3163,0F,00,3877,P1,48
23:45:46  [SLOT] n=3231 tx=23 ack=0 due=0 r=1
23:45:46  [AT] "AT+CIPSEND=24" (13)
23:45:46  [AT] " S,3163,0F,00,3877,P1,48" (24)
23:45:46  [AT] "SEND OK" (7)
23:45:47  [TX] S,3164,0F,00,3878,P1,40
23:45:47  [SLOT] n=3232 tx=23 ack=0 due=0 r=1
23:45:47  [AT] "AT+CIPSEND=24" (13)
23:45:47  [AT] " S,3164,0F,00,3878,P1,40" (24)
23:45:47  [AT] "SEND OK" (7)
23:45:48  [TX] S,3165,0F,00,3879,P1,40
23:45:48  [SLOT] n=3233 tx=23 ack=0 due=0 r=1
23:45:48  [AT] "AT+CIPSEND=24" (13)
23:45:48  [AT] " S,3165,0F,00,3879,P1,40" (24)
23:45:48  [AT] "SEND OK" (7)
23:45:50  [TX] S,3166,0F,00,3880,P1,45
23:45:50  [SLOT] n=3234 tx=23 ack=0 due=0 r=1
23:45:50  [AT] "AT+CIPSEND=24" (13)
23:45:50  [AT] " S,3166,0F,00,3880,P1,45" (24)
23:45:50  [AT] "SEND OK" (7)
23:45:51  [TX] S,3167,0F,00,3882,P1,46
23:45:51  [SLOT] n=3235 tx=23 ack=0 due=0 r=1
23:45:51  [AT] "AT+CIPSEND=24" (13)
23:45:51  [AT] " S,3167,0F,00,3882,P1,46" (24)
23:45:51  [AT] "SEND OK" (7)
23:45:52  [TX] S,3168,0F,00,3883,P1,48
23:45:52  [SLOT] n=3236 tx=23 ack=0 due=0 r=1
23:45:52  [AT] "AT+CIPSEND=24" (13)
23:45:52  [AT] " S,3168,0F,00,3883,P1,48" (24)
23:45:52  [AT] "SEND OK" (7)
23:45:53  [TX] S,3169,0F,00,3884,P1,4E
23:45:53  [SLOT] n=3237 tx=23 ack=0 due=0 r=1
23:45:53  [AT] "AT+CIPSEND=24" (13)
23:45:53  [AT] " S,3169,0F,00,3884,P1,4E" (24)
23:45:53  [AT] "SEND OK" (7)
23:45:54  [TX] S,3170,0F,00,3885,P1,47
23:45:54  [SLOT] n=3238 tx=23 ack=0 due=0 r=1
23:45:54  [AT] "AT+CIPSEND=24" (13)
23:45:54  [AT] " S,3170,0F,00,3885,P1,47" (24)
23:45:54  [AT] "SEND OK" (7)
23:45:55  [TX] S,3171,0F,00,3886,P1,45
23:45:55  [SLOT] n=3239 tx=23 ack=0 due=0 r=1
23:45:55  [AT] "AT+CIPSEND=24" (13)
23:45:56  [AT] " S,3171,0F,00,3886,P1,45" (24)
23:45:56  [AT] "SEND OK" (7)
23:45:57  [TX] S,3172,0F,00,3888,P1,48
23:45:57  [SLOT] n=3240 tx=23 ack=0 due=0 r=1
23:45:57  [AT] "AT+CIPSEND=24" (13)
23:45:57  [AT] " S,3172,0F,00,3888,P1,48" (24)
23:45:57  [AT] "SEND OK" (7)
23:45:58  [TX] S,3173,0F,00,3889,P1,48
23:45:58  [SLOT] n=3241 tx=23 ack=0 due=0 r=1
23:45:58  [AT] "AT+CIPSEND=24" (13)
23:45:58  [AT] " S,3173,0F,00,3889,P1,48" (24)
23:45:58  [AT] "SEND OK" (7)
23:45:59  [TX] S,3174,0F,00,3890,P1,47
23:45:59  [SLOT] n=3242 tx=23 ack=0 due=0 r=1
23:45:59  [AT] "AT+CIPSEND=24" (13)
23:45:59  [AT] " S,3174,0F,00,3890,P1,47" (24)
23:45:59  [AT] "SEND OK" (7)
23:46:00  [TX] S,3175,0F,00,3891,P1,47
23:46:00  [SLOT] n=3243 tx=23 ack=0 due=0 r=1
23:46:00  [AT] "AT+CIPSEND=24" (13)
23:46:00  [AT] " S,3175,0F,00,3891,P1,47" (24)
23:46:00  [AT] "SEND OK" (7)
23:46:01  [TX] S,3176,0F,00,3892,P1,47
23:46:01  [SLOT] n=3244 tx=23 ack=0 due=0 r=1
23:46:01  [AT] "AT+CIPSEND=24" (13)
23:46:02  [AT] " S,3176,0F,00,3892,P1,47" (24)
23:46:02  [AT] "SEND OK" (7)
23:46:03  [TX] S,3177,0F,00,3894,P1,40
23:46:03  [SLOT] n=3245 tx=23 ack=0 due=0 r=1
23:46:03  [AT] "AT+CIPSEND=24" (13)
23:46:03  [AT] " S,3177,0F,00,3894,P1,40" (24)
23:46:03  [AT] "SEND OK" (7)
23:46:04  [TX] S,3178,0F,00,3895,P1,4E
23:46:04  [SLOT] n=3246 tx=23 ack=0 due=0 r=1
23:46:04  [AT] "AT+CIPSEND=24" (13)
23:46:04  [AT] " S,3178,0F,00,3895,P1,4E" (24)
23:46:04  [AT] "SEND OK" (7)
23:46:05  [TX] S,3179,0F,00,3896,P1,4C
23:46:05  [SLOT] n=3247 tx=23 ack=0 due=0 r=1
23:46:05  [AT] "AT+CIPSEND=24" (13)
23:46:06  [AT] " S,3179,0F,00,3896,P1,4C" (24)
23:46:06  [AT] "SEND OK" (7)
23:46:06  [TX] S,3180,0F,00,3897,P1,4B
23:46:06  [SLOT] n=3248 tx=23 ack=0 due=0 r=1
23:46:06  [AT] "AT+CIPSEND=24" (13)
23:46:06  [AT] " S,3180,0F,00,3897,P1,4B" (24)
23:46:06  [AT] "SEND OK" (7)
23:46:07  [TX] S,3181,0F,00,3898,P1,45
23:46:07  [SLOT] n=3249 tx=23 ack=0 due=0 r=1
23:46:07  [AT] "AT+CIPSEND=24" (13)
23:46:08  [AT] " S,3181,0F,00,3898,P1,45" (24)
23:46:08  [AT] "SEND OK" (7)
23:46:09  [TX] S,3182,0F,00,3900,P1,46
23:46:09  [SLOT] n=3250 tx=23 ack=0 due=0 r=1
23:46:09  [CNT] up=3900 drop=0 esprst=6 hwrst=0/0 resync=0 sendfail=0 okto=2 stuck=0 ackq=0 ackdrop=0 ackstale=0 slot=3250 oow=1 smiss=6 ssovf=0 cksumng=0 okstream=3181 penddrop=0 pendfill=3183 bigfill=9 bigdrop=0 bigokst=9 oklost=0 bigoklost=0 skip=14 online=1
23:46:09  [RAM] 최저 여유 571 B · 프롬프트 재동기 0회 (서버의 '버린줄' 과 맞아야 한다)
23:46:09  [AT] "AT+CIPSEND=24" (13)
23:46:09  [AT] " S,3182,0F,00,3900,P1,46" (24)
23:46:09  [AT] "SEND OK" (7)
23:46:10  [TX] S,3183,0F,00,3901,P1,46
23:46:10  [SLOT] n=3251 tx=23 ack=0 due=0 r=1
23:46:10  [AT] "AT+CIPSEND=24" (13)
23:46:11  [AT] " S,3183,0F,00,3901,P1,46" (24)
23:46:11  [AT] "SEND OK" (7)
23:46:11  [TX] S,3184,0F,00,3902,P1,42
23:46:11  [SLOT] n=3252 tx=23 ack=0 due=0 r=1
23:46:11  [AT] "AT+CIPSEND=24" (13)
23:46:11  [AT] " S,3184,0F,00,3902,P1,42" (24)
23:46:11  [AT] "SEND OK" (7)
23:46:11  [AT] "ERROR" (5)
23:46:11  [NET] 송신 오류 응답(로그만, 카운터는 sendLine 이 센다): ERROR
23:46:11  [AT] "Unlink" (6)
23:46:11  [DIAG] offline step=3 사다리=0/0 rx=162896 lines=9714 up=3902s
23:46:12  [NET] 3 CIFSR (IP 를 실제로 받았는가)
23:46:12  [AT] "AT+CIFSR" (8)
23:46:12  [AT] "0.0.0.0" (7)
23:46:12  [NET] ★ ESP 가 IP 를 잃었다 — 모듈 리셋으로 본다. 누적 사건 7
23:46:12  [AT] "OK" (2)
23:46:14  [NET] 3 CIFSR (IP 를 실제로 받았는가)
23:46:14  [AT] "AT+CIFSR" (8)
23:46:14  [AT] "192.168.35.79" (13)
23:46:14  [NET] ★ IP 확보: 192.168.35.79
23:46:14  [AT] "OK" (2)
23:46:14  [DIAG] offline step=4 사다리=0/0 rx=162954 lines=9720 up=3905s
23:46:14  [NET] 4 CIPMUX=0
23:46:14  [AT] "AT+CIPMUX=0" (11)
23:46:14  [AT] "OK" (2)
23:46:14  [NET] CIPMUX=0 적용됨 → CIPSTART
23:46:15  [NET] 5 CIPSTART
23:46:15  [AT] "AT+CIPSTART="TCP","192.168.35.21",9991" (38)
23:46:15  [AT] "OK" (2)
23:46:15  [AT] "Linked" (6)
23:46:15  [NET] online (CONNECT) + 캐시 비움
23:46:15  [TX] S,3185,0F,00,3906,P1,47
23:46:15  [SLOT] n=3255 tx=23 ack=0 due=107 r=1
23:46:15  [AT] "AT+CIPSEND=24" (13)
23:46:15  [AT] " S,3185,0F,00,3906,P1,47" (24)
23:46:15  [AT] "SEND OK" (7)
23:46:16  [TX] D,*,7,6,6F
23:46:16  D,A1,IP,01
23:46:16  D,B1,IP,02
23:46:16  D,LD,OG,68
23:46:16  D,LC,OL,64
23:46:16  D,DR,OB,73
23:46:16  D,L2,OL,15
23:46:16  [REG] 등록 전송 76B
23:46:16  [SLOT] n=3256 tx=76 ack=0 due=0 r=1
23:46:16  [AT] "AT+CIPSEND=77" (13)
23:46:16  [AT] " D,*,7,6,6FD,A1,IP,01D,B1,IP,02D,LD,OG,68D,LC,OL,64D,DR,OB,73D,L2,OL,15" (71)
23:46:16  [AT] "SEND OK" (7)
23:46:17  [TX] S,3187,0F,00,3908,P1,4B
23:46:17  [SLOT] n=3257 tx=23 ack=0 due=0 r=1
23:46:17  [AT] "AT+CIPSEND=24" (13)
23:46:17  [AT] " S,3187,0F,00,3908,P1,4B" (24)
23:46:17  [AT] "SEND OK" (7)
23:46:18  «tap» 살아있음 — 최근 60초 rx=8693B (이 줄이 끊기면 탭이 죽은 것이다)
23:46:18  [TX] S,3188,0F,00,3909,P1,45
23:46:18  [SLOT] n=3258 tx=23 ack=0 due=0 r=1
23:46:18  [AT] "AT+CIPSEND=24" (13)
23:46:18  [AT] " S,3188,0F,00,3909,P1,45" (24)
23:46:18  [AT] "SEND OK" (7)
23:46:19  [TX] S,3189,0F,00,3910,P1,4C
23:46:19  [SLOT] n=3259 tx=23 ack=0 due=0 r=1
23:46:19  [AT] "AT+CIPSEND=24" (13)
23:46:20  [AT] " S,3189,0F,00,3910,P1,4C" (24)
23:46:20  [AT] "SEND OK" (7)
23:46:21  [TX] S,3190,0F,00,3912,P1,46
23:46:21  [SLOT] n=3260 tx=23 ack=0 due=0 r=1
23:46:21  [AT] "AT+CIPSEND=24" (13)
23:46:21  [AT] " S,3190,0F,00,3912,P1,46" (24)
23:46:21  [AT] "SEND OK" (7)
23:46:22  [TX] S,3191,0F,00,3913,P1,46
23:46:22  [SLOT] n=3261 tx=23 ack=0 due=0 r=1
23:46:22  [AT] "AT+CIPSEND=24" (13)
23:46:22  [AT] " S,3191,0F,00,3913,P1,46" (24)
23:46:22  [AT] "SEND OK" (7)
23:46:23  [TX] S,3192,0F,00,3914,P1,42
23:46:23  [SLOT] n=3262 tx=23 ack=0 due=0 r=1
23:46:23  [AT] "AT+CIPSEND=24" (13)
23:46:23  [AT] " S,3192,0F,00,3914,P1,42" (24)
23:46:23  [AT] "SEND OK" (7)
23:46:24  [TX] S,3193,0F,00,3915,P1,42
23:46:24  [SLOT] n=3263 tx=23 ack=0 due=0 r=1
23:46:24  [AT] "AT+CIP\xA7END=24" (13)
23:46:24  [AT] " S,3193,0F,00,3915,P1,42" (24)
23:46:24  [AT] "SEND OK" (7)
23:46:25  [TX] S,3194,0F,00,3916,P1,46
23:46:25  [SLOT] n=3264 tx=23 ack=0 due=0 r=1
23:46:25  [AT] "AT+CIPSEND=24" (13)
23:46:25  [AT] " S,3194,0F,00,3916,P1,46" (24)
23:46:25  [AT] "SEND OK" (7)
23:46:27  [TX] S,3195,0F,00,3918,P1,49
23:46:27  [SLOT] n=3265 tx=23 ack=0 due=0 r=1
23:46:27  [AT] "AT+CIPSEND=24" (13)
23:46:27  [AT] " S,3195,0F,00,3918,P1,49" (24)
23:46:27  [AT] "SEND OK" (7)
23:46:28  [TX] S,3196,0F,00,3919,P1,4B
23:46:28  [SLOT] n=3266 tx=23 ack=0 due=0 r=1
23:46:28  [AT] "AT+CIPSEND=24" (13)
23:46:28  [AT] " S,3196,0F,00,3919,P1,4B" (24)
23:46:28  [AT] "SEND OK" (7)
23:46:29  [TX] S,3197,0F,00,3920,P1,40
23:46:29  [SLOT] n=3267 tx=23 ack=0 due=0 r=1
23:46:29  [AT] "AT+CIPSEND=24" (13)
23:46:29  [AT] " S,3197,0F,00,3920,P1,40" (24)
23:46:29  [AT] "SEND OK" (7)
23:46:30  [TX] S,3198,0F,00,3921,P1,4E
23:46:30  [SLOT] n=3268 tx=23 ack=0 due=0 r=1
23:46:30  [AT] "AT+CIPSEND=24" (13)
23:46:30  [AT] " S,3198,0F,00,3921,P1,4E" (24)
23:46:30  [AT] "SEND OK" (7)
23:46:31  [TX] S,3199,0F,00,3922,P1,4C
23:46:31  [SLOT] n=3269 tx=23 ack=0 due=0 r=1
23:46:31  [AT] "AT+CIPSEND=24" (13)
23:46:31  [AT] " S,3199,0F,00,3922,P1,4C" (24)
23:46:31  [AT] "SEND OK" (7)
23:46:33  [TX] S,3200,0F,00,3924,P1,49
23:46:33  [SLOT] n=3270 tx=23 ack=0 due=0 r=1
23:46:33  [AT] "AT+CIPSEND=24" (13)
23:46:33  [AT] " S,3200,0F,00,3924,P1,49" (24)
23:46:33  [AT] "SEND OK" (7)
23:46:34  [TX] S,3201,0F,00,3925,P1,49
23:46:34  [SLOT] n=3271 tx=23 ack=0 due=0 r=1
23:46:34  [AT] "AT+CIPSEND=24" (13)
23:46:34  [AT] " S,3201,0F,00,3925,P1,49" (24)
23:46:34  [AT] "SEND OK" (7)
23:46:35  [TX] S,3202,0F,00,3926,P1,49
23:46:35  [SLOT] n=3272 tx=23 ack=0 due=0 r=1
23:46:35  [AT] "AT+CIPSEND=24" (13)
23:46:35  [AT] " S,3202,0F,00,3926,P1,49" (24)
23:46:35  [AT] "SEND OK" (7)
23:46:36  [TX] S,3203,0F,00,3927,P1,49
23:46:36  [SLOT] n=3273 tx=23 ack=0 due=0 r=1
23:46:36  [AT] "AT+CIPSEND=24" (13)
23:46:36  [AT] " S,3203,0F,00,3927,P1,49" (24)
23:46:36  [AT] "SEND OK" (7)
23:46:37  [TX] S,3204,0F,00,3928,P1,41
23:46:37  [SLOT] n=3274 tx=23 ack=0 due=0 r=1
23:46:37  [AT] "AT+CIPSEND=24" (13)
23:46:37  [AT] " S,3204,0F,00,3928,P1,41" (24)
23:46:37  [AT] "SEND OK" (7)
23:46:38  [TX] S,3205,0F,00,3930,P1,49
23:46:39  [SLOT] n=3275 tx=23 ack=0 due=0 r=1
23:46:39  [AT] "AT+CIPSEND=24" (13)
23:46:39  [AT] " S,3205,0F,00,3930,P1,49" (24)
23:46:39  [AT] "SEND OK" (7)
23:46:40  [AT] "ERROR" (5)
23:46:40  [NET] 송신 오류 응답(로그만, 카운터는 sendLine 이 센다): ERROR
23:46:40  [AT] "Unlink" (6)
23:46:40  [DIAG] offline step=3 사다리=0/0 rx=164164 lines=9790 up=3931s
23:46:40  [NET] 3 CIFSR (IP 를 실제로 받았는가)
23:46:40  [AT] "AT+CIFSR" (8)
23:46:40  [AT] "0.0.0.0" (7)
23:46:40  [NET] ★ ESP 가 IP 를 잃었다 — 모듈 리셋으로 본다. 누적 사건 8
23:46:40  [AT] "OK" (2)
23:46:42  [NET] 3 CIFSR (IP 를 실제로 받았는가)
23:46:42  [AT] "AT+CIFSR" (8)
23:46:42  [AT] "192.168.35.79" (13)
23:46:42  [NET] ★ IP 확보: 192.168.35.79
23:46:42  [AT] "OK" (2)
23:46:43  [DIAG] offline step=4 사다리=0/0 rx=164222 lines=9796 up=3934s
23:46:43  [NET] 4 CIPMUX=0
23:46:43  [AT] "AT+CIPMUX=0" (11)
23:46:43  [AT] "OK" (2)
23:46:43  [NET] CIPMUX=0 적용됨 → CIPSTART
23:46:43  [NET] 5 CIPSTART
23:46:43  [AT] "AT+CIPSTART="TCP","192.168.35.21",9991" (38)
23:46:43  [AT] "OK" (2)
23:46:43  [AT] "Linked" (6)
23:46:43  [NET] online (CONNECT) + 캐시 비움
23:46:43  [TX] S,3206,0F,00,3934,P1,4E
23:46:43  [SLOT] n=3279 tx=23 ack=0 due=0 r=1
23:46:43  [AT] "AT+CIPSEND=24" (13)
23:46:43  [AT] " S,3206,0F,00,3934,P1,4E" (24)
23:46:43  [AT] "SEND OK" (7)
23:46:45  [TX] D,*,7,6,6F
23:46:45  D,A1,IP,01
23:46:45  D,B1,IP,02
23:46:45  D,LD,OG,68
23:46:45  D,LC,OL,64
23:46:45  D,DR,OB,73
23:46:45  D,L2,OL,15
23:46:45  [REG] 등록 전송 76B
23:46:45  [SLOT] n=3280 tx=76 ack=0 due=0 r=1
23:46:45  [AT] "AT+CIPSEND=77" (13)
23:46:45  [AT] " D,*,7,6,6FD,A1,IP,01D,B1,IP,02D,LD,OG,68D,LC,OL,64D,DR,OB,73D,L2,OL,15" (71)
23:46:45  [AT] "SEND OK" (7)
23:46:46  [TX] S,3208,0F,00,3937,P1,43
23:46:46  [SLOT] n=3281 tx=23 ack=0 due=0 r=1
23:46:46  [AT] "AT+CIPSEND=24" (13)
23:46:46  [AT] " S,3208,0F,00,3937,P1,43" (24)
23:46:46  [AT] "SEND OK" (7)
23:46:48  [TX] S,3209,0F,00,3938,P1,4D
23:46:48  [SLOT] n=3282 tx=23 ack=0 due=0 r=1
23:46:48  [AT] "AT+CIPSEND=24" (13)
23:46:48  [AT] " S,3209,0F,00,3938,P1,4D" (24)
23:46:48  [AT] "SEND OK" (7)
23:46:49  [TX] S,3210,0F,00,3939,P1,44
23:46:49  [SLOT] n=3283 tx=23 ack=0 due=0 r=1
23:46:49  [AT] "AT+CIPSEND=24" (13)
23:46:49  [AT] " S,3210,0F,00,3939,P1,44" (24)
23:46:49  [AT] "SEND OK" (7)
23:46:50  [TX] S,3211,0F,00,3940,P1,4B
23:46:50  [SLOT] n=3284 tx=23 ack=0 due=0 r=1
23:46:50  [AT] "AT+CIPSEND=24" (13)
23:46:50  [AT] " S,3211,0F,00,3940,P1,4B" (24)
23:46:50  [AT] "SEND OK" (7)
23:46:51  [TX] S,3212,0F,00,3942,P1,4A
23:46:51  [SLOT] n=3285 tx=23 ack=0 due=0 r=1
23:46:51  [AT] "AT+CIPSEND=24" (13)
23:46:52  [AT] " S,3212,0F,00,3942,P1,4A" (24)
23:46:52  [AT] "SEND OK" (7)
23:46:53  [TX] S,3213,0F,00,3943,P1,4A
23:46:53  [SLOT] n=3286 tx=23 ack=0 due=0 r=1
23:46:53  [AT] "AT+CIPSEND=24" (13)
23:46:53  [AT] " S,3213,0F,00,3943,P1,4A" (24)
23:46:53  [AT] "SEND OK" (7)
23:46:54  [TX] S,3214,0F,00,3944,P1,4A
23:46:54  [SLOT] n=3287 tx=23 ack=0 due=0 r=1
23:46:54  [AT] "AT+CIPSEND=24" (13)
23:46:54  [AT] " S,3214,0F,00,3944,P1,4A" (24)
23:46:54  [AT] "SEND OK" (7)
23:46:55  [TX] S,3215,0F,00,3945,P1,4A
23:46:55  [SLOT] n=3288 tx=23 ack=0 due=0 r=1
23:46:55  [AT] "AT+CIPSEND=24" (13)
23:46:55  [AT] " S,3215,0F,00,3945,P1,4A" (24)
23:46:55  [AT] "SEND OK" (7)
23:46:56  [TX] S,3216,0F,00,3946,P1,4A
23:46:56  [SLOT] n=3289 tx=23 ack=0 due=0 r=1
23:46:56  [AT] "AT+CIPSEND=24" (13)
23:46:56  [AT] " S,3216,0F,00,3946,P1,4A" (24)
23:46:56  [AT] "SEND OK" (7)
23:46:57  [TX] S,3217,0F,00,3948,P1,45
23:46:57  [SLOT] n=3290 tx=23 ack=0 due=0 r=1
23:46:57  [AT] "AT+CIPSEND=24" (13)
23:46:58  [AT] " S,3217,0F,00,3948,P1,45" (24)
23:46:58  [AT] "SEND OK" (7)
23:46:59  [TX] S,3218,0F,00,3949,P1,4B
23:46:59  [SLOT] n=3291 tx=23 ack=0 due=0 r=1
23:46:59  [AT] "AT+CIPSEND=24" (13)
23:46:59  [AT] " S,3218,0F,00,3949,P1,4B" (24)
23:46:59  [AT] "SEND OK" (7)
23:47:00  [TX] S,3219,0F,00,3950,P1,42
23:47:00  [SLOT] n=3292 tx=23 ack=0 due=0 r=1
23:47:00  [AT] "AT+CIPSEND=24" (13)
23:47:00  [AT] " S,3219,0F,00,3950,P1,42" (24)
23:47:00  [AT] "SEND OK" (7)
23:47:01  [TX] S,3220,0F,00,3951,P1,49
23:47:01  [SLOT] n=3293 tx=23 ack=0 due=0 r=1
23:47:01  [AT] "AT+CIPSEND=24" (13)
23:47:01  [AT] " S,3220,0F,00,3951,P1,49" (24)
23:47:01  [AT] "SEND OK" (7)
23:47:02  [TX] S,3221,0F,00,3952,P1,4B
23:47:02  [SLOT] n=3294 tx=23 ack=0 due=0 r=1
23:47:02  [AT] "AT+CIPSEND=24" (13)
23:47:02  [AT] " S,3221,0F,00,3952,P1,4B" (24)
23:47:02  [AT] "SEND OK" (7)
23:47:03  [TX] S,3222,0F,00,3954,P1,4E
23:47:03  [SLOT] n=3295 tx=23 ack=0 due=0 r=1
23:47:03  [AT] "AT+CIPSEND=24" (13)
23:47:04  [AT] " S,3222,0F,00,3954,P1,4E" (24)
23:47:04  [AT] "SEND OK" (7)
23:47:05  [TX] S,3223,0F,00,3955,P1,4E
23:47:05  [SLOT] n=3296 tx=23 ack=0 due=0 r=1
23:47:05  [AT] "AT+CIPSEND=24" (13)
23:47:05  [AT] " S,3223,0F,00,3955,P1,4E" (24)
23:47:05  [AT] "SEND OK" (7)
23:47:06  [TX] S,3224,0F,00,3956,P1,4A
23:47:06  [SLOT] n=3297 tx=23 ack=0 due=0 r=1
23:47:06  [AT] "AT+CIPSEND=24" (13)
23:47:06  [AT] " S,3224,0F,00,3956,P1,4A" (24)
23:47:06  [AT] "SEND OK" (7)
23:47:07  [TX] S,3225,0F,00,3957,P1,4A
23:47:07  [SLOT] n=3298 tx=23 ack=0 due=0 r=1
23:47:07  [AT] "AT+CIPSEND=24" (13)
23:47:07  [AT] " S,3225,0F,00,3957,P1,4A" (24)
23:47:07  [AT] "SEND OK" (7)
23:47:08  [TX] S,3226,0F,00,3958,P1,46
23:47:08  [SLOT] n=3299 tx=23 ack=0 due=0 r=1
23:47:08  [AT] "AT+CIPSEND=24" (13)
23:47:08  [AT] " S,3226,0F,00,3958,P1,46" (24)
23:47:08  [AT] "SEND OK" (7)
23:47:09  [TX] S,3227,0F,00,3960,P1,4C
23:47:09  [SLOT] n=3300 tx=23 ack=0 due=0 r=1
23:47:09  [CNT] up=3960 drop=0 esprst=8 hwrst=0/0 resync=0 sendfail=0 okto=2 stuck=0 ackq=0 ackdrop=0 ackstale=0 slot=3300 oow=1 smiss=7 ssovf=0 cksumng=0 okstream=3226 penddrop=0 pendfill=3228 bigfill=11 bigdrop=0 bigokst=11 oklost=0 bigoklost=0 skip=14 online=1
23:47:09  [RAM] 최저 여유 571 B · 프롬프트 재동기 0회 (서버의 '버린줄' 과 맞아야 한다)
23:47:09  [AT] " S,3227,0F,00X3960,P1,4C" (24)
23:47:09  [AT] "SEND OK" (7)
23:47:09  [AT] "AT+CIPSEND=24" (13)
23:47:11  [TX] S,3228,0F,00,3961,P1,42
23:47:11  [SLOT] n=3301 tx=23 ack=0 due=0 r=1
23:47:11  [AT] "AT+CIPSEND=24" (13)
23:47:11  [AT] " S,3228,0F,00,3961,P1,42" (24)
23:47:11  [AT] "SEND OK" (7)
23:47:12  [TX] S,3229,0F,00,3962,P1,40
23:47:12  [SLOT] n=3302 tx=23 ack=0 due=0 r=1
23:47:12  [AT] "AT+CIPSEND=24" (13)
23:47:12  [AT] " S,3229,0F,00,3962,P1,40" (24)
23:47:12  [AT] "SEND OK" (7)
23:47:13  [TX] S,3230,0F,00,3963,P1,49
23:47:13  [SLOT] n=3303 tx=23 ack=0 due=0 r=1
23:47:13  [AT] "AT+CIPSEND=24" (13)
23:47:13  [AT] " S,3230,0F,00,3963,P1,49" (24)
23:47:13  [AT] "SEND OK" (7)
23:47:14  [TX] S,3231,0F,00,3964,P1,4F
23:47:14  [SLOT] n=3304 tx=23 ack=0 due=0 r=1
23:47:14  [AT] "AT+CIPSEND=24" (13)
23:47:14  [AT] " S,3231,0F,00,3964,P1,4F" (24)
23:47:14  [AT] "SEND OK" (7)
23:47:15  [TX] S,3232,0F,00,3966,P1,4E
23:47:15  [SLOT] n=3305 tx=23 ack=0 due=0 r=1
23:47:15  [AT] "AT+CIPSEND=24" (13)
23:47:15  [AT] " S,3232,0F,00,3966,P1,4E" (24)
23:47:15  [AT] "SEND OK" (7)
23:47:17  [TX] S,3233,0F,00,3967,P1,4E
23:47:17  [SLOT] n=3306 tx=23 ack=0 due=0 r=1
23:47:17  [AT] "AT+CIPSEND=24" (13)
23:47:17  [AT] " S,3233,0F,00,3967,P1,4E" (24)
23:47:17  [AT] "SEND OK" (7)
23:47:18  [TX] S,3234,0F,00,3968,P1,46
23:47:18  [SLOT] n=3307 tx=23 ack=0 due=0 r=1
23:47:18  [AT] "AT+CIPSEND=24" (13)
23:47:18  [AT] " S,3234,0F,00,3968,P1,46" (24)
23:47:18  [AT] "SEND OK" (7)
23:47:19  «tap» 살아있음 — 최근 60초 rx=8455B (이 줄이 끊기면 탭이 죽은 것이다)
23:47:19  [TX] S,3235,0F,00,3969,P1,46
23:47:19  [SLOT] n=3308 tx=23 ack=0 due=0 r=1
23:47:19  [AT] "AT+CIPSEND=24" (13)
23:47:19  [AT] " S,3235,0F,00,3969,P1,46" (24)
23:47:19  [AT] "SEND OK" (7)
23:47:20  [TX] S,3236,0F,00,3970,P1,4D
23:47:20  [SLOT] n=3309 tx=23 ack=0 due=0 r=1
23:47:20  [AT] "AT+CIPSEND=24" (13)
23:47:20  [AT] " S,3236,0F,00,3970,P1,4D" (24)
23:47:20  [AT] "SEND OK" (7)
23:47:21  [TX] S,3237,0F,00,3972,P1,4E
23:47:21  [SLOT] n=3310 tx=23 ack=0 due=0 r=1
23:47:21  [AT] "AT+CIPSEND=24" (13)
23:47:21  [AT] " S,3237,0F,00,3972,P1,4E" (24)
23:47:21  [AT] "SEND OK" (7)
23:47:23  [TX] S,3238,0F,00,3973,P1,40
23:47:23  [SLOT] n=3311 tx=23 ack=0 due=0 r=1
23:47:23  [AT] "AT+CIPSEND=24" (13)
23:47:23  [AT] " S,3238,0F,00,3973,P1,40" (24)
23:47:23  [AT] "SEND OK" (7)
23:47:24  [TX] S,3239,0F,00,3974,P1,46
23:47:24  [SLOT] n=3312 tx=23 ack=0 due=0 r=1
23:47:24  [AT] "AT+CIPSEND=24" (13)
23:47:24  [AT] " S,3239,0F,00,3974,P1,46" (24)
23:47:24  [AT] "SEND OK" (7)
23:47:25  [TX] S,3240,0F,00,3975,P1,49
23:47:25  [SLOT] n=3313 tx=23 ack=0 due=0 r=1
23:47:25  [AT] "AT+CIPSEND=24" (13)
23:47:25  [AT] " S,3240,0F,00,3975,P1,49" (24)
23:47:25  [AT] "SEND OK" (7)
23:47:26  [TX] S,3241,0F,00,3976,P1,4B
23:47:26  [SLOT] n=3314 tx=23 ack=0 due=0 r=1
23:47:26  [AT] "AT+CIPSEND=24" (13)
23:47:26  [AT] " S,3241,0F,00,3976,P1,4B" (24)
23:47:26  [AT] "SEND OK" (7)
23:47:27  [TX] S,3242,0F,00,3978,P1,46
23:47:27  [SLOT] n=3315 tx=23 ack=0 due=0 r=1
23:47:27  [AT] "AT+CIPSEND=24" (13)
23:47:28  [AT] " S,3242,0F,00,3978,P1,46" (24)
23:47:28  [AT] "SEND OK" (7)
23:47:28  [TX] S,3243,0F,00,3979,P1,46
23:47:28  [SLOT] n=3316 tx=23 ack=0 due=0 r=1
23:47:29  [AT] "AT+CIPSEND=24" (13)
23:47:29  [AT] " S,3243,0F,00,3979,P1,46" (24)
23:47:29  [AT] "SEND OK" (7)
23:47:30  [TX] S,3244,0F,00,3980,P1,47
23:47:30  [SLOT] n=3317 tx=23 ack=0 due=0 r=1
23:47:30  [AT] "AT+CIPSEND=24" (13)
23:47:30  [AT] " S,3244,0F,00,3980,P1,47" (24)
23:47:30  [AT] "SEND OK" (7)
23:47:31  [TX] S,3245,0F,00,3981,P1,47
23:47:31  [SLOT] n=3318 tx=23 ack=0 due=0 r=1
23:47:31  [AT] "AT+CIPSEND=24" (13)
23:47:31  [AT] " S,3245,0F,00,3981,P1,47" (24)
23:47:31  [AT] "SEND OK" (7)
23:47:32  [TX] S,3246,0F,00,3982,P1,47
23:47:32  [SLOT] n=3319 tx=23 ack=0 due=0 r=1
23:47:32  [AT] "AT+CIPSEND=24" (13)
23:47:32  [AT] " S,3246,0F,00,3982,P1,47" (24)
23:47:32  [AT] "SEND OK" (7)
23:47:33  [TX] S,3247,0F,00,3984,P1,40
23:47:33  [SLOT] n=3320 tx=23 ack=0 due=0 r=1
23:47:33  [AT] "AT+CIPSEND=24" (13)
23:47:33  [AT] " S,3247,0F,00,3984,P1,40" (24)
23:47:33  [AT] "SEND OK" (7)
23:47:34  [TX] S,3248,0F,00,3985,P1,4E
23:47:34  [SLOT] n=3321 tx=23 ack=0 due=0 r=1
23:47:34  [AT] "AT+CIPSEND=24" (13)
23:47:35  [AT] " S,3248,0F,00,3985,P1,4E" (24)
23:47:35  [AT] "SEND OK" (7)
23:47:36  [TX] S,3249,0F,00,3986,P1,4C
23:47:36  [SLOT] n=3322 tx=23 ack=0 due=0 r=1
23:47:36  [AT] "AT+CIPSEND=24" (13)
23:47:36  [AT] " S,3249,0F,00,3986,P1,4C" (24)
23:47:36  [AT] "SEND OK" (7)
23:47:37  [TX] S,3250,0F,00,3987,P1,45
23:47:37  [SLOT] n=3323 tx=23 ack=0 due=0 r=1
23:47:37  [AT] "AT+CIPSEND=24" (13)
23:47:37  [AT] " S,3250,0F,00,3987,P1,45" (24)
23:47:37  [AT] "SEND OK" (7)
23:47:38  [TX] S,3251,0F,00,3988,P1,4B
23:47:38  [SLOT] n=3324 tx=23 ack=0 due=0 r=1
23:47:38  [AT] "AT+CIPSEND=24" (13)
23:47:39  [TX-WAIT] 앞 전송의 SEND OK 를 아직 못 봤다 — 이번 주기는 건너뛴다
23:47:39  [SLOT] n=3325 tx=23 ack=0 due=0 r=0
23:47:39  [AT] " S,3251,0F,00,3988,P1,4B" (24)
23:47:39  [AT] "SEND OK" (7)
23:47:40  [TX] S,3252,0F,00,3991,P1,40
23:47:40  [SLOT] n=3326 tx=23 ack=0 due=0 r=1
23:47:40  [AT] "AT+CIPSEND=24" (13)
23:47:41  [AT] " S,3252,0F,00,3991,P1,40" (24)
23:47:41  [AT] "SEND OK" (7)
23:47:42  [TX] S,3253,0F,00,3992,P1,42
23:47:42  [SLOT] n=3327 tx=23 ack=0 due=0 r=1
23:47:42  [AT] "AT+CIPSEND=24" (13)
23:47:42  [AT] " S,3253,0F,00,3992,P1,42" (24)
23:47:42  [AT] "SEND OK" (7)
23:47:43  [TX] S,3254,0F,00,3993,P1,44
23:47:43  [SLOT] n=3328 tx=23 ack=0 due=0 r=1
23:47:43  [AT] "AT+CIPSEND=24" (13)
23:47:43  [AT] " S,3254,0F,00,3993,P1,44" (24)
23:47:43  [AT] "SEND OK" (7)
23:47:44  [TX] S,3255,0F,00,3994,P1,42
23:47:44  [SLOT] n=3329 tx=23 ack=0 due=0 r=1
23:47:44  [AT] "AT+CIPSEND=24" (13)
23:47:44  [AT] " S,3255,0F,00,3994,P1,42" (24)
23:47:44  [AT] "SEND OK" (7)
23:47:45  [TX] S,3256,0F,00,3996,P1,43
23:47:45  [SLOT] n=3330 tx=23 ack=0 due=0 r=1
23:47:45  [AT] "AT+CIPSEND=24" (13)
23:47:45  [AT] " S,3256,0F,00,3996,P1,43" (24)
23:47:45  [AT] "SEND OK" (7)
23:47:46  [TX] S,3257,0F,00,3997,P1,43
23:47:46  [SLOT] n=3331 tx=23 ack=0 due=0 r=1
23:47:46  [AT] "AT+CIPSEND=24" (13)
23:47:47  [AT] " S,3257,0F,00,3997,P1,43" (24)
23:47:47  [AT] "SEND OK" (7)
23:47:48  [TX] S,3258,0F,00,3998,P1,43
23:47:48  [SLOT] n=3332 tx=23 ack=0 due=0 r=1
23:47:48  [AT] "AT+CIPSEND=24" (13)
23:47:48  [AT] " S,3258,0F,00,3998,P1,43" (24)
23:47:48  [AT] "SEND OK" (7)
23:47:49  [TX] S,3259,0F,00,3999,P1,43
23:47:49  [SLOT] n=3333 tx=23 ack=0 due=0 r=1
23:47:49  [AT] "AT+CIPSEND=24" (13)
23:47:49  [AT] " S,3259,0F,00,3999,P1,43" (24)
23:47:49  [AT] "SEND OK" (7)
23:47:50  [TX] S,3260,0F,00,4000,P1,47
23:47:50  [SLOT] n=3334 tx=23 ack=0 due=0 r=1
23:47:50  [AT] "AT+CIPSEND=24" (13)
23:47:50  [AT] " S,3260,0F,00,4000,P1,47" (24)
23:47:50  [AT] "SEND OK" (7)
23:47:51  [TX] S,3261,0F,00,4002,P1,44
23:47:51  [SLOT] n=3335 tx=23 ack=0 due=0 r=1
23:47:51  [AT] "AT+CIPSEND=24" (13)
23:47:51  [AT] " S,3261,0F,00,4002,P1,44" (24)
23:47:51  [AT] "SEND OK" (7)
23:47:52  [TX] S,3262,0F,00,4003,P1,46
23:47:52  [SLOT] n=3336 tx=23 ack=0 due=0 r=1
23:47:52  [AT] "AT+CIPSEND=24" (13)
23:47:53  [AT] " S,3262,0F,00,4003,P1,46" (24)
23:47:53  [AT] "SEND OK" (7)
23:47:54  [TX] S,3263,0F,00,4004,P1,40
23:47:54  [SLOT] n=3337 tx=23 ack=0 due=0 r=1
23:47:54  [AT] "AT+CIPSEND=24" (13)
23:47:54  [AT] " S,3263,0F,00,4004,P1,40" (24)
23:47:54  [AT] "SEND OK" (7)
23:47:55  [TX] S,3264,0F,00,4005,P1,46
23:47:55  [SLOT] n=3338 tx=23 ack=0 due=0 r=1
23:47:55  [AT] "AT+CIPSEND=24" (13)
23:47:55  [AT] " S,3264,0F,00,4005,P1,46" (24)
23:47:55  [AT] "SEND OK" (7)
23:47:56  [TX] S,3265,0F,00,4006,P1,44
23:47:56  [SLOT] n=3339 tx=23 ack=0 due=0 r=1
23:47:56  [AT] "AT+CIPSEND=24" (13)
23:47:56  [AT] " S,3265,0F,00,4006,P1,44" (24)
23:47:56  [AT] "SEND OK" (7)
23:47:57  [TX] S,3266,0F,00,4008,P1,49
23:47:57  [SLOT] n=3340 tx=23 ack=0 due=0 r=1
23:47:57  [AT] "AT+CIPSEND=24" (13)
23:47:57  [AT] " S,3266,0F,00,4008,P1,49" (24)
23:47:57  [AT] "SEND OK" (7)
23:47:58  [TX] S,3267,0F,00,4009,P1,49
23:47:58  [SLOT] n=3341 tx=23 ack=0 due=0 r=1
23:47:58  [AT] "AT+CIPSEND=24" (13)
23:47:58  [AT] " S,3267,0F,00,4009,P1,49" (24)
23:47:58  [AT] "SEND OK" (7)
23:48:00  [TX] S,3268,0F,00,4010,P1,4E
23:48:00  [SLOT] n=3342 tx=23 ack=0 due=0 r=1
23:48:00  [AT] "AT+CIPSEND=24" (13)
23:48:00  [AT] " S,3268,0F,00,4010,P1,4E" (24)
23:48:00  [AT] "SEND OK" (7)
23:48:01  [TX] S,3269,0F,00,4011,P1,4E
23:48:01  [SLOT] n=3343 tx=23 ack=0 due=0 r=1
23:48:01  [AT] "AT+CIPSEND=24" (13)
23:48:01  [AT] " S,3269,0F,00,4011,P1,4E" (24)
23:48:01  [AT] "SEND OK" (7)
23:48:02  [TX] S,3270,0F,00,4012,P1,45
23:48:02  [SLOT] n=3344 tx=23 ack=0 due=0 r=1
23:48:02  [AT] "AT+CIPSEND=24" (13)
23:48:02  [AT] " S,3270,0F,00,4012,P1,45" (24)
23:48:02  [AT] "SEND OK" (7)
23:48:03  [TX] S,3271,0F,00,4014,P1,42
23:48:03  [SLOT] n=3345 tx=23 ack=0 due=0 r=1
23:48:03  [AT] "AT+CIPSEND=24" (13)
23:48:03  [AT] " S,3271,0F,00,4014,P1,42" (24)
23:48:03  [AT] "SEND OK" (7)
23:48:04  [TX] S,3272,0F,00,4015,P1,40
23:48:04  [SLOT] n=3346 tx=23 ack=0 due=0 r=1
23:48:04  [AT] "AT+CIPSEND=24" (13)
23:48:04  [AT] " S,3272,0F,00,4015,P1,40" (24)
23:48:04  [AT] "SEND OK" (7)
23:48:06  [TX] S,3273,0F,00,4016,P1,42
23:48:06  [SLOT] n=3347 tx=23 ack=0 due=0 r=1
23:48:06  [AT] "AT+CIPSEND=2h\x19" (14)
23:48:06  [AT] " S,3273,0F,00,4016,P1,42" (24)
23:48:06  [AT] "SEND OK" (7)
23:48:07  [TX] S,3274,0F,00,4017,P1,44
23:48:07  [SLOT] n=3348 tx=23 ack=0 due=0 r=1
23:48:07  [AT] "AT+CIPSEND=24" (13)
23:48:07  [AT] " S,3274,0F,00,4017,P1,44" (24)
23:48:07  [AT] "SEND OK" (7)
23:48:08  [TX] S,3275,0F,00,4018,P1,4A
23:48:08  [SLOT] n=3349 tx=23 ack=0 due=0 r=1
23:48:08  [AT] "AT+CIPSEND=24" (13)
23:48:08  [AT] " S,3275,0F,00,4018,P1,4A" (24)
23:48:08  [AT] "SEND OK" (7)
23:48:09  [TX] S,3276,0F,00,4020,P1,42
23:48:09  [SLOT] n=3350 tx=23 ack=0 due=0 r=1
23:48:09  [CNT] up=4020 drop=0 esprst=8 hwrst=0/0 resync=0 sendfail=0 okto=2 stuck=0 ackq=0 ackdrop=0 ackstale=0 slot=3350 oow=1 smiss=7 ssovf=0 cksumng=0 okstream=3275 penddrop=0 pendfill=3277 bigfill=11 bigdrop=0 bigokst=11 oklost=0 bigoklost=0 skip=15 online=1
23:48:09  [RAM] 최저 여유 571 B · 프롬프트 재동기 0회 (서버의 '버린줄' 과 맞아야 한다)
23:48:09  [AT] "AT+CIPSEND=24" (13)
23:48:09  [AT] " S,3276,0F,00,4020,P1,42" (24)
23:48:09  [AT] "SEND OK" (7)
23:48:10  [TX] S,3277,0F,00,4021,P1,42
23:48:10  [SLOT] n=3351 tx=23 ack=0 due=0 r=1
23:48:10  [AT] "AT+CIPSEND=24" (13)
23:48:10  [AT] " S,3277,0F,00,4021,P1,42" (24)
23:48:10  [AT] "SEND OK" (7)
23:48:11  [TX] S,3278,0F,00,4022,P1,4E
23:48:11  [SLOT] n=3352 tx=23 ack=0 due=0 r=1
23:48:11  [AT] "AT+CIPSEND=24" (13)
23:48:12  [AT] " S,3278,0F,00,4022,P1,4E" (24)
23:48:12  [AT] "SEND OK" (7)
23:48:13  [TX] S,3279,0F,00,4023,P1,4E
23:48:13  [SLOT] n=3353 tx=23 ack=0 due=0 r=1
23:48:13  [AT] "AT+CIPSEND=24" (13)
23:48:13  [AT] " S,3279,0F,00,4023,P1,4E" (24)
23:48:13  [AT] "SEND OK" (7)
23:48:14  [TX] S,3280,0F,00,4024,P1,4F
23:48:14  [SLOT] n=3354 tx=23 ack=0 due=0 r=1
23:48:14  [AT] "AT+CIPSEND=24" (13)
23:48:14  [AT] " S,3280,0F,00,4024,P1,4F" (24)
23:48:14  [AT] "SEND OK" (7)
23:48:15  [TX] S,3281,0F,00,4026,P1,4C
23:48:15  [SLOT] n=3355 tx=23 ack=0 due=0 r=1
23:48:15  [AT] "AT+CIPSEND=24" (13)
23:48:16  [AT] " S,3281,0F,00,4026,P1,4C" (24)
23:48:16  [AT] "SEND OK" (7)
23:48:16  [TX] S,3282,0F,00,4027,P1,4E
23:48:16  [SLOT] n=3356 tx=23 ack=0 due=0 r=1
23:48:16  [AT] "AT+CIPSEND=24" (13)
23:48:17  [AT] " S,3282,0F,00,4027,P1,4E" (24)
23:48:17  [AT] "SEND OK" (7)
23:48:17  [TX] S,3283,0F,00,4028,P1,40
23:48:17  [SLOT] n=3357 tx=23 ack=0 due=0 r=1
23:48:17  [AT] "AT+CIPSEND=24" (13)
23:48:17  [AT] " S,3283,0F,00,4028,P1,40" (24)
23:48:17  [AT] "SEND OK" (7)
23:48:19  «tap» 살아있음 — 최근 60초 rx=7936B (이 줄이 끊기면 탭이 죽은 것이다)
23:48:19  [TX] S,3284,0F,00,4029,P1,46
23:48:19  [SLOT] n=3358 tx=23 ack=0 due=0 r=1
23:48:19  [AT] "AT+CIPSEND=24" (13)
23:48:19  [AT] " S,3284,0F,00,4029,P1,46" (24)
23:48:19  [AT] "SEND OK" (7)
23:48:20  [TX] S,3285,0F,00,4030,P1,4F
23:48:20  [SLOT] n=3359 tx=23 ack=0 due=0 r=1
23:48:20  [AT] "AT+CIPSEND=24" (13)
23:48:20  [AT] " S,3285,0F,00,4030,P1,4F" (24)
23:48:20  [AT] "SEND OK" (7)
23:48:21  [TX] S,3286,0F,00,4032,P1,4E
23:48:21  [SLOT] n=3360 tx=23 ack=0 due=0 r=1
23:48:21  [AT] "AT+CIPSEND=24" (13)
23:48:21  [AT] " S,3286,0F,00,4032,P1,4E" (24)
23:48:21  [AT] "SEND OK" (7)
23:48:22  [TX] S,3287,0F,00,4033,P1,4E
23:48:22  [SLOT] n=3361 tx=23 ack=0 due=0 r=1
23:48:22  [AT] "AT+CIPSEND=24" (13)
23:48:22  [AT] " S,3287,0F,00,4033,P1,4E" (24)
23:48:22  [AT] "SEND OK" (7)
23:48:23  [TX] S,3288,0F,00,4034,P1,46
23:48:23  [SLOT] n=3362 tx=23 ack=0 due=0 r=1
23:48:23  [AT] "AT+CIPSEND=24" (13)
23:48:24  [AT] " S,3288,0F,00,4034,P1,46" (24)
23:48:24  [AT] "SEND OK" (7)
23:48:25  [TX] S,3289,0F,00,4035,P1,46
23:48:25  [SLOT] n=3363 tx=23 ack=0 due=0 r=1
23:48:25  [AT] "AT+CIPSEND=24" (13)
23:48:25  [AT] " S,3289,0F,00,4035,P1,46" (24)
23:48:25  [AT] "SEND OK" (7)
23:48:26  [TX] S,3290,0F,00,4036,P1,4D
23:48:26  [SLOT] n=3364 tx=23 ack=0 due=0 r=1
23:48:26  [AT] "AT+CIPSEND=24" (13)
23:48:26  [AT] " S,3290,0F,00,4036,P1,4D" (24)
23:48:26  [AT] "SEND OK" (7)
23:48:27  [TX] S,3291,0F,00,4038,P1,42
23:48:27  [SLOT] n=3365 tx=23 ack=0 due=0 r=1
23:48:27  [AT] "AT+CIPSEND=24" (13)
23:48:27  [AT] " S,3291,0F,00,4038,P1,42" (24)
23:48:27  [AT] "SEND OK" (7)
23:48:28  [TX] S,3292,0F,00,4039,P1,40
23:48:28  [SLOT] n=3366 tx=23 ack=0 due=0 r=1
23:48:28  [AT] "AT+CIPSEND=24" (13)
23:48:28  [AT] " S,3292,0F,00,4039,P1,40" (24)
23:48:28  [AT] "SEND OK" (7)
23:48:29  [TX] S,3293,0F,00,4040,P1,4F
23:48:29  [SLOT] n=3367 tx=23 ack=0 due=0 r=1
23:48:29  [AT] "AT+CIPSEND=24" (13)
23:48:30  [AT] " S,3293,0F,00,4040,P1,4F" (24)
23:48:30  [AT] "SEND OK" (7)
23:48:31  [TX] S,3294,0F,00,4041,P1,49
23:48:31  [SLOT] n=3368 tx=23 ack=0 due=0 r=1
23:48:31  [AT] "AT+CIPSEND=24" (13)
23:48:31  [AT] " S,3294,0F,00,4041,P1,49" (24)
23:48:31  [AT] "SEND OK" (7)
23:48:32  [TX] S,3295,0F,00,4042,P1,4B
23:48:32  [SLOT] n=3369 tx=23 ack=0 due=0 r=1
23:48:32  [AT] "AT+CIPSEND=24" (13)
23:48:32  [AT] " S,3295,0F,00,4042,P1,4B" (24)
23:48:32  [AT] "SEND OK" (7)
23:48:33  [TX] S,3296,0F,00,4044,P1,4E
23:48:33  [SLOT] n=3370 tx=23 ack=0 due=0 r=1
23:48:33  [AT] "AT+CIPSEND=24" (13)
23:48:33  [AT] " S,3296,0F,00,4044,P1,4E" (24)
23:48:33  [AT] "SEND OK" (7)
23:48:34  [TX] S,3297,0F,00,4045,P1,4E
23:48:34  [SLOT] n=3371 tx=23 ack=0 due=0 r=1
23:48:34  [AT] "AT+CIPSEND=24" (13)
23:48:34  [AT] " S,3297,0F,00,4045,P1,4E" (24)
23:48:34  [AT] "SEND OK" (7)
23:48:35  [TX] S,3298,0F,00,4046,P1,42
23:48:35  [SLOT] n=3372 tx=23 ack=0 due=0 r=1
23:48:35  [AT] "AT+CIPSEND=24" (13)
23:48:36  [AT] " S,3298,0F,00,4046,P1,42" (24)
23:48:36  [AT] "SEND OK" (7)
23:48:37  [TX] S,3299,0F,00,4047,P1,42
23:48:37  [SLOT] n=3373 tx=23 ack=0 due=0 r=1
23:48:37  [AT] "AT+CIPSEND=24" (13)
23:48:37  [AT] " S,3299,0F,00,4047,P1,42" (24)
23:48:37  [AT] "SEND OK" (7)
23:48:38  [TX] S,3300,0F,00,4048,P1,4C
23:48:38  [SLOT] n=3374 tx=23 ack=0 due=0 r=1
23:48:38  [AT] "AT+CIPSEND=24" (13)
23:48:38  [AT] " S,3300,0F,00,4048,P1,4C" (24)
23:48:38  [AT] "SEND OK" (7)
23:48:39  [TX] S,3301,0F,00,4050,P1,44
23:48:39  [SLOT] n=3375 tx=23 ack=0 due=0 r=1
23:48:39  [AT] "AT+CIPSEND=24" (13)
23:48:39  [AT] " S,3301,0F,00,4050,P1,44" (24)
23:48:39  [AT] "SEND OK" (7)
23:48:40  [TX] S,3302,0F,00,4051,P1,46
23:48:40  [SLOT] n=3376 tx=23 ack=0 due=0 r=1
23:48:40  [AT] "AT+CIPSEND=24" (13)
23:48:40  [AT] " S,3302,0F,00,4051,P1,46" (24)
23:48:40  [AT] "SEND OK" (7)
23:48:41  [TX] S,3303,0F,00,4052,P1,44
23:48:41  [SLOT] n=3377 tx=23 ack=0 due=0 r=1
23:48:41  [AT] "AT+CIPSEND=24" (13)
23:48:41  [AT] " S,3303,0F,00,4052,P1,44" (24)
23:48:41  [AT] "SEND OK" (7)
23:48:43  [TX] S,3304,0F,00,4053,P1,42
23:48:43  [SLOT] n=3378 tx=23 ack=0 due=0 r=1
23:48:43  [AT] "AT+CIPSEND=24" (13)
23:48:43  [AT] " S,3304,0F,00,4053,P1,42" (24)
23:48:43  [AT] "SEND OK" (7)
23:48:44  [TX] S,3305,0F,00,4054,P1,44
23:48:44  [SLOT] n=3379 tx=23 ack=0 due=0 r=1
23:48:44  [AT] "AT+CIPSEND=24" (13)
23:48:44  [AT] " S,3305,0F,00,4054,P1,44" (24)
23:48:44  [AT] "SEND OK" (7)
23:48:45  [TX] S,3306,0F,00,4056,P1,45
23:48:45  [SLOT] n=3380 tx=23 ack=0 due=0 r=1
23:48:45  [AT] "AT+CIPSEND=24" (13)
23:48:45  [AT] " S,3306,0F,00,4056,P1,45" (24)
23:48:45  [AT] "SEND OK" (7)
23:48:46  [TX] S,3307,0F,00,4057,P1,45
23:48:46  [SLOT] n=3381 tx=23 ack=0 due=0 r=1
23:48:46  [AT] "AT+CIPSEND=24" (13)
23:48:46  [AT] " S,3307,0F,00,4057,P1,45" (24)
23:48:46  [AT] "SEND OK" (7)
23:48:47  [TX] S,3308,0F,00,4058,P1,45
23:48:47  [SLOT] n=3382 tx=23 ack=0 due=0 r=1
23:48:47  [AT] "AT+CIPSEND=24" (13)
23:48:47  [AT] " S,3308,0F,00,4058,P1,45" (24)
23:48:47  [AT] "SEND OK" (7)
23:48:49  [TX] S,3309,0F,00,4059,P1,45
23:48:49  [SLOT] n=3383 tx=23 ack=0 due=0 r=1
23:48:49  [AT] "AT+CIPSEND=24" (13)
23:48:49  [AT] " S,3309,0F,00,4059,P1,45" (24)
23:48:49  [AT] "SEND OK" (7)
23:48:50  [TX] S,3310,0F,00,4060,P1,47
23:48:50  [SLOT] n=3384 tx=23 ack=0 due=0 r=1
23:48:50  [AT] "AT+CIPSEND=24" (13)
23:48:50  [AT] " S,3310,0F,00,4060,P1,47" (24)
23:48:50  [AT] "SEND OK" (7)
23:48:51  [TX] S,3311,0F,00,4062,P1,44
23:48:51  [SLOT] n=3385 tx=23 ack=0 due=0 r=1
23:48:51  [AT] "AT+CIPSEND=24" (13)
23:48:51  [AT] " S,3311,0F,00,4062,P1,44" (24)
23:48:51  [AT] "SEND OK" (7)
23:48:52  [TX] S,3312,0F,00,4063,P1,46
23:48:52  [SLOT] n=3386 tx=23 ack=0 due=0 r=1
23:48:52  [AT] "AT+CIPSEND=24" (13)
23:48:52  [AT] " S,3312,0F,00,4063,P1,46" (24)
23:48:52  [AT] "SEND OK" (7)
23:48:53  [TX] S,3313,0F,00,4064,P1,40
23:48:53  [SLOT] n=3387 tx=23 ack=0 due=0 r=1
23:48:53  [AT] "AT+CIPSEND=24" (13)
23:48:54  [AT] " S,3313,0F,00,4064,P1,40" (24)
23:48:54  [AT] "SEND OK" (7)
23:48:55  [TX] S,3314,0F,00,4065,P1,46
23:48:55  [SLOT] n=3388 tx=23 ack=0 due=0 r=1
23:48:55  [AT] "AT+CIPSEND=24" (13)
23:48:55  [AT] " S,3314,0F,00,4065,P1,46" (24)
23:48:55  [AT] "SEND OK" (7)
23:48:56  [TX] S,3315,0F,00,4066,P1,44
23:48:56  [SLOT] n=3389 tx=23 ack=0 due=0 r=1
23:48:56  [AT] "AT+CIPSEND=24" (13)
23:48:56  [AT] " S,3315,0F,00,4066,P1,44" (24)
23:48:56  [AT] "SEND OK" (7)
23:48:57  [TX] S,3316,0F,00,4068,P1,49
23:48:57  [SLOT] n=3390 tx=23 ack=0 due=0 r=1
23:48:57  [AT] "AT+CIPSEND=24" (13)
23:48:57  [AT] " S,3316,0F,00,4068,P1,49" (24)
23:48:57  [AT] "SEND OK" (7)
23:48:58  [TX] S,3317,0F,00,4069,P1,49
23:48:58  [SLOT] n=3391 tx=23 ack=0 due=0 r=1
23:48:58  [AT] "AT+CIPSEND=24" (13)
23:48:58  [AT] " S,3317,0F,00,4069,P1,49" (24)
23:48:58  [AT] "SEND OK" (7)
23:48:59  [TX] S,3318,0F,00,4070,P1,4E
23:48:59  [SLOT] n=3392 tx=23 ack=0 due=0 r=1
23:48:59  [AT] "AT+CIPSEND=24" (13)
23:48:59  [AT] " S,3318,0F,00,4070,P1,4E" (24)
23:48:59  [AT] "SEND OK" (7)
23:49:00  [TX] S,3319,0F,00,4071,P1,4E
23:49:00  [SLOT] n=3393 tx=23 ack=0 due=0 r=1
23:49:00  [AT] "AT+CIPSEND=24" (13)
23:49:01  [AT] " S,3319,0F,00,4071,P1,4E" (24)
23:49:01  [AT] "SEND OK" (7)
23:49:02  [TX] S,3320,0F,00,4072,P1,47
23:49:02  [SLOT] n=3394 tx=23 ack=0 due=0 r=1
23:49:02  [AT] "AT+CIPSEND=24" (13)
23:49:02  [AT] " S,3320,0F,00,4072,P1,47" (24)
23:49:02  [AT] "SEND OK" (7)
23:49:03  [TX] S,3321,0F,00,4074,P1,40
23:49:03  [SLOT] n=3395 tx=23 ack=0 due=0 r=1
23:49:03  [AT] "AT+CIPSEND=24" (13)
23:49:03  [AT] " S,3321,0F,00,4074,P1,40" (24)
23:49:03  [AT] "SEND OK" (7)
23:49:04  [TX] S,3322,0F,00,4075,P1,42
23:49:04  [SLOT] n=3396 tx=23 ack=0 due=0 r=1
23:49:04  [AT] "AT+CIPSEND=24" (13)
23:49:04  [AT] " S,3322,0F,00,4075,P1,42" (24)
23:49:04  [AT] "SEND OK" (7)
23:49:05  [TX] S,3323,0F,00,4076,P1,40
23:49:05  [SLOT] n=3397 tx=23 ack=0 due=0 r=1
23:49:05  [AT] "AT+CIPSEND=24" (13)
23:49:05  [AT] " S,3323,0F,00,4076,P1,40" (24)
23:49:05  [AT] "SEND OK" (7)
23:49:07  [TX] S,3324,0F,00,4077,P1,46
23:49:07  [SLOT] n=3398 tx=23 ack=0 due=0 r=1
23:49:07  [AT] "AT+CIPSEND=24" (13)
23:49:08  [AT] " S,3324,0F,00,4077,P1,46" (24)
23:49:08  [AT] "SEND OK" (7)
23:49:09  [TX] S,3325,0F,00,4078,P1,48
23:49:09  [SLOT] n=3399 tx=23 ack=0 due=0 r=1
23:49:09  [AT] "AT+CIPSEND=24" (13)
23:49:09  [AT] " S,3325,0F,00,4078,P1,48" (24)
23:49:09  [AT] "SEND OK" (7)
23:49:10  [TX] S,3326,0F,00,4080,P1,4C
23:49:10  [SLOT] n=3400 tx=23 ack=0 due=0 r=1
23:49:10  [CNT] up=4080 drop=0 esprst=8 hwrst=0/0 resync=0 sendfail=0 okto=2 stuck=0 ackq=0 ackdrop=0 ackstale=0 slot=3400 oow=1 smiss=7 ssovf=0 cksumng=0 okstream=3325 penddrop=0 pendfill=3327 bigfill=11 bigdrop=0 bigokst=11 oklost=0 bigoklost=0 skip=15 online=1
23:49:10  [RAM] 최저 여유 571 B · 프롬프트 재동기 0회 (서버의 '버린줄' 과 맞아야 한다)
23:49:10  [AT] "AT+CIPSEND=24" (13)
23:49:10  [AT] " S,3326,0F,00,4080,P1,4C" (24)
23:49:10  [AT] "SEND OK" (7)
23:49:11  [TX] S,3327,0F,00,4081,P1,4C
23:49:11  [SLOT] n=3401 tx=23 ack=0 due=0 r=1
23:49:11  [AT] "AT+CIPSEND=24" (13)
23:49:11  [AT] " S,3327,0F,00,4081,P1,4C" (24)
23:49:11  [AT] "SEND OK" (7)
23:49:12  [TX] S,3328,0F,00,4082,P1,40
23:49:12  [SLOT] n=3402 tx=23 ack=0 due=0 r=1
23:49:12  [AT] "AT+CIPSEND=24" (13)
23:49:12  [AT] " S,3328,0F,00,4082,P1,40" (24)
23:49:12  [AT] "SEND OK" (7)
23:49:13  [TX] S,3329,0F,00,4083,P1,40
23:49:13  [SLOT] n=3403 tx=23 ack=0 due=0 r=1
23:49:13  [AT] "AT+CIPSEND=24" (13)
23:49:14  [AT] " S,3329,0F,00,4083,P1,40" (24)
23:49:14  [AT] "SEND OK" (7)
23:49:15  [TX] S,3330,0F,00,4084,P1,4F
23:49:15  [SLOT] n=3404 tx=23 ack=0 due=0 r=1
23:49:15  [AT] "AT+CIPSEND=24" (13)
23:49:15  [AT] " S,3330,0F,00,4084,P1,4F" (24)
23:49:15  [AT] "SEND OK" (7)
23:49:16  [TX] S,3331,0F,00,4086,P1,4C
23:49:16  [SLOT] n=3405 tx=23 ack=0 due=0 r=1
23:49:16  [AT] "AT+CIPSEND=24" (13)
23:49:16  [AT] " S,3331,0F,00,4086,P1,4C" (24)
23:49:16  [AT] "SEND OK" (7)
23:49:17  [TX] S,3332,0F,00,4087,P1,4E
23:49:17  [SLOT] n=3406 tx=23 ack=0 due=0 r=1
23:49:17  [AT] "AT+CIPSEND=24" (13)
23:49:17  [AT] " S,3332,0F,00,4087,P1,4E" (24)
23:49:17  [AT] "SEND OK" (7)
23:49:18  [TX] S,3333,0F,00,4088,P1,40
23:49:18  [SLOT] n=3407 tx=23 ack=0 due=0 r=1
23:49:18  [AT] "AT+CIPSEND=24" (13)
23:49:18  [AT] " S,3333,0F,00,4088,P1,40" (24)
23:49:18  [AT] "SEND OK" (7)
23:49:19  [TX] S,3334,0F,00,4089,P1,46
23:49:19  [SLOT] n=3408 tx=23 ack=0 due=0 r=1
23:49:19  [AT] "AT+CIPSEND=24" (13)
23:49:20  «tap» 살아있음 — 최근 60초 rx=8052B (이 줄이 끊기면 탭이 죽은 것이다)
23:49:20  [AT] " S,3334,0F,00,4089,P1,46" (24)
23:49:20  [AT] "SEND OK" (7)
23:49:21  [TX] S,3335,0F,00,4090,P1,4F
23:49:21  [SLOT] n=3409 tx=23 ack=0 due=0 r=1
23:49:21  [AT] "AT+CIPSEND=24" (13)
23:49:21  [AT] " S,3335,0F,00,4090,P1,4F" (24)
23:49:21  [AT] "SEND OK" (7)
23:49:22  [TX] S,3336,0F,00,4092,P1,4E
23:49:22  [SLOT] n=3410 tx=23 ack=0 due=0 r=1
23:49:22  [AT] "AT+CIPSEND=24" (13)
23:49:22  [AT] " S,3336,0F,00,4092,P1,4E" (24)
23:49:22  [AT] "SEND OK" (7)
23:49:23  [TX] S,3337,0F,00,4093,P1,4E
23:49:23  [SLOT] n=3411 tx=23 ack=0 due=0 r=1
23:49:23  [AT] "AT+CIPSEND=24" (13)
23:49:23  [AT] " S,3337,0F,00,4093,P1,4E" (24)
23:49:23  [AT] "SEND OK" (7)
23:49:24  [TX] S,3338,0F,00,4094,P1,46
23:49:24  [SLOT] n=3412 tx=23 ack=0 due=0 r=1
23:49:24  [AT] "AT+CIPSEND=24" (13)
23:49:24  [AT] " S,3338,0F,00,4094,P1,46" (24)
23:49:24  [AT] "SEND OK" (7)
23:49:25  [TX] S,3339,0F,00,4095,P1,46
23:49:25  [SLOT] n=3413 tx=23 ack=0 due=0 r=1
23:49:25  [AT] "AT+CIPSEND=24" (13)
23:49:25  [AT] " S,3339,0F,00,4095,P1,46" (24)
23:49:25  [AT] "SEND OK" (7)
23:49:27  [TX] S,3340,0F,00,4096,P1,4B
23:49:27  [SLOT] n=3414 tx=23 ack=0 due=0 r=1
23:49:27  [AT] "AT+CIPSEND=24" (13)
23:49:27  [AT] " S,3340,0F,00,4096,P1,4B" (24)
23:49:27  [AT] "SEND OK" (7)
23:49:28  [TX] S,3341,0F,00,4098,P1,44
23:49:28  [SLOT] n=3415 tx=23 ack=0 due=0 r=1
23:49:28  [AT] "AT+CIPSEND=24" (13)
23:49:28  [AT] " S,3341,0F,00,4098,P1,44" (24)
23:49:28  [AT] "SEND OK" (7)
23:49:29  [TX] S,3342,0F,00,4099,P1,46
23:49:29  [SLOT] n=3416 tx=23 ack=0 due=0 r=1
23:49:29  [AT] "AT+CIPSEND=24" (13)
23:49:29  [AT] " S,3342,0F,00,4099,P1,46" (24)
23:49:29  [AT] "SEND OK" (7)
23:49:30  [TX] S,3343,0F,00,4100,P1,46
23:49:30  [SLOT] n=3417 tx=23 ack=0 due=0 r=1
23:49:30  [AT] "AT+CIPSEND=24" (13)
23:49:30  [AT] " S,3343,0F,00,4100,P1,46" (24)
23:49:30  [AT] "SEND OK" (7)
23:49:31  [TX] S,3344,0F,00,4101,P1,40
23:49:31  [SLOT] n=3418 tx=23 ack=0 due=0 r=1
23:49:31  [AT] "AT+CIPSEND=24" (13)
23:49:31  [AT] " S,3344,0F,00,4101,P1,40" (24)
23:49:31  [AT] "SEND OK" (7)
23:49:33  [TX] S,3345,0F,00,4102,P1,42
23:49:33  [SLOT] n=3419 tx=23 ack=0 due=0 r=1
23:49:33  [AT] "AT+CIPSEND=24" (13)
23:49:33  [AT] " S,3345,0F,00,4102,P1,42" (24)
23:49:33  [AT] "SEND OK" (7)
23:49:34  [TX] S,3346,0F,00,4104,P1,47
23:49:34  [SLOT] n=3420 tx=23 ack=0 due=0 r=1
23:49:34  [AT] "AT+CIPSEND=24" (13)
23:49:34  [AT] " S,3346,0F,00,4104,P1,47" (24)
23:49:34  [AT] "SEND OK" (7)
23:49:35  [TX] S,3347,0F,00,4105,P1,47
23:49:35  [SLOT] n=3421 tx=23 ack=0 due=0 r=1
23:49:35  [AT] "AT+CIPSEND=24" (13)
23:49:35  [AT] " S,3347,0F,00,4105,P1,47" (24)
23:49:35  [AT] "SEND OK" (7)
23:49:36  [TX] S,3348,0F,00,4106,P1,4B
23:49:36  [SLOT] n=3422 tx=23 ack=0 due=0 r=1
23:49:36  [AT] "AT+CIPSEND=24" (13)
23:49:36  [AT] " S,3348,0F,00,4106,P1,4B" (24)
23:49:36  [AT] "SEND OK" (7)
23:49:37  [TX] S,3349,0F,00,4107,P1,4B
23:49:37  [SLOT] n=3423 tx=23 ack=0 due=0 r=1
23:49:37  [AT] "AT+CIPSEND=24" (13)
23:49:37  [AT] " SX3349,0F,00,4107,P1,4B" (24)
23:49:37  [AT] "SEND OK" (7)
23:49:38  [TX] S,3350,0F,00,4108,P1,4C
23:49:39  [SLOT] n=3424 tx=23 ack=0 due=0 r=1
23:49:39  [AT] "AT+CIPSEND=24" (13)
23:49:39  [AT] " S,3350,0F,00,4108,P1,4C" (24)
23:49:39  [AT] "SEND OK" (7)
23:49:40  [TX] S,3351,0F,00,4110,P1,44
23:49:40  [SLOT] n=3425 tx=23 ack=0 due=0 r=1
23:49:40  [AT] "AT+CIPSEND=24" (13)
23:49:40  [AT] " S,3351,0F,00,4110,P1,44" (24)
23:49:40  [AT] "SEND OK" (7)
23:49:41  [TX] S,3352,0F,00,4111,P1,46
23:49:41  [SLOT] n=3426 tx=23 ack=0 due=0 r=1
23:49:41  [AT] "AT+CIPSEND=24" (13)
23:49:41  [AT] " S,3352,0F,00,4111,P1,46" (24)
23:49:41  [AT] "SEND OK" (7)
23:49:42  [TX] S,3353,0F,00,4112,P1,44
23:49:42  [SLOT] n=3427 tx=23 ack=0 due=0 r=1
23:49:42  [AT] "AT+CIPSEND=24" (13)
23:49:42  [AT] " S,3353,0F,00,4112,P1,44" (24)
23:49:42  [AT] "SEND OK" (7)
23:49:43  [TX] S,3354,0F,00,4113,P1,42
23:49:43  [SLOT] n=3428 tx=23 ack=0 due=0 r=1
23:49:43  [AT] "AT+CIPSEND=24" (13)
23:49:44  [AT] " S,3354,0F,00,4113,P1,42" (24)
23:49:44  [AT] "SEND OK" (7)
23:49:44  [TX] S,3355,0F,00,4114,P1,44
23:49:44  [SLOT] n=3429 tx=23 ack=0 due=0 r=1
23:49:44  [AT] "AT+CIPSEND=24" (13)
23:49:45  [AT] " S,3355,0F,00,4114,P1,44" (24)
23:49:45  [AT] "SEND OK" (7)
23:49:46  [TX] S,3356,0F,00,4116,P1,45
23:49:46  [SLOT] n=3430 tx=23 ack=0 due=0 r=1
23:49:46  [AT] "AT+CIPSEND=24" (13)
23:49:46  [AT] " S,3356,0F,00,4116,P1,45" (24)
23:49:46  [AT] "SEND OK" (7)
23:49:47  [TX] S,3357,0F,00,4117,P1,45
23:49:47  [SLOT] n=3431 tx=23 ack=0 due=0 r=1
23:49:47  [AT] "AT+CIPSEND=24" (13)
23:49:47  [AT] " S,3357,0F,00,4117,P1,45" (24)
23:49:47  [AT] "SEND OK" (7)
23:49:48  [TX] S,3358,0F,00,4118,P1,45
23:49:48  [SLOT] n=3432 tx=23 ack=0 due=0 r=1
23:49:48  [AT] "AT+CIPSEND=24" (13)
23:49:48  [AT] " S,3358,0F,00,4118,P1,45" (24)
23:49:48  [AT] "SEND OK" (7)
23:49:49  [TX] S,3359,0F,00,4119,P1,45
23:49:49  [SLOT] n=3433 tx=23 ack=0 due=0 r=1
23:49:49  [AT] "AT+CIPSEND=24" (13)
23:49:49  [AT] " S,3359,0F,00,4119,P1,45" (24)
23:49:49  [AT] "SEND OK" (7)
23:49:50  [TX] S,3360,0F,00,4120,P1,45
23:49:50  [SLOT] n=3434 tx=23 ack=0 due=0 r=1
23:49:50  [AT] "AT+CIPSEND=24" (13)
23:49:51  [AT] " S,3360,0F,00,4120,P1,45" (24)
23:49:51  [AT] "SEND OK" (7)
23:49:52  [TX] S,3361,0F,00,4122,P1,46
23:49:52  [SLOT] n=3435 tx=23 ack=0 due=0 r=1
23:49:52  [AT] "AT+CIPSEND=24" (13)
23:49:52  [AT] " S,3361,0F,00,4122,P1,46" (24)
23:49:52  [AT] "SEND OK" (7)
23:49:53  [TX] S,3362,0F,00,4123,P1,44
23:49:53  [SLOT] n=3436 tx=23 ack=0 due=0 r=1
23:49:53  [AT] "AT+CIPSEND=24" (13)
23:49:53  [AT] " S,3362,0F,00,4123,P1,44" (24)
23:49:53  [AT] "SEND OK" (7)
23:49:54  [TX] S,3363,0F,00,4124,P1,42
23:49:54  [SLOT] n=3437 tx=23 ack=0 due=0 r=1
23:49:54  [AT] "AT+CIPSEND=24" (13)
23:49:54  [AT] " S,3363,0F,00,4124,P1,42" (24)
23:49:54  [AT] "SEND OK" (7)
23:49:55  [TX] S,3364,0F,00,4125,P1,44
23:49:55  [SLOT] n=3438 tx=23 ack=0 due=0 r=1
23:49:55  [AT] "AT+CIPSEND=24" (13)
23:49:55  [AT] " S,3364,0F,00,4125,P1,44" (24)
23:49:55  [AT] "SEND OK" (7)
23:49:56  [TX] S,3365,0F,00,4126,P1,46
23:49:56  [SLOT] n=3439 tx=23 ack=0 due=0 r=1
23:49:56  [AT] "AT+CIPSEND=24" (13)
23:49:57  [AT] " S,3365,0F,00,4126,P1,46" (24)
23:49:57  [AT] "SEND OK" (7)
23:49:58  [TX] S,3366,0F,00,4128,P1,4B
23:49:58  [SLOT] n=3440 tx=23 ack=0 due=0 r=1
23:49:58  [AT] "AT+CIPSEND=24" (13)
23:49:58  [AT] " S,3366,0F,00,4128,P1,4B" (24)
23:49:58  [AT] "SEND OK" (7)
23:49:59  [TX] S,3367,0F,00,4129,P1,4B
23:49:59  [SLOT] n=3441 tx=23 ack=0 due=0 r=1
23:49:59  [AT] "AT+CIPSEND=24" (13)
23:49:59  [AT] " S,3367,0F,00,4129,P1,4B" (24)
23:49:59  [AT] "SEND OK" (7)
23:50:00  [TX] S,3368,0F,00,4130,P1,4C
23:50:00  [SLOT] n=3442 tx=23 ack=0 due=0 r=1
23:50:00  [AT] "AT+CIPSEND=24" (13)
23:50:00  [AT] " S,3368,0F,00,4130,P1,4C" (24)
23:50:00  [AT] "SEND OK" (7)
23:50:01  [TX] S,3369,0F,00,4131,P1,4C
23:50:01  [SLOT] n=3443 tx=23 ack=0 due=0 r=1
23:50:01  [AT] "AT+CIPSEND=24" (13)
23:50:01  [AT] " S,3369,0F,00,4131,P1,4C" (24)
23:50:01  [AT] "SEND OK" (7)
23:50:02  [TX] S,3370,0F,00,4132,P1,47
23:50:02  [SLOT] n=3444 tx=23 ack=0 due=0 r=1
23:50:02  [AT] "AT+CIPSEND=24" (13)
23:50:03  [AT] " S,3370,0F,00,4132,P1,47" (24)
23:50:03  [AT] "SEND OK" (7)
23:50:04  [TX] S,3371,0F,00,4134,P1,40
23:50:04  [SLOT] n=3445 tx=23 ack=0 due=0 r=1
23:50:04  [AT] "AT+CIPSEND=24" (13)
23:50:04  [AT] " S,3371,0F,00,4134,P1,40" (24)
23:50:04  [AT] "SEND OK" (7)
23:50:05  [TX] S,3372,0F,00,4135,P1,42
23:50:05  [SLOT] n=3446 tx=23 ack=0 due=0 r=1
23:50:05  [AT] "AT+CIPSEND=24" (13)
23:50:05  [AT] " S,3372,0F,00,4135,P1,42" (24)
23:50:05  [AT] "SEND OK" (7)
23:50:06  [TX] S,3373,0F,00,4136,P1,40
23:50:06  [SLOT] n=3447 tx=23 ack=0 due=0 r=1
23:50:06  [AT] "AT+CIPSEND=24" (13)
23:50:06  [AT] " S,3373,0F,00,4136,P1,40" (24)
23:50:06  [AT] "SEND OK" (7)
23:50:07  [TX] S,3374,0F,00,4137,P1,46
23:50:07  [SLOT] n=3448 tx=23 ack=0 due=0 r=1
23:50:07  [AT] "AT+CIPSEND=24" (13)
23:50:07  [AT] " S,3374,0F,00,4137,P1,46" (24)
23:50:07  [AT] "SEND OK" (7)
23:50:08  [TX] S,3375,0F,00,4138,P1,48
23:50:08  [SLOT] n=3449 tx=23 ack=0 due=0 r=1
23:50:08  [AT] "AT+CIPSEND=24" (13)
23:50:08  [AT] " S,3375,0F,00,4138,P1,48" (24)
23:50:08  [AT] "SEND OK" (7)
23:50:10  [TX] S,3376,0F,00,4140,P1,44
23:50:10  [SLOT] n=3450 tx=23 ack=0 due=0 r=1
23:50:10  [CNT] up=4140 drop=0 esprst=8 hwrst=0/0 resync=0 sendfail=0 okto=2 stuck=0 ackq=0 ackdrop=0 ackstale=0 slot=3450 oow=1 smiss=7 ssovf=0 cksumng=0 okstream=3375 penddrop=0 pendfill=3377 bigfill=11 bigdrop=0 bigokst=11 oklost=0 bigoklost=0 skip=15 online=1
23:50:10  [RAM] 최저 여유 571 B · 프롬프트 재동기 0회 (서버의 '버린줄' 과 맞아야 한다)
23:50:10  [AT] "AT+CIPSEND=24" (13)
23:50:10  [AT] " S,3376,0F,00,4140,P1,44" (24)
23:50:10  [AT] "SEND OK" (7)
23:50:11  [TX] S,3377,0F,00,4141,P1,44
23:50:11  [SLOT] n=3451 tx=23 ack=0 due=0 r=1
23:50:11  [AT] "AT+CIPSEND=24" (13)
23:50:11  [AT] " S,3377,0F,00,4141,P1,44" (24)
23:50:11  [AT] "SEND OK" (7)
23:50:12  [TX] S,3378,0F,00,4142,P1,48
23:50:12  [SLOT] n=3452 tx=23 ack=0 due=0 r=1
23:50:12  [AT] "AT+CIPSEND=24" (13)
23:50:12  [AT] " S,3378,0F,00,4142,P1,48" (24)
23:50:12  [AT] "SEND OK" (7)
23:50:13  [TX] S,3379,0F,00,4143,P1,48
23:50:13  [SLOT] n=3453 tx=23 ack=0 due=0 r=1
23:50:13  [AT] "AT+CIPSEND=24" (13)
23:50:13  [AT] " S,3379,0F,00,4143,P1,48" (24)
23:50:13  [AT] "SEND OK" (7)
23:50:14  [TX] S,3380,0F,00,4144,P1,49
23:50:14  [SLOT] n=3454 tx=23 ack=0 due=0 r=1
23:50:14  [AT] "AT+CIPSEND=24" (13)
23:50:14  [AT] " S,3380,0F,00,4144,P1,49" (24)
23:50:14  [AT] "SEND OK" (7)
23:50:16  [TX] S,3381,0F,00,4146,P1,4A
23:50:16  [SLOT] n=3455 tx=23 ack=0 due=0 r=1
23:50:16  [AT] "AT+CIPSEND=24" (13)
23:50:16  [AT] " S,3381,0F,00,4146,P1,4A" (24)
23:50:16  [AT] "SEND OK" (7)
23:50:17  [TX] S,3382,0F,00,4147,P1,48
23:50:17  [SLOT] n=3456 tx=23 ack=0 due=0 r=1
23:50:17  [AT] "AT+CIPSEND=24" (13)
23:50:17  [AT] " S,3382,0F,00,4147,P1,48" (24)
23:50:17  [AT] "SEND OK" (7)
23:50:18  [TX] S,3383,0F,00,4148,P1,46
23:50:18  [SLOT] n=3457 tx=23 ack=0 due=0 r=1
23:50:18  [AT] "AT+CIPSEND=24" (13)
23:50:18  [AT] " S,3383,0F,00,4148,P1,46" (24)
23:50:18  [AT] "SEND OK" (7)
23:50:19  [TX] S,3384,0F,00,4149,P1,40
23:50:19  [SLOT] n=3458 tx=23 ack=0 due=0 r=1
23:50:19  [AT] "AT+C\x91PSEND=24" (13)
23:50:19  [AT] " S,3384,0F,00,4149,P1,40" (24)
23:50:19  [AT] "SEND OK" (7)
23:50:20  «tap» 살아있음 — 최근 60초 rx=8019B (이 줄이 끊기면 탭이 죽은 것이다)
23:50:20  [TX] S,3385,0F,00,4150,P1,49
23:50:20  [SLOT] n=3459 tx=23 ack=0 due=0 r=1
23:50:20  [AT] "AT+CIPSEND=24" (13)
23:50:20  [AT] " S,3385,0F,00,4150,P1,49" (24)
23:50:20  [AT] "SEND OK" (7)
23:50:22  [TX] S,3386,0F,00,4152,P1,48
23:50:22  [SLOT] n=3460 tx=23 ack=0 due=0 r=1
23:50:22  [AT] "AT+CIPSEND=24" (13)
23:50:22  [AT] " S,3386,0F,00,4152,P1,48" (24)
23:50:22  [AT] "SEND OK" (7)
23:50:23  [TX] S,3387,0F,00,4153,P1,48
23:50:23  [SLOT] n=3461 tx=23 ack=0 due=0 r=1
23:50:23  [AT] "AT+CIPSEND=24" (13)
23:50:23  [AT] " S,3387,0F,00,4153,P1,48" (24)
23:50:23  [AT] "SEND OK" (7)
23:50:24  [TX] S,3388,0F,00,4154,P1,40
23:50:24  [SLOT] n=3462 tx=23 ack=0 due=0 r=1
23:50:24  [AT] "AT+CIPSEND=24" (13)
23:50:24  [AT] " S,3388,0F,00,4154,P1,40" (24)
23:50:24  [AT] "SEND OK" (7)
23:50:25  [TX] S,3389,0F,00,4155,P1,40
23:50:25  [SLOT] n=3463 tx=23 ack=0 due=0 r=1
23:50:25  [AT] "AT+CIPSEND=24" (13)
23:50:25  [AT] " S,3389,0F,00,4155,P1,40" (24)
23:50:25  [AT] "SEND OK" (7)
23:50:26  [TX] S,3390,0F,00,4156,P1,4B
23:50:26  [SLOT] n=3464 tx=23 ack=0 due=0 r=1
23:50:26  [AT] "AT+CIPSEND=24" (13)
23:50:27  [AT] " S,3390,0F,00,4156,P1,4B" (24)
23:50:27  [AT] "SEND OK" (7)
23:50:28  [TX] S,3391,0F,00,4158,P1,44
23:50:28  [SLOT] n=3465 tx=23 ack=0 due=0 r=1
23:50:28  [AT] "AT+CIPSEND=24" (13)
23:50:28  [AT] " S,3391,0F,00,4158,P1,44" (24)
23:50:28  [AT] "SEND OK" (7)
23:50:29  [TX] S,3392,0F,00,4159,P1,46
23:50:29  [SLOT] n=3466 tx=23 ack=0 due=0 r=1
23:50:29  [AT] "AT+CIPSEND=24" (13)
23:50:29  [AT] " S,3392,0F,00,4159,P1,46" (24)
23:50:29  [AT] "SEND OK" (7)
23:50:30  [TX] S,3393,0F,00,4160,P1,4D
23:50:30  [SLOT] n=3467 tx=23 ack=0 due=0 r=1
23:50:30  [AT] "AT+CIPSEND=24" (13)
23:50:30  [AT] " S,3393,0F,00,4160,P1,4D" (24)
23:50:30  [AT] "SEND OK" (7)
23:50:31  [TX] S,3394,0F,00,4161,P1,4B
23:50:31  [SLOT] n=3468 tx=23 ack=0 due=0 r=1
23:50:31  [AT] "AT+CIPSEND=24" (13)
23:50:31  [AT] " S,3394,0F,00,4161,P1,4B" (24)
23:50:31  [AT] "SEND OK" (7)
23:50:32  [TX] S,3395,0F,00,4162,P1,49
23:50:32  [SLOT] n=3469 tx=23 ack=0 due=0 r=1
23:50:32  [AT] "AT+CIPSEND=24" (13)
23:50:32  [AT] " S,3395,0F,00,4162,P1,49" (24)
23:50:32  [AT] "SEND OK" (7)
23:50:33  [TX] S,3396,0F,00,4164,P1,4C
23:50:33  [SLOT] n=3470 tx=23 ack=0 due=0 r=1
23:50:33  [AT] "AT+CIPSEND=24" (13)
23:50:34  [AT] " S,3396,0F,00,4164,P1,4C" (24)
23:50:34  [AT] "SEND OK" (7)
23:50:35  [TX] S,3397,0F,00,4165,P1,4C
23:50:35  [SLOT] n=3471 tx=23 ack=0 due=0 r=1
23:50:35  [AT] "AT+CIPSEND=24" (13)
23:50:35  [AT] " S,3397,0F,00,4165,P1,4C" (24)
23:50:35  [AT] "SEND OK" (7)
23:50:36  [TX] S,3398,0F,00,4166,P1,40
23:50:36  [SLOT] n=3472 tx=23 ack=0 due=0 r=1
23:50:36  [AT] "AT+CIPSEND=24" (13)
23:50:36  [AT] " S,3398,0F,00,4166,P1,40" (24)
23:50:36  [AT] "SEND OK" (7)
23:50:37  [TX] S,3399,0F,00,4167,P1,40
23:50:37  [SLOT] n=3473 tx=23 ack=0 due=0 r=1
23:50:37  [AT] "AT+CIPSEND=24" (13)
23:50:37  [AT] " S,3399,0F,00,4167,P1,40" (24)
23:50:37  [AT] "SEND OK" (7)
23:50:38  [TX] S,3400,0F,00,4168,P1,48
23:50:38  [SLOT] n=3474 tx=23 ack=0 due=0 r=1
23:50:38  [AT] "AT+CIPSEND=24" (13)
23:50:38  [AT] " S,3400,0F,00,4168,P1,48" (24)
23:50:38  [AT] "SEND OK" (7)
23:50:39  [TX] S,3401,0F,00,4170,P1,40
23:50:39  [SLOT] n=3475 tx=23 ack=0 due=0 r=1
23:50:39  [AT] "AT+CIPSEND=24" (13)
23:50:40  [AT] " S,3401,0F,00,4170,P1,40" (24)
23:50:40  [AT] "SEND OK" (7)
23:50:41  [TX] S,3402,0F,00,4171,P1,42
23:50:41  [SLOT] n=3476 tx=23 ack=0 due=0 r=1
23:50:41  [AT] "AT+CIPSEND=24" (13)
23:50:41  [AT] " S,3402,0F,00,4171,P1,42" (24)
23:50:41  [AT] "SEND OK" (7)
23:50:42  [TX] S,3403,0F,00,4172,P1,40
23:50:42  [SLOT] n=3477 tx=23 ack=0 due=0 r=1
23:50:42  [AT] "AT+CIPSEND=24" (13)
23:50:42  [AT] " S,3403,0F,00,4172,P1,40" (24)
23:50:42  [AT] "SEND OK" (7)
23:50:43  [TX] S,3404,0F,00,4173,P1,46
23:50:43  [SLOT] n=3478 tx=23 ack=0 due=0 r=1
23:50:43  [AT] "AT+CIPSEND=24" (13)
23:50:43  [AT] " S,3404,0F,00,4173,P1,46" (24)
23:50:43  [AT] "SEND OK" (7)
23:50:44  [TX] S,3405,0F,00,4174,P1,40
23:50:44  [SLOT] n=3479 tx=23 ack=0 due=0 r=1
23:50:44  [AT] "AT+CIPSEND=24" (13)
23:50:44  [AT] " S,3405,0F,00,4174,P1,40" (24)
23:50:44  [AT] "SEND OK" (7)
23:50:45  [TX] S,3406,0F,00,4176,P1,41
23:50:45  [SLOT] n=3480 tx=23 ack=0 due=0 r=1
23:50:45  [AT] "AT+CIPSEND=24" (13)
23:50:46  [AT] " S,3406,0F,00,4176,P1,41" (24)
23:50:46  [AT] "SEND OK" (7)
23:50:47  [TX] S,3407,0F,00,4177,P1,41
23:50:47  [SLOT] n=3481 tx=23 ack=0 due=0 r=1
23:50:47  [AT] "AT+CIPSEND=24" (13)
23:50:47  [AT] " S,3407,0F,00,4177,P1,41" (24)
23:50:47  [AT] "SEND OK" (7)
23:50:48  [TX] S,3408,0F,00,4178,P1,41
23:50:48  [SLOT] n=3482 tx=23 ack=0 due=0 r=1
23:50:48  [AT] "AT+CIPSEND=24" (13)
23:50:48  [AT] " S,3408,0F,00,4178,P1,41" (24)
23:50:48  [AT] "SEND OK" (7)
23:50:49  [TX] S,3409,0F,00,4179,P1,41
23:50:49  [SLOT] n=3483 tx=23 ack=0 due=0 r=1
23:50:49  [AT] "AT+CIPSEND=24" (13)
23:50:49  [AT] " S,3409,0F,00,4179,P1,41" (24)
23:50:49  [AT] "SEND OK" (7)
23:50:50  [TX] S,3410,0F,00,4180,P1,4F
23:50:50  [SLOT] n=3484 tx=23 ack=0 due=0 r=1
23:50:50  [AT] "AT+CIPSEND=24" (13)
23:50:51  [AT] " S,3410,0F,00,4180,P1,4F" (24)
23:50:51  [AT] "SEND OK" (7)
23:50:51  [TX] S,3411,0F,00,4182,P1,4C
23:50:51  [SLOT] n=3485 tx=23 ack=0 due=0 r=1
23:50:51  [AT] "AT+CIPSEND=24" (13)
23:50:51  [AT] " S,3411,0F,00,4182,P1,4C" (24)
23:50:51  [AT] "SEND OK" (7)
23:50:53  [TX] S,3412,0F,00,4183,P1,4E
23:50:53  [SLOT] n=3486 tx=23 ack=0 due=0 r=1
23:50:53  [AT] "AT+CIPSEND=24" (13)
23:50:53  [AT] " S,3412,0F,00,4183,P1,4E" (24)
23:50:53  [AT] "SEND OK" (7)
23:50:54  [TX] S,3413,0F,00,4184,P1,48
23:50:54  [SLOT] n=3487 tx=23 ack=0 due=0 r=1
23:50:54  [AT] "AT+CIPSEND=24" (13)
23:50:54  [AT] " S,3413,0F,00,4184,P1,48" (24)
23:50:54  [AT] "SEND OK" (7)
23:50:55  [TX] S,3414,0F,00,4185,P1,4E
23:50:55  [SLOT] n=3488 tx=23 ack=0 due=0 r=1
23:50:55  [AT] "AT+CIPSEND=24" (13)
23:50:55  [AT] " S,3414,0F,00,4185,P1,4E" (24)
23:50:55  [AT] "SEND OK" (7)
23:50:56  [TX] S,3415,0F,00,4186,P1,4C
23:50:56  [SLOT] n=3489 tx=23 ack=0 due=0 r=1
23:50:56  [AT] "AT+CIPSEND=24" (13)
23:50:56  [AT] " S,3415,0F,00,4186,P1,4C" (24)
23:50:56  [AT] "SEND OK" (7)
23:50:57  [TX] S,3416,0F,00,4188,P1,41
23:50:57  [SLOT] n=3490 tx=23 ack=0 due=0 r=1
23:50:57  [AT] "AT+CIPSEND=24" (13)
23:50:57  [AT] " S,3416,0F,00,4188,P1,41" (24)
23:50:57  [AT] "SEND OK" (7)
23:50:59  [TX] S,3417,0F,00,4189,P1,41
23:50:59  [SLOT] n=3491 tx=23 ack=0 due=0 r=1
23:50:59  [AT] "AT+CIPSEND=24" (13)
23:50:59  [AT] " S,3417,0F,00,4189,P1,41" (24)
23:50:59  [AT] "SEND OK" (7)
23:51:00  [TX] S,3418,0F,00,4190,P1,46
23:51:00  [SLOT] n=3492 tx=23 ack=0 due=0 r=1
23:51:00  [AT] "AT+CIPSEND=24" (13)
23:51:00  [AT] " S,3418,0F,00,4190,P1,46" (24)
23:51:00  [AT] "SEND OK" (7)
23:51:01  [TX] S,3419,0F,00,4191,P1,46
23:51:01  [SLOT] n=3493 tx=23 ack=0 due=0 r=1
23:51:01  [AT] "AT+CIPSEND=24" (13)
23:51:01  [AT] " S,3419,0F,00,4191,P1,46" (24)
23:51:01  [AT] "SEND OK" (7)
23:51:02  [TX] S,3420,0F,00,4192,P1,4F
23:51:02  [SLOT] n=3494 tx=23 ack=0 due=0 r=1
23:51:02  [AT] "AT+CIPSEND=24" (13)
23:51:02  [AT] " S,3420,0F,00,4192,P1,4F" (24)
23:51:02  [AT] "SEND OK" (7)
23:51:03  [TX] S,3421,0F,00,4194,P1,48
23:51:03  [SLOT] n=3495 tx=23 ack=0 due=0 r=1
23:51:03  [AT] "AT+CIPSEND=24" (13)
23:51:03  [AT] " S,3421,0F,00,4194,P1,48" (24)
23:51:03  [AT] "SEND OK" (7)
23:51:05  [TX] S,3422,0F,00,4195,P1,4A
23:51:05  [SLOT] n=3496 tx=23 ack=0 due=0 r=1
23:51:05  [AT] "AT+CIPSEND=24" (13)
23:51:05  [AT] " S,3422,0F,00,4195,P1,4A" (24)
23:51:05  [AT] "SEND OK" (7)
23:51:06  [TX] S,3423,0F,00,4196,P1,48
23:51:06  [SLOT] n=3497 tx=23 ack=0 due=0 r=1
23:51:06  [AT] "AT+CIPSEND=24" (13)
23:51:06  [AT] " S,3423,0F,00,4196,P1,48" (24)
23:51:06  [AT] "SEND OK" (7)
23:51:07  [TX] S,3424,0F,00,4197,P1,4E
23:51:07  [SLOT] n=3498 tx=23 ack=0 due=0 r=1
23:51:07  [AT] "AT+CIPSEND=24" (13)
23:51:07  [AT] " S,3424,0F,00,4197,P1,4E" (24)
23:51:07  [AT] "SEND OK" (7)
23:51:08  [TX] S,3425,0F,00,4198,P1,40
23:51:08  [SLOT] n=3499 tx=23 ack=0 due=0 r=1
23:51:08  [AT] "AT+CIPSEND=24" (13)
23:51:08  [AT] " S,3425,0F,00,4198,P1,40" (24)
23:51:08  [AT] "SEND OK" (7)
23:51:09  [TX] S,3426,0F,00,4200,P1,41
23:51:09  [SLOT] n=3500 tx=23 ack=0 due=0 r=1
23:51:09  [CNT] up=4200 drop=0 esprst=8 hwrst=0/0 resync=0 sendfail=0 okto=2 stuck=0 ackq=0 ackdrop=0 ackstale=0 slot=3500 oow=1 smiss=7 ssovf=0 cksumng=0 okstream=3425 penddrop=0 pendfill=3427 bigfill=11 bigdrop=0 bigokst=11 oklost=0 bigoklost=0 skip=15 online=1
23:51:09  [RAM] 최저 여유 571 B · 프롬프트 재동기 0회 (서버의 '버린줄' 과 맞아야 한다)
23:51:09  [AT] "AT+CIPSEND=24" (13)
23:51:10  [AT] " S,3426,0F,00,4200,P1,41" (24)
23:51:10  [AT] "SEND OK" (7)
23:51:11  [TX] S,3427,0F,00,4201,P1,41
23:51:11  [SLOT] n=3501 tx=23 ack=0 due=0 r=1
23:51:11  [AT] "AT+CIPSEND=24" (13)
23:51:11  [AT] " S,3427,0F,00,4201,P1,41" (24)
23:51:11  [AT] "SEND OK" (7)
23:51:12  [TX] S,3428,0F,00,4202,P1,4D
23:51:12  [SLOT] n=3502 tx=23 ack=0 due=0 r=1
23:51:12  [AT] "AT+CIPSEND=24" (13)
23:51:12  [AT] " S,3428,0F,00,4202,P1,4D" (24)
23:51:12  [AT] "SEND OK" (7)
23:51:13  [TX] S,3429,0F,00,4203,P1,4D
23:51:13  [SLOT] n=3503 tx=23 ack=0 due=0 r=1
23:51:13  [AT] "AT+CIPSEND=24" (13)
23:51:13  [AT] " S,3429,0F,00,4203,P1,4D" (24)
23:51:13  [AT] "SEND OK" (7)
23:51:14  [TX] S,3430,0F,00,4204,P1,42
23:51:14  [SLOT] n=3504 tx=23 ack=0 due=0 r=1
23:51:14  [AT] "AT+CIPSEND=24" (13)
23:51:14  [AT] " S,3430,0F,00,4204,P1,42" (24)
23:51:14  [AT] "SEND OK" (7)
23:51:15  [TX] S,3431,0F,00,4206,P1,41
23:51:15  [SLOT] n=3505 tx=23 ack=0 due=0 r=1
23:51:15  [AT] "AT+CIPSEND=24" (13)
23:51:16  [AT] " S,3431,0F,00,4206,P1,41" (24)
23:51:16  [AT] "SEND OK" (7)
23:51:17  [TX] S,3432,0F,00,4207,P1,43
23:51:17  [SLOT] n=3506 tx=23 ack=0 due=0 r=1
23:51:17  [AT] "AT+CIPSEND=24" (13)
23:51:17  [AT] " S,3432,0F,00,4207,P1,43" (24)
23:51:17  [AT] "SEND OK" (7)
23:51:18  [TX] S,3433,0F,00,4208,P1,4D
23:51:18  [SLOT] n=3507 tx=23 ack=0 due=0 r=1
23:51:18  [AT] "AT+CIPSEND=24" (13)
23:51:18  [AT] " S,3433,0F,00,4208,P1,4D" (24)
23:51:18  [AT] "SEND OK" (7)
23:51:19  [TX] S,3434,0F,00,4209,P1,4B
23:51:19  [SLOT] n=3508 tx=23 ack=0 due=0 r=1
23:51:19  [AT] "AT+CIPSEND=24" (13)
23:51:19  [AT] " S,3434,0F,00,4209,P1,4B" (24)
23:51:19  [AT] "SEND OK" (7)
23:51:20  «tap» 살아있음 — 최근 60초 rx=7958B (이 줄이 끊기면 탭이 죽은 것이다)
23:51:20  [TX] S,3435,0F,00,4210,P1,42
23:51:20  [SLOT] n=3509 tx=23 ack=0 due=0 r=1
23:51:20  [AT] "AT+CIPSEND=24" (13)
23:51:20  [AT] " S,3435,0F,00,4210,P1,42" (24)
23:51:20  [AT] "SEND OK" (7)
23:51:21  [TX] S,3436,0F,00,4212,P1,43
23:51:21  [SLOT] n=3510 tx=23 ack=0 due=0 r=1
23:51:21  [AT] "AT+CIPSEND=24" (13)
23:51:21  [AT] " S,3436,0F,00,4212,P1,43" (24)
23:51:21  [AT] "SEND OK" (7)
23:51:22  [TX] S,3437,0F,00,4213,P1,43
23:51:22  [SLOT] n=3511 tx=23 ack=0 due=0 r=1
23:51:22  [AT] "AT+CIPSEND=24" (13)
23:51:23  [AT] " S,3437,0F,00,4213,P1,43" (24)
23:51:23  [AT] "SEND OK" (7)
23:51:24  [TX] S,3438,0F,00,4214,P1,4B
23:51:24  [SLOT] n=3512 tx=23 ack=0 due=0 r=1
23:51:24  [AT] "AT+CIPSEND=24" (13)
23:51:24  [AT] " S,3438,0F,00,4214,P1,4B" (24)
23:51:24  [AT] "SEND OK" (7)
23:51:25  [TX] S,3439,0F,00,4215,P1,4B
23:51:25  [SLOT] n=3513 tx=23 ack=0 due=0 r=1
23:51:25  [AT] "AT+CIPSEND=24" (13)
23:51:25  [AT] " S,3439,0F,00,4215,P1,4B" (24)
23:51:25  [AT] "SEND OK" (7)
23:51:26  [TX] S,3440,0F,00,4216,P1,46
23:51:26  [SLOT] n=3514 tx=23 ack=0 due=0 r=1
23:51:26  [AT] "AT+CIPSEND=24" (13)
23:51:26  [AT] " S,3440,0F,00,4216,P1,46" (24)
23:51:26  [AT] "SEND OK" (7)
23:51:27  [TX] S,3441,0F,00,4218,P1,49
23:51:27  [SLOT] n=3515 tx=23 ack=0 due=0 r=1
23:51:27  [AT] "AT+CIPSEND=24" (13)
23:51:27  [AT] " S,3441,0F,00,4218,P1,49" (24)
23:51:27  [AT] "SEND OK" (7)
23:51:28  [TX] S,3442,0F,00,4219,P1,4B
23:51:28  [SLOT] n=3516 tx=23 ack=0 due=0 r=1
23:51:28  [AT] "AT+CIPSEND=24" (13)
23:51:29  [AT] " S,3442,0F,00,4219,P1,4B" (24)
23:51:29  [AT] "SEND OK" (7)
23:51:30  [TX] S,3443,0F,00,4220,P1,40
23:51:30  [SLOT] n=3517 tx=23 ack=0 due=0 r=1
23:51:30  [AT] "AT+CIPSEND=24" (13)
23:51:30  [AT] " S,3443,0F,00,4220,P1,40" (24)
23:51:30  [AT] "SEND OK" (7)
23:51:31  [TX] S,3444,0F,00,4221,P1,46
23:51:31  [SLOT] n=3518 tx=23 ack=0 due=0 r=1
23:51:31  [AT] "AT+CIPSEND=24" (13)
23:51:31  [AT] " S,3444,0F,00,4221,P1,46" (24)
23:51:31  [AT] "SEND OK" (7)
23:51:33  [TX] S,3445,0F,00,4222,P1,44
23:51:33  [SLOT] n=3519 tx=23 ack=0 due=0 r=1
23:51:33  [AT] "AT+CIPSEND=24" (13)
23:51:33  [AT] " S,3445,0F,00,4222,P1,44" (24)
23:51:33  [AT] "SEND OK" (7)
23:51:34  [TX] S,3446,0F,00,4224,P1,41
23:51:34  [SLOT] n=3520 tx=23 ack=0 due=0 r=1
23:51:34  [AT] "AT+CIPSEND=24" (13)
23:51:34  [AT] " S,3446,0F,00,4224,P1,41" (24)
23:51:34  [AT] "SEND OK" (7)
23:51:35  [TX] S,3447,0F,00,4225,P1,41
23:51:35  [SLOT] n=3521 tx=23 ack=0 due=0 r=1
23:51:35  [AT] "AT+CIPSEND=24" (13)
23:51:35  [AT] " S,3447,0F,00,4225,P1,41" (24)
23:51:35  [AT] "SEND OK" (7)
23:51:37  [TX] S,3448,0F,00,4226,P1,4D
23:51:37  [SLOT] n=3522 tx=23 ack=0 due=0 r=1
23:51:37  [AT] "AT+CIPSEND=24" (13)
23:51:37  [AT] " S,3448,0F,00,4226,P1,4D" (24)
23:51:37  [AT] "SEND OK" (7)
23:51:38  [TX] S,3449,0F,00,4227,P1,4D
23:51:38  [SLOT] n=3523 tx=23 ack=0 due=0 r=1
23:51:38  [AT] "AT+CIPSEND=24" (13)
23:51:38  [AT] " S,3449,0F,00,4227,P1,4D" (24)
23:51:38  [AT] "SEND OK" (7)
23:51:39  [TX] S,3450,0F,00,4228,P1,4A
23:51:39  [SLOT] n=3524 tx=23 ack=0 due=0 r=1
23:51:39  [AT] "AT+CIPSEND=24" (13)
23:51:39  [AT] " S,3450,0F,00,4228,P1,4A" (24)
23:51:39  [AT] "SEND OK" (7)
23:51:40  [TX] S,3451,0F,00,4230,P1,42
23:51:40  [SLOT] n=3525 tx=23 ack=0 due=0 r=1
23:51:40  [AT] "AT+CIPSEND=24" (13)
23:51:40  [AT] " S,3451,0F,00,4230,P1,42" (24)
23:51:40  [AT] "SEND OK" (7)
23:51:41  [TX] S,3452,0F,00,4231,P1,40
23:51:41  [SLOT] n=3526 tx=23 ack=0 due=0 r=1
23:51:41  [AT] "AT+CIPSEND=24" (13)
23:51:41  [AT] " S,3452,0F,00,4231,P1,40" (24)
23:51:41  [AT] "SEND OK" (7)
23:51:43  [TX] S,3453,0F,00,4232,P1,42
23:51:43  [SLOT] n=3527 tx=23 ack=0 due=0 r=1
23:51:43  [AT] "AT+CIPSEND=24" (13)
23:51:43  [AT] " S,3453,0F,00,4232,P1,42" (24)
23:51:43  [AT] "SEND OK" (7)
23:51:44  [TX] S,3454,0F,00,4233,P1,44
23:51:44  [SLOT] n=3528 tx=23 ack=0 due=0 r=1
23:51:44  [AT] "AT+CIPSEND=24" (13)
23:51:44  [AT] " S,3454,0F,00,4233,P1,44" (24)
23:51:44  [AT] "SEND OK" (7)
23:51:45  [TX] S,3455,0F,00,4234,P1,42
23:51:45  [SLOT] n=3529 tx=23 ack=0 due=0 r=1
23:51:45  [AT] "AT+CIPSEND=24" (13)
23:51:45  [AT] " S,3455,0F,00,4234,P1,42" (24)
23:51:45  [AT] "SEND OK" (7)
23:51:46  [TX] S,3456,0F,00,4236,P1,43
23:51:46  [SLOT] n=3530 tx=23 ack=0 due=0 r=1
23:51:46  [AT] "AT+CIPSEND=24" (13)
23:51:46  [AT] " S,3456,0F,00,4236,P1,43" (24)
23:51:46  [AT] "SEND OK" (7)
23:51:47  [TX] S,3457,0F,00,4237,P1,43
23:51:47  [SLOT] n=3531 tx=23 ack=0 due=0 r=1
23:51:47  [AT] "AT+CIPSEND=24" (13)
23:51:47  [AT] " S,3457,0F,00,4237,P1,43" (24)
23:51:47  [AT] "SEND OK" (7)
23:51:49  [TX] S,3458,0F,00,4238,P1,43
23:51:49  [SLOT] n=3532 tx=23 ack=0 due=0 r=1
23:51:49  [AT] "AT+CIPSEND=24" (13)
23:51:49  [AT] " S,3458,0F,00,4238,P1,43" (24)
23:51:49  [AT] "SEND OK" (7)
23:51:50  [TX] S,3459,0F,00,4239,P1,43
23:51:50  [SLOT] n=3533 tx=23 ack=0 due=0 r=1
23:51:50  [AT] "AT+CIPSEND=24" (13)
23:51:50  [AT] " S,3459,0F,00,4239,P1,43" (24)
23:51:50  [AT] "SEND OK" (7)
23:51:51  [TX] S,3460,0F,00,4240,P1,47
23:51:51  [SLOT] n=3534 tx=23 ack=0 due=0 r=1
23:51:51  [AT] "AT+CIPSEND=24" (13)
23:51:51  [AT] " S,3460,0F,00,4240,P1,47" (24)
23:51:51  [AT] "SEND OK" (7)
23:51:52  [TX] S,3461,0F,00,4242,P1,44
23:51:52  [SLOT] n=3535 tx=23 ack=0 due=0 r=1
23:51:52  [AT] "AT+CIPSEND=24" (13)
23:51:52  [AT] " S,3461,0F,00,4242,P1,44" (24)
23:51:52  [AT] "SEND OK" (7)
23:51:53  [TX] S,3462,0F,00,4243,P1,46
23:51:53  [SLOT] n=3536 tx=23 ack=0 due=0 r=1
23:51:53  [AT] "AT+CIPSEND=24" (13)
23:51:54  [AT] " S,3462,0F,00,4243,P1,46" (24)
23:51:54  [AT] "SEND OK" (7)
23:51:55  [TX] S,3463,0F,00,4244,P1,40
23:51:55  [SLOT] n=3537 tx=23 ack=0 due=0 r=1
23:51:55  [AT] "AT+CIPSEND=24" (13)
23:51:55  [AT] " S,3463,0F,00,4244,P1,40" (24)
23:51:55  [AT] "SEND OK" (7)
23:51:56  [TX] S,3464,0F,00,4245,P1,46
23:51:56  [SLOT] n=3538 tx=23 ack=0 due=0 r=1
23:51:56  [AT] "AT+CIPSEND=24" (13)
23:51:56  [AT] " S,3464,0F,00,4245,P1,46" (24)
23:51:56  [AT] "SEND OK" (7)
23:51:57  [TX] S,3465,0F,00,4246,P1,44
23:51:57  [SLOT] n=3539 tx=23 ack=0 due=0 r=1
23:51:57  [AT] "AT+CIPSEND=24" (13)
23:51:57  [AT] " S,3465,0F,00,4246,P1,44" (24)
23:51:57  [AT] "SEND OK" (7)
23:51:58  [TX] S,3466,0F,00,4248,P1,49
23:51:58  [SLOT] n=3540 tx=23 ack=0 due=0 r=1
23:51:58  [AT] "AT+CIPSEND=24" (13)
23:51:58  [AT] " S,3466,0F,00,4248,P1,49" (24)
23:51:58  [AT] "SEND OK" (7)
23:51:59  [TX] S,3467,0F,00,4249,P1,49
23:51:59  [SLOT] n=3541 tx=23 ack=0 due=0 r=1
23:51:59  [AT] "AT+CIPSEND=24" (13)
23:51:59  [AT] " S,3467,0F,00,4249,P1,49" (24)
23:51:59  [AT] "SEND OK" (7)
23:52:01  [TX] S,3468,0F,00,4250,P1,4E
23:52:01  [SLOT] n=3542 tx=23 ack=0 due=0 r=1
23:52:01  [AT] "AT+CIPSEND=24" (13)
23:52:01  [AT] " S,3468,0F,00,4250,P1,4E" (24)
23:52:01  [AT] "SEND OK" (7)
23:52:02  [TX] S,3469,0F,00,4251,P1,4E
23:52:02  [SLOT] n=3543 tx=23 ack=0 due=0 r=1
23:52:02  [AT] "AT+CIPSEND=24" (13)
23:52:02  [AT] " S,3469,0F,00,4251,P1,4E" (24)
23:52:02  [AT] "SEND OK" (7)
23:52:03  [TX] S,3470,0F,00,4252,P1,45
23:52:03  [SLOT] n=3544 tx=23 ack=0 due=0 r=1
23:52:03  [AT] "AT+CIPSEND=24" (13)
23:52:03  [AT] " S,3470,0F,00,4252,P1,45" (24)
23:52:03  [AT] "SEND OK" (7)
23:52:04  [TX] S,3471,0F,00,4254,P1,42
23:52:04  [SLOT] n=3545 tx=23 ack=0 due=0 r=1
23:52:04  [AT] "AT+CIPSEND=24" (13)
23:52:04  [AT] " S,3471,0F,00,4254,P1,42" (24)
23:52:04  [AT] "SEND OK" (7)
23:52:05  [TX] S,3472,0F,00,4255,P1,40
23:52:05  [SLOT] n=3546 tx=23 ack=0 due=0 r=1
23:52:05  [AT] "AT+CIPSEND=24" (13)
23:52:05  [AT] " S,3472,0F,00,4255,P1,40" (24)
23:52:05  [AT] "SEND OK" (7)
23:52:07  [TX] S,3473,0F,00,4256,P1,42
23:52:07  [SLOT] n=3547 tx=23 ack=0 due=0 r=1
23:52:07  [AT] "AT+CIPSEND=24" (13)
23:52:07  [AT] " S,3473,0F,00,4256,P1,42" (24)
23:52:07  [AT] "SEND OK" (7)
23:52:08  [TX] S,3474,0F,00,4257,P1,44
23:52:08  [SLOT] n=3548 tx=23 ack=0 due=0 r=1
23:52:08  [AT] "AT+CIPSEND=24" (13)
23:52:08  [AT] " S,3474,0F,00,4257,P1,44" (24)
23:52:08  [AT] "SEND OK" (7)
23:52:09  [TX] S,3475,0F,00,4258,P1,4A
23:52:09  [SLOT] n=3549 tx=23 ack=0 due=0 r=1
23:52:09  [AT] "AT+CIPSEND=24" (13)
23:52:09  [AT] " S,3475,0F,00,4258,P1,4A" (24)
23:52:09  [AT] "SEND OK" (7)
23:52:10  [TX] S,3476,0F,00,4260,P1,42
23:52:10  [SLOT] n=3550 tx=23 ack=0 due=0 r=1
23:52:10  [CNT] up=4260 drop=0 esprst=8 hwrst=0/0 resync=0 sendfail=0 okto=2 stuck=0 ackq=0 ackdrop=0 ackstale=0 slot=3550 oow=1 smiss=7 ssovf=0 cksumng=0 okstream=3475 penddrop=0 pendfill=3477 bigfill=11 bigdrop=0 bigokst=11 oklost=0 bigoklost=0 skip=15 online=1
23:52:10  [RAM] 최저 여유 571 B · 프롬프트 재동기 0회 (서버의 '버린줄' 과 맞아야 한다)
23:52:10  [AT] "AT+CIPSEND=24" (13)
23:52:10  [AT] " S,3476,0F,00,4260,P1,42" (24)
23:52:10  [AT] "SEND OK" (7)
23:52:11  [TX] S,3477,0F,00,4261,P1,42
23:52:11  [SLOT] n=3551 tx=23 ack=0 due=0 r=1
23:52:11  [AT] "AT+CIPSEND=24" (13)
23:52:11  [AT] " S,3477,0F,00,4261,P1,42" (24)
23:52:11  [AT] "SEND OK" (7)
23:52:12  [TX] S,3478,0F,00,4262,P1,4E
23:52:12  [SLOT] n=3552 tx=23 ack=0 due=0 r=1
23:52:12  [AT] "AT+CIPSEND=24" (13)
23:52:13  [AT] " S,3478,0F,00,4262,P1,4E" (24)
23:52:13  [AT] "SEND OK" (7)
23:52:14  [TX] S,3479,0F,00,4263,P1,4E
23:52:14  [SLOT] n=3553 tx=23 ack=0 due=0 r=1
23:52:14  [AT] "AT+CIPSEND=24" (13)
23:52:14  [AT] " S,3479,0F,00,4263,P1,4E" (24)
23:52:14  [AT] "SEND OK" (7)
23:52:15  [TX] S,3480,0F,00,4264,P1,4F
23:52:15  [SLOT] n=3554 tx=23 ack=0 due=0 r=1
23:52:15  [AT] "AT+CIPSEND=24" (13)
23:52:15  [AT] " S,3480,0F,00,4264,P1,4F" (24)
23:52:15  [AT] "SEND OK" (7)
23:52:16  [TX] S,3481,0F,00,4266,P1,4C
23:52:16  [SLOT] n=3555 tx=23 ack=0 due=0 r=1
23:52:16  [AT] "AT+CIPSEND=24" (13)
23:52:16  [AT] " S,3481,0F,00,4266,P1,4C" (24)
23:52:16  [AT] "SEND OK" (7)
23:52:17  [TX] S,3482,0F,00,4267,P1,4E
23:52:17  [SLOT] n=3556 tx=23 ack=0 due=0 r=1
23:52:17  [AT] "AT+CIPSEND=24" (13)
23:52:18  [AT] " S,3482,0F,00,4267,P1,4E" (24)
23:52:18  [AT] "SEND OK" (7)
23:52:18  [TX] S,3483,0F,00,4268,P1,40
23:52:18  [SLOT] n=3557 tx=23 ack=0 due=0 r=1
23:52:18  [AT] "AT+CIPSEND=24" (13)
23:52:19  [AT] " S,3483,0F,00,4268,P1,40" (24)
23:52:19  [AT] "SEND OK" (7)
23:52:20  [TX] S,3484,0F,00,4269,P1,46
23:52:20  [SLOT] n=3558 tx=23 ack=0 due=0 r=1
23:52:20  [AT] "AT+CIPSEND=24" (13)
23:52:20  [AT] " S,3484,0F,00,4269,P1,46" (24)
23:52:20  [AT] "SEND OK" (7)
23:52:21  «tap» 살아있음 — 최근 60초 rx=7958B (이 줄이 끊기면 탭이 죽은 것이다)
23:52:21  [TX] S,3485,0F,00,4270,P1,4F
23:52:21  [SLOT] n=3559 tx=23 ack=0 due=0 r=1
23:52:21  [AT] "AT+CIPSEND=24" (13)
23:52:21  [AT] " S,3485,0F,00,4270,P1,4F" (24)
23:52:21  [AT] "SEND OK" (7)
23:52:22  [TX] S,3486,0F,00,4272,P1,4E
23:52:22  [SLOT] n=3560 tx=23 ack=0 due=0 r=1
23:52:22  [AT] "AT+CIPSEND=24" (13)
23:52:22  [AT] " S,3486,0F,00,4272,P1,4E" (24)
23:52:22  [AT] "SEND OK" (7)
23:52:23  [TX] S,3487,0F,00,4273,P1,4E
23:52:23  [SLOT] n=3561 tx=23 ack=0 due=0 r=1
23:52:23  [AT] "AT+CIPSEND=24" (13)
23:52:23  [AT] " S,3487,0F,00,4273,P1,4E" (24)
23:52:23  [AT] "SEND OK" (7)
23:52:24  [TX] S,3488,0F,00,4274,P1,46
23:52:24  [SLOT] n=3562 tx=23 ack=0 due=0 r=1
23:52:24  [AT] "AT+CIPSEND=24" (13)
23:52:24  [AT] " S,3488,0F,00,4274,P1,46" (24)
23:52:24  [AT] "SEND OK" (7)
23:52:26  [TX] S,3489,0F,00,4275,P1,46
23:52:26  [SLOT] n=3563 tx=23 ack=0 due=0 r=1
23:52:26  [AT] "AT+CIPSEND=24" (13)
23:52:26  [AT] " S,3489,0F,00,4275,P1,46" (24)
23:52:26  [AT] "SEND OK" (7)
23:52:27  [TX] S,3490,0F,00,4276,P1,4D
23:52:27  [SLOT] n=3564 tx=23 ack=0 due=0 r=1
23:52:27  [AT] "AT+CIPSEND=24" (13)
23:52:27  [AT] " S,3490,0F,00,4276,P1,4D" (24)
23:52:27  [AT] "SEND OK" (7)
23:52:28  [TX] S,3491,0F,00,4278,P1,42
23:52:28  [SLOT] n=3565 tx=23 ack=0 due=0 r=1
23:52:28  [AT] "AT+CIPSEND=24" (13)
23:52:28  [AT] " S,3491,0F,00,4278,P1,42" (24)
23:52:28  [AT] "SEND OK" (7)
23:52:29  [TX] S,3492,0F,00,4279,P1,40
23:52:29  [SLOT] n=3566 tx=23 ack=0 due=0 r=1
23:52:29  [AT] "AT+CIPSEND=24" (13)
23:52:29  [AT] " S,3492,0F,00,4279,P1,40" (24)
23:52:29  [AT] "SEND OK" (7)
23:52:30  [TX] S,3493,0F,00,4280,P1,47
23:52:30  [SLOT] n=3567 tx=23 ack=0 due=0 r=1
23:52:30  [AT] "AT+CIPSEND=24" (13)
23:52:30  [AT] " S,3493,0F,00,4280,P1,47" (24)
23:52:30  [AT] "SEND OK" (7)
23:52:32  [TX] S,3494,0F,00,4281,P1,41
23:52:32  [SLOT] n=3568 tx=23 ack=0 due=0 r=1
23:52:32  [AT] "AT+CIPSEND=24" (13)
23:52:32  [AT] " S,3494,0F,00,4281,P1,41" (24)
23:52:32  [AT] "SEND OK" (7)
23:52:33  [TX] S,3495,0F,00,4282,P1,43
23:52:33  [SLOT] n=3569 tx=23 ack=0 due=0 r=1
23:52:33  [AT] "AT+CIPSEND=24" (13)
23:52:33  [AT] " S,3495,0F,00,4282,P1,43" (24)
23:52:33  [AT] "SEND OK" (7)
23:52:34  [TX] S,3496,0F,00,4284,P1,46
23:52:34  [SLOT] n=3570 tx=23 ack=0 due=0 r=1
23:52:34  [AT] "AT+CIPSEND=24" (13)
23:52:34  [AT] " S,3496,0F,00,4284,P1,46" (24)
23:52:34  [AT] "SEND OK" (7)
23:52:35  [TX] S,3497,0F,00,4285,P1,46
23:52:35  [SLOT] n=3571 tx=23 ack=0 due=0 r=1
23:52:35  [AT] "AT+CIPSEND=24" (13)
23:52:35  [AT] " S,3497,0F,00,4285,P1,46" (24)
23:52:35  [AT] "SEND OK" (7)
23:52:36  [TX] S,3498,0F,00,4286,P1,4A
23:52:36  [SLOT] n=3572 tx=23 ack=0 due=0 r=1
23:52:36  [AT] "AT+CIPSEND=24" (13)
23:52:37  [AT] " S,3498,0F,00,4286,P1,4A" (24)
23:52:37  [AT] "SEND OK" (7)
23:52:38  [TX] S,3499,0F,00,4287,P1,4A
23:52:38  [SLOT] n=3573 tx=23 ack=0 due=0 r=1
23:52:38  [AT] "AT+CIPSEND=24" (13)
23:52:38  [AT] " S,3499,0F,00,4287,P1,4A" (24)
23:52:38  [AT] "SEND OK" (7)
23:52:39  [TX] S,3500,0F,00,4288,P1,44
23:52:39  [SLOT] n=3574 tx=23 ack=0 due=0 r=1
23:52:39  [AT] "AT+CIPSEND=24" (13)
23:52:39  [AT] " S,3500,0F,00,4288,P1,44" (24)
23:52:39  [AT] "SEND OK" (7)
23:52:40  [TX] S,3501,0F,00,4290,P1,4C
23:52:40  [SLOT] n=3575 tx=23 ack=0 due=0 r=1
23:52:40  [AT] "AT+CIPSEND=24" (13)
23:52:40  [AT] " S,3501,0F,00,4290,P1,4C" (24)
23:52:40  [AT] "SEND OK" (7)
23:52:41  [TX] S,3502,0F,00,4291,P1,4E
23:52:41  [SLOT] n=3576 tx=23 ack=0 due=0 r=1
23:52:41  [AT] "AT+CIPSEND=24" (13)
23:52:41  [AT] " S,3502,0F,00,4291,P1,4E" (24)
23:52:41  [AT] "SEND OK" (7)
23:52:42  [TX] S,3503,0F,00,4292,P1,4C
23:52:42  [SLOT] n=3577 tx=23 ack=0 due=0 r=1
23:52:42  [AT] "AT+CIPSEND=24" (13)
23:52:43  [AT] " S,3503,0F,00,4292,P1,4C" (24)
23:52:43  [AT] "SEND OK" (7)
23:52:44  [TX] S,3504,0F,00,4293,P1,4A
23:52:44  [SLOT] n=3578 tx=23 ack=0 due=0 r=1
23:52:44  [AT] "AT+CIPSEND=24" (13)
23:52:44  [AT] " S,3504,0F,00,4293,P1,4A" (24)
23:52:44  [AT] "SEND OK" (7)
23:52:45  [TX] S,3505,0F,00,4294,P1,4C
23:52:45  [SLOT] n=3579 tx=23 ack=0 due=0 r=1
23:52:45  [AT] "AT+CIPSEND=24" (13)
23:52:45  [AT] " S,3505,0F,00,4294,P1,4C" (24)
23:52:45  [AT] "SEND OK" (7)
23:52:46  [TX] S,3506,0F,00,4296,P1,4D
23:52:46  [SLOT] n=3580 tx=23 ack=0 due=0 r=1
23:52:46  [AT] "AT+CIPSEND=24" (13)
23:52:46  [AT] " S,3506,0F,00,4296,P1,4D" (24)
23:52:46  [AT] "SEND OK" (7)
23:52:47  [TX] S,3507,0F,00,4297,P1,4D
23:52:47  [SLOT] n=3581 tx=23 ack=0 due=0 r=1
23:52:47  [AT] "AT+CIPSEND=24" (13)
23:52:47  [AT] " S,3507,0F,00,4297,P1,4D" (24)
23:52:47  [AT] "SEND OK" (7)
23:52:48  [TX] S,3508,0F,00,4298,P1,4D
23:52:48  [SLOT] n=3582 tx=23 ack=0 due=0 r=1
23:52:48  [AT] "AT+CIPSEND=24" (13)
23:52:48  [AT] " S,3508,0F,00,4298,P1,4D" (24)
23:52:48  [AT] "SEND OK" (7)
23:52:49  [TX] S,3509,0F,00,4299,P1,4D
23:52:50  [SLOT] n=3583 tx=23 ack=0 due=0 r=1
23:52:50  [AT] "AT+CIPSEND=24" (13)
23:52:50  [AT] " S,3509,0F,00,4299,P1,4D" (24)
23:52:50  [AT] "SEND OK" (7)
23:52:51  [TX] S,3510,0F,00,4300,P1,44
23:52:51  [SLOT] n=3584 tx=23 ack=0 due=0 r=1
23:52:51  [AT] "AT+CIPSEND=24" (13)
23:52:51  [AT] " S,3510,0F,00,4300,P1,44" (24)
23:52:51  [AT] "SEND OK" (7)
23:52:52  [TX] S,3511,0F,00,4302,P1,47
23:52:52  [SLOT] n=3585 tx=23 ack=0 due=0 r=1
23:52:52  [AT] "AT+CIPSEND=24" (13)
23:52:52  [AT] " S,3511,0F,00,4302,P1,47" (24)
23:52:52  [AT] "SEND OK" (7)
23:52:53  [TX] S,3512,0F,00,4303,P1,45
23:52:53  [SLOT] n=3586 tx=23 ack=0 due=0 r=1
23:52:53  [AT] "AT+CIPSEND=24" (13)
23:52:53  [AT] " S,3512,0F,00,4303,P1,45" (24)
23:52:53  [AT] "SEND OK" (7)
23:52:54  [TX] S,3513,0F,00,4304,P1,43
23:52:54  [SLOT] n=3587 tx=23 ack=0 due=0 r=1
23:52:54  [AT] "AT+CIPSEND=24" (13)
23:52:54  [AT] " S,3513,0F,00,4304,P1,43" (24)
23:52:54  [AT] "SEND OK" (7)
23:52:55  [TX] S,3514,0F,00,4305,P1,45
23:52:55  [SLOT] n=3588 tx=23 ack=0 due=0 r=1
23:52:55  [AT] "AT+CIPSEND=24" (13)
23:52:56  [AT] " S,3514,0F,00,4305,P1,45" (24)
23:52:56  [AT] "SEND OK" (7)
23:52:57  [TX] S,3515,0F,00,4306,P1,47
23:52:57  [SLOT] n=3589 tx=23 ack=0 due=0 r=1
23:52:57  [AT] "AT+CIPSEND=24" (13)
23:52:57  [AT] " S,3515,0F,00,4306,P1,47" (24)
23:52:57  [AT] "SEND OK" (7)
23:52:58  [TX] S,3516,0F,00,4308,P1,4A
23:52:58  [SLOT] n=3590 tx=23 ack=0 due=0 r=1
23:52:58  [AT] "AT+CIPSEND=24" (13)
23:52:58  [AT] " S,3516,0F,00,4308,P1,4A" (24)
23:52:58  [AT] "SEND OK" (7)
23:52:59  [TX] S,3517,0F,00,4309,P1,4A
23:52:59  [SLOT] n=3591 tx=23 ack=0 due=0 r=1
23:52:59  [AT] "AT+CIPSEND=24" (13)
23:52:59  [AT] " S,3517,0F,00,4309,P1,4A" (24)
23:52:59  [AT] "SEND OK" (7)
23:53:00  [TX] S,3518,0F,00,4310,P1,4D
23:53:00  [SLOT] n=3592 tx=23 ack=0 due=0 r=1
23:53:00  [AT] "AT+CIPSEND=24" (13)
23:53:01  [AT] " S,3518,0F,00,4310,P1,4D" (24)
23:53:01  [AT] "SEND OK" (7)
23:53:01  [TX] S,3519,0F,00,4311,P1,4D
23:53:01  [SLOT] n=3593 tx=23 ack=0 due=0 r=1
23:53:01  [AT] "AT+CIPSEND=24" (13)
23:53:02  [AT] " S,3519,0F,00,4311,P1,4D" (24)
23:53:02  [AT] "SEND OK" (7)
23:53:03  [TX] S,3520,0F,00,4312,P1,44
23:53:03  [SLOT] n=3594 tx=23 ack=0 due=0 r=1
23:53:03  [AT] "AT+CIPSEND=24" (13)
23:53:03  [AT] " S,3520,0F,00,4312,P1,44" (24)
23:53:03  [AT] "SEND OK" (7)
23:53:04  [TX] S,3521,0F,00,4314,P1,43
23:53:04  [SLOT] n=3595 tx=23 ack=0 due=0 r=1
23:53:04  [AT] "AT+CIPSEND=24" (13)
23:53:04  [AT] " S,3521,0F,00,4314,P1,43" (24)
23:53:04  [AT] "SEND OK" (7)
23:53:05  [TX] S,3522,0F,00,4315,P1,41
23:53:05  [SLOT] n=3596 tx=23 ack=0 due=0 r=1
23:53:05  [AT] "AT+CIPSEND=24" (13)
23:53:06  [AT] " S,3522,0F,00,4315,P1,41" (24)
23:53:06  [AT] "SEND OK" (7)
23:53:06  [TX] S,3523,0F,00,4316,P1,43
23:53:06  [SLOT] n=3597 tx=23 ack=0 due=0 r=1
23:53:06  [AT] "AT+CIPSEND=24" (13)
23:53:06  [AT] " S,3523,0F,00,4316,P1,43" (24)
23:53:06  [AT] "SEND OK" (7)
23:53:07  [TX] S,3524,0F,00,4317,P1,45
23:53:07  [SLOT] n=3598 tx=23 ack=0 due=0 r=1
23:53:07  [AT] "AT+CIPSEND=24" (13)
23:53:08  [AT] " S,3524,0F,00,4317,P1,45" (24)
23:53:08  [AT] "SEND OK" (7)
23:53:09  [TX] S,3525,0F,00,4318,P1,4B
23:53:09  [SLOT] n=3599 tx=23 ack=0 due=0 r=1
23:53:09  [AT] "AT+CIPSEND=24" (13)
23:53:09  [AT] " S,3525,0F,00,4318,P1,4B" (24)
23:53:09  [AT] "SEND OK" (7)
23:53:10  [TX] S,3526,0F,00,4320,P1,43
23:53:10  [SLOT] n=3600 tx=23 ack=0 due=0 r=1
23:53:10  [CNT] up=4320 drop=0 esprst=8 hwrst=0/0 resync=0 sendfail=0 okto=2 stuck=0 ackq=0 ackdrop=0 ackstale=0 slot=3600 oow=1 smiss=7 ssovf=0 cksumng=0 okstream=3525 penddrop=0 pendfill=3527 bigfill=11 bigdrop=0 bigokst=11 oklost=0 bigoklost=0 skip=15 online=1
23:53:10  [RAM] 최저 여유 571 B · 프롬프트 재동기 0회 (서버의 '버린줄' 과 맞아야 한다)
23:53:10  [AT] " S,3526,0F,00,4320,P1,43" (24)
23:53:10  [AT] "SEND OK" (7)
23:53:10  [AT] "AT+CIPSEND=24" (13)
23:53:11  [TX] S,3527,0F,00,4321,P1,43
23:53:11  [SLOT] n=3601 tx=23 ack=0 due=0 r=1
23:53:11  [AT] "AT+CIPSEND=24" (13)
23:53:11  [AT] " S,3527,0F,00,4321,P1,43" (24)
23:53:11  [AT] "SEND OK" (7)
23:53:12  [TX] S,3528,0F,00,4322,P1,4F
23:53:12  [SLOT] n=3602 tx=23 ack=0 due=0 r=1
23:53:12  [AT] "AT+CIPSEND=24" (13)
23:53:12  [AT] " S,3528,0F,00,4322,P1,4F" (24)
23:53:12  [AT] "SEND OK" (7)
23:53:13  [TX] S,3529,0F,00,4323,P1,4F
23:53:13  [SLOT] n=3603 tx=23 ack=0 due=0 r=1
23:53:13  [AT] "AT+CIPSEND=24" (13)
23:53:14  [AT] " S,3529,0F,00,4323,P1,4F" (24)
23:53:14  [AT] "SEND OK" (7)
23:53:15  [TX] S,3530,0F,00,4324,P1,40
23:53:15  [SLOT] n=3604 tx=23 ack=0 due=0 r=1
23:53:15  [AT] "AT+CIPSEND=24" (13)
23:53:15  [AT] " S,3530,0F,00,4324,P1,40" (24)
23:53:15  [AT] "SEND OK" (7)
23:53:16  [TX] S,3531,0F,00,4326,P1,43
23:53:16  [SLOT] n=3605 tx=23 ack=0 due=0 r=1
23:53:16  [AT] "AT+CIPSEND=24" (13)
23:53:16  [AT] " S,3531,0F,00,4326,P1,43" (24)
23:53:16  [AT] "SEND OK" (7)
23:53:17  [TX] S,3532,0F,00,4327,P1,41
23:53:17  [SLOT] n=3606 tx=23 ack=0 due=0 r=1
23:53:17  [AT] "AT+CIPSEND=24" (13)
23:53:18  [AT] " S,3532,0F,00,4327,P1,41" (24)
23:53:18  [AT] "SEND OK" (7)
23:53:18  [TX] S,3533,0F,00,4328,P1,4F
23:53:18  [SLOT] n=3607 tx=23 ack=0 due=0 r=1
23:53:18  [AT] "AT+CIPSEND=24" (13)
23:53:18  [AT] " S,3533,0F,00,4328,P1,4F" (24)
23:53:18  [AT] "SEND OK" (7)
23:53:19  [TX] S,3534,0F,00,4329,P1,49
23:53:19  [SLOT] n=3608 tx=23 ack=0 due=0 r=1
23:53:19  [AT] "AT+CIPSEND=24" (13)
23:53:20  [AT] " S,3534,0F,00,4329,P1,49" (24)
23:53:20  [AT] "SEND OK" (7)
23:53:21  «tap» 살아있음 — 최근 60초 rx=7958B (이 줄이 끊기면 탭이 죽은 것이다)
23:53:21  [TX] S,3535,0F,00,4330,P1,40
23:53:21  [SLOT] n=3609 tx=23 ack=0 due=0 r=1
23:53:21  [AT] "AT+CIPSEND=24" (13)
23:53:21  [AT] " S,3535,0F,00,4330,P1,40" (24)
23:53:21  [AT] "SEND OK" (7)
23:53:22  [TX] S,3536,0F,00,4332,P1,41
23:53:22  [SLOT] n=3610 tx=23 ack=0 due=0 r=1
23:53:22  [AT] "AT+CIPSEND=24" (13)
23:53:22  [AT] " S,3536,0F,00,4332,P1,41" (24)
23:53:22  [AT] "SEND OK" (7)
23:53:23  [TX] S,3537,0F,00,4333,P1,41
23:53:23  [SLOT] n=3611 tx=23 ack=0 due=0 r=1
23:53:23  [AT] "AT+CIPSEND=24" (13)
23:53:23  [AT] " S,3537,0F,00,4333,P1,41" (24)
23:53:23  [AT] "SEND OK" (7)
23:53:24  [TX] S,3538,0F,00,4334,P1,49
23:53:24  [SLOT] n=3612 tx=23 ack=0 due=0 r=1
23:53:24  [AT] "AT+CIPSEND=24" (13)
23:53:24  [AT] " S,3538,0F,00,4334,P1,49" (24)
23:53:24  [AT] "SEND OK" (7)
23:53:25  [TX] S,3539,0F,00,4335,P1,49
23:53:25  [SLOT] n=3613 tx=23 ack=0 due=0 r=1
23:53:25  [AT] "AT+CIPSEND=24" (13)
23:53:25  [AT] " S,3539,0F,00,4335,P1,49" (24)
23:53:25  [AT] "SEND OK" (7)
23:53:27  [TX] S,3540,0F,00,4336,P1,44
23:53:27  [SLOT] n=3614 tx=23 ack=0 due=0 r=1
23:53:27  [AT] "AT+CIPSEND=24" (13)
23:53:27  [AT] " S,3540,0F,00,4336,P1X44" (24)
23:53:27  [AT] "SEND OK" (7)
23:53:28  [TX] S,3541,0F,00,4338,P1,4B
23:53:28  [SLOT] n=3615 tx=23 ack=0 due=0 r=1
23:53:28  [AT] "AT+CIPSEND=24" (13)
23:53:28  [AT] " S,3541,0F,00,4338,P1,4B" (24)
23:53:28  [AT] "SEND OK" (7)
23:53:29  [TX] S,3542,0F,00,4339,P1,49
23:53:29  [SLOT] n=3616 tx=23 ack=0 due=0 r=1
23:53:29  [AT] "AT+CIPSEND=24" (13)
23:53:29  [AT] " S,3542,0F,00,4339,P1,49" (24)
23:53:29  [AT] "SEND OK" (7)
23:53:30  [TX] S,3543,0F,00,4340,P1,46
23:53:30  [SLOT] n=3617 tx=23 ack=0 due=0 r=1
23:53:30  [AT] "AT+CIPSEND=24" (13)
23:53:31  [AT] " S,3543,0F,00,4340,P1,46" (24)
23:53:31  [AT] "SEND OK" (7)
23:53:31  [TX] S,3544,0F,00,4341,P1,40
23:53:31  [SLOT] n=3618 tx=23 ack=0 due=0 r=1
23:53:31  [AT] "AT+CIPSEND=24" (13)
23:53:31  [AT] " S,3544,0F,00,4341,P1,40" (24)
23:53:31  [AT] "SEND OK" (7)
23:53:33  [TX] S,3545,0F,00,4342,P1,42
23:53:33  [SLOT] n=3619 tx=23 ack=0 due=0 r=1
23:53:33  [AT] "AT+CIPSEND=24" (13)
23:53:33  [AT] " S,3545,0F,00,4342,P1,42" (24)
23:53:33  [AT] "SEND OK" (7)
23:53:34  [TX] S,3546,0F,00,4344,P1,47
23:53:34  [SLOT] n=3620 tx=23 ack=0 due=0 r=1
23:53:34  [AT] "AT+CIPSEND=24" (13)
23:53:34  [AT] " S,3546,0F,00,4344,P1,47" (24)
23:53:34  [AT] "SEND OK" (7)
23:53:35  [TX] S,3547,0F,00,4345,P1,47
23:53:35  [SLOT] n=3621 tx=23 ack=0 due=0 r=1
23:53:35  [AT] "AT+CIPSEND=24" (13)
23:53:35  [AT] " S,3547,0F,00,4345,P1,47" (24)
23:53:35  [AT] "SEND OK" (7)
23:53:36  [TX] S,3548,0F,00,4346,P1,4B
23:53:36  [SLOT] n=3622 tx=23 ack=0 due=0 r=1
23:53:36  [AT] "AT+CIPSEND=24" (13)
23:53:37  [TX-WAIT] 앞 전송의 SEND OK 를 아직 못 봤다 — 이번 주기는 건너뛴다
23:53:37  [SLOT] n=3623 tx=23 ack=0 due=0 r=0
23:53:38  [AT] " S,3548,0F,00,4346,P1,4B" (24)
23:53:38  [AT] "SEND OK" (7)
23:53:39  [TX] S,3549,0F,00,4348,P1,44
23:53:39  [SLOT] n=3624 tx=23 ack=0 due=0 r=1
23:53:39  [AT] "AT+CIPSEND=24" (13)
23:53:39  [AT] " S,3549,0F,00,4348,P1,44" (24)
23:53:39  [AT] "SEND OK" (7)
23:53:40  [TX] S,3550,0F,00,4350,P1,45
23:53:40  [SLOT] n=3625 tx=23 ack=0 due=0 r=1
23:53:40  [AT] "AT+CIPSEND=24" (13)
23:53:40  [AT] " S,3550,0F,00,4350,P1,45" (24)
23:53:40  [AT] "SEND OK" (7)
23:53:41  [TX] S,3551,0F,00,4351,P1,45
23:53:41  [SLOT] n=3626 tx=23 ack=0 due=0 r=1
23:53:41  [AT] "AT+CIPSEND=24" (13)
23:53:41  [AT] " S,3551,0F,00,4351,P1,45" (24)
23:53:41  [AT] "SEND OK" (7)
23:53:42  [TX] S,3552,0F,00,4352,P1,45
23:53:42  [SLOT] n=3627 tx=23 ack=0 due=0 r=1
23:53:42  [AT] "AT+CIPSEND=24" (13)
23:53:42  [AT] " S,3552,0F,00,4352,P1,45" (24)
23:53:42  [AT] "SEND OK" (7)
23:53:43  [TX] S,3553,0F,00,4353,P1,45
23:53:43  [SLOT] n=3628 tx=23 ack=0 due=0 r=1
23:53:43  [AT] "AT+CIPSEND=24" (13)
23:53:44  [AT] " S,3553,0F,00,4353,P1,45" (24)
23:53:44  [AT] "SEND OK" (7)
23:53:45  [TX] S,3554,0F,00,4354,P1,45
23:53:45  [SLOT] n=3629 tx=23 ack=0 due=0 r=1
23:53:45  [AT] "AT+CIPSEND=24" (13)
23:53:45  [AT] " S,3554,0F,00,4354,P1,45" (24)
23:53:45  [AT] "SEND OK" (7)
23:53:46  [TX] S,3555,0F,00,4356,P1,46
23:53:46  [SLOT] n=3630 tx=23 ack=0 due=0 r=1
23:53:46  [AT] "AT+CIPSEND=24" (13)
23:53:46  [AT] " S,3555,0F,00,4356,P1,46" (24)
23:53:46  [AT] "SEND OK" (7)
23:53:47  [TX] S,3556,0F,00,4357,P1,44
23:53:47  [SLOT] n=3631 tx=23 ack=0 due=0 r=1
23:53:47  [AT] "AT+CIPSEND=24" (13)
23:53:47  [AT] " S,3556,0F,00,4357,P1,44" (24)
23:53:47  [AT] "SEND OK" (7)
23:53:48  [TX] S,3557,0F,00,4358,P1,4A
23:53:48  [SLOT] n=3632 tx=23 ack=0 due=0 r=1
23:53:48  [AT] "AT+CIPSEND=24" (13)
23:53:48  [AT] " S,3557,0F,00,4358,P1,4A" (24)
23:53:48  [AT] "SEND OK" (7)
23:53:49  [TX] S,3558,0F,00,4359,P1,44
23:53:49  [SLOT] n=3633 tx=23 ack=0 due=0 r=1
23:53:49  [AT] "AT+CIPSEND=24" (13)
23:53:49  [AT] " S,3558,0F,00,4359,P1,44" (24)
23:53:49  [AT] "SEND OK" (7)
23:53:51  [TX] S,3559,0F,00,4360,P1,4F
23:53:51  [SLOT] n=3634 tx=23 ack=0 due=0 r=1
23:53:51  [AT] "AT+CIPSEND=24" (13)
23:53:51  [AT] " S,3559,0F,00,4360,P1,4F" (24)
23:53:51  [AT] "SEND OK" (7)
23:53:52  [TX] S,3560,0F,00,4362,P1,47
23:53:52  [SLOT] n=3635 tx=23 ack=0 due=0 r=1
23:53:52  [AT] "AT+CIPSEND=24" (13)
23:53:52  [AT] " S,3560,0F,00,4362,P1,47" (24)
23:53:52  [AT] "SEND OK" (7)
23:53:53  [TX] S,3561,0F,00,4363,P1,47
23:53:53  [SLOT] n=3636 tx=23 ack=0 due=0 r=1
23:53:53  [AT] "AT+CIPSEND=24" (13)
23:53:53  [AT] " S,3561,0F,00,4363,P1,47" (24)
23:53:53  [AT] "SEND OK" (7)
23:53:54  [TX] S,3562,0F,00,4364,P1,43
23:53:54  [SLOT] n=3637 tx=23 ack=0 due=0 r=1
23:53:54  [AT] "AT+CIPSEND=24" (13)
23:53:54  [AT] " S,3562,0F,00,4364,P1,43" (24)
23:53:54  [AT] "SEND OK" (7)
23:53:55  [TX] S,3563,0F,00,4365,P1,43
23:53:55  [SLOT] n=3638 tx=23 ack=0 due=0 r=1
23:53:55  [AT] "AT+CIPSEND=24" (13)
23:53:55  [AT] " S,3563,0F,00,4365,P1,43" (24)
23:53:55  [AT] "SEND OK" (7)
23:53:57  [TX] S,3564,0F,00,4366,P1,47
23:53:57  [SLOT] n=3639 tx=23 ack=0 due=0 r=1
23:53:57  [AT] "AT+CIPSEND=24" (13)
23:53:57  [AT] " S,3564,0F,00,4366,P1,47" (24)
23:53:57  [AT] "SEND OK" (7)
23:53:58  [TX] S,3565,0F,00,4368,P1,48
23:53:58  [SLOT] n=3640 tx=23 ack=0 due=0 r=1
23:53:58  [AT] "AT+CIPSEND=24" (13)
23:53:58  [AT] " S,3565,0F,00,4368,P1,48" (24)
23:53:58  [AT] "SEND OK" (7)
23:53:59  [TX] S,3566,0F,00,4369,P1,4A
23:53:59  [SLOT] n=3641 tx=23 ack=0 due=0 r=1
23:53:59  [AT] "AT+CIPSEND=24" (13)
23:53:59  [AT] " S,3566,0F,00,4369XP1,4A" (24)
23:53:59  [AT] "SEND OK" (7)
23:54:00  [TX] S,3567,0F,00,4370,P1,43
23:54:00  [SLOT] n=3642 tx=23 ack=0 due=0 r=1
23:54:00  [AT] "AT+CIPSEND=24" (13)
23:54:00  [AT] " S,3567,0F,00,4370,P1,43" (24)
23:54:00  [AT] "SEND OK" (7)
23:54:01  [TX] S,3568,0F,00,4371,P1,4D
23:54:01  [SLOT] n=3643 tx=23 ack=0 due=0 r=1
23:54:01  [AT] "AT+CIPSEND=24" (13)
23:54:01  [AT] " S,3568,0F,00,4371,P1,4D" (24)
23:54:01  [AT] "SEND OK" (7)
23:54:03  [TX] S,3569,0F,00,4372,P1,4F
23:54:03  [SLOT] n=3644 tx=23 ack=0 due=0 r=1
23:54:03  [AT] "AT+CIPSEND=24" (13)
23:54:03  [AT] " S,3569,0F,00,4372,P1,4F" (24)
23:54:03  [AT] "SEND OK" (7)
23:54:04  [TX] S,3570,0F,00,4374,P1,41
23:54:04  [SLOT] n=3645 tx=23 ack=0 due=0 r=1
23:54:04  [AT] "AT+CIPSEND=24" (13)
23:54:04  [AT] " S,3570,0F,00,4374,P1,41" (24)
23:54:04  [AT] "SEND OK" (7)
23:54:05  [TX] S,3571,0F,00,4375,P1,41
23:54:05  [SLOT] n=3646 tx=23 ack=0 due=0 r=1
23:54:05  [AT] "AT+CIPSEND=24" (13)
23:54:05  [AT] " S,3571,0F,00,4375,P1,41" (24)
23:54:05  [AT] "SEND OK" (7)
23:54:06  [TX] S,3572,0F,00,4376,P1,41
23:54:06  [SLOT] n=3647 tx=23 ack=0 due=0 r=1
23:54:06  [AT] "AT+CIPSEND=24" (13)
23:54:06  [AT] " S,3572,0F,00,4376,P1,41" (24)
23:54:06  [AT] "SEND OK" (7)
23:54:07  [TX] S,3573,0F,00,4377,P1,41
23:54:07  [SLOT] n=3648 tx=23 ack=0 due=0 r=1
23:54:07  [AT] "AT+CIPSEND=24" (13)
23:54:07  [AT] " S,3573,0F,00,4377,P1,41" (24)
23:54:07  [AT] "SEND OK" (7)
23:54:09  [TX] S,3574,0F,00,4378,P1,49
23:54:09  [SLOT] n=3649 tx=23 ack=0 due=0 r=1
23:54:09  [AT] "AT+CIPSEND=24" (13)
23:54:09  [AT] " S,3574,0F,00,4378,P1,49" (24)
23:54:09  [AT] "SEND OK" (7)
23:54:10  [TX] S,3575,0F,00,4380,P1,4F
23:54:10  [SLOT] n=3650 tx=23 ack=0 due=0 r=1
23:54:10  [CNT] up=4380 drop=0 esprst=8 hwrst=0/0 resync=0 sendfail=0 okto=2 stuck=0 ackq=0 ackdrop=0 ackstale=0 slot=3650 oow=1 smiss=7 ssovf=0 cksumng=0 okstream=3574 penddrop=0 pendfill=3576 bigfill=11 bigdrop=0 bigokst=11 oklost=0 bigoklost=0 skip=16 online=1
23:54:10  [RAM] 최저 여유 571 B · 프롬프트 재동기 0회 (서버의 '버린줄' 과 맞아야 한다)
23:54:10  [AT] " S,3575,0F,00,4380,P1,4F" (24)
23:54:10  [AT] "SEND OK" (7)
23:54:10  [AT] "AT+CIPSEND=24" (13)
23:54:11  [TX] S,3576,0F,00,4381,P1,4D
23:54:11  [SLOT] n=3651 tx=23 ack=0 due=0 r=1
23:54:11  [AT] "AT+CIPSEND=24" (13)
23:54:11  [AT] " S,3576,0F,00,4381,P1,4D" (24)
23:54:11  [AT] "SEND OK" (7)
23:54:12  [TX] S,3577,0F,00,4382,P1,4F
23:54:12  [SLOT] n=3652 tx=23 ack=0 due=0 r=1
23:54:12  [AT] "AT+CIPSEND=24" (13)
23:54:12  [AT] " S,3577,0F,00,4382,P1,4F" (24)
23:54:12  [AT] "SEND OK" (7)
23:54:13  [TX] S,3578,0F,00,4383,P1,41
23:54:13  [SLOT] n=3653 tx=23 ack=0 due=0 r=1
23:54:13  [AT] "AT+CIPSEND=24" (13)
23:54:13  [AT] " S,3578,0F,00,4383,P1,41" (24)
23:54:13  [AT] "SEND OK" (7)
23:54:15  [TX] S,3579,0F,00,4384,P1,47
23:54:15  [SLOT] n=3654 tx=23 ack=0 due=0 r=1
23:54:15  [AT] "AT+CIPSEND=24" (13)
23:54:15  [AT] " S,3579,0F,00,4384,P1,47" (24)
23:54:15  [AT] "SEND OK" (7)
23:54:16  [TX] S,3580,0F,00,4386,P1,43
23:54:16  [SLOT] n=3655 tx=23 ack=0 due=0 r=1
23:54:16  [AT] "AT+CIPSEND=24" (13)
23:54:16  [AT] " S,3580,0F,00,4386,P1,43" (24)
23:54:16  [AT] "SEND OK" (7)
23:54:17  [TX] S,3581,0F,00,4387,P1,43
23:54:17  [SLOT] n=3656 tx=23 ack=0 due=0 r=1
23:54:17  [AT] "AT+CIPSEND=24" (13)
23:54:17  [AT] " S,3581,0F,00,4387,P1,43" (24)
23:54:17  [AT] "SEND OK" (7)
23:54:18  [TX] S,3582,0F,00,4388,P1,4F
23:54:18  [SLOT] n=3657 tx=23 ack=0 due=0 r=1
23:54:18  [AT] "AT+CIPSEND=24" (13)
23:54:18  [AT] " S,3582,0F,00,4388,P1,4F" (24)
23:54:18  [AT] "SEND OK" (7)
23:54:19  [TX] S,3583,0F,00,4389,P1,4F
23:54:19  [SLOT] n=3658 tx=23 ack=0 due=0 r=1
23:54:19  [AT] "AT+CIPSEND=24" (13)
23:54:19  [AT] " S,3583,0F,00,4389,P1,4F" (24)
23:54:19  [AT] "SEND OK" (7)
23:54:21  «tap» 살아있음 — 최근 60초 rx=7932B (이 줄이 끊기면 탭이 죽은 것이다)
23:54:21  [TX] S,3584,0F,00,4390,P1,40
23:54:21  [SLOT] n=3659 tx=23 ack=0 due=0 r=1
23:54:21  [AT] "AT+CIPSEND=24" (13)
23:54:21  [AT] " S,3584,0F,00,4390,P1,40" (24)
23:54:21  [AT] "SEND OK" (7)
23:54:22  [TX] S,3585,0F,00,4392,P1,43
23:54:22  [SLOT] n=3660 tx=23 ack=0 due=0 r=1
23:54:22  [AT] "AT+CIPSEND=24" (13)
23:54:22  [AT] " S,3585,0F,00,4392,P1,43" (24)
23:54:22  [AT] "SEND OK" (7)
23:54:23  [TX] S,3586,0F,00,4393,P1,41
23:54:23  [SLOT] n=3661 tx=23 ack=0 due=0 r=1
23:54:23  [AT] "AT+CIPSEND=24" (13)
23:54:23  [AT] " S,3586,0F,00,4393,P1,41" (24)
23:54:23  [AT] "SEND OK" (7)
23:54:24  [TX] S,3587,0F,00,4394,P1,47
23:54:24  [SLOT] n=3662 tx=23 ack=0 due=0 r=1
23:54:24  [AT] "AT+CIPSEND=24" (13)
23:54:24  [AT] " S,3587,0F,00,4394,P1,47" (24)
23:54:24  [AT] "SEND OK" (7)
23:54:25  [TX] S,3588,0F,00,4395,P1,49
23:54:25  [SLOT] n=3663 tx=23 ack=0 due=0 r=1
23:54:25  [AT] "AT+CIPSEND=24" (13)
23:54:25  [AT] " S,3588,0F,00,4395,P1,49" (24)
23:54:25  [AT] "SEND OK" (7)
23:54:27  [TX] S,3589,0F,00,4396,P1,4B
23:54:27  [SLOT] n=3664 tx=23 ack=0 due=0 r=1
23:54:27  [AT] "AT+CIPSEND=24" (13)
23:54:27  [AT] " S,3589,0F,00,4396,P1,4B" (24)
23:54:27  [AT] "SEND OK" (7)
23:54:28  [TX] S,3590,0F,00,4398,P1,4D
23:54:28  [SLOT] n=3665 tx=23 ack=0 due=0 r=1
23:54:28  [AT] "AT+CIPSEND=24" (13)
23:54:28  [AT] " S,3590,0F,00,4398,P1,4D" (24)
23:54:28  [AT] "SEND OK" (7)
23:54:29  [TX] S,3591,0F,00,4399,P1,4D
23:54:29  [SLOT] n=3666 tx=23 ack=0 due=0 r=1
23:54:29  [AT] "AT+CIPSEND=24" (13)
23:54:29  [AT] " S,3591,0F,00,4399,P1,4D" (24)
23:54:29  [AT] "SEND OK" (7)
23:54:30  [TX] S,3592,0F,00,4400,P1,49
23:54:30  [SLOT] n=3667 tx=23 ack=0 due=0 r=1
23:54:30  [AT] "AT+CIPSEND=24" (13)
23:54:30  [AT] " S,3592,0F,00,4400,P1,49" (24)
23:54:30  [AT] "SEND OK" (7)
23:54:31  [TX] S,3593,0F,00,4401,P1,49
23:54:31  [SLOT] n=3668 tx=23 ack=0 due=0 r=1
23:54:31  [AT] "AT+CIPSEND=24" (13)
23:54:31  [AT] " S,3593,0F,00,4401,P1,49" (24)
23:54:31  [AT] "SEND OK" (7)
23:54:33  [TX] S,3594,0F,00,4402,P1,4D
23:54:33  [SLOT] n=3669 tx=23 ack=0 due=0 r=1
23:54:33  [AT] "AT+CIPSEND=24" (13)
23:54:33  [AT] " S,3594,0F,00,4402,P1,4D" (24)
23:54:33  [AT] "SEND OK" (7)
23:54:34  [TX] S,3595,0F,00,4404,P1,4A
23:54:34  [SLOT] n=3670 tx=23 ack=0 due=0 r=1
23:54:34  [AT] "AT+CIPSEND=24" (13)
23:54:34  [AT] " S,3595,0F,00,4404,P1,4A" (24)
23:54:34  [AT] "SEND OK" (7)
23:54:35  [TX] S,3596,0F,00,4405,P1,48
23:54:35  [SLOT] n=3671 tx=23 ack=0 due=0 r=1
23:54:35  [AT] "AT+CIPSEND=24" (13)
23:54:35  [AT] " S,3596,0F,00,4405,P1,48" (24)
23:54:35  [AT] "SEND OK" (7)
23:54:37  [TX] S,3597,0F,00,4406,P1,4A
23:54:37  [SLOT] n=3672 tx=23 ack=0 due=0 r=1
23:54:37  [AT] "AT+CIPSEND=24" (13)
23:54:37  [AT] " S,3597,0F,00,4406,P1,4A" (24)
23:54:37  [AT] "SEND OK" (7)
23:54:38  [TX] S,3598,0F,00,4407,P1,44
23:54:38  [SLOT] n=3673 tx=23 ack=0 due=0 r=1
23:54:38  [AT] "AT+CIPSEND=24" (13)
23:54:38  [AT] " S,3598,0F,00,4407,P1,44" (24)
23:54:38  [AT] "SEND OK" (7)
23:54:40  [TX] S,3599,0F,00,4408,P1,4A
23:54:40  [SLOT] n=3674 tx=23 ack=0 due=0 r=1
23:54:40  [AT] "AT+CIPSEND=24" (13)
23:54:40  [AT] " S,3599,0F,00,4408,P1,4A" (24)
23:54:40  [AT] "SEND OK" (7)
23:54:41  [TX] S,3600,0F,00,4410,P1,40
23:54:41  [SLOT] n=3675 tx=23 ack=0 due=0 r=1
23:54:41  [AT] "AT+CIPSEND=24" (13)
23:54:41  [AT] " S,3600,0F,00,4410,P1,40" (24)
23:54:41  [AT] "SEND OK" (7)
23:54:42  [TX] S,3601,0F,00,4411,P1,40
23:54:42  [SLOT] n=3676 tx=23 ack=0 due=0 r=1
23:54:42  [AT] "AT+CIPSEND=24" (13)
23:54:42  [AT] " S,3601,0F,00,4411,P1,40" (24)
23:54:42  [AT] "SEND OK" (7)
23:54:43  [TX] S,3602,0F,00,4412,P1,40
23:54:43  [SLOT] n=3677 tx=23 ack=0 due=0 r=1
23:54:43  [AT] "AT+CIPSEND=24" (13)
23:54:43  [AT] " S,3602,0F,00,4412,P1,40" (24)
23:54:43  [AT] "SEND OK" (7)
23:54:44  [TX] S,3603,0F,00,4413,P1,40
23:54:44  [SLOT] n=3678 tx=23 ack=0 due=0 r=1
23:54:44  [AT] "AT+CIPSEND=24" (13)
23:54:44  [AT] " S,3603,0F,00,4413,P1,40" (24)
23:54:44  [AT] "SEND OK" (7)
23:54:46  [TX] S,3604,0F,00,4414,P1,40
23:54:46  [SLOT] n=3679 tx=23 ack=0 due=0 r=1
23:54:46  [AT] "AT+CIPSEND=24" (13)
23:54:46  [AT] " S,3604,0F,00,4414,P1,40" (24)
23:54:46  [AT] "SEND OK" (7)
23:54:47  [TX] S,3605,0F,00,4416,P1,43
23:54:47  [SLOT] n=3680 tx=23 ack=0 due=0 r=1
23:54:47  [AT] "AT+CIPSEND=24" (13)
23:54:47  [AT] " S,3605,0F,00,4416,P1,43" (24)
23:54:47  [AT] "SEND OK" (7)
23:54:48  [TX] S,3606,0F,00,4417,P1,41
23:54:48  [SLOT] n=3681 tx=23 ack=0 due=0 r=1
23:54:48  [AT] "AT+CIPSEND=24" (13)
23:54:48  [AT] " S,3606,0F,00,4417,P1,41" (24)
23:54:48  [AT] "SEND OK" (7)
23:54:49  [TX] S,3607,0F,00,4418,P1,4F
23:54:49  [SLOT] n=3682 tx=23 ack=0 due=0 r=1
23:54:49  [AT] "AT+CIPSEND=24" (13)
23:54:49  [AT] " S,3607,0F,00,4418,P1,4F" (24)
23:54:49  [AT] "SEND OK" (7)
23:54:50  [TX] S,3608,0F,00,4419,P1,41
23:54:50  [SLOT] n=3683 tx=23 ack=0 due=0 r=1
23:54:50  [AT] "AT+CIPSEND=24" (13)
23:54:50  [AT] " S,3608,0F,00,4419,P1,41" (24)
23:54:50  [AT] "SEND OK" (7)
23:54:52  [TX] S,3609,0F,00,4420,P1,4A
23:54:52  [SLOT] n=3684 tx=23 ack=0 due=0 r=1
23:54:52  [AT] "AT+CIPSEND=24" (13)
23:54:52  [AT] " S,3609,0F,00,4420,P1,4A" (24)
23:54:52  [AT] "SEND OK" (7)
23:54:53  [TX] S,3610,0F,00,4422,P1,40
23:54:53  [SLOT] n=3685 tx=23 ack=0 due=0 r=1
23:54:53  [AT] "AT+CIPSEND=24" (13)
23:54:53  [AT] " S,3610,0F,00,4422,P1,40" (24)
23:54:53  [AT] "SEND OK" (7)
23:54:54  [TX] S,3611,0F,00,4423,P1,40
23:54:54  [SLOT] n=3686 tx=23 ack=0 due=0 r=1
23:54:54  [AT] "AT+CIPSEND=24" (13)
23:54:54  [AT] " S,3611,0F,00,4423,P1,40" (24)
23:54:54  [AT] "SEND OK" (7)
23:54:55  [TX] S,3612,0F,00,4424,P1,44
23:54:55  [SLOT] n=3687 tx=23 ack=0 due=0 r=1
23:54:55  [AT] "AT+CIPSEND=24" (13)
23:54:55  [AT] " S,3612,0F,00,4424,P1,44" (24)
23:54:55  [AT] "SEND OK" (7)
23:54:56  [TX] S,3613,0F,00,4425,P1,44
23:54:56  [SLOT] n=3688 tx=23 ack=0 due=0 r=1
23:54:56  [AT] "AT+CIPSEND=24" (13)
23:54:56  [AT] " S,3613,0F,00,4425,P1,44" (24)
23:54:56  [AT] "SEND OK" (7)
23:54:58  [TX] S,3614,0F,00,4426,P1,40
23:54:58  [SLOT] n=3689 tx=23 ack=0 due=0 r=1
23:54:58  [AT] "AT+CIPSEND=24" (13)
23:54:58  [AT] " S,3614,0F,00,4426,P1,40" (24)
23:54:58  [AT] "SEND OK" (7)
23:54:59  [TX] S,3615,0F,00,4428,P1,4F
23:54:59  [SLOT] n=3690 tx=23 ack=0 due=0 r=1
23:54:59  [AT] "AT+CIPSEND=24" (13)
23:54:59  [AT] " S,3615,0F,00,4428,P1,4F" (24)
23:54:59  [AT] "SEND OK" (7)
23:55:00  [TX] S,3616,0F,00,4429,P1,4D
23:55:00  [SLOT] n=3691 tx=23 ack=0 due=0 r=1
23:55:00  [AT] "AT+CIPSEND=24" (13)
23:55:00  [AT] " S,3616,0F,00,4429,P1,4D" (24)
23:55:00  [AT] "SEND OK" (7)
23:55:01  [TX] S,3617,0F,00,4430,P1,44
23:55:01  [SLOT] n=3692 tx=23 ack=0 due=0 r=1
23:55:01  [AT] "AT+CIPSEND=24" (13)
23:55:01  [AT] " S,3617,0F,00,4430,P1,44" (24)
23:55:01  [AT] "SEND OK" (7)
23:55:02  [TX] S,3618,0F,00,4431,P1,4A
23:55:02  [SLOT] n=3693 tx=23 ack=0 due=0 r=1
23:55:02  [AT] "AT+CIPSEND=24" (13)
23:55:02  [AT] " S,3618,0F,00,4431,P1,4A" (24)
23:55:02  [AT] "SEND OK" (7)
23:55:04  [TX] S,3619,0F,00,4432,P1,48
23:55:04  [SLOT] n=3694 tx=23 ack=0 due=0 r=1
23:55:04  [AT] "AT+CIPSEND=24" (13)
23:55:04  [AT] " S,3619,0F,00,4432,P1,48" (24)
23:55:04  [AT] "SEND OK" (7)
23:55:05  [TX] S,3620,0F,00,4434,P1,44
23:55:05  [SLOT] n=3695 tx=23 ack=0 due=0 r=1
23:55:05  [AT] "AT+CIPSEND=24" (13)
23:55:05  [AT] " S,3620,0F,00,4434,P1,44" (24)
23:55:05  [AT] "SEND OK" (7)
23:55:06  [TX] S,3621,0F,00,4435,P1,44
23:55:06  [SLOT] n=3696 tx=23 ack=0 due=0 r=1
23:55:06  [AT] "AT+CIPSEND=24" (13)
23:55:06  [AT] " S,3621,0F,00,4435,P1,44" (24)
23:55:06  [AT] "SEND OK" (7)
23:55:07  [TX] S,3622,0F,00,4436,P1,44
23:55:07  [SLOT] n=3697 tx=23 ack=0 due=0 r=1
23:55:07  [AT] "AT+CIPSEND=24" (13)
23:55:07  [AT] " S,3622,0F,00,4436,P1,44" (24)
23:55:07  [AT] "SEND OK" (7)
23:55:08  [TX] S,3623,0F,00,4437,P1,44
23:55:08  [SLOT] n=3698 tx=23 ack=0 due=0 r=1
23:55:08  [AT] "AT+CIPSEND=24" (13)
23:55:08  [AT] " S,3623,0F,00,4437,P1,44" (24)
23:55:08  [AT] "SEND OK" (7)
23:55:10  [TX] S,3624,0F,00,4438,P1,4C
23:55:10  [SLOT] n=3699 tx=23 ack=0 due=0 r=1
23:55:10  [AT] "AT+CIPSEND=24" (13)
23:55:10  [AT] " S,3624,0F,00,4438,P1,4C" (24)
23:55:10  [AT] "SEND OK" (7)
23:55:11  [TX] S,3625,0F,00,4440,P1,42
23:55:11  [SLOT] n=3700 tx=23 ack=0 due=0 r=1
23:55:11  [CNT] up=4440 drop=0 esprst=8 hwrst=0/0 resync=0 sendfail=0 okto=2 stuck=0 ackq=0 ackdrop=0 ackstale=0 slot=3700 oow=1 smiss=7 ssovf=0 cksumng=0 okstream=3624 penddrop=0 pendfill=3626 bigfill=11 bigdrop=0 bigokst=11 oklost=0 bigoklost=0 skip=16 online=1
23:55:11  [RAM] 최저 여유 571 B · 프롬프트 재동기 0회 (서버의 '버린줄' 과 맞아야 한다)
23:55:11  [AT] " S,3625,0F,00,4440,P1,42" (24)
23:55:11  [AT] "SEND OK" (7)
23:55:11  [AT] "AT+CIPSEND=24" (13)
23:55:12  [TX] S,3626,0F,00,4441,P1,40
23:55:12  [SLOT] n=3701 tx=23 ack=0 due=0 r=1
23:55:12  [AT] "AT+CIPSEND=24" (13)
23:55:12  [AT] " S,3626,0F,00,4441,P1,40" (24)
23:55:12  [AT] "SEND OK" (7)
23:55:13  [TX] S,3627,0F,00,4442,P1,42
23:55:13  [SLOT] n=3702 tx=23 ack=0 due=0 r=1
23:55:13  [AT] "AT+CIPSEND=24" (13)
23:55:13  [AT] " S,3627,0F,00,4442,P1,42" (24)
23:55:13  [AT] "SEND OK" (7)
23:55:14  [TX] S,3628,0F,00,4443,P1,4C
23:55:14  [SLOT] n=3703 tx=23 ack=0 due=0 r=1
23:55:14  [AT] "AT+CIPSEND=24" (13)
23:55:14  [AT] " S,3628,0F,00,4443,P1,4C" (24)
23:55:14  [AT] "SEND OK" (7)
23:55:15  [TX] S,3629,0F,00,4444,P1,4A
23:55:15  [SLOT] n=3704 tx=23 ack=0 due=0 r=1
23:55:16  [AT] "AT+CIPSEND=24" (13)
23:55:16  [AT] " S,3629,0F,00,4444,P1,4A" (24)
23:55:16  [AT] "SEND OK" (7)
23:55:17  [TX] S,3630,0F,00,4446,P1,40
23:55:17  [SLOT] n=3705 tx=23 ack=0 due=0 r=1
23:55:17  [AT] "AT+CIPSEND=24" (13)
23:55:17  [AT] " S,3630,0F,00,4446,P1,40" (24)
23:55:17  [AT] "SEND OK" (7)
23:55:18  [TX] S,3631,0F,00,4447,P1,40
23:55:18  [SLOT] n=3706 tx=23 ack=0 due=0 r=1
23:55:18  [AT] "AT+CIPSEND=24" (13)
23:55:18  [AT] " S,3631,0F,00,4447,P1,40" (24)
23:55:18  [AT] "SEND OK" (7)
23:55:19  [TX] S,3632,0F,00,4448,P1,4C
23:55:19  [SLOT] n=3707 tx=23 ack=0 due=0 r=1
23:55:19  [AT] "AT+CIPSEND=24" (13)
23:55:19  [AT] " S,3632,0F,00,4448,P1,4C" (24)
23:55:19  [AT] "SEND OK" (7)
23:55:20  [TX] S,3633,0F,00,4449,P1,4C
23:55:20  [SLOT] n=3708 tx=23 ack=0 due=0 r=1
23:55:20  [AT] "AT+CIPSEND=24" (13)
23:55:20  [AT] " S,3633,0F,00,4449,P1,4C" (24)
23:55:20  [AT] "SEND OK" (7)
23:55:21  [TX] S,3634,0F,00,4450,P1,43
23:55:21  [SLOT] n=3709 tx=23 ack=0 due=0 r=1
23:55:21  [AT] "AT+CIPSEND=24" (13)
23:55:22  «tap» 살아있음 — 최근 60초 rx=8052B (이 줄이 끊기면 탭이 죽은 것이다)
23:55:22  [AT] " S,3634,0F,00,4450,P1,43" (24)
23:55:22  [AT] "SEND OK" (7)
23:55:23  [TX] S,3635,0F,00,4452,P1,40
23:55:23  [SLOT] n=3710 tx=23 ack=0 due=0 r=1
23:55:23  [AT] "AT+CIPSEND=24" (13)
23:55:23  [AT] " S,3635,0F,00,4452,P1,40" (24)
23:55:23  [AT] "SEND OK" (7)
23:55:24  [TX] S,3636,0F,00,4453,P1,42
23:55:24  [SLOT] n=3711 tx=23 ack=0 due=0 r=1
23:55:24  [AT] "AT+CIPSEND=24" (13)
23:55:24  [AT] " S,3636,0F,00,4453,P1,42" (24)
23:55:24  [AT] "SEND OK" (7)
23:55:25  [TX] S,3637,0F,00,4454,P1,44
23:55:25  [SLOT] n=3712 tx=23 ack=0 due=0 r=1
23:55:25  [AT] "AT+CIPSEND=24" (13)
23:55:25  [AT] " S,3637,0F,00,4454,P1,44" (24)
23:55:25  [AT] "SEND OK" (7)
23:55:26  [TX] S,3638,0F,00,4455,P1,4A
23:55:26  [SLOT] n=3713 tx=23 ack=0 due=0 r=1
23:55:26  [AT] "AT+CIPSEND=24" (13)
23:55:26  [AT] " S,3638,0F,00,4455,P1,4A" (24)
23:55:26  [AT] "SEND OK" (7)
23:55:27  [TX] S,3639,0F,00,4456,P1,48
23:55:27  [SLOT] n=3714 tx=23 ack=0 due=0 r=1
23:55:27  [AT] "AT+CIPSEND=24" (13)
23:55:27  [AT] " S,3639,0F,00,4456,P1,48" (24)
23:55:28  [AT] "SEND OK" (7)
23:55:29  [TX] S,3640,0F,00,4458,P1,48
23:55:29  [SLOT] n=3715 tx=23 ack=0 due=0 r=1
23:55:29  [AT] "AT+CIPSEND=24" (13)
23:55:29  [AT] " S,3640,0F,00,4458,P1,48" (24)
23:55:29  [AT] "SEND OK" (7)
23:55:30  [TX] S,3641,0F,00,4459,P1,48
23:55:30  [SLOT] n=3716 tx=23 ack=0 due=0 r=1
23:55:30  [AT] "AT+CIPSEND=24" (13)
23:55:30  [AT] " S,3641,0F,00,4459,P1,48" (24)
23:55:30  [AT] "SEND OK" (7)
23:55:31  [TX] S,3642,0F,00,4460,P1,41
23:55:31  [SLOT] n=3717 tx=23 ack=0 due=0 r=1
23:55:31  [AT] "AT+CIPSEND=24" (13)
23:55:31  [AT] " S,3642,0F,00,4460,P1,41" (24)
23:55:31  [AT] "SEND OK" (7)
23:55:32  [TX] S,3643,0F,00,4461,P1,41
23:55:32  [SLOT] n=3718 tx=23 ack=0 due=0 r=1
23:55:32  [AT] "AT+CIPSEND=24" (13)
23:55:32  [AT] " S,3643,0F,00,4461,P1,41" (24)
23:55:32  [AT] "SEND OK" (7)
23:55:33  [TX] S,3644,0F,00,4462,P1,45
23:55:33  [SLOT] n=3719 tx=23 ack=0 due=0 r=1
23:55:33  [AT] "AT+CIPSEND=24" (13)
23:55:33  [AT] " S,3644,0F,00,4462,P1,45" (24)
23:55:33  [AT] "SEND OK" (7)
23:55:35  [TX] S,3645,0F,00,4464,P1,42
23:55:35  [SLOT] n=3720 tx=23 ack=0 due=0 r=1
23:55:35  [AT] "AT+CIPSEND=24" (13)
23:55:35  [AT] " S,3645,0F,00,4464,P1,42" (24)
23:55:35  [AT] "SEND OK" (7)
23:55:36  [TX] S,3646,0F,00,4465,P1,40
23:55:36  [SLOT] n=3721 tx=23 ack=0 due=0 r=1
23:55:36  [AT] "AT+CIPSEND=24" (13)
23:55:36  [AT] " S,3646,0F,00,4465,P1,40" (24)
23:55:36  [AT] "SEND OK" (7)
23:55:37  [TX] S,3647,0F,00,4466,P1,42
23:55:37  [SLOT] n=3722 tx=23 ack=0 due=0 r=1
23:55:37  [AT] "AT+CIPSEND=24" (13)
23:55:37  [AT] " S,3647,0F,00,4466,P1,42" (24)
23:55:37  [AT] "SEND OK" (7)
23:55:38  [TX] S,3648,0F,00,4467,P1,4C
23:55:38  [SLOT] n=3723 tx=23 ack=0 due=0 r=1
23:55:38  [AT] "AT+CIPSEND=24" (13)
23:55:38  [AT] " S,3648,0F,00,4467,P1,4C" (24)
23:55:38  [AT] "SEND OK" (7)
23:55:39  [TX] S,3649,0F,00,4468,P1,42
23:55:39  [SLOT] n=3724 tx=23 ack=0 due=0 r=1
23:55:39  [AT] "AT+CIPSEND=24" (13)
23:55:40  [AT] " S,3649,0F,00,4468,P1,42" (24)
23:55:40  [AT] "SEND OK" (7)
23:55:41  [TX] S,3650,0F,00,4470,P1,43
23:55:41  [SLOT] n=3725 tx=23 ack=0 due=0 r=1
23:55:41  [AT] "AT+CIPSEND=24" (13)
23:55:41  [AT] " S,3650,0F,00,4470,P1,43" (24)
23:55:41  [AT] "SEND OK" (7)
23:55:42  [TX] S,3651,0F,00,4471,P1,43
23:55:42  [SLOT] n=3726 tx=23 ack=0 due=0 r=1
23:55:42  [AT] "AT+CIPSEND=24" (13)
23:55:42  [AT] " S,3651,0F,00,4471,P1,43" (24)
23:55:42  [AT] "SEND OK" (7)
23:55:43  [TX] S,3652,0F,00,4472,P1,43
23:55:43  [SLOT] n=3727 tx=23 ack=0 due=0 r=1
23:55:43  [AT] "AT+CIPSEND=24" (13)
23:55:43  [AT] " S,3652,0F,00,4472,P1,43" (24)
23:55:43  [AT] "SEND OK" (7)
23:55:44  [TX] S,3653,0F,00,4473,P1,43
23:55:44  [SLOT] n=3728 tx=23 ack=0 due=0 r=1
23:55:44  [AT] "AT+CIPSEND=24" (13)
23:55:44  [AT] " S,3653,0F,00,4473,P1,43" (24)
23:55:44  [AT] "SEND OK" (7)
23:55:45  [TX] S,3654,0F,00,4474,P1,43
23:55:45  [SLOT] n=3729 tx=23 ack=0 due=0 r=1
23:55:45  [AT] "AT+CIPSEND=24" (13)
23:55:45  [AT] " S,3654,0F,00,4474,P1,43" (24)
23:55:45  [AT] "SEND OK" (7)
23:55:47  [TX] S,3655,0F,00,4476,P1,40
23:55:47  [SLOT] n=3730 tx=23 ack=0 due=0 r=1
23:55:47  [AT] "AT+CIPSEND=24" (13)
23:55:47  [AT] " S,3655,0F,00,4476,P1,40" (24)
23:55:47  [AT] "SEND OK" (7)
23:55:48  [TX] S,3656,0F,00,4477,P1,42
23:55:48  [SLOT] n=3731 tx=23 ack=0 due=0 r=1
23:55:48  [AT] "AT+CIPSEND=24" (13)
23:55:48  [AT] " S,3656,0F,00,4477,P1,42" (24)
23:55:48  [AT] "SEND OK" (7)
23:55:49  [TX] S,3657,0F,00,4478,P1,4C
23:55:49  [SLOT] n=3732 tx=23 ack=0 due=0 r=1
23:55:49  [AT] "AT+CIPSEND=24" (13)
23:55:49  [AT] " S,3657,0F,00,4478,P1,4C" (24)
23:55:49  [AT] "SEND OK" (7)
23:55:50  [TX] S,3658,0F,00,4479,P1,42
23:55:50  [SLOT] n=3733 tx=23 ack=0 due=0 r=1
23:55:50  [AT] "AT+CIPSEND=24" (13)
23:55:50  [AT] " S,3658,0F,00,4479,P1,42" (24)
23:55:50  [AT] "SEND OK" (7)
23:55:51  [TX] S,3659,0F,00,4480,P1,45
23:55:51  [SLOT] n=3734 tx=23 ack=0 due=0 r=1
23:55:51  [AT] "AT+CIPSEND=24" (13)
23:55:51  [AT] " S,3659,0F,00,4480,P1,45" (24)
23:55:51  [AT] "SEND OK" (7)
23:55:53  [TX] S,3660,0F,00,4482,P1,4D
23:55:53  [SLOT] n=3735 tx=23 ack=0 due=0 r=1
23:55:53  [AT] "ATWCIPSEND=24" (13)
23:55:53  [AT] " S,3660,0F,00,4482,P1,4D" (24)
23:55:53  [AT] "SEND OK" (7)
23:55:54  [TX] S,3661,0F,00,4483,P1,4D
23:55:54  [SLOT] n=3736 tx=23 ack=0 due=0 r=1
23:55:54  [AT] "AT+CIPSEND=24" (13)
23:55:54  [AT] " S,3661,0F,00,4483,P1,4D" (24)
23:55:54  [AT] "SEND OK" (7)
23:55:55  [TX] S,3662,0F,00,4484,P1,49
23:55:55  [SLOT] n=3737 tx=23 ack=0 due=0 r=1
23:55:55  [AT] "AT+CIPSEND=24" (13)
23:55:55  [AT] " S,3662,0F,00,4484,P1,49" (24)
23:55:55  [AT] "SEND OK" (7)
23:55:56  [TX] S,3663,0F,00,4485,P1,49
23:55:56  [SLOT] n=3738 tx=23 ack=0 due=0 r=1
23:55:56  [AT] "AT+CIPSEND=24" (13)
23:55:56  [AT] " S,3663,0F,00,4485,P1,49" (24)
23:55:56  [AT] "SEND OK" (7)
23:55:57  [TX] S,3664,0F,00,4486,P1,4D
23:55:57  [SLOT] n=3739 tx=23 ack=0 due=0 r=1
23:55:57  [AT] "AT+CIPSEND=24" (13)
23:55:57  [AT] " S,3664,0F,00,4486,P1,4D" (24)
23:55:57  [AT] "SEND OK" (7)
23:55:59  [TX] S,3665,0F,00,4488,P1,42
23:55:59  [SLOT] n=3740 tx=23 ack=0 due=0 r=1
23:55:59  [AT] "AT+CIPSEND=24" (13)
23:55:59  [AT] " S,3665,0F,00,4488,P1,42" (24)
23:55:59  [AT] "SEND OK" (7)
23:56:00  [TX] S,3666,0F,00,4489,P1,40
23:56:00  [SLOT] n=3741 tx=23 ack=0 due=0 r=1
23:56:00  [AT] "AT+CIPSEND=24" (13)
23:56:00  [AT] " S,3666,0F,00,4489,P1,40" (24)
23:56:00  [AT] "SEND OK" (7)
23:56:01  [TX] S,3667,0F,00,4490,P1,49
23:56:01  [SLOT] n=3742 tx=23 ack=0 due=0 r=1
23:56:01  [AT] "AT+CIPSEND=24" (13)
23:56:01  [AT] " S,3667,0F,00,4490,P1,49" (24)
23:56:01  [AT] "SEND OK" (7)
23:56:02  [TX] S,3668,0F,00,4491,P1,47
23:56:02  [SLOT] n=3743 tx=23 ack=0 due=0 r=1
23:56:02  [AT] "AT+CIPSEND=24" (13)
23:56:02  [AT] " S,3668,0F,00,4491,P1,47" (24)
23:56:02  [AT] "SEND OK" (7)
23:56:03  [TX] S,3669,0F,00,4492,P1,45
23:56:03  [SLOT] n=3744 tx=23 ack=0 due=0 r=1
23:56:03  [AT] "AT+CIPSEND=24" (13)
23:56:03  [AT] " S,3669,0F,00,4492,P1,45" (24)
23:56:03  [AT] "SEND OK" (7)
23:56:05  [TX] S,3670,0F,00,4494,P1,4B
23:56:05  [SLOT] n=3745 tx=23 ack=0 due=0 r=1
23:56:05  [AT] "AT+CIPSEND=24" (13)
23:56:05  [AT] " S,3670,0F,00,4494,P1,4B" (24)
23:56:05  [AT] "SEND OK" (7)
23:56:06  [TX] S,3671,0F,00,4495,P1,4B
23:56:06  [SLOT] n=3746 tx=23 ack=0 due=0 r=1
23:56:06  [AT] "AT+CIPSEND=24" (13)
23:56:06  [AT] " S,3671,0F,00,4495,P1,4B" (24)
23:56:06  [AT] "SEND OK" (7)
23:56:07  [TX] S,3672,0F,00,4496,P1,4B
23:56:07  [SLOT] n=3747 tx=23 ack=0 due=0 r=1
23:56:07  [AT] "AT+CIPSEND=24" (13)
23:56:07  [AT] " S,3672,0F,00,4496,P1,4B" (24)
23:56:07  [AT] "SEND OK" (7)
23:56:08  [TX] S,3673,0F,00,4497,P1,4B
23:56:08  [SLOT] n=3748 tx=23 ack=0 due=0 r=1
23:56:08  [AT] "AT+CIPSEND=24" (13)
23:56:08  [AT] " S,3673,0F,00,4497,P1,4B" (24)
23:56:08  [AT] "SEND OK" (7)
23:56:09  [TX] S,3674,0F,00,4498,P1,43
23:56:09  [SLOT] n=3749 tx=23 ack=0 due=0 r=1
23:56:09  [AT] "AT+CIPSEND=24" (13)
23:56:10  [AT] " S,3674,0F,00,4498,P1,43" (24)
23:56:10  [AT] "SEND OK" (7)
23:56:11  [TX] S,3675,0F,00,4500,P1,42
23:56:11  [SLOT] n=3750 tx=23 ack=0 due=0 r=1
23:56:11  [CNT] up=4500 drop=0 esprst=8 hwrst=0/0 resync=0 sendfail=0 okto=2 stuck=0 ackq=0 ackdrop=0 ackstale=0 slot=3750 oow=1 smiss=7 ssovf=0 cksumng=0 okstream=3674 penddrop=0 pendfill=3676 bigfill=11 bigdrop=0 bigokst=11 oklost=0 bigoklost=0 skip=16 online=1
23:56:11  [RAM] 최저 여유 571 B · 프롬프트 재동기 0회 (서버의 '버린줄' 과 맞아야 한다)
23:56:11  [AT] " S,3675,0F,00,4500,P1,42" (24)
23:56:11  [AT] "SEND OK" (7)
23:56:11  [AT] "AT+CIPSEND=24" (13)
23:56:12  [TX] S,3676,0F,00,4501,P1,40
23:56:12  [SLOT] n=3751 tx=23 ack=0 due=0 r=1
23:56:12  [AT] "AT+CIPSEND=24" (13)
23:56:12  [AT] " S,3676,0F,00,4501,P1,40" (24)
23:56:12  [AT] "SEND OK" (7)
23:56:13  [TX] S,3677,0F,00,4502,P1,42
23:56:13  [SLOT] n=3752 tx=23 ack=0 due=0 r=1
23:56:13  [AT] "AT+CIPSEND=24" (13)
23:56:13  [AT] " S,3677,0F,00,4502,P1,42" (24)
23:56:13  [AT] "SEND OK" (7)
23:56:14  [TX] S,3678,0F,00,4503,P1,4C
23:56:14  [SLOT] n=3753 tx=23 ack=0 due=0 r=1
23:56:14  [AT] "AT+CIPSEND=24" (13)
23:56:14  [AT] " S,3678,0F,00,4503,P1,4C" (24)
23:56:14  [AT] "SEND OK" (7)
23:56:15  [TX] S,3679,0F,00,4504,P1,4A
23:56:15  [SLOT] n=3754 tx=23 ack=0 due=0 r=1
23:56:15  [AT] "AT+CIPSEND=24" (13)
23:56:15  [AT] " S,3679,0F,00,4504,P1,4A" (24)
23:56:15  [AT] "SEND OK" (7)
23:56:17  [TX] S,3680,0F,00,4506,P1,4E
23:56:17  [SLOT] n=3755 tx=23 ack=0 due=0 r=1
23:56:17  [AT] "AT+CIPSEND=24" (13)
23:56:17  [AT] " S,3680,0F,00,4506,P1,4E" (24)
23:56:17  [AT] "SEND OK" (7)
23:56:18  [TX] S,3681,0F,00,4507,P1,4E
23:56:18  [SLOT] n=3756 tx=23 ack=0 due=0 r=1
23:56:18  [AT] "AT+\x87IPSEND=24" (13)
23:56:18  [AT] " S,3681,0F,00,4507,P1,4E" (24)
23:56:18  [AT] "SEND OK" (7)
23:56:19  [TX] S,3682,0F,00,4508,P1,42
23:56:19  [SLOT] n=3757 tx=23 ack=0 due=0 r=1
23:56:19  [AT] "AT+CIPSEND=24" (13)
23:56:19  [AT] " S,3682,0F,00,4508,P1,42" (24)
23:56:19  [AT] "SEND OK" (7)
23:56:20  [TX] S,3683,0F,00,4509,P1,42
23:56:20  [SLOT] n=3758 tx=23 ack=0 due=0 r=1
23:56:20  [AT] "AT+CIPSEND=24" (13)
23:56:20  [AT] " S,3683,0F,00,4509,P1,42" (24)
23:56:20  [AT] "SEND OK" (7)
23:56:21  [TX] S,3684,0F,00,4510,P1,4D
23:56:21  [SLOT] n=3759 tx=23 ack=0 due=0 r=1
23:56:21  [AT] "AT+CIPSEND=24" (13)
23:56:21  [AT] " S,3684,0F,00,4510,P1,4D" (24)
23:56:21  [AT] "SEND OK" (7)
23:56:22  «tap» 살아있음 — 최근 60초 rx=8019B (이 줄이 끊기면 탭이 죽은 것이다)
23:56:23  [TX] S,3685,0F,00,4512,P1,4E
23:56:23  [SLOT] n=3760 tx=23 ack=0 due=0 r=1
23:56:23  [AT] "AT+CIPSEND=24" (13)
23:56:23  [AT] " S,3685,0F,00,4512,P1,4E" (24)
23:56:23  [AT] "SEND OK" (7)
23:56:24  [TX] S,3686,0F,00,4513,P1,4C
23:56:24  [SLOT] n=3761 tx=23 ack=0 due=0 r=1
23:56:24  [AT] "AT+CIPSEND=24" (13)
23:56:24  [AT] " S,3686,0F,00,4513,P1,4C" (24)
23:56:24  [AT] "SEND OK" (7)
23:56:25  [TX] S,3687,0F,00,4514,P1,4A
23:56:25  [SLOT] n=3762 tx=23 ack=0 due=0 r=1
23:56:25  [AT] "AT+CIPSEND=24" (13)
23:56:25  [AT] " S,3687,0F,00,4514,P1,4A" (24)
23:56:25  [AT] "SEND OK" (7)
23:56:26  [TX] S,3688,0F,00,4515,P1,44
23:56:26  [SLOT] n=3763 tx=23 ack=0 due=0 r=1
23:56:26  [AT] "AT+CIPSEND=24" (13)
23:56:27  [AT] " S,3688,0F,00,4515,P1,44" (24)
23:56:27  [AT] "SEND OK" (7)
23:56:27  [TX] S,3689,0F,00,4516,P1,46
23:56:27  [SLOT] n=3764 tx=23 ack=0 due=0 r=1
23:56:27  [AT] "AT+CIPSEND=24" (13)
23:56:27  [AT] " S,3689,0F,00,4516,P1,46" (24)
23:56:27  [AT] "SEND OK" (7)
23:56:29  [TX] S,3690,0F,00,4518,P1,40
23:56:29  [SLOT] n=3765 tx=23 ack=0 due=0 r=1
23:56:29  [AT] "AT+CIPSEND=24" (13)
23:56:29  [AT] " S,3690,0F,00,4518,P1,40" (24)
23:56:29  [AT] "SEND OK" (7)
23:56:30  [TX] S,3691,0F,00,4519,P1,40
23:56:30  [SLOT] n=3766 tx=23 ack=0 due=0 r=1
23:56:30  [AT] "AT+CIPSEND=24" (13)
23:56:30  [AT] " S,3691,0F,00,4519,P1,40" (24)
23:56:30  [AT] "SEND OK" (7)
23:56:31  [TX] S,3692,0F,00,4520,P1,49
23:56:31  [SLOT] n=3767 tx=23 ack=0 due=0 r=1
23:56:31  [AT] "AT+CIPSEND=24" (13)
23:56:31  [AT] " S,3692,0F,00,4520,P1,49" (24)
23:56:31  [AT] "SEND OK" (7)
23:56:32  [TX] S,3693,0F,00,4521,P1,49
23:56:32  [SLOT] n=3768 tx=23 ack=0 due=0 r=1
23:56:32  [AT] "AT+CIPSEND=24" (13)
23:56:32  [AT] " S,3693,0F,00,4521,P1,49" (24)
23:56:32  [AT] "SEND OK" (7)
23:56:33  [TX] S,3694,0F,00,4522,P1,4D
23:56:33  [SLOT] n=3769 tx=23 ack=0 due=0 r=1
23:56:33  [AT] "AT+CIPSEND=24" (13)
23:56:33  [AT] " S,3694,0F,00,4522,P1,4D" (24)
23:56:33  [AT] "SEND OK" (7)
23:56:35  [TX] S,3695,0F,00,4524,P1,4A
23:56:35  [SLOT] n=3770 tx=23 ack=0 due=0 r=1
23:56:35  [AT] "AT+CIPSEND=24" (13)
23:56:35  [AT] " S,3695,0F,00,4524,P1,4A" (24)
23:56:35  [AT] "SEND OK" (7)
23:56:36  [TX] S,3696,0F,00,4525,P1,48
23:56:36  [SLOT] n=3771 tx=23 ack=0 due=0 r=1
23:56:36  [AT] "AT+CIPSEND=24" (13)
23:56:36  [AT] " S,3696,0F,00,4525,P1,48" (24)
23:56:36  [AT] "SEND OK" (7)
23:56:37  [TX] S,3697,0F,00,4526,P1,4A
23:56:37  [SLOT] n=3772 tx=23 ack=0 due=0 r=1
23:56:37  [AT] "AT+CIPSEND=24" (13)
23:56:37  [AT] " S,3697,0F,00,4526,P1,4A" (24)
23:56:37  [AT] "SEND OK" (7)
23:56:38  [TX] S,3698,0F,00,4527,P1,44
23:56:38  [SLOT] n=3773 tx=23 ack=0 due=0 r=1
23:56:38  [AT] "AT+CIPSEND=24" (13)
23:56:38  [AT] " S,3698,0F,00,4527,P1,44" (24)
23:56:38  [AT] "SEND OK" (7)
23:56:39  [TX] S,3699,0F,00,4528,P1,4A
23:56:39  [SLOT] n=3774 tx=23 ack=0 due=0 r=1
23:56:39  [AT] "AT+CIPSEND=24" (13)
23:56:39  [AT] " S,3699,0F,00,4528,P1,4A" (24)
23:56:39  [AT] "SEND OK" (7)
23:56:41  [TX] S,3700,0F,00,4530,P1,42
23:56:41  [SLOT] n=3775 tx=23 ack=0 due=0 r=1
23:56:41  [AT] "AT+CIPSEND=24" (13)
23:56:41  [AT] " S,3700,0F,00,4530,P1,42" (24)
23:56:41  [AT] "SEND OK" (7)
23:56:42  [TX] S,3701,0F,00,4531,P1,42
23:56:42  [SLOT] n=3776 tx=23 ack=0 due=0 r=1
23:56:42  [AT] "AT+CIPSEND=24" (13)
23:56:42  [AT] " S,3701,0F,00,4531,P1,42" (24)
23:56:42  [AT] "SEND OK" (7)
23:56:43  [TX] S,3702,0F,00,4532,P1,42
23:56:43  [SLOT] n=3777 tx=23 ack=0 due=0 r=1
23:56:43  [AT] "AT+CIPSEND=24" (13)
23:56:43  [AT] " S,3702,0F,00,4532,P1,42" (24)
23:56:43  [AT] "SEND OK" (7)
23:56:44  [TX] S,3703,0F,00,4533,P1,42
23:56:44  [SLOT] n=3778 tx=23 ack=0 due=0 r=1
23:56:44  [AT] "AT+CIPSEND=24" (13)
23:56:44  [AT] " S,3703,0F,00,4533,P1,42" (24)
23:56:44  [AT] "SEND OK" (7)
23:56:45  [TX] S,3704,0F,00,4534,P1,42
23:56:45  [SLOT] n=3779 tx=23 ack=0 due=0 r=1
23:56:45  [AT] "AT+CIPSEND=24" (13)
23:56:45  [AT] " S,3704,0F,00,4534,P1,42" (24)
23:56:45  [AT] "SEND OK" (7)
23:56:47  [TX] S,3705,0F,00,4536,P1,41
23:56:47  [SLOT] n=3780 tx=23 ack=0 due=0 r=1
23:56:47  [AT] "AT+CIPSEND=24" (13)
23:56:47  [AT] " S,3705,0F,00,4536,P1,41" (24)
23:56:47  [AT] "SEND OK" (7)
23:56:48  [TX] S,3706,0F,00,4537,P1,43
23:56:48  [SLOT] n=3781 tx=23 ack=0 due=0 r=1
23:56:48  [AT] "AT+CIPSEND=24\x1A" (14)
23:56:48  [AT] " S,3706,0F,00,4537,P1,43" (24)
23:56:48  [AT] "SEND OK" (7)
23:56:49  [TX] S,3707,0F,00,4538,P1,4D
23:56:49  [SLOT] n=3782 tx=23 ack=0 due=0 r=1
23:56:49  [AT] "AT+CIPSEND=24" (13)
23:56:49  [AT] " S,3707,0F,00,4538,P1,4D" (24)
23:56:49  [AT] "SEND OK" (7)
23:56:50  [TX] S,3708,0F,00,4539,P1,43
23:56:50  [SLOT] n=3783 tx=23 ack=0 due=0 r=1
23:56:50  [AT] "AT+CIPSEND=24" (13)
23:56:50  [AT] " S,3708,0F,00,4539,P1,43" (24)
23:56:50  [AT] "SEND OK" (7)
23:56:51  [TX] S,3709,0F,00,4540,P1,4C
23:56:51  [SLOT] n=3784 tx=23 ack=0 due=0 r=1
23:56:51  [AT] "AT+CIPSEND=24" (13)
23:56:51  [AT] " S,3709,0F,00,4540,P1,4C" (24)
23:56:51  [AT] "SEND OK" (7)
23:56:53  [TX] S,3710,0F,00,4542,P1,46
23:56:53  [SLOT] n=3785 tx=23 ack=0 due=0 r=1
23:56:53  [AT] "AT+CIPSEND=24" (13)
23:56:53  [AT] " S,3710,0F,00,4542,P1,46" (24)
23:56:53  [AT] "SEND OK" (7)
23:56:54  [TX] S,3711,0F,00,4543,P1,46
23:56:54  [SLOT] n=3786 tx=23 ack=0 due=0 r=1
23:56:54  [AT] "AT+CIPSEND=24" (13)
23:56:54  [AT] " S,3711,0F,00,4543,P1,46" (24)
23:56:54  [AT] "SEND OK" (7)
23:56:55  [TX] S,3712,0F,00,4544,P1,42
23:56:55  [SLOT] n=3787 tx=23 ack=0 due=0 r=1
23:56:55  [AT] "AT+CIPSEND=24" (13)
23:56:55  [AT] " S,3712,0F,00,4544,P1,42" (24)
23:56:55  [AT] "SEND OK" (7)
23:56:56  [TX] S,3713,0F,00,4545,P1,42
23:56:56  [SLOT] n=3788 tx=23 ack=0 due=0 r=1
23:56:56  [AT] "AT+CIPSEND=24" (13)
23:56:56  [AT] " S,3713,0F,00,4545,P1,42" (24)
23:56:56  [AT] "SEND OK" (7)
23:56:57  [TX] S,3714,0F,00,4546,P1,46
23:56:57  [SLOT] n=3789 tx=23 ack=0 due=0 r=1
23:56:57  [AT] "AT+CIPSEND=24" (13)
23:56:57  [AT] " S,3714,0F,00,4546,P1,46" (24)
23:56:57  [AT] "SEND OK" (7)
23:56:59  [TX] S,3715,0F,00,4548,P1,49
23:56:59  [SLOT] n=3790 tx=23 ack=0 due=0 r=1
23:56:59  [AT] "AT+CIPSEND=24" (13)
23:56:59  [AT] " S,3715,0F,00,4548,P1,49" (24)
23:56:59  [AT] "SEND OK" (7)
23:57:00  [TX] S,3716,0F,00,4549,P1,4B
23:57:00  [SLOT] n=3791 tx=23 ack=0 due=0 r=1
23:57:00  [AT] "AT+CIPSEND=24" (13)
23:57:00  [AT] " S,3716,0F,00,4549,P1,4B" (24)
23:57:00  [AT] "SEND OK" (7)
23:57:01  [TX] S,3717,0F,00,4550,P1,42
23:57:01  [SLOT] n=3792 tx=23 ack=0 due=0 r=1
23:57:01  [AT] "AT+CIPSEND=24" (13)
23:57:01  [AT] " S,3717,0F,00,4550,P1,42" (24)
23:57:01  [AT] "SEND OK" (7)
23:57:02  [TX] S,3718,0F,00,4551,P1,4C
23:57:02  [SLOT] n=3793 tx=23 ack=0 due=0 r=1
23:57:02  [AT] "AT+CIPSEND=24" (13)
23:57:02  [AT] " S,3718,0F,00,4551,P1,4C" (24)
23:57:02  [AT] "SEND OK" (7)
23:57:03  [TX] S,3719,0F,00,4552,P1,4E
23:57:03  [SLOT] n=3794 tx=23 ack=0 due=0 r=1
23:57:03  [AT] "AT+CIPSEND=24" (13)
23:57:03  [AT] " S,3719,0F,00,4552,P1,4E" (24)
23:57:03  [AT] "SEND OK" (7)
23:57:05  [TX] S,3720,0F,00,4554,P1,42
23:57:05  [SLOT] n=3795 tx=23 ack=0 due=0 r=1
23:57:05  [AT] "AT+CIPSEND=24" (13)
23:57:05  [AT] " S,3720,0F,00,4554,P1,42" (24)
23:57:05  [AT] "SEND OK" (7)
23:57:06  [TX] S,3721,0F,00,4555,P1,42
23:57:06  [SLOT] n=3796 tx=23 ack=0 due=0 r=1
23:57:06  [AT] "AT+CIPSEND=24" (13)
23:57:06  [AT] " S,3721,0F,00,4555,P1,42" (24)
23:57:06  [AT] "SEND OK" (7)
23:57:07  [TX] S,3722,0F,00,4556,P1,42
23:57:07  [SLOT] n=3797 tx=23 ack=0 due=0 r=1
23:57:07  [AT] "AT+CIPSEND=24" (13)
23:57:07  [AT] " S,3722,0F,00,4556,P1,42" (24)
23:57:07  [AT] "SEND OK" (7)
23:57:08  [TX] S,3723,0F,00,4557,P1,42
23:57:08  [SLOT] n=3798 tx=23 ack=0 due=0 r=1
23:57:08  [AT] "AT+CIPSEND=24" (13)
23:57:08  [AT] " S,3723,0F,00,4557,P1,42" (24)
23:57:08  [AT] "SEND OK" (7)
23:57:09  [TX] S,3724,0F,00,4558,P1,4A
23:57:09  [SLOT] n=3799 tx=23 ack=0 due=0 r=1
23:57:09  [AT] "AT+CIPSEND=24" (13)
23:57:09  [AT] " S,3724,0F,00,4558,P1,4A" (24)
23:57:09  [AT] "SEND OK" (7)
23:57:11  [TX] S,3725,0F,00,4560,P1,40
23:57:11  [SLOT] n=3800 tx=23 ack=0 due=0 r=1
23:57:11  [CNT] up=4560 drop=0 esprst=8 hwrst=0/0 resync=0 sendfail=0 okto=2 stuck=0 ackq=0 ackdrop=0 ackstale=0 slot=3800 oow=1 smiss=7 ssovf=0 cksumng=0 okstream=3724 penddrop=0 pendfill=3726 bigfill=11 bigdrop=0 bigokst=11 oklost=0 bigoklost=0 skip=16 online=1
23:57:11  [RAM] 최저 여유 571 B · 프롬프트 재동기 0회 (서버의 '버린줄' 과 맞아야 한다)
23:57:11  [AT] "AT+CIPSEND=24" (13)
23:57:11  [AT] " S,3725,0F,00,4560,P1,40" (24)
23:57:11  [AT] "SEND OK" (7)
23:57:12  [TX] S,3726,0F,00,4561,P1,42
23:57:12  [SLOT] n=3801 tx=23 ack=0 due=0 r=1
23:57:12  [AT] "AT+CIPSEND=24" (13)
23:57:12  [AT] " S,3726,0F,00,4561,P1,42" (24)
23:57:12  [AT] "SEND OK" (7)
23:57:13  [TX] S,3727,0F,00,4562,P1,40
23:57:13  [SLOT] n=3802 tx=23 ack=0 due=0 r=1
23:57:13  [AT] "AT+CIPSEND=24" (13)
23:57:13  [AT] " S,3727,0F,00,4562,P1,40" (24)
23:57:13  [AT] "SEND OK" (7)
23:57:14  [TX] S,3728,0F,00,4563,P1,4E
23:57:14  [SLOT] n=3803 tx=23 ack=0 due=0 r=1
23:57:14  [AT] "AT+CIPSEND=24" (13)
23:57:14  [AT] " S,3728,0F,00,4563,P1,4E" (24)
23:57:14  [AT] "SEND OK" (7)
23:57:15  [TX] S,3729,0F,00,4564,P1,48
23:57:15  [SLOT] n=3804 tx=23 ack=0 due=0 r=1
23:57:15  [AT] "AT+CIPSEND=24" (13)
23:57:15  [AT] " S,3729,0F,00,4564,P1,48" (24)
23:57:15  [AT] "SEND OK" (7)
23:57:17  [TX] S,3730,0F,00,4566,P1,42
23:57:17  [SLOT] n=3805 tx=23 ack=0 due=0 r=1
23:57:17  [AT] "AT+CIPSEND=24" (13)
23:57:17  [AT] " S,3730,0F,00,4566,P1,42" (24)
23:57:17  [AT] "SEND OK" (7)
23:57:18  [TX] S,3731,0F,00,4567,P1,42
23:57:18  [SLOT] n=3806 tx=23 ack=0 due=0 r=1
23:57:18  [AT] "AT+CIPSEND=24" (13)
23:57:18  [AT] " S,3731,0F,00,4567,P1,42" (24)
23:57:18  [AT] "SEND OK" (7)
23:57:19  [TX] S,3732,0F,00,4568,P1,4E
23:57:19  [SLOT] n=3807 tx=23 ack=0 due=0 r=1
23:57:19  [AT] "AT+CIPSEND=24" (13)
23:57:19  [AT] " S,3732,0F,00,4568,P1,4E" (24)
23:57:19  [AT] "SEND OK" (7)
23:57:20  [TX] S,3733,0F,00,4569,P1,4E
23:57:20  [SLOT] n=3808 tx=23 ack=0 due=0 r=1
23:57:20  [AT] "AT+CIPSEND=24" (13)
23:57:20  [AT] " S,3733,0F,00,4569,P1,4E" (24)
23:57:20  [AT] "SEND OK" (7)
23:57:21  [TX] S,3734,0F,00,4570,P1,41
23:57:21  [SLOT] n=3809 tx=23 ack=0 due=0 r=1
23:57:21  [AT] "AT+CIPSEND=24" (13)
23:57:21  [AT] " S,3734,0F,00,4570,P1,41" (24)
23:57:21  [AT] "SEND OK" (7)
23:57:22  «tap» 살아있음 — 최근 60초 rx=7962B (이 줄이 끊기면 탭이 죽은 것이다)
23:57:23  [TX] S,3735,0F,00,4572,P1,42
23:57:23  [SLOT] n=3810 tx=23 ack=0 due=0 r=1
23:57:23  [AT] "AT+CIPSEND=24" (13)
23:57:23  [AT] " S,3735,0F,00,4572,P1,42" (24)
23:57:23  [AT] "SEND OK" (7)
23:57:24  [TX] S,3736,0F,00,4573,P1,40
23:57:24  [SLOT] n=3811 tx=23 ack=0 due=0 r=1
23:57:24  [AT] "AT+CIPSEND=24" (13)
23:57:24  [AT] " S,3736,0F,00,4573,P1,40" (24)
23:57:24  [AT] "SEND OK" (7)
23:57:25  [TX] S,3737,0F,00,4574,P1,46
23:57:25  [SLOT] n=3812 tx=23 ack=0 due=0 r=1
23:57:25  [AT] "AT+CIPSEND=24" (13)
23:57:25  [AT] " S,3737,0F,00,4574,P1,46" (24)
23:57:25  [AT] "SEND OK" (7)
23:57:26  [TX] S,3738,0F,00,4575,P1,48
23:57:26  [SLOT] n=3813 tx=23 ack=0 due=0 r=1
23:57:26  [AT] "AT+CIPSEND=24" (13)
23:57:26  [AT] " S,3738,0F,00,4575,P1,48" (24)
23:57:26  [AT] "SEND OK" (7)
23:57:27  [TX] S,3739,0F,00,4576,P1,4A
23:57:27  [SLOT] n=3814 tx=23 ack=0 due=0 r=1
23:57:27  [AT] "AT+CIPSEND=24" (13)
23:57:27  [AT] " S,3739,0F,00,4576,P1,4A" (24)
23:57:27  [AT] "SEND OK" (7)
23:57:29  [TX] S,3740,0F,00,4578,P1,4A
23:57:29  [SLOT] n=3815 tx=23 ack=0 due=0 r=1
23:57:29  [AT] "AT+CIPSEND=24" (13)
23:57:29  [AT] " S,3740,0F,00,4578,P1,4A" (24)
23:57:29  [AT] "SEND OK" (7)
23:57:30  [TX] S,3741,0F,00,4579,P1,4A
23:57:30  [SLOT] n=3816 tx=23 ack=0 due=0 r=1
23:57:30  [AT] "\x81T+CIPSEND=24" (13)
23:57:30  [AT] " S,3741,0F,00,4579,P1,4A" (24)
23:57:30  [AT] "SEND OK" (7)
23:57:31  [TX] S,3742,0F,00,4580,P1,4F
23:57:31  [SLOT] n=3817 tx=23 ack=0 due=0 r=1
23:57:31  [AT] "AT+CIPSEND=24" (13)
23:57:31  [AT] " S,3742,0F,00,4580,P1,4F" (24)
23:57:31  [AT] "SEND OK" (7)
23:57:32  [TX] S,3743,0F,00,4581,P1,4F
23:57:32  [SLOT] n=3818 tx=23 ack=0 due=0 r=1
23:57:32  [AT] "AT+CIPSEND=24" (13)
23:57:32  [AT] " S,3743,0F,00,4581,P1,4F" (24)
23:57:32  [AT] "SEND OK" (7)
23:57:33  [TX] S,3744,0F,00,4582,P1,4B
23:57:33  [SLOT] n=3819 tx=23 ack=0 due=0 r=1
23:57:33  [AT] "AT+CIPSEND=24" (13)
23:57:33  [AT] " S,3744,0F,00,4582,P1,4B" (24)
23:57:33  [AT] "SEND OK" (7)
23:57:35  [TX] S,3745,0F,00,4584,P1,4C
23:57:35  [SLOT] n=3820 tx=23 ack=0 due=0 r=1
23:57:35  [AT] "AT+CIPSEND=24" (13)
23:57:35  [AT] " S,3745,0F,00,4584,P1,4C" (24)
23:57:35  [AT] "SEND OK" (7)
23:57:36  [TX] S,3746,0F,00,4585,P1,4E
23:57:36  [SLOT] n=3821 tx=23 ack=0 due=0 r=1
23:57:36  [AT] "AT+CIPSEND=24" (13)
23:57:36  [AT] " S,3746,0F,00,4585,P1,4E" (24)
23:57:36  [AT] "SEND OK" (7)
23:57:37  [TX] S,3747,0F,00,4586,P1,4C
23:57:37  [SLOT] n=3822 tx=23 ack=0 due=0 r=1
23:57:37  [AT] "AT+CIPSEND=24" (13)
23:57:37  [AT] " S,3747,0F,00,4586,P1,4C" (24)
23:57:37  [AT] "SEND OK" (7)
23:57:38  [TX] S,3748,0F,00,4587,P1,42
23:57:38  [SLOT] n=3823 tx=23 ack=0 due=0 r=1
23:57:38  [AT] "AT+CIPSEND=24" (13)
23:57:38  [AT] " S,3748,0F,00,4587,P1,42" (24)
23:57:38  [AT] "SEND OK" (7)
23:57:39  [TX] S,3749,0F,00,4588,P1,4C
23:57:39  [SLOT] n=3824 tx=23 ack=0 due=0 r=1
23:57:39  [AT] "AT+CIPSEND=24" (13)
23:57:39  [AT] " S,3749,0F,00,4588,P1,4C" (24)
23:57:39  [AT] "SEND OK" (7)
23:57:40  [TX] S,3750,0F,00,4590,P1,4D
23:57:41  [SLOT] n=3825 tx=23 ack=0 due=0 r=1
23:57:41  [AT] "AT+CIPSEND=24" (13)
23:57:41  [AT] " S,3750,0F,00,4590,P1,4D" (24)
23:57:41  [AT] "SEND OK" (7)
23:57:42  [TX] S,3751,0F,00,4591,P1,4D
23:57:42  [SLOT] n=3826 tx=23 ack=0 due=0 r=1
23:57:42  [AT] "AT+CIPSEND=24" (13)
23:57:42  [AT] " S,3751,0F,00,4591,P1,4D" (24)
23:57:42  [AT] "SEND OK" (7)
23:57:43  [TX] S,3752,0F,00,4592,P1,4D
23:57:43  [SLOT] n=3827 tx=23 ack=0 due=0 r=1
23:57:43  [AT] "AT+CIPSEND=24" (13)
23:57:43  [AT] " S,3752,0F,00,4592,P1X4D" (24)
23:57:43  [AT] "SEND OK" (7)
23:57:44  [TX] S,3753,0F,00,4593,P1,4D
23:57:44  [SLOT] n=3828 tx=23 ack=0 due=0 r=1
23:57:44  [AT] "AT+CIPSEND=24" (13)
23:57:44  [AT] " S,3753,0F,00,4593,P1,4D" (24)
23:57:44  [AT] "SEND OK" (7)
23:57:45  [TX] S,3754,0F,00,4594,P1,4D
23:57:45  [SLOT] n=3829 tx=23 ack=0 due=0 r=1
23:57:45  [AT] "AT+CIPSEND=24" (13)
23:57:45  [AT] " S,3754,0F,00,4594,P1,4D" (24)
23:57:45  [AT] "SEND OK" (7)
23:57:46  [TX] S,3755,0F,00,4596,P1,4E
23:57:46  [SLOT] n=3830 tx=23 ack=0 due=0 r=1
23:57:46  [AT] "AT+CIPSEND=24" (13)
23:57:47  [AT] " S,3755,0F,00,4596,P1,4E" (24)
23:57:47  [AT] "SEND OK" (7)
23:57:48  [TX] S,3756,0F,00,4597,P1,4C
23:57:48  [SLOT] n=3831 tx=23 ack=0 due=0 r=1
23:57:48  [AT] "AT+CIPSEND=24" (13)
23:57:48  [AT] " S,3756,0F,00,4597,P1,4C" (24)
23:57:48  [AT] "SEND OK" (7)
23:57:49  [TX] S,3757,0F,00,4598,P1,42
23:57:49  [SLOT] n=3832 tx=23 ack=0 due=0 r=1
23:57:49  [AT] "AT+CIPSEND=24" (13)
23:57:49  [AT] " S,3757,0F,00,4598,P1,42" (24)
23:57:49  [AT] "SEND OK" (7)
23:57:50  [TX] S,3758,0F,00,4599,P1,4C
23:57:50  [SLOT] n=3833 tx=23 ack=0 due=0 r=1
23:57:50  [AT] "AT+CIPSEND=24" (13)
23:57:50  [AT] " S,3758,0F,00,4599,P1,4C" (24)
23:57:50  [AT] "SEND OK" (7)
23:57:51  [TX] S,3759,0F,00,4600,P1,4E
23:57:51  [SLOT] n=3834 tx=23 ack=0 due=0 r=1
23:57:51  [AT] "AT+CIPSEND=24" (13)
23:57:51  [AT] " S,3759,0F,00,4600,P1,4E" (24)
23:57:51  [AT] "SEND OK" (7)
23:57:52  [TX] S,3760,0F,00,4602,P1,46
23:57:52  [SLOT] n=3835 tx=23 ack=0 due=0 r=1
23:57:52  [AT] "AT+CIPSEND=24" (13)
23:57:53  [AT] " S,3760,0F,00,4602,P1,46" (24)
23:57:53  [AT] "SEND OK" (7)
23:57:54  [TX] S,3761,0F,00,4603,P1,46
23:57:54  [SLOT] n=3836 tx=23 ack=0 due=0 r=1
23:57:54  [AT] "AT+CIPSEND=24" (13)
23:57:54  [AT] " S,3761,0F,00,4603,P1,46" (24)
23:57:54  [AT] "SEND OK" (7)
23:57:55  [TX] S,3762,0F,00,4604,P1,42
23:57:55  [SLOT] n=3837 tx=23 ack=0 due=0 r=1
23:57:55  [AT] "AT+CIPSEND=24" (13)
23:57:55  [AT] " S,3762,0F,00,4604,P1,42" (24)
23:57:55  [AT] "SEND OK" (7)
23:57:56  [TX] S,3763,0F,00,4605,P1,42
23:57:56  [SLOT] n=3838 tx=23 ack=0 due=0 r=1
23:57:56  [AT] "AT+CIPSEND=24" (13)
23:57:56  [AT] " S,3763,0F,00,4605,P1,42" (24)
23:57:56  [AT] "SEND OK" (7)
23:57:57  [TX] S,3764,0F,00,4606,P1,46
23:57:57  [SLOT] n=3839 tx=23 ack=0 due=0 r=1
23:57:57  [AT] "AT+CIPSEND=24" (13)
23:57:57  [AT] " S,3764,0F,00,4606,P1,46" (24)
23:57:57  [AT] "SEND OK" (7)
23:57:58  [TX] S,3765,0F,00,4608,P1,49
23:57:58  [SLOT] n=3840 tx=23 ack=0 due=0 r=1
23:57:58  [AT] "AT+CIPSEND=24" (13)
23:57:59  [AT] " S,3765,0F,00,4608,P1,49" (24)
23:57:59  [AT] "SEND OK" (7)
23:58:00  [TX] S,3766,0F,00,4609,P1,4B
23:58:00  [SLOT] n=3841 tx=23 ack=0 due=0 r=1
23:58:00  [AT] "AT+CIPSEND=24" (13)
23:58:00  [AT] " S,3766,0F,00,4609,P1,4B" (24)
23:58:00  [AT] "SEND OK" (7)
23:58:01  [TX] S,3767,0F,00,4610,P1,42
23:58:01  [SLOT] n=3842 tx=23 ack=0 due=0 r=1
23:58:01  [AT] "AT+CIPSEND=24" (13)
23:58:01  [AT] " S,3767,0F,00,4610,P1,42" (24)
23:58:01  [AT] "SEND OK" (7)
23:58:02  [TX] S,3768,0F,00,4611,P1,4C
23:58:02  [SLOT] n=3843 tx=23 ack=0 due=0 r=1
23:58:02  [AT] "AT+CIPSEND=24" (13)
23:58:02  [AT] " S,3768,0F,00,4611,P1,4C" (24)
23:58:02  [AT] "SEND OK" (7)
23:58:03  [TX] S,3769,0F,00,4612,P1,4E
23:58:03  [SLOT] n=3844 tx=23 ack=0 due=0 r=1
23:58:03  [AT] "AT+CIPSEND=24" (13)
23:58:03  [AT] " S,3769,0F,00,4612,P1,4E" (24)
23:58:03  [AT] "SEND OK" (7)
23:58:04  [TX] S,3770,0F,00,4614,P1,40
23:58:04  [SLOT] n=3845 tx=23 ack=0 due=0 r=1
23:58:04  [AT] "AT+CIPSEND=24" (13)
23:58:05  [AT] " S,3770,0F,00,4614,P1,40" (24)
23:58:05  [AT] "SEND OK" (7)
23:58:08  [TX] S,3771,0F,00,4615,P1,40
23:58:08  [SLOT] n=3846 tx=23 ack=0 due=0 r=1
23:58:08  [AT] "AT+CIPSEND=24" (13)
23:58:08  [AT] " S,3771,0F,00,4615,P1,40" (24)
23:58:08  [AT] "SEND OK" (7)
23:58:09  [TX] S,3772,0F,00,4616,P1,40
23:58:09  [SLOT] n=3847 tx=23 ack=0 due=0 r=1
23:58:09  [AT] "AT+CIPSEND=24" (13)
23:58:09  [AT] " S,3772,0F,00,4616,P1,40" (24)
23:58:09  [AT] "SEND OK" (7)
23:58:10  [TX] S,3773,0F,00,4617,P1,40
23:58:10  [SLOT] n=3848 tx=23 ack=0 due=0 r=1
23:58:10  [AT] "AT+CIPSEND=24" (13)
23:58:10  [AT] " S,3773,0F,00,4617,P1,40" (24)
23:58:10  [AT] "SEND OK" (7)
23:58:11  [TX] S,3774,0F,00,4618,P1,48
23:58:11  [SLOT] n=3849 tx=23 ack=0 due=0 r=1
23:58:11  [AT] "AT+CIPSEND=24" (13)
23:58:11  [AT] " S,3774,0F,00,4618,P1,48" (24)
23:58:11  [AT] "SEND OK" (7)
23:58:12  [TX] S,3775,0F,00,4620,P1,42
23:58:12  [SLOT] n=3850 tx=23 ack=0 due=0 r=1
23:58:13  [CNT] up=4620 drop=0 esprst=8 hwrst=0/0 resync=0 sendfail=0 okto=2 stuck=0 ackq=0 ackdrop=0 ackstale=0 slot=3850 oow=1 smiss=7 ssovf=0 cksumng=0 okstream=3774 penddrop=0 pendfill=3776 bigfill=11 bigdrop=0 bigokst=11 oklost=0 bigoklost=0 skip=16 online=1
23:58:13  [RAM] 최저 여유 571 B · 프롬프트 재동기 0회 (서버의 '버린줄' 과 맞아야 한다)
23:58:13  [AT] " S,3775,0F,00,4620,P1,42" (24)
23:58:13  [AT] "SEND OK" (7)
23:58:13  [AT] "AT+CIPSEND=24" (13)
23:58:14  [TX] S,3776,0F,00,4621,P1,40
23:58:14  [SLOT] n=3851 tx=23 ack=0 due=0 r=1
23:58:14  [AT] "AT+CIPSEND=24" (13)
23:58:14  [AT] " S,3776,0F,00,4621,P1,40" (24)
23:58:14  [AT] "SEND OK" (7)
23:58:15  [TX] S,3777,0F,00,4622,P1,42
23:58:15  [SLOT] n=3852 tx=23 ack=0 due=0 r=1
23:58:15  [AT] "AT+CIPSEND=24" (13)
23:58:15  [AT] " S,3777,0F,00,4622,P1,42" (24)
23:58:15  [AT] "SEND OK" (7)
23:58:16  [TX] S,3778,0F,00,4623,P1,4C
23:58:16  [SLOT] n=3853 tx=23 ack=0 due=0 r=1
23:58:16  [AT] "AT+CIPSEND=24" (13)
23:58:16  [AT] " S,3778,0F,00,4623,P1,4C" (24)
23:58:16  [AT] "SEND OK" (7)
23:58:17  [TX] S,3779,0F,00,4624,P1,4A
23:58:17  [SLOT] n=3854 tx=23 ack=0 due=0 r=1
23:58:17  [AT] "AT+CIPSEND=24" (13)
23:58:17  [AT] " S,3779,0F,00,4624,P1,4A" (24)
23:58:17  [AT] "SEND OK" (7)
23:58:18  [TX] S,3780,0F,00,4626,P1,4E
23:58:18  [SLOT] n=3855 tx=23 ack=0 due=0 r=1
23:58:18  [AT] "AT+CIPSEND=24" (13)
23:58:18  [AT] " S,3780,0F,00,4626,P1,4E" (24)
23:58:18  [AT] "SEND OK" (7)
23:58:20  [TX] S,3781,0F,00,4627,P1,4E
23:58:20  [SLOT] n=3856 tx=23 ack=0 due=0 r=1
23:58:20  [AT] "AT+CIPSEND=24" (13)
23:58:20  [AT] " S,3781,0F,00,4627,P1,4E" (24)
23:58:20  [AT] "SEND OK" (7)
23:58:21  [TX] S,3782,0F,00,4628,P1,42
23:58:21  [SLOT] n=3857 tx=23 ack=0 due=0 r=1
23:58:21  [AT] "AT+CIPSEND=24" (13)
23:58:21  [AT] " S,3782,0F,00,4628,P1,42" (24)
23:58:21  [AT] "SEND OK" (7)
23:58:22  «tap» 살아있음 — 최근 60초 rx=7657B (이 줄이 끊기면 탭이 죽은 것이다)
23:58:22  [TX] S,3783,0F,00,4629,P1,42
23:58:22  [SLOT] n=3858 tx=23 ack=0 due=0 r=1
23:58:22  [AT] "AT+CIPSEND=24" (13)
23:58:22  [AT] " S,3783,0F,00,4629,P1,42" (24)
23:58:22  [AT] "SEND OK" (7)
23:58:23  [TX] S,3784,0F,00,4630,P1,4D
23:58:23  [SLOT] n=3859 tx=23 ack=0 due=0 r=1
23:58:23  [AT] "AT+CIPSEND=24" (13)
23:58:23  [AT] " S,3784,0F,00,4630,P1,4D" (24)
23:58:23  [AT] "SEND OK" (7)
23:58:24  [TX] S,3785,0F,00,4632,P1,4E
23:58:24  [SLOT] n=3860 tx=23 ack=0 due=0 r=1
23:58:24  [AT] "AT+CIPSEND=24" (13)
23:58:24  [AT] " S,3785,0F,00,4632,P1,4E" (24)
23:58:24  [AT] "SEND OK" (7)
23:58:26  [TX] S,3786,0F,00,4633,P1,4C
23:58:26  [SLOT] n=3861 tx=23 ack=0 due=0 r=1
23:58:26  [AT] "AT+CIPSEND=24" (13)
23:58:26  [AT] " S,3786,0F,00,4633,P1,4C" (24)
23:58:26  [AT] "SEND OK" (7)
23:58:27  [TX] S,3787,0F,00,4634,P1,4A
23:58:27  [SLOT] n=3862 tx=23 ack=0 due=0 r=1
23:58:27  [AT] "AT+CIPSEND=24" (13)
23:58:27  [AT] " S,3787,0F,00,4634,P1,4A" (24)
23:58:27  [AT] "SEND OK" (7)
23:58:28  [TX] S,3788,0F,00,4635,P1,44
23:58:28  [SLOT] n=3863 tx=23 ack=0 due=0 r=1
23:58:28  [AT] "AT+CIPSEND=24" (13)
23:58:28  [AT] " S,3788,0F,00,4635,P1,44" (24)
23:58:28  [AT] "SEND OK" (7)
23:58:29  [TX] S,3789,0F,00,4636,P1,46
23:58:29  [SLOT] n=3864 tx=23 ack=0 due=0 r=1
23:58:29  [AT] "AT+CIPSEND=24" (13)
23:58:29  [AT] " S,3789,0F,00,4636,P1,46" (24)
23:58:29  [AT] "SEND OK" (7)
23:58:30  [TX] S,3790,0F,00,4638,P1,40
23:58:30  [SLOT] n=3865 tx=23 ack=0 due=0 r=1
23:58:30  [AT] "AT+CIPSEND=24" (13)
23:58:30  [AT] " S,3790,0F,00,4638,P1,40" (24)
23:58:30  [AT] "SEND OK" (7)
23:58:32  [TX] S,3791,0F,00,4639,P1,40
23:58:32  [SLOT] n=3866 tx=23 ack=0 due=0 r=1
23:58:32  [AT] "AT+CIPSEND=24" (13)
23:58:32  [AT] " S,3791,0F,00,4639,P1,40" (24)
23:58:32  [AT] "SEND OK" (7)
23:58:33  [TX] S,3792,0F,00,4640,P1,4D
23:58:33  [SLOT] n=3867 tx=23 ack=0 due=0 r=1
23:58:33  [AT] "AT+CIPSEND=24" (13)
23:58:33  [AT] " S,3792,0F,00,4640,P1,4D" (24)
23:58:33  [AT] "SEND OK" (7)
23:58:35  [TX] S,3793,0F,00,4641,P1,4D
23:58:35  [SLOT] n=3868 tx=23 ack=0 due=0 r=1
23:58:35  [AT] "AT+CIPSEND=24" (13)
23:58:35  [AT] " S,3793,0F,00,4641,P1,4D" (24)
23:58:35  [AT] "SEND OK" (7)
23:58:36  [TX] S,3794,0F,00,4642,P1,49
23:58:36  [SLOT] n=3869 tx=23 ack=0 due=0 r=1
23:58:36  [AT] "AT+CIPSEND=24" (13)
23:58:36  [AT] " S,3794,0F,00,4642,P1,49" (24)
23:58:36  [AT] "SEND OK" (7)
23:58:37  [TX] S,3795,0F,00,4644,P1,4E
23:58:37  [SLOT] n=3870 tx=23 ack=0 due=0 r=1
23:58:37  [AT] "AT+CIPSEND=24" (13)
23:58:37  [AT] " S,3795,0F,00,464h,P1,4E" (24)
23:58:37  [AT] "SEND OK" (7)
23:58:39  [TX] S,3796,0F,00,4645,P1,4C
23:58:39  [SLOT] n=3871 tx=23 ack=0 due=0 r=1
23:58:39  [AT] "AT+CIPSEND=24" (13)
23:58:39  [AT] " S,3796,0F,00,4645,P1,4C" (24)
23:58:39  [AT] "SEND OK" (7)
23:58:40  [TX] S,3797,0F,00,4646,P1,4E
23:58:40  [SLOT] n=3872 tx=23 ack=0 due=0 r=1
23:58:40  [AT] "AT+CIPSEND=24" (13)
23:58:40  [AT] " S,3797,0F,00,4646,P1,4E" (24)
23:58:40  [AT] "SEND OK" (7)
23:58:41  [TX] S,3798,0F,00,4647,P1,40
23:58:41  [SLOT] n=3873 tx=23 ack=0 due=0 r=1
23:58:41  [AT] "AT+CIPSEND=24" (13)
23:58:41  [AT] " S,3798,0F,00,4647,P1,40" (24)
23:58:41  [AT] "SEND OK" (7)
23:58:42  [TX] S,3799,0F,00,4648,P1,4E
23:58:42  [SLOT] n=3874 tx=23 ack=0 due=0 r=1
23:58:42  [AT] "AT+CIPSEND=24" (13)
23:58:42  [AT] " S,3799,0F,00,4648,P1,4E" (24)
23:58:42  [AT] "SEND OK" (7)
23:58:43  [TX] S,3800,0F,00,4650,P1,48
23:58:43  [SLOT] n=3875 tx=23 ack=0 due=0 r=1
23:58:43  [AT] "AT+CIPSEND=24" (13)
23:58:43  [AT] " S,3800,0F,00,4650,P1,48" (24)
23:58:43  [AT] "SEND OK" (7)
23:58:45  [TX] S,3801,0F,00,4651,P1,48
23:58:45  [SLOT] n=3876 tx=23 ack=0 due=0 r=1
23:58:45  [AT] "AT+CIPSEND=24" (13)
23:58:45  [AT] " S,3801,0F,00,4651,P1,48" (24)
23:58:45  [AT] "SEND OK" (7)
23:58:46  [TX] S,3802,0F,00,4652,P1,48
23:58:46  [SLOT] n=3877 tx=23 ack=0 due=0 r=1
23:58:46  [AT] "AT+CIPSEND=24" (13)
23:58:46  [AT] " S,3802,0F,00,4652,P1,48" (24)
23:58:46  [AT] "SEND OK" (7)
23:58:47  [TX] S,3803,0F,00,4653,P1,48
23:58:47  [SLOT] n=3878 tx=23 ack=0 due=0 r=1
23:58:47  [AT] "AT+CIPSEND=24" (13)
23:58:47  [AT] " S,3803,0F,00,4653,P1,48" (24)
23:58:47  [AT] "SEND OK" (7)
23:58:48  [TX] S,3804,0F,00,4654,P1,48
23:58:48  [SLOT] n=3879 tx=23 ack=0 due=0 r=1
23:58:48  [AT] "AT+CIPSEND=24" (13)
23:58:48  [AT] " S,3804,0F,00,4654,P1,48" (24)
23:58:48  [AT] "SEND OK" (7)
23:58:49  [TX] S,3805,0F,00,4656,P1,4B
23:58:49  [SLOT] n=3880 tx=23 ack=0 due=0 r=1
23:58:49  [AT] "AT+CIPSEND=24" (13)
23:58:49  [AT] " S,3805,0F,00,4656,P1,4B" (24)
23:58:49  [AT] "SEND OK" (7)
23:58:51  [TX] S,3806,0F,00,4657,P1,49
23:58:51  [SLOT] n=3881 tx=23 ack=0 due=0 r=1
23:58:51  [AT] "AT+CIPSEND=24" (13)
23:58:51  [AT] " S,3806,0F,00,4657,P1,49" (24)
23:58:51  [AT] "SEND OK" (7)
23:58:52  [TX] S,3807,0F,00,4658,P1,47
23:58:52  [SLOT] n=3882 tx=23 ack=0 due=0 r=1
23:58:52  [AT] "AT+CIPSEND=24" (13)
23:58:52  [AT] " S,3807,0F,00,4658,P1,47" (24)
23:58:52  [AT] "SEND OK" (7)
23:58:53  [TX] S,3808,0F,00,4659,P1,49
23:58:53  [SLOT] n=3883 tx=23 ack=0 due=0 r=1
23:58:53  [AT] "AT+CIPSEND=24" (13)
23:58:53  [AT] " S,3808,0F,00,4659,P1,49" (24)
23:58:53  [AT] "SEND OK" (7)
23:58:54  [TX] S,3809,0F,00,4660,P1,42
23:58:54  [SLOT] n=3884 tx=23 ack=0 due=0 r=1
23:58:54  [AT] "AT+CIPSEND=24" (13)
23:58:54  [AT] " S,3809,0F,00,4660,P1,42" (24)
23:58:54  [AT] "SEND OK" (7)
23:58:55  [TX] S,3810,0F,00,4662,P1,48
23:58:55  [SLOT] n=3885 tx=23 ack=0 due=0 r=1
23:58:55  [AT] "AT+CIPSEND=24" (13)
23:58:55  [AT] " S,3810,0F,00,4662,P1,48" (24)
23:58:55  [AT] "SEND OK" (7)
23:58:57  [TX] S,3811,0F,00,4663,P1,48
23:58:57  [SLOT] n=3886 tx=23 ack=0 due=0 r=1
23:58:57  [AT] "AT+CIPSEND=24" (13)
23:58:57  [AT] " S,3811,0F,00,4663,P1,48" (24)
23:58:57  [AT] "SEND OK" (7)
23:58:58  [TX] S,3812,0F,00,4664,P1,4C
23:58:58  [SLOT] n=3887 tx=23 ack=0 due=0 r=1
23:58:58  [AT] "AT+CIPSEND=24" (13)
23:58:58  [AT] " S,3812,0F,00,4664,P1,4C" (24)
23:58:58  [AT] "SEND OK" (7)
23:58:59  [TX] S,3813,0F,00,4665,P1,4C
23:58:59  [SLOT] n=3888 tx=23 ack=0 due=0 r=1
23:58:59  [AT] "AT+CIPSEND=24" (13)
23:58:59  [AT] " S,3813,0F,00,4665,P1,4C" (24)
23:58:59  [AT] "SEND OK" (7)
23:59:00  [TX] S,3814,0F,00,4666,P1,48
23:59:00  [SLOT] n=3889 tx=23 ack=0 due=0 r=1
23:59:00  [AT] "AT+CIPSEND=24" (13)
23:59:00  [AT] " S,3814,0F,00,4666,P1,48" (24)
23:59:00  [AT] "SEND OK" (7)
23:59:01  [TX] S,3815,0F,00,4668,P1,47
23:59:01  [SLOT] n=3890 tx=23 ack=0 due=0 r=1
23:59:01  [AT] "AT+CIPSEND=24" (13)
23:59:01  [AT] " S,3815,0F,00,4668,P1,47" (24)
23:59:01  [AT] "SEND OK" (7)
23:59:03  [TX] S,3816,0F,00,4669,P1,45
23:59:03  [SLOT] n=3891 tx=23 ack=0 due=0 r=1
23:59:03  [AT] "AT+CIPSEND=24" (13)
23:59:03  [AT] " S,3816,0F,00,4669,P1,45" (24)
23:59:03  [AT] "SEND OK" (7)
23:59:04  [TX] S,3817,0F,00,4670,P1,4C
23:59:04  [SLOT] n=3892 tx=23 ack=0 due=0 r=1
23:59:04  [AT] "AT+CIPSEND=24" (13)
23:59:04  [AT] " S,3817,0F,00,4670,P1,4C" (24)
23:59:04  [AT] "SEND OK" (7)
23:59:05  [TX] S,3818,0F,00,4671,P1,42
23:59:05  [SLOT] n=3893 tx=23 ack=0 due=0 r=1
23:59:05  [AT] "AT+CIPSEND=24" (13)
23:59:05  [AT] " S,3818,0F,00,4671,P1,42" (24)
23:59:05  [AT] "SEND OK" (7)
23:59:06  [TX] S,3819,0F,00,4672,P1,40
23:59:06  [SLOT] n=3894 tx=23 ack=0 due=0 r=1
23:59:06  [AT] "AT+CIPSEND=24" (13)
23:59:06  [AT] " S,3819,0F,00,4672,P1,40" (24)
23:59:06  [AT] "SEND OK" (7)
23:59:07  [TX] S,3820,0F,00,4674,P1,4C
23:59:07  [SLOT] n=3895 tx=23 ack=0 due=0 r=1
23:59:07  [AT] "AT+CIPSEND=24" (13)
23:59:07  [AT] " S,3820,0F,00,4674,P1,4C" (24)
23:59:07  [AT] "SEND OK" (7)
23:59:09  [TX] S,3821,0F,00,4675,P1,4C
23:59:09  [SLOT] n=3896 tx=23 ack=0 due=0 r=1
23:59:09  [AT] "AT+CIPSEND=24" (13)
23:59:09  [AT] " S,3821,0F,00,4675,P1,4C" (24)
23:59:09  [AT] "SEND OK" (7)
23:59:10  [TX] S,3822,0F,00,4676,P1,4C
23:59:10  [SLOT] n=3897 tx=23 ack=0 due=0 r=1
23:59:10  [AT] "AT+CIPSEND=24" (13)
23:59:10  [AT] " S,3822,0F,00,4676,P1,4C" (24)
23:59:10  [AT] "SEND OK" (7)
23:59:11  [TX] S,3823,0F,00,4677,P1,4C
23:59:11  [SLOT] n=3898 tx=23 ack=0 due=0 r=1
23:59:11  [AT] "AT+CIPSEND=24" (13)
23:59:11  [AT] " S,3823,0F,00,4677,P1,4C" (24)
23:59:11  [AT] "SEND OK" (7)
23:59:12  [TX] S,3824,0F,00,4678,P1,44
23:59:12  [SLOT] n=3899 tx=23 ack=0 due=0 r=1
23:59:12  [AT] "AT+CIPSEND=24" (13)
23:59:12  [AT] " S,3824,0F,00,4678,P1,44" (24)
23:59:12  [AT] "SEND OK" (7)
23:59:13  [TX] S,3825,0F,00,4680,P1,42
23:59:13  [SLOT] n=3900 tx=23 ack=0 due=0 r=1
23:59:13  [CNT] up=4680 drop=0 esprst=8 hwrst=0/0 resync=0 sendfail=0 okto=2 stuck=0 ackq=0 ackdrop=0 ackstale=0 slot=3900 oow=1 smiss=7 ssovf=0 cksumng=0 okstream=3824 penddrop=0 pendfill=3826 bigfill=11 bigdrop=0 bigokst=11 oklost=0 bigoklost=0 skip=16 online=1
23:59:13  [RAM] 최저 여유 571 B · 프롬프트 재동기 0회 (서버의 '버린줄' 과 맞아야 한다)
23:59:13  [AT] " S,3825,0F,00,4680,P1,42" (24)
23:59:13  [AT] "SEND OK" (7)
23:59:13  [AT] "AT+CIPSEND=24" (13)
23:59:15  [TX] S,3826,0F,00,4681,P1,40
23:59:15  [SLOT] n=3901 tx=23 ack=0 due=0 r=1
23:59:15  [AT] "AT+CIPSEND=24" (13)
23:59:15  [AT] " S,3826,0F,00,4681,P1,40" (24)
23:59:15  [AT] "SEND OK" (7)
23:59:16  [TX] S,3827,0F,00,4682,P1,42
23:59:16  [SLOT] n=3902 tx=23 ack=0 due=0 r=1
23:59:16  [AT] "AT+CIPSEND=24" (13)
23:59:16  [AT] " S,3827,0F,00,4682,P1,42" (24)
23:59:16  [AT] "SEND OK" (7)
23:59:17  [TX] S,3828,0F,00,4683,P1,4C
23:59:17  [SLOT] n=3903 tx=23 ack=0 due=0 r=1
23:59:17  [AT] "AT+CIPSEND=24" (13)
23:59:17  [AT] " S,3828,0F,00,4683,P1,4C" (24)
23:59:17  [AT] "SEND OK" (7)
23:59:18  [TX] S,3829,0F,00,4684,P1,4A
23:59:18  [SLOT] n=3904 tx=23 ack=0 due=0 r=1
23:59:18  [AT] "AT+CIPSEND=24" (13)
23:59:18  [AT] " S,3829,0F,00,4684,P1,4A" (24)
23:59:18  [AT] "SEND OK" (7)
23:59:19  [TX] S,3830,0F,00,4686,P1,40
23:59:19  [SLOT] n=3905 tx=23 ack=0 due=0 r=1
23:59:19  [AT] "AT+CIPSEND=24" (13)
23:59:19  [AT] " S,3830,0F,00,4686,P1,40" (24)
23:59:19  [AT] "SEND OK" (7)
23:59:21  [TX] S,3831,0F,00,4687,P1,40
23:59:21  [SLOT] n=3906 tx=23 ack=0 due=0 r=1
23:59:21  [AT] "AT+CIPSEND=24" (13)
23:59:21  [AT] " S,3831,0F,00,4687,P1,40" (24)
23:59:21  [AT] "SEND OK" (7)
23:59:22  [TX] S,3832,0F,00,4688,P1,4C
23:59:22  [SLOT] n=3907 tx=23 ack=0 due=0 r=1
23:59:22  [AT] "AT+CIPSEND=24" (13)
23:59:22  [AT] " S,3832,0F,00,4688,P1,4C" (24)
23:59:22  [AT] "SEND OK" (7)
23:59:23  «tap» 살아있음 — 최근 60초 rx=7958B (이 줄이 끊기면 탭이 죽은 것이다)
23:59:23  [TX] S,3833,0F,00,4689,P1,4C
23:59:23  [SLOT] n=3908 tx=23 ack=0 due=0 r=1
23:59:23  [AT] "AT+CIPSEND=24" (13)
23:59:23  [AT] " S,3833,0F,00,4689,P1,4C" (24)
23:59:23  [AT] "SEND OK" (7)
23:59:24  [TX] S,3834,0F,00,4690,P1,43
23:59:24  [SLOT] n=3909 tx=23 ack=0 due=0 r=1
23:59:24  [AT] "AT+CIPSEND=24" (13)
23:59:24  [AT] " S,3834,0F,00,4690,P1,43" (24)
23:59:24  [AT] "SEND OK" (7)
23:59:25  [TX] S,3835,0F,00,4692,P1,40
23:59:25  [SLOT] n=3910 tx=23 ack=0 due=0 r=1
23:59:25  [AT] "AT+CIPSEND=24" (13)
23:59:25  [AT] " S,3835,0F,00,4692,P1,40" (24)
23:59:25  [AT] "SEND OK" (7)
23:59:27  [TX] S,3836,0F,00,4693,P1,42
23:59:27  [SLOT] n=3911 tx=23 ack=0 due=0 r=1
23:59:27  [AT] "AT+CIPSEND=24" (13)
23:59:27  [AT] " S,3836,0F,00,4693,P1,42" (24)
23:59:27  [AT] "SEND OK" (7)
23:59:28  [TX] S,3837,0F,00,4694,P1,44
23:59:28  [SLOT] n=3912 tx=23 ack=0 due=0 r=1
23:59:28  [AT] "AT+CIPSEND=24" (13)
23:59:28  [AT] " S,3837,0F,00,4694,P1,44" (24)
23:59:28  [AT] "SEND OK" (7)
23:59:29  [TX] S,3838,0F,00,4695,P1,4A
23:59:29  [SLOT] n=3913 tx=23 ack=0 due=0 r=1
23:59:29  [AT] "AT+CIPSEND=24" (13)
23:59:29  [AT] " S,3838,0F,00,4695,P1,4A" (24)
23:59:29  [AT] "SEND OK" (7)
23:59:30  [TX] S,3839,0F,00,4696,P1,48
23:59:30  [SLOT] n=3914 tx=23 ack=0 due=0 r=1
23:59:30  [AT] "AT+CIPSEND=24" (13)
23:59:30  [AT] " S,3839,0F,00,4696,P1,48" (24)
23:59:30  [AT] "SEND OK" (7)
23:59:31  [TX] S,3840,0F,00,4698,P1,48
23:59:31  [SLOT] n=3915 tx=23 ack=0 due=0 r=1
23:59:31  [AT] "AT+CIPSEND=24" (13)
23:59:31  [AT] " S,3840,0F,00,4698,P1,48" (24)
23:59:31  [AT] "SEND OK" (7)
23:59:33  [TX] S,3841,0F,00,4699,P1,48
23:59:33  [SLOT] n=3916 tx=23 ack=0 due=0 r=1
23:59:33  [AT] "AT+CIPSEND=24" (13)
23:59:33  [AT] " S,3841,0F,00,4699,P1,48" (24)
23:59:33  [AT] "SEND OK" (7)
23:59:34  [TX] S,3842,0F,00,4700,P1,4A
23:59:34  [SLOT] n=3917 tx=23 ack=0 due=0 r=1
23:59:34  [AT] "AT+CIPSEND=24" (13)
23:59:34  [AT] " S,3842,0F,00,4700,P1,4A" (24)
23:59:34  [AT] "SEND OK" (7)
23:59:35  [TX] S,3843,0F,00,4701,P1,4A
23:59:35  [SLOT] n=3918 tx=23 ack=0 due=0 r=1
23:59:35  [AT] "AT+CIPSEND=24" (13)
23:59:35  [AT] " S,3843,0F,00,4701,P1,4A" (24)
23:59:35  [AT] "SEND OK" (7)
23:59:36  [TX] S,3844,0F,00,4702,P1,4E
23:59:36  [SLOT] n=3919 tx=23 ack=0 due=0 r=1
23:59:36  [AT] "AT+CIPSEND=24" (13)
23:59:36  [AT] " S,3844,0F,00,4702,P1,4E" (24)
23:59:36  [AT] "SEND OK" (7)
23:59:37  [TX] S,3845,0F,00,4704,P1,49
23:59:37  [SLOT] n=3920 tx=23 ack=0 due=0 r=1
23:59:37  [AT] "AT+CIPSEND=24" (13)
23:59:37  [AT] " S,3845,0F,00,4704,P1,49" (24)
23:59:37  [AT] "SEND OK" (7)
23:59:39  [TX] S,3846,0F,00,4705,P1,4B
23:59:39  [SLOT] n=3921 tx=23 ack=0 due=0 r=1
23:59:39  [AT] "AT+CIPSEND=24" (13)
23:59:39  [AT] " S,3846,0F,00,4705,P1,4B" (24)
23:59:39  [AT] "SEND OK" (7)
23:59:40  [TX] S,3847,0F,00,4706,P1,49
23:59:40  [SLOT] n=3922 tx=23 ack=0 due=0 r=1
23:59:40  [AT] "AT+CIPSEND=24" (13)
23:59:40  [AT] " S,3847,0F,00,4706,P1,49" (24)
23:59:40  [AT] "SEND OK" (7)
23:59:41  [TX] S,3848,0F,00,4707,P1,47
23:59:41  [SLOT] n=3923 tx=23 ack=0 due=0 r=1
23:59:41  [AT] "AT+CIPSEND=24" (13)
23:59:41  [AT] " S,3848,0F,00,4707,P1,47" (24)
23:59:41  [AT] "SEND OK" (7)
23:59:42  [TX] S,3849,0F,00,4708,P1,49
23:59:42  [SLOT] n=3924 tx=23 ack=0 due=0 r=1
23:59:42  [AT] "AT+CIPSEND=24" (13)
23:59:42  [AT] " S,3849,0F,00,4708,P1,49" (24)
23:59:42  [AT] "SEND OK" (7)
23:59:43  [TX] S,3850,0F,00,4710,P1,48
23:59:43  [SLOT] n=3925 tx=23 ack=0 due=0 r=1
23:59:43  [AT] "AT+CIPSEND=24" (13)
23:59:43  [AT] " S,3850,0F,00,4710,P1,48" (24)
23:59:43  [AT] "SEND OK" (7)
23:59:45  [TX] S,3851,0F,00,4711,P1,48
23:59:45  [SLOT] n=3926 tx=23 ack=0 due=0 r=1
23:59:45  [AT] "AT+CIPSEND=24" (13)
23:59:45  [AT] " S,3851,0F,00,4711,P1,48" (24)
23:59:45  [AT] "SEND OK" (7)
23:59:46  [TX] S,3852,0F,00,4712,P1,48
23:59:46  [SLOT] n=3927 tx=23 ack=0 due=0 r=1
23:59:46  [AT] "AT+CIPSEND=24" (13)
23:59:46  [AT] " S,3852,0F,00,4712,P1,48" (24)
23:59:46  [AT] "SEND OK" (7)
23:59:47  [TX] S,3853,0F,00,4713,P1,48
23:59:47  [SLOT] n=3928 tx=23 ack=0 due=0 r=1
23:59:47  [AT] "AT+CIPSEND=24" (13)
23:59:47  [AT] " S,3853,0F,00,4713,P1,48" (24)
23:59:47  [AT] "SEND OK" (7)
23:59:48  [TX] S,3854,0F,00,4714,P1,48
23:59:48  [SLOT] n=3929 tx=23 ack=0 due=0 r=1
23:59:48  [AT] "AT+CIPSEND=24" (13)
23:59:48  [AT] " S,3854,0F,00,4714,P1,48" (24)
23:59:48  [AT] "SEND OK" (7)
23:59:49  [TX] S,3855,0F,00,4716,P1,4B
23:59:49  [SLOT] n=3930 tx=23 ack=0 due=0 r=1
23:59:49  [AT] "AT+CIPSEND=24" (13)
23:59:49  [AT] " S,3855,0F,00,4716,P1,4B" (24)
23:59:49  [AT] "SEND OK" (7)
23:59:51  [TX] S,3856,0F,00,4717,P1,49
23:59:51  [SLOT] n=3931 tx=23 ack=0 due=0 r=1
23:59:51  [AT] "AT+CIPSEND=24" (13)
23:59:51  [AT] " S,3856,0F,00,4717,P1,49" (24)
23:59:51  [AT] "SEND OK" (7)
23:59:52  [TX] S,3857,0F,00,4718,P1,47
23:59:52  [SLOT] n=3932 tx=23 ack=0 due=0 r=1
23:59:52  [AT] "AT+CIPSEND=24" (13)
23:59:52  [AT] " S,3857,0F,00,4718,P1,47" (24)
23:59:52  [AT] "SEND OK" (7)
23:59:53  [TX] S,3858,0F,00,4719,P1,49
23:59:53  [SLOT] n=3933 tx=23 ack=0 due=0 r=1
23:59:53  [AT] "AT+CIPSEND=24" (13)
23:59:53  [AT] " S,3858,0F,00,4719,P1,49" (24)
23:59:53  [AT] "SEND OK" (7)
23:59:54  [TX] S,3859,0F,00,4720,P1,42
23:59:54  [SLOT] n=3934 tx=23 ack=0 due=0 r=1
23:59:54  [AT] "AT+CIPSEND=24" (13)
23:59:54  [AT] " S,3859,0F,00,4720,P1,42" (24)
23:59:54  [AT] "SEND OK" (7)
23:59:55  [TX] S,3860,0F,00,4722,P1,4A
23:59:55  [SLOT] n=3935 tx=23 ack=0 due=0 r=1
23:59:55  [AT] "AT+CIPSEND=24" (13)
23:59:55  [AT] " S,3860,0F,00,4722,P1,4A" (24)
23:59:55  [AT] "SEND OK" (7)
23:59:57  [TX] S,3861,0F,00,4723,P1,4A
23:59:57  [SLOT] n=3936 tx=23 ack=0 due=0 r=1
23:59:57  [AT] "AT+CIPSEND=24" (13)
23:59:57  [AT] " S,3861,0F,00,4723,P1,4A" (24)
23:59:57  [AT] "SEND OK" (7)
23:59:58  [TX] S,3862,0F,00,4724,P1,4E
23:59:58  [SLOT] n=3937 tx=23 ack=0 due=0 r=1
23:59:58  [AT] "AT+CIPSEND=24" (13)
23:59:58  [AT] " S,3862,0F,00,4724,P1,4E" (24)
23:59:58  [AT] "SEND OK" (7)
23:59:59  [TX] S,3863,0F,00,4725,P1,4E
23:59:59  [SLOT] n=3938 tx=23 ack=0 due=0 r=1
23:59:59  [AT] "AT+CIPSEND=24" (13)
23:59:59  [AT] " S,3863,0F,00,4725,P1,4E" (24)
23:59:59  [AT] "SEND OK" (7)
00:00:00  [TX] S,3864,0F,00,4726,P1,4A
00:00:00  [SLOT] n=3939 tx=23 ack=0 due=0 r=1
00:00:00  [AT] "AT+CIPSEND=24" (13)
00:00:00  [AT] " S,3864,0F,00,4726,P1,4A" (24)
00:00:00  [AT] "SEND OK" (7)
00:00:01  [TX] S,3865,0F,00,4728,P1,45
00:00:01  [SLOT] n=3940 tx=23 ack=0 due=0 r=1
00:00:01  [AT] "AT+CIPSEND=24" (13)
00:00:01  [AT] " S,3865,0F,00,4728,P1,45" (24)
00:00:01  [AT] "SEND OK" (7)
00:00:02  [TX] S,3866,0F,00,4729,P1,47
00:00:03  [SLOT] n=3941 tx=23 ack=0 due=0 r=1
00:00:03  [AT] "AT+CIPSEND=24" (13)
00:00:03  [AT] " S,3866,0F,00,4729,P1,47" (24)
00:00:03  [AT] "SEND OK" (7)
00:00:04  [TX] S,3867,0F,00,4730,P1,4E
00:00:04  [SLOT] n=3942 tx=23 ack=0 due=0 r=1
00:00:04  [AT] "AT+CIPSEND=24" (13)
00:00:04  [AT] " S,3867,0F,00X4730,P1,4E" (24)
00:00:04  [AT] "SEND OK" (7)
00:00:05  [TX] S,3868,0F,00,4731,P1,40
00:00:05  [SLOT] n=3943 tx=23 ack=0 due=0 r=1
00:00:05  [AT] "AT+CIPSEND=24" (13)
00:00:05  [AT] " S,3868,0F,00,4731,P1,40" (24)
00:00:05  [AT] "SEND OK" (7)
00:00:06  [TX] S,3869,0F,00,4732,P1,42
00:00:06  [SLOT] n=3944 tx=23 ack=0 due=0 r=1
00:00:06  [AT] "AT+CIPSEND=24" (13)
00:00:06  [AT] " S,3869,0F,00,4732,P1,42" (24)
00:00:06  [AT] "SEND OK" (7)
00:00:07  [TX] S,3870,0F,00,4734,P1,4C
00:00:07  [SLOT] n=3945 tx=23 ack=0 due=0 r=1
00:00:07  [AT] "AT+CIPSEND=24" (13)
00:00:07  [AT] " S,3870,0F,00,4734,P1,4C" (24)
00:00:07  [AT] "SEND OK" (7)
00:00:08  [TX] S,3871,0F,00,4735,P1,4C
00:00:08  [SLOT] n=3946 tx=23 ack=0 due=0 r=1
00:00:08  [AT] "AT+CIPSEND=24" (13)
00:00:09  [AT] " S,3871,0F,00,4735,P1,4C" (24)
00:00:09  [AT] "SEND OK" (7)
00:00:10  [TX] S,3872,0F,00,4736,P1,4C
00:00:10  [SLOT] n=3947 tx=23 ack=0 due=0 r=1
00:00:10  [AT] "AT+CIPSEND=24" (13)
00:00:10  [AT] " S,3872,0F,00,4736,P1,4C" (24)
00:00:10  [AT] "SEND OK" (7)
00:00:11  [TX] S,3873,0F,00,4737,P1,4C
00:00:11  [SLOT] n=3948 tx=23 ack=0 due=0 r=1
00:00:11  [AT] "AT+CIPSEND=24" (13)
00:00:11  [AT] " S,3873,0F,00,4737,P1,4C" (24)
00:00:11  [AT] "SEND OK" (7)
00:00:12  [TX] S,3874,0F,00,4738,P1,44
00:00:12  [SLOT] n=3949 tx=23 ack=0 due=0 r=1
00:00:12  [AT] "AT+CIPSEND=24" (13)
00:00:12  [AT] " S,3874,0F,00,4738,P1,44" (24)
00:00:12  [AT] "SEND OK" (7)
00:00:13  [TX] S,3875,0F,00,4740,P1,4A
00:00:13  [SLOT] n=3950 tx=23 ack=0 due=0 r=1
00:00:13  [CNT] up=4740 drop=0 esprst=8 hwrst=0/0 resync=0 sendfail=0 okto=2 stuck=0 ackq=0 ackdrop=0 ackstale=0 slot=3950 oow=1 smiss=7 ssovf=0 cksumng=0 okstream=3874 penddrop=0 pendfill=3876 bigfill=11 bigdrop=0 bigokst=11 oklost=0 bigoklost=0 skip=16 online=1
00:00:13  [RAM] 최저 여유 571 B · 프롬프트 재동기 0회 (서버의 '버린줄' 과 맞아야 한다)
00:00:13  [AT] "AT+CIPSEND=24" (13)
00:00:14  [AT] " S,3875,0F,00,4740,P1,4A" (24)
00:00:14  [AT] "SEND OK" (7)
00:00:14  [TX] S,3876,0F,00,4741,P1,48
00:00:14  [SLOT] n=3951 tx=23 ack=0 due=0 r=1
00:00:14  [AT] "AT+CIPSEND=24" (13)
00:00:15  [AT] " S,3876,0F,00,4741,P1,48" (24)
00:00:15  [AT] "SEND OK" (7)
00:00:16  [TX] S,3877,0F,00,4742,P1,4A
00:00:16  [SLOT] n=3952 tx=23 ack=0 due=0 r=1
00:00:16  [AT] "AT+\x87IPSEND=24" (13)
00:00:16  [AT] " S,3877,0F,00,4742,P1,4A" (24)
00:00:16  [AT] "SEND OK" (7)
00:00:17  [TX] S,3878,0F,00,4743,P1,44
00:00:17  [SLOT] n=3953 tx=23 ack=0 due=0 r=1
00:00:17  [AT] "AT+CIPSEND=24" (13)
00:00:17  [AT] " S,3878,0F,00,4743,P1,44" (24)
00:00:17  [AT] "SEND OK" (7)
00:00:18  [TX] S,3879,0F,00,4744,P1,42
00:00:18  [SLOT] n=3954 tx=23 ack=0 due=0 r=1
00:00:18  [AT] "AT+CIPSEND=24" (13)
00:00:18  [AT] " S,3879,0F,00,4744,P1,42" (24)
00:00:18  [AT] "SEND OK" (7)
00:00:19  [TX] S,3880,0F,00,4746,P1,46
00:00:19  [SLOT] n=3955 tx=23 ack=0 due=0 r=1
00:00:19  [AT] "AT+CIPSEND=24" (13)
00:00:19  [AT] " S,3880,0F,00,4746,P1,46" (24)
00:00:19  [AT] "SEND OK" (7)
00:00:20  [TX] S,3881,0F,00,4747,P1,46
00:00:20  [SLOT] n=3956 tx=23 ack=0 due=0 r=1
00:00:20  [AT] "AT+CIPSEND=24" (13)
00:00:21  [AT] " S,3881,0F,00,4747,P1,46" (24)
00:00:21  [AT] "SEND OK" (7)
00:00:22  [TX] S,3882,0F,00,4748,P1,4A
00:00:22  [SLOT] n=3957 tx=23 ack=0 due=0 r=1
00:00:22  [AT] "AT+CIPSEND=24" (13)
00:00:22  [AT] " S,3882,0F,00,4748,P1,4A" (24)
00:00:22  [AT] "SEND OK" (7)
00:00:23  «tap» 살아있음 — 최근 60초 rx=7961B (이 줄이 끊기면 탭이 죽은 것이다)
00:00:23  [TX] S,3883,0F,00,4749,P1,4A
00:00:23  [SLOT] n=3958 tx=23 ack=0 due=0 r=1
00:00:23  [AT] "AT+CIPSEND=24" (13)
00:00:23  [AT] " S,3883,0F,00,4749,P1,4A" (24)
00:00:23  [AT] "SEND OK" (7)
00:00:24  [TX] S,3884,0F,00,4750,P1,45
00:00:24  [SLOT] n=3959 tx=23 ack=0 due=0 r=1
00:00:24  [AT] "AT+CIPSEND=24" (13)
00:00:24  [AT] " S,3884,0F,00,4750,P1,45" (24)
00:00:24  [AT] "SEND OK" (7)
00:00:25  [TX] S,3885,0F,00,4752,P1,46
00:00:25  [SLOT] n=3960 tx=23 ack=0 due=0 r=1
00:00:25  [AT] "AT+CIPSEND=24" (13)
00:00:25  [AT] " S,3885,0F,00,4752,P1,46" (24)
00:00:25  [AT] "SEND OK" (7)
00:00:26  [TX] S,3886,0F,00,4753,P1,44
00:00:26  [SLOT] n=3961 tx=23 ack=0 due=0 r=1
00:00:26  [AT] "AT+CIPSEND=24" (13)
00:00:26  [AT] " S,3886,0F,00,4753,P1,44" (24)
00:00:26  [AT] "SEND OK" (7)
00:00:28  [TX] S,3887,0F,00,4754,P1,42
00:00:28  [SLOT] n=3962 tx=23 ack=0 due=0 r=1
00:00:28  [AT] "AT+CIPSEND=24" (13)
00:00:28  [AT] " S,3887,0F,00,4754,P1,42" (24)
00:00:28  [AT] "SEND OK" (7)
00:00:29  [TX] S,3888,0F,00,4755,P1,4C
00:00:29  [SLOT] n=3963 tx=23 ack=0 due=0 r=1
00:00:29  [AT] "AT+CIPSEND=24" (13)
00:00:29  [AT] " S,3888,0F,00,4755,P1,4C" (24)
00:00:29  [AT] "SEND OK" (7)
00:00:30  [TX] S,3889,0F,00,4756,P1,4E
00:00:30  [SLOT] n=3964 tx=23 ack=0 due=0 r=1
00:00:30  [AT] "ATWCIPSEND=24" (13)
00:00:30  [AT] " S,3889,0F,00,4756,P1,4E" (24)
00:00:30  [AT] "SEND OK" (7)
00:00:31  [TX] S,3890,0F,00,4758,P1,48
00:00:31  [SLOT] n=3965 tx=23 ack=0 due=0 r=1
00:00:31  [AT] "AT+CIPSEND=24" (13)
00:00:31  [AT] " S,3890,0F,00,4758,P1,48" (24)
00:00:31  [AT] "SEND OK" (7)
00:00:32  [TX] S,3891,0F,00,4759,P1,48
00:00:32  [SLOT] n=3966 tx=23 ack=0 due=0 r=1
00:00:32  [AT] "AT+CIPSEND=24" (13)
00:00:32  [AT] " S,3891,0F,00,4759,P1,48" (24)
00:00:32  [AT] "SEND OK" (7)
00:00:34  [TX] S,3892,0F,00,4760,P1,41
00:00:34  [SLOT] n=3967 tx=23 ack=0 due=0 r=1
00:00:34  [AT] "AT+CIPSEND=24" (13)
00:00:34  [AT] " S,3892,0F,00,4760,P1,41" (24)
00:00:34  [AT] "SEND OK" (7)
00:00:35  [TX] S,3893,0F,00,4761,P1,41
00:00:35  [SLOT] n=3968 tx=23 ack=0 due=0 r=1
00:00:35  [AT] "AT+CIPSEND=24" (13)
00:00:35  [AT] " S,3893,0F,00,4761,P1,41" (24)
00:00:35  [AT] "SEND OK" (7)
00:00:36  [TX] S,3894,0F,00,4762,P1,45
00:00:36  [SLOT] n=3969 tx=23 ack=0 due=0 r=1
00:00:36  [AT] "AT+CIPSEND=24" (13)
00:00:36  [AT] " S,3894,0F,00,4762,P1,45" (24)
00:00:36  [AT] "SEND OK" (7)
00:00:37  [TX] S,3895,0F,00,4764,P1,42
00:00:37  [SLOT] n=3970 tx=23 ack=0 due=0 r=1
00:00:37  [AT] "AT+CIPSEND=24" (13)
00:00:37  [AT] " S,3895,0F,00,4764,P1,42" (24)
00:00:37  [AT] "SEND OK" (7)
00:00:38  [TX] S,3896,0F,00,4765,P1,40
00:00:38  [SLOT] n=3971 tx=23 ack=0 due=0 r=1
00:00:38  [AT] "AT+CIPSEND=24" (13)
00:00:38  [AT] " S,3896,0F,00,4765,P1,40" (24)
00:00:38  [AT] "SEND OK" (7)
00:00:40  [TX] S,3897,0F,00,4766,P1,42
00:00:40  [SLOT] n=3972 tx=23 ack=0 due=0 r=1
00:00:40  [AT] "AT+CIPSEND=24" (13)
00:00:40  [AT] " S,3897,0F,00,4766,P1,42" (24)
00:00:40  [AT] "SEND OK" (7)
00:00:41  [TX] S,3898,0F,00,4767,P1,4C
00:00:41  [SLOT] n=3973 tx=23 ack=0 due=0 r=1
00:00:41  [AT] "AT+CIPSEND=24" (13)
00:00:41  [AT] " S,3898,0F,00,4767,P1,4C" (24)
00:00:41  [AT] "SEND OK" (7)
00:00:42  [TX] S,3899,0F,00,4768,P1,42
00:00:42  [SLOT] n=3974 tx=23 ack=0 due=0 r=1
00:00:42  [AT] "AT+CIPSEND=24" (13)
00:00:42  [AT] " S,3899,0F,00,4768,P1,42" (24)
00:00:42  [AT] "SEND OK" (7)
00:00:43  [TX] S,3900,0F,00,4770,P1,4A
00:00:43  [SLOT] n=3975 tx=23 ack=0 due=0 r=1
00:00:43  [AT] "AT+CIPSEND=24" (13)
00:00:43  [AT] " S,3900,0F,00,4770,P1,4A" (24)
00:00:43  [AT] "SEND OK" (7)
00:00:44  [TX] S,3901,0F,00,4771,P1,4A
00:00:44  [SLOT] n=3976 tx=23 ack=0 due=0 r=1
00:00:44  [AT] "AT+CIPSEND=24" (13)
00:00:44  [AT] " S,3901,0F,00,4771,P1,4A" (24)
00:00:44  [AT] "SEND OK" (7)
00:00:46  [TX] S,3902,0F,00,4772,P1,4A
00:00:46  [SLOT] n=3977 tx=23 ack=0 due=0 r=1
00:00:46  [AT] "AT+CIPSEND=24" (13)
00:00:46  [AT] " S,3902,0F,00,4772,P1,4A" (24)
00:00:46  [AT] "SEND OK" (7)
00:00:47  [TX] S,3903,0F,00,4773,P1,4A
00:00:47  [SLOT] n=3978 tx=23 ack=0 due=0 r=1
00:00:47  [AT] "AT+CIPSEND=24" (13)
00:00:47  [AT] " S,3903,0F,00,4773,P1,4A" (24)
00:00:47  [AT] "SEND OK" (7)
00:00:48  [TX] S,3904,0F,00,4774,P1,4A
00:00:48  [SLOT] n=3979 tx=23 ack=0 due=0 r=1
00:00:48  [AT] "AT+CIPSEND=24" (13)
00:00:48  [AT] " S,3904,0F,00,4774,P1,4A" (24)
00:00:48  [AT] "SEND OK" (7)
00:00:49  [TX] S,3905,0F,00,4776,P1,49
00:00:49  [SLOT] n=3980 tx=23 ack=0 due=0 r=1
00:00:49  [AT] "AT+CIPSEND=24" (13)
00:00:49  [AT] " S,3905,0F,00,4776,P1,49" (24)
00:00:49  [AT] "SEND OK" (7)
00:00:50  [TX] S,3906,0F,00,4777,P1,4B
00:00:50  [SLOT] n=3981 tx=23 ack=0 due=0 r=1
00:00:50  [AT] "AT+CIPSEND=24" (13)
00:00:50  [AT] " S,3906,0F,00,4777,P1,4B" (24)
00:00:50  [AT] "SEND OK" (7)
00:00:52  [TX] S,3907,0F,00,4778,P1,45
00:00:52  [SLOT] n=3982 tx=23 ack=0 due=0 r=1
00:00:52  [AT] "AT+CIPSEND=24" (13)
00:00:52  [AT] " S,3907,0F,00,4778,P1,45" (24)
00:00:52  [AT] "SEND OK" (7)
00:00:53  [TX] S,3908,0F,00,4779,P1,4B
00:00:53  [SLOT] n=3983 tx=23 ack=0 due=0 r=1
00:00:53  [AT] "AT+CIPSEND=24" (13)
00:00:53  [AT] " S,3908,0F,00,4779,P1,4B" (24)
00:00:53  [AT] "SEND OK" (7)
00:00:54  [TX] S,3909,0F,00,4780,P1,4C
00:00:54  [SLOT] n=3984 tx=23 ack=0 due=0 r=1
00:00:54  [AT] "AT+CIPSEND=24" (13)
00:00:54  [AT] " S,3909,0F,00,4780,P1,4C" (24)
00:00:54  [AT] "SEND OK" (7)
00:00:55  [TX] S,3910,0F,00,4782,P1,46
00:00:55  [SLOT] n=3985 tx=23 ack=0 due=0 r=1
00:00:55  [AT] "AT+CIPSEND=24" (13)
00:00:55  [AT] " S,3910,0F,00,4782,P1,46" (24)
00:00:55  [AT] "SEND OK" (7)
00:00:56  [TX] S,3911,0F,00,4783,P1,46
00:00:56  [SLOT] n=3986 tx=23 ack=0 due=0 r=1
00:00:56  [AT] "AT+CIPSEND=24" (13)
00:00:56  [AT] " S,3911,0F,00,4783,P1,46" (24)
00:00:56  [AT] "SEND OK" (7)
00:00:58  [TX] S,3912,0F,00,4784,P1,42
00:00:58  [SLOT] n=3987 tx=23 ack=0 due=0 r=1
00:00:58  [AT] "AT+CIPSEND=24" (13)
00:00:58  [AT] " S,3912,0F,00,4784,P1,42" (24)
00:00:58  [AT] "SEND OK" (7)
00:00:59  [TX] S,3913,0F,00,4785,P1,42
00:00:59  [SLOT] n=3988 tx=23 ack=0 due=0 r=1
00:00:59  [AT] "AT+CIPSEND=24" (13)
00:00:59  [AT] " S,3913,0F,00,4785,P1,42" (24)
00:00:59  [AT] "SEND OK" (7)
00:01:00  [TX] S,3914,0F,00,4786,P1,46
00:01:00  [SLOT] n=3989 tx=23 ack=0 due=0 r=1
00:01:00  [AT] "AT+CIPSEND=24" (13)
00:01:00  [AT] " S,3914,0F,00,4786,P1,46" (24)
00:01:00  [AT] "SEND OK" (7)
00:01:01  [TX] S,3915,0F,00,4788,P1,49
00:01:01  [SLOT] n=3990 tx=23 ack=0 due=0 r=1
00:01:01  [AT] "AT+CIPSEND=24" (13)
00:01:01  [AT] " S,3915,0F,00,4788,P1,49" (24)
00:01:01  [AT] "SEND OK" (7)
00:01:02  [TX] S,3916,0F,00,4789,P1,4B
00:01:02  [SLOT] n=3991 tx=23 ack=0 due=0 r=1
00:01:02  [AT] "AT+CIPSEND=24" (13)
00:01:02  [AT] " S,3916,0F,00,4789,P1,4B" (24)
00:01:02  [AT] "SEND OK" (7)
00:01:04  [TX] S,3917,0F,00,4790,P1,42
00:01:04  [SLOT] n=3992 tx=23 ack=0 due=0 r=1
00:01:04  [AT] "AT+CIPSEND=24" (13)
00:01:04  [AT] " S,3917,0F,00,4790,P1,42" (24)
00:01:04  [AT] "SEND OK" (7)
00:01:05  [TX] S,3918,0F,00,4791,P1,4C
00:01:05  [SLOT] n=3993 tx=23 ack=0 due=0 r=1
00:01:05  [AT] "AT+CIPSEND=24" (13)
00:01:05  [AT] " S,3918,0F,00,4791,P1,4C" (24)
00:01:05  [AT] "SEND OK" (7)
00:01:06  [TX] S,3919,0F,00,4792,P1,4E
00:01:06  [SLOT] n=3994 tx=23 ack=0 due=0 r=1
00:01:06  [AT] "AT+CIPSEND=24" (13)
00:01:06  [AT] " S,3919,0F,00,4792,P1,4E" (24)
00:01:06  [AT] "SEND OK" (7)
00:01:07  [TX] S,3920,0F,00,4794,P1,42
00:01:07  [SLOT] n=3995 tx=23 ack=0 due=0 r=1
00:01:07  [AT] "AT+CIPSEND=24" (13)
00:01:07  [AT] " S,3920,0F,00,4794,P1,42" (24)
00:01:07  [AT] "SEND OK" (7)
00:01:08  [TX] S,3921,0F,00,4795,P1,42
00:01:08  [SLOT] n=3996 tx=23 ack=0 due=0 r=1
00:01:08  [AT] "AT+CIPSEND=24" (13)
00:01:08  [AT] " S,3921,0F,00,4795,P1,42" (24)
00:01:08  [AT] "SEND OK" (7)
00:01:10  [TX] S,3922,0F,00,4796,P1,42
00:01:10  [SLOT] n=3997 tx=23 ack=0 due=0 r=1
00:01:10  [AT] "AT+CIPSEND=24" (13)
00:01:10  [AT] " S,3922,0F,00,4796,P1,42" (24)
00:01:10  [AT] "SEND OK" (7)
00:01:11  [TX] S,3923,0F,00,4797,P1,42
00:01:11  [SLOT] n=3998 tx=23 ack=0 due=0 r=1
00:01:11  [AT] "AT+CIPSEND=24" (13)
00:01:11  [AT] " S,3923,0F,00,4797,P1,42" (24)
00:01:11  [AT] "SEND OK" (7)
00:01:12  [TX] S,3924,0F,00,4798,P1,4A
00:01:12  [SLOT] n=3999 tx=23 ack=0 due=0 r=1
00:01:12  [AT] "AT+CIPSEND=24" (13)
00:01:12  [AT] " S,3924,0F,00,4798,P1,4A" (24)
00:01:12  [AT] "SEND OK" (7)
00:01:13  [TX] S,3925,0F,00,4800,P1,45
00:01:13  [SLOT] n=4000 tx=23 ack=0 due=0 r=1
00:01:13  [CNT] up=4800 drop=0 esprst=8 hwrst=0/0 resync=0 sendfail=0 okto=2 stuck=0 ackq=0 ackdrop=0 ackstale=0 slot=4000 oow=1 smiss=7 ssovf=0 cksumng=0 okstream=3924 penddrop=0 pendfill=3926 bigfill=11 bigdrop=0 bigokst=11 oklost=0 bigoklost=0 skip=16 online=1
00:01:13  [RAM] 최저 여유 571 B · 프롬프트 재동기 0회 (서버의 '버린줄' 과 맞아야 한다)
00:01:13  [AT] "AT+CIPSEND=24" (13)
00:01:13  [AT] " S,3925,0F,00,4800,P1,45" (24)
00:01:13  [AT] "SEND OK" (7)
00:01:14  [TX] S,3926,0F,00,4801,P1,47
00:01:14  [SLOT] n=4001 tx=23 ack=0 due=0 r=1
00:01:14  [AT] "AT+CIPSEND=24" (13)
00:01:14  [AT] " S,3926,0F,00,4801,P1,47" (24)
00:01:14  [AT] "SEND OK" (7)
00:01:16  [TX] S,3927,0F,00,4802,P1,45
00:01:16  [SLOT] n=4002 tx=23 ack=0 due=0 r=1
00:01:16  [AT] "AT+CIPSEND=24" (13)
00:01:16  [AT] " S,3927,0F,00,4802,P1,45" (24)
00:01:16  [AT] "SEND OK" (7)
00:01:17  [TX] S,3928,0F,00,4803,P1,4B
00:01:17  [SLOT] n=4003 tx=23 ack=0 due=0 r=1
00:01:17  [AT] "AT+CIPSEND=24" (13)
00:01:17  [AT] " S,3928,0F,00,4803,P1,4B" (24)
00:01:17  [AT] "SEND OK" (7)
00:01:18  [TX] S,3929,0F,00,4804,P1,4D
00:01:18  [SLOT] n=4004 tx=23 ack=0 due=0 r=1
00:01:18  [AT] "AT+CIPSEND=24" (13)
00:01:18  [AT] " S,3929,0F,00,4804,P1,4D" (24)
00:01:18  [AT] "SEND OK" (7)
00:01:19  [TX] S,3930,0F,00,4806,P1,47
00:01:19  [SLOT] n=4005 tx=23 ack=0 due=0 r=1
00:01:19  [AT] "AT+CIPSEND=24" (13)
00:01:19  [AT] " S,3930,0F,00,4806,P1,47" (24)
00:01:19  [AT] "SEND OK" (7)
00:01:20  [TX] S,3931,0F,00,4807,P1,47
00:01:20  [SLOT] n=4006 tx=23 ack=0 due=0 r=1
00:01:20  [AT] "AT+CIPSEND=24" (13)
00:01:20  [AT] " S,3931,0F,00,4807,P1,47" (24)
00:01:20  [AT] "SEND OK" (7)
00:01:22  [TX] S,3932,0F,00,4808,P1,4B
00:01:22  [SLOT] n=4007 tx=23 ack=0 due=0 r=1
00:01:22  [AT] "AT+CIPSEND=24" (13)
00:01:22  [AT] " S,3932,0F,00,4808,P1,4B" (24)
00:01:22  [AT] "SEND OK" (7)
00:01:23  «tap» 살아있음 — 최근 60초 rx=7958B (이 줄이 끊기면 탭이 죽은 것이다)
00:01:23  [TX] S,3933,0F,00,4809,P1,4B
00:01:23  [SLOT] n=4008 tx=23 ack=0 due=0 r=1
00:01:23  [AT] "AT+CIPSEND=24" (13)
00:01:23  [AT] " S,3933,0F,00,4809,P1,4B" (24)
00:01:23  [AT] "SEND OK" (7)
00:01:24  [TX] S,3934,0F,00,4810,P1,44
00:01:24  [SLOT] n=4009 tx=23 ack=0 due=0 r=1
00:01:24  [AT] "AT+CIPSEND=24" (13)
00:01:24  [AT] " S,3934,0F,00,4810,P1,44" (24)
00:01:24  [AT] "SEND OK" (7)
00:01:25  [TX] S,3935,0F,00,4812,P1,47
00:01:25  [SLOT] n=4010 tx=23 ack=0 due=0 r=1
00:01:25  [AT] "AT+CIPSEND=24" (13)
00:01:25  [AT] " S,3935,0F,00,4812,P1,47" (24)
00:01:25  [AT] "SEND OK" (7)
00:01:26  [TX] S,3936,0F,00,4813,P1,45
00:01:26  [SLOT] n=4011 tx=23 ack=0 due=0 r=1
00:01:26  [AT] "AT+CIPSEND=24" (13)
00:01:26  [AT] " S,3936,0F,00,4813,P1,45" (24)
00:01:26  [AT] "SEND OK" (7)
00:01:28  [TX] S,3937,0F,00,4814,P1,43
00:01:28  [SLOT] n=4012 tx=23 ack=0 due=0 r=1
00:01:28  [AT] "AT+CIPSEND=24" (13)
00:01:28  [AT] " S,3937,0F,00,4814,P1,43" (24)
00:01:28  [AT] "SEND OK" (7)
00:01:29  [TX] S,3938,0F,00,4815,P1,4D
00:01:29  [SLOT] n=4013 tx=23 ack=0 due=0 r=1
00:01:29  [AT] "AT+CIPSEND=24" (13)
00:01:29  [AT] " S,3938,0F,00,4815,P1,4D" (24)
00:01:29  [AT] "SEND OK" (7)
00:01:30  [TX] S,3939,0F,00,4816,P1,4F
00:01:30  [SLOT] n=4014 tx=23 ack=0 due=0 r=1
00:01:30  [AT] "AT+CIPSEND=24" (13)
00:01:30  [AT] " S,3939,0F,00,4816,P1,4F" (24)
00:01:30  [AT] "SEND OK" (7)
00:01:31  [TX] S,3940,0F,00,4818,P1,4F
00:01:31  [SLOT] n=4015 tx=23 ack=0 due=0 r=1
00:01:31  [AT] "AT+CIPSEND=24" (13)
00:01:31  [AT] " S,3940,0F,00,4818,P1,4F" (24)
00:01:31  [AT] "SEND OK" (7)
00:01:32  [TX] S,3941,0F,00,4819,P1,4F
00:01:32  [SLOT] n=4016 tx=23 ack=0 due=0 r=1
00:01:32  [AT] "AT+CIPSEND=24" (13)
00:01:32  [AT] " S,3941,0F,00,4819,P1,4F" (24)
00:01:32  [AT] "SEND OK" (7)
00:01:34  [TX] S,3942,0F,00,4820,P1,46
00:01:34  [SLOT] n=4017 tx=23 ack=0 due=0 r=1
00:01:34  [AT] "AT+CIPSEND=24" (13)
00:01:34  [AT] " S,3942,0F,00,4820,P1,46" (24)
00:01:34  [AT] "SEND OK" (7)
00:01:35  [TX] S,3943,0F,00,4821,P1,46
00:01:35  [SLOT] n=4018 tx=23 ack=0 due=0 r=1
00:01:35  [AT] "AT+CIPSEND=24" (13)
00:01:35  [AT] " S,3943,0F,00,4821,P1,46" (24)
00:01:35  [AT] "SEND OK" (7)
00:01:36  [TX] S,3944,0F,00,4822,P1,42
00:01:36  [SLOT] n=4019 tx=23 ack=0 due=0 r=1
00:01:36  [AT] "AT+CIPSEND=24" (13)
00:01:36  [AT] " S,3944,0F,00,4822,P1,42" (24)
00:01:36  [AT] "SEND OK" (7)
00:01:37  [TX] S,3945,0F,00,4824,P1,45
00:01:37  [SLOT] n=4020 tx=23 ack=0 due=0 r=1
00:01:37  [AT] "AT+CIPSEND=24" (13)
00:01:37  [AT] " S,3945,0F,00,4824,P1,45" (24)
00:01:37  [AT] "SEND OK" (7)
00:01:38  [TX] S,3946,0F,00,4825,P1,47
00:01:38  [SLOT] n=4021 tx=23 ack=0 due=0 r=1
00:01:38  [AT] "AT+CIPSEND=24" (13)
00:01:38  [AT] " S,3946,0F,00,4825,P1,47" (24)
00:01:38  [AT] "SEND OK" (7)
00:01:40  [TX] S,3947,0F,00,4826,P1,45
00:01:40  [SLOT] n=4022 tx=23 ack=0 due=0 r=1
00:01:40  [AT] "AT+CIPSEND=24" (13)
00:01:40  [AT] " S,3947,0F,00,4826,P1,45" (24)
00:01:40  [AT] "SEND OK" (7)
00:01:41  [TX] S,3948,0F,00,4827,P1,4B
00:01:41  [SLOT] n=4023 tx=23 ack=0 due=0 r=1
00:01:41  [AT] "AT+CIPSEND=24" (13)
00:01:41  [AT] " S,3948,0F,00,4827,P1,4B" (24)
00:01:41  [AT] "SEND OK" (7)
00:01:42  [TX] S,3949,0F,00,4828,P1,45
00:01:42  [SLOT] n=4024 tx=23 ack=0 due=0 r=1
00:01:42  [AT] "AT+CIPSEND=24" (13)
00:01:42  [AT] " S,3949,0F,00,4828,P1,45" (24)
00:01:42  [AT] "SEND OK" (7)
00:01:43  [TX] S,3950,0F,00,4830,P1,44
00:01:43  [SLOT] n=4025 tx=23 ack=0 due=0 r=1
00:01:43  [AT] "AT+CIPSEND=24" (13)
00:01:43  [AT] " S,3950,0F,00,4830,P1,44" (24)
00:01:43  [AT] "SEND OK" (7)
00:01:44  [TX] S,3951,0F,00,4831,P1,44
00:01:44  [SLOT] n=4026 tx=23 ack=0 due=0 r=1
00:01:44  [AT] "AT+CIPSEND=24" (13)
00:01:44  [AT] " S,3951,0F,00,4831,P1,44" (24)
00:01:44  [AT] "SEND OK" (7)
00:01:46  [TX] S,3952,0F,00,4832,P1,44
00:01:46  [SLOT] n=4027 tx=23 ack=0 due=0 r=1
00:01:46  [AT] "AT+CIPSEND=24" (13)
00:01:46  [AT] " S,3952,0F,00,4832,P1,44" (24)
00:01:46  [AT] "SEND OK" (7)
00:01:47  [TX] S,3953,0F,00,4833,P1,44
00:01:47  [SLOT] n=4028 tx=23 ack=0 due=0 r=1
00:01:47  [AT] "AT+CIPSEND=24" (13)
00:01:47  [AT] " S,3953,0F,00,4833,P1,44" (24)
00:01:47  [AT] "SEND OK" (7)
00:01:48  [TX] S,3954,0F,00,4834,P1,44
00:01:48  [SLOT] n=4029 tx=23 ack=0 due=0 r=1
00:01:48  [AT] "AT+CIPSEND=24" (13)
00:01:48  [AT] " S,3954,0F,00,4834,P1,44" (24)
00:01:48  [AT] "SEND OK" (7)
00:01:49  [TX] S,3955,0F,00,4836,P1,47
00:01:49  [SLOT] n=4030 tx=23 ack=0 due=0 r=1
00:01:49  [AT] "AT+CIPSEND=24" (13)
00:01:49  [AT] " S,3955,0F,00,4836,P1,47" (24)
00:01:49  [AT] "SEND OK" (7)
00:01:50  [TX] S,3956,0F,00,4837,P1,45
00:01:50  [SLOT] n=4031 tx=23 ack=0 due=0 r=1
00:01:50  [AT] "AT+CIPSEND=24" (13)
00:01:50  [AT] " S,3956,0F,00,4837,P1,45" (24)
00:01:50  [AT] "SEND OK" (7)
00:01:52  [TX] S,3957,0F,00,4838,P1,4B
00:01:52  [SLOT] n=4032 tx=23 ack=0 due=0 r=1
00:01:52  [AT] "AT+CIPSEND=24" (13)
00:01:52  [AT] " S,3957,0F,00,4838,P1,4B" (24)
00:01:52  [AT] "SEND OK" (7)
00:01:53  [TX] S,3958,0F,00,4839,P1,45
00:01:53  [SLOT] n=4033 tx=23 ack=0 due=0 r=1
00:01:53  [AT] "AT+CIPSEND=24" (13)
00:01:53  [AT] " S,3958,0F,00,4839,P1,45" (24)
00:01:53  [AT] "SEND OK" (7)
00:01:54  [TX] S,3959,0F,00,4840,P1,4A
00:01:54  [SLOT] n=4034 tx=23 ack=0 due=0 r=1
00:01:54  [AT] "AT+CIPSEND=24" (13)
00:01:54  [AT] " S,3959,0F,00,4840,P1,4A" (24)
00:01:54  [AT] "SEND OK" (7)
00:01:55  [TX] S,3960,0F,00,4842,P1,42
00:01:55  [SLOT] n=4035 tx=23 ack=0 due=0 r=1
00:01:55  [AT] "AT+CIPSEND=24" (13)
00:01:55  [AT] " S,3960,0F,00,4842,P1,42" (24)
00:01:55  [AT] "SEND OK" (7)
00:01:56  [TX] S,3961,0F,00,4843,P1,42
00:01:56  [SLOT] n=4036 tx=23 ack=0 due=0 r=1
00:01:56  [AT] "AT+CIPSEND=24" (13)
00:01:56  [AT] " S,3961,0F,00,4843,P1,42" (24)
00:01:56  [AT] "SEND OK" (7)
00:01:58  [TX] S,3962,0F,00,4844,P1,46
00:01:58  [SLOT] n=4037 tx=23 ack=0 due=0 r=1
00:01:58  [AT] "AT+CIPSEND=24" (13)
00:01:58  [AT] " S,3962,0F,00,4844,P1,46" (24)
00:01:58  [AT] "SEND OK" (7)
00:01:59  [TX] S,3963,0F,00,4845,P1,46
00:01:59  [SLOT] n=4038 tx=23 ack=0 due=0 r=1
00:01:59  [AT] "AT+CIPSEND=24" (13)
00:01:59  [AT] " S,3963,0F,00,4845,P1,46" (24)
00:01:59  [AT] "SEND OK" (7)
00:02:00  [TX] S,3964,0F,00,4846,P1,42
00:02:00  [SLOT] n=4039 tx=23 ack=0 due=0 r=1
00:02:00  [AT] "AT+CIPSEND=24" (13)
00:02:00  [AT] " S,3964,0F,00,4846,P1,42" (24)
00:02:00  [AT] "SEND OK" (7)
00:02:01  [TX] S,3965,0F,00,4848,P1,4D
00:02:01  [SLOT] n=4040 tx=23 ack=0 due=0 r=1
00:02:01  [AT] "AT+CIPSEND=24" (13)
00:02:01  [AT] " S,3965,0F,00,4848,P1,4D" (24)
00:02:01  [AT] "SEND OK" (7)
00:02:02  [TX] S,3966,0F,00,4849,P1,4F
00:02:02  [SLOT] n=4041 tx=23 ack=0 due=0 r=1
00:02:02  [AT] "AT+CIPSEND=24" (13)
00:02:03  [AT] " S,3966,0F,00,4849,P1,4F" (24)
00:02:03  [AT] "SEND OK" (7)
00:02:04  [TX] S,3967,0F,00,4850,P1,46
00:02:04  [SLOT] n=4042 tx=23 ack=0 due=0 r=1
00:02:04  [AT] "AT+CIPSEND=24" (13)
00:02:04  [AT] " S,3967,0F,00,4850,P1,46" (24)
00:02:04  [AT] "SEND OK" (7)
00:02:05  [TX] S,3968,0F,00,4851,P1,48
00:02:05  [SLOT] n=4043 tx=23 ack=0 due=0 r=1
00:02:05  [AT] "AT+CIPSEND=24" (13)
00:02:05  [AT] " S,3968,0F,00,4851,P1,48" (24)
00:02:05  [AT] "SEND OK" (7)
00:02:06  [TX] S,3969,0F,00,4852,P1,4A
00:02:06  [SLOT] n=4044 tx=23 ack=0 due=0 r=1
00:02:06  [AT] "AT+CIPSEND=24" (13)
00:02:06  [AT] " S,3969,0F,00,4852,P1,4A" (24)
00:02:06  [AT] "SEND OK" (7)
00:02:07  [TX] S,3970,0F,00,4854,P1,44
00:02:07  [SLOT] n=4045 tx=23 ack=0 due=0 r=1
00:02:07  [AT] "AT+CIPSEND=24" (13)
00:02:08  [AT] " S,3970,0F,00,4854,P1,44" (24)
00:02:08  [AT] "SEND OK" (7)
00:02:08  [TX] S,3971,0F,00,4855,P1,44
00:02:08  [SLOT] n=4046 tx=23 ack=0 due=0 r=1
00:02:08  [AT] "AT+CIPSEND=24" (13)
00:02:08  [AT] " S,3971,0F,00,4855,P1,44" (24)
00:02:09  [AT] "SEND OK" (7)
00:02:10  [TX] S,3972,0F,00,4856,P1,44
00:02:10  [SLOT] n=4047 tx=23 ack=0 due=0 r=1
00:02:10  [AT] "AT+CIPSEND=24" (13)
00:02:10  [AT] " S,3972,0F,00,4856,P1,44" (24)
00:02:10  [AT] "SEND OK" (7)
00:02:11  [TX] S,3973,0F,00,4857,P1,44
00:02:11  [SLOT] n=4048 tx=23 ack=0 due=0 r=1
00:02:11  [AT] "AT+CIPSEND=24" (13)
00:02:11  [AT] " S,3973,0F,00,4857,P1,44" (24)
00:02:11  [AT] "SEND OK" (7)
00:02:12  [TX] S,3974,0F,00,4858,P1,4C
00:02:12  [SLOT] n=4049 tx=23 ack=0 due=0 r=1
00:02:12  [AT] "AT+CIPSEND=24" (13)
00:02:13  [AT] " S,3974,0F,00,4858,P1,4C" (24)
00:02:13  [AT] "SEND OK" (7)
00:02:13  [TX] S,3975,0F,00,4860,P1,46
00:02:13  [SLOT] n=4050 tx=23 ack=0 due=0 r=1
00:02:13  [CNT] up=4860 drop=0 esprst=8 hwrst=0/0 resync=0 sendfail=0 okto=2 stuck=0 ackq=0 ackdrop=0 ackstale=0 slot=4050 oow=1 smiss=7 ssovf=0 cksumng=0 okstream=3974 penddrop=0 pendfill=3976 bigfill=11 bigdrop=0 bigokst=11 oklost=0 bigoklost=0 skip=16 online=1
00:02:13  [RAM] 최저 여유 571 B · 프롬프트 재동기 0회 (서버의 '버린줄' 과 맞아야 한다)
00:02:13  [AT] " S,3975,0F,00,4860,P1,46" (24)
00:02:13  [AT] "SEND OK" (7)
00:02:13  [AT] "AT+CIPSEND=24" (13)
00:02:14  [TX] S,3976,0F,00,4861,P1,44
00:02:14  [SLOT] n=4051 tx=23 ack=0 due=0 r=1
00:02:14  [AT] "AT+CIPSEND=24" (13)
00:02:14  [AT] " S,3976,0F,00,4861,P1,44" (24)
00:02:14  [AT] "SEND OK" (7)
00:02:16  [TX] S,3977,0F,00,4862,P1,46
00:02:16  [SLOT] n=4052 tx=23 ack=0 due=0 r=1
00:02:16  [AT] "AT+CIPSEND=24" (13)
00:02:16  [AT] " S,3977,0F,00,4862,P1,46" (24)
00:02:16  [AT] "SEND OK" (7)
00:02:17  [TX] S,3978,0F,00,4863,P1,48
00:02:17  [SLOT] n=4053 tx=23 ack=0 due=0 r=1
00:02:17  [AT] "AT+CIPSEND=24" (13)
00:02:17  [AT] " S,3978,0F,00,4863,P1,48" (24)
00:02:17  [AT] "SEND OK" (7)
00:02:18  [TX] S,3979,0F,00,4864,P1,4E
00:02:18  [SLOT] n=4054 tx=23 ack=0 due=0 r=1
00:02:18  [AT] "AT+CIPSEND=24" (13)
00:02:18  [AT] " S,3979,0F,00,4864,P1,4E" (24)
00:02:18  [AT] "SEND OK" (7)
00:02:19  [TX] S,3980,0F,00,4866,P1,4A
00:02:19  [SLOT] n=4055 tx=23 ack=0 due=0 r=1
00:02:19  [AT] "AT+CIPSEND=24" (13)
00:02:19  [AT] " S,3980,0F,00,4866,P1,4A" (24)
00:02:19  [AT] "SEND OK" (7)
00:02:20  [TX] S,3981,0F,00,4867,P1,4A
00:02:20  [SLOT] n=4056 tx=23 ack=0 due=0 r=1
00:02:20  [AT] "AT+CIPSEND=24" (13)
00:02:20  [AT] " S,3981,0F,00,4867,P1,4A" (24)
00:02:20  [AT] "SEND OK" (7)
00:02:22  [TX] S,3982,0F,00,4868,P1,46
00:02:22  [SLOT] n=4057 tx=23 ack=0 due=0 r=1
00:02:22  [AT] "AT+CIPSEND=24" (13)
00:02:22  [AT] " S,3982,0F,00,4868,P1,46" (24)
00:02:22  [AT] "SEND OK" (7)
00:02:23  «tap» 살아있음 — 최근 60초 rx=7958B (이 줄이 끊기면 탭이 죽은 것이다)
00:02:23  [TX] S,3983,0F,00,4869,P1,46
00:02:23  [SLOT] n=4058 tx=23 ack=0 due=0 r=1
00:02:23  [AT] "AT+CIPSEND=24" (13)
00:02:23  [AT] " S,3983,0F,00,4869,P1,46" (24)
00:02:23  [AT] "SEND OK" (7)
00:02:24  [TX] S,3984,0F,00,4870,P1,49
00:02:24  [SLOT] n=4059 tx=23 ack=0 due=0 r=1
00:02:24  [AT] "AT+CIPSEND=24" (13)
00:02:24  [AT] " S,3984,0F,00,4870,P1,49" (24)
00:02:24  [AT] "SEND OK" (7)
00:02:25  [TX] S,3985,0F,00,4872,P1,4A
00:02:25  [SLOT] n=4060 tx=23 ack=0 due=0 r=1
00:02:25  [AT] "AT+CIPSEND=24" (13)
00:02:25  [AT] " S,3985,0F,00,4872,P1,4A" (24)
00:02:25  [AT] "SEND OK" (7)
00:02:26  [TX] S,3986,0F,00,4873,P1,48
00:02:26  [SLOT] n=4061 tx=23 ack=0 due=0 r=1
00:02:26  [AT] "AT+CIPSEND=24" (13)
00:02:26  [AT] " S,3986,0F,00,4873,P1,48" (24)
00:02:26  [AT] "SEND OK" (7)
00:02:27  [TX] S,3987,0F,00,4874,P1,4E
00:02:28  [SLOT] n=4062 tx=23 ack=0 due=0 r=1
00:02:28  [AT] "AT+CIPSEND=24" (13)
00:02:28  [AT] " S,3987,0F,00,4874,P1,4E" (24)
00:02:28  [AT] "SEND OK" (7)
00:02:29  [TX] S,3988,0F,00,4875,P1,40
00:02:29  [SLOT] n=4063 tx=23 ack=0 due=0 r=1
00:02:29  [AT] "AT+CIPSEND=24" (13)
00:02:29  [AT] " S,3988,0F,00,4875,\xA01,40" (24)
00:02:29  [AT] "SEND OK" (7)
00:02:30  [TX] S,3989,0F,00,4876,P1,42
00:02:30  [SLOT] n=4064 tx=23 ack=0 due=0 r=1
00:02:30  [AT] "AT+CIPSEND=24" (13)
00:02:30  [AT] " S,3989,0F,00,4876,P1,42" (24)
00:02:30  [AT] "SEND OK" (7)
00:02:31  [TX] S,3990,0F,00,4878,P1,44
00:02:31  [SLOT] n=4065 tx=23 ack=0 due=0 r=1
00:02:31  [AT] "AT+CIPSEND=24" (13)
00:02:32  [TX-WAIT] 앞 전송의 SEND OK 를 아직 못 봤다 — 이번 주기는 건너뛴다
00:02:32  [SLOT] n=4066 tx=23 ack=0 due=0 r=0
00:02:32  [AT] " S,3990,0F,00,4878,P1,44" (24)
00:02:32  [AT] "SEND OK" (7)
00:02:33  [TX] S,3991,0F,00,4880,P1,42
00:02:33  [SLOT] n=4067 tx=23 ack=0 due=0 r=1
00:02:33  [AT] "AT+CIPSEND=24" (13)
00:02:35  [AT] " S,3991,0F,00,4880,P1,42" (24)
00:02:35  [AT] "SEND OK" (7)
00:02:36  [TX] S,3992,0F,00,4881,P1,40
00:02:36  [SLOT] n=4068 tx=23 ack=0 due=0 r=1
00:02:36  [AT] "AT+CIPSEND=24" (13)
00:02:37  [AT] " S,3992,0F,00,4881,P1,40" (24)
00:02:37  [AT] "SEND OK" (7)
00:02:37  [TX] S,3993,0F,00,4882,P1,42
00:02:37  [SLOT] n=4069 tx=23 ack=0 due=0 r=1
00:02:37  [AT] "AT+CIPSEND=24" (13)
00:02:37  [AT] " S,3993,0F,00,4882,P1,42" (24)
00:02:37  [AT] "SEND OK" (7)
00:02:38  [TX] S,3994,0F,00,4884,P1,43
00:02:38  [SLOT] n=4070 tx=23 ack=0 due=0 r=1
00:02:38  [AT] "AT+CIPSEND=24" (13)
00:02:38  [AT] " S,3994,0F,00,4884,P1,43" (24)
00:02:38  [AT] "SEND OK" (7)
00:02:39  [TX] S,3995,0F,00,4885,P1,43
00:02:39  [SLOT] n=4071 tx=23 ack=0 due=0 r=1
00:02:39  [AT] "AT+CIPSEND=24" (13)
00:02:39  [AT] " S,3995,0F,00,4885,P1,43" (24)
00:02:39  [AT] "SEND OK" (7)
00:02:40  [TX] S,3996,0F,00,4886,P1,43
00:02:40  [SLOT] n=4072 tx=23 ack=0 due=0 r=1
00:02:40  [AT] "AT+CIPSEND=24" (13)
00:02:41  [AT] " S,3996,0F,00,4886,P1,43" (24)
00:02:41  [AT] "SEND OK" (7)
00:02:42  [TX] S,3997,0F,00,4887,P1,43
00:02:42  [SLOT] n=4073 tx=23 ack=0 due=0 r=1
00:02:42  [AT] "AT+CIPSEND=24" (13)
00:02:42  [AT] " S,3997,0F,00,4887,P1,43" (24)
00:02:42  [AT] "SEND OK" (7)
00:02:43  [TX] S,3998,0F,00,4888,P1,43
00:02:43  [SLOT] n=4074 tx=23 ack=0 due=0 r=1
00:02:43  [AT] "AT+CIPSEND=24" (13)
00:02:43  [AT] " S,3998,0F,00,4888,P1,43" (24)
00:02:43  [AT] "SEND OK" (7)
00:02:44  [TX] S,3999,0F,00,4890,P1,4B
00:02:44  [SLOT] n=4075 tx=23 ack=0 due=0 r=1
00:02:44  [AT] "AT+CIPSEND=24" (13)
00:02:44  [AT] " S,3999,0F,00,4890,P1,4B" (24)
00:02:44  [AT] "SEND OK" (7)
00:02:45  [TX] S,4000,0F,00,4891,P1,44
00:02:45  [SLOT] n=4076 tx=23 ack=0 due=0 r=1
00:02:45  [AT] "AT+CIPSEND=24" (13)
00:02:45  [AT] " S,4000,0F,00,4891,P1,44" (24)
00:02:45  [AT] "SEND OK" (7)
00:02:46  [TX] S,4001,0F,00,4892,P1,46
00:02:46  [SLOT] n=4077 tx=23 ack=0 due=0 r=1
00:02:46  [AT] "AT+CIPSEND=24" (13)
00:02:47  [AT] " S,4001,0F,00,4892,P1,46" (24)
00:02:47  [AT] "SEND OK" (7)
00:02:48  [TX] S,4002,0F,00,4893,P1,44
00:02:48  [SLOT] n=4078 tx=23 ack=0 due=0 r=1
00:02:48  [AT] "AT+CIPSEND=24" (13)
00:02:48  [AT] " S,4002,0F,00,4893,P1,44" (24)
00:02:48  [AT] "SEND OK" (7)
00:02:49  [TX] S,4003,0F,00,4894,P1,42
00:02:49  [SLOT] n=4079 tx=23 ack=0 due=0 r=1
00:02:49  [AT] "AT+CIPSEND=24" (13)
00:02:49  [AT] " S,4003,0F,00,4894,P1,42" (24)
00:02:49  [AT] "SEND OK" (7)
00:02:50  [TX] S,4004,0F,00,4896,P1,47
00:02:50  [SLOT] n=4080 tx=23 ack=0 due=0 r=1
00:02:50  [AT] "AT+CIPSEND=24" (13)
00:02:50  [AT] " S,4004,0F,00,4896,P1,47" (24)
00:02:50  [AT] "SEND OK" (7)
00:02:51  [TX] S,4005,0F,00,4897,P1,47
00:02:51  [SLOT] n=4081 tx=23 ack=0 due=0 r=1
00:02:51  [AT] "AT+CIPSEND=24" (13)
00:02:51  [AT] " S,4005,0F,00,4897,P1,47" (24)
00:02:51  [AT] "SEND OK" (7)
00:02:52  [TX] S,4006,0F,00,4898,P1,4B
00:02:52  [SLOT] n=4082 tx=23 ack=0 due=0 r=1
00:02:52  [AT] "AT+CIPSEND=24" (13)
00:02:52  [AT] " S,4006,0F,00,4898,P1,4B" (24)
00:02:52  [AT] "SEND OK" (7)
00:02:54  [TX] S,4007,0F,00,4899,P1,4B
00:02:54  [SLOT] n=4083 tx=23 ack=0 due=0 r=1
00:02:54  [AT] "AT+CIPSEND=24" (13)
00:02:54  [AT] " S,4007,0F,00,4899,P1,4B" (24)
00:02:54  [AT] "SEND OK" (7)
00:02:55  [TX] S,4008,0F,00,4900,P1,45
00:02:55  [SLOT] n=4084 tx=23 ack=0 due=0 r=1
00:02:55  [AT] "AT+CIPSEND=24" (13)
00:02:55  [AT] " S,4008,0F,00,4900,P1,45" (24)
00:02:55  [AT] "SEND OK" (7)
00:02:56  [TX] S,4009,0F,00,4902,P1,46
00:02:56  [SLOT] n=4085 tx=23 ack=0 due=0 r=1
00:02:56  [AT] "AT+CIPSEND=24" (13)
00:02:56  [AT] " S,4009,0F,00,4902,P1,46" (24)
00:02:56  [AT] "SEND OK" (7)
00:02:57  [TX] S,4010,0F,00,4903,P1,4F
00:02:57  [SLOT] n=4086 tx=23 ack=0 due=0 r=1
00:02:57  [AT] "AT+CIPSEND=24" (13)
00:02:57  [AT] " S,4010,0F,00,4903,P1,4F" (24)
00:02:57  [AT] "SEND OK" (7)
00:02:58  [TX] S,4011,0F,00,4904,P1,49
00:02:58  [SLOT] n=4087 tx=23 ack=0 due=0 r=1
00:02:58  [AT] "AT+CIPSEND=24" (13)
00:02:58  [AT] " S,4011,0F,00,4904,P1,49" (24)
00:02:58  [AT] "SEND OK" (7)
00:03:00  [TX] S,4012,0F,00,4905,P1,4B
00:03:00  [SLOT] n=4088 tx=23 ack=0 due=0 r=1
00:03:00  [AT] "AT+CIPSEND=24" (13)
00:03:00  [AT] " S,4012,0F,00,4905,P1,4B" (24)
00:03:00  [AT] "SEND OK" (7)
00:03:01  [TX] S,4013,0F,00,4906,P1,49
00:03:01  [SLOT] n=4089 tx=23 ack=0 due=0 r=1
00:03:01  [AT] "AT+CIPSEND=24" (13)
00:03:01  [AT] " S,4013,0F,00,4906,P1,49" (24)
00:03:01  [AT] "SEND OK" (7)
00:03:02  [TX] S,4014,0F,00,4908,P1,40
00:03:02  [SLOT] n=4090 tx=23 ack=0 due=0 r=1
00:03:02  [AT] "AT+CIPSEND=24" (13)
00:03:02  [AT] " S,4014,0F,00,4908,P1,40" (24)
00:03:02  [AT] "SEND OK" (7)
00:03:03  [TX] S,4015,0F,00,4909,P1,40
00:03:03  [SLOT] n=4091 tx=23 ack=0 due=0 r=1
00:03:03  [AT] "AT+CIPSEND=24" (13)
00:03:03  [AT] " S,4015,0F,00,4909,P1,40" (24)
00:03:03  [AT] "SEND OK" (7)
00:03:04  [TX] S,4016,0F,00,4910,P1,4B
00:03:04  [SLOT] n=4092 tx=23 ack=0 due=0 r=1
00:03:04  [AT] "AT+CIPSEND=24" (13)
00:03:04  [AT] " S,4016,0F,00,4910,P1,4B" (24)
00:03:04  [AT] "SEND OK" (7)
00:03:06  [TX] S,4017,0F,00,4911,P1,4B
00:03:06  [SLOT] n=4093 tx=23 ack=0 due=0 r=1
00:03:06  [AT] "AT+CIPSEND=24" (13)
00:03:06  [AT] " S,4017,0F,00,4911,P1,hB" (24)
00:03:06  [AT] "SEND OK" (7)
00:03:07  [TX] S,4018,0F,00,4912,P1,47
00:03:07  [SLOT] n=4094 tx=23 ack=0 due=0 r=1
00:03:07  [AT] "AT+CIPSEND=24" (13)
00:03:07  [AT] " S,4018,0F,00,4912,P1,47" (24)
00:03:07  [AT] "SEND OK" (7)
00:03:08  [TX] S,4019,0F,00,4914,P1,40
00:03:08  [SLOT] n=4095 tx=23 ack=0 due=0 r=1
00:03:08  [AT] "AT+CIPSEND=24" (13)
00:03:08  [AT] " S,4019,0F,00,4914,P1,40" (24)
00:03:08  [AT] "SEND OK" (7)
00:03:09  [TX] S,4020,0F,00,4915,P1,4B
00:03:09  [SLOT] n=4096 tx=23 ack=0 due=0 r=1
00:03:09  [AT] "AT+CIPSEND=24" (13)
00:03:09  [AT] " S,4020,0F,00,4915,P1,4B" (24)
00:03:09  [AT] "SEND OK" (7)
00:03:10  [TX] S,4021,0F,00,4916,P1,49
00:03:10  [SLOT] n=4097 tx=23 ack=0 due=0 r=1
00:03:10  [AT] "AT+CIPSEND=24" (13)
00:03:10  [AT] " S,4021,0F,00,4916,P1,49" (24)
00:03:11  [AT] "SEND OK" (7)
00:03:12  [TX] S,4022,0F,00,4917,P1,4B
00:03:12  [SLOT] n=4098 tx=23 ack=0 due=0 r=1
00:03:12  [AT] "AT+CIPSEND=24" (13)
00:03:12  [AT] " S,4022,0F,00,4917,P1,4B" (24)
00:03:12  [AT] "SEND OK" (7)
00:03:13  [TX] S,4023,0F,00,4918,P1,45
00:03:13  [SLOT] n=4099 tx=23 ack=0 due=0 r=1
00:03:13  [AT] "AT+CIPSEND=24" (13)
00:03:13  [AT] " S,4023,0F,00,4918,P1,45" (24)
00:03:13  [AT] "SEND OK" (7)
00:03:14  [TX] S,4024,0F,00,4920,P1,49
00:03:14  [SLOT] n=4100 tx=23 ack=0 due=0 r=1
00:03:14  [CNT] up=4920 drop=0 esprst=8 hwrst=0/0 resync=0 sendfail=0 okto=2 stuck=0 ackq=0 ackdrop=0 ackstale=0 slot=4100 oow=1 smiss=7 ssovf=0 cksumng=0 okstream=4023 penddrop=0 pendfill=4025 bigfill=11 bigdrop=0 bigokst=11 oklost=0 bigoklost=0 skip=17 online=1
00:03:14  [RAM] 최저 여유 571 B · 프롬프트 재동기 0회 (서버의 '버린줄' 과 맞아야 한다)
00:03:14  [AT] " S,4024,0F,00,4920,P1,49" (24)
00:03:14  [AT] "SEND OK" (7)
00:03:14  [AT] "AT+CIPSEND=24" (13)
00:03:15  [TX] S,4025,0F,00,4921,P1,49
00:03:15  [SLOT] n=4101 tx=23 ack=0 due=0 r=1
00:03:15  [AT] "AT+CIPSEND=24" (13)
00:03:15  [AT] " S,4025,0F,00,4921,P1,49" (24)
00:03:15  [AT] "SEND OK" (7)
00:03:16  [TX] S,4026,0F,00,4922,P1,49
00:03:16  [SLOT] n=4102 tx=23 ack=0 due=0 r=1
00:03:16  [AT] "AT+CIPSEND=24" (13)
00:03:16  [AT] " S,4026,0F,00,4922,P1,49" (24)
00:03:16  [AT] "SEND OK" (7)
00:03:18  [TX] S,4027,0F,00,4923,P1,49
00:03:18  [SLOT] n=4103 tx=23 ack=0 due=0 r=1
00:03:18  [AT] "AT+CIPSEND=24" (13)
00:03:18  [AT] " S,4027,0F,00,4923,P1,49" (24)
00:03:18  [AT] "SEND OK" (7)
00:03:19  [TX] S,4028,0F,00,4924,P1,41
00:03:19  [SLOT] n=4104 tx=23 ack=0 due=0 r=1
00:03:19  [AT] "AT+CIPSEND=24" (13)
00:03:19  [AT] " S,4028,0F,00,4924,P1,41" (24)
00:03:19  [AT] "SEND OK" (7)
00:03:20  [TX] S,4029,0F,00,4926,P1,42
00:03:20  [SLOT] n=4105 tx=23 ack=0 due=0 r=1
00:03:20  [AT] "AT+CIPSEND=24" (13)
00:03:20  [AT] " S,4029,0F,00,4926,P1,42" (24)
00:03:20  [AT] "SEND OK" (7)
00:03:21  [TX] S,4030,0F,00,4927,P1,4B
00:03:21  [SLOT] n=4106 tx=23 ack=0 due=0 r=1
00:03:21  [AT] "AT+CIPSEND=24" (13)
00:03:21  [AT] " S,4030,0F,00,4927,P1,4B" (24)
00:03:21  [AT] "SEND OK" (7)
00:03:22  [TX] S,4031,0F,00,4928,P1,45
00:03:22  [SLOT] n=4107 tx=23 ack=0 due=0 r=1
00:03:22  [AT] "AT+CIPSEND=24" (13)
00:03:22  [AT] " S,4031,0F,00,4928,P1,45" (24)
00:03:22  [AT] "SEND OK" (7)
00:03:24  «tap» 살아있음 — 최근 60초 rx=7935B (이 줄이 끊기면 탭이 죽은 것이다)
00:03:24  [TX] S,4032,0F,00,4929,P1,47
00:03:24  [SLOT] n=4108 tx=23 ack=0 due=0 r=1
00:03:24  [AT] "AT+CIPSEND=24" (13)
00:03:24  [AT] " S,4032,0F,00,4929,P1,47" (24)
00:03:24  [AT] "SEND OK" (7)
00:03:25  [TX] S,4033,0F,00,4930,P1,4E
00:03:25  [SLOT] n=4109 tx=23 ack=0 due=0 r=1
00:03:25  [AT] "AT+CIPSEND=24" (13)
00:03:25  [AT] " S,4033,0F,00,4930,P1,4E" (24)
00:03:25  [AT] "SEND OK" (7)
00:03:26  [TX] S,4034,0F,00,4932,P1,4B
00:03:26  [SLOT] n=4110 tx=23 ack=0 due=0 r=1
00:03:26  [AT] "AT+CIPSEND=24" (13)
00:03:26  [AT] " S,4`34,0F,00,4932,P1,4B" (24)
00:03:26  [AT] "SEND OK" (7)
00:03:27  [TX] S,4035,0F,00,4933,P1,4B
00:03:27  [SLOT] n=4111 tx=23 ack=0 due=0 r=1
00:03:27  [AT] "AT+CIPSEND=24" (13)
00:03:27  [AT] " S,4035,0F,00,4933,P1,4B" (24)
00:03:27  [AT] "SEND OK" (7)
00:03:28  [TX] S,4036,0F,00,4934,P1,4F
00:03:28  [SLOT] n=4112 tx=23 ack=0 due=0 r=1
00:03:28  [AT] "AT+CIPSEND=24" (13)
00:03:28  [AT] " S,4036,0F,00,4934,P1,4F" (24)
00:03:28  [AT] "SEND OK" (7)
00:03:30  [TX] S,4037,0F,00,4935,P1,4F
00:03:30  [SLOT] n=4113 tx=23 ack=0 due=0 r=1
00:03:30  [AT] "AT+CIPSEND=24" (13)
00:03:30  [AT] " S,4037,0F,00,4935,P1,4F" (24)
00:03:30  [AT] "SEND OK" (7)
00:03:31  [TX] S,4038,0F,00,4936,P1,43
00:03:31  [SLOT] n=4114 tx=23 ack=0 due=0 r=1
00:03:31  [AT] "AT+CIPSEND=24" (13)
00:03:31  [AT] " S,4038,0F,00,4936,P1,43" (24)
00:03:31  [AT] "SEND OK" (7)
00:03:32  [TX] S,4039,0F,00,4938,P1,4C
00:03:32  [SLOT] n=4115 tx=23 ack=0 due=0 r=1
00:03:32  [AT] "AT+CIPSEND=24" (13)
00:03:32  [AT] " S,4039,0F,00,4938,P1,4C" (24)
00:03:32  [AT] "SEND OK" (7)
00:03:33  [TX] S,4040,0F,00,4939,P1,43
00:03:33  [SLOT] n=4116 tx=23 ack=0 due=0 r=1
00:03:33  [AT] "AT+CIPSEND=24" (13)
00:03:33  [AT] " S,4040,0F,00,4939,P1,43" (24)
00:03:33  [AT] "SEND OK" (7)
00:03:34  [TX] S,4041,0F,00,4940,P1,4C
00:03:34  [SLOT] n=4117 tx=23 ack=0 due=0 r=1
00:03:34  [AT] "AT+CIPSEND=24" (13)
00:03:34  [AT] " S,4041,0F,00,4940,P1,4C" (24)
00:03:34  [AT] "SEND OK" (7)
00:03:36  [TX] S,4042,0F,00,4941,P1,4E
00:03:36  [SLOT] n=4118 tx=23 ack=0 due=0 r=1
00:03:36  [AT] "AT+CIPSEND=24" (13)
00:03:36  [AT] " S,4042,0F,00,4941,P1,4E" (24)
00:03:36  [AT] "SEND OK" (7)
00:03:37  [TX] S,4043,0F,00,4942,P1,4C
00:03:37  [SLOT] n=4119 tx=23 ack=0 due=0 r=1
00:03:37  [AT] "AT+CIPSEND=24" (13)
00:03:37  [AT] " S,4043,0F,00,4942,P1,4C" (24)
00:03:37  [AT] "SEND OK" (7)
00:03:38  [TX] S,4044,0F,00,4944,P1,4D
00:03:38  [SLOT] n=4120 tx=23 ack=0 due=0 r=1
00:03:38  [AT] "AT+CIPSEND=24" (13)
00:03:38  [AT] " S,4044,0F,00,4944,P1,4D" (24)
00:03:38  [AT] "SEND OK" (7)
00:03:39  [TX] S,4045,0F,00,4945,P1,4D
00:03:39  [SLOT] n=4121 tx=23 ack=0 due=0 r=1
00:03:39  [AT] "AT+CIPSEND=24" (13)
00:03:39  [AT] " S,4045,0F,00,4945,P1,4D" (24)
00:03:39  [AT] "SEND OK" (7)
00:03:40  [TX] S,4046,0F,00,4946,P1,4D
00:03:40  [SLOT] n=4122 tx=23 ack=0 due=0 r=1
00:03:40  [AT] "AT+CIPSEND=24" (13)
00:03:40  [AT] " S,4046,0F,00,4946,P1,4D" (24)
00:03:40  [AT] "SEND OK" (7)
00:03:42  [TX] S,4047,0F,00,4947,P1,4D
00:03:42  [SLOT] n=4123 tx=23 ack=0 due=0 r=1
00:03:42  [AT] "AT+CIPSEND=24" (13)
00:03:42  [AT] " S,4047,0F,00,4947,P1,4D" (24)
00:03:42  [AT] "SEND OK" (7)
00:03:43  [TX] S,4048,0F,00,4948,P1,4D
00:03:43  [SLOT] n=4124 tx=23 ack=0 due=0 r=1
00:03:43  [AT] "AT+CIPSEND=24" (13)
00:03:43  [AT] " S,4048,0F,00,4948,P1,4D" (24)
00:03:43  [AT] "SEND OK" (7)
00:03:44  [TX] S,4049,0F,00,4950,P1,45
00:03:44  [SLOT] n=4125 tx=23 ack=0 due=0 r=1
00:03:44  [AT] "AT+CIPSEND=24" (13)
00:03:44  [AT] " S,4049,0F,00,4950,P1,45" (24)
00:03:44  [AT] "SEND OK" (7)
00:03:45  [TX] S,4050,0F,00,4951,P1,4C
00:03:45  [SLOT] n=4126 tx=23 ack=0 due=0 r=1
00:03:45  [AT] "AT+CIPSEND=24" (13)
00:03:45  [AT] " S,4050,0F,00,4951,P1,4C" (24)
00:03:45  [AT] "SEND OK" (7)
00:03:46  [TX] S,4051,0F,00,4952,P1,4E
00:03:46  [SLOT] n=4127 tx=23 ack=0 due=0 r=1
00:03:46  [AT] "AT+CIPSEND=24" (13)
00:03:46  [AT] " S,4051,0F,00,4952,P1,4E" (24)
00:03:46  [AT] "SEND OK" (7)
00:03:48  [TX] S,4052,0F,00,4953,P1,4C
00:03:48  [SLOT] n=4128 tx=23 ack=0 due=0 r=1
00:03:48  [AT] "AT+CIPSEND=24" (13)
00:03:48  [AT] " S,4052,0F,00,4953,P1,4C" (24)
00:03:48  [AT] "SEND OK" (7)
00:03:49  [TX] S,4053,0F,00,4954,P1,4A
00:03:49  [SLOT] n=4129 tx=23 ack=0 due=0 r=1
00:03:49  [AT] "AT+CIPSEND=24" (13)
00:03:49  [AT] " S,4053,0F,00,4954,P1,4A" (24)
00:03:49  [AT] "SEND OK" (7)
00:03:50  [TX] S,4054,0F,00,4956,P1,4F
00:03:50  [SLOT] n=4130 tx=23 ack=0 due=0 r=1
00:03:50  [AT] "AT+CIPSEND=24" (13)
00:03:50  [AT] " S,4054,0F,00,4956,P1,4F" (24)
00:03:50  [AT] "SEND OK" (7)
00:03:51  [TX] S,4055,0F,00,4957,P1,4F
00:03:51  [SLOT] n=4131 tx=23 ack=0 due=0 r=1
00:03:51  [AT] "AT+CIPSEND=24" (13)
00:03:51  [AT] " S,4055,0F,00,4957,P1,4F" (24)
00:03:51  [AT] "SEND OK" (7)
00:03:52  [TX] S,4056,0F,00,4958,P1,43
00:03:52  [SLOT] n=4132 tx=23 ack=0 due=0 r=1
00:03:52  [AT] "AT+CIPSEND=24" (13)
00:03:52  [AT] " S,4056,0F,00,4958,P1,43" (24)
00:03:52  [AT] "SEND OK" (7)
00:03:54  [TX] S,4057,0F,00,4959,P1,43
00:03:54  [SLOT] n=4133 tx=23 ack=0 due=0 r=1
00:03:54  [AT] "AT+CIPSEND=24" (13)
00:03:54  [AT] " S,4057,0F,00,4959,P1,43" (24)
00:03:54  [AT] "SEND OK" (7)
00:03:55  [TX] S,4058,0F,00,4960,P1,46
00:03:55  [SLOT] n=4134 tx=23 ack=0 due=0 r=1
00:03:55  [AT] "AT+CIPSEND=24" (13)
00:03:55  [AT] " S,4058,0F,00,4960,P1,46" (24)
00:03:55  [AT] "SEND OK" (7)
00:03:56  [TX] S,4059,0F,00,4962,P1,45
00:03:56  [SLOT] n=4135 tx=23 ack=0 due=0 r=1
00:03:56  [AT] "AT+CIPSEND=24" (13)
00:03:56  [AT] " S,4059,0F,00,4962,P1,45" (24)
00:03:56  [AT] "SEND OK" (7)
00:03:57  [TX] S,4060,0F,00,4963,P1,4E
00:03:57  [SLOT] n=4136 tx=23 ack=0 due=0 r=1
00:03:57  [AT] "AT+CIPSEND=24" (13)
00:03:57  [AT] " S,4060,0F,00,4963,P1,4E" (24)
00:03:57  [AT] "SEND OK" (7)
00:03:58  [TX] S,4061,0F,00,4964,P1,48
00:03:58  [SLOT] n=4137 tx=23 ack=0 due=0 r=1
00:03:58  [AT] "AT+CIPSEND=24" (13)
00:03:58  [AT] " S,4061,0F,00,4964,P1,48" (24)
00:03:58  [AT] "SEND OK" (7)
00:04:00  [TX] S,4062,0F,00,4965,P1,4A
00:04:00  [SLOT] n=4138 tx=23 ack=0 due=0 r=1
00:04:00  [AT] "AT+CIPSEND=24" (13)
00:04:00  [AT] " S,4062,0F,00,4965,P1,4A" (24)
00:04:00  [AT] "SEND OK" (7)
00:04:01  [TX] S,4063,0F,00,4966,P1,48
00:04:01  [SLOT] n=4139 tx=23 ack=0 due=0 r=1
00:04:01  [AT] "AT+CIPSEND=24" (13)
00:04:01  [AT] " S,4063,0F,00,4966,P1,48" (24)
00:04:01  [AT] "SEND OK" (7)
00:04:02  [TX] S,4064,0F,00,4968,P1,41
00:04:02  [SLOT] n=4140 tx=23 ack=0 due=0 r=1
00:04:02  [AT] "AT+CIPSEND=24" (13)
00:04:02  [AT] " S,4064,0F,00,4968,P1,41" (24)
00:04:02  [AT] "SEND OK" (7)
00:04:03  [TX] S,4065,0F,00,4969,P1,41
00:04:03  [SLOT] n=4141 tx=23 ack=0 due=0 r=1
00:04:03  [AT] "AT+CIPSEND=24" (13)
00:04:03  [AT] " S,4065,0F,00,4969,P1,41" (24)
00:04:03  [AT] "SEND OK" (7)
00:04:04  [TX] S,4066,0F,00,4970,P1,4A
00:04:04  [SLOT] n=4142 tx=23 ack=0 due=0 r=1
00:04:04  [AT] "AT+CIPSEND=24" (13)
00:04:04  [AT] " S,4066,0F,00,4970,P1,4A" (24)
00:04:04  [AT] "SEND OK" (7)
00:04:06  [TX] S,4067,0F,00,4971,P1,4A
00:04:06  [SLOT] n=4143 tx=23 ack=0 due=0 r=1
00:04:06  [AT] "AT+CIPSEND=24" (13)
00:04:06  [AT] " S,4067,0F,00,4971,P1,4A" (24)
00:04:06  [AT] "SEND OK" (7)
00:04:07  [TX] S,4068,0F,00,4972,P1,46
00:04:07  [SLOT] n=4144 tx=23 ack=0 due=0 r=1
00:04:07  [AT] "AT+CIPSEND=24" (13)
00:04:07  [AT] " S,4068,0F,00,4972,P1,46" (24)
00:04:07  [AT] "SEND OK" (7)
00:04:08  [TX] S,4069,0F,00,4974,P1,41
00:04:08  [SLOT] n=4145 tx=23 ack=0 due=0 r=1
00:04:08  [AT] "AT+CIPSEND=24" (13)
00:04:08  [AT] " S,4069,0F,00,4974,P1,41" (24)
00:04:08  [AT] "SEND OK" (7)
00:04:09  [TX] S,4070,0F,00,4975,P1,48
00:04:09  [SLOT] n=4146 tx=23 ack=0 due=0 r=1
00:04:09  [AT] "AT+CIPSEND=24" (13)
00:04:09  [AT] " S,4070,0F,00,4975,P1,48" (24)
00:04:09  [AT] "SEND OK" (7)
00:04:10  [TX] S,4071,0F,00,4976,P1,4A
00:04:10  [SLOT] n=4147 tx=23 ack=0 due=0 r=1
00:04:10  [AT] "AT+CIPSEND=24" (13)
00:04:10  [AT] " S,4071,0F,00,4q76,P1,4A" (24)
00:04:10  [AT] "SEND OK" (7)
00:04:12  [TX] S,4072,0F,00,4977,P1,48
00:04:12  [SLOT] n=4148 tx=23 ack=0 due=0 r=1
00:04:12  [AT] "AT+CIPSEND=24" (13)
00:04:12  [AT] " S,4072,0F,00,4977,P1,48" (24)
00:04:12  [AT] "SEND OK" (7)
00:04:13  [TX] S,4073,0F,00,4978,P1,46
00:04:13  [SLOT] n=4149 tx=23 ack=0 due=0 r=1
00:04:13  [AT] "AT+CIPSEND=24" (13)
00:04:13  [AT] " S,4073,0F,00,4978,P1,46" (24)
00:04:13  [AT] "SEND OK" (7)
00:04:14  [TX] S,4074,0F,00,4980,P1,46
00:04:14  [SLOT] n=4150 tx=23 ack=0 due=0 r=1
00:04:14  [CNT] up=4980 drop=0 esprst=8 hwrst=0/0 resync=0 sendfail=0 okto=2 stuck=0 ackq=0 ackdrop=0 ackstale=0 slot=4150 oow=1 smiss=7 ssovf=0 cksumng=0 okstream=4073 penddrop=0 pendfill=4075 bigfill=11 bigdrop=0 bigokst=11 oklost=0 bigoklost=0 skip=17 online=1
00:04:14  [RAM] 최저 여유 571 B · 프롬프트 재동기 0회 (서버의 '버린줄' 과 맞아야 한다)
00:04:14  [AT] "AT+CIPSEND=24" (13)
00:04:14  [AT] " S,4074,0F,00,4980,P1,46" (24)
00:04:14  [AT] "SEND OK" (7)
00:04:15  [TX] S,4075,0F,00,4981,P1,46
00:04:15  [SLOT] n=4151 tx=23 ack=0 due=0 r=1
00:04:15  [AT] "AT+CIPSEND=24" (13)
00:04:15  [AT] " S,4075,0F,00,4981,P1,46" (24)
00:04:15  [AT] "SEND OK" (7)
00:04:16  [TX] S,4076,0F,00,4982,P1,46
00:04:16  [SLOT] n=4152 tx=23 ack=0 due=0 r=1
00:04:16  [AT] "AT+CIPSEND=24" (13)
00:04:16  [AT] " S,4076,0F,00,4982,P1,46" (24)
00:04:16  [AT] "SEND OK" (7)
00:04:18  [TX] S,4077,0F,00,4983,P1,46
00:04:18  [SLOT] n=4153 tx=23 ack=0 due=0 r=1
00:04:18  [AT] "AT+CIPSEND=24" (13)
00:04:18  [AT] " S,4077,0F,00,4983,P1,46" (24)
00:04:18  [AT] "SEND OK" (7)
00:04:19  [TX] S,4078,0F,00,4984,P1,4E
00:04:19  [SLOT] n=4154 tx=23 ack=0 due=0 r=1
00:04:19  [AT] "AT+CIPSEND=24" (13)
00:04:19  [AT] " S,4078,0F,00,4984,P1,4E" (24)
00:04:19  [AT] "SEND OK" (7)
00:04:20  [TX] S,4079,0F,00,4986,P1,4D
00:04:20  [SLOT] n=4155 tx=23 ack=0 due=0 r=1
00:04:20  [AT] "AT+CIPSEND=24" (13)
00:04:20  [AT] " S,4079,0F,00,4986,P1,4D" (24)
00:04:20  [AT] "SEND OK" (7)
00:04:21  [TX] S,4080,0F,00,4987,P1,4A
00:04:21  [SLOT] n=4156 tx=23 ack=0 due=0 r=1
00:04:21  [AT] "AT+CIPSEND=24" (13)
00:04:21  [AT] " S,4080,0F,00,4987,P1,4A" (24)
00:04:21  [AT] "SEND OK" (7)
00:04:22  [TX] S,4081,0F,00,4988,P1,44
00:04:22  [SLOT] n=4157 tx=23 ack=0 due=0 r=1
00:04:22  [AT] "AT+CIPSEND=24" (13)
00:04:22  [AT] " S,4081,0F,00,4988,P1,44" (24)
00:04:22  [AT] "SEND OK" (7)
00:04:24  «tap» 살아있음 — 최근 60초 rx=7958B (이 줄이 끊기면 탭이 죽은 것이다)
00:04:24  [TX] S,4082,0F,00,4989,P1,46
00:04:24  [SLOT] n=4158 tx=23 ack=0 due=0 r=1
00:04:24  [AT] "AT+CIPSEND=24" (13)
00:04:24  [AT] " S,4082,0F,00,4989,P1,46" (24)
00:04:24  [AT] "SEND OK" (7)
00:04:25  [TX] S,4083,0F,00,4990,P1,4F
00:04:25  [SLOT] n=4159 tx=23 ack=0 due=0 r=1
00:04:25  [AT] "AT+CIPSEND=24" (13)
00:04:25  [AT] " S,4083,0F,00,4990,P1,4F" (24)
00:04:25  [AT] "SEND OK" (7)
00:04:26  [TX] S,4084,0F,00,4992,P1,4A
00:04:26  [SLOT] n=4160 tx=23 ack=0 due=0 r=1
00:04:26  [AT] "AT+CIPSEND=24" (13)
00:04:26  [AT] " S,4084,0F,00,4992,P1,4A" (24)
00:04:26  [AT] "SEND OK" (7)
00:04:27  [TX] S,4085,0F,00,4993,P1,4A
00:04:27  [SLOT] n=4161 tx=23 ack=0 due=0 r=1
00:04:27  [AT] "AT+CIPSEND=24" (13)
00:04:27  [AT] " S,4085,0F,00,4993,P1,4A" (24)
00:04:27  [AT] "SEND OK" (7)
00:04:28  [TX] S,4086,0F,00,4994,P1,4E
00:04:28  [SLOT] n=4162 tx=23 ack=0 due=0 r=1
00:04:28  [AT] "AT+CIPSEND=24" (13)
00:04:28  [AT] " S,4086,0F,00,4994,P1,4E" (24)
00:04:28  [AT] "SEND OK" (7)
00:04:30  [TX] S,4087,0F,00,4995,P1,4E
00:04:30  [SLOT] n=4163 tx=23 ack=0 due=0 r=1
00:04:30  [AT] "AT+CIPSEND=24" (13)
00:04:30  [AT] " S,4087,0F,00,4995,P1,4E" (24)
00:04:30  [AT] "SEND OK" (7)
00:04:31  [TX] S,4088,0F,00,4996,P1,42
00:04:31  [SLOT] n=4164 tx=23 ack=0 due=0 r=1
00:04:31  [AT] "AT+CIPSEND=24" (13)
00:04:31  [AT] " S,4088,0F,00,4996,P1,42" (24)
00:04:31  [AT] "SEND OK" (7)
00:04:32  [TX] S,4089,0F,00,4998,P1,4D
00:04:32  [SLOT] n=4165 tx=23 ack=0 due=0 r=1
00:04:32  [AT] "AT+CIPSEND=24" (13)
00:04:32  [AT] " S,4089,0F,00,4998,P1,4D" (24)
00:04:32  [AT] "SEND OK" (7)
00:04:33  [TX] S,4090,0F,00,4999,P1,44
00:04:33  [SLOT] n=4166 tx=23 ack=0 due=0 r=1
00:04:33  [AT] "AT+CIPSEND=24" (13)
00:04:33  [AT] " S,4090,0F,00,4999,P1,44" (24)
00:04:33  [AT] "SEND OK" (7)
00:04:34  [TX] S,4091,0F,00,5000,P1,4D
00:04:34  [SLOT] n=4167 tx=23 ack=0 due=0 r=1
00:04:34  [AT] "AT+CIPSEND=24" (13)
00:04:34  [AT] " S,4091,0F,00,5000,P1,4D" (24)
00:04:34  [AT] "SEND OK" (7)
00:04:36  [TX] S,4092,0F,00,5001,P1,4F
00:04:36  [SLOT] n=4168 tx=23 ack=0 due=0 r=1
00:04:36  [AT] "AT+CIPSEND=24" (13)
00:04:36  [AT] " S,4092,0F,00,5001,P1,4F" (24)
00:04:36  [AT] "SEND OK" (7)
00:04:37  [TX] S,4093,0F,00,5002,P1,4D
00:04:37  [SLOT] n=4169 tx=23 ack=0 due=0 r=1
00:04:37  [AT] "AT+CIPSEND=24" (13)
00:04:37  [AT] " S,4093,0F,00,5002,P1,4D" (24)
00:04:37  [AT] "SEND OK" (7)
00:04:38  [TX] S,4094,0F,00,5004,P1,4C
00:04:38  [SLOT] n=4170 tx=23 ack=0 due=0 r=1
00:04:38  [AT] "AT+CIPSEND=24" (13)
00:04:38  [AT] " S,4094,0F,00,5004,P1,4C" (24)
00:04:38  [AT] "SEND OK" (7)
00:04:39  [TX] S,4095,0F,00,5005,P1,4C
00:04:39  [SLOT] n=4171 tx=23 ack=0 due=0 r=1
00:04:39  [AT] "AT+CIPSEND=24" (13)
00:04:39  [AT] " S,4095,0F,00,5005,P1,4C" (24)
00:04:39  [AT] "SEND OK" (7)
00:04:40  [TX] S,4096,0F,00,5006,P1,4C
00:04:40  [SLOT] n=4172 tx=23 ack=0 due=0 r=1
00:04:40  [AT] "AT+CIPSEND=24" (13)
00:04:40  [AT] " S,4096,0F,00,5006,P1,4C" (24)
00:04:40  [AT] "SEND OK" (7)
00:04:42  [TX] S,4097,0F,00,5007,P1,4C
00:04:42  [SLOT] n=4173 tx=23 ack=0 due=0 r=1
00:04:42  [AT] "AT+CIPSEND=24" (13)
00:04:42  [AT] " S,4097,0F,00,5007,P1,4C" (24)
00:04:42  [AT] "SEND OK" (7)
00:04:43  [TX] S,4098,0F,00,5008,P1,4C
00:04:43  [SLOT] n=4174 tx=23 ack=0 due=0 r=1
00:04:43  [AT] "AT+CIPSEND=24" (13)
00:04:43  [AT] " S,4098,0F,00,5008,P1,4C" (24)
00:04:43  [AT] "SEND OK" (7)
00:04:44  [TX] S,4099,0F,00,5010,P1,44
00:04:44  [SLOT] n=4175 tx=23 ack=0 due=0 r=1
00:04:44  [AT] "AT+CIPSEND=24" (13)
00:04:44  [AT] " S,4099,0F,00,5010,P1,44" (24)
00:04:44  [AT] "SEND OK" (7)
00:04:45  [TX] S,4100,0F,00,5011,P1,44
00:04:45  [SLOT] n=4176 tx=23 ack=0 due=0 r=1
00:04:45  [AT] "AT+CIPSEND=24" (13)
00:04:45  [AT] " S,4100,0F,00,5011,P1,44" (24)
00:04:45  [AT] "SEND OK" (7)
00:04:46  [TX] S,4101,0F,00,5012,P1,46
00:04:46  [SLOT] n=4177 tx=23 ack=0 due=0 r=1
00:04:46  [AT] "AT+CIPSEND=24" (13)
00:04:46  [AT] " S,4101,0F,00,5012,P1,46" (24)
00:04:46  [AT] "SEND OK" (7)
00:04:48  [TX] S,4102,0F,00,5013,P1,44
00:04:48  [SLOT] n=4178 tx=23 ack=0 due=0 r=1
00:04:48  [AT] "AT+CIPSEND=24" (13)
00:04:48  [AT] " S,4102,0F,00,5013,P1,44" (24)
00:04:48  [AT] "SEND OK" (7)
00:04:49  [TX] S,4103,0F,00,5014,P1,42
00:04:49  [SLOT] n=4179 tx=23 ack=0 due=0 r=1
00:04:49  [AT] "AT+CIPSEND=24" (13)
00:04:49  [AT] " S,4103,0F,00,5014,P1,42" (24)
00:04:49  [AT] "SEND OK" (7)
00:04:50  [TX] S,4104,0F,00,5016,P1,47
00:04:50  [SLOT] n=4180 tx=23 ack=0 due=0 r=1
00:04:50  [AT] "AT+CIPSEND=24" (13)
00:04:50  [AT] " S,4104,0F,00,5016,P1,47" (24)
00:04:50  [AT] "SEND OK" (7)
00:04:51  [TX] S,4105,0F,00,5017,P1,47
00:04:51  [SLOT] n=4181 tx=23 ack=0 due=0 r=1
00:04:51  [AT] "AT+CIPSEND=24" (13)
00:04:51  [AT] " S,4105,0F,00,5017,P1,47" (24)
00:04:51  [AT] "SEND OK" (7)
00:04:52  [TX] S,4106,0F,00,5018,P1,4B
00:04:52  [SLOT] n=4182 tx=23 ack=0 due=0 r=1
00:04:52  [AT] "AT+CIPSEND=24" (13)
00:04:52  [AT] " S,4106,0F,00,5018,P1,4B" (24)
00:04:52  [AT] "SEND OK" (7)
00:04:54  [TX] S,4107,0F,00,5019,P1,4B
00:04:54  [SLOT] n=4183 tx=23 ack=0 due=0 r=1
00:04:54  [AT] "AT+CIPSEND=24" (13)
00:04:54  [AT] " S,4107,0F,00,5019,P1,4B" (24)
00:04:54  [AT] "SEND OK" (7)
00:04:55  [TX] S,4108,0F,00,5020,P1,4E
00:04:55  [SLOT] n=4184 tx=23 ack=0 due=0 r=1
00:04:55  [AT] "AT+CIPSEND=24" (13)
00:04:55  [AT] " S,4108,0F,00,5020,P1,4E" (24)
00:04:55  [AT] "SEND OK" (7)
00:04:56  [TX] S,4109,0F,00,5022,P1,4D
00:04:56  [SLOT] n=4185 tx=23 ack=0 due=0 r=1
00:04:56  [AT] "AT+CIPSEND=24" (13)
00:04:56  [AT] " S,4109,0F,00,5022,P1,4D" (24)
00:04:56  [AT] "SEND OK" (7)
00:04:57  [TX] S,4110,0F,00,5023,P1,44
00:04:57  [SLOT] n=4186 tx=23 ack=0 due=0 r=1
00:04:57  [AT] "AT+CIPSEND=24" (13)
00:04:57  [AT] " S,4110,0F,00,5023,P1,44" (24)
00:04:57  [AT] "SEND OK" (7)
00:04:58  [TX] S,4111,0F,00,5024,P1,42
00:04:58  [SLOT] n=4187 tx=23 ack=0 due=0 r=1
00:04:58  [AT] "AT+CIPSEND=24" (13)
00:04:58  [AT] " S,4111,0F,00,5024,P1,42" (24)
00:04:58  [AT] "SEND OK" (7)
00:04:59  [TX] S,4112,0F,00,5025,P1,40
00:05:00  [SLOT] n=4188 tx=23 ack=0 due=0 r=1
00:05:00  [AT] "AT+CIPSEND=24" (13)
00:05:00  [AT] " S,4112,0F,00,5025,P1,40" (24)
00:05:00  [AT] "SEND OK" (7)
00:05:01  [TX] S,4113,0F,00,5026,P1,42
00:05:01  [SLOT] n=4189 tx=23 ack=0 due=0 r=1
00:05:01  [AT] "AT+CIPSEND=24" (13)
00:05:01  [AT] " S,4113,0F,00,5026,P1,42" (24)
00:05:01  [AT] "SEND OK" (7)
00:05:02  [TX] S,4114,0F,00,5028,P1,4B
00:05:02  [SLOT] n=4190 tx=23 ack=0 due=0 r=1
00:05:02  [AT] "AT+CIPSEND=24" (13)
00:05:02  [AT] " S,4114,0F,00,5028,P1,4B" (24)
00:05:02  [AT] "SEND OK" (7)
00:05:03  [TX] S,4115,0F,00,5029,P1,4B
00:05:03  [SLOT] n=4191 tx=23 ack=0 due=0 r=1
00:05:03  [AT] "AT+CIPSEND=24" (13)
00:05:03  [AT] " S,4115,0F,00,5029,P1,4B" (24)
00:05:03  [AT] "SEND OK" (7)
00:05:04  [TX] S,4116,0F,00,5030,P1,40
00:05:04  [SLOT] n=4192 tx=23 ack=0 due=0 r=1
00:05:04  [AT] "AT+CIPSEND=24" (13)
00:05:04  [AT] " S,4116,0F,00,5030,P1,40" (24)
00:05:04  [AT] "SEND OK" (7)
00:05:06  [TX] S,4117,0F,00,5031,P1,40
00:05:06  [SLOT] n=4193 tx=23 ack=0 due=0 r=1
00:05:06  [AT] "AT+CIPSEND=24" (13)
00:05:06  [AT] " S,4117,0F,00,5031,P1,40" (24)
00:05:06  [AT] "SEND OK" (7)
00:05:07  [TX] S,4118,0F,00,5032,P1,4C
00:05:07  [SLOT] n=4194 tx=23 ack=0 due=0 r=1
00:05:07  [AT] "AT+CIPSEND=24" (13)
00:05:07  [AT] " S,4118,0F,00,5032,P1,4C" (24)
00:05:07  [AT] "SEND OK" (7)
00:05:08  [TX] S,4119,0F,00,5034,P1,4B
00:05:08  [SLOT] n=4195 tx=23 ack=0 due=0 r=1
00:05:08  [AT] "AT+CIPSEND=24" (13)
00:05:08  [AT] " S,4119,0F,00,5034,P1,4B" (24)
00:05:08  [AT] "SEND OK" (7)
00:05:09  [TX] S,4120,0F,00,5035,P1,40
00:05:09  [SLOT] n=4196 tx=23 ack=0 due=0 r=1
00:05:09  [AT] "AT+CIPSEND=24" (13)
00:05:09  [AT] " S,4120,0F,00,5035,P1,40" (24)
00:05:09  [AT] "SEND OK" (7)
00:05:10  [TX] S,4121,0F,00,5036,P1,42
00:05:10  [SLOT] n=4197 tx=23 ack=0 due=0 r=1
00:05:10  [AT] "AT+CIPSEND=24" (13)
00:05:10  [AT] " S,4121,0F,00,5036,P1,42" (24)
00:05:10  [AT] "SEND OK" (7)
00:05:11  [TX] S,4122,0F,00,5037,P1,40
00:05:11  [SLOT] n=4198 tx=23 ack=0 due=0 r=1
00:05:11  [AT] "AT+CIPSEND=24" (13)
00:05:12  [AT] " S,4122,0F,00,5037,P1,40" (24)
00:05:12  [AT] "SEND OK" (7)
00:05:13  [TX] S,4123,0F,00,5038,P1,4E
00:05:13  [SLOT] n=4199 tx=23 ack=0 due=0 r=1
00:05:13  [AT] "AT+CIPSEND=24" (13)
00:05:13  [AT] " S,4123,0F,00,5038,P1,4E" (24)
00:05:13  [AT] "SEND OK" (7)
00:05:14  [TX] S,4124,0F,00,5040,P1,46
00:05:14  [SLOT] n=4200 tx=23 ack=0 due=0 r=1
00:05:14  [CNT] up=5040 drop=0 esprst=8 hwrst=0/0 resync=0 sendfail=0 okto=2 stuck=0 ackq=0 ackdrop=0 ackstale=0 slot=4200 oow=1 smiss=7 ssovf=0 cksumng=0 okstream=4123 penddrop=0 pendfill=4125 bigfill=11 bigdrop=0 bigokst=11 oklost=0 bigoklost=0 skip=17 online=1
00:05:14  [RAM] 최저 여유 571 B · 프롬프트 재동기 0회 (서버의 '버린줄' 과 맞아야 한다)
00:05:14  [AT] " S,4124,0F,00,5040,P1,46" (24)
00:05:14  [AT] "SEND OK" (7)
00:05:14  [AT] "AT+CIPSEND=24" (13)
00:05:15  [TX] S,4125,0F,00,5041,P1,46
00:05:15  [SLOT] n=4201 tx=23 ack=0 due=0 r=1
00:05:15  [AT] "AT+CIPSEND=24" (13)
00:05:15  [AT] " S,4125,0F,00,5041,P1,46" (24)
00:05:15  [AT] "SEND OK" (7)
00:05:16  [TX] S,4126,0F,00,5042,P1,46
00:05:16  [SLOT] n=4202 tx=23 ack=0 due=0 r=1
00:05:16  [AT] "AT+CIPSEND=24" (13)
00:05:16  [AT] " S,4126,0F,00,5042,P1,46" (24)
00:05:16  [AT] "SEND OK" (7)
00:05:17  [TX] S,4127,0F,00,5043,P1,46
00:05:17  [SLOT] n=4203 tx=23 ack=0 due=0 r=1
00:05:17  [AT] "AT+CIPSEND=24" (13)
00:05:18  [AT] " S,4127,0F,00,5043,P1,46" (24)
00:05:18  [AT] "SEND OK" (7)
00:05:19  [TX] S,4128,0F,00,5044,P1,4E
00:05:19  [SLOT] n=4204 tx=23 ack=0 due=0 r=1
00:05:19  [AT] "AT+CIPSEND=24" (13)
00:05:19  [AT] " S,4128,0F,00,5044,P1,4E" (24)
00:05:19  [AT] "SEND OK" (7)
00:05:20  [TX] S,4129,0F,00,5046,P1,4D
00:05:20  [SLOT] n=4205 tx=23 ack=0 due=0 r=1
00:05:20  [AT] "AT+CIPSEND=24" (13)
00:05:20  [AT] " S,4129,0F,00,5046,P1,4D" (24)
00:05:20  [AT] "SEND OK" (7)
00:05:21  [TX] S,4130,0F,00,5047,P1,44
00:05:21  [SLOT] n=4206 tx=23 ack=0 due=0 r=1
00:05:21  [AT] "AT+CIPSEND=24" (13)
00:05:21  [AT] " S,4130,0F,00,5047,P1,44" (24)
00:05:21  [AT] "SEND OK" (7)
00:05:22  [TX] S,4131,0F,00,5048,P1,4A
00:05:22  [SLOT] n=4207 tx=23 ack=0 due=0 r=1
00:05:22  [AT] "AT+CIPSEND=24" (13)
00:05:22  [AT] " S,4131,0F,00,5048,P1,4A" (24)
00:05:22  [AT] "SEND OK" (7)
00:05:23  [TX] S,4132,0F,00,5049,P1,48
00:05:23  [SLOT] n=4208 tx=23 ack=0 due=0 r=1
00:05:23  [AT] "AT+CIPSEND=24" (13)
00:05:23  [AT] " S,4132,0F,00,5049,P1,48" (24)
00:05:24  «tap» 살아있음 — 최근 60초 rx=8100B (이 줄이 끊기면 탭이 죽은 것이다)
00:05:24  [AT] "SEND OK" (7)
00:05:25  [TX] S,4133,0F,00,5050,P1,41
00:05:25  [SLOT] n=4209 tx=23 ack=0 due=0 r=1
00:05:25  [AT] "AT+CIPSEND=24" (13)
00:05:25  [AT] " S,4133,0F,00,5050,P1,41" (24)
00:05:25  [AT] "SEND OK" (7)
00:05:26  [TX] S,4134,0F,00,5052,P1,44
00:05:26  [SLOT] n=4210 tx=23 ack=0 due=0 r=1
00:05:26  [AT] "AT+CIPSEND=24" (13)
00:05:26  [AT] " S,4134,0F,00,5052,P1,44" (24)
00:05:26  [AT] "SEND OK" (7)
00:05:27  [TX] S,4135,0F,00,5053,P1,44
00:05:27  [SLOT] n=4211 tx=23 ack=0 due=0 r=1
00:05:27  [AT] "AT+CIPSEND=24" (13)
00:05:27  [AT] " S,4135,0F,00,5053,P1,44" (24)
00:05:27  [AT] "SEND OK" (7)
00:05:28  [TX] S,4136,0F,00,5054,P1,40
00:05:28  [SLOT] n=4212 tx=23 ack=0 due=0 r=1
00:05:28  [AT] "AT+CIPSEND=24" (13)
00:05:28  [AT] " S,4136,0F,00,5054,P1,40" (24)
00:05:28  [AT] "SEND OK" (7)
00:05:29  [TX] S,4137,0F,00,5055,P1,40
00:05:29  [SLOT] n=4213 tx=23 ack=0 due=0 r=1
00:05:29  [AT] "AT+CIPSEND=24" (13)
00:05:29  [AT] " S,4137,0F,00,5055,P1,40" (24)
00:05:29  [AT] "SEND OK" (7)
00:05:31  [TX] S,4138,0F,00,5056,P1,4C
00:05:31  [SLOT] n=4214 tx=23 ack=0 due=0 r=1
00:05:31  [AT] "AT+CIPSEND=24" (13)
00:05:31  [AT] " S,4138,0F,00,5056,P1,4C" (24)
00:05:31  [AT] "SEND OK" (7)
00:05:32  [TX] S,4139,0F,00,5058,P1,43
00:05:32  [SLOT] n=4215 tx=23 ack=0 due=0 r=1
00:05:32  [AT] "AT+CIPSEND=24" (13)
00:05:32  [AT] " S,4139,0F,00,5058,P1,43" (24)
00:05:32  [AT] "SEND OK" (7)
00:05:33  [TX] S,4140,0F,00,5059,P1,4C
00:05:33  [SLOT] n=4216 tx=23 ack=0 due=0 r=1
00:05:33  [AT] "AT+CIPSEND=24" (13)
00:05:33  [AT] " S,4140,0F,00,5059,P1,4C" (24)
00:05:33  [AT] "SEND OK" (7)
00:05:34  [TX] S,4141,0F,00,5060,P1,47
00:05:34  [SLOT] n=4217 tx=23 ack=0 due=0 r=1
00:05:34  [AT] "AT+CIPSEND=24" (13)
00:05:34  [AT] " S,4141,0F,00,5060,P1,47" (24)
00:05:34  [AT] "SEND OK" (7)
00:05:35  [TX] S,4142,0F,00,5061,P1,45
00:05:35  [SLOT] n=4218 tx=23 ack=0 due=0 r=1
00:05:35  [AT] "AT+CIPSEND=24" (13)
00:05:35  [AT] " S,4142,0F,00,5061,P1,45" (24)
00:05:35  [AT] "SEND OK" (7)
00:05:37  [TX] S,4143,0F,00,5062,P1,47
00:05:37  [SLOT] n=4219 tx=23 ack=0 due=0 r=1
00:05:37  [AT] "AT+CIPSEND=24" (13)
00:05:37  [AT] " S,4143,0F,00,5062,P1,47" (24)
00:05:37  [AT] "SEND OK" (7)
00:05:38  [TX] S,4144,0F,00,5064,P1,46
00:05:38  [SLOT] n=4220 tx=23 ack=0 due=0 r=1
00:05:38  [AT] "AT+CIPSEND=24" (13)
00:05:38  [AT] " S,4144,0F,00,5064,P1,46\x80" (25)
00:05:38  [AT] "SEND OK" (7)
00:05:39  [TX] S,4145,0F,00,5065,P1,46
00:05:39  [SLOT] n=4221 tx=23 ack=0 due=0 r=1
00:05:39  [AT] "AT+CIPSEND=24" (13)
00:05:39  [AT] " S,4145,0F,00,5065,P1,46" (24)
00:05:39  [AT] "SEND OK" (7)
00:05:40  [TX] S,4146,0F,00,5066,P1,46
00:05:40  [SLOT] n=4222 tx=23 ack=0 due=0 r=1
00:05:40  [AT] "AT+CIPSEND=24" (13)
00:05:40  [AT] " S,4146,0F,00,5066,P1,46" (24)
00:05:40  [AT] "SEND OK" (7)
00:05:41  [TX] S,4147,0F,00,5067,P1,46
00:05:41  [SLOT] n=4223 tx=23 ack=0 due=0 r=1
00:05:41  [AT] "AT+CIPSEND=24" (13)
00:05:41  [AT] " S,4147,0F,00,5067,P1,46" (24)
00:05:41  [AT] "SEND OK" (7)
00:05:43  [TX] S,4148,0F,00,5068,P1,46
00:05:43  [SLOT] n=4224 tx=23 ack=0 due=0 r=1
00:05:43  [AT] "AT+CIPSEND=24" (13)
00:05:43  [AT] " S,4148,0F,00,5068,P1,46" (24)
00:05:43  [AT] "SEND OK" (7)
00:05:44  [TX] S,4149,0F,00,5070,P1,4E
00:05:44  [SLOT] n=4225 tx=23 ack=0 due=0 r=1
00:05:44  [AT] "AT+CIPSEND=24" (13)
00:05:44  [AT] " S,4149,0F,00,5070,P1,4E" (24)
00:05:44  [AT] "SEND OK" (7)
00:05:45  [TX] S,4150,0F,00,5071,P1,47
00:05:45  [SLOT] n=4226 tx=23 ack=0 due=0 r=1
00:05:45  [AT] "AT+CIPSEND=24" (13)
00:05:45  [AT] " S,4150,0F,00,5071,P1,47" (24)
00:05:45  [AT] "SEND OK" (7)
00:05:46  [TX] S,4151,0F,00,5072,P1,45
00:05:46  [SLOT] n=4227 tx=23 ack=0 due=0 r=1
00:05:46  [AT] "AT+CIPSEND=24" (13)
00:05:46  [AT] " S,4151,0F,00,5072,P1,45" (24)
00:05:46  [AT] "SEND OK" (7)
00:05:47  [TX] S,4152,0F,00,5073,P1,47
00:05:47  [SLOT] n=4228 tx=23 ack=0 due=0 r=1
00:05:47  [AT] "AT+CIPSEND=24" (13)
00:05:47  [AT] " S,4152,0F,00,5073,P1,47" (24)
00:05:47  [AT] "SEND OK" (7)
00:05:49  [TX] S,4153,0F,00,5074,P1,41
00:05:49  [SLOT] n=4229 tx=23 ack=0 due=0 r=1
00:05:49  [AT] "AT+CIPSEND=24" (13)
00:05:49  [AT] " S,4153,0F,00,5074,P1,41" (24)
00:05:49  [AT] "SEND OK" (7)
00:05:50  [TX] S,4154,0F,00,5076,P1,44
00:05:50  [SLOT] n=4230 tx=23 ack=0 due=0 r=1
00:05:50  [AT] "AT+CIPSEND=24" (13)
00:05:50  [AT] " S,4154,0F,00,5076,P1,44" (24)
00:05:50  [AT] "SEND OK" (7)
00:05:51  [TX] S,4155,0F,00,5077,P1,44
00:05:51  [SLOT] n=4231 tx=23 ack=0 due=0 r=1
00:05:51  [AT] "AT+CIPSEND=24" (13)
00:05:51  [AT] " S,4155,0F,00,5077,P1,44" (24)
00:05:51  [AT] "SEND OK" (7)
00:05:52  [TX] S,4156,0F,00,5078,P1,48
00:05:52  [SLOT] n=4232 tx=23 ack=0 due=0 r=1
00:05:52  [AT] "AT+CIPSEND=24" (13)
00:05:52  [AT] " S,4156,0F,00,5078,P1,48" (24)
00:05:52  [AT] "SEND OK" (7)
00:05:53  [TX] S,4157,0F,00,5079,P1,48
00:05:53  [SLOT] n=4233 tx=23 ack=0 due=0 r=1
00:05:53  [AT] "AT+CIPSEND=24" (13)
00:05:53  [AT] " S,4157,0F,00,5079,P1,48" (24)
00:05:53  [AT] "SEND OK" (7)
00:05:55  [TX] S,4158,0F,00,5080,P1,41
00:05:55  [SLOT] n=4234 tx=23 ack=0 due=0 r=1
00:05:55  [AT] "AT+CIPSEND=24" (13)
00:05:55  [AT] " S,4158,0F,00,5080,P1,41" (24)
00:05:55  [AT] "SEND OK" (7)
00:05:56  [TX] S,4159,0F,00,5082,P1,42
00:05:56  [SLOT] n=4235 tx=23 ack=0 due=0 r=1
00:05:56  [AT] "AT+CIPSEND=24" (13)
00:05:56  [AT] " S,4159,0F,00,5082,P1,42" (24)
00:05:56  [AT] "SEND OK" (7)
00:05:57  [TX] S,4160,0F,00,5083,P1,49
00:05:57  [SLOT] n=4236 tx=23 ack=0 due=0 r=1
00:05:57  [AT] "AT+CIPSEND=24" (13)
00:05:57  [AT] " S,4160,0F,00,5083,P1,49" (24)
00:05:57  [AT] "SEND OK" (7)
00:05:58  [TX] S,4161,0F,00,5084,P1,4F
00:05:58  [SLOT] n=4237 tx=23 ack=0 due=0 r=1
00:05:58  [AT] "AT+CIPSEND=24" (13)
00:05:58  [AT] " S,4161,0F,00,5084,P1,4F" (24)
00:05:58  [AT] "SEND OK" (7)
00:05:59  [TX] S,4162,0F,00,5085,P1,4D
00:05:59  [SLOT] n=4238 tx=23 ack=0 due=0 r=1
00:05:59  [AT] "AT+CIPSEND=24" (13)
00:05:59  [AT] " S,4162,0F,00,5085,P1,4D" (24)
00:05:59  [AT] "SEND OK" (7)
00:06:01  [TX] S,4163,0F,00,5086,P1,4F
00:06:01  [SLOT] n=4239 tx=23 ack=0 due=0 r=1
00:06:01  [AT] "AT+CIPSEND=24" (13)
00:06:01  [AT] " S,4163,0F,00,5086,P1,4F" (24)
00:06:01  [AT] "SEND OK" (7)
00:06:02  [TX] S,4164,0F,00,5088,P1,46
00:06:02  [SLOT] n=4240 tx=23 ack=0 due=0 r=1
00:06:02  [AT] "AT+CIPSEND=24" (13)
00:06:02  [AT] " S,4164,0F,00,5088,P1,46" (24)
00:06:02  [AT] "SEND OK" (7)
00:06:03  [TX] S,4165,0F,00,5089,P1,46
00:06:03  [SLOT] n=4241 tx=23 ack=0 due=0 r=1
00:06:03  [AT] "AT+CIPSEND=24" (13)
00:06:03  [AT] " S,4165,0F,00,5089,P1,46" (24)
00:06:03  [AT] "SEND OK" (7)
00:06:04  [TX] S,4166,0F,00,5090,P1,4D
00:06:04  [SLOT] n=4242 tx=23 ack=0 due=0 r=1
00:06:04  [AT] "AT+CIPSEND=24" (13)
00:06:04  [AT] " S,4166,0F,00,5090,P1,4D" (24)
00:06:04  [AT] "SEND OK" (7)
00:06:05  [TX] S,4167,0F,00,5091,P1,4D
00:06:05  [SLOT] n=4243 tx=23 ack=0 due=0 r=1
00:06:05  [AT] "AT+CIPSEND=24" (13)
00:06:05  [AT] " S,4167,0F,00,5091,P1,4D" (24)
00:06:05  [AT] "SEND OK" (7)
00:06:07  [TX] S,4168,0F,00,5092,P1,41
00:06:07  [SLOT] n=4244 tx=23 ack=0 due=0 r=1
00:06:07  [AT] "AT+CIPSEND=24" (13)
00:06:07  [AT] " S,4168,0F,00,5092,P1,41" (24)
00:06:07  [AT] "SEND OK" (7)
00:06:08  [TX] S,4169,0F,00,5094,P1,46
00:06:08  [SLOT] n=4245 tx=23 ack=0 due=0 r=1
00:06:08  [AT] "AT+CIPSEND=24" (13)
00:06:08  [AT] " S,4169,0F,00,5094,P1,46" (24)
00:06:08  [AT] "SEND OK" (7)
00:06:09  [TX] S,4170,0F,00,5095,P1,4F
00:06:09  [SLOT] n=4246 tx=23 ack=0 due=0 r=1
00:06:09  [AT] "AT+CIPSEND=24" (13)
00:06:09  [AT] " S,4170,0F,00,5095,P1,4F" (24)
00:06:09  [AT] "SEND OK" (7)
00:06:10  [TX] S,4171,0F,00,5096,P1,4D
00:06:10  [SLOT] n=4247 tx=23 ack=0 due=0 r=1
00:06:10  [AT] "AT+CIPSEND=24" (13)
00:06:10  [AT] " S,4171,0F,00,5096,P1,4D" (24)
00:06:10  [AT] "SEND OK" (7)
00:06:11  [TX] S,4172,0F,00,5097,P1,4F
00:06:11  [SLOT] n=4248 tx=23 ack=0 due=0 r=1
00:06:11  [AT] "AT+CIPSEND=24" (13)
00:06:11  [AT] " S,4172,0F,00,5097,P1,4F" (24)
00:06:11  [AT] "SEND OK" (7)
00:06:13  [TX] S,4173,0F,00,5098,P1,41
00:06:13  [SLOT] n=4249 tx=23 ack=0 due=0 r=1
00:06:13  [AT] "AT+CIPSEND=24" (13)
00:06:13  [AT] " S,4173,0F,00,5098,P1,41" (24)
00:06:13  [AT] "SEND OK" (7)
00:06:14  [TX] S,4174,0F,00,5100,P1,46
00:06:14  [SLOT] n=4250 tx=23 ack=0 due=0 r=1
00:06:14  [CNT] up=5100 drop=0 esprst=8 hwrst=0/0 resync=0 sendfail=0 okto=2 stuck=0 ackq=0 ackdrop=0 ackstale=0 slot=4250 oow=1 smiss=7 ssovf=0 cksumng=0 okstream=4173 penddrop=0 pendfill=4175 bigfill=11 bigdrop=0 bigokst=11 oklost=0 bigoklost=0 skip=17 online=1
00:06:14  [RAM] 최저 여유 571 B · 프롬프트 재동기 0회 (서버의 '버린줄' 과 맞아야 한다)
00:06:14  [AT] " S,4174,0F,00,5100,P1,46" (24)
00:06:14  [AT] "SEND OK" (7)
00:06:14  [AT] "AT+CIPSEND=24" (13)
00:06:15  [TX] S,4175,0F,00,5101,P1,46
00:06:15  [SLOT] n=4251 tx=23 ack=0 due=0 r=1
00:06:15  [AT] "AT+CIPSEND=24\x1A" (14)
00:06:15  [AT] " S,4175,0F,00,5101,P1,46" (24)
00:06:15  [AT] "SEND OK" (7)
00:06:16  [TX] S,4176,0F,00,5102,P1,46
00:06:16  [SLOT] n=4252 tx=23 ack=0 due=0 r=1
00:06:16  [AT] "AT+CIPSEND=24" (13)
00:06:16  [AT] " S,4176,0F,00,5102,P1,46" (24)
00:06:16  [AT] "SEND OK" (7)
00:06:17  [TX] S,4177,0F,00,5103,P1,46
00:06:17  [SLOT] n=4253 tx=23 ack=0 due=0 r=1
00:06:17  [AT] "AT+CIPSEND=24" (13)
00:06:17  [AT] " S,4177,0F,00,5103,P1,46" (24)
00:06:17  [AT] "SEND OK" (7)
00:06:19  [TX] S,4178,0F,00,5104,P1,4E
00:06:19  [SLOT] n=4254 tx=23 ack=0 due=0 r=1
00:06:19  [AT] "AT+CIPSEND=24" (13)
00:06:19  [AT] " S,4178,0F,00,5104,P1,4E" (24)
00:06:19  [AT] "SEND OK" (7)
00:06:20  [TX] S,4179,0F,00,5106,P1,4D
00:06:20  [SLOT] n=4255 tx=23 ack=0 due=0 r=1
00:06:20  [AT] "AT+CIPSEND=24" (13)
00:06:20  [AT] " S,4179,0F,00,5106,P1,4D" (24)
00:06:20  [AT] "SEND OK" (7)
00:06:21  [TX] S,4180,0F,00,5107,P1,4A
00:06:21  [SLOT] n=4256 tx=23 ack=0 due=0 r=1
00:06:21  [AT] "AT+CIPSEND=24" (13)
00:06:21  [AT] " S,4180,0F,00,5107,P1,4A" (24)
00:06:21  [AT] "SEND OK" (7)
00:06:22  [TX] S,4181,0F,00,5108,P1,44
00:06:22  [SLOT] n=4257 tx=23 ack=0 due=0 r=1
00:06:22  [AT] "AT+CIPSEND=24" (13)
00:06:22  [AT] " S,4181,0F,00,5108,P1,44" (24)
00:06:22  [AT] "SEND OK" (7)
00:06:23  [TX] S,4182,0F,00,5109,P1,46
00:06:23  [SLOT] n=4258 tx=23 ack=0 due=0 r=1
00:06:23  [AT] "AT+CIPSEND=24" (13)
00:06:23  [AT] " S,4182,0F,00,5109,P1,46" (24)
00:06:23  [AT] "SEND OK" (7)
00:06:24  «tap» 살아있음 — 최근 60초 rx=7976B (이 줄이 끊기면 탭이 죽은 것이다)
00:06:25  [TX] S,4183,0F,00,5110,P1,4F
00:06:25  [SLOT] n=4259 tx=23 ack=0 due=0 r=1
00:06:25  [AT] "AT+CIPSEND=24" (13)
00:06:25  [AT] " S,4183,0F,00,5110,P1,4F" (24)
00:06:25  [AT] "SEND OK" (7)
00:06:26  [TX] S,4184,0F,00,5112,P1,4A
00:06:26  [SLOT] n=4260 tx=23 ack=0 due=0 r=1
00:06:26  [AT] "AT+CIPSEND=24" (13)
00:06:26  [AT] " S,4184,0F,00,5112,P1,4A" (24)
00:06:26  [AT] "SEND OK" (7)
00:06:27  [TX] S,4185,0F,00,5113,P1,4A
00:06:27  [SLOT] n=4261 tx=23 ack=0 due=0 r=1
00:06:27  [AT] "AT+CIPSEND=24" (13)
00:06:27  [AT] " S,4185,0F,00,5113,P1,4A" (24)
00:06:27  [AT] "SEND OK" (7)
00:06:28  [TX] S,4186,0F,00,5114,P1,4E
00:06:28  [SLOT] n=4262 tx=23 ack=0 due=0 r=1
00:06:28  [AT] "AT+CIPSEND=24" (13)
00:06:28  [AT] " S,4186,0F,00,5114,P1,4E" (24)
00:06:28  [AT] "SEND OK" (7)
00:06:29  [TX] S,4187,0F,00,5115,P1,4E
00:06:29  [SLOT] n=4263 tx=23 ack=0 due=0 r=1
00:06:29  [AT] "AT+CIPSEND=24" (13)
00:06:29  [AT] " S,4187,0F,00,5115,P1,4E" (24)
00:06:29  [AT] "SEND OK" (7)
00:06:31  [TX] S,4188,0F,00,5116,P1,42
00:06:31  [SLOT] n=4264 tx=23 ack=0 due=0 r=1
00:06:31  [AT] "AT+CIPSEND=24" (13)
00:06:31  [AT] " S,4188,0F,00,5116,P1,42" (24)
00:06:31  [AT] "SEND OK" (7)
00:06:32  [TX] S,4189,0F,00,5118,P1,4D
00:06:32  [SLOT] n=4265 tx=23 ack=0 due=0 r=1
00:06:32  [AT] "AT+CIPSEND=24" (13)
00:06:32  [AT] " S,4189,0F,00,5118,P1,4D" (24)
00:06:32  [AT] "SEND OK" (7)
00:06:33  [TX] S,4190,0F,00,5119,P1,44
00:06:33  [SLOT] n=4266 tx=23 ack=0 due=0 r=1
00:06:33  [AT] "AT+CIPSEND=24" (13)
00:06:33  [AT] " S,4190,0F,00,5119,P1,44" (24)
00:06:33  [AT] "SEND OK" (7)
00:06:34  [TX] S,4191,0F,00,5120,P1,4F
00:06:34  [SLOT] n=4267 tx=23 ack=0 due=0 r=1
00:06:34  [AT] "AT+CIPSEND=24" (13)
00:06:34  [AT] " S,4191,0F,00,5120,P1,4F" (24)
00:06:34  [AT] "SEND OK" (7)
00:06:35  [TX] S,4192,0F,00,5121,P1,4D
00:06:35  [SLOT] n=4268 tx=23 ack=0 due=0 r=1
00:06:35  [AT] "AT+CIPSEND=24" (13)
00:06:35  [AT] " S,4192,0F,00,5121,P1,4D" (24)
00:06:35  [AT] "SEND OK" (7)
00:06:37  [TX] S,4193,0F,00,5122,P1,4F
00:06:37  [SLOT] n=4269 tx=23 ack=0 due=0 r=1
00:06:37  [AT] "AT+CIPSEND=24" (13)
00:06:37  [AT] " S,4193,0F,00,5122,P1,4F" (24)
00:06:37  [AT] "SEND OK" (7)
00:06:38  [TX] S,4194,0F,00,5124,P1,4E
00:06:38  [SLOT] n=4270 tx=23 ack=0 due=0 r=1
00:06:38  [AT] "AT+CIPSEND=24" (13)
00:06:38  [AT] " S,4194,0F,00,5124,P1,4E" (24)
00:06:38  [AT] "SEND OK" (7)
00:06:39  [TX] S,4195,0F,00,5125,P1,4E
00:06:39  [SLOT] n=4271 tx=23 ack=0 due=0 r=1
00:06:39  [AT] "AT+CIPSEND=24" (13)
00:06:39  [AT] " S,4195,0F,00,5125,P1,4E" (24)
00:06:39  [AT] "SEND OK" (7)
00:06:40  [TX] S,4196,0F,00,5126,P1,4E
00:06:40  [SLOT] n=4272 tx=23 ack=0 due=0 r=1
00:06:40  [AT] "AT+CIPSEND=24" (13)
00:06:40  [AT] " S,4196,0F,00,5126,P1,4E" (24)
00:06:40  [AT] "SEND OK" (7)
00:06:41  [TX] S,4197,0F,00,5127,P1,4E
00:06:41  [SLOT] n=4273 tx=23 ack=0 due=0 r=1
00:06:41  [AT] "AT+CIPSEND=24" (13)
00:06:41  [AT] " S,4197,0F,00,5127,P1,4E" (24)
00:06:41  [AT] "SEND OK" (7)
00:06:44  [TX] S,4198,0F,00,5128,P1,4E
00:06:44  [SLOT] n=4274 tx=23 ack=0 due=0 r=1
00:06:44  [AT] "AT+CIPSEND=24" (13)
00:06:44  [AT] " S,4198,0F,00,5128,P1,4E" (24)
00:06:44  [AT] "SEND OK" (7)
00:06:45  [TX] S,4199,0F,00,5130,P1,46
00:06:45  [SLOT] n=4275 tx=23 ack=0 due=0 r=1
00:06:45  [AT] "AT+CIPSEND=24" (13)
00:06:45  [AT] " S,4199,0F,00,5130,P1,46" (24)
00:06:45  [AT] "SEND OK" (7)
00:06:46  [TX] S,4200,0F,00,5131,P1,44
00:06:46  [SLOT] n=4276 tx=23 ack=0 due=0 r=1
00:06:46  [AT] "AT+CIPSEND=24" (13)
00:06:46  [AT] " S,4200,0F,00,5131,P1,44" (24)
00:06:46  [AT] "SEND OK" (7)
00:06:47  [TX] S,4201,0F,00,5132,P1,46
00:06:47  [SLOT] n=4277 tx=23 ack=0 due=0 r=1
00:06:47  [AT] "AT+CIPSEND=24" (13)
00:06:47  [AT] " S,4201,0F,00,5132,P1,46" (24)
00:06:47  [AT] "SEND OK" (7)
00:06:48  [TX] S,4202,0F,00,5133,P1,44
00:06:48  [SLOT] n=4278 tx=23 ack=0 due=0 r=1
00:06:48  [AT] "AT+CIPSEND=24" (13)
00:06:48  [AT] " S,4202,0F,00,5133,P1,44" (24)
00:06:48  [AT] "SEND OK" (7)
00:06:50  [TX] S,4203,0F,00,5134,P1,42
00:06:50  [SLOT] n=4279 tx=23 ack=0 due=0 r=1
00:06:50  [AT] "AT+CIPSEND=24" (13)
00:06:50  [AT] " S,4203,0F,00,5134,P1,42" (24)
00:06:50  [AT] "SEND OK" (7)
00:06:51  [TX] S,4204,0F,00,5136,P1,47
00:06:51  [SLOT] n=4280 tx=23 ack=0 due=0 r=1
00:06:51  [AT] "AT+CIPSEND=24" (13)
00:06:51  [AT] " S,4204,0F,00,5136,P1,47" (24)
00:06:51  [AT] "SEND OK" (7)
00:06:52  [TX] S,4205,0F,00,5137,P1,47
00:06:52  [SLOT] n=4281 tx=23 ack=0 due=0 r=1
00:06:52  [AT] "AT+CIPSEND=24" (13)
00:06:52  [AT] " S,4205,0F,00,5137,P1,47" (24)
00:06:52  [AT] "SEND OK" (7)
00:06:53  [TX] S,4206,0F,00,5138,P1,4B
00:06:53  [SLOT] n=4282 tx=23 ack=0 due=0 r=1
00:06:53  [AT] "AT+CIPSEND=24" (13)
00:06:53  [AT] " S,4206,0F,00,5138,P1,4B" (24)
00:06:53  [AT] "SEND OK" (7)
00:06:54  [TX] S,4207,0F,00,5139,P1,4B
00:06:54  [SLOT] n=4283 tx=23 ack=0 due=0 r=1
00:06:54  [AT] "AT+CIPSEND=24" (13)
00:06:55  [AT] " S,4207,0F,00,5139,P1,4B" (24)
00:06:55  [AT] "SEND OK" (7)
00:06:56  [TX] S,4208,0F,00,5140,P1,4A
00:06:56  [SLOT] n=4284 tx=23 ack=0 due=0 r=1
00:06:56  [AT] "AT+CIPSEND=24" (13)
00:06:56  [AT] " S,4208,0F,00,5140,P1,4A" (24)
00:06:56  [AT] "SEND OK" (7)
00:06:57  [TX] S,4209,0F,00,5142,P1,49
00:06:57  [SLOT] n=4285 tx=23 ack=0 due=0 r=1
00:06:57  [AT] "AT+CIPSEND=24" (13)
00:06:57  [AT] " S,4209,0F,00,5142,P1,49" (24)
00:06:57  [AT] "SEND OK" (7)
00:06:58  [TX] S,4210,0F,00,5143,P1,40
00:06:58  [SLOT] n=4286 tx=23 ack=0 due=0 r=1
00:06:58  [AT] "AT+CIPSEND=24" (13)
00:06:58  [AT] " S,4210,0F,00,5143,P1,40" (24)
00:06:58  [AT] "SEND OK" (7)
00:06:59  [TX] S,4211,0F,00,5144,P1,46
00:06:59  [SLOT] n=4287 tx=23 ack=0 due=0 r=1
00:06:59  [AT] "AT+CIPSEND=24" (13)
00:06:59  [AT] " S,4211,0F,00,5144,P1,46" (24)
00:06:59  [AT] "SEND OK" (7)
00:07:00  [TX] S,4212,0F,00,5145,P1,44
00:07:00  [SLOT] n=4288 tx=23 ack=0 due=0 r=1
00:07:00  [AT] "AT+CIPSEND=24" (13)
00:07:00  [AT] " S,4212,0F,00,5145,P1,44" (24)
00:07:00  [AT] "SEND OK" (7)
00:07:02  [TX] S,4213,0F,00,5146,P1,46
00:07:02  [SLOT] n=4289 tx=23 ack=0 due=0 r=1
00:07:02  [AT] "AT+CIPSEND=24" (13)
00:07:02  [AT] " S,4213,0F,00,5146,P1,46" (24)
00:07:02  [AT] "SEND OK" (7)
00:07:03  [TX] S,4214,0F,00,5148,P1,4F
00:07:03  [SLOT] n=4290 tx=23 ack=0 due=0 r=1
00:07:03  [AT] "AT+CIPSEND=24" (13)
00:07:03  [AT] " S,4214,0F,00,5148,P1,4F" (24)
00:07:03  [AT] "SEND OK" (7)
00:07:04  [TX] S,4215,0F,00,5149,P1,4F
00:07:04  [SLOT] n=4291 tx=23 ack=0 due=0 r=1
00:07:04  [AT] "AT+CIPSEND=24" (13)
00:07:04  [AT] " S,4215,0F,00,5149,P1,4F" (24)
00:07:04  [AT] "SEND OK" (7)
00:07:05  [TX] S,4216,0F,00,5150,P1,44
00:07:05  [SLOT] n=4292 tx=23 ack=0 due=0 r=1
00:07:05  [AT] "AT+CIPSEND=24" (13)
00:07:05  [AT] " S,4216,0F,00,5150,P1,44" (24)
00:07:05  [AT] "SEND OK" (7)
00:07:06  [TX] S,4217,0F,00,5151,P1,44
00:07:06  [SLOT] n=4293 tx=23 ack=0 due=0 r=1
00:07:06  [AT] "AT+CIPSEND=24" (13)
00:07:06  [AT] " S,4217,0F,00,5151,P1,44" (24)
00:07:06  [AT] "SEND OK" (7)
00:07:08  [TX] S,4218,0F,00,5152,P1,48
00:07:08  [SLOT] n=4294 tx=23 ack=0 due=0 r=1
00:07:08  [AT] "AT+CIPSEND=24" (13)
00:07:08  [AT] " S,4218,0F,00,5152,P1,48" (24)
00:07:08  [AT] "SEND OK" (7)
00:07:09  [TX] S,4219,0F,00,5154,P1,4F
00:07:09  [SLOT] n=4295 tx=23 ack=0 due=0 r=1
00:07:09  [AT] "AT+CIPSEND=24" (13)
00:07:09  [AT] " S,4219,0F,00,5154,P1,4F" (24)
00:07:09  [AT] "SEND OK" (7)
00:07:10  [TX] S,4220,0F,00,5155,P1,44
00:07:10  [SLOT] n=4296 tx=23 ack=0 due=0 r=1
00:07:10  [AT] "AT+CIPSEND=24" (13)
00:07:10  [AT] " S,4220,0F,00,5155,P1,44" (24)
00:07:10  [AT] "SEND OK" (7)
00:07:11  [TX] S,4221,0F,00,5156,P1,46
00:07:11  [SLOT] n=4297 tx=23 ack=0 due=0 r=1
00:07:11  [AT] "AT+CIPSEND=24" (13)
00:07:11  [AT] " S,4221,0F,00,5156,P1,46" (24)
00:07:11  [AT] "SEND OK" (7)
00:07:12  [TX] S,4222,0F,00,5157,P1,44
00:07:12  [SLOT] n=4298 tx=23 ack=0 due=0 r=1
00:07:12  [AT] "AT+CIPSEND=24" (13)
00:07:12  [AT] " S,4222,0F,00,5157,P1,44" (24)
00:07:12  [AT] "SEND OK" (7)
00:07:14  [TX] S,4223,0F,00,5158,P1,4A
00:07:14  [SLOT] n=4299 tx=23 ack=0 due=0 r=1
00:07:14  [AT] "AT+CIPSEND=24" (13)
00:07:14  [AT] " S,4223,0F,00,5158,P1,4A" (24)
00:07:14  [AT] "SEND OK" (7)
00:07:15  [TX] S,4224,0F,00,5160,P1,46
00:07:15  [SLOT] n=4300 tx=23 ack=0 due=0 r=1
00:07:15  [CNT] up=5160 drop=0 esprst=8 hwrst=0/0 resync=0 sendfail=0 okto=2 stuck=0 ackq=0 ackdrop=0 ackstale=0 slot=4300 oow=1 smiss=7 ssovf=0 cksumng=0 okstream=4223 penddrop=0 pendfill=4225 bigfill=11 bigdrop=0 bigokst=11 oklost=0 bigoklost=0 skip=17 online=1
00:07:15  [RAM] 최저 여유 571 B · 프롬프트 재동기 0회 (서버의 '버린줄' 과 맞아야 한다)
00:07:15  [AT] " S,4224,0F,00,5160,P1,46" (24)
00:07:15  [AT] "SEND OK" (7)
00:07:15  [AT] "AT+CIPSEND=24" (13)
00:07:16  [TX] S,4225,0F,00,5161,P1,46
00:07:16  [SLOT] n=4301 tx=23 ack=0 due=0 r=1
00:07:16  [AT] "AT+CIPSEND=24" (13)
00:07:16  [AT] " S,4225,0F,00,5161,P1,46" (24)
00:07:16  [AT] "SEND OK" (7)
00:07:17  [TX] S,4226,0F,00,5162,P1,46
00:07:17  [SLOT] n=4302 tx=23 ack=0 due=0 r=1
00:07:17  [AT] "AT+CIPSEND=24" (13)
00:07:17  [AT] " S,4226,0F,00,5162,P1,46" (24)
00:07:17  [AT] "SEND OK" (7)
00:07:18  [TX] S,4227,0F,00,5163,P1,46
00:07:18  [SLOT] n=4303 tx=23 ack=0 due=0 r=1
00:07:18  [AT] "AT+CIPSEND=24" (13)
00:07:18  [AT] " S,4227,0F,00,5163,P1,46" (24)
00:07:18  [AT] "SEND OK" (7)
00:07:20  [TX] S,4228,0F,00,5164,P1,4E
00:07:20  [SLOT] n=4304 tx=23 ack=0 due=0 r=1
00:07:20  [AT] "AT+CIPSEND=24" (13)
00:07:20  [AT] " S,4228,0F,00,5164,P1,4E" (24)
00:07:20  [AT] "SEND OK" (7)
00:07:21  [TX] S,4229,0F,00,5166,P1,4D
00:07:21  [SLOT] n=4305 tx=23 ack=0 due=0 r=1
00:07:21  [AT] "AT+CIPSEND=24" (13)
00:07:21  [AT] " S,4229,0F,00,5166,P1,4D" (24)
00:07:21  [AT] "SEND OK" (7)
00:07:22  [TX] S,4230,0F,00,5167,P1,44
00:07:22  [SLOT] n=4306 tx=23 ack=0 due=0 r=1
00:07:22  [AT] "AT+CIPSEND=24" (13)
00:07:22  [AT] " S,4230,0F,00,5167,P1,44" (24)
00:07:22  [AT] "SEND OK" (7)
00:07:23  [TX] S,4231,0F,00,5168,P1,4A
00:07:23  [SLOT] n=4307 tx=23 ack=0 due=0 r=1
00:07:23  [AT] "AT+CIPSEND=24" (13)
00:07:23  [AT] " S,4231,0F,00,5168,P1,4A" (24)
00:07:23  [AT] "SEND OK" (7)
00:07:24  [TX] S,4232,0F,00,5169,P1,48
00:07:24  [SLOT] n=4308 tx=23 ack=0 due=0 r=1
00:07:24  [AT] "AT+CIPSEND=24" (13)
00:07:24  [AT] " S,4232,0F,00,5169,P1,48" (24)
00:07:24  [AT] "SEND OK" (7)
00:07:25  «tap» 살아있음 — 최근 60초 rx=7958B (이 줄이 끊기면 탭이 죽은 것이다)
00:07:26  [TX] S,4233,0F,00,5170,P1,41
00:07:26  [SLOT] n=4309 tx=23 ack=0 due=0 r=1
00:07:26  [AT] "AT+CIPSEND=24" (13)
00:07:26  [AT] " S,4233,0F,00,5170,P1,41" (24)
00:07:26  [AT] "SEND OK" (7)
00:07:27  [TX] S,4234,0F,00,5172,P1,44
00:07:27  [SLOT] n=4310 tx=23 ack=0 due=0 r=1
00:07:27  [AT] "AT+CIPSEND=24" (13)
00:07:27  [AT] " S,4234,0F,00,5172,P1,44" (24)
00:07:27  [AT] "SEND OK" (7)
00:07:28  [TX] S,4235,0F,00,5173,P1,44
00:07:28  [SLOT] n=4311 tx=23 ack=0 due=0 r=1
00:07:28  [AT] "AT+CIPSEND=f4" (13)
00:07:28  [AT] " S,4235,0F,00,5173,P1,44" (24)
00:07:28  [AT] "SEND OK" (7)
00:07:29  [TX] S,4236,0F,00,5174,P1,40
00:07:29  [SLOT] n=4312 tx=23 ack=0 due=0 r=1
00:07:29  [AT] "AT+CIPSEND=24" (13)
00:07:29  [AT] " S,4236,0F,00,5174,P1,40" (24)
00:07:29  [AT] "SEND OK" (7)
00:07:30  [TX] S,4237,0F,00,5175,P1,40
00:07:30  [SLOT] n=4313 tx=23 ack=0 due=0 r=1
00:07:30  [AT] "AT+CIPSEND=24" (13)
00:07:30  [AT] " S,4237,0F,00,5175,P1,40" (24)
00:07:30  [AT] "SEND OK" (7)
00:07:31  «tap» 캡처 종료 — SIGTERM 수신. 이 줄이 이 로그의 마지막 경계다.
