18:49:30  «tap» 캡처 시작 — port=/dev/cu.usbmodem21201 baud=115200 pid=55197 date=2026-08-19 18:49:30
18:49:30  «tap» ⚠ 이 시각에 DTR 로 보드가 리셋된다 — 분석에서 '우리가 만든 리셋'으로 표시할 것
18:49:30  «tap» 포트 열림 (dsrdtr=False)
18:49:32  
18:49:32  [PARKING NODE] proto v1 / 10 slots / 12 modules / dev=P1
18:49:32  [BOOT] 리셋 원인: 불명 (부트로더가 MCUSR 을 지우고 넘어왔다)
18:49:32  [BOOT] 사다리 4단(ESP 하드리셋선) 미배선 — A2 를 ESP RST 에 물리고 ESP_RST_WIRED=1 · 6단(워치독) 끔
18:49:33  [NET] 0 RST
18:49:33  [AT] "AT+RST" (6)
18:49:33  [AT] "OK" (2)
18:49:34  [AT] "`B\xD6\x86@\xF9Rc\xE2\xFCR\x89:\x97bB\xCE\xFF\x80\xC9\xA5\x9D\x1C\xFF\xC0I\x8D" (27)
18:49:34  [AT] "[System Ready, Vendor:www.ai-thinker.com]" (41)
18:49:35  [NET] 1 CWMODE=1
18:49:35  [AT] "AT+CWMODE=1" (11)
18:49:35  [AT] "no change" (9)
18:49:35  [DIAG] offline step=2 사다리=0/0 rx=112 lines=6 up=3s
18:49:36  [NET] 2 CWJAP (응답까지 최대 30초 기다린다)
18:49:36  [AT] "AT+CWJAP="3F_302","0424719222!!"" (32)
18:49:38  [DIAG] offline step=2 사다리=0/0 rx=147 lines=7 up=6s
18:49:39  [AT] "OK" (2)
18:49:39  [NET] CWJAP OK — 결합됐다. IP 를 실제로 받았는지 CIFSR 로 확인한다
18:49:39  [NET] 3 CIFSR (IP 를 실제로 받았는가)
18:49:39  [AT] "AT+CIFSR" (8)
18:49:39  [AT] "192.168.0.214" (13)
18:49:39  [NET] ★ IP 확보: 192.168.0.214
18:49:39  [AT] "OK" (2)
18:49:39  [NET] 4 CIPMUX=0
18:49:39  [AT] "AT+CIPMUX=0" (11)
18:49:39  [AT] "OK" (2)
18:49:39  [NET] CIPMUX=0 적용됨 → CIPSTART
18:49:40  [NET] 5 CIPSTART
18:49:40  [AT] "AT+CIPSTART="TCP","192.168.0.29",9991" (37)
18:49:40  [AT] "OK" (2)
18:49:40  [AT] "Linked" (6)
18:49:40  [NET] online (CONNECT) + 캐시 비움
18:49:40  [TX] S,0,73A,000,8,P1,4F
18:49:40  [SLOT] n=7 tx=19 ack=0 due=0 r=1
18:49:40  [AT] "AT+CIPSEND=20" (13)
18:49:41  [AT] " S,0,73A,000,8,P1,4F" (20)
18:49:41  [AT] "SEND OK" (7)
18:49:42  [TX] D,*,7,12,5A
18:49:42  D,A1,IP,01
18:49:42  D,A2,IP,02
18:49:42  D,A3,IP,03
18:49:42  D,A4,IP,04
18:49:42  D,A5,IP,05
18:49:42  D,B1,IP,02
18:49:42  D,B2,IP,01
18:49:42  D,B3,IP,00
18:49:42  D,B4,IP,07
18:49:42  D,B5,IP,06
18:49:42  D,E1,OB,11
18:49:42  D,X1,OB,0C
18:49:42  [REG] 등록 전송 143B
18:49:42  [SLOT] n=8 tx=143 ack=0 due=0 r=1
18:49:42  [AT] "AT+CIPSEND=144" (14)
18:49:42  [DROP-OVF] 줄이 96바이트를 넘어 버렸다
18:49:42  [AT] "SEND OK" (7)
18:49:43  [TX] S,2,73A,000,10,P1,74
18:49:43  [SLOT] n=9 tx=20 ack=0 due=0 r=1
18:49:43  [AT] "AT+CIPSEND=21" (13)
18:49:43  [AT] " S,2,73A,000,10,P1,74" (21)
18:49:43  [AT] "SEND OK" (7)
18:49:44  [TX] S,3,738,000,12,P1,0E
18:49:44  [SLOT] n=10 tx=20 ack=0 due=0 r=1
18:49:44  [AT] "AT+CIPSEND=21" (13)
18:49:44  [AT] " S,3,738,000,12,P1,0E" (21)
18:49:44  [AT] "SEND OK" (7)
18:49:45  [TX] S,4,738,000,13,P1,08
18:49:45  [SLOT] n=11 tx=20 ack=0 due=0 r=1
18:49:45  [AT] "AT+CIPSEND=21" (13)
18:49:45  [AT] " S,4,738,000,13,P1,08" (21)
18:49:45  [AT] "SEND OK" (7)
18:49:46  [TX] S,5,738,000,14,P1,0E
18:49:46  [SLOT] n=12 tx=20 ack=0 due=0 r=1
18:49:46  [AT] "AT+CIPSEND=21" (13)
18:49:46  [AT] " S,5,738,000,14,P1,0E" (21)
18:49:46  [AT] "SEND OK" (7)
18:49:48  [TX] S,6,738,000,15,P1,0C
18:49:48  [SLOT] n=13 tx=20 ack=0 due=0 r=1
18:49:48  [AT] "AT+CIPSEND=21" (13)
18:49:48  [AT] " S,6,738,000,15,P1,0C" (21)
18:49:48  [AT] "SEND OK" (7)
18:49:49  [TX] S,7,739,000,16,P1,0F
18:49:49  [SLOT] n=14 tx=20 ack=0 due=0 r=1
18:49:49  [AT] "AT+CIPSEND=21" (13)
18:49:49  [AT] " S,7,739,000,16,P1,0F" (21)
18:49:49  [AT] "SEND OK" (7)
18:49:50  [TX] S,8,739,000,18,P1,0E
18:49:50  [SLOT] n=15 tx=20 ack=0 due=0 r=1
18:49:50  [AT] "AT+CIPSEND=21" (13)
18:49:50  [AT] " S,8,739,000,18,P1,0E" (21)
18:49:50  [AT] "SEND OK" (7)
18:49:51  [TX] S,9,739,000,19,P1,0E
18:49:51  [SLOT] n=16 tx=20 ack=0 due=0 r=1
18:49:51  [AT] "AT+CIPSEND=21" (13)
18:49:51  [AT] " S,9,739,000,19,P1,0E" (21)
18:49:51  [AT] "SEND OK" (7)
18:49:52  [TX] S,10,739,000,20,P1,3C
18:49:52  [SLOT] n=17 tx=21 ack=0 due=0 r=1
18:49:52  [AT] "AT+CIPSEND=22" (13)
18:49:53  [AT] " S,10,739,000,20,P1,3C" (22)
18:49:53  [AT] "SEND OK" (7)
18:49:54  [TX] S,11,739,000,21,P1,3C
18:49:54  [SLOT] n=18 tx=21 ack=0 due=0 r=1
18:49:54  [AT] "AT+CIPSEND=22" (13)
18:49:54  [AT] " S,11,739,000,21,P1,3C" (22)
18:49:54  [AT] "SEND OK" (7)
18:49:55  [TX] S,12,739,000,22,P1,3C
18:49:55  [SLOT] n=19 tx=21 ack=0 due=0 r=1
18:49:55  [AT] "AT+CIPSEND=22" (13)
18:49:55  [AT] " S,12,739,000,22,P1,3C" (22)
18:49:55  [AT] "SEND OK" (7)
18:49:55  [AT] "+IPD,9:M,420,7B" (15)
18:49:55  [SLOT-OOW] +122ms
18:49:55  [SIM] 한 걸음: B5 → occupied=1
18:49:55  [AT] "OK" (2)
18:49:56  [TX] S,13,7BF,000,24,P1,35
18:49:56  A,420,B5,0,30,A3,IP,03
18:49:56  D,A4,IP,04
18:49:56  D,A5,IP,05
18:49:56  D,B1,IP,02
18:49:56  D,B2,IP,01
18:49:56  D,B3,IP,00
18:49:56  D,B4,IP,07
18:49:56  D,B5,IP,06
18:49:56  D,E1,OB,11
18:49:56  D,X1,OB,0C
18:49:56  [SLOT] n=20 tx=35 ack=1 due=0 r=1
18:49:56  [AT] "AT+CIPSEND=36" (13)
18:49:56  [AT] " S,13,7BF,000,24,P1,35A,420,B5,0,30" (35)
18:49:56  [AT] "SEND OK" (7)
18:49:57  [TX] S,14,7BE,000,25,P1,30
18:49:57  [SLOT] n=21 tx=21 ack=0 due=0 r=1
18:49:57  [AT] "AT+CIPSEND=22" (13)
18:49:57  [AT] " S,14,7BE,000,25,P1,30" (22)
18:49:57  [AT] "SEND OK" (7)
18:49:58  [TX] S,15,7BE,000,26,P1,32
18:49:58  [SLOT] n=22 tx=21 ack=0 due=0 r=1
18:49:58  [AT] "AT+CIPSEND=22" (13)
18:49:58  [AT] " S,15,7BE,000,26,P1,32" (22)
18:49:58  [AT] "SEND OK" (7)
18:50:00  [TX] S,16,7BE,000,27,P1,30
18:50:00  [SLOT] n=23 tx=21 ack=0 due=0 r=1
18:50:00  [AT] "AT+CIPSEND=22" (13)
18:50:00  [AT] " S,16,7BE,000,27,P1,30" (22)
18:50:00  [AT] "SEND OK" (7)
18:50:01  [TX] S,17,7BE,000,28,P1,3E
18:50:01  [SLOT] n=24 tx=21 ack=0 due=0 r=1
18:50:01  [AT] "AT+CIPSEND=22" (13)
18:50:01  [AT] " S,17,7BE,000,28,P1,3E" (22)
18:50:01  [AT] "SEND OK" (7)
18:50:02  [TX] S,18,7BE,000,30,P1,38
18:50:02  [SLOT] n=25 tx=21 ack=0 due=0 r=1
18:50:02  [AT] "AT+CIPSEND=22" (13)
18:50:02  [AT] " S,18,7BE,000,30,P1,38" (22)
18:50:02  [AT] "SEND OK" (7)
18:50:02  [AT] "+IPD,9:M,421,7A" (15)
18:50:02  [SLOT-OOW] +136ms
18:50:02  [SIM] 한 걸음: A1 → occupied=1
18:50:02  [AT] "OK" (2)
18:50:03  [TX] S,19,FFE,000,31,P1,4D
18:50:03  A,421,A1,0,36,A3,IP,03
18:50:03  D,A4,IP,04
18:50:03  D,A5,IP,05
18:50:03  D,B1,IP,02
18:50:03  D,B2,IP,01
18:50:03  D,B3,IP,00
18:50:03  D,B4,IP,07
18:50:03  D,B5,IP,06
18:50:03  D,E1,OB,11
18:50:03  D,X1,OB,0C
18:50:03  [SLOT] n=26 tx=35 ack=1 due=0 r=1
18:50:03  [AT] "AT+CIPSEND=36" (13)
18:50:03  [AT] " S,19,FFE,000,31,P1,4DA,421,A1,0,36" (35)
18:50:03  [AT] "SEND OK" (7)
18:50:04  [TX] S,20,FFE,000,32,P1,44
18:50:04  [SLOT] n=27 tx=21 ack=0 due=0 r=1
18:50:04  [AT] "AT+CIPSEND=22" (13)
18:50:05  [AT] " S,20,FFE,000,32,P1,44" (22)
18:50:05  [AT] "SEND OK" (7)
18:50:05  [AT] "+IPD,9:M,422,79" (15)
18:50:05  [SLOT-OOW] +124ms
18:50:05  [SIM] 한 걸음: A5 → occupied=0
18:50:05  [AT] "OK" (2)
18:50:06  [TX] S,21,F7B,000,33,P1,32
18:50:06  A,422,A5,0,31,A3,IP,03
18:50:06  D,A4,IP,04
18:50:06  D,A5,IP,05
18:50:06  D,B1,IP,02
18:50:06  D,B2,IP,01
18:50:06  D,B3,IP,00
18:50:06  D,B4,IP,07
18:50:06  D,B5,IP,06
18:50:06  D,E1,OB,11
18:50:06  D,X1,OB,0C
18:50:06  [SLOT] n=28 tx=35 ack=1 due=0 r=1
18:50:06  [AT] "AT+CIPSEND=36" (13)
18:50:06  [AT] " S,21,F7B,000,33,P1,32A,422,A5,0,31" (35)
18:50:06  [AT] "SEND OK" (7)
18:50:07  [TX] S,22,F7B,000,34,P1,36
18:50:07  [SLOT] n=29 tx=21 ack=0 due=0 r=1
18:50:07  [AT] "AT+CIPSEND=22" (13)
18:50:08  [AT] " S,22,F7B,000,34,P1,36" (22)
18:50:08  [AT] "SEND OK" (7)
18:50:08  [TX] S,23,F79,000,36,P1,4E
18:50:08  [SLOT] n=30 tx=21 ack=0 due=0 r=1
18:50:08  [AT] "AT+CIPSEND=22" (13)
18:50:08  [AT] " S,23,F79,000,36,P1,4E" (22)
18:50:08  [AT] "SEND OK" (7)
18:50:08  [AT] "+IPD,9:M,423,78" (15)
18:50:08  [SLOT-OOW] +119ms
18:50:08  [SIM] 한 걸음: B3 → occupied=0
18:50:08  [AT] "OK" (2)
18:50:09  [TX] S,24,D69,000,37,P1,4B
18:50:09  A,423,B3,0,35,A3,IP,03
18:50:09  D,A4,IP,04
18:50:09  D,A5,IP,05
18:50:09  D,B1,IP,02
18:50:09  D,B2,IP,01
18:50:09  D,B3,IP,00
18:50:09  D,B4,IP,07
18:50:09  D,B5,IP,06
18:50:09  D,E1,OB,11
18:50:09  D,X1,OB,0C
18:50:09  [SLOT] n=31 tx=35 ack=1 due=0 r=1
18:50:09  [AT] " S,24,D69,000,37,P1,4BA,423,B3,0,35" (35)
18:50:09  [AT] "SEND OK" (7)
18:50:09  [AT] "AT+CIPSEND=36" (13)
18:50:10  [TX] S,25,D69,000,38,P1,45
18:50:10  [SLOT] n=32 tx=21 ack=0 due=0 r=1
18:50:10  [AT] "AT+CIPSEND=22" (13)
18:50:10  [AT] " S,25,D69,000,38,P1,45" (22)
18:50:10  [AT] "SEND OK" (7)
18:50:12  [TX] S,26,D69,000,39,P1,47
18:50:12  [SLOT] n=33 tx=21 ack=0 due=0 r=1
18:50:12  [AT] "AT+CIPSEND=22" (13)
18:50:12  [AT] " S,26,D69,000,39,P1,47" (22)
18:50:12  [AT] "SEND OK" (7)
18:50:13  [TX] S,27,D69,000,40,P1,48
18:50:13  [SLOT] n=34 tx=21 ack=0 due=0 r=1
18:50:13  [AT] "AT+CIPSEND=22" (13)
18:50:13  [AT] " S,27,D69,000,40,P1,48" (22)
18:50:13  [AT] "SEND OK" (7)
18:50:13  [AT] "+IPD,9:M,424,7F" (15)
18:50:13  [SLOT-OOW] +101ms
18:50:13  [SIM] 한 걸음: A5 → occupied=1
18:50:13  [AT] "OK" (2)
18:50:14  [TX] S,28,DEC,000,42,P1,4C
18:50:14  A,424,A5,0,37,A3,IP,03
18:50:14  D,A4,IP,04
18:50:14  D,A5,IP,05
18:50:14  D,B1,IP,02
18:50:14  D,B2,IP,01
18:50:14  D,B3,IP,00
18:50:14  D,B4,IP,07
18:50:14  D,B5,IP,06
18:50:14  D,E1,OB,11
18:50:14  D,X1,OB,0C
18:50:14  [SLOT] n=35 tx=35 ack=1 due=0 r=1
18:50:14  [AT] "AT+CIPSEND=36" (13)
18:50:14  [AT] " S,28,DEC,000,42,P1,4CA,424,A5,0,37" (35)
18:50:14  [AT] "SEND OK" (7)
18:50:15  [TX] S,29,DEC,000,43,P1,4C
18:50:15  [SLOT] n=36 tx=21 ack=0 due=0 r=1
18:50:15  [AT] "AT+CIPSEND=22" (13)
18:50:15  [AT] " S,29,DEC,000,43,P1,4C" (22)
18:50:15  [AT] "SEND OK" (7)
18:50:16  [TX] S,30,DEC,000,44,P1,43
18:50:16  [SLOT] n=37 tx=21 ack=0 due=0 r=1
18:50:16  [AT] "AT+CIPSEND=22" (13)
18:50:16  [AT] " S,30,DEC,000,44,P1,43" (22)
18:50:16  [AT] "SEND OK" (7)
18:50:16  [AT] "+IPD,9:M,425,7E" (15)
18:50:16  [SLOT-OOW] +107ms
18:50:16  [SIM] 한 걸음: A1 → occupied=0
18:50:17  [AT] "OK" (2)
18:50:18  [TX] S,31,5AC,000,45,P1,36
18:50:18  A,425,A1,0,32,A3,IP,03
18:50:18  D,A4,IP,04
18:50:18  D,A5,IP,05
18:50:18  D,B1,IP,02
18:50:18  D,B2,IP,01
18:50:18  D,B3,IP,00
18:50:18  D,B4,IP,07
18:50:18  D,B5,IP,06
18:50:18  D,E1,OB,11
18:50:18  D,X1,OB,0C
18:50:18  [SLOT] n=38 tx=35 ack=1 due=0 r=1
18:50:18  [AT] " S,31,5AC,000,45,P1,36A,425,A1,0,32" (35)
18:50:18  [AT] "SEND OK" (7)
18:50:18  [AT] "AT+CIPSEND=36" (13)
18:50:19  [TX] S,32,5AC,000,46,P1,36
18:50:19  [SLOT] n=39 tx=21 ack=0 due=0 r=1
18:50:19  [AT] "AT+CIPSEND=22" (13)
18:50:19  [AT] " S,32,5AC,000,46,P1,36" (22)
18:50:19  [AT] "SEND OK" (7)
18:50:20  [TX] S,33,5AE,000,48,P1,3F
18:50:20  [SLOT] n=40 tx=21 ack=0 due=0 r=1
18:50:20  [AT] "AT+CIPSEND=22" (13)
18:50:20  [AT] " S,33,5AE,000,48,P1,3F" (22)
18:50:20  [AT] "SEND OK" (7)
18:50:20  [AT] "+IPD,9:M,426,7D" (15)
18:50:20  [SLOT-OOW] +107ms
18:50:20  [SIM] 한 걸음: B2 → occupied=0
18:50:20  [AT] "OK" (2)
18:50:21  [TX] S,34,18E,000,49,P1,44
18:50:21  A,426,B2,0,31,A3,IP,03
18:50:21  D,A4,IP,04
18:50:21  D,A5,IP,05
18:50:21  D,B1,IP,02
18:50:21  D,B2,IP,01
18:50:21  D,B3,IP,00
18:50:21  D,B4,IP,07
18:50:21  D,B5,IP,06
18:50:21  D,E1,OB,11
18:50:21  D,X1,OB,0C
18:50:21  [SLOT] n=41 tx=35 ack=1 due=0 r=1
18:50:21  [AT] " S,34,18E,000,49,P1,44A,426,B2,0,31" (35)
18:50:21  [AT] "SEND OK" (7)
18:50:21  [AT] "AT+CIPSEND=36" (13)
18:50:22  [TX] S,35,18F,000,50,P1,4E
18:50:22  [SLOT] n=42 tx=21 ack=0 due=0 r=1
18:50:22  [AT] "AT+CIPSEND=22" (13)
18:50:22  [AT] " S,35,18F,000,50,P1,4E" (22)
18:50:22  [AT] "SEND OK" (7)
18:50:24  [TX] S,36,18F,000,51,P1,4C
18:50:24  [SLOT] n=43 tx=21 ack=0 due=0 r=1
18:50:24  [AT] "AT+CIPSEND=22" (13)
18:50:24  [AT] " S,36,18F,000,51,P1,4C" (22)
18:50:24  [AT] "SEND OK" (7)
18:50:25  [TX] S,37,18F,000,52,P1,4E
18:50:25  [SLOT] n=44 tx=21 ack=0 due=0 r=1
18:50:25  [AT] "AT+CIPSEND=22" (13)
18:50:25  [AT] " S,37,18F,000,52,P1,4E" (22)
18:50:25  [AT] "SEND OK" (7)
18:50:26  [TX] S,38,18F,000,54,P1,47
18:50:26  [SLOT] n=45 tx=21 ack=0 due=0 r=1
18:50:26  [AT] "AT+CIPSEND=22" (13)
18:50:26  [AT] " S,38,18F,000,54,P1,47" (22)
18:50:26  [AT] "SEND OK" (7)
18:50:27  [TX] S,39,18F,000,55,P1,47
18:50:27  [SLOT] n=46 tx=21 ack=0 due=0 r=1
18:50:27  [AT] "AT+CIPSEND=22" (13)
18:50:27  [AT] " S,39,18F,000,55,P1,47" (22)
18:50:27  [AT] "SEND OK" (7)
18:50:28  [TX] S,40,18F,000,56,P1,4A
18:50:28  [SLOT] n=47 tx=21 ack=0 due=0 r=1
18:50:28  [AT] "AT+CIPSEND=22" (13)
18:50:28  [AT] " S,40,18F,000,56,P1,4A" (22)
18:50:28  [AT] "SEND OK" (7)
18:50:29  [AT] "ERROR" (5)
18:50:29  [NET] 송신 오류 응답(로그만, 카운터는 sendLine 이 센다): ERROR
18:50:29  [AT] "Unlink" (6)
18:50:29  [DIAG] offline step=3 사다리=0/0 rx=2645 lines=154 up=57s
18:50:29  [NET] 3 CIFSR (IP 를 실제로 받았는가)
18:50:29  [AT] "AT+CIFSR" (8)
18:50:29  [AT] "0.0.0.0" (7)
18:50:29  [NET] ★ ESP 가 IP 를 잃었다 — 모듈 리셋으로 본다. 누적 사건 1
18:50:29  [AT] "OK" (2)
18:50:30  «tap» 살아있음 — 최근 60초 rx=9370B (이 줄이 끊기면 탭이 죽은 것이다)
18:50:32  [NET] 3 CIFSR (IP 를 실제로 받았는가)
18:50:32  [AT] "AT+CIFSR" (8)
18:50:32  [AT] "0.0.0.0" (7)
18:50:32  [AT] "OK" (2)
18:50:32  [CNT] up=60 drop=0 esprst=1 hwrst=0/0 resync=0 sendfail=0 okto=0 stuck=0 ackq=0 ackdrop=0 ackstale=0 slot=50 oow=7 smiss=1 ssovf=0 cksumng=0 okstream=41 penddrop=0 pendfill=41 bigfill=1 bigdrop=0 bigokst=1 oklost=0 bigoklost=0 skip=0 online=0
18:50:32  [RAM] 최저 여유 596 B · 프롬프트 재동기 0회 (서버의 '버린줄' 과 맞아야 한다)
18:50:32  [DIAG] offline step=3 사다리=0/0 rx=2697 lines=160 up=60s
18:50:34  [NET] 3 CIFSR (IP 를 실제로 받았는가)
18:50:34  [NET] CIFSR 3회에도 IP 가 없다 → CWJAP 부터 다시
18:50:34  [LADDER] 실패(CWJAP FAIL) CWJAP소요 58s · 연속 0회 · 결합유지 55s · 현재 0단(0회 누적)
18:50:34  [LADDER] ↑↑ 단 상승 → 1단
18:50:34  [LADDER] 1단 조치: 시리얼 드레인 32바이트 버림 + 줄 조립 초기화
18:50:35  [DIAG] offline step=2 사다리=1/0 rx=2697 lines=160 up=63s
18:50:36  [NET] 2 CWJAP (응답까지 최대 30초 기다린다)
18:50:36  [AT] "AT+CWJAP="3F_302","0424719222!!"" (32)
18:50:38  [DIAG] offline step=2 사다리=1/0 rx=2732 lines=161 up=66s
18:50:41  [DIAG] offline step=2 사다리=1/0 rx=2732 lines=161 up=69s
18:50:43  [AT] "OK" (2)
18:50:43  [NET] CWJAP OK — 결합됐다. IP 를 실제로 받았는지 CIFSR 로 확인한다
18:50:43  [NET] 3 CIFSR (IP 를 실제로 받았는가)
18:50:43  [AT] "AT+CIFSR" (8)
18:50:43  [AT] "192.168.0.214" (13)
18:50:43  [NET] ★ IP 확보: 192.168.0.214
18:50:43  [AT] "OK" (2)
18:50:43  [NET] 4 CIPMUX=0
18:50:43  [AT] "AT+CIPMUX=0" (11)
18:50:43  [AT] "OK" (2)
18:50:43  [NET] CIPMUX=0 적용됨 → CIPSTART
18:50:43  [NET] 5 CIPSTART
18:50:43  [AT] "AT+CIPSTART="TCP","192.168.0.29",9991" (37)
18:50:43  [AT] "OK" (2)
18:50:43  [AT] "Linked" (6)
18:50:43  [NET] online (CONNECT) + 캐시 비움
18:50:44  [TX] S,41,18F,000,72,P1,4D
18:50:44  [SLOT] n=60 tx=21 ack=0 due=0 r=1
18:50:44  [AT] "AT+CIPSEND=22" (13)
18:50:44  [AT] " S,41,18F,000,72,P1,4D" (22)
18:50:44  [AT] "SEND OK" (7)
18:50:45  [TX] D,*,7,12,5A
18:50:45  D,A1,IP,01
18:50:45  D,A2,IP,02
18:50:45  D,A3,IP,03
18:50:45  D,A4,IP,04
18:50:45  D,A5,IP,05
18:50:45  D,B1,IP,02
18:50:45  D,B2,IP,01
18:50:45  D,B3,IP,00
18:50:45  D,B4,IP,07
18:50:45  D,B5,IP,06
18:50:45  D,E1,OB,11
18:50:45  D,X1,OB,0C
18:50:45  [REG] 등록 전송 143B
18:50:45  [SLOT] n=61 tx=143 ack=0 due=0 r=1
18:50:45  [DROP-OVF] 줄이 96바이트를 넘어 버렸다
18:50:45  [AT] "SEND OK" (7)
18:50:45  [AT] "AT+CIPSEND=144" (14)
18:50:46  [TX] S,43,18F,000,74,P1,49
18:50:46  [SLOT] n=62 tx=21 ack=0 due=0 r=1
18:50:46  [AT] "AT+CIPSEND=22" (13)
18:50:46  [AT] " S,43,18F,000,74,P1,49" (22)
18:50:46  [AT] "SEND OK" (7)
18:50:48  [TX] S,44,18E,000,75,P1,4C
18:50:48  [SLOT] n=63 tx=21 ack=0 due=0 r=1
18:50:48  [AT] "AT+CIPSEND=22" (13)
18:50:48  [AT] " S,44,18E,000,75,P1,4C" (22)
18:50:48  [AT] "SEND OK" (7)
18:50:49  [TX] S,45,18E,000,76,P1,4E
18:50:49  [SLOT] n=64 tx=21 ack=0 due=0 r=1
18:50:49  [AT] "AT+CIPSEND=22" (13)
18:50:49  [AT] " S,45,18E,000,76,P1,4E" (22)
18:50:49  [AT] "SEND OK" (7)
18:50:50  [TX] S,46,18E,000,78,P1,43
18:50:50  [SLOT] n=65 tx=21 ack=0 due=0 r=1
18:50:50  [AT] "AT+CIPSEND=22" (13)
18:50:50  [AT] " S,46,18E,000,78,P1,43" (22)
18:50:50  [AT] "SEND OK" (7)
18:50:51  [TX] S,47,18E,000,79,P1,43
18:50:51  [SLOT] n=66 tx=21 ack=0 due=0 r=1
18:50:51  [AT] "AT+CIPSEND=22" (13)
18:50:51  [AT] " S,47,18E,000,79,P1,43" (22)
18:50:51  [AT] "SEND OK" (7)
18:50:52  [TX] S,48,18E,000,80,P1,4A
18:50:52  [SLOT] n=67 tx=21 ack=0 due=0 r=1
18:50:52  [AT] "AT+CIPSEND=22" (13)
18:50:52  [AT] " S,48,18E,000,80,P1,4A" (22)
18:50:52  [AT] "SEND OK" (7)
18:50:54  [TX] S,49,18E,000,81,P1,4A
18:50:54  [SLOT] n=68 tx=21 ack=0 due=0 r=1
18:50:54  [AT] "AT+CIPSEND=22" (13)
18:50:54  [AT] " S,49,18E,000,81,P1,4A" (22)
18:50:54  [AT] "SEND OK" (7)
18:50:55  [TX] S,50,18E,000,82,P1,41
18:50:55  [SLOT] n=69 tx=21 ack=0 due=0 r=1
18:50:55  [AT] "AT+CIPSEND=22" (13)
18:50:55  [AT] " S,50,18E,000,82,P1,41" (22)
18:50:55  [AT] "SEND OK" (7)
18:50:56  [TX] S,51,18D,000,84,P1,47
18:50:56  [SLOT] n=70 tx=21 ack=0 due=0 r=1
18:50:56  [AT] "AT+CIPSEND=22" (13)
18:50:56  [AT] " S,51,18D,000,84,P1,47" (22)
18:50:56  [AT] "SEND OK" (7)
18:50:57  [TX] S,52,18D,000,85,P1,45
18:50:57  [SLOT] n=71 tx=21 ack=0 due=0 r=1
18:50:57  [AT] "AT+CIPSEND=22" (13)
18:50:57  [AT] " S,52,18D,000,85,P1,45" (22)
18:50:57  [AT] "SEND OK" (7)
18:50:58  [TX] S,53,18D,000,86,P1,47
18:50:58  [SLOT] n=72 tx=21 ack=0 due=0 r=1
18:50:58  [AT] "AT+CIPSEND=22" (13)
18:50:58  [AT] " S,53,18D,000,86,P1,47" (22)
18:50:58  [AT] "SEND OK" (7)
18:51:00  [TX] S,54,18D,000,87,P1,41
18:51:00  [SLOT] n=73 tx=21 ack=0 due=0 r=1
18:51:00  [AT] "AT+CIPSEND=22" (13)
18:51:00  [AT] " S,54,18D,000,87,P1,41" (22)
18:51:00  [AT] "SEND OK" (7)
18:51:01  [TX] S,55,18D,000,88,P1,4F
18:51:01  [SLOT] n=74 tx=21 ack=0 due=0 r=1
18:51:01  [AT] "AT+CIPSEND=22" (13)
18:51:01  [AT] " S,55,18D,000,88,P1,4F" (22)
18:51:01  [AT] "SEND OK" (7)
18:51:02  [TX] S,56,18D,000,90,P1,45
18:51:02  [SLOT] n=75 tx=21 ack=0 due=0 r=1
18:51:02  [AT] "AT+CIPSEND=22" (13)
18:51:02  [AT] " S,56,18D,000,90,P1,45" (22)
18:51:02  [AT] "SEND OK" (7)
18:51:03  [TX] S,57,18D,000,91,P1,45
18:51:03  [SLOT] n=76 tx=21 ack=0 due=0 r=1
18:51:03  [AT] "AT+CIPSEND=22" (13)
18:51:03  [AT] " S,57,18D,000,91,P1,45" (22)
18:51:03  [AT] "SEND OK" (7)
18:51:04  [TX] S,58,18C,000,92,P1,4E
18:51:04  [SLOT] n=77 tx=21 ack=0 due=0 r=1
18:51:04  [AT] "AT+CIPSEND=22" (13)
18:51:04  [AT] " S,58,18C,000,92,P1,4E" (22)
18:51:04  [AT] "SEND OK" (7)
18:51:06  [TX] S,59,18C,000,93,P1,4E
18:51:06  [SLOT] n=78 tx=21 ack=0 due=0 r=1
18:51:06  [AT] "AT+CIPSEND=22" (13)
18:51:06  [AT] " S,59,18C,000,93,P1,4E" (22)
18:51:06  [AT] "SEND OK" (7)
18:51:07  [TX] S,60,18C,000,94,P1,43
18:51:07  [SLOT] n=79 tx=21 ack=0 due=0 r=1
18:51:07  [AT] "AT+CIPSEND=22" (13)
18:51:07  [AT] " S,60,18C,000,94,P1,43" (22)
18:51:07  [AT] "SEND OK" (7)
18:51:08  [TX] S,61,18E,000,96,P1,46
18:51:08  [SLOT] n=80 tx=21 ack=0 due=0 r=1
18:51:08  [AT] "AT+CIPSEND=22" (13)
18:51:08  [AT] " S,61,18E,000,96,P1,46" (22)
18:51:08  [AT] "SEND OK" (7)
18:51:09  [TX] S,62,18E,000,97,P1,44
18:51:09  [SLOT] n=81 tx=21 ack=0 due=0 r=1
18:51:09  [AT] "AT+CIPSEND=22" (13)
18:51:09  [AT] " S,62,18E,000,97,P1,44" (22)
18:51:09  [AT] "SEND OK" (7)
18:51:10  [TX] S,63,18E,000,98,P1,4A
18:51:10  [SLOT] n=82 tx=21 ack=0 due=0 r=1
18:51:10  [AT] "AT+CIPSEND=22" (13)
18:51:10  [AT] " S,63,18E,000,98,P1,4A" (22)
18:51:10  [AT] "SEND OK" (7)
18:51:12  [TX] S,64,18E,000,99,P1,4C
18:51:12  [SLOT] n=83 tx=21 ack=0 due=0 r=1
18:51:12  [AT] "AT+CIPSEND=22" (13)
18:51:12  [AT] " S,64,18E,000,99,P1,4C" (22)
18:51:12  [AT] "SEND OK" (7)
18:51:13  [TX] S,65,18F,000,100,P1,7F
18:51:13  [SLOT] n=84 tx=22 ack=0 due=0 r=1
18:51:13  [AT] "AT+CIPSEND=23" (13)
18:51:13  [AT] " S,65,18F,000,100,P1,7F" (23)
18:51:13  [AT] "SEND OK" (7)
18:51:13  [LADDER] ↓ 30초 연속 온라인 — 사다리를 0단으로 내린다 (직전 1단)
18:51:14  [TX] S,66,18F,000,102,P1,7E
18:51:14  [SLOT] n=85 tx=22 ack=0 due=0 r=1
18:51:14  [AT] "AT+CIPSEND=23" (13)
18:51:14  [AT] " S,66,18F,000,102,P1,7E" (23)
18:51:14  [AT] "SEND OK" (7)
18:51:15  [TX] S,67,18F,000,103,P1,7E
18:51:15  [SLOT] n=86 tx=22 ack=0 due=0 r=1
18:51:15  [AT] "AT+CIPSEND=23" (13)
18:51:15  [AT] " S,67,18F,000,103,P1,7E" (23)
18:51:15  [AT] "SEND OK" (7)
18:51:16  [TX] S,68,18F,000,104,P1,76
18:51:16  [SLOT] n=87 tx=22 ack=0 due=0 r=1
18:51:16  [AT] "AT+CIPSEND=23" (13)
18:51:16  [AT] " S,68,18F,000,104,P1,76" (23)
18:51:16  [AT] "SEND OK" (7)
18:51:18  [TX] S,69,18F,000,105,P1,76
18:51:18  [SLOT] n=88 tx=22 ack=0 due=0 r=1
18:51:18  [AT] "AT+CIPSEND=23" (13)
18:51:18  [AT] " S,69,18F,000,105,P1,76" (23)
18:51:18  [AT] "SEND OK" (7)
18:51:19  [TX] S,70,18F,000,106,P1,7D
18:51:19  [SLOT] n=89 tx=22 ack=0 due=0 r=1
18:51:19  [AT] "AT+CIPSEND=23" (13)
18:51:19  [AT] " S,70,18F,000,106,P1,7D" (23)
18:51:19  [AT] "SEND OK" (7)
18:51:20  [TX] S,71,18D,000,108,P1,70
18:51:20  [SLOT] n=90 tx=22 ack=0 due=0 r=1
18:51:20  [AT] "AT+CIPSEND=23" (13)
18:51:20  [AT] " S,71,18D,000,108,P1,70" (23)
18:51:20  [AT] "SEND OK" (7)
18:51:21  [TX] S,72,18C,000,109,P1,75
18:51:21  [SLOT] n=91 tx=22 ack=0 due=0 r=1
18:51:21  [AT] "AT+CIPSEND=23" (13)
18:51:21  [AT] " S,72,18C,000,109,P1,75" (23)
18:51:21  [AT] "SEND OK" (7)
18:51:22  [TX] S,73,18C,000,110,P1,7C
18:51:22  [SLOT] n=92 tx=22 ack=0 due=0 r=1
18:51:22  [AT] "AT+CIPSEND=23" (13)
18:51:22  [AT] " S,73,18C,000,110,P1,7C" (23)
18:51:22  [AT] "SEND OK" (7)
18:51:24  [TX] S,74,18C,000,111,P1,7A
18:51:24  [SLOT] n=93 tx=22 ack=0 due=0 r=1
18:51:24  [AT] "AT+CIPSEND=23" (13)
18:51:24  [AT] " S,74,18C,000,111,P1,7A" (23)
18:51:24  [AT] "SEND OK" (7)
18:51:25  [TX] S,75,18C,000,112,P1,78
18:51:25  [SLOT] n=94 tx=22 ack=0 due=0 r=1
18:51:25  [AT] "AT+CIPSEND=23" (13)
18:51:25  [AT] " S,75,18C,000,112,P1,78" (23)
18:51:25  [AT] "SEND OK" (7)
18:51:26  [TX] S,76,18C,000,114,P1,7D
18:51:26  [SLOT] n=95 tx=22 ack=0 due=0 r=1
18:51:26  [AT] "AT+CIPSEND=23" (13)
18:51:26  [AT] " S,76,18C,000,114,P1,7D" (23)
18:51:26  [AT] "SEND OK" (7)
18:51:27  [TX] S,77,18C,000,115,P1,7D
18:51:27  [SLOT] n=96 tx=22 ack=0 due=0 r=1
18:51:27  [AT] "AT+CIPSEND=23" (13)
18:51:27  [AT] " S,77,18C,000,115,P1,7D" (23)
18:51:27  [AT] "SEND OK" (7)
18:51:28  [TX] S,78,18C,000,116,P1,71
18:51:28  [SLOT] n=97 tx=22 ack=0 due=0 r=1
18:51:28  [AT] "AT+CIPSEND=23" (13)
18:51:28  [AT] " S,78,18C,000,116,P1,71" (23)
18:51:28  [AT] "SEND OK" (7)
18:51:30  «tap» 살아있음 — 최근 60초 rx=7457B (이 줄이 끊기면 탭이 죽은 것이다)
18:51:30  [TX] S,79,18D,000,117,P1,76
18:51:30  [SLOT] n=98 tx=22 ack=0 due=0 r=1
18:51:30  [AT] "AT+CIPSEND=23" (13)
18:51:30  [AT] " S,79,18D,000,117,P1,76" (23)
18:51:30  [AT] "SEND OK" (7)
18:51:31  [TX] S,80,18D,000,118,P1,7F
18:51:31  [SLOT] n=99 tx=22 ack=0 due=0 r=1
18:51:31  [AT] "AT+CIPSEND=23" (13)
18:51:31  [AT] " S,80,18D,000,118,P1,7F" (23)
18:51:31  [AT] "SEND OK" (7)
18:51:32  [TX] S,81,18F,000,120,P1,77
18:51:32  [SLOT] n=100 tx=22 ack=0 due=0 r=1
18:51:32  [CNT] up=120 drop=0 esprst=1 hwrst=0/0 resync=0 sendfail=0 okto=0 stuck=0 ackq=0 ackdrop=0 ackstale=0 slot=100 oow=7 smiss=2 ssovf=0 cksumng=0 okstream=81 penddrop=0 pendfill=82 bigfill=2 bigdrop=0 bigokst=2 oklost=0 bigoklost=0 skip=0 online=1
18:51:32  [RAM] 최저 여유 596 B · 프롬프트 재동기 0회 (서버의 '버린줄' 과 맞아야 한다)
18:51:32  [AT] " S,81,18F,000,120,P1,77" (23)
18:51:32  [AT] "SEND OK" (7)
18:51:32  [AT] "AT+CIPSEND=23" (13)
18:51:33  [TX] S,82,18F,000,121,P1,75
18:51:33  [SLOT] n=101 tx=22 ack=0 due=0 r=1
18:51:33  [AT] "AT+CIPSEND=23" (13)
18:51:33  [AT] " S,82,18F,000,121,P1,75" (23)
18:51:33  [AT] "SEND OK" (7)
18:51:34  [TX] S,83,18F,000,122,P1,77
18:51:34  [SLOT] n=102 tx=22 ack=0 due=0 r=1
18:51:34  [AT] "AT+CIPSEND=23" (13)
18:51:34  [AT] " S,83,18F,000,122,P1,77" (23)
18:51:34  [AT] "SEND OK" (7)
18:51:36  [TX] S,84,18F,000,123,P1,71
18:51:36  [SLOT] n=103 tx=22 ack=0 due=0 r=1
18:51:36  [AT] "AT+CIPSEND=23" (13)
18:51:36  [AT] " S,84,18F,000,123,P1,71" (23)
18:51:36  [AT] "SEND OK" (7)
18:51:37  [TX] S,85,18F,000,124,P1,77
18:51:37  [SLOT] n=104 tx=22 ack=0 due=0 r=1
18:51:37  [AT] "AT+CIPSEND=23" (13)
18:51:37  [AT] " S,85,18F,000,124,P1,77" (23)
18:51:37  [AT] "SEND OK" (7)
18:51:38  [TX] S,86,18E,000,126,P1,75
18:51:38  [SLOT] n=105 tx=22 ack=0 due=0 r=1
18:51:38  [AT] "AT+CIPSEND=23" (13)
18:51:38  [AT] " S,86,18E,000,126,P1,75" (23)
18:51:38  [AT] "SEND OK" (7)
18:51:39  [TX] S,87,18E,000,127,P1,75
18:51:39  [SLOT] n=106 tx=22 ack=0 due=0 r=1
18:51:39  [AT] "AT+CIPSEND=23" (13)
18:51:39  [AT] " S,87,18E,000,127,P1,75" (23)
18:51:39  [AT] "SEND OK" (7)
18:51:40  [TX] S,88,18E,000,128,P1,75
18:51:40  [SLOT] n=107 tx=22 ack=0 due=0 r=1
18:51:40  [AT] "AT+CIPSEND=23" (13)
18:51:40  [AT] " S,88,18E,000,128,P1,75" (23)
18:51:40  [AT] "SEND OK" (7)
18:51:42  [TX] S,89,18E,000,129,P1,75
18:51:42  [SLOT] n=108 tx=22 ack=0 due=0 r=1
18:51:42  [AT] "AT+CIPSEND=23" (13)
18:51:42  [AT] " S,89,18E,000,129,P1,75" (23)
18:51:42  [AT] "SEND OK" (7)
18:51:43  [TX] S,90,18E,000,130,P1,75
18:51:43  [SLOT] n=109 tx=22 ack=0 due=0 r=1
18:51:43  [AT] "AT+CIPSEND=23" (13)
18:51:43  [AT] " S,90,18E,000,130,P1,75" (23)
18:51:43  [AT] "SEND OK" (7)
18:51:44  [TX] S,91,18C,000,132,P1,70
18:51:44  [SLOT] n=110 tx=22 ack=0 due=0 r=1
18:51:44  [AT] "AT+CIPSEND=23" (13)
18:51:44  [AT] " S,91,18C,000,132,P1,70" (23)
18:51:44  [AT] "SEND OK" (7)
18:51:45  [TX] S,92,18C,000,133,P1,72
18:51:45  [SLOT] n=111 tx=22 ack=0 due=0 r=1
18:51:45  [AT] "AT+CIPSEND=23" (13)
18:51:45  [AT] " S,92,18C,000,133,P1,72" (23)
18:51:45  [AT] "SEND OK" (7)
18:51:46  [TX] S,93,18D,000,134,P1,73
18:51:46  [SLOT] n=112 tx=22 ack=0 due=0 r=1
18:51:46  [AT] "AT+CIPSEND=23" (13)
18:51:46  [AT] " S,93,18D,000,134,P1,73" (23)
18:51:46  [AT] "SEND OK" (7)
18:51:47  [TX] S,94,18D,000,135,P1,75
18:51:48  [SLOT] n=113 tx=22 ack=0 due=0 r=1
18:51:48  [AT] "AT+CIPSEND=23" (13)
18:51:48  [AT] " S,94,18D,000,135,P1,75" (23)
18:51:48  [AT] "SEND OK" (7)
18:51:49  [TX] S,95,18D,000,136,P1,77
18:51:49  [SLOT] n=114 tx=22 ack=0 due=0 r=1
18:51:49  [AT] "AT+CIPSEND=23" (13)
18:51:49  [AT] " S,95,18D,000,136,P1,77" (23)
18:51:49  [AT] "SEND OK" (7)
18:51:50  [TX] S,96,18D,000,138,P1,7A
18:51:50  [SLOT] n=115 tx=22 ack=0 due=0 r=1
18:51:50  [AT] "AT+CIPSEND=23" (13)
18:51:50  [AT] " S,96,18D,000,138,P1,7A" (23)
18:51:50  [AT] "SEND OK" (7)
18:51:51  [TX] S,97,18D,000,139,P1,7A
18:51:51  [SLOT] n=116 tx=22 ack=0 due=0 r=1
18:51:51  [AT] "AT+CIPSEND=23" (13)
18:51:51  [AT] " S,97,18D,000,139,P1,7A" (23)
18:51:51  [AT] "SEND OK" (7)
18:51:52  [TX] S,98,18D,000,140,P1,7B
18:51:52  [SLOT] n=117 tx=22 ack=0 due=0 r=1
18:51:52  [AT] "AT+CIPSEND=23" (13)
18:51:52  [AT] " S,98,18D,000,140,P1,7B" (23)
18:51:52  [AT] "SEND OK" (7)
18:51:53  [TX] S,99,18D,000,141,P1,7B
18:51:53  [SLOT] n=118 tx=22 ack=0 due=0 r=1
18:51:53  [AT] "AT+CIPSEND=23" (13)
18:51:54  [AT] " S,99,18D,000,141,P1,7B" (23)
18:51:54  [AT] "SEND OK" (7)
18:51:55  [TX] S,100,18C,000,142,P1,4E
18:51:55  [SLOT] n=119 tx=23 ack=0 due=0 r=1
18:51:55  [AT] "AT+CIPSEND=24" (13)
18:51:55  [AT] " S,100,18C,000,142,P1,4E" (24)
18:51:55  [AT] "SEND OK" (7)
18:51:56  [TX] S,101,18E,000,144,P1,4F
18:51:56  [SLOT] n=120 tx=23 ack=0 due=0 r=1
18:51:56  [AT] "AT+CIPSEND=24" (13)
18:51:56  [AT] " S,101,18E,000,144,P1,4F" (24)
18:51:56  [AT] "SEND OK" (7)
18:51:57  [TX] S,102,18E,000,145,P1,4D
18:51:57  [SLOT] n=121 tx=23 ack=0 due=0 r=1
18:51:57  [AT] "AT+CIPSEND=24" (13)
18:51:57  [AT] " S,102,18E,000,145,P1,4D" (24)
18:51:57  [AT] "SEND OK" (7)
18:51:58  [TX] S,103,18E,000,146,P1,4F
18:51:58  [SLOT] n=122 tx=23 ack=0 due=0 r=1
18:51:58  [AT] "AT+CIPSEND=24" (13)
18:51:58  [AT] " S,103,18E,000,146,P1,4F" (24)
18:51:58  [AT] "SEND OK" (7)
18:51:59  [TX] S,104,18E,000,147,P1,49
18:51:59  [SLOT] n=123 tx=23 ack=0 due=0 r=1
18:51:59  [AT] "AT+CIPSEND=24" (13)
18:52:00  [AT] " S,104,18E,000,147,P1,49" (24)
18:52:00  [AT] "SEND OK" (7)
18:52:01  [TX] S,105,18E,000,148,P1,47
18:52:01  [SLOT] n=124 tx=23 ack=0 due=0 r=1
18:52:01  [AT] "AT+CIPSEND=24" (13)
18:52:01  [AT] " S,105,18E,000,148,P1,47" (24)
18:52:01  [AT] "SEND OK" (7)
18:52:02  [TX] S,106,18E,000,150,P1,4D
18:52:02  [SLOT] n=125 tx=23 ack=0 due=0 r=1
18:52:02  [AT] "AT+CIPSEND=24" (13)
18:52:02  [AT] " S,106,18E,000,150,P1,4D" (24)
18:52:02  [AT] "SEND OK" (7)
18:52:03  [TX] S,107,18F,000,151,P1,4E
18:52:03  [SLOT] n=126 tx=23 ack=0 due=0 r=1
18:52:03  [AT] "AT+CIPSEND=24" (13)
18:52:03  [AT] " S,107,18F,000,151,P1,4E" (24)
18:52:03  [AT] "SEND OK" (7)
18:52:04  [TX] S,108,18F,000,152,P1,42
18:52:04  [SLOT] n=127 tx=23 ack=0 due=0 r=1
18:52:04  [AT] "AT+CIPSEND=24" (13)
18:52:04  [AT] " S,108,18F,000,152,P1,42" (24)
18:52:04  [AT] "SEND OK" (7)
18:52:05  [TX] S,109,18F,000,153,P1,42
18:52:05  [SLOT] n=128 tx=23 ack=0 due=0 r=1
18:52:05  [AT] "AT+CIPSEND=24" (13)
18:52:06  [AT] " S,109,18F,000,153,P1,42" (24)
18:52:06  [AT] "SEND OK" (7)
18:52:07  [TX] S,110,18F,000,154,P1,4D
18:52:07  [SLOT] n=129 tx=23 ack=0 due=0 r=1
18:52:07  [AT] "AT+CIPSEND=24" (13)
18:52:07  [AT] " S,110,18F,000,154,P1,4D" (24)
18:52:07  [AT] "SEND OK" (7)
18:52:08  [TX] S,111,18D,000,156,P1,4C
18:52:08  [SLOT] n=130 tx=23 ack=0 due=0 r=1
18:52:08  [AT] "AT+CIPSEND=24" (13)
18:52:08  [AT] " S,111,18D,000,156,P1,4C" (24)
18:52:08  [AT] "SEND OK" (7)
18:52:09  [TX] S,112,18D,000,157,P1,4E
18:52:09  [SLOT] n=131 tx=23 ack=0 due=0 r=1
18:52:09  [AT] "AT+CIPSEND=24" (13)
18:52:09  [AT] " S,112,18D,000,157,P1,4E" (24)
18:52:09  [AT] "SEND OK" (7)
18:52:10  [TX] S,113,18D,000,158,P1,40
18:52:10  [SLOT] n=132 tx=23 ack=0 due=0 r=1
18:52:10  [AT] "AT+CIPSEND=24" (13)
18:52:10  [AT] " S,113,18D,000,158,P1,40" (24)
18:52:10  [AT] "SEND OK" (7)
18:52:11  [TX] S,114,18C,000,159,P1,41
18:52:11  [SLOT] n=133 tx=23 ack=0 due=0 r=1
18:52:11  [AT] "AT+CIPSEND=24" (13)
18:52:12  [AT] " S,114,18C,000,159,P1,41" (24)
18:52:12  [AT] "SEND OK" (7)
18:52:13  [TX] S,115,18C,000,160,P1,4A
18:52:13  [SLOT] n=134 tx=23 ack=0 due=0 r=1
18:52:13  [AT] "AT+CIPSEND=24" (13)
18:52:13  [AT] " S,115,18C,000,160,P1,4A" (24)
18:52:13  [AT] "SEND OK" (7)
18:52:14  [TX] S,116,18C,000,162,P1,4B
18:52:14  [SLOT] n=135 tx=23 ack=0 due=0 r=1
18:52:14  [AT] "AT+CIPSEND=24" (13)
18:52:14  [AT] " S,116,18C,000,162,P1,4B" (24)
18:52:14  [AT] "SEND OK" (7)
18:52:15  [TX] S,117,18C,000,163,P1,4B
18:52:15  [SLOT] n=136 tx=23 ack=0 due=0 r=1
18:52:15  [AT] "AT+CIPSEND=24" (13)
18:52:15  [AT] " S,117,18C,000,163,P1,4B" (24)
18:52:15  [AT] "SEND OK" (7)
18:52:16  [TX] S,118,18C,000,164,P1,43
18:52:16  [SLOT] n=137 tx=23 ack=0 due=0 r=1
18:52:16  [AT] "AT+CIPSEND=24" (13)
18:52:16  [AT] " S,118,18C,000,164,P1,43" (24)
18:52:16  [AT] "SEND OK" (7)
18:52:17  [TX] S,119,18C,000,165,P1,43
18:52:17  [SLOT] n=138 tx=23 ack=0 due=0 r=1
18:52:17  [AT] "AT+CIPSEND=24" (13)
18:52:18  [AT] " S,119,18C,000,165,P1,43" (24)
18:52:18  [AT] "SEND OK" (7)
18:52:19  [TX] S,120,18C,000,166,P1,4A
18:52:19  [SLOT] n=139 tx=23 ack=0 due=0 r=1
18:52:19  [AT] "AT+CIPSEND=24" (13)
18:52:19  [AT] " S,120,18C,000,166,P1,4A" (24)
18:52:19  [AT] "SEND OK" (7)
18:52:20  [TX] S,121,18F,000,168,P1,40
18:52:20  [SLOT] n=140 tx=23 ack=0 due=0 r=1
18:52:20  [AT] "AT+CIPSEND=24" (13)
18:52:20  [AT] " S,121,18F,000,168,P1,40" (24)
18:52:20  [AT] "SEND OK" (7)
18:52:21  [TX] S,122,18F,000,169,P1,42
18:52:21  [SLOT] n=141 tx=23 ack=0 due=0 r=1
18:52:21  [AT] "AT+CIPSEND=24" (13)
18:52:21  [AT] " S,122,18F,000,169,P1,42" (24)
18:52:21  [AT] "SEND OK" (7)
18:52:22  [TX] S,123,18F,000,170,P1,4B
18:52:22  [SLOT] n=142 tx=23 ack=0 due=0 r=1
18:52:22  [AT] "AT+CIPSEND=24" (13)
18:52:22  [AT] " S,123,18F,000,170,P1,4B" (24)
18:52:22  [AT] "SEND OK" (7)
18:52:23  [TX] S,124,18F,000,171,P1,4D
18:52:23  [SLOT] n=143 tx=23 ack=0 due=0 r=1
18:52:23  [AT] "AT+CIPSEND=24" (13)
18:52:24  [AT] " S,124,18F,000,171,P1,4D" (24)
18:52:24  [AT] "SEND OK" (7)
18:52:25  [TX] S,125,18F,000,172,P1,4F
18:52:25  [SLOT] n=144 tx=23 ack=0 due=0 r=1
18:52:25  [AT] "AT+CIPSEND=24" (13)
18:52:25  [AT] " S,125,18F,000,172,P1,4F" (24)
18:52:25  [AT] "SEND OK" (7)
18:52:26  [TX] S,126,18F,000,174,P1,4A
18:52:26  [SLOT] n=145 tx=23 ack=0 due=0 r=1
18:52:26  [AT] "AT+CIPSEND=24" (13)
18:52:26  [AT] " S,126,18F,000,174,P1,4A" (24)
18:52:26  [AT] "SEND OK" (7)
18:52:27  [TX] S,127,18F,000,175,P1,4A
18:52:27  [SLOT] n=146 tx=23 ack=0 due=0 r=1
18:52:27  [AT] "AT+CIPSEND=24" (13)
18:52:27  [AT] " S,127,18F,000,175,P1,4A" (24)
18:52:27  [AT] "SEND OK" (7)
18:52:28  [TX] S,128,18E,000,176,P1,45
18:52:28  [SLOT] n=147 tx=23 ack=0 due=0 r=1
18:52:28  [AT] "AT+CIPSEND=24" (13)
18:52:28  [AT] " S,128,18E,000,176,P1,45" (24)
18:52:28  [AT] "SEND OK" (7)
18:52:29  [TX] S,129,18E,000,177,P1,45
18:52:29  [SLOT] n=148 tx=23 ack=0 due=0 r=1
18:52:29  [AT] "AT+CIPSEND=24" (13)
18:52:30  «tap» 살아있음 — 최근 60초 rx=7948B (이 줄이 끊기면 탭이 죽은 것이다)
18:52:30  [AT] " S,129,18E,000,177,P1,45" (24)
18:52:30  [AT] "SEND OK" (7)
18:52:31  [TX] S,130,18E,000,178,P1,42
18:52:31  [SLOT] n=149 tx=23 ack=0 due=0 r=1
18:52:31  [AT] "AT+CIPSEND=24" (13)
18:52:31  [AT] " S,130,18E,000,178,P1,42" (24)
18:52:31  [AT] "SEND OK" (7)
18:52:32  [TX] S,131,18C,000,180,P1,42
18:52:32  [SLOT] n=150 tx=23 ack=0 due=0 r=1
18:52:32  [CNT] up=180 drop=0 esprst=1 hwrst=0/0 resync=0 sendfail=0 okto=0 stuck=0 ackq=0 ackdrop=0 ackstale=0 slot=150 oow=7 smiss=2 ssovf=0 cksumng=0 okstream=131 penddrop=0 pendfill=132 bigfill=2 bigdrop=0 bigokst=2 oklost=0 bigoklost=0 skip=0 online=1
18:52:32  [RAM] 최저 여유 596 B · 프롬프트 재동기 0회 (서버의 '버린줄' 과 맞아야 한다)
18:52:32  [AT] "AT+CIPSEND=24" (13)
18:52:32  [AT] " S,131,18C,000,180,P1,42" (24)
18:52:32  [AT] "SEND OK" (7)
18:52:33  [TX] S,132,18C,000,181,P1,40
18:52:33  [SLOT] n=151 tx=23 ack=0 due=0 r=1
18:52:33  [AT] "AT+CIPSEND=24" (13)
18:52:33  [AT] " S,132,18C,000,181,P1,40" (24)
18:52:33  [AT] "SEND OK" (7)
18:52:34  [TX] S,133,18C,000,182,P1,42
18:52:34  [SLOT] n=152 tx=23 ack=0 due=0 r=1
18:52:34  [AT] "AT+CIPSEND=24" (13)
18:52:34  [AT] " S,133,18C,000,182,P1,42" (24)
18:52:34  [AT] "SEND OK" (7)
18:52:35  [TX] S,134,18C,000,183,P1,44
18:52:35  [SLOT] n=153 tx=23 ack=0 due=0 r=1
18:52:35  [AT] "AT+CIPSEND=24" (13)
18:52:36  [AT] " S,134,18C,000,183,P1,44" (24)
18:52:36  [AT] "SEND OK" (7)
18:52:37  [TX] S,135,18D,000,184,P1,45
18:52:37  [SLOT] n=154 tx=23 ack=0 due=0 r=1
18:52:37  [AT] "AT+CIPSEND=24" (13)
18:52:37  [AT] " S,135,18D,000,184,P1,45" (24)
18:52:37  [AT] "SEND OK" (7)
18:52:38  [TX] S,136,18D,000,186,P1,44
18:52:38  [SLOT] n=155 tx=23 ack=0 due=0 r=1
18:52:38  [AT] "AT+CIPSEND=24" (13)
18:52:38  [AT] " S,136,18D,000,186,P1,44" (24)
18:52:38  [AT] "SEND OK" (7)
18:52:39  [TX] S,137,18D,000,187,P1,44
18:52:39  [SLOT] n=156 tx=23 ack=0 due=0 r=1
18:52:39  [AT] "AT+CIPSEND=24" (13)
18:52:39  [AT] " S,137,18D,000,187,P1,44" (24)
18:52:39  [AT] "SEND OK" (7)
18:52:40  [TX] S,138,18D,000,188,P1,44
18:52:40  [SLOT] n=157 tx=23 ack=0 due=0 r=1
18:52:40  [AT] "AT+CIPSEND=24" (13)
18:52:40  [AT] " S,138,18D,000,188,P1,44" (24)
18:52:40  [AT] "SEND OK" (7)
18:52:41  [TX] S,139,18D,000,189,P1,44
18:52:41  [SLOT] n=158 tx=23 ack=0 due=0 r=1
18:52:41  [AT] "AT+CIPSEND=24" (13)
18:52:41  [AT] " S,139,18D,000,189,P1,44" (24)
18:52:41  [AT] "SEND OK" (7)
18:52:43  [TX] S,140,18D,000,190,P1,42
18:52:43  [SLOT] n=159 tx=23 ack=0 due=0 r=1
18:52:43  [AT] "AT+CIPSEND=24" (13)
18:52:43  [AT] " S,140,18D,000,190,P1,42" (24)
18:52:43  [AT] "SEND OK" (7)
18:52:44  [TX] S,141,18F,000,192,P1,43
18:52:44  [SLOT] n=160 tx=23 ack=0 due=0 r=1
18:52:44  [AT] "AT+CIPSEND=24" (13)
18:52:44  [AT] " S,141,18F,000,192,P1,43" (24)
18:52:44  [AT] "SEND OK" (7)
18:52:45  [TX] S,142,18E,000,193,P1,42
18:52:45  [SLOT] n=161 tx=23 ack=0 due=0 r=1
18:52:45  [AT] "AT+CIPSEND=24" (13)
18:52:45  [AT] " S,142,18E,000,193,P1,42" (24)
18:52:45  [AT] "SEND OK" (7)
18:52:46  [TX] S,143,18E,000,194,P1,44
18:52:46  [SLOT] n=162 tx=23 ack=0 due=0 r=1
18:52:46  [AT] "AT+CIPSEND=24" (13)
18:52:46  [AT] " S,143,18E,000,194,P1,44" (24)
18:52:46  [AT] "SEND OK" (7)
18:52:47  [TX] S,144,18E,000,195,P1,42
18:52:47  [SLOT] n=163 tx=23 ack=0 due=0 r=1
18:52:47  [AT] "AT+CIPSEND=24" (13)
18:52:47  [AT] " S,144,18E,000,195,P1,42" (24)
18:52:47  [AT] "SEND OK" (7)
18:52:49  [TX] S,145,18E,000,196,P1,40
18:52:49  [SLOT] n=164 tx=23 ack=0 due=0 r=1
18:52:49  [AT] "AT+CIPSEND=24" (13)
18:52:49  [AT] " S,145,18E,000,196,P1,40" (24)
18:52:49  [AT] "SEND OK" (7)
18:52:50  [TX] S,146,18E,000,198,P1,4D
18:52:50  [SLOT] n=165 tx=23 ack=0 due=0 r=1
18:52:50  [AT] "AT+CIPSEND=24" (13)
18:52:50  [AT] " S,146,18E,000,198,P1,4D" (24)
18:52:50  [AT] "SEND OK" (7)
18:52:51  [TX] S,147,18E,000,199,P1,4D
18:52:51  [SLOT] n=166 tx=23 ack=0 due=0 r=1
18:52:51  [AT] "AT+CIPSEND=24" (13)
18:52:51  [AT] " S,147,18E,000,199,P1,4D" (24)
18:52:51  [AT] "SEND OK" (7)
18:52:52  [TX] S,148,18E,000,200,P1,41
18:52:52  [SLOT] n=167 tx=23 ack=0 due=0 r=1
18:52:52  [AT] "AT+CIPSEND=24" (13)
18:52:52  [AT] " S,148,18E,000,200,P1,41" (24)
18:52:52  [AT] "SEND OK" (7)
18:52:53  [TX] S,149,18F,000,201,P1,42
18:52:53  [SLOT] n=168 tx=23 ack=0 due=0 r=1
18:52:53  [AT] "AT+CIPSEND=24" (13)
18:52:53  [AT] " S,149,18F,000,201,P1,42" (24)
18:52:53  [AT] "SEND OK" (7)
18:52:55  [TX] S,150,18F,000,202,P1,49
18:52:55  [SLOT] n=169 tx=23 ack=0 due=0 r=1
18:52:55  [AT] "AT+CIPSEND=24" (13)
18:52:55  [AT] " S,150,18F,000,202,P1,49" (24)
18:52:55  [AT] "SEND OK" (7)
18:52:56  [TX] S,151,18D,000,204,P1,4C
18:52:56  [SLOT] n=170 tx=23 ack=0 due=0 r=1
18:52:56  [AT] "AT+CIPSEND=24" (13)
18:52:56  [AT] " S,151,18D,000,204,P1,4C" (24)
18:52:56  [AT] "SEND OK" (7)
18:52:57  [TX] S,152,18D,000,205,P1,4E
18:52:57  [SLOT] n=171 tx=23 ack=0 due=0 r=1
18:52:57  [AT] "AT+CIPSEND=24" (13)
18:52:57  [AT] " S,152,18D,000,205,P1,4E" (24)
18:52:57  [AT] "SEND OK" (7)
18:52:58  [TX] S,153,18D,000,206,P1,4C
18:52:58  [SLOT] n=172 tx=23 ack=0 due=0 r=1
18:52:58  [AT] "AT+CIPSEND=24" (13)
18:52:58  [AT] " S,153,18D,000,206,P1,4C" (24)
18:52:58  [AT] "SEND OK" (7)
18:52:59  [TX] S,154,18D,000,207,P1,4A
18:52:59  [SLOT] n=173 tx=23 ack=0 due=0 r=1
18:52:59  [AT] "AT+CIPSEND=24" (13)
18:52:59  [AT] " S,154,18D,000,207,P1,4A" (24)
18:52:59  [AT] "SEND OK" (7)
18:53:01  [TX] S,155,18D,000,208,P1,44
18:53:01  [SLOT] n=174 tx=23 ack=0 due=0 r=1
18:53:01  [AT] "AT+CIPSEND=24" (13)
18:53:01  [AT] " S,155,18D,000,208,P1,44" (24)
18:53:01  [AT] "SEND OK" (7)
18:53:02  [TX] S,156,18C,000,210,P1,49
18:53:02  [SLOT] n=175 tx=23 ack=0 due=0 r=1
18:53:02  [AT] "AT+CIPSEND=24" (13)
18:53:02  [AT] " S,156,18C,000,210,P1,49" (24)
18:53:02  [AT] "SEND OK" (7)
18:53:03  [TX] S,157,18C,000,211,P1,49
18:53:03  [SLOT] n=176 tx=23 ack=0 due=0 r=1
18:53:03  [AT] "AT+CIPSEND=24" (13)
18:53:03  [AT] " S,157,18C,000,211,P1,49" (24)
18:53:03  [AT] "SEND OK" (7)
18:53:04  [TX] S,158,18C,000,212,P1,45
18:53:04  [SLOT] n=177 tx=23 ack=0 due=0 r=1
18:53:04  [AT] "AT+CIPSEND=24" (13)
18:53:04  [AT] " S,158,18C,000,212,P1,45" (24)
18:53:04  [AT] "SEND OK" (7)
18:53:05  [TX] S,159,18C,000,213,P1,45
18:53:05  [SLOT] n=178 tx=23 ack=0 due=0 r=1
18:53:05  [AT] "AT+CIPSEND=24" (13)
18:53:05  [AT] " S,159,18C,000,213,P1,45" (24)
18:53:05  [AT] "SEND OK" (7)
18:53:07  [TX] S,160,18C,000,214,P1,48
18:53:07  [SLOT] n=179 tx=23 ack=0 due=0 r=1
18:53:07  [AT] "AT+CIPSEND=24" (13)
18:53:07  [AT] " S,160,18C,000,214,P1,48" (24)
18:53:07  [AT] "SEND OK" (7)
18:53:08  [TX] S,161,18E,000,216,P1,4D
18:53:08  [SLOT] n=180 tx=23 ack=0 due=0 r=1
18:53:08  [AT] "AT+CIPSEND=24" (13)
18:53:08  [AT] " S,161,18E,000,216,P1,4D" (24)
18:53:08  [AT] "SEND OK" (7)
18:53:09  [TX] S,162,18E,000,217,P1,4F
18:53:09  [SLOT] n=181 tx=23 ack=0 due=0 r=1
18:53:09  [AT] "AT+CIPSEND=24" (13)
18:53:09  [AT] " S,162,18E,000,217,P1,4F" (24)
18:53:09  [AT] "SEND OK" (7)
18:53:10  [TX] S,163,18F,000,218,P1,42
18:53:10  [SLOT] n=182 tx=23 ack=0 due=0 r=1
18:53:10  [AT] "AT+CIPSEND=24" (13)
18:53:10  [AT] " S,163,18F,000,218,P1,42" (24)
18:53:10  [AT] "SEND OK" (7)
18:53:11  [TX] S,164,18F,000,219,P1,44
18:53:11  [SLOT] n=183 tx=23 ack=0 due=0 r=1
18:53:11  [AT] "AT+CIPSEND=24" (13)
18:53:11  [AT] " S,164,18F,000,219,P1,44" (24)
18:53:11  [AT] "SEND OK" (7)
18:53:13  [TX] S,165,18F,000,220,P1,4F
18:53:13  [SLOT] n=184 tx=23 ack=0 due=0 r=1
18:53:13  [AT] "AT+CIPSEND=24" (13)
18:53:13  [AT] " S,165,18F,000,220,P1,4F" (24)
18:53:13  [AT] "SEND OK" (7)
18:53:14  [TX] S,166,18F,000,222,P1,4E
18:53:14  [SLOT] n=185 tx=23 ack=0 due=0 r=1
18:53:14  [AT] "AT+CIPSEND=24" (13)
18:53:14  [AT] " S,166,18F,000,222,P1,4E" (24)
18:53:14  [AT] "SEND OK" (7)
18:53:15  [TX] S,167,18F,000,223,P1,4E
18:53:15  [SLOT] n=186 tx=23 ack=0 due=0 r=1
18:53:15  [AT] "AT+CIPSEND=24" (13)
18:53:15  [AT] " S,167,18F,000,223,P1,4E" (24)
18:53:15  [AT] "SEND OK" (7)
18:53:16  [TX] S,168,18F,000,224,P1,46
18:53:16  [SLOT] n=187 tx=23 ack=0 due=0 r=1
18:53:16  [AT] "AT+CIPSEND=24" (13)
18:53:16  [AT] " S,168,18F,000,224,P1,46" (24)
18:53:16  [AT] "SEND OK" (7)
18:53:17  [TX] S,169,18F,000,225,P1,46
18:53:17  [SLOT] n=188 tx=23 ack=0 due=0 r=1
18:53:17  [AT] "AT+CIPSEND=24" (13)
18:53:17  [AT] " S,169,18F,000,225,P1,46" (24)
18:53:17  [AT] "SEND OK" (7)
18:53:19  [TX] S,170,18E,000,226,P1,4E
18:53:19  [SLOT] n=189 tx=23 ack=0 due=0 r=1
18:53:19  [AT] "AT+CIPSEND=24" (13)
18:53:19  [AT] " S,170,18E,000,226,P1,4E" (24)
18:53:19  [AT] "SEND OK" (7)
18:53:20  [TX] S,171,18C,000,228,P1,47
18:53:20  [SLOT] n=190 tx=23 ack=0 due=0 r=1
18:53:20  [AT] "AT+CIPSEND=24" (13)
18:53:20  [AT] " S,171,18C,000,228,P1,47" (24)
18:53:20  [AT] "SEND OK" (7)
18:53:21  [TX] S,172,18C,000,229,P1,45
18:53:21  [SLOT] n=191 tx=23 ack=0 due=0 r=1
18:53:21  [AT] "AT+CIPSEND=24" (13)
18:53:21  [AT] " S,172,18C,000,229,P1,45" (24)
18:53:21  [AT] "SEND OK" (7)
18:53:22  [TX] S,173,18C,000,230,P1,4C
18:53:22  [SLOT] n=192 tx=23 ack=0 due=0 r=1
18:53:22  [AT] "AT+CIPSEND=24" (13)
18:53:22  [AT] " S,173,18C,000,230,P1,4C" (24)
18:53:22  [AT] "SEND OK" (7)
18:53:23  [TX] S,174,18C,000,231,P1,4A
18:53:23  [SLOT] n=193 tx=23 ack=0 due=0 r=1
18:53:23  [AT] "AT+CIPSEND=24" (13)
18:53:23  [AT] " S,174,18C,000,231,P1,4A" (24)
18:53:23  [AT] "SEND OK" (7)
18:53:25  [TX] S,175,18C,000,232,P1,48
18:53:25  [SLOT] n=194 tx=23 ack=0 due=0 r=1
18:53:25  [AT] "AT+CIPSEND=24" (13)
18:53:25  [AT] " S,175,18C,000,232,P1,48" (24)
18:53:25  [AT] "SEND OK" (7)
18:53:26  [TX] S,176,18C,000,234,P1,4D
18:53:26  [SLOT] n=195 tx=23 ack=0 due=0 r=1
18:53:26  [AT] "AT+CIPSEND=24" (13)
18:53:26  [AT] " S,176,18C,000,234,P1,4D" (24)
18:53:26  [AT] "SEND OK" (7)
18:53:27  [TX] S,177,18D,000,235,P1,4A
18:53:27  [SLOT] n=196 tx=23 ack=0 due=0 r=1
18:53:27  [AT] "AT+CIPSEND=24" (13)
18:53:27  [AT] " S,177,18D,000,235,P1,4A" (24)
18:53:27  [AT] "SEND OK" (7)
18:53:29  [TX] S,178,18D,000,236,P1,46
18:53:29  [SLOT] n=197 tx=23 ack=0 due=0 r=1
18:53:29  [AT] "AT+CIPSEND=24" (13)
18:53:29  [AT] " S,178,18D,000,236,P1,46" (24)
18:53:29  [AT] "SEND OK" (7)
18:53:30  [TX] S,179,18D,000,237,P1,46
18:53:30  [SLOT] n=198 tx=23 ack=0 due=0 r=1
18:53:30  [AT] "AT+CIPSEND=24" (13)
18:53:30  [AT] " S,179,18D,000,237,P1,46" (24)
18:53:30  [AT] "SEND OK" (7)
18:53:31  «tap» 살아있음 — 최근 60초 rx=7959B (이 줄이 끊기면 탭이 죽은 것이다)
18:53:32  [TX] S,180,18D,000,238,P1,4F
18:53:32  [SLOT] n=199 tx=23 ack=0 due=0 r=1
18:53:32  [AT] "AT+CIPSEND=24" (13)
18:53:32  [AT] " S,180,18D,000,238,P1,4F" (24)
18:53:32  [AT] "SEND OK" (7)
18:53:33  [TX] S,181,18F,000,240,P1,43
18:53:33  [SLOT] n=200 tx=23 ack=0 due=0 r=1
18:53:33  [CNT] up=240 drop=0 esprst=1 hwrst=0/0 resync=0 sendfail=0 okto=0 stuck=0 ackq=0 ackdrop=0 ackstale=0 slot=200 oow=7 smiss=2 ssovf=0 cksumng=0 okstream=181 penddrop=0 pendfill=182 bigfill=2 bigdrop=0 bigokst=2 oklost=0 bigoklost=0 skip=0 online=1
18:53:33  [RAM] 최저 여유 596 B · 프롬프트 재동기 0회 (서버의 '버린줄' 과 맞아야 한다)
18:53:33  [AT] "AT+CIPSEND=24" (13)
18:53:33  [AT] " S,181,18F,000,240,P1,43" (24)
18:53:33  [AT] "SEND OK" (7)
18:53:34  [TX] S,182,18F,000,241,P1,41
18:53:34  [SLOT] n=201 tx=23 ack=0 due=0 r=1
18:53:34  [AT] "AT+CIPSEND=24" (13)
18:53:34  [AT] " S,182,18F,000,241,P1,41" (24)
18:53:34  [AT] "SEND OK" (7)
18:53:35  [TX] S,183,18F,000,242,P1,43
18:53:35  [SLOT] n=202 tx=23 ack=0 due=0 r=1
18:53:35  [AT] "AT+CIPSEND=24" (13)
18:53:35  [AT] " S,183,18F,000,242,P1,43" (24)
18:53:35  [AT] "SEND OK" (7)
18:53:36  [TX] S,184,18E,000,243,P1,46
18:53:36  [SLOT] n=203 tx=23 ack=0 due=0 r=1
18:53:36  [AT] "AT+CIPSEND=24" (13)
18:53:36  [AT] " S,184,18E,000,243,P1,46" (24)
18:53:36  [AT] "SEND OK" (7)
18:53:38  [TX] S,185,18E,000,244,P1,40
18:53:38  [SLOT] n=204 tx=23 ack=0 due=0 r=1
18:53:38  [AT] "AT+CIPSEND=24" (13)
18:53:38  [AT] " S,185,18E,000,244,P1,40" (24)
18:53:38  [AT] "SEND OK" (7)
18:53:39  [TX] S,186,18E,000,246,P1,41
18:53:39  [SLOT] n=205 tx=23 ack=0 due=0 r=1
18:53:39  [AT] "AT+CIPSEND=24" (13)
18:53:39  [AT] " S,186,18E,000,246,P1,41" (24)
18:53:39  [AT] "SEND OK" (7)
18:53:40  [TX] S,187,18E,000,247,P1,41
18:53:40  [SLOT] n=206 tx=23 ack=0 due=0 r=1
18:53:40  [AT] "AT+CIPSEND=24" (13)
18:53:40  [AT] " S,187,18E,000,247,P1,41" (24)
18:53:40  [AT] "SEND OK" (7)
18:53:41  [TX] S,188,18E,000,248,P1,41
18:53:41  [SLOT] n=207 tx=23 ack=0 due=0 r=1
18:53:41  [AT] "AT+CIPSEND=24" (13)
18:53:41  [AT] " S,188,18E,000,248,P1,41" (24)
18:53:41  [AT] "SEND OK" (7)
18:53:42  [TX] S,189,18E,000,249,P1,41
18:53:42  [SLOT] n=208 tx=23 ack=0 due=0 r=1
18:53:42  [AT] "AT+CIPSEND=24" (13)
18:53:42  [AT] " S,189,18E,000,249,P1,41" (24)
18:53:42  [AT] "SEND OK" (7)
18:53:44  [TX] S,190,18E,000,250,P1,41
18:53:44  [SLOT] n=209 tx=23 ack=0 due=0 r=1
18:53:44  [AT] "AT+CIPSEND=24" (13)
18:53:44  [AT] " S,190,18E,000,250,P1,41" (24)
18:53:44  [AT] "SEND OK" (7)
18:53:45  [TX] S,191,18D,000,252,P1,43
18:53:45  [SLOT] n=210 tx=23 ack=0 due=0 r=1
18:53:45  [AT] "AT+CIPSEND=24" (13)
18:53:45  [AT] " S,191,18D,000,252,P1,43" (24)
18:53:45  [AT] "SEND OK" (7)
18:53:46  [TX] S,192,18D,000,253,P1,41
18:53:46  [SLOT] n=211 tx=23 ack=0 due=0 r=1
18:53:46  [AT] "AT+CIPSEND=24" (13)
18:53:46  [AT] " S,192,18D,000,253,P1,41" (24)
18:53:46  [AT] "SEND OK" (7)
18:53:47  [TX] S,193,18D,000,254,P1,47
18:53:47  [SLOT] n=212 tx=23 ack=0 due=0 r=1
18:53:47  [AT] "AT+CIPSEND=24" (13)
18:53:47  [AT] " S,193,18D,000,254,P1,47" (24)
18:53:47  [AT] "SEND OK" (7)
18:53:48  [TX] S,194,18D,000,255,P1,41
18:53:48  [SLOT] n=213 tx=23 ack=0 due=0 r=1
18:53:48  [AT] "AT+CIPSEND=24" (13)
18:53:48  [AT] " S,194,18D,000,255,P1,41" (24)
18:53:48  [AT] "SEND OK" (7)
18:53:50  [TX] S,195,18D,000,256,P1,43
18:53:50  [SLOT] n=214 tx=23 ack=0 due=0 r=1
18:53:50  [AT] "AT+CIPSEND=24" (13)
18:53:50  [AT] " S,195,18D,000,256,P1,43" (24)
18:53:50  [AT] "SEND OK" (7)
18:53:51  [TX] S,196,18D,000,258,P1,4E
18:53:51  [SLOT] n=215 tx=23 ack=0 due=0 r=1
18:53:51  [AT] "AT+CIPSEND=24" (13)
18:53:51  [AT] " S,196,18D,000,258,P1,4E" (24)
18:53:51  [AT] "SEND OK" (7)
18:53:52  [TX] S,197,18D,000,259,P1,4E
18:53:52  [SLOT] n=216 tx=23 ack=0 due=0 r=1
18:53:52  [AT] "AT+CIPSEND=24" (13)
18:53:52  [AT] " S,197,18D,000,259,P1,4E" (24)
18:53:52  [AT] "SEND OK" (7)
18:53:53  [TX] S,198,18C,000,260,P1,4C
18:53:53  [SLOT] n=217 tx=23 ack=0 due=0 r=1
18:53:53  [AT] "AT+CIPSEND=24" (13)
18:53:53  [AT] " S,198,18C,000,260,P1,4C" (24)
18:53:53  [AT] "SEND OK" (7)
18:53:54  [TX] S,199,18C,000,261,P1,4C
18:53:54  [SLOT] n=218 tx=23 ack=0 due=0 r=1
18:53:54  [AT] "AT+CIPSEND=24" (13)
18:53:54  [AT] " S,199,18C,000,261,P1,4C" (24)
18:53:54  [AT] "SEND OK" (7)
18:53:56  [TX] S,200,18C,000,262,P1,4C
18:53:56  [SLOT] n=219 tx=23 ack=0 due=0 r=1
18:53:56  [AT] "AT+CIPSEND=24" (13)
18:53:56  [AT] " S,200,18C,000,262,P1,4C" (24)
18:53:56  [AT] "SEND OK" (7)
18:53:57  [TX] S,201,18E,000,264,P1,4D
18:53:57  [SLOT] n=220 tx=23 ack=0 due=0 r=1
18:53:57  [AT] "AT+CIPSEND=24" (13)
18:53:57  [AT] " S,201,18E,000,264,P1,4D" (24)
18:53:57  [AT] "SEND OK" (7)
18:53:58  [TX] S,202,18E,000,265,P1,4F
18:53:58  [SLOT] n=221 tx=23 ack=0 due=0 r=1
18:53:58  [AT] "AT+CIPSEND=24" (13)
18:53:58  [AT] " S,202,18E,000,265,P1,4F" (24)
18:53:58  [AT] "SEND OK" (7)
18:53:59  [TX] S,203,18E,000,266,P1,4D
18:53:59  [SLOT] n=222 tx=23 ack=0 due=0 r=1
18:53:59  [AT] "AT+CIPSEND=24" (13)
18:53:59  [AT] " S,203,18E,000,266,P1,4D" (24)
18:53:59  [AT] "SEND OK" (7)
18:54:00  [TX] S,204,18E,000,267,P1,4B
18:54:00  [SLOT] n=223 tx=23 ack=0 due=0 r=1
18:54:00  [AT] "AT+CIPSEND=24" (13)
18:54:00  [AT] " S,204,18E,000,267,P1,4B" (24)
18:54:00  [AT] "SEND OK" (7)
18:54:02  [TX] S,205,18F,000,268,P1,46
18:54:02  [SLOT] n=224 tx=23 ack=0 due=0 r=1
18:54:02  [AT] "AT+CIPSEND=24" (13)
18:54:02  [AT] " S,205,18F,000,268,P1,46" (24)
18:54:02  [AT] "SEND OK" (7)
18:54:03  [TX] S,206,18F,000,270,P1,4C
18:54:03  [SLOT] n=225 tx=23 ack=0 due=0 r=1
18:54:03  [AT] "AT+CIPSEND=24" (13)
18:54:03  [AT] " S,206,18F,000,270,P1,4C" (24)
18:54:03  [AT] "SEND OK" (7)
18:54:04  [TX] S,207,18F,000,271,P1,4C
18:54:04  [SLOT] n=226 tx=23 ack=0 due=0 r=1
18:54:04  [AT] "AT+CIPSEND=24" (13)
18:54:04  [AT] " S,207,18F,000,271,P1,4C" (24)
18:54:04  [AT] "SEND OK" (7)
18:54:05  [TX] S,208,18F,000,272,P1,40
18:54:05  [SLOT] n=227 tx=23 ack=0 due=0 r=1
18:54:05  [AT] "AT+CIPSEND=24" (13)
18:54:05  [AT] " S,208,18F,000,272,P1,40" (24)
18:54:05  [AT] "SEND OK" (7)
18:54:06  [TX] S,209,18F,000,273,P1,40
18:54:06  [SLOT] n=228 tx=23 ack=0 due=0 r=1
18:54:06  [AT] "AT+CIPSEND=24" (13)
18:54:06  [AT] " S,209,18F,000,273,P1,40" (24)
18:54:06  [AT] "SEND OK" (7)
18:54:08  [TX] S,210,18F,000,274,P1,4F
18:54:08  [SLOT] n=229 tx=23 ack=0 due=0 r=1
18:54:08  [AT] "AT+CIPSEND=24" (13)
18:54:08  [AT] " S,210,18F,000,274,P1,4F" (24)
18:54:08  [AT] "SEND OK" (7)
18:54:09  [TX] S,211,18D,000,276,P1,4E
18:54:09  [SLOT] n=230 tx=23 ack=0 due=0 r=1
18:54:09  [AT] "AT+CIPSEND=24" (13)
18:54:09  [AT] " S,211,18D,000,276,P1,4E" (24)
18:54:09  [AT] "SEND OK" (7)
18:54:10  [TX] S,212,18C,000,277,P1,4B
18:54:10  [SLOT] n=231 tx=23 ack=0 due=0 r=1
18:54:10  [AT] "AT+CIPSEND=24" (13)
18:54:10  [AT] " S,212,18C,000,277,P1,4B" (24)
18:54:10  [AT] "SEND OK" (7)
18:54:11  [TX] S,213,18C,000,278,P1,45
18:54:11  [SLOT] n=232 tx=23 ack=0 due=0 r=1
18:54:11  [AT] "AT+CIPSEND=24" (13)
18:54:11  [AT] " S,213,18C,000,278,P1,45" (24)
18:54:11  [AT] "SEND OK" (7)
18:54:12  [TX] S,214,18C,000,279,P1,43
18:54:12  [SLOT] n=233 tx=23 ack=0 due=0 r=1
18:54:12  [AT] "AT+CIPSEND=24" (13)
18:54:12  [AT] " S,214,18C,000,279,P1,43" (24)
18:54:12  [AT] "SEND OK" (7)
18:54:14  [TX] S,215,18C,000,280,P1,44
18:54:14  [SLOT] n=234 tx=23 ack=0 due=0 r=1
18:54:14  [AT] "AT+CIPSEND=24" (13)
18:54:14  [AT] " S,215,18C,000,280,P1,44" (24)
18:54:14  [AT] "SEND OK" (7)
18:54:15  [TX] S,216,18C,000,282,P1,45
18:54:15  [SLOT] n=235 tx=23 ack=0 due=0 r=1
18:54:15  [AT] "AT+CIPSEND=24" (13)
18:54:15  [AT] " S,216,18C,000,282,P1,45" (24)
18:54:15  [AT] "SEND OK" (7)
18:54:16  [TX] S,217,18C,000,283,P1,45
18:54:16  [SLOT] n=236 tx=23 ack=0 due=0 r=1
18:54:16  [AT] "AT+CIPSEND=24" (13)
18:54:16  [AT] " S,217,18C,000,283,P1,45" (24)
18:54:16  [AT] "SEND OK" (7)
18:54:17  [TX] S,218,18C,000,284,P1,4D
18:54:17  [SLOT] n=237 tx=23 ack=0 due=0 r=1
18:54:17  [AT] "AT+CIPSEND=24" (13)
18:54:17  [AT] " S,218,18C,000,284,P1,4D" (24)
18:54:17  [AT] "SEND OK" (7)
18:54:18  [TX] S,219,18D,000,285,P1,4A
18:54:18  [SLOT] n=238 tx=23 ack=0 due=0 r=1
18:54:18  [AT] "AT+CIPSEND=24" (13)
18:54:18  [AT] " S,219,18D,000,285,P1,4A" (24)
18:54:18  [AT] "SEND OK" (7)
18:54:20  [TX] S,220,18D,000,286,P1,43
18:54:20  [SLOT] n=239 tx=23 ack=0 due=0 r=1
18:54:20  [AT] "AT+CIPSEND=24" (13)
18:54:20  [AT] " S,220,18D,000,286,P1,43" (24)
18:54:20  [AT] "SEND OK" (7)
18:54:21  [TX] S,221,18F,000,288,P1,4E
18:54:21  [SLOT] n=240 tx=23 ack=0 due=0 r=1
18:54:21  [AT] "AT+CIPSEND=24" (13)
18:54:21  [AT] " S,221,18F,000,288,P1,4E" (24)
18:54:21  [AT] "SEND OK" (7)
18:54:22  [TX] S,222,18F,000,289,P1,4C
18:54:22  [SLOT] n=241 tx=23 ack=0 due=0 r=1
18:54:22  [AT] "AT+CIPSEND=24" (13)
18:54:22  [AT] " S,222,18F,000,289,P1,4C" (24)
18:54:22  [AT] "SEND OK" (7)
18:54:23  [TX] S,223,18F,000,290,P1,45
18:54:23  [SLOT] n=242 tx=23 ack=0 due=0 r=1
18:54:23  [AT] "AT+CIPSEND=24" (13)
18:54:23  [AT] " S,223,18F,000,290,P1,45" (24)
18:54:23  [AT] "SEND OK" (7)
18:54:24  [TX] S,224,18F,000,291,P1,43
18:54:24  [SLOT] n=243 tx=23 ack=0 due=0 r=1
18:54:24  [AT] "AT+CIPSEND=24" (13)
18:54:24  [AT] " S,224,18F,000,291,P1,43" (24)
18:54:24  [AT] "SEND OK" (7)
18:54:26  [TX] S,225,18F,000,292,P1,41
18:54:26  [SLOT] n=244 tx=23 ack=0 due=0 r=1
18:54:26  [AT] "AT+CIPSEND=24" (13)
18:54:26  [AT] " S,225,18F,000,292,P1,41" (24)
18:54:26  [AT] "SEND OK" (7)
18:54:27  [TX] S,226,18E,000,294,P1,47
18:54:27  [SLOT] n=245 tx=23 ack=0 due=0 r=1
18:54:27  [AT] "AT+CIPSEND=24" (13)
18:54:27  [AT] " S,226,18E,000,294,P1,47" (24)
18:54:27  [AT] "SEND OK" (7)
18:54:28  [TX] S,227,18E,000,295,P1,47
18:54:28  [SLOT] n=246 tx=23 ack=0 due=0 r=1
18:54:28  [AT] "AT+CIPSEND=24" (13)
18:54:28  [AT] " S,227,18E,000,295,P1,47" (24)
18:54:28  [AT] "SEND OK" (7)
18:54:29  [TX] S,228,18E,000,296,P1,4B
18:54:29  [SLOT] n=247 tx=23 ack=0 due=0 r=1
18:54:29  [AT] "AT+CIPSEND=24" (13)
18:54:29  [AT] " S,228,18E,000,296,P1,4B" (24)
18:54:29  [AT] "SEND OK" (7)
18:54:30  [TX] S,229,18E,000,297,P1,4B
18:54:30  [SLOT] n=248 tx=23 ack=0 due=0 r=1
18:54:30  [AT] "AT+CIPSEND=24" (13)
18:54:31  «tap» 살아있음 — 최근 60초 rx=7843B (이 줄이 끊기면 탭이 죽은 것이다)
18:54:31  [AT] " S,229,18E,000,297,P1,4B" (24)
18:54:31  [AT] "SEND OK" (7)
18:54:32  [TX] S,230,18E,000,298,P1,4C
18:54:32  [SLOT] n=249 tx=23 ack=0 due=0 r=1
18:54:32  [AT] "AT+CIPSEND=24" (13)
18:54:32  [AT] " S,230,18E,000,298,P1,4C" (24)
18:54:32  [AT] "SEND OK" (7)
18:54:33  [TX] S,231,18C,000,300,P1,4B
18:54:33  [SLOT] n=250 tx=23 ack=0 due=0 r=1
18:54:33  [CNT] up=300 drop=0 esprst=1 hwrst=0/0 resync=0 sendfail=0 okto=0 stuck=0 ackq=0 ackdrop=0 ackstale=0 slot=250 oow=7 smiss=2 ssovf=0 cksumng=0 okstream=231 penddrop=0 pendfill=232 bigfill=2 bigdrop=0 bigokst=2 oklost=0 bigoklost=0 skip=0 online=1
18:54:33  [RAM] 최저 여유 596 B · 프롬프트 재동기 0회 (서버의 '버린줄' 과 맞아야 한다)
18:54:33  [AT] "AT+CIPSEND=24" (13)
18:54:33  [AT] " S,231,18C,000,300,P1,4B" (24)
18:54:33  [AT] "SEND OK" (7)
18:54:34  [TX] S,232,18C,000,301,P1,49
18:54:34  [SLOT] n=251 tx=23 ack=0 due=0 r=1
18:54:34  [AT] "AT+CIPSEND=24" (13)
18:54:34  [AT] " S,232,18C,000,301,P1,49" (24)
18:54:34  [AT] "SEND OK" (7)
18:54:35  [TX] S,233,18D,000,302,P1,4C
18:54:35  [SLOT] n=252 tx=23 ack=0 due=0 r=1
18:54:35  [AT] "AT+CIPSEND=24" (13)
18:54:35  [AT] " S,233,18D,000,302,P1,4C" (24)
18:54:35  [AT] "SEND OK" (7)
18:54:36  [TX] S,234,18D,000,303,P1,4A
18:54:36  [SLOT] n=253 tx=23 ack=0 due=0 r=1
18:54:36  [AT] "AT+CIPSEND=24" (13)
18:54:36  [AT] " S,234,18D,000,303,P1,4A" (24)
18:54:36  [AT] "SEND OK" (7)
18:54:37  [TX] S,235,18D,000,304,P1,4C
18:54:37  [SLOT] n=254 tx=23 ack=0 due=0 r=1
18:54:38  [AT] "AT+CIPSEND=24" (13)
18:54:38  [AT] " S,235,18D,000,304,P1,4C" (24)
18:54:38  [AT] "SEND OK" (7)
18:54:39  [TX] S,236,18D,000,306,P1,4D
18:54:39  [SLOT] n=255 tx=23 ack=0 due=0 r=1
18:54:39  [AT] "AT+CIPSEND=24" (13)
18:54:39  [AT] " S,236,18D,000,306,P1,4D" (24)
18:54:39  [AT] "SEND OK" (7)
18:54:40  [TX] S,237,18D,000,307,P1,4D
18:54:40  [SLOT] n=256 tx=23 ack=0 due=0 r=1
18:54:40  [AT] "AT+CIPSEND=24" (13)
18:54:40  [AT] " S,237,18D,000,307,P1,4D" (24)
18:54:40  [AT] "SEND OK" (7)
18:54:41  [TX] S,238,18D,000,308,P1,4D
18:54:41  [SLOT] n=257 tx=23 ack=0 due=0 r=1
18:54:41  [AT] "AT+CIPSEND=24" (13)
18:54:41  [AT] " S,238,18D,000,308,P1,4D" (24)
18:54:41  [AT] "SEND OK" (7)
18:54:42  [TX] S,239,18D,000,309,P1,4D
18:54:42  [SLOT] n=258 tx=23 ack=0 due=0 r=1
18:54:42  [AT] "AT+CIPSEND=24" (13)
18:54:42  [AT] " S,239,18D,000,309,P1,4D" (24)
18:54:42  [AT] "SEND OK" (7)
18:54:43  [TX] S,240,18C,000,310,P1,4C
18:54:43  [SLOT] n=259 tx=23 ack=0 due=0 r=1
18:54:43  [AT] "AT+CIPSEND=24" (13)
18:54:44  [AT] " S,240,18C,000,310,P1,4C" (24)
18:54:44  [AT] "SEND OK" (7)
18:54:45  [TX] S,241,18E,000,312,P1,49
18:54:45  [SLOT] n=260 tx=23 ack=0 due=0 r=1
18:54:45  [AT] "AT+CIPSEND=24" (13)
18:54:45  [AT] " S,241,18E,000,312,P1,49" (24)
18:54:45  [AT] "SEND OK" (7)
18:54:46  [TX] S,242,18E,000,313,P1,4B
18:54:46  [SLOT] n=261 tx=23 ack=0 due=0 r=1
18:54:46  [AT] "AT+CIPSEND=24" (13)
18:54:46  [AT] " S,242,18E,000,313,P1,4B" (24)
18:54:46  [AT] "SEND OK" (7)
18:54:47  [TX] S,243,18E,000,314,P1,4D
18:54:47  [SLOT] n=262 tx=23 ack=0 due=0 r=1
18:54:47  [AT] "AT+CIPSEND=24" (13)
18:54:47  [AT] " S,243,18E,000,314,P1,4D" (24)
18:54:47  [AT] "SEND OK" (7)
18:54:48  [TX] S,244,18E,000,315,P1,4B
18:54:48  [SLOT] n=263 tx=23 ack=0 due=0 r=1
18:54:48  [AT] "AT+CIPSEND=24" (13)
18:54:48  [AT] " S,244,18E,000,315,P1,4B" (24)
18:54:48  [AT] "SEND OK" (7)
18:54:49  [TX] S,245,18E,000,316,P1,49
18:54:49  [SLOT] n=264 tx=23 ack=0 due=0 r=1
18:54:49  [AT] "AT+CIPSEND=24" (13)
18:54:50  [AT] " S,245,18E,000,316,P1,49" (24)
18:54:50  [AT] "SEND OK" (7)
18:54:51  [TX] S,246,18E,000,318,P1,44
18:54:51  [SLOT] n=265 tx=23 ack=0 due=0 r=1
18:54:51  [AT] "AT+CIPSEND=24" (13)
18:54:51  [AT] " S,246,18E,000,318,P1,44" (24)
18:54:51  [AT] "SEND OK" (7)
18:54:52  [TX] S,247,18F,000,319,P1,47
18:54:52  [SLOT] n=266 tx=23 ack=0 due=0 r=1
18:54:52  [AT] "AT+CIPSEND=24" (13)
18:54:52  [AT] " S,247,18F,000,319,P1,47" (24)
18:54:52  [AT] "SEND OK" (7)
18:54:53  [TX] S,248,18F,000,320,P1,42
18:54:53  [SLOT] n=267 tx=23 ack=0 due=0 r=1
18:54:53  [AT] "AT+CIPSEND=24" (13)
18:54:53  [AT] " S,248,18F,000,320,P1,42" (24)
18:54:53  [AT] "SEND OK" (7)
18:54:54  [TX] S,249,18F,000,321,P1,42
18:54:54  [SLOT] n=268 tx=23 ack=0 due=0 r=1
18:54:54  [AT] "AT+CIPSEND=24" (13)
18:54:54  [AT] " S,249,18F,000,321,P1,42" (24)
18:54:54  [AT] "SEND OK" (7)
18:54:55  [TX] S,250,18F,000,322,P1,49
18:54:55  [SLOT] n=269 tx=23 ack=0 due=0 r=1
18:54:55  [AT] "AT+CIPSEND=24" (13)
18:54:55  [AT] " S,250,18F,000,322,P1,49" (24)
18:54:55  [AT] "SEND OK" (7)
18:54:57  [TX] S,251,18D,000,324,P1,4C
18:54:57  [SLOT] n=270 tx=23 ack=0 due=0 r=1
18:54:57  [AT] "AT+CIPSEND=24" (13)
18:54:57  [AT] " S,251,18D,000,324,P1,4C" (24)
18:54:57  [AT] "SEND OK" (7)
18:54:58  [TX] S,252,18D,000,325,P1,4E
18:54:58  [SLOT] n=271 tx=23 ack=0 due=0 r=1
18:54:58  [AT] "AT+CIPSEND=24" (13)
18:54:58  [AT] " S,252,18D,000,325,P1,4E" (24)
18:54:58  [AT] "SEND OK" (7)
18:54:59  [TX] S,253,18D,000,326,P1,4C
18:54:59  [SLOT] n=272 tx=23 ack=0 due=0 r=1
18:54:59  [AT] "AT+CIPSEND=24" (13)
18:54:59  [AT] " S,253,18D,000,326,P1,4C" (24)
18:54:59  [AT] "SEND OK" (7)
18:55:00  [TX] S,254,18C,000,327,P1,4D
18:55:00  [SLOT] n=273 tx=23 ack=0 due=0 r=1
18:55:00  [AT] "AT+CIPSEND=24" (13)
18:55:00  [AT] " S,254,18C,000,327,P1,4D" (24)
18:55:00  [AT] "SEND OK" (7)
18:55:01  [TX] S,255,18C,000,328,P1,43
18:55:01  [SLOT] n=274 tx=23 ack=0 due=0 r=1
18:55:01  [AT] "AT+CIPSEND=24" (13)
18:55:01  [AT] " S,255,18C,000,328,P1,43" (24)
18:55:01  [AT] "SEND OK" (7)
18:55:03  [TX] S,256,18C,000,330,P1,49
18:55:03  [SLOT] n=275 tx=23 ack=0 due=0 r=1
18:55:03  [AT] "AT+CIPSEND=24" (13)
18:55:03  [AT] " S,256,18C,000,330,P1,49" (24)
18:55:03  [AT] "SEND OK" (7)
18:55:04  [TX] S,257,18C,000,331,P1,49
18:55:04  [SLOT] n=276 tx=23 ack=0 due=0 r=1
18:55:04  [AT] "AT+CIPSEND=24" (13)
18:55:04  [AT] " S,257,18C,000,331,P1,49" (24)
18:55:04  [AT] "SEND OK" (7)
18:55:05  [TX] S,258,18C,000,332,P1,45
18:55:05  [SLOT] n=277 tx=23 ack=0 due=0 r=1
18:55:05  [AT] "AT+CIPSEND=24" (13)
18:55:05  [AT] " S,258,18C,000,332,P1,45" (24)
18:55:05  [AT] "SEND OK" (7)
18:55:06  [TX] S,259,18C,000,333,P1,45
18:55:06  [SLOT] n=278 tx=23 ack=0 due=0 r=1
18:55:06  [AT] "AT+CIPSEND=24" (13)
18:55:06  [AT] " S,259,18C,000,333,P1,45" (24)
18:55:06  [AT] "SEND OK" (7)
18:55:07  [TX] S,260,18C,000,334,P1,48
18:55:07  [SLOT] n=279 tx=23 ack=0 due=0 r=1
18:55:07  [AT] "AT+CIPSEND=24" (13)
18:55:08  [AT] " S,260,18C,000,334,P1,48" (24)
18:55:08  [AT] "SEND OK" (7)
18:55:09  [TX] S,261,18F,000,336,P1,4E
18:55:09  [SLOT] n=280 tx=23 ack=0 due=0 r=1
18:55:09  [AT] "AT+CIPSEND=24" (13)
18:55:09  [AT] " S,261,18F,000,336,P1,4E" (24)
18:55:09  [AT] "SEND OK" (7)
18:55:10  [TX] S,262,18F,000,337,P1,4C
18:55:10  [SLOT] n=281 tx=23 ack=0 due=0 r=1
18:55:10  [AT] "AT+CIPSEND=24" (13)
18:55:10  [AT] " S,262,18F,000,337,P1,4C" (24)
18:55:10  [AT] "SEND OK" (7)
18:55:11  [TX] S,263,18F,000,338,P1,42
18:55:11  [SLOT] n=282 tx=23 ack=0 due=0 r=1
18:55:11  [AT] "AT+CIPSEND=24" (13)
18:55:11  [AT] " S,263,18F,000,338,P1,42" (24)
18:55:11  [AT] "SEND OK" (7)
18:55:12  [TX] S,264,18F,000,339,P1,44
18:55:12  [SLOT] n=283 tx=23 ack=0 due=0 r=1
18:55:12  [AT] "AT+CIPSEND=24" (13)
18:55:12  [AT] " S,264,18F,000,339,P1,44" (24)
18:55:12  [AT] "SEND OK" (7)
18:55:13  [TX] S,265,18F,000,340,P1,4B
18:55:13  [SLOT] n=284 tx=23 ack=0 due=0 r=1
18:55:13  [AT] "AT+CIPSEND=24" (13)
18:55:14  [AT] " S,265,18F,000,340,P1,4B" (24)
18:55:14  [AT] "SEND OK" (7)
18:55:15  [TX] S,266,18F,000,342,P1,4A
18:55:15  [SLOT] n=285 tx=23 ack=0 due=0 r=1
18:55:15  [AT] "AT+CIPSEND=24" (13)
18:55:15  [AT] " S,266,18F,000,342,P1,4A" (24)
18:55:15  [AT] "SEND OK" (7)
18:55:16  [TX] S,267,18F,000,343,P1,4A
18:55:16  [SLOT] n=286 tx=23 ack=0 due=0 r=1
18:55:16  [AT] "AT+CIPSEND=24" (13)
18:55:16  [AT] " S,267,18F,000,343,P1,4A" (24)
18:55:16  [AT] "SEND OK" (7)
18:55:17  [TX] S,268,18E,000,344,P1,41
18:55:17  [SLOT] n=287 tx=23 ack=0 due=0 r=1
18:55:17  [AT] "AT+CIPSEND=24" (13)
18:55:17  [AT] " S,268,18E,000,344,P1,41" (24)
18:55:17  [AT] "SEND OK" (7)
18:55:18  [TX] S,269,18E,000,345,P1,41
18:55:18  [SLOT] n=288 tx=23 ack=0 due=0 r=1
18:55:18  [AT] "AT+CIPSEND=24" (13)
18:55:18  [AT] " S,269,18E,000,345,P1,41" (24)
18:55:18  [AT] "SEND OK" (7)
18:55:19  [TX] S,270,18E,000,346,P1,4A
18:55:19  [SLOT] n=289 tx=23 ack=0 due=0 r=1
18:55:19  [AT] "AT+CIPSEND=24" (13)
18:55:19  [AT] " S,270,18E,000,346,P1,4A" (24)
18:55:19  [AT] "SEND OK" (7)
18:55:21  [TX] S,271,18C,000,348,P1,43
18:55:21  [SLOT] n=290 tx=23 ack=0 due=0 r=1
18:55:21  [AT] "AT+CIPSEND=24" (13)
18:55:21  [AT] " S,271,18C,000,348,P1,43" (24)
18:55:21  [AT] "SEND OK" (7)
18:55:22  [TX] S,272,18C,000,349,P1,41
18:55:22  [SLOT] n=291 tx=23 ack=0 due=0 r=1
18:55:22  [AT] "AT+CIPSEND=24" (13)
18:55:22  [AT] " S,272,18C,000,349,P1,41" (24)
18:55:22  [AT] "SEND OK" (7)
18:55:23  [TX] S,273,18C,000,350,P1,48
18:55:23  [SLOT] n=292 tx=23 ack=0 due=0 r=1
18:55:23  [AT] "AT+CIPSEND=24" (13)
18:55:23  [AT] " S,273,18C,000,350,P1,48" (24)
18:55:23  [AT] "SEND OK" (7)
18:55:24  [TX] S,274,18C,000,351,P1,4E
18:55:24  [SLOT] n=293 tx=23 ack=0 due=0 r=1
18:55:24  [AT] "AT+CIPSEND=24" (13)
18:55:24  [AT] " S,274,18C,000,351,P1,4E" (24)
18:55:24  [AT] "SEND OK" (7)
18:55:25  [TX] S,275,18D,000,352,P1,4B
18:55:25  [SLOT] n=294 tx=23 ack=0 due=0 r=1
18:55:25  [AT] "AT+CIPSEND=24" (13)
18:55:26  [AT] " S,275,18D,000,352,P1,4B" (24)
18:55:26  [AT] "SEND OK" (7)
18:55:27  [TX] S,276,18D,000,354,P1,4E
18:55:27  [SLOT] n=295 tx=23 ack=0 due=0 r=1
18:55:27  [AT] "AT+CIPSEND=24" (13)
18:55:27  [AT] " S,276,18D,000,354,P1,4E" (24)
18:55:27  [AT] "SEND OK" (7)
18:55:28  [TX] S,277,18D,000,355,P1,4E
18:55:28  [SLOT] n=296 tx=23 ack=0 due=0 r=1
18:55:28  [AT] "AT+CIPSEND=24" (13)
18:55:28  [AT] " S,277,18D,000,355,P1,4E" (24)
18:55:28  [AT] "SEND OK" (7)
18:55:29  [TX] S,278,18D,000,356,P1,42
18:55:29  [SLOT] n=297 tx=23 ack=0 due=0 r=1
18:55:29  [AT] "AT+CIPSEND=24" (13)
18:55:29  [AT] " S,278,18D,000,356,P1,42" (24)
18:55:29  [AT] "SEND OK" (7)
18:55:30  [TX] S,279,18D,000,357,P1,42
18:55:30  [SLOT] n=298 tx=23 ack=0 due=0 r=1
18:55:30  [AT] "AT+CIPSEND=24" (13)
18:55:30  [AT] " S,279,18D,000,357,P1,42" (24)
18:55:30  [AT] "SEND OK" (7)
18:55:31  «tap» 살아있음 — 최근 60초 rx=7959B (이 줄이 끊기면 탭이 죽은 것이다)
18:55:31  [TX] S,280,18D,000,358,P1,4B
18:55:31  [SLOT] n=299 tx=23 ack=0 due=0 r=1
18:55:31  [AT] "AT+CIPSEND=24" (13)
18:55:31  [AT] " S,280,18D,000,358,P1,4B" (24)
18:55:31  [AT] "SEND OK" (7)
18:55:33  [TX] S,281,18F,000,360,P1,43
18:55:33  [SLOT] n=300 tx=23 ack=0 due=0 r=1
18:55:33  [CNT] up=360 drop=0 esprst=1 hwrst=0/0 resync=0 sendfail=0 okto=0 stuck=0 ackq=0 ackdrop=0 ackstale=0 slot=300 oow=7 smiss=2 ssovf=0 cksumng=0 okstream=281 penddrop=0 pendfill=282 bigfill=2 bigdrop=0 bigokst=2 oklost=0 bigoklost=0 skip=0 online=1
18:55:33  [RAM] 최저 여유 596 B · 프롬프트 재동기 0회 (서버의 '버린줄' 과 맞아야 한다)
18:55:33  [AT] "AT+CIPSEND=24" (13)
18:55:33  [AT] " S,281,18F,000,360,P1,43" (24)
18:55:33  [AT] "SEND OK" (7)
18:55:34  [TX] S,282,18E,000,361,P1,42
18:55:34  [SLOT] n=301 tx=23 ack=0 due=0 r=1
18:55:34  [AT] "AT+CIPSEND=24" (13)
18:55:34  [AT] " S,282,18E,000,361,P1,42" (24)
18:55:34  [AT] "SEND OK" (7)
18:55:35  [TX] S,283,18E,000,362,P1,40
18:55:35  [SLOT] n=302 tx=23 ack=0 due=0 r=1
18:55:35  [AT] "AT+CIPSEND=24" (13)
18:55:35  [AT] " S,283,18E,000,362,P1,40" (24)
18:55:35  [AT] "SEND OK" (7)
18:55:36  [TX] S,284,18E,000,363,P1,46
18:55:36  [SLOT] n=303 tx=23 ack=0 due=0 r=1
18:55:36  [AT] "AT+CIPSEND=24" (13)
18:55:36  [AT] " S,284,18E,000,363,P1,46" (24)
18:55:36  [AT] "SEND OK" (7)
18:55:37  [TX] S,285,18E,000,364,P1,40
18:55:37  [SLOT] n=304 tx=23 ack=0 due=0 r=1
18:55:37  [AT] "AT+CIPSEND=24" (13)
18:55:37  [AT] " S,285,18E,000,364,P1,40" (24)
18:55:37  [AT] "SEND OK" (7)
18:55:39  [TX] S,286,18E,000,366,P1,41
18:55:39  [SLOT] n=305 tx=23 ack=0 due=0 r=1
18:55:39  [AT] "AT+CIPSEND=24" (13)
18:55:39  [AT] " S,286,18E,000,366,P1,41" (24)
18:55:39  [AT] "SEND OK" (7)
18:55:40  [TX] S,287,18E,000,367,P1,41
18:55:40  [SLOT] n=306 tx=23 ack=0 due=0 r=1
18:55:40  [AT] "AT+CIPSEND=24" (13)
18:55:40  [AT] " S,287,18E,000,367,P1,41" (24)
18:55:40  [AT] "SEND OK" (7)
18:55:41  [TX] S,288,18E,000,368,P1,41
18:55:41  [SLOT] n=307 tx=23 ack=0 due=0 r=1
18:55:41  [AT] "AT+CIPSEND=24" (13)
18:55:41  [AT] " S,288,18E,000,368,P1,41" (24)
18:55:41  [AT] "SEND OK" (7)
18:55:42  [TX] S,289,18F,000,369,P1,42
18:55:42  [SLOT] n=308 tx=23 ack=0 due=0 r=1
18:55:42  [AT] "AT+CIPSEND=24" (13)
18:55:42  [AT] " S,289,18F,000,369,P1,42" (24)
18:55:42  [AT] "SEND OK" (7)
18:55:43  [TX] S,290,18F,000,370,P1,42
18:55:43  [SLOT] n=309 tx=23 ack=0 due=0 r=1
18:55:43  [AT] "AT+CIPSEND=24" (13)
18:55:43  [AT] " S,290,18F,000,370,P1,42" (24)
18:55:43  [AT] "SEND OK" (7)
18:55:45  [TX] S,291,18D,000,372,P1,43
18:55:45  [SLOT] n=310 tx=23 ack=0 due=0 r=1
18:55:45  [AT] "AT+CIPSEND=24" (13)
18:55:45  [AT] " S,291,18D,000,372,P1,43" (24)
18:55:45  [AT] "SEND OK" (7)
18:55:46  [TX] S,292,18D,000,373,P1,41
18:55:46  [SLOT] n=311 tx=23 ack=0 due=0 r=1
18:55:46  [AT] "AT+CIPSEND=24" (13)
18:55:46  [AT] " S,292,18D,000,373,P1,41" (24)
18:55:46  [AT] "SEND OK" (7)
18:55:47  [TX] S,293,18D,000,374,P1,47
18:55:47  [SLOT] n=312 tx=23 ack=0 due=0 r=1
18:55:47  [AT] "AT+CIPSEND=24" (13)
18:55:47  [AT] " S,293,18D,000,374,P1,47" (24)
18:55:47  [AT] "SEND OK" (7)
18:55:48  [TX] S,294,18D,000,375,P1,41
18:55:48  [SLOT] n=313 tx=23 ack=0 due=0 r=1
18:55:48  [AT] "AT+CIPSEND=24" (13)
18:55:48  [AT] " S,294,18D,000,375,P1,41" (24)
18:55:48  [AT] "SEND OK" (7)
18:55:49  [TX] S,295,18D,000,376,P1,43
18:55:49  [SLOT] n=314 tx=23 ack=0 due=0 r=1
18:55:49  [AT] "AT+CIPSEND=24" (13)
18:55:49  [AT] " S,295,18D,000,376,P1,43" (24)
18:55:49  [AT] "SEND OK" (7)
18:55:51  [TX] S,296,18C,000,378,P1,49
18:55:51  [SLOT] n=315 tx=23 ack=0 due=0 r=1
18:55:51  [AT] "AT+CIPSEND=24" (13)
18:55:51  [AT] " S,296,18C,000,378,P1,49" (24)
18:55:51  [AT] "SEND OK" (7)
18:55:52  [TX] S,297,18C,000,379,P1,49
18:55:52  [SLOT] n=316 tx=23 ack=0 due=0 r=1
18:55:52  [AT] "AT+CIPSEND=24" (13)
18:55:52  [AT] " S,297,18C,000,379,P1,49" (24)
18:55:52  [AT] "SEND OK" (7)
18:55:53  [TX] S,298,18C,000,380,P1,40
18:55:53  [SLOT] n=317 tx=23 ack=0 due=0 r=1
18:55:53  [AT] "AT+CIPSEND=24" (13)
18:55:53  [AT] " S,298,18C,000,380,P1,40" (24)
18:55:53  [AT] "SEND OK" (7)
18:55:54  [TX] S,299,18C,000,381,P1,40
18:55:54  [SLOT] n=318 tx=23 ack=0 due=0 r=1
18:55:54  [AT] "AT+CIPSEND=24" (13)
18:55:55  [AT] " S,299,18C,000,381,P1,40" (24)
18:55:55  [AT] "SEND OK" (7)
18:55:55  [TX] S,300,18C,000,382,P1,42
18:55:55  [SLOT] n=319 tx=23 ack=0 due=0 r=1
18:55:55  [AT] "AT+CIPSEND=24" (13)
18:55:55  [AT] " S,300,18C,000,382,P1,42" (24)
18:55:55  [AT] "SEND OK" (7)
18:55:57  [TX] S,301,18E,000,384,P1,43
18:55:57  [SLOT] n=320 tx=23 ack=0 due=0 r=1
18:55:57  [AT] "AT+CIPSEND=24" (13)
18:55:57  [AT] " S,301,18E,000,384,P1,43" (24)
18:55:57  [AT] "SEND OK" (7)
18:55:58  [TX] S,302,18E,000,385,P1,41
18:55:58  [SLOT] n=321 tx=23 ack=0 due=0 r=1
18:55:58  [AT] "AT+CIPSEND=24" (13)
18:55:59  [AT] " S,302,18E,000,385,P1,41" (24)
18:55:59  [AT] "SEND OK" (7)
18:55:59  [TX] S,303,18F,000,386,P1,40
18:55:59  [SLOT] n=322 tx=23 ack=0 due=0 r=1
18:55:59  [AT] "AT+CIPSEND=24" (13)
18:55:59  [AT] " S,303,18F,000,386,P1,40" (24)
18:55:59  [AT] "SEND OK" (7)
18:56:00  [TX] S,304,18F,000,387,P1,46
18:56:00  [SLOT] n=323 tx=23 ack=0 due=0 r=1
18:56:00  [AT] "AT+CIPSEND=24" (13)
18:56:00  [AT] " S,304,18F,000,387,P1,46" (24)
18:56:00  [AT] "SEND OK" (7)
18:56:01  [TX] S,305,18F,000,388,P1,48
18:56:01  [SLOT] n=324 tx=23 ack=0 due=0 r=1
18:56:01  [AT] "AT+CIPSEND=24" (13)
18:56:01  [AT] " S,305,18F,000,388,P1,48" (24)
18:56:01  [AT] "SEND OK" (7)
18:56:03  [TX] S,306,18F,000,390,P1,42
18:56:03  [SLOT] n=325 tx=23 ack=0 due=0 r=1
18:56:03  [AT] "AT+CIPSEND=24" (13)
18:56:03  [AT] " S,306,18F,000,390,P1,42" (24)
18:56:03  [AT] "SEND OK" (7)
18:56:04  [TX] S,307,18F,000,391,P1,42
18:56:04  [SLOT] n=326 tx=23 ack=0 due=0 r=1
18:56:04  [AT] "AT+CIPSEND=24" (13)
18:56:04  [AT] " S,307,18F,000,391,P1,42" (24)
18:56:04  [AT] "SEND OK" (7)
18:56:05  [TX] S,308,18F,000,392,P1,4E
18:56:05  [SLOT] n=327 tx=23 ack=0 due=0 r=1
18:56:05  [AT] "AT+CIPSEND=24" (13)
18:56:05  [AT] " S,308,18F,000,392,P1,4E" (24)
18:56:05  [AT] "SEND OK" (7)
18:56:06  [TX] S,309,18F,000,393,P1,4E
18:56:06  [SLOT] n=328 tx=23 ack=0 due=0 r=1
18:56:06  [AT] "AT+CIPSEND=24" (13)
18:56:06  [AT] " S,309,18F,000,393,P1,4E" (24)
18:56:06  [AT] "SEND OK" (7)
18:56:07  [TX] S,310,18E,000,394,P1,42
18:56:07  [SLOT] n=329 tx=23 ack=0 due=0 r=1
18:56:07  [AT] "AT+CIPSEND=24" (13)
18:56:07  [AT] " S,310,18E,000,394,P1,42" (24)
18:56:07  [AT] "SEND OK" (7)
18:56:09  [TX] S,311,18C,000,396,P1,47
18:56:09  [SLOT] n=330 tx=23 ack=0 due=0 r=1
18:56:09  [AT] "AT+CIPSEND=24" (13)
18:56:09  [AT] " S,311,18C,000,396,P1,47" (24)
18:56:09  [AT] "SEND OK" (7)
18:56:10  [TX] S,312,18C,000,397,P1,45
18:56:10  [SLOT] n=331 tx=23 ack=0 due=0 r=1
18:56:10  [AT] "AT+CIPSEND=24" (13)
18:56:10  [AT] " S,312,18C,000,397,P1,45" (24)
18:56:10  [AT] "SEND OK" (7)
18:56:11  [TX] S,313,18C,000,398,P1,4B
18:56:11  [SLOT] n=332 tx=23 ack=0 due=0 r=1
18:56:11  [AT] "AT+CIPSEND=24" (13)
18:56:11  [AT] " S,313,18C,000,398,P1,4B" (24)
18:56:11  [AT] "SEND OK" (7)
18:56:12  [TX] S,314,18C,000,399,P1,4D
18:56:12  [SLOT] n=333 tx=23 ack=0 due=0 r=1
18:56:12  [AT] "AT+CIPSEND=24" (13)
18:56:12  [AT] " S,314,18C,000,399,P1,4D" (24)
18:56:12  [AT] "SEND OK" (7)
18:56:13  [TX] S,315,18C,000,400,P1,4B
18:56:13  [SLOT] n=334 tx=23 ack=0 due=0 r=1
18:56:13  [AT] "AT+CIPSEND=24" (13)
18:56:13  [AT] " S,315,18C,000,400,P1,4B" (24)
18:56:13  [AT] "SEND OK" (7)
18:56:15  [TX] S,316,18C,000,402,P1,4A
18:56:15  [SLOT] n=335 tx=23 ack=0 due=0 r=1
18:56:15  [AT] "AT+CIPSEND=24" (13)
18:56:15  [AT] " S,316,18C,000,402,P1,4A" (24)
18:56:15  [AT] "SEND OK" (7)
18:56:16  [TX] S,317,18D,000,403,P1,4D
18:56:16  [SLOT] n=336 tx=23 ack=0 due=0 r=1
18:56:16  [AT] "AT+CIPSEND=24" (13)
18:56:16  [AT] " S,317,18D,000,403,P1,4D" (24)
18:56:16  [AT] "SEND OK" (7)
18:56:17  [TX] S,318,18D,000,404,P1,45
18:56:17  [SLOT] n=337 tx=23 ack=0 due=0 r=1
18:56:17  [AT] "AT+CIPSEND=24" (13)
18:56:17  [AT] " S,318,18D,000,404,P1,45" (24)
18:56:17  [AT] "SEND OK" (7)
18:56:18  [TX] S,319,18D,000,405,P1,45
18:56:18  [SLOT] n=338 tx=23 ack=0 due=0 r=1
18:56:18  [AT] "AT+CIPSEND=24" (13)
18:56:18  [AT] " S,319,18D,000,405,P1,45" (24)
18:56:18  [AT] "SEND OK" (7)
18:56:19  [TX] S,320,18D,000,406,P1,4C
18:56:19  [SLOT] n=339 tx=23 ack=0 due=0 r=1
18:56:19  [AT] "AT+CIPSEND=24" (13)
18:56:19  [AT] " S,320,18D,000,406,P1,4C" (24)
18:56:19  [AT] "SEND OK" (7)
18:56:21  [TX] S,321,18F,000,408,P1,41
18:56:21  [SLOT] n=340 tx=23 ack=0 due=0 r=1
18:56:21  [AT] "AT+CIPSEND=24" (13)
18:56:21  [AT] " S,321,18F,000,408,P1,41" (24)
18:56:21  [AT] "SEND OK" (7)
18:56:22  [TX] S,322,18F,000,409,P1,43
18:56:22  [SLOT] n=341 tx=23 ack=0 due=0 r=1
18:56:22  [AT] "AT+CIPSEND=24" (13)
18:56:22  [AT] " S,322,18F,000,409,P1,43" (24)
18:56:22  [AT] "SEND OK" (7)
18:56:23  [TX] S,323,18F,000,410,P1,4A
18:56:23  [SLOT] n=342 tx=23 ack=0 due=0 r=1
18:56:23  [AT] "AT+CIPSEND=24" (13)
18:56:23  [AT] " S,323,18F,000,410,P1,4A" (24)
18:56:23  [AT] "SEND OK" (7)
18:56:24  [TX] S,324,18E,000,411,P1,4F
18:56:24  [SLOT] n=343 tx=23 ack=0 due=0 r=1
18:56:24  [AT] "AT+CIPSEND=24" (13)
18:56:24  [AT] " S,324,18E,000,411,P1,4F" (24)
18:56:24  [AT] "SEND OK" (7)
18:56:25  [TX] S,325,18E,000,412,P1,4D
18:56:25  [SLOT] n=344 tx=23 ack=0 due=0 r=1
18:56:25  [AT] "AT+CIPSEND=24" (13)
18:56:25  [AT] " S,325,18E,000,412,P1,4D" (24)
18:56:25  [AT] "SEND OK" (7)
18:56:27  [TX] S,326,18E,000,414,P1,48
18:56:27  [SLOT] n=345 tx=23 ack=0 due=0 r=1
18:56:27  [AT] "AT+CIPSEND=24" (13)
18:56:27  [AT] " S,326,18E,000,414,P1,48" (24)
18:56:27  [AT] "SEND OK" (7)
18:56:28  [TX] S,327,18E,000,415,P1,48
18:56:28  [SLOT] n=346 tx=23 ack=0 due=0 r=1
18:56:28  [AT] "AT+CIPSEND=24" (13)
18:56:28  [AT] " S,327,18E,000,415,P1,48" (24)
18:56:28  [AT] "SEND OK" (7)
18:56:29  [TX] S,328,18E,000,416,P1,44
18:56:29  [SLOT] n=347 tx=23 ack=0 due=0 r=1
18:56:29  [AT] "AT+CIPSEND=24" (13)
18:56:29  [AT] " S,328,18E,000,416,P1,44" (24)
18:56:29  [AT] "SEND OK" (7)
18:56:30  [TX] S,329,18E,000,417,P1,44
18:56:30  [SLOT] n=348 tx=23 ack=0 due=0 r=1
18:56:30  [AT] "AT+CIPSEND=24" (13)
18:56:30  [AT] " S,329,18E,000,417,P1,44" (24)
18:56:30  [AT] "SEND OK" (7)
18:56:31  «tap» 살아있음 — 최근 60초 rx=7901B (이 줄이 끊기면 탭이 죽은 것이다)
18:56:31  [TX] S,330,18E,000,418,P1,43
18:56:31  [SLOT] n=349 tx=23 ack=0 due=0 r=1
18:56:31  [AT] "AT+CIPSEND=24" (13)
18:56:31  [AT] " S,330,18E,000,418,P1,43" (24)
18:56:31  [AT] "SEND OK" (7)
18:56:33  [TX] S,331,18D,000,420,P1,48
18:56:33  [SLOT] n=350 tx=23 ack=0 due=0 r=1
18:56:33  [CNT] up=420 drop=0 esprst=1 hwrst=0/0 resync=0 sendfail=0 okto=0 stuck=0 ackq=0 ackdrop=0 ackstale=0 slot=350 oow=7 smiss=2 ssovf=0 cksumng=0 okstream=331 penddrop=0 pendfill=332 bigfill=2 bigdrop=0 bigokst=2 oklost=0 bigoklost=0 skip=0 online=1
18:56:33  [RAM] 최저 여유 596 B · 프롬프트 재동기 0회 (서버의 '버린줄' 과 맞아야 한다)
18:56:33  [AT] " S,331,18D,000,420,P1,48" (24)
18:56:33  [AT] "SEND OK" (7)
18:56:33  [AT] "AT+CIPSEND=24" (13)
18:56:34  [TX] S,332,18D,000,421,P1,4A
18:56:34  [SLOT] n=351 tx=23 ack=0 due=0 r=1
18:56:34  [AT] "AT+CIPSEND=24" (13)
18:56:34  [AT] " S,332,18D,000,421,P1,4A" (24)
18:56:34  [AT] "SEND OK" (7)
18:56:35  [TX] S,333,18D,000,422,P1,48
18:56:35  [SLOT] n=352 tx=23 ack=0 due=0 r=1
18:56:35  [AT] "AT+CIPSEND=24" (13)
18:56:35  [AT] " S,333,18D,000,422,P1,48" (24)
18:56:35  [AT] "SEND OK" (7)
18:56:36  [TX] S,334,18D,000,423,P1,4E
18:56:36  [SLOT] n=353 tx=23 ack=0 due=0 r=1
18:56:36  [AT] "AT+CIPSEND=24" (13)
18:56:36  [AT] " S,334,18D,000,423,P1,4E" (24)
18:56:36  [AT] "SEND OK" (7)
18:56:37  [TX] S,335,18D,000,424,P1,48
18:56:37  [SLOT] n=354 tx=23 ack=0 due=0 r=1
18:56:37  [AT] "AT+CIPSEND=24" (13)
18:56:37  [AT] " S,335,18D,000,424,P1,48" (24)
18:56:37  [AT] "SEND OK" (7)
18:56:38  [TX] S,336,18D,000,426,P1,49
18:56:39  [SLOT] n=355 tx=23 ack=0 due=0 r=1
18:56:39  [AT] "AT+CIPSEND=24" (13)
18:56:39  [AT] " S,336,18D,000,426,P1,49" (24)
18:56:39  [AT] "SEND OK" (7)
18:56:40  [TX] S,337,18D,000,427,P1,49
18:56:40  [SLOT] n=356 tx=23 ack=0 due=0 r=1
18:56:40  [AT] "AT+CIPSEND=24" (13)
18:56:40  [AT] " S,337,18D,000,427,P1,49" (24)
18:56:40  [AT] "SEND OK" (7)
18:56:41  [TX] S,338,18C,000,428,P1,4E
18:56:41  [SLOT] n=357 tx=23 ack=0 due=0 r=1
18:56:41  [AT] "AT+CIPSEND=24" (13)
18:56:41  [AT] " S,338,18C,000,428,P1,4E" (24)
18:56:41  [AT] "SEND OK" (7)
18:56:42  [TX] S,339,18C,000,429,P1,4E
18:56:42  [SLOT] n=358 tx=23 ack=0 due=0 r=1
18:56:42  [AT] "AT+CIPSEND=24" (13)
18:56:42  [AT] " S,339,18C,000,429,P1,4E" (24)
18:56:42  [AT] "SEND OK" (7)
18:56:43  [TX] S,340,18C,000,430,P1,48
18:56:43  [SLOT] n=359 tx=23 ack=0 due=0 r=1
18:56:43  [AT] "AT+CIPSEND=24" (13)
18:56:43  [AT] " S,340,18C,000,430,P1,48" (24)
18:56:43  [AT] "SEND OK" (7)
18:56:44  [TX] S,341,18E,000,432,P1,4D
18:56:45  [SLOT] n=360 tx=23 ack=0 due=0 r=1
18:56:45  [AT] "AT+CIPSEND=24" (13)
18:56:45  [AT] " S,341,18E,000,432,P1,4D" (24)
18:56:45  [AT] "SEND OK" (7)
18:56:46  [TX] S,342,18E,000,433,P1,4F
18:56:46  [SLOT] n=361 tx=23 ack=0 due=0 r=1
18:56:46  [AT] "AT+CIPSEND=24" (13)
18:56:46  [AT] " S,342,18E,000,433,P1,4F" (24)
18:56:46  [AT] "SEND OK" (7)
18:56:47  [TX] S,343,18E,000,434,P1,49
18:56:47  [SLOT] n=362 tx=23 ack=0 due=0 r=1
18:56:47  [AT] "AT+CIPSEND=24" (13)
18:56:47  [AT] " S,343,18E,000,434,P1,49" (24)
18:56:47  [AT] "SEND OK" (7)
18:56:48  [TX] S,344,18E,000,435,P1,4F
18:56:48  [SLOT] n=363 tx=23 ack=0 due=0 r=1
18:56:48  [AT] "AT+CIPSEND=24" (13)
18:56:48  [AT] " S,344,18E,000,435,P1,4F" (24)
18:56:48  [AT] "SEND OK" (7)
18:56:49  [TX] S,345,18F,000,436,P1,4E
18:56:49  [SLOT] n=364 tx=23 ack=0 due=0 r=1
18:56:49  [AT] "AT+CIPSEND=24" (13)
18:56:49  [AT] " S,345,18F,000,436,P1,4E" (24)
18:56:49  [AT] "SEND OK" (7)
18:56:50  [TX] S,346,18F,000,438,P1,43
18:56:50  [SLOT] n=365 tx=23 ack=0 due=0 r=1
18:56:50  [AT] "AT+CIPSEND=24" (13)
18:56:51  [AT] " S,346,18F,000,438,P1,43" (24)
18:56:51  [AT] "SEND OK" (7)
18:56:52  [TX] S,347,18F,000,439,P1,43
18:56:52  [SLOT] n=366 tx=23 ack=0 due=0 r=1
18:56:52  [AT] "AT+CIPSEND=24" (13)
18:56:52  [AT] " S,347,18F,000,439,P1,43" (24)
18:56:52  [AT] "SEND OK" (7)
18:56:53  [TX] S,348,18F,000,440,P1,42
18:56:53  [SLOT] n=367 tx=23 ack=0 due=0 r=1
18:56:53  [AT] "AT+CIPSEND=24" (13)
18:56:53  [AT] " S,348,18F,000,440,P1,42" (24)
18:56:53  [AT] "SEND OK" (7)
18:56:54  [TX] S,349,18F,000,441,P1,42
18:56:54  [SLOT] n=368 tx=23 ack=0 due=0 r=1
18:56:54  [AT] "AT+CIPSEND=24" (13)
18:56:54  [AT] " S,349,18F,000,441,P1,42" (24)
18:56:54  [AT] "SEND OK" (7)
18:56:55  [TX] S,350,18F,000,442,P1,49
18:56:55  [SLOT] n=369 tx=23 ack=0 due=0 r=1
18:56:55  [AT] "AT+CIPSEND=24" (13)
18:56:55  [AT] " S,350,18F,000,442,P1,49" (24)
18:56:55  [AT] "SEND OK" (7)
18:56:56  [TX] S,351,18D,000,444,P1,4C
18:56:56  [SLOT] n=370 tx=23 ack=0 due=0 r=1
18:56:56  [AT] "AT+CIPSEND=24" (13)
18:56:56  [AT] " S,351,18D,000,444,P1,4C" (24)
18:56:56  [AT] "SEND OK" (7)
18:56:58  [TX] S,352,18C,000,445,P1,49
18:56:58  [SLOT] n=371 tx=23 ack=0 due=0 r=1
18:56:58  [AT] "AT+CIPSEND=24" (13)
18:56:58  [AT] " S,352,18C,000,445,P1,49" (24)
18:56:58  [AT] "SEND OK" (7)
18:56:59  [TX] S,353,18C,000,446,P1,4B
18:56:59  [SLOT] n=372 tx=23 ack=0 due=0 r=1
18:56:59  [AT] "AT+CIPSEND=24" (13)
18:56:59  [AT] " S,353,18C,000,446,P1,4B" (24)
18:56:59  [AT] "SEND OK" (7)
18:57:00  [TX] S,354,18C,000,447,P1,4D
18:57:00  [SLOT] n=373 tx=23 ack=0 due=0 r=1
18:57:00  [AT] "AT+CIPSEND=24" (13)
18:57:00  [AT] " S,354,18C,000,447,P1,4D" (24)
18:57:00  [AT] "SEND OK" (7)
18:57:01  [TX] S,355,18C,000,448,P1,43
18:57:01  [SLOT] n=374 tx=23 ack=0 due=0 r=1
18:57:01  [AT] "AT+CIPSEND=24" (13)
18:57:01  [AT] " S,355,18C,000,448,P1,43" (24)
18:57:01  [AT] "SEND OK" (7)
18:57:02  [TX] S,356,18C,000,450,P1,49
18:57:02  [SLOT] n=375 tx=23 ack=0 due=0 r=1
18:57:02  [AT] "AT+CIPSEND=24" (13)
18:57:03  [AT] " S,356,18C,000,450,P1,49" (24)
18:57:03  [AT] "SEND OK" (7)
18:57:04  [TX] S,357,18C,000,451,P1,49
18:57:04  [SLOT] n=376 tx=23 ack=0 due=0 r=1
18:57:04  [AT] "AT+CIPSEND=24" (13)
18:57:04  [AT] " S,357,18C,000,451,P1,49" (24)
18:57:04  [AT] "SEND OK" (7)
18:57:05  [TX] S,358,18C,000,452,P1,45
18:57:05  [SLOT] n=377 tx=23 ack=0 due=0 r=1
18:57:05  [AT] "AT+CIPSEND=24" (13)
18:57:06  [AT] " S,358,18C,000,452,P1,45" (24)
18:57:06  [AT] "SEND OK" (7)
18:57:06  [TX] S,359,18D,000,453,P1,42
18:57:06  [SLOT] n=378 tx=23 ack=0 due=0 r=1
18:57:06  [AT] "AT+CIPSEND=24" (13)
18:57:06  [AT] " S,359,18D,000,453,P1,42" (24)
18:57:06  [AT] "SEND OK" (7)
18:57:07  [TX] S,360,18D,000,454,P1,4F
18:57:07  [SLOT] n=379 tx=23 ack=0 due=0 r=1
18:57:07  [AT] "AT+CIPSEND=24" (13)
18:57:07  [AT] " S,360,18D,000,454,P1,4F" (24)
18:57:07  [AT] "SEND OK" (7)
18:57:08  [TX] S,361,18F,000,456,P1,4E
18:57:08  [SLOT] n=380 tx=23 ack=0 due=0 r=1
18:57:08  [AT] "AT+CIPSEND=24" (13)
18:57:09  [AT] " S,361,18F,000,456,P1,4E" (24)
18:57:09  [AT] "SEND OK" (7)
18:57:10  [TX] S,362,18F,000,457,P1,4C
18:57:10  [SLOT] n=381 tx=23 ack=0 due=0 r=1
18:57:10  [AT] "AT+CIPSEND=24" (13)
18:57:10  [AT] " S,362,18F,000,457,P1,4C" (24)
18:57:10  [AT] "SEND OK" (7)
18:57:11  [TX] S,363,18F,000,458,P1,42
18:57:11  [SLOT] n=382 tx=23 ack=0 due=0 r=1
18:57:11  [AT] "AT+CIPSEND=24" (13)
18:57:11  [AT] " S,363,18F,000,458,P1,42" (24)
18:57:11  [AT] "SEND OK" (7)
18:57:12  [TX] S,364,18F,000,459,P1,44
18:57:12  [SLOT] n=383 tx=23 ack=0 due=0 r=1
18:57:12  [AT] "AT+CIPSEND=24" (13)
18:57:12  [AT] " S,364,18F,000,459,P1,44" (24)
18:57:12  [AT] "SEND OK" (7)
18:57:13  [TX] S,365,18F,000,460,P1,4F
18:57:13  [SLOT] n=384 tx=23 ack=0 due=0 r=1
18:57:13  [AT] "AT+CIPSEND=24" (13)
18:57:13  [AT] " S,365,18F,000,460,P1,4F" (24)
18:57:13  [AT] "SEND OK" (7)
18:57:14  [TX] S,366,18E,000,462,P1,4D
18:57:14  [SLOT] n=385 tx=23 ack=0 due=0 r=1
18:57:14  [AT] "AT+CIPSEND=24" (13)
18:57:14  [AT] " S,366,18E,000,462,P1,4D" (24)
18:57:14  [AT] "SEND OK" (7)
18:57:16  [TX] S,367,18E,000,463,P1,4D
18:57:16  [SLOT] n=386 tx=23 ack=0 due=0 r=1
18:57:16  [AT] "AT+CIPSEND=24" (13)
18:57:16  [AT] " S,367,18E,000,463,P1,4D" (24)
18:57:16  [AT] "SEND OK" (7)
18:57:17  [TX] S,368,18E,000,464,P1,45
18:57:17  [SLOT] n=387 tx=23 ack=0 due=0 r=1
18:57:17  [AT] "AT+CIPSEND=24" (13)
18:57:17  [AT] " S,368,18E,000,464,P1,45" (24)
18:57:17  [AT] "SEND OK" (7)
18:57:19  [TX] S,369,18E,000,465,P1,45
18:57:19  [SLOT] n=388 tx=23 ack=0 due=0 r=1
18:57:19  [AT] "AT+CIPSEND=24" (13)
18:57:19  [AT] " S,369,18E,000,465,P1,45" (24)
18:57:19  [AT] "SEND OK" (7)
18:57:20  [TX] S,370,18E,000,466,P1,4E
18:57:20  [SLOT] n=389 tx=23 ack=0 due=0 r=1
18:57:20  [AT] "AT+CIPSEND=24" (13)
18:57:20  [AT] " S,370,18E,000,466,P1,4E" (24)
18:57:20  [AT] "SEND OK" (7)
18:57:21  [TX] S,371,18C,000,468,P1,47
18:57:21  [SLOT] n=390 tx=23 ack=0 due=0 r=1
18:57:21  [AT] "AT+CIPSEND=24" (13)
18:57:21  [AT] " S,371,18C,000,468,P1,47" (24)
18:57:21  [AT] "SEND OK" (7)
18:57:23  [TX] S,372,18C,000,469,P1,45
18:57:23  [SLOT] n=391 tx=23 ack=0 due=0 r=1
18:57:23  [AT] "AT+CIPSEND=24" (13)
18:57:23  [AT] " S,372,18C,000,469,P1,45" (24)
18:57:23  [AT] "SEND OK" (7)
18:57:24  [TX] S,373,18D,000,470,P1,4B
18:57:24  [SLOT] n=392 tx=23 ack=0 due=0 r=1
18:57:24  [AT] "AT+CIPSEND=24" (13)
18:57:24  [AT] " S,373,18D,000,470,P1,4B" (24)
18:57:24  [AT] "SEND OK" (7)
18:57:25  [TX] S,374,18D,000,471,P1,4D
18:57:25  [SLOT] n=393 tx=23 ack=0 due=0 r=1
18:57:25  [AT] "AT+CIPSEND=24" (13)
18:57:25  [AT] " S,374,18D,000,471,P1,4D" (24)
18:57:25  [AT] "SEND OK" (7)
18:57:26  [TX] S,375,18D,000,472,P1,4F
18:57:26  [SLOT] n=394 tx=23 ack=0 due=0 r=1
18:57:26  [AT] "AT+CIPSEND=24" (13)
18:57:26  [AT] " S,375,18D,000,472,P1,4F" (24)
18:57:26  [AT] "SEND OK" (7)
18:57:27  [TX] S,376,18D,000,474,P1,4A
18:57:27  [SLOT] n=395 tx=23 ack=0 due=0 r=1
18:57:27  [AT] "AT+CIPSEND=24" (13)
18:57:27  [AT] " S,376,18D,000,474,P1,4A" (24)
18:57:27  [AT] "SEND OK" (7)
18:57:29  [TX] S,377,18D,000,475,P1,4A
18:57:29  [SLOT] n=396 tx=23 ack=0 due=0 r=1
18:57:29  [AT] "AT+CIPSEND=24" (13)
18:57:29  [AT] " S,377,18D,000,475,P1,4A" (24)
18:57:29  [AT] "SEND OK" (7)
18:57:30  [TX] S,378,18D,000,476,P1,46
18:57:30  [SLOT] n=397 tx=23 ack=0 due=0 r=1
18:57:30  [AT] "AT+CIPSEND=24" (13)
18:57:30  [AT] " S,378,18D,000,476,P1,46" (24)
18:57:30  [AT] "SEND OK" (7)
18:57:31  [TX] S,379,18D,000,477,P1,46
18:57:31  [SLOT] n=398 tx=23 ack=0 due=0 r=1
18:57:31  [AT] "AT+CIPSEND=24" (13)
18:57:31  [AT] " S,379,18D,000,477,P1,46" (24)
18:57:31  [AT] "SEND OK" (7)
18:57:32  «tap» 살아있음 — 최근 60초 rx=7901B (이 줄이 끊기면 탭이 죽은 것이다)
18:57:32  [TX] S,380,18C,000,478,P1,48
18:57:32  [SLOT] n=399 tx=23 ack=0 due=0 r=1
18:57:32  [AT] "AT+CIPSEND=24" (13)
18:57:32  [AT] " S,380,18C,000,478,P1,48" (24)
18:57:32  [AT] "SEND OK" (7)
18:57:33  [TX] S,381,18E,000,480,P1,48
18:57:33  [SLOT] n=400 tx=23 ack=0 due=0 r=1
18:57:33  [CNT] up=480 drop=0 esprst=1 hwrst=0/0 resync=0 sendfail=0 okto=0 stuck=0 ackq=0 ackdrop=0 ackstale=0 slot=400 oow=7 smiss=2 ssovf=0 cksumng=0 okstream=381 penddrop=0 pendfill=382 bigfill=2 bigdrop=0 bigokst=2 oklost=0 bigoklost=0 skip=0 online=1
18:57:33  [RAM] 최저 여유 596 B · 프롬프트 재동기 0회 (서버의 '버린줄' 과 맞아야 한다)
18:57:33  [AT] " S,381,18E,000,480,P1,48" (24)
18:57:33  [AT] "SEND OK" (7)
18:57:33  [AT] "AT+CIPSEND=24" (13)
18:57:35  [TX] S,382,18E,000,481,P1,4A
18:57:35  [SLOT] n=401 tx=23 ack=0 due=0 r=1
18:57:35  [AT] "AT+CIPSEND=24" (13)
18:57:35  [AT] " S,382,18E,000,481,P1,4A" (24)
18:57:35  [AT] "SEND OK" (7)
18:57:36  [TX] S,383,18E,000,482,P1,48
18:57:36  [SLOT] n=402 tx=23 ack=0 due=0 r=1
18:57:36  [AT] "AT+CIPSEND=24" (13)
18:57:36  [AT] " S,383,18E,000,482,P1,48" (24)
18:57:36  [AT] "SEND OK" (7)
18:57:37  [TX] S,384,18E,000,483,P1,4E
18:57:37  [SLOT] n=403 tx=23 ack=0 due=0 r=1
18:57:37  [AT] "AT+CIPSEND=24" (13)
18:57:37  [AT] " S,384,18E,000,483,P1,4E" (24)
18:57:37  [AT] "SEND OK" (7)
18:57:38  [TX] S,385,18E,000,484,P1,48
18:57:38  [SLOT] n=404 tx=23 ack=0 due=0 r=1
18:57:38  [AT] "AT+CIPSEND=24" (13)
18:57:38  [AT] " S,385,18E,000,484,P1,48" (24)
18:57:38  [AT] "SEND OK" (7)
18:57:39  [TX] S,386,18E,000,486,P1,49
18:57:39  [SLOT] n=405 tx=23 ack=0 due=0 r=1
18:57:39  [AT] "AT+CIPSEND=24" (13)
18:57:39  [AT] " S,386,18E,000,486,P1,49" (24)
18:57:39  [AT] "SEND OK" (7)
18:57:41  [TX] S,387,18F,000,487,P1,4A
18:57:41  [SLOT] n=406 tx=23 ack=0 due=0 r=1
18:57:41  [AT] "AT+CIPSEND=24" (13)
18:57:41  [AT] " S,387,18F,000,487,P1,4A" (24)
18:57:41  [AT] "SEND OK" (7)
18:57:42  [TX] S,388,18F,000,488,P1,4A
18:57:42  [SLOT] n=407 tx=23 ack=0 due=0 r=1
18:57:42  [AT] "AT+CIPSEND=24" (13)
18:57:42  [AT] " S,388,18F,000,488,P1,4A" (24)
18:57:42  [AT] "SEND OK" (7)
18:57:43  [TX] S,389,18F,000,489,P1,4A
18:57:43  [SLOT] n=408 tx=23 ack=0 due=0 r=1
18:57:43  [AT] "AT+CIPSEND=24" (13)
18:57:43  [AT] " S,389,18F,000,489,P1,4A" (24)
18:57:43  [AT] "SEND OK" (7)
18:57:44  [TX] S,390,18F,000,490,P1,4A
18:57:44  [SLOT] n=409 tx=23 ack=0 due=0 r=1
18:57:44  [AT] "AT+CIPSEND=24" (13)
18:57:44  [AT] " S,390,18F,000,490,P1,4A" (24)
18:57:44  [AT] "SEND OK" (7)
18:57:45  [TX] S,391,18D,000,492,P1,4B
18:57:45  [SLOT] n=410 tx=23 ack=0 due=0 r=1
18:57:45  [AT] "AT+CIPSEND=24" (13)
18:57:45  [AT] " S,391,18D,000,492,P1,4B" (24)
18:57:45  [AT] "SEND OK" (7)
18:57:47  [TX] S,392,18D,000,493,P1,49
18:57:47  [SLOT] n=411 tx=23 ack=0 due=0 r=1
18:57:47  [AT] "AT+CIPSEND=24" (13)
18:57:47  [AT] " S,392,18D,000,493,P1,49" (24)
18:57:47  [AT] "SEND OK" (7)
18:57:48  [TX] S,393,18D,000,494,P1,4F
18:57:48  [SLOT] n=412 tx=23 ack=0 due=0 r=1
18:57:48  [AT] "AT+CIPSEND=24" (13)
18:57:48  [AT] " S,393,18D,000,494,P1,4F" (24)
18:57:48  [AT] "SEND OK" (7)
18:57:49  [TX] S,394,18C,000,495,P1,4E
18:57:49  [SLOT] n=413 tx=23 ack=0 due=0 r=1
18:57:49  [AT] "AT+CIPSEND=24" (13)
18:57:49  [AT] " S,394,18C,000,495,P1,4E" (24)
18:57:49  [AT] "SEND OK" (7)
18:57:50  [TX] S,395,18C,000,496,P1,4C
18:57:50  [SLOT] n=414 tx=23 ack=0 due=0 r=1
18:57:50  [AT] "AT+CIPSEND=24" (13)
18:57:50  [AT] " S,395,18C,000,496,P1,4C" (24)
18:57:50  [AT] "SEND OK" (7)
18:57:51  [TX] S,396,18C,000,498,P1,41
18:57:51  [SLOT] n=415 tx=23 ack=0 due=0 r=1
18:57:51  [AT] "AT+CIPSEND=24" (13)
18:57:51  [AT] " S,396,18C,000,498,P1,41" (24)
18:57:51  [AT] "SEND OK" (7)
18:57:53  [TX] S,397,18C,000,499,P1,41
18:57:53  [SLOT] n=416 tx=23 ack=0 due=0 r=1
18:57:53  [AT] "AT+CIPSEND=24" (13)
18:57:54  [TX-WAIT] 앞 전송의 SEND OK 를 아직 못 봤다 — 이번 주기는 건너뛴다
18:57:54  [SLOT] n=417 tx=23 ack=0 due=0 r=0
18:57:54  [AT] " S,397,18C,000,499,P1,41" (24)
18:57:54  [AT] "SEND OK" (7)
18:57:55  [TX] S,398,18C,000,501,P1,4E
18:57:55  [SLOT] n=418 tx=23 ack=0 due=0 r=1
18:57:55  [AT] "AT+CIPSEND=24" (13)
18:57:55  [AT] " S,398,18C,000,501,P1,4E" (24)
18:57:55  [AT] "SEND OK" (7)
18:57:56  [TX] S,399,18C,000,502,P1,4C
18:57:56  [SLOT] n=419 tx=23 ack=0 due=0 r=1
18:57:56  [AT] "AT+CIPSEND=24" (13)
18:57:56  [AT] " S,399,18C,000,502,P1,4C" (24)
18:57:56  [AT] "SEND OK" (7)
18:57:57  [TX] S,400,18F,000,504,P1,48
18:57:57  [SLOT] n=420 tx=23 ack=0 due=0 r=1
18:57:57  [AT] "AT+CIPSEND=24" (13)
18:57:58  [AT] " S,400,18F,000,504,P1,48" (24)
18:57:58  [AT] "SEND OK" (7)
18:57:59  [TX] S,401,18F,000,505,P1,48
18:57:59  [SLOT] n=421 tx=23 ack=0 due=0 r=1
18:57:59  [AT] "AT+CIPSEND=24" (13)
18:57:59  [AT] " S,401,18F,000,505,P1,48" (24)
18:57:59  [AT] "SEND OK" (7)
18:58:00  [TX] S,402,18F,000,506,P1,48
18:58:00  [SLOT] n=422 tx=23 ack=0 due=0 r=1
18:58:00  [AT] "AT+CIPSEND=24" (13)
18:58:00  [AT] " S,402,18F,000,506,P1,48" (24)
18:58:00  [AT] "SEND OK" (7)
18:58:01  [TX] S,403,18F,000,507,P1,48
18:58:01  [SLOT] n=423 tx=23 ack=0 due=0 r=1
18:58:01  [AT] "AT+CIPSEND=24" (13)
18:58:01  [AT] " S,403,18F,000,507,P1,48" (24)
18:58:01  [AT] "SEND OK" (7)
18:58:02  [TX] S,404,18F,000,508,P1,40
18:58:02  [SLOT] n=424 tx=23 ack=0 due=0 r=1
18:58:02  [AT] "AT+CIPSEND=24" (13)
18:58:02  [AT] " S,404,18F,000,508,P1,40" (24)
18:58:02  [AT] "SEND OK" (7)
18:58:03  [TX] S,405,18F,000,510,P1,48
18:58:03  [SLOT] n=425 tx=23 ack=0 due=0 r=1
18:58:03  [AT] "AT+CIPSEND=24" (13)
18:58:03  [AT] " S,405,18F,000,510,P1,48" (24)
18:58:03  [AT] "SEND OK" (7)
18:58:05  [TX] S,406,18F,000,511,P1,4A
18:58:05  [SLOT] n=426 tx=23 ack=0 due=0 r=1
18:58:05  [AT] "AT+CIPSEND=24" (13)
18:58:05  [AT] " S,406,18F,000,511,P1,4A" (24)
18:58:05  [AT] "SEND OK" (7)
18:58:06  [TX] S,407,18E,000,512,P1,4B
18:58:06  [SLOT] n=427 tx=23 ack=0 due=0 r=1
18:58:06  [AT] "AT+CIPSEND=24" (13)
18:58:06  [AT] " S,407,18E,000,512,P1,4B" (24)
18:58:06  [AT] "SEND OK" (7)
18:58:07  [TX] S,408,18E,000,513,P1,45
18:58:07  [SLOT] n=428 tx=23 ack=0 due=0 r=1
18:58:07  [AT] "AT+CIPSEND=24" (13)
18:58:07  [AT] " S,408,18E,000,513,P1,45" (24)
18:58:07  [AT] "SEND OK" (7)
18:58:08  [TX] S,409,18E,000,514,P1,43
18:58:08  [SLOT] n=429 tx=23 ack=0 due=0 r=1
18:58:08  [AT] "AT+CIPSEND=24" (13)
18:58:08  [AT] " S,409,18E,000,514,P1,43" (24)
18:58:08  [AT] "SEND OK" (7)
18:58:09  [TX] S,410,18C,000,516,P1,4F
18:58:09  [SLOT] n=430 tx=23 ack=0 due=0 r=1
18:58:09  [AT] "AT+CIPSEND=24" (13)
18:58:09  [AT] " S,410,18C,000,516,P1,4F" (24)
18:58:09  [AT] "SEND OK" (7)
18:58:11  [TX] S,411,18C,000,517,P1,4F
18:58:11  [SLOT] n=431 tx=23 ack=0 due=0 r=1
18:58:11  [AT] "AT+CIPSEND=24" (13)
18:58:11  [AT] " S,411,18C,000,517,P1,4F" (24)
18:58:11  [AT] "SEND OK" (7)
18:58:12  [TX] S,412,18C,000,518,P1,43
18:58:12  [SLOT] n=432 tx=23 ack=0 due=0 r=1
18:58:12  [AT] "AT+CIPSEND=24" (13)
18:58:12  [AT] " S,412,18C,000,518,P1,43" (24)
18:58:12  [AT] "SEND OK" (7)
18:58:13  [TX] S,413,18C,000,519,P1,43
18:58:13  [SLOT] n=433 tx=23 ack=0 due=0 r=1
18:58:13  [AT] "AT+CIPSEND=24" (13)
18:58:13  [AT] " S,413,18C,000,519,P1,43" (24)
18:58:13  [AT] "SEND OK" (7)
18:58:14  [TX] S,414,18D,000,520,P1,49
18:58:14  [SLOT] n=434 tx=23 ack=0 due=0 r=1
18:58:14  [AT] "AT+CIPSEND=24" (13)
18:58:14  [AT] " S,414,18D,000,520,P1,49" (24)
18:58:14  [AT] "SEND OK" (7)
18:58:15  [TX] S,415,18D,000,522,P1,4A
18:58:15  [SLOT] n=435 tx=23 ack=0 due=0 r=1
18:58:15  [AT] "AT+CIPSEND=24" (13)
18:58:15  [AT] " S,415,18D,000,522,P1,4A" (24)
18:58:15  [AT] "SEND OK" (7)
18:58:17  [TX] S,416,18D,000,523,P1,48
18:58:17  [SLOT] n=436 tx=23 ack=0 due=0 r=1
18:58:17  [AT] "AT+CIPSEND=24" (13)
18:58:17  [AT] " S,416,18D,000,523,P1,48" (24)
18:58:17  [AT] "SEND OK" (7)
18:58:18  [TX] S,417,18D,000,524,P1,4E
18:58:18  [SLOT] n=437 tx=23 ack=0 due=0 r=1
18:58:18  [AT] "AT+CIPSEND=24" (13)
18:58:18  [AT] " S,417,18D,000,524,P1,4E" (24)
18:58:18  [AT] "SEND OK" (7)
18:58:19  [TX] S,418,18D,000,525,P1,40
18:58:19  [SLOT] n=438 tx=23 ack=0 due=0 r=1
18:58:19  [AT] "AT+CIPSEND=24" (13)
18:58:19  [AT] " S,418,18D,000,525,P1,40" (24)
18:58:19  [AT] "SEND OK" (7)
18:58:20  [TX] S,419,18D,000,526,P1,42
18:58:20  [SLOT] n=439 tx=23 ack=0 due=0 r=1
18:58:20  [AT] "AT+CIPSEND=24" (13)
18:58:20  [AT] " S,419,18D,000,526,P1,42" (24)
18:58:20  [AT] "SEND OK" (7)
18:58:21  [TX] S,420,18F,000,528,P1,44
18:58:21  [SLOT] n=440 tx=23 ack=0 due=0 r=1
18:58:21  [AT] "AT+CIPSEND=24" (13)
18:58:21  [AT] " S,420,18F,000,528,P1,44" (24)
18:58:21  [AT] "SEND OK" (7)
18:58:23  [TX] S,421,18E,000,529,P1,47
18:58:23  [SLOT] n=441 tx=23 ack=0 due=0 r=1
18:58:23  [AT] "AT+CIPSEND=24" (13)
18:58:23  [AT] " S,421,18E,000,529,P1,47" (24)
18:58:23  [AT] "SEND OK" (7)
18:58:24  [TX] S,422,18E,000,530,P1,4C
18:58:24  [SLOT] n=442 tx=23 ack=0 due=0 r=1
18:58:24  [AT] "AT+CIPSEND=24" (13)
18:58:24  [AT] " S,422,18E,000,530,P1,4C" (24)
18:58:24  [AT] "SEND OK" (7)
18:58:25  [TX] S,423,18E,000,531,P1,4C
18:58:25  [SLOT] n=443 tx=23 ack=0 due=0 r=1
18:58:25  [AT] "AT+CIPSEND=24" (13)
18:58:25  [AT] " S,423,18E,000,531,P1,4C" (24)
18:58:25  [AT] "SEND OK" (7)
18:58:26  [TX] S,424,18E,000,532,P1,48
18:58:26  [SLOT] n=444 tx=23 ack=0 due=0 r=1
18:58:26  [AT] "AT+CIPSEND=24" (13)
18:58:26  [AT] " S,424,18E,000,532,P1,48" (24)
18:58:26  [AT] "SEND OK" (7)
18:58:27  [TX] S,425,18E,000,534,P1,4F
18:58:27  [SLOT] n=445 tx=23 ack=0 due=0 r=1
18:58:27  [AT] "AT+CIPSEND=24" (13)
18:58:27  [AT] " S,425,18E,000,534,P1,4F" (24)
18:58:27  [AT] "SEND OK" (7)
18:58:29  [TX] S,426,18E,000,535,P1,4D
18:58:29  [SLOT] n=446 tx=23 ack=0 due=0 r=1
18:58:29  [AT] "AT+CIPSEND=24" (13)
18:58:29  [AT] " S,426,18E,000,535,P1,4D" (24)
18:58:29  [AT] "SEND OK" (7)
18:58:30  [TX] S,427,18E,000,536,P1,4F
18:58:30  [SLOT] n=447 tx=23 ack=0 due=0 r=1
18:58:30  [AT] "AT+CIPSEND=24" (13)
18:58:30  [AT] " S,427,18E,000,536,P1,4F" (24)
18:58:30  [AT] "SEND OK" (7)
18:58:31  [TX] S,428,18F,000,537,P1,42
18:58:31  [SLOT] n=448 tx=23 ack=0 due=0 r=1
18:58:31  [AT] "AT+CIPSEND=24" (13)
18:58:31  [AT] " S,428,18F,000,537,P1,42" (24)
18:58:31  [AT] "SEND OK" (7)
18:58:32  «tap» 살아있음 — 최근 60초 rx=7875B (이 줄이 끊기면 탭이 죽은 것이다)
18:58:32  [TX] S,429,18F,000,538,P1,4C
18:58:32  [SLOT] n=449 tx=23 ack=0 due=0 r=1
18:58:32  [AT] "AT+CIPSEND=24" (13)
18:58:32  [AT] " S,429,18F,000,538,P1,4C" (24)
18:58:32  [AT] "SEND OK" (7)
18:58:33  [TX] S,430,18D,000,540,P1,49
18:58:33  [SLOT] n=450 tx=23 ack=0 due=0 r=1
18:58:33  [CNT] up=540 drop=0 esprst=1 hwrst=0/0 resync=0 sendfail=0 okto=0 stuck=0 ackq=0 ackdrop=0 ackstale=0 slot=450 oow=7 smiss=2 ssovf=0 cksumng=0 okstream=430 penddrop=0 pendfill=431 bigfill=2 bigdrop=0 bigokst=2 oklost=0 bigoklost=0 skip=1 online=1
18:58:33  [RAM] 최저 여유 596 B · 프롬프트 재동기 0회 (서버의 '버린줄' 과 맞아야 한다)
18:58:33  [AT] "AT+CIPSEND=24" (13)
18:58:34  [AT] " S,430,18D,000,540,P1,49" (24)
18:58:34  [AT] "SEND OK" (7)
18:58:35  [TX] S,431,18D,000,541,P1,49
18:58:35  [SLOT] n=451 tx=23 ack=0 due=0 r=1
18:58:35  [AT] "AT+CIPSEND=24" (13)
18:58:35  [AT] " S,431,18D,000,541,P1,49" (24)
18:58:35  [AT] "SEND OK" (7)
18:58:36  [TX] S,432,18D,000,542,P1,49
18:58:36  [SLOT] n=452 tx=23 ack=0 due=0 r=1
18:58:36  [AT] "AT+CIPSEND=24" (13)
18:58:36  [AT] " S,432,18D,000,542,P1,49" (24)
18:58:36  [AT] "SEND OK" (7)
18:58:37  [TX] S,433,18D,000,543,P1,49
18:58:37  [SLOT] n=453 tx=23 ack=0 due=0 r=1
18:58:37  [AT] "AT+CIPSEND=24" (13)
18:58:37  [AT] " S,433,18D,000,543,P1,49" (24)
18:58:37  [AT] "SEND OK" (7)
18:58:38  [TX] S,434,18D,000,544,P1,49
18:58:38  [SLOT] n=454 tx=23 ack=0 due=0 r=1
18:58:38  [AT] "AT+CIPSEND=24" (13)
18:58:38  [AT] " S,434,18D,000,544,P1,49" (24)
18:58:38  [AT] "SEND OK" (7)
18:58:39  [TX] S,435,18C,000,546,P1,4D
18:58:39  [SLOT] n=455 tx=23 ack=0 due=0 r=1
18:58:39  [AT] "AT+CIPSEND=24" (13)
18:58:39  [AT] " S,435,18C,000,546,P1,4D" (24)
18:58:39  [AT] "SEND OK" (7)
18:58:41  [TX] S,436,18C,000,547,P1,4F
18:58:41  [SLOT] n=456 tx=23 ack=0 due=0 r=1
18:58:41  [AT] "AT+CIPSEND=24" (13)
18:58:41  [AT] " S,436,18C,000,547,P1,4F" (24)
18:58:41  [AT] "SEND OK" (7)
18:58:42  [TX] S,437,18C,000,548,P1,41
18:58:42  [SLOT] n=457 tx=23 ack=0 due=0 r=1
18:58:42  [AT] "AT+CIPSEND=24" (13)
18:58:42  [AT] " S,437,18C,000,548,P1,41" (24)
18:58:42  [AT] "SEND OK" (7)
18:58:43  [TX] S,438,18C,000,549,P1,4F
18:58:43  [SLOT] n=458 tx=23 ack=0 due=0 r=1
18:58:43  [AT] "AT+CIPSEND=24" (13)
18:58:43  [AT] " S,438,18C,000,549,P1,4F" (24)
18:58:43  [AT] "SEND OK" (7)
18:58:44  [TX] S,439,18C,000,550,P1,46
18:58:44  [SLOT] n=459 tx=23 ack=0 due=0 r=1
18:58:44  [AT] "AT+CIPSEND=24" (13)
18:58:44  [AT] " S,439,18C,000,550,P1,46" (24)
18:58:44  [AT] "SEND OK" (7)
18:58:45  [TX] S,440,18E,000,552,P1,4C
18:58:45  [SLOT] n=460 tx=23 ack=0 due=0 r=1
18:58:45  [AT] "AT+CIPSEND=24" (13)
18:58:45  [AT] " S,440,18E,000,552,P1,4C" (24)
18:58:45  [AT] "SEND OK" (7)
18:58:47  [TX] S,441,18E,000,553,P1,4C
18:58:47  [SLOT] n=461 tx=23 ack=0 due=0 r=1
18:58:47  [AT] "AT+CIPSEND=24" (13)
18:58:47  [AT] " S,441,18E,000,553,P1,4C" (24)
18:58:47  [AT] "SEND OK" (7)
18:58:48  [TX] S,442,18F,000,554,P1,4B
18:58:48  [SLOT] n=462 tx=23 ack=0 due=0 r=1
18:58:48  [AT] "AT+CIPSEND=24" (13)
18:58:48  [AT] " S,442,18F,000,554,P1,4B" (24)
18:58:48  [AT] "SEND OK" (7)
18:58:49  [TX] S,443,18F,000,555,P1,4B
18:58:49  [SLOT] n=463 tx=23 ack=0 due=0 r=1
18:58:49  [AT] "AT+CIPSEND=24" (13)
18:58:49  [AT] " S,443,18F,000,555,P1,4B" (24)
18:58:49  [AT] "SEND OK" (7)
18:58:50  [TX] S,444,18F,000,556,P1,4F
18:58:50  [SLOT] n=464 tx=23 ack=0 due=0 r=1
18:58:50  [AT] "AT+CIPSEND=24" (13)
18:58:50  [AT] " S,444,18F,000,556,P1,4F" (24)
18:58:50  [AT] "SEND OK" (7)
18:58:51  [TX] S,445,18F,000,558,P1,40
18:58:51  [SLOT] n=465 tx=23 ack=0 due=0 r=1
18:58:51  [AT] "AT+CIPSEND=24" (13)
18:58:51  [AT] " S,445,18F,000,558,P1,40" (24)
18:58:51  [AT] "SEND OK" (7)
18:58:53  [TX] S,446,18F,000,559,P1,42
18:58:53  [SLOT] n=466 tx=23 ack=0 due=0 r=1
18:58:53  [AT] "AT+CIPSEND=24" (13)
18:58:53  [AT] " S,446,18F,000,559,P1,42" (24)
18:58:53  [AT] "SEND OK" (7)
18:58:54  [TX] S,447,18F,000,560,P1,49
18:58:54  [SLOT] n=467 tx=23 ack=0 due=0 r=1
18:58:54  [AT] "AT+CIPSEND=24" (13)
18:58:54  [AT] " S,447,18F,000,560,P1,49" (24)
18:58:54  [AT] "SEND OK" (7)
18:58:55  [TX] S,448,18F,000,561,P1,47
18:58:55  [SLOT] n=468 tx=23 ack=0 due=0 r=1
18:58:55  [AT] "AT+CIPSEND=24" (13)
18:58:55  [AT] " S,448,18F,000,561,P1,47" (24)
18:58:55  [AT] "SEND OK" (7)
18:58:56  [TX] S,449,18E,000,562,P1,46
18:58:56  [SLOT] n=469 tx=23 ack=0 due=0 r=1
18:58:56  [AT] "AT+CIPSEND=24" (13)
18:58:56  [AT] " S,449,18E,000,562,P1,46" (24)
18:58:56  [AT] "SEND OK" (7)
18:58:57  [TX] S,450,18C,000,564,P1,4E
18:58:57  [SLOT] n=470 tx=23 ack=0 due=0 r=1
18:58:57  [AT] "AT+CIPSEND=24" (13)
18:58:57  [AT] " S,450,18C,000,564,P1,4E" (24)
18:58:57  [AT] "SEND OK" (7)
18:58:58  [TX] S,451,18C,000,565,P1,4E
18:58:59  [SLOT] n=471 tx=23 ack=0 due=0 r=1
18:58:59  [AT] "AT+CIPSEND=24" (13)
18:58:59  [AT] " S,451,18C,000,565,P1,4E" (24)
18:58:59  [AT] "SEND OK" (7)
18:59:00  [TX] S,452,18C,000,566,P1,4E
18:59:00  [SLOT] n=472 tx=23 ack=0 due=0 r=1
18:59:00  [AT] "AT+CIPSEND=24" (13)
18:59:00  [AT] " S,452,18C,000,566,P1,4E" (24)
18:59:00  [AT] "SEND OK" (7)
18:59:01  [TX] S,453,18C,000,567,P1,4E
18:59:01  [SLOT] n=473 tx=23 ack=0 due=0 r=1
18:59:01  [AT] "AT+CIPSEND=24" (13)
18:59:01  [AT] " S,453,18C,000,567,P1,4E" (24)
18:59:01  [AT] "SEND OK" (7)
18:59:02  [TX] S,454,18C,000,568,P1,46
18:59:02  [SLOT] n=474 tx=23 ack=0 due=0 r=1
18:59:02  [AT] "AT+CIPSEND=24" (13)
18:59:02  [AT] " S,454,18C,000,568,P1,46" (24)
18:59:02  [AT] "SEND OK" (7)
18:59:03  [TX] S,455,18C,000,570,P1,4E
18:59:03  [SLOT] n=475 tx=23 ack=0 due=0 r=1
18:59:03  [AT] "AT+CIPSEND=24" (13)
18:59:03  [AT] " S,455,18C,000,570,P1,4E" (24)
18:59:03  [AT] "SEND OK" (7)
18:59:04  [TX] S,456,18D,000,571,P1,4B
18:59:04  [SLOT] n=476 tx=23 ack=0 due=0 r=1
18:59:04  [AT] "AT+CIPSEND=24" (13)
18:59:05  [AT] " S,456,18D,000,571,P1,4B" (24)
18:59:05  [AT] "SEND OK" (7)
18:59:06  [TX] S,457,18D,000,572,P1,49
18:59:06  [SLOT] n=477 tx=23 ack=0 due=0 r=1
18:59:06  [AT] "AT+CIPSEND=24" (13)
18:59:06  [AT] " S,457,18D,000,572,P1,49" (24)
18:59:06  [AT] "SEND OK" (7)
18:59:07  [TX] S,458,18D,000,573,P1,47
18:59:07  [SLOT] n=478 tx=23 ack=0 due=0 r=1
18:59:07  [AT] "AT+CIPSEND=24" (13)
18:59:07  [AT] " S,458,18D,000,573,P1,47" (24)
18:59:07  [AT] "SEND OK" (7)
18:59:08  [TX] S,459,18D,000,574,P1,41
18:59:08  [SLOT] n=479 tx=23 ack=0 due=0 r=1
18:59:08  [AT] "AT+CIPSEND=24" (13)
18:59:08  [AT] " S,459,18D,000,574,P1,41" (24)
18:59:08  [AT] "SEND OK" (7)
18:59:09  [TX] S,460,18F,000,576,P1,4B
18:59:09  [SLOT] n=480 tx=23 ack=0 due=0 r=1
18:59:09  [AT] "AT+CIPSEND=24" (13)
18:59:09  [AT] " S,460,18F,000,576,P1,4B" (24)
18:59:09  [AT] "SEND OK" (7)
18:59:10  [TX] S,461,18F,000,577,P1,4B
18:59:10  [SLOT] n=481 tx=23 ack=0 due=0 r=1
18:59:10  [AT] "AT+CIPSEND=24" (13)
18:59:11  [AT] " S,461,18F,000,577,P1,4B" (24)
18:59:11  [AT] "SEND OK" (7)
18:59:12  [TX] S,462,18F,000,578,P1,47
18:59:12  [SLOT] n=482 tx=23 ack=0 due=0 r=1
18:59:12  [AT] "AT+CIPSEND=24" (13)
18:59:12  [AT] " S,462,18F,000,578,P1,47" (24)
18:59:12  [AT] "SEND OK" (7)
18:59:13  [TX] S,463,18E,000,579,P1,44
18:59:13  [SLOT] n=483 tx=23 ack=0 due=0 r=1
18:59:13  [AT] "AT+CIPSEND=24" (13)
18:59:13  [AT] " S,463,18E,000,579,P1,44" (24)
18:59:13  [AT] "SEND OK" (7)
18:59:14  [TX] S,464,18E,000,580,P1,45
18:59:14  [SLOT] n=484 tx=23 ack=0 due=0 r=1
18:59:14  [AT] "AT+CIPSEND=24" (13)
18:59:14  [AT] " S,464,18E,000,580,P1,45" (24)
18:59:14  [AT] "SEND OK" (7)
18:59:15  [TX] S,465,18E,000,582,P1,46
18:59:15  [SLOT] n=485 tx=23 ack=0 due=0 r=1
18:59:15  [AT] "AT+CIPSEND=24" (13)
18:59:15  [AT] " S,465,18E,000,582,P1,46" (24)
18:59:15  [AT] "SEND OK" (7)
18:59:16  [TX] S,466,18E,000,583,P1,44
18:59:16  [SLOT] n=486 tx=23 ack=0 due=0 r=1
18:59:16  [AT] "AT+CIPSEND=24" (13)
18:59:16  [AT] " S,466,18E,000,583,P1,44" (24)
18:59:16  [AT] "SEND OK" (7)
18:59:18  [TX] S,467,18E,000,584,P1,42
18:59:18  [SLOT] n=487 tx=23 ack=0 due=0 r=1
18:59:18  [AT] "AT+CIPSEND=24" (13)
18:59:18  [AT] " S,467,18E,000,584,P1,42" (24)
18:59:18  [AT] "SEND OK" (7)
18:59:19  [TX] S,468,18E,000,585,P1,4C
18:59:19  [SLOT] n=488 tx=23 ack=0 due=0 r=1
18:59:19  [AT] "AT+CIPSEND=24" (13)
18:59:19  [AT] " S,468,18E,000,585,P1,4C" (24)
18:59:19  [AT] "SEND OK" (7)
18:59:20  [TX] S,469,18E,000,586,P1,4E
18:59:20  [SLOT] n=489 tx=23 ack=0 due=0 r=1
18:59:20  [AT] "AT+CIPSEND=24" (13)
18:59:20  [AT] " S,469,18E,000,586,P1,4E" (24)
18:59:20  [AT] "SEND OK" (7)
18:59:21  [TX] S,470,18D,000,588,P1,49
18:59:21  [SLOT] n=490 tx=23 ack=0 due=0 r=1
18:59:21  [AT] "AT+CIPSEND=24" (13)
18:59:21  [AT] " S,470,18D,000,588,P1,49" (24)
18:59:21  [AT] "SEND OK" (7)
18:59:22  [TX] S,471,18D,000,589,P1,49
18:59:22  [SLOT] n=491 tx=23 ack=0 due=0 r=1
18:59:22  [AT] "AT+CIPSEND=24" (13)
18:59:23  [AT] " S,471,18D,000,589,P1,49" (24)
18:59:23  [AT] "SEND OK" (7)
18:59:24  [TX] S,472,18D,000,590,P1,42
18:59:24  [SLOT] n=492 tx=23 ack=0 due=0 r=1
18:59:24  [AT] "AT+CIPSEND=24" (13)
18:59:24  [AT] " S,472,18D,000,590,P1,42" (24)
18:59:24  [AT] "SEND OK" (7)
18:59:25  [TX] S,473,18D,000,591,P1,42
18:59:25  [SLOT] n=493 tx=23 ack=0 due=0 r=1
18:59:25  [AT] "AT+CIPSEND=24" (13)
18:59:25  [AT] " S,473,18D,000,591,P1,42" (24)
18:59:25  [AT] "SEND OK" (7)
18:59:26  [TX] S,474,18D,000,592,P1,46
18:59:26  [SLOT] n=494 tx=23 ack=0 due=0 r=1
18:59:26  [AT] "AT+CIPSEND=24" (13)
18:59:26  [AT] " S,474,18D,000,592,P1,46" (24)
18:59:26  [AT] "SEND OK" (7)
18:59:27  [TX] S,475,18D,000,594,P1,41
18:59:27  [SLOT] n=495 tx=23 ack=0 due=0 r=1
18:59:27  [AT] "AT+CIPSEND=24" (13)
18:59:27  [AT] " S,475,18D,000,594,P1,41" (24)
18:59:27  [AT] "SEND OK" (7)
18:59:28  [TX] S,476,18D,000,595,P1,43
18:59:28  [SLOT] n=496 tx=23 ack=0 due=0 r=1
18:59:28  [AT] "AT+CIPSEND=24" (13)
18:59:29  [AT] " S,476,18D,000,595,P1,43" (24)
18:59:29  [AT] "SEND OK" (7)
18:59:30  [TX] S,477,18C,000,596,P1,46
18:59:30  [SLOT] n=497 tx=23 ack=0 due=0 r=1
18:59:30  [AT] "AT+CIPSEND=24" (13)
18:59:30  [AT] " S,477,18C,000,596,P1,46" (24)
18:59:30  [AT] "SEND OK" (7)
18:59:31  [TX] S,478,18C,000,597,P1,48
18:59:31  [SLOT] n=498 tx=23 ack=0 due=0 r=1
18:59:31  [AT] "AT+CIPSEND=24" (13)
18:59:31  [AT] " S,478,18C,000,597,P1,48" (24)
18:59:31  [AT] "SEND OK" (7)
18:59:32  «tap» 살아있음 — 최근 60초 rx=7901B (이 줄이 끊기면 탭이 죽은 것이다)
18:59:32  [TX] S,479,18C,000,598,P1,46
18:59:32  [SLOT] n=499 tx=23 ack=0 due=0 r=1
18:59:32  [AT] "AT+CIPSEND=24" (13)
18:59:32  [AT] " S,479,18C,000,598,P1,46" (24)
18:59:32  [AT] "SEND OK" (7)
18:59:33  [TX] S,480,18E,000,600,P1,44
18:59:33  [SLOT] n=500 tx=23 ack=0 due=0 r=1
18:59:33  [CNT] up=600 drop=0 esprst=1 hwrst=0/0 resync=0 sendfail=0 okto=0 stuck=0 ackq=0 ackdrop=0 ackstale=0 slot=500 oow=7 smiss=2 ssovf=0 cksumng=0 okstream=480 penddrop=0 pendfill=481 bigfill=2 bigdrop=0 bigokst=2 oklost=0 bigoklost=0 skip=1 online=1
18:59:33  [RAM] 최저 여유 596 B · 프롬프트 재동기 0회 (서버의 '버린줄' 과 맞아야 한다)
18:59:33  [AT] " S,480,18E,000,600,P1,44" (24)
18:59:33  [AT] "SEND OK" (7)
18:59:33  [AT] "AT+CIPSEND=24" (13)
18:59:34  [TX] S,481,18E,000,601,P1,44
18:59:34  [SLOT] n=501 tx=23 ack=0 due=0 r=1
18:59:34  [AT] "AT+CIPSEND=24" (13)
18:59:34  [AT] " S,481,18E,000,601,P1,44" (24)
18:59:34  [AT] "SEND OK" (7)
18:59:36  [TX] S,482,18E,000,602,P1,44
18:59:36  [SLOT] n=502 tx=23 ack=0 due=0 r=1
18:59:36  [AT] "AT+CIPSEND=24" (13)
18:59:36  [AT] " S,482,18E,000,602,P1,44" (24)
18:59:36  [AT] "SEND OK" (7)
18:59:37  [TX] S,483,18E,000,603,P1,44
18:59:37  [SLOT] n=503 tx=23 ack=0 due=0 r=1
18:59:37  [AT] "AT+CIPSEND=24" (13)
18:59:37  [AT] " S,483,18E,000,603,P1,44" (24)
18:59:37  [AT] "SEND OK" (7)
18:59:38  [TX] S,484,18F,000,604,P1,47
18:59:38  [SLOT] n=504 tx=23 ack=0 due=0 r=1
18:59:38  [AT] "AT+CIPSEND=24" (13)
18:59:38  [AT] " S,484,18F,000,604,P1,47" (24)
18:59:38  [AT] "SEND OK" (7)
18:59:39  [TX] S,485,18F,000,606,P1,44
18:59:39  [SLOT] n=505 tx=23 ack=0 due=0 r=1
18:59:39  [AT] "AT+CIPSEND=24" (13)
18:59:39  [AT] " S,485,18F,000,606,P1,44" (24)
18:59:39  [AT] "SEND OK" (7)
18:59:40  [TX] S,486,18F,000,607,P1,46
18:59:40  [SLOT] n=506 tx=23 ack=0 due=0 r=1
18:59:40  [AT] "AT+CIPSEND=24" (13)
18:59:41  [AT] " S,486,18F,000,607,P1,46" (24)
18:59:41  [AT] "SEND OK" (7)
18:59:42  [TX] S,487,18F,000,608,P1,48
18:59:42  [SLOT] n=507 tx=23 ack=0 due=0 r=1
18:59:42  [AT] "AT+CIPSEND=24" (13)
18:59:42  [AT] " S,487,18F,000,608,P1,48" (24)
18:59:42  [AT] "SEND OK" (7)
18:59:43  [TX] S,488,18F,000,609,P1,46
18:59:43  [SLOT] n=508 tx=23 ack=0 due=0 r=1
18:59:43  [AT] "AT+CIPSEND=24" (13)
18:59:43  [AT] " S,488,18F,000,609,P1,46" (24)
18:59:43  [AT] "SEND OK" (7)
18:59:44  [TX] S,489,18F,000,610,P1,4F
18:59:44  [SLOT] n=509 tx=23 ack=0 due=0 r=1
18:59:44  [AT] "AT+CIPSEND=24" (13)
18:59:44  [AT] " S,489,18F,000,610,P1,4F" (24)
18:59:44  [AT] "SEND OK" (7)
18:59:45  [TX] S,490,18D,000,612,P1,47
18:59:45  [SLOT] n=510 tx=23 ack=0 due=0 r=1
18:59:45  [AT] "AT+CIPSEND=24" (13)
18:59:46  [AT] " S,490,18D,000,612,P1,47" (24)
18:59:46  [AT] "SEND OK" (7)
18:59:46  [TX] S,491,18C,000,613,P1,40
18:59:46  [SLOT] n=511 tx=23 ack=0 due=0 r=1
18:59:46  [AT] "AT+CIPSEND=24" (13)
18:59:47  [AT] " S,491,18C,000,613,P1,40" (24)
18:59:47  [AT] "SEND OK" (7)
18:59:48  [TX] S,492,18C,000,614,P1,44
18:59:48  [SLOT] n=512 tx=23 ack=0 due=0 r=1
18:59:48  [AT] "AT+CIPSEND=24" (13)
18:59:48  [AT] " S,492,18C,000,614,P1,44" (24)
18:59:48  [AT] "SEND OK" (7)
18:59:49  [TX] S,493,18C,000,615,P1,44
18:59:49  [SLOT] n=513 tx=23 ack=0 due=0 r=1
18:59:49  [AT] "AT+CIPSEND=24" (13)
18:59:49  [AT] " S,493,18C,000,615,P1,44" (24)
18:59:49  [AT] "SEND OK" (7)
18:59:50  [TX] S,494,18C,000,616,P1,40
18:59:50  [SLOT] n=514 tx=23 ack=0 due=0 r=1
18:59:50  [AT] "AT+CIPSEND=24" (13)
18:59:50  [AT] " S,494,18C,000,616,P1,40" (24)
18:59:50  [AT] "SEND OK" (7)
18:59:51  [TX] S,495,18C,000,618,P1,4F
18:59:51  [SLOT] n=515 tx=23 ack=0 due=0 r=1
18:59:51  [AT] "AT+CIPSEND=24" (13)
18:59:52  [AT] " S,495,18C,000,618,P1,4F" (24)
18:59:52  [AT] "SEND OK" (7)
18:59:52  [TX] S,496,18C,000,619,P1,4D
18:59:52  [SLOT] n=516 tx=23 ack=0 due=0 r=1
18:59:52  [AT] "AT+CIPSEND=24" (13)
18:59:53  [AT] " S,496,18C,000,619,P1,4D" (24)
18:59:53  [AT] "SEND OK" (7)
18:59:54  [TX] S,497,18C,000,620,P1,46
18:59:54  [SLOT] n=517 tx=23 ack=0 due=0 r=1
18:59:54  [AT] "AT+CIPSEND=24" (13)
18:59:54  [AT] " S,497,18C,000,620,P1,46" (24)
18:59:54  [AT] "SEND OK" (7)
18:59:55  [TX] S,498,18D,000,621,P1,4F
18:59:55  [SLOT] n=518 tx=23 ack=0 due=0 r=1
18:59:55  [AT] "AT+CIPSEND=24" (13)
18:59:55  [AT] " S,498,18D,000,621,P1,4F" (24)
18:59:55  [AT] "SEND OK" (7)
18:59:56  [TX] S,499,18D,000,622,P1,4D
18:59:56  [SLOT] n=519 tx=23 ack=0 due=0 r=1
18:59:56  [AT] "AT+CIPSEND=24" (13)
18:59:56  [AT] " S,499,18D,000,622,P1,4D" (24)
18:59:56  [AT] "SEND OK" (7)
18:59:57  [TX] S,500,18F,000,624,P1,48
18:59:57  [SLOT] n=520 tx=23 ack=0 due=0 r=1
18:59:57  [AT] "AT+CIPSEND=24" (13)
18:59:57  [AT] " S,500,18F,000,624,P1,48" (24)
18:59:57  [AT] "SEND OK" (7)
18:59:58  [TX] S,501,18F,000,625,P1,48
18:59:58  [SLOT] n=521 tx=23 ack=0 due=0 r=1
18:59:58  [AT] "AT+CIPSEND=24" (13)
18:59:58  [AT] " S,501,18F,000,625,P1,48" (24)
18:59:58  [AT] "SEND OK" (7)
19:00:00  [TX] S,502,18F,000,626,P1,48
19:00:00  [SLOT] n=522 tx=23 ack=0 due=0 r=1
19:00:00  [AT] "AT+CIPSEND=24" (13)
19:00:00  [AT] " S,502,18F,000,626,P1,48" (24)
19:00:00  [AT] "SEND OK" (7)
19:00:01  [TX] S,503,18F,000,627,P1,48
19:00:01  [SLOT] n=523 tx=23 ack=0 due=0 r=1
19:00:01  [AT] "AT+CIPSEND=24" (13)
19:00:01  [AT] " S,503,18F,000,627,P1,48" (24)
19:00:01  [AT] "SEND OK" (7)
19:00:02  [TX] S,504,18F,000,628,P1,40
19:00:02  [SLOT] n=524 tx=23 ack=0 due=0 r=1
19:00:02  [AT] "AT+CIPSEND=24" (13)
19:00:02  [AT] " S,504,18F,000,628,P1,40" (24)
19:00:02  [AT] "SEND OK" (7)
19:00:03  [TX] S,505,18E,000,630,P1,4B
19:00:03  [SLOT] n=525 tx=23 ack=0 due=0 r=1
19:00:03  [AT] "AT+CIPSEND=24" (13)
19:00:03  [AT] " S,505,18E,000,630,P1,4B" (24)
19:00:03  [AT] "SEND OK" (7)
19:00:04  [TX] S,506,18E,000,631,P1,49
19:00:04  [SLOT] n=526 tx=23 ack=0 due=0 r=1
19:00:04  [AT] "AT+CIPSEND=24" (13)
19:00:04  [AT] " S,506,18E,000,631,P1,49" (24)
19:00:04  [AT] "SEND OK" (7)
19:00:06  [TX] S,507,18E,000,632,P1,4B
19:00:06  [SLOT] n=527 tx=23 ack=0 due=0 r=1
19:00:06  [AT] "AT+CIPSEND=24" (13)
19:00:06  [AT] " S,507,18E,000,632,P1,4B" (24)
19:00:06  [AT] "SEND OK" (7)
19:00:07  [TX] S,508,18E,000,633,P1,45
19:00:07  [SLOT] n=528 tx=23 ack=0 due=0 r=1
19:00:07  [AT] "AT+CIPSEND=24" (13)
19:00:07  [AT] " S,508,18E,000,633,P1,45" (24)
19:00:07  [AT] "SEND OK" (7)
19:00:08  [TX] S,509,18E,000,634,P1,43
19:00:08  [SLOT] n=529 tx=23 ack=0 due=0 r=1
19:00:08  [AT] "AT+CIPSEND=24" (13)
19:00:08  [AT] " S,509,18E,000,634,P1,43" (24)
19:00:08  [AT] "SEND OK" (7)
19:00:09  [TX] S,510,18C,000,636,P1,4F
19:00:09  [SLOT] n=530 tx=23 ack=0 due=0 r=1
19:00:09  [AT] "AT+CIPSEND=24" (13)
19:00:09  [AT] " S,510,18C,000,636,P1,4F" (24)
19:00:09  [AT] "SEND OK" (7)
19:00:10  [TX] S,511,18C,000,637,P1,4F
19:00:10  [SLOT] n=531 tx=23 ack=0 due=0 r=1
19:00:10  [AT] "AT+CIPSEND=24" (13)
19:00:10  [AT] " S,511,18C,000,637,P1,4F" (24)
19:00:10  [AT] "SEND OK" (7)
19:00:12  [TX] S,512,18D,000,638,P1,44
19:00:12  [SLOT] n=532 tx=23 ack=0 due=0 r=1
19:00:12  [AT] "AT+CIPSEND=24" (13)
19:00:12  [AT] " S,512,18D,000,638,P1,44" (24)
19:00:12  [AT] "SEND OK" (7)
19:00:13  [TX] S,513,18D,000,639,P1,44
19:00:13  [SLOT] n=533 tx=23 ack=0 due=0 r=1
19:00:13  [AT] "AT+CIPSEND=24" (13)
19:00:13  [AT] " S,513,18D,000,639,P1,44" (24)
19:00:13  [AT] "SEND OK" (7)
19:00:14  [TX] S,514,18D,000,640,P1,4D
19:00:14  [SLOT] n=534 tx=23 ack=0 due=0 r=1
19:00:14  [AT] "AT+CIPSEND=24" (13)
19:00:14  [AT] " S,514,18D,000,640,P1,4D" (24)
19:00:14  [AT] "SEND OK" (7)
19:00:15  [TX] S,515,18D,000,642,P1,4E
19:00:15  [SLOT] n=535 tx=23 ack=0 due=0 r=1
19:00:15  [AT] "AT+CIPSEND=24" (13)
19:00:15  [AT] " S,515,18D,000,642,P1,4E" (24)
19:00:15  [AT] "SEND OK" (7)
19:00:16  [TX] S,516,18D,000,643,P1,4C
19:00:16  [SLOT] n=536 tx=23 ack=0 due=0 r=1
19:00:16  [AT] "AT+CIPSEND=24" (13)
19:00:16  [AT] " S,516,18D,000,643,P1,4C" (24)
19:00:16  [AT] "SEND OK" (7)
19:00:18  [TX] S,517,18D,000,644,P1,4A
19:00:18  [SLOT] n=537 tx=23 ack=0 due=0 r=1
19:00:18  [AT] "AT+CIPSEND=24" (13)
19:00:18  [AT] " S,517,18D,000,644,P1,4A" (24)
19:00:18  [AT] "SEND OK" (7)
19:00:19  [TX] S,518,18D,000,645,P1,44
19:00:19  [SLOT] n=538 tx=23 ack=0 due=0 r=1
19:00:19  [AT] "AT+CIPSEND=24" (13)
19:00:19  [AT] " S,518,18D,000,645,P1,44" (24)
19:00:19  [AT] "SEND OK" (7)
19:00:20  [TX] S,519,18C,000,646,P1,41
19:00:20  [SLOT] n=539 tx=23 ack=0 due=0 r=1
19:00:20  [AT] "AT+CIPSEND=24" (13)
19:00:20  [AT] " S,519,18C,000,646,P1,41" (24)
19:00:20  [AT] "SEND OK" (7)
19:00:21  [TX] S,520,18E,000,648,P1,43
19:00:21  [SLOT] n=540 tx=23 ack=0 due=0 r=1
19:00:21  [AT] "AT+CIPSEND=24" (13)
19:00:21  [AT] " S,520,18E,000,648,P1,43" (24)
19:00:21  [AT] "SEND OK" (7)
19:00:22  [TX] S,521,18E,000,649,P1,43
19:00:22  [SLOT] n=541 tx=23 ack=0 due=0 r=1
19:00:22  [AT] "AT+CIPSEND=24" (13)
19:00:23  [AT] " S,521,18E,000,649,P1,43" (24)
19:00:23  [AT] "SEND OK" (7)
19:00:24  [TX] S,522,18E,000,650,P1,48
19:00:24  [SLOT] n=542 tx=23 ack=0 due=0 r=1
19:00:24  [AT] "AT+CIPSEND=24" (13)
19:00:25  [TX-WAIT] 앞 전송의 SEND OK 를 아직 못 봤다 — 이번 주기는 건너뛴다
19:00:25  [SLOT] n=543 tx=23 ack=0 due=0 r=0
19:00:25  [AT] " S,522,18E,000,650,P1,48" (24)
19:00:25  [AT] "SEND OK" (7)
19:00:26  [TX] S,523,18E,000,652,P1,4B
19:00:26  [SLOT] n=544 tx=23 ack=0 due=0 r=1
19:00:26  [AT] "AT+CIPSEND=24" (13)
19:00:26  [AT] " S,523,18E,000,652,P1,4B" (24)
19:00:26  [AT] "SEND OK" (7)
19:00:27  [TX] S,524,18E,000,654,P1,4A
19:00:27  [SLOT] n=545 tx=23 ack=0 due=0 r=1
19:00:27  [AT] "AT+CIPSEND=24" (13)
19:00:27  [AT] " S,524,18E,000,654,P1,4A" (24)
19:00:27  [AT] "SEND OK" (7)
19:00:28  [TX] S,525,18F,000,655,P1,49
19:00:28  [SLOT] n=546 tx=23 ack=0 due=0 r=1
19:00:28  [AT] "AT+CIPSEND=24" (13)
19:00:28  [AT] " S,525,18F,000,655,P1,49" (24)
19:00:28  [AT] "SEND OK" (7)
19:00:30  [TX] S,526,18F,000,656,P1,49
19:00:30  [SLOT] n=547 tx=23 ack=0 due=0 r=1
19:00:30  [AT] "AT+CIPSEND=24" (13)
19:00:30  [AT] " S,526,18F,000,656,P1,49" (24)
19:00:30  [AT] "SEND OK" (7)
19:00:31  [TX] S,527,18F,000,657,P1,49
19:00:31  [SLOT] n=548 tx=23 ack=0 due=0 r=1
19:00:31  [AT] "AT+CIPSEND=24" (13)
19:00:31  [AT] " S,527,18F,000,657,P1,49" (24)
19:00:31  [AT] "SEND OK" (7)
19:00:32  «tap» 살아있음 — 최근 60초 rx=7875B (이 줄이 끊기면 탭이 죽은 것이다)
19:00:32  [TX] S,528,18F,000,658,P1,49
19:00:32  [SLOT] n=549 tx=23 ack=0 due=0 r=1
19:00:32  [AT] "AT+CIPSEND=24" (13)
19:00:32  [AT] " S,528,18F,000,658,P1,49" (24)
19:00:32  [AT] "SEND OK" (7)
19:00:33  [TX] S,529,18D,000,660,P1,41
19:00:33  [SLOT] n=550 tx=23 ack=0 due=0 r=1
19:00:33  [CNT] up=660 drop=0 esprst=1 hwrst=0/0 resync=0 sendfail=0 okto=0 stuck=0 ackq=0 ackdrop=0 ackstale=0 slot=550 oow=7 smiss=2 ssovf=0 cksumng=0 okstream=529 penddrop=0 pendfill=530 bigfill=2 bigdrop=0 bigokst=2 oklost=0 bigoklost=0 skip=2 online=1
19:00:33  [RAM] 최저 여유 596 B · 프롬프트 재동기 0회 (서버의 '버린줄' 과 맞아야 한다)
19:00:33  [AT] " S,529,18D,000,660,P1,41" (24)
19:00:33  [AT] "SEND OK" (7)
19:00:33  [AT] "AT+CIPSEND=24" (13)
19:00:34  [TX] S,530,18D,000,661,P1,48
19:00:34  [SLOT] n=551 tx=23 ack=0 due=0 r=1
19:00:34  [AT] "AT+CIPSEND=24" (13)
19:00:34  [AT] " S,530,18D,000,661,P1,48" (24)
19:00:34  [AT] "SEND OK" (7)
19:00:36  [TX] S,531,18D,000,662,P1,4A
19:00:36  [SLOT] n=552 tx=23 ack=0 due=0 r=1
19:00:36  [AT] "AT+CIPSEND=24" (13)
19:00:36  [AT] " S,531,18D,000,662,P1,4A" (24)
19:00:36  [AT] "SEND OK" (7)
19:00:37  [TX] S,532,18C,000,663,P1,4F
19:00:37  [SLOT] n=553 tx=23 ack=0 due=0 r=1
19:00:37  [AT] "AT+CIPSEND=24" (13)
19:00:37  [AT] " S,532,18C,000,663,P1,4F" (24)
19:00:37  [AT] "SEND OK" (7)
19:00:38  [TX] S,533,18C,000,664,P1,49
19:00:38  [SLOT] n=554 tx=23 ack=0 due=0 r=1
19:00:38  [AT] "AT+CIPSEND=24" (13)
19:00:38  [AT] " S,533,18C,000,664,P1,49" (24)
19:00:38  [AT] "SEND OK" (7)
19:00:39  [TX] S,534,18C,000,666,P1,4C
19:00:39  [SLOT] n=555 tx=23 ack=0 due=0 r=1
19:00:39  [AT] "AT+CIPSEND=24" (13)
19:00:39  [AT] " S,534,18C,000,666,P1,4C" (24)
19:00:39  [AT] "SEND OK" (7)
19:00:40  [TX] S,535,18C,000,667,P1,4C
19:00:40  [SLOT] n=556 tx=23 ack=0 due=0 r=1
19:00:40  [AT] "AT+CIPSEND=24" (13)
19:00:40  [AT] " S,535,18C,000,667,P1,4C" (24)
19:00:40  [AT] "SEND OK" (7)
19:00:42  [TX] S,536,18C,000,668,P1,40
19:00:42  [SLOT] n=557 tx=23 ack=0 due=0 r=1
19:00:42  [AT] "AT+CIPSEND=24" (13)
19:00:42  [AT] " S,536,18C,000,668,P1,40" (24)
19:00:42  [AT] "SEND OK" (7)
19:00:43  [TX] S,537,18C,000,669,P1,40
19:00:43  [SLOT] n=558 tx=23 ack=0 due=0 r=1
19:00:43  [AT] "AT+CIPSEND=24" (13)
19:00:43  [AT] " S,537,18C,000,669,P1,40" (24)
19:00:43  [AT] "SEND OK" (7)
19:00:44  [TX] S,538,18C,000,670,P1,47
19:00:44  [SLOT] n=559 tx=23 ack=0 due=0 r=1
19:00:44  [AT] "AT+CIPSEND=24" (13)
19:00:44  [AT] " S,538,18C,000,670,P1,47" (24)
19:00:44  [AT] "SEND OK" (7)
19:00:45  [TX] S,539,18F,000,672,P1,41
19:00:45  [SLOT] n=560 tx=23 ack=0 due=0 r=1
19:00:45  [AT] "AT+CIPSEND=24" (13)
19:00:45  [AT] " S,539,18F,000,672,P1,41" (24)
19:00:45  [AT] "SEND OK" (7)
19:00:46  [TX] S,540,18F,000,673,P1,4E
19:00:46  [SLOT] n=561 tx=23 ack=0 due=0 r=1
19:00:46  [AT] "AT+CIPSEND=24" (13)
19:00:46  [AT] " S,540,18F,000,673,P1,4E" (24)
19:00:46  [AT] "SEND OK" (7)
19:00:48  [TX] S,541,18F,000,674,P1,48
19:00:48  [SLOT] n=562 tx=23 ack=0 due=0 r=1
19:00:48  [AT] "AT+CIPSEND=24" (13)
19:00:48  [AT] " S,541,18F,000,674,P1,48" (24)
19:00:48  [AT] "SEND OK" (7)
19:00:49  [TX] S,542,18F,000,675,P1,4A
19:00:49  [SLOT] n=563 tx=23 ack=0 due=0 r=1
19:00:49  [AT] "AT+CIPSEND=24" (13)
19:00:49  [AT] " S,542,18F,000,675,P1,4A" (24)
19:00:49  [AT] "SEND OK" (7)
19:00:50  [TX] S,543,18F,000,676,P1,48
19:00:50  [SLOT] n=564 tx=23 ack=0 due=0 r=1
19:00:50  [AT] "AT+CIPSEND=24" (13)
19:00:50  [AT] " S,543,18F,000,676,P1,48" (24)
19:00:50  [AT] "SEND OK" (7)
19:00:51  [TX] S,544,18F,000,678,P1,41
19:00:51  [SLOT] n=565 tx=23 ack=0 due=0 r=1
19:00:51  [AT] "AT+CIPSEND=24" (13)
19:00:51  [AT] " S,544,18F,000,678,P1,41" (24)
19:00:51  [AT] "SEND OK" (7)
19:00:52  [TX] S,545,18F,000,679,P1,41
19:00:52  [SLOT] n=566 tx=23 ack=0 due=0 r=1
19:00:52  [AT] "AT+CIPSEND=24" (13)
19:00:52  [AT] " S,545,18F,000,679,P1,41" (24)
19:00:52  [AT] "SEND OK" (7)
19:00:54  [TX] S,546,18E,000,680,P1,47
19:00:54  [SLOT] n=567 tx=23 ack=0 due=0 r=1
19:00:54  [AT] "AT+CIPSEND=24" (13)
19:00:54  [AT] " S,546,18E,000,680,P1,47" (24)
19:00:54  [AT] "SEND OK" (7)
19:00:55  [TX] S,547,18E,000,681,P1,47
19:00:55  [SLOT] n=568 tx=23 ack=0 due=0 r=1
19:00:55  [AT] "AT+CIPSEND=24" (13)
19:00:55  [AT] " S,547,18E,000,681,P1,47" (24)
19:00:55  [AT] "SEND OK" (7)
19:00:56  [TX] S,548,18E,000,682,P1,4B
19:00:56  [SLOT] n=569 tx=23 ack=0 due=0 r=1
19:00:56  [AT] "AT+CIPSEND=24" (13)
19:00:56  [AT] " S,548,18E,000,682,P1,4B" (24)
19:00:56  [AT] "SEND OK" (7)
19:00:57  [TX] S,549,18C,000,684,P1,4A
19:00:57  [SLOT] n=570 tx=23 ack=0 due=0 r=1
19:00:57  [AT] "AT+CIPSEND=24" (13)
19:00:57  [AT] " S,549,18C,000,684,P1,4A" (24)
19:00:57  [AT] "SEND OK" (7)
19:00:58  [TX] S,550,18C,000,685,P1,43
19:00:58  [SLOT] n=571 tx=23 ack=0 due=0 r=1
19:00:58  [AT] "AT+CIPSEND=24" (13)
19:00:58  [AT] " S,550,18C,000,685,P1,43" (24)
19:00:58  [AT] "SEND OK" (7)
19:01:00  [TX] S,551,18C,000,686,P1,41
19:01:00  [SLOT] n=572 tx=23 ack=0 due=0 r=1
19:01:00  [AT] "AT+CIPSEND=24" (13)
19:01:00  [AT] " S,551,18C,000,686,P1,41" (24)
19:01:00  [AT] "SEND OK" (7)
19:01:01  [TX] S,552,18C,000,687,P1,43
19:01:01  [SLOT] n=573 tx=23 ack=0 due=0 r=1
19:01:01  [AT] "AT+CIPSEND=24" (13)
19:01:01  [AT] " S,552,18C,000,687,P1,43" (24)
19:01:01  [AT] "SEND OK" (7)
19:01:02  [TX] S,553,18D,000,688,P1,4A
19:01:02  [SLOT] n=574 tx=23 ack=0 due=0 r=1
19:01:02  [AT] "AT+CIPSEND=24" (13)
19:01:02  [AT] " S,553,18D,000,688,P1,4A" (24)
19:01:02  [AT] "SEND OK" (7)
19:01:03  [TX] S,554,18D,000,690,P1,44
19:01:03  [SLOT] n=575 tx=23 ack=0 due=0 r=1
19:01:03  [AT] "AT+CIPSEND=24" (13)
19:01:03  [AT] " S,554,18D,000,690,P1,44" (24)
19:01:03  [AT] "SEND OK" (7)
19:01:04  [TX] S,555,18D,000,691,P1,44
19:01:04  [SLOT] n=576 tx=23 ack=0 due=0 r=1
19:01:04  [AT] "AT+CIPSEND=24" (13)
19:01:04  [AT] " S,555,18D,000,691,P1,44" (24)
19:01:04  [AT] "SEND OK" (7)
19:01:06  [TX] S,556,18D,000,692,P1,44
19:01:06  [SLOT] n=577 tx=23 ack=0 due=0 r=1
19:01:06  [AT] "AT+CIPSEND=24" (13)
19:01:06  [AT] " S,556,18D,000,692,P1,44" (24)
19:01:06  [AT] "SEND OK" (7)
19:01:07  [TX] S,557,18D,000,693,P1,44
19:01:07  [SLOT] n=578 tx=23 ack=0 due=0 r=1
19:01:07  [AT] "AT+CIPSEND=24" (13)
19:01:07  [AT] " S,557,18D,000,693,P1,44" (24)
19:01:07  [AT] "SEND OK" (7)
19:01:08  [TX] S,558,18D,000,694,P1,4C
19:01:08  [SLOT] n=579 tx=23 ack=0 due=0 r=1
19:01:08  [AT] "AT+CIPSEND=24" (13)
19:01:08  [AT] " S,558,18D,000,694,P1,4C" (24)
19:01:08  [AT] "SEND OK" (7)
19:01:09  [TX] S,559,18F,000,696,P1,4D
19:01:09  [SLOT] n=580 tx=23 ack=0 due=0 r=1
19:01:09  [AT] "AT+CIPSEND=24" (13)
19:01:09  [AT] " S,559,18F,000,696,P1,4D" (24)
19:01:09  [AT] "SEND OK" (7)
19:01:10  [TX] S,560,18E,000,697,P1,45
19:01:10  [SLOT] n=581 tx=23 ack=0 due=0 r=1
19:01:10  [AT] "AT+CIPSEND=24" (13)
19:01:10  [AT] " S,560,18E,000,697,P1,45" (24)
19:01:10  [AT] "SEND OK" (7)
19:01:12  [TX] S,561,18E,000,698,P1,4B
19:01:12  [SLOT] n=582 tx=23 ack=0 due=0 r=1
19:01:12  [AT] "AT+CIPSEND=24" (13)
19:01:12  [AT] " S,561,18E,000,698,P1,4B" (24)
19:01:12  [AT] "SEND OK" (7)
19:01:13  [TX] S,562,18E,000,699,P1,49
19:01:13  [SLOT] n=583 tx=23 ack=0 due=0 r=1
19:01:13  [AT] "AT+CIPSEND=24" (13)
19:01:13  [AT] " S,562,18E,000,699,P1,49" (24)
19:01:13  [AT] "SEND OK" (7)
19:01:14  [TX] S,563,18E,000,700,P1,49
19:01:14  [SLOT] n=584 tx=23 ack=0 due=0 r=1
19:01:14  [AT] "AT+CIPSEND=24" (13)
19:01:14  [AT] " S,563,18E,000,700,P1,49" (24)
19:01:14  [AT] "SEND OK" (7)
19:01:15  [TX] S,564,18E,000,702,P1,4C
19:01:15  [SLOT] n=585 tx=23 ack=0 due=0 r=1
19:01:15  [AT] "AT+CIPSEND=24" (13)
19:01:15  [AT] " S,564,18E,000,702,P1,4C" (24)
19:01:15  [AT] "SEND OK" (7)
19:01:16  [TX] S,565,18E,000,703,P1,4C
19:01:16  [SLOT] n=586 tx=23 ack=0 due=0 r=1
19:01:16  [AT] "AT+CIPSEND=24" (13)
19:01:16  [AT] " S,565,18E,000,703,P1,4C" (24)
19:01:16  [AT] "SEND OK" (7)
19:01:18  [TX] S,566,18E,000,704,P1,48
19:01:18  [SLOT] n=587 tx=23 ack=0 due=0 r=1
19:01:18  [AT] "AT+CIPSEND=24" (13)
19:01:18  [AT] " S,566,18E,000,704,P1,48" (24)
19:01:18  [AT] "SEND OK" (7)
19:01:19  [TX] S,567,18F,000,705,P1,4B
19:01:19  [SLOT] n=588 tx=23 ack=0 due=0 r=1
19:01:19  [AT] "AT+CIPSEND=24" (13)
19:01:19  [AT] " S,567,18F,000,705,P1,4B" (24)
19:01:19  [AT] "SEND OK" (7)
19:01:20  [TX] S,568,18F,000,706,P1,47
19:01:20  [SLOT] n=589 tx=23 ack=0 due=0 r=1
19:01:20  [AT] "AT+CIPSEND=24" (13)
19:01:20  [AT] " S,568,18F,000,706,P1,47" (24)
19:01:20  [AT] "SEND OK" (7)
19:01:21  [TX] S,569,18D,000,708,P1,4A
19:01:21  [SLOT] n=590 tx=23 ack=0 due=0 r=1
19:01:21  [AT] "AT+CIPSEND=24" (13)
19:01:21  [AT] " S,569,18D,000,708,P1,4A" (24)
19:01:21  [AT] "SEND OK" (7)
19:01:22  [TX] S,570,18D,000,709,P1,43
19:01:22  [SLOT] n=591 tx=23 ack=0 due=0 r=1
19:01:22  [AT] "AT+CIPSEND=24" (13)
19:01:22  [AT] " S,570,18D,000,709,P1,43" (24)
19:01:22  [AT] "SEND OK" (7)
19:01:24  [TX] S,571,18D,000,710,P1,4A
19:01:24  [SLOT] n=592 tx=23 ack=0 due=0 r=1
19:01:24  [AT] "AT+CIPSEND=24" (13)
19:01:24  [AT] " S,571,18D,000,710,P1,4A" (24)
19:01:24  [AT] "SEND OK" (7)
19:01:25  [TX] S,572,18D,000,711,P1,48
19:01:25  [SLOT] n=593 tx=23 ack=0 due=0 r=1
19:01:25  [AT] "AT+CIPSEND=24" (13)
19:01:25  [AT] " S,572,18D,000,711,P1,48" (24)
19:01:25  [AT] "SEND OK" (7)
19:01:26  [TX] S,573,18D,000,712,P1,4A
19:01:26  [SLOT] n=594 tx=23 ack=0 due=0 r=1
19:01:26  [AT] "AT+CIPSEND=24" (13)
19:01:26  [AT] " S,573,18D,000,712,P1,4A" (24)
19:01:26  [AT] "SEND OK" (7)
19:01:28  [TX] S,574,18C,000,714,P1,4C
19:01:28  [SLOT] n=595 tx=23 ack=0 due=0 r=1
19:01:28  [AT] "AT+CIPSEND=24" (13)
19:01:28  [AT] " S,574,18C,000,714,P1,4C" (24)
19:01:28  [AT] "SEND OK" (7)
19:01:29  [TX] S,575,18C,000,715,P1,4C
19:01:29  [SLOT] n=596 tx=23 ack=0 due=0 r=1
19:01:29  [AT] "AT+CIPSEND=24" (13)
19:01:30  [AT] " S,575,18C,000,715,P1,4C" (24)
19:01:30  [AT] "SEND OK" (7)
19:01:31  [TX] S,576,18C,000,716,P1,4C
19:01:31  [SLOT] n=597 tx=23 ack=0 due=0 r=1
19:01:31  [AT] "AT+CIPSEND=24" (13)
19:01:31  [AT] " S,576,18C,000,716,P1,4C" (24)
19:01:31  [AT] "SEND OK" (7)
19:01:32  [TX] S,577,18C,000,717,P1,4C
19:01:32  [SLOT] n=598 tx=23 ack=0 due=0 r=1
19:01:32  [AT] "AT+CIPSEND=24" (13)
19:01:32  [AT] " S,577,18C,000,717,P1,4C" (24)
19:01:32  [AT] "SEND OK" (7)
19:01:33  «tap» 살아있음 — 최근 60초 rx=7901B (이 줄이 끊기면 탭이 죽은 것이다)
19:01:33  [TX] S,578,18C,000,718,P1,4C
19:01:33  [SLOT] n=599 tx=23 ack=0 due=0 r=1
19:01:33  [AT] "AT+CIPSEND=24" (13)
19:01:33  [AT] " S,578,18C,000,718,P1,4C" (24)
19:01:33  [AT] "SEND OK" (7)
19:01:34  [TX] S,579,18E,000,720,P1,40
19:01:34  [SLOT] n=600 tx=23 ack=0 due=0 r=1
19:01:34  [CNT] up=720 drop=0 esprst=1 hwrst=0/0 resync=0 sendfail=0 okto=0 stuck=0 ackq=0 ackdrop=0 ackstale=0 slot=600 oow=7 smiss=2 ssovf=0 cksumng=0 okstream=579 penddrop=0 pendfill=580 bigfill=2 bigdrop=0 bigokst=2 oklost=0 bigoklost=0 skip=2 online=1
19:01:34  [RAM] 최저 여유 596 B · 프롬프트 재동기 0회 (서버의 '버린줄' 과 맞아야 한다)
19:01:34  [AT] "AT+CIPSEND=24" (13)
19:01:34  [AT] " S,579,18E,000,720,P1,40" (24)
19:01:34  [AT] "SEND OK" (7)
19:01:35  [TX] S,580,18E,000,721,P1,47
19:01:35  [SLOT] n=601 tx=23 ack=0 due=0 r=1
19:01:35  [AT] "AT+CIPSEND=24" (13)
19:01:35  [AT] " S,580,18E,000,721,P1,47" (24)
19:01:35  [AT] "SEND OK" (7)
19:01:36  [TX] S,581,18F,000,722,P1,46
19:01:37  [SLOT] n=602 tx=23 ack=0 due=0 r=1
19:01:37  [AT] "AT+CIPSEND=24" (13)
19:01:37  [AT] " S,581,18F,000,722,P1,46" (24)
19:01:37  [AT] "SEND OK" (7)
19:01:38  [TX] S,582,18F,000,723,P1,44
19:01:38  [SLOT] n=603 tx=23 ack=0 due=0 r=1
19:01:38  [AT] "AT+CIPSEND=24" (13)
19:01:38  [AT] " S,582,18F,000,723,P1,44" (24)
19:01:38  [AT] "SEND OK" (7)
19:01:39  [TX] S,583,18F,000,724,P1,42
19:01:39  [SLOT] n=604 tx=23 ack=0 due=0 r=1
19:01:39  [AT] "AT+CIPSEND=24" (13)
19:01:39  [AT] " S,583,18F,000,724,P1,42" (24)
19:01:39  [AT] "SEND OK" (7)
19:01:40  [TX] S,584,18F,000,726,P1,47
19:01:40  [SLOT] n=605 tx=23 ack=0 due=0 r=1
19:01:40  [AT] "AT+CIPSEND=24" (13)
19:01:40  [AT] " S,584,18F,000,726,P1,47" (24)
19:01:40  [AT] "SEND OK" (7)
19:01:41  [TX] S,585,18F,000,727,P1,47
19:01:41  [SLOT] n=606 tx=23 ack=0 due=0 r=1
19:01:41  [AT] "AT+CIPSEND=24" (13)
19:01:41  [AT] " S,585,18F,000,727,P1,47" (24)
19:01:41  [AT] "SEND OK" (7)
19:01:42  [TX] S,586,18F,000,728,P1,4B
19:01:42  [SLOT] n=607 tx=23 ack=0 due=0 r=1
19:01:42  [AT] "AT+CIPSEND=24" (13)
19:01:43  [AT] " S,586,18F,000,728,P1,4B" (24)
19:01:43  [AT] "SEND OK" (7)
19:01:44  [TX] S,587,18F,000,729,P1,4B
19:01:44  [SLOT] n=608 tx=23 ack=0 due=0 r=1
19:01:44  [AT] "AT+CIPSEND=24" (13)
19:01:44  [AT] " S,587,18F,000,729,P1,4B" (24)
19:01:44  [AT] "SEND OK" (7)
19:01:45  [TX] S,588,18E,000,730,P1,4F
19:01:45  [SLOT] n=609 tx=23 ack=0 due=0 r=1
19:01:45  [AT] "AT+CIPSEND=24" (13)
19:01:45  [AT] " S,588,18E,000,730,P1,4F" (24)
19:01:45  [AT] "SEND OK" (7)
19:01:46  [TX] S,589,18C,000,732,P1,4A
19:01:46  [SLOT] n=610 tx=23 ack=0 due=0 r=1
19:01:46  [AT] "AT+CIPSEND=24" (13)
19:01:46  [AT] " S,589,18C,000,732,P1,4A" (24)
19:01:46  [AT] "SEND OK" (7)
19:01:47  [TX] S,590,18C,000,733,P1,43
19:01:47  [SLOT] n=611 tx=23 ack=0 due=0 r=1
19:01:47  [AT] "AT+CIPSEND=24" (13)
19:01:47  [AT] " S,590,18C,000,733,P1,43" (24)
19:01:47  [AT] "SEND OK" (7)
19:01:48  [TX] S,591,18C,000,734,P1,45
19:01:48  [SLOT] n=612 tx=23 ack=0 due=0 r=1
19:01:48  [AT] "AT+CIPSEND=24" (13)
19:01:49  [AT] " S,591,18C,000,734,P1,45" (24)
19:01:49  [AT] "SEND OK" (7)
19:01:50  [TX] S,592,18C,000,735,P1,47
19:01:50  [SLOT] n=613 tx=23 ack=0 due=0 r=1
19:01:50  [AT] "AT+CIPSEND=24" (13)
19:01:50  [AT] " S,592,18C,000,735,P1,47" (24)
19:01:50  [AT] "SEND OK" (7)
19:01:51  [TX] S,593,18C,000,736,P1,45
19:01:51  [SLOT] n=614 tx=23 ack=0 due=0 r=1
19:01:51  [AT] "AT+CIPSEND=24" (13)
19:01:51  [AT] " S,593,18C,000,736,P1,45" (24)
19:01:51  [AT] "SEND OK" (7)
19:01:52  [TX] S,594,18C,000,738,P1,4C
19:01:52  [SLOT] n=615 tx=23 ack=0 due=0 r=1
19:01:52  [AT] "AT+CIPSEND=24" (13)
19:01:52  [AT] " S,594,18C,000,738,P1,4C" (24)
19:01:52  [AT] "SEND OK" (7)
19:01:53  [TX] S,595,18D,000,739,P1,4B
19:01:53  [SLOT] n=616 tx=23 ack=0 due=0 r=1
19:01:53  [AT] "AT+CIPSEND=24" (13)
19:01:53  [AT] " S,595,18D,000,739,P1,4B" (24)
19:01:53  [AT] "SEND OK" (7)
19:01:54  [TX] S,596,18D,000,740,P1,46
19:01:54  [SLOT] n=617 tx=23 ack=0 due=0 r=1
19:01:54  [AT] "AT+CIPSEND=24" (13)
19:01:54  [AT] " S,596,18D,000,740,P1,46" (24)
19:01:55  [AT] "SEND OK" (7)
19:01:56  [TX] S,597,18D,000,741,P1,46
19:01:56  [SLOT] n=618 tx=23 ack=0 due=0 r=1
19:01:56  [AT] "AT+CIPSEND=24" (13)
19:01:56  [AT] " S,597,18D,000,741,P1,46" (24)
19:01:56  [AT] "SEND OK" (7)
19:01:57  [TX] S,598,18D,000,742,P1,4A
19:01:57  [SLOT] n=619 tx=23 ack=0 due=0 r=1
19:01:57  [AT] "AT+CIPSEND=24" (13)
19:01:57  [AT] " S,598,18D,000,742,P1,4A" (24)
19:01:57  [AT] "SEND OK" (7)
19:01:58  [TX] S,599,18F,000,744,P1,4F
19:01:58  [SLOT] n=620 tx=23 ack=0 due=0 r=1
19:01:58  [AT] "AT+CIPSEND=24" (13)
19:01:58  [AT] " S,599,18F,000,744,P1,4F" (24)
19:01:58  [AT] "SEND OK" (7)
19:01:59  [TX] S,600,18F,000,745,P1,4D
19:01:59  [SLOT] n=621 tx=23 ack=0 due=0 r=1
19:01:59  [AT] "AT+CIPSEND=24" (13)
19:01:59  [AT] " S,600,18F,000,745,P1,4D" (24)
19:01:59  [AT] "SEND OK" (7)
19:02:00  [TX] S,601,18F,000,746,P1,4F
19:02:00  [SLOT] n=622 tx=23 ack=0 due=0 r=1
19:02:00  [AT] "AT+CIPSEND=24" (13)
19:02:00  [AT] " S,601,18F,000,746,P1,4F" (24)
19:02:00  [AT] "SEND OK" (7)
19:02:02  [TX] S,602,18E,000,747,P1,4E
19:02:02  [SLOT] n=623 tx=23 ack=0 due=0 r=1
19:02:02  [AT] "AT+CIPSEND=24" (13)
19:02:02  [AT] " S,602,18E,000,747,P1,4E" (24)
19:02:02  [AT] "SEND OK" (7)
19:02:03  [TX] S,603,18E,000,748,P1,40
19:02:03  [SLOT] n=624 tx=23 ack=0 due=0 r=1
19:02:03  [AT] "AT+CIPSEND=24" (13)
19:02:03  [AT] " S,603,18E,000,748,P1,40" (24)
19:02:03  [AT] "SEND OK" (7)
19:02:04  [TX] S,604,18E,000,750,P1,4E
19:02:04  [SLOT] n=625 tx=23 ack=0 due=0 r=1
19:02:04  [AT] "AT+CIPSEND=24" (13)
19:02:04  [AT] " S,604,18E,000,750,P1,4E" (24)
19:02:04  [AT] "SEND OK" (7)
19:02:05  [TX] S,605,18E,000,751,P1,4E
19:02:05  [SLOT] n=626 tx=23 ack=0 due=0 r=1
19:02:05  [AT] "AT+CIPSEND=24" (13)
19:02:05  [AT] " S,605,18E,000,751,P1,4E" (24)
19:02:05  [AT] "SEND OK" (7)
19:02:06  [TX] S,606,18E,000,752,P1,4E
19:02:06  [SLOT] n=627 tx=23 ack=0 due=0 r=1
19:02:06  [AT] "AT+CIPSEND=24" (13)
19:02:06  [AT] " S,606,18E,000,752,P1,4E" (24)
19:02:06  [AT] "SEND OK" (7)
19:02:08  [TX] S,607,18E,000,753,P1,4E
19:02:08  [SLOT] n=628 tx=23 ack=0 due=0 r=1
19:02:08  [AT] "AT+CIPSEND=24" (13)
19:02:08  [AT] " S,607,18E,000,753,P1,4E" (24)
19:02:08  [AT] "SEND OK" (7)
19:02:09  [TX] S,608,18E,000,754,P1,46
19:02:09  [SLOT] n=629 tx=23 ack=0 due=0 r=1
19:02:09  [AT] "AT+CIPSEND=24" (13)
19:02:09  [AT] " S,608,18E,000,754,P1,46" (24)
19:02:09  [AT] "SEND OK" (7)
19:02:10  [TX] S,609,18D,000,756,P1,44
19:02:10  [SLOT] n=630 tx=23 ack=0 due=0 r=1
19:02:10  [AT] "AT+CIPSEND=24" (13)
19:02:11  [AT] " S,609,18D,000,756,P1,44" (24)
19:02:11  [AT] "SEND OK" (7)
19:02:11  [TX] S,610,18D,000,757,P1,4D
19:02:11  [SLOT] n=631 tx=23 ack=0 due=0 r=1
19:02:11  [AT] "AT+CIPSEND=24" (13)
19:02:11  [AT] " S,610,18D,000,757,P1,4D" (24)
19:02:11  [AT] "SEND OK" (7)
19:02:12  [TX] S,611,18D,000,758,P1,43
19:02:12  [SLOT] n=632 tx=23 ack=0 due=0 r=1
19:02:12  [AT] "AT+CIPSEND=24" (13)
19:02:12  [AT] " S,611,18D,000,758,P1,43" (24)
19:02:12  [AT] "SEND OK" (7)
19:02:14  [TX] S,612,18D,000,759,P1,41
19:02:14  [SLOT] n=633 tx=23 ack=0 due=0 r=1
19:02:14  [AT] "AT+CIPSEND=24" (13)
19:02:14  [AT] " S,612,18D,000,759,P1,41" (24)
19:02:14  [AT] "SEND OK" (7)
19:02:15  [TX] S,613,18D,000,760,P1,4A
19:02:15  [SLOT] n=634 tx=23 ack=0 due=0 r=1
19:02:15  [AT] "AT+CIPSEND=24" (13)
19:02:15  [AT] " S,613,18D,000,760,P1,4A" (24)
19:02:15  [AT] "SEND OK" (7)
19:02:16  [TX] S,614,18D,000,762,P1,4F
19:02:16  [SLOT] n=635 tx=23 ack=0 due=0 r=1
19:02:16  [AT] "AT+CIPSEND=24" (13)
19:02:16  [AT] " S,614,18D,000,762,P1,4F" (24)
19:02:16  [AT] "SEND OK" (7)
19:02:17  [TX] S,615,18D,000,763,P1,4F
19:02:17  [SLOT] n=636 tx=23 ack=0 due=0 r=1
19:02:17  [AT] "AT+CIPSEND=24" (13)
19:02:17  [AT] " S,615,18D,000,763,P1,4F" (24)
19:02:17  [AT] "SEND OK" (7)
19:02:18  [TX] S,616,18C,000,764,P1,4C
19:02:18  [SLOT] n=637 tx=23 ack=0 due=0 r=1
19:02:18  [AT] "AT+CIPSEND=24" (13)
19:02:19  [AT] " S,616,18C,000,764,P1,4C" (24)
19:02:19  [AT] "SEND OK" (7)
19:02:20  [TX] S,617,18C,000,765,P1,4C
19:02:20  [SLOT] n=638 tx=23 ack=0 due=0 r=1
19:02:20  [AT] "AT+CIPSEND=24" (13)
19:02:20  [AT] " S,617,18C,000,765,P1,4C" (24)
19:02:20  [AT] "SEND OK" (7)
19:02:21  [TX] S,618,18C,000,766,P1,40
19:02:21  [SLOT] n=639 tx=23 ack=0 due=0 r=1
19:02:21  [AT] "AT+CIPSEND=24" (13)
19:02:21  [AT] " S,618,18C,000,766,P1,40" (24)
19:02:21  [AT] "SEND OK" (7)
19:02:22  [TX] S,619,18E,000,768,P1,49
19:02:22  [SLOT] n=640 tx=23 ack=0 due=0 r=1
19:02:22  [AT] "AT+CIPSEND=24" (13)
19:02:22  [AT] " S,619,18E,000,768,P1,49" (24)
19:02:22  [AT] "SEND OK" (7)
19:02:23  [TX] S,620,18E,000,769,P1,42
19:02:23  [SLOT] n=641 tx=23 ack=0 due=0 r=1
19:02:23  [AT] "AT+CIPSEND=24" (13)
19:02:23  [AT] " S,620,18E,000,769,P1,42" (24)
19:02:23  [AT] "SEND OK" (7)
19:02:24  [TX] S,621,18E,000,770,P1,4B
19:02:24  [SLOT] n=642 tx=23 ack=0 due=0 r=1
19:02:24  [AT] "AT+CIPSEND=24" (13)
19:02:25  [AT] " S,621,18E,000,770,P1,4B" (24)
19:02:25  [AT] "SEND OK" (7)
19:02:26  [TX] S,622,18E,000,771,P1,49
19:02:26  [SLOT] n=643 tx=23 ack=0 due=0 r=1
19:02:26  [AT] "AT+CIPSEND=24" (13)
19:02:26  [AT] " S,622,18E,000,771,P1,49" (24)
19:02:26  [AT] "SEND OK" (7)
19:02:27  [TX] S,623,18F,000,772,P1,48
19:02:27  [SLOT] n=644 tx=23 ack=0 due=0 r=1
19:02:27  [AT] "AT+CIPSEND=24" (13)
19:02:27  [AT] " S,623,18F,000,772,P1,48" (24)
19:02:27  [AT] "SEND OK" (7)
19:02:28  [TX] S,624,18F,000,774,P1,49
19:02:28  [SLOT] n=645 tx=23 ack=0 due=0 r=1
19:02:28  [AT] "AT+CIPSEND=24" (13)
19:02:28  [AT] " S,624,18F,000,774,P1,49" (24)
19:02:28  [AT] "SEND OK" (7)
19:02:29  [TX] S,625,18F,000,775,P1,49
19:02:29  [SLOT] n=646 tx=23 ack=0 due=0 r=1
19:02:29  [AT] "AT+CIPSEND=24" (13)
19:02:30  [AT] " S,625,18F,000,775,P1,49" (24)
19:02:30  [AT] "SEND OK" (7)
19:02:30  [TX] S,626,18F,000,776,P1,49
19:02:30  [SLOT] n=647 tx=23 ack=0 due=0 r=1
19:02:30  [AT] "AT+CIPSEND=24" (13)
19:02:31  [AT] " S,626,18F,000,776,P1,49" (24)
19:02:31  [AT] "SEND OK" (7)
19:02:32  [TX] S,627,18F,000,777,P1,49
19:02:32  [SLOT] n=648 tx=23 ack=0 due=0 r=1
19:02:32  [AT] "AT+CIPSEND=24" (13)
19:02:32  [AT] " S,627,18F,000,777,P1,49" (24)
19:02:32  [AT] "SEND OK" (7)
19:02:33  «tap» 살아있음 — 최근 60초 rx=7901B (이 줄이 끊기면 탭이 죽은 것이다)
19:02:33  [TX] S,628,18F,000,778,P1,49
19:02:33  [SLOT] n=649 tx=23 ack=0 due=0 r=1
19:02:33  [AT] "AT+CIPSEND=24" (13)
19:02:33  [AT] " S,628,18F,000,778,P1,49" (24)
19:02:33  [AT] "SEND OK" (7)
19:02:34  [TX] S,629,18D,000,780,P1,4D
19:02:34  [SLOT] n=650 tx=23 ack=0 due=0 r=1
19:02:34  [CNT] up=780 drop=0 esprst=1 hwrst=0/0 resync=0 sendfail=0 okto=0 stuck=0 ackq=0 ackdrop=0 ackstale=0 slot=650 oow=7 smiss=2 ssovf=0 cksumng=0 okstream=629 penddrop=0 pendfill=630 bigfill=2 bigdrop=0 bigokst=2 oklost=0 bigoklost=0 skip=2 online=1
19:02:34  [RAM] 최저 여유 596 B · 프롬프트 재동기 0회 (서버의 '버린줄' 과 맞아야 한다)
19:02:34  [AT] "AT+CIPSEND=24" (13)
19:02:34  [AT] " S,629,18D,000,780,P1,4D" (24)
19:02:34  [AT] "SEND OK" (7)
19:02:35  [TX] S,630,18C,000,781,P1,43
19:02:35  [SLOT] n=651 tx=23 ack=0 due=0 r=1
19:02:35  [AT] "AT+CIPSEND=24" (13)
19:02:35  [AT] " S,630,18C,000,781,P1,43" (24)
19:02:35  [AT] "SEND OK" (7)
19:02:36  [TX] S,631,18C,000,782,P1,41
19:02:36  [SLOT] n=652 tx=23 ack=0 due=0 r=1
19:02:36  [AT] "AT+CIPSEND=24" (13)
19:02:36  [AT] " S,631,18C,000,782,P1,41" (24)
19:02:36  [AT] "SEND OK" (7)
19:02:38  [TX] S,632,18C,000,783,P1,43
19:02:38  [SLOT] n=653 tx=23 ack=0 due=0 r=1
19:02:38  [AT] "AT+CIPSEND=24" (13)
19:02:38  [AT] " S,632,18C,000,783,P1,43" (24)
19:02:38  [AT] "SEND OK" (7)
19:02:39  [TX] S,633,18C,000,784,P1,45
19:02:39  [SLOT] n=654 tx=23 ack=0 due=0 r=1
19:02:39  [AT] "AT+CIPSEND=24" (13)
19:02:39  [AT] " S,633,18C,000,784,P1,45" (24)
19:02:39  [AT] "SEND OK" (7)
19:02:40  [TX] S,634,18C,000,786,P1,40
19:02:40  [SLOT] n=655 tx=23 ack=0 due=0 r=1
19:02:40  [AT] "AT+CIPSEND=24" (13)
19:02:40  [AT] " S,634,18C,000,786,P1,40" (24)
19:02:40  [AT] "SEND OK" (7)
19:02:41  [TX] S,635,18C,000,787,P1,40
19:02:41  [SLOT] n=656 tx=23 ack=0 due=0 r=1
19:02:41  [AT] "AT+CIPSEND=24" (13)
19:02:41  [AT] " S,635,18C,000,787,P1,40" (24)
19:02:41  [AT] "SEND OK" (7)
19:02:42  [TX] S,636,18C,000,788,P1,4C
19:02:42  [SLOT] n=657 tx=23 ack=0 due=0 r=1
19:02:42  [AT] "AT+CIPSEND=24" (13)
19:02:42  [AT] " S,636,18C,000,788,P1,4C" (24)
19:02:42  [AT] "SEND OK" (7)
19:02:44  [TX] S,637,18D,000,789,P1,4B
19:02:44  [SLOT] n=658 tx=23 ack=0 due=0 r=1
19:02:44  [AT] "AT+CIPSEND=24" (13)
19:02:44  [AT] " S,637,18D,000,789,P1,4B" (24)
19:02:44  [AT] "SEND OK" (7)
19:02:45  [TX] S,638,18D,000,790,P1,4C
19:02:45  [SLOT] n=659 tx=23 ack=0 due=0 r=1
19:02:45  [AT] "AT+CIPSEND=24" (13)
19:02:45  [AT] " S,638,18D,000,790,P1,4C" (24)
19:02:45  [AT] "SEND OK" (7)
19:02:46  [TX] S,639,18F,000,792,P1,4D
19:02:46  [SLOT] n=660 tx=23 ack=0 due=0 r=1
19:02:46  [AT] "AT+CIPSEND=24" (13)
19:02:46  [AT] " S,639,18F,000,792,P1,4D" (24)
19:02:46  [AT] "SEND OK" (7)
19:02:47  [TX] S,640,18F,000,793,P1,42
19:02:47  [SLOT] n=661 tx=23 ack=0 due=0 r=1
19:02:47  [AT] "AT+CIPSEND=24" (13)
19:02:47  [AT] " S,640,18F,000,793,P1,42" (24)
19:02:47  [AT] "SEND OK" (7)
19:02:48  [TX] S,641,18F,000,794,P1,44
19:02:48  [SLOT] n=662 tx=23 ack=0 due=0 r=1
19:02:48  [AT] "AT+CIPSEND=24" (13)
19:02:48  [AT] " S,641,18F,000,794,P1,44" (24)
19:02:48  [AT] "SEND OK" (7)
19:02:50  [TX] S,642,18F,000,795,P1,46
19:02:50  [SLOT] n=663 tx=23 ack=0 due=0 r=1
19:02:50  [AT] "AT+CIPSEND=24" (13)
19:02:50  [AT] " S,642,18F,000,795,P1,46" (24)
19:02:50  [AT] "SEND OK" (7)
19:02:51  [TX] S,643,18F,000,796,P1,44
19:02:51  [SLOT] n=664 tx=23 ack=0 due=0 r=1
19:02:51  [AT] "AT+CIPSEND=24" (13)
19:02:51  [AT] " S,643,18F,000,796,P1,44" (24)
19:02:51  [AT] "SEND OK" (7)
19:02:52  [TX] S,644,18E,000,798,P1,4E
19:02:52  [SLOT] n=665 tx=23 ack=0 due=0 r=1
19:02:52  [AT] "AT+CIPSEND=24" (13)
19:02:52  [AT] " S,644,18E,000,798,P1,4E" (24)
19:02:52  [AT] "SEND OK" (7)
19:02:53  [TX] S,645,18E,000,799,P1,4E
19:02:53  [SLOT] n=666 tx=23 ack=0 due=0 r=1
19:02:53  [AT] "AT+CIPSEND=24" (13)
19:02:53  [AT] " S,645,18E,000,799,P1,4E" (24)
19:02:53  [AT] "SEND OK" (7)
19:02:54  [TX] S,646,18E,000,800,P1,42
19:02:54  [SLOT] n=667 tx=23 ack=0 due=0 r=1
19:02:54  [AT] "AT+CIPSEND=24" (13)
19:02:54  [AT] " S,646,18E,000,800,P1,42" (24)
19:02:54  [AT] "SEND OK" (7)
19:02:56  [TX] S,647,18E,000,801,P1,42
19:02:56  [SLOT] n=668 tx=23 ack=0 due=0 r=1
19:02:56  [AT] "AT+CIPSEND=24" (13)
19:02:56  [AT] " S,647,18E,000,801,P1,42" (24)
19:02:56  [AT] "SEND OK" (7)
19:02:57  [TX] S,648,18E,000,802,P1,4E
19:02:57  [SLOT] n=669 tx=23 ack=0 due=0 r=1
19:02:57  [AT] "AT+CIPSEND=24" (13)
19:02:57  [AT] " S,648,18E,000,802,P1,4E" (24)
19:02:57  [AT] "SEND OK" (7)
19:02:58  [TX] S,649,18C,000,804,P1,4F
19:02:58  [SLOT] n=670 tx=23 ack=0 due=0 r=1
19:02:58  [AT] "AT+CIPSEND=24" (13)
19:02:58  [AT] " S,649,18C,000,804,P1,4F" (24)
19:02:58  [AT] "SEND OK" (7)
19:02:59  [TX] S,650,18C,000,805,P1,46
19:02:59  [SLOT] n=671 tx=23 ack=0 due=0 r=1
19:02:59  [AT] "AT+CIPSEND=24" (13)
19:02:59  [AT] " S,650,18C,000,805,P1,46" (24)
19:02:59  [AT] "SEND OK" (7)
19:03:00  [TX] S,651,18D,000,806,P1,43
19:03:00  [SLOT] n=672 tx=23 ack=0 due=0 r=1
19:03:00  [AT] "AT+CIPSEND=24" (13)
19:03:00  [AT] " S,651,18D,000,806,P1,43" (24)
19:03:00  [AT] "SEND OK" (7)
19:03:02  [TX] S,652,18D,000,807,P1,41
19:03:02  [SLOT] n=673 tx=23 ack=0 due=0 r=1
19:03:02  [AT] "AT+CIPSEND=24" (13)
19:03:02  [AT] " S,652,18D,000,807,P1,41" (24)
19:03:02  [AT] "SEND OK" (7)
19:03:03  [TX] S,653,18D,000,808,P1,4F
19:03:03  [SLOT] n=674 tx=23 ack=0 due=0 r=1
19:03:03  [AT] "AT+CIPSEND=24" (13)
19:03:03  [AT] " S,653,18D,000,808,P1,4F" (24)
19:03:03  [AT] "SEND OK" (7)
19:03:04  [TX] S,654,18D,000,810,P1,41
19:03:04  [SLOT] n=675 tx=23 ack=0 due=0 r=1
19:03:04  [AT] "AT+CIPSEND=24" (13)
19:03:04  [AT] " S,654,18D,000,810,P1,41" (24)
19:03:04  [AT] "SEND OK" (7)
19:03:05  [TX] S,655,18D,000,811,P1,41
19:03:05  [SLOT] n=676 tx=23 ack=0 due=0 r=1
19:03:05  [AT] "AT+CIPSEND=24" (13)
19:03:05  [AT] " S,655,18D,000,811,P1,41" (24)
19:03:05  [AT] "SEND OK" (7)
19:03:06  [TX] S,656,18D,000,812,P1,41
19:03:06  [SLOT] n=677 tx=23 ack=0 due=0 r=1
19:03:06  [AT] "AT+CIPSEND=24" (13)
19:03:06  [AT] " S,656,18D,000,812,P1,41" (24)
19:03:06  [AT] "SEND OK" (7)
19:03:08  [TX] S,657,18D,000,813,P1,41
19:03:08  [SLOT] n=678 tx=23 ack=0 due=0 r=1
19:03:08  [AT] "AT+CIPSEND=24" (13)
19:03:08  [AT] " S,657,18D,000,813,P1,41" (24)
19:03:08  [AT] "SEND OK" (7)
19:03:09  [TX] S,658,18C,000,814,P1,4E
19:03:09  [SLOT] n=679 tx=23 ack=0 due=0 r=1
19:03:09  [AT] "AT+CIPSEND=24" (13)
19:03:09  [AT] " S,658,18C,000,814,P1,4E" (24)
19:03:09  [AT] "SEND OK" (7)
19:03:10  [TX] S,659,18E,000,816,P1,4B
19:03:10  [SLOT] n=680 tx=23 ack=0 due=0 r=1
19:03:10  [AT] "AT+CIPSEND=24" (13)
19:03:10  [AT] " S,659,18E,000,816,P1,4B" (24)
19:03:10  [AT] "SEND OK" (7)
19:03:11  [TX] S,660,18E,000,817,P1,40
19:03:11  [SLOT] n=681 tx=23 ack=0 due=0 r=1
19:03:11  [AT] "AT+CIPSEND=24" (13)
19:03:11  [AT] " S,660,18E,000,817,P1,40" (24)
19:03:11  [AT] "SEND OK" (7)
19:03:12  [TX] S,661,18E,000,818,P1,4E
19:03:12  [SLOT] n=682 tx=23 ack=0 due=0 r=1
19:03:12  [AT] "AT+CIPSEND=24" (13)
19:03:12  [AT] " S,661,18E,000,818,P1,4E" (24)
19:03:12  [AT] "SEND OK" (7)
19:03:14  [TX] S,662,18E,000,819,P1,4C
19:03:14  [SLOT] n=683 tx=23 ack=0 due=0 r=1
19:03:14  [AT] "AT+CIPSEND=24" (13)
19:03:14  [AT] " S,662,18E,000,819,P1,4C" (24)
19:03:14  [AT] "SEND OK" (7)
19:03:15  [TX] S,663,18E,000,820,P1,47
19:03:15  [SLOT] n=684 tx=23 ack=0 due=0 r=1
19:03:15  [AT] "AT+CIPSEND=24" (13)
19:03:15  [AT] " S,663,18E,000,820,P1,47" (24)
19:03:15  [AT] "SEND OK" (7)
19:03:16  [TX] S,664,18E,000,822,P1,42
19:03:16  [SLOT] n=685 tx=23 ack=0 due=0 r=1
19:03:16  [AT] "AT+CIPSEND=24" (13)
19:03:16  [AT] " S,664,18E,000,822,P1,42" (24)
19:03:16  [AT] "SEND OK" (7)
19:03:17  [TX] S,665,18F,000,823,P1,41
19:03:17  [SLOT] n=686 tx=23 ack=0 due=0 r=1
19:03:17  [AT] "AT+CIPSEND=24" (13)
19:03:17  [AT] " S,665,18F,000,823,P1,41" (24)
19:03:17  [AT] "SEND OK" (7)
19:03:18  [TX] S,666,18F,000,824,P1,45
19:03:18  [SLOT] n=687 tx=23 ack=0 due=0 r=1
19:03:18  [AT] "AT+CIPSEND=24" (13)
19:03:18  [AT] " S,666,18F,000,824,P1,45" (24)
19:03:18  [AT] "SEND OK" (7)
19:03:20  [TX] S,667,18F,000,825,P1,45
19:03:20  [SLOT] n=688 tx=23 ack=0 due=0 r=1
19:03:20  [AT] "AT+CIPSEND=24" (13)
19:03:20  [AT] " S,667,18F,000,825,P1,45" (24)
19:03:20  [AT] "SEND OK" (7)
19:03:21  [TX] S,668,18F,000,826,P1,49
19:03:21  [SLOT] n=689 tx=23 ack=0 due=0 r=1
19:03:21  [AT] "AT+CIPSEND=24" (13)
19:03:21  [AT] " S,668,18F,000,826,P1,49" (24)
19:03:21  [AT] "SEND OK" (7)
19:03:22  [TX] S,669,18D,000,828,P1,44
19:03:22  [SLOT] n=690 tx=23 ack=0 due=0 r=1
19:03:22  [AT] "AT+CIPSEND=24" (13)
19:03:22  [AT] " S,669,18D,000,828,P1,44" (24)
19:03:22  [AT] "SEND OK" (7)
19:03:23  [TX] S,670,18D,000,829,P1,4D
19:03:23  [SLOT] n=691 tx=23 ack=0 due=0 r=1
19:03:23  [AT] "AT+CIPSEND=24" (13)
19:03:23  [AT] " S,670,18D,000,829,P1,4D" (24)
19:03:23  [AT] "SEND OK" (7)
19:03:24  [TX] S,671,18D,000,830,P1,44
19:03:24  [SLOT] n=692 tx=23 ack=0 due=0 r=1
19:03:24  [AT] "AT+CIPSEND=24" (13)
19:03:24  [AT] " S,671,18D,000,830,P1,44" (24)
19:03:24  [AT] "SEND OK" (7)
19:03:26  [TX] S,672,18C,000,831,P1,41
19:03:26  [SLOT] n=693 tx=23 ack=0 due=0 r=1
19:03:26  [AT] "AT+CIPSEND=24" (13)
19:03:26  [AT] " S,672,18C,000,831,P1,41" (24)
19:03:26  [AT] "SEND OK" (7)
19:03:27  [TX] S,673,18C,000,832,P1,43
19:03:27  [SLOT] n=694 tx=23 ack=0 due=0 r=1
19:03:27  [AT] "AT+CIPSEND=24" (13)
19:03:27  [AT] " S,673,18C,000,832,P1,43" (24)
19:03:27  [AT] "SEND OK" (7)
19:03:28  [TX] S,674,18C,000,834,P1,42
19:03:28  [SLOT] n=695 tx=23 ack=0 due=0 r=1
19:03:28  [AT] "AT+CIPSEND=24" (13)
19:03:28  [AT] " S,674,18C,000,834,P1,42" (24)
19:03:28  [AT] "SEND OK" (7)
19:03:29  [TX] S,675,18C,000,835,P1,42
19:03:29  [SLOT] n=696 tx=23 ack=0 due=0 r=1
19:03:29  [AT] "AT+CIPSEND=24" (13)
19:03:29  [AT] " S,675,18C,000,835,P1,42" (24)
19:03:29  [AT] "SEND OK" (7)
19:03:30  [TX] S,676,18C,000,836,P1,42
19:03:30  [SLOT] n=697 tx=23 ack=0 due=0 r=1
19:03:30  [AT] "AT+CIPSEND=24" (13)
19:03:30  [AT] " S,676,18C,000,836,P1,42" (24)
19:03:30  [AT] "SEND OK" (7)
19:03:32  [TX] S,677,18C,000,837,P1,42
19:03:32  [SLOT] n=698 tx=23 ack=0 due=0 r=1
19:03:32  [AT] "AT+CIPSEND=24" (13)
19:03:32  [AT] " S,677,18C,000,837,P1,42" (24)
19:03:32  [AT] "SEND OK" (7)
19:03:33  «tap» 살아있음 — 최근 60초 rx=7901B (이 줄이 끊기면 탭이 죽은 것이다)
19:03:33  [TX] S,678,18C,000,838,P1,42
19:03:33  [SLOT] n=699 tx=23 ack=0 due=0 r=1
19:03:33  [AT] "AT+CIPSEND=24" (13)
19:03:33  [AT] " S,678,18C,000,838,P1,42" (24)
19:03:33  [AT] "SEND OK" (7)
19:03:34  [TX] S,679,18F,000,840,P1,49
19:03:34  [SLOT] n=700 tx=23 ack=0 due=0 r=1
19:03:34  [CNT] up=840 drop=0 esprst=1 hwrst=0/0 resync=0 sendfail=0 okto=0 stuck=0 ackq=0 ackdrop=0 ackstale=0 slot=700 oow=7 smiss=2 ssovf=0 cksumng=0 okstream=679 penddrop=0 pendfill=680 bigfill=2 bigdrop=0 bigokst=2 oklost=0 bigoklost=0 skip=2 online=1
19:03:34  [RAM] 최저 여유 596 B · 프롬프트 재동기 0회 (서버의 '버린줄' 과 맞아야 한다)
19:03:34  [AT] " S,679,18F,000,840,P1,49" (24)
19:03:34  [AT] "SEND OK" (7)
19:03:34  [AT] "AT+CIPSEND=24" (13)
19:03:35  [TX] S,680,18F,000,841,P1,4E
19:03:35  [SLOT] n=701 tx=23 ack=0 due=0 r=1
19:03:35  [AT] "AT+CIPSEND=24" (13)
19:03:35  [AT] " S,680,18F,000,841,P1,4E" (24)
19:03:35  [AT] "SEND OK" (7)
19:03:36  [TX] S,681,18F,000,842,P1,4C
19:03:36  [SLOT] n=702 tx=23 ack=0 due=0 r=1
19:03:36  [AT] "AT+CIPSEND=24" (13)
19:03:36  [AT] " S,681,18F,000,842,P1,4C" (24)
19:03:36  [AT] "SEND OK" (7)
19:03:38  [TX] S,682,18F,000,843,P1,4E
19:03:38  [SLOT] n=703 tx=23 ack=0 due=0 r=1
19:03:38  [AT] "AT+CIPSEND=24" (13)
19:03:38  [AT] " S,682,18F,000,843,P1,4E" (24)
19:03:38  [AT] "SEND OK" (7)
19:03:39  [TX] S,683,18F,000,844,P1,48
19:03:39  [SLOT] n=704 tx=23 ack=0 due=0 r=1
19:03:39  [AT] "AT+CIPSEND=24" (13)
19:03:39  [AT] " S,683,18F,000,844,P1,48" (24)
19:03:39  [AT] "SEND OK" (7)
19:03:40  [TX] S,684,18F,000,846,P1,4D
19:03:40  [SLOT] n=705 tx=23 ack=0 due=0 r=1
19:03:40  [AT] "AT+CIPSEND=24" (13)
19:03:40  [AT] " S,684,18F,000,846,P1,4D" (24)
19:03:40  [AT] "SEND OK" (7)
19:03:41  [TX] S,685,18F,000,847,P1,4D
19:03:41  [SLOT] n=706 tx=23 ack=0 due=0 r=1
19:03:41  [AT] "AT+CIPSEND=24" (13)
19:03:41  [AT] " S,685,18F,000,847,P1,4D" (24)
19:03:41  [AT] "SEND OK" (7)
19:03:42  [TX] S,686,18E,000,848,P1,42
19:03:42  [SLOT] n=707 tx=23 ack=0 due=0 r=1
19:03:42  [AT] "AT+CIPSEND=24" (13)
19:03:42  [AT] " S,686,18E,000,848,P1,42" (24)
19:03:42  [AT] "SEND OK" (7)
19:03:44  [TX] S,687,18E,000,849,P1,42
19:03:44  [SLOT] n=708 tx=23 ack=0 due=0 r=1
19:03:44  [AT] "AT+CIPSEND=24" (13)
19:03:44  [AT] " S,687,18E,000,849,P1,42" (24)
19:03:44  [AT] "SEND OK" (7)
19:03:45  [TX] S,688,18E,000,850,P1,45
19:03:45  [SLOT] n=709 tx=23 ack=0 due=0 r=1
19:03:45  [AT] "AT+CIPSEND=24" (13)
19:03:45  [AT] " S,688,18E,000,850,P1,45" (24)
19:03:45  [AT] "SEND OK" (7)
19:03:46  [TX] S,689,18C,000,852,P1,40
19:03:46  [SLOT] n=710 tx=23 ack=0 due=0 r=1
19:03:46  [AT] "AT+CIPSEND=24" (13)
19:03:46  [AT] " S,689,18C,000,852,P1,40" (24)
19:03:46  [AT] "SEND OK" (7)
19:03:47  [TX] S,690,18C,000,853,P1,49
19:03:47  [SLOT] n=711 tx=23 ack=0 due=0 r=1
19:03:47  [AT] "AT+CIPSEND=24" (13)
19:03:47  [AT] " S,690,18C,000,853,P1,49" (24)
19:03:47  [AT] "SEND OK" (7)
19:03:48  [TX] S,691,18C,000,854,P1,4F
19:03:48  [SLOT] n=712 tx=23 ack=0 due=0 r=1
19:03:48  [AT] "AT+CIPSEND=24" (13)
19:03:48  [AT] " S,691,18C,000,854,P1,4F" (24)
19:03:48  [AT] "SEND OK" (7)
19:03:50  [TX] S,692,18C,000,855,P1,4D
19:03:50  [SLOT] n=713 tx=23 ack=0 due=0 r=1
19:03:50  [AT] "AT+CIPSEND=24" (13)
19:03:50  [AT] " S,692,18C,000,855,P1,4D" (24)
19:03:50  [AT] "SEND OK" (7)
19:03:51  [TX] S,693,18D,000,856,P1,48
19:03:51  [SLOT] n=714 tx=23 ack=0 due=0 r=1
19:03:51  [AT] "AT+CIPSEND=24" (13)
19:03:51  [AT] " S,693,18D,000,856,P1,48" (24)
19:03:51  [AT] "SEND OK" (7)
19:03:52  [TX] S,694,18D,000,858,P1,41
19:03:52  [SLOT] n=715 tx=23 ack=0 due=0 r=1
19:03:52  [AT] "AT+CIPSEND=24" (13)
19:03:52  [AT] " S,694,18D,000,858,P1,41" (24)
19:03:52  [AT] "SEND OK" (7)
19:03:53  [TX] S,695,18D,000,859,P1,41
19:03:53  [SLOT] n=716 tx=23 ack=0 due=0 r=1
19:03:53  [AT] "AT+CIPSEND=24" (13)
19:03:53  [AT] " S,695,18D,000,859,P1,41" (24)
19:03:53  [AT] "SEND OK" (7)
19:03:54  [TX] S,696,18D,000,860,P1,48
19:03:54  [SLOT] n=717 tx=23 ack=0 due=0 r=1
19:03:54  [AT] "AT+CIPSEND=24" (13)
19:03:54  [AT] " S,696,18D,000,860,P1,48" (24)
19:03:54  [AT] "SEND OK" (7)
19:03:56  [TX] S,697,18D,000,861,P1,48
19:03:56  [SLOT] n=718 tx=23 ack=0 due=0 r=1
19:03:56  [AT] "AT+CIPSEND=24" (13)
19:03:56  [AT] " S,697,18D,000,861,P1,48" (24)
19:03:56  [AT] "SEND OK" (7)
19:03:57  [TX] S,698,18D,000,862,P1,44
19:03:57  [SLOT] n=719 tx=23 ack=0 due=0 r=1
19:03:57  [AT] "AT+CIPSEND=24" (13)
19:03:57  [AT] " S,698,18D,000,862,P1,44" (24)
19:03:57  [AT] "SEND OK" (7)
19:03:58  [TX] S,699,18F,000,864,P1,41
19:03:58  [SLOT] n=720 tx=23 ack=0 due=0 r=1
19:03:58  [AT] "AT+CIPSEND=24" (13)
19:03:58  [AT] " S,699,18F,000,864,P1,41" (24)
19:03:58  [AT] "SEND OK" (7)
19:03:59  [TX] S,700,18E,000,865,P1,42
19:03:59  [SLOT] n=721 tx=23 ack=0 due=0 r=1
19:03:59  [AT] "AT+CIPSEND=24" (13)
19:03:59  [AT] " S,700,18E,000,865,P1,42" (24)
19:03:59  [AT] "SEND OK" (7)
19:04:00  [TX] S,701,18E,000,866,P1,40
19:04:00  [SLOT] n=722 tx=23 ack=0 due=0 r=1
19:04:00  [AT] "AT+CIPSEND=24" (13)
19:04:00  [AT] " S,701,18E,000,866,P1,40" (24)
19:04:00  [AT] "SEND OK" (7)
19:04:02  [TX] S,702,18E,000,867,P1,42
19:04:02  [SLOT] n=723 tx=23 ack=0 due=0 r=1
19:04:02  [AT] "AT+CIPSEND=24" (13)
19:04:02  [AT] " S,702,18E,000,867,P1,42" (24)
19:04:02  [AT] "SEND OK" (7)
19:04:03  [TX] S,703,18E,000,868,P1,4C
19:04:03  [SLOT] n=724 tx=23 ack=0 due=0 r=1
19:04:03  [AT] "AT+CIPSEND=24" (13)
19:04:03  [AT] " S,703,18E,000,868,P1,4C" (24)
19:04:03  [AT] "SEND OK" (7)
19:04:04  [TX] S,704,18E,000,870,P1,42
19:04:04  [SLOT] n=725 tx=23 ack=0 due=0 r=1
19:04:04  [AT] "AT+CIPSEND=24" (13)
19:04:04  [AT] " S,704,18E,000,870,P1,42" (24)
19:04:04  [AT] "SEND OK" (7)
19:04:05  [TX] S,705,18E,000,871,P1,42
19:04:05  [SLOT] n=726 tx=23 ack=0 due=0 r=1
19:04:05  [AT] "AT+CIPSEND=24" (13)
19:04:05  [AT] " S,705,18E,000,871,P1,42" (24)
19:04:05  [AT] "SEND OK" (7)
19:04:06  [TX] S,706,18E,000,872,P1,42
19:04:06  [SLOT] n=727 tx=23 ack=0 due=0 r=1
19:04:06  [AT] "AT+CIPSEND=24" (13)
19:04:06  [AT] " S,706,18E,000,872,P1,42" (24)
19:04:06  [AT] "SEND OK" (7)
19:04:08  [TX] S,707,18F,000,873,P1,41
19:04:08  [SLOT] n=728 tx=23 ack=0 due=0 r=1
19:04:08  [AT] "AT+CIPSEND=24" (13)
19:04:08  [AT] " S,707,18F,000,873,P1,41" (24)
19:04:08  [AT] "SEND OK" (7)
19:04:09  [TX] S,708,18F,000,874,P1,49
19:04:09  [SLOT] n=729 tx=23 ack=0 due=0 r=1
19:04:09  [AT] "AT+CIPSEND=24" (13)
19:04:09  [AT] " S,708,18F,000,874,P1,49" (24)
19:04:09  [AT] "SEND OK" (7)
19:04:10  [TX] S,709,18D,000,876,P1,48
19:04:10  [SLOT] n=730 tx=23 ack=0 due=0 r=1
19:04:10  [AT] "AT+CIPSEND=24" (13)
19:04:10  [AT] " S,709,18D,000,876,P1,48" (24)
19:04:10  [AT] "SEND OK" (7)
19:04:11  [TX] S,710,18D,000,877,P1,41
19:04:11  [SLOT] n=731 tx=23 ack=0 due=0 r=1
19:04:11  [AT] "AT+CIPSEND=24" (13)
19:04:11  [AT] " S,710,18D,000,877,P1,41" (24)
19:04:11  [AT] "SEND OK" (7)
19:04:12  [TX] S,711,18D,000,878,P1,4F
19:04:12  [SLOT] n=732 tx=23 ack=0 due=0 r=1
19:04:12  [AT] "AT+CIPSEND=24" (13)
19:04:12  [AT] " S,711,18D,000,878,P1,4F" (24)
19:04:12  [AT] "SEND OK" (7)
19:04:14  [TX] S,712,18D,000,879,P1,4D
19:04:14  [SLOT] n=733 tx=23 ack=0 due=0 r=1
19:04:14  [AT] "AT+CIPSEND=24" (13)
19:04:14  [AT] " S,712,18D,000,879,P1,4D" (24)
19:04:14  [AT] "SEND OK" (7)
19:04:15  [TX] S,713,18D,000,880,P1,4A
19:04:15  [SLOT] n=734 tx=23 ack=0 due=0 r=1
19:04:15  [AT] "AT+CIPSEND=24" (13)
19:04:15  [AT] " S,713,18D,000,880,P1,4A" (24)
19:04:15  [AT] "SEND OK" (7)
19:04:16  [TX] S,714,18C,000,882,P1,48
19:04:16  [SLOT] n=735 tx=23 ack=0 due=0 r=1
19:04:16  [AT] "AT+CIPSEND=24" (13)
19:04:16  [AT] " S,714,18C,000,882,P1,48" (24)
19:04:16  [AT] "SEND OK" (7)
19:04:17  [TX] S,715,18C,000,883,P1,48
19:04:17  [SLOT] n=736 tx=23 ack=0 due=0 r=1
19:04:17  [AT] "AT+CIPSEND=24" (13)
19:04:17  [AT] " S,715,18C,000,883,P1,48" (24)
19:04:17  [AT] "SEND OK" (7)
19:04:18  [TX] S,716,18C,000,884,P1,4C
19:04:18  [SLOT] n=737 tx=23 ack=0 due=0 r=1
19:04:18  [AT] "AT+CIPSEND=24" (13)
19:04:18  [AT] " S,716,18C,000,884,P1,4C" (24)
19:04:18  [AT] "SEND OK" (7)
19:04:19  [TX] S,717,18C,000,885,P1,4C
19:04:19  [SLOT] n=738 tx=23 ack=0 due=0 r=1
19:04:20  [AT] "AT+CIPSEND=24" (13)
19:04:20  [AT] " S,717,18C,000,885,P1,4C" (24)
19:04:20  [AT] "SEND OK" (7)
19:04:21  [TX] S,718,18C,000,886,P1,40
19:04:21  [SLOT] n=739 tx=23 ack=0 due=0 r=1
19:04:21  [AT] "AT+CIPSEND=24" (13)
19:04:21  [AT] " S,718,18C,000,886,P1,40" (24)
19:04:21  [AT] "SEND OK" (7)
19:04:22  [TX] S,719,18E,000,888,P1,49
19:04:22  [SLOT] n=740 tx=23 ack=0 due=0 r=1
19:04:22  [AT] "AT+CIPSEND=24" (13)
19:04:22  [AT] " S,719,18E,000,888,P1,49" (24)
19:04:22  [AT] "SEND OK" (7)
19:04:23  [TX] S,720,18E,000,889,P1,42
19:04:23  [SLOT] n=741 tx=23 ack=0 due=0 r=1
19:04:23  [AT] "AT+CIPSEND=24" (13)
19:04:23  [AT] " S,720,18E,000,889,P1,42" (24)
19:04:23  [AT] "SEND OK" (7)
19:04:24  [TX] S,721,18F,000,890,P1,48
19:04:24  [SLOT] n=742 tx=23 ack=0 due=0 r=1
19:04:24  [AT] "AT+CIPSEND=24" (13)
19:04:24  [AT] " S,721,18F,000,890,P1,48" (24)
19:04:24  [AT] "SEND OK" (7)
19:04:25  [TX] S,722,18F,000,891,P1,4A
19:04:25  [SLOT] n=743 tx=23 ack=0 due=0 r=1
19:04:26  [AT] "AT+CIPSEND=24" (13)
19:04:26  [AT] " S,722,18F,000,891,P1,4A" (24)
19:04:26  [AT] "SEND OK" (7)
19:04:27  [TX] S,723,18F,000,892,P1,48
19:04:27  [SLOT] n=744 tx=23 ack=0 due=0 r=1
19:04:27  [AT] "AT+CIPSEND=24" (13)
19:04:27  [AT] " S,723,18F,000,892,P1,48" (24)
19:04:27  [AT] "SEND OK" (7)
19:04:28  [TX] S,724,18F,000,894,P1,49
19:04:28  [SLOT] n=745 tx=23 ack=0 due=0 r=1
19:04:28  [AT] "AT+CIPSEND=24" (13)
19:04:28  [AT] " S,724,18F,000,894,P1,49" (24)
19:04:28  [AT] "SEND OK" (7)
19:04:29  [TX] S,725,18F,000,895,P1,49
19:04:29  [SLOT] n=746 tx=23 ack=0 due=0 r=1
19:04:29  [AT] "AT+CIPSEND=24" (13)
19:04:29  [AT] " S,725,18F,000,895,P1,49" (24)
19:04:29  [AT] "SEND OK" (7)
19:04:30  [TX] S,726,18F,000,896,P1,49
19:04:30  [SLOT] n=747 tx=23 ack=0 due=0 r=1
19:04:30  [AT] "AT+CIPSEND=24" (13)
19:04:30  [AT] " S,726,18F,000,896,P1,49" (24)
19:04:30  [AT] "SEND OK" (7)
19:04:31  [TX] S,727,18F,000,897,P1,49
19:04:31  [SLOT] n=748 tx=23 ack=0 due=0 r=1
19:04:31  [AT] "AT+CIPSEND=24" (13)
19:04:32  [AT] " S,727,18F,000,897,P1,49" (24)
19:04:32  [AT] "SEND OK" (7)
19:04:33  «tap» 살아있음 — 최근 60초 rx=7901B (이 줄이 끊기면 탭이 죽은 것이다)
19:04:33  [TX] S,728,18E,000,898,P1,4A
19:04:33  [SLOT] n=749 tx=23 ack=0 due=0 r=1
19:04:33  [AT] "AT+CIPSEND=24" (13)
19:04:33  [AT] " S,728,18E,000,898,P1,4A" (24)
19:04:33  [AT] "SEND OK" (7)
19:04:34  [TX] S,729,18C,000,900,P1,4D
19:04:34  [SLOT] n=750 tx=23 ack=0 due=0 r=1
19:04:34  [CNT] up=900 drop=0 esprst=1 hwrst=0/0 resync=0 sendfail=0 okto=0 stuck=0 ackq=0 ackdrop=0 ackstale=0 slot=750 oow=7 smiss=2 ssovf=0 cksumng=0 okstream=729 penddrop=0 pendfill=730 bigfill=2 bigdrop=0 bigokst=2 oklost=0 bigoklost=0 skip=2 online=1
19:04:34  [RAM] 최저 여유 596 B · 프롬프트 재동기 0회 (서버의 '버린줄' 과 맞아야 한다)
19:04:34  [AT] " S,729,18C,000,900,P1,4D" (24)
19:04:34  [AT] "SEND OK" (7)
19:04:34  [AT] "AT+CIPSEND=24" (13)
19:04:35  [TX] S,730,18C,000,901,P1,44
19:04:35  [SLOT] n=751 tx=23 ack=0 due=0 r=1
19:04:35  [AT] "AT+CIPSEND=24" (13)
19:04:35  [AT] " S,730,18C,000,901,P1,44" (24)
19:04:35  [AT] "SEND OK" (7)
19:04:36  [TX] S,731,18C,000,902,P1,46
19:04:36  [SLOT] n=752 tx=23 ack=0 due=0 r=1
19:04:36  [AT] "AT+CIPSEND=24" (13)
19:04:36  [AT] " S,731,18C,000,902,P1,46" (24)
19:04:36  [AT] "SEND OK" (7)
19:04:37  [TX] S,732,18C,000,903,P1,44
19:04:37  [SLOT] n=753 tx=23 ack=0 due=0 r=1
19:04:37  [AT] "AT+CIPSEND=24" (13)
19:04:38  [AT] " S,732,18C,000,903,P1,44" (24)
19:04:38  [AT] "SEND OK" (7)
19:04:39  [TX] S,733,18C,000,904,P1,42
19:04:39  [SLOT] n=754 tx=23 ack=0 due=0 r=1
19:04:39  [AT] "AT+CIPSEND=24" (13)
19:04:39  [AT] " S,733,18C,000,904,P1,42" (24)
19:04:39  [AT] "SEND OK" (7)
19:04:40  [TX] S,734,18C,000,906,P1,47
19:04:40  [SLOT] n=755 tx=23 ack=0 due=0 r=1
19:04:40  [AT] "AT+CIPSEND=24" (13)
19:04:40  [AT] " S,734,18C,000,906,P1,47" (24)
19:04:40  [AT] "SEND OK" (7)
19:04:41  [TX] S,735,18D,000,907,P1,40
19:04:41  [SLOT] n=756 tx=23 ack=0 due=0 r=1
19:04:41  [AT] "AT+CIPSEND=24" (13)
19:04:41  [AT] " S,735,18D,000,907,P1,40" (24)
19:04:41  [AT] "SEND OK" (7)
19:04:42  [TX] S,736,18D,000,908,P1,4C
19:04:42  [SLOT] n=757 tx=23 ack=0 due=0 r=1
19:04:42  [AT] "AT+CIPSEND=24" (13)
19:04:42  [AT] " S,736,18D,000,908,P1,4C" (24)
19:04:42  [AT] "SEND OK" (7)
19:04:43  [TX] S,737,18D,000,909,P1,4C
19:04:43  [SLOT] n=758 tx=23 ack=0 due=0 r=1
19:04:43  [AT] "AT+CIPSEND=24" (13)
19:04:43  [AT] " S,737,18D,000,909,P1,4C" (24)
19:04:44  [AT] "SEND OK" (7)
19:04:45  [TX] S,738,18D,000,910,P1,4B
19:04:45  [SLOT] n=759 tx=23 ack=0 due=0 r=1
19:04:45  [AT] "AT+CIPSEND=24" (13)
19:04:45  [AT] " S,738,18D,000,910,P1,4B" (24)
19:04:45  [AT] "SEND OK" (7)
19:04:46  [TX] S,739,18F,000,912,P1,4A
19:04:46  [SLOT] n=760 tx=23 ack=0 due=0 r=1
19:04:46  [AT] "AT+CIPSEND=24" (13)
19:04:46  [AT] " S,739,18F,000,912,P1,4A" (24)
19:04:46  [AT] "SEND OK" (7)
19:04:47  [TX] S,740,18F,000,913,P1,45
19:04:47  [SLOT] n=761 tx=23 ack=0 due=0 r=1
19:04:47  [AT] "AT+CIPSEND=24" (13)
19:04:47  [AT] " S,740,18F,000,913,P1,45" (24)
19:04:47  [AT] "SEND OK" (7)
19:04:48  [TX] S,741,18F,000,914,P1,43
19:04:48  [SLOT] n=762 tx=23 ack=0 due=0 r=1
19:04:48  [AT] "AT+CIPSEND=24" (13)
19:04:48  [AT] " S,741,18F,000,914,P1,43" (24)
19:04:48  [AT] "SEND OK" (7)
19:04:49  [TX] S,742,18E,000,915,P1,42
19:04:49  [SLOT] n=763 tx=23 ack=0 due=0 r=1
19:04:49  [AT] "AT+CIPSEND=24" (13)
19:04:49  [AT] " S,742,18E,000,915,P1,42" (24)
19:04:49  [AT] "SEND OK" (7)
19:04:51  [TX] S,743,18E,000,916,P1,40
19:04:51  [SLOT] n=764 tx=23 ack=0 due=0 r=1
19:04:51  [AT] "AT+CIPSEND=24" (13)
19:04:51  [AT] " S,743,18E,000,916,P1,40" (24)
19:04:51  [AT] "SEND OK" (7)
19:04:52  [TX] S,744,18E,000,918,P1,49
19:04:52  [SLOT] n=765 tx=23 ack=0 due=0 r=1
19:04:52  [AT] "AT+CIPSEND=24" (13)
19:04:52  [AT] " S,744,18E,000,918,P1,49" (24)
19:04:52  [AT] "SEND OK" (7)
19:04:53  [TX] S,745,18E,000,919,P1,49
19:04:53  [SLOT] n=766 tx=23 ack=0 due=0 r=1
19:04:53  [AT] "AT+CIPSEND=24" (13)
19:04:53  [AT] " S,745,18E,000,919,P1,49" (24)
19:04:53  [AT] "SEND OK" (7)
19:04:54  [TX] S,746,18E,000,920,P1,40
19:04:54  [SLOT] n=767 tx=23 ack=0 due=0 r=1
19:04:54  [AT] "AT+CIPSEND=24" (13)
19:04:54  [AT] " S,746,18E,000,920,P1,40" (24)
19:04:54  [AT] "SEND OK" (7)
19:04:55  [TX] S,747,18E,000,921,P1,40
19:04:55  [SLOT] n=768 tx=23 ack=0 due=0 r=1
19:04:55  [AT] "AT+CIPSEND=24" (13)
19:04:56  [AT] " S,747,18E,000,921,P1,40" (24)
19:04:56  [AT] "SEND OK" (7)
19:04:57  [TX] S,748,18E,000,922,P1,4C
19:04:57  [SLOT] n=769 tx=23 ack=0 due=0 r=1
19:04:57  [AT] "AT+CIPSEND=24" (13)
19:04:57  [AT] " S,748,18E,000,922,P1,4C" (24)
19:04:57  [AT] "SEND OK" (7)
19:04:58  [TX] S,749,18D,000,924,P1,4A
19:04:58  [SLOT] n=770 tx=23 ack=0 due=0 r=1
19:04:58  [AT] "AT+CIPSEND=24" (13)
19:04:58  [AT] " S,749,18D,000,924,P1,4A" (24)
19:04:58  [AT] "SEND OK" (7)
19:04:59  [TX] S,750,18D,000,925,P1,43
19:04:59  [SLOT] n=771 tx=23 ack=0 due=0 r=1
19:04:59  [AT] "AT+CIPSEND=24" (13)
19:04:59  [AT] " S,750,18D,000,925,P1,43" (24)
19:04:59  [AT] "SEND OK" (7)
19:05:00  [TX] S,751,18D,000,926,P1,41
19:05:00  [SLOT] n=772 tx=23 ack=0 due=0 r=1
19:05:00  [AT] "AT+CIPSEND=24" (13)
19:05:00  [AT] " S,751,18D,000,926,P1,41" (24)
19:05:00  [AT] "SEND OK" (7)
19:05:01  [TX] S,752,18D,000,927,P1,43
19:05:01  [SLOT] n=773 tx=23 ack=0 due=0 r=1
19:05:01  [AT] "AT+CIPSEND=24" (13)
19:05:01  [AT] " S,752,18D,000,927,P1,43" (24)
19:05:01  [AT] "SEND OK" (7)
19:05:03  [TX] S,753,18D,000,928,P1,4D
19:05:03  [SLOT] n=774 tx=23 ack=0 due=0 r=1
19:05:03  [AT] "AT+CIPSEND=24" (13)
19:05:03  [AT] " S,753,18D,000,928,P1,4D" (24)
19:05:03  [AT] "SEND OK" (7)
19:05:04  [TX] S,754,18D,000,930,P1,43
19:05:04  [SLOT] n=775 tx=23 ack=0 due=0 r=1
19:05:04  [AT] "AT+CIPSEND=24" (13)
19:05:04  [AT] " S,754,18D,000,930,P1,43" (24)
19:05:04  [AT] "SEND OK" (7)
19:05:05  [TX] S,755,18D,000,931,P1,43
19:05:05  [SLOT] n=776 tx=23 ack=0 due=0 r=1
19:05:05  [AT] "AT+CIPSEND=24" (13)
19:05:05  [AT] " S,755,18D,000,931,P1,43" (24)
19:05:05  [AT] "SEND OK" (7)
19:05:06  [TX] S,756,18C,000,932,P1,44
19:05:06  [SLOT] n=777 tx=23 ack=0 due=0 r=1
19:05:06  [AT] "AT+CIPSEND=24" (13)
19:05:06  [AT] " S,756,18C,000,932,P1,44" (24)
19:05:06  [AT] "SEND OK" (7)
19:05:07  [TX] S,757,18C,000,933,P1,44
19:05:07  [SLOT] n=778 tx=23 ack=0 due=0 r=1
19:05:07  [AT] "AT+CIPSEND=24" (13)
19:05:08  [AT] " S,757,18C,000,933,P1,44" (24)
19:05:08  [AT] "SEND OK" (7)
19:05:09  [TX] S,758,18C,000,934,P1,4C
19:05:09  [SLOT] n=779 tx=23 ack=0 due=0 r=1
19:05:09  [AT] "AT+CIPSEND=24" (13)
19:05:09  [AT] " S,758,18C,000,934,P1,4C" (24)
19:05:09  [AT] "SEND OK" (7)
19:05:10  [TX] S,759,18E,000,936,P1,49
19:05:10  [SLOT] n=780 tx=23 ack=0 due=0 r=1
19:05:10  [AT] "AT+CIPSEND=24" (13)
19:05:10  [AT] " S,759,18E,000,936,P1,49" (24)
19:05:10  [AT] "SEND OK" (7)
19:05:11  [TX] S,760,18E,000,937,P1,42
19:05:11  [SLOT] n=781 tx=23 ack=0 due=0 r=1
19:05:11  [AT] "AT+CIPSEND=24" (13)
19:05:11  [AT] " S,760,18E,000,937,P1,42" (24)
19:05:11  [AT] "SEND OK" (7)
19:05:12  [TX] S,761,18E,000,938,P1,4C
19:05:12  [SLOT] n=782 tx=23 ack=0 due=0 r=1
19:05:12  [AT] "AT+CIPSEND=24" (13)
19:05:12  [AT] " S,761,18E,000,938,P1,4C" (24)
19:05:12  [AT] "SEND OK" (7)
19:05:13  [TX] S,762,18E,000,939,P1,4E
19:05:13  [SLOT] n=783 tx=23 ack=0 due=0 r=1
19:05:13  [AT] "AT+CIPSEND=24" (13)
19:05:14  [AT] " S,762,18E,000,939,P1,4E" (24)
19:05:14  [AT] "SEND OK" (7)
19:05:15  [TX] S,763,18F,000,940,P1,42
19:05:15  [SLOT] n=784 tx=23 ack=0 due=0 r=1
19:05:15  [AT] "AT+CIPSEND=24" (13)
19:05:15  [AT] " S,763,18F,000,940,P1,42" (24)
19:05:15  [AT] "SEND OK" (7)
19:05:16  [TX] S,764,18F,000,942,P1,47
19:05:16  [SLOT] n=785 tx=23 ack=0 due=0 r=1
19:05:16  [AT] "AT+CIPSEND=24" (13)
19:05:16  [AT] " S,764,18F,000,942,P1,47" (24)
19:05:16  [AT] "SEND OK" (7)
19:05:17  [TX] S,765,18F,000,943,P1,47
19:05:17  [SLOT] n=786 tx=23 ack=0 due=0 r=1
19:05:17  [AT] "AT+CIPSEND=24" (13)
19:05:17  [AT] " S,765,18F,000,943,P1,47" (24)
19:05:17  [AT] "SEND OK" (7)
19:05:18  [TX] S,766,18F,000,944,P1,43
19:05:18  [SLOT] n=787 tx=23 ack=0 due=0 r=1
19:05:18  [AT] "AT+CIPSEND=24" (13)
19:05:18  [AT] " S,766,18F,000,944,P1,43" (24)
19:05:18  [AT] "SEND OK" (7)
19:05:19  [TX] S,767,18F,000,945,P1,43
19:05:19  [SLOT] n=788 tx=23 ack=0 due=0 r=1
19:05:19  [AT] "AT+CIPSEND=24" (13)
19:05:20  [AT] " S,767,18F,000,945,P1,43" (24)
19:05:20  [AT] "SEND OK" (7)
19:05:21  [TX] S,768,18F,000,946,P1,4F
19:05:21  [SLOT] n=789 tx=23 ack=0 due=0 r=1
19:05:21  [AT] "AT+CIPSEND=24" (13)
19:05:21  [AT] " S,768,18F,000,946,P1,4F" (24)
19:05:21  [AT] "SEND OK" (7)
19:05:22  [TX] S,769,18D,000,948,P1,42
19:05:22  [SLOT] n=790 tx=23 ack=0 due=0 r=1
19:05:22  [AT] "AT+CIPSEND=24" (13)
19:05:22  [AT] " S,769,18D,000,948,P1,42" (24)
19:05:22  [AT] "SEND OK" (7)
19:05:23  [TX] S,770,18C,000,949,P1,4C
19:05:23  [SLOT] n=791 tx=23 ack=0 due=0 r=1
19:05:23  [AT] "AT+CIPSEND=24" (13)
19:05:23  [AT] " S,770,18C,000,949,P1,4C" (24)
19:05:23  [AT] "SEND OK" (7)
19:05:24  [TX] S,771,18C,000,950,P1,45
19:05:24  [SLOT] n=792 tx=23 ack=0 due=0 r=1
19:05:24  [AT] "AT+CIPSEND=24" (13)
19:05:24  [AT] " S,771,18C,000,950,P1,45" (24)
19:05:24  [AT] "SEND OK" (7)
19:05:25  [TX] S,772,18C,000,951,P1,47
19:05:25  [SLOT] n=793 tx=23 ack=0 due=0 r=1
19:05:25  [AT] "AT+CIPSEND=24" (13)
19:05:25  [AT] " S,772,18C,000,951,P1,47" (24)
19:05:25  [AT] "SEND OK" (7)
19:05:27  [TX] S,773,18C,000,952,P1,45
19:05:27  [SLOT] n=794 tx=23 ack=0 due=0 r=1
19:05:27  [AT] "AT+CIPSEND=24" (13)
19:05:27  [AT] " S,773,18C,000,952,P1,45" (24)
19:05:27  [AT] "SEND OK" (7)
19:05:28  [TX] S,774,18C,000,954,P1,44
19:05:28  [SLOT] n=795 tx=23 ack=0 due=0 r=1
19:05:28  [AT] "AT+CIPSEND=24" (13)
19:05:28  [AT] " S,774,18C,000,954,P1,44" (24)
19:05:28  [AT] "SEND OK" (7)
19:05:29  [TX] S,775,18C,000,955,P1,44
19:05:29  [SLOT] n=796 tx=23 ack=0 due=0 r=1
19:05:29  [AT] "AT+CIPSEND=24" (13)
19:05:29  [AT] " S,775,18C,000,955,P1,44" (24)
19:05:29  [AT] "SEND OK" (7)
19:05:30  [TX] S,776,18C,000,956,P1,44
19:05:30  [SLOT] n=797 tx=23 ack=0 due=0 r=1
19:05:30  [AT] "AT+CIPSEND=24" (13)
19:05:30  [AT] " S,776,18C,000,956,P1,44" (24)
19:05:30  [AT] "SEND OK" (7)
19:05:31  [TX] S,777,18D,000,957,P1,43
19:05:31  [SLOT] n=798 tx=23 ack=0 due=0 r=1
19:05:31  [AT] "AT+CIPSEND=24" (13)
19:05:31  [AT] " S,777,18D,000,957,P1,43" (24)
19:05:31  [AT] "SEND OK" (7)
19:05:33  «tap» 살아있음 — 최근 60초 rx=7901B (이 줄이 끊기면 탭이 죽은 것이다)
19:05:33  [TX] S,778,18D,000,958,P1,43
19:05:33  [SLOT] n=799 tx=23 ack=0 due=0 r=1
19:05:33  [AT] "AT+CIPSEND=24" (13)
19:05:33  [AT] " S,778,18D,000,958,P1,43" (24)
19:05:33  [AT] "SEND OK" (7)
19:05:34  [TX] S,779,18F,000,960,P1,4B
19:05:34  [SLOT] n=800 tx=23 ack=0 due=0 r=1
19:05:34  [CNT] up=960 drop=0 esprst=1 hwrst=0/0 resync=0 sendfail=0 okto=0 stuck=0 ackq=0 ackdrop=0 ackstale=0 slot=800 oow=7 smiss=2 ssovf=0 cksumng=0 okstream=779 penddrop=0 pendfill=780 bigfill=2 bigdrop=0 bigokst=2 oklost=0 bigoklost=0 skip=2 online=1
19:05:34  [RAM] 최저 여유 596 B · 프롬프트 재동기 0회 (서버의 '버린줄' 과 맞아야 한다)
19:05:34  [AT] " S,779,18F,000,960,P1,4B" (24)
19:05:34  [AT] "SEND OK" (7)
19:05:34  [AT] "AT+CIPSEND=24" (13)
19:05:36  [TX] S,780,18F,000,961,P1,4C
19:05:36  [SLOT] n=801 tx=23 ack=0 due=0 r=1
19:05:36  [AT] "AT+CIPSEND=24" (13)
19:05:36  [AT] " S,780,18F,000,961,P1,4C" (24)
19:05:36  [AT] "SEND OK" (7)
19:05:37  [TX] S,781,18F,000,962,P1,4E
19:05:37  [SLOT] n=802 tx=23 ack=0 due=0 r=1
19:05:37  [AT] "AT+CIPSEND=24" (13)
19:05:37  [AT] " S,781,18F,000,962,P1,4E" (24)
19:05:37  [AT] "SEND OK" (7)
19:05:38  [TX] S,782,18F,000,963,P1,4C
19:05:38  [SLOT] n=803 tx=23 ack=0 due=0 r=1
19:05:38  [AT] "AT+CIPSEND=24" (13)
19:05:38  [AT] " S,782,18F,000,963,P1,4C" (24)
19:05:38  [AT] "SEND OK" (7)
19:05:40  [TX] S,783,18F,000,964,P1,4A
19:05:40  [SLOT] n=804 tx=23 ack=0 due=0 r=1
19:05:40  [AT] "AT+CIPSEND=24" (13)
19:05:40  [AT] " S,783,18F,000,964,P1,4A" (24)
19:05:40  [AT] "SEND OK" (7)
19:05:41  [TX] S,784,18E,000,966,P1,4C
19:05:41  [SLOT] n=805 tx=23 ack=0 due=0 r=1
19:05:41  [AT] "AT+CIPSEND=24" (13)
19:05:41  [AT] " S,784,18E,000,966,P1,4C" (24)
19:05:41  [AT] "SEND OK" (7)
19:05:42  [TX] S,785,18E,000,967,P1,4C
19:05:42  [SLOT] n=806 tx=23 ack=0 due=0 r=1
19:05:42  [AT] "AT+CIPSEND=24" (13)
19:05:42  [AT] " S,785,18E,000,967,P1,4C" (24)
19:05:42  [AT] "SEND OK" (7)
19:05:43  [TX] S,786,18E,000,968,P1,40
19:05:43  [SLOT] n=807 tx=23 ack=0 due=0 r=1
19:05:43  [AT] "AT+CIPSEND=24" (13)
19:05:43  [AT] " S,786,18E,000,968,P1,40" (24)
19:05:43  [AT] "SEND OK" (7)
19:05:44  [TX] S,787,18E,000,969,P1,40
19:05:44  [SLOT] n=808 tx=23 ack=0 due=0 r=1
19:05:44  [AT] "AT+CIPSEND=24" (13)
19:05:44  [AT] " S,787,18E,000,969,P1,40" (24)
19:05:44  [AT] "SEND OK" (7)
19:05:46  [TX] S,788,18E,000,970,P1,47
19:05:46  [SLOT] n=809 tx=23 ack=0 due=0 r=1
19:05:46  [AT] "AT+CIPSEND=24" (13)
19:05:46  [AT] " S,788,18E,000,970,P1,47" (24)
19:05:46  [AT] "SEND OK" (7)
19:05:47  [TX] S,789,18C,000,972,P1,42
19:05:47  [SLOT] n=810 tx=23 ack=0 due=0 r=1
19:05:47  [AT] "AT+CIPSEND=24" (13)
19:05:47  [AT] " S,789,18C,000,972,P1,42" (24)
19:05:47  [AT] "SEND OK" (7)
19:05:48  [TX] S,790,18C,000,973,P1,4B
19:05:48  [SLOT] n=811 tx=23 ack=0 due=0 r=1
19:05:48  [AT] "AT+CIPSEND=24" (13)
19:05:48  [AT] " S,790,18C,000,973,P1,4B" (24)
19:05:48  [AT] "SEND OK" (7)
19:05:49  [TX] S,791,18D,000,974,P1,4A
19:05:49  [SLOT] n=812 tx=23 ack=0 due=0 r=1
19:05:49  [AT] "AT+CIPSEND=24" (13)
19:05:49  [AT] " S,791,18D,000,974,P1,4A" (24)
19:05:49  [AT] "SEND OK" (7)
19:05:50  [TX] S,792,18D,000,975,P1,48
19:05:50  [SLOT] n=813 tx=23 ack=0 due=0 r=1
19:05:50  [AT] "AT+CIPSEND=24" (13)
19:05:50  [AT] " S,792,18D,000,975,P1,48" (24)
19:05:50  [AT] "SEND OK" (7)
19:05:52  [TX] S,793,18D,000,976,P1,4A
19:05:52  [SLOT] n=814 tx=23 ack=0 due=0 r=1
19:05:52  [AT] "AT+CIPSEND=24" (13)
19:05:52  [AT] " S,793,18D,000,976,P1,4A" (24)
19:05:52  [AT] "SEND OK" (7)
19:05:53  [TX] S,794,18D,000,978,P1,43
19:05:53  [SLOT] n=815 tx=23 ack=0 due=0 r=1
19:05:53  [AT] "AT+CIPSEND=24" (13)
19:05:53  [AT] " S,794,18D,000,978,P1,43" (24)
19:05:53  [AT] "SEND OK" (7)
19:05:54  [TX] S,795,18D,000,979,P1,43
19:05:54  [SLOT] n=816 tx=23 ack=0 due=0 r=1
19:05:54  [AT] "AT+CIPSEND=24" (13)
19:05:54  [AT] " S,795,18D,000,979,P1,43" (24)
19:05:54  [AT] "SEND OK" (7)
19:05:55  [TX] S,796,18D,000,980,P1,46
19:05:55  [SLOT] n=817 tx=23 ack=0 due=0 r=1
19:05:55  [AT] "AT+CIPSEND=24" (13)
19:05:55  [AT] " S,796,18D,000,980,P1,46" (24)
19:05:55  [AT] "SEND OK" (7)
19:05:56  [TX] S,797,18D,000,981,P1,46
19:05:56  [SLOT] n=818 tx=23 ack=0 due=0 r=1
19:05:56  [AT] "AT+CIPSEND=24" (13)
19:05:56  [AT] " S,797,18D,000,981,P1,46" (24)
19:05:56  [AT] "SEND OK" (7)
19:05:58  [TX] S,798,18C,000,982,P1,4D
19:05:58  [SLOT] n=819 tx=23 ack=0 due=0 r=1
19:05:58  [AT] "AT+CIPSEND=24" (13)
19:05:58  [AT] " S,798,18C,000,982,P1,4D" (24)
19:05:58  [AT] "SEND OK" (7)
19:05:59  [TX] S,799,18E,000,984,P1,4C
19:05:59  [SLOT] n=820 tx=23 ack=0 due=0 r=1
19:05:59  [AT] "AT+CIPSEND=24" (13)
19:05:59  [AT] " S,799,18E,000,984,P1,4C" (24)
19:05:59  [AT] "SEND OK" (7)
19:06:00  [TX] S,800,18E,000,985,P1,42
19:06:00  [SLOT] n=821 tx=23 ack=0 due=0 r=1
19:06:00  [AT] "AT+CIPSEND=24" (13)
19:06:00  [AT] " S,800,18E,000,985,P1,42" (24)
19:06:00  [AT] "SEND OK" (7)
19:06:01  [TX] S,801,18E,000,986,P1,40
19:06:01  [SLOT] n=822 tx=23 ack=0 due=0 r=1
19:06:01  [AT] "AT+CIPSEND=24" (13)
19:06:01  [AT] " S,801,18E,000,986,P1,40" (24)
19:06:01  [AT] "SEND OK" (7)
19:06:02  [TX] S,802,18E,000,987,P1,42
19:06:02  [SLOT] n=823 tx=23 ack=0 due=0 r=1
19:06:02  [AT] "AT+CIPSEND=24" (13)
19:06:02  [AT] " S,802,18E,000,987,P1,42" (24)
19:06:02  [AT] "SEND OK" (7)
19:06:04  [TX] S,803,18E,000,988,P1,4C
19:06:04  [SLOT] n=824 tx=23 ack=0 due=0 r=1
19:06:04  [AT] "AT+CIPSEND=24" (13)
19:06:04  [AT] " S,803,18E,000,988,P1,4C" (24)
19:06:04  [AT] "SEND OK" (7)
19:06:05  [TX] S,804,18E,000,990,P1,42
19:06:05  [SLOT] n=825 tx=23 ack=0 due=0 r=1
19:06:05  [AT] "AT+CIPSEND=24" (13)
19:06:05  [AT] " S,804,18E,000,990,P1,42" (24)
19:06:05  [AT] "SEND OK" (7)
19:06:06  [TX] S,805,18F,000,991,P1,41
19:06:06  [SLOT] n=826 tx=23 ack=0 due=0 r=1
19:06:06  [AT] "AT+CIPSEND=24" (13)
19:06:06  [AT] " S,805,18F,000,991,P1,41" (24)
19:06:06  [AT] "SEND OK" (7)
19:06:07  [TX] S,806,18F,000,992,P1,41
19:06:07  [SLOT] n=827 tx=23 ack=0 due=0 r=1
19:06:07  [AT] "AT+CIPSEND=24" (13)
19:06:07  [AT] " S,806,18F,000,992,P1,41" (24)
19:06:07  [AT] "SEND OK" (7)
19:06:08  [TX] S,807,18F,000,993,P1,41
19:06:08  [SLOT] n=828 tx=23 ack=0 due=0 r=1
19:06:08  [AT] "AT+CIPSEND=24" (13)
19:06:09  [AT] " S,807,18F,000,993,P1,41" (24)
19:06:09  [AT] "SEND OK" (7)
19:06:10  [TX] S,808,18F,000,994,P1,49
19:06:10  [SLOT] n=829 tx=23 ack=0 due=0 r=1
19:06:10  [AT] "AT+CIPSEND=24" (13)
19:06:10  [AT] " S,808,18F,000,994,P1,49" (24)
19:06:10  [AT] "SEND OK" (7)
19:06:11  [TX] S,809,18D,000,996,P1,48
19:06:11  [SLOT] n=830 tx=23 ack=0 due=0 r=1
19:06:11  [AT] "AT+CIPSEND=24" (13)
19:06:11  [AT] " S,809,18D,000,996,P1,48" (24)
19:06:11  [AT] "SEND OK" (7)
19:06:12  [TX] S,810,18D,000,997,P1,41
19:06:12  [SLOT] n=831 tx=23 ack=0 due=0 r=1
19:06:12  [AT] "AT+CIPSEND=24" (13)
19:06:12  [AT] " S,810,18D,000,997,P1,41" (24)
19:06:12  [AT] "SEND OK" (7)
19:06:13  [TX] S,811,18D,000,998,P1,4F
19:06:13  [SLOT] n=832 tx=23 ack=0 due=0 r=1
19:06:13  [AT] "AT+CIPSEND=24" (13)
19:06:13  [AT] " S,811,18D,000,998,P1,4F" (24)
19:06:13  [AT] "SEND OK" (7)
19:06:14  [TX] S,812,18C,000,999,P1,4A
19:06:14  [SLOT] n=833 tx=23 ack=0 due=0 r=1
19:06:14  [AT] "AT+CIPSEND=24" (13)
19:06:14  [AT] " S,812,18C,000,999,P1,4A" (24)
19:06:14  [AT] "SEND OK" (7)
19:06:16  [TX] S,813,18C,000,1000,P1,73
19:06:16  [SLOT] n=834 tx=24 ack=0 due=0 r=1
19:06:16  [AT] "AT+CIPSEND=25" (13)
19:06:16  [AT] " S,813,18C,000,1000,P1,73" (25)
19:06:16  [AT] "SEND OK" (7)
19:06:17  [TX] S,814,18C,000,1002,P1,76
19:06:17  [SLOT] n=835 tx=24 ack=0 due=0 r=1
19:06:17  [AT] "AT+CIPSEND=25" (13)
19:06:17  [AT] " S,814,18C,000,1002,P1,76" (25)
19:06:17  [AT] "SEND OK" (7)
19:06:18  [TX] S,815,18C,000,1003,P1,76
19:06:18  [SLOT] n=836 tx=24 ack=0 due=0 r=1
19:06:18  [AT] "AT+CIPSEND=25" (13)
19:06:18  [AT] " S,815,18C,000,1003,P1,76" (25)
19:06:18  [AT] "SEND OK" (7)
19:06:19  [TX] S,816,18C,000,1004,P1,72
19:06:19  [SLOT] n=837 tx=24 ack=0 due=0 r=1
19:06:19  [AT] "AT+CIPSEND=25" (13)
19:06:19  [AT] " S,816,18C,000,1004,P1,72" (25)
19:06:19  [AT] "SEND OK" (7)
19:06:20  [TX] S,817,18C,000,1005,P1,72
19:06:20  [SLOT] n=838 tx=24 ack=0 due=0 r=1
19:06:20  [AT] "AT+CIPSEND=25" (13)
19:06:20  [AT] " S,817,18C,000,1005,P1,72" (25)
19:06:20  [AT] "SEND OK" (7)
19:06:22  [TX] S,818,18C,000,1006,P1,7E
19:06:22  [SLOT] n=839 tx=24 ack=0 due=0 r=1
19:06:22  [AT] "AT+CIPSEND=25" (13)
19:06:22  [AT] " S,818,18C,000,1006,P1,7E" (25)
19:06:22  [AT] "SEND OK" (7)
19:06:23  [TX] S,819,18F,000,1008,P1,74
19:06:23  [SLOT] n=840 tx=24 ack=0 due=0 r=1
19:06:23  [AT] "AT+CIPSEND=25" (13)
19:06:23  [AT] " S,819,18F,000,1008,P1,74" (25)
19:06:23  [AT] "SEND OK" (7)
19:06:24  [TX] S,820,18F,000,1009,P1,7F
19:06:24  [SLOT] n=841 tx=24 ack=0 due=0 r=1
19:06:24  [AT] "AT+CIPSEND=25" (13)
19:06:24  [AT] " S,820,18F,000,1009,P1,7F" (25)
19:06:24  [AT] "SEND OK" (7)
19:06:25  [TX] S,821,18F,000,1010,P1,76
19:06:25  [SLOT] n=842 tx=24 ack=0 due=0 r=1
19:06:25  [AT] "AT+CIPSEND=25" (13)
19:06:25  [AT] " S,821,18F,000,1010,P1,76" (25)
19:06:25  [AT] "SEND OK" (7)
19:06:26  [TX] S,822,18F,000,1011,P1,74
19:06:26  [SLOT] n=843 tx=24 ack=0 due=0 r=1
19:06:26  [AT] "AT+CIPSEND=25" (13)
19:06:26  [AT] " S,822,18F,000,1011,P1,74" (25)
19:06:26  [AT] "SEND OK" (7)
19:06:27  [TX] S,823,18F,000,1012,P1,76
19:06:28  [SLOT] n=844 tx=24 ack=0 due=0 r=1
19:06:28  [AT] "AT+CIPSEND=25" (13)
19:06:28  [AT] " S,823,18F,000,1012,P1,76" (25)
19:06:28  [AT] "SEND OK" (7)
19:06:29  [TX] S,824,18F,000,1014,P1,77
19:06:29  [SLOT] n=845 tx=24 ack=0 due=0 r=1
19:06:29  [AT] "AT+CIPSEND=25" (13)
19:06:29  [AT] " S,824,18F,000,1014,P1,77" (25)
19:06:29  [AT] "SEND OK" (7)
19:06:30  [TX] S,825,18F,000,1015,P1,77
19:06:30  [SLOT] n=846 tx=24 ack=0 due=0 r=1
19:06:30  [AT] "AT+CIPSEND=25" (13)
19:06:30  [AT] " S,825,18F,000,1015,P1,77" (25)
19:06:30  [AT] "SEND OK" (7)
19:06:31  [TX] S,826,18E,000,1016,P1,74
19:06:31  [SLOT] n=847 tx=24 ack=0 due=0 r=1
19:06:31  [AT] "AT+CIPSEND=25" (13)
19:06:31  [AT] " S,826,18E,000,1016,P1,74" (25)
19:06:31  [AT] "SEND OK" (7)
19:06:32  [TX] S,827,18E,000,1017,P1,74
19:06:32  [SLOT] n=848 tx=24 ack=0 due=0 r=1
19:06:32  [AT] "AT+CIPSEND=25" (13)
19:06:32  [AT] " S,827,18E,000,1017,P1,74" (25)
19:06:32  [AT] "SEND OK" (7)
19:06:33  [TX] S,828,18E,000,1018,P1,74
19:06:33  [SLOT] n=849 tx=24 ack=0 due=0 r=1
19:06:33  [AT] "AT+CIPSEND=25" (13)
19:06:34  «tap» 살아있음 — 최근 60초 rx=8025B (이 줄이 끊기면 탭이 죽은 것이다)
19:06:34  [AT] " S,828,18E,000,1018,P1,74" (25)
19:06:34  [AT] "SEND OK" (7)
19:06:35  [TX] S,829,18C,000,1020,P1,78
19:06:35  [SLOT] n=850 tx=24 ack=0 due=0 r=1
19:06:35  [CNT] up=1020 drop=0 esprst=1 hwrst=0/0 resync=0 sendfail=0 okto=0 stuck=0 ackq=0 ackdrop=0 ackstale=0 slot=850 oow=7 smiss=2 ssovf=0 cksumng=0 okstream=829 penddrop=0 pendfill=830 bigfill=2 bigdrop=0 bigokst=2 oklost=0 bigoklost=0 skip=2 online=1
19:06:35  [RAM] 최저 여유 596 B · 프롬프트 재동기 0회 (서버의 '버린줄' 과 맞아야 한다)
19:06:35  [AT] "AT+CIPSEND=25" (13)
19:06:35  [AT] " S,829,18C,000,1020,P1,78" (25)
19:06:35  [AT] "SEND OK" (7)
19:06:36  [TX] S,830,18C,000,1021,P1,71
19:06:36  [SLOT] n=851 tx=24 ack=0 due=0 r=1
19:06:36  [AT] "AT+CIPSEND=25" (13)
19:06:36  [AT] " S,830,18C,000,1021,P1,71" (25)
19:06:36  [AT] "SEND OK" (7)
19:06:37  [TX] S,831,18C,000,1022,P1,73
19:06:37  [SLOT] n=852 tx=24 ack=0 due=0 r=1
19:06:37  [AT] "AT+CIPSEND=25" (13)
19:06:37  [AT] " S,831,18C,000,1022,P1,73" (25)
19:06:37  [AT] "SEND OK" (7)
19:06:38  [TX] S,832,18C,000,1023,P1,71
19:06:38  [SLOT] n=853 tx=24 ack=0 due=0 r=1
19:06:38  [AT] "AT+CIPSEND=25" (13)
19:06:38  [AT] " S,832,18C,000,1023,P1,71" (25)
19:06:38  [AT] "SEND OK" (7)
19:06:39  [TX] S,833,18D,000,1024,P1,70
19:06:39  [SLOT] n=854 tx=24 ack=0 due=0 r=1
19:06:39  [AT] "AT+CIPSEND=25" (13)
19:06:40  [AT] " S,833,18D,000,1024,P1,70" (25)
19:06:40  [AT] "SEND OK" (7)
19:06:41  [TX] S,834,18D,000,1026,P1,75
19:06:41  [SLOT] n=855 tx=24 ack=0 due=0 r=1
19:06:41  [AT] "AT+CIPSEND=25" (13)
19:06:41  [AT] " S,834,18D,000,1026,P1,75" (25)
19:06:41  [AT] "SEND OK" (7)
19:06:42  [TX] S,835,18D,000,1027,P1,75
19:06:42  [SLOT] n=856 tx=24 ack=0 due=0 r=1
19:06:42  [AT] "AT+CIPSEND=25" (13)
19:06:42  [AT] " S,835,18D,000,1027,P1,75" (25)
19:06:42  [AT] "SEND OK" (7)
19:06:43  [TX] S,836,18D,000,1028,P1,79
19:06:43  [SLOT] n=857 tx=24 ack=0 due=0 r=1
19:06:43  [AT] "AT+CIPSEND=25" (13)
19:06:43  [AT] " S,836,18D,000,1028,P1,79" (25)
19:06:43  [AT] "SEND OK" (7)
19:06:44  [TX] S,837,18D,000,1029,P1,79
19:06:44  [SLOT] n=858 tx=24 ack=0 due=0 r=1
19:06:44  [AT] "AT+CIPSEND=25" (13)
19:06:44  [AT] " S,837,18D,000,1029,P1,79" (25)
19:06:44  [AT] "SEND OK" (7)
19:06:45  [TX] S,838,18D,000,1030,P1,7E
19:06:45  [SLOT] n=859 tx=24 ack=0 due=0 r=1
19:06:45  [AT] "AT+CIPSEND=25" (13)
19:06:46  [AT] " S,838,18D,000,1030,P1,7E" (25)
19:06:46  [AT] "SEND OK" (7)
19:06:47  [TX] S,839,18F,000,1032,P1,7F
19:06:47  [SLOT] n=860 tx=24 ack=0 due=0 r=1
19:06:47  [AT] "AT+CIPSEND=25" (13)
19:06:47  [AT] " S,839,18F,000,1032,P1,7F" (25)
19:06:47  [AT] "SEND OK" (7)
19:06:48  [TX] S,840,18E,000,1033,P1,73
19:06:48  [SLOT] n=861 tx=24 ack=0 due=0 r=1
19:06:48  [AT] "AT+CIPSEND=25" (13)
19:06:48  [AT] " S,840,18E,000,1033,P1,73" (25)
19:06:48  [AT] "SEND OK" (7)
19:06:49  [TX] S,841,18E,000,1034,P1,75
19:06:49  [SLOT] n=862 tx=24 ack=0 due=0 r=1
19:06:49  [AT] "AT+CIPSEND=25" (13)
19:06:49  [AT] " S,841,18E,000,1034,P1,75" (25)
19:06:49  [AT] "SEND OK" (7)
19:06:50  [TX] S,842,18E,000,1035,P1,77
19:06:50  [SLOT] n=863 tx=24 ack=0 due=0 r=1
19:06:50  [AT] "AT+CIPSEND=25" (13)
19:06:50  [AT] " S,842,18E,000,1035,P1,77" (25)
19:06:50  [AT] "SEND OK" (7)
19:06:51  [TX] S,843,18E,000,1036,P1,75
19:06:51  [SLOT] n=864 tx=24 ack=0 due=0 r=1
19:06:51  [AT] "AT+CIPSEND=25" (13)
19:06:52  [AT] " S,843,18E,000,1036,P1,75" (25)
19:06:52  [AT] "SEND OK" (7)
19:06:53  [TX] S,844,18E,000,1038,P1,7C
19:06:53  [SLOT] n=865 tx=24 ack=0 due=0 r=1
19:06:53  [AT] "AT+CIPSEND=25" (13)
19:06:53  [AT] " S,844,18E,000,1038,P1,7C" (25)
19:06:53  [AT] "SEND OK" (7)
19:06:54  [TX] S,845,18E,000,1039,P1,7C
19:06:54  [SLOT] n=866 tx=24 ack=0 due=0 r=1
19:06:54  [AT] "AT+CIPSEND=25" (13)
19:06:54  [AT] " S,845,18E,000,1039,P1,7C" (25)
19:06:54  [AT] "SEND OK" (7)
19:06:55  [TX] S,846,18E,000,1040,P1,71
19:06:55  [SLOT] n=867 tx=24 ack=0 due=0 r=1
19:06:55  [AT] "AT+CIPSEND=25" (13)
19:06:55  [AT] " S,846,18E,000,1040,P1,71" (25)
19:06:55  [AT] "SEND OK" (7)
19:06:56  [TX] S,847,18F,000,1041,P1,72
19:06:56  [SLOT] n=868 tx=24 ack=0 due=0 r=1
19:06:56  [AT] "AT+CIPSEND=25" (13)
19:06:56  [AT] " S,847,18F,000,1041,P1,72" (25)
19:06:56  [AT] "SEND OK" (7)
19:06:57  [TX] S,848,18F,000,1042,P1,7E
19:06:57  [SLOT] n=869 tx=24 ack=0 due=0 r=1
19:06:57  [AT] "AT+CIPSEND=25" (13)
19:06:57  [AT] " S,848,18F,000,1042,P1,7E" (25)
19:06:57  [AT] "SEND OK" (7)
19:06:59  [TX] S,849,18D,000,1044,P1,7B
19:06:59  [SLOT] n=870 tx=24 ack=0 due=0 r=1
19:06:59  [AT] "AT+CIPSEND=25" (13)
19:06:59  [AT] " S,849,18D,000,1044,P1,7B" (25)
19:06:59  [AT] "SEND OK" (7)
19:07:00  [TX] S,850,18D,000,1045,P1,72
19:07:00  [SLOT] n=871 tx=24 ack=0 due=0 r=1
19:07:00  [AT] "AT+CIPSEND=25" (13)
19:07:00  [AT] " S,850,18D,000,1045,P1,72" (25)
19:07:00  [AT] "SEND OK" (7)
19:07:01  [TX] S,851,18D,000,1046,P1,70
19:07:01  [SLOT] n=872 tx=24 ack=0 due=0 r=1
19:07:01  [AT] "AT+CIPSEND=25" (13)
19:07:01  [AT] " S,851,18D,000,1046,P1,70" (25)
19:07:01  [AT] "SEND OK" (7)
19:07:02  [TX] S,852,18D,000,1047,P1,72
19:07:02  [SLOT] n=873 tx=24 ack=0 due=0 r=1
19:07:02  [AT] "AT+CIPSEND=25" (13)
19:07:02  [AT] " S,852,18D,000,1047,P1,72" (25)
19:07:02  [AT] "SEND OK" (7)
19:07:03  [TX] S,853,18D,000,1048,P1,7C
19:07:03  [SLOT] n=874 tx=24 ack=0 due=0 r=1
19:07:03  [AT] "AT+CIPSEND=25" (13)
19:07:04  [AT] " S,853,18D,000,1048,P1,7C" (25)
19:07:04  [AT] "SEND OK" (7)
19:07:05  [TX] S,854,18C,000,1050,P1,75
19:07:05  [SLOT] n=875 tx=24 ack=0 due=0 r=1
19:07:05  [AT] "AT+CIPSEND=25" (13)
19:07:05  [AT] " S,854,18C,000,1050,P1,75" (25)
19:07:05  [AT] "SEND OK" (7)
19:07:06  [TX] S,855,18C,000,1051,P1,75
19:07:06  [SLOT] n=876 tx=24 ack=0 due=0 r=1
19:07:06  [AT] "AT+CIPSEND=25" (13)
19:07:06  [AT] " S,855,18C,000,1051,P1,75" (25)
19:07:06  [AT] "SEND OK" (7)
19:07:07  [TX] S,856,18C,000,1052,P1,75
19:07:07  [SLOT] n=877 tx=24 ack=0 due=0 r=1
19:07:07  [AT] "AT+CIPSEND=25" (13)
19:07:07  [AT] " S,856,18C,000,1052,P1,75" (25)
19:07:07  [AT] "SEND OK" (7)
19:07:08  [TX] S,857,18C,000,1053,P1,75
19:07:08  [SLOT] n=878 tx=24 ack=0 due=0 r=1
19:07:08  [AT] "AT+CIPSEND=25" (13)
19:07:08  [AT] " S,857,18C,000,1053,P1,75" (25)
19:07:08  [AT] "SEND OK" (7)
19:07:09  [TX] S,858,18C,000,1054,P1,7D
19:07:09  [SLOT] n=879 tx=24 ack=0 due=0 r=1
19:07:09  [AT] "AT+CIPSEND=25" (13)
19:07:10  [AT] " S,858,18C,000,1054,P1,7D" (25)
19:07:10  [AT] "SEND OK" (7)
19:07:11  [TX] S,859,18E,000,1056,P1,78
19:07:11  [SLOT] n=880 tx=24 ack=0 due=0 r=1
19:07:11  [AT] "AT+CIPSEND=25" (13)
19:07:11  [AT] " S,859,18E,000,1056,P1,78" (25)
19:07:11  [AT] "SEND OK" (7)
19:07:12  [TX] S,860,18E,000,1057,P1,73
19:07:12  [SLOT] n=881 tx=24 ack=0 due=0 r=1
19:07:12  [AT] "AT+CIPSEND=25" (13)
19:07:12  [AT] " S,860,18E,000,1057,P1,73" (25)
19:07:12  [AT] "SEND OK" (7)
19:07:13  [TX] S,861,18F,000,1058,P1,7E
19:07:13  [SLOT] n=882 tx=24 ack=0 due=0 r=1
19:07:13  [AT] "AT+CIPSEND=25" (13)
19:07:13  [AT] " S,861,18F,000,1058,P1,7E" (25)
19:07:13  [AT] "SEND OK" (7)
19:07:14  [TX] S,862,18F,000,1059,P1,7C
19:07:14  [SLOT] n=883 tx=24 ack=0 due=0 r=1
19:07:14  [AT] "AT+CIPSEND=25" (13)
19:07:14  [AT] " S,862,18F,000,1059,P1,7C" (25)
19:07:14  [AT] "SEND OK" (7)
19:07:15  [TX] S,863,18F,000,1060,P1,77
19:07:15  [SLOT] n=884 tx=24 ack=0 due=0 r=1
19:07:15  [AT] "AT+CIPSEND=25" (13)
19:07:15  [AT] " S,863,18F,000,1060,P1,77" (25)
19:07:15  [AT] "SEND OK" (7)
19:07:17  [TX] S,864,18F,000,1062,P1,72
19:07:17  [SLOT] n=885 tx=24 ack=0 due=0 r=1
19:07:17  [AT] "AT+CIPSEND=25" (13)
19:07:17  [AT] " S,864,18F,000,1062,P1,72" (25)
19:07:17  [AT] "SEND OK" (7)
19:07:18  [TX] S,865,18F,000,1063,P1,72
19:07:18  [SLOT] n=886 tx=24 ack=0 due=0 r=1
19:07:18  [AT] "AT+CIPSEND=25" (13)
19:07:18  [AT] " S,865,18F,000,1063,P1,72" (25)
19:07:18  [AT] "SEND OK" (7)
19:07:19  [TX] S,866,18F,000,1064,P1,76
19:07:19  [SLOT] n=887 tx=24 ack=0 due=0 r=1
19:07:19  [AT] "AT+CIPSEND=25" (13)
19:07:19  [AT] " S,866,18F,000,1064,P1,76" (25)
19:07:19  [AT] "SEND OK" (7)
19:07:20  [TX] S,867,18F,000,1065,P1,76
19:07:20  [SLOT] n=888 tx=24 ack=0 due=0 r=1
19:07:20  [AT] "AT+CIPSEND=25" (13)
19:07:21  [AT] " S,867,18F,000,1065,P1,76" (25)
19:07:21  [AT] "SEND OK" (7)
19:07:21  [TX] S,868,18E,000,1066,P1,79
19:07:21  [SLOT] n=889 tx=24 ack=0 due=0 r=1
19:07:21  [AT] "AT+CIPSEND=25" (13)
19:07:21  [AT] " S,868,18E,000,1066,P1,79" (25)
19:07:21  [AT] "SEND OK" (7)
19:07:23  [TX] S,869,18C,000,1068,P1,70
19:07:23  [SLOT] n=890 tx=24 ack=0 due=0 r=1
19:07:23  [AT] "AT+CIPSEND=25" (13)
19:07:23  [AT] " S,869,18C,000,1068,P1,70" (25)
19:07:23  [AT] "SEND OK" (7)
19:07:24  [TX] S,870,18C,000,1069,P1,79
19:07:24  [SLOT] n=891 tx=24 ack=0 due=0 r=1
19:07:24  [AT] "AT+CIPSEND=25" (13)
19:07:24  [AT] " S,870,18C,000,1069,P1,79" (25)
19:07:24  [AT] "SEND OK" (7)
19:07:25  [TX] S,871,18C,000,1070,P1,70
19:07:25  [SLOT] n=892 tx=24 ack=0 due=0 r=1
19:07:25  [AT] "AT+CIPSEND=25" (13)
19:07:25  [AT] " S,871,18C,000,1070,P1,70" (25)
19:07:25  [AT] "SEND OK" (7)
19:07:26  [TX] S,872,18C,000,1071,P1,72
19:07:26  [SLOT] n=893 tx=24 ack=0 due=0 r=1
19:07:26  [AT] "AT+CIPSEND=25" (13)
19:07:26  [AT] " S,872,18C,000,1071,P1,72" (25)
19:07:26  [AT] "SEND OK" (7)
19:07:27  [TX] S,873,18C,000,1072,P1,70
19:07:27  [SLOT] n=894 tx=24 ack=0 due=0 r=1
19:07:27  [AT] "AT+CIPSEND=25" (13)
19:07:27  [AT] " S,873,18C,000,1072,P1,70" (25)
19:07:27  [AT] "SEND OK" (7)
19:07:29  [TX] S,874,18C,000,1074,P1,71
19:07:29  [SLOT] n=895 tx=24 ack=0 due=0 r=1
19:07:29  [AT] "AT+CIPSEND=25" (13)
19:07:29  [AT] " S,874,18C,000,1074,P1,71" (25)
19:07:29  [AT] "SEND OK" (7)
19:07:30  [TX] S,875,18D,000,1075,P1,76
19:07:30  [SLOT] n=896 tx=24 ack=0 due=0 r=1
19:07:30  [AT] "AT+CIPSEND=25" (13)
19:07:30  [AT] " S,875,18D,000,1075,P1,76" (25)
19:07:30  [AT] "SEND OK" (7)
19:07:31  [TX] S,876,18D,000,1076,P1,76
19:07:31  [SLOT] n=897 tx=24 ack=0 due=0 r=1
19:07:31  [AT] "AT+CIPSEND=25" (13)
19:07:31  [AT] " S,876,18D,000,1076,P1,76" (25)
19:07:31  [AT] "SEND OK" (7)
19:07:32  [TX] S,877,18D,000,1077,P1,76
19:07:32  [SLOT] n=898 tx=24 ack=0 due=0 r=1
19:07:32  [AT] "AT+CIPSEND=25" (13)
19:07:32  [AT] " S,877,18D,000,1077,P1,76" (25)
19:07:32  [AT] "SEND OK" (7)
19:07:33  [TX] S,878,18D,000,1078,P1,76
19:07:33  [SLOT] n=899 tx=24 ack=0 due=0 r=1
19:07:33  [AT] "AT+CIPSEND=25" (13)
19:07:33  [AT] " S,878,18D,000,1078,P1,76" (25)
19:07:33  [AT] "SEND OK" (7)
19:07:34  «tap» 살아있음 — 최근 60초 rx=8061B (이 줄이 끊기면 탭이 죽은 것이다)
19:07:35  [TX] S,879,18F,000,1080,P1,72
19:07:35  [SLOT] n=900 tx=24 ack=0 due=0 r=1
19:07:35  [CNT] up=1080 drop=0 esprst=1 hwrst=0/0 resync=0 sendfail=0 okto=0 stuck=0 ackq=0 ackdrop=0 ackstale=0 slot=900 oow=7 smiss=2 ssovf=0 cksumng=0 okstream=879 penddrop=0 pendfill=880 bigfill=2 bigdrop=0 bigokst=2 oklost=0 bigoklost=0 skip=2 online=1
19:07:35  [RAM] 최저 여유 596 B · 프롬프트 재동기 0회 (서버의 '버린줄' 과 맞아야 한다)
19:07:35  [AT] " S,879,18F,000,1080,P1,72" (25)
19:07:35  [AT] "SEND OK" (7)
19:07:35  [AT] "AT+CIPSEND=25" (13)
19:07:36  [TX] S,880,18F,000,1081,P1,75
19:07:36  [SLOT] n=901 tx=24 ack=0 due=0 r=1
19:07:36  [AT] "AT+CIPSEND=25" (13)
19:07:36  [AT] " S,880,18F,000,1081,P1,75" (25)
19:07:36  [AT] "SEND OK" (7)
19:07:37  [TX] S,881,18F,000,1082,P1,77
19:07:37  [SLOT] n=902 tx=24 ack=0 due=0 r=1
19:07:37  [AT] "AT+CIPSEND=25" (13)
19:07:37  [AT] " S,881,18F,000,1082,P1,77" (25)
19:07:37  [AT] "SEND OK" (7)
19:07:38  [TX] S,882,18E,000,1083,P1,76
19:07:38  [SLOT] n=903 tx=24 ack=0 due=0 r=1
19:07:38  [AT] "AT+CIPSEND=25" (13)
19:07:38  [AT] " S,882,18E,000,1083,P1,76" (25)
19:07:38  [AT] "SEND OK" (7)
19:07:39  [TX] S,883,18E,000,1084,P1,70
19:07:39  [SLOT] n=904 tx=24 ack=0 due=0 r=1
19:07:39  [AT] "AT+CIPSEND=25" (13)
19:07:40  [AT] " S,883,18E,000,1084,P1,70" (25)
19:07:40  [AT] "SEND OK" (7)
19:07:41  [TX] S,884,18E,000,1086,P1,75
19:07:41  [SLOT] n=905 tx=24 ack=0 due=0 r=1
19:07:41  [AT] "AT+CIPSEND=25" (13)
19:07:41  [AT] " S,884,18E,000,1086,P1,75" (25)
19:07:41  [AT] "SEND OK" (7)
19:07:42  [TX] S,885,18E,000,1087,P1,75
19:07:42  [SLOT] n=906 tx=24 ack=0 due=0 r=1
19:07:42  [AT] "AT+CIPSEND=25" (13)
19:07:42  [AT] " S,885,18E,000,1087,P1,75" (25)
19:07:42  [AT] "SEND OK" (7)
19:07:43  [TX] S,886,18E,000,1088,P1,79
19:07:43  [SLOT] n=907 tx=24 ack=0 due=0 r=1
19:07:43  [AT] "AT+CIPSEND=25" (13)
19:07:43  [AT] " S,886,18E,000,1088,P1,79" (25)
19:07:43  [AT] "SEND OK" (7)
19:07:44  [TX] S,887,18E,000,1089,P1,79
19:07:44  [SLOT] n=908 tx=24 ack=0 due=0 r=1
19:07:44  [AT] "AT+CIPSEND=25" (13)
19:07:44  [AT] " S,887,18E,000,1089,P1,79" (25)
19:07:44  [AT] "SEND OK" (7)
19:07:45  [TX] S,888,18E,000,1090,P1,7E
19:07:45  [SLOT] n=909 tx=24 ack=0 due=0 r=1
19:07:45  [AT] "AT+CIPSEND=25" (13)
19:07:45  [AT] " S,888,18E,000,1090,P1,7E" (25)
19:07:45  [AT] "SEND OK" (7)
19:07:47  [TX] S,889,18D,000,1092,P1,7C
19:07:47  [SLOT] n=910 tx=24 ack=0 due=0 r=1
19:07:47  [AT] "AT+CIPSEND=25" (13)
19:07:47  [AT] " S,889,18D,000,1092,P1,7C" (25)
19:07:47  [AT] "SEND OK" (7)
19:07:48  [TX] S,890,18D,000,1093,P1,75
19:07:48  [SLOT] n=911 tx=24 ack=0 due=0 r=1
19:07:48  [AT] "AT+CIPSEND=25" (13)
19:07:48  [AT] " S,890,18D,000,1093,P1,75" (25)
19:07:48  [AT] "SEND OK" (7)
19:07:49  [TX] S,891,18D,000,1094,P1,73
19:07:49  [SLOT] n=912 tx=24 ack=0 due=0 r=1
19:07:49  [AT] "AT+CIPSEND=25" (13)
19:07:49  [AT] " S,891,18D,000,1094,P1,73" (25)
19:07:49  [AT] "SEND OK" (7)
19:07:50  [TX] S,892,18D,000,1095,P1,71
19:07:50  [SLOT] n=913 tx=24 ack=0 due=0 r=1
19:07:50  [AT] "AT+CIPSEND=25" (13)
19:07:50  [AT] " S,892,18D,000,1095,P1,71" (25)
19:07:50  [AT] "SEND OK" (7)
19:07:51  [TX] S,893,18D,000,1096,P1,73
19:07:51  [SLOT] n=914 tx=24 ack=0 due=0 r=1
19:07:51  [AT] "AT+CIPSEND=25" (13)
19:07:51  [AT] " S,893,18D,000,1096,P1,73" (25)
19:07:51  [AT] "SEND OK" (7)
19:07:53  [TX] S,894,18D,000,1098,P1,7A
19:07:53  [SLOT] n=915 tx=24 ack=0 due=0 r=1
19:07:53  [AT] "AT+CIPSEND=25" (13)
19:07:53  [AT] " S,894,18D,000,1098,P1,7A" (25)
19:07:53  [AT] "SEND OK" (7)
19:07:54  [TX] S,895,18D,000,1099,P1,7A
19:07:54  [SLOT] n=916 tx=24 ack=0 due=0 r=1
19:07:54  [AT] "AT+CIPSEND=25" (13)
19:07:54  [AT] " S,895,18D,000,1099,P1,7A" (25)
19:07:54  [AT] "SEND OK" (7)
19:07:55  [TX] S,896,18C,000,1100,P1,7F
19:07:55  [SLOT] n=917 tx=24 ack=0 due=0 r=1
19:07:55  [AT] "AT+CIPSEND=25" (13)
19:07:55  [AT] " S,896,18C,000,1100,P1,7F" (25)
19:07:55  [AT] "SEND OK" (7)
19:07:56  [TX] S,897,18C,000,1101,P1,7F
19:07:56  [SLOT] n=918 tx=24 ack=0 due=0 r=1
19:07:56  [AT] "AT+CIPSEND=25" (13)
19:07:56  [AT] " S,897,18C,000,1101,P1,7F" (25)
19:07:56  [AT] "SEND OK" (7)
19:07:57  [TX] S,898,18C,000,1102,P1,73
19:07:57  [SLOT] n=919 tx=24 ack=0 due=0 r=1
19:07:57  [AT] "AT+CIPSEND=25" (13)
19:07:57  [AT] " S,898,18C,000,1102,P1,73" (25)
19:07:57  [AT] "SEND OK" (7)
19:07:59  [TX] S,899,18E,000,1104,P1,72
19:07:59  [SLOT] n=920 tx=24 ack=0 due=0 r=1
19:07:59  [AT] "AT+CIPSEND=25" (13)
19:07:59  [AT] " S,899,18E,000,1104,P1,72" (25)
19:07:59  [AT] "SEND OK" (7)
19:08:00  [TX] S,900,18E,000,1105,P1,72
19:08:00  [SLOT] n=921 tx=24 ack=0 due=0 r=1
19:08:00  [AT] "AT+CIPSEND=25" (13)
19:08:00  [AT] " S,900,18E,000,1105,P1,72" (25)
19:08:00  [AT] "SEND OK" (7)
19:08:01  [TX] S,901,18E,000,1106,P1,70
19:08:01  [SLOT] n=922 tx=24 ack=0 due=0 r=1
19:08:01  [AT] "AT+CIPSEND=25" (13)
19:08:01  [AT] " S,901,18E,000,1106,P1,70" (25)
19:08:01  [AT] "SEND OK" (7)
19:08:02  [TX] S,902,18E,000,1107,P1,72
19:08:02  [SLOT] n=923 tx=24 ack=0 due=0 r=1
19:08:02  [AT] "AT+CIPSEND=25" (13)
19:08:02  [AT] " S,902,18E,000,1107,P1,72" (25)
19:08:02  [AT] "SEND OK" (7)
19:08:03  [TX] S,903,18F,000,1108,P1,7F
19:08:03  [SLOT] n=924 tx=24 ack=0 due=0 r=1
19:08:03  [AT] "AT+CIPSEND=25" (13)
19:08:03  [AT] " S,903,18F,000,1108,P1,7F" (25)
19:08:03  [AT] "SEND OK" (7)
19:08:05  [TX] S,904,18F,000,1110,P1,71
19:08:05  [SLOT] n=925 tx=24 ack=0 due=0 r=1
19:08:05  [AT] "AT+CIPSEND=25" (13)
19:08:05  [AT] " S,904,18F,000,1110,P1,71" (25)
19:08:05  [AT] "SEND OK" (7)
19:08:06  [TX] S,905,18F,000,1111,P1,71
19:08:06  [SLOT] n=926 tx=24 ack=0 due=0 r=1
19:08:06  [AT] "AT+CIPSEND=25" (13)
19:08:06  [AT] " S,905,18F,000,1111,P1,71" (25)
19:08:06  [AT] "SEND OK" (7)
19:08:07  [TX] S,906,18F,000,1112,P1,71
19:08:07  [SLOT] n=927 tx=24 ack=0 due=0 r=1
19:08:07  [AT] "AT+CIPSEND=25" (13)
19:08:07  [AT] " S,906,18F,000,1112,P1,71" (25)
19:08:07  [AT] "SEND OK" (7)
19:08:08  [TX] S,907,18F,000,1113,P1,71
19:08:08  [SLOT] n=928 tx=24 ack=0 due=0 r=1
19:08:08  [AT] "AT+CIPSEND=25" (13)
19:08:08  [AT] " S,907,18F,000,1113,P1,71" (25)
19:08:08  [AT] "SEND OK" (7)
19:08:09  [TX] S,908,18F,000,1114,P1,79
19:08:09  [SLOT] n=929 tx=24 ack=0 due=0 r=1
19:08:09  [AT] "AT+CIPSEND=25" (13)
19:08:09  [AT] " S,908,18F,000,1114,P1,79" (25)
19:08:09  [AT] "SEND OK" (7)
19:08:11  [TX] S,909,18D,000,1116,P1,78
19:08:11  [SLOT] n=930 tx=24 ack=0 due=0 r=1
19:08:11  [AT] "AT+CIPSEND=25" (13)
19:08:11  [AT] " S,909,18D,000,1116,P1,78" (25)
19:08:11  [AT] "SEND OK" (7)
19:08:12  [TX] S,910,18C,000,1117,P1,76
19:08:12  [SLOT] n=931 tx=24 ack=0 due=0 r=1
19:08:12  [AT] "AT+CIPSEND=25" (13)
19:08:12  [AT] " S,910,18C,000,1117,P1,76" (25)
19:08:12  [AT] "SEND OK" (7)
19:08:13  [TX] S,911,18C,000,1118,P1,78
19:08:13  [SLOT] n=932 tx=24 ack=0 due=0 r=1
19:08:13  [AT] "AT+CIPSEND=25" (13)
19:08:13  [AT] " S,911,18C,000,1118,P1,78" (25)
19:08:13  [AT] "SEND OK" (7)
19:08:14  [TX] S,912,18C,000,1119,P1,7A
19:08:14  [SLOT] n=933 tx=24 ack=0 due=0 r=1
19:08:14  [AT] "AT+CIPSEND=25" (13)
19:08:14  [AT] " S,912,18C,000,1119,P1,7A" (25)
19:08:14  [AT] "SEND OK" (7)
19:08:15  [TX] S,913,18C,000,1120,P1,71
19:08:15  [SLOT] n=934 tx=24 ack=0 due=0 r=1
19:08:15  [AT] "AT+CIPSEND=25" (13)
19:08:15  [AT] " S,913,18C,000,1120,P1,71" (25)
19:08:15  [AT] "SEND OK" (7)
19:08:17  [TX] S,914,18C,000,1122,P1,74
19:08:17  [SLOT] n=935 tx=24 ack=0 due=0 r=1
19:08:17  [AT] "AT+CIPSEND=25" (13)
19:08:17  [AT] " S,914,18C,000,1122,P1,74" (25)
19:08:17  [AT] "SEND OK" (7)
19:08:18  [TX] S,915,18C,000,1123,P1,74
19:08:18  [SLOT] n=936 tx=24 ack=0 due=0 r=1
19:08:18  [AT] "AT+CIPSEND=25" (13)
19:08:18  [AT] " S,915,18C,000,1123,P1,74" (25)
19:08:18  [AT] "SEND OK" (7)
19:08:19  [TX] S,916,18C,000,1124,P1,70
19:08:19  [SLOT] n=937 tx=24 ack=0 due=0 r=1
19:08:19  [AT] "AT+CIPSEND=25" (13)
19:08:19  [AT] " S,916,18C,000,1124,P1,70" (25)
19:08:19  [AT] "SEND OK" (7)
19:08:20  [TX] S,917,18D,000,1125,P1,77
19:08:20  [SLOT] n=938 tx=24 ack=0 due=0 r=1
19:08:20  [AT] "AT+CIPSEND=25" (13)
19:08:20  [AT] " S,917,18D,000,1125,P1,77" (25)
19:08:20  [AT] "SEND OK" (7)
19:08:21  [TX] S,918,18D,000,1126,P1,7B
19:08:21  [SLOT] n=939 tx=24 ack=0 due=0 r=1
19:08:21  [AT] "AT+CIPSEND=25" (13)
19:08:21  [AT] " S,918,18D,000,1126,P1,7B" (25)
19:08:21  [AT] "SEND OK" (7)
19:08:23  [TX] S,919,18F,000,1128,P1,76
19:08:23  [SLOT] n=940 tx=24 ack=0 due=0 r=1
19:08:23  [AT] "AT+CIPSEND=25" (13)
19:08:23  [AT] " S,919,18F,000,1128,P1,76" (25)
19:08:23  [AT] "SEND OK" (7)
19:08:24  [TX] S,920,18F,000,1129,P1,7D
19:08:24  [SLOT] n=941 tx=24 ack=0 due=0 r=1
19:08:24  [AT] "AT+CIPSEND=25" (13)
19:08:24  [AT] " S,920,18F,000,1129,P1,7D" (25)
19:08:24  [AT] "SEND OK" (7)
19:08:25  [TX] S,921,18F,000,1130,P1,74
19:08:25  [SLOT] n=942 tx=24 ack=0 due=0 r=1
19:08:25  [AT] "AT+CIPSEND=25" (13)
19:08:25  [AT] " S,921,18F,000,1130,P1,74" (25)
19:08:25  [AT] "SEND OK" (7)
19:08:26  [TX] S,922,18F,000,1131,P1,76
19:08:26  [SLOT] n=943 tx=24 ack=0 due=0 r=1
19:08:26  [AT] "AT+CIPSEND=25" (13)
19:08:26  [AT] " S,922,18F,000,1131,P1,76" (25)
19:08:26  [AT] "SEND OK" (7)
19:08:27  [TX] S,923,18F,000,1132,P1,74
19:08:27  [SLOT] n=944 tx=24 ack=0 due=0 r=1
19:08:27  [AT] "AT+CIPSEND=25" (13)
19:08:27  [AT] " S,923,18F,000,1132,P1,74" (25)
19:08:27  [AT] "SEND OK" (7)
19:08:29  [TX] S,924,18E,000,1134,P1,76
19:08:29  [SLOT] n=945 tx=24 ack=0 due=0 r=1
19:08:29  [AT] "AT+CIPSEND=25" (13)
19:08:29  [AT] " S,924,18E,000,1134,P1,76" (25)
19:08:29  [AT] "SEND OK" (7)
19:08:30  [TX] S,925,18E,000,1135,P1,76
19:08:30  [SLOT] n=946 tx=24 ack=0 due=0 r=1
19:08:30  [AT] "AT+CIPSEND=25" (13)
19:08:30  [AT] " S,925,18E,000,1135,P1,76" (25)
19:08:30  [AT] "SEND OK" (7)
19:08:31  [TX] S,926,18E,000,1136,P1,76
19:08:31  [SLOT] n=947 tx=24 ack=0 due=0 r=1
19:08:31  [AT] "AT+CIPSEND=25" (13)
19:08:31  [AT] " S,926,18E,000,1136,P1,76" (25)
19:08:31  [AT] "SEND OK" (7)
19:08:32  [TX] S,927,18E,000,1137,P1,76
19:08:32  [SLOT] n=948 tx=24 ack=0 due=0 r=1
19:08:32  [AT] "AT+CIPSEND=25" (13)
19:08:32  [AT] " S,927,18E,000,1137,P1,76" (25)
19:08:32  [AT] "SEND OK" (7)
19:08:33  [TX] S,928,18E,000,1138,P1,76
19:08:33  [SLOT] n=949 tx=24 ack=0 due=0 r=1
19:08:33  [AT] "AT+CIPSEND=25" (13)
19:08:33  [AT] " S,928,18E,000,1138,P1,76" (25)
19:08:33  [AT] "SEND OK" (7)
19:08:34  «tap» 살아있음 — 최근 60초 rx=8002B (이 줄이 끊기면 탭이 죽은 것이다)
19:08:35  [TX] S,929,18C,000,1140,P1,7E
19:08:35  [SLOT] n=950 tx=24 ack=0 due=0 r=1
19:08:35  [CNT] up=1140 drop=0 esprst=1 hwrst=0/0 resync=0 sendfail=0 okto=0 stuck=0 ackq=0 ackdrop=0 ackstale=0 slot=950 oow=7 smiss=2 ssovf=0 cksumng=0 okstream=929 penddrop=0 pendfill=930 bigfill=2 bigdrop=0 bigokst=2 oklost=0 bigoklost=0 skip=2 online=1
19:08:35  [RAM] 최저 여유 596 B · 프롬프트 재동기 0회 (서버의 '버린줄' 과 맞아야 한다)
19:08:35  [AT] " S,929,18C,000,1140,P1,7E" (25)
19:08:35  [AT] "SEND OK" (7)
19:08:35  [AT] "AT+CIPSEND=25" (13)
19:08:36  [TX] S,930,18C,000,1141,P1,77
19:08:36  [SLOT] n=951 tx=24 ack=0 due=0 r=1
19:08:36  [AT] "AT+CIPSEND=25" (13)
19:08:36  [AT] " S,930,18C,000,1141,P1,77" (25)
19:08:36  [AT] "SEND OK" (7)
19:08:37  [TX] S,931,18D,000,1142,P1,72
19:08:37  [SLOT] n=952 tx=24 ack=0 due=0 r=1
19:08:37  [AT] "AT+CIPSEND=25" (13)
19:08:37  [AT] " S,931,18D,000,1142,P1,72" (25)
19:08:37  [AT] "SEND OK" (7)
19:08:38  [TX] S,932,18D,000,1143,P1,70
19:08:38  [SLOT] n=953 tx=24 ack=0 due=0 r=1
19:08:38  [AT] "AT+CIPSEND=25" (13)
19:08:38  [AT] " S,932,18D,000,1143,P1,70" (25)
19:08:38  [AT] "SEND OK" (7)
19:08:39  [TX] S,933,18D,000,1144,P1,76
19:08:39  [SLOT] n=954 tx=24 ack=0 due=0 r=1
19:08:39  [AT] "AT+CIPSEND=25" (13)
19:08:39  [AT] " S,933,18D,000,1144,P1,76" (25)
19:08:39  [AT] "SEND OK" (7)
19:08:41  [TX] S,934,18D,000,1146,P1,73
19:08:41  [SLOT] n=955 tx=24 ack=0 due=0 r=1
19:08:41  [AT] "AT+CIPSEND=25" (13)
19:08:41  [AT] " S,934,18D,000,1146,P1,73" (25)
19:08:41  [AT] "SEND OK" (7)
19:08:42  [TX] S,935,18D,000,1147,P1,73
19:08:42  [SLOT] n=956 tx=24 ack=0 due=0 r=1
19:08:42  [AT] "AT+CIPSEND=25" (13)
19:08:42  [AT] " S,935,18D,000,1147,P1,73" (25)
19:08:42  [AT] "SEND OK" (7)
19:08:43  [TX] S,936,18D,000,1148,P1,7F
19:08:43  [SLOT] n=957 tx=24 ack=0 due=0 r=1
19:08:43  [AT] "AT+CIPSEND=25" (13)
19:08:43  [AT] " S,936,18D,000,1148,P1,7F" (25)
19:08:43  [AT] "SEND OK" (7)
19:08:44  [TX] S,937,18D,000,1149,P1,7F
19:08:44  [SLOT] n=958 tx=24 ack=0 due=0 r=1
19:08:44  [AT] "AT+CIPSEND=25" (13)
19:08:44  [AT] " S,937,18D,000,1149,P1,7F" (25)
19:08:44  [AT] "SEND OK" (7)
19:08:45  [TX] S,938,18C,000,1150,P1,7F
19:08:45  [SLOT] n=959 tx=24 ack=0 due=0 r=1
19:08:45  [AT] "AT+CIPSEND=25" (13)
19:08:45  [AT] " S,938,18C,000,1150,P1,7F" (25)
19:08:45  [AT] "SEND OK" (7)
19:08:47  [TX] S,939,18E,000,1152,P1,7A
19:08:47  [SLOT] n=960 tx=24 ack=0 due=0 r=1
19:08:47  [AT] "AT+CIPSEND=25" (13)
19:08:47  [AT] " S,939,18E,000,1152,P1,7A" (25)
19:08:47  [AT] "SEND OK" (7)
19:08:48  [TX] S,940,18E,000,1153,P1,75
19:08:48  [SLOT] n=961 tx=24 ack=0 due=0 r=1
19:08:48  [AT] "AT+CIPSEND=25" (13)
19:08:48  [AT] " S,940,18E,000,1153,P1,75" (25)
19:08:48  [AT] "SEND OK" (7)
19:08:49  [TX] S,941,18E,000,1154,P1,73
19:08:49  [SLOT] n=962 tx=24 ack=0 due=0 r=1
19:08:49  [AT] "AT+CIPSEND=25" (13)
19:08:49  [AT] " S,941,18E,000,1154,P1,73" (25)
19:08:49  [AT] "SEND OK" (7)
19:08:50  [TX] S,942,18E,000,1155,P1,71
19:08:50  [SLOT] n=963 tx=24 ack=0 due=0 r=1
19:08:50  [AT] "AT+CIPSEND=25" (13)
19:08:50  [AT] " S,942,18E,000,1155,P1,71" (25)
19:08:50  [AT] "SEND OK" (7)
19:08:51  [TX] S,943,18E,000,1156,P1,73
19:08:51  [SLOT] n=964 tx=24 ack=0 due=0 r=1
19:08:51  [AT] "AT+CIPSEND=25" (13)
19:08:51  [AT] " S,943,18E,000,1156,P1,73" (25)
19:08:51  [AT] "SEND OK" (7)
19:08:53  [TX] S,944,18E,000,1158,P1,7A
19:08:53  [SLOT] n=965 tx=24 ack=0 due=0 r=1
19:08:53  [AT] "AT+CIPSEND=25" (13)
19:08:53  [AT] " S,944,18E,000,1158,P1,7A" (25)
19:08:53  [AT] "SEND OK" (7)
19:08:54  [TX] S,945,18F,000,1159,P1,79
19:08:54  [SLOT] n=966 tx=24 ack=0 due=0 r=1
19:08:54  [AT] "AT+CIPSEND=25" (13)
19:08:54  [AT] " S,945,18F,000,1159,P1,79" (25)
19:08:54  [AT] "SEND OK" (7)
19:08:55  [TX] S,946,18F,000,1160,P1,70
19:08:55  [SLOT] n=967 tx=24 ack=0 due=0 r=1
19:08:55  [AT] "AT+CIPSEND=25" (13)
19:08:55  [AT] " S,946,18F,000,1160,P1,70" (25)
19:08:55  [AT] "SEND OK" (7)
19:08:56  [TX] S,947,18F,000,1161,P1,70
19:08:56  [SLOT] n=968 tx=24 ack=0 due=0 r=1
19:08:56  [AT] "AT+CIPSEND=25" (13)
19:08:56  [AT] " S,947,18F,000,1161,P1,70" (25)
19:08:56  [AT] "SEND OK" (7)
19:08:57  [TX] S,948,18F,000,1162,P1,7C
19:08:57  [SLOT] n=969 tx=24 ack=0 due=0 r=1
19:08:57  [AT] "AT+CIPSEND=25" (13)
19:08:57  [AT] " S,948,18F,000,1162,P1,7C" (25)
19:08:57  [AT] "SEND OK" (7)
19:08:59  [TX] S,949,18D,000,1164,P1,79
19:08:59  [SLOT] n=970 tx=24 ack=0 due=0 r=1
19:08:59  [AT] "AT+CIPSEND=25" (13)
19:08:59  [AT] " S,949,18D,000,1164,P1,79" (25)
19:08:59  [AT] "SEND OK" (7)
19:09:00  [TX] S,950,18D,000,1165,P1,70
19:09:00  [SLOT] n=971 tx=24 ack=0 due=0 r=1
19:09:00  [AT] "AT+CIPSEND=25" (13)
19:09:00  [AT] " S,950,18D,000,1165,P1,70" (25)
19:09:00  [AT] "SEND OK" (7)
19:09:01  [TX] S,951,18D,000,1166,P1,72
19:09:01  [SLOT] n=972 tx=24 ack=0 due=0 r=1
19:09:01  [AT] "AT+CIPSEND=25" (13)
19:09:01  [AT] " S,951,18D,000,1166,P1,72" (25)
19:09:01  [AT] "SEND OK" (7)
19:09:02  [TX] S,952,18C,000,1167,P1,77
19:09:02  [SLOT] n=973 tx=24 ack=0 due=0 r=1
19:09:02  [AT] "AT+CIPSEND=25" (13)
19:09:02  [AT] " S,952,18C,000,1167,P1,77" (25)
19:09:02  [AT] "SEND OK" (7)
19:09:03  [TX] S,953,18C,000,1168,P1,79
19:09:03  [SLOT] n=974 tx=24 ack=0 due=0 r=1
19:09:03  [AT] "AT+CIPSEND=25" (13)
19:09:03  [AT] " S,953,18C,000,1168,P1,79" (25)
19:09:03  [AT] "SEND OK" (7)
19:09:04  [TX] S,954,18C,000,1170,P1,77
19:09:05  [SLOT] n=975 tx=24 ack=0 due=0 r=1
19:09:05  [AT] "AT+CIPSEND=25" (13)
19:09:05  [AT] " S,954,18C,000,1170,P1,77" (25)
19:09:05  [AT] "SEND OK" (7)
19:09:06  [TX] S,955,18C,000,1171,P1,77
19:09:06  [SLOT] n=976 tx=24 ack=0 due=0 r=1
19:09:06  [AT] "AT+CIPSEND=25" (13)
19:09:06  [AT] " S,955,18C,000,1171,P1,77" (25)
19:09:06  [AT] "SEND OK" (7)
19:09:07  [TX] S,956,18C,000,1172,P1,77
19:09:07  [SLOT] n=977 tx=24 ack=0 due=0 r=1
19:09:07  [AT] "AT+CIPSEND=25" (13)
19:09:07  [AT] " S,956,18C,000,1172,P1,77" (25)
19:09:07  [AT] "SEND OK" (7)
19:09:08  [TX] S,957,18C,000,1173,P1,77
19:09:08  [SLOT] n=978 tx=24 ack=0 due=0 r=1
19:09:08  [AT] "AT+CIPSEND=25" (13)
19:09:08  [AT] " S,957,18C,000,1173,P1,77" (25)
19:09:08  [AT] "SEND OK" (7)
19:09:09  [TX] S,958,18C,000,1174,P1,7F
19:09:09  [SLOT] n=979 tx=24 ack=0 due=0 r=1
19:09:09  [AT] "AT+CIPSEND=25" (13)
19:09:09  [AT] " S,958,18C,000,1174,P1,7F" (25)
19:09:09  [AT] "SEND OK" (7)
19:09:10  [TX] S,959,18F,000,1176,P1,79
19:09:11  [SLOT] n=980 tx=24 ack=0 due=0 r=1
19:09:11  [AT] "AT+CIPSEND=25" (13)
19:09:11  [AT] " S,959,18F,000,1176,P1,79" (25)
19:09:11  [AT] "SEND OK" (7)
19:09:12  [TX] S,960,18F,000,1177,P1,72
19:09:12  [SLOT] n=981 tx=24 ack=0 due=0 r=1
19:09:12  [AT] "AT+CIPSEND=25" (13)
19:09:12  [AT] " S,960,18F,000,1177,P1,72" (25)
19:09:12  [AT] "SEND OK" (7)
19:09:13  [TX] S,961,18F,000,1178,P1,7C
19:09:13  [SLOT] n=982 tx=24 ack=0 due=0 r=1
19:09:13  [AT] "AT+CIPSEND=25" (13)
19:09:13  [AT] " S,961,18F,000,1178,P1,7C" (25)
19:09:13  [AT] "SEND OK" (7)
19:09:14  [TX] S,962,18F,000,1179,P1,7E
19:09:14  [SLOT] n=983 tx=24 ack=0 due=0 r=1
19:09:14  [AT] "AT+CIPSEND=25" (13)
19:09:14  [AT] " S,962,18F,000,1179,P1,7E" (25)
19:09:14  [AT] "SEND OK" (7)
19:09:15  [TX] S,963,18F,000,1180,P1,79
19:09:15  [SLOT] n=984 tx=24 ack=0 due=0 r=1
19:09:15  [AT] "AT+CIPSEND=25" (13)
19:09:15  [AT] " S,963,18F,000,1180,P1,79" (25)
19:09:15  [AT] "SEND OK" (7)
19:09:16  [TX] S,964,18F,000,1182,P1,7C
19:09:17  [SLOT] n=985 tx=24 ack=0 due=0 r=1
19:09:17  [AT] "AT+CIPSEND=25" (13)
19:09:17  [AT] " S,964,18F,000,1182,P1,7C" (25)
19:09:17  [AT] "SEND OK" (7)
19:09:18  [TX] S,965,18F,000,1183,P1,7C
19:09:18  [SLOT] n=986 tx=24 ack=0 due=0 r=1
19:09:18  [AT] "AT+CIPSEND=25" (13)
19:09:18  [AT] " S,965,18F,000,1183,P1,7C" (25)
19:09:18  [AT] "SEND OK" (7)
19:09:19  [TX] S,966,18E,000,1184,P1,7B
19:09:19  [SLOT] n=987 tx=24 ack=0 due=0 r=1
19:09:19  [AT] "AT+CIPSEND=25" (13)
19:09:19  [AT] " S,966,18E,000,1184,P1,7B" (25)
19:09:19  [AT] "SEND OK" (7)
19:09:20  [TX] S,967,18E,000,1185,P1,7B
19:09:20  [SLOT] n=988 tx=24 ack=0 due=0 r=1
19:09:20  [AT] "AT+CIPSEND=25" (13)
19:09:20  [AT] " S,967,18E,000,1185,P1,7B" (25)
19:09:20  [AT] "SEND OK" (7)
19:09:21  [TX] S,968,18E,000,1186,P1,77
19:09:21  [SLOT] n=989 tx=24 ack=0 due=0 r=1
19:09:21  [AT] "AT+CIPSEND=25" (13)
19:09:22  [AT] " S,968,18E,000,1186,P1,77" (25)
19:09:22  [AT] "SEND OK" (7)
19:09:22  [TX] S,969,18C,000,1188,P1,7E
19:09:22  [SLOT] n=990 tx=24 ack=0 due=0 r=1
19:09:22  [AT] "AT+CIPSEND=25" (13)
19:09:23  [AT] " S,969,18C,000,1188,P1,7E" (25)
19:09:23  [AT] "SEND OK" (7)
19:09:24  [TX] S,970,18C,000,1189,P1,77
19:09:24  [SLOT] n=991 tx=24 ack=0 due=0 r=1
19:09:24  [AT] "AT+CIPSEND=25" (13)
19:09:24  [AT] " S,970,18C,000,1189,P1,77" (25)
19:09:24  [AT] "SEND OK" (7)
19:09:25  [TX] S,971,18C,000,1190,P1,7E
19:09:25  [SLOT] n=992 tx=24 ack=0 due=0 r=1
19:09:25  [AT] "AT+CIPSEND=25" (13)
19:09:25  [AT] " S,971,18C,000,1190,P1,7E" (25)
19:09:25  [AT] "SEND OK" (7)
19:09:26  [TX] S,972,18C,000,1191,P1,7C
19:09:26  [SLOT] n=993 tx=24 ack=0 due=0 r=1
19:09:26  [AT] "AT+CIPSEND=25" (13)
19:09:26  [AT] " S,972,18C,000,1191,P1,7C" (25)
19:09:26  [AT] "SEND OK" (7)
19:09:27  [TX] S,973,18D,000,1192,P1,79
19:09:27  [SLOT] n=994 tx=24 ack=0 due=0 r=1
19:09:27  [AT] "AT+CIPSEND=25" (13)
19:09:27  [AT] " S,973,18D,000,1192,P1,79" (25)
19:09:27  [AT] "SEND OK" (7)
19:09:28  [TX] S,974,18D,000,1194,P1,78
19:09:28  [SLOT] n=995 tx=24 ack=0 due=0 r=1
19:09:28  [AT] "AT+CIPSEND=25" (13)
19:09:29  [AT] " S,974,18D,000,1194,P1,78" (25)
19:09:29  [AT] "SEND OK" (7)
19:09:30  [TX] S,975,18D,000,1195,P1,78
19:09:30  [SLOT] n=996 tx=24 ack=0 due=0 r=1
19:09:30  [AT] "AT+CIPSEND=25" (13)
19:09:30  [AT] " S,975,18D,000,1195,P1,78" (25)
19:09:30  [AT] "SEND OK" (7)
19:09:31  [TX] S,976,18D,000,1196,P1,78
19:09:31  [SLOT] n=997 tx=24 ack=0 due=0 r=1
19:09:31  [AT] "AT+CIPSEND=25" (13)
19:09:31  [AT] " S,976,18D,000,1196,P1,78" (25)
19:09:31  [AT] "SEND OK" (7)
19:09:32  [TX] S,977,18D,000,1197,P1,78
19:09:32  [SLOT] n=998 tx=24 ack=0 due=0 r=1
19:09:32  [AT] "AT+CIPSEND=25" (13)
19:09:32  [AT] " S,977,18D,000,1197,P1,78" (25)
19:09:32  [AT] "SEND OK" (7)
19:09:33  [TX] S,978,18D,000,1198,P1,78
19:09:33  [SLOT] n=999 tx=24 ack=0 due=0 r=1
19:09:33  [AT] "AT+CIPSEND=25" (13)
19:09:33  [AT] " S,978,18D,000,1198,P1,78" (25)
19:09:33  [AT] "SEND OK" (7)
19:09:34  «tap» 살아있음 — 최근 60초 rx=8002B (이 줄이 끊기면 탭이 죽은 것이다)
19:09:34  [TX] S,979,18F,000,1200,P1,79
19:09:34  [SLOT] n=1000 tx=24 ack=0 due=0 r=1
19:09:35  [CNT] up=1200 drop=0 esprst=1 hwrst=0/0 resync=0 sendfail=0 okto=0 stuck=0 ackq=0 ackdrop=0 ackstale=0 slot=1000 oow=7 smiss=2 ssovf=0 cksumng=0 okstream=979 penddrop=0 pendfill=980 bigfill=2 bigdrop=0 bigokst=2 oklost=0 bigoklost=0 skip=2 online=1
19:09:35  [RAM] 최저 여유 596 B · 프롬프트 재동기 0회 (서버의 '버린줄' 과 맞아야 한다)
19:09:35  [AT] " S,979,18F,000,1200,P1,79" (25)
19:09:35  [AT] "SEND OK" (7)
19:09:35  [AT] "AT+CIPSEND=25" (13)
19:09:36  [TX] S,980,18E,000,1201,P1,7D
19:09:36  [SLOT] n=1001 tx=24 ack=0 due=0 r=1
19:09:36  [AT] "AT+CIPSEND=25" (13)
19:09:36  [AT] " S,980,18E,000,1201,P1,7D" (25)
19:09:36  [AT] "SEND OK" (7)
19:09:37  [TX] S,981,18E,000,1202,P1,7F
19:09:37  [SLOT] n=1002 tx=24 ack=0 due=0 r=1
19:09:37  [AT] "AT+CIPSEND=25" (13)
19:09:37  [AT] " S,981,18E,000,1202,P1,7F" (25)
19:09:37  [AT] "SEND OK" (7)
19:09:38  [TX] S,982,18E,000,1203,P1,7D
19:09:38  [SLOT] n=1003 tx=24 ack=0 due=0 r=1
19:09:38  [AT] "AT+CIPSEND=25" (13)
19:09:38  [AT] " S,982,18E,000,1203,P1,7D" (25)
19:09:38  [AT] "SEND OK" (7)
19:09:40  [TX] S,983,18E,000,1204,P1,7B
19:09:40  [SLOT] n=1004 tx=24 ack=0 due=0 r=1
19:09:40  [AT] "AT+CIPSEND=25" (13)
19:09:40  [AT] " S,983,18E,000,1204,P1,7B" (25)
19:09:40  [AT] "SEND OK" (7)
19:09:41  [TX] S,984,18E,000,1206,P1,7E
19:09:41  [SLOT] n=1005 tx=24 ack=0 due=0 r=1
19:09:41  [AT] "AT+CIPSEND=25" (13)
19:09:41  [AT] " S,984,18E,000,1206,P1,7E" (25)
19:09:41  [AT] "SEND OK" (7)
19:09:43  [TX] S,985,18E,000,1207,P1,7E
19:09:43  [SLOT] n=1006 tx=24 ack=0 due=0 r=1
19:09:43  [AT] "AT+CIPSEND=25" (13)
19:09:43  [AT] " S,985,18E,000,1207,P1,7E" (25)
19:09:43  [AT] "SEND OK" (7)
19:09:44  [TX] S,986,18E,000,1208,P1,72
19:09:44  [SLOT] n=1007 tx=24 ack=0 due=0 r=1
19:09:44  [AT] "AT+CIPSEND=25" (13)
19:09:44  [AT] " S,986,18E,000,1208,P1,72" (25)
19:09:44  [AT] "SEND OK" (7)
19:09:45  [TX] S,987,18F,000,1209,P1,71
19:09:45  [SLOT] n=1008 tx=24 ack=0 due=0 r=1
19:09:45  [AT] "AT+CIPSEND=25" (13)
19:09:45  [AT] " S,987,18F,000,1209,P1,71" (25)
19:09:45  [AT] "SEND OK" (7)
19:09:46  [TX] S,988,18F,000,1210,P1,76
19:09:46  [SLOT] n=1009 tx=24 ack=0 due=0 r=1
19:09:46  [AT] "AT+CIPSEND=25" (13)
19:09:46  [AT] " S,988,18F,000,1210,P1,76" (25)
19:09:46  [AT] "SEND OK" (7)
19:09:47  [TX] S,989,18D,000,1212,P1,77
19:09:47  [SLOT] n=1010 tx=24 ack=0 due=0 r=1
19:09:47  [AT] "AT+CIPSEND=25" (13)
19:09:47  [AT] " S,989,18D,000,1212,P1,77" (25)
19:09:47  [AT] "SEND OK" (7)
19:09:49  [TX] S,990,18D,000,1213,P1,7E
19:09:49  [SLOT] n=1011 tx=24 ack=0 due=0 r=1
19:09:49  [AT] "AT+CIPSEND=25" (13)
19:09:49  [AT] " S,990,18D,000,1213,P1,7E" (25)
19:09:49  [AT] "SEND OK" (7)
19:09:50  [TX] S,991,18D,000,1214,P1,78
19:09:50  [SLOT] n=1012 tx=24 ack=0 due=0 r=1
19:09:50  [AT] "AT+CIPSEND=25" (13)
19:09:50  [AT] " S,991,18D,000,1214,P1,78" (25)
19:09:50  [AT] "SEND OK" (7)
19:09:51  [TX] S,992,18D,000,1215,P1,7A
19:09:51  [SLOT] n=1013 tx=24 ack=0 due=0 r=1
19:09:51  [AT] "AT+CIPSEND=25" (13)
19:09:51  [AT] " S,992,18D,000,1215,P1,7A" (25)
19:09:51  [AT] "SEND OK" (7)
19:09:52  [TX] S,993,18D,000,1216,P1,78
19:09:52  [SLOT] n=1014 tx=24 ack=0 due=0 r=1
19:09:52  [AT] "AT+CIPSEND=25" (13)
19:09:52  [AT] " S,993,18D,000,1216,P1,78" (25)
19:09:52  [AT] "SEND OK" (7)
19:09:53  [TX] S,994,18C,000,1218,P1,76
19:09:53  [SLOT] n=1015 tx=24 ack=0 due=0 r=1
19:09:53  [AT] "AT+CIPSEND=25" (13)
19:09:53  [AT] " S,994,18C,000,1218,P1,76" (25)
19:09:53  [AT] "SEND OK" (7)
19:09:55  [TX] S,995,18C,000,1219,P1,76
19:09:55  [SLOT] n=1016 tx=24 ack=0 due=0 r=1
19:09:55  [AT] "AT+CIPSEND=25" (13)
19:09:55  [AT] " S,995,18C,000,1219,P1,76" (25)
19:09:55  [AT] "SEND OK" (7)
19:09:56  [TX] S,996,18C,000,1220,P1,7F
19:09:56  [SLOT] n=1017 tx=24 ack=0 due=0 r=1
19:09:56  [AT] "AT+CIPSEND=25" (13)
19:09:56  [AT] " S,996,18C,000,1220,P1,7F" (25)
19:09:56  [AT] "SEND OK" (7)
19:09:57  [TX] S,997,18C,000,1221,P1,7F
19:09:57  [SLOT] n=1018 tx=24 ack=0 due=0 r=1
19:09:57  [AT] "AT+CIPSEND=25" (13)
19:09:57  [AT] " S,997,18C,000,1221,P1,7F" (25)
19:09:57  [AT] "SEND OK" (7)
19:09:58  [TX] S,998,18C,000,1222,P1,73
19:09:58  [SLOT] n=1019 tx=24 ack=0 due=0 r=1
19:09:58  [AT] "AT+CIPSEND=25" (13)
19:09:58  [AT] " S,998,18C,000,1222,P1,73" (25)
19:09:58  [AT] "SEND OK" (7)
19:09:59  [TX] S,999,18E,000,1224,P1,72
19:09:59  [SLOT] n=1020 tx=24 ack=0 due=0 r=1
19:09:59  [AT] "AT+CIPSEND=25" (13)
19:09:59  [AT] " S,999,18E,000,1224,P1,72" (25)
19:09:59  [AT] "SEND OK" (7)
19:10:01  [TX] S,1000,18E,000,1225,P1,4B
19:10:01  [SLOT] n=1021 tx=25 ack=0 due=0 r=1
19:10:01  [AT] "AT+CIPSEND=26" (13)
19:10:01  [AT] " S,1000,18E,000,1225,P1,4B" (26)
19:10:01  [AT] "SEND OK" (7)
19:10:02  [TX] S,1001,18F,000,1226,P1,4A
19:10:02  [SLOT] n=1022 tx=25 ack=0 due=0 r=1
19:10:02  [AT] "AT+CIPSEND=26" (13)
19:10:02  [AT] " S,1001,18F,000,1226,P1,4A" (26)
19:10:02  [AT] "SEND OK" (7)
19:10:03  [TX] S,1002,18F,000,1227,P1,48
19:10:03  [SLOT] n=1023 tx=25 ack=0 due=0 r=1
19:10:03  [AT] "AT+CIPSEND=26" (13)
19:10:03  [AT] " S,1002,18F,000,1227,P1,48" (26)
19:10:03  [AT] "SEND OK" (7)
19:10:04  [TX] S,1003,18F,000,1228,P1,46
19:10:04  [SLOT] n=1024 tx=25 ack=0 due=0 r=1
19:10:04  [AT] "AT+CIPSEND=26" (13)
19:10:04  [AT] " S,1003,18F,000,1228,P1,46" (26)
19:10:04  [AT] "SEND OK" (7)
19:10:05  [TX] S,1004,18F,000,1230,P1,48
19:10:05  [SLOT] n=1025 tx=25 ack=0 due=0 r=1
19:10:05  [AT] "AT+CIPSEND=26" (13)
19:10:05  [AT] " S,1004,18F,000,1230,P1,48" (26)
19:10:05  [AT] "SEND OK" (7)
19:10:07  [TX] S,1005,18F,000,1231,P1,48
19:10:07  [SLOT] n=1026 tx=25 ack=0 due=0 r=1
19:10:07  [AT] "AT+CIPSEND=26" (13)
19:10:07  [AT] " S,1005,18F,000,1231,P1,48" (26)
19:10:07  [AT] "SEND OK" (7)
19:10:08  [TX] S,1006,18F,000,1232,P1,48
19:10:08  [SLOT] n=1027 tx=25 ack=0 due=0 r=1
19:10:08  [AT] "AT+CIPSEND=26" (13)
19:10:08  [AT] " S,1006,18F,000,1232,P1,48" (26)
19:10:08  [AT] "SEND OK" (7)
19:10:09  [TX] S,1007,18F,000,1233,P1,48
19:10:09  [SLOT] n=1028 tx=25 ack=0 due=0 r=1
19:10:09  [AT] "AT+CIPSEND=26" (13)
19:10:09  [AT] " S,1007,18F,000,1233,P1,48" (26)
19:10:09  [AT] "SEND OK" (7)
19:10:10  [TX] S,1008,18E,000,1234,P1,43
19:10:10  [SLOT] n=1029 tx=25 ack=0 due=0 r=1
19:10:10  [AT] "AT+CIPSEND=26" (13)
19:10:10  [AT] " S,1008,18E,000,1234,P1,43" (26)
19:10:10  [AT] "SEND OK" (7)
19:10:11  [TX] S,1009,18C,000,1236,P1,46
19:10:11  [SLOT] n=1030 tx=25 ack=0 due=0 r=1
19:10:11  [AT] "AT+CIPSEND=26" (13)
19:10:11  [AT] " S,1009,18C,000,1236,P1,46" (26)
19:10:11  [AT] "SEND OK" (7)
19:10:13  [TX] S,1010,18C,000,1237,P1,4F
19:10:13  [SLOT] n=1031 tx=25 ack=0 due=0 r=1
19:10:13  [AT] "AT+CIPSEND=26" (13)
19:10:13  [AT] " S,1010,18C,000,1237,P1,4F" (26)
19:10:13  [AT] "SEND OK" (7)
19:10:14  [TX] S,1011,18C,000,1238,P1,41
19:10:14  [SLOT] n=1032 tx=25 ack=0 due=0 r=1
19:10:14  [AT] "AT+CIPSEND=26" (13)
19:10:14  [AT] " S,1011,18C,000,1238,P1,41" (26)
19:10:14  [AT] "SEND OK" (7)
19:10:15  [TX] S,1012,18C,000,1239,P1,43
19:10:15  [SLOT] n=1033 tx=25 ack=0 due=0 r=1
19:10:15  [AT] "AT+CIPSEND=26" (13)
19:10:15  [AT] " S,1012,18C,000,1239,P1,43" (26)
19:10:15  [AT] "SEND OK" (7)
19:10:16  [TX] S,1013,18C,000,1240,P1,4C
19:10:16  [SLOT] n=1034 tx=25 ack=0 due=0 r=1
19:10:16  [AT] "AT+CIPSEND=26" (13)
19:10:16  [AT] " S,1013,18C,000,1240,P1,4C" (26)
19:10:16  [AT] "SEND OK" (7)
19:10:17  [TX] S,1014,18C,000,1242,P1,49
19:10:17  [SLOT] n=1035 tx=25 ack=0 due=0 r=1
19:10:17  [AT] "AT+CIPSEND=26" (13)
19:10:17  [AT] " S,1014,18C,000,1242,P1,49" (26)
19:10:17  [AT] "SEND OK" (7)
19:10:19  [TX] S,1015,18D,000,1243,P1,4E
19:10:19  [SLOT] n=1036 tx=25 ack=0 due=0 r=1
19:10:19  [AT] "AT+CIPSEND=26" (13)
19:10:19  [AT] " S,1015,18D,000,1243,P1,4E" (26)
19:10:19  [AT] "SEND OK" (7)
19:10:20  [TX] S,1016,18D,000,1244,P1,4A
19:10:20  [SLOT] n=1037 tx=25 ack=0 due=0 r=1
19:10:20  [AT] "AT+CIPSEND=26" (13)
19:10:20  [AT] " S,1016,18D,000,1244,P1,4A" (26)
19:10:20  [AT] "SEND OK" (7)
19:10:21  [TX] S,1017,18D,000,1245,P1,4A
19:10:21  [SLOT] n=1038 tx=25 ack=0 due=0 r=1
19:10:21  [AT] "AT+CIPSEND=26" (13)
19:10:21  [AT] " S,1017,18D,000,1245,P1,4A" (26)
19:10:21  [AT] "SEND OK" (7)
19:10:22  [TX] S,1018,18D,000,1246,P1,46
19:10:22  [SLOT] n=1039 tx=25 ack=0 due=0 r=1
19:10:22  [AT] "AT+CIPSEND=26" (13)
19:10:22  [AT] " S,1018,18D,000,1246,P1,46" (26)
19:10:22  [AT] "SEND OK" (7)
19:10:23  [TX] S,1019,18F,000,1248,P1,4B
19:10:23  [SLOT] n=1040 tx=25 ack=0 due=0 r=1
19:10:23  [AT] "AT+CIPSEND=26" (13)
19:10:23  [AT] " S,1019,18F,000,1248,P1,4B" (26)
19:10:23  [AT] "SEND OK" (7)
19:10:25  [TX] S,1020,18F,000,1249,P1,40
19:10:25  [SLOT] n=1041 tx=25 ack=0 due=0 r=1
19:10:25  [AT] "AT+CIPSEND=26" (13)
19:10:25  [AT] " S,1020,18F,000,1249,P1,40" (26)
19:10:25  [AT] "SEND OK" (7)
19:10:26  [TX] S,1021,18F,000,1250,P1,49
19:10:26  [SLOT] n=1042 tx=25 ack=0 due=0 r=1
19:10:26  [AT] "AT+CIPSEND=26" (13)
19:10:26  [AT] " S,1021,18F,000,1250,P1,49" (26)
19:10:26  [AT] "SEND OK" (7)
19:10:27  [TX] S,1022,18E,000,1251,P1,48
19:10:27  [SLOT] n=1043 tx=25 ack=0 due=0 r=1
19:10:27  [AT] "AT+CIPSEND=26" (13)
19:10:27  [AT] " S,1022,18E,000,1251,P1,48" (26)
19:10:27  [AT] "SEND OK" (7)
19:10:28  [TX] S,1023,18E,000,1252,P1,4A
19:10:28  [SLOT] n=1044 tx=25 ack=0 due=0 r=1
19:10:28  [AT] "AT+CIPSEND=26" (13)
19:10:28  [AT] " S,1023,18E,000,1252,P1,4A" (26)
19:10:28  [AT] "SEND OK" (7)
19:10:29  [TX] S,1024,18E,000,1254,P1,4B
19:10:29  [SLOT] n=1045 tx=25 ack=0 due=0 r=1
19:10:29  [AT] "AT+CIPSEND=26" (13)
19:10:29  [AT] " S,1024,18E,000,1254,P1,4B" (26)
19:10:29  [AT] "SEND OK" (7)
19:10:31  [TX] S,1025,18E,000,1255,P1,4B
19:10:31  [SLOT] n=1046 tx=25 ack=0 due=0 r=1
19:10:31  [AT] "AT+CIPSEND=26" (13)
19:10:31  [AT] " S,1025,18E,000,1255,P1,4B" (26)
19:10:31  [AT] "SEND OK" (7)
19:10:32  [TX] S,1026,18E,000,1256,P1,4B
19:10:32  [SLOT] n=1047 tx=25 ack=0 due=0 r=1
19:10:32  [AT] "AT+CIPSEND=26" (13)
19:10:32  [AT] " S,1026,18E,000,1256,P1,4B" (26)
19:10:32  [AT] "SEND OK" (7)
19:10:33  [TX] S,1027,18E,000,1257,P1,4B
19:10:33  [SLOT] n=1048 tx=25 ack=0 due=0 r=1
19:10:33  [AT] "AT+CIPSEND=26" (13)
19:10:33  [AT] " S,1027,18E,000,1257,P1,4B" (26)
19:10:33  [AT] "SEND OK" (7)
19:10:34  [TX] S,1028,18E,000,1258,P1,4B
19:10:34  [SLOT] n=1049 tx=25 ack=0 due=0 r=1
19:10:34  [AT] "AT+CIPSEND=26" (13)
19:10:34  [AT] " S,1028,18E,000,1258,P1,4B" (26)
19:10:34  [AT] "SEND OK" (7)
19:10:35  «tap» 살아있음 — 최근 60초 rx=8111B (이 줄이 끊기면 탭이 죽은 것이다)
19:10:35  [TX] S,1029,18D,000,1260,P1,40
19:10:35  [SLOT] n=1050 tx=25 ack=0 due=0 r=1
19:10:35  [CNT] up=1260 drop=0 esprst=1 hwrst=0/0 resync=0 sendfail=0 okto=0 stuck=0 ackq=0 ackdrop=0 ackstale=0 slot=1050 oow=7 smiss=2 ssovf=0 cksumng=0 okstream=1029 penddrop=0 pendfill=1030 bigfill=2 bigdrop=0 bigokst=2 oklost=0 bigoklost=0 skip=2 online=1
19:10:35  [RAM] 최저 여유 596 B · 프롬프트 재동기 0회 (서버의 '버린줄' 과 맞아야 한다)
19:10:35  [AT] "AT+CIPSEND=26" (13)
19:10:36  [AT] " S,1029,18D,000,1260,P1,40" (26)
19:10:36  [AT] "SEND OK" (7)
19:10:37  [TX] S,1030,18D,000,1261,P1,49
19:10:37  [SLOT] n=1051 tx=25 ack=0 due=0 r=1
19:10:37  [AT] "AT+CIPSEND=26" (13)
19:10:37  [AT] " S,1030,18D,000,1261,P1,49" (26)
19:10:37  [AT] "SEND OK" (7)
19:10:38  [TX] S,1031,18D,000,1262,P1,4B
19:10:38  [SLOT] n=1052 tx=25 ack=0 due=0 r=1
19:10:38  [AT] "AT+CIPSEND=26" (13)
19:10:38  [AT] " S,1031,18D,000,1262,P1,4B" (26)
19:10:38  [AT] "SEND OK" (7)
19:10:39  [TX] S,1032,18D,000,1263,P1,49
19:10:39  [SLOT] n=1053 tx=25 ack=0 due=0 r=1
19:10:39  [AT] "AT+CIPSEND=26" (13)
19:10:39  [AT] " S,1032,18D,000,1263,P1,49" (26)
19:10:39  [AT] "SEND OK" (7)
19:10:40  [TX] S,1033,18D,000,1264,P1,4F
19:10:40  [SLOT] n=1054 tx=25 ack=0 due=0 r=1
19:10:40  [AT] "AT+CIPSEND=26" (13)
19:10:40  [AT] " S,1033,18D,000,1264,P1,4F" (26)
19:10:40  [AT] "SEND OK" (7)
19:10:41  [TX] S,1034,18D,000,1266,P1,4A
19:10:41  [SLOT] n=1055 tx=25 ack=0 due=0 r=1
19:10:41  [AT] "AT+CIPSEND=26" (13)
19:10:42  [AT] " S,1034,18D,000,1266,P1,4A" (26)
19:10:42  [AT] "SEND OK" (7)
19:10:43  [TX] S,1035,18D,000,1267,P1,4A
19:10:43  [SLOT] n=1056 tx=25 ack=0 due=0 r=1
19:10:43  [AT] "AT+CIPSEND=26" (13)
19:10:43  [AT] " S,1035,18D,000,1267,P1,4A" (26)
19:10:43  [AT] "SEND OK" (7)
19:10:44  [TX] S,1036,18C,000,1268,P1,41
19:10:44  [SLOT] n=1057 tx=25 ack=0 due=0 r=1
19:10:44  [AT] "AT+CIPSEND=26" (13)
19:10:44  [AT] " S,1036,18C,000,1268,P1,41" (26)
19:10:44  [AT] "SEND OK" (7)
19:10:45  [TX] S,1037,18C,000,1269,P1,41
19:10:45  [SLOT] n=1058 tx=25 ack=0 due=0 r=1
19:10:45  [AT] "AT+CIPSEND=26" (13)
19:10:45  [AT] " S,1037,18C,000,1269,P1,41" (26)
19:10:45  [AT] "SEND OK" (7)
19:10:46  [TX] S,1038,18C,000,1270,P1,46
19:10:46  [SLOT] n=1059 tx=25 ack=0 due=0 r=1
19:10:46  [AT] "AT+CIPSEND=26" (13)
19:10:46  [AT] " S,1038,18C,000,1270,P1,46" (26)
19:10:46  [AT] "ERROR" (5)
19:10:46  [NET] 송신 오류 응답(로그만, 카운터는 sendLine 이 센다): ERROR
19:10:46  [AT] "Unlink" (6)
19:10:46  [DIAG] offline step=3 사다리=0/0 rx=54041 lines=3164 up=1270s
19:10:47  [NET] 3 CIFSR (IP 를 실제로 받았는가)
19:10:47  [AT] "AT+CIFSR" (8)
19:10:47  [AT] "0.0.0.0" (7)
19:10:47  [NET] ★ ESP 가 IP 를 잃었다 — 모듈 리셋으로 본다. 누적 사건 2
19:10:47  [AT] "OK" (2)
19:10:49  [NET] 3 CIFSR (IP 를 실제로 받았는가)
19:10:49  [AT] "AT+CIFSR" (8)
19:10:49  [AT] "192.168.0.214" (13)
19:10:49  [NET] ★ IP 확보: 192.168.0.214
19:10:49  [AT] "OK" (2)
19:10:49  [DIAG] offline step=4 사다리=0/0 rx=54099 lines=3170 up=1273s
19:10:49  [NET] 4 CIPMUX=0
19:10:49  [AT] "AT+CIPMUX=0" (11)
19:10:49  [AT] "OK" (2)
19:10:49  [NET] CIPMUX=0 적용됨 → CIPSTART
19:10:50  [NET] 5 CIPSTART
19:10:50  [AT] "AT+CIPSTART="TCP","192.168.0.29",9991" (37)
19:10:50  [AT] "OK" (2)
19:10:50  [AT] "Linked" (6)
19:10:50  [NET] online (CONNECT) + 캐시 비움
19:10:50  [TX] S,1039,18E,000,1274,P1,45
19:10:50  [SLOT] n=1062 tx=25 ack=0 due=35 r=1
19:10:50  [AT] "AT+CIPSEND=26" (13)
19:10:50  [AT] " S,1039,18E,000,1274,P1,45" (26)
19:10:50  [AT] "SEND OK" (7)
19:10:51  [TX] D,*,7,12,5A
19:10:51  D,A1,IP,01
19:10:51  D,A2,IP,02
19:10:51  D,A3,IP,03
19:10:51  D,A4,IP,04
19:10:51  D,A5,IP,05
19:10:51  D,B1,IP,02
19:10:51  D,B2,IP,01
19:10:51  D,B3,IP,00
19:10:51  D,B4,IP,07
19:10:51  D,B5,IP,06
19:10:51  D,E1,OB,11
19:10:51  D,X1,OB,0C
19:10:51  [REG] 등록 전송 143B
19:10:51  [SLOT] n=1063 tx=143 ack=0 due=0 r=1
19:10:51  [AT] "AT+CIPSEND=144" (14)
19:10:51  [DROP-OVF] 줄이 96바이트를 넘어 버렸다
19:10:51  [AT] "SEND OK" (7)
19:10:52  [TX] S,1041,18F,000,1276,P1,4B
19:10:52  [SLOT] n=1064 tx=25 ack=0 due=0 r=1
19:10:52  [AT] "AT+CIPSEND=26" (13)
19:10:52  [AT] " S,1041,18F,000,1276,P1,4B" (26)
19:10:52  [AT] "SEND OK" (7)
19:10:53  [TX] S,1042,18F,000,1278,P1,46
19:10:53  [SLOT] n=1065 tx=25 ack=0 due=0 r=1
19:10:53  [AT] "AT+CIPSEND=26" (13)
19:10:53  [AT] " S,1042,18F,000,1278,P1,46" (26)
19:10:53  [AT] "SEND OK" (7)
19:10:55  [TX] S,1043,18F,000,1279,P1,46
19:10:55  [SLOT] n=1066 tx=25 ack=0 due=0 r=1
19:10:55  [AT] "AT+CIPSEND=26" (13)
19:10:55  [AT] " S,1043,18F,000,1279,P1,46" (26)
19:10:55  [AT] "SEND OK" (7)
19:10:56  [TX] S,1044,18F,000,1280,P1,47
19:10:56  [SLOT] n=1067 tx=25 ack=0 due=0 r=1
19:10:56  [AT] "AT+CIPSEND=26" (13)
19:10:56  [AT] " S,1044,18F,000,1280,P1,47" (26)
19:10:56  [AT] "SEND OK" (7)
19:10:57  [TX] S,1045,18F,000,1281,P1,47
19:10:57  [SLOT] n=1068 tx=25 ack=0 due=0 r=1
19:10:57  [AT] "AT+CIPSEND=26" (13)
19:10:57  [AT] " S,1045,18F,000,1281,P1,47" (26)
19:10:57  [AT] "SEND OK" (7)
19:10:58  [TX] S,1046,18F,000,1282,P1,47
19:10:58  [SLOT] n=1069 tx=25 ack=0 due=0 r=1
19:10:58  [AT] "AT+CIPSEND=26" (13)
19:10:58  [AT] " S,1046,18F,000,1282,P1,47" (26)
19:10:58  [AT] "SEND OK" (7)
19:10:59  [TX] S,1047,18D,000,1284,P1,42
19:10:59  [SLOT] n=1070 tx=25 ack=0 due=0 r=1
19:10:59  [AT] "AT+CIPSEND=26" (13)
19:10:59  [AT] " S,1047,18D,000,1284,P1,42" (26)
19:10:59  [AT] "SEND OK" (7)
19:11:01  [TX] S,1048,18C,000,1285,P1,4B
19:11:01  [SLOT] n=1071 tx=25 ack=0 due=0 r=1
19:11:01  [AT] "AT+CIPSEND=26" (13)
19:11:01  [AT] " S,1048,18C,000,1285,P1,4B" (26)
19:11:01  [AT] "SEND OK" (7)
19:11:02  [TX] S,1049,18C,000,1286,P1,49
19:11:02  [SLOT] n=1072 tx=25 ack=0 due=0 r=1
19:11:02  [AT] "AT+CIPSEND=26" (13)
19:11:02  [AT] " S,1049,18C,000,1286,P1,49" (26)
19:11:02  [AT] "SEND OK" (7)
19:11:03  [TX] S,1050,18C,000,1287,P1,40
19:11:03  [SLOT] n=1073 tx=25 ack=0 due=0 r=1
19:11:03  [AT] "AT+CIPSEND=26" (13)
19:11:03  [AT] " S,1050,18C,000,1287,P1,40" (26)
19:11:03  [AT] "SEND OK" (7)
19:11:04  [TX] S,1051,18C,000,1288,P1,4E
19:11:04  [SLOT] n=1074 tx=25 ack=0 due=0 r=1
19:11:04  [AT] "AT+CIPSEND=26" (13)
19:11:04  [AT] " S,1051,18C,000,1288,P1,4E" (26)
19:11:04  [AT] "SEND OK" (7)
19:11:05  [TX] S,1052,18C,000,1290,P1,44
19:11:05  [SLOT] n=1075 tx=25 ack=0 due=0 r=1
19:11:05  [AT] "AT+CIPSEND=26" (13)
19:11:05  [AT] " S,1052,18C,000,1290,P1,44" (26)
19:11:05  [AT] "SEND OK" (7)
19:11:07  [TX] S,1053,18C,000,1291,P1,44
19:11:07  [SLOT] n=1076 tx=25 ack=0 due=0 r=1
19:11:07  [AT] "AT+CIPSEND=26" (13)
19:11:07  [AT] " S,1053,18C,000,1291,P1,44" (26)
19:11:07  [AT] "SEND OK" (7)
19:11:08  [TX] S,1054,18C,000,1292,P1,40
19:11:08  [SLOT] n=1077 tx=25 ack=0 due=0 r=1
19:11:08  [AT] "AT+CIPSEND=26" (13)
19:11:08  [AT] " S,1054,18C,000,1292,P1,40" (26)
19:11:08  [AT] "SEND OK" (7)
19:11:09  [TX] S,1055,18D,000,1293,P1,47
19:11:09  [SLOT] n=1078 tx=25 ack=0 due=0 r=1
19:11:09  [AT] "AT+CIPSEND=26" (13)
19:11:09  [AT] " S,1055,18D,000,1293,P1,47" (26)
19:11:09  [AT] "SEND OK" (7)
19:11:10  [TX] S,1056,18D,000,1294,P1,43
19:11:10  [SLOT] n=1079 tx=25 ack=0 due=0 r=1
19:11:10  [AT] "AT+CIPSEND=26" (13)
19:11:10  [AT] " S,1056,18D,000,1294,P1,43" (26)
19:11:10  [AT] "ERROR" (5)
19:11:10  [NET] 송신 오류 응답(로그만, 카운터는 sendLine 이 센다): ERROR
19:11:10  [AT] "Unlink" (6)
19:11:10  [DIAG] offline step=3 사다리=0/0 rx=55240 lines=3229 up=1294s
19:11:11  [NET] 3 CIFSR (IP 를 실제로 받았는가)
19:11:11  [AT] "AT+CIFSR" (8)
19:11:11  [AT] "0.0.0.0" (7)
19:11:11  [NET] ★ ESP 가 IP 를 잃었다 — 모듈 리셋으로 본다. 누적 사건 3
19:11:11  [AT] "OK" (2)
19:11:13  [NET] 3 CIFSR (IP 를 실제로 받았는가)
19:11:13  [AT] "AT+CIFSR" (8)
19:11:13  [AT] "0.0.0.0" (7)
19:11:13  [AT] "OK" (2)
19:11:13  [DIAG] offline step=3 사다리=0/0 rx=55292 lines=3235 up=1297s
19:11:16  [NET] 3 CIFSR (IP 를 실제로 받았는가)
19:11:16  [NET] CIFSR 3회에도 IP 가 없다 → CWJAP 부터 다시
19:11:16  [LADDER] 실패(CWJAP FAIL) CWJAP소요 1236s · 연속 0회 · 결합유지 1229s · 현재 0단(0회 누적)
19:11:16  [LADDER] ↑↑ 단 상승 → 1단
19:11:16  [LADDER] 1단 조치: 시리얼 드레인 32바이트 버림 + 줄 조립 초기화
19:11:16  [DIAG] offline step=2 사다리=1/0 rx=55292 lines=3235 up=1300s
19:11:17  [NET] 2 CWJAP (응답까지 최대 30초 기다린다)
19:11:17  [AT] "AT+CWJAP="3F_302","0424719222!!"" (32)
19:11:19  [DIAG] offline step=2 사다리=1/0 rx=55327 lines=3236 up=1303s
19:11:22  [AT] "OK" (2)
19:11:22  [NET] CWJAP OK — 결합됐다. IP 를 실제로 받았는지 CIFSR 로 확인한다
19:11:22  [NET] 3 CIFSR (IP 를 실제로 받았는가)
19:11:22  [AT] "AT+CIFSR" (8)
19:11:22  [AT] "192.168.0.214" (13)
19:11:22  [NET] ★ IP 확보: 192.168.0.214
19:11:22  [AT] "OK" (2)
19:11:22  [DIAG] offline step=4 사다리=1/0 rx=55365 lines=3240 up=1306s
19:11:22  [NET] 4 CIPMUX=0
19:11:22  [AT] "AT+CIPMUX=0" (11)
19:11:22  [AT] "OK" (2)
19:11:22  [NET] CIPMUX=0 적용됨 → CIPSTART
19:11:23  [NET] 5 CIPSTART
19:11:23  [AT] "AT+CIPSTART="TCP","192.168.0.29",9991" (37)
19:11:23  [AT] "OK" (2)
19:11:23  [AT] "Linked" (6)
19:11:23  [NET] online (CONNECT) + 캐시 비움
19:11:23  [TX] S,1057,18C,000,1308,P1,41
19:11:23  [SLOT] n=1090 tx=25 ack=0 due=0 r=1
19:11:23  [AT] "AT+CIPSEND=26" (13)
19:11:23  [AT] " S,1057,18C,000,1308,P1,41" (26)
19:11:23  [AT] "SEND OK" (7)
19:11:25  [TX] D,*,7,12,5A
19:11:25  D,A1,IP,01
19:11:25  D,A2,IP,02
19:11:25  D,A3,IP,03
19:11:25  D,A4,IP,04
19:11:25  D,A5,IP,05
19:11:25  D,B1,IP,02
19:11:25  D,B2,IP,01
19:11:25  D,B3,IP,00
19:11:25  D,B4,IP,07
19:11:25  D,B5,IP,06
19:11:25  D,E1,OB,11
19:11:25  D,X1,OB,0C
19:11:25  [REG] 등록 전송 143B
19:11:25  [SLOT] n=1091 tx=143 ack=0 due=0 r=1
19:11:25  [AT] "AT+CIPSEND=144" (14)
19:11:25  [DROP-OVF] 줄이 96바이트를 넘어 버렸다
19:11:25  [AT] "SEND OK" (7)
19:11:26  [TX] S,1059,18D,000,1310,P1,41
19:11:26  [SLOT] n=1092 tx=25 ack=0 due=0 r=1
19:11:26  [AT] "AT+CIPSEND=26" (13)
19:11:26  [AT] " S,1059,18D,000,1310,P1,41" (26)
19:11:26  [AT] "SEND OK" (7)
19:11:27  [TX] S,1060,18D,000,1311,P1,4A
19:11:27  [SLOT] n=1093 tx=25 ack=0 due=0 r=1
19:11:27  [AT] "AT+CIPSEND=26" (13)
19:11:27  [AT] " S,1060,18D,000,1311,P1,4A" (26)
19:11:27  [AT] "SEND OK" (7)
19:11:28  [TX] S,1061,18D,000,1312,P1,48
19:11:28  [SLOT] n=1094 tx=25 ack=0 due=0 r=1
19:11:28  [AT] "AT+CIPSEND=26" (13)
19:11:29  [TX-WAIT] 앞 전송의 SEND OK 를 아직 못 봤다 — 이번 주기는 건너뛴다
19:11:29  [SLOT] n=1095 tx=25 ack=0 due=0 r=0
19:11:30  [AT] " S,1061,18D,000,1312,P1,48" (26)
19:11:30  [AT] "SEND OK" (7)
19:11:30  [TX] S,1062,18D,000,1315,P1,4C
19:11:31  [SLOT] n=1096 tx=25 ack=0 due=0 r=1
19:11:31  [AT] "AT+CIPSEND=26" (13)
19:11:31  [AT] " S,1062,18D,000,1315,P1,4C" (26)
19:11:31  [AT] "ERROR" (5)
19:11:31  [NET] 송신 오류 응답(로그만, 카운터는 sendLine 이 센다): ERROR
19:11:31  [AT] "Unlink" (6)
19:11:31  [DIAG] offline step=3 사다리=1/0 rx=55870 lines=3263 up=1315s
19:11:31  [NET] 3 CIFSR (IP 를 실제로 받았는가)
19:11:31  [AT] "AT+CIFSR" (8)
19:11:31  [AT] "0.0.0.0" (7)
19:11:31  [NET] ★ ESP 가 IP 를 잃었다 — 모듈 리셋으로 본다. 누적 사건 4
19:11:31  [AT] "OK" (2)
19:11:33  [NET] 3 CIFSR (IP 를 실제로 받았는가)
19:11:33  [AT] "AT+CIFSR" (8)
19:11:33  [AT] "192.168.0.214" (13)
19:11:33  [NET] ★ IP 확보: 192.168.0.214
19:11:33  [AT] "OK" (2)
19:11:34  [DIAG] offline step=4 사다리=1/0 rx=55928 lines=3269 up=1318s
19:11:34  [NET] 4 CIPMUX=0
19:11:34  [AT] "AT+CIPMUX=0" (11)
19:11:34  [AT] "OK" (2)
19:11:34  [NET] CIPMUX=0 적용됨 → CIPSTART
19:11:34  [NET] 5 CIPSTART
19:11:34  [AT] "AT+CIPSTART="TCP","192.168.0.29",9991" (37)
19:11:34  [AT] "OK" (2)
19:11:34  [AT] "Linked" (6)
19:11:34  [NET] online (CONNECT) + 캐시 비움
19:11:34  [TX] S,1063,18C,000,1319,P1,46
19:11:34  [SLOT] n=1099 tx=25 ack=0 due=210 r=1
19:11:34  [AT] "AT+CIPSEND=26" (13)
19:11:35  «tap» 살아있음 — 최근 60초 rx=9452B (이 줄이 끊기면 탭이 죽은 것이다)
19:11:35  [TX-WAIT] 앞 전송의 SEND OK 를 아직 못 봤다 — 이번 주기는 건너뛴다
19:11:35  [REG] 등록 실패 143B
19:11:35  [SLOT] n=1100 tx=143 ack=0 due=0 r=0
19:11:35  [CNT] up=1320 drop=0 esprst=4 hwrst=0/0 resync=0 sendfail=0 okto=0 stuck=0 ackq=0 ackdrop=0 ackstale=0 slot=1100 oow=7 smiss=3 ssovf=0 cksumng=0 okstream=1060 penddrop=0 pendfill=1064 bigfill=4 bigdrop=0 bigokst=4 oklost=0 bigoklost=0 skip=4 online=1
19:11:35  [RAM] 최저 여유 596 B · 프롬프트 재동기 0회 (서버의 '버린줄' 과 맞아야 한다)
19:11:36  [AT] " S,1063,18C,000,1319,P1,46" (26)
19:11:36  [AT] "SEND OK" (7)
19:11:37  [TX] D,*,7,12,5A
19:11:37  D,A1,IP,01
19:11:37  D,A2,IP,02
19:11:37  D,A3,IP,03
19:11:37  D,A4,IP,04
19:11:37  D,A5,IP,05
19:11:37  D,B1,IP,02
19:11:37  D,B2,IP,01
19:11:37  D,B3,IP,00
19:11:37  D,B4,IP,07
19:11:37  D,B5,IP,06
19:11:37  D,E1,OB,11
19:11:37  D,X1,OB,0C
19:11:37  [REG] 등록 전송 143B
19:11:37  [SLOT] n=1101 tx=143 ack=0 due=0 r=1
19:11:37  [DROP-OVF] 줄이 96바이트를 넘어 버렸다
19:11:37  [AT] "SEND OK" (7)
19:11:37  [AT] "AT+CIPSEND=144" (14)
19:11:38  [TX] S,1065,18E,000,1322,P1,4E
19:11:38  [SLOT] n=1102 tx=25 ack=0 due=0 r=1
19:11:38  [AT] "AT+CIPSEND=26" (13)
19:11:38  [AT] " S,1065,18E,000,1322,P1,4E" (26)
19:11:38  [AT] "SEND OK" (7)
19:11:39  [TX] S,1066,18E,000,1323,P1,4C
19:11:39  [SLOT] n=1103 tx=25 ack=0 due=0 r=1
19:11:39  [AT] "AT+CIPSEND=26" (13)
19:11:39  [AT] " S,1066,18E,000,1323,P1,4C" (26)
19:11:39  [AT] "SEND OK" (7)
19:11:40  [TX] S,1067,18E,000,1324,P1,4A
19:11:40  [SLOT] n=1104 tx=25 ack=0 due=0 r=1
19:11:40  [AT] "AT+CIPSEND=26" (13)
19:11:40  [AT] " S,1067,18E,000,1324,P1,4A" (26)
19:11:40  [AT] "SEND OK" (7)
19:11:41  [TX] S,1068,18E,000,1326,P1,47
19:11:41  [SLOT] n=1105 tx=25 ack=0 due=0 r=1
19:11:41  [AT] "AT+CIPSEND=26" (13)
19:11:41  [AT] " S,1068,18E,000,1326,P1,47" (26)
19:11:41  [AT] "SEND OK" (7)
19:11:42  [TX] S,1069,18F,000,1327,P1,44
19:11:42  [SLOT] n=1106 tx=25 ack=0 due=0 r=1
19:11:42  [AT] "AT+CIPSEND=26" (13)
19:11:43  [AT] " S,1069,18F,000,1327,P1,44" (26)
19:11:43  [AT] "SEND OK" (7)
19:11:44  [TX] S,1070,18F,000,1328,P1,43
19:11:44  [SLOT] n=1107 tx=25 ack=0 due=0 r=1
19:11:44  [AT] "AT+CIPSEND=26" (13)
19:11:44  [AT] " S,1070,18F,000,1328,P1,43" (26)
19:11:44  [AT] "SEND OK" (7)
19:11:45  [TX] S,1071,18F,000,1329,P1,43
19:11:45  [SLOT] n=1108 tx=25 ack=0 due=0 r=1
19:11:45  [AT] "AT+CIPSEND=26" (13)
19:11:46  [TX-WAIT] 앞 전송의 SEND OK 를 아직 못 봤다 — 이번 주기는 건너뛴다
19:11:46  [SLOT] n=1109 tx=25 ack=0 due=0 r=0
19:11:47  [TX-WAIT] ★ T1 초과 — 그래도 계속 기다린다(두들기지 않는다)
19:11:47  [TX-WAIT] 앞 전송의 SEND OK 를 아직 못 봤다 — 이번 주기는 건너뛴다
19:11:47  [SLOT] n=1110 tx=25 ack=0 due=0 r=0
19:11:48  [TX-WAIT] 앞 전송의 SEND OK 를 아직 못 봤다 — 이번 주기는 건너뛴다
19:11:48  [SLOT] n=1111 tx=25 ack=0 due=0 r=0
19:11:50  [TX-WAIT] 앞 전송의 SEND OK 를 아직 못 봤다 — 이번 주기는 건너뛴다
19:11:50  [SLOT] n=1112 tx=25 ack=0 due=0 r=0
19:11:51  [TX-WAIT] 앞 전송의 SEND OK 를 아직 못 봤다 — 이번 주기는 건너뛴다
19:11:51  [SLOT] n=1113 tx=25 ack=0 due=0 r=0
19:11:52  [TX-WAIT] 앞 전송의 SEND OK 를 아직 못 봤다 — 이번 주기는 건너뛴다
19:11:52  [SLOT] n=1114 tx=25 ack=0 due=0 r=0
19:11:53  [TX-WAIT] ★★ T2 초과 — SEND OK 가 끝내 안 온다 → 링크를 다시 세운다
19:11:53  [SLOT] n=1115 tx=25 ack=0 due=0 r=0
19:11:53  [DIAG] offline step=6 사다리=1/0 rx=56575 lines=3298 up=1338s
19:11:53  [NET] 6 CIPCLOSE (낡은 소켓 닫기)
19:11:53  [AT] " S,1071,18F,000,1329,P1,43AT+CIPCLOSE" (37)
19:11:53  [AT] "busy s..." (9)
19:11:53  [NET] busy — ESP 가 앞 명령을 처리 중이다. 전진하지 않는다
19:11:54  [NET] 3 CIFSR (IP 를 실제로 받았는가)
19:11:54  [AT] "AT+CIFSR" (8)
19:11:54  [AT] "busy s..." (9)
19:11:54  [NET] busy — ESP 가 앞 명령을 처리 중이다. 전진하지 않는다
19:11:56  [NET] 3 CIFSR (IP 를 실제로 받았는가)
19:11:56  [AT] "AT+CIFSR" (8)
19:11:56  [AT] "busy s..." (9)
19:11:56  [NET] busy — ESP 가 앞 명령을 처리 중이다. 전진하지 않는다
19:11:56  [DIAG] offline step=3 사다리=1/0 rx=56644 lines=3304 up=1341s
19:11:57  [NET] 3 CIFSR (IP 를 실제로 받았는가)
19:11:57  [NET] CIFSR 3회 소진 — 그러나 busy 거부였다. IP 소실로 세지 않는다
19:11:57  [NET] CIFSR 3회에도 IP 가 없다 → CWJAP 부터 다시
19:11:57  [LADDER] 실패(CWJAP FAIL) CWJAP소요 40s · 연속 0회 · 결합유지 35s · 현재 1단(0회 누적)
19:11:57  [LADDER] 1단 조치: 시리얼 드레인 22바이트 버림 + 줄 조립 초기화
19:11:58  [NET] 2 CWJAP (응답까지 최대 30초 기다린다)
19:11:58  [AT] "AT+CWJAP="3F_302","0424719222!!"" (32)
19:11:58  [AT] "busy s..." (9)
19:11:58  [NET] busy — ESP 가 앞 명령을 처리 중이다. 전진하지 않는다
19:11:59  [DIAG] offline step=2 사다리=1/1 rx=56690 lines=3306 up=1344s
19:12:02  [DIAG] offline step=2 사다리=1/1 rx=56690 lines=3306 up=1347s
19:12:05  [DIAG] offline step=2 사다리=1/1 rx=56690 lines=3306 up=1350s
19:12:08  [DIAG] offline step=2 사다리=1/1 rx=56690 lines=3306 up=1353s
19:12:11  [DIAG] offline step=2 사다리=1/1 rx=56690 lines=3306 up=1356s
19:12:14  [DIAG] offline step=2 사다리=1/1 rx=56690 lines=3306 up=1359s
19:12:17  [DIAG] offline step=2 사다리=1/1 rx=56690 lines=3306 up=1362s
19:12:20  [DIAG] offline step=2 사다리=1/1 rx=56690 lines=3306 up=1365s
19:12:23  [DIAG] offline step=2 사다리=1/1 rx=56690 lines=3306 up=1368s
19:12:24  [AT] "ERROR" (5)
19:12:24  [NET] ★ CWJAP 실패 1회 (구형 펌웨어는 사유를 주지 않는다)
19:12:24  [LADDER] 실패(CWJAP FAIL) CWJAP소요 25s · 연속 1회 · 결합유지 없음 · 현재 1단(1회 누적)
19:12:24  [LADDER] ↑↑ 단 상승 → 2단
19:12:24  [LADDER] 2단 조치: 5초 쉬고 AT+CWQAP 로 결합을 명시적으로 끊은 뒤 다시 붙는다
19:12:24  [AT] "Unlink" (6)
19:12:24  [NET] 3 CIFSR (IP 를 실제로 받았는가)
19:12:24  [AT] "AT+CIFSR" (8)
19:12:24  [AT] "192.168.0.214" (13)
19:12:24  [NET] ★ IP 확보: 192.168.0.214
19:12:24  [AT] "OK" (2)
19:12:25  [NET] 4 CIPMUX=0
19:12:25  [AT] "AT+CIPMUX=0" (11)
19:12:25  [AT] "OK" (2)
19:12:25  [NET] CIPMUX=0 적용됨 → CIPSTART
19:12:25  [NET] 5 CIPSTART
19:12:25  [AT] "AT+CIPSTART="TCP","192.168.0.29",9991" (37)
19:12:26  [DIAG] offline step=5 사다리=2/0 rx=56799 lines=3314 up=1371s
19:12:29  [DIAG] offline step=5 사다리=2/0 rx=56799 lines=3314 up=1374s
19:12:32  [DIAG] offline step=5 사다리=2/0 rx=56799 lines=3314 up=1377s
19:12:33  [AT] "ERROR" (5)
19:12:33  [AT] "Unlink" (6)
19:12:33  [NET] 3 CIFSR (IP 를 실제로 받았는가)
19:12:33  [AT] "AT+CIFSR" (8)
19:12:33  [AT] "192.168.0.214" (13)
19:12:33  [NET] ★ IP 확보: 192.168.0.214
19:12:33  [AT] "OK" (2)
19:12:33  [NET] 4 CIPMUX=0
19:12:33  [AT] "AT+CIPMUX=0" (11)
19:12:33  [AT] "OK" (2)
19:12:33  [NET] CIPMUX=0 적용됨 → CIPSTART
19:12:34  [NET] 5 CIPSTART
19:12:34  [AT] "AT+CIPSTART="TCP","192.168.0.29",9991" (37)
19:12:35  «tap» 살아있음 — 최근 60초 rx=5956B (이 줄이 끊기면 탭이 죽은 것이다)
19:12:35  [CNT] up=1380 drop=1 esprst=4 hwrst=0/0 resync=0 sendfail=0 okto=1 stuck=1 ackq=0 ackdrop=0 ackstale=0 slot=1150 oow=7 smiss=3 ssovf=0 cksumng=0 okstream=1068 penddrop=0 pendfill=1072 bigfill=5 bigdrop=0 bigokst=5 oklost=0 bigoklost=0 skip=10 online=0
19:12:35  [DIAG] offline step=5 사다리=2/0 rx=56908 lines=3322 up=1380s
19:12:35  [RAM] 최저 여유 596 B · 프롬프트 재동기 0회 (서버의 '버린줄' 과 맞아야 한다)
19:12:38  [DIAG] offline step=5 사다리=2/0 rx=56908 lines=3322 up=1383s
19:12:41  [AT] "ERROR" (5)
19:12:41  [AT] "Unlink" (6)
19:12:41  [DIAG] offline step=3 사다리=2/0 rx=56925 lines=3324 up=1386s
19:12:41  [NET] 3 CIFSR (IP 를 실제로 받았는가)
19:12:41  [AT] "AT+CIFSR" (8)
19:12:41  [AT] "192.168.0.214" (13)
19:12:41  [NET] ★ IP 확보: 192.168.0.214
19:12:41  [AT] "OK" (2)
19:12:42  [NET] 4 CIPMUX=0
19:12:42  [AT] "AT+CIPMUX=0" (11)
19:12:42  [AT] "OK" (2)
19:12:42  [NET] CIPMUX=0 적용됨 → CIPSTART
19:12:42  [NET] 5 CIPSTART
19:12:42  [AT] "AT+CIPSTART="TCP","192.168.0.29",9991" (37)
19:12:44  [DIAG] offline step=5 사다리=2/0 rx=57017 lines=3330 up=1389s
19:12:47  [DIAG] offline step=5 사다리=2/0 rx=57017 lines=3330 up=1392s
19:12:50  [AT] "ERROR" (5)
19:12:50  [AT] "Unlink" (6)
19:12:50  [NET] 3 CIFSR (IP 를 실제로 받았는가)
19:12:50  [AT] "AT+CIFSR" (8)
19:12:50  [AT] "192.168.0.214" (13)
19:12:50  [NET] ★ IP 확보: 192.168.0.214
19:12:50  [AT] "OK" (2)
19:12:50  [DIAG] offline step=4 사다리=2/0 rx=57066 lines=3335 up=1395s
19:12:50  [NET] 4 CIPMUX=0
19:12:50  [AT] "AT+CIPMUX=0" (11)
19:12:50  [AT] "OK" (2)
19:12:50  [NET] CIPMUX=0 적용됨 → CIPSTART
19:12:51  [NET] 5 CIPSTART
19:12:51  [AT] "AT+CIPSTART="TCP","192.168.0.29",9991" (37)
19:12:53  [DIAG] offline step=5 사다리=2/0 rx=57126 lines=3338 up=1398s
19:12:56  [DIAG] offline step=5 사다리=2/0 rx=57126 lines=3338 up=1401s
19:12:58  [AT] "ERROR" (5)
19:12:58  [AT] "Unlink" (6)
19:12:58  [NET] 3 CIFSR (IP 를 실제로 받았는가)
19:12:58  [AT] "AT+CIFSR" (8)
19:12:58  [AT] "192.168.0.214" (13)
19:12:58  [NET] ★ IP 확보: 192.168.0.214
19:12:58  [AT] "OK" (2)
19:12:59  [NET] 4 CIPMUX=0
19:12:59  [AT] "AT+CIPMUX=0" (11)
19:12:59  [AT] "OK" (2)
19:12:59  [NET] CIPMUX=0 적용됨 → CIPSTART
19:12:59  [NET] 5 CIPSTART
19:12:59  [AT] "AT+CIPSTART="TCP","192.168.0.29",9991" (37)
19:12:59  [DIAG] offline step=5 사다리=2/0 rx=57235 lines=3346 up=1404s
19:13:02  [DIAG] offline step=5 사다리=2/0 rx=57235 lines=3346 up=1407s
19:13:05  [DIAG] offline step=5 사다리=2/0 rx=57235 lines=3346 up=1410s
19:13:07  [AT] "ERROR" (5)
19:13:07  [AT] "Unlink" (6)
19:13:07  [NET] 3 CIFSR (IP 를 실제로 받았는가)
19:13:07  [AT] "AT+CIFSR" (8)
19:13:07  [AT] "192.168.0.214" (13)
19:13:07  [NET] ★ IP 확보: 192.168.0.214
19:13:07  [AT] "OK" (2)
19:13:07  [NET] 4 CIPMUX=0
19:13:07  [AT] "AT+CIPMUX=0" (11)
19:13:07  [AT] "OK" (2)
19:13:07  [NET] CIPMUX=0 적용됨 → CIPSTART
19:13:08  [NET] 5 CIPSTART
19:13:08  [AT] "AT+CIPSTART="TCP","192.168.0.29",9991" (37)
19:13:08  [DIAG] offline step=5 사다리=2/0 rx=57344 lines=3354 up=1413s
19:13:11  [DIAG] offline step=5 사다리=2/0 rx=57344 lines=3354 up=1416s
19:13:14  [DIAG] offline step=5 사다리=2/0 rx=57344 lines=3354 up=1419s
19:13:15  [AT] "ERROR" (5)
19:13:15  [AT] "Unlink" (6)
19:13:16  [NET] 3 CIFSR (IP 를 실제로 받았는가)
19:13:16  [AT] "AT+CIFSR" (8)
19:13:16  [AT] "192.168.0.214" (13)
19:13:16  [NET] ★ IP 확보: 192.168.0.214
19:13:16  [AT] "OK" (2)
19:13:16  [NET] 4 CIPMUX=0
19:13:16  [AT] "AT+CIPMUX=0" (11)
19:13:16  [AT] "OK" (2)
19:13:16  [NET] CIPMUX=0 적용됨 → CIPSTART
19:13:16  [NET] 5 CIPSTART
19:13:16  [AT] "AT+CIPSTART="TCP","192.168.0.29",9991" (37)
19:13:17  [DIAG] offline step=5 사다리=2/0 rx=57453 lines=3362 up=1422s
19:13:19  [AT] "ERROR" (5)
19:13:19  [AT] "Unlink" (6)
19:13:19  [NET] 3 CIFSR (IP 를 실제로 받았는가)
19:13:19  [AT] "AT+CIFSR" (8)
19:13:19  [AT] "0.0.0.0" (7)
19:13:20  [NET] ★ ESP 가 IP 를 잃었다 — 모듈 리셋으로 본다. 누적 사건 5
19:13:20  [AT] "OK" (2)
19:13:20  [DIAG] offline step=3 사다리=2/0 rx=57496 lines=3367 up=1425s
19:13:22  [NET] 3 CIFSR (IP 를 실제로 받았는가)
19:13:22  [AT] "AT+CIFSR" (8)
19:13:22  [AT] "0.0.0.0" (7)
19:13:22  [AT] "OK" (2)
19:13:23  [DIAG] offline step=3 사다리=2/0 rx=57522 lines=3370 up=1428s
19:13:24  [NET] 3 CIFSR (IP 를 실제로 받았는가)
19:13:24  [NET] CIFSR 3회에도 IP 가 없다 → CWJAP 부터 다시
19:13:25  [LADDER] 실패(CWJAP FAIL) CWJAP소요 86s · 연속 1회 · 결합유지 60s · 현재 2단(0회 누적)
19:13:25  [LADDER] 2단 조치: 5초 쉬고 AT+CWQAP 로 결합을 명시적으로 끊은 뒤 다시 붙는다
19:13:25  [AT] "AT+CIFSR" (8)
19:13:25  [AT] "192.168.0.214" (13)
19:13:25  [NET] ★ IP 확보: 192.168.0.214
19:13:25  [AT] "OK" (2)
19:13:25  [NET] 4 CIPMUX=0
19:13:25  [AT] "AT+CIPMUX=0" (11)
19:13:25  [AT] "OK" (2)
19:13:25  [NET] CIPMUX=0 적용됨 → CIPSTART
19:13:25  [NET] 5 CIPSTART
19:13:25  [AT] "AT+CIPSTART="TCP","192.168.0.29",9991" (37)
19:13:25  [AT] "OK" (2)
19:13:25  [AT] "Linked" (6)
19:13:25  [NET] online (CONNECT) + 캐시 비움
19:13:26  [TX] S,1072,18D,000,1430,P1,4D
19:13:26  [SLOT] n=1192 tx=25 ack=0 due=0 r=1
19:13:26  [AT] "AT+CIPSEND=26" (13)
19:13:26  [AT] " S,1072,18D,000,1430,P1,4D" (26)
19:13:26  [AT] "SEND OK" (7)
19:13:27  [TX] D,*,7,12,5A
19:13:27  D,A1,IP,01
19:13:27  D,A2,IP,02
19:13:27  D,A3,IP,03
19:13:27  D,A4,IP,04
19:13:27  D,A5,IP,05
19:13:27  D,B1,IP,02
19:13:27  D,B2,IP,01
19:13:27  D,B3,IP,00
19:13:27  D,B4,IP,07
19:13:27  D,B5,IP,06
19:13:27  D,E1,OB,11
19:13:27  D,X1,OB,0C
19:13:27  [REG] 등록 전송 143B
19:13:27  [SLOT] n=1193 tx=143 ack=0 due=0 r=1
19:13:27  [AT] "AT+CIPSEND=144" (14)
19:13:27  [DROP-OVF] 줄이 96바이트를 넘어 버렸다
19:13:27  [AT] "SEND OK" (7)
19:13:28  [TX] S,1074,18D,000,1432,P1,49
19:13:28  [SLOT] n=1194 tx=25 ack=0 due=0 r=1
19:13:28  [AT] "AT+CIPSEND=26" (13)
19:13:28  [AT] " S,1074,18D,000,1432,P1,49" (26)
19:13:28  [AT] "SEND OK" (7)
19:13:29  [TX] S,1075,18D,000,1434,P1,4E
19:13:29  [SLOT] n=1195 tx=25 ack=0 due=0 r=1
19:13:29  [AT] "AT+CIPSEND=26" (13)
19:13:29  [AT] " S,1075,18D,000,1434,P1,4E" (26)
19:13:29  [AT] "SEND OK" (7)
19:13:30  [TX] S,1076,18D,000,1435,P1,4C
19:13:30  [SLOT] n=1196 tx=25 ack=0 due=0 r=1
19:13:30  [AT] "AT+CIPSEND=26" (13)
19:13:30  [AT] " S,1076,18D,000,1435,P1,4C" (26)
19:13:30  [AT] "SEND OK" (7)
19:13:32  [TX] S,1077,18C,000,1436,P1,49
19:13:32  [SLOT] n=1197 tx=25 ack=0 due=0 r=1
19:13:32  [AT] "AT+CIPSEND=26" (13)
19:13:32  [AT] " S,1077,18C,000,1436,P1,49" (26)
19:13:32  [AT] "SEND OK" (7)
19:13:33  [TX] S,1078,18C,000,1437,P1,47
19:13:33  [SLOT] n=1198 tx=25 ack=0 due=0 r=1
19:13:33  [AT] "AT+CIPSEND=26" (13)
19:13:33  [AT] " S,1078,18C,000,1437,P1,47" (26)
19:13:33  [AT] "SEND OK" (7)
19:13:34  [TX] S,1079,18C,000,1438,P1,49
19:13:34  [SLOT] n=1199 tx=25 ack=0 due=0 r=1
19:13:34  [AT] "AT+CIPSEND=26" (13)
19:13:34  [AT] " S,1079,18C,000,1438,P1,49" (26)
19:13:34  [AT] "SEND OK" (7)
19:13:35  «tap» 살아있음 — 최근 60초 rx=5613B (이 줄이 끊기면 탭이 죽은 것이다)
19:13:35  [TX] S,1080,18E,000,1440,P1,46
19:13:35  [SLOT] n=1200 tx=25 ack=0 due=0 r=1
19:13:35  [CNT] up=1440 drop=1 esprst=5 hwrst=0/0 resync=0 sendfail=0 okto=1 stuck=1 ackq=0 ackdrop=0 ackstale=0 slot=1200 oow=7 smiss=4 ssovf=0 cksumng=0 okstream=1076 penddrop=0 pendfill=1081 bigfill=6 bigdrop=0 bigokst=6 oklost=0 bigoklost=0 skip=10 online=1
19:13:35  [RAM] 최저 여유 596 B · 프롬프트 재동기 0회 (서버의 '버린줄' 과 맞아야 한다)
19:13:35  [AT] "AT+CIPSEND=26" (13)
19:13:35  [AT] " S,1080,18E,000,1440,P1,46" (26)
19:13:35  [AT] "SEND OK" (7)
19:13:36  [TX] S,1081,18E,000,1441,P1,46
19:13:36  [SLOT] n=1201 tx=25 ack=0 due=0 r=1
19:13:36  [AT] "AT+CIPSEND=26" (13)
19:13:36  [AT] " S,1081,18E,000,1441,P1,46" (26)
19:13:36  [AT] "SEND OK" (7)
19:13:38  [TX] S,1082,18E,000,1442,P1,46
19:13:38  [SLOT] n=1202 tx=25 ack=0 due=0 r=1
19:13:38  [AT] "AT+CIPSEND=26" (13)
19:13:38  [AT] " S,1082,18E,000,1442,P1,46" (26)
19:13:38  [AT] "SEND OK" (7)
19:13:39  [TX] S,1083,18E,000,1443,P1,46
19:13:39  [SLOT] n=1203 tx=25 ack=0 due=0 r=1
19:13:39  [AT] "AT+CIPSEND=26" (13)
19:13:39  [AT] " S,1083,18E,000,1443,P1,46" (26)
19:13:39  [AT] "SEND OK" (7)
19:13:40  [TX] S,1084,18F,000,1444,P1,45
19:13:40  [SLOT] n=1204 tx=25 ack=0 due=0 r=1
19:13:40  [AT] "AT+CIPSEND=26" (13)
19:13:40  [AT] " S,1084,18F,000,1444,P1,45" (26)
19:13:40  [AT] "SEND OK" (7)
19:13:41  [TX] S,1085,18F,000,1446,P1,46
19:13:41  [SLOT] n=1205 tx=25 ack=0 due=0 r=1
19:13:41  [AT] "AT+CIPSEND=26" (13)
19:13:41  [AT] " S,1085,18F,000,1446,P1,46" (26)
19:13:41  [AT] "SEND OK" (7)
19:13:42  [TX] S,1086,18F,000,1447,P1,44
19:13:42  [SLOT] n=1206 tx=25 ack=0 due=0 r=1
19:13:42  [AT] "AT+CIPSEND=26" (13)
19:13:42  [AT] " S,1086,18F,000,1447,P1,44" (26)
19:13:42  [AT] "SEND OK" (7)
19:13:45  [TX] S,1087,18F,000,1448,P1,4A
19:13:45  [SLOT] n=1207 tx=25 ack=0 due=0 r=1
19:13:45  [AT] "AT+CIPSEND=26" (13)
19:13:45  [AT] " S,1087,18F,000,1448,P1,4A" (26)
19:13:45  [AT] "SEND OK" (7)
19:13:46  [TX] S,1088,18F,000,1449,P1,44
19:13:46  [SLOT] n=1208 tx=25 ack=0 due=0 r=1
19:13:46  [AT] "AT+CIPSEND=26" (13)
19:13:46  [AT] " S,1088,18F,000,1449,P1,44" (26)
19:13:46  [AT] "SEND OK" (7)
19:13:47  [TX] S,1089,18F,000,1450,P1,4D
19:13:47  [SLOT] n=1209 tx=25 ack=0 due=0 r=1
19:13:47  [AT] "AT+CIPSEND=26" (13)
19:13:47  [AT] " S,1089,18F,000,1450,P1,4D" (26)
19:13:47  [AT] "SEND OK" (7)
19:13:48  [TX] S,1090,18D,000,1452,P1,45
19:13:48  [SLOT] n=1210 tx=25 ack=0 due=0 r=1
19:13:48  [AT] "AT+CIPSEND=26" (13)
19:13:48  [AT] " S,1090,18D,000,1452,P1,45" (26)
19:13:48  [AT] "ERROR" (5)
19:13:48  [NET] 송신 오류 응답(로그만, 카운터는 sendLine 이 센다): ERROR
19:13:48  [AT] "Unlink" (6)
19:13:48  [DIAG] offline step=3 사다리=2/1 rx=58748 lines=3435 up=1452s
19:13:49  [NET] 3 CIFSR (IP 를 실제로 받았는가)
19:13:49  [AT] "AT+CIFSR" (8)
19:13:49  [AT] "0.0.0.0" (7)
19:13:49  [NET] ★ ESP 가 IP 를 잃었다 — 모듈 리셋으로 본다. 누적 사건 6
19:13:49  [AT] "OK" (2)
19:13:51  [NET] 3 CIFSR (IP 를 실제로 받았는가)
19:13:51  [AT] "AT+CIFSR" (8)
19:13:51  [AT] "192.168.0.214" (13)
19:13:51  [NET] ★ IP 확보: 192.168.0.214
19:13:51  [AT] "OK" (2)
19:13:51  [DIAG] offline step=4 사다리=2/1 rx=58806 lines=3441 up=1455s
19:13:51  [NET] 4 CIPMUX=0
19:13:51  [AT] "AT+CIPMUX=0" (11)
19:13:51  [AT] "OK" (2)
19:13:51  [NET] CIPMUX=0 적용됨 → CIPSTART
19:13:52  [NET] 5 CIPSTART
19:13:52  [AT] "AT+CIPSTART="TCP","192.168.0.29",9991" (37)
19:13:52  [AT] "OK" (2)
19:13:52  [AT] "Linked" (6)
19:13:52  [NET] online (CONNECT) + 캐시 비움
19:13:52  [TX] S,1091,18C,000,1455,P1,44
19:13:52  [SLOT] n=1213 tx=25 ack=0 due=0 r=1
19:13:52  [AT] "AT+CIPSEND=26" (13)
19:13:52  [AT] " S,1091,18C,000,1455,P1,44" (26)
19:13:52  [AT] "SEND OK" (7)
19:13:53  [TX] D,*,7,12,5A
19:13:53  D,A1,IP,01
19:13:53  D,A2,IP,02
19:13:53  D,A3,IP,03
19:13:53  D,A4,IP,04
19:13:53  D,A5,IP,05
19:13:53  D,B1,IP,02
19:13:53  D,B2,IP,01
19:13:53  D,B3,IP,00
19:13:53  D,B4,IP,07
19:13:53  D,B5,IP,06
19:13:53  D,E1,OB,11
19:13:53  D,X1,OB,0C
19:13:53  [REG] 등록 전송 143B
19:13:53  [SLOT] n=1214 tx=143 ack=0 due=0 r=1
19:13:53  [AT] "AT+CIPSEND=144" (14)
19:13:53  [DROP-OVF] 줄이 96바이트를 넘어 버렸다
19:13:53  [AT] "SEND OK" (7)
19:13:54  [TX] S,1093,18C,000,1458,P1,4B
19:13:54  [SLOT] n=1215 tx=25 ack=0 due=0 r=1
19:13:54  [AT] "AT+CIPSEND=26" (13)
19:13:54  [AT] " S,1093,18C,000,1458,P1,4B" (26)
19:13:54  [AT] "SEND OK" (7)
19:13:55  [TX] S,1094,18C,000,1459,P1,4D
19:13:55  [SLOT] n=1216 tx=25 ack=0 due=0 r=1
19:13:55  [AT] "AT+CIPSEND=26" (13)
19:13:55  [AT] " S,1094,18C,000,1459,P1,4D" (26)
19:13:55  [AT] "SEND OK" (7)
19:13:57  [TX] S,1095,18C,000,1460,P1,46
19:13:57  [SLOT] n=1217 tx=25 ack=0 due=0 r=1
19:13:57  [AT] "AT+CIPSEND=26" (13)
19:13:57  [AT] " S,1095,18C,000,1460,P1,46" (26)
19:13:57  [AT] "ERROR" (5)
19:13:57  [NET] 송신 오류 응답(로그만, 카운터는 sendLine 이 센다): ERROR
19:13:57  [AT] "Unlink" (6)
19:13:57  [DIAG] offline step=3 사다리=2/1 rx=59258 lines=3461 up=1461s
19:13:58  [NET] 3 CIFSR (IP 를 실제로 받았는가)
19:13:58  [AT] "AT+CIFSR" (8)
19:13:58  [AT] "0.0.0.0" (7)
19:13:58  [NET] ★ ESP 가 IP 를 잃었다 — 모듈 리셋으로 본다. 누적 사건 7
19:13:58  [AT] "OK" (2)
19:14:00  [NET] 3 CIFSR (IP 를 실제로 받았는가)
19:14:00  [AT] "AT+CIFSR" (8)
19:14:00  [AT] "0.0.0.0" (7)
19:14:00  [AT] "OK" (2)
19:14:00  [DIAG] offline step=3 사다리=2/1 rx=59310 lines=3467 up=1464s
19:14:03  [NET] 3 CIFSR (IP 를 실제로 받았는가)
19:14:03  [NET] CIFSR 3회에도 IP 가 없다 → CWJAP 부터 다시
19:14:03  [LADDER] 실패(CWJAP FAIL) CWJAP소요 123s · 연속 0회 · 결합유지 37s · 현재 2단(1회 누적)
19:14:03  [LADDER] ↑↑ 단 상승 → 3단
19:14:03  [LADDER] 3단 조치: 15초 쉬고 AT+RST (모듈 소프트 리셋)
19:14:03  [AT] "AT+CIFSR" (8)
19:14:03  [AT] "192.168.0.214" (13)
19:14:03  [NET] ★ IP 확보: 192.168.0.214
19:14:03  [AT] "OK" (2)
19:14:03  [NET] 4 CIPMUX=0
19:14:03  [AT] "AT+CIPMUX=0" (11)
19:14:03  [AT] "OK" (2)
19:14:03  [NET] CIPMUX=0 적용됨 → CIPSTART
19:14:03  [NET] 5 CIPSTART
19:14:03  [AT] "AT+CIPSTART="TCP","192.168.0.29",9991" (37)
19:14:03  [DIAG] offline step=5 사다리=3/0 rx=59404 lines=3473 up=1467s
19:14:03  [AT] "OK" (2)
19:14:03  [AT] "Linked" (6)
19:14:03  [NET] online (CONNECT) + 캐시 비움
19:14:04  [TX] S,1096,18F,000,1467,P1,47
19:14:04  [SLOT] n=1223 tx=25 ack=0 due=0 r=1
19:14:04  [AT] "AT+CIPSEND=26" (13)
19:14:04  [AT] " S,1096,18F,000,1467,P1,47" (26)
19:14:04  [AT] "SEND OK" (7)
19:14:05  [TX] D,*,7,12,5A
19:14:05  D,A1,IP,01
19:14:05  D,A2,IP,02
19:14:05  D,A3,IP,03
19:14:05  D,A4,IP,04
19:14:05  D,A5,IP,05
19:14:05  D,B1,IP,02
19:14:05  D,B2,IP,01
19:14:05  D,B3,IP,00
19:14:05  D,B4,IP,07
19:14:05  D,B5,IP,06
19:14:05  D,E1,OB,11
19:14:05  D,X1,OB,0C
19:14:05  [REG] 등록 전송 143B
19:14:05  [SLOT] n=1224 tx=143 ack=0 due=0 r=1
19:14:05  [AT] "AT+CIPSEND=144" (14)
19:14:05  [DROP-OVF] 줄이 96바이트를 넘어 버렸다
19:14:05  [AT] "SEND OK" (7)
19:14:06  [TX] S,1098,18E,000,1470,P1,4C
19:14:06  [SLOT] n=1225 tx=25 ack=0 due=0 r=1
19:14:06  [AT] "AT+CIPSEND=26" (13)
19:14:06  [AT] " S,1098,18E,000,1470,P1,4C" (26)
19:14:06  [AT] "SEND OK" (7)
19:14:07  [TX] S,1099,18E,000,1471,P1,4C
19:14:07  [SLOT] n=1226 tx=25 ack=0 due=0 r=1
19:14:07  [AT] "AT+CIPSEND=26" (13)
19:14:08  [AT] " S,1099,18E,000,1471,P1,4C" (26)
19:14:08  [AT] "SEND OK" (7)
19:14:09  [TX] S,1100,18E,000,1472,P1,4E
19:14:09  [SLOT] n=1227 tx=25 ack=0 due=0 r=1
19:14:09  [AT] "AT+CIPSEND=26" (13)
19:14:09  [AT] " S,1100,18E,000,1472,P1,4E" (26)
19:14:09  [AT] "SEND OK" (7)
19:14:10  [TX] S,1101,18E,000,1473,P1,4E
19:14:10  [SLOT] n=1228 tx=25 ack=0 due=0 r=1
19:14:10  [AT] "AT+CIPSEND=26" (13)
19:14:10  [AT] " S,1101,18E,000,1473,P1,4E" (26)
19:14:10  [AT] "SEND OK" (7)
19:14:11  [TX] S,1102,18E,000,1474,P1,4A
19:14:11  [SLOT] n=1229 tx=25 ack=0 due=0 r=1
19:14:11  [AT] "AT+CIPSEND=26" (13)
19:14:11  [AT] " S,1102,18E,000,1474,P1,4A" (26)
19:14:11  [AT] "SEND OK" (7)
19:14:12  [TX] S,1103,18C,000,1476,P1,4F
19:14:12  [SLOT] n=1230 tx=25 ack=0 due=0 r=1
19:14:12  [AT] "AT+CIPSEND=26" (13)
19:14:12  [AT] " S,1103,18C,000,1476,P1,4F" (26)
19:14:12  [AT] "SEND OK" (7)
19:14:12  [AT] "ERROR" (5)
19:14:12  [NET] 송신 오류 응답(로그만, 카운터는 sendLine 이 센다): ERROR
19:14:12  [AT] "Unlink" (6)
19:14:12  [DIAG] offline step=3 사다리=3/0 rx=59964 lines=3500 up=1476s
19:14:13  [NET] 3 CIFSR (IP 를 실제로 받았는가)
19:14:13  [AT] "AT+CIFSR" (8)
19:14:13  [AT] "0.0.0.0" (7)
19:14:13  [NET] ★ ESP 가 IP 를 잃었다 — 모듈 리셋으로 본다. 누적 사건 8
19:14:13  [AT] "OK" (2)
19:14:15  [NET] 3 CIFSR (IP 를 실제로 받았는가)
19:14:15  [AT] "AT+CIFSR" (8)
19:14:15  [AT] "192.168.0.214" (13)
19:14:15  [NET] ★ IP 확보: 192.168.0.214
19:14:15  [AT] "OK" (2)
19:14:15  [DIAG] offline step=4 사다리=3/0 rx=60022 lines=3506 up=1479s
19:14:15  [NET] 4 CIPMUX=0
19:14:15  [AT] "AT+CIPMUX=0" (11)
19:14:15  [AT] "OK" (2)
19:14:15  [NET] CIPMUX=0 적용됨 → CIPSTART
19:14:16  [NET] 5 CIPSTART
19:14:16  [AT] "AT+CIPSTART="TCP","192.168.0.29",9991" (37)
19:14:16  [AT] "OK" (2)
19:14:16  [AT] "Linked" (6)
19:14:16  [NET] online (CONNECT) + 캐시 비움
19:14:16  [TX] S,1104,18D,000,1479,P1,40
19:14:16  [SLOT] n=1233 tx=25 ack=0 due=316 r=1
19:14:16  [AT] "AT+CIPSEND=26" (13)
19:14:17  [AT] " S,1104,18D,000,1479,P1,40" (26)
19:14:17  [AT] "SEND OK" (7)
19:14:17  [TX] D,*,7,12,5A
19:14:17  D,A1,IP,01
19:14:17  D,A2,IP,02
19:14:17  D,A3,IP,03
19:14:17  D,A4,IP,04
19:14:17  D,A5,IP,05
19:14:17  D,B1,IP,02
19:14:17  D,B2,IP,01
19:14:17  D,B3,IP,00
19:14:17  D,B4,IP,07
19:14:17  D,B5,IP,06
19:14:17  D,E1,OB,11
19:14:17  D,X1,OB,0C
19:14:17  [REG] 등록 전송 143B
19:14:17  [SLOT] n=1234 tx=143 ack=0 due=0 r=1
19:14:17  [AT] "AT+CIPSEND=144" (14)
19:14:17  [DROP-OVF] 줄이 96바이트를 넘어 버렸다
19:14:17  [AT] "SEND OK" (7)
19:14:18  [TX] S,1106,18D,000,1482,P1,46
19:14:18  [SLOT] n=1235 tx=25 ack=0 due=0 r=1
19:14:18  [AT] "AT+CIPSEND=26" (13)
19:14:18  [AT] " S,1106,18D,000,1482,P1,46" (26)
19:14:18  [AT] "SEND OK" (7)
19:14:19  [TX] S,1107,18D,000,1483,P1,46
19:14:19  [SLOT] n=1236 tx=25 ack=0 due=0 r=1
19:14:19  [AT] "AT+CIPSEND=26" (13)
19:14:19  [AT] " S,1107,18D,000,1483,P1,46" (26)
19:14:19  [AT] "SEND OK" (7)
19:14:20  [TX] S,1108,18D,000,1484,P1,4E
19:14:20  [SLOT] n=1237 tx=25 ack=0 due=0 r=1
19:14:21  [AT] "AT+CIPSEND=26" (13)
19:14:21  [AT] " S,1108,18D,000,1484,P1,4E" (26)
19:14:21  [AT] "SEND OK" (7)
19:14:22  [TX] S,1109,18D,000,1485,P1,4E
19:14:22  [SLOT] n=1238 tx=25 ack=0 due=0 r=1
19:14:22  [AT] "AT+CIPSEND=26" (13)
19:14:22  [AT] " S,1109,18D,000,1485,P1,4E" (26)
19:14:22  [AT] "SEND OK" (7)
19:14:23  [TX] S,1110,18C,000,1486,P1,42
19:14:23  [SLOT] n=1239 tx=25 ack=0 due=0 r=1
19:14:23  [AT] "AT+CIPSEND=26" (13)
19:14:23  [AT] " S,1110,18C,000,1486,P1,42" (26)
19:14:23  [AT] "SEND OK" (7)
19:14:24  [TX] S,1111,18E,000,1488,P1,4B
19:14:24  [SLOT] n=1240 tx=25 ack=0 due=0 r=1
19:14:24  [AT] "AT+CIPSEND=26" (13)
19:14:24  [AT] " S,1111,18E,000,1488,P1,4B" (26)
19:14:24  [AT] "SEND OK" (7)
19:14:25  [TX] S,1112,18E,000,1489,P1,49
19:14:25  [SLOT] n=1241 tx=25 ack=0 due=0 r=1
19:14:25  [AT] "AT+CIPSEND=26" (13)
19:14:26  [AT] " S,1112,18E,000,1489,P1,49" (26)
19:14:26  [AT] "SEND OK" (7)
19:14:26  [TX] S,1113,18E,000,1490,P1,40
19:14:26  [SLOT] n=1242 tx=25 ack=0 due=0 r=1
19:14:26  [AT] "AT+CIPSEND=26" (13)
19:14:27  [AT] " S,1113,18E,000,1490,P1,40" (26)
19:14:27  [AT] "SEND OK" (7)
19:14:28  [TX] S,1114,18E,000,1491,P1,46
19:14:28  [SLOT] n=1243 tx=25 ack=0 due=0 r=1
19:14:28  [AT] "AT+CIPSEND=26" (13)
19:14:28  [AT] " S,1114,18E,000,1491,P1,46" (26)
19:14:28  [AT] "SEND OK" (7)
19:14:29  [TX] S,1115,18E,000,1492,P1,44
19:14:29  [SLOT] n=1244 tx=25 ack=0 due=0 r=1
19:14:29  [AT] "AT+CIPSEND=26" (13)
19:14:29  [AT] " S,1115,18E,000,1492,P1,44" (26)
19:14:29  [AT] "SEND OK" (7)
19:14:29  [AT] "ERROR" (5)
19:14:29  [NET] 송신 오류 응답(로그만, 카운터는 sendLine 이 센다): ERROR
19:14:29  [AT] "Unlink" (6)
19:14:29  [DIAG] offline step=3 사다리=3/0 rx=60856 lines=3548 up=1492s
19:14:29  [NET] 3 CIFSR (IP 를 실제로 받았는가)
19:14:29  [AT] "AT+CIFSR" (8)
19:14:29  [AT] "0.0.0.0" (7)
19:14:29  [NET] ★ ESP 가 IP 를 잃었다 — 모듈 리셋으로 본다. 누적 사건 9
19:14:29  [AT] "OK" (2)
19:14:32  [NET] 3 CIFSR (IP 를 실제로 받았는가)
19:14:32  [AT] "AT+CIFSR" (8)
19:14:32  [AT] "0.0.0.0" (7)
19:14:32  [AT] "OK" (2)
19:14:32  [DIAG] offline step=3 사다리=3/0 rx=60908 lines=3554 up=1495s
19:14:34  [NET] 3 CIFSR (IP 를 실제로 받았는가)
19:14:34  [NET] CIFSR 3회에도 IP 가 없다 → CWJAP 부터 다시
19:14:34  [LADDER] 실패(CWJAP FAIL) CWJAP소요 155s · 연속 0회 · 결합유지 31s · 현재 3단(0회 누적)
19:14:34  [LADDER] 3단 조치: 15초 쉬고 AT+RST (모듈 소프트 리셋)
19:14:34  [AT] "AT+CIFSR" (8)
19:14:34  [AT] "192.168.0.214" (13)
19:14:34  [NET] ★ IP 확보: 192.168.0.214
19:14:34  [AT] "OK" (2)
19:14:35  [NET] 4 CIPMUX=0
19:14:35  [AT] "AT+CIPMUX=0" (11)
19:14:35  [AT] "OK" (2)
19:14:35  [NET] CIPMUX=0 적용됨 → CIPSTART
19:14:35  [NET] 5 CIPSTART
19:14:35  [AT] "AT+CIPSTART="TCP","192.168.0.29",9991" (37)
19:14:35  [DIAG] offline step=5 사다리=3/1 rx=61000 lines=3560 up=1498s
19:14:35  [AT] "OK" (2)
19:14:35  [AT] "Linked" (6)
19:14:35  [NET] online (CONNECT) + 캐시 비움
19:14:35  [TX] S,1116,18F,000,1499,P1,4F
19:14:35  [SLOT] n=1249 tx=25 ack=0 due=347 r=1
19:14:35  [AT] "AT+CIPSEND=26" (13)
19:14:35  [AT] " S,1116,18F,000,1499,P1,4F" (26)
19:14:35  [AT] "SEND OK" (7)
19:14:36  «tap» 살아있음 — 최근 60초 rx=10706B (이 줄이 끊기면 탭이 죽은 것이다)
19:14:36  [TX] D,*,7,12,5A
19:14:36  D,A1,IP,01
19:14:36  D,A2,IP,02
19:14:36  D,A3,IP,03
19:14:36  D,A4,IP,04
19:14:36  D,A5,IP,05
19:14:36  D,B1,IP,02
19:14:36  D,B2,IP,01
19:14:36  D,B3,IP,00
19:14:36  D,B4,IP,07
19:14:36  D,B5,IP,06
19:14:36  D,E1,OB,11
19:14:36  D,X1,OB,0C
19:14:36  [REG] 등록 전송 143B
19:14:36  [SLOT] n=1250 tx=143 ack=0 due=0 r=1
19:14:36  [CNT] up=1500 drop=1 esprst=9 hwrst=0/0 resync=0 sendfail=0 okto=1 stuck=1 ackq=0 ackdrop=0 ackstale=0 slot=1250 oow=7 smiss=6 ssovf=0 cksumng=0 okstream=1111 penddrop=0 pendfill=1118 bigfill=10 bigdrop=0 bigokst=9 oklost=0 bigoklost=0 skip=10 online=1
19:14:36  [RAM] 최저 여유 596 B · 프롬프트 재동기 0회 (서버의 '버린줄' 과 맞아야 한다)
19:14:36  [AT] "AT+CIPSEND=144" (14)
19:14:36  [DROP-OVF] 줄이 96바이트를 넘어 버렸다
19:14:36  [AT] "SEND OK" (7)
19:14:37  [TX] S,1118,18D,000,1501,P1,43
19:14:37  [SLOT] n=1251 tx=25 ack=0 due=0 r=1
19:14:37  [AT] "AT+CIPSEND=26" (13)
19:14:37  [AT] " S,1118,18D,000,1501,P1,43" (26)
19:14:37  [AT] "SEND OK" (7)
19:14:38  [TX] S,1119,18D,000,1502,P1,41
19:14:38  [SLOT] n=1252 tx=25 ack=0 due=0 r=1
19:14:38  [AT] "AT+CIPSEND=26" (13)
19:14:39  [AT] " S,1119,18D,000,1502,P1,41" (26)
19:14:39  [AT] "SEND OK" (7)
19:14:40  [TX] S,1120,18C,000,1503,P1,4D
19:14:40  [SLOT] n=1253 tx=25 ack=0 due=0 r=1
19:14:40  [AT] "AT+CIPSEND=26" (13)
19:14:40  [AT] " S,1120,18C,000,1503,P1,4D" (26)
19:14:40  [AT] "SEND OK" (7)
19:14:41  [TX] S,1121,18C,000,1504,P1,4B
19:14:41  [SLOT] n=1254 tx=25 ack=0 due=0 r=1
19:14:41  [AT] "AT+CIPSEND=26" (13)
19:14:41  [AT] " S,1121,18C,000,1504,P1,4B" (26)
19:14:41  [AT] "SEND OK" (7)
19:14:42  [TX] S,1122,18C,000,1506,P1,4A
19:14:42  [SLOT] n=1255 tx=25 ack=0 due=0 r=1
19:14:42  [AT] "AT+CIPSEND=26" (13)
19:14:42  [AT] " S,1122,18C,000,1506,P1,4A" (26)
19:14:42  [AT] "SEND OK" (7)
19:14:43  [TX] S,1123,18C,000,1507,P1,4A
19:14:43  [SLOT] n=1256 tx=25 ack=0 due=0 r=1
19:14:43  [AT] "AT+CIPSEND=26" (13)
19:14:43  [AT] " S,1123,18C,000,1507,P1,4A" (26)
19:14:43  [AT] "SEND OK" (7)
19:14:44  [TX] S,1124,18C,000,1508,P1,42
19:14:44  [SLOT] n=1257 tx=25 ack=0 due=0 r=1
19:14:44  [AT] "AT+CIPSEND=26" (13)
19:14:45  [AT] " S,1124,18C,000,1508,P1,42" (26)
19:14:45  [AT] "SEND OK" (7)
19:14:46  [TX] S,1125,18C,000,1509,P1,42
19:14:46  [SLOT] n=1258 tx=25 ack=0 due=0 r=1
19:14:46  [AT] "AT+CIPSEND=26" (13)
19:14:46  [AT] " S,1125,18C,000,1509,P1,42" (26)
19:14:46  [AT] "SEND OK" (7)
19:14:47  [TX] S,1126,18C,000,1510,P1,49
19:14:47  [SLOT] n=1259 tx=25 ack=0 due=0 r=1
19:14:47  [AT] "AT+CIPSEND=26" (13)
19:14:47  [AT] " S,1126,18C,000,1510,P1,49" (26)
19:14:47  [AT] "SEND OK" (7)
19:14:48  [TX] S,1127,18F,000,1512,P1,4F
19:14:48  [SLOT] n=1260 tx=25 ack=0 due=0 r=1
19:14:48  [AT] "AT+CIPSEND=26" (13)
19:14:48  [AT] " S,1127,18F,000,1512,P1,4F" (26)
19:14:48  [AT] "SEND OK" (7)
19:14:49  [TX] S,1128,18F,000,1513,P1,41
19:14:49  [SLOT] n=1261 tx=25 ack=0 due=0 r=1
19:14:49  [AT] "AT+CIPSEND=26" (13)
19:14:49  [AT] " S,1128,18F,000,1513,P1,41" (26)
19:14:49  [AT] "SEND OK" (7)
19:14:50  [TX] S,1129,18F,000,1514,P1,47
19:14:50  [SLOT] n=1262 tx=25 ack=0 due=0 r=1
19:14:50  [AT] "AT+CIPSEND=26" (13)
19:14:51  [AT] " S,1129,18F,000,1514,P1,47" (26)
19:14:51  [AT] "SEND OK" (7)
19:14:52  [TX] S,1130,18F,000,1515,P1,4E
19:14:52  [SLOT] n=1263 tx=25 ack=0 due=0 r=1
19:14:52  [AT] "AT+CIPSEND=26" (13)
19:14:52  [AT] " S,1130,18F,000,1515,P1,4E" (26)
19:14:52  [AT] "SEND OK" (7)
19:14:53  [TX] S,1131,18F,000,1516,P1,4C
19:14:53  [SLOT] n=1264 tx=25 ack=0 due=0 r=1
19:14:53  [AT] "AT+CIPSEND=26" (13)
19:14:53  [AT] " S,1131,18F,000,1516,P1,4C" (26)
19:14:53  [AT] "SEND OK" (7)
19:14:54  [TX] S,1132,18F,000,1518,P1,41
19:14:54  [SLOT] n=1265 tx=25 ack=0 due=0 r=1
19:14:54  [AT] "AT+CIPSEND=26" (13)
19:14:54  [AT] " S,1132,18F,000,1518,P1,41" (26)
19:14:54  [AT] "SEND OK" (7)
19:14:55  [TX] S,1133,18F,000,1519,P1,41
19:14:55  [SLOT] n=1266 tx=25 ack=0 due=0 r=1
19:14:55  [AT] "AT+CIPSEND=26" (13)
19:14:56  [AT] " S,1133,18F,000,1519,P1,41" (26)
19:14:56  [AT] "SEND OK" (7)
19:14:56  [TX] S,1134,18E,000,1520,P1,4F
19:14:56  [SLOT] n=1267 tx=25 ack=0 due=0 r=1
19:14:56  [AT] "AT+CIPSEND=26" (13)
19:14:56  [AT] " S,1134,18E,000,1520,P1,4F" (26)
19:14:56  [AT] "SEND OK" (7)
19:14:58  [TX] S,1135,18E,000,1521,P1,4F
19:14:58  [SLOT] n=1268 tx=25 ack=0 due=0 r=1
19:14:58  [AT] "AT+CIPSEND=26" (13)
19:14:58  [AT] " S,1135,18E,000,1521,P1,4F" (26)
19:14:58  [AT] "SEND OK" (7)
19:14:59  [TX] S,1136,18E,000,1522,P1,4F
19:14:59  [SLOT] n=1269 tx=25 ack=0 due=0 r=1
19:14:59  [AT] "AT+CIPSEND=26" (13)
19:14:59  [AT] " S,1136,18E,000,1522,P1,4F" (26)
19:14:59  [AT] "SEND OK" (7)
19:15:00  [TX] S,1137,18C,000,1524,P1,4E
19:15:00  [SLOT] n=1270 tx=25 ack=0 due=0 r=1
19:15:00  [AT] "AT+CIPSEND=26" (13)
19:15:00  [AT] " S,1137,18C,000,1524,P1,4E" (26)
19:15:00  [AT] "SEND OK" (7)
19:15:01  [TX] S,1138,18C,000,1525,P1,40
19:15:01  [SLOT] n=1271 tx=25 ack=0 due=0 r=1
19:15:01  [AT] "AT+CIPSEND=26" (13)
19:15:01  [AT] " S,1138,18C,000,1525,P1,40" (26)
19:15:01  [AT] "SEND OK" (7)
19:15:02  [TX] S,1139,18C,000,1526,P1,42
19:15:02  [SLOT] n=1272 tx=25 ack=0 due=0 r=1
19:15:02  [AT] "AT+CIPSEND=26" (13)
19:15:03  [AT] " S,1139,18C,000,1526,P1,42" (26)
19:15:03  [AT] "SEND OK" (7)
19:15:04  [TX] S,1140,18C,000,1527,P1,4D
19:15:04  [SLOT] n=1273 tx=25 ack=0 due=0 r=1
19:15:04  [AT] "AT+CIPSEND=26" (13)
19:15:04  [AT] " S,1140,18C,000,1527,P1,4D" (26)
19:15:04  [AT] "SEND OK" (7)
19:15:05  [TX] S,1141,18D,000,1528,P1,44
19:15:05  [SLOT] n=1274 tx=25 ack=0 due=0 r=1
19:15:05  [AT] "AT+CIPSEND=26" (13)
19:15:05  [AT] " S,1141,18D,000,1528,P1,44" (26)
19:15:05  [AT] "SEND OK" (7)
19:15:05  [LADDER] ↓ 30초 연속 온라인 — 사다리를 0단으로 내린다 (직전 3단)
19:15:06  [TX] S,1142,18D,000,1530,P1,4E
19:15:06  [SLOT] n=1275 tx=25 ack=0 due=0 r=1
19:15:06  [AT] "AT+CIPSEND=26" (13)
19:15:06  [AT] " S,1142,18D,000,1530,P1,4E" (26)
19:15:06  [AT] "SEND OK" (7)
19:15:07  [TX] S,1143,18D,000,1531,P1,4E
19:15:07  [SLOT] n=1276 tx=25 ack=0 due=0 r=1
19:15:07  [AT] "AT+CIPSEND=26" (13)
19:15:07  [AT] " S,1143,18D,000,1531,P1,4E" (26)
19:15:07  [AT] "SEND OK" (7)
19:15:08  [TX] S,1144,18D,000,1532,P1,4A
19:15:08  [SLOT] n=1277 tx=25 ack=0 due=0 r=1
19:15:08  [AT] "AT+CIPSEND=26" (13)
19:15:08  [AT] " S,1144,18D,000,1532,P1,4A" (26)
19:15:08  [AT] "SEND OK" (7)
19:15:10  [TX] S,1145,18D,000,1533,P1,4A
19:15:10  [SLOT] n=1278 tx=25 ack=0 due=0 r=1
19:15:10  [AT] "AT+CIPSEND=26" (13)
19:15:10  [AT] " S,1145,18D,000,1533,P1,4A" (26)
19:15:10  [AT] "SEND OK" (7)
19:15:11  [TX] S,1146,18D,000,1534,P1,4E
19:15:11  [SLOT] n=1279 tx=25 ack=0 due=0 r=1
19:15:11  [AT] "AT+CIPSEND=26" (13)
19:15:11  [AT] " S,1146,18D,000,1534,P1,4E" (26)
19:15:11  [AT] "SEND OK" (7)
19:15:12  [TX] S,1147,18F,000,1536,P1,4F
19:15:12  [SLOT] n=1280 tx=25 ack=0 due=0 r=1
19:15:12  [AT] "AT+CIPSEND=26" (13)
19:15:12  [AT] " S,1147,18F,000,1536,P1,4F" (26)
19:15:12  [AT] "SEND OK" (7)
19:15:13  [TX] S,1148,18E,000,1537,P1,42
19:15:13  [SLOT] n=1281 tx=25 ack=0 due=0 r=1
19:15:13  [AT] "AT+CIPSEND=26" (13)
19:15:13  [AT] " S,1148,18E,000,1537,P1,42" (26)
19:15:13  [AT] "SEND OK" (7)
19:15:14  [TX] S,1149,18E,000,1538,P1,4C
19:15:14  [SLOT] n=1282 tx=25 ack=0 due=0 r=1
19:15:14  [AT] "AT+CIPSEND=26" (13)
19:15:14  [AT] " S,1149,18E,000,1538,P1,4C" (26)
19:15:14  [AT] "SEND OK" (7)
19:15:16  [TX] S,1150,18E,000,1539,P1,45
19:15:16  [SLOT] n=1283 tx=25 ack=0 due=0 r=1
19:15:16  [AT] "AT+CIPSEND=26" (13)
19:15:16  [AT] " S,1150,18E,000,1539,P1,45" (26)
19:15:16  [AT] "SEND OK" (7)
19:15:17  [TX] S,1151,18E,000,1540,P1,4A
19:15:17  [SLOT] n=1284 tx=25 ack=0 due=0 r=1
19:15:17  [AT] "AT+CIPSEND=26" (13)
19:15:17  [AT] " S,1151,18E,000,1540,P1,4A" (26)
19:15:17  [AT] "SEND OK" (7)
19:15:18  [TX] S,1152,18E,000,1542,P1,4B
19:15:18  [SLOT] n=1285 tx=25 ack=0 due=0 r=1
19:15:18  [AT] "AT+CIPSEND=26" (13)
19:15:18  [AT] " S,1152,18E,000,1542,P1,4B" (26)
19:15:18  [AT] "SEND OK" (7)
19:15:19  [TX] S,1153,18E,000,1543,P1,4B
19:15:19  [SLOT] n=1286 tx=25 ack=0 due=0 r=1
19:15:19  [AT] "AT+CIPSEND=26" (13)
19:15:19  [AT] " S,1153,18E,000,1543,P1,4B" (26)
19:15:19  [AT] "SEND OK" (7)
19:15:20  [TX] S,1154,18E,000,1544,P1,4B
19:15:20  [SLOT] n=1287 tx=25 ack=0 due=0 r=1
19:15:20  [AT] "AT+CIPSEND=26" (13)
19:15:20  [AT] " S,1154,18E,000,1544,P1,4B" (26)
19:15:20  [AT] "SEND OK" (7)
19:15:22  [TX] S,1155,18F,000,1545,P1,48
19:15:22  [SLOT] n=1288 tx=25 ack=0 due=0 r=1
19:15:22  [AT] "AT+CIPSEND=26" (13)
19:15:22  [AT] " S,1155,18F,000,1545,P1,48" (26)
19:15:22  [AT] "SEND OK" (7)
19:15:23  [TX] S,1156,18F,000,1546,P1,48
19:15:23  [SLOT] n=1289 tx=25 ack=0 due=0 r=1
19:15:23  [AT] "AT+CIPSEND=26" (13)
19:15:23  [AT] " S,1156,18F,000,1546,P1,48" (26)
19:15:23  [AT] "SEND OK" (7)
19:15:24  [TX] S,1157,18D,000,1548,P1,45
19:15:24  [SLOT] n=1290 tx=25 ack=0 due=0 r=1
19:15:24  [AT] "AT+CIPSEND=26" (13)
19:15:24  [AT] " S,1157,18D,000,1548,P1,45" (26)
19:15:24  [AT] "SEND OK" (7)
19:15:25  [TX] S,1158,18D,000,1549,P1,4B
19:15:25  [SLOT] n=1291 tx=25 ack=0 due=0 r=1
19:15:25  [AT] "AT+CIPSEND=26" (13)
19:15:25  [AT] " S,1158,18D,000,1549,P1,4B" (26)
19:15:25  [AT] "SEND OK" (7)
19:15:26  [TX] S,1159,18D,000,1550,P1,42
19:15:26  [SLOT] n=1292 tx=25 ack=0 due=0 r=1
19:15:26  [AT] "AT+CIPSEND=26" (13)
19:15:27  [AT] " S,1159,18D,000,1550,P1,42" (26)
19:15:27  [AT] "SEND OK" (7)
19:15:28  [TX] S,1160,18D,000,1551,P1,49
19:15:28  [SLOT] n=1293 tx=25 ack=0 due=0 r=1
19:15:28  [AT] "AT+CIPSEND=26" (13)
19:15:28  [AT] " S,1160,18D,000,1551,P1,49" (26)
19:15:28  [AT] "SEND OK" (7)
19:15:29  [TX] S,1161,18D,000,1552,P1,4B
19:15:29  [SLOT] n=1294 tx=25 ack=0 due=0 r=1
19:15:29  [AT] "AT+CIPSEND=26" (13)
19:15:29  [AT] " S,1161,18D,000,1552,P1,4B" (26)
19:15:29  [AT] "SEND OK" (7)
19:15:30  [TX] S,1162,18C,000,1554,P1,49
19:15:30  [SLOT] n=1295 tx=25 ack=0 due=0 r=1
19:15:30  [AT] "AT+CIPSEND=26" (13)
19:15:30  [AT] " S,1162,18C,000,1554,P1,49" (26)
19:15:30  [AT] "SEND OK" (7)
19:15:31  [TX] S,1163,18C,000,1555,P1,49
19:15:31  [SLOT] n=1296 tx=25 ack=0 due=0 r=1
19:15:31  [AT] "AT+CIPSEND=26" (13)
19:15:31  [AT] " S,1163,18C,000,1555,P1,49" (26)
19:15:31  [AT] "SEND OK" (7)
19:15:32  [TX] S,1164,18C,000,1556,P1,4D
19:15:32  [SLOT] n=1297 tx=25 ack=0 due=0 r=1
19:15:32  [AT] "AT+CIPSEND=26" (13)
19:15:33  [AT] " S,1164,18C,000,1556,P1,4D" (26)
19:15:33  [AT] "SEND OK" (7)
19:15:34  [TX] S,1165,18C,000,1557,P1,4D
19:15:34  [SLOT] n=1298 tx=25 ack=0 due=0 r=1
19:15:34  [AT] "AT+CIPSEND=26" (13)
19:15:34  [AT] " S,1165,18C,000,1557,P1,4D" (26)
19:15:34  [AT] "SEND OK" (7)
19:15:35  [TX] S,1166,18C,000,1558,P1,41
19:15:35  [SLOT] n=1299 tx=25 ack=0 due=0 r=1
19:15:35  [AT] "AT+CIPSEND=26" (13)
19:15:35  [AT] " S,1166,18C,000,1558,P1,41" (26)
19:15:35  [AT] "SEND OK" (7)
19:15:36  «tap» 살아있음 — 최근 60초 rx=8403B (이 줄이 끊기면 탭이 죽은 것이다)
19:15:36  [TX] S,1167,18E,000,1560,P1,4D
19:15:36  [SLOT] n=1300 tx=25 ack=0 due=0 r=1
19:15:36  [CNT] up=1560 drop=1 esprst=9 hwrst=0/0 resync=0 sendfail=0 okto=1 stuck=1 ackq=0 ackdrop=0 ackstale=0 slot=1300 oow=7 smiss=6 ssovf=0 cksumng=0 okstream=1161 penddrop=0 pendfill=1168 bigfill=10 bigdrop=0 bigokst=10 oklost=0 bigoklost=0 skip=10 online=1
19:15:36  [RAM] 최저 여유 596 B · 프롬프트 재동기 0회 (서버의 '버린줄' 과 맞아야 한다)
19:15:36  [AT] " S,1167,18E,000,1560,P1,4D" (26)
19:15:36  [AT] "SEND OK" (7)
19:15:36  [AT] "AT+CIPSEND=26" (13)
19:15:37  [TX] S,1168,18E,000,1561,P1,43
19:15:37  [SLOT] n=1301 tx=25 ack=0 due=0 r=1
19:15:37  [AT] "AT+CIPSEND=26" (13)
19:15:37  [AT] " S,1168,18E,000,1561,P1,43" (26)
19:15:37  [AT] "SEND OK" (7)
19:15:38  [TX] S,1169,18F,000,1562,P1,42
19:15:38  [SLOT] n=1302 tx=25 ack=0 due=0 r=1
19:15:38  [AT] "AT+CIPSEND=26" (13)
19:15:38  [AT] " S,1169,18F,000,1562,P1,42" (26)
19:15:38  [AT] "SEND OK" (7)
19:15:40  [TX] S,1170,18F,000,1563,P1,4B
19:15:40  [SLOT] n=1303 tx=25 ack=0 due=0 r=1
19:15:40  [AT] "AT+CIPSEND=26" (13)
19:15:40  [AT] " S,1170,18F,000,1563,P1,4B" (26)
19:15:40  [AT] "SEND OK" (7)
19:15:41  [TX] S,1171,18F,000,1564,P1,4D
19:15:41  [SLOT] n=1304 tx=25 ack=0 due=0 r=1
19:15:41  [AT] "AT+CIPSEND=26" (13)
19:15:41  [AT] " S,1171,18F,000,1564,P1,4D" (26)
19:15:41  [AT] "SEND OK" (7)
19:15:42  [TX] S,1172,18F,000,1566,P1,4C
19:15:42  [SLOT] n=1305 tx=25 ack=0 due=0 r=1
19:15:42  [AT] "AT+CIPSEND=26" (13)
19:15:42  [AT] " S,1172,18F,000,1566,P1,4C" (26)
19:15:42  [AT] "SEND OK" (7)
19:15:43  [TX] S,1173,18F,000,1567,P1,4C
19:15:43  [SLOT] n=1306 tx=25 ack=0 due=0 r=1
19:15:43  [AT] "AT+CIPSEND=26" (13)
19:15:43  [AT] " S,1173,18F,000,1567,P1,4C" (26)
19:15:43  [AT] "SEND OK" (7)
19:15:44  [TX] S,1174,18F,000,1568,P1,44
19:15:44  [SLOT] n=1307 tx=25 ack=0 due=0 r=1
19:15:44  [AT] "AT+CIPSEND=26" (13)
19:15:45  [AT] " S,1174,18F,000,1568,P1,44" (26)
19:15:45  [AT] "SEND OK" (7)
19:15:46  [TX] S,1175,18F,000,1569,P1,44
19:15:46  [SLOT] n=1308 tx=25 ack=0 due=0 r=1
19:15:46  [AT] "AT+CIPSEND=26" (13)
19:15:46  [AT] " S,1175,18F,000,1569,P1,44" (26)
19:15:46  [AT] "SEND OK" (7)
19:15:47  [TX] S,1176,18E,000,1570,P1,4C
19:15:47  [SLOT] n=1309 tx=25 ack=0 due=0 r=1
19:15:47  [AT] "AT+CIPSEND=26" (13)
19:15:47  [AT] " S,1176,18E,000,1570,P1,4C" (26)
19:15:47  [AT] "SEND OK" (7)
19:15:48  [TX] S,1177,18C,000,1572,P1,49
19:15:48  [SLOT] n=1310 tx=25 ack=0 due=0 r=1
19:15:48  [AT] "AT+CIPSEND=26" (13)
19:15:48  [AT] " S,1177,18C,000,1572,P1,49" (26)
19:15:48  [AT] "SEND OK" (7)
19:15:49  [TX] S,1178,18C,000,1573,P1,47
19:15:49  [SLOT] n=1311 tx=25 ack=0 due=0 r=1
19:15:49  [AT] "AT+CIPSEND=26" (13)
19:15:49  [AT] " S,1178,18C,000,1573,P1,47" (26)
19:15:49  [AT] "SEND OK" (7)
19:15:50  [TX] S,1179,18C,000,1574,P1,41
19:15:50  [SLOT] n=1312 tx=25 ack=0 due=0 r=1
19:15:50  [AT] "AT+CIPSEND=26" (13)
19:15:50  [AT] " S,1179,18C,000,1574,P1,41" (26)
19:15:50  [AT] "SEND OK" (7)
19:15:52  [TX] S,1180,18C,000,1575,P1,46
19:15:52  [SLOT] n=1313 tx=25 ack=0 due=0 r=1
19:15:52  [AT] "AT+CIPSEND=26" (13)
19:15:52  [AT] " S,1180,18C,000,1575,P1,46" (26)
19:15:52  [AT] "SEND OK" (7)
19:15:53  [TX] S,1181,18C,000,1576,P1,44
19:15:53  [SLOT] n=1314 tx=25 ack=0 due=0 r=1
19:15:53  [AT] "AT+CIPSEND=26" (13)
19:15:53  [AT] " S,1181,18C,000,1576,P1,44" (26)
19:15:53  [AT] "SEND OK" (7)
19:15:54  [TX] S,1182,18C,000,1578,P1,49
19:15:54  [SLOT] n=1315 tx=25 ack=0 due=0 r=1
19:15:54  [AT] "AT+CIPSEND=26" (13)
19:15:54  [AT] " S,1182,18C,000,1578,P1,49" (26)
19:15:54  [AT] "SEND OK" (7)
19:15:55  [TX] S,1183,18D,000,1579,P1,4E
19:15:55  [SLOT] n=1316 tx=25 ack=0 due=0 r=1
19:15:55  [AT] "AT+CIPSEND=26" (13)
19:15:55  [AT] " S,1183,18D,000,1579,P1,4E" (26)
19:15:55  [AT] "SEND OK" (7)
19:15:56  [TX] S,1184,18D,000,1580,P1,4F
19:15:56  [SLOT] n=1317 tx=25 ack=0 due=0 r=1
19:15:56  [AT] "AT+CIPSEND=26" (13)
19:15:57  [AT] " S,1184,18D,000,1580,P1,4F" (26)
19:15:57  [AT] "SEND OK" (7)
19:15:58  [TX] S,1185,18D,000,1581,P1,4F
19:15:58  [SLOT] n=1318 tx=25 ack=0 due=0 r=1
19:15:58  [AT] "AT+CIPSEND=26" (13)
19:15:58  [AT] " S,1185,18D,000,1581,P1,4F" (26)
19:15:58  [AT] "SEND OK" (7)
19:15:59  [TX] S,1186,18D,000,1582,P1,4F
19:15:59  [SLOT] n=1319 tx=25 ack=0 due=0 r=1
19:15:59  [AT] "AT+CIPSEND=26" (13)
19:15:59  [AT] " S,1186,18D,000,1582,P1,4F" (26)
19:15:59  [AT] "SEND OK" (7)
19:16:00  [TX] S,1187,18F,000,1584,P1,4A
19:16:00  [SLOT] n=1320 tx=25 ack=0 due=0 r=1
19:16:00  [AT] "AT+CIPSEND=26" (13)
19:16:00  [AT] " S,1187,18F,000,1584,P1,4A" (26)
19:16:00  [AT] "SEND OK" (7)
19:16:01  [TX] S,1188,18F,000,1585,P1,44
19:16:01  [SLOT] n=1321 tx=25 ack=0 due=0 r=1
19:16:01  [AT] "AT+CIPSEND=26" (13)
19:16:01  [AT] " S,1188,18F,000,1585,P1,44" (26)
19:16:01  [AT] "SEND OK" (7)
19:16:02  [TX] S,1189,18F,000,1586,P1,46
19:16:02  [SLOT] n=1322 tx=25 ack=0 due=0 r=1
19:16:02  [AT] "AT+CIPSEND=26" (13)
19:16:03  [AT] " S,1189,18F,000,1586,P1,46" (26)
19:16:03  [AT] "SEND OK" (7)
19:16:04  [TX] S,1190,18E,000,1587,P1,4C
19:16:04  [SLOT] n=1323 tx=25 ack=0 due=0 r=1
19:16:04  [AT] "AT+CIPSEND=26" (13)
19:16:04  [AT] " S,1190,18E,000,1587,P1,4C" (26)
19:16:04  [AT] "SEND OK" (7)
19:16:05  [TX] S,1191,18E,000,1588,P1,42
19:16:05  [SLOT] n=1324 tx=25 ack=0 due=0 r=1
19:16:05  [AT] "AT+CIPSEND=26" (13)
19:16:05  [AT] " S,1191,18E,000,1588,P1,42" (26)
19:16:05  [AT] "SEND OK" (7)
19:16:06  [TX] S,1192,18E,000,1590,P1,48
19:16:06  [SLOT] n=1325 tx=25 ack=0 due=0 r=1
19:16:06  [AT] "AT+CIPSEND=26" (13)
19:16:06  [AT] " S,1192,18E,000,1590,P1,48" (26)
19:16:06  [AT] "SEND OK" (7)
19:16:07  [TX] S,1193,18E,000,1591,P1,48
19:16:07  [SLOT] n=1326 tx=25 ack=0 due=0 r=1
19:16:07  [AT] "AT+CIPSEND=26" (13)
19:16:07  [AT] " S,1193,18E,000,1591,P1,48" (26)
19:16:07  [AT] "SEND OK" (7)
19:16:08  [TX] S,1194,18E,000,1592,P1,4C
19:16:08  [SLOT] n=1327 tx=25 ack=0 due=0 r=1
19:16:08  [AT] "AT+CIPSEND=26" (13)
19:16:09  [AT] " S,1194,18E,000,1592,P1,4C" (26)
19:16:09  [AT] "SEND OK" (7)
19:16:10  [TX] S,1195,18E,000,1593,P1,4C
19:16:10  [SLOT] n=1328 tx=25 ack=0 due=0 r=1
19:16:10  [AT] "AT+CIPSEND=26" (13)
19:16:10  [AT] " S,1195,18E,000,1593,P1,4C" (26)
19:16:10  [AT] "SEND OK" (7)
19:16:11  [TX] S,1196,18E,000,1594,P1,48
19:16:11  [SLOT] n=1329 tx=25 ack=0 due=0 r=1
19:16:11  [AT] "AT+CIPSEND=26" (13)
19:16:11  [AT] " S,1196,18E,000,1594,P1,48" (26)
19:16:11  [AT] "SEND OK" (7)
19:16:12  [TX] S,1197,18D,000,1596,P1,4A
19:16:12  [SLOT] n=1330 tx=25 ack=0 due=0 r=1
19:16:12  [AT] "AT+CIPSEND=26" (13)
19:16:12  [AT] " S,1197,18D,000,1596,P1,4A" (26)
19:16:12  [AT] "SEND OK" (7)
19:16:13  [TX] S,1198,18D,000,1597,P1,44
19:16:13  [SLOT] n=1331 tx=25 ack=0 due=0 r=1
19:16:13  [AT] "AT+CIPSEND=26" (13)
19:16:13  [AT] " S,1198,18D,000,1597,P1,44" (26)
19:16:13  [AT] "SEND OK" (7)
19:16:14  [TX] S,1199,18D,000,1598,P1,4A
19:16:14  [SLOT] n=1332 tx=25 ack=0 due=0 r=1
19:16:14  [AT] "AT+CIPSEND=26" (13)
19:16:14  [AT] " S,1199,18D,000,1598,P1,4A" (26)
19:16:14  [AT] "SEND OK" (7)
19:16:16  [TX] S,1200,18D,000,1599,P1,48
19:16:16  [SLOT] n=1333 tx=25 ack=0 due=0 r=1
19:16:16  [AT] "AT+CIPSEND=26" (13)
19:16:16  [AT] " S,1200,18D,000,1599,P1,48" (26)
19:16:16  [AT] "SEND OK" (7)
19:16:17  [TX] S,1201,18D,000,1600,P1,4A
19:16:17  [SLOT] n=1334 tx=25 ack=0 due=0 r=1
19:16:17  [AT] "AT+CIPSEND=26" (13)
19:16:17  [AT] " S,1201,18D,000,1600,P1,4A" (26)
19:16:17  [AT] "SEND OK" (7)
19:16:18  [TX] S,1202,18D,000,1602,P1,4B
19:16:18  [SLOT] n=1335 tx=25 ack=0 due=0 r=1
19:16:18  [AT] "AT+CIPSEND=26" (13)
19:16:18  [AT] " S,1202,18D,000,1602,P1,4B" (26)
19:16:18  [AT] "SEND OK" (7)
19:16:19  [TX] S,1203,18D,000,1603,P1,4B
19:16:19  [SLOT] n=1336 tx=25 ack=0 due=0 r=1
19:16:19  [AT] "AT+CIPSEND=26" (13)
19:16:19  [AT] " S,1203,18D,000,1603,P1,4B" (26)
19:16:19  [AT] "SEND OK" (7)
19:16:20  [TX] S,1204,18C,000,1604,P1,4C
19:16:20  [SLOT] n=1337 tx=25 ack=0 due=0 r=1
19:16:20  [AT] "AT+CIPSEND=26" (13)
19:16:21  [AT] " S,1204,18C,000,1604,P1,4C" (26)
19:16:21  [AT] "SEND OK" (7)
19:16:22  [TX] S,1205,18C,000,1605,P1,4C
19:16:22  [SLOT] n=1338 tx=25 ack=0 due=0 r=1
19:16:22  [AT] "AT+CIPSEND=26" (13)
19:16:22  [AT] " S,1205,18C,000,1605,P1,4C" (26)
19:16:22  [AT] "SEND OK" (7)
19:16:23  [TX] S,1206,18C,000,1606,P1,4C
19:16:23  [SLOT] n=1339 tx=25 ack=0 due=0 r=1
19:16:23  [AT] "AT+CIPSEND=26" (13)
19:16:23  [AT] " S,1206,18C,000,1606,P1,4C" (26)
19:16:23  [AT] "SEND OK" (7)
19:16:24  [TX] S,1207,18E,000,1608,P1,45
19:16:24  [SLOT] n=1340 tx=25 ack=0 due=0 r=1
19:16:24  [AT] "AT+CIPSEND=26" (13)
19:16:24  [AT] " S,1207,18E,000,1608,P1,45" (26)
19:16:24  [AT] "SEND OK" (7)
19:16:25  [TX] S,1208,18E,000,1609,P1,4B
19:16:25  [SLOT] n=1341 tx=25 ack=0 due=0 r=1
19:16:25  [AT] "AT+CIPSEND=26" (13)
19:16:25  [AT] " S,1208,18E,000,1609,P1,4B" (26)
19:16:25  [AT] "SEND OK" (7)
19:16:26  [TX] S,1209,18E,000,1610,P1,42
19:16:26  [SLOT] n=1342 tx=25 ack=0 due=0 r=1
19:16:26  [AT] "AT+CIPSEND=26" (13)
19:16:26  [AT] " S,1209,18E,000,1610,P1,42" (26)
19:16:26  [AT] "SEND OK" (7)
19:16:28  [TX] S,1210,18E,000,1611,P1,4B
19:16:28  [SLOT] n=1343 tx=25 ack=0 due=0 r=1
19:16:28  [AT] "AT+CIPSEND=26" (13)
19:16:28  [AT] " S,1210,18E,000,1611,P1,4B" (26)
19:16:28  [AT] "SEND OK" (7)
19:16:29  [TX] S,1211,18F,000,1612,P1,4A
19:16:29  [SLOT] n=1344 tx=25 ack=0 due=0 r=1
19:16:29  [AT] "AT+CIPSEND=26" (13)
19:16:29  [AT] " S,1211,18F,000,1612,P1,4A" (26)
19:16:29  [AT] "SEND OK" (7)
19:16:30  [TX] S,1212,18F,000,1614,P1,4F
19:16:30  [SLOT] n=1345 tx=25 ack=0 due=0 r=1
19:16:30  [AT] "AT+CIPSEND=26" (13)
19:16:30  [AT] " S,1212,18F,000,1614,P1,4F" (26)
19:16:30  [AT] "SEND OK" (7)
19:16:31  [TX] S,1213,18F,000,1615,P1,4F
19:16:31  [SLOT] n=1346 tx=25 ack=0 due=0 r=1
19:16:31  [AT] "AT+CIPSEND=26" (13)
19:16:31  [AT] " S,1213,18F,000,1615,P1,4F" (26)
19:16:31  [AT] "SEND OK" (7)
19:16:32  [TX] S,1214,18F,000,1616,P1,4B
19:16:32  [SLOT] n=1347 tx=25 ack=0 due=0 r=1
19:16:32  [AT] "AT+CIPSEND=26" (13)
19:16:32  [AT] " S,1214,18F,000,1616,P1,4B" (26)
19:16:32  [AT] "SEND OK" (7)
19:16:34  [TX] S,1215,18F,000,1617,P1,4B
19:16:34  [SLOT] n=1348 tx=25 ack=0 due=0 r=1
19:16:34  [AT] "AT+CIPSEND=26" (13)
19:16:34  [AT] " S,1215,18F,000,1617,P1,4B" (26)
19:16:34  [AT] "SEND OK" (7)
19:16:35  [TX] S,1216,18F,000,1618,P1,47
19:16:35  [SLOT] n=1349 tx=25 ack=0 due=0 r=1
19:16:35  [AT] "AT+CIPSEND=26" (13)
19:16:35  [AT] " S,1216,18F,000,1618,P1,47" (26)
19:16:35  [AT] "SEND OK" (7)
19:16:36  «tap» 살아있음 — 최근 60초 rx=8158B (이 줄이 끊기면 탭이 죽은 것이다)
19:16:36  [TX] S,1217,18D,000,1620,P1,4F
19:16:36  [SLOT] n=1350 tx=25 ack=0 due=0 r=1
19:16:36  [CNT] up=1620 drop=1 esprst=9 hwrst=0/0 resync=0 sendfail=0 okto=1 stuck=1 ackq=0 ackdrop=0 ackstale=0 slot=1350 oow=7 smiss=6 ssovf=0 cksumng=0 okstream=1211 penddrop=0 pendfill=1218 bigfill=10 bigdrop=0 bigokst=10 oklost=0 bigoklost=0 skip=10 online=1
19:16:36  [RAM] 최저 여유 596 B · 프롬프트 재동기 0회 (서버의 '버린줄' 과 맞아야 한다)
19:16:36  [AT] " S,1217,18D,000,1620,P1,4F" (26)
19:16:36  [AT] "SEND OK" (7)
19:16:36  [AT] "AT+CIPSEND=26" (13)
19:16:37  [TX] S,1218,18C,000,1621,P1,46
19:16:37  [SLOT] n=1351 tx=25 ack=0 due=0 r=1
19:16:37  [AT] "AT+CIPSEND=26" (13)
19:16:37  [AT] " S,1218,18C,000,1621,P1,46" (26)
19:16:37  [AT] "SEND OK" (7)
19:16:38  [TX] S,1219,18C,000,1622,P1,44
19:16:38  [SLOT] n=1352 tx=25 ack=0 due=0 r=1
19:16:38  [AT] "AT+CIPSEND=26" (13)
19:16:38  [AT] " S,1219,18C,000,1622,P1,44" (26)
19:16:38  [AT] "SEND OK" (7)
19:16:40  [TX] S,1220,18C,000,1623,P1,4F
19:16:40  [SLOT] n=1353 tx=25 ack=0 due=0 r=1
19:16:40  [AT] "AT+CIPSEND=26" (13)
19:16:40  [AT] " S,1220,18C,000,1623,P1,4F" (26)
19:16:40  [AT] "SEND OK" (7)
19:16:41  [TX] S,1221,18C,000,1624,P1,49
19:16:41  [SLOT] n=1354 tx=25 ack=0 due=0 r=1
19:16:41  [AT] "AT+CIPSEND=26" (13)
19:16:41  [AT] " S,1221,18C,000,1624,P1,49" (26)
19:16:41  [AT] "SEND OK" (7)
19:16:42  [TX] S,1222,18C,000,1626,P1,48
19:16:42  [SLOT] n=1355 tx=25 ack=0 due=0 r=1
19:16:42  [AT] "AT+CIPSEND=26" (13)
19:16:42  [AT] " S,1222,18C,000,1626,P1,48" (26)
19:16:42  [AT] "SEND OK" (7)
19:16:43  [TX] S,1223,18C,000,1627,P1,48
19:16:43  [SLOT] n=1356 tx=25 ack=0 due=0 r=1
19:16:43  [AT] "AT+CIPSEND=26" (13)
19:16:43  [AT] " S,1223,18C,000,1627,P1,48" (26)
19:16:43  [AT] "SEND OK" (7)
19:16:44  [TX] S,1224,18C,000,1628,P1,40
19:16:44  [SLOT] n=1357 tx=25 ack=0 due=0 r=1
19:16:44  [AT] "AT+CIPSEND=26" (13)
19:16:44  [AT] " S,1224,18C,000,1628,P1,40" (26)
19:16:44  [AT] "SEND OK" (7)
19:16:46  [TX] S,1225,18D,000,1629,P1,47
19:16:46  [SLOT] n=1358 tx=25 ack=0 due=0 r=1
19:16:46  [AT] "AT+CIPSEND=26" (13)
19:16:46  [AT] " S,1225,18D,000,1629,P1,47" (26)
19:16:46  [AT] "SEND OK" (7)
19:16:47  [TX] S,1226,18D,000,1630,P1,4C
19:16:47  [SLOT] n=1359 tx=25 ack=0 due=0 r=1
19:16:47  [AT] "AT+CIPSEND=26" (13)
19:16:47  [AT] " S,1226,18D,000,1630,P1,4C" (26)
19:16:47  [AT] "SEND OK" (7)
19:16:48  [TX] S,1227,18F,000,1632,P1,4D
19:16:48  [SLOT] n=1360 tx=25 ack=0 due=0 r=1
19:16:48  [AT] "AT+CIPSEND=26" (13)
19:16:48  [AT] " S,1227,18F,000,1632,P1,4D" (26)
19:16:48  [AT] "SEND OK" (7)
19:16:49  [TX] S,1228,18F,000,1633,P1,43
19:16:49  [SLOT] n=1361 tx=25 ack=0 due=0 r=1
19:16:49  [AT] "AT+CIPSEND=26" (13)
19:16:49  [AT] " S,1228,18F,000,1633,P1,43" (26)
19:16:49  [AT] "SEND OK" (7)
19:16:50  [TX] S,1229,18F,000,1634,P1,45
19:16:50  [SLOT] n=1362 tx=25 ack=0 due=0 r=1
19:16:50  [AT] "AT+CIPSEND=26" (13)
19:16:50  [AT] " S,1229,18F,000,1634,P1,45" (26)
19:16:50  [AT] "SEND OK" (7)
19:16:52  [TX] S,1230,18F,000,1635,P1,4C
19:16:52  [SLOT] n=1363 tx=25 ack=0 due=0 r=1
19:16:52  [AT] "AT+CIPSEND=26" (13)
19:16:52  [AT] " S,1230,18F,000,1635,P1,4C" (26)
19:16:52  [AT] "SEND OK" (7)
19:16:53  [TX] S,1231,18F,000,1636,P1,4E
19:16:53  [SLOT] n=1364 tx=25 ack=0 due=0 r=1
19:16:53  [AT] "AT+CIPSEND=26" (13)
19:16:53  [AT] " S,1231,18F,000,1636,P1,4E" (26)
19:16:53  [AT] "SEND OK" (7)
19:16:54  [TX] S,1232,18E,000,1638,P1,40
19:16:54  [SLOT] n=1365 tx=25 ack=0 due=0 r=1
19:16:54  [AT] "AT+CIPSEND=26" (13)
19:16:54  [AT] " S,1232,18E,000,1638,P1,40" (26)
19:16:54  [AT] "SEND OK" (7)
19:16:55  [TX] S,1233,18E,000,1639,P1,40
19:16:55  [SLOT] n=1366 tx=25 ack=0 due=0 r=1
19:16:55  [AT] "AT+CIPSEND=26" (13)
19:16:55  [AT] " S,1233,18E,000,1639,P1,40" (26)
19:16:55  [AT] "SEND OK" (7)
19:16:56  [TX] S,1234,18E,000,1640,P1,49
19:16:56  [SLOT] n=1367 tx=25 ack=0 due=0 r=1
19:16:56  [AT] "AT+CIPSEND=26" (13)
19:16:56  [AT] " S,1234,18E,000,1640,P1,49" (26)
19:16:56  [AT] "SEND OK" (7)
19:16:57  [TX] S,1235,18E,000,1641,P1,49
19:16:57  [SLOT] n=1368 tx=25 ack=0 due=0 r=1
19:16:58  [AT] "AT+CIPSEND=26" (13)
19:16:58  [AT] " S,1235,18E,000,1641,P1,49" (26)
19:16:58  [AT] "SEND OK" (7)
19:16:59  [TX] S,1236,18E,000,1642,P1,49
19:16:59  [SLOT] n=1369 tx=25 ack=0 due=0 r=1
19:16:59  [AT] "AT+CIPSEND=26" (13)
19:16:59  [AT] " S,1236,18E,000,1642,P1,49" (26)
19:16:59  [AT] "SEND OK" (7)
19:17:00  [TX] S,1237,18C,000,1644,P1,48
19:17:00  [SLOT] n=1370 tx=25 ack=0 due=0 r=1
19:17:00  [AT] "AT+CIPSEND=26" (13)
19:17:00  [AT] " S,1237,18C,000,1644,P1,48" (26)
19:17:00  [AT] "SEND OK" (7)
19:17:01  [TX] S,1238,18C,000,1645,P1,46
19:17:01  [SLOT] n=1371 tx=25 ack=0 due=0 r=1
19:17:01  [AT] "AT+CIPSEND=26" (13)
19:17:01  [AT] " S,1238,18C,000,1645,P1,46" (26)
19:17:01  [AT] "SEND OK" (7)
19:17:02  [TX] S,1239,18D,000,1646,P1,43
19:17:02  [SLOT] n=1372 tx=25 ack=0 due=0 r=1
19:17:02  [AT] "AT+CIPSEND=26" (13)
19:17:02  [AT] " S,1239,18D,000,1646,P1,43" (26)
19:17:02  [AT] "SEND OK" (7)
19:17:03  [TX] S,1240,18D,000,1647,P1,4C
19:17:03  [SLOT] n=1373 tx=25 ack=0 due=0 r=1
19:17:03  [AT] "AT+CIPSEND=26" (13)
19:17:04  [AT] " S,1240,18D,000,1647,P1,4C" (26)
19:17:04  [AT] "SEND OK" (7)
19:17:05  [TX] S,1241,18D,000,1648,P1,42
19:17:05  [SLOT] n=1374 tx=25 ack=0 due=0 r=1
19:17:05  [AT] "AT+CIPSEND=26" (13)
19:17:05  [AT] " S,1241,18D,000,1648,P1,42" (26)
19:17:05  [AT] "SEND OK" (7)
19:17:06  [TX] S,1242,18D,000,1650,P1,48
19:17:06  [SLOT] n=1375 tx=25 ack=0 due=0 r=1
19:17:06  [AT] "AT+CIPSEND=26" (13)
19:17:06  [AT] " S,1242,18D,000,1650,P1,48" (26)
19:17:06  [AT] "SEND OK" (7)
19:17:07  [TX] S,1243,18D,000,1651,P1,48
19:17:07  [SLOT] n=1376 tx=25 ack=0 due=0 r=1
19:17:07  [AT] "AT+CIPSEND=26" (13)
19:17:07  [AT] " S,1243,18D,000,1651,P1,48" (26)
19:17:07  [AT] "SEND OK" (7)
19:17:08  [TX] S,1244,18D,000,1652,P1,4C
19:17:08  [SLOT] n=1377 tx=25 ack=0 due=0 r=1
19:17:08  [AT] "AT+CIPSEND=26" (13)
19:17:08  [AT] " S,1244,18D,000,1652,P1,4C" (26)
19:17:08  [AT] "SEND OK" (7)
19:17:09  [TX] S,1245,18D,000,1653,P1,4C
19:17:09  [SLOT] n=1378 tx=25 ack=0 due=0 r=1
19:17:09  [AT] "AT+CIPSEND=26" (13)
19:17:10  [AT] " S,1245,18D,000,1653,P1,4C" (26)
19:17:10  [AT] "SEND OK" (7)
19:17:11  [TX] S,1246,18C,000,1654,P1,4F
19:17:11  [SLOT] n=1379 tx=25 ack=0 due=0 r=1
19:17:11  [AT] "AT+CIPSEND=26" (13)
19:17:11  [AT] " S,1246,18C,000,1654,P1,4F" (26)
19:17:11  [AT] "SEND OK" (7)
19:17:12  [TX] S,1247,18E,000,1656,P1,4A
19:17:12  [SLOT] n=1380 tx=25 ack=0 due=0 r=1
19:17:12  [AT] "AT+CIPSEND=26" (13)
19:17:12  [AT] " S,1247,18E,000,1656,P1,4A" (26)
19:17:12  [AT] "SEND OK" (7)
19:17:13  [TX] S,1248,18E,000,1657,P1,44
19:17:13  [SLOT] n=1381 tx=25 ack=0 due=0 r=1
19:17:13  [AT] "AT+CIPSEND=26" (13)
19:17:13  [AT] " S,1248,18E,000,1657,P1,44" (26)
19:17:13  [AT] "SEND OK" (7)
19:17:14  [TX] S,1249,18E,000,1658,P1,4A
19:17:14  [SLOT] n=1382 tx=25 ack=0 due=0 r=1
19:17:14  [AT] "AT+CIPSEND=26" (13)
19:17:14  [AT] " S,1249,18E,000,1658,P1,4A" (26)
19:17:14  [AT] "SEND OK" (7)
19:17:15  [TX] S,1250,18E,000,1659,P1,43
19:17:15  [SLOT] n=1383 tx=25 ack=0 due=0 r=1
19:17:15  [AT] "AT+CIPSEND=26" (13)
19:17:15  [AT] " S,1250,18E,000,1659,P1,43" (26)
19:17:15  [AT] "SEND OK" (7)
19:17:17  [TX] S,1251,18E,000,1660,P1,48
19:17:17  [SLOT] n=1384 tx=25 ack=0 due=0 r=1
19:17:17  [AT] "AT+CIPSEND=26" (13)
19:17:17  [AT] " S,1251,18E,000,1660,P1,48" (26)
19:17:17  [AT] "SEND OK" (7)
19:17:18  [TX] S,1252,18E,000,1662,P1,49
19:17:18  [SLOT] n=1385 tx=25 ack=0 due=0 r=1
19:17:18  [AT] "AT+CIPSEND=26" (13)
19:17:18  [AT] " S,1252,18E,000,1662,P1,49" (26)
19:17:18  [AT] "SEND OK" (7)
19:17:19  [TX] S,1253,18F,000,1663,P1,4A
19:17:19  [SLOT] n=1386 tx=25 ack=0 due=0 r=1
19:17:19  [AT] "AT+CIPSEND=26" (13)
19:17:19  [AT] " S,1253,18F,000,1663,P1,4A" (26)
19:17:19  [AT] "SEND OK" (7)
19:17:20  [TX] S,1254,18F,000,1664,P1,4A
19:17:20  [SLOT] n=1387 tx=25 ack=0 due=0 r=1
19:17:20  [AT] "AT+CIPSEND=26" (13)
19:17:20  [AT] " S,1254,18F,000,1664,P1,4A" (26)
19:17:20  [AT] "SEND OK" (7)
19:17:21  [TX] S,1255,18F,000,1665,P1,4A
19:17:21  [SLOT] n=1388 tx=25 ack=0 due=0 r=1
19:17:21  [AT] "AT+CIPSEND=26" (13)
19:17:21  [AT] " S,1255,18F,000,1665,P1,4A" (26)
19:17:21  [AT] "SEND OK" (7)
19:17:23  [TX] S,1256,18F,000,1666,P1,4A
19:17:23  [SLOT] n=1389 tx=25 ack=0 due=0 r=1
19:17:23  [AT] "AT+CIPSEND=26" (13)
19:17:23  [AT] " S,1256,18F,000,1666,P1,4A" (26)
19:17:23  [AT] "SEND OK" (7)
19:17:24  [TX] S,1257,18D,000,1668,P1,47
19:17:24  [SLOT] n=1390 tx=25 ack=0 due=0 r=1
19:17:24  [AT] "AT+CIPSEND=26" (13)
19:17:24  [AT] " S,1257,18D,000,1668,P1,47" (26)
19:17:24  [AT] "SEND OK" (7)
19:17:25  [TX] S,1258,18D,000,1669,P1,49
19:17:25  [SLOT] n=1391 tx=25 ack=0 due=0 r=1
19:17:25  [AT] "AT+CIPSEND=26" (13)
19:17:25  [AT] " S,1258,18D,000,1669,P1,49" (26)
19:17:25  [AT] "SEND OK" (7)
19:17:26  [TX] S,1259,18D,000,1670,P1,40
19:17:26  [SLOT] n=1392 tx=25 ack=0 due=0 r=1
19:17:26  [AT] "AT+CIPSEND=26" (13)
19:17:26  [AT] " S,1259,18D,000,1670,P1,40" (26)
19:17:26  [AT] "SEND OK" (7)
19:17:27  [TX] S,1260,18C,000,1671,P1,4C
19:17:27  [SLOT] n=1393 tx=25 ack=0 due=0 r=1
19:17:27  [AT] "AT+CIPSEND=26" (13)
19:17:28  [AT] " S,1260,18C,000,1671,P1,4C" (26)
19:17:28  [AT] "SEND OK" (7)
19:17:29  [TX] S,1261,18C,000,1672,P1,4E
19:17:29  [SLOT] n=1394 tx=25 ack=0 due=0 r=1
19:17:29  [AT] "AT+CIPSEND=26" (13)
19:17:29  [AT] " S,1261,18C,000,1672,P1,4E" (26)
19:17:29  [AT] "SEND OK" (7)
19:17:30  [TX] S,1262,18C,000,1674,P1,4B
19:17:30  [SLOT] n=1395 tx=25 ack=0 due=0 r=1
19:17:30  [AT] "AT+CIPSEND=26" (13)
19:17:30  [AT] " S,1262,18C,000,1674,P1,4B" (26)
19:17:30  [AT] "SEND OK" (7)
19:17:31  [TX] S,1263,18C,000,1675,P1,4B
19:17:31  [SLOT] n=1396 tx=25 ack=0 due=0 r=1
19:17:31  [AT] "AT+CIPSEND=26" (13)
19:17:31  [AT] " S,1263,18C,000,1675,P1,4B" (26)
19:17:31  [AT] "SEND OK" (7)
19:17:32  [TX] S,1264,18C,000,1676,P1,4F
19:17:32  [SLOT] n=1397 tx=25 ack=0 due=0 r=1
19:17:32  [AT] "AT+CIPSEND=26" (13)
19:17:32  [AT] " S,1264,18C,000,1676,P1,4F" (26)
19:17:32  [AT] "SEND OK" (7)
19:17:33  [TX] S,1265,18C,000,1677,P1,4F
19:17:33  [SLOT] n=1398 tx=25 ack=0 due=0 r=1
19:17:33  [AT] "AT+CIPSEND=26" (13)
19:17:34  [AT] " S,1265,18C,000,1677,P1,4F" (26)
19:17:34  [AT] "SEND OK" (7)
19:17:35  [TX] S,1266,18C,000,1678,P1,43
19:17:35  [SLOT] n=1399 tx=25 ack=0 due=0 r=1
19:17:35  [AT] "AT+CIPSEND=26" (13)
19:17:35  [AT] " S,1266,18C,000,1678,P1,43" (26)
19:17:35  [AT] "SEND OK" (7)
19:17:36  «tap» 살아있음 — 최근 60초 rx=8158B (이 줄이 끊기면 탭이 죽은 것이다)
19:17:36  [TX] S,1267,18F,000,1680,P1,40
19:17:36  [SLOT] n=1400 tx=25 ack=0 due=0 r=1
19:17:36  [CNT] up=1680 drop=1 esprst=9 hwrst=0/0 resync=0 sendfail=0 okto=1 stuck=1 ackq=0 ackdrop=0 ackstale=0 slot=1400 oow=7 smiss=6 ssovf=0 cksumng=0 okstream=1261 penddrop=0 pendfill=1268 bigfill=10 bigdrop=0 bigokst=10 oklost=0 bigoklost=0 skip=10 online=1
19:17:36  [RAM] 최저 여유 596 B · 프롬프트 재동기 0회 (서버의 '버린줄' 과 맞아야 한다)
19:17:36  [AT] " S,1267,18F,000,1680,P1,40" (26)
19:17:36  [AT] "SEND OK" (7)
19:17:36  [AT] "AT+CIPSEND=26" (13)
19:17:37  [TX] S,1268,18F,000,1681,P1,4E
19:17:37  [SLOT] n=1401 tx=25 ack=0 due=0 r=1
19:17:37  [AT] "AT+CIPSEND=26" (13)
19:17:37  [AT] " S,1268,18F,000,1681,P1,4E" (26)
19:17:37  [AT] "SEND OK" (7)
19:17:38  [TX] S,1269,18F,000,1682,P1,4C
19:17:38  [SLOT] n=1402 tx=25 ack=0 due=0 r=1
19:17:38  [AT] "AT+CIPSEND=26" (13)
19:17:38  [AT] " S,1269,18F,000,1682,P1,4C" (26)
19:17:38  [AT] "SEND OK" (7)
19:17:39  [TX] S,1270,18F,000,1683,P1,45
19:17:39  [SLOT] n=1403 tx=25 ack=0 due=0 r=1
19:17:39  [AT] "AT+CIPSEND=26" (13)
19:17:39  [AT] " S,1270,18F,000,1683,P1,45" (26)
19:17:39  [AT] "SEND OK" (7)
19:17:41  [TX] S,1271,18F,000,1684,P1,43
19:17:41  [SLOT] n=1404 tx=25 ack=0 due=0 r=1
19:17:41  [AT] "AT+CIPSEND=26" (13)
19:17:41  [AT] " S,1271,18F,000,1684,P1,43" (26)
19:17:41  [AT] "SEND OK" (7)
19:17:42  [TX] S,1272,18F,000,1686,P1,42
19:17:42  [SLOT] n=1405 tx=25 ack=0 due=0 r=1
19:17:42  [AT] "AT+CIPSEND=26" (13)
19:17:42  [AT] " S,1272,18F,000,1686,P1,42" (26)
19:17:42  [AT] "SEND OK" (7)
19:17:43  [TX] S,1273,18F,000,1687,P1,42
19:17:43  [SLOT] n=1406 tx=25 ack=0 due=0 r=1
19:17:43  [AT] "AT+CIPSEND=26" (13)
19:17:43  [AT] " S,1273,18F,000,1687,P1,42" (26)
19:17:43  [AT] "SEND OK" (7)
19:17:44  [TX] S,1274,18E,000,1688,P1,49
19:17:44  [SLOT] n=1407 tx=25 ack=0 due=0 r=1
19:17:44  [AT] "AT+CIPSEND=26" (13)
19:17:44  [AT] " S,1274,18E,000,1688,P1,49" (26)
19:17:44  [AT] "SEND OK" (7)
19:17:46  [TX] S,1275,18E,000,1689,P1,49
19:17:46  [SLOT] n=1408 tx=25 ack=0 due=0 r=1
19:17:46  [AT] "AT+CIPSEND=26" (13)
19:17:46  [AT] " S,1275,18E,000,1689,P1,49" (26)
19:17:46  [AT] "SEND OK" (7)
19:17:48  [TX] S,1276,18E,000,1690,P1,42
19:17:48  [SLOT] n=1409 tx=25 ack=0 due=0 r=1
19:17:48  [AT] "AT+CIPSEND=26" (13)
19:17:48  [AT] " S,1276,18E,000,1690,P1,42" (26)
19:17:48  [AT] "SEND OK" (7)
19:17:49  [TX] S,1277,18C,000,1692,P1,47
19:17:49  [SLOT] n=1410 tx=25 ack=0 due=0 r=1
19:17:49  [AT] "AT+CIPSEND=26" (13)
19:17:49  [AT] " S,1277,18C,000,1692,P1,47" (26)
19:17:49  [AT] "SEND OK" (7)
19:17:50  [TX] S,1278,18C,000,1693,P1,49
19:17:50  [SLOT] n=1411 tx=25 ack=0 due=0 r=1
19:17:50  [AT] "AT+CIPSEND=26" (13)
19:17:50  [AT] " S,1278,18C,000,1693,P1,49" (26)
19:17:50  [AT] "SEND OK" (7)
19:17:51  [TX] S,1279,18C,000,1694,P1,4F
19:17:51  [SLOT] n=1412 tx=25 ack=0 due=0 r=1
19:17:51  [AT] "AT+CIPSEND=26" (13)
19:17:51  [AT] " S,1279,18C,000,1694,P1,4F" (26)
19:17:51  [AT] "SEND OK" (7)
19:17:52  [TX] S,1280,18C,000,1695,P1,48
19:17:52  [SLOT] n=1413 tx=25 ack=0 due=0 r=1
19:17:52  [AT] "AT+CIPSEND=26" (13)
19:17:52  [AT] " S,1280,18C,000,1695,P1,48" (26)
19:17:52  [AT] "SEND OK" (7)
19:17:54  [TX] S,1281,18D,000,1696,P1,4D
19:17:54  [SLOT] n=1414 tx=25 ack=0 due=0 r=1
19:17:54  [AT] "AT+CIPSEND=26" (13)
19:17:54  [AT] " S,1281,18D,000,1696,P1,4D" (26)
19:17:54  [AT] "SEND OK" (7)
19:17:55  [TX] S,1282,18D,000,1698,P1,40
19:17:55  [SLOT] n=1415 tx=25 ack=0 due=0 r=1
19:17:55  [AT] "AT+CIPSEND=26" (13)
19:17:55  [AT] " S,1282,18D,000,1698,P1,40" (26)
19:17:55  [AT] "SEND OK" (7)
19:17:56  [TX] S,1283,18D,000,1699,P1,40
19:17:56  [SLOT] n=1416 tx=25 ack=0 due=0 r=1
19:17:56  [AT] "AT+CIPSEND=26" (13)
19:17:56  [AT] " S,1283,18D,000,1699,P1,40" (26)
19:17:56  [AT] "SEND OK" (7)
19:17:57  [TX] S,1284,18D,000,1700,P1,46
19:17:57  [SLOT] n=1417 tx=25 ack=0 due=0 r=1
19:17:57  [AT] "AT+CIPSEND=26" (13)
19:17:57  [AT] " S,1284,18D,000,1700,P1,46" (26)
19:17:57  [AT] "SEND OK" (7)
19:17:58  [TX] S,1285,18D,000,1701,P1,46
19:17:58  [SLOT] n=1418 tx=25 ack=0 due=0 r=1
19:17:58  [AT] "AT+CIPSEND=26" (13)
19:17:59  [AT] " S,1285,18D,000,1701,P1,46" (26)
19:17:59  [AT] "SEND OK" (7)
19:18:00  [TX] S,1286,18D,000,1702,P1,46
19:18:00  [SLOT] n=1419 tx=25 ack=0 due=0 r=1
19:18:00  [AT] "AT+CIPSEND=26" (13)
19:18:00  [AT] " S,1286,18D,000,1702,P1,46" (26)
19:18:00  [AT] "SEND OK" (7)
19:18:01  [TX] S,1287,18F,000,1704,P1,43
19:18:01  [SLOT] n=1420 tx=25 ack=0 due=0 r=1
19:18:01  [AT] "AT+CIPSEND=26" (13)
19:18:01  [AT] " S,1287,18F,000,1704,P1,43" (26)
19:18:01  [AT] "SEND OK" (7)
19:18:02  [TX] S,1288,18E,000,1705,P1,4E
19:18:02  [SLOT] n=1421 tx=25 ack=0 due=0 r=1
19:18:02  [AT] "AT+CIPSEND=26" (13)
19:18:02  [AT] " S,1288,18E,000,1705,P1,4E" (26)
19:18:02  [AT] "SEND OK" (7)
19:18:03  [TX] S,1289,18E,000,1706,P1,4C
19:18:03  [SLOT] n=1422 tx=25 ack=0 due=0 r=1
19:18:03  [AT] "AT+CIPSEND=26" (13)
19:18:03  [AT] " S,1289,18E,000,1706,P1,4C" (26)
19:18:03  [AT] "SEND OK" (7)
19:18:04  [TX] S,1290,18E,000,1707,P1,45
19:18:04  [SLOT] n=1423 tx=25 ack=0 due=0 r=1
19:18:04  [AT] "AT+CIPSEND=26" (13)
19:18:05  [AT] " S,1290,18E,000,1707,P1,45" (26)
19:18:05  [AT] "SEND OK" (7)
19:18:06  [TX] S,1291,18E,000,1708,P1,4B
19:18:06  [SLOT] n=1424 tx=25 ack=0 due=0 r=1
19:18:06  [AT] "AT+CIPSEND=26" (13)
19:18:06  [AT] " S,1291,18E,000,1708,P1,4B" (26)
19:18:06  [AT] "SEND OK" (7)
19:18:07  [TX] S,1292,18E,000,1710,P1,41
19:18:07  [SLOT] n=1425 tx=25 ack=0 due=0 r=1
19:18:07  [AT] "AT+CIPSEND=26" (13)
19:18:07  [AT] " S,1292,18E,000,1710,P1,41" (26)
19:18:07  [AT] "SEND OK" (7)
19:18:08  [TX] S,1293,18E,000,1711,P1,41
19:18:08  [SLOT] n=1426 tx=25 ack=0 due=0 r=1
19:18:08  [AT] "AT+CIPSEND=26" (13)
19:18:08  [AT] " S,1293,18E,000,1711,P1,41" (26)
19:18:08  [AT] "SEND OK" (7)
19:18:09  [TX] S,1294,18E,000,1712,P1,45
19:18:09  [SLOT] n=1427 tx=25 ack=0 due=0 r=1
19:18:09  [AT] "AT+CIPSEND=26" (13)
19:18:09  [AT] " S,1294,18E,000,1712,P1,45" (26)
19:18:09  [AT] "SEND OK" (7)
19:18:10  [TX] S,1295,18F,000,1713,P1,46
19:18:10  [SLOT] n=1428 tx=25 ack=0 due=0 r=1
19:18:10  [AT] "AT+CIPSEND=26" (13)
19:18:10  [AT] " S,1295,18F,000,1713,P1,46" (26)
19:18:10  [AT] "SEND OK" (7)
19:18:12  [TX] S,1296,18F,000,1714,P1,42
19:18:12  [SLOT] n=1429 tx=25 ack=0 due=0 r=1
19:18:12  [AT] "AT+CIPSEND=26" (13)
19:18:12  [AT] " S,1296,18F,000,1714,P1,42" (26)
19:18:12  [AT] "SEND OK" (7)
19:18:13  [TX] S,1297,18D,000,1716,P1,43
19:18:13  [SLOT] n=1430 tx=25 ack=0 due=0 r=1
19:18:13  [AT] "AT+CIPSEND=26" (13)
19:18:13  [AT] " S,1297,18D,000,1716,P1,43" (26)
19:18:13  [AT] "SEND OK" (7)
19:18:14  [TX] S,1298,18D,000,1717,P1,4D
19:18:14  [SLOT] n=1431 tx=25 ack=0 due=0 r=1
19:18:14  [AT] "AT+CIPSEND=26" (13)
19:18:14  [AT] " S,1298,18D,000,1717,P1,4D" (26)
19:18:14  [AT] "SEND OK" (7)
19:18:15  [TX] S,1299,18D,000,1718,P1,43
19:18:15  [SLOT] n=1432 tx=25 ack=0 due=0 r=1
19:18:15  [AT] "AT+CIPSEND=26" (13)
19:18:15  [AT] " S,1299,18D,000,1718,P1,43" (26)
19:18:15  [AT] "SEND OK" (7)
19:18:16  [TX] S,1300,18D,000,1719,P1,43
19:18:16  [SLOT] n=1433 tx=25 ack=0 due=0 r=1
19:18:16  [AT] "AT+CIPSEND=26" (13)
19:18:17  [AT] " S,1300,18D,000,1719,P1,43" (26)
19:18:17  [AT] "SEND OK" (7)
19:18:18  [TX] S,1301,18D,000,1720,P1,48
19:18:18  [SLOT] n=1434 tx=25 ack=0 due=0 r=1
19:18:18  [AT] "AT+CIPSEND=26" (13)
19:18:18  [AT] " S,1301,18D,000,1720,P1,48" (26)
19:18:18  [AT] "SEND OK" (7)
19:18:19  [TX] S,1302,18C,000,1722,P1,4E
19:18:19  [SLOT] n=1435 tx=25 ack=0 due=0 r=1
19:18:19  [AT] "AT+CIPSEND=26" (13)
19:18:19  [AT] " S,1302,18C,000,1722,P1,4E" (26)
19:18:19  [AT] "SEND OK" (7)
19:18:20  [TX] S,1303,18C,000,1723,P1,4E
19:18:20  [SLOT] n=1436 tx=25 ack=0 due=0 r=1
19:18:20  [AT] "AT+CIPSEND=26" (13)
19:18:20  [AT] " S,1303,18C,000,1723,P1,4E" (26)
19:18:20  [AT] "SEND OK" (7)
19:18:21  [TX] S,1304,18C,000,1724,P1,4E
19:18:21  [SLOT] n=1437 tx=25 ack=0 due=0 r=1
19:18:21  [AT] "AT+CIPSEND=26" (13)
19:18:21  [AT] " S,1304,18C,000,1724,P1,4E" (26)
19:18:21  [AT] "SEND OK" (7)
19:18:22  [TX] S,1305,18C,000,1725,P1,4E
19:18:22  [SLOT] n=1438 tx=25 ack=0 due=0 r=1
19:18:22  [AT] "AT+CIPSEND=26" (13)
19:18:22  [AT] " S,1305,18C,000,1725,P1,4E" (26)
19:18:22  [AT] "SEND OK" (7)
19:18:24  [TX] S,1306,18C,000,1726,P1,4E
19:18:24  [SLOT] n=1439 tx=25 ack=0 due=0 r=1
19:18:24  [AT] "AT+CIPSEND=26" (13)
19:18:24  [AT] " S,1306,18C,000,1726,P1,4E" (26)
19:18:24  [AT] "SEND OK" (7)
19:18:25  [TX] S,1307,18E,000,1728,P1,47
19:18:25  [SLOT] n=1440 tx=25 ack=0 due=0 r=1
19:18:25  [AT] "AT+CIPSEND=26" (13)
19:18:25  [AT] " S,1307,18E,000,1728,P1,47" (26)
19:18:25  [AT] "SEND OK" (7)
19:18:26  [TX] S,1308,18E,000,1729,P1,49
19:18:26  [SLOT] n=1441 tx=25 ack=0 due=0 r=1
19:18:26  [AT] "AT+CIPSEND=26" (13)
19:18:26  [AT] " S,1308,18E,000,1729,P1,49" (26)
19:18:26  [AT] "SEND OK" (7)
19:18:27  [TX] S,1309,18F,000,1730,P1,43
19:18:27  [SLOT] n=1442 tx=25 ack=0 due=0 r=1
19:18:27  [AT] "AT+CIPSEND=26" (13)
19:18:27  [AT] " S,1309,18F,000,1730,P1,43" (26)
19:18:27  [AT] "SEND OK" (7)
19:18:28  [TX] S,1310,18F,000,1731,P1,4A
19:18:28  [SLOT] n=1443 tx=25 ack=0 due=0 r=1
19:18:28  [AT] "AT+CIPSEND=26" (13)
19:18:29  [AT] " S,1310,18F,000,1731,P1,4A" (26)
19:18:29  [AT] "SEND OK" (7)
19:18:30  [TX] S,1311,18F,000,1732,P1,48
19:18:30  [SLOT] n=1444 tx=25 ack=0 due=0 r=1
19:18:30  [AT] "AT+CIPSEND=26" (13)
19:18:30  [AT] " S,1311,18F,000,1732,P1,48" (26)
19:18:30  [AT] "SEND OK" (7)
19:18:31  [TX] S,1312,18F,000,1734,P1,4D
19:18:31  [SLOT] n=1445 tx=25 ack=0 due=0 r=1
19:18:31  [AT] "AT+CIPSEND=26" (13)
19:18:31  [AT] " S,1312,18F,000,1734,P1,4D" (26)
19:18:31  [AT] "SEND OK" (7)
19:18:32  [TX] S,1313,18F,000,1735,P1,4D
19:18:32  [SLOT] n=1446 tx=25 ack=0 due=0 r=1
19:18:32  [AT] "AT+CIPSEND=26" (13)
19:18:32  [AT] " S,1313,18F,000,1735,P1,4D" (26)
19:18:32  [AT] "SEND OK" (7)
19:18:33  [TX] S,1314,18F,000,1736,P1,49
19:18:33  [SLOT] n=1447 tx=25 ack=0 due=0 r=1
19:18:33  [AT] "AT+CIPSEND=26" (13)
19:18:33  [AT] " S,1314,18F,000,1736,P1,49" (26)
19:18:33  [AT] "SEND OK" (7)
19:18:34  [TX] S,1315,18F,000,1737,P1,49
19:18:34  [SLOT] n=1448 tx=25 ack=0 due=0 r=1
19:18:34  [AT] "AT+CIPSEND=26" (13)
19:18:34  [AT] " S,1315,18F,000,1737,P1,49" (26)
19:18:34  [AT] "SEND OK" (7)
19:18:36  [TX] S,1316,18E,000,1738,P1,46
19:18:36  [SLOT] n=1449 tx=25 ack=0 due=0 r=1
19:18:36  [AT] "AT+CIPSEND=26" (13)
19:18:36  [AT] " S,1316,18E,000,1738,P1,46" (26)
19:18:36  [AT] "SEND OK" (7)
19:18:37  «tap» 살아있음 — 최근 60초 rx=8158B (이 줄이 끊기면 탭이 죽은 것이다)
19:18:37  [TX] S,1317,18C,000,1740,P1,4E
19:18:37  [SLOT] n=1450 tx=25 ack=0 due=0 r=1
19:18:37  [CNT] up=1740 drop=1 esprst=9 hwrst=0/0 resync=0 sendfail=0 okto=1 stuck=1 ackq=0 ackdrop=0 ackstale=0 slot=1450 oow=7 smiss=6 ssovf=0 cksumng=0 okstream=1311 penddrop=0 pendfill=1318 bigfill=10 bigdrop=0 bigokst=10 oklost=0 bigoklost=0 skip=10 online=1
19:18:37  [RAM] 최저 여유 596 B · 프롬프트 재동기 0회 (서버의 '버린줄' 과 맞아야 한다)
19:18:37  [AT] "AT+CIPSEND=26" (13)
19:18:37  [AT] " S,1317,18C,000,1740,P1,4E" (26)
19:18:37  [AT] "SEND OK" (7)
19:18:38  [TX] S,1318,18C,000,1741,P1,40
19:18:38  [SLOT] n=1451 tx=25 ack=0 due=0 r=1
19:18:38  [AT] "AT+CIPSEND=26" (13)
19:18:38  [AT] " S,1318,18C,000,1741,P1,40" (26)
19:18:38  [AT] "SEND OK" (7)
19:18:39  [TX] S,1319,18C,000,1742,P1,42
19:18:39  [SLOT] n=1452 tx=25 ack=0 due=0 r=1
19:18:39  [AT] "AT+CIPSEND=26" (13)
19:18:39  [AT] " S,1319,18C,000,1742,P1,42" (26)
19:18:39  [AT] "SEND OK" (7)
19:18:40  [TX] S,1320,18C,000,1743,P1,49
19:18:40  [SLOT] n=1453 tx=25 ack=0 due=0 r=1
19:18:40  [AT] "AT+CIPSEND=26" (13)
19:18:40  [AT] " S,1320,18C,000,1743,P1,49" (26)
19:18:40  [AT] "SEND OK" (7)
19:18:42  [TX] S,1321,18C,000,1744,P1,4F
19:18:42  [SLOT] n=1454 tx=25 ack=0 due=0 r=1
19:18:42  [AT] "AT+CIPSEND=26" (13)
19:18:42  [AT] " S,1321,18C,000,1744,P1,4F" (26)
19:18:42  [AT] "SEND OK" (7)
19:18:43  [TX] S,1322,18C,000,1746,P1,4E
19:18:43  [SLOT] n=1455 tx=25 ack=0 due=0 r=1
19:18:43  [AT] "AT+CIPSEND=26" (13)
19:18:43  [AT] " S,1322,18C,000,1746,P1,4E" (26)
19:18:43  [AT] "SEND OK" (7)
19:18:44  [TX] S,1323,18D,000,1747,P1,49
19:18:44  [SLOT] n=1456 tx=25 ack=0 due=0 r=1
19:18:44  [AT] "AT+CIPSEND=26" (13)
19:18:44  [AT] " S,1323,18D,000,1747,P1,49" (26)
19:18:44  [AT] "SEND OK" (7)
19:18:45  [TX] S,1324,18D,000,1748,P1,41
19:18:45  [SLOT] n=1457 tx=25 ack=0 due=0 r=1
19:18:45  [AT] "AT+CIPSEND=26" (13)
19:18:45  [AT] " S,1324,18D,000,1748,P1,41" (26)
19:18:45  [AT] "SEND OK" (7)
19:18:46  [TX] S,1325,18D,000,1749,P1,41
19:18:46  [SLOT] n=1458 tx=25 ack=0 due=0 r=1
19:18:46  [AT] "AT+CIPSEND=26" (13)
19:18:46  [AT] " S,1325,18D,000,1749,P1,41" (26)
19:18:46  [AT] "SEND OK" (7)
19:18:48  [TX] S,1326,18D,000,1750,P1,4A
19:18:48  [SLOT] n=1459 tx=25 ack=0 due=0 r=1
19:18:48  [AT] "AT+CIPSEND=26" (13)
19:18:48  [AT] " S,1326,18D,000,1750,P1,4A" (26)
19:18:48  [AT] "SEND OK" (7)
19:18:49  [TX] S,1327,18F,000,1752,P1,4B
19:18:49  [SLOT] n=1460 tx=25 ack=0 due=0 r=1
19:18:49  [AT] "AT+CIPSEND=26" (13)
19:18:49  [AT] " S,1327,18F,000,1752,P1,4B" (26)
19:18:49  [AT] "SEND OK" (7)
19:18:50  [TX] S,1328,18F,000,1753,P1,45
19:18:50  [SLOT] n=1461 tx=25 ack=0 due=0 r=1
19:18:50  [AT] "AT+CIPSEND=26" (13)
19:18:50  [AT] " S,1328,18F,000,1753,P1,45" (26)
19:18:50  [AT] "SEND OK" (7)
19:18:51  [TX] S,1329,18F,000,1754,P1,43
19:18:51  [SLOT] n=1462 tx=25 ack=0 due=0 r=1
19:18:51  [AT] "AT+CIPSEND=26" (13)
19:18:51  [AT] " S,1329,18F,000,1754,P1,43" (26)
19:18:51  [AT] "SEND OK" (7)
19:18:52  [TX] S,1330,18E,000,1755,P1,49
19:18:52  [SLOT] n=1463 tx=25 ack=0 due=0 r=1
19:18:52  [AT] "AT+CIPSEND=26" (13)
19:18:52  [AT] " S,1330,18E,000,1755,P1,49" (26)
19:18:52  [AT] "SEND OK" (7)
19:18:53  [TX] S,1331,18E,000,1756,P1,4B
19:18:54  [SLOT] n=1464 tx=25 ack=0 due=0 r=1
19:18:54  [AT] "AT+CIPSEND=26" (13)
19:18:54  [AT] " S,1331,18E,000,1756,P1,4B" (26)
19:18:54  [AT] "SEND OK" (7)
19:18:55  [TX] S,1332,18E,000,1758,P1,46
19:18:55  [SLOT] n=1465 tx=25 ack=0 due=0 r=1
19:18:55  [AT] "AT+CIPSEND=26" (13)
19:18:55  [AT] " S,1332,18E,000,1758,P1,46" (26)
19:18:55  [AT] "SEND OK" (7)
19:18:56  [TX] S,1333,18E,000,1759,P1,46
19:18:56  [SLOT] n=1466 tx=25 ack=0 due=0 r=1
19:18:56  [AT] "AT+CIPSEND=26" (13)
19:18:56  [AT] " S,1333,18E,000,1759,P1,46" (26)
19:18:56  [AT] "SEND OK" (7)
19:18:57  [TX] S,1334,18E,000,1760,P1,4B
19:18:57  [SLOT] n=1467 tx=25 ack=0 due=0 r=1
19:18:57  [AT] "AT+CIPSEND=26" (13)
19:18:57  [AT] " S,1334,18E,000,1760,P1,4B" (26)
19:18:57  [AT] "SEND OK" (7)
19:18:58  [TX] S,1335,18E,000,1761,P1,4B
19:18:58  [SLOT] n=1468 tx=25 ack=0 due=0 r=1
19:18:58  [AT] "AT+CIPSEND=26" (13)
19:18:58  [AT] " S,1335,18E,000,1761,P1,4B" (26)
19:18:58  [AT] "SEND OK" (7)
19:18:59  [TX] S,1336,18E,000,1762,P1,4B
19:18:59  [SLOT] n=1469 tx=25 ack=0 due=0 r=1
19:18:59  [AT] "AT+CIPSEND=26" (13)
19:19:00  [AT] " S,1336,18E,000,1762,P1,4B" (26)
19:19:00  [AT] "SEND OK" (7)
19:19:01  [TX] S,1337,18D,000,1764,P1,4D
19:19:01  [SLOT] n=1470 tx=25 ack=0 due=0 r=1
19:19:01  [AT] "AT+CIPSEND=26" (13)
19:19:01  [AT] " S,1337,18D,000,1764,P1,4D" (26)
19:19:01  [AT] "SEND OK" (7)
19:19:02  [TX] S,1338,18D,000,1765,P1,43
19:19:02  [SLOT] n=1471 tx=25 ack=0 due=0 r=1
19:19:02  [AT] "AT+CIPSEND=26" (13)
19:19:02  [AT] " S,1338,18D,000,1765,P1,43" (26)
19:19:02  [AT] "SEND OK" (7)
19:19:03  [TX] S,1339,18D,000,1766,P1,41
19:19:03  [SLOT] n=1472 tx=25 ack=0 due=0 r=1
19:19:03  [AT] "AT+CIPSEND=26" (13)
19:19:03  [AT] " S,1339,18D,000,1766,P1,41" (26)
19:19:03  [AT] "SEND OK" (7)
19:19:04  [TX] S,1340,18D,000,1767,P1,4E
19:19:04  [SLOT] n=1473 tx=25 ack=0 due=0 r=1
19:19:04  [AT] "AT+CIPSEND=26" (13)
19:19:04  [AT] " S,1340,18D,000,1767,P1,4E" (26)
19:19:04  [AT] "SEND OK" (7)
19:19:05  [TX] S,1341,18D,000,1768,P1,40
19:19:05  [SLOT] n=1474 tx=25 ack=0 due=0 r=1
19:19:05  [AT] "AT+CIPSEND=26" (13)
19:19:06  [AT] " S,1341,18D,000,1768,P1,40" (26)
19:19:06  [AT] "SEND OK" (7)
19:19:07  [TX] S,1342,18D,000,1770,P1,4A
19:19:07  [SLOT] n=1475 tx=25 ack=0 due=0 r=1
19:19:07  [AT] "AT+CIPSEND=26" (13)
19:19:07  [AT] " S,1342,18D,000,1770,P1,4A" (26)
19:19:07  [AT] "SEND OK" (7)
19:19:08  [TX] S,1343,18D,000,1771,P1,4A
19:19:08  [SLOT] n=1476 tx=25 ack=0 due=0 r=1
19:19:08  [AT] "AT+CIPSEND=26" (13)
19:19:08  [AT] " S,1343,18D,000,1771,P1,4A" (26)
19:19:08  [AT] "SEND OK" (7)
19:19:09  [TX] S,1344,18C,000,1772,P1,49
19:19:09  [SLOT] n=1477 tx=25 ack=0 due=0 r=1
19:19:09  [AT] "AT+CIPSEND=26" (13)
19:19:09  [AT] " S,1344,18C,000,1772,P1,49" (26)
19:19:09  [AT] "SEND OK" (7)
19:19:10  [TX] S,1345,18C,000,1773,P1,49
19:19:10  [SLOT] n=1478 tx=25 ack=0 due=0 r=1
19:19:10  [AT] "AT+CIPSEND=26" (13)
19:19:10  [AT] " S,1345,18C,000,1773,P1,49" (26)
19:19:10  [AT] "SEND OK" (7)
19:19:11  [TX] S,1346,18C,000,1774,P1,4D
19:19:11  [SLOT] n=1479 tx=25 ack=0 due=0 r=1
19:19:11  [AT] "AT+CIPSEND=26" (13)
19:19:11  [AT] " S,1346,18C,000,1774,P1,4D" (26)
19:19:11  [AT] "SEND OK" (7)
19:19:13  [TX] S,1347,18E,000,1776,P1,48
19:19:13  [SLOT] n=1480 tx=25 ack=0 due=0 r=1
19:19:13  [AT] "AT+CIPSEND=26" (13)
19:19:13  [AT] " S,1347,18E,000,1776,P1,48" (26)
19:19:13  [AT] "SEND OK" (7)
19:19:14  [TX] S,1348,18E,000,1777,P1,46
19:19:14  [SLOT] n=1481 tx=25 ack=0 due=0 r=1
19:19:14  [AT] "AT+CIPSEND=26" (13)
19:19:14  [AT] " S,1348,18E,000,1777,P1,46" (26)
19:19:14  [AT] "SEND OK" (7)
19:19:15  [TX] S,1349,18E,000,1778,P1,48
19:19:15  [SLOT] n=1482 tx=25 ack=0 due=0 r=1
19:19:15  [AT] "AT+CIPSEND=26" (13)
19:19:15  [AT] " S,1349,18E,000,1778,P1,48" (26)
19:19:15  [AT] "SEND OK" (7)
19:19:16  [TX] S,1350,18E,000,1779,P1,41
19:19:16  [SLOT] n=1483 tx=25 ack=0 due=0 r=1
19:19:16  [AT] "AT+CIPSEND=26" (13)
19:19:16  [AT] " S,1350,18E,000,1779,P1,41" (26)
19:19:16  [AT] "SEND OK" (7)
19:19:17  [TX] S,1351,18F,000,1780,P1,45
19:19:17  [SLOT] n=1484 tx=25 ack=0 due=0 r=1
19:19:17  [AT] "AT+CIPSEND=26" (13)
19:19:18  [AT] " S,1351,18F,000,1780,P1,45" (26)
19:19:18  [AT] "SEND OK" (7)
19:19:19  [TX] S,1352,18F,000,1782,P1,44
19:19:19  [SLOT] n=1485 tx=25 ack=0 due=0 r=1
19:19:19  [AT] "AT+CIPSEND=26" (13)
19:19:19  [AT] " S,1352,18F,000,1782,P1,44" (26)
19:19:19  [AT] "SEND OK" (7)
19:19:20  [TX] S,1353,18F,000,1783,P1,44
19:19:20  [SLOT] n=1486 tx=25 ack=0 due=0 r=1
19:19:20  [AT] "AT+CIPSEND=26" (13)
19:19:20  [AT] " S,1353,18F,000,1783,P1,44" (26)
19:19:20  [AT] "SEND OK" (7)
19:19:21  [TX] S,1354,18F,000,1784,P1,44
19:19:21  [SLOT] n=1487 tx=25 ack=0 due=0 r=1
19:19:21  [AT] "AT+CIPSEND=26" (13)
19:19:21  [AT] " S,1354,18F,000,1784,P1,44" (26)
19:19:21  [AT] "SEND OK" (7)
19:19:22  [TX] S,1355,18F,000,1785,P1,44
19:19:22  [SLOT] n=1488 tx=25 ack=0 due=0 r=1
19:19:22  [AT] "AT+CIPSEND=26" (13)
19:19:22  [AT] " S,1355,18F,000,1785,P1,44" (26)
19:19:22  [AT] "SEND OK" (7)
19:19:23  [TX] S,1356,18F,000,1786,P1,44
19:19:23  [SLOT] n=1489 tx=25 ack=0 due=0 r=1
19:19:23  [AT] "AT+CIPSEND=26" (13)
19:19:23  [AT] " S,1356,18F,000,1786,P1,44" (26)
19:19:23  [AT] "SEND OK" (7)
19:19:25  [TX] S,1357,18D,000,1788,P1,49
19:19:25  [SLOT] n=1490 tx=25 ack=0 due=0 r=1
19:19:25  [AT] "AT+CIPSEND=26" (13)
19:19:25  [AT] " S,1357,18D,000,1788,P1,49" (26)
19:19:25  [AT] "SEND OK" (7)
19:19:26  [TX] S,1358,18C,000,1789,P1,40
19:19:26  [SLOT] n=1491 tx=25 ack=0 due=0 r=1
19:19:26  [AT] "AT+CIPSEND=26" (13)
19:19:26  [AT] " S,1358,18C,000,1789,P1,40" (26)
19:19:26  [AT] "SEND OK" (7)
19:19:27  [TX] S,1359,18C,000,1790,P1,49
19:19:27  [SLOT] n=1492 tx=25 ack=0 due=0 r=1
19:19:27  [AT] "AT+CIPSEND=26" (13)
19:19:27  [AT] " S,1359,18C,000,1790,P1,49" (26)
19:19:27  [AT] "SEND OK" (7)
19:19:28  [TX] S,1360,18C,000,1791,P1,42
19:19:28  [SLOT] n=1493 tx=25 ack=0 due=0 r=1
19:19:28  [AT] "AT+CIPSEND=26" (13)
19:19:28  [AT] " S,1360,18C,000,1791,P1,42" (26)
19:19:28  [AT] "SEND OK" (7)
19:19:29  [TX] S,1361,18C,000,1792,P1,40
19:19:29  [SLOT] n=1494 tx=25 ack=0 due=0 r=1
19:19:29  [AT] "AT+CIPSEND=26" (13)
19:19:30  [AT] " S,1361,18C,000,1792,P1,40" (26)
19:19:30  [AT] "SEND OK" (7)
19:19:31  [TX] S,1362,18C,000,1794,P1,45
19:19:31  [SLOT] n=1495 tx=25 ack=0 due=0 r=1
19:19:31  [AT] "AT+CIPSEND=26" (13)
19:19:31  [AT] " S,1362,18C,000,1794,P1,45" (26)
19:19:31  [AT] "SEND OK" (7)
19:19:32  [TX] S,1363,18C,000,1795,P1,45
19:19:32  [SLOT] n=1496 tx=25 ack=0 due=0 r=1
19:19:32  [AT] "AT+CIPSEND=26" (13)
19:19:32  [AT] " S,1363,18C,000,1795,P1,45" (26)
19:19:32  [AT] "SEND OK" (7)
19:19:33  [TX] S,1364,18C,000,1796,P1,41
19:19:33  [SLOT] n=1497 tx=25 ack=0 due=0 r=1
19:19:33  [AT] "AT+CIPSEND=26" (13)
19:19:33  [AT] " S,1364,18C,000,1796,P1,41" (26)
19:19:33  [AT] "SEND OK" (7)
19:19:34  [TX] S,1365,18D,000,1797,P1,46
19:19:34  [SLOT] n=1498 tx=25 ack=0 due=0 r=1
19:19:34  [AT] "AT+CIPSEND=26" (13)
19:19:34  [AT] " S,1365,18D,000,1797,P1,46" (26)
19:19:34  [AT] "SEND OK" (7)
19:19:35  [TX] S,1366,18D,000,1798,P1,4A
19:19:35  [SLOT] n=1499 tx=25 ack=0 due=0 r=1
19:19:35  [AT] "AT+CIPSEND=26" (13)
19:19:35  [AT] " S,1366,18D,000,1798,P1,4A" (26)
19:19:35  [AT] "SEND OK" (7)
19:19:37  «tap» 살아있음 — 최근 60초 rx=8158B (이 줄이 끊기면 탭이 죽은 것이다)
19:19:37  [TX] S,1367,18F,000,1800,P1,47
19:19:37  [SLOT] n=1500 tx=25 ack=0 due=0 r=1
19:19:37  [CNT] up=1800 drop=1 esprst=9 hwrst=0/0 resync=0 sendfail=0 okto=1 stuck=1 ackq=0 ackdrop=0 ackstale=0 slot=1500 oow=7 smiss=6 ssovf=0 cksumng=0 okstream=1361 penddrop=0 pendfill=1368 bigfill=10 bigdrop=0 bigokst=10 oklost=0 bigoklost=0 skip=10 online=1
19:19:37  [RAM] 최저 여유 596 B · 프롬프트 재동기 0회 (서버의 '버린줄' 과 맞아야 한다)
19:19:37  [AT] " S,1367,18F,000,1800,P1,47" (26)
19:19:37  [AT] "SEND OK" (7)
19:19:37  [AT] "AT+CIPSEND=26" (13)
19:19:38  [TX] S,1368,18F,000,1801,P1,49
19:19:38  [SLOT] n=1501 tx=25 ack=0 due=0 r=1
19:19:38  [AT] "AT+CIPSEND=26" (13)
19:19:38  [AT] " S,1368,18F,000,1801,P1,49" (26)
19:19:38  [AT] "SEND OK" (7)
19:19:39  [TX] S,1369,18F,000,1802,P1,4B
19:19:39  [SLOT] n=1502 tx=25 ack=0 due=0 r=1
19:19:39  [AT] "AT+CIPSEND=26" (13)
19:19:39  [AT] " S,1369,18F,000,1802,P1,4B" (26)
19:19:39  [AT] "SEND OK" (7)
19:19:40  [TX] S,1370,18F,000,1803,P1,42
19:19:40  [SLOT] n=1503 tx=25 ack=0 due=0 r=1
19:19:40  [AT] "AT+CIPSEND=26" (13)
19:19:40  [AT] " S,1370,18F,000,1803,P1,42" (26)
19:19:40  [AT] "SEND OK" (7)
19:19:41  [TX] S,1371,18F,000,1804,P1,44
19:19:41  [SLOT] n=1504 tx=25 ack=0 due=0 r=1
19:19:41  [AT] "AT+CIPSEND=26" (13)
19:19:41  [AT] " S,1371,18F,000,1804,P1,44" (26)
19:19:41  [AT] "SEND OK" (7)
19:19:43  [TX] S,1372,18E,000,1806,P1,46
19:19:43  [SLOT] n=1505 tx=25 ack=0 due=0 r=1
19:19:43  [AT] "AT+CIPSEND=26" (13)
19:19:43  [AT] " S,1372,18E,000,1806,P1,46" (26)
19:19:43  [AT] "SEND OK" (7)
19:19:44  [TX] S,1373,18E,000,1807,P1,46
19:19:44  [SLOT] n=1506 tx=25 ack=0 due=0 r=1
19:19:44  [AT] "AT+CIPSEND=26" (13)
19:19:44  [AT] " S,1373,18E,000,1807,P1,46" (26)
19:19:44  [AT] "SEND OK" (7)
19:19:45  [TX] S,1374,18E,000,1808,P1,4E
19:19:45  [SLOT] n=1507 tx=25 ack=0 due=0 r=1
19:19:45  [AT] "AT+CIPSEND=26" (13)
19:19:45  [AT] " S,1374,18E,000,1808,P1,4E" (26)
19:19:45  [AT] "SEND OK" (7)
19:19:46  [TX] S,1375,18E,000,1809,P1,4E
19:19:46  [SLOT] n=1508 tx=25 ack=0 due=0 r=1
19:19:46  [AT] "AT+CIPSEND=26" (13)
19:19:46  [AT] " S,1375,18E,000,1809,P1,4E" (26)
19:19:46  [AT] "SEND OK" (7)
19:19:47  [TX] S,1376,18E,000,1810,P1,45
19:19:47  [SLOT] n=1509 tx=25 ack=0 due=0 r=1
19:19:47  [AT] "AT+CIPSEND=26" (13)
19:19:47  [AT] " S,1376,18E,000,1810,P1,45" (26)
19:19:47  [AT] "SEND OK" (7)
19:19:49  [TX] S,1377,18C,000,1812,P1,40
19:19:49  [SLOT] n=1510 tx=25 ack=0 due=0 r=1
19:19:49  [AT] "AT+CIPSEND=26" (13)
19:19:49  [AT] " S,1377,18C,000,1812,P1,40" (26)
19:19:49  [AT] "SEND OK" (7)
19:19:50  [TX] S,1378,18C,000,1813,P1,4E
19:19:50  [SLOT] n=1511 tx=25 ack=0 due=0 r=1
19:19:50  [AT] "AT+CIPSEND=26" (13)
19:19:50  [AT] " S,1378,18C,000,1813,P1,4E" (26)
19:19:50  [AT] "SEND OK" (7)
19:19:51  [TX] S,1379,18D,000,1814,P1,4F
19:19:51  [SLOT] n=1512 tx=25 ack=0 due=0 r=1
19:19:51  [AT] "AT+CIPSEND=26" (13)
19:19:51  [AT] " S,1379,18D,000,1814,P1,4F" (26)
19:19:51  [AT] "SEND OK" (7)
19:19:52  [TX] S,1380,18D,000,1815,P1,48
19:19:52  [SLOT] n=1513 tx=25 ack=0 due=0 r=1
19:19:52  [AT] "AT+CIPSEND=26" (13)
19:19:52  [AT] " S,1380,18D,000,1815,P1,48" (26)
19:19:52  [AT] "SEND OK" (7)
19:19:53  [TX] S,1381,18D,000,1816,P1,4A
19:19:53  [SLOT] n=1514 tx=25 ack=0 due=0 r=1
19:19:53  [AT] "AT+CIPSEND=26" (13)
19:19:53  [AT] " S,1381,18D,000,1816,P1,4A" (26)
19:19:53  [AT] "SEND OK" (7)
19:19:55  [TX] S,1382,18D,000,1818,P1,47
19:19:55  [SLOT] n=1515 tx=25 ack=0 due=0 r=1
19:19:55  [AT] "AT+CIPSEND=26" (13)
19:19:55  [AT] " S,1382,18D,000,1818,P1,47" (26)
19:19:55  [AT] "SEND OK" (7)
19:19:56  [TX] S,1383,18D,000,1819,P1,47
19:19:56  [SLOT] n=1516 tx=25 ack=0 due=0 r=1
19:19:56  [AT] "AT+CIPSEND=26" (13)
19:19:56  [AT] " S,1383,18D,000,1819,P1,47" (26)
19:19:56  [AT] "SEND OK" (7)
19:19:57  [TX] S,1384,18D,000,1820,P1,4A
19:19:57  [SLOT] n=1517 tx=25 ack=0 due=0 r=1
19:19:57  [AT] "AT+CIPSEND=26" (13)
19:19:57  [AT] " S,1384,18D,000,1820,P1,4A" (26)
19:19:57  [AT] "SEND OK" (7)
19:19:58  [TX] S,1385,18D,000,1821,P1,4A
19:19:58  [SLOT] n=1518 tx=25 ack=0 due=0 r=1
19:19:58  [AT] "AT+CIPSEND=26" (13)
19:19:58  [AT] " S,1385,18D,000,1821,P1,4A" (26)
19:19:58  [AT] "SEND OK" (7)
19:19:59  [TX] S,1386,18C,000,1822,P1,4D
19:19:59  [SLOT] n=1519 tx=25 ack=0 due=0 r=1
19:19:59  [AT] "AT+CIPSEND=26" (13)
19:20:00  [AT] " S,1386,18C,000,1822,P1,4D" (26)
19:20:00  [AT] "SEND OK" (7)
19:20:01  [TX] S,1387,18E,000,1824,P1,4C
19:20:01  [SLOT] n=1520 tx=25 ack=0 due=0 r=1
19:20:01  [AT] "AT+CIPSEND=26" (13)
19:20:01  [AT] " S,1387,18E,000,1824,P1,4C" (26)
19:20:01  [AT] "SEND OK" (7)
19:20:02  [TX] S,1388,18E,000,1825,P1,42
19:20:02  [SLOT] n=1521 tx=25 ack=0 due=0 r=1
19:20:02  [AT] "AT+CIPSEND=26" (13)
19:20:02  [AT] " S,1388,18E,000,1825,P1,42" (26)
19:20:02  [AT] "SEND OK" (7)
19:20:03  [TX] S,1389,18E,000,1826,P1,40
19:20:03  [SLOT] n=1522 tx=25 ack=0 due=0 r=1
19:20:03  [AT] "AT+CIPSEND=26" (13)
19:20:03  [AT] " S,1389,18E,000,1826,P1,40" (26)
19:20:03  [AT] "SEND OK" (7)
19:20:04  [TX] S,1390,18E,000,1827,P1,49
19:20:04  [SLOT] n=1523 tx=25 ack=0 due=0 r=1
19:20:04  [AT] "AT+CIPSEND=26" (13)
19:20:04  [AT] " S,1390,18E,000,1827,P1,49" (26)
19:20:04  [AT] "SEND OK" (7)
19:20:05  [TX] S,1391,18E,000,1828,P1,47
19:20:05  [SLOT] n=1524 tx=25 ack=0 due=0 r=1
19:20:05  [AT] "AT+CIPSEND=26" (13)
19:20:05  [AT] " S,1391,18E,000,1828,P1,47" (26)
19:20:05  [AT] "SEND OK" (7)
19:20:07  [TX] S,1392,18E,000,1830,P1,4D
19:20:07  [SLOT] n=1525 tx=25 ack=0 due=0 r=1
19:20:07  [AT] "AT+CIPSEND=26" (13)
19:20:07  [AT] " S,1392,18E,000,1830,P1,4D" (26)
19:20:07  [AT] "SEND OK" (7)
19:20:08  [TX] S,1393,18F,000,1831,P1,4E
19:20:08  [SLOT] n=1526 tx=25 ack=0 due=0 r=1
19:20:08  [AT] "AT+CIPSEND=26" (13)
19:20:08  [AT] " S,1393,18F,000,1831,P1,4E" (26)
19:20:08  [AT] "SEND OK" (7)
19:20:09  [TX] S,1394,18F,000,1832,P1,4A
19:20:09  [SLOT] n=1527 tx=25 ack=0 due=0 r=1
19:20:09  [AT] "AT+CIPSEND=26" (13)
19:20:09  [AT] " S,1394,18F,000,1832,P1,4A" (26)
19:20:09  [AT] "SEND OK" (7)
19:20:10  [TX] S,1395,18F,000,1833,P1,4A
19:20:10  [SLOT] n=1528 tx=25 ack=0 due=0 r=1
19:20:10  [AT] "AT+CIPSEND=26" (13)
19:20:10  [AT] " S,1395,18F,000,1833,P1,4A" (26)
19:20:10  [AT] "SEND OK" (7)
19:20:11  [TX] S,1396,18F,000,1834,P1,4E
19:20:11  [SLOT] n=1529 tx=25 ack=0 due=0 r=1
19:20:11  [AT] "AT+CIPSEND=26" (13)
19:20:11  [AT] " S,1396,18F,000,1834,P1,4E" (26)
19:20:11  [AT] "SEND OK" (7)
19:20:13  [TX] S,1397,18D,000,1836,P1,4F
19:20:13  [SLOT] n=1530 tx=25 ack=0 due=0 r=1
19:20:13  [AT] "AT+CIPSEND=26" (13)
19:20:13  [AT] " S,1397,18D,000,1836,P1,4F" (26)
19:20:13  [AT] "SEND OK" (7)
19:20:14  [TX] S,1398,18D,000,1837,P1,41
19:20:14  [SLOT] n=1531 tx=25 ack=0 due=0 r=1
19:20:14  [AT] "AT+CIPSEND=26" (13)
19:20:14  [AT] " S,1398,18D,000,1837,P1,41" (26)
19:20:14  [AT] "SEND OK" (7)
19:20:15  [TX] S,1399,18D,000,1838,P1,4F
19:20:15  [SLOT] n=1532 tx=25 ack=0 due=0 r=1
19:20:15  [AT] "AT+CIPSEND=26" (13)
19:20:15  [AT] " S,1399,18D,000,1838,P1,4F" (26)
19:20:15  [AT] "SEND OK" (7)
19:20:16  [TX] S,1400,18C,000,1839,P1,4E
19:20:16  [SLOT] n=1533 tx=25 ack=0 due=0 r=1
19:20:16  [AT] "AT+CIPSEND=26" (13)
19:20:16  [AT] " S,1400,18C,000,1839,P1,4E" (26)
19:20:16  [AT] "SEND OK" (7)
19:20:17  [TX] S,1401,18C,000,1840,P1,41
19:20:17  [SLOT] n=1534 tx=25 ack=0 due=0 r=1
19:20:17  [AT] "AT+CIPSEND=26" (13)
19:20:17  [AT] " S,1401,18C,000,1840,P1,41" (26)
19:20:17  [AT] "SEND OK" (7)
19:20:19  [TX] S,1402,18C,000,1842,P1,40
19:20:19  [SLOT] n=1535 tx=25 ack=0 due=0 r=1
19:20:19  [AT] "AT+CIPSEND=26" (13)
19:20:19  [AT] " S,1402,18C,000,1842,P1,40" (26)
19:20:19  [AT] "SEND OK" (7)
19:20:20  [TX] S,1403,18C,000,1843,P1,40
19:20:20  [SLOT] n=1536 tx=25 ack=0 due=0 r=1
19:20:20  [AT] "AT+CIPSEND=26" (13)
19:20:20  [AT] " S,1403,18C,000,1843,P1,40" (26)
19:20:20  [AT] "SEND OK" (7)
19:20:21  [TX] S,1404,18C,000,1844,P1,40
19:20:21  [SLOT] n=1537 tx=25 ack=0 due=0 r=1
19:20:21  [AT] "AT+CIPSEND=26" (13)
19:20:21  [AT] " S,1404,18C,000,1844,P1,40" (26)
19:20:21  [AT] "SEND OK" (7)
19:20:22  [TX] S,1405,18C,000,1845,P1,40
19:20:22  [SLOT] n=1538 tx=25 ack=0 due=0 r=1
19:20:22  [AT] "AT+CIPSEND=26" (13)
19:20:22  [AT] " S,1405,18C,000,1845,P1,40" (26)
19:20:22  [AT] "SEND OK" (7)
19:20:23  [TX] S,1406,18C,000,1846,P1,40
19:20:23  [SLOT] n=1539 tx=25 ack=0 due=0 r=1
19:20:23  [AT] "AT+CIPSEND=26" (13)
19:20:23  [AT] " S,1406,18C,000,1846,P1,40" (26)
19:20:23  [AT] "SEND OK" (7)
19:20:25  [TX] S,1407,18F,000,1848,P1,4A
19:20:25  [SLOT] n=1540 tx=25 ack=0 due=0 r=1
19:20:25  [AT] "AT+CIPSEND=26" (13)
19:20:25  [AT] " S,1407,18F,000,1848,P1,4A" (26)
19:20:25  [AT] "SEND OK" (7)
19:20:26  [TX] S,1408,18F,000,1849,P1,44
19:20:26  [SLOT] n=1541 tx=25 ack=0 due=0 r=1
19:20:26  [AT] "AT+CIPSEND=26" (13)
19:20:26  [AT] " S,1408,18F,000,1849,P1,44" (26)
19:20:26  [AT] "SEND OK" (7)
19:20:27  [TX] S,1409,18F,000,1850,P1,4D
19:20:27  [SLOT] n=1542 tx=25 ack=0 due=0 r=1
19:20:27  [AT] "AT+CIPSEND=26" (13)
19:20:27  [AT] " S,1409,18F,000,1850,P1,4D" (26)
19:20:27  [AT] "SEND OK" (7)
19:20:28  [TX] S,1410,18F,000,1851,P1,44
19:20:28  [SLOT] n=1543 tx=25 ack=0 due=0 r=1
19:20:28  [AT] "AT+CIPSEND=26" (13)
19:20:28  [AT] " S,1410,18F,000,1851,P1,44" (26)
19:20:28  [AT] "SEND OK" (7)
19:20:29  [TX] S,1411,18F,000,1852,P1,46
19:20:29  [SLOT] n=1544 tx=25 ack=0 due=0 r=1
19:20:29  [AT] "AT+CIPSEND=26" (13)
19:20:29  [AT] " S,1411,18F,000,1852,P1,46" (26)
19:20:29  [AT] "SEND OK" (7)
19:20:31  [TX] S,1412,18F,000,1854,P1,43
19:20:31  [SLOT] n=1545 tx=25 ack=0 due=0 r=1
19:20:31  [AT] "AT+CIPSEND=26" (13)
19:20:31  [AT] " S,1412,18F,000,1854,P1,43" (26)
19:20:31  [AT] "SEND OK" (7)
19:20:32  [TX] S,1413,18F,000,1855,P1,43
19:20:32  [SLOT] n=1546 tx=25 ack=0 due=0 r=1
19:20:32  [AT] "AT+CIPSEND=26" (13)
19:20:32  [AT] " S,1413,18F,000,1855,P1,43" (26)
19:20:32  [AT] "SEND OK" (7)
19:20:33  [TX] S,1414,18E,000,1856,P1,44
19:20:33  [SLOT] n=1547 tx=25 ack=0 due=0 r=1
19:20:33  [AT] "AT+CIPSEND=26" (13)
19:20:33  [AT] " S,1414,18E,000,1856,P1,44" (26)
19:20:33  [AT] "SEND OK" (7)
19:20:34  [TX] S,1415,18E,000,1857,P1,44
19:20:34  [SLOT] n=1548 tx=25 ack=0 due=0 r=1
19:20:34  [AT] "AT+CIPSEND=26" (13)
19:20:34  [AT] " S,1415,18E,000,1857,P1,44" (26)
19:20:34  [AT] "SEND OK" (7)
19:20:35  [TX] S,1416,18E,000,1858,P1,48
19:20:35  [SLOT] n=1549 tx=25 ack=0 due=0 r=1
19:20:35  [AT] "AT+CIPSEND=26" (13)
19:20:35  [AT] " S,1416,18E,000,1858,P1,48" (26)
19:20:35  [AT] "SEND OK" (7)
19:20:37  «tap» 살아있음 — 최근 60초 rx=8158B (이 줄이 끊기면 탭이 죽은 것이다)
19:20:37  [TX] S,1417,18C,000,1860,P1,44
19:20:37  [SLOT] n=1550 tx=25 ack=0 due=0 r=1
19:20:37  [CNT] up=1860 drop=1 esprst=9 hwrst=0/0 resync=0 sendfail=0 okto=1 stuck=1 ackq=0 ackdrop=0 ackstale=0 slot=1550 oow=7 smiss=6 ssovf=0 cksumng=0 okstream=1411 penddrop=0 pendfill=1418 bigfill=10 bigdrop=0 bigokst=10 oklost=0 bigoklost=0 skip=10 online=1
19:20:37  [RAM] 최저 여유 596 B · 프롬프트 재동기 0회 (서버의 '버린줄' 과 맞아야 한다)
19:20:37  [AT] "AT+CIPSEND=26" (13)
19:20:37  [AT] " S,1417,18C,000,1860,P1,44" (26)
19:20:37  [AT] "SEND OK" (7)
19:20:38  [TX] S,1418,18C,000,1861,P1,4A
19:20:38  [SLOT] n=1551 tx=25 ack=0 due=0 r=1
19:20:38  [AT] "AT+CIPSEND=26" (13)
19:20:38  [AT] " S,1418,18C,000,1861,P1,4A" (26)
19:20:38  [AT] "SEND OK" (7)
19:20:39  [TX] S,1419,18C,000,1862,P1,48
19:20:39  [SLOT] n=1552 tx=25 ack=0 due=0 r=1
19:20:39  [AT] "AT+CIPSEND=26" (13)
19:20:39  [AT] " S,1419,18C,000,1862,P1,48" (26)
19:20:39  [AT] "SEND OK" (7)
19:20:40  [TX] S,1420,18C,000,1863,P1,43
19:20:40  [SLOT] n=1553 tx=25 ack=0 due=0 r=1
19:20:40  [AT] "AT+CIPSEND=26" (13)
19:20:40  [AT] " S,1420,18C,000,1863,P1,43" (26)
19:20:40  [AT] "SEND OK" (7)
19:20:41  [TX] S,1421,18D,000,1864,P1,42
19:20:41  [SLOT] n=1554 tx=25 ack=0 due=0 r=1
19:20:41  [AT] "AT+CIPSEND=26" (13)
19:20:42  [AT] " S,1421,18D,000,1864,P1,42" (26)
19:20:42  [AT] "SEND OK" (7)
19:20:43  [TX] S,1422,18D,000,1866,P1,43
19:20:43  [SLOT] n=1555 tx=25 ack=0 due=0 r=1
19:20:43  [AT] "AT+CIPSEND=26" (13)
19:20:43  [AT] " S,1422,18D,000,1866,P1,43" (26)
19:20:43  [AT] "SEND OK" (7)
19:20:44  [TX] S,1423,18D,000,1867,P1,43
19:20:44  [SLOT] n=1556 tx=25 ack=0 due=0 r=1
19:20:44  [AT] "AT+CIPSEND=26" (13)
19:20:44  [AT] " S,1423,18D,000,1867,P1,43" (26)
19:20:44  [AT] "SEND OK" (7)
19:20:45  [TX] S,1424,18D,000,1868,P1,4B
19:20:45  [SLOT] n=1557 tx=25 ack=0 due=0 r=1
19:20:45  [AT] "AT+CIPSEND=26" (13)
19:20:45  [AT] " S,1424,18D,000,1868,P1,4B" (26)
19:20:45  [AT] "SEND OK" (7)
19:20:46  [TX] S,1425,18D,000,1869,P1,4B
19:20:46  [SLOT] n=1558 tx=25 ack=0 due=0 r=1
19:20:46  [AT] "AT+CIPSEND=26" (13)
19:20:46  [AT] " S,1425,18D,000,1869,P1,4B" (26)
19:20:46  [AT] "SEND OK" (7)
19:20:47  [TX] S,1426,18D,000,1870,P1,40
19:20:47  [SLOT] n=1559 tx=25 ack=0 due=0 r=1
19:20:47  [AT] "AT+CIPSEND=26" (13)
19:20:47  [AT] " S,1426,18D,000,1870,P1,40" (26)
19:20:47  [AT] "SEND OK" (7)
19:20:49  [TX] S,1427,18F,000,1872,P1,41
19:20:49  [SLOT] n=1560 tx=25 ack=0 due=0 r=1
19:20:49  [AT] "AT+CIPSEND=26" (13)
19:20:49  [AT] " S,1427,18F,000,1872,P1,41" (26)
19:20:49  [AT] "SEND OK" (7)
19:20:50  [TX] S,1428,18E,000,1873,P1,4C
19:20:50  [SLOT] n=1561 tx=25 ack=0 due=0 r=1
19:20:50  [AT] "AT+CIPSEND=26" (13)
19:20:50  [AT] " S,1428,18E,000,1873,P1,4C" (26)
19:20:50  [AT] "SEND OK" (7)
19:20:51  [TX] S,1429,18E,000,1874,P1,4A
19:20:51  [SLOT] n=1562 tx=25 ack=0 due=0 r=1
19:20:51  [AT] "AT+CIPSEND=26" (13)
19:20:51  [AT] " S,1429,18E,000,1874,P1,4A" (26)
19:20:51  [AT] "SEND OK" (7)
19:20:52  [TX] S,1430,18E,000,1875,P1,43
19:20:52  [SLOT] n=1563 tx=25 ack=0 due=0 r=1
19:20:52  [AT] "AT+CIPSEND=26" (13)
19:20:52  [AT] " S,1430,18E,000,1875,P1,43" (26)
19:20:52  [AT] "SEND OK" (7)
19:20:53  [TX] S,1431,18E,000,1876,P1,41
19:20:53  [SLOT] n=1564 tx=25 ack=0 due=0 r=1
19:20:53  [AT] "AT+CIPSEND=26" (13)
19:20:53  [AT] " S,1431,18E,000,1876,P1,41" (26)
19:20:53  [AT] "SEND OK" (7)
19:20:55  [TX] S,1432,18E,000,1878,P1,4C
19:20:55  [SLOT] n=1565 tx=25 ack=0 due=0 r=1
19:20:55  [AT] "AT+CIPSEND=26" (13)
19:20:55  [AT] " S,1432,18E,000,1878,P1,4C" (26)
19:20:55  [AT] "SEND OK" (7)
19:20:56  [TX] S,1433,18E,000,1879,P1,4C
19:20:56  [SLOT] n=1566 tx=25 ack=0 due=0 r=1
19:20:56  [AT] "AT+CIPSEND=26" (13)
19:20:56  [AT] " S,1433,18E,000,1879,P1,4C" (26)
19:20:56  [AT] "SEND OK" (7)
19:20:57  [TX] S,1434,18E,000,1880,P1,4D
19:20:57  [SLOT] n=1567 tx=25 ack=0 due=0 r=1
19:20:57  [AT] "AT+CIPSEND=26" (13)
19:20:57  [AT] " S,1434,18E,000,1880,P1,4D" (26)
19:20:57  [AT] "SEND OK" (7)
19:20:58  [TX] S,1435,18F,000,1881,P1,4E
19:20:58  [SLOT] n=1568 tx=25 ack=0 due=0 r=1
19:20:58  [AT] "AT+CIPSEND=26" (13)
19:20:58  [AT] " S,1435,18F,000,1881,P1,4E" (26)
19:20:58  [AT] "SEND OK" (7)
19:20:59  [TX] S,1436,18F,000,1882,P1,4E
19:20:59  [SLOT] n=1569 tx=25 ack=0 due=0 r=1
19:20:59  [AT] "AT+CIPSEND=26" (13)
19:20:59  [AT] " S,1436,18F,000,1882,P1,4E" (26)
19:20:59  [AT] "SEND OK" (7)
19:21:01  [TX] S,1437,18D,000,1884,P1,4B
19:21:01  [SLOT] n=1570 tx=25 ack=0 due=0 r=1
19:21:01  [AT] "AT+CIPSEND=26" (13)
19:21:01  [AT] " S,1437,18D,000,1884,P1,4B" (26)
19:21:01  [AT] "SEND OK" (7)
19:21:02  [TX] S,1438,18D,000,1885,P1,45
19:21:02  [SLOT] n=1571 tx=25 ack=0 due=0 r=1
19:21:02  [AT] "AT+CIPSEND=26" (13)
19:21:02  [AT] " S,1438,18D,000,1885,P1,45" (26)
19:21:02  [AT] "SEND OK" (7)
19:21:03  [TX] S,1439,18D,000,1886,P1,47
19:21:03  [SLOT] n=1572 tx=25 ack=0 due=0 r=1
19:21:03  [AT] "AT+CIPSEND=26" (13)
19:21:03  [AT] " S,1439,18D,000,1886,P1,47" (26)
19:21:03  [AT] "SEND OK" (7)
19:21:04  [TX] S,1440,18D,000,1887,P1,48
19:21:04  [SLOT] n=1573 tx=25 ack=0 due=0 r=1
19:21:04  [AT] "AT+CIPSEND=26" (13)
19:21:04  [AT] " S,1440,18D,000,1887,P1,48" (26)
19:21:04  [AT] "SEND OK" (7)
19:21:05  [TX] S,1441,18D,000,1888,P1,46
19:21:05  [SLOT] n=1574 tx=25 ack=0 due=0 r=1
19:21:05  [AT] "AT+CIPSEND=26" (13)
19:21:05  [AT] " S,1441,18D,000,1888,P1,46" (26)
19:21:05  [AT] "SEND OK" (7)
19:21:07  [TX] S,1442,18C,000,1890,P1,4B
19:21:07  [SLOT] n=1575 tx=25 ack=0 due=0 r=1
19:21:07  [AT] "AT+CIPSEND=26" (13)
19:21:07  [AT] " S,1442,18C,000,1890,P1,4B" (26)
19:21:07  [AT] "SEND OK" (7)
19:21:08  [TX] S,1443,18C,000,1891,P1,4B
19:21:08  [SLOT] n=1576 tx=25 ack=0 due=0 r=1
19:21:08  [AT] "AT+CIPSEND=26" (13)
19:21:08  [AT] " S,1443,18C,000,1891,P1,4B" (26)
19:21:08  [AT] "SEND OK" (7)
19:21:09  [TX] S,1444,18C,000,1892,P1,4F
19:21:09  [SLOT] n=1577 tx=25 ack=0 due=0 r=1
19:21:09  [AT] "AT+CIPSEND=26" (13)
19:21:09  [AT] " S,1444,18C,000,1892,P1,4F" (26)
19:21:09  [AT] "SEND OK" (7)
19:21:10  [TX] S,1445,18C,000,1893,P1,4F
19:21:10  [SLOT] n=1578 tx=25 ack=0 due=0 r=1
19:21:10  [AT] "AT+CIPSEND=26" (13)
19:21:10  [AT] " S,1445,18C,000,1893,P1,4F" (26)
19:21:10  [AT] "SEND OK" (7)
19:21:11  [TX] S,1446,18C,000,1894,P1,4B
19:21:11  [SLOT] n=1579 tx=25 ack=0 due=0 r=1
19:21:11  [AT] "AT+CIPSEND=26" (13)
19:21:12  [AT] " S,1446,18C,000,1894,P1,4B" (26)
19:21:12  [AT] "SEND OK" (7)
19:21:13  [TX] S,1447,18E,000,1896,P1,4E
19:21:13  [SLOT] n=1580 tx=25 ack=0 due=0 r=1
19:21:13  [AT] "AT+CIPSEND=26" (13)
19:21:13  [AT] " S,1447,18E,000,1896,P1,4E" (26)
19:21:13  [AT] "SEND OK" (7)
19:21:14  [TX] S,1448,18E,000,1897,P1,40
19:21:14  [SLOT] n=1581 tx=25 ack=0 due=0 r=1
19:21:14  [AT] "AT+CIPSEND=26" (13)
19:21:14  [AT] " S,1448,18E,000,1897,P1,40" (26)
19:21:14  [AT] "SEND OK" (7)
19:21:15  [TX] S,1449,18F,000,1898,P1,4D
19:21:15  [SLOT] n=1582 tx=25 ack=0 due=0 r=1
19:21:15  [AT] "AT+CIPSEND=26" (13)
19:21:15  [AT] " S,1449,18F,000,1898,P1,4D" (26)
19:21:15  [AT] "SEND OK" (7)
19:21:16  [TX] S,1450,18F,000,1899,P1,44
19:21:16  [SLOT] n=1583 tx=25 ack=0 due=0 r=1
19:21:16  [AT] "AT+CIPSEND=26" (13)
19:21:16  [AT] " S,1450,18F,000,1899,P1,44" (26)
19:21:16  [AT] "SEND OK" (7)
19:21:17  [TX] S,1451,18F,000,1900,P1,44
19:21:17  [SLOT] n=1584 tx=25 ack=0 due=0 r=1
19:21:17  [AT] "AT+CIPSEND=26" (13)
19:21:17  [AT] " S,1451,18F,000,1900,P1,44" (26)
19:21:17  [AT] "SEND OK" (7)
19:21:19  [TX] S,1452,18F,000,1902,P1,45
19:21:19  [SLOT] n=1585 tx=25 ack=0 due=0 r=1
19:21:19  [AT] "AT+CIPSEND=26" (13)
19:21:19  [AT] " S,1452,18F,000,1902,P1,45" (26)
19:21:19  [AT] "SEND OK" (7)
19:21:20  [TX] S,1453,18F,000,1903,P1,45
19:21:20  [SLOT] n=1586 tx=25 ack=0 due=0 r=1
19:21:20  [AT] "AT+CIPSEND=26" (13)
19:21:20  [AT] " S,1453,18F,000,1903,P1,45" (26)
19:21:20  [AT] "SEND OK" (7)
19:21:21  [TX] S,1454,18F,000,1904,P1,45
19:21:21  [SLOT] n=1587 tx=25 ack=0 due=0 r=1
19:21:21  [AT] "AT+CIPSEND=26" (13)
19:21:21  [AT] " S,1454,18F,000,1904,P1,45" (26)
19:21:21  [AT] "SEND OK" (7)
19:21:22  [TX] S,1455,18F,000,1905,P1,45
19:21:22  [SLOT] n=1588 tx=25 ack=0 due=0 r=1
19:21:22  [AT] "AT+CIPSEND=26" (13)
19:21:22  [AT] " S,1455,18F,000,1905,P1,45" (26)
19:21:22  [AT] "SEND OK" (7)
19:21:23  [TX] S,1456,18E,000,1906,P1,46
19:21:23  [SLOT] n=1589 tx=25 ack=0 due=0 r=1
19:21:23  [AT] "AT+CIPSEND=26" (13)
19:21:23  [AT] " S,1456,18E,000,1906,P1,46" (26)
19:21:23  [AT] "SEND OK" (7)
19:21:25  [TX] S,1457,18C,000,1908,P1,4F
19:21:25  [SLOT] n=1590 tx=25 ack=0 due=0 r=1
19:21:25  [AT] "AT+CIPSEND=26" (13)
19:21:25  [AT] " S,1457,18C,000,1908,P1,4F" (26)
19:21:25  [AT] "SEND OK" (7)
19:21:26  [TX] S,1458,18C,000,1909,P1,41
19:21:26  [SLOT] n=1591 tx=25 ack=0 due=0 r=1
19:21:26  [AT] "AT+CIPSEND=26" (13)
19:21:26  [AT] " S,1458,18C,000,1909,P1,41" (26)
19:21:26  [AT] "SEND OK" (7)
19:21:27  [TX] S,1459,18C,000,1910,P1,48
19:21:27  [SLOT] n=1592 tx=25 ack=0 due=0 r=1
19:21:27  [AT] "AT+CIPSEND=26" (13)
19:21:27  [AT] " S,1459,18C,000,1910,P1,48" (26)
19:21:27  [AT] "SEND OK" (7)
19:21:28  [TX] S,1460,18C,000,1911,P1,43
19:21:28  [SLOT] n=1593 tx=25 ack=0 due=0 r=1
19:21:28  [AT] "AT+CIPSEND=26" (13)
19:21:28  [AT] " S,1460,18C,000,1911,P1,43" (26)
19:21:28  [AT] "SEND OK" (7)
19:21:29  [TX] S,1461,18C,000,1912,P1,41
19:21:29  [SLOT] n=1594 tx=25 ack=0 due=0 r=1
19:21:29  [AT] "AT+CIPSEND=26" (13)
19:21:29  [AT] " S,1461,18C,000,1912,P1,41" (26)
19:21:29  [AT] "SEND OK" (7)
19:21:31  [TX] S,1462,18C,000,1914,P1,44
19:21:31  [SLOT] n=1595 tx=25 ack=0 due=0 r=1
19:21:31  [AT] "AT+CIPSEND=26" (13)
19:21:31  [AT] " S,1462,18C,000,1914,P1,44" (26)
19:21:31  [AT] "SEND OK" (7)
19:21:32  [TX] S,1463,18D,000,1915,P1,43
19:21:32  [SLOT] n=1596 tx=25 ack=0 due=0 r=1
19:21:32  [AT] "AT+CIPSEND=26" (13)
19:21:32  [AT] " S,1463,18D,000,1915,P1,43" (26)
19:21:32  [AT] "SEND OK" (7)
19:21:33  [TX] S,1464,18D,000,1916,P1,47
19:21:33  [SLOT] n=1597 tx=25 ack=0 due=0 r=1
19:21:33  [AT] "AT+CIPSEND=26" (13)
19:21:33  [AT] " S,1464,18D,000,1916,P1,47" (26)
19:21:33  [AT] "SEND OK" (7)
19:21:34  [TX] S,1465,18D,000,1917,P1,47
19:21:34  [SLOT] n=1598 tx=25 ack=0 due=0 r=1
19:21:34  [AT] "AT+CIPSEND=26" (13)
19:21:34  [AT] " S,1465,18D,000,1917,P1,47" (26)
19:21:34  [AT] "SEND OK" (7)
19:21:35  [TX] S,1466,18D,000,1918,P1,4B
19:21:35  [SLOT] n=1599 tx=25 ack=0 due=0 r=1
19:21:35  [AT] "AT+CIPSEND=26" (13)
19:21:35  [AT] " S,1466,18D,000,1918,P1,4B" (26)
19:21:35  [AT] "SEND OK" (7)
19:21:37  «tap» 살아있음 — 최근 60초 rx=8180B (이 줄이 끊기면 탭이 죽은 것이다)
19:21:37  [TX] S,1467,18F,000,1920,P1,43
19:21:37  [SLOT] n=1600 tx=25 ack=0 due=0 r=1
19:21:37  [CNT] up=1920 drop=1 esprst=9 hwrst=0/0 resync=0 sendfail=0 okto=1 stuck=1 ackq=0 ackdrop=0 ackstale=0 slot=1600 oow=7 smiss=6 ssovf=0 cksumng=0 okstream=1461 penddrop=0 pendfill=1468 bigfill=10 bigdrop=0 bigokst=10 oklost=0 bigoklost=0 skip=10 online=1
19:21:37  [RAM] 최저 여유 596 B · 프롬프트 재동기 0회 (서버의 '버린줄' 과 맞아야 한다)
19:21:37  [AT] " S,1467,18F,000,1920,P1,43" (26)
19:21:37  [AT] "SEND OK" (7)
19:21:37  [AT] "AT+CIPSEND=26" (13)
19:21:38  [TX] S,1468,18F,000,1921,P1,4D
19:21:38  [SLOT] n=1601 tx=25 ack=0 due=0 r=1
19:21:38  [AT] "AT+CIPSEND=26" (13)
19:21:38  [AT] " S,1468,18F,000,1921,P1,4D" (26)
19:21:38  [AT] "SEND OK" (7)
19:21:39  [TX] S,1469,18F,000,1922,P1,4F
19:21:39  [SLOT] n=1602 tx=25 ack=0 due=0 r=1
19:21:39  [AT] "AT+CIPSEND=26" (13)
19:21:39  [AT] " S,1469,18F,000,1922,P1,4F" (26)
19:21:39  [AT] "SEND OK" (7)
19:21:40  [TX] S,1470,18E,000,1923,P1,45
19:21:40  [SLOT] n=1603 tx=25 ack=0 due=0 r=1
19:21:40  [AT] "AT+CIPSEND=26" (13)
19:21:40  [AT] " S,1470,18E,000,1923,P1,45" (26)
19:21:40  [AT] "SEND OK" (7)
19:21:41  [TX] S,1471,18E,000,1924,P1,43
19:21:41  [SLOT] n=1604 tx=25 ack=0 due=0 r=1
19:21:41  [AT] "AT+CIPSEND=26" (13)
19:21:41  [AT] " S,1471,18E,000,1924,P1,43" (26)
19:21:41  [AT] "SEND OK" (7)
19:21:42  [TX] S,1472,18E,000,1926,P1,42
19:21:43  [SLOT] n=1605 tx=25 ack=0 due=0 r=1
19:21:43  [AT] "AT+CIPSEND=26" (13)
19:21:43  [AT] " S,1472,18E,000,1926,P1,42" (26)
19:21:43  [AT] "SEND OK" (7)
19:21:44  [TX] S,1473,18E,000,1927,P1,42
19:21:44  [SLOT] n=1606 tx=25 ack=0 due=0 r=1
19:21:44  [AT] "AT+CIPSEND=26" (13)
19:21:44  [AT] " S,1473,18E,000,1927,P1,42" (26)
19:21:44  [AT] "SEND OK" (7)
19:21:45  [TX] S,1474,18E,000,1928,P1,4A
19:21:45  [SLOT] n=1607 tx=25 ack=0 due=0 r=1
19:21:45  [AT] "AT+CIPSEND=26" (13)
19:21:45  [AT] " S,1474,18E,000,1928,P1,4A" (26)
19:21:45  [AT] "SEND OK" (7)
19:21:46  [TX] S,1475,18E,000,1929,P1,4A
19:21:46  [SLOT] n=1608 tx=25 ack=0 due=0 r=1
19:21:46  [AT] "AT+CIPSEND=26" (13)
19:21:46  [AT] " S,1475,18E,000,1929,P1,4A" (26)
19:21:46  [AT] "SEND OK" (7)
19:21:47  [TX] S,1476,18E,000,1930,P1,41
19:21:47  [SLOT] n=1609 tx=25 ack=0 due=0 r=1
19:21:47  [AT] "AT+CIPSEND=26" (13)
19:21:47  [AT] " S,1476,18E,000,1930,P1,41" (26)
19:21:47  [AT] "SEND OK" (7)
19:21:48  [TX] S,1477,18D,000,1932,P1,43
19:21:48  [SLOT] n=1610 tx=25 ack=0 due=0 r=1
19:21:48  [AT] "AT+CIPSEND=26" (13)
19:21:49  [AT] " S,1477,18D,000,1932,P1,43" (26)
19:21:49  [AT] "SEND OK" (7)
19:21:51  [TX] S,1478,18D,000,1933,P1,4D
19:21:51  [SLOT] n=1611 tx=25 ack=0 due=0 r=1
19:21:51  [AT] "AT+CIPSEND=26" (13)
19:21:51  [AT] " S,1478,18D,000,1933,P1,4D" (26)
19:21:51  [AT] "SEND OK" (7)
19:21:52  [TX] S,1479,18D,000,1934,P1,4B
19:21:52  [SLOT] n=1612 tx=25 ack=0 due=0 r=1
19:21:52  [AT] "AT+CIPSEND=26" (13)
19:21:52  [AT] " S,1479,18D,000,1934,P1,4B" (26)
19:21:52  [AT] "SEND OK" (7)
19:21:53  [TX] S,1480,18D,000,1935,P1,4C
19:21:53  [SLOT] n=1613 tx=25 ack=0 due=0 r=1
19:21:53  [AT] "AT+CIPSEND=26" (13)
19:21:53  [AT] " S,1480,18D,000,1935,P1,4C" (26)
19:21:53  [AT] "SEND OK" (7)
19:21:54  [TX] S,1481,18D,000,1936,P1,4E
19:21:54  [SLOT] n=1614 tx=25 ack=0 due=0 r=1
19:21:54  [AT] "AT+CIPSEND=26" (13)
19:21:54  [AT] " S,1481,18D,000,1936,P1,4E" (26)
19:21:54  [AT] "SEND OK" (7)
19:21:55  [TX] S,1482,18D,000,1938,P1,43
19:21:55  [SLOT] n=1615 tx=25 ack=0 due=0 r=1
19:21:55  [AT] "AT+CIPSEND=26" (13)
19:21:56  [AT] " S,1482,18D,000,1938,P1,43" (26)
19:21:56  [AT] "SEND OK" (7)
19:21:57  [TX] S,1483,18D,000,1939,P1,43
19:21:57  [SLOT] n=1616 tx=25 ack=0 due=0 r=1
19:21:57  [AT] "AT+CIPSEND=26" (13)
19:21:57  [AT] " S,1483,18D,000,1939,P1,43" (26)
19:21:57  [AT] "SEND OK" (7)
19:21:58  [TX] S,1484,18C,000,1940,P1,4D
19:21:58  [SLOT] n=1617 tx=25 ack=0 due=0 r=1
19:21:58  [AT] "AT+CIPSEND=26" (13)
19:21:58  [AT] " S,1484,18C,000,1940,P1,4D" (26)
19:21:58  [AT] "SEND OK" (7)
19:21:59  [TX] S,1485,18C,000,1941,P1,4D
19:21:59  [SLOT] n=1618 tx=25 ack=0 due=0 r=1
19:21:59  [AT] "AT+CIPSEND=26" (13)
19:21:59  [AT] " S,1485,18C,000,1941,P1,4D" (26)
19:21:59  [AT] "SEND OK" (7)
19:22:00  [TX] S,1486,18C,000,1942,P1,4D
19:22:00  [SLOT] n=1619 tx=25 ack=0 due=0 r=1
19:22:00  [AT] "AT+CIPSEND=26" (13)
19:22:00  [AT] " S,1486,18C,000,1942,P1,4D" (26)
19:22:00  [AT] "SEND OK" (7)
19:22:01  [TX] S,1487,18E,000,1944,P1,4C
19:22:01  [SLOT] n=1620 tx=25 ack=0 due=0 r=1
19:22:01  [AT] "AT+CIPSEND=26" (13)
19:22:01  [AT] " S,1487,18E,000,1944,P1,4C" (26)
19:22:01  [AT] "SEND OK" (7)
19:22:03  [TX] S,1488,18E,000,1945,P1,42
19:22:03  [SLOT] n=1621 tx=25 ack=0 due=0 r=1
19:22:03  [AT] "AT+CIPSEND=26" (13)
19:22:03  [AT] " S,1488,18E,000,1945,P1,42" (26)
19:22:03  [AT] "SEND OK" (7)
19:22:04  [TX] S,1489,18E,000,1946,P1,40
19:22:04  [SLOT] n=1622 tx=25 ack=0 due=0 r=1
19:22:04  [AT] "AT+CIPSEND=26" (13)
19:22:04  [AT] " S,1489,18E,000,1946,P1,40" (26)
19:22:04  [AT] "SEND OK" (7)
19:22:05  [TX] S,1490,18E,000,1947,P1,49
19:22:05  [SLOT] n=1623 tx=25 ack=0 due=0 r=1
19:22:05  [AT] "AT+CIPSEND=26" (13)
19:22:05  [AT] " S,1490,18E,000,1947,P1,49" (26)
19:22:05  [AT] "SEND OK" (7)
19:22:06  [TX] S,1491,18F,000,1948,P1,44
19:22:06  [SLOT] n=1624 tx=25 ack=0 due=0 r=1
19:22:06  [AT] "AT+CIPSEND=26" (13)
19:22:06  [AT] " S,1491,18F,000,1948,P1,44" (26)
19:22:06  [AT] "SEND OK" (7)
19:22:07  [TX] S,1492,18F,000,1950,P1,4E
19:22:07  [SLOT] n=1625 tx=25 ack=0 due=0 r=1
19:22:07  [AT] "AT+CIPSEND=26" (13)
19:22:08  [AT] " S,1492,18F,000,1950,P1,4E" (26)
19:22:08  [AT] "SEND OK" (7)
19:22:09  [TX] S,1493,18F,000,1951,P1,4E
19:22:09  [SLOT] n=1626 tx=25 ack=0 due=0 r=1
19:22:09  [AT] "AT+CIPSEND=26" (13)
19:22:09  [AT] " S,1493,18F,000,1951,P1,4E" (26)
19:22:09  [AT] "SEND OK" (7)
19:22:10  [TX] S,1494,18F,000,1952,P1,4A
19:22:10  [SLOT] n=1627 tx=25 ack=0 due=0 r=1
19:22:10  [AT] "AT+CIPSEND=26" (13)
19:22:10  [AT] " S,1494,18F,000,1952,P1,4A" (26)
19:22:10  [AT] "SEND OK" (7)
19:22:11  [TX] S,1495,18F,000,1953,P1,4A
19:22:11  [SLOT] n=1628 tx=25 ack=0 due=0 r=1
19:22:11  [AT] "AT+CIPSEND=26" (13)
19:22:11  [AT] " S,1495,18F,000,1953,P1,4A" (26)
19:22:11  [AT] "SEND OK" (7)
19:22:12  [TX] S,1496,18F,000,1954,P1,4E
19:22:12  [SLOT] n=1629 tx=25 ack=0 due=0 r=1
19:22:12  [AT] "AT+CIPSEND=26" (13)
19:22:12  [AT] " S,1496,18F,000,1954,P1,4E" (26)
19:22:12  [AT] "SEND OK" (7)
19:22:13  [TX] S,1497,18D,000,1956,P1,4F
19:22:13  [SLOT] n=1630 tx=25 ack=0 due=0 r=1
19:22:13  [AT] "AT+CIPSEND=26" (13)
19:22:13  [AT] " S,1497,18D,000,1956,P1,4F" (26)
19:22:13  [AT] "SEND OK" (7)
19:22:15  [TX] S,1498,18C,000,1957,P1,46
19:22:15  [SLOT] n=1631 tx=25 ack=0 due=0 r=1
19:22:15  [AT] "AT+CIPSEND=26" (13)
19:22:15  [AT] " S,1498,18C,000,1957,P1,46" (26)
19:22:15  [AT] "SEND OK" (7)
19:22:16  [TX] S,1499,18C,000,1958,P1,48
19:22:16  [SLOT] n=1632 tx=25 ack=0 due=0 r=1
19:22:16  [AT] "AT+CIPSEND=26" (13)
19:22:16  [AT] " S,1499,18C,000,1958,P1,48" (26)
19:22:16  [AT] "SEND OK" (7)
19:22:17  [TX] S,1500,18C,000,1959,P1,48
19:22:17  [SLOT] n=1633 tx=25 ack=0 due=0 r=1
19:22:17  [AT] "AT+CIPSEND=26" (13)
19:22:17  [AT] " S,1500,18C,000,1959,P1,48" (26)
19:22:17  [AT] "SEND OK" (7)
19:22:18  [TX] S,1501,18C,000,1960,P1,43
19:22:18  [SLOT] n=1634 tx=25 ack=0 due=0 r=1
19:22:18  [AT] "AT+CIPSEND=26" (13)
19:22:18  [AT] " S,1501,18C,000,1960,P1,43" (26)
19:22:18  [AT] "SEND OK" (7)
19:22:19  [TX] S,1502,18C,000,1962,P1,42
19:22:19  [SLOT] n=1635 tx=25 ack=0 due=0 r=1
19:22:19  [AT] "AT+CIPSEND=26" (13)
19:22:20  [AT] " S,1502,18C,000,1962,P1,42" (26)
19:22:20  [AT] "SEND OK" (7)
19:22:21  [TX] S,1503,18C,000,1963,P1,42
19:22:21  [SLOT] n=1636 tx=25 ack=0 due=0 r=1
19:22:21  [AT] "AT+CIPSEND=26" (13)
19:22:21  [AT] " S,1503,18C,000,1963,P1,42" (26)
19:22:21  [AT] "SEND OK" (7)
19:22:22  [TX] S,1504,18C,000,1964,P1,42
19:22:22  [SLOT] n=1637 tx=25 ack=0 due=0 r=1
19:22:22  [AT] "AT+CIPSEND=26" (13)
19:22:22  [AT] " S,1504,18C,000,1964,P1,42" (26)
19:22:22  [AT] "SEND OK" (7)
19:22:23  [TX] S,1505,18D,000,1965,P1,45
19:22:23  [SLOT] n=1638 tx=25 ack=0 due=0 r=1
19:22:23  [AT] "AT+CIPSEND=26" (13)
19:22:23  [AT] " S,1505,18D,000,1965,P1,45" (26)
19:22:23  [AT] "SEND OK" (7)
19:22:24  [TX] S,1506,18D,000,1966,P1,45
19:22:24  [SLOT] n=1639 tx=25 ack=0 due=0 r=1
19:22:24  [AT] "AT+CIPSEND=26" (13)
19:22:24  [AT] " S,1506,18D,000,1966,P1,45" (26)
19:22:24  [AT] "SEND OK" (7)
19:22:25  [TX] S,1507,18F,000,1968,P1,48
19:22:25  [SLOT] n=1640 tx=25 ack=0 due=0 r=1
19:22:25  [AT] "AT+CIPSEND=26" (13)
19:22:25  [AT] " S,1507,18F,000,1968,P1,48" (26)
19:22:25  [AT] "SEND OK" (7)
19:22:27  [TX] S,1508,18F,000,1969,P1,46
19:22:27  [SLOT] n=1641 tx=25 ack=0 due=0 r=1
19:22:27  [AT] "AT+CIPSEND=26" (13)
19:22:27  [AT] " S,1508,18F,000,1969,P1,46" (26)
19:22:27  [AT] "SEND OK" (7)
19:22:28  [TX] S,1509,18F,000,1970,P1,4F
19:22:28  [SLOT] n=1642 tx=25 ack=0 due=0 r=1
19:22:28  [AT] "AT+CIPSEND=26" (13)
19:22:28  [AT] " S,1509,18F,000,1970,P1,4F" (26)
19:22:28  [AT] "SEND OK" (7)
19:22:29  [TX] S,1510,18F,000,1971,P1,46
19:22:29  [SLOT] n=1643 tx=25 ack=0 due=0 r=1
19:22:29  [AT] "AT+CIPSEND=26" (13)
19:22:29  [AT] " S,1510,18F,000,1971,P1,46" (26)
19:22:29  [AT] "SEND OK" (7)
19:22:30  [TX] S,1511,18F,000,1972,P1,44
19:22:30  [SLOT] n=1644 tx=25 ack=0 due=0 r=1
19:22:30  [AT] "AT+CIPSEND=26" (13)
19:22:30  [AT] " S,1511,18F,000,1972,P1,44" (26)
19:22:30  [AT] "SEND OK" (7)
19:22:31  [TX] S,1512,18E,000,1974,P1,42
19:22:31  [SLOT] n=1645 tx=25 ack=0 due=0 r=1
19:22:31  [AT] "AT+CIPSEND=26" (13)
19:22:31  [AT] " S,1512,18E,000,1974,P1,42" (26)
19:22:31  [AT] "SEND OK" (7)
19:22:33  [TX] S,1513,18E,000,1975,P1,42
19:22:33  [SLOT] n=1646 tx=25 ack=0 due=0 r=1
19:22:33  [AT] "AT+CIPSEND=26" (13)
19:22:33  [AT] " S,1513,18E,000,1975,P1,42" (26)
19:22:33  [AT] "SEND OK" (7)
19:22:34  [TX] S,1514,18E,000,1976,P1,46
19:22:34  [SLOT] n=1647 tx=25 ack=0 due=0 r=1
19:22:34  [AT] "AT+CIPSEND=26" (13)
19:22:34  [AT] " S,1514,18E,000,1976,P1,46" (26)
19:22:34  [AT] "SEND OK" (7)
19:22:35  [TX] S,1515,18E,000,1977,P1,46
19:22:35  [SLOT] n=1648 tx=25 ack=0 due=0 r=1
19:22:35  [AT] "AT+CIPSEND=26" (13)
19:22:35  [AT] " S,1515,18E,000,1977,P1,46" (26)
19:22:35  [AT] "SEND OK" (7)
19:22:36  [TX] S,1516,18E,000,1978,P1,4A
19:22:36  [SLOT] n=1649 tx=25 ack=0 due=0 r=1
19:22:36  [AT] "AT+CIPSEND=26" (13)
19:22:36  [AT] " S,1516,18E,000,1978,P1,4A" (26)
19:22:36  [AT] "SEND OK" (7)
19:22:37  [TX] S,1517,18C,000,1980,P1,4A
19:22:37  [SLOT] n=1650 tx=25 ack=0 due=0 r=1
19:22:37  [CNT] up=1980 drop=1 esprst=9 hwrst=0/0 resync=0 sendfail=0 okto=1 stuck=1 ackq=0 ackdrop=0 ackstale=0 slot=1650 oow=7 smiss=6 ssovf=0 cksumng=0 okstream=1511 penddrop=0 pendfill=1518 bigfill=10 bigdrop=0 bigokst=10 oklost=0 bigoklost=0 skip=10 online=1
19:22:37  [RAM] 최저 여유 596 B · 프롬프트 재동기 0회 (서버의 '버린줄' 과 맞아야 한다)
19:22:37  [AT] " S,1517,18C,000,1980,P1,4A" (26)
19:22:37  [AT] "SEND OK" (7)
19:22:37  [AT] "AT+CIPSEND=26" (13)
19:22:38  «tap» 살아있음 — 최근 60초 rx=8650B (이 줄이 끊기면 탭이 죽은 것이다)
19:22:39  [TX] S,1518,18C,000,1981,P1,44
19:22:39  [SLOT] n=1651 tx=25 ack=0 due=0 r=1
19:22:39  [AT] "AT+CIPSEND=26" (13)
19:22:39  [AT] " S,1518,18C,000,1981,P1,44" (26)
19:22:39  [AT] "SEND OK" (7)
19:22:40  [TX] S,1519,18D,000,1982,P1,41
19:22:40  [SLOT] n=1652 tx=25 ack=0 due=0 r=1
19:22:40  [AT] "AT+CIPSEND=26" (13)
19:22:40  [AT] " S,1519,18D,000,1982,P1,41" (26)
19:22:40  [AT] "SEND OK" (7)
19:22:41  [TX] S,1520,18D,000,1983,P1,4A
19:22:41  [SLOT] n=1653 tx=25 ack=0 due=0 r=1
19:22:41  [AT] "AT+CIPSEND=26" (13)
19:22:41  [AT] " S,1520,18D,000,1983,P1,4A" (26)
19:22:41  [AT] "SEND OK" (7)
19:22:42  [TX] S,1521,18D,000,1984,P1,4C
19:22:42  [SLOT] n=1654 tx=25 ack=0 due=0 r=1
19:22:42  [AT] "AT+CIPSEND=26" (13)
19:22:42  [AT] " S,1521,18D,000,1984,P1,4C" (26)
19:22:42  [AT] "SEND OK" (7)
19:22:43  [TX] S,1522,18D,000,1986,P1,4D
19:22:43  [SLOT] n=1655 tx=25 ack=0 due=0 r=1
19:22:43  [AT] "AT+CIPSEND=26" (13)
19:22:44  [AT] " S,1522,18D,000,1986,P1,4D" (26)
19:22:44  [AT] "SEND OK" (7)
19:22:45  [TX] S,1523,18D,000,1987,P1,4D
19:22:45  [SLOT] n=1656 tx=25 ack=0 due=0 r=1
19:22:45  [AT] "AT+CIPSEND=26" (13)
19:22:45  [AT] " S,1523,18D,000,1987,P1,4D" (26)
19:22:45  [AT] "SEND OK" (7)
19:22:46  [TX] S,1524,18D,000,1988,P1,45
19:22:46  [SLOT] n=1657 tx=25 ack=0 due=0 r=1
19:22:46  [AT] "AT+CIPSEND=26" (13)
19:22:46  [AT] " S,1524,18D,000,1988,P1,45" (26)
19:22:46  [AT] "SEND OK" (7)
19:22:47  [TX] S,1525,18D,000,1989,P1,45
19:22:47  [SLOT] n=1658 tx=25 ack=0 due=0 r=1
19:22:47  [AT] "AT+CIPSEND=26" (13)
19:22:47  [AT] " S,1525,18D,000,1989,P1,45" (26)
19:22:47  [AT] "SEND OK" (7)
19:22:48  [TX] S,1526,18C,000,1990,P1,49
19:22:48  [SLOT] n=1659 tx=25 ack=0 due=0 r=1
19:22:48  [AT] "AT+CIPSEND=26" (13)
19:22:48  [AT] " S,1526,18C,000,1990,P1,49" (26)
19:22:48  [AT] "SEND OK" (7)
19:22:49  [TX] S,1527,18E,000,1992,P1,4C
19:22:49  [SLOT] n=1660 tx=25 ack=0 due=0 r=1
19:22:49  [AT] "AT+CIPSEND=26" (13)
19:22:49  [AT] " S,1527,18E,000,1992,P1,4C" (26)
19:22:49  [AT] "SEND OK" (7)
19:22:51  [TX] S,1528,18E,000,1993,P1,42
19:22:51  [SLOT] n=1661 tx=25 ack=0 due=0 r=1
19:22:51  [AT] "AT+CIPSEND=26" (13)
19:22:51  [AT] " S,1528,18E,000,1993,P1,42" (26)
19:22:51  [AT] "SEND OK" (7)
19:22:52  [TX] S,1529,18E,000,1994,P1,44
19:22:52  [SLOT] n=1662 tx=25 ack=0 due=0 r=1
19:22:52  [AT] "AT+CIPSEND=26" (13)
19:22:52  [AT] " S,1529,18E,000,1994,P1,44" (26)
19:22:52  [AT] "SEND OK" (7)
19:22:53  [TX] S,1530,18E,000,1995,P1,4D
19:22:53  [SLOT] n=1663 tx=25 ack=0 due=0 r=1
19:22:53  [AT] "AT+CIPSEND=26" (13)
19:22:53  [AT] " S,1530,18E,000,1995,P1,4D" (26)
19:22:53  [AT] "SEND OK" (7)
19:22:54  [TX] S,1531,18E,000,1996,P1,4F
19:22:54  [SLOT] n=1664 tx=25 ack=0 due=0 r=1
19:22:54  [AT] "AT+CIPSEND=26" (13)
19:22:54  [AT] " S,1531,18E,000,1996,P1,4F" (26)
19:22:54  [AT] "SEND OK" (7)
19:22:55  [TX] S,1532,18E,000,1998,P1,42
19:22:55  [SLOT] n=1665 tx=25 ack=0 due=0 r=1
19:22:55  [AT] "AT+CIPSEND=26" (13)
19:22:56  [AT] " S,1532,18E,000,1998,P1,42" (26)
19:22:56  [AT] "SEND OK" (7)
19:22:57  [TX] S,1533,18F,000,1999,P1,41
19:22:57  [SLOT] n=1666 tx=25 ack=0 due=0 r=1
19:22:57  [AT] "AT+CIPSEND=26" (13)
19:22:57  [AT] " S,1533,18F,000,1999,P1,41" (26)
19:22:57  [AT] "SEND OK" (7)
19:22:58  [TX] S,1534,18F,000,2000,P1,4C
19:22:58  [SLOT] n=1667 tx=25 ack=0 due=0 r=1
19:22:58  [AT] "AT+CIPSEND=26" (13)
19:22:58  [AT] " S,1534,18F,000,2000,P1,4C" (26)
19:22:58  [AT] "ERROR" (5)
19:22:58  [NET] 송신 오류 응답(로그만, 카운터는 sendLine 이 센다): ERROR
19:22:58  [AT] "Unlink" (6)
19:22:58  [DIAG] offline step=3 사다리=0/0 rx=83334 lines=4819 up=2000s
19:22:58  [NET] 3 CIFSR (IP 를 실제로 받았는가)
19:22:58  [AT] "AT+CIFSR" (8)
19:22:58  [AT] "0.0.0.0" (7)
19:22:58  [NET] ★ ESP 가 IP 를 잃었다 — 모듈 리셋으로 본다. 누적 사건 10
19:22:58  [AT] "OK" (2)
19:23:01  [NET] 3 CIFSR (IP 를 실제로 받았는가)
19:23:01  [AT] "AT+CIFSR" (8)
19:23:01  [AT] "192.168.0.214" (13)
19:23:01  [NET] ★ IP 확보: 192.168.0.214
19:23:01  [AT] "OK" (2)
19:23:01  [DIAG] offline step=4 사다리=0/0 rx=83392 lines=4825 up=2003s
19:23:01  [NET] 4 CIPMUX=0
19:23:01  [AT] "AT+CIPMUX=0" (11)
19:23:01  [AT] "OK" (2)
19:23:01  [NET] CIPMUX=0 적용됨 → CIPSTART
19:23:01  [NET] 5 CIPSTART
19:23:01  [AT] "AT+CIPSTART="TCP","192.168.0.29",9991" (37)
19:23:01  [AT] "OK" (2)
19:23:01  [AT] "Linked" (6)
19:23:01  [NET] online (CONNECT) + 캐시 비움
19:23:02  [TX] S,1535,18D,000,2004,P1,4B
19:23:02  [SLOT] n=1670 tx=25 ack=0 due=169 r=1
19:23:02  [AT] "AT+CIPSEND=26" (13)
19:23:02  [AT] " S,1535,18D,000,2004,P1,4B" (26)
19:23:02  [AT] "SEND OK" (7)
19:23:03  [TX] D,*,7,12,5A
19:23:03  D,A1,IP,01
19:23:03  D,A2,IP,02
19:23:03  D,A3,IP,03
19:23:03  D,A4,IP,04
19:23:03  D,A5,IP,05
19:23:03  D,B1,IP,02
19:23:03  D,B2,IP,01
19:23:03  D,B3,IP,00
19:23:03  D,B4,IP,07
19:23:03  D,B5,IP,06
19:23:03  D,E1,OB,11
19:23:03  D,X1,OB,0C
19:23:03  [REG] 등록 전송 143B
19:23:03  [SLOT] n=1671 tx=143 ack=0 due=0 r=1
19:23:03  [AT] "AT+CIPSEND=144" (14)
19:23:03  [DROP-OVF] 줄이 96바이트를 넘어 버렸다
19:23:03  [AT] "SEND OK" (7)
19:23:04  [TX] S,1537,18D,000,2006,P1,4B
19:23:04  [SLOT] n=1672 tx=25 ack=0 due=0 r=1
19:23:04  [AT] "AT+CIPSEND=26" (13)
19:23:04  [AT] " S,1537,18D,000,2006,P1,4B" (26)
19:23:04  [AT] "SEND OK" (7)
19:23:05  [TX] S,1538,18C,000,2007,P1,42
19:23:05  [SLOT] n=1673 tx=25 ack=0 due=0 r=1
19:23:05  [AT] "AT+CIPSEND=26" (13)
19:23:05  [AT] " S,1538,18C,000,2007,P1,42" (26)
19:23:05  [AT] "SEND OK" (7)
19:23:06  [TX] S,1539,18C,000,2008,P1,4C
19:23:06  [SLOT] n=1674 tx=25 ack=0 due=0 r=1
19:23:06  [AT] "AT+CIPSEND=26" (13)
19:23:06  [AT] " S,1539,18C,000,2008,P1,4C" (26)
19:23:06  [AT] "SEND OK" (7)
19:23:07  [TX] S,1540,18C,000,2010,P1,4B
19:23:07  [SLOT] n=1675 tx=25 ack=0 due=0 r=1
19:23:07  [AT] "AT+CIPSEND=26" (13)
19:23:07  [AT] " S,1540,18C,000,2010,P1,4B" (26)
19:23:07  [AT] "SEND OK" (7)
19:23:09  [TX] S,1541,18C,000,2011,P1,4B
19:23:09  [SLOT] n=1676 tx=25 ack=0 due=0 r=1
19:23:09  [AT] "AT+CIPSEND=26" (13)
19:23:09  [AT] " S,1541,18C,000,2011,P1,4B" (26)
19:23:09  [AT] "SEND OK" (7)
19:23:10  [TX] S,1542,18C,000,2012,P1,4B
19:23:10  [SLOT] n=1677 tx=25 ack=0 due=0 r=1
19:23:10  [AT] "AT+CIPSEND=26" (13)
19:23:10  [AT] " S,1542,18C,000,2012,P1,4B" (26)
19:23:10  [AT] "SEND OK" (7)
19:23:11  [TX] S,1543,18C,000,2013,P1,4B
19:23:11  [SLOT] n=1678 tx=25 ack=0 due=0 r=1
19:23:11  [AT] "AT+CIPSEND=26" (13)
19:23:11  [AT] " S,1543,18C,000,2013,P1,4B" (26)
19:23:11  [AT] "ERROR" (5)
19:23:11  [NET] 송신 오류 응답(로그만, 카운터는 sendLine 이 센다): ERROR
19:23:11  [AT] "Unlink" (6)
19:23:11  [DIAG] offline step=3 사다리=0/0 rx=84056 lines=4857 up=2013s
19:23:11  [NET] 3 CIFSR (IP 를 실제로 받았는가)
19:23:11  [AT] "AT+CIFSR" (8)
19:23:11  [AT] "0.0.0.0" (7)
19:23:11  [NET] ★ ESP 가 IP 를 잃었다 — 모듈 리셋으로 본다. 누적 사건 11
19:23:11  [AT] "OK" (2)
19:23:14  [NET] 3 CIFSR (IP 를 실제로 받았는가)
19:23:14  [AT] "AT+CIFSR" (8)
19:23:14  [AT] "192.168.0.214" (13)
19:23:14  [NET] ★ IP 확보: 192.168.0.214
19:23:14  [AT] "OK" (2)
19:23:14  [DIAG] offline step=4 사다리=0/0 rx=84114 lines=4863 up=2016s
19:23:14  [NET] 4 CIPMUX=0
19:23:14  [AT] "AT+CIPMUX=0" (11)
19:23:14  [AT] "OK" (2)
19:23:14  [NET] CIPMUX=0 적용됨 → CIPSTART
19:23:14  [NET] 5 CIPSTART
19:23:14  [AT] "AT+CIPSTART="TCP","192.168.0.29",9991" (37)
19:23:15  [AT] "OK" (2)
19:23:15  [AT] "Linked" (6)
19:23:15  [NET] online (CONNECT) + 캐시 비움
19:23:15  [TX] S,1544,18F,000,2017,P1,4D
19:23:15  [SLOT] n=1681 tx=25 ack=0 due=208 r=1
19:23:15  [AT] "AT+CIPSEND=26" (13)
19:23:15  [AT] " S,1544,18F,000,2017,P1,4D" (26)
19:23:15  [AT] "SEND OK" (7)
19:23:16  [TX] D,*,7,12,5A
19:23:16  D,A1,IP,01
19:23:16  D,A2,IP,02
19:23:16  D,A3,IP,03
19:23:16  D,A4,IP,04
19:23:16  D,A5,IP,05
19:23:16  D,B1,IP,02
19:23:16  D,B2,IP,01
19:23:16  D,B3,IP,00
19:23:16  D,B4,IP,07
19:23:16  D,B5,IP,06
19:23:16  D,E1,OB,11
19:23:16  D,X1,OB,0C
19:23:16  [REG] 등록 전송 143B
19:23:16  [SLOT] n=1682 tx=143 ack=0 due=0 r=1
19:23:16  [DROP-OVF] 줄이 96바이트를 넘어 버렸다
19:23:16  [AT] "SEND OK" (7)
19:23:16  [AT] "AT+CIPSEND=144" (14)
19:23:17  [TX] S,1546,18F,000,2019,P1,41
19:23:17  [SLOT] n=1683 tx=25 ack=0 due=0 r=1
19:23:17  [AT] "AT+CIPSEND=26" (13)
19:23:17  [AT] " S,1546,18F,000,2019,P1,41" (26)
19:23:17  [AT] "SEND OK" (7)
19:23:18  [TX] S,1547,18F,000,2020,P1,4A
19:23:18  [SLOT] n=1684 tx=25 ack=0 due=0 r=1
19:23:18  [AT] "AT+CIPSEND=26" (13)
19:23:18  [AT] " S,1547,18F,000,2020,P1,4A" (26)
19:23:18  [AT] "SEND OK" (7)
19:23:19  [TX] S,1548,18F,000,2022,P1,47
19:23:19  [SLOT] n=1685 tx=25 ack=0 due=0 r=1
19:23:19  [AT] "AT+CIPSEND=26" (13)
19:23:20  [AT] " S,1548,18F,000,2022,P1,47" (26)
19:23:20  [AT] "SEND OK" (7)
19:23:21  [TX] S,1549,18F,000,2023,P1,47
19:23:21  [SLOT] n=1686 tx=25 ack=0 due=0 r=1
19:23:21  [AT] "AT+CIPSEND=26" (13)
19:23:21  [AT] " S,1549,18F,000,2023,P1,47" (26)
19:23:21  [AT] "ERROR" (5)
19:23:21  [NET] 송신 오류 응답(로그만, 카운터는 sendLine 이 센다): ERROR
19:23:21  [AT] "Unlink" (6)
19:23:21  [DIAG] offline step=3 사다리=0/0 rx=84619 lines=4886 up=2023s
19:23:21  [NET] 3 CIFSR (IP 를 실제로 받았는가)
19:23:21  [AT] "AT+CIFSR" (8)
19:23:21  [AT] "0.0.0.0" (7)
19:23:21  [NET] ★ ESP 가 IP 를 잃었다 — 모듈 리셋으로 본다. 누적 사건 12
19:23:21  [AT] "OK" (2)
19:23:24  [NET] 3 CIFSR (IP 를 실제로 받았는가)
19:23:24  [AT] "AT+CIFSR" (8)
19:23:24  [AT] "192.168.0.214" (13)
19:23:24  [NET] ★ IP 확보: 192.168.0.214
19:23:24  [AT] "OK" (2)
19:23:24  [DIAG] offline step=4 사다리=0/0 rx=84677 lines=4892 up=2026s
19:23:24  [NET] 4 CIPMUX=0
19:23:24  [AT] "AT+CIPMUX=0" (11)
19:23:24  [AT] "OK" (2)
19:23:24  [NET] CIPMUX=0 적용됨 → CIPSTART
19:23:24  [NET] 5 CIPSTART
19:23:24  [AT] "AT+CIPSTART="TCP","192.168.0.29",9991" (37)
19:23:25  [AT] "OK" (2)
19:23:25  [AT] "Linked" (6)
19:23:25  [NET] online (CONNECT) + 캐시 비움
19:23:25  [TX] S,1550,18C,000,2028,P1,41
19:23:25  [SLOT] n=1690 tx=25 ack=0 due=0 r=1
19:23:25  [AT] "AT+CIPSEND=26" (13)
19:23:25  [AT] " S,1550,18C,000,2028,P1,41" (26)
19:23:25  [AT] "SEND OK" (7)
19:23:27  [TX] D,*,7,12,5A
19:23:27  D,A1,IP,01
19:23:27  D,A2,IP,02
19:23:27  D,A3,IP,03
19:23:27  D,A4,IP,04
19:23:27  D,A5,IP,05
19:23:27  D,B1,IP,02
19:23:27  D,B2,IP,01
19:23:27  D,B3,IP,00
19:23:27  D,B4,IP,07
19:23:27  D,B5,IP,06
19:23:27  D,E1,OB,11
19:23:27  D,X1,OB,0C
19:23:27  [REG] 등록 전송 143B
19:23:27  [SLOT] n=1691 tx=143 ack=0 due=0 r=1
19:23:27  [AT] "AT+CIPSEND=144" (14)
19:23:27  [DROP-OVF] 줄이 96바이트를 넘어 버렸다
19:23:27  [AT] "SEND OK" (7)
19:23:28  [TX] S,1552,18C,000,2030,P1,4A
19:23:28  [SLOT] n=1692 tx=25 ack=0 due=0 r=1
19:23:28  [AT] "AT+CIPSEND=26" (13)
19:23:28  [AT] " S,1552,18C,000,2030,P1,4A" (26)
19:23:28  [AT] "SEND OK" (7)
19:23:29  [TX] S,1553,18C,000,2031,P1,4A
19:23:29  [SLOT] n=1693 tx=25 ack=0 due=0 r=1
19:23:29  [AT] "AT+CIPSEND=26" (13)
19:23:29  [AT] " S,1553,18C,000,2031,P1,4A" (26)
19:23:29  [AT] "SEND OK" (7)
19:23:30  [TX] S,1554,18D,000,2032,P1,49
19:23:30  [SLOT] n=1694 tx=25 ack=0 due=0 r=1
19:23:30  [AT] "AT+CIPSEND=26" (13)
19:23:30  [AT] " S,1554,18D,000,2032,P1,49" (26)
19:23:30  [AT] "SEND OK" (7)
19:23:31  [TX] S,1555,18D,000,2034,P1,4E
19:23:31  [SLOT] n=1695 tx=25 ack=0 due=0 r=1
19:23:31  [AT] "AT+CIPSEND=26" (13)
19:23:31  [AT] " S,1555,18D,000,2034,P1,4E" (26)
19:23:31  [AT] "SEND OK" (7)
19:23:33  [TX] S,1556,18D,000,2035,P1,4C
19:23:33  [SLOT] n=1696 tx=25 ack=0 due=0 r=1
19:23:33  [AT] "AT+CIPSEND=26" (13)
19:23:33  [AT] " S,1556,18D,000,2035,P1,4C" (26)
19:23:33  [AT] "SEND OK" (7)
19:23:34  [TX] S,1557,18D,000,2036,P1,4E
19:23:34  [SLOT] n=1697 tx=25 ack=0 due=0 r=1
19:23:34  [AT] "AT+CIPSEND=26" (13)
19:23:34  [AT] " S,1557,18D,000,2036,P1,4E" (26)
19:23:34  [AT] "SEND OK" (7)
19:23:35  [TX] S,1558,18D,000,2037,P1,40
19:23:35  [SLOT] n=1698 tx=25 ack=0 due=0 r=1
19:23:35  [AT] "AT+CIPSEND=26" (13)
19:23:35  [AT] " S,1558,18D,000,2037,P1,40" (26)
19:23:35  [AT] "SEND OK" (7)
19:23:36  [TX] S,1559,18D,000,2038,P1,4E
19:23:36  [SLOT] n=1699 tx=25 ack=0 due=0 r=1
19:23:36  [AT] "AT+CIPSEND=26" (13)
19:23:36  [AT] " S,1559,18D,000,2038,P1,4E" (26)
19:23:36  [AT] "SEND OK" (7)
19:23:37  [TX] S,1560,18F,000,2040,P1,49
19:23:37  [SLOT] n=1700 tx=25 ack=0 due=0 r=1
19:23:37  [CNT] up=2040 drop=1 esprst=12 hwrst=0/0 resync=0 sendfail=0 okto=1 stuck=1 ackq=0 ackdrop=0 ackstale=0 slot=1700 oow=7 smiss=7 ssovf=0 cksumng=0 okstream=1551 penddrop=0 pendfill=1561 bigfill=13 bigdrop=0 bigokst=13 oklost=0 bigoklost=0 skip=10 online=1
19:23:37  [RAM] 최저 여유 596 B · 프롬프트 재동기 0회 (서버의 '버린줄' 과 맞아야 한다)
19:23:37  [AT] "AT+CIPSEND=26" (13)
19:23:38  «tap» 살아있음 — 최근 60초 rx=9891B (이 줄이 끊기면 탭이 죽은 것이다)
19:23:38  [AT] " S,1560,18F,000,2040,P1,49" (26)
19:23:38  [AT] "SEND OK" (7)
19:23:39  [TX] S,1561,18E,000,2041,P1,4A
19:23:39  [SLOT] n=1701 tx=25 ack=0 due=0 r=1
19:23:39  [AT] "AT+CIPSEND=26" (13)
19:23:39  [AT] " S,1561,18E,000,2041,P1,4A" (26)
19:23:39  [AT] "SEND OK" (7)
19:23:40  [TX] S,1562,18E,000,2042,P1,4A
19:23:40  [SLOT] n=1702 tx=25 ack=0 due=0 r=1
19:23:40  [AT] "AT+CIPSEND=26" (13)
19:23:40  [AT] " S,1562,18E,000,2042,P1,4A" (26)
19:23:40  [AT] "SEND OK" (7)
19:23:41  [TX] S,1563,18E,000,2043,P1,4A
19:23:41  [SLOT] n=1703 tx=25 ack=0 due=0 r=1
19:23:41  [AT] "AT+CIPSEND=26" (13)
19:23:41  [AT] " S,1563,18E,000,2043,P1,4A" (26)
19:23:41  [AT] "SEND OK" (7)
19:23:42  [TX] S,1564,18E,000,2044,P1,4A
19:23:42  [SLOT] n=1704 tx=25 ack=0 due=0 r=1
19:23:42  [AT] "AT+CIPSEND=26" (13)
19:23:42  [AT] " S,1564,18E,000,2044,P1,4A" (26)
19:23:42  [AT] "SEND OK" (7)
19:23:43  [TX] S,1565,18E,000,2046,P1,49
19:23:43  [SLOT] n=1705 tx=25 ack=0 due=0 r=1
19:23:43  [AT] "AT+CIPSEND=26" (13)
19:23:43  [AT] " S,1565,18E,000,2046,P1,49" (26)
19:23:43  [AT] "SEND OK" (7)
19:23:45  [TX] S,1566,18E,000,2047,P1,4B
19:23:45  [SLOT] n=1706 tx=25 ack=0 due=0 r=1
19:23:45  [AT] "AT+CIPSEND=26" (13)
19:23:45  [AT] " S,1566,18E,000,2047,P1,4B" (26)
19:23:45  [AT] "SEND OK" (7)
19:23:46  [TX] S,1567,18E,000,2048,P1,45
19:23:46  [SLOT] n=1707 tx=25 ack=0 due=0 r=1
19:23:46  [AT] "AT+CIPSEND=26" (13)
19:23:46  [AT] " S,1567,18E,000,2048,P1,45" (26)
19:23:46  [AT] "ERROR" (5)
19:23:46  [NET] 송신 오류 응답(로그만, 카운터는 sendLine 이 센다): ERROR
19:23:46  [AT] "Unlink" (6)
19:23:46  [DIAG] offline step=3 사다리=0/0 rx=85818 lines=4951 up=2048s
19:23:46  [NET] 3 CIFSR (IP 를 실제로 받았는가)
19:23:46  [AT] "AT+CIFSR" (8)
19:23:46  [AT] "0.0.0.0" (7)
19:23:46  [NET] ★ ESP 가 IP 를 잃었다 — 모듈 리셋으로 본다. 누적 사건 13
19:23:46  [AT] "OK" (2)
19:23:49  [NET] 3 CIFSR (IP 를 실제로 받았는가)
19:23:49  [AT] "AT+CIFSR" (8)
19:23:49  [AT] "0.0.0.0" (7)
19:23:49  [AT] "OK" (2)
19:23:49  [DIAG] offline step=3 사다리=0/0 rx=85870 lines=4957 up=2051s
19:23:51  [NET] 3 CIFSR (IP 를 실제로 받았는가)
19:23:51  [NET] CIFSR 3회에도 IP 가 없다 → CWJAP 부터 다시
19:23:51  [LADDER] 실패(CWJAP FAIL) CWJAP소요 710s · 연속 0회 · 결합유지 555s · 현재 0단(0회 누적)
19:23:51  [LADDER] ↑↑ 단 상승 → 1단
19:23:51  [LADDER] 1단 조치: 시리얼 드레인 32바이트 버림 + 줄 조립 초기화
19:23:52  [DIAG] offline step=2 사다리=1/0 rx=85870 lines=4957 up=2054s
19:23:53  [NET] 2 CWJAP (응답까지 최대 30초 기다린다)
19:23:53  [AT] "AT+CWJAP="3F_302","0424719222!!"" (32)
19:23:55  [DIAG] offline step=2 사다리=1/0 rx=85905 lines=4958 up=2057s
19:23:58  [AT] "OK" (2)
19:23:58  [NET] CWJAP OK — 결합됐다. IP 를 실제로 받았는지 CIFSR 로 확인한다
19:23:58  [NET] 3 CIFSR (IP 를 실제로 받았는가)
19:23:58  [AT] "AT+CIFSR" (8)
19:23:58  [AT] "192.168.0.214" (13)
19:23:58  [NET] ★ IP 확보: 192.168.0.214
19:23:58  [AT] "OK" (2)
19:23:58  [DIAG] offline step=4 사다리=1/0 rx=85943 lines=4962 up=2060s
19:23:58  [NET] 4 CIPMUX=0
19:23:58  [AT] "AT+CIPMUX=0" (11)
19:23:58  [AT] "OK" (2)
19:23:58  [NET] CIPMUX=0 적용됨 → CIPSTART
19:23:58  [NET] 5 CIPSTART
19:23:58  [AT] "AT+CIPSTART="TCP","192.168.0.29",9991" (37)
19:23:58  [AT] "OK" (2)
19:23:58  [AT] "Linked" (6)
19:23:58  [NET] online (CONNECT) + 캐시 비움
19:23:59  [TX] S,1568,18C,000,2061,P1,47
19:23:59  [SLOT] n=1718 tx=25 ack=0 due=0 r=1
19:23:59  [AT] "AT+CIPSEND=26" (13)
19:23:59  [AT] " S,1568,18C,000,2061,P1,47" (26)
19:23:59  [AT] "SEND OK" (7)
19:24:00  [TX] D,*,7,12,5A
19:24:00  D,A1,IP,01
19:24:00  D,A2,IP,02
19:24:00  D,A3,IP,03
19:24:00  D,A4,IP,04
19:24:00  D,A5,IP,05
19:24:00  D,B1,IP,02
19:24:00  D,B2,IP,01
19:24:00  D,B3,IP,00
19:24:00  D,B4,IP,07
19:24:00  D,B5,IP,06
19:24:00  D,E1,OB,11
19:24:00  D,X1,OB,0C
19:24:00  [REG] 등록 전송 143B
19:24:00  [SLOT] n=1719 tx=143 ack=0 due=0 r=1
19:24:00  [AT] "AT+CIPSEND=144" (14)
19:24:00  [DROP-OVF] 줄이 96바이트를 넘어 버렸다
19:24:00  [AT] "ERROR" (5)
19:24:00  [NET] 송신 오류 응답(로그만, 카운터는 sendLine 이 센다): ERROR
19:24:00  [AT] "Unlink" (6)
19:24:01  [NET] 3 CIFSR (IP 를 실제로 받았는가)
19:24:01  [AT] "AT+CIFSR" (8)
19:24:01  [AT] "0.0.0.0" (7)
19:24:01  [NET] ★ ESP 가 IP 를 잃었다 — 모듈 리셋으로 본다. 누적 사건 14
19:24:01  [AT] "OK" (2)
19:24:01  [DIAG] offline step=3 사다리=1/0 rx=86262 lines=4976 up=2063s
19:24:03  [NET] 3 CIFSR (IP 를 실제로 받았는가)
19:24:03  [AT] "AT+CIFSR" (8)
19:24:03  [AT] "0.0.0.0" (7)
19:24:03  [AT] "OK" (2)
19:24:04  [DIAG] offline step=3 사다리=1/0 rx=86288 lines=4979 up=2066s
19:24:06  [NET] 3 CIFSR (IP 를 실제로 받았는가)
19:24:06  [NET] CIFSR 3회에도 IP 가 없다 → CWJAP 부터 다시
19:24:06  [LADDER] 실패(CWJAP FAIL) CWJAP소요 13s · 연속 0회 · 결합유지 8s · 현재 1단(0회 누적)
19:24:06  [LADDER] 1단 조치: 시리얼 드레인 32바이트 버림 + 줄 조립 초기화
19:24:07  [NET] 2 CWJAP (응답까지 최대 30초 기다린다)
19:24:07  [AT] "AT+CWJAP="3F_302","0424719222!!"" (32)
19:24:07  [DIAG] offline step=2 사다리=1/1 rx=86323 lines=4980 up=2069s
19:24:10  [DIAG] offline step=2 사다리=1/1 rx=86323 lines=4980 up=2072s
19:24:12  [AT] "OK" (2)
19:24:12  [NET] CWJAP OK — 결합됐다. IP 를 실제로 받았는지 CIFSR 로 확인한다
19:24:12  [NET] 3 CIFSR (IP 를 실제로 받았는가)
19:24:12  [AT] "AT+CIFSR" (8)
19:24:12  [AT] "192.168.0.214" (13)
19:24:12  [NET] ★ IP 확보: 192.168.0.214
19:24:12  [AT] "OK" (2)
19:24:13  [NET] 4 CIPMUX=0
19:24:13  [AT] "AT+CIPMUX=0" (11)
19:24:13  [AT] "OK" (2)
19:24:13  [NET] CIPMUX=0 적용됨 → CIPSTART
19:24:13  [NET] 5 CIPSTART
19:24:13  [AT] "AT+CIPSTART="TCP","192.168.0.29",9991" (37)
19:24:13  [AT] "OK" (2)
19:24:13  [AT] "Linked" (6)
19:24:13  [NET] online (CONNECT) + 캐시 비움
19:24:13  [TX] S,1570,18C,000,2076,P1,48
19:24:13  [SLOT] n=1730 tx=25 ack=0 due=0 r=1
19:24:13  [AT] "AT+CIPSEND=26" (13)
19:24:13  [AT] " S,1570,18C,000,2076,P1,48" (26)
19:24:13  [AT] "SEND OK" (7)
19:24:15  [TX] D,*,7,12,5A
19:24:15  D,A1,IP,01
19:24:15  D,A2,IP,02
19:24:15  D,A3,IP,03
19:24:15  D,A4,IP,04
19:24:15  D,A5,IP,05
19:24:15  D,B1,IP,02
19:24:15  D,B2,IP,01
19:24:15  D,B3,IP,00
19:24:15  D,B4,IP,07
19:24:15  D,B5,IP,06
19:24:15  D,E1,OB,11
19:24:15  D,X1,OB,0C
19:24:15  [REG] 등록 전송 143B
19:24:15  [SLOT] n=1731 tx=143 ack=0 due=0 r=1
19:24:15  [AT] "AT+CIPSEND=144" (14)
19:24:15  [DROP-OVF] 줄이 96바이트를 넘어 버렸다
19:24:15  [AT] "SEND OK" (7)
19:24:16  [TX] S,1572,18C,000,2078,P1,44
19:24:16  [SLOT] n=1732 tx=25 ack=0 due=0 r=1
19:24:16  [AT] "AT+CIPSEND=26" (13)
19:24:16  [AT] " S,1572,18C,000,2078,P1,44" (26)
19:24:16  [AT] "SEND OK" (7)
19:24:17  [TX] S,1573,18C,000,2079,P1,44
19:24:17  [SLOT] n=1733 tx=25 ack=0 due=0 r=1
19:24:17  [AT] "AT+CIPSEND=26" (13)
19:24:18  [TX-WAIT] 앞 전송의 SEND OK 를 아직 못 봤다 — 이번 주기는 건너뛴다
19:24:18  [SLOT] n=1734 tx=25 ack=0 due=0 r=0
19:24:18  [AT] " S,1573,18C,000,2079,P1,44" (26)
19:24:18  [AT] "SEND OK" (7)
19:24:19  [TX] S,1574,18C,000,2082,P1,47
19:24:19  [SLOT] n=1735 tx=25 ack=0 due=0 r=1
19:24:19  [AT] "AT+CIPSEND=26" (13)
19:24:19  [AT] " S,1574,18C,000,2082,P1,47" (26)
19:24:19  [AT] "SEND OK" (7)
19:24:20  [TX] S,1575,18D,000,2083,P1,40
19:24:20  [SLOT] n=1736 tx=25 ack=0 due=0 r=1
19:24:20  [AT] "AT+CIPSEND=26" (13)
19:24:20  [AT] " S,1575,18D,000,2083,P1,40" (26)
19:24:20  [AT] "SEND OK" (7)
19:24:22  [TX] S,1576,18D,000,2084,P1,44
19:24:22  [SLOT] n=1737 tx=25 ack=0 due=0 r=1
19:24:22  [AT] "AT+CIPSEND=26" (13)
19:24:22  [AT] " S,1576,18D,000,2084,P1,44" (26)
19:24:22  [AT] "SEND OK" (7)
19:24:23  [TX] S,1577,18D,000,2085,P1,44
19:24:23  [SLOT] n=1738 tx=25 ack=0 due=0 r=1
19:24:23  [AT] "AT+CIPSEND=26" (13)
19:24:23  [AT] " S,1577,18D,000,2085,P1,44" (26)
19:24:23  [AT] "SEND OK" (7)
19:24:24  [TX] S,1578,18D,000,2086,P1,48
19:24:24  [SLOT] n=1739 tx=25 ack=0 due=0 r=1
19:24:24  [AT] "AT+CIPSEND=26" (13)
19:24:24  [AT] " S,1578,18D,000,2086,P1,48" (26)
19:24:24  [AT] "SEND OK" (7)
19:24:25  [TX] S,1579,18F,000,2088,P1,45
19:24:25  [SLOT] n=1740 tx=25 ack=0 due=0 r=1
19:24:25  [AT] "AT+CIPSEND=26" (13)
19:24:25  [AT] " S,1579,18F,000,2088,P1,45" (26)
19:24:25  [AT] "SEND OK" (7)
19:24:26  [TX] S,1580,18F,000,2089,P1,42
19:24:26  [SLOT] n=1741 tx=25 ack=0 due=0 r=1
19:24:26  [AT] "AT+CIPSEND=26" (13)
19:24:27  [AT] " S,1580,18F,000,2089,P1,42" (26)
19:24:27  [AT] "SEND OK" (7)
19:24:28  [TX] S,1581,18F,000,2090,P1,4B
19:24:28  [SLOT] n=1742 tx=25 ack=0 due=0 r=1
19:24:28  [AT] "AT+CIPSEND=26" (13)
19:24:28  [AT] " S,1581,18F,000,2090,P1,4B" (26)
19:24:28  [AT] "SEND OK" (7)
19:24:29  [TX] S,1582,18E,000,2091,P1,4A
19:24:29  [SLOT] n=1743 tx=25 ack=0 due=0 r=1
19:24:29  [AT] "AT+CIPSEND=26" (13)
19:24:29  [AT] " S,1582,18E,000,2091,P1,4A" (26)
19:24:29  [AT] "SEND OK" (7)
19:24:30  [TX] S,1583,18E,000,2092,P1,48
19:24:30  [SLOT] n=1744 tx=25 ack=0 due=0 r=1
19:24:30  [AT] "AT+CIPSEND=26" (13)
19:24:30  [AT] " S,1583,18E,000,2092,P1,48" (26)
19:24:30  [AT] "SEND OK" (7)
19:24:31  [TX] S,1584,18E,000,2094,P1,49
19:24:31  [SLOT] n=1745 tx=25 ack=0 due=0 r=1
19:24:31  [AT] "AT+CIPSEND=26" (13)
19:24:32  [AT] " S,1584,18E,000,2094,P1,49" (26)
19:24:32  [AT] "SEND OK" (7)
19:24:32  [TX] S,1585,18E,000,2095,P1,49
19:24:32  [SLOT] n=1746 tx=25 ack=0 due=0 r=1
19:24:32  [AT] "AT+CIPSEND=26" (13)
19:24:32  [AT] " S,1585,18E,000,2095,P1,49" (26)
19:24:32  [AT] "SEND OK" (7)
19:24:34  [TX] S,1586,18E,000,2096,P1,49
19:24:34  [SLOT] n=1747 tx=25 ack=0 due=0 r=1
19:24:34  [AT] "AT+CIPSEND=26" (13)
19:24:34  [AT] " S,1586,18E,000,2096,P1,49" (26)
19:24:34  [AT] "SEND OK" (7)
19:24:35  [TX] S,1587,18E,000,2097,P1,49
19:24:35  [SLOT] n=1748 tx=25 ack=0 due=0 r=1
19:24:35  [AT] "AT+CIPSEND=26" (13)
19:24:35  [AT] " S,1587,18E,000,2097,P1,49" (26)
19:24:35  [AT] "SEND OK" (7)
19:24:36  [TX] S,1588,18E,000,2098,P1,49
19:24:36  [SLOT] n=1749 tx=25 ack=0 due=0 r=1
19:24:36  [AT] "AT+CIPSEND=26" (13)
19:24:36  [AT] " S,1588,18E,000,2098,P1,49" (26)
19:24:36  [AT] "SEND OK" (7)
19:24:37  [TX] S,1589,18D,000,2100,P1,49
19:24:37  [SLOT] n=1750 tx=25 ack=0 due=0 r=1
19:24:37  [CNT] up=2100 drop=1 esprst=14 hwrst=0/0 resync=0 sendfail=0 okto=1 stuck=1 ackq=0 ackdrop=0 ackstale=0 slot=1750 oow=7 smiss=9 ssovf=0 cksumng=0 okstream=1578 penddrop=0 pendfill=1590 bigfill=15 bigdrop=0 bigokst=14 oklost=0 bigoklost=0 skip=11 online=1
19:24:37  [RAM] 최저 여유 596 B · 프롬프트 재동기 0회 (서버의 '버린줄' 과 맞아야 한다)
19:24:37  [AT] " S,1589,18D,000,2100,P1,49" (26)
19:24:37  [AT] "SEND OK" (7)
19:24:37  [AT] "AT+CIPSEND=26" (13)
19:24:38  «tap» 살아있음 — 최근 60초 rx=8575B (이 줄이 끊기면 탭이 죽은 것이다)
19:24:38  [TX] S,1590,18D,000,2101,P1,40
19:24:38  [SLOT] n=1751 tx=25 ack=0 due=0 r=1
19:24:38  [AT] "AT+CIPSEND=26" (13)
19:24:39  [AT] " S,1590,18D,000,2101,P1,40" (26)
19:24:39  [AT] "SEND OK" (7)
19:24:40  [TX] S,1591,18D,000,2102,P1,42
19:24:40  [SLOT] n=1752 tx=25 ack=0 due=0 r=1
19:24:40  [AT] "AT+CIPSEND=26" (13)
19:24:40  [AT] " S,1591,18D,000,2102,P1,42" (26)
19:24:40  [AT] "SEND OK" (7)
19:24:40  [AT] "ERROR" (5)
19:24:40  [NET] 송신 오류 응답(로그만, 카운터는 sendLine 이 센다): ERROR
19:24:40  [AT] "Unlink" (6)
19:24:40  [DIAG] offline step=3 사다리=1/1 rx=87725 lines=5056 up=2102s
19:24:40  [NET] 3 CIFSR (IP 를 실제로 받았는가)
19:24:40  [AT] "AT+CIFSR" (8)
19:24:40  [AT] "0.0.0.0" (7)
19:24:40  [NET] ★ ESP 가 IP 를 잃었다 — 모듈 리셋으로 본다. 누적 사건 15
19:24:40  [AT] "OK" (2)
19:24:43  [NET] 3 CIFSR (IP 를 실제로 받았는가)
19:24:43  [AT] "AT+CIFSR" (8)
19:24:43  [AT] "0.0.0.0" (7)
19:24:43  [AT] "OK" (2)
19:24:43  [DIAG] offline step=3 사다리=1/1 rx=87777 lines=5062 up=2105s
19:24:45  [NET] 3 CIFSR (IP 를 실제로 받았는가)
19:24:45  [NET] CIFSR 3회에도 IP 가 없다 → CWJAP 부터 다시
19:24:45  [LADDER] 실패(CWJAP FAIL) CWJAP소요 38s · 연속 0회 · 결합유지 33s · 현재 1단(1회 누적)
19:24:45  [LADDER] ↑↑ 단 상승 → 2단
19:24:45  [LADDER] 2단 조치: 5초 쉬고 AT+CWQAP 로 결합을 명시적으로 끊은 뒤 다시 붙는다
19:24:45  [AT] "AT+CIFSR" (8)
19:24:45  [AT] "192.168.0.214" (13)
19:24:45  [NET] ★ IP 확보: 192.168.0.214
19:24:45  [AT] "OK" (2)
19:24:45  [NET] 4 CIPMUX=0
19:24:45  [AT] "AT+CIPMUX=0" (11)
19:24:45  [AT] "OK" (2)
19:24:45  [NET] CIPMUX=0 적용됨 → CIPSTART
19:24:46  [NET] 5 CIPSTART
19:24:46  [AT] "AT+CIPSTART="TCP","192.168.0.29",9991" (37)
19:24:46  [AT] "OK" (2)
19:24:46  [AT] "Linked" (6)
19:24:46  [NET] online (CONNECT) + 캐시 비움
19:24:46  [TX] S,1592,18C,000,2108,P1,4C
19:24:46  [SLOT] n=1757 tx=25 ack=0 due=102 r=1
19:24:46  [AT] "AT+CIPSEND=26" (13)
19:24:46  [AT] " S,1592,18C,000,2108,P1,4C" (26)
19:24:46  [AT] "SEND OK" (7)
19:24:47  [TX] D,*,7,12,5A
19:24:47  D,A1,IP,01
19:24:47  D,A2,IP,02
19:24:47  D,A3,IP,03
19:24:47  D,A4,IP,04
19:24:47  D,A5,IP,05
19:24:47  D,B1,IP,02
19:24:47  D,B2,IP,01
19:24:47  D,B3,IP,00
19:24:47  D,B4,IP,07
19:24:47  D,B5,IP,06
19:24:47  D,E1,OB,11
19:24:47  D,X1,OB,0C
19:24:47  [REG] 등록 전송 143B
19:24:47  [SLOT] n=1758 tx=143 ack=0 due=0 r=1
19:24:47  [AT] "AT+CIPSEND=144" (14)
19:24:47  [DROP-OVF] 줄이 96바이트를 넘어 버렸다
19:24:47  [AT] "SEND OK" (7)
19:24:48  [TX] S,1594,18C,000,2110,P1,43
19:24:48  [SLOT] n=1759 tx=25 ack=0 due=0 r=1
19:24:48  [AT] "AT+CIPSEND=26" (13)
19:24:48  [AT] " S,1594,18C,000,2110,P1,43" (26)
19:24:48  [AT] "SEND OK" (7)
19:24:49  [TX] S,1595,18E,000,2112,P1,46
19:24:49  [SLOT] n=1760 tx=25 ack=0 due=0 r=1
19:24:49  [AT] "AT+CIPSEND=26" (13)
19:24:49  [AT] " S,1595,18E,000,2112,P1,46" (26)
19:24:49  [AT] "SEND OK" (7)
19:24:50  [TX] S,1596,18E,000,2113,P1,44
19:24:50  [SLOT] n=1761 tx=25 ack=0 due=0 r=1
19:24:50  [AT] "AT+CIPSEND=26" (13)
19:24:50  [AT] " S,1596,18E,000,2113,P1,44" (26)
19:24:51  [AT] "SEND OK" (7)
19:24:52  [TX] S,1597,18E,000,2114,P1,42
19:24:52  [SLOT] n=1762 tx=25 ack=0 due=0 r=1
19:24:52  [AT] "AT+CIPSEND=26" (13)
19:24:52  [AT] " S,1597,18E,000,2114,P1,42" (26)
19:24:52  [AT] "SEND OK" (7)
19:24:53  [TX] S,1598,18E,000,2115,P1,4C
19:24:53  [SLOT] n=1763 tx=25 ack=0 due=0 r=1
19:24:53  [AT] "AT+CIPSEND=26" (13)
19:24:53  [AT] " S,1598,18E,000,2115,P1,4C" (26)
19:24:53  [AT] "SEND OK" (7)
19:24:54  [TX] S,1599,18F,000,2116,P1,4D
19:24:54  [SLOT] n=1764 tx=25 ack=0 due=0 r=1
19:24:54  [AT] "AT+CIPSEND=26" (13)
19:24:54  [AT] " S,1599,18F,000,2116,P1,4D" (26)
19:24:54  [AT] "SEND OK" (7)
19:24:55  [TX] S,1600,18F,000,2118,P1,40
19:24:55  [SLOT] n=1765 tx=25 ack=0 due=0 r=1
19:24:55  [AT] "AT+CIPSEND=26" (13)
19:24:55  [AT] " S,1600,18F,000,2118,P1,40" (26)
19:24:55  [AT] "SEND OK" (7)
19:24:56  [TX] S,1601,18F,000,2119,P1,40
19:24:56  [SLOT] n=1766 tx=25 ack=0 due=0 r=1
19:24:56  [AT] "AT+CIPSEND=26" (13)
19:24:57  [AT] " S,1601,18F,000,2119,P1,40" (26)
19:24:57  [AT] "SEND OK" (7)
19:24:58  [TX] S,1602,18F,000,2120,P1,49
19:24:58  [SLOT] n=1767 tx=25 ack=0 due=0 r=1
19:24:58  [AT] "AT+CIPSEND=26" (13)
19:24:58  [AT] " S,1602,18F,000,2120,P1,49" (26)
19:24:58  [AT] "SEND OK" (7)
19:24:59  [TX] S,1603,18F,000,2121,P1,49
19:24:59  [SLOT] n=1768 tx=25 ack=0 due=0 r=1
19:24:59  [AT] "AT+CIPSEND=26" (13)
19:24:59  [AT] " S,1603,18F,000,2121,P1,49" (26)
19:24:59  [AT] "SEND OK" (7)
19:25:00  [TX] S,1604,18F,000,2122,P1,4D
19:25:00  [SLOT] n=1769 tx=25 ack=0 due=0 r=1
19:25:00  [AT] "AT+CIPSEND=26" (13)
19:25:00  [AT] " S,1604,18F,000,2122,P1,4D" (26)
19:25:00  [AT] "ERROR" (5)
19:25:00  [NET] 송신 오류 응답(로그만, 카운터는 sendLine 이 센다): ERROR
19:25:00  [AT] "Unlink" (6)
19:25:00  [DIAG] offline step=3 사다리=2/0 rx=88685 lines=5109 up=2122s
19:25:01  [NET] 3 CIFSR (IP 를 실제로 받았는가)
19:25:01  [AT] "AT+CIFSR" (8)
19:25:01  [AT] "0.0.0.0" (7)
19:25:01  [NET] ★ ESP 가 IP 를 잃었다 — 모듈 리셋으로 본다. 누적 사건 16
19:25:01  [AT] "OK" (2)
19:25:03  [NET] 3 CIFSR (IP 를 실제로 받았는가)
19:25:03  [AT] "AT+CIFSR" (8)
19:25:03  [AT] "192.168.0.214" (13)
19:25:03  [NET] ★ IP 확보: 192.168.0.214
19:25:03  [AT] "OK" (2)
19:25:03  [DIAG] offline step=4 사다리=2/0 rx=88743 lines=5115 up=2125s
19:25:03  [NET] 4 CIPMUX=0
19:25:03  [AT] "AT+CIPMUX=0" (11)
19:25:03  [AT] "OK" (2)
19:25:03  [NET] CIPMUX=0 적용됨 → CIPSTART
19:25:04  [NET] 5 CIPSTART
19:25:04  [AT] "AT+CIPSTART="TCP","192.168.0.29",9991" (37)
19:25:04  [AT] "OK" (2)
19:25:04  [AT] "Linked" (6)
19:25:04  [NET] online (CONNECT) + 캐시 비움
19:25:04  [TX] S,1605,18C,000,2126,P1,4D
19:25:04  [SLOT] n=1772 tx=25 ack=0 due=170 r=1
19:25:04  [AT] "AT+CIPSEND=26" (13)
19:25:04  [AT] " S,1605,18C,000,2126,P1,4D" (26)
19:25:04  [AT] "SEND OK" (7)
19:25:05  [TX] D,*,7,12,5A
19:25:05  D,A1,IP,01
19:25:05  D,A2,IP,02
19:25:05  D,A3,IP,03
19:25:05  D,A4,IP,04
19:25:05  D,A5,IP,05
19:25:05  D,B1,IP,02
19:25:05  D,B2,IP,01
19:25:05  D,B3,IP,00
19:25:05  D,B4,IP,07
19:25:05  D,B5,IP,06
19:25:05  D,E1,OB,11
19:25:05  D,X1,OB,0C
19:25:05  [REG] 등록 전송 143B
19:25:05  [SLOT] n=1773 tx=143 ack=0 due=0 r=1
19:25:05  [AT] "AT+CIPSEND=144" (14)
19:25:05  [DROP-OVF] 줄이 96바이트를 넘어 버렸다
19:25:05  [AT] "SEND OK" (7)
19:25:06  [TX] S,1607,18C,000,2128,P1,41
19:25:06  [SLOT] n=1774 tx=25 ack=0 due=0 r=1
19:25:06  [AT] "AT+CIPSEND=26" (13)
19:25:06  [AT] " S,1607,18C,000,2128,P1,41" (26)
19:25:06  [AT] "SEND OK" (7)
19:25:07  [TX] S,1608,18C,000,2130,P1,47
19:25:07  [SLOT] n=1775 tx=25 ack=0 due=0 r=1
19:25:07  [AT] "AT+CIPSEND=26" (13)
19:25:07  [AT] " S,1608,18C,000,2130,P1,47" (26)
19:25:07  [AT] "SEND OK" (7)
19:25:08  [TX] S,1609,18C,000,2131,P1,47
19:25:08  [SLOT] n=1776 tx=25 ack=0 due=0 r=1
19:25:08  [AT] "AT+CIPSEND=26" (13)
19:25:08  [AT] " S,1609,18C,000,2131,P1,47" (26)
19:25:08  [AT] "SEND OK" (7)
19:25:10  [TX] S,1610,18C,000,2132,P1,4C
19:25:10  [SLOT] n=1777 tx=25 ack=0 due=0 r=1
19:25:10  [AT] "AT+CIPSEND=26" (13)
19:25:10  [AT] " S,1610,18C,000,2132,P1,4C" (26)
19:25:10  [AT] "SEND OK" (7)
19:25:11  [TX] S,1611,18D,000,2133,P1,4B
19:25:11  [SLOT] n=1778 tx=25 ack=0 due=0 r=1
19:25:11  [AT] "AT+CIPSEND=26" (13)
19:25:11  [AT] " S,1611,18D,000,2133,P1,4B" (26)
19:25:11  [AT] "SEND OK" (7)
19:25:12  [TX] S,1612,18D,000,2134,P1,4F
19:25:12  [SLOT] n=1779 tx=25 ack=0 due=0 r=1
19:25:12  [AT] "AT+CIPSEND=26" (13)
19:25:12  [AT] " S,1612,18D,000,2134,P1,4F" (26)
19:25:12  [AT] "SEND OK" (7)
19:25:13  [TX] S,1613,18F,000,2136,P1,4E
19:25:13  [SLOT] n=1780 tx=25 ack=0 due=0 r=1
19:25:13  [AT] "AT+CIPSEND=26" (13)
19:25:13  [AT] " S,1613,18F,000,2136,P1,4E" (26)
19:25:13  [AT] "SEND OK" (7)
19:25:14  [TX] S,1614,18F,000,2137,P1,48
19:25:14  [SLOT] n=1781 tx=25 ack=0 due=0 r=1
19:25:14  [AT] "AT+CIPSEND=26" (13)
19:25:15  [AT] " S,1614,18F,000,2137,P1,48" (26)
19:25:15  [AT] "SEND OK" (7)
19:25:16  [TX] S,1615,18F,000,2138,P1,46
19:25:16  [SLOT] n=1782 tx=25 ack=0 due=0 r=1
19:25:16  [AT] "AT+CIPSEND=26" (13)
19:25:16  [AT] " S,1615,18F,000,2138,P1,46" (26)
19:25:16  [AT] "SEND OK" (7)
19:25:17  [TX] S,1616,18F,000,2139,P1,44
19:25:17  [SLOT] n=1783 tx=25 ack=0 due=0 r=1
19:25:17  [AT] "AT+CIPSEND=26" (13)
19:25:17  [AT] " S,1616,18F,000,2139,P1,44" (26)
19:25:17  [AT] "SEND OK" (7)
19:25:18  [TX] S,1617,18F,000,2140,P1,4B
19:25:18  [SLOT] n=1784 tx=25 ack=0 due=0 r=1
19:25:18  [AT] "AT+CIPSEND=26" (13)
19:25:18  [AT] " S,1617,18F,000,2140,P1,4B" (26)
19:25:18  [AT] "SEND OK" (7)
19:25:19  [TX] S,1618,18E,000,2142,P1,45
19:25:19  [SLOT] n=1785 tx=25 ack=0 due=0 r=1
19:25:19  [AT] "AT+CIPSEND=26" (13)
19:25:19  [AT] " S,1618,18E,000,2142,P1,45" (26)
19:25:19  [AT] "SEND OK" (7)
19:25:20  [TX] S,1619,18E,000,2143,P1,45
19:25:20  [SLOT] n=1786 tx=25 ack=0 due=0 r=1
19:25:20  [AT] "AT+CIPSEND=26" (13)
19:25:20  [AT] " S,1619,18E,000,2143,P1,45" (26)
19:25:20  [AT] "SEND OK" (7)
19:25:22  [TX] S,1620,18E,000,2144,P1,48
19:25:22  [SLOT] n=1787 tx=25 ack=0 due=0 r=1
19:25:22  [AT] "AT+CIPSEND=26" (13)
19:25:22  [AT] " S,1620,18E,000,2144,P1,48" (26)
19:25:22  [AT] "SEND OK" (7)
19:25:23  [TX] S,1621,18E,000,2145,P1,48
19:25:23  [SLOT] n=1788 tx=25 ack=0 due=0 r=1
19:25:23  [AT] "AT+CIPSEND=26" (13)
19:25:23  [AT] " S,1621,18E,000,2145,P1,48" (26)
19:25:23  [AT] "SEND OK" (7)
19:25:24  [TX] S,1622,18E,000,2146,P1,48
19:25:24  [SLOT] n=1789 tx=25 ack=0 due=0 r=1
19:25:24  [AT] "AT+CIPSEND=26" (13)
19:25:24  [AT] " S,1622,18E,000,2146,P1,48" (26)
19:25:24  [AT] "SEND OK" (7)
19:25:25  [TX] S,1623,18C,000,2148,P1,41
19:25:25  [SLOT] n=1790 tx=25 ack=0 due=0 r=1
19:25:25  [AT] "AT+CIPSEND=26" (13)
19:25:25  [AT] " S,1623,18C,000,2148,P1,41" (26)
19:25:25  [AT] "SEND OK" (7)
19:25:26  [TX] S,1624,18C,000,2149,P1,47
19:25:26  [SLOT] n=1791 tx=25 ack=0 due=0 r=1
19:25:26  [AT] "AT+CIPSEND=26" (13)
19:25:27  [AT] " S,1624,18C,000,2149,P1,47" (26)
19:25:27  [AT] "SEND OK" (7)
19:25:28  [TX] S,1625,18D,000,2150,P1,49
19:25:28  [SLOT] n=1792 tx=25 ack=0 due=0 r=1
19:25:28  [AT] "AT+CIPSEND=26" (13)
19:25:28  [AT] " S,1625,18D,000,2150,P1,49" (26)
19:25:28  [AT] "SEND OK" (7)
19:25:29  [TX] S,1626,18D,000,2151,P1,4B
19:25:29  [SLOT] n=1793 tx=25 ack=0 due=0 r=1
19:25:29  [AT] "AT+CIPSEND=26" (13)
19:25:29  [AT] " S,1626,18D,000,2151,P1,4B" (26)
19:25:29  [AT] "SEND OK" (7)
19:25:30  [TX] S,1627,18D,000,2152,P1,49
19:25:30  [SLOT] n=1794 tx=25 ack=0 due=0 r=1
19:25:30  [AT] "AT+CIPSEND=26" (13)
19:25:30  [AT] " S,1627,18D,000,2152,P1,49" (26)
19:25:30  [AT] "SEND OK" (7)
19:25:31  [TX] S,1628,18D,000,2154,P1,40
19:25:31  [SLOT] n=1795 tx=25 ack=0 due=0 r=1
19:25:31  [AT] "AT+CIPSEND=26" (13)
19:25:31  [AT] " S,1628,18D,000,2154,P1,40" (26)
19:25:31  [AT] "SEND OK" (7)
19:25:32  [TX] S,1629,18D,000,2155,P1,40
19:25:32  [SLOT] n=1796 tx=25 ack=0 due=0 r=1
19:25:32  [AT] "AT+CIPSEND=26" (13)
19:25:33  [AT] " S,1629,18D,000,2155,P1,40" (26)
19:25:33  [AT] "SEND OK" (7)
19:25:34  [TX] S,1630,18D,000,2156,P1,4B
19:25:34  [SLOT] n=1797 tx=25 ack=0 due=0 r=1
19:25:34  [AT] "AT+CIPSEND=26" (13)
19:25:34  [LADDER] ↓ 30초 연속 온라인 — 사다리를 0단으로 내린다 (직전 2단)
19:25:34  [AT] " S,1630,18D,000,2156,P1,4B" (26)
19:25:34  [AT] "SEND OK" (7)
19:25:35  [TX] S,1631,18D,000,2157,P1,4B
19:25:35  [SLOT] n=1798 tx=25 ack=0 due=0 r=1
19:25:35  [AT] "AT+CIPSEND=26" (13)
19:25:35  [AT] " S,1631,18D,000,2157,P1,4B" (26)
19:25:35  [AT] "ERROR" (5)
19:25:35  [NET] 송신 오류 응답(로그만, 카운터는 sendLine 이 센다): ERROR
19:25:35  [AT] "Unlink" (6)
19:25:35  [DIAG] offline step=3 사다리=0/0 rx=90361 lines=5201 up=2158s
19:25:36  [NET] 3 CIFSR (IP 를 실제로 받았는가)
19:25:36  [AT] "AT+CIFSR" (8)
19:25:36  [AT] "0.0.0.0" (7)
19:25:36  [NET] ★ ESP 가 IP 를 잃었다 — 모듈 리셋으로 본다. 누적 사건 17
19:25:36  [AT] "OK" (2)
19:25:37  [CNT] up=2160 drop=1 esprst=17 hwrst=0/0 resync=0 sendfail=0 okto=1 stuck=1 ackq=0 ackdrop=0 ackstale=0 slot=1800 oow=7 smiss=9 ssovf=0 cksumng=0 okstream=1619 penddrop=0 pendfill=1632 bigfill=17 bigdrop=0 bigokst=16 oklost=0 bigoklost=0 skip=11 online=0
19:25:37  [RAM] 최저 여유 596 B · 프롬프트 재동기 0회 (서버의 '버린줄' 과 맞아야 한다)
19:25:38  «tap» 살아있음 — 최근 60초 rx=9707B (이 줄이 끊기면 탭이 죽은 것이다)
19:25:38  [NET] 3 CIFSR (IP 를 실제로 받았는가)
19:25:38  [AT] "AT+CIFSR" (8)
19:25:38  [AT] "0.0.0.0" (7)
19:25:38  [AT] "OK" (2)
19:25:38  [DIAG] offline step=3 사다리=0/0 rx=90413 lines=5207 up=2161s
19:25:41  [NET] 3 CIFSR (IP 를 실제로 받았는가)
19:25:41  [NET] CIFSR 3회에도 IP 가 없다 → CWJAP 부터 다시
19:25:41  [LADDER] 실패(CWJAP FAIL) CWJAP소요 93s · 연속 0회 · 결합유지 55s · 현재 0단(0회 누적)
19:25:41  [LADDER] ↑↑ 단 상승 → 1단
19:25:41  [LADDER] 1단 조치: 시리얼 드레인 32바이트 버림 + 줄 조립 초기화
19:25:41  [DIAG] offline step=2 사다리=1/0 rx=90413 lines=5207 up=2164s
19:25:42  [NET] 2 CWJAP (응답까지 최대 30초 기다린다)
19:25:42  [AT] "AT+CWJAP="3F_302","0424719222!!"" (32)
19:25:44  [DIAG] offline step=2 사다리=1/0 rx=90448 lines=5208 up=2167s
19:25:47  [AT] "OK" (2)
19:25:47  [NET] CWJAP OK — 결합됐다. IP 를 실제로 받았는지 CIFSR 로 확인한다
19:25:47  [NET] 3 CIFSR (IP 를 실제로 받았는가)
19:25:47  [AT] "AT+CIFSR" (8)
19:25:47  [AT] "192.168.0.214" (13)
19:25:47  [NET] ★ IP 확보: 192.168.0.214
19:25:47  [AT] "OK" (2)
19:25:47  [DIAG] offline step=4 사다리=1/0 rx=90486 lines=5212 up=2170s
19:25:47  [NET] 4 CIPMUX=0
19:25:47  [AT] "AT+CIPMUX=0" (11)
19:25:47  [AT] "OK" (2)
19:25:47  [NET] CIPMUX=0 적용됨 → CIPSTART
19:25:48  [NET] 5 CIPSTART
19:25:48  [AT] "AT+CIPSTART="TCP","192.168.0.29",9991" (37)
19:25:48  [AT] "OK" (2)
19:25:48  [AT] "Linked" (6)
19:25:48  [NET] online (CONNECT) + 캐시 비움
19:25:48  [TX] S,1632,18F,000,2170,P1,4F
19:25:48  [SLOT] n=1809 tx=25 ack=0 due=0 r=1
19:25:48  [AT] "AT+CIPSEND=26" (13)
19:25:48  [AT] " S,1632,18F,000,2170,P1,4F" (26)
19:25:48  [AT] "SEND OK" (7)
19:25:49  [TX] D,*,7,12,5A
19:25:49  D,A1,IP,01
19:25:49  D,A2,IP,02
19:25:49  D,A3,IP,03
19:25:49  D,A4,IP,04
19:25:49  D,A5,IP,05
19:25:49  D,B1,IP,02
19:25:49  D,B2,IP,01
19:25:49  D,B3,IP,00
19:25:49  D,B4,IP,07
19:25:49  D,B5,IP,06
19:25:49  D,E1,OB,11
19:25:49  D,X1,OB,0C
19:25:49  [REG] 등록 전송 143B
19:25:49  [SLOT] n=1810 tx=143 ack=0 due=0 r=1
19:25:49  [AT] "AT+CIPSEND=144" (14)
19:25:50  [DROP-OVF] 줄이 96바이트를 넘어 버렸다
19:25:50  [AT] "SEND OK" (7)
19:25:50  [TX] S,1634,18D,000,2173,P1,48
19:25:50  [SLOT] n=1811 tx=25 ack=0 due=0 r=1
19:25:50  [AT] "AT+CIPSEND=26" (13)
19:25:50  [AT] " S,1634,18D,000,2173,P1,48" (26)
19:25:50  [AT] "SEND OK" (7)
19:25:52  [TX] S,1635,18D,000,2174,P1,4E
19:25:52  [SLOT] n=1812 tx=25 ack=0 due=0 r=1
19:25:52  [AT] "AT+CIPSEND=26" (13)
19:25:52  [AT] " S,1635,18D,000,2174,P1,4E" (26)
19:25:52  [AT] "SEND OK" (7)
19:25:53  [TX] S,1636,18C,000,2175,P1,4B
19:25:53  [SLOT] n=1813 tx=25 ack=0 due=0 r=1
19:25:53  [AT] "AT+CIPSEND=26" (13)
19:25:53  [AT] " S,1636,18C,000,2175,P1,4B" (26)
19:25:53  [AT] "SEND OK" (7)
19:25:54  [TX] S,1637,18C,000,2176,P1,49
19:25:54  [SLOT] n=1814 tx=25 ack=0 due=0 r=1
19:25:54  [AT] "AT+CIPSEND=26" (13)
19:25:54  [AT] " S,1637,18C,000,2176,P1,49" (26)
19:25:54  [AT] "SEND OK" (7)
19:25:55  [TX] S,1638,18C,000,2178,P1,48
19:25:55  [SLOT] n=1815 tx=25 ack=0 due=0 r=1
19:25:55  [AT] "AT+CIPSEND=26" (13)
19:25:55  [AT] " S,1638,18C,000,2178,P1,48" (26)
19:25:55  [AT] "SEND OK" (7)
19:25:56  [TX] S,1639,18C,000,2179,P1,48
19:25:56  [SLOT] n=1816 tx=25 ack=0 due=0 r=1
19:25:56  [AT] "AT+CIPSEND=26" (13)
19:25:56  [AT] " S,1639,18C,000,2179,P1,48" (26)
19:25:56  [AT] "SEND OK" (7)
19:25:58  [TX] S,1640,18C,000,2180,P1,40
19:25:58  [SLOT] n=1817 tx=25 ack=0 due=0 r=1
19:25:58  [AT] "AT+CIPSEND=26" (13)
19:25:58  [AT] " S,1640,18C,000,2180,P1,40" (26)
19:25:58  [AT] "SEND OK" (7)
19:25:59  [TX] S,1641,18C,000,2181,P1,40
19:25:59  [SLOT] n=1818 tx=25 ack=0 due=0 r=1
19:25:59  [AT] "AT+CIPSEND=26" (13)
19:25:59  [AT] " S,1641,18C,000,2181,P1,40" (26)
19:25:59  [AT] "SEND OK" (7)
19:26:00  [TX] S,1642,18C,000,2182,P1,40
19:26:00  [SLOT] n=1819 tx=25 ack=0 due=0 r=1
19:26:00  [AT] "AT+CIPSEND=26" (13)
19:26:00  [AT] " S,1642,18C,000,2182,P1,40" (26)
19:26:00  [AT] "SEND OK" (7)
19:26:02  [TX] S,1643,18F,000,2184,P1,42
19:26:02  [SLOT] n=1820 tx=25 ack=0 due=0 r=1
19:26:02  [AT] "AT+CIPSEND=26" (13)
19:26:02  [AT] " S,1643,18F,000,2184,P1,42" (26)
19:26:02  [AT] "SEND OK" (7)
19:26:03  [TX] S,1644,18F,000,2185,P1,44
19:26:03  [SLOT] n=1821 tx=25 ack=0 due=0 r=1
19:26:03  [AT] "AT+CIPSEND=26" (13)
19:26:03  [AT] " S,1644,18F,000,2185,P1,44" (26)
19:26:03  [AT] "SEND OK" (7)
19:26:05  [TX] S,1645,18F,000,2186,P1,46
19:26:05  [SLOT] n=1822 tx=25 ack=0 due=0 r=1
19:26:05  [AT] "AT+CIPSEND=26" (13)
19:26:05  [AT] " S,1645,18F,000,2186,P1,46" (26)
19:26:05  [AT] "SEND OK" (7)
19:26:06  [TX] S,1646,18F,000,2187,P1,44
19:26:06  [SLOT] n=1823 tx=25 ack=0 due=0 r=1
19:26:06  [AT] "AT+CIPSEND=26" (13)
19:26:06  [AT] " S,1646,18F,000,2187,P1,44" (26)
19:26:06  [AT] "SEND OK" (7)
19:26:07  [TX] S,1647,18F,000,2188,P1,4A
19:26:07  [SLOT] n=1824 tx=25 ack=0 due=0 r=1
19:26:07  [AT] "AT+CIPSEND=26" (13)
19:26:07  [AT] " S,1647,18F,000,2188,P1,4A" (26)
19:26:07  [AT] "SEND OK" (7)
19:26:08  [TX] S,1648,18F,000,2190,P1,4C
19:26:08  [SLOT] n=1825 tx=25 ack=0 due=0 r=1
19:26:08  [AT] "AT+CIPSEND=26" (13)
19:26:08  [AT] " S,1648,18F,000,2190,P1,4C" (26)
19:26:08  [AT] "SEND OK" (7)
19:26:09  [TX] S,1649,18F,000,2191,P1,4C
19:26:09  [SLOT] n=1826 tx=25 ack=0 due=0 r=1
19:26:09  [AT] "AT+CIPSEND=26" (13)
19:26:10  [AT] " S,1649,18F,000,2191,P1,4C" (26)
19:26:10  [AT] "SEND OK" (7)
19:26:11  [TX] S,1650,18E,000,2192,P1,44
19:26:11  [SLOT] n=1827 tx=25 ack=0 due=0 r=1
19:26:11  [AT] "AT+CIPSEND=26" (13)
19:26:11  [AT] " S,1650,18E,000,2192,P1,44" (26)
19:26:11  [AT] "SEND OK" (7)
19:26:12  [TX] S,1651,18E,000,2193,P1,44
19:26:12  [SLOT] n=1828 tx=25 ack=0 due=0 r=1
19:26:12  [AT] "AT+CIPSEND=26" (13)
19:26:12  [AT] " S,1651,18E,000,2193,P1,44" (26)
19:26:12  [AT] "SEND OK" (7)
19:26:13  [TX] S,1652,18E,000,2194,P1,40
19:26:13  [SLOT] n=1829 tx=25 ack=0 due=0 r=1
19:26:13  [AT] "AT+CIPSEND=26" (13)
19:26:13  [AT] " S,1652,18E,000,2194,P1,40" (26)
19:26:13  [AT] "SEND OK" (7)
19:26:14  [TX] S,1653,18C,000,2196,P1,45
19:26:14  [SLOT] n=1830 tx=25 ack=0 due=0 r=1
19:26:14  [AT] "AT+CIPSEND=26" (13)
19:26:14  [AT] " S,1653,18C,000,2196,P1,45" (26)
19:26:14  [AT] "SEND OK" (7)
19:26:15  [TX] S,1654,18C,000,2197,P1,43
19:26:15  [SLOT] n=1831 tx=25 ack=0 due=0 r=1
19:26:15  [AT] "AT+CIPSEND=26" (13)
19:26:15  [AT] " S,1654,18C,000,2197,P1,43" (26)
19:26:15  [AT] "SEND OK" (7)
19:26:17  [TX] S,1655,18C,000,2198,P1,4D
19:26:17  [SLOT] n=1832 tx=25 ack=0 due=0 r=1
19:26:17  [AT] "AT+CIPSEND=26" (13)
19:26:17  [AT] " S,1655,18C,000,2198,P1,4D" (26)
19:26:17  [AT] "SEND OK" (7)
19:26:18  [TX] S,1656,18C,000,2199,P1,4F
19:26:18  [SLOT] n=1833 tx=25 ack=0 due=0 r=1
19:26:18  [AT] "AT+CIPSEND=26" (13)
19:26:18  [AT] " S,1656,18C,000,2199,P1,4F" (26)
19:26:18  [AT] "SEND OK" (7)
19:26:19  [LADDER] ↓ 30초 연속 온라인 — 사다리를 0단으로 내린다 (직전 1단)
19:26:19  [TX] S,1657,18D,000,2200,P1,4A
19:26:19  [SLOT] n=1834 tx=25 ack=0 due=0 r=1
19:26:19  [AT] "AT+CIPSEND=26" (13)
19:26:19  [AT] " S,1657,18D,000,2200,P1,4A" (26)
19:26:19  [AT] "SEND OK" (7)
19:26:20  [TX] S,1658,18D,000,2202,P1,47
19:26:20  [SLOT] n=1835 tx=25 ack=0 due=0 r=1
19:26:20  [AT] "AT+CIPSEND=26" (13)
19:26:20  [AT] " S,1658,18D,000,2202,P1,47" (26)
19:26:20  [AT] "SEND OK" (7)
19:26:21  [TX] S,1659,18D,000,2203,P1,47
19:26:21  [SLOT] n=1836 tx=25 ack=0 due=0 r=1
19:26:21  [AT] "AT+CIPSEND=26" (13)
19:26:21  [AT] " S,1659,18D,000,2203,P1,47" (26)
19:26:21  [AT] "SEND OK" (7)
19:26:23  [TX] S,1660,18D,000,2204,P1,4A
19:26:23  [SLOT] n=1837 tx=25 ack=0 due=0 r=1
19:26:23  [AT] "AT+CIPSEND=26" (13)
19:26:23  [AT] " S,1660,18D,000,2204,P1,4A" (26)
19:26:23  [AT] "SEND OK" (7)
19:26:24  [TX] S,1661,18D,000,2205,P1,4A
19:26:24  [SLOT] n=1838 tx=25 ack=0 due=0 r=1
19:26:24  [AT] "AT+CIPSEND=26" (13)
19:26:24  [AT] " S,1661,18D,000,2205,P1,4A" (26)
19:26:24  [AT] "SEND OK" (7)
19:26:25  [TX] S,1662,18D,000,2206,P1,4A
19:26:25  [SLOT] n=1839 tx=25 ack=0 due=0 r=1
19:26:25  [AT] "AT+CIPSEND=26" (13)
19:26:25  [AT] " S,1662,18D,000,2206,P1,4A" (26)
19:26:25  [AT] "SEND OK" (7)
19:26:26  [TX] S,1663,18F,000,2208,P1,47
19:26:26  [SLOT] n=1840 tx=25 ack=0 due=0 r=1
19:26:26  [AT] "AT+CIPSEND=26" (13)
19:26:26  [AT] " S,1663,18F,000,2208,P1,47" (26)
19:26:26  [AT] "SEND OK" (7)
19:26:27  [TX] S,1664,18E,000,2209,P1,42
19:26:27  [SLOT] n=1841 tx=25 ack=0 due=0 r=1
19:26:27  [AT] "AT+CIPSEND=26" (13)
19:26:27  [AT] " S,1664,18E,000,2209,P1,42" (26)
19:26:27  [AT] "SEND OK" (7)
19:26:29  [TX] S,1665,18E,000,2210,P1,4B
19:26:29  [SLOT] n=1842 tx=25 ack=0 due=0 r=1
19:26:29  [AT] "AT+CIPSEND=26" (13)
19:26:29  [AT] " S,1665,18E,000,2210,P1,4B" (26)
19:26:29  [AT] "SEND OK" (7)
19:26:30  [TX] S,1666,18E,000,2211,P1,49
19:26:30  [SLOT] n=1843 tx=25 ack=0 due=0 r=1
19:26:30  [AT] "AT+CIPSEND=26" (13)
19:26:30  [AT] " S,1666,18E,000,2211,P1,49" (26)
19:26:30  [AT] "SEND OK" (7)
19:26:31  [TX] S,1667,18E,000,2212,P1,4B
19:26:31  [SLOT] n=1844 tx=25 ack=0 due=0 r=1
19:26:31  [AT] "AT+CIPSEND=26" (13)
19:26:31  [AT] " S,1667,18E,000,2212,P1,4B" (26)
19:26:31  [AT] "SEND OK" (7)
19:26:32  [TX] S,1668,18E,000,2214,P1,42
19:26:32  [SLOT] n=1845 tx=25 ack=0 due=0 r=1
19:26:32  [AT] "AT+CIPSEND=26" (13)
19:26:32  [AT] " S,1668,18E,000,2214,P1,42" (26)
19:26:32  [AT] "SEND OK" (7)
19:26:33  [TX] S,1669,18E,000,2215,P1,42
19:26:33  [SLOT] n=1846 tx=25 ack=0 due=0 r=1
19:26:33  [AT] "AT+CIPSEND=26" (13)
19:26:33  [AT] " S,1669,18E,000,2215,P1,42" (26)
19:26:33  [AT] "SEND OK" (7)
19:26:35  [TX] S,1670,18E,000,2216,P1,49
19:26:35  [SLOT] n=1847 tx=25 ack=0 due=0 r=1
19:26:35  [AT] "AT+CIPSEND=26" (13)
19:26:35  [AT] " S,1670,18E,000,2216,P1,49" (26)
19:26:35  [AT] "SEND OK" (7)
19:26:36  [TX] S,1671,18F,000,2217,P1,4A
19:26:36  [SLOT] n=1848 tx=25 ack=0 due=0 r=1
19:26:36  [AT] "AT+CIPSEND=26" (13)
19:26:36  [AT] " S,1671,18F,000,2217,P1,4A" (26)
19:26:36  [AT] "SEND OK" (7)
19:26:37  [TX] S,1672,18F,000,2218,P1,46
19:26:37  [SLOT] n=1849 tx=25 ack=0 due=0 r=1
19:26:37  [AT] "AT+CIPSEND=26" (13)
19:26:37  [AT] " S,1672,18F,000,2218,P1,46" (26)
19:26:37  [AT] "SEND OK" (7)
19:26:38  [TX] S,1673,18D,000,2220,P1,4E
19:26:38  [SLOT] n=1850 tx=25 ack=0 due=0 r=1
19:26:38  [CNT] up=2220 drop=1 esprst=17 hwrst=0/0 resync=0 sendfail=0 okto=1 stuck=1 ackq=0 ackdrop=0 ackstale=0 slot=1850 oow=7 smiss=10 ssovf=0 cksumng=0 okstream=1660 penddrop=0 pendfill=1674 bigfill=18 bigdrop=0 bigokst=17 oklost=0 bigoklost=0 skip=11 online=1
19:26:38  [RAM] 최저 여유 596 B · 프롬프트 재동기 0회 (서버의 '버린줄' 과 맞아야 한다)
19:26:38  [AT] " S,1673,18D,000,2220,P1,4E" (26)
19:26:38  [AT] "SEND OK" (7)
19:26:38  [AT] "AT+CIPSEND=26" (13)
19:26:39  «tap» 살아있음 — 최근 60초 rx=8454B (이 줄이 끊기면 탭이 죽은 것이다)
19:26:39  [TX] S,1674,18D,000,2221,P1,48
19:26:39  [SLOT] n=1851 tx=25 ack=0 due=0 r=1
19:26:39  [AT] "AT+CIPSEND=26" (13)
19:26:39  [AT] " S,1674,18D,000,2221,P1,48" (26)
19:26:39  [AT] "SEND OK" (7)
19:26:41  [TX] S,1675,18D,000,2222,P1,4A
19:26:41  [SLOT] n=1852 tx=25 ack=0 due=0 r=1
19:26:41  [AT] "AT+CIPSEND=26" (13)
19:26:41  [AT] " S,1675,18D,000,2222,P1,4A" (26)
19:26:41  [AT] "SEND OK" (7)
19:26:42  [TX] S,1676,18D,000,2223,P1,48
19:26:42  [SLOT] n=1853 tx=25 ack=0 due=0 r=1
19:26:42  [AT] "AT+CIPSEND=26" (13)
19:26:42  [AT] " S,1676,18D,000,2223,P1,48" (26)
19:26:42  [AT] "SEND OK" (7)
19:26:43  [TX] S,1677,18D,000,2224,P1,4E
19:26:43  [SLOT] n=1854 tx=25 ack=0 due=0 r=1
19:26:43  [AT] "AT+CIPSEND=26" (13)
19:26:43  [AT] " S,1677,18D,000,2224,P1,4E" (26)
19:26:43  [AT] "SEND OK" (7)
19:26:44  [TX] S,1678,18C,000,2226,P1,44
19:26:44  [SLOT] n=1855 tx=25 ack=0 due=0 r=1
19:26:44  [AT] "AT+CIPSEND=26" (13)
19:26:44  [AT] " S,1678,18C,000,2226,P1,44" (26)
19:26:44  [AT] "SEND OK" (7)
19:26:45  [TX] S,1679,18C,000,2227,P1,44
19:26:45  [SLOT] n=1856 tx=25 ack=0 due=0 r=1
19:26:45  [AT] "AT+CIPSEND=26" (13)
19:26:45  [AT] " S,1679,18C,000,2227,P1,44" (26)
19:26:45  [AT] "SEND OK" (7)
19:26:47  [TX] S,1680,18C,000,2228,P1,4D
19:26:47  [SLOT] n=1857 tx=25 ack=0 due=0 r=1
19:26:47  [AT] "AT+CIPSEND=26" (13)
19:26:47  [AT] " S,1680,18C,000,2228,P1,4D" (26)
19:26:47  [AT] "SEND OK" (7)
19:26:48  [TX] S,1681,18C,000,2229,P1,4D
19:26:48  [SLOT] n=1858 tx=25 ack=0 due=0 r=1
19:26:48  [AT] "AT+CIPSEND=26" (13)
19:26:48  [AT] " S,1681,18C,000,2229,P1,4D" (26)
19:26:48  [AT] "SEND OK" (7)
19:26:49  [TX] S,1682,18C,000,2230,P1,46
19:26:49  [SLOT] n=1859 tx=25 ack=0 due=0 r=1
19:26:49  [AT] "AT+CIPSEND=26" (13)
19:26:49  [AT] " S,1682,18C,000,2230,P1,46" (26)
19:26:49  [AT] "SEND OK" (7)
19:26:50  [TX] S,1683,18E,000,2232,P1,43
19:26:50  [SLOT] n=1860 tx=25 ack=0 due=0 r=1
19:26:50  [AT] "AT+CIPSEND=26" (13)
19:26:50  [AT] " S,1683,18E,000,2232,P1,43" (26)
19:26:50  [AT] "SEND OK" (7)
19:26:51  [TX] S,1684,18E,000,2233,P1,45
19:26:51  [SLOT] n=1861 tx=25 ack=0 due=0 r=1
19:26:51  [AT] "AT+CIPSEND=26" (13)
19:26:51  [AT] " S,1684,18E,000,2233,P1,45" (26)
19:26:51  [AT] "SEND OK" (7)
19:26:53  [TX] S,1685,18F,000,2234,P1,40
19:26:53  [SLOT] n=1862 tx=25 ack=0 due=0 r=1
19:26:53  [AT] "AT+CIPSEND=26" (13)
19:26:53  [AT] " S,1685,18F,000,2234,P1,40" (26)
19:26:53  [AT] "SEND OK" (7)
19:26:54  [TX] S,1686,18F,000,2235,P1,42
19:26:54  [SLOT] n=1863 tx=25 ack=0 due=0 r=1
19:26:54  [AT] "AT+CIPSEND=26" (13)
19:26:54  [AT] " S,1686,18F,000,2235,P1,42" (26)
19:26:54  [AT] "SEND OK" (7)
19:26:55  [TX] S,1687,18F,000,2236,P1,40
19:26:55  [SLOT] n=1864 tx=25 ack=0 due=0 r=1
19:26:55  [AT] "AT+CIPSEND=26" (13)
19:26:55  [AT] " S,1687,18F,000,2236,P1,40" (26)
19:26:55  [AT] "SEND OK" (7)
19:26:56  [TX] S,1688,18F,000,2238,P1,41
19:26:56  [SLOT] n=1865 tx=25 ack=0 due=0 r=1
19:26:56  [AT] "AT+CIPSEND=26" (13)
19:26:56  [AT] " S,1688,18F,000,2238,P1,41" (26)
19:26:56  [AT] "SEND OK" (7)
19:26:57  [TX] S,1689,18F,000,2239,P1,41
19:26:57  [SLOT] n=1866 tx=25 ack=0 due=0 r=1
19:26:57  [AT] "AT+CIPSEND=26" (13)
19:26:57  [AT] " S,1689,18F,000,2239,P1,41" (26)
19:26:57  [AT] "SEND OK" (7)
19:26:58  [TX] S,1690,18F,000,2240,P1,47
19:26:58  [SLOT] n=1867 tx=25 ack=0 due=0 r=1
19:26:59  [AT] "AT+CIPSEND=26" (13)
19:26:59  [AT] " S,1690,18F,000,2240,P1,47" (26)
19:26:59  [AT] "SEND OK" (7)
19:27:00  [TX] S,1691,18F,000,2241,P1,47
19:27:00  [SLOT] n=1868 tx=25 ack=0 due=0 r=1
19:27:00  [AT] "AT+CIPSEND=26" (13)
19:27:00  [AT] " S,1691,18F,000,2241,P1,47" (26)
19:27:00  [AT] "SEND OK" (7)
19:27:01  [TX] S,1692,18E,000,2242,P1,44
19:27:01  [SLOT] n=1869 tx=25 ack=0 due=0 r=1
19:27:01  [AT] "AT+CIPSEND=26" (13)
19:27:01  [AT] " S,1692,18E,000,2242,P1,44" (26)
19:27:01  [AT] "SEND OK" (7)
19:27:02  [TX] S,1693,18C,000,2244,P1,45
19:27:02  [SLOT] n=1870 tx=25 ack=0 due=0 r=1
19:27:02  [AT] "AT+CIPSEND=26" (13)
19:27:02  [AT] " S,1693,18C,000,2244,P1,45" (26)
19:27:02  [AT] "SEND OK" (7)
19:27:03  [TX] S,1694,18C,000,2245,P1,43
19:27:03  [SLOT] n=1871 tx=25 ack=0 due=0 r=1
19:27:03  [AT] "AT+CIPSEND=26" (13)
19:27:03  [AT] " S,1694,18C,000,2245,P1,43" (26)
19:27:03  [AT] "SEND OK" (7)
19:27:04  [TX] S,1695,18C,000,2246,P1,41
19:27:04  [SLOT] n=1872 tx=25 ack=0 due=0 r=1
19:27:05  [AT] "AT+CIPSEND=26" (13)
19:27:05  [AT] " S,1695,18C,000,2246,P1,41" (26)
19:27:05  [AT] "SEND OK" (7)
19:27:06  [TX] S,1696,18C,000,2247,P1,43
19:27:06  [SLOT] n=1873 tx=25 ack=0 due=0 r=1
19:27:06  [AT] "AT+CIPSEND=26" (13)
19:27:06  [AT] " S,1696,18C,000,2247,P1,43" (26)
19:27:06  [AT] "SEND OK" (7)
19:27:07  [TX] S,1697,18C,000,2248,P1,4D
19:27:07  [SLOT] n=1874 tx=25 ack=0 due=0 r=1
19:27:07  [AT] "AT+CIPSEND=26" (13)
19:27:07  [AT] " S,1697,18C,000,2248,P1,4D" (26)
19:27:07  [AT] "SEND OK" (7)
19:27:08  [TX] S,1698,18C,000,2250,P1,4B
19:27:08  [SLOT] n=1875 tx=25 ack=0 due=0 r=1
19:27:08  [AT] "AT+CIPSEND=26" (13)
19:27:08  [AT] " S,1698,18C,000,2250,P1,4B" (26)
19:27:08  [AT] "SEND OK" (7)
19:27:09  [TX] S,1699,18D,000,2251,P1,4C
19:27:09  [SLOT] n=1876 tx=25 ack=0 due=0 r=1
19:27:09  [AT] "AT+CIPSEND=26" (13)
19:27:09  [AT] " S,1699,18D,000,2251,P1,4C" (26)
19:27:09  [AT] "SEND OK" (7)
19:27:10  [TX] S,1700,18D,000,2252,P1,4E
19:27:10  [SLOT] n=1877 tx=25 ack=0 due=0 r=1
19:27:11  [AT] "AT+CIPSEND=26" (13)
19:27:11  [AT] " S,1700,18D,000,2252,P1,4E" (26)
19:27:11  [AT] "SEND OK" (7)
19:27:12  [TX] S,1701,18D,000,2253,P1,4E
19:27:12  [SLOT] n=1878 tx=25 ack=0 due=0 r=1
19:27:12  [AT] "AT+CIPSEND=26" (13)
19:27:12  [AT] " S,1701,18D,000,2253,P1,4E" (26)
19:27:12  [AT] "SEND OK" (7)
19:27:13  [TX] S,1702,18D,000,2254,P1,4A
19:27:13  [SLOT] n=1879 tx=25 ack=0 due=0 r=1
19:27:13  [AT] "AT+CIPSEND=26" (13)
19:27:13  [AT] " S,1702,18D,000,2254,P1,4A" (26)
19:27:13  [AT] "SEND OK" (7)
19:27:14  [TX] S,1703,18F,000,2256,P1,4B
19:27:14  [SLOT] n=1880 tx=25 ack=0 due=0 r=1
19:27:14  [AT] "AT+CIPSEND=26" (13)
19:27:14  [AT] " S,1703,18F,000,2256,P1,4B" (26)
19:27:14  [AT] "SEND OK" (7)
19:27:15  [TX] S,1704,18F,000,2257,P1,4D
19:27:15  [SLOT] n=1881 tx=25 ack=0 due=0 r=1
19:27:15  [AT] "AT+CIPSEND=26" (13)
19:27:15  [AT] " S,1704,18F,000,2257,P1,4D" (26)
19:27:15  [AT] "SEND OK" (7)
19:27:16  [TX] S,1705,18F,000,2258,P1,43
19:27:17  [SLOT] n=1882 tx=25 ack=0 due=0 r=1
19:27:17  [AT] "AT+CIPSEND=26" (13)
19:27:17  [AT] " S,1705,18F,000,2258,P1,43" (26)
19:27:17  [AT] "SEND OK" (7)
19:27:18  [TX] S,1706,18E,000,2259,P1,42
19:27:18  [SLOT] n=1883 tx=25 ack=0 due=0 r=1
19:27:18  [AT] "AT+CIPSEND=26" (13)
19:27:18  [AT] " S,1706,18E,000,2259,P1,42" (26)
19:27:18  [AT] "SEND OK" (7)
19:27:19  [TX] S,1707,18E,000,2260,P1,49
19:27:19  [SLOT] n=1884 tx=25 ack=0 due=0 r=1
19:27:19  [AT] "AT+CIPSEND=26" (13)
19:27:19  [AT] " S,1707,18E,000,2260,P1,49" (26)
19:27:19  [AT] "SEND OK" (7)
19:27:20  [TX] S,1708,18E,000,2262,P1,44
19:27:20  [SLOT] n=1885 tx=25 ack=0 due=0 r=1
19:27:20  [AT] "AT+CIPSEND=26" (13)
19:27:20  [AT] " S,1708,18E,000,2262,P1,44" (26)
19:27:20  [AT] "SEND OK" (7)
19:27:21  [TX] S,1709,18E,000,2263,P1,44
19:27:21  [SLOT] n=1886 tx=25 ack=0 due=0 r=1
19:27:21  [AT] "AT+CIPSEND=26" (13)
19:27:21  [AT] " S,1709,18E,000,2263,P1,44" (26)
19:27:21  [AT] "SEND OK" (7)
19:27:22  [TX] S,1710,18E,000,2264,P1,4B
19:27:22  [SLOT] n=1887 tx=25 ack=0 due=0 r=1
19:27:22  [AT] "AT+CIPSEND=26" (13)
19:27:23  [AT] " S,1710,18E,000,2264,P1,4B" (26)
19:27:23  [AT] "SEND OK" (7)
19:27:24  [TX] S,1711,18E,000,2265,P1,4B
19:27:24  [SLOT] n=1888 tx=25 ack=0 due=0 r=1
19:27:24  [AT] "AT+CIPSEND=26" (13)
19:27:24  [AT] " S,1711,18E,000,2265,P1,4B" (26)
19:27:24  [AT] "SEND OK" (7)
19:27:25  [TX] S,1712,18E,000,2266,P1,4B
19:27:25  [SLOT] n=1889 tx=25 ack=0 due=0 r=1
19:27:25  [AT] "AT+CIPSEND=26" (13)
19:27:25  [AT] " S,1712,18E,000,2266,P1,4B" (26)
19:27:25  [AT] "SEND OK" (7)
19:27:26  [TX] S,1713,18D,000,2268,P1,45
19:27:26  [SLOT] n=1890 tx=25 ack=0 due=0 r=1
19:27:26  [AT] "AT+CIPSEND=26" (13)
19:27:26  [AT] " S,1713,18D,000,2268,P1,45" (26)
19:27:26  [AT] "SEND OK" (7)
19:27:27  [TX] S,1714,18D,000,2269,P1,43
19:27:27  [SLOT] n=1891 tx=25 ack=0 due=0 r=1
19:27:27  [AT] "AT+CIPSEND=26" (13)
19:27:27  [AT] " S,1714,18D,000,2269,P1,43" (26)
19:27:27  [AT] "SEND OK" (7)
19:27:28  [TX] S,1715,18D,000,2270,P1,4A
19:27:28  [SLOT] n=1892 tx=25 ack=0 due=0 r=1
19:27:28  [AT] "AT+CIPSEND=26" (13)
19:27:30  [TX-WAIT] 앞 전송의 SEND OK 를 아직 못 봤다 — 이번 주기는 건너뛴다
19:27:30  [SLOT] n=1893 tx=25 ack=0 due=0 r=0
19:27:30  [AT] " S,1715,18D,000,2270,P1,4A" (26)
19:27:30  [AT] "SEND OK" (7)
19:27:31  [TX] S,1716,18D,000,2272,P1,4B
19:27:31  [SLOT] n=1894 tx=25 ack=0 due=0 r=1
19:27:31  [AT] "AT+CIPSEND=26" (13)
19:27:31  [AT] " S,1716,18D,000,2272,P1,4B" (26)
19:27:31  [AT] "SEND OK" (7)
19:27:32  [TX] S,1717,18D,000,2274,P1,4C
19:27:32  [SLOT] n=1895 tx=25 ack=0 due=0 r=1
19:27:32  [AT] "AT+CIPSEND=26" (13)
19:27:32  [AT] " S,1717,18D,000,2274,P1,4C" (26)
19:27:32  [AT] "SEND OK" (7)
19:27:33  [TX] S,1718,18D,000,2275,P1,42
19:27:33  [SLOT] n=1896 tx=25 ack=0 due=0 r=1
19:27:33  [AT] "AT+CIPSEND=26" (13)
19:27:33  [AT] " S,1718,18D,000,2275,P1,42" (26)
19:27:33  [AT] "SEND OK" (7)
19:27:34  [TX] S,1719,18C,000,2276,P1,47
19:27:34  [SLOT] n=1897 tx=25 ack=0 due=0 r=1
19:27:34  [AT] "AT+CIPSEND=26" (13)
19:27:35  [AT] " S,1719,18C,000,2276,P1,47" (26)
19:27:35  [AT] "SEND OK" (7)
19:27:36  [TX] S,1720,18C,000,2277,P1,4C
19:27:36  [SLOT] n=1898 tx=25 ack=0 due=0 r=1
19:27:36  [AT] "AT+CIPSEND=26" (13)
19:27:36  [AT] " S,1720,18C,000,2277,P1,4C" (26)
19:27:36  [AT] "SEND OK" (7)
19:27:37  [TX] S,1721,18C,000,2278,P1,42
19:27:37  [SLOT] n=1899 tx=25 ack=0 due=0 r=1
19:27:37  [AT] "AT+CIPSEND=26" (13)
19:27:37  [AT] " S,1721,18C,000,2278,P1,42" (26)
19:27:37  [AT] "SEND OK" (7)
19:27:38  [TX] S,1722,18E,000,2280,P1,40
19:27:38  [SLOT] n=1900 tx=25 ack=0 due=0 r=1
19:27:38  [CNT] up=2280 drop=1 esprst=17 hwrst=0/0 resync=0 sendfail=0 okto=1 stuck=1 ackq=0 ackdrop=0 ackstale=0 slot=1900 oow=7 smiss=10 ssovf=0 cksumng=0 okstream=1709 penddrop=0 pendfill=1723 bigfill=18 bigdrop=0 bigokst=17 oklost=0 bigoklost=0 skip=12 online=1
19:27:38  [RAM] 최저 여유 596 B · 프롬프트 재동기 0회 (서버의 '버린줄' 과 맞아야 한다)
19:27:38  [AT] "AT+CIPSEND=26" (13)
19:27:38  [AT] " S,1722,18E,000,2280,P1,40" (26)
19:27:38  [AT] "SEND OK" (7)
19:27:39  «tap» 살아있음 — 최근 60초 rx=8130B (이 줄이 끊기면 탭이 죽은 것이다)
19:27:39  [TX] S,1723,18E,000,2281,P1,40
19:27:39  [SLOT] n=1901 tx=25 ack=0 due=0 r=1
19:27:39  [AT] "AT+CIPSEND=26" (13)
19:27:39  [AT] " S,1723,18E,000,2281,P1,40" (26)
19:27:39  [AT] "SEND OK" (7)
19:27:40  [TX] S,1724,18E,000,2282,P1,44
19:27:40  [SLOT] n=1902 tx=25 ack=0 due=0 r=1
19:27:40  [AT] "AT+CIPSEND=26" (13)
19:27:41  [AT] " S,1724,18E,000,2282,P1,44" (26)
19:27:41  [AT] "SEND OK" (7)
19:27:42  [TX] S,1725,18E,000,2283,P1,44
19:27:42  [SLOT] n=1903 tx=25 ack=0 due=0 r=1
19:27:42  [AT] "AT+CIPSEND=26" (13)
19:27:42  [AT] " S,1725,18E,000,2283,P1,44" (26)
19:27:42  [AT] "SEND OK" (7)
19:27:43  [TX] S,1726,18F,000,2284,P1,43
19:27:43  [SLOT] n=1904 tx=25 ack=0 due=0 r=1
19:27:43  [AT] "AT+CIPSEND=26" (13)
19:27:43  [AT] " S,1726,18F,000,2284,P1,43" (26)
19:27:43  [AT] "SEND OK" (7)
19:27:44  [TX] S,1727,18F,000,2286,P1,40
19:27:44  [SLOT] n=1905 tx=25 ack=0 due=0 r=1
19:27:44  [AT] "AT+CIPSEND=26" (13)
19:27:44  [AT] " S,1727,18F,000,2286,P1,40" (26)
19:27:44  [AT] "SEND OK" (7)
19:27:45  [TX] S,1728,18F,000,2287,P1,4E
19:27:45  [SLOT] n=1906 tx=25 ack=0 due=0 r=1
19:27:45  [AT] "AT+CIPSEND=26" (13)
19:27:45  [AT] " S,1728,18F,000,2287,P1,4E" (26)
19:27:45  [AT] "SEND OK" (7)
19:27:46  [TX] S,1729,18F,000,2288,P1,40
19:27:46  [SLOT] n=1907 tx=25 ack=0 due=0 r=1
19:27:46  [AT] "AT+CIPSEND=26" (13)
19:27:46  [AT] " S,1729,18F,000,2288,P1,40" (26)
19:27:46  [AT] "SEND OK" (7)
19:27:48  [TX] S,1730,18F,000,2289,P1,49
19:27:48  [SLOT] n=1908 tx=25 ack=0 due=0 r=1
19:27:48  [AT] "AT+CIPSEND=26" (13)
19:27:48  [AT] " S,1730,18F,000,2289,P1,49" (26)
19:27:48  [AT] "SEND OK" (7)
19:27:49  [TX] S,1731,18F,000,2290,P1,40
19:27:49  [SLOT] n=1909 tx=25 ack=0 due=0 r=1
19:27:49  [AT] "AT+CIPSEND=26" (13)
19:27:49  [AT] " S,1731,18F,000,2290,P1,40" (26)
19:27:49  [AT] "SEND OK" (7)
19:27:50  [TX] S,1732,18D,000,2292,P1,43
19:27:50  [SLOT] n=1910 tx=25 ack=0 due=0 r=1
19:27:50  [AT] "AT+CIPSEND=26" (13)
19:27:50  [AT] " S,1732,18D,000,2292,P1,43" (26)
19:27:50  [AT] "SEND OK" (7)
19:27:51  [TX] S,1733,18C,000,2293,P1,44
19:27:51  [SLOT] n=1911 tx=25 ack=0 due=0 r=1
19:27:51  [AT] "AT+CIPSEND=26" (13)
19:27:51  [AT] " S,1733,18C,000,2293,P1,44" (26)
19:27:51  [AT] "SEND OK" (7)
19:27:52  [TX] S,1734,18C,000,2294,P1,44
19:27:52  [SLOT] n=1912 tx=25 ack=0 due=0 r=1
19:27:52  [AT] "AT+CIPSEND=26" (13)
19:27:52  [AT] " S,1734,18C,000,2294,P1,44" (26)
19:27:52  [AT] "SEND OK" (7)
19:27:54  [TX] S,1735,18C,000,2295,P1,44
19:27:54  [SLOT] n=1913 tx=25 ack=0 due=0 r=1
19:27:54  [AT] "AT+CIPSEND=26" (13)
19:27:54  [AT] " S,1735,18C,000,2295,P1,44" (26)
19:27:54  [AT] "SEND OK" (7)
19:27:55  [TX] S,1736,18C,000,2296,P1,44
19:27:55  [SLOT] n=1914 tx=25 ack=0 due=0 r=1
19:27:55  [AT] "AT+CIPSEND=26" (13)
19:27:55  [AT] " S,1736,18C,000,2296,P1,44" (26)
19:27:55  [AT] "SEND OK" (7)
19:27:56  [TX] S,1737,18C,000,2298,P1,4B
19:27:56  [SLOT] n=1915 tx=25 ack=0 due=0 r=1
19:27:56  [AT] "AT+CIPSEND=26" (13)
19:27:56  [AT] " S,1737,18C,000,2298,P1,4B" (26)
19:27:56  [AT] "SEND OK" (7)
19:27:57  [TX] S,1738,18C,000,2299,P1,45
19:27:57  [SLOT] n=1916 tx=25 ack=0 due=0 r=1
19:27:57  [AT] "AT+CIPSEND=26" (13)
19:27:57  [AT] " S,1738,18C,000,2299,P1,45" (26)
19:27:57  [AT] "SEND OK" (7)
19:27:58  [TX] S,1739,18C,000,2300,P1,45
19:27:58  [SLOT] n=1917 tx=25 ack=0 due=0 r=1
19:27:58  [AT] "AT+CIPSEND=26" (13)
19:27:58  [AT] " S,1739,18C,000,2300,P1,45" (26)
19:27:58  [AT] "SEND OK" (7)
19:28:00  [TX] S,1740,18D,000,2301,P1,4D
19:28:00  [SLOT] n=1918 tx=25 ack=0 due=0 r=1
19:28:00  [AT] "AT+CIPSEND=26" (13)
19:28:00  [AT] " S,1740,18D,000,2301,P1,4D" (26)
19:28:00  [AT] "SEND OK" (7)
19:28:01  [TX] S,1741,18D,000,2302,P1,4F
19:28:01  [SLOT] n=1919 tx=25 ack=0 due=0 r=1
19:28:01  [AT] "AT+CIPSEND=26" (13)
19:28:01  [AT] " S,1741,18D,000,2302,P1,4F" (26)
19:28:01  [AT] "SEND OK" (7)
19:28:02  [TX] S,1742,18F,000,2304,P1,48
19:28:02  [SLOT] n=1920 tx=25 ack=0 due=0 r=1
19:28:02  [AT] "AT+CIPSEND=26" (13)
19:28:02  [AT] " S,1742,18F,000,2304,P1,48" (26)
19:28:02  [AT] "SEND OK" (7)
19:28:03  [TX] S,1743,18F,000,2305,P1,48
19:28:03  [SLOT] n=1921 tx=25 ack=0 due=0 r=1
19:28:03  [AT] "AT+CIPSEND=26" (13)
19:28:03  [AT] " S,1743,18F,000,2305,P1,48" (26)
19:28:03  [AT] "SEND OK" (7)
19:28:04  [TX] S,1744,18F,000,2306,P1,4C
19:28:04  [SLOT] n=1922 tx=25 ack=0 due=0 r=1
19:28:04  [AT] "AT+CIPSEND=26" (13)
19:28:04  [AT] " S,1744,18F,000,2306,P1,4C" (26)
19:28:04  [AT] "SEND OK" (7)
19:28:06  [TX] S,1745,18F,000,2307,P1,4C
19:28:06  [SLOT] n=1923 tx=25 ack=0 due=0 r=1
19:28:06  [AT] "AT+CIPSEND=26" (13)
19:28:06  [AT] " S,1745,18F,000,2307,P1,4C" (26)
19:28:06  [AT] "SEND OK" (7)
19:28:07  [TX] S,1746,18F,000,2308,P1,40
19:28:07  [SLOT] n=1924 tx=25 ack=0 due=0 r=1
19:28:07  [AT] "AT+CIPSEND=26" (13)
19:28:07  [AT] " S,1746,18F,000,2308,P1,40" (26)
19:28:07  [AT] "SEND OK" (7)
19:28:08  [TX] S,1747,18E,000,2310,P1,4B
19:28:08  [SLOT] n=1925 tx=25 ack=0 due=0 r=1
19:28:08  [AT] "AT+CIPSEND=26" (13)
19:28:08  [AT] " S,1747,18E,000,2310,P1,4B" (26)
19:28:08  [AT] "SEND OK" (7)
19:28:09  [TX] S,1748,18E,000,2311,P1,45
19:28:09  [SLOT] n=1926 tx=25 ack=0 due=0 r=1
19:28:09  [AT] "AT+CIPSEND=26" (13)
19:28:09  [AT] " S,1748,18E,000,2311,P1,45" (26)
19:28:09  [AT] "SEND OK" (7)
19:28:10  [TX] S,1749,18E,000,2312,P1,47
19:28:10  [SLOT] n=1927 tx=25 ack=0 due=0 r=1
19:28:10  [AT] "AT+CIPSEND=26" (13)
19:28:10  [AT] " S,1749,18E,000,2312,P1,47" (26)
19:28:10  [AT] "SEND OK" (7)
19:28:12  [TX] S,1750,18E,000,2313,P1,4E
19:28:12  [SLOT] n=1928 tx=25 ack=0 due=0 r=1
19:28:12  [AT] "AT+CIPSEND=26" (13)
19:28:12  [AT] " S,1750,18E,000,2313,P1,4E" (26)
19:28:12  [AT] "SEND OK" (7)
19:28:13  [TX] S,1751,18E,000,2314,P1,48
19:28:13  [SLOT] n=1929 tx=25 ack=0 due=0 r=1
19:28:13  [AT] "AT+CIPSEND=26" (13)
19:28:13  [AT] " S,1751,18E,000,2314,P1,48" (26)
19:28:13  [AT] "SEND OK" (7)
19:28:14  [TX] S,1752,18C,000,2316,P1,4F
19:28:14  [SLOT] n=1930 tx=25 ack=0 due=0 r=1
19:28:14  [AT] "AT+CIPSEND=26" (13)
19:28:14  [AT] " S,1752,18C,000,2316,P1,4F" (26)
19:28:14  [AT] "SEND OK" (7)
19:28:15  [TX] S,1753,18C,000,2317,P1,4F
19:28:15  [SLOT] n=1931 tx=25 ack=0 due=0 r=1
19:28:15  [AT] "AT+CIPSEND=26" (13)
19:28:15  [AT] " S,1753,18C,000,2317,P1,4F" (26)
19:28:15  [AT] "SEND OK" (7)
19:28:16  [TX] S,1754,18D,000,2318,P1,40
19:28:16  [SLOT] n=1932 tx=25 ack=0 due=0 r=1
19:28:16  [AT] "AT+CIPSEND=26" (13)
19:28:16  [AT] " S,1754,18D,000,2318,P1,40" (26)
19:28:16  [AT] "SEND OK" (7)
19:28:18  [TX] S,1755,18D,000,2319,P1,40
19:28:18  [SLOT] n=1933 tx=25 ack=0 due=0 r=1
19:28:18  [AT] "AT+CIPSEND=26" (13)
19:28:18  [AT] " S,1755,18D,000,2319,P1,40" (26)
19:28:18  [AT] "SEND OK" (7)
19:28:19  [TX] S,1756,18D,000,2320,P1,49
19:28:19  [SLOT] n=1934 tx=25 ack=0 due=0 r=1
19:28:19  [AT] "AT+CIPSEND=26" (13)
19:28:19  [AT] " S,1756,18D,000,2320,P1,49" (26)
19:28:19  [AT] "SEND OK" (7)
19:28:20  [TX] S,1757,18D,000,2322,P1,4A
19:28:20  [SLOT] n=1935 tx=25 ack=0 due=0 r=1
19:28:20  [AT] "AT+CIPSEND=26" (13)
19:28:20  [AT] " S,1757,18D,000,2322,P1,4A" (26)
19:28:20  [AT] "SEND OK" (7)
19:28:19  [TX] S,1758,18D,000,2323,P1,44
19:28:19  [SLOT] n=1936 tx=25 ack=0 due=0 r=1
19:28:19  [AT] "AT+CIPSEND=26" (13)
19:28:19  [AT] " S,1758,18D,000,2323,P1,44" (26)
19:28:19  [AT] "SEND OK" (7)
19:28:20  [TX] S,1759,18D,000,2324,P1,42
19:28:20  [SLOT] n=1937 tx=25 ack=0 due=0 r=1
19:28:20  [AT] "AT+CIPSEND=26" (13)
19:28:20  [AT] " S,1759,18D,000,2324,P1,42" (26)
19:28:20  [AT] "SEND OK" (7)
19:28:22  [TX] S,1760,18D,000,2325,P1,49
19:28:22  [SLOT] n=1938 tx=25 ack=0 due=0 r=1
19:28:22  [AT] "AT+CIPSEND=26" (13)
19:28:22  [AT] " S,1760,18D,000,2325,P1,49" (26)
19:28:22  [AT] "SEND OK" (7)
19:28:23  [TX] S,1761,18C,000,2326,P1,4C
19:28:23  [SLOT] n=1939 tx=25 ack=0 due=0 r=1
19:28:23  [AT] "AT+CIPSEND=26" (13)
19:28:23  [AT] " S,1761,18C,000,2326,P1,4C" (26)
19:28:23  [AT] "SEND OK" (7)
19:28:24  [TX] S,1762,18E,000,2328,P1,47
19:28:24  [SLOT] n=1940 tx=25 ack=0 due=0 r=1
19:28:24  [AT] "AT+CIPSEND=26" (13)
19:28:24  [AT] " S,1762,18E,000,2328,P1,47" (26)
19:28:24  [AT] "SEND OK" (7)
19:28:25  [TX] S,1763,18E,000,2329,P1,47
19:28:25  [SLOT] n=1941 tx=25 ack=0 due=0 r=1
19:28:25  [AT] "AT+CIPSEND=26" (13)
19:28:25  [AT] " S,1763,18E,000,2329,P1,47" (26)
19:28:25  [AT] "SEND OK" (7)
19:28:26  [TX] S,1764,18E,000,2330,P1,48
19:28:26  [SLOT] n=1942 tx=25 ack=0 due=0 r=1
19:28:26  [AT] "AT+CIPSEND=26" (13)
19:28:26  [AT] " S,1764,18E,000,2330,P1,48" (26)
19:28:26  [AT] "SEND OK" (7)
19:28:28  [TX] S,1765,18E,000,2331,P1,48
19:28:28  [SLOT] n=1943 tx=25 ack=0 due=0 r=1
19:28:28  [AT] "AT+CIPSEND=26" (13)
19:28:28  [AT] " S,1765,18E,000,2331,P1,48" (26)
19:28:28  [AT] "SEND OK" (7)
19:28:29  [TX] S,1766,18E,000,2332,P1,48
19:28:29  [SLOT] n=1944 tx=25 ack=0 due=0 r=1
19:28:29  [AT] "AT+CIPSEND=26" (13)
19:28:29  [AT] " S,1766,18E,000,2332,P1,48" (26)
19:28:29  [AT] "SEND OK" (7)
19:28:30  [TX] S,1767,18E,000,2334,P1,4F
19:28:30  [SLOT] n=1945 tx=25 ack=0 due=0 r=1
19:28:30  [AT] "AT+CIPSEND=26" (13)
19:28:30  [AT] " S,1767,18E,000,2334,P1,4F" (26)
19:28:30  [AT] "SEND OK" (7)
19:28:31  [TX] S,1768,18F,000,2335,P1,42
19:28:31  [SLOT] n=1946 tx=25 ack=0 due=0 r=1
19:28:31  [AT] "AT+CIPSEND=26" (13)
19:28:31  [AT] " S,1768,18F,000,2335,P1,42" (26)
19:28:31  [AT] "SEND OK" (7)
19:28:32  [TX] S,1769,18F,000,2336,P1,40
19:28:32  [SLOT] n=1947 tx=25 ack=0 due=0 r=1
19:28:32  [AT] "AT+CIPSEND=26" (13)
19:28:32  [AT] " S,1769,18F,000,2336,P1,40" (26)
19:28:32  [AT] "SEND OK" (7)
19:28:34  [TX] S,1770,18F,000,2337,P1,49
19:28:34  [SLOT] n=1948 tx=25 ack=0 due=0 r=1
19:28:34  [AT] "AT+CIPSEND=26" (13)
19:28:34  [AT] " S,1770,18F,000,2337,P1,49" (26)
19:28:34  [AT] "SEND OK" (7)
19:28:35  [TX] S,1771,18F,000,2338,P1,47
19:28:35  [SLOT] n=1949 tx=25 ack=0 due=0 r=1
19:28:35  [AT] "AT+CIPSEND=26" (13)
19:28:35  [AT] " S,1771,18F,000,2338,P1,47" (26)
19:28:35  [AT] "SEND OK" (7)
19:28:36  [TX] S,1772,18D,000,2340,P1,49
19:28:36  [SLOT] n=1950 tx=25 ack=0 due=0 r=1
19:28:36  [CNT] up=2340 drop=1 esprst=17 hwrst=0/0 resync=0 sendfail=0 okto=1 stuck=1 ackq=0 ackdrop=0 ackstale=0 slot=1950 oow=7 smiss=10 ssovf=0 cksumng=0 okstream=1759 penddrop=0 pendfill=1773 bigfill=18 bigdrop=0 bigokst=17 oklost=0 bigoklost=0 skip=12 online=1
19:28:36  [RAM] 최저 여유 596 B · 프롬프트 재동기 0회 (서버의 '버린줄' 과 맞아야 한다)
19:28:36  [AT] " S,1772,18D,000,2340,P1,49" (26)
19:28:36  [AT] "SEND OK" (7)
19:28:36  [AT] "AT+CIPSEND=26" (13)
19:28:37  [TX] S,1773,18D,000,2341,P1,49
19:28:37  [SLOT] n=1951 tx=25 ack=0 due=0 r=1
19:28:37  [AT] "AT+CIPSEND=26" (13)
19:28:37  [AT] " S,1773,18D,000,2341,P1,49" (26)
19:28:37  [AT] "SEND OK" (7)
19:28:38  [TX] S,1774,18D,000,2342,P1,4D
19:28:38  [SLOT] n=1952 tx=25 ack=0 due=0 r=1
19:28:38  [AT] "AT+CIPSEND=26" (13)
19:28:38  [AT] " S,1774,18D,000,2342,P1,4D" (26)
19:28:38  [AT] "SEND OK" (7)
19:28:39  «tap» 살아있음 — 최근 60초 rx=8472B (이 줄이 끊기면 탭이 죽은 것이다)
19:28:40  [TX] S,1775,18C,000,2343,P1,4A
19:28:40  [SLOT] n=1953 tx=25 ack=0 due=0 r=1
19:28:40  [AT] "AT+CIPSEND=26" (13)
19:28:40  [AT] " S,1775,18C,000,2343,P1,4A" (26)
19:28:40  [AT] "SEND OK" (7)
19:28:41  [TX] S,1776,18C,000,2344,P1,4E
19:28:41  [SLOT] n=1954 tx=25 ack=0 due=0 r=1
19:28:41  [AT] "AT+CIPSEND=26" (13)
19:28:41  [AT] " S,1776,18C,000,2344,P1,4E" (26)
19:28:41  [AT] "SEND OK" (7)
19:28:42  [TX] S,1777,18C,000,2346,P1,4D
19:28:42  [SLOT] n=1955 tx=25 ack=0 due=0 r=1
19:28:42  [AT] "AT+CIPSEND=26" (13)
19:28:42  [AT] " S,1777,18C,000,2346,P1,4D" (26)
19:28:42  [AT] "SEND OK" (7)
19:28:43  [TX] S,1778,18C,000,2347,P1,43
19:28:43  [SLOT] n=1956 tx=25 ack=0 due=0 r=1
19:28:43  [AT] "AT+CIPSEND=26" (13)
19:28:43  [AT] " S,1778,18C,000,2347,P1,43" (26)
19:28:43  [AT] "SEND OK" (7)
19:28:44  [TX] S,1779,18C,000,2348,P1,4D
19:28:44  [SLOT] n=1957 tx=25 ack=0 due=0 r=1
19:28:44  [AT] "AT+CIPSEND=26" (13)
19:28:44  [AT] " S,1779,18C,000,2348,P1,4D" (26)
19:28:44  [AT] "SEND OK" (7)
19:28:46  [TX] S,1780,18C,000,2349,P1,4A
19:28:46  [SLOT] n=1958 tx=25 ack=0 due=0 r=1
19:28:46  [AT] "AT+CIPSEND=26" (13)
19:28:46  [AT] " S,1780,18C,000,2349,P1,4A" (26)
19:28:46  [AT] "SEND OK" (7)
19:28:47  [TX] S,1781,18C,000,2350,P1,43
19:28:47  [SLOT] n=1959 tx=25 ack=0 due=0 r=1
19:28:47  [AT] "AT+CIPSEND=26" (13)
19:28:47  [AT] " S,1781,18C,000,2350,P1,43" (26)
19:28:47  [AT] "SEND OK" (7)
19:28:48  [TX] S,1782,18F,000,2352,P1,47
19:28:48  [SLOT] n=1960 tx=25 ack=0 due=0 r=1
19:28:48  [AT] "AT+CIPSEND=26" (13)
19:28:48  [AT] " S,1782,18F,000,2352,P1,47" (26)
19:28:48  [AT] "SEND OK" (7)
19:28:49  [TX] S,1783,18F,000,2353,P1,47
19:28:49  [SLOT] n=1961 tx=25 ack=0 due=0 r=1
19:28:49  [AT] "AT+CIPSEND=26" (13)
19:28:49  [AT] " S,1783,18F,000,2353,P1,47" (26)
19:28:49  [AT] "SEND OK" (7)
19:28:50  [TX] S,1784,18F,000,2354,P1,47
19:28:50  [SLOT] n=1962 tx=25 ack=0 due=0 r=1
19:28:50  [AT] "AT+CIPSEND=26" (13)
19:28:50  [AT] " S,1784,18F,000,2354,P1,47" (26)
19:28:50  [AT] "SEND OK" (7)
19:28:52  [TX] S,1785,18F,000,2355,P1,47
19:28:52  [SLOT] n=1963 tx=25 ack=0 due=0 r=1
19:28:52  [AT] "AT+CIPSEND=26" (13)
19:28:52  [AT] " S,1785,18F,000,2355,P1,47" (26)
19:28:52  [AT] "SEND OK" (7)
19:28:53  [TX] S,1786,18F,000,2356,P1,47
19:28:53  [SLOT] n=1964 tx=25 ack=0 due=0 r=1
19:28:53  [AT] "AT+CIPSEND=26" (13)
19:28:53  [AT] " S,1786,18F,000,2356,P1,47" (26)
19:28:53  [AT] "SEND OK" (7)
19:28:54  [TX] S,1787,18F,000,2358,P1,48
19:28:54  [SLOT] n=1965 tx=25 ack=0 due=0 r=1
19:28:54  [AT] "AT+CIPSEND=26" (13)
19:28:54  [AT] " S,1787,18F,000,2358,P1,48" (26)
19:28:54  [AT] "SEND OK" (7)
19:28:55  [TX] S,1788,18F,000,2359,P1,46
19:28:55  [SLOT] n=1966 tx=25 ack=0 due=0 r=1
19:28:55  [AT] "AT+CIPSEND=26" (13)
19:28:55  [AT] " S,1788,18F,000,2359,P1,46" (26)
19:28:55  [AT] "SEND OK" (7)
19:28:56  [TX] S,1789,18E,000,2360,P1,4E
19:28:56  [SLOT] n=1967 tx=25 ack=0 due=0 r=1
19:28:56  [AT] "AT+CIPSEND=26" (13)
19:28:56  [AT] " S,1789,18E,000,2360,P1,4E" (26)
19:28:56  [AT] "SEND OK" (7)
19:28:58  [TX] S,1790,18E,000,2361,P1,47
19:28:58  [SLOT] n=1968 tx=25 ack=0 due=0 r=1
19:28:58  [AT] "AT+CIPSEND=26" (13)
19:28:58  [AT] " S,1790,18E,000,2361,P1,47" (26)
19:28:58  [AT] "SEND OK" (7)
19:28:59  [TX] S,1791,18E,000,2362,P1,45
19:28:59  [SLOT] n=1969 tx=25 ack=0 due=0 r=1
19:28:59  [AT] "AT+CIPSEND=26" (13)
19:28:59  [AT] " S,1791,18E,000,2362,P1,45" (26)
19:28:59  [AT] "SEND OK" (7)
19:29:00  [TX] S,1792,18C,000,2364,P1,46
19:29:00  [SLOT] n=1970 tx=25 ack=0 due=0 r=1
19:29:00  [AT] "AT+CIPSEND=26" (13)
19:29:00  [AT] " S,1792,18C,000,2364,P1,46" (26)
19:29:00  [AT] "SEND OK" (7)
19:29:01  [TX] S,1793,18C,000,2365,P1,46
19:29:01  [SLOT] n=1971 tx=25 ack=0 due=0 r=1
19:29:01  [AT] "AT+CIPSEND=26" (13)
19:29:01  [AT] " S,1793,18C,000,2365,P1,46" (26)
19:29:01  [AT] "SEND OK" (7)
19:29:02  [TX] S,1794,18C,000,2366,P1,42
19:29:02  [SLOT] n=1972 tx=25 ack=0 due=0 r=1
19:29:02  [AT] "AT+CIPSEND=26" (13)
19:29:02  [AT] " S,1794,18C,000,2366,P1,42" (26)
19:29:02  [AT] "SEND OK" (7)
19:29:04  [TX] S,1795,18C,000,2367,P1,42
19:29:04  [SLOT] n=1973 tx=25 ack=0 due=0 r=1
19:29:04  [AT] "AT+CIPSEND=26" (13)
19:29:04  [AT] " S,1795,18C,000,2367,P1,42" (26)
19:29:04  [AT] "SEND OK" (7)
19:29:05  [TX] S,1796,18D,000,2368,P1,49
19:29:05  [SLOT] n=1974 tx=25 ack=0 due=0 r=1
19:29:05  [AT] "AT+CIPSEND=26" (13)
19:29:05  [AT] " S,1796,18D,000,2368,P1,49" (26)
19:29:05  [AT] "SEND OK" (7)
19:29:06  [TX] S,1797,18D,000,2370,P1,41
19:29:06  [SLOT] n=1975 tx=25 ack=0 due=0 r=1
19:29:06  [AT] "AT+CIPSEND=26" (13)
19:29:06  [AT] " S,1797,18D,000,2370,P1,41" (26)
19:29:06  [AT] "SEND OK" (7)
19:29:07  [TX] S,1798,18D,000,2371,P1,4F
19:29:07  [SLOT] n=1976 tx=25 ack=0 due=0 r=1
19:29:07  [AT] "AT+CIPSEND=26" (13)
19:29:07  [AT] " S,1798,18D,000,2371,P1,4F" (26)
19:29:07  [AT] "SEND OK" (7)
19:29:08  [TX] S,1799,18D,000,2372,P1,4D
19:29:08  [SLOT] n=1977 tx=25 ack=0 due=0 r=1
19:29:08  [AT] "AT+CIPSEND=26" (13)
19:29:08  [AT] " S,1799,18D,000,2372,P1,4D" (26)
19:29:08  [AT] "SEND OK" (7)
19:29:10  [TX] S,1800,18D,000,2373,P1,43
19:29:10  [SLOT] n=1978 tx=25 ack=0 due=0 r=1
19:29:10  [AT] "AT+CIPSEND=26" (13)
19:29:10  [AT] " S,1800,18D,000,2373,P1,43" (26)
19:29:10  [AT] "SEND OK" (7)
19:29:11  [TX] S,1801,18D,000,2374,P1,45
19:29:11  [SLOT] n=1979 tx=25 ack=0 due=0 r=1
19:29:11  [AT] "AT+CIPSEND=26" (13)
19:29:11  [AT] " S,1801,18D,000,2374,P1,45" (26)
19:29:11  [AT] "SEND OK" (7)
19:29:12  [TX] S,1802,18F,000,2376,P1,46
19:29:12  [SLOT] n=1980 tx=25 ack=0 due=0 r=1
19:29:12  [AT] "AT+CIPSEND=26" (13)
19:29:12  [AT] " S,1802,18F,000,2376,P1,46" (26)
19:29:12  [AT] "SEND OK" (7)
19:29:13  [TX] S,1803,18E,000,2377,P1,45
19:29:13  [SLOT] n=1981 tx=25 ack=0 due=0 r=1
19:29:13  [AT] "AT+CIPSEND=26" (13)
19:29:13  [AT] " S,1803,18E,000,2377,P1,45" (26)
19:29:13  [AT] "SEND OK" (7)
19:29:14  [TX] S,1804,18E,000,2378,P1,4D
19:29:14  [SLOT] n=1982 tx=25 ack=0 due=0 r=1
19:29:14  [AT] "AT+CIPSEND=26" (13)
19:29:14  [AT] " S,1804,18E,000,2378,P1,4D" (26)
19:29:14  [AT] "SEND OK" (7)
19:29:15  [TX] S,1805,18E,000,2379,P1,4D
19:29:16  [SLOT] n=1983 tx=25 ack=0 due=0 r=1
19:29:16  [AT] "AT+CIPSEND=26" (13)
19:29:16  [AT] " S,1805,18E,000,2379,P1,4D" (26)
19:29:16  [AT] "SEND OK" (7)
19:29:17  [TX] S,1806,18E,000,2380,P1,48
19:29:17  [SLOT] n=1984 tx=25 ack=0 due=0 r=1
19:29:17  [AT] "AT+CIPSEND=26" (13)
19:29:17  [AT] " S,1806,18E,000,2380,P1,48" (26)
19:29:17  [AT] "SEND OK" (7)
19:29:18  [TX] S,1807,18E,000,2382,P1,4B
19:29:18  [SLOT] n=1985 tx=25 ack=0 due=0 r=1
19:29:18  [AT] "AT+CIPSEND=26" (13)
19:29:18  [AT] " S,1807,18E,000,2382,P1,4B" (26)
19:29:18  [AT] "SEND OK" (7)
19:29:19  [TX] S,1808,18E,000,2383,P1,45
19:29:19  [SLOT] n=1986 tx=25 ack=0 due=0 r=1
19:29:19  [AT] "AT+CIPSEND=26" (13)
19:29:19  [AT] " S,1808,18E,000,2383,P1,45" (26)
19:29:19  [AT] "SEND OK" (7)
19:29:20  [TX] S,1809,18E,000,2384,P1,43
19:29:20  [SLOT] n=1987 tx=25 ack=0 due=0 r=1
19:29:20  [AT] "AT+CIPSEND=26" (13)
19:29:20  [AT] " S,1809,18E,000,2384,P1,43" (26)
19:29:20  [AT] "SEND OK" (7)
19:29:21  [TX] S,1810,18F,000,2385,P1,49
19:29:21  [SLOT] n=1988 tx=25 ack=0 due=0 r=1
19:29:21  [AT] "AT+CIPSEND=26" (13)
19:29:22  [AT] " S,1810,18F,000,2385,P1,49" (26)
19:29:22  [AT] "SEND OK" (7)
19:29:23  [TX] S,1811,18F,000,2386,P1,4B
19:29:23  [SLOT] n=1989 tx=25 ack=0 due=0 r=1
19:29:23  [AT] "AT+CIPSEND=26" (13)
19:29:23  [AT] " S,1811,18F,000,2386,P1,4B" (26)
19:29:23  [AT] "SEND OK" (7)
19:29:24  [TX] S,1812,18D,000,2388,P1,44
19:29:24  [SLOT] n=1990 tx=25 ack=0 due=0 r=1
19:29:24  [AT] "AT+CIPSEND=26" (13)
19:29:24  [AT] " S,1812,18D,000,2388,P1,44" (26)
19:29:24  [AT] "SEND OK" (7)
19:29:25  [TX] S,1813,18D,000,2389,P1,44
19:29:25  [SLOT] n=1991 tx=25 ack=0 due=0 r=1
19:29:25  [AT] "AT+CIPSEND=26" (13)
19:29:25  [AT] " S,1813,18D,000,2389,P1,44" (26)
19:29:25  [AT] "SEND OK" (7)
19:29:26  [TX] S,1814,18D,000,2390,P1,4B
19:29:26  [SLOT] n=1992 tx=25 ack=0 due=0 r=1
19:29:26  [AT] "AT+CIPSEND=26" (13)
19:29:26  [AT] " S,1814,18D,000,2390,P1,4B" (26)
19:29:26  [AT] "SEND OK" (7)
19:29:27  [TX] S,1815,18D,000,2391,P1,4B
19:29:27  [SLOT] n=1993 tx=25 ack=0 due=0 r=1
19:29:27  [AT] "AT+CIPSEND=26" (13)
19:29:28  [AT] " S,1815,18D,000,2391,P1,4B" (26)
19:29:28  [AT] "SEND OK" (7)
19:29:29  [TX] S,1816,18D,000,2392,P1,4B
19:29:29  [SLOT] n=1994 tx=25 ack=0 due=0 r=1
19:29:29  [AT] "AT+CIPSEND=26" (13)
19:29:29  [AT] " S,1816,18D,000,2392,P1,4B" (26)
19:29:29  [AT] "SEND OK" (7)
19:29:30  [TX] S,1817,18C,000,2394,P1,4B
19:29:30  [SLOT] n=1995 tx=25 ack=0 due=0 r=1
19:29:30  [AT] "AT+CIPSEND=26" (13)
19:29:30  [AT] " S,1817,18C,000,2394,P1,4B" (26)
19:29:30  [AT] "SEND OK" (7)
19:29:31  [TX] S,1818,18C,000,2395,P1,45
19:29:31  [SLOT] n=1996 tx=25 ack=0 due=0 r=1
19:29:31  [AT] "AT+CIPSEND=26" (13)
19:29:31  [AT] " S,1818,18C,000,2395,P1,45" (26)
19:29:31  [AT] "SEND OK" (7)
19:29:32  [TX] S,1819,18C,000,2396,P1,47
19:29:32  [SLOT] n=1997 tx=25 ack=0 due=0 r=1
19:29:32  [AT] "AT+CIPSEND=26" (13)
19:29:32  [AT] " S,1819,18C,000,2396,P1,47" (26)
19:29:32  [AT] "SEND OK" (7)
19:29:33  [TX] S,1820,18C,000,2397,P1,4C
19:29:33  [SLOT] n=1998 tx=25 ack=0 due=0 r=1
19:29:33  [AT] "AT+CIPSEND=26" (13)
19:29:34  [AT] " S,1820,18C,000,2397,P1,4C" (26)
19:29:34  [AT] "SEND OK" (7)
19:29:35  [TX] S,1821,18C,000,2398,P1,42
19:29:35  [SLOT] n=1999 tx=25 ack=0 due=0 r=1
19:29:35  [AT] "AT+CIPSEND=26" (13)
19:29:35  [AT] " S,1821,18C,000,2398,P1,42" (26)
19:29:35  [AT] "SEND OK" (7)
19:29:36  [TX] S,1822,18E,000,2400,P1,41
19:29:36  [SLOT] n=2000 tx=25 ack=0 due=0 r=1
19:29:36  [CNT] up=2400 drop=1 esprst=17 hwrst=0/0 resync=0 sendfail=0 okto=1 stuck=1 ackq=0 ackdrop=0 ackstale=0 slot=2000 oow=7 smiss=10 ssovf=0 cksumng=0 okstream=1809 penddrop=0 pendfill=1823 bigfill=18 bigdrop=0 bigokst=17 oklost=0 bigoklost=0 skip=12 online=1
19:29:36  [RAM] 최저 여유 596 B · 프롬프트 재동기 0회 (서버의 '버린줄' 과 맞아야 한다)
19:29:36  [AT] " S,1822,18E,000,2400,P1,41" (26)
19:29:36  [AT] "SEND OK" (7)
19:29:36  [AT] "AT+CIPSEND=26" (13)
19:29:37  [TX] S,1823,18E,000,2401,P1,41
19:29:37  [SLOT] n=2001 tx=25 ack=0 due=0 r=1
19:29:37  [AT] "AT+CIPSEND=26" (13)
19:29:37  [AT] " S,1823,18E,000,2401,P1,41" (26)
19:29:37  [AT] "SEND OK" (7)
19:29:38  [TX] S,1824,18F,000,2402,P1,46
19:29:38  [SLOT] n=2002 tx=25 ack=0 due=0 r=1
19:29:38  [AT] "AT+CIPSEND=26" (13)
19:29:38  [AT] " S,1824,18F,000,2402,P1,46" (26)
19:29:38  [AT] "SEND OK" (7)
19:29:39  «tap» 살아있음 — 최근 60초 rx=8160B (이 줄이 끊기면 탭이 죽은 것이다)
19:29:39  [TX] S,1825,18F,000,2403,P1,46
19:29:39  [SLOT] n=2003 tx=25 ack=0 due=0 r=1
19:29:39  [AT] "AT+CIPSEND=26" (13)
19:29:40  [AT] " S,1825,18F,000,2403,P1,46" (26)
19:29:40  [AT] "SEND OK" (7)
19:29:41  [TX] S,1826,18F,000,2404,P1,42
19:29:41  [SLOT] n=2004 tx=25 ack=0 due=0 r=1
19:29:41  [AT] "AT+CIPSEND=26" (13)
19:29:41  [AT] " S,1826,18F,000,2404,P1,42" (26)
19:29:41  [AT] "SEND OK" (7)
19:29:42  [TX] S,1827,18F,000,2406,P1,41
19:29:42  [SLOT] n=2005 tx=25 ack=0 due=0 r=1
19:29:42  [AT] "AT+CIPSEND=26" (13)
19:29:42  [AT] " S,1827,18F,000,2406,P1,41" (26)
19:29:42  [AT] "SEND OK" (7)
19:29:43  [TX] S,1828,18F,000,2407,P1,4F
19:29:43  [SLOT] n=2006 tx=25 ack=0 due=0 r=1
19:29:43  [AT] "AT+CIPSEND=26" (13)
19:29:43  [AT] " S,1828,18F,000,2407,P1,4F" (26)
19:29:43  [AT] "SEND OK" (7)
19:29:44  [TX] S,1829,18F,000,2408,P1,41
19:29:44  [SLOT] n=2007 tx=25 ack=0 due=0 r=1
19:29:44  [AT] "AT+CIPSEND=26" (13)
19:29:44  [AT] " S,1829,18F,000,2408,P1,41" (26)
19:29:44  [AT] "SEND OK" (7)
19:29:45  [TX] S,1830,18F,000,2409,P1,48
19:29:45  [SLOT] n=2008 tx=25 ack=0 due=0 r=1
19:29:45  [AT] "AT+CIPSEND=26" (13)
19:29:45  [AT] " S,1830,18F,000,2409,P1,48" (26)
19:29:45  [AT] "SEND OK" (7)
19:29:48  [TX] S,1831,18E,000,2410,P1,42
19:29:48  [SLOT] n=2009 tx=25 ack=0 due=0 r=1
19:29:48  [AT] "AT+CIPSEND=26" (13)
19:29:48  [AT] " S,1831,18E,000,2410,P1,42" (26)
19:29:48  [AT] "SEND OK" (7)
19:29:49  [TX] S,1832,18C,000,2412,P1,45
19:29:49  [SLOT] n=2010 tx=25 ack=0 due=0 r=1
19:29:49  [AT] "AT+CIPSEND=26" (13)
19:29:49  [AT] " S,1832,18C,000,2412,P1,45" (26)
19:29:49  [AT] "SEND OK" (7)
19:29:50  [TX] S,1833,18C,000,2413,P1,45
19:29:50  [SLOT] n=2011 tx=25 ack=0 due=0 r=1
19:29:50  [AT] "AT+CIPSEND=26" (13)
19:29:50  [AT] " S,1833,18C,000,2413,P1,45" (26)
19:29:50  [AT] "SEND OK" (7)
19:29:51  [TX] S,1834,18C,000,2414,P1,45
19:29:51  [SLOT] n=2012 tx=25 ack=0 due=0 r=1
19:29:51  [AT] "AT+CIPSEND=26" (13)
19:29:51  [AT] " S,1834,18C,000,2414,P1,45" (26)
19:29:51  [AT] "SEND OK" (7)
19:29:52  [TX] S,1835,18C,000,2415,P1,45
19:29:52  [SLOT] n=2013 tx=25 ack=0 due=0 r=1
19:29:52  [AT] "AT+CIPSEND=26" (13)
19:29:52  [AT] " S,1835,18C,000,2415,P1,45" (26)
19:29:52  [AT] "SEND OK" (7)
19:29:54  [TX] S,1836,18C,000,2416,P1,45
19:29:54  [SLOT] n=2014 tx=25 ack=0 due=0 r=1
19:29:54  [AT] "AT+CIPSEND=26" (13)
19:29:54  [AT] " S,1836,18C,000,2416,P1,45" (26)
19:29:54  [AT] "SEND OK" (7)
19:29:55  [TX] S,1837,18C,000,2418,P1,4A
19:29:55  [SLOT] n=2015 tx=25 ack=0 due=0 r=1
19:29:55  [AT] "AT+CIPSEND=26" (13)
19:29:55  [AT] " S,1837,18C,000,2418,P1,4A" (26)
19:29:55  [AT] "SEND OK" (7)
19:29:56  [TX] S,1838,18D,000,2419,P1,43
19:29:56  [SLOT] n=2016 tx=25 ack=0 due=0 r=1
19:29:56  [AT] "AT+CIPSEND=26" (13)
19:29:56  [AT] " S,1838,18D,000,2419,P1,43" (26)
19:29:56  [AT] "SEND OK" (7)
19:29:57  [TX] S,1839,18D,000,2420,P1,48
19:29:57  [SLOT] n=2017 tx=25 ack=0 due=0 r=1
19:29:57  [AT] "AT+CIPSEND=26" (13)
19:29:57  [AT] " S,1839,18D,000,2420,P1,48" (26)
19:29:57  [AT] "SEND OK" (7)
19:29:58  [TX] S,1840,18D,000,2421,P1,47
19:29:58  [SLOT] n=2018 tx=25 ack=0 due=0 r=1
19:29:58  [AT] "AT+CIPSEND=26" (13)
19:29:58  [AT] " S,1840,18D,000,2421,P1,47" (26)
19:29:58  [AT] "SEND OK" (7)
19:30:00  [TX] S,1841,18D,000,2422,P1,45
19:30:00  [SLOT] n=2019 tx=25 ack=0 due=0 r=1
19:30:00  [AT] "AT+CIPSEND=26" (13)
19:30:00  [AT] " S,1841,18D,000,2422,P1,45" (26)
19:30:00  [AT] "SEND OK" (7)
19:30:01  [TX] S,1842,18F,000,2424,P1,42
19:30:01  [SLOT] n=2020 tx=25 ack=0 due=0 r=1
19:30:01  [AT] "AT+CIPSEND=26" (13)
19:30:01  [AT] " S,1842,18F,000,2424,P1,42" (26)
19:30:01  [AT] "SEND OK" (7)
19:30:02  [TX] S,1843,18F,000,2425,P1,42
19:30:02  [SLOT] n=2021 tx=25 ack=0 due=0 r=1
19:30:02  [AT] "AT+CIPSEND=26" (13)
19:30:02  [AT] " S,1843,18F,000,2425,P1,42" (26)
19:30:02  [AT] "SEND OK" (7)
19:30:03  [TX] S,1844,18F,000,2426,P1,46
19:30:03  [SLOT] n=2022 tx=25 ack=0 due=0 r=1
19:30:03  [AT] "AT+CIPSEND=26" (13)
19:30:03  [AT] " S,1844,18F,000,2426,P1,46" (26)
19:30:03  [AT] "SEND OK" (7)
19:30:04  [TX] S,1845,18E,000,2427,P1,45
19:30:04  [SLOT] n=2023 tx=25 ack=0 due=0 r=1
19:30:04  [AT] "AT+CIPSEND=26" (13)
19:30:04  [AT] " S,1845,18E,000,2427,P1,45" (26)
19:30:04  [AT] "SEND OK" (7)
19:30:06  [TX] S,1846,18E,000,2428,P1,49
19:30:06  [SLOT] n=2024 tx=25 ack=0 due=0 r=1
19:30:06  [AT] "AT+CIPSEND=26" (13)
19:30:06  [AT] " S,1846,18E,000,2428,P1,49" (26)
19:30:06  [AT] "SEND OK" (7)
19:30:07  [TX] S,1847,18E,000,2430,P1,41
19:30:07  [SLOT] n=2025 tx=25 ack=0 due=0 r=1
19:30:07  [AT] "AT+CIPSEND=26" (13)
19:30:07  [AT] " S,1847,18E,000,2430,P1,41" (26)
19:30:07  [AT] "SEND OK" (7)
19:30:08  [TX] S,1848,18E,000,2431,P1,4F
19:30:08  [SLOT] n=2026 tx=25 ack=0 due=0 r=1
19:30:08  [AT] "AT+CIPSEND=26" (13)
19:30:08  [AT] " S,1848,18E,000,2431,P1,4F" (26)
19:30:08  [AT] "SEND OK" (7)
19:30:09  [TX] S,1849,18E,000,2432,P1,4D
19:30:09  [SLOT] n=2027 tx=25 ack=0 due=0 r=1
19:30:09  [AT] "AT+CIPSEND=26" (13)
19:30:09  [AT] " S,1849,18E,000,2432,P1,4D" (26)
19:30:09  [AT] "SEND OK" (7)
19:30:10  [TX] S,1850,18E,000,2433,P1,44
19:30:10  [SLOT] n=2028 tx=25 ack=0 due=0 r=1
19:30:10  [AT] "AT+CIPSEND=26" (13)
19:30:10  [AT] " S,1850,18E,000,2433,P1,44" (26)
19:30:10  [AT] "SEND OK" (7)
19:30:12  [TX] S,1851,18E,000,2434,P1,42
19:30:12  [SLOT] n=2029 tx=25 ack=0 due=0 r=1
19:30:12  [AT] "AT+CIPSEND=26" (13)
19:30:12  [AT] " S,1851,18E,000,2434,P1,42" (26)
19:30:12  [AT] "SEND OK" (7)
19:30:13  [TX] S,1852,18D,000,2436,P1,42
19:30:13  [SLOT] n=2030 tx=25 ack=0 due=0 r=1
19:30:13  [AT] "AT+CIPSEND=26" (13)
19:30:13  [AT] " S,1852,18D,000,2436,P1,42" (26)
19:30:13  [AT] "SEND OK" (7)
19:30:14  [TX] S,1853,18D,000,2437,P1,42
19:30:14  [SLOT] n=2031 tx=25 ack=0 due=0 r=1
19:30:14  [AT] "AT+CIPSEND=26" (13)
19:30:14  [AT] " S,1853,18D,000,2437,P1,42" (26)
19:30:14  [AT] "SEND OK" (7)
19:30:15  [TX] S,1854,18D,000,2438,P1,4A
19:30:15  [SLOT] n=2032 tx=25 ack=0 due=0 r=1
19:30:15  [AT] "AT+CIPSEND=26" (13)
19:30:15  [AT] " S,1854,18D,000,2438,P1,4A" (26)
19:30:15  [AT] "SEND OK" (7)
19:30:16  [TX] S,1855,18D,000,2439,P1,4A
19:30:16  [SLOT] n=2033 tx=25 ack=0 due=0 r=1
19:30:16  [AT] "AT+CIPSEND=26" (13)
19:30:16  [AT] " S,1855,18D,000,2439,P1,4A" (26)
19:30:16  [AT] "SEND OK" (7)
19:30:18  [TX] S,1856,18D,000,2440,P1,47
19:30:18  [SLOT] n=2034 tx=25 ack=0 due=0 r=1
19:30:18  [AT] "AT+CIPSEND=26" (13)
19:30:18  [AT] " S,1856,18D,000,2440,P1,47" (26)
19:30:18  [AT] "SEND OK" (7)
19:30:19  [TX] S,1857,18D,000,2442,P1,44
19:30:19  [SLOT] n=2035 tx=25 ack=0 due=0 r=1
19:30:19  [AT] "AT+CIPSEND=26" (13)
19:30:19  [AT] " S,1857,18D,000,2442,P1,44" (26)
19:30:19  [AT] "SEND OK" (7)
19:30:20  [TX] S,1858,18D,000,2443,P1,4A
19:30:20  [SLOT] n=2036 tx=25 ack=0 due=0 r=1
19:30:20  [AT] "AT+CIPSEND=26" (13)
19:30:20  [AT] " S,1858,18D,000,2443,P1,4A" (26)
19:30:20  [AT] "SEND OK" (7)
19:30:21  [TX] S,1859,18C,000,2444,P1,4B
19:30:21  [SLOT] n=2037 tx=25 ack=0 due=0 r=1
19:30:21  [AT] "AT+CIPSEND=26" (13)
19:30:21  [AT] " S,1859,18C,000,2444,P1,4B" (26)
19:30:21  [AT] "SEND OK" (7)
19:30:22  [TX] S,1860,18C,000,2445,P1,40
19:30:22  [SLOT] n=2038 tx=25 ack=0 due=0 r=1
19:30:22  [AT] "AT+CIPSEND=26" (13)
19:30:22  [AT] " S,1860,18C,000,2445,P1,40" (26)
19:30:22  [AT] "SEND OK" (7)
19:30:24  [TX] S,1861,18C,000,2446,P1,42
19:30:24  [SLOT] n=2039 tx=25 ack=0 due=0 r=1
19:30:24  [AT] "AT+CIPSEND=26" (13)
19:30:24  [AT] " S,1861,18C,000,2446,P1,42" (26)
19:30:24  [AT] "SEND OK" (7)
19:30:25  [TX] S,1862,18E,000,2448,P1,49
19:30:25  [SLOT] n=2040 tx=25 ack=0 due=0 r=1
19:30:25  [AT] "AT+CIPSEND=26" (13)
19:30:25  [AT] " S,1862,18E,000,2448,P1,49" (26)
19:30:25  [AT] "SEND OK" (7)
19:30:26  [TX] S,1863,18E,000,2449,P1,49
19:30:26  [SLOT] n=2041 tx=25 ack=0 due=0 r=1
19:30:26  [AT] "AT+CIPSEND=26" (13)
19:30:26  [AT] " S,1863,18E,000,2449,P1,49" (26)
19:30:26  [AT] "SEND OK" (7)
19:30:27  [TX] S,1864,18E,000,2450,P1,46
19:30:27  [SLOT] n=2042 tx=25 ack=0 due=0 r=1
19:30:27  [AT] "AT+CIPSEND=26" (13)
19:30:27  [AT] " S,1864,18E,000,2450,P1,46" (26)
19:30:27  [AT] "SEND OK" (7)
19:30:28  [TX] S,1865,18E,000,2451,P1,46
19:30:28  [SLOT] n=2043 tx=25 ack=0 due=0 r=1
19:30:28  [AT] "AT+CIPSEND=26" (13)
19:30:28  [AT] " S,1865,18E,000,2451,P1,46" (26)
19:30:28  [AT] "SEND OK" (7)
19:30:30  [TX] S,1866,18F,000,2452,P1,45
19:30:30  [SLOT] n=2044 tx=25 ack=0 due=0 r=1
19:30:30  [AT] "AT+CIPSEND=26" (13)
19:30:30  [AT] " S,1866,18F,000,2452,P1,45" (26)
19:30:30  [AT] "SEND OK" (7)
19:30:31  [TX] S,1867,18F,000,2454,P1,42
19:30:31  [SLOT] n=2045 tx=25 ack=0 due=0 r=1
19:30:31  [AT] "AT+CIPSEND=26" (13)
19:30:31  [AT] " S,1867,18F,000,2454,P1,42" (26)
19:30:31  [AT] "SEND OK" (7)
19:30:32  [TX] S,1868,18F,000,2455,P1,4C
19:30:32  [SLOT] n=2046 tx=25 ack=0 due=0 r=1
19:30:32  [AT] "AT+CIPSEND=26" (13)
19:30:32  [AT] " S,1868,18F,000,2455,P1,4C" (26)
19:30:32  [AT] "SEND OK" (7)
19:30:33  [TX] S,1869,18F,000,2456,P1,4E
19:30:33  [SLOT] n=2047 tx=25 ack=0 due=0 r=1
19:30:33  [AT] "AT+CIPSEND=26" (13)
19:30:33  [AT] " S,1869,18F,000,2456,P1,4E" (26)
19:30:33  [AT] "SEND OK" (7)
19:30:34  [TX] S,1870,18F,000,2457,P1,47
19:30:34  [SLOT] n=2048 tx=25 ack=0 due=0 r=1
19:30:34  [AT] "AT+CIPSEND=26" (13)
19:30:34  [AT] " S,1870,18F,000,2457,P1,47" (26)
19:30:34  [AT] "SEND OK" (7)
19:30:36  [TX] S,1871,18F,000,2458,P1,49
19:30:36  [SLOT] n=2049 tx=25 ack=0 due=0 r=1
19:30:36  [AT] "AT+CIPSEND=26" (13)
19:30:36  [AT] " S,1871,18F,000,2458,P1,49" (26)
19:30:36  [AT] "SEND OK" (7)
19:30:37  [TX] S,1872,18D,000,2460,P1,43
19:30:37  [SLOT] n=2050 tx=25 ack=0 due=0 r=1
19:30:37  [CNT] up=2460 drop=1 esprst=17 hwrst=0/0 resync=0 sendfail=0 okto=1 stuck=1 ackq=0 ackdrop=0 ackstale=0 slot=2050 oow=7 smiss=10 ssovf=0 cksumng=0 okstream=1859 penddrop=0 pendfill=1873 bigfill=18 bigdrop=0 bigokst=17 oklost=0 bigoklost=0 skip=12 online=1
19:30:37  [RAM] 최저 여유 596 B · 프롬프트 재동기 0회 (서버의 '버린줄' 과 맞아야 한다)
19:30:37  [AT] " S,1872,18D,000,2460,P1,43" (26)
19:30:37  [AT] "SEND OK" (7)
19:30:37  [AT] "AT+CIPSEND=26" (13)
19:30:38  [TX] S,1873,18C,000,2461,P1,44
19:30:38  [SLOT] n=2051 tx=25 ack=0 due=0 r=1
19:30:38  [AT] "AT+CIPSEND=26" (13)
19:30:38  [AT] " S,1873,18C,000,2461,P1,44" (26)
19:30:38  [AT] "SEND OK" (7)
19:30:39  [TX] S,1874,18C,000,2462,P1,40
19:30:39  [SLOT] n=2052 tx=25 ack=0 due=0 r=1
19:30:39  [AT] "AT+CIPSEND=26" (13)
19:30:39  [AT] " S,1874,18C,000,2462,P1,40" (26)
19:30:39  [AT] "SEND OK" (7)
19:30:40  «tap» 살아있음 — 최근 60초 rx=8160B (이 줄이 끊기면 탭이 죽은 것이다)
19:30:40  [TX] S,1875,18C,000,2463,P1,40
19:30:40  [SLOT] n=2053 tx=25 ack=0 due=0 r=1
19:30:40  [AT] "AT+CIPSEND=26" (13)
19:30:40  [AT] " S,1875,18C,000,2463,P1,40" (26)
19:30:40  [AT] "SEND OK" (7)
19:30:42  [TX] S,1876,18C,000,2464,P1,44
19:30:42  [SLOT] n=2054 tx=25 ack=0 due=0 r=1
19:30:42  [AT] "AT+CIPSEND=26" (13)
19:30:42  [AT] " S,1876,18C,000,2464,P1,44" (26)
19:30:42  [AT] "SEND OK" (7)
19:30:43  [TX] S,1877,18C,000,2466,P1,47
19:30:43  [SLOT] n=2055 tx=25 ack=0 due=0 r=1
19:30:43  [AT] "AT+CIPSEND=26" (13)
19:30:43  [AT] " S,1877,18C,000,2466,P1,47" (26)
19:30:43  [AT] "SEND OK" (7)
19:30:44  [TX] S,1878,18C,000,2467,P1,49
19:30:44  [SLOT] n=2056 tx=25 ack=0 due=0 r=1
19:30:44  [AT] "AT+CIPSEND=26" (13)
19:30:44  [AT] " S,1878,18C,000,2467,P1,49" (26)
19:30:44  [AT] "SEND OK" (7)
19:30:45  [TX] S,1879,18C,000,2468,P1,47
19:30:45  [SLOT] n=2057 tx=25 ack=0 due=0 r=1
19:30:45  [AT] "AT+CIPSEND=26" (13)
19:30:45  [AT] " S,1879,18C,000,2468,P1,47" (26)
19:30:45  [AT] "SEND OK" (7)
19:30:46  [TX] S,1880,18D,000,2469,P1,47
19:30:46  [SLOT] n=2058 tx=25 ack=0 due=0 r=1
19:30:46  [AT] "AT+CIPSEND=26" (13)
19:30:47  [AT] " S,1880,18D,000,2469,P1,47" (26)
19:30:47  [AT] "SEND OK" (7)
19:30:48  [TX] S,1881,18D,000,2470,P1,4E
19:30:48  [SLOT] n=2059 tx=25 ack=0 due=0 r=1
19:30:48  [AT] "AT+CIPSEND=26" (13)
19:30:48  [AT] " S,1881,18D,000,2470,P1,4E" (26)
19:30:48  [AT] "SEND OK" (7)
19:30:49  [TX] S,1882,18F,000,2472,P1,4D
19:30:49  [SLOT] n=2060 tx=25 ack=0 due=0 r=1
19:30:49  [AT] "AT+CIPSEND=26" (13)
19:30:49  [AT] " S,1882,18F,000,2472,P1,4D" (26)
19:30:49  [AT] "SEND OK" (7)
19:30:50  [TX] S,1883,18F,000,2473,P1,4D
19:30:50  [SLOT] n=2061 tx=25 ack=0 due=0 r=1
19:30:50  [AT] "AT+CIPSEND=26" (13)
19:30:50  [AT] " S,1883,18F,000,2473,P1,4D" (26)
19:30:50  [AT] "SEND OK" (7)
19:30:51  [TX] S,1884,18F,000,2474,P1,4D
19:30:51  [SLOT] n=2062 tx=25 ack=0 due=0 r=1
19:30:51  [AT] "AT+CIPSEND=26" (13)
19:30:51  [AT] " S,1884,18F,000,2474,P1,4D" (26)
19:30:51  [AT] "SEND OK" (7)
19:30:52  [TX] S,1885,18F,000,2475,P1,4D
19:30:52  [SLOT] n=2063 tx=25 ack=0 due=0 r=1
19:30:52  [AT] "AT+CIPSEND=26" (13)
19:30:52  [AT] " S,1885,18F,000,2475,P1,4D" (26)
19:30:52  [AT] "SEND OK" (7)
19:30:54  [TX] S,1886,18F,000,2476,P1,4D
19:30:54  [SLOT] n=2064 tx=25 ack=0 due=0 r=1
19:30:54  [AT] "AT+CIPSEND=26" (13)
19:30:54  [AT] " S,1886,18F,000,2476,P1,4D" (26)
19:30:54  [AT] "SEND OK" (7)
19:30:55  [TX] S,1887,18E,000,2478,P1,41
19:30:55  [SLOT] n=2065 tx=25 ack=0 due=0 r=1
19:30:55  [AT] "AT+CIPSEND=26" (13)
19:30:55  [AT] " S,1887,18E,000,2478,P1,41" (26)
19:30:55  [AT] "SEND OK" (7)
19:30:56  [TX] S,1888,18E,000,2479,P1,4F
19:30:56  [SLOT] n=2066 tx=25 ack=0 due=0 r=1
19:30:56  [AT] "AT+CIPSEND=26" (13)
19:30:56  [AT] " S,1888,18E,000,2479,P1,4F" (26)
19:30:56  [AT] "SEND OK" (7)
19:30:57  [TX] S,1889,18E,000,2480,P1,48
19:30:57  [SLOT] n=2067 tx=25 ack=0 due=0 r=1
19:30:57  [AT] "AT+CIPSEND=26" (13)
19:30:57  [AT] " S,1889,18E,000,2480,P1,48" (26)
19:30:57  [AT] "SEND OK" (7)
19:30:58  [TX] S,1890,18E,000,2481,P1,41
19:30:58  [SLOT] n=2068 tx=25 ack=0 due=0 r=1
19:30:58  [AT] "AT+CIPSEND=26" (13)
19:30:58  [AT] " S,1890,18E,000,2481,P1,41" (26)
19:30:58  [AT] "SEND OK" (7)
19:31:00  [TX] S,1891,18E,000,2482,P1,43
19:31:00  [SLOT] n=2069 tx=25 ack=0 due=0 r=1
19:31:00  [AT] "AT+CIPSEND=26" (13)
19:31:00  [AT] " S,1891,18E,000,2482,P1,43" (26)
19:31:00  [AT] "SEND OK" (7)
19:31:01  [TX] S,1892,18C,000,2484,P1,40
19:31:01  [SLOT] n=2070 tx=25 ack=0 due=0 r=1
19:31:01  [AT] "AT+CIPSEND=26" (13)
19:31:01  [AT] " S,1892,18C,000,2484,P1,40" (26)
19:31:01  [AT] "SEND OK" (7)
19:31:02  [TX] S,1893,18C,000,2485,P1,40
19:31:02  [SLOT] n=2071 tx=25 ack=0 due=0 r=1
19:31:02  [AT] "AT+CIPSEND=26" (13)
19:31:02  [AT] " S,1893,18C,000,2485,P1,40" (26)
19:31:02  [AT] "SEND OK" (7)
19:31:03  [TX] S,1894,18D,000,2486,P1,43
19:31:03  [SLOT] n=2072 tx=25 ack=0 due=0 r=1
19:31:03  [AT] "AT+CIPSEND=26" (13)
19:31:03  [AT] " S,1894,18D,000,2486,P1,43" (26)
19:31:03  [AT] "SEND OK" (7)
19:31:04  [TX] S,1895,18D,000,2487,P1,43
19:31:04  [SLOT] n=2073 tx=25 ack=0 due=0 r=1
19:31:04  [AT] "AT+CIPSEND=26" (13)
19:31:04  [AT] " S,1895,18D,000,2487,P1,43" (26)
19:31:04  [AT] "SEND OK" (7)
19:31:06  [TX] S,1896,18D,000,2488,P1,4F
19:31:06  [SLOT] n=2074 tx=25 ack=0 due=0 r=1
19:31:06  [AT] "AT+CIPSEND=26" (13)
19:31:06  [AT] " S,1896,18D,000,2488,P1,4F" (26)
19:31:06  [AT] "SEND OK" (7)
19:31:07  [TX] S,1897,18D,000,2490,P1,47
19:31:07  [SLOT] n=2075 tx=25 ack=0 due=0 r=1
19:31:07  [AT] "AT+CIPSEND=26" (13)
19:31:07  [AT] " S,1897,18D,000,2490,P1,47" (26)
19:31:07  [AT] "SEND OK" (7)
19:31:08  [TX] S,1898,18D,000,2491,P1,49
19:31:08  [SLOT] n=2076 tx=25 ack=0 due=0 r=1
19:31:08  [AT] "AT+CIPSEND=26" (13)
19:31:08  [AT] " S,1898,18D,000,2491,P1,49" (26)
19:31:08  [AT] "SEND OK" (7)
19:31:09  [TX] S,1899,18D,000,2492,P1,4B
19:31:09  [SLOT] n=2077 tx=25 ack=0 due=0 r=1
19:31:09  [AT] "AT+CIPSEND=26" (13)
19:31:09  [AT] " S,1899,18D,000,2492,P1,4B" (26)
19:31:09  [AT] "SEND OK" (7)
19:31:10  [TX] S,1900,18D,000,2493,P1,4B
19:31:10  [SLOT] n=2078 tx=25 ack=0 due=0 r=1
19:31:10  [AT] "AT+CIPSEND=26" (13)
19:31:10  [AT] " S,1900,18D,000,2493,P1,4B" (26)
19:31:10  [AT] "SEND OK" (7)
19:31:12  [TX] S,1901,18C,000,2494,P1,4A
19:31:12  [SLOT] n=2079 tx=25 ack=0 due=0 r=1
19:31:12  [AT] "AT+CIPSEND=26" (13)
19:31:12  [AT] " S,1901,18C,000,2494,P1,4A" (26)
19:31:12  [AT] "SEND OK" (7)
19:31:13  [TX] S,1902,18E,000,2496,P1,4D
19:31:13  [SLOT] n=2080 tx=25 ack=0 due=0 r=1
19:31:13  [AT] "AT+CIPSEND=26" (13)
19:31:13  [AT] " S,1902,18E,000,2496,P1,4D" (26)
19:31:13  [AT] "SEND OK" (7)
19:31:14  [TX] S,1903,18E,000,2497,P1,4D
19:31:14  [SLOT] n=2081 tx=25 ack=0 due=0 r=1
19:31:14  [AT] "AT+CIPSEND=26" (13)
19:31:14  [AT] " S,1903,18E,000,2497,P1,4D" (26)
19:31:14  [AT] "SEND OK" (7)
19:31:15  [TX] S,1904,18E,000,2498,P1,45
19:31:15  [SLOT] n=2082 tx=25 ack=0 due=0 r=1
19:31:15  [AT] "AT+CIPSEND=26" (13)
19:31:15  [AT] " S,1904,18E,000,2498,P1,45" (26)
19:31:15  [AT] "SEND OK" (7)
19:31:16  [TX] S,1905,18E,000,2499,P1,45
19:31:16  [SLOT] n=2083 tx=25 ack=0 due=0 r=1
19:31:16  [AT] "AT+CIPSEND=26" (13)
19:31:16  [AT] " S,1905,18E,000,2499,P1,45" (26)
19:31:16  [AT] "SEND OK" (7)
19:31:18  [TX] S,1906,18E,000,2500,P1,47
19:31:18  [SLOT] n=2084 tx=25 ack=0 due=0 r=1
19:31:18  [AT] "AT+CIPSEND=26" (13)
19:31:18  [AT] " S,1906,18E,000,2500,P1,47" (26)
19:31:18  [AT] "SEND OK" (7)
19:31:19  [TX] S,1907,18E,000,2502,P1,44
19:31:19  [SLOT] n=2085 tx=25 ack=0 due=0 r=1
19:31:19  [AT] "AT+CIPSEND=26" (13)
19:31:19  [AT] " S,1907,18E,000,2502,P1,44" (26)
19:31:19  [AT] "SEND OK" (7)
19:31:20  [TX] S,1908,18F,000,2503,P1,49
19:31:20  [SLOT] n=2086 tx=25 ack=0 due=0 r=1
19:31:20  [AT] "AT+CIPSEND=26" (13)
19:31:20  [AT] " S,1908,18F,000,2503,P1,49" (26)
19:31:20  [AT] "SEND OK" (7)
19:31:21  [TX] S,1909,18F,000,2504,P1,4F
19:31:21  [SLOT] n=2087 tx=25 ack=0 due=0 r=1
19:31:21  [AT] "AT+CIPSEND=26" (13)
19:31:21  [AT] " S,1909,18F,000,2504,P1,4F" (26)
19:31:21  [AT] "SEND OK" (7)
19:31:22  [TX] S,1910,18F,000,2505,P1,46
19:31:22  [SLOT] n=2088 tx=25 ack=0 due=0 r=1
19:31:22  [AT] "AT+CIPSEND=26" (13)
19:31:22  [AT] " S,1910,18F,000,2505,P1,46" (26)
19:31:22  [AT] "SEND OK" (7)
19:31:24  [TX] S,1911,18F,000,2506,P1,44
19:31:24  [SLOT] n=2089 tx=25 ack=0 due=0 r=1
19:31:24  [AT] "AT+CIPSEND=26" (13)
19:31:24  [AT] " S,1911,18F,000,2506,P1,44" (26)
19:31:24  [AT] "SEND OK" (7)
19:31:25  [TX] S,1912,18D,000,2508,P1,4B
19:31:25  [SLOT] n=2090 tx=25 ack=0 due=0 r=1
19:31:25  [AT] "AT+CIPSEND=26" (13)
19:31:25  [AT] " S,1912,18D,000,2508,P1,4B" (26)
19:31:25  [AT] "SEND OK" (7)
19:31:26  [TX] S,1913,18D,000,2509,P1,4B
19:31:26  [SLOT] n=2091 tx=25 ack=0 due=0 r=1
19:31:26  [AT] "AT+CIPSEND=26" (13)
19:31:27  [TX-WAIT] 앞 전송의 SEND OK 를 아직 못 봤다 — 이번 주기는 건너뛴다
19:31:27  [SLOT] n=2092 tx=25 ack=0 due=0 r=0
19:31:27  [AT] " S,1913,18D,000,2509,P1,4B" (26)
19:31:27  [AT] "SEND OK" (7)
19:31:28  [TX] S,1914,18C,000,2511,P1,42
19:31:28  [SLOT] n=2093 tx=25 ack=0 due=0 r=1
19:31:28  [AT] "AT+CIPSEND=26" (13)
19:31:28  [AT] " S,1914,18C,000,2511,P1,42" (26)
19:31:28  [AT] "SEND OK" (7)
19:31:30  [TX] S,1915,18C,000,2512,P1,40
19:31:30  [SLOT] n=2094 tx=25 ack=0 due=0 r=1
19:31:30  [AT] "AT+CIPSEND=26" (13)
19:31:30  [AT] " S,1915,18C,000,2512,P1,40" (26)
19:31:30  [AT] "SEND OK" (7)
19:31:31  [TX] S,1916,18C,000,2514,P1,45
19:31:31  [SLOT] n=2095 tx=25 ack=0 due=0 r=1
19:31:31  [AT] "AT+CIPSEND=26" (13)
19:31:31  [AT] " S,1916,18C,000,2514,P1,45" (26)
19:31:31  [AT] "SEND OK" (7)
19:31:32  [TX] S,1917,18C,000,2515,P1,45
19:31:32  [SLOT] n=2096 tx=25 ack=0 due=0 r=1
19:31:32  [AT] "AT+CIPSEND=26" (13)
19:31:32  [AT] " S,1917,18C,000,2515,P1,45" (26)
19:31:32  [AT] "SEND OK" (7)
19:31:33  [TX] S,1918,18C,000,2516,P1,49
19:31:33  [SLOT] n=2097 tx=25 ack=0 due=0 r=1
19:31:33  [AT] "AT+CIPSEND=26" (13)
19:31:33  [AT] " S,1918,18C,000,2516,P1,49" (26)
19:31:33  [AT] "SEND OK" (7)
19:31:34  [TX] S,1919,18C,000,2517,P1,49
19:31:34  [SLOT] n=2098 tx=25 ack=0 due=0 r=1
19:31:34  [AT] "AT+CIPSEND=26" (13)
19:31:34  [AT] " S,1919,18C,000,2517,P1,49" (26)
19:31:34  [AT] "SEND OK" (7)
19:31:36  [TX] S,1920,18C,000,2518,P1,4C
19:31:36  [SLOT] n=2099 tx=25 ack=0 due=0 r=1
19:31:36  [AT] "AT+CIPSEND=26" (13)
19:31:36  [AT] " S,1920,18C,000,2518,P1,4C" (26)
19:31:36  [AT] "SEND OK" (7)
19:31:37  [TX] S,1921,18F,000,2520,P1,43
19:31:37  [SLOT] n=2100 tx=25 ack=0 due=0 r=1
19:31:37  [CNT] up=2520 drop=1 esprst=17 hwrst=0/0 resync=0 sendfail=0 okto=1 stuck=1 ackq=0 ackdrop=0 ackstale=0 slot=2100 oow=7 smiss=10 ssovf=0 cksumng=0 okstream=1908 penddrop=0 pendfill=1922 bigfill=18 bigdrop=0 bigokst=17 oklost=0 bigoklost=0 skip=13 online=1
19:31:37  [RAM] 최저 여유 596 B · 프롬프트 재동기 0회 (서버의 '버린줄' 과 맞아야 한다)
19:31:37  [AT] "AT+CIPSEND=26" (13)
19:31:37  [AT] " S,1921,18F,000,2520,P1,43" (26)
19:31:37  [AT] "SEND OK" (7)
19:31:38  [TX] S,1922,18F,000,2521,P1,41
19:31:38  [SLOT] n=2101 tx=25 ack=0 due=0 r=1
19:31:38  [AT] "AT+CIPSEND=26" (13)
19:31:38  [AT] " S,1922,18F,000,2521,P1,41" (26)
19:31:38  [AT] "SEND OK" (7)
19:31:39  [TX] S,1923,18F,000,2522,P1,43
19:31:39  [SLOT] n=2102 tx=25 ack=0 due=0 r=1
19:31:39  [AT] "AT+CIPSEND=26" (13)
19:31:40  «tap» 살아있음 — 최근 60초 rx=8070B (이 줄이 끊기면 탭이 죽은 것이다)
19:31:40  [AT] " S,1923,18F,000,2522,P1,43" (26)
19:31:40  [AT] "SEND OK" (7)
19:31:40  [TX] S,1924,18F,000,2523,P1,45
19:31:40  [SLOT] n=2103 tx=25 ack=0 due=0 r=1
19:31:40  [AT] "AT+CIPSEND=26" (13)
19:31:40  [AT] " S,1924,18F,000,2523,P1,45" (26)
19:31:40  [AT] "SEND OK" (7)
19:31:42  [TX] S,1925,18F,000,2524,P1,43
19:31:42  [SLOT] n=2104 tx=25 ack=0 due=0 r=1
19:31:42  [AT] "AT+CIPSEND=26" (13)
19:31:42  [AT] " S,1925,18F,000,2524,P1,43" (26)
19:31:42  [AT] "SEND OK" (7)
19:31:43  [TX] S,1926,18F,000,2526,P1,42
19:31:43  [SLOT] n=2105 tx=25 ack=0 due=0 r=1
19:31:43  [AT] "AT+CIPSEND=26" (13)
19:31:43  [AT] " S,1926,18F,000,2526,P1,42" (26)
19:31:43  [AT] "SEND OK" (7)
19:31:44  [TX] S,1927,18F,000,2527,P1,42
19:31:44  [SLOT] n=2106 tx=25 ack=0 due=0 r=1
19:31:44  [AT] "AT+CIPSEND=26" (13)
19:31:44  [AT] " S,1927,18F,000,2527,P1,42" (26)
19:31:44  [AT] "SEND OK" (7)
19:31:45  [TX] S,1928,18E,000,2528,P1,41
19:31:45  [SLOT] n=2107 tx=25 ack=0 due=0 r=1
19:31:45  [AT] "AT+CIPSEND=26" (13)
19:31:45  [AT] " S,1928,18E,000,2528,P1,41" (26)
19:31:45  [AT] "SEND OK" (7)
19:31:46  [TX] S,1929,18E,000,2529,P1,41
19:31:46  [SLOT] n=2108 tx=25 ack=0 due=0 r=1
19:31:46  [AT] "AT+CIPSEND=26" (13)
19:31:46  [AT] " S,1929,18E,000,2529,P1,41" (26)
19:31:46  [AT] "SEND OK" (7)
19:31:47  [TX] S,1930,18E,000,2530,P1,41
19:31:47  [SLOT] n=2109 tx=25 ack=0 due=0 r=1
19:31:48  [AT] "AT+CIPSEND=26" (13)
19:31:48  [AT] " S,1930,18E,000,2530,P1,41" (26)
19:31:48  [AT] "SEND OK" (7)
19:31:49  [TX] S,1931,18C,000,2532,P1,44
19:31:49  [SLOT] n=2110 tx=25 ack=0 due=0 r=1
19:31:49  [AT] "AT+CIPSEND=26" (13)
19:31:49  [AT] " S,1931,18C,000,2532,P1,44" (26)
19:31:49  [AT] "SEND OK" (7)
19:31:50  [TX] S,1932,18C,000,2533,P1,46
19:31:50  [SLOT] n=2111 tx=25 ack=0 due=0 r=1
19:31:50  [AT] "AT+CIPSEND=26" (13)
19:31:50  [AT] " S,1932,18C,000,2533,P1,46" (26)
19:31:50  [AT] "SEND OK" (7)
19:31:51  [TX] S,1933,18C,000,2534,P1,40
19:31:51  [SLOT] n=2112 tx=25 ack=0 due=0 r=1
19:31:51  [AT] "AT+CIPSEND=26" (13)
19:31:51  [AT] " S,1933,18C,000,2534,P1,40" (26)
19:31:51  [AT] "SEND OK" (7)
19:31:52  [TX] S,1934,18C,000,2535,P1,46
19:31:52  [SLOT] n=2113 tx=25 ack=0 due=0 r=1
19:31:52  [AT] "AT+CIPSEND=26" (13)
19:31:52  [AT] " S,1934,18C,000,2535,P1,46" (26)
19:31:52  [AT] "SEND OK" (7)
19:31:53  [TX] S,1935,18D,000,2536,P1,43
19:31:53  [SLOT] n=2114 tx=25 ack=0 due=0 r=1
19:31:53  [AT] "AT+CIPSEND=26" (13)
19:31:54  [AT] " S,1935,18D,000,2536,P1,43" (26)
19:31:54  [AT] "SEND OK" (7)
19:31:55  [TX] S,1936,18D,000,2538,P1,4E
19:31:55  [SLOT] n=2115 tx=25 ack=0 due=0 r=1
19:31:55  [AT] "AT+CIPSEND=26" (13)
19:31:55  [AT] " S,1936,18D,000,2538,P1,4E" (26)
19:31:55  [AT] "SEND OK" (7)
19:31:56  [TX] S,1937,18D,000,2539,P1,4E
19:31:56  [SLOT] n=2116 tx=25 ack=0 due=0 r=1
19:31:56  [AT] "AT+CIPSEND=26" (13)
19:31:56  [AT] " S,1937,18D,000,2539,P1,4E" (26)
19:31:56  [AT] "SEND OK" (7)
19:31:57  [TX] S,1938,18D,000,2540,P1,4F
19:31:57  [SLOT] n=2117 tx=25 ack=0 due=0 r=1
19:31:57  [AT] "AT+CIPSEND=26" (13)
19:31:57  [AT] " S,1938,18D,000,2540,P1,4F" (26)
19:31:57  [AT] "SEND OK" (7)
19:31:58  [TX] S,1939,18D,000,2541,P1,4F
19:31:58  [SLOT] n=2118 tx=25 ack=0 due=0 r=1
19:31:58  [AT] "AT+CIPSEND=26" (13)
19:31:58  [AT] " S,1939,18D,000,2541,P1,4F" (26)
19:31:58  [AT] "SEND OK" (7)
19:31:59  [TX] S,1940,18D,000,2542,P1,42
19:31:59  [SLOT] n=2119 tx=25 ack=0 due=0 r=1
19:31:59  [AT] "AT+CIPSEND=26" (13)
19:32:00  [AT] " S,1940,18D,000,2542,P1,42" (26)
19:32:00  [AT] "SEND OK" (7)
19:32:01  [TX] S,1941,18F,000,2544,P1,47
19:32:01  [SLOT] n=2120 tx=25 ack=0 due=0 r=1
19:32:01  [AT] "AT+CIPSEND=26" (13)
19:32:01  [AT] " S,1941,18F,000,2544,P1,47" (26)
19:32:01  [AT] "SEND OK" (7)
19:32:02  [TX] S,1942,18E,000,2545,P1,46
19:32:02  [SLOT] n=2121 tx=25 ack=0 due=0 r=1
19:32:02  [AT] "AT+CIPSEND=26" (13)
19:32:02  [AT] " S,1942,18E,000,2545,P1,46" (26)
19:32:02  [AT] "SEND OK" (7)
19:32:03  [TX] S,1943,18E,000,2546,P1,44
19:32:03  [SLOT] n=2122 tx=25 ack=0 due=0 r=1
19:32:03  [AT] "AT+CIPSEND=26" (13)
19:32:03  [AT] " S,1943,18E,000,2546,P1,44" (26)
19:32:03  [AT] "SEND OK" (7)
19:32:04  [TX] S,1944,18E,000,2547,P1,42
19:32:04  [SLOT] n=2123 tx=25 ack=0 due=0 r=1
19:32:04  [AT] "AT+CIPSEND=26" (13)
19:32:04  [AT] " S,1944,18E,000,2547,P1,42" (26)
19:32:04  [AT] "SEND OK" (7)
19:32:05  [TX] S,1945,18E,000,2548,P1,4C
19:32:05  [SLOT] n=2124 tx=25 ack=0 due=0 r=1
19:32:05  [AT] "AT+CIPSEND=26" (13)
19:32:05  [AT] " S,1945,18E,000,2548,P1,4C" (26)
19:32:05  [AT] "SEND OK" (7)
19:32:07  [TX] S,1946,18E,000,2550,P1,46
19:32:07  [SLOT] n=2125 tx=25 ack=0 due=0 r=1
19:32:07  [AT] "AT+CIPSEND=26" (13)
19:32:07  [AT] " S,1946,18E,000,2550,P1,46" (26)
19:32:07  [AT] "SEND OK" (7)
19:32:08  [TX] S,1947,18E,000,2551,P1,46
19:32:08  [SLOT] n=2126 tx=25 ack=0 due=0 r=1
19:32:08  [AT] "AT+CIPSEND=26" (13)
19:32:08  [AT] " S,1947,18E,000,2551,P1,46" (26)
19:32:08  [AT] "SEND OK" (7)
19:32:09  [TX] S,1948,18E,000,2552,P1,4A
19:32:09  [SLOT] n=2127 tx=25 ack=0 due=0 r=1
19:32:09  [AT] "AT+CIPSEND=26" (13)
19:32:09  [AT] " S,1948,18E,000,2552,P1,4A" (26)
19:32:09  [AT] "SEND OK" (7)
19:32:10  [TX] S,1949,18F,000,2553,P1,49
19:32:10  [SLOT] n=2128 tx=25 ack=0 due=0 r=1
19:32:10  [AT] "AT+CIPSEND=26" (13)
19:32:10  [AT] " S,1949,18F,000,2553,P1,49" (26)
19:32:10  [AT] "SEND OK" (7)
19:32:11  [TX] S,1950,18F,000,2554,P1,46
19:32:11  [SLOT] n=2129 tx=25 ack=0 due=0 r=1
19:32:11  [AT] "AT+CIPSEND=26" (13)
19:32:12  [AT] " S,1950,18F,000,2554,P1,46" (26)
19:32:12  [AT] "SEND OK" (7)
19:32:13  [TX] S,1951,18D,000,2556,P1,47
19:32:13  [SLOT] n=2130 tx=25 ack=0 due=0 r=1
19:32:13  [AT] "AT+CIPSEND=26" (13)
19:32:13  [AT] " S,1951,18D,000,2556,P1,47" (26)
19:32:13  [AT] "SEND OK" (7)
19:32:14  [TX] S,1952,18D,000,2557,P1,45
19:32:14  [SLOT] n=2131 tx=25 ack=0 due=0 r=1
19:32:14  [AT] "AT+CIPSEND=26" (13)
19:32:14  [AT] " S,1952,18D,000,2557,P1,45" (26)
19:32:14  [AT] "SEND OK" (7)
19:32:15  [TX] S,1953,18D,000,2558,P1,4B
19:32:15  [SLOT] n=2132 tx=25 ack=0 due=0 r=1
19:32:15  [AT] "AT+CIPSEND=26" (13)
19:32:15  [AT] " S,1953,18D,000,2558,P1,4B" (26)
19:32:15  [AT] "SEND OK" (7)
19:32:16  [TX] S,1954,18D,000,2559,P1,4D
19:32:16  [SLOT] n=2133 tx=25 ack=0 due=0 r=1
19:32:16  [AT] "AT+CIPSEND=26" (13)
19:32:16  [AT] " S,1954,18D,000,2559,P1,4D" (26)
19:32:16  [AT] "SEND OK" (7)
19:32:17  [TX] S,1955,18D,000,2560,P1,46
19:32:17  [SLOT] n=2134 tx=25 ack=0 due=0 r=1
19:32:17  [AT] "AT+CIPSEND=26" (13)
19:32:17  [AT] " S,1955,18D,000,2560,P1,46" (26)
19:32:17  [AT] "SEND OK" (7)
19:32:19  [TX] S,1956,18C,000,2562,P1,40
19:32:19  [SLOT] n=2135 tx=25 ack=0 due=0 r=1
19:32:19  [AT] "AT+CIPSEND=26" (13)
19:32:19  [AT] " S,1956,18C,000,2562,P1,40" (26)
19:32:19  [AT] "SEND OK" (7)
19:32:20  [TX] S,1957,18C,000,2563,P1,40
19:32:20  [SLOT] n=2136 tx=25 ack=0 due=0 r=1
19:32:20  [AT] "AT+CIPSEND=26" (13)
19:32:20  [AT] " S,1957,18C,000,2563,P1,40" (26)
19:32:20  [AT] "SEND OK" (7)
19:32:21  [TX] S,1958,18C,000,2564,P1,48
19:32:21  [SLOT] n=2137 tx=25 ack=0 due=0 r=1
19:32:21  [AT] "AT+CIPSEND=26" (13)
19:32:21  [AT] " S,1958,18C,000,2564,P1,48" (26)
19:32:21  [AT] "SEND OK" (7)
19:32:22  [TX] S,1959,18C,000,2565,P1,48
19:32:22  [SLOT] n=2138 tx=25 ack=0 due=0 r=1
19:32:22  [AT] "AT+CIPSEND=26" (13)
19:32:22  [AT] " S,1959,18C,000,2565,P1,48" (26)
19:32:22  [AT] "SEND OK" (7)
19:32:23  [TX] S,1960,18C,000,2566,P1,41
19:32:23  [SLOT] n=2139 tx=25 ack=0 due=0 r=1
19:32:23  [AT] "AT+CIPSEND=26" (13)
19:32:23  [AT] " S,1960,18C,000,2566,P1,41" (26)
19:32:23  [AT] "SEND OK" (7)
19:32:25  [TX] S,1961,18E,000,2568,P1,48
19:32:25  [SLOT] n=2140 tx=25 ack=0 due=0 r=1
19:32:25  [AT] "AT+CIPSEND=26" (13)
19:32:25  [AT] " S,1961,18E,000,2568,P1,48" (26)
19:32:25  [AT] "SEND OK" (7)
19:32:26  [TX] S,1962,18E,000,2569,P1,4A
19:32:26  [SLOT] n=2141 tx=25 ack=0 due=0 r=1
19:32:26  [AT] "AT+CIPSEND=26" (13)
19:32:26  [AT] " S,1962,18E,000,2569,P1,4A" (26)
19:32:26  [AT] "SEND OK" (7)
19:32:27  [TX] S,1963,18F,000,2570,P1,40
19:32:27  [SLOT] n=2142 tx=25 ack=0 due=0 r=1
19:32:27  [AT] "AT+CIPSEND=26" (13)
19:32:27  [AT] " S,1963,18F,000,2570,P1,40" (26)
19:32:27  [AT] "SEND OK" (7)
19:32:28  [TX] S,1964,18F,000,2571,P1,46
19:32:28  [SLOT] n=2143 tx=25 ack=0 due=0 r=1
19:32:28  [AT] "AT+CIPSEND=26" (13)
19:32:28  [AT] " S,1964,18F,000,2571,P1,46" (26)
19:32:28  [AT] "SEND OK" (7)
19:32:29  [TX] S,1965,18F,000,2572,P1,44
19:32:29  [SLOT] n=2144 tx=25 ack=0 due=0 r=1
19:32:29  [AT] "AT+CIPSEND=26" (13)
19:32:30  [AT] " S,1965,18F,000,2572,P1,44" (26)
19:32:30  [AT] "SEND OK" (7)
19:32:31  [TX] S,1966,18F,000,2574,P1,41
19:32:31  [SLOT] n=2145 tx=25 ack=0 due=0 r=1
19:32:31  [AT] "AT+CIPSEND=26" (13)
19:32:31  [AT] " S,1966,18F,000,2574,P1,41" (26)
19:32:31  [AT] "SEND OK" (7)
19:32:32  [TX] S,1967,18F,000,2575,P1,41
19:32:32  [SLOT] n=2146 tx=25 ack=0 due=0 r=1
19:32:32  [AT] "AT+CIPSEND=26" (13)
19:32:32  [AT] " S,1967,18F,000,2575,P1,41" (26)
19:32:32  [AT] "SEND OK" (7)
19:32:33  [TX] S,1968,18F,000,2576,P1,4D
19:32:33  [SLOT] n=2147 tx=25 ack=0 due=0 r=1
19:32:33  [AT] "AT+CIPSEND=26" (13)
19:32:33  [AT] " S,1968,18F,000,2576,P1,4D" (26)
19:32:33  [AT] "SEND OK" (7)
19:32:34  [TX] S,1969,18F,000,2577,P1,4D
19:32:34  [SLOT] n=2148 tx=25 ack=0 due=0 r=1
19:32:34  [AT] "AT+CIPSEND=26" (13)
19:32:34  [AT] " S,1969,18F,000,2577,P1,4D" (26)
19:32:34  [AT] "SEND OK" (7)
19:32:35  [TX] S,1970,18E,000,2578,P1,49
19:32:35  [SLOT] n=2149 tx=25 ack=0 due=0 r=1
19:32:35  [AT] "AT+CIPSEND=26" (13)
19:32:35  [AT] " S,1970,18E,000,2578,P1,49" (26)
19:32:35  [AT] "SEND OK" (7)
19:32:37  [TX] S,1971,18C,000,2580,P1,49
19:32:37  [SLOT] n=2150 tx=25 ack=0 due=0 r=1
19:32:37  [CNT] up=2580 drop=1 esprst=17 hwrst=0/0 resync=0 sendfail=0 okto=1 stuck=1 ackq=0 ackdrop=0 ackstale=0 slot=2150 oow=7 smiss=10 ssovf=0 cksumng=0 okstream=1958 penddrop=0 pendfill=1972 bigfill=18 bigdrop=0 bigokst=17 oklost=0 bigoklost=0 skip=13 online=1
19:32:37  [RAM] 최저 여유 596 B · 프롬프트 재동기 0회 (서버의 '버린줄' 과 맞아야 한다)
19:32:37  [AT] " S,1971,18C,000,2580,P1,49" (26)
19:32:37  [AT] "SEND OK" (7)
19:32:37  [AT] "AT+CIPSEND=26" (13)
19:32:38  [TX] S,1972,18C,000,2581,P1,4B
19:32:38  [SLOT] n=2151 tx=25 ack=0 due=0 r=1
19:32:38  [AT] "AT+CIPSEND=26" (13)
19:32:38  [AT] " S,1972,18C,000,2581,P1,4B" (26)
19:32:38  [AT] "SEND OK" (7)
19:32:39  [TX] S,1973,18C,000,2582,P1,49
19:32:39  [SLOT] n=2152 tx=25 ack=0 due=0 r=1
19:32:39  [AT] "AT+CIPSEND=26" (13)
19:32:39  [AT] " S,1973,18C,000,2582,P1,49" (26)
19:32:39  [AT] "SEND OK" (7)
19:32:40  «tap» 살아있음 — 최근 60초 rx=8220B (이 줄이 끊기면 탭이 죽은 것이다)
19:32:40  [TX] S,1974,18C,000,2583,P1,4F
19:32:40  [SLOT] n=2153 tx=25 ack=0 due=0 r=1
19:32:40  [AT] "AT+CIPSEND=26" (13)
19:32:40  [AT] " S,1974,18C,000,2583,P1,4F" (26)
19:32:40  [AT] "SEND OK" (7)
19:32:41  [TX] S,1975,18C,000,2584,P1,49
19:32:41  [SLOT] n=2154 tx=25 ack=0 due=0 r=1
19:32:41  [AT] "AT+CIPSEND=26" (13)
19:32:41  [AT] " S,1975,18C,000,2584,P1,49" (26)
19:32:41  [AT] "SEND OK" (7)
19:32:43  [TX] S,1976,18C,000,2586,P1,48
19:32:43  [SLOT] n=2155 tx=25 ack=0 due=0 r=1
19:32:43  [AT] "AT+CIPSEND=26" (13)
19:32:43  [AT] " S,1976,18C,000,2586,P1,48" (26)
19:32:43  [AT] "SEND OK" (7)
19:32:44  [TX] S,1977,18D,000,2587,P1,4F
19:32:44  [SLOT] n=2156 tx=25 ack=0 due=0 r=1
19:32:44  [AT] "AT+CIPSEND=26" (13)
19:32:44  [AT] " S,1977,18D,000,2587,P1,4F" (26)
19:32:44  [AT] "SEND OK" (7)
19:32:45  [TX] S,1978,18D,000,2588,P1,4F
19:32:45  [SLOT] n=2157 tx=25 ack=0 due=0 r=1
19:32:45  [AT] "AT+CIPSEND=26" (13)
19:32:45  [AT] " S,1978,18D,000,2588,P1,4F" (26)
19:32:45  [AT] "SEND OK" (7)
19:32:46  [TX] S,1979,18D,000,2589,P1,4F
19:32:46  [SLOT] n=2158 tx=25 ack=0 due=0 r=1
19:32:46  [AT] "AT+CIPSEND=26" (13)
19:32:46  [AT] " S,1979,18D,000,2589,P1,4F" (26)
19:32:46  [AT] "SEND OK" (7)
19:32:47  [TX] S,1980,18D,000,2590,P1,41
19:32:47  [SLOT] n=2159 tx=25 ack=0 due=0 r=1
19:32:47  [AT] "AT+CIPSEND=26" (13)
19:32:47  [AT] " S,1980,18D,000,2590,P1,41" (26)
19:32:47  [AT] "SEND OK" (7)
19:32:49  [TX] S,1981,18F,000,2592,P1,40
19:32:49  [SLOT] n=2160 tx=25 ack=0 due=0 r=1
19:32:49  [AT] "AT+CIPSEND=26" (13)
19:32:49  [AT] " S,1981,18F,000,2592,P1,40" (26)
19:32:49  [AT] "SEND OK" (7)
19:32:50  [TX] S,1982,18F,000,2593,P1,42
19:32:50  [SLOT] n=2161 tx=25 ack=0 due=0 r=1
19:32:50  [AT] "AT+CIPSEND=26" (13)
19:32:50  [AT] " S,1982,18F,000,2593,P1,42" (26)
19:32:50  [AT] "SEND OK" (7)
19:32:51  [TX] S,1983,18F,000,2594,P1,44
19:32:51  [SLOT] n=2162 tx=25 ack=0 due=0 r=1
19:32:51  [AT] "AT+CIPSEND=26" (13)
19:32:51  [AT] " S,1983,18F,000,2594,P1,44" (26)
19:32:51  [AT] "SEND OK" (7)
19:32:52  [TX] S,1984,18E,000,2595,P1,41
19:32:52  [SLOT] n=2163 tx=25 ack=0 due=0 r=1
19:32:52  [AT] "AT+CIPSEND=26" (13)
19:32:52  [AT] " S,1984,18E,000,2595,P1,41" (26)
19:32:52  [AT] "SEND OK" (7)
19:32:53  [TX] S,1985,18E,000,2596,P1,43
19:32:53  [SLOT] n=2164 tx=25 ack=0 due=0 r=1
19:32:53  [AT] "AT+CIPSEND=26" (13)
19:32:53  [AT] " S,1985,18E,000,2596,P1,43" (26)
19:32:53  [AT] "SEND OK" (7)
19:32:55  [TX] S,1986,18E,000,2598,P1,4E
19:32:55  [SLOT] n=2165 tx=25 ack=0 due=0 r=1
19:32:55  [AT] "AT+CIPSEND=26" (13)
19:32:55  [AT] " S,1986,18E,000,2598,P1,4E" (26)
19:32:55  [AT] "SEND OK" (7)
19:32:56  [TX] S,1987,18E,000,2599,P1,4E
19:32:56  [SLOT] n=2166 tx=25 ack=0 due=0 r=1
19:32:56  [AT] "AT+CIPSEND=26" (13)
19:32:56  [AT] " S,1987,18E,000,2599,P1,4E" (26)
19:32:56  [AT] "SEND OK" (7)
19:32:57  [TX] S,1988,18E,000,2600,P1,42
19:32:57  [SLOT] n=2167 tx=25 ack=0 due=0 r=1
19:32:57  [AT] "AT+CIPSEND=26" (13)
19:32:57  [AT] " S,1988,18E,000,2600,P1,42" (26)
19:32:57  [AT] "SEND OK" (7)
19:32:58  [TX] S,1989,18E,000,2601,P1,42
19:32:58  [SLOT] n=2168 tx=25 ack=0 due=0 r=1
19:32:58  [AT] "AT+CIPSEND=26" (13)
19:32:58  [AT] " S,1989,18E,000,2601,P1,42" (26)
19:32:58  [AT] "SEND OK" (7)
19:32:59  [TX] S,1990,18E,000,2602,P1,49
19:32:59  [SLOT] n=2169 tx=25 ack=0 due=0 r=1
19:32:59  [AT] "AT+CIPSEND=26" (13)
19:33:00  [AT] " S,1990,18E,000,2602,P1,49" (26)
19:33:00  [AT] "SEND OK" (7)
19:33:01  [TX] S,1991,18D,000,2604,P1,4F
19:33:01  [SLOT] n=2170 tx=25 ack=0 due=0 r=1
19:33:01  [AT] "AT+CIPSEND=26" (13)
19:33:01  [AT] " S,1991,18D,000,2604,P1,4F" (26)
19:33:01  [AT] "SEND OK" (7)
19:33:02  [TX] S,1992,18D,000,2605,P1,4D
19:33:02  [SLOT] n=2171 tx=25 ack=0 due=0 r=1
19:33:02  [AT] "AT+CIPSEND=26" (13)
19:33:02  [AT] " S,1992,18D,000,2605,P1,4D" (26)
19:33:02  [AT] "SEND OK" (7)
19:33:03  [TX] S,1993,18D,000,2606,P1,4F
19:33:03  [SLOT] n=2172 tx=25 ack=0 due=0 r=1
19:33:03  [AT] "AT+CIPSEND=26" (13)
19:33:03  [AT] " S,1993,18D,000,2606,P1,4F" (26)
19:33:03  [AT] "SEND OK" (7)
19:33:04  [TX] S,1994,18D,000,2607,P1,49
19:33:04  [SLOT] n=2173 tx=25 ack=0 due=0 r=1
19:33:04  [AT] "AT+CIPSEND=26" (13)
19:33:04  [AT] " S,1994,18D,000,2607,P1,49" (26)
19:33:04  [AT] "SEND OK" (7)
19:33:05  [TX] S,1995,18D,000,2608,P1,47
19:33:05  [SLOT] n=2174 tx=25 ack=0 due=0 r=1
19:33:05  [AT] "AT+CIPSEND=26" (13)
19:33:05  [AT] " S,1995,18D,000,2608,P1,47" (26)
19:33:05  [AT] "SEND OK" (7)
19:33:07  [TX] S,1996,18D,000,2610,P1,4D
19:33:07  [SLOT] n=2175 tx=25 ack=0 due=0 r=1
19:33:07  [AT] "AT+CIPSEND=26" (13)
19:33:07  [AT] " S,1996,18D,000,2610,P1,4D" (26)
19:33:07  [AT] "SEND OK" (7)
19:33:08  [TX] S,1997,18D,000,2611,P1,4D
19:33:08  [SLOT] n=2176 tx=25 ack=0 due=0 r=1
19:33:08  [AT] "AT+CIPSEND=26" (13)
19:33:08  [AT] " S,1997,18D,000,2611,P1,4D" (26)
19:33:08  [AT] "SEND OK" (7)
19:33:09  [TX] S,1998,18C,000,2612,P1,46
19:33:09  [SLOT] n=2177 tx=25 ack=0 due=0 r=1
19:33:09  [AT] "AT+CIPSEND=26" (13)
19:33:09  [AT] " S,1998,18C,000,2612,P1,46" (26)
19:33:09  [AT] "SEND OK" (7)
19:33:10  [TX] S,1999,18C,000,2613,P1,46
19:33:10  [SLOT] n=2178 tx=25 ack=0 due=0 r=1
19:33:10  [AT] "AT+CIPSEND=26" (13)
19:33:10  [AT] " S,1999,18C,000,2613,P1,46" (26)
19:33:10  [AT] "SEND OK" (7)
19:33:11  [TX] S,2000,18C,000,2614,P1,4B
19:33:11  [SLOT] n=2179 tx=25 ack=0 due=0 r=1
19:33:11  [AT] "AT+CIPSEND=26" (13)
19:33:11  [AT] " S,2000,18C,000,2614,P1,4B" (26)
19:33:11  [AT] "SEND OK" (7)
19:33:13  [TX] S,2001,18E,000,2616,P1,4E
19:33:13  [SLOT] n=2180 tx=25 ack=0 due=0 r=1
19:33:13  [AT] "AT+CIPSEND=26" (13)
19:33:13  [AT] " S,2001,18E,000,2616,P1,4E" (26)
19:33:13  [AT] "SEND OK" (7)
19:33:14  [TX] S,2002,18E,000,2617,P1,4C
19:33:14  [SLOT] n=2181 tx=25 ack=0 due=0 r=1
19:33:14  [AT] "AT+CIPSEND=26" (13)
19:33:14  [AT] " S,2002,18E,000,2617,P1,4C" (26)
19:33:14  [AT] "SEND OK" (7)
19:33:15  [TX] S,2003,18E,000,2618,P1,42
19:33:15  [SLOT] n=2182 tx=25 ack=0 due=0 r=1
19:33:15  [AT] "AT+CIPSEND=26" (13)
19:33:15  [AT] " S,2003,18E,000,2618,P1,42" (26)
19:33:15  [AT] "SEND OK" (7)
19:33:16  [TX] S,2004,18E,000,2619,P1,44
19:33:16  [SLOT] n=2183 tx=25 ack=0 due=0 r=1
19:33:16  [AT] "AT+CIPSEND=26" (13)
19:33:16  [AT] " S,2004,18E,000,2619,P1,44" (26)
19:33:16  [AT] "SEND OK" (7)
19:33:17  [TX] S,2005,18F,000,2620,P1,4C
19:33:17  [SLOT] n=2184 tx=25 ack=0 due=0 r=1
19:33:17  [AT] "AT+CIPSEND=26" (13)
19:33:17  [AT] " S,2005,18F,000,2620,P1,4C" (26)
19:33:17  [AT] "SEND OK" (7)
19:33:19  [TX] S,2006,18F,000,2622,P1,4D
19:33:19  [SLOT] n=2185 tx=25 ack=0 due=0 r=1
19:33:19  [AT] "AT+CIPSEND=26" (13)
19:33:19  [AT] " S,2006,18F,000,2622,P1,4D" (26)
19:33:19  [AT] "SEND OK" (7)
19:33:20  [TX] S,2007,18F,000,2623,P1,4D
19:33:20  [SLOT] n=2186 tx=25 ack=0 due=0 r=1
19:33:20  [AT] "AT+CIPSEND=26" (13)
19:33:20  [AT] " S,2007,18F,000,2623,P1,4D" (26)
19:33:20  [AT] "SEND OK" (7)
19:33:21  [TX] S,2008,18F,000,2624,P1,45
19:33:21  [SLOT] n=2187 tx=25 ack=0 due=0 r=1
19:33:21  [AT] "AT+CIPSEND=26" (13)
19:33:21  [AT] " S,2008,18F,000,2624,P1,45" (26)
19:33:21  [AT] "SEND OK" (7)
19:33:22  [TX] S,2009,18F,000,2625,P1,45
19:33:22  [SLOT] n=2188 tx=25 ack=0 due=0 r=1
19:33:22  [AT] "AT+CIPSEND=26" (13)
19:33:22  [AT] " S,2009,18F,000,2625,P1,45" (26)
19:33:22  [AT] "SEND OK" (7)
19:33:23  [TX] S,2010,18F,000,2626,P1,4E
19:33:23  [SLOT] n=2189 tx=25 ack=0 due=0 r=1
19:33:23  [AT] "AT+CIPSEND=26" (13)
19:33:23  [AT] " S,2010,18F,000,2626,P1,4E" (26)
19:33:23  [AT] "SEND OK" (7)
19:33:25  [TX] S,2011,18D,000,2628,P1,43
19:33:25  [SLOT] n=2190 tx=25 ack=0 due=0 r=1
19:33:25  [AT] "AT+CIPSEND=26" (13)
19:33:25  [AT] " S,2011,18D,000,2628,P1,43" (26)
19:33:25  [AT] "SEND OK" (7)
19:33:26  [TX] S,2012,18C,000,2629,P1,46
19:33:26  [SLOT] n=2191 tx=25 ack=0 due=0 r=1
19:33:26  [AT] "AT+CIPSEND=26" (13)
19:33:26  [AT] " S,2012,18C,000,2629,P1,46" (26)
19:33:26  [AT] "SEND OK" (7)
19:33:27  [TX] S,2013,18C,000,2630,P1,4F
19:33:27  [SLOT] n=2192 tx=25 ack=0 due=0 r=1
19:33:27  [AT] "AT+CIPSEND=26" (13)
19:33:27  [AT] " S,2013,18C,000,2630,P1,4F" (26)
19:33:27  [AT] "SEND OK" (7)
19:33:28  [TX] S,2014,18C,000,2631,P1,49
19:33:28  [SLOT] n=2193 tx=25 ack=0 due=0 r=1
19:33:28  [AT] "AT+CIPSEND=26" (13)
19:33:28  [AT] " S,2014,18C,000,2631,P1,49" (26)
19:33:28  [AT] "SEND OK" (7)
19:33:29  [TX] S,2015,18C,000,2632,P1,4B
19:33:29  [SLOT] n=2194 tx=25 ack=0 due=0 r=1
19:33:29  [AT] "AT+CIPSEND=26" (13)
19:33:30  [AT] " S,2015,18C,000,2632,P1,4B" (26)
19:33:30  [AT] "SEND OK" (7)
19:33:31  [TX] S,2016,18C,000,2634,P1,4E
19:33:31  [SLOT] n=2195 tx=25 ack=0 due=0 r=1
19:33:31  [AT] "AT+CIPSEND=26" (13)
19:33:31  [AT] " S,2016,18C,000,2634,P1,4E" (26)
19:33:31  [AT] "SEND OK" (7)
19:33:32  [TX] S,2017,18C,000,2635,P1,4E
19:33:32  [SLOT] n=2196 tx=25 ack=0 due=0 r=1
19:33:32  [AT] "AT+CIPSEND=26" (13)
19:33:32  [AT] " S,2017,18C,000,2635,P1,4E" (26)
19:33:32  [AT] "SEND OK" (7)
19:33:33  [TX] S,2018,18C,000,2636,P1,42
19:33:33  [SLOT] n=2197 tx=25 ack=0 due=0 r=1
19:33:33  [AT] "AT+CIPSEND=26" (13)
19:33:33  [AT] " S,2018,18C,000,2636,P1,42" (26)
19:33:33  [AT] "SEND OK" (7)
19:33:34  [TX] S,2019,18D,000,2637,P1,45
19:33:34  [SLOT] n=2198 tx=25 ack=0 due=0 r=1
19:33:34  [AT] "AT+CIPSEND=26" (13)
19:33:34  [AT] " S,2019,18D,000,2637,P1,45" (26)
19:33:34  [AT] "SEND OK" (7)
19:33:35  [TX] S,2020,18D,000,2638,P1,40
19:33:35  [SLOT] n=2199 tx=25 ack=0 due=0 r=1
19:33:35  [AT] "AT+CIPSEND=26" (13)
19:33:35  [AT] " S,2020,18D,000,2638,P1,40" (26)
19:33:35  [AT] "SEND OK" (7)
19:33:37  [TX] S,2021,18F,000,2640,P1,4C
19:33:37  [SLOT] n=2200 tx=25 ack=0 due=0 r=1
19:33:37  [CNT] up=2640 drop=1 esprst=17 hwrst=0/0 resync=0 sendfail=0 okto=1 stuck=1 ackq=0 ackdrop=0 ackstale=0 slot=2200 oow=7 smiss=10 ssovf=0 cksumng=0 okstream=2008 penddrop=0 pendfill=2022 bigfill=18 bigdrop=0 bigokst=17 oklost=0 bigoklost=0 skip=13 online=1
19:33:37  [RAM] 최저 여유 596 B · 프롬프트 재동기 0회 (서버의 '버린줄' 과 맞아야 한다)
19:33:37  [AT] " S,2021,18F,000,2640,P1,4C" (26)
19:33:37  [AT] "SEND OK" (7)
19:33:37  [AT] "AT+CIPSEND=26" (13)
19:33:38  [TX] S,2022,18F,000,2641,P1,4E
19:33:38  [SLOT] n=2201 tx=25 ack=0 due=0 r=1
19:33:38  [AT] "AT+CIPSEND=26" (13)
19:33:38  [AT] " S,2022,18F,000,2641,P1,4E" (26)
19:33:38  [AT] "SEND OK" (7)
19:33:39  [TX] S,2023,18F,000,2642,P1,4C
19:33:39  [SLOT] n=2202 tx=25 ack=0 due=0 r=1
19:33:39  [AT] "AT+CIPSEND=26" (13)
19:33:39  [AT] " S,2023,18F,000,2642,P1,4C" (26)
19:33:39  [AT] "SEND OK" (7)
19:33:40  «tap» 살아있음 — 최근 60초 rx=8160B (이 줄이 끊기면 탭이 죽은 것이다)
19:33:40  [TX] S,2024,18F,000,2643,P1,4A
19:33:40  [SLOT] n=2203 tx=25 ack=0 due=0 r=1
19:33:40  [AT] "AT+CIPSEND=26" (13)
19:33:40  [AT] " S,2024,18F,000,2643,P1,4A" (26)
19:33:40  [AT] "SEND OK" (7)
19:33:41  [TX] S,2025,18F,000,2644,P1,4C
19:33:41  [SLOT] n=2204 tx=25 ack=0 due=0 r=1
19:33:41  [AT] "AT+CIPSEND=26" (13)
19:33:41  [AT] " S,2025,18F,000,2644,P1,4C" (26)
19:33:41  [AT] "SEND OK" (7)
19:33:43  [TX] S,2026,18E,000,2646,P1,4E
19:33:43  [SLOT] n=2205 tx=25 ack=0 due=0 r=1
19:33:43  [AT] "AT+CIPSEND=26" (13)
19:33:43  [AT] " S,2026,18E,000,2646,P1,4E" (26)
19:33:43  [AT] "SEND OK" (7)
19:33:44  [TX] S,2027,18E,000,2647,P1,4E
19:33:44  [SLOT] n=2206 tx=25 ack=0 due=0 r=1
19:33:44  [AT] "AT+CIPSEND=26" (13)
19:33:44  [AT] " S,2027,18E,000,2647,P1,4E" (26)
19:33:44  [AT] "SEND OK" (7)
19:33:45  [TX] S,2028,18E,000,2648,P1,4E
19:33:45  [SLOT] n=2207 tx=25 ack=0 due=0 r=1
19:33:45  [AT] "AT+CIPSEND=26" (13)
19:33:45  [AT] " S,2028,18E,000,2648,P1,4E" (26)
19:33:45  [AT] "SEND OK" (7)
19:33:46  [TX] S,2029,18E,000,2649,P1,4E
19:33:46  [SLOT] n=2208 tx=25 ack=0 due=0 r=1
19:33:46  [AT] "AT+CIPSEND=26" (13)
19:33:46  [AT] " S,2029,18E,000,2649,P1,4E" (26)
19:33:46  [AT] "SEND OK" (7)
19:33:47  [TX] S,2030,18E,000,2650,P1,4E
19:33:47  [SLOT] n=2209 tx=25 ack=0 due=0 r=1
19:33:47  [AT] "AT+CIPSEND=26" (13)
19:33:48  [AT] " S,2030,18E,000,2650,P1,4E" (26)
19:33:48  [AT] "SEND OK" (7)
19:33:50  [TX] S,2031,18C,000,2652,P1,4B
19:33:50  [SLOT] n=2210 tx=25 ack=0 due=0 r=1
19:33:50  [AT] "AT+CIPSEND=26" (13)
19:33:50  [AT] " S,2031,18C,000,2652,P1,4B" (26)
19:33:50  [AT] "SEND OK" (7)
19:33:51  [TX] S,2032,18C,000,2653,P1,49
19:33:51  [SLOT] n=2211 tx=25 ack=0 due=0 r=1
19:33:51  [AT] "AT+CIPSEND=26" (13)
19:33:52  [TX-WAIT] 앞 전송의 SEND OK 를 아직 못 봤다 — 이번 주기는 건너뛴다
19:33:52  [SLOT] n=2212 tx=25 ack=0 due=0 r=0
19:33:52  [AT] " S,2032,18C,000,2653,P1,49" (26)
19:33:52  [AT] "SEND OK" (7)
19:33:53  [TX] S,2033,18D,000,2655,P1,49
19:33:53  [SLOT] n=2213 tx=25 ack=0 due=0 r=1
19:33:53  [AT] "AT+CIPSEND=26" (13)
19:33:53  [AT] " S,2033,18D,000,2655,P1,49" (26)
19:33:53  [AT] "SEND OK" (7)
19:33:54  [TX] S,2034,18D,000,2656,P1,4D
19:33:54  [SLOT] n=2214 tx=25 ack=0 due=0 r=1
19:33:54  [AT] "AT+CIPSEND=26" (13)
19:33:54  [AT] " S,2034,18D,000,2656,P1,4D" (26)
19:33:54  [AT] "SEND OK" (7)
19:33:56  [TX] S,2035,18D,000,2658,P1,42
19:33:56  [SLOT] n=2215 tx=25 ack=0 due=0 r=1
19:33:56  [AT] "AT+CIPSEND=26" (13)
19:33:56  [AT] " S,2035,18D,000,2658,P1,42" (26)
19:33:56  [AT] "SEND OK" (7)
19:33:57  [TX] S,2036,18D,000,2659,P1,40
19:33:57  [SLOT] n=2216 tx=25 ack=0 due=0 r=1
19:33:57  [AT] "AT+CIPSEND=26" (13)
19:33:57  [AT] " S,2036,18D,000,2659,P1,40" (26)
19:33:57  [AT] "SEND OK" (7)
19:33:58  [TX] S,2037,18D,000,2660,P1,4B
19:33:58  [SLOT] n=2217 tx=25 ack=0 due=0 r=1
19:33:58  [AT] "AT+CIPSEND=26" (13)
19:33:58  [AT] " S,2037,18D,000,2660,P1,4B" (26)
19:33:58  [AT] "SEND OK" (7)
19:33:59  [TX] S,2038,18D,000,2661,P1,45
19:33:59  [SLOT] n=2218 tx=25 ack=0 due=0 r=1
19:33:59  [AT] "AT+CIPSEND=26" (13)
19:33:59  [AT] " S,2038,18D,000,2661,P1,45" (26)
19:33:59  [AT] "SEND OK" (7)
19:34:00  [TX] S,2039,18C,000,2662,P1,40
19:34:00  [SLOT] n=2219 tx=25 ack=0 due=0 r=1
19:34:00  [AT] "AT+CIPSEND=26" (13)
19:34:00  [AT] " S,2039,18C,000,2662,P1,40" (26)
19:34:00  [AT] "SEND OK" (7)
19:34:02  [TX] S,2040,18E,000,2664,P1,4E
19:34:02  [SLOT] n=2220 tx=25 ack=0 due=0 r=1
19:34:02  [AT] "AT+CIPSEND=26" (13)
19:34:02  [AT] " S,2040,18E,000,2664,P1,4E" (26)
19:34:02  [AT] "SEND OK" (7)
19:34:03  [TX] S,2041,18E,000,2665,P1,4E
19:34:03  [SLOT] n=2221 tx=25 ack=0 due=0 r=1
19:34:03  [AT] "AT+CIPSEND=26" (13)
19:34:03  [AT] " S,2041,18E,000,2665,P1,4E" (26)
19:34:03  [AT] "SEND OK" (7)
19:34:04  [TX] S,2042,18E,000,2666,P1,4E
19:34:04  [SLOT] n=2222 tx=25 ack=0 due=0 r=1
19:34:04  [AT] "AT+CIPSEND=26" (13)
19:34:04  [AT] " S,2042,18E,000,2666,P1,4E" (26)
19:34:04  [AT] "SEND OK" (7)
19:34:05  [TX] S,2043,18E,000,2667,P1,4E
19:34:05  [SLOT] n=2223 tx=25 ack=0 due=0 r=1
19:34:05  [AT] "AT+CIPSEND=26" (13)
19:34:05  [AT] " S,2043,18E,000,2667,P1,4E" (26)
19:34:05  [AT] "SEND OK" (7)
19:34:06  [TX] S,2044,18E,000,2668,P1,46
19:34:06  [SLOT] n=2224 tx=25 ack=0 due=0 r=1
19:34:06  [AT] "AT+CIPSEND=26" (13)
19:34:06  [AT] " S,2044,18E,000,2668,P1,46" (26)
19:34:06  [AT] "SEND OK" (7)
19:34:08  [TX] S,2045,18E,000,2670,P1,4E
19:34:08  [SLOT] n=2225 tx=25 ack=0 due=0 r=1
19:34:08  [AT] "AT+CIPSEND=26" (13)
19:34:08  [AT] " S,2045,18E,000,2670,P1,4E" (26)
19:34:08  [AT] "SEND OK" (7)
19:34:09  [TX] S,2046,18F,000,2671,P1,4F
19:34:09  [SLOT] n=2226 tx=25 ack=0 due=0 r=1
19:34:09  [AT] "AT+CIPSEND=26" (13)
19:34:09  [AT] " S,2046,18F,000,2671,P1,4F" (26)
19:34:09  [AT] "SEND OK" (7)
19:34:10  [TX] S,2047,18F,000,2672,P1,4D
19:34:10  [SLOT] n=2227 tx=25 ack=0 due=0 r=1
19:34:10  [AT] "AT+CIPSEND=26" (13)
19:34:10  [AT] " S,2047,18F,000,2672,P1,4D" (26)
19:34:10  [AT] "SEND OK" (7)
19:34:11  [TX] S,2048,18F,000,2673,P1,43
19:34:11  [SLOT] n=2228 tx=25 ack=0 due=0 r=1
19:34:11  [AT] "AT+CIPSEND=26" (13)
19:34:11  [AT] " S,2048,18F,000,2673,P1,43" (26)
19:34:11  [AT] "SEND OK" (7)
19:34:12  [TX] S,2049,18F,000,2674,P1,45
19:34:12  [SLOT] n=2229 tx=25 ack=0 due=0 r=1
19:34:12  [AT] "AT+CIPSEND=26" (13)
19:34:12  [AT] " S,2049,18F,000,2674,P1,45" (26)
19:34:12  [AT] "SEND OK" (7)
19:34:14  [TX] S,2050,18D,000,2676,P1,4D
19:34:14  [SLOT] n=2230 tx=25 ack=0 due=0 r=1
19:34:14  [AT] "AT+CIPSEND=26" (13)
19:34:14  [AT] " S,2050,18D,000,2676,P1,4D" (26)
19:34:14  [AT] "SEND OK" (7)
19:34:15  [TX] S,2051,18D,000,2677,P1,4D
19:34:15  [SLOT] n=2231 tx=25 ack=0 due=0 r=1
19:34:15  [AT] "AT+CIPSEND=26" (13)
19:34:15  [AT] " S,2051,18D,000,2677,P1,4D" (26)
19:34:15  [AT] "SEND OK" (7)
19:34:16  [TX] S,2052,18D,000,2678,P1,41
19:34:16  [SLOT] n=2232 tx=25 ack=0 due=0 r=1
19:34:16  [AT] "AT+CIPSEND=26" (13)
19:34:16  [AT] " S,2052,18D,000,2678,P1,41" (26)
19:34:16  [AT] "SEND OK" (7)
19:34:17  [TX] S,2053,18C,000,2679,P1,46
19:34:17  [SLOT] n=2233 tx=25 ack=0 due=0 r=1
19:34:17  [AT] "AT+CIPSEND=26" (13)
19:34:17  [AT] " S,2053,18C,000,2679,P1,46" (26)
19:34:17  [AT] "SEND OK" (7)
19:34:18  [TX] S,2054,18C,000,2680,P1,47
19:34:18  [SLOT] n=2234 tx=25 ack=0 due=0 r=1
19:34:18  [AT] "AT+CIPSEND=26" (13)
19:34:18  [AT] " S,2054,18C,000,2680,P1,47" (26)
19:34:18  [AT] "SEND OK" (7)
19:34:19  [TX] S,2055,18C,000,2682,P1,44
19:34:19  [SLOT] n=2235 tx=25 ack=0 due=0 r=1
19:34:19  [AT] "AT+CIPSEND=26" (13)
19:34:20  [AT] " S,2055,18C,000,2682,P1,44" (26)
19:34:20  [AT] "SEND OK" (7)
19:34:21  [TX] S,2056,18C,000,2683,P1,46
19:34:21  [SLOT] n=2236 tx=25 ack=0 due=0 r=1
19:34:21  [AT] "AT+CIPSEND=26" (13)
19:34:21  [AT] " S,2056,18C,000,2683,P1,46" (26)
19:34:21  [AT] "SEND OK" (7)
19:34:22  [TX] S,2057,18C,000,2684,P1,40
19:34:22  [SLOT] n=2237 tx=25 ack=0 due=0 r=1
19:34:22  [AT] "AT+CIPSEND=26" (13)
19:34:22  [AT] " S,2057,18C,000,2684,P1,40" (26)
19:34:22  [AT] "SEND OK" (7)
19:34:23  [TX] S,2058,18C,000,2685,P1,4E
19:34:23  [SLOT] n=2238 tx=25 ack=0 due=0 r=1
19:34:23  [AT] "AT+CIPSEND=26" (13)
19:34:24  [AT] " S,2058,18C,000,2685,P1,4E" (26)
19:34:24  [AT] "SEND OK" (7)
19:34:24  [TX] S,2059,18C,000,2686,P1,4C
19:34:24  [SLOT] n=2239 tx=25 ack=0 due=0 r=1
19:34:24  [AT] "AT+CIPSEND=26" (13)
19:34:24  [AT] " S,2059,18C,000,2686,P1,4C" (26)
19:34:24  [AT] "SEND OK" (7)
19:34:25  [TX] S,2060,18F,000,2688,P1,4D
19:34:25  [SLOT] n=2240 tx=25 ack=0 due=0 r=1
19:34:25  [AT] "AT+CIPSEND=26" (13)
19:34:26  [AT] " S,2060,18F,000,2688,P1,4D" (26)
19:34:26  [AT] "ERROR" (5)
19:34:26  [NET] 송신 오류 응답(로그만, 카운터는 sendLine 이 센다): ERROR
19:34:26  [AT] "Unlink" (6)
19:34:26  [DIAG] offline step=3 사다리=0/0 rx=113410 lines=6504 up=2688s
19:34:26  [NET] 3 CIFSR (IP 를 실제로 받았는가)
19:34:26  [AT] "AT+CIFSR" (8)
19:34:26  [AT] "0.0.0.0" (7)
19:34:26  [NET] ★ ESP 가 IP 를 잃었다 — 모듈 리셋으로 본다. 누적 사건 18
19:34:26  [AT] "OK" (2)
19:34:29  [NET] 3 CIFSR (IP 를 실제로 받았는가)
19:34:29  [AT] "AT+CIFSR" (8)
19:34:29  [AT] "0.0.0.0" (7)
19:34:29  [AT] "OK" (2)
19:34:29  [DIAG] offline step=3 사다리=0/0 rx=113462 lines=6510 up=2691s
19:34:31  [NET] 3 CIFSR (IP 를 실제로 받았는가)
19:34:31  [NET] CIFSR 3회에도 IP 가 없다 → CWJAP 부터 다시
19:34:31  [LADDER] 실패(CWJAP FAIL) CWJAP소요 528s · 연속 0회 · 결합유지 523s · 현재 0단(0회 누적)
19:34:31  [LADDER] ↑↑ 단 상승 → 1단
19:34:31  [LADDER] 1단 조치: 시리얼 드레인 32바이트 버림 + 줄 조립 초기화
19:34:32  [DIAG] offline step=2 사다리=1/0 rx=113462 lines=6510 up=2694s
19:34:32  [NET] 2 CWJAP (응답까지 최대 30초 기다린다)
19:34:32  [AT] "AT+CWJAP="3F_302","0424719222!!"" (32)
19:34:35  [DIAG] offline step=2 사다리=1/0 rx=113497 lines=6511 up=2697s
19:34:37  [AT] "OK" (2)
19:34:37  [NET] CWJAP OK — 결합됐다. IP 를 실제로 받았는지 CIFSR 로 확인한다
19:34:37  [CNT] up=2700 drop=1 esprst=18 hwrst=0/0 resync=0 sendfail=0 okto=1 stuck=1 ackq=0 ackdrop=0 ackstale=0 slot=2250 oow=7 smiss=10 ssovf=0 cksumng=0 okstream=2047 penddrop=0 pendfill=2061 bigfill=18 bigdrop=0 bigokst=17 oklost=0 bigoklost=0 skip=14 online=0
19:34:37  [RAM] 최저 여유 596 B · 프롬프트 재동기 0회 (서버의 '버린줄' 과 맞아야 한다)
19:34:38  [NET] 3 CIFSR (IP 를 실제로 받았는가)
19:34:38  [AT] "AT+CIFSR" (8)
19:34:38  [AT] "192.168.0.214" (13)
19:34:38  [NET] ★ IP 확보: 192.168.0.214
19:34:38  [AT] "OK" (2)
19:34:38  [DIAG] offline step=4 사다리=1/0 rx=113535 lines=6515 up=2700s
19:34:38  [NET] 4 CIPMUX=0
19:34:38  [AT] "AT+CIPMUX=0" (11)
19:34:38  [AT] "OK" (2)
19:34:38  [NET] CIPMUX=0 적용됨 → CIPSTART
19:34:38  [NET] 5 CIPSTART
19:34:38  [AT] "AT+CIPSTART="TCP","192.168.0.29",9991" (37)
19:34:38  [AT] "OK" (2)
19:34:38  [AT] "Linked" (6)
19:34:38  [NET] online (CONNECT) + 캐시 비움
19:34:39  [TX] S,2061,18C,000,2701,P1,49
19:34:39  [SLOT] n=2251 tx=25 ack=0 due=0 r=1
19:34:39  [AT] "AT+CIPSEND=26" (13)
19:34:39  [AT] " S,2061,18C,000,2701,P1,49" (26)
19:34:39  [AT] "SEND OK" (7)
19:34:40  [TX] D,*,7,12,5A
19:34:40  D,A1,IP,01
19:34:40  D,A2,IP,02
19:34:40  D,A3,IP,03
19:34:40  D,A4,IP,04
19:34:40  D,A5,IP,05
19:34:40  D,B1,IP,02
19:34:40  D,B2,IP,01
19:34:40  D,B3,IP,00
19:34:40  D,B4,IP,07
19:34:40  D,B5,IP,06
19:34:40  D,E1,OB,11
19:34:40  D,X1,OB,0C
19:34:40  [REG] 등록 전송 143B
19:34:40  [SLOT] n=2252 tx=143 ack=0 due=0 r=1
19:34:40  [AT] "AT+CIPSEND=144" (14)
19:34:41  «tap» 살아있음 — 최근 60초 rx=8310B (이 줄이 끊기면 탭이 죽은 것이다)
19:34:41  [TX-WAIT] 앞 전송의 SEND OK 를 아직 못 봤다 — 이번 주기는 건너뛴다
19:34:41  [SLOT] n=2253 tx=25 ack=0 due=0 r=0
19:34:42  [DROP-OVF] 줄이 96바이트를 넘어 버렸다
19:34:42  [AT] "SEND OK" (7)
19:34:42  [TX] S,2063,18D,000,2704,P1,49
19:34:42  [SLOT] n=2254 tx=25 ack=0 due=0 r=1
19:34:42  [AT] "AT+CIPSEND=26" (13)
19:34:42  [AT] " S,2063,18D,000,2704,P1,49" (26)
19:34:42  [AT] "SEND OK" (7)
19:34:43  [TX] S,2064,18D,000,2706,P1,4C
19:34:43  [SLOT] n=2255 tx=25 ack=0 due=0 r=1
19:34:43  [AT] "AT+CIPSEND=26" (13)
19:34:43  [AT] " S,2064,18D,000,2706,P1,4C" (26)
19:34:43  [AT] "SEND OK" (7)
19:34:45  [TX] S,2065,18D,000,2707,P1,4C
19:34:45  [SLOT] n=2256 tx=25 ack=0 due=0 r=1
19:34:45  [AT] "AT+CIPSEND=26" (13)
19:34:46  [TX-WAIT] 앞 전송의 SEND OK 를 아직 못 봤다 — 이번 주기는 건너뛴다
19:34:46  [SLOT] n=2257 tx=25 ack=0 due=0 r=0
19:34:46  [AT] " S,2065,18D,000,2707,P1,4C" (26)
19:34:46  [AT] "SEND OK" (7)
19:34:47  [TX] S,2066,18D,000,2709,P1,41
19:34:47  [SLOT] n=2258 tx=25 ack=0 due=0 r=1
19:34:47  [AT] "AT+CIPSEND=26" (13)
19:34:47  [AT] " S,2066,18D,000,2709,P1,41" (26)
19:34:47  [AT] "SEND OK" (7)
19:34:48  [TX] S,2067,18D,000,2710,P1,48
19:34:48  [SLOT] n=2259 tx=25 ack=0 due=0 r=1
19:34:48  [AT] "AT+CIPSEND=26" (13)
19:34:48  [AT] " S,2067,18D,000,2710,P1,48" (26)
19:34:48  [AT] "SEND OK" (7)
19:34:49  [TX] S,2068,18F,000,2712,P1,47
19:34:49  [SLOT] n=2260 tx=25 ack=0 due=0 r=1
19:34:49  [AT] "AT+CIPSEND=26" (13)
19:34:50  [AT] " S,2068,18F,000,2712,P1,47" (26)
19:34:50  [AT] "SEND OK" (7)
19:34:51  [TX] S,2069,18E,000,2713,P1,44
19:34:51  [SLOT] n=2261 tx=25 ack=0 due=0 r=1
19:34:51  [AT] "AT+CIPSEND=26" (13)
19:34:51  [AT] " S,2069,18E,000,2713,P1,44" (26)
19:34:51  [AT] "ERROR" (5)
19:34:51  [NET] 송신 오류 응답(로그만, 카운터는 sendLine 이 센다): ERROR
19:34:51  [AT] "Unlink" (6)
19:34:51  [DIAG] offline step=3 사다리=1/0 rx=114199 lines=6547 up=2713s
19:34:51  [NET] 3 CIFSR (IP 를 실제로 받았는가)
19:34:51  [AT] "AT+CIFSR" (8)
19:34:51  [AT] "0.0.0.0" (7)
19:34:51  [NET] ★ ESP 가 IP 를 잃었다 — 모듈 리셋으로 본다. 누적 사건 19
19:34:51  [AT] "OK" (2)
19:34:54  [NET] 3 CIFSR (IP 를 실제로 받았는가)
19:34:54  [AT] "AT+CIFSR" (8)
19:34:54  [AT] "192.168.0.214" (13)
19:34:54  [NET] ★ IP 확보: 192.168.0.214
19:34:54  [AT] "OK" (2)
19:34:54  [DIAG] offline step=4 사다리=1/0 rx=114257 lines=6553 up=2716s
19:34:54  [NET] 4 CIPMUX=0
19:34:54  [AT] "AT+CIPMUX=0" (11)
19:34:54  [AT] "OK" (2)
19:34:54  [NET] CIPMUX=0 적용됨 → CIPSTART
19:34:54  [NET] 5 CIPSTART
19:34:54  [AT] "AT+CIPSTART="TCP","192.168.0.29",9991" (37)
19:34:54  [AT] "OK" (2)
19:34:54  [AT] "Linked" (6)
19:34:54  [NET] online (CONNECT) + 캐시 비움
19:34:54  [TX] S,2070,18E,000,2716,P1,49
19:34:54  [SLOT] n=2264 tx=25 ack=0 due=32 r=1
19:34:54  [AT] "AT+CIPSEND=26" (13)
19:34:54  [AT] " S,2070,18E,000,2716,P1,49" (26)
19:34:54  [AT] "SEND OK" (7)
19:34:56  [TX] D,*,7,12,5A
19:34:56  D,A1,IP,01
19:34:56  D,A2,IP,02
19:34:56  D,A3,IP,03
19:34:56  D,A4,IP,04
19:34:56  D,A5,IP,05
19:34:56  D,B1,IP,02
19:34:56  D,B2,IP,01
19:34:56  D,B3,IP,00
19:34:56  D,B4,IP,07
19:34:56  D,B5,IP,06
19:34:56  D,E1,OB,11
19:34:56  D,X1,OB,0C
19:34:56  [REG] 등록 전송 143B
19:34:56  [SLOT] n=2265 tx=143 ack=0 due=0 r=1
19:34:56  [AT] "AT+CIPSEND=144" (14)
19:34:56  [DROP-OVF] 줄이 96바이트를 넘어 버렸다
19:34:56  [AT] "SEND OK" (7)
19:34:57  [TX] S,2072,18E,000,2719,P1,44
19:34:57  [SLOT] n=2266 tx=25 ack=0 due=0 r=1
19:34:57  [AT] "AT+CIPSEND=26" (13)
19:34:57  [AT] " S,2072,18E,000,2719,P1,44" (26)
19:34:57  [AT] "SEND OK" (7)
19:34:58  [TX] S,2073,18E,000,2720,P1,4F
19:34:58  [SLOT] n=2267 tx=25 ack=0 due=0 r=1
19:34:58  [AT] "AT+CIPSEND=26" (13)
19:34:58  [AT] " S,2073,18E,000,2720,P1,4F" (26)
19:34:58  [AT] "SEND OK" (7)
19:34:59  [TX] S,2074,18F,000,2721,P1,4A
19:34:59  [SLOT] n=2268 tx=25 ack=0 due=0 r=1
19:34:59  [AT] "AT+CIPSEND=26" (13)
19:34:59  [AT] " S,2074,18F,000,2721,P1,4A" (26)
19:34:59  [AT] "SEND OK" (7)
19:35:00  [TX] S,2075,18F,000,2722,P1,48
19:35:00  [SLOT] n=2269 tx=25 ack=0 due=0 r=1
19:35:00  [AT] "AT+CIPSEND=26" (13)
19:35:01  [AT] " S,2075,18F,000,2722,P1,48" (26)
19:35:01  [AT] "SEND OK" (7)
19:35:01  [TX] S,2076,18D,000,2724,P1,4F
19:35:01  [SLOT] n=2270 tx=25 ack=0 due=0 r=1
19:35:01  [AT] "AT+CIPSEND=26" (13)
19:35:01  [AT] " S,2076,18D,000,2724,P1,4F" (26)
19:35:01  [AT] "SEND OK" (7)
19:35:03  [TX] S,2077,18D,000,2725,P1,4F
19:35:03  [SLOT] n=2271 tx=25 ack=0 due=0 r=1
19:35:03  [AT] "AT+CIPSEND=26" (13)
19:35:03  [AT] " S,2077,18D,000,2725,P1,4F" (26)
19:35:03  [AT] "SEND OK" (7)
19:35:04  [TX] S,2078,18D,000,2726,P1,43
19:35:04  [SLOT] n=2272 tx=25 ack=0 due=0 r=1
19:35:04  [AT] "AT+CIPSEND=26" (13)
19:35:04  [AT] " S,2078,18D,000,2726,P1,43" (26)
19:35:04  [AT] "SEND OK" (7)
19:35:05  [TX] S,2079,18D,000,2727,P1,43
19:35:05  [SLOT] n=2273 tx=25 ack=0 due=0 r=1
19:35:05  [AT] "AT+CIPSEND=26" (13)
19:35:05  [AT] " S,2079,18D,000,2727,P1,43" (26)
19:35:05  [AT] "SEND OK" (7)
19:35:06  [TX] S,2080,18D,000,2728,P1,4A
19:35:06  [SLOT] n=2274 tx=25 ack=0 due=0 r=1
19:35:06  [AT] "AT+CIPSEND=26" (13)
19:35:06  [AT] " S,2080,18D,000,2728,P1,4A" (26)
19:35:06  [AT] "SEND OK" (7)
19:35:07  [TX] S,2081,18C,000,2730,P1,45
19:35:07  [SLOT] n=2275 tx=25 ack=0 due=0 r=1
19:35:07  [AT] "AT+CIPSEND=26" (13)
19:35:07  [AT] " S,2081,18C,000,2730,P1,45" (26)
19:35:07  [AT] "SEND OK" (7)
19:35:09  [TX] S,2082,18C,000,2731,P1,47
19:35:09  [SLOT] n=2276 tx=25 ack=0 due=0 r=1
19:35:09  [AT] "AT+CIPSEND=26" (13)
19:35:09  [AT] " S,2082,18C,000,2731,P1,47" (26)
19:35:09  [AT] "SEND OK" (7)
19:35:10  [TX] S,2083,18C,000,2732,P1,45
19:35:10  [SLOT] n=2277 tx=25 ack=0 due=0 r=1
19:35:10  [AT] "AT+CIPSEND=26" (13)
19:35:10  [AT] " S,2083,18C,000,2732,P1,45" (26)
19:35:10  [AT] "SEND OK" (7)
19:35:11  [TX] S,2084,18C,000,2733,P1,43
19:35:11  [SLOT] n=2278 tx=25 ack=0 due=0 r=1
19:35:11  [AT] "AT+CIPSEND=26" (13)
19:35:11  [AT] " S,2084,18C,000,2733,P1,43" (26)
19:35:11  [AT] "SEND OK" (7)
19:35:12  [TX] S,2085,18C,000,2734,P1,45
19:35:12  [SLOT] n=2279 tx=25 ack=0 due=0 r=1
19:35:12  [AT] "AT+CIPSEND=26" (13)
19:35:12  [AT] " S,2085,18C,000,2734,P1,45" (26)
19:35:12  [AT] "SEND OK" (7)
19:35:13  [TX] S,2086,18E,000,2736,P1,42
19:35:13  [SLOT] n=2280 tx=25 ack=0 due=0 r=1
19:35:13  [AT] "AT+CIPSEND=26" (13)
19:35:14  [AT] " S,2086,18E,000,2736,P1,42" (26)
19:35:14  [AT] "SEND OK" (7)
19:35:15  [TX] S,2087,18E,000,2737,P1,42
19:35:15  [SLOT] n=2281 tx=25 ack=0 due=0 r=1
19:35:15  [AT] "AT+CIPSEND=26" (13)
19:35:15  [AT] " S,2087,18E,000,2737,P1,42" (26)
19:35:15  [AT] "SEND OK" (7)
19:35:16  [TX] S,2088,18F,000,2738,P1,41
19:35:16  [SLOT] n=2282 tx=25 ack=0 due=0 r=1
19:35:16  [AT] "AT+CIPSEND=26" (13)
19:35:16  [AT] " S,2088,18F,000,2738,P1,41" (26)
19:35:16  [AT] "SEND OK" (7)
19:35:17  [TX] S,2089,18F,000,2739,P1,41
19:35:17  [SLOT] n=2283 tx=25 ack=0 due=0 r=1
19:35:17  [AT] "AT+CIPSEND=26" (13)
19:35:17  [AT] " S,2089,18F,000,2739,P1,41" (26)
19:35:17  [AT] "ERROR" (5)
19:35:17  [NET] 송신 오류 응답(로그만, 카운터는 sendLine 이 센다): ERROR
19:35:17  [AT] "Unlink" (6)
19:35:17  [DIAG] offline step=3 사다리=1/0 rx=115504 lines=6618 up=2739s
19:35:18  [NET] 3 CIFSR (IP 를 실제로 받았는가)
19:35:18  [AT] "AT+CIFSR" (8)
19:35:18  [AT] "0.0.0.0" (7)
19:35:18  [NET] ★ ESP 가 IP 를 잃었다 — 모듈 리셋으로 본다. 누적 사건 20
19:35:18  [AT] "OK" (2)
19:35:20  [NET] 3 CIFSR (IP 를 실제로 받았는가)
19:35:20  [AT] "AT+CIFSR" (8)
19:35:20  [AT] "192.168.0.214" (13)
19:35:20  [NET] ★ IP 확보: 192.168.0.214
19:35:20  [AT] "OK" (2)
19:35:20  [DIAG] offline step=4 사다리=1/0 rx=115562 lines=6624 up=2742s
19:35:20  [NET] 4 CIPMUX=0
19:35:20  [AT] "AT+CIPMUX=0" (11)
19:35:20  [AT] "OK" (2)
19:35:20  [NET] CIPMUX=0 적용됨 → CIPSTART
19:35:21  [NET] 5 CIPSTART
19:35:21  [AT] "AT+CIPSTART="TCP","192.168.0.29",9991" (37)
19:35:21  [AT] "OK" (2)
19:35:21  [AT] "Linked" (6)
19:35:21  [NET] online (CONNECT) + 캐시 비움
19:35:22  [TX] S,2090,18F,000,2744,P1,43
19:35:22  [SLOT] n=2287 tx=25 ack=0 due=0 r=1
19:35:22  [AT] "AT+CIPSEND=26" (13)
19:35:22  [AT] " S,2090,18F,000,2744,P1,43" (26)
19:35:22  [AT] "SEND OK" (7)
19:35:23  [TX] D,*,7,12,5A
19:35:23  D,A1,IP,01
19:35:23  D,A2,IP,02
19:35:23  D,A3,IP,03
19:35:23  D,A4,IP,04
19:35:23  D,A5,IP,05
19:35:23  D,B1,IP,02
19:35:23  D,B2,IP,01
19:35:23  D,B3,IP,00
19:35:23  D,B4,IP,07
19:35:23  D,B5,IP,06
19:35:23  D,E1,OB,11
19:35:23  D,X1,OB,0C
19:35:23  [REG] 등록 전송 143B
19:35:23  [SLOT] n=2288 tx=143 ack=0 due=0 r=1
19:35:23  [AT] "AT+CIPSEND=144" (14)
19:35:23  [DROP-OVF] 줄이 96바이트를 넘어 버렸다
19:35:23  [AT] "SEND OK" (7)
19:35:24  [TX] S,2092,18E,000,2746,P1,40
19:35:24  [SLOT] n=2289 tx=25 ack=0 due=0 r=1
19:35:24  [AT] "AT+CIPSEND=26" (13)
19:35:24  [AT] " S,2092,18E,000,2746,P1,40" (26)
19:35:24  [AT] "SEND OK" (7)
19:35:25  [TX] S,2093,18C,000,2748,P1,49
19:35:25  [SLOT] n=2290 tx=25 ack=0 due=0 r=1
19:35:25  [AT] "AT+CIPSEND=26" (13)
19:35:26  [AT] " S,2093,18C,000,2748,P1,49" (26)
19:35:26  [AT] "SEND OK" (7)
19:35:27  [TX] S,2094,18C,000,2749,P1,4F
19:35:27  [SLOT] n=2291 tx=25 ack=0 due=0 r=1
19:35:27  [AT] "AT+CIPSEND=26" (13)
19:35:27  [AT] " S,2094,18C,000,2749,P1,4F" (26)
19:35:27  [AT] "SEND OK" (7)
19:35:28  [TX] S,2095,18C,000,2750,P1,46
19:35:28  [SLOT] n=2292 tx=25 ack=0 due=0 r=1
19:35:28  [AT] "AT+CIPSEND=26" (13)
19:35:28  [AT] " S,2095,18C,000,2750,P1,46" (26)
19:35:28  [AT] "SEND OK" (7)
19:35:29  [TX] S,2096,18C,000,2751,P1,44
19:35:29  [SLOT] n=2293 tx=25 ack=0 due=0 r=1
19:35:29  [AT] "AT+CIPSEND=26" (13)
19:35:29  [AT] " S,2096,18C,000,2751,P1,44" (26)
19:35:29  [AT] "SEND OK" (7)
19:35:30  [TX] S,2097,18C,000,2752,P1,46
19:35:30  [SLOT] n=2294 tx=25 ack=0 due=0 r=1
19:35:30  [AT] "AT+CIPSEND=26" (13)
19:35:30  [AT] " S,2097,18C,000,2752,P1,46" (26)
19:35:30  [AT] "SEND OK" (7)
19:35:31  [TX] S,2098,18C,000,2754,P1,4F
19:35:31  [SLOT] n=2295 tx=25 ack=0 due=0 r=1
19:35:31  [AT] "AT+CIPSEND=26" (13)
19:35:32  [AT] " S,2098,18C,000,2754,P1,4F" (26)
19:35:32  [AT] "SEND OK" (7)
19:35:33  [TX] S,2099,18D,000,2755,P1,48
19:35:33  [SLOT] n=2296 tx=25 ack=0 due=0 r=1
19:35:33  [AT] "AT+CIPSEND=26" (13)
19:35:33  [AT] " S,2099,18D,000,2755,P1,48" (26)
19:35:33  [AT] "SEND OK" (7)
19:35:34  [TX] S,2100,18D,000,2756,P1,4A
19:35:34  [SLOT] n=2297 tx=25 ack=0 due=0 r=1
19:35:34  [AT] "AT+CIPSEND=26" (13)
19:35:35  [TX-WAIT] 앞 전송의 SEND OK 를 아직 못 봤다 — 이번 주기는 건너뛴다
19:35:35  [SLOT] n=2298 tx=25 ack=0 due=0 r=0
19:35:35  [AT] " S,2100,18D,000,2756,P1,4A" (26)
19:35:35  [AT] "SEND OK" (7)
19:35:36  [TX] S,2101,18D,000,2758,P1,45
19:35:36  [SLOT] n=2299 tx=25 ack=0 due=0 r=1
19:35:36  [AT] "AT+CIPSEND=26" (13)
19:35:36  [AT] " S,2101,18D,000,2758,P1,45" (26)
19:35:36  [AT] "ERROR" (5)
19:35:36  [NET] 송신 오류 응답(로그만, 카운터는 sendLine 이 센다): ERROR
19:35:36  [AT] "Unlink" (6)
19:35:36  [DIAG] offline step=3 사다리=1/0 rx=116385 lines=6665 up=2758s
19:35:37  [NET] 3 CIFSR (IP 를 실제로 받았는가)
19:35:37  [AT] "AT+CIFSR" (8)
19:35:37  [AT] "0.0.0.0" (7)
19:35:37  [NET] ★ ESP 가 IP 를 잃었다 — 모듈 리셋으로 본다. 누적 사건 21
19:35:37  [AT] "OK" (2)
19:35:37  [CNT] up=2760 drop=1 esprst=21 hwrst=0/0 resync=0 sendfail=0 okto=1 stuck=1 ackq=0 ackdrop=0 ackstale=0 slot=2300 oow=7 smiss=12 ssovf=0 cksumng=0 okstream=2085 penddrop=0 pendfill=2102 bigfill=21 bigdrop=0 bigokst=20 oklost=0 bigoklost=0 skip=17 online=0
19:35:37  [RAM] 최저 여유 596 B · 프롬프트 재동기 0회 (서버의 '버린줄' 과 맞아야 한다)
19:35:39  [NET] 3 CIFSR (IP 를 실제로 받았는가)
19:35:39  [AT] "AT+CIFSR" (8)
19:35:39  [AT] "192.168.0.214" (13)
19:35:39  [NET] ★ IP 확보: 192.168.0.214
19:35:39  [AT] "OK" (2)
19:35:39  [DIAG] offline step=4 사다리=1/0 rx=116443 lines=6671 up=2761s
19:35:39  [NET] 4 CIPMUX=0
19:35:39  [AT] "AT+CIPMUX=0" (11)
19:35:39  [AT] "OK" (2)
19:35:39  [NET] CIPMUX=0 적용됨 → CIPSTART
19:35:40  [NET] 5 CIPSTART
19:35:40  [AT] "AT+CIPSTART="TCP","192.168.0.29",9991" (37)
19:35:40  [AT] "OK" (2)
19:35:40  [AT] "Linked" (6)
19:35:40  [NET] online (CONNECT) + 캐시 비움
19:35:40  [TX] S,2102,18F,000,2762,P1,4D
19:35:40  [SLOT] n=2302 tx=25 ack=0 due=0 r=1
19:35:40  [AT] "AT+CIPSEND=26" (13)
19:35:40  [AT] " S,2102,18F,000,2762,P1,4D" (26)
19:35:40  [AT] "SEND OK" (7)
19:35:41  «tap» 살아있음 — 최근 60초 rx=9779B (이 줄이 끊기면 탭이 죽은 것이다)
19:35:41  [TX] D,*,7,12,5A
19:35:41  D,A1,IP,01
19:35:41  D,A2,IP,02
19:35:41  D,A3,IP,03
19:35:41  D,A4,IP,04
19:35:41  D,A5,IP,05
19:35:41  D,B1,IP,02
19:35:41  D,B2,IP,01
19:35:41  D,B3,IP,00
19:35:41  D,B4,IP,07
19:35:41  D,B5,IP,06
19:35:41  D,E1,OB,11
19:35:41  D,X1,OB,0C
19:35:41  [REG] 등록 전송 143B
19:35:41  [SLOT] n=2303 tx=143 ack=0 due=0 r=1
19:35:41  [AT] "AT+CIPSEND=144" (14)
19:35:41  [DROP-OVF] 줄이 96바이트를 넘어 버렸다
19:35:41  [AT] "SEND OK" (7)
19:35:42  [TX] S,2104,18E,000,2764,P1,4E
19:35:42  [SLOT] n=2304 tx=25 ack=0 due=0 r=1
19:35:42  [AT] "AT+CIPSEND=26" (13)
19:35:42  [AT] " S,2104,18E,000,2764,P1,4E" (26)
19:35:42  [AT] "SEND OK" (7)
19:35:43  [TX] S,2105,18E,000,2766,P1,4D
19:35:43  [SLOT] n=2305 tx=25 ack=0 due=0 r=1
19:35:43  [AT] "AT+CIPSEND=26" (13)
19:35:43  [AT] " S,2105,18E,000,2766,P1,4D" (26)
19:35:43  [AT] "SEND OK" (7)
19:35:45  [TX] S,2106,18E,000,2767,P1,4F
19:35:45  [SLOT] n=2306 tx=25 ack=0 due=0 r=1
19:35:45  [AT] "AT+CIPSEND=26" (13)
19:35:45  [AT] " S,2106,18E,000,2767,P1,4F" (26)
19:35:45  [AT] "SEND OK" (7)
19:35:46  [TX] S,2107,18E,000,2768,P1,41
19:35:46  [SLOT] n=2307 tx=25 ack=0 due=0 r=1
19:35:46  [AT] "AT+CIPSEND=26" (13)
19:35:46  [AT] " S,2107,18E,000,2768,P1,41" (26)
19:35:46  [AT] "SEND OK" (7)
19:35:47  [TX] S,2108,18E,000,2769,P1,4F
19:35:47  [SLOT] n=2308 tx=25 ack=0 due=0 r=1
19:35:47  [AT] "AT+CIPSEND=26" (13)
19:35:47  [AT] " S,2108,18E,000,2769,P1,4F" (26)
19:35:47  [AT] "SEND OK" (7)
19:35:48  [TX] S,2109,18E,000,2770,P1,46
19:35:48  [SLOT] n=2309 tx=25 ack=0 due=0 r=1
19:35:48  [AT] "AT+CIPSEND=26" (13)
19:35:48  [AT] " S,2109,18E,000,2770,P1,46" (26)
19:35:48  [AT] "SEND OK" (7)
19:35:49  [TX] S,2110,18D,000,2772,P1,4D
19:35:49  [SLOT] n=2310 tx=25 ack=0 due=0 r=1
19:35:49  [AT] "AT+CIPSEND=26" (13)
19:35:50  [AT] " S,2110,18D,000,2772,P1,4D" (26)
19:35:50  [AT] "SEND OK" (7)
19:35:51  [TX] S,2111,18D,000,2773,P1,4D
19:35:51  [SLOT] n=2311 tx=25 ack=0 due=0 r=1
19:35:51  [AT] "AT+CIPSEND=26" (13)
19:35:51  [AT] " S,2111,18D,000,2773,P1,4D" (26)
19:35:51  [AT] "SEND OK" (7)
19:35:52  [TX] S,2112,18D,000,2774,P1,49
19:35:52  [SLOT] n=2312 tx=25 ack=0 due=0 r=1
19:35:52  [AT] "AT+CIPSEND=26" (13)
19:35:52  [AT] " S,2112,18D,000,2774,P1,49" (26)
19:35:52  [AT] "SEND OK" (7)
19:35:53  [TX] S,2113,18D,000,2775,P1,49
19:35:53  [SLOT] n=2313 tx=25 ack=0 due=0 r=1
19:35:53  [AT] "AT+CIPSEND=26" (13)
19:35:53  [AT] " S,2113,18D,000,2775,P1,49" (26)
19:35:53  [AT] "ERROR" (5)
19:35:53  [NET] 송신 오류 응답(로그만, 카운터는 sendLine 이 센다): ERROR
19:35:53  [AT] "Unlink" (6)
19:35:53  [DIAG] offline step=3 사다리=1/0 rx=117266 lines=6712 up=2775s
19:35:53  [NET] 3 CIFSR (IP 를 실제로 받았는가)
19:35:53  [AT] "AT+CIFSR" (8)
19:35:53  [AT] "0.0.0.0" (7)
19:35:53  [NET] ★ ESP 가 IP 를 잃었다 — 모듈 리셋으로 본다. 누적 사건 22
19:35:53  [AT] "OK" (2)
19:35:56  [NET] 3 CIFSR (IP 를 실제로 받았는가)
19:35:56  [AT] "AT+CIFSR" (8)
19:35:56  [AT] "0.0.0.0" (7)
19:35:56  [AT] "OK" (2)
19:35:56  [DIAG] offline step=3 사다리=1/0 rx=117318 lines=6718 up=2778s
19:35:58  [NET] 3 CIFSR (IP 를 실제로 받았는가)
19:35:58  [NET] CIFSR 3회에도 IP 가 없다 → CWJAP 부터 다시
19:35:58  [LADDER] 실패(CWJAP FAIL) CWJAP소요 86s · 연속 0회 · 결합유지 81s · 현재 1단(0회 누적)
19:35:59  [LADDER] 1단 조치: 시리얼 드레인 32바이트 버림 + 줄 조립 초기화
19:35:59  [DIAG] offline step=2 사다리=1/1 rx=117318 lines=6718 up=2781s
19:36:00  [NET] 2 CWJAP (응답까지 최대 30초 기다린다)
19:36:00  [AT] "AT+CWJAP="3F_302","0424719222!!"" (32)
19:36:02  [DIAG] offline step=2 사다리=1/1 rx=117353 lines=6719 up=2784s
19:36:05  [AT] "OK" (2)
19:36:05  [NET] CWJAP OK — 결합됐다. IP 를 실제로 받았는지 CIFSR 로 확인한다
19:36:05  [NET] 3 CIFSR (IP 를 실제로 받았는가)
19:36:05  [AT] "AT+CIFSR" (8)
19:36:05  [AT] "192.168.0.214" (13)
19:36:05  [NET] ★ IP 확보: 192.168.0.214
19:36:05  [AT] "OK" (2)
19:36:05  [DIAG] offline step=4 사다리=1/1 rx=117391 lines=6723 up=2787s
19:36:05  [NET] 4 CIPMUX=0
19:36:05  [AT] "AT+CIPMUX=0" (11)
19:36:05  [AT] "OK" (2)
19:36:05  [NET] CIPMUX=0 적용됨 → CIPSTART
19:36:05  [NET] 5 CIPSTART
19:36:05  [AT] "AT+CIPSTART="TCP","192.168.0.29",9991" (37)
19:36:06  [AT] "OK" (2)
19:36:06  [AT] "Linked" (6)
19:36:06  [NET] online (CONNECT) + 캐시 비움
19:36:06  [TX] S,2114,18F,000,2788,P1,4E
19:36:06  [SLOT] n=2324 tx=25 ack=0 due=0 r=1
19:36:06  [AT] "AT+CIPSEND=26" (13)
19:36:06  [AT] " S,2114,18F,000,2788,P1,4E" (26)
19:36:06  [AT] "SEND OK" (7)
19:36:08  [TX] D,*,7,12,5A
19:36:08  D,A1,IP,01
19:36:08  D,A2,IP,02
19:36:08  D,A3,IP,03
19:36:08  D,A4,IP,04
19:36:08  D,A5,IP,05
19:36:08  D,B1,IP,02
19:36:08  D,B2,IP,01
19:36:08  D,B3,IP,00
19:36:08  D,B4,IP,07
19:36:08  D,B5,IP,06
19:36:08  D,E1,OB,11
19:36:08  D,X1,OB,0C
19:36:08  [REG] 등록 전송 143B
19:36:08  [SLOT] n=2325 tx=143 ack=0 due=0 r=1
19:36:08  [DROP-OVF] 줄이 96바이트를 넘어 버렸다
19:36:08  [AT] "SEND OK" (7)
19:36:08  [AT] "AT+CIPSEND=144" (14)
19:36:09  [TX] S,2116,18F,000,2791,P1,44
19:36:09  [SLOT] n=2326 tx=25 ack=0 due=0 r=1
19:36:09  [AT] "AT+CIPSEND=26" (13)
19:36:09  [AT] " S,2116,18F,000,2791,P1,44" (26)
19:36:09  [AT] "SEND OK" (7)
19:36:10  [TX] S,2117,18F,000,2792,P1,46
19:36:10  [SLOT] n=2327 tx=25 ack=0 due=0 r=1
19:36:10  [AT] "AT+CIPSEND=26" (13)
19:36:10  [AT] " S,2117,18F,000,2792,P1,46" (26)
19:36:10  [AT] "SEND OK" (7)
19:36:11  [TX] S,2118,18F,000,2793,P1,48
19:36:11  [SLOT] n=2328 tx=25 ack=0 due=0 r=1
19:36:11  [AT] "AT+CIPSEND=26" (13)
19:36:11  [AT] " S,2118,18F,000,2793,P1,48" (26)
19:36:11  [AT] "SEND OK" (7)
19:36:12  [TX] S,2119,18F,000,2794,P1,4E
19:36:12  [SLOT] n=2329 tx=25 ack=0 due=0 r=1
19:36:12  [AT] "AT+CIPSEND=26" (13)
19:36:12  [AT] " S,2119,18F,000,2794,P1,4E" (26)
19:36:12  [AT] "SEND OK" (7)
19:36:13  [TX] S,2120,18D,000,2796,P1,44
19:36:13  [SLOT] n=2330 tx=25 ack=0 due=0 r=1
19:36:13  [AT] "AT+CIPSEND=26" (13)
19:36:13  [AT] " S,2120,18D,000,2796,P1,44" (26)
19:36:13  [AT] "SEND OK" (7)
19:36:15  [TX] S,2121,18C,000,2797,P1,43
19:36:15  [SLOT] n=2331 tx=25 ack=0 due=0 r=1
19:36:15  [AT] "AT+CIPSEND=26" (13)
19:36:15  [AT] " S,2121,18C,000,2797,P1,43" (26)
19:36:15  [AT] "SEND OK" (7)
19:36:16  [TX] S,2122,18C,000,2798,P1,4F
19:36:16  [SLOT] n=2332 tx=25 ack=0 due=0 r=1
19:36:16  [AT] "AT+CIPSEND=26" (13)
19:36:16  [AT] " S,2122,18C,000,2798,P1,4F" (26)
19:36:16  [AT] "SEND OK" (7)
19:36:17  [TX] S,2123,18C,000,2799,P1,4F
19:36:17  [SLOT] n=2333 tx=25 ack=0 due=0 r=1
19:36:17  [AT] "AT+CIPSEND=26" (13)
19:36:17  [AT] " S,2123,18C,000,2799,P1,4F" (26)
19:36:17  [AT] "SEND OK" (7)
19:36:18  [TX] S,2124,18C,000,2800,P1,47
19:36:18  [SLOT] n=2334 tx=25 ack=0 due=0 r=1
19:36:18  [AT] "AT+CIPSEND=26" (13)
19:36:18  [AT] " S,2124,18C,000,2800,P1,47" (26)
19:36:18  [AT] "SEND OK" (7)
19:36:19  [TX] S,2125,18C,000,2802,P1,44
19:36:19  [SLOT] n=2335 tx=25 ack=0 due=0 r=1
19:36:19  [AT] "AT+CIPSEND=26" (13)
19:36:20  [AT] " S,2125,18C,000,2802,P1,44" (26)
19:36:20  [AT] "SEND OK" (7)
19:36:21  [TX] S,2126,18C,000,2803,P1,46
19:36:21  [SLOT] n=2336 tx=25 ack=0 due=0 r=1
19:36:21  [AT] "AT+CIPSEND=26" (13)
19:36:21  [AT] " S,2126,18C,000,2803,P1,46" (26)
19:36:21  [AT] "SEND OK" (7)
19:36:22  [TX] S,2127,18C,000,2804,P1,40
19:36:22  [SLOT] n=2337 tx=25 ack=0 due=0 r=1
19:36:22  [AT] "AT+CIPSEND=26" (13)
19:36:22  [AT] " S,2127,18C,000,2804,P1,40" (26)
19:36:22  [AT] "SEND OK" (7)
19:36:23  [TX] S,2128,18D,000,2805,P1,49
19:36:23  [SLOT] n=2338 tx=25 ack=0 due=0 r=1
19:36:23  [AT] "AT+CIPSEND=26" (13)
19:36:23  [AT] " S,2128,18D,000,2805,P1,49" (26)
19:36:23  [AT] "SEND OK" (7)
19:36:24  [TX] S,2129,18D,000,2806,P1,4B
19:36:24  [SLOT] n=2339 tx=25 ack=0 due=0 r=1
19:36:24  [AT] "AT+CIPSEND=26" (13)
19:36:24  [AT] " S,2129,18D,000,2806,P1,4B" (26)
19:36:24  [AT] "SEND OK" (7)
19:36:25  [TX] S,2130,18F,000,2808,P1,4F
19:36:25  [SLOT] n=2340 tx=25 ack=0 due=0 r=1
19:36:25  [AT] "AT+CIPSEND=26" (13)
19:36:25  [AT] " S,2130,18F,000,2808,P1,4F" (26)
19:36:25  [AT] "SEND OK" (7)
19:36:27  [TX] S,2131,18F,000,2809,P1,4F
19:36:27  [SLOT] n=2341 tx=25 ack=0 due=0 r=1
19:36:27  [AT] "AT+CIPSEND=26" (13)
19:36:27  [AT] " S,2131,18F,000,2809,P1,4F" (26)
19:36:27  [AT] "SEND OK" (7)
19:36:28  [TX] S,2132,18F,000,2810,P1,44
19:36:28  [SLOT] n=2342 tx=25 ack=0 due=0 r=1
19:36:28  [AT] "AT+CIPSEND=26" (13)
19:36:28  [AT] " S,2132,18F,000,2810,P1,44" (26)
19:36:28  [AT] "SEND OK" (7)
19:36:29  [TX] S,2133,18F,000,2811,P1,44
19:36:29  [SLOT] n=2343 tx=25 ack=0 due=0 r=1
19:36:29  [AT] "AT+CIPSEND=26" (13)
19:36:29  [AT] " S,2133,18F,000,2811,P1,44" (26)
19:36:29  [AT] "SEND OK" (7)
19:36:30  [TX] S,2134,18F,000,2812,P1,40
19:36:30  [SLOT] n=2344 tx=25 ack=0 due=0 r=1
19:36:30  [AT] "AT+CIPSEND=26" (13)
19:36:30  [AT] " S,2134,18F,000,2812,P1,40" (26)
19:36:30  [AT] "SEND OK" (7)
19:36:31  [TX] S,2135,18E,000,2814,P1,44
19:36:31  [SLOT] n=2345 tx=25 ack=0 due=0 r=1
19:36:31  [AT] "AT+CIPSEND=26" (13)
19:36:31  [AT] " S,2135,18E,000,2814,P1,44" (26)
19:36:31  [AT] "SEND OK" (7)
19:36:32  [TX] S,2136,18E,000,2815,P1,46
19:36:33  [SLOT] n=2346 tx=25 ack=0 due=0 r=1
19:36:33  [AT] "AT+CIPSEND=26" (13)
19:36:33  [AT] " S,2136,18E,000,2815,P1,46" (26)
19:36:33  [AT] "ERROR" (5)
19:36:33  [NET] 송신 오류 응답(로그만, 카운터는 sendLine 이 센다): ERROR
19:36:33  [AT] "Unlink" (6)
19:36:33  [DIAG] offline step=3 사다리=1/1 rx=118797 lines=6797 up=2815s
19:36:33  [NET] 3 CIFSR (IP 를 실제로 받았는가)
19:36:33  [AT] "AT+CIFSR" (8)
19:36:33  [AT] "0.0.0.0" (7)
19:36:33  [NET] ★ ESP 가 IP 를 잃었다 — 모듈 리셋으로 본다. 누적 사건 23
19:36:33  [AT] "OK" (2)
19:36:35  [NET] 3 CIFSR (IP 를 실제로 받았는가)
19:36:35  [AT] "AT+CIFSR" (8)
19:36:35  [AT] "0.0.0.0" (7)
19:36:35  [AT] "OK" (2)
19:36:36  [DIAG] offline step=3 사다리=1/1 rx=118849 lines=6803 up=2818s
19:36:37  [CNT] up=2820 drop=1 esprst=23 hwrst=0/0 resync=0 sendfail=0 okto=1 stuck=1 ackq=0 ackdrop=0 ackstale=0 slot=2350 oow=7 smiss=14 ssovf=0 cksumng=0 okstream=2118 penddrop=0 pendfill=2137 bigfill=23 bigdrop=0 bigokst=22 oklost=0 bigoklost=0 skip=17 online=0
19:36:37  [RAM] 최저 여유 596 B · 프롬프트 재동기 0회 (서버의 '버린줄' 과 맞아야 한다)
19:36:38  [NET] 3 CIFSR (IP 를 실제로 받았는가)
19:36:38  [NET] CIFSR 3회에도 IP 가 없다 → CWJAP 부터 다시
19:36:38  [LADDER] 실패(CWJAP FAIL) CWJAP소요 38s · 연속 0회 · 결합유지 33s · 현재 1단(1회 누적)
19:36:38  [LADDER] ↑↑ 단 상승 → 2단
19:36:38  [LADDER] 2단 조치: 5초 쉬고 AT+CWQAP 로 결합을 명시적으로 끊은 뒤 다시 붙는다
19:36:38  [AT] "AT+CIFSR" (8)
19:36:38  [AT] "192.168.0.214" (13)
19:36:38  [NET] ★ IP 확보: 192.168.0.214
19:36:38  [AT] "OK" (2)
19:36:38  [NET] 4 CIPMUX=0
19:36:38  [AT] "AT+CIPMUX=0" (11)
19:36:38  [AT] "OK" (2)
19:36:38  [NET] CIPMUX=0 적용됨 → CIPSTART
19:36:38  [NET] 5 CIPSTART
19:36:38  [AT] "AT+CIPSTART="TCP","192.168.0.29",9991" (37)
19:36:39  [DIAG] offline step=5 사다리=2/0 rx=118941 lines=6809 up=2821s
19:36:39  [AT] "OK" (2)
19:36:39  [AT] "Linked" (6)
19:36:39  [NET] online (CONNECT) + 캐시 비움
19:36:39  [TX] S,2137,18C,000,2821,P1,46
19:36:39  [SLOT] n=2351 tx=25 ack=0 due=396 r=1
19:36:39  [AT] "AT+CIPSEND=26" (13)
19:36:39  [AT] " S,2137,18C,000,2821,P1,46" (26)
19:36:39  [AT] "SEND OK" (7)
19:36:40  [TX] D,*,7,12,5A
19:36:40  D,A1,IP,01
19:36:40  D,A2,IP,02
19:36:40  D,A3,IP,03
19:36:40  D,A4,IP,04
19:36:40  D,A5,IP,05
19:36:40  D,B1,IP,02
19:36:40  D,B2,IP,01
19:36:40  D,B3,IP,00
19:36:40  D,B4,IP,07
19:36:40  D,B5,IP,06
19:36:40  D,E1,OB,11
19:36:40  D,X1,OB,0C
19:36:40  [REG] 등록 전송 143B
19:36:40  [SLOT] n=2352 tx=143 ack=0 due=0 r=1
19:36:40  [AT] "AT+CIPSEND=144" (14)
19:36:40  [DROP-OVF] 줄이 96바이트를 넘어 버렸다
19:36:40  [AT] "SEND OK" (7)
19:36:41  «tap» 살아있음 — 최근 60초 rx=9348B (이 줄이 끊기면 탭이 죽은 것이다)
19:36:41  [TX] S,2139,18D,000,2823,P1,4D
19:36:41  [SLOT] n=2353 tx=25 ack=0 due=0 r=1
19:36:41  [AT] "AT+CIPSEND=26" (13)
19:36:41  [AT] " S,2139,18D,000,2823,P1,4D" (26)
19:36:41  [AT] "SEND OK" (7)
19:36:42  [TX] S,2140,18D,000,2824,P1,44
19:36:42  [SLOT] n=2354 tx=25 ack=0 due=0 r=1
19:36:42  [AT] "AT+CIPSEND=26" (13)
19:36:42  [AT] " S,2140,18D,000,2824,P1,44" (26)
19:36:42  [AT] "SEND OK" (7)
19:36:43  [TX] S,2141,18D,000,2826,P1,47
19:36:43  [SLOT] n=2355 tx=25 ack=0 due=0 r=1
19:36:43  [AT] "AT+CIPSEND=26" (13)
19:36:44  [AT] " S,2141,18D,000,2826,P1,47" (26)
19:36:44  [AT] "SEND OK" (7)
19:36:44  [TX] S,2142,18D,000,2827,P1,45
19:36:44  [SLOT] n=2356 tx=25 ack=0 due=0 r=1
19:36:44  [AT] "AT+CIPSEND=26" (13)
19:36:45  [AT] " S,2142,18D,000,2827,P1,45" (26)
19:36:45  [AT] "SEND OK" (7)
19:36:46  [TX] S,2143,18D,000,2828,P1,4B
19:36:46  [SLOT] n=2357 tx=25 ack=0 due=0 r=1
19:36:46  [AT] "AT+CIPSEND=26" (13)
19:36:46  [AT] " S,2143,18D,000,2828,P1,4B" (26)
19:36:46  [AT] "SEND OK" (7)
19:36:47  [TX] S,2144,18D,000,2829,P1,4D
19:36:47  [SLOT] n=2358 tx=25 ack=0 due=0 r=1
19:36:47  [AT] "AT+CIPSEND=26" (13)
19:36:47  [AT] " S,2144,18D,000,2829,P1,4D" (26)
19:36:47  [AT] "SEND OK" (7)
19:36:48  [TX] S,2145,18C,000,2830,P1,43
19:36:48  [SLOT] n=2359 tx=25 ack=0 due=0 r=1
19:36:48  [AT] "AT+CIPSEND=26" (13)
19:36:48  [AT] " S,2145,18C,000,2830,P1,43" (26)
19:36:48  [AT] "SEND OK" (7)
19:36:49  [TX] S,2146,18E,000,2832,P1,44
19:36:49  [SLOT] n=2360 tx=25 ack=0 due=0 r=1
19:36:49  [AT] "AT+CIPSEND=26" (13)
19:36:49  [AT] " S,2146,18E,000,2832,P1,44" (26)
19:36:49  [AT] "SEND OK" (7)
19:36:50  [TX] S,2147,18E,000,2833,P1,44
19:36:50  [SLOT] n=2361 tx=25 ack=0 due=0 r=1
19:36:50  [AT] "AT+CIPSEND=26" (13)
19:36:50  [AT] " S,2147,18E,000,2833,P1,44" (26)
19:36:50  [AT] "SEND OK" (7)
19:36:52  [TX] S,2148,18E,000,2834,P1,4C
19:36:52  [SLOT] n=2362 tx=25 ack=0 due=0 r=1
19:36:52  [AT] "AT+CIPSEND=26" (13)
19:36:52  [AT] " S,2148,18E,000,2834,P1,4C" (26)
19:36:52  [AT] "SEND OK" (7)
19:36:53  [TX] S,2149,18E,000,2835,P1,4C
19:36:53  [SLOT] n=2363 tx=25 ack=0 due=0 r=1
19:36:53  [AT] "AT+CIPSEND=26" (13)
19:36:53  [AT] " S,2149,18E,000,2835,P1,4C" (26)
19:36:53  [AT] "SEND OK" (7)
19:36:54  [TX] S,2150,18E,000,2836,P1,47
19:36:54  [SLOT] n=2364 tx=25 ack=0 due=0 r=1
19:36:54  [AT] "AT+CIPSEND=26" (13)
19:36:54  [AT] " S,2150,18E,000,2836,P1,47" (26)
19:36:54  [AT] "SEND OK" (7)
19:36:55  [TX] S,2151,18E,000,2838,P1,48
19:36:55  [SLOT] n=2365 tx=25 ack=0 due=0 r=1
19:36:55  [AT] "AT+CIPSEND=26" (13)
19:36:55  [AT] " S,2151,18E,000,2838,P1,48" (26)
19:36:55  [AT] "SEND OK" (7)
19:36:56  [TX] S,2152,18F,000,2839,P1,49
19:36:56  [SLOT] n=2366 tx=25 ack=0 due=0 r=1
19:36:56  [AT] "AT+CIPSEND=26" (13)
19:36:57  [AT] " S,2152,18F,000,2839,P1,49" (26)
19:36:57  [AT] "SEND OK" (7)
19:36:58  [TX] S,2153,18F,000,2840,P1,46
19:36:58  [SLOT] n=2367 tx=25 ack=0 due=0 r=1
19:36:58  [AT] "AT+CIPSEND=26" (13)
19:36:58  [AT] " S,2153,18F,000,2840,P1,46" (26)
19:36:58  [AT] "SEND OK" (7)
19:36:59  [TX] S,2154,18F,000,2841,P1,40
19:36:59  [SLOT] n=2368 tx=25 ack=0 due=0 r=1
19:36:59  [AT] "AT+CIPSEND=26" (13)
19:36:59  [AT] " S,2154,18F,000,2841,P1,40" (26)
19:36:59  [AT] "SEND OK" (7)
19:37:00  [TX] S,2155,18F,000,2842,P1,42
19:37:00  [SLOT] n=2369 tx=25 ack=0 due=0 r=1
19:37:00  [AT] "AT+CIPSEND=26" (13)
19:37:00  [AT] " S,2155,18F,000,2842,P1,42" (26)
19:37:00  [AT] "SEND OK" (7)
19:37:01  [TX] S,2156,18D,000,2844,P1,45
19:37:01  [SLOT] n=2370 tx=25 ack=0 due=0 r=1
19:37:01  [AT] "AT+CIPSEND=26" (13)
19:37:01  [AT] " S,2156,18D,000,2844,P1,45" (26)
19:37:01  [AT] "SEND OK" (7)
19:37:02  [TX] S,2157,18D,000,2845,P1,45
19:37:02  [SLOT] n=2371 tx=25 ack=0 due=0 r=1
19:37:02  [AT] "AT+CIPSEND=26" (13)
19:37:02  [AT] " S,2157,18D,000,2845,P1,45" (26)
19:37:02  [AT] "SEND OK" (7)
19:37:04  [TX] S,2158,18D,000,2846,P1,49
19:37:04  [SLOT] n=2372 tx=25 ack=0 due=0 r=1
19:37:04  [AT] "AT+CIPSEND=26" (13)
19:37:04  [AT] " S,2158,18D,000,2846,P1,49" (26)
19:37:04  [AT] "SEND OK" (7)
19:37:05  [TX] S,2159,18C,000,2847,P1,4E
19:37:05  [SLOT] n=2373 tx=25 ack=0 due=0 r=1
19:37:05  [AT] "AT+CIPSEND=26" (13)
19:37:05  [AT] " S,2159,18C,000,2847,P1,4E" (26)
19:37:05  [AT] "SEND OK" (7)
19:37:06  [TX] S,2160,18C,000,2848,P1,4B
19:37:06  [SLOT] n=2374 tx=25 ack=0 due=0 r=1
19:37:06  [AT] "AT+CIPSEND=26" (13)
19:37:06  [AT] " S,2160,18C,000,2848,P1,4B" (26)
19:37:06  [AT] "SEND OK" (7)
19:37:07  [TX] S,2161,18C,000,2850,P1,43
19:37:07  [SLOT] n=2375 tx=25 ack=0 due=0 r=1
19:37:07  [AT] "AT+CIPSEND=26" (13)
19:37:07  [AT] " S,2161,18C,000,2850,P1,43" (26)
19:37:07  [AT] "SEND OK" (7)
19:37:08  [TX] S,2162,18C,000,2851,P1,41
19:37:08  [SLOT] n=2376 tx=25 ack=0 due=0 r=1
19:37:08  [AT] "AT+CIPSEND=26" (13)
19:37:08  [AT] " S,2162,18C,000,2851,P1,41" (26)
19:37:08  [AT] "SEND OK" (7)
19:37:09  [LADDER] ↓ 30초 연속 온라인 — 사다리를 0단으로 내린다 (직전 2단)
19:37:10  [TX] S,2163,18C,000,2852,P1,43
19:37:10  [SLOT] n=2377 tx=25 ack=0 due=0 r=1
19:37:10  [AT] "AT+CIPSEND=26" (13)
19:37:10  [AT] " S,2163,18C,000,2852,P1,43" (26)
19:37:10  [AT] "SEND OK" (7)
19:37:11  [TX] S,2164,18C,000,2853,P1,45
19:37:11  [SLOT] n=2378 tx=25 ack=0 due=0 r=1
19:37:11  [AT] "AT+CIPSEND=26" (13)
19:37:11  [AT] " S,2164,18C,000,2853,P1,45" (26)
19:37:11  [AT] "SEND OK" (7)
19:37:12  [TX] S,2165,18C,000,2854,P1,43
19:37:12  [SLOT] n=2379 tx=25 ack=0 due=0 r=1
19:37:12  [AT] "AT+CIPSEND=26" (13)
19:37:12  [AT] " S,2165,18C,000,2854,P1,43" (26)
19:37:12  [AT] "SEND OK" (7)
19:37:13  [TX] S,2166,18F,000,2856,P1,47
19:37:13  [SLOT] n=2380 tx=25 ack=0 due=0 r=1
19:37:13  [AT] "AT+CIPSEND=26" (13)
19:37:14  [AT] " S,2166,18F,000,2856,P1,47" (26)
19:37:14  [AT] "SEND OK" (7)
19:37:14  [TX] S,2167,18F,000,2857,P1,47
19:37:14  [SLOT] n=2381 tx=25 ack=0 due=0 r=1
19:37:14  [AT] "AT+CIPSEND=26" (13)
19:37:14  [AT] " S,2167,18F,000,2857,P1,47" (26)
19:37:14  [AT] "SEND OK" (7)
19:37:16  [TX] S,2168,18F,000,2858,P1,47
19:37:16  [SLOT] n=2382 tx=25 ack=0 due=0 r=1
19:37:16  [AT] "AT+CIPSEND=26" (13)
19:37:16  [AT] " S,2168,18F,000,2858,P1,47" (26)
19:37:16  [AT] "SEND OK" (7)
19:37:17  [TX] S,2169,18F,000,2859,P1,47
19:37:17  [SLOT] n=2383 tx=25 ack=0 due=0 r=1
19:37:17  [AT] "AT+CIPSEND=26" (13)
19:37:17  [AT] " S,2169,18F,000,2859,P1,47" (26)
19:37:17  [AT] "SEND OK" (7)
19:37:18  [TX] S,2170,18F,000,2860,P1,45
19:37:18  [SLOT] n=2384 tx=25 ack=0 due=0 r=1
19:37:18  [AT] "AT+CIPSEND=26" (13)
19:37:18  [AT] " S,2170,18F,000,2860,P1,45" (26)
19:37:18  [AT] "SEND OK" (7)
19:37:19  [TX] S,2171,18F,000,2862,P1,46
19:37:19  [SLOT] n=2385 tx=25 ack=0 due=0 r=1
19:37:19  [AT] "AT+CIPSEND=26" (13)
19:37:19  [AT] " S,2171,18F,000,2862,P1,46" (26)
19:37:19  [AT] "SEND OK" (7)
19:37:20  [TX] S,2172,18F,000,2863,P1,44
19:37:20  [SLOT] n=2386 tx=25 ack=0 due=0 r=1
19:37:20  [AT] "AT+CIPSEND=26" (13)
19:37:20  [AT] " S,2172,18F,000,2863,P1,44" (26)
19:37:20  [AT] "SEND OK" (7)
19:37:22  [TX] S,2173,18E,000,2864,P1,41
19:37:22  [SLOT] n=2387 tx=25 ack=0 due=0 r=1
19:37:22  [AT] "AT+CIPSEND=26" (13)
19:37:22  [AT] " S,2173,18E,000,2864,P1,41" (26)
19:37:22  [AT] "SEND OK" (7)
19:37:23  [TX] S,2174,18E,000,2865,P1,47
19:37:23  [SLOT] n=2388 tx=25 ack=0 due=0 r=1
19:37:23  [AT] "AT+CIPSEND=26" (13)
19:37:23  [AT] " S,2174,18E,000,2865,P1,47" (26)
19:37:23  [AT] "SEND OK" (7)
19:37:24  [TX] S,2175,18E,000,2866,P1,45
19:37:24  [SLOT] n=2389 tx=25 ack=0 due=0 r=1
19:37:24  [AT] "AT+CIPSEND=26" (13)
19:37:24  [AT] " S,2175,18E,000,2866,P1,45" (26)
19:37:24  [AT] "SEND OK" (7)
19:37:25  [TX] S,2176,18C,000,2868,P1,4E
19:37:25  [SLOT] n=2390 tx=25 ack=0 due=0 r=1
19:37:25  [AT] "AT+CIPSEND=26" (13)
19:37:25  [AT] " S,2176,18C,000,2868,P1,4E" (26)
19:37:25  [AT] "SEND OK" (7)
19:37:26  [TX] S,2177,18C,000,2869,P1,4E
19:37:26  [SLOT] n=2391 tx=25 ack=0 due=0 r=1
19:37:26  [AT] "AT+CIPSEND=26" (13)
19:37:26  [AT] " S,2177,18C,000,2869,P1,4E" (26)
19:37:26  [AT] "SEND OK" (7)
19:37:28  [TX] S,2178,18C,000,2870,P1,49
19:37:28  [SLOT] n=2392 tx=25 ack=0 due=0 r=1
19:37:28  [AT] "AT+CIPSEND=26" (13)
19:37:28  [AT] " S,2178,18C,000,2870,P1,49" (26)
19:37:28  [AT] "SEND OK" (7)
19:37:29  [TX] S,2179,18C,000,2871,P1,49
19:37:29  [SLOT] n=2393 tx=25 ack=0 due=0 r=1
19:37:29  [AT] "AT+CIPSEND=26" (13)
19:37:29  [AT] " S,2179,18C,000,2871,P1,49" (26)
19:37:29  [AT] "SEND OK" (7)
19:37:30  [TX] S,2180,18D,000,2872,P1,4B
19:37:30  [SLOT] n=2394 tx=25 ack=0 due=0 r=1
19:37:30  [AT] "AT+CIPSEND=26" (13)
19:37:30  [AT] " S,2180,18D,000,2872,P1,4B" (26)
19:37:30  [AT] "SEND OK" (7)
19:37:31  [TX] S,2181,18D,000,2874,P1,4C
19:37:31  [SLOT] n=2395 tx=25 ack=0 due=0 r=1
19:37:31  [AT] "AT+CIPSEND=26" (13)
19:37:31  [AT] " S,2181,18D,000,2874,P1,4C" (26)
19:37:31  [AT] "SEND OK" (7)
19:37:32  [TX] S,2182,18D,000,2875,P1,4E
19:37:32  [SLOT] n=2396 tx=25 ack=0 due=0 r=1
19:37:32  [AT] "AT+CIPSEND=26" (13)
19:37:32  [AT] " S,2182,18D,000,2875,P1,4E" (26)
19:37:32  [AT] "SEND OK" (7)
19:37:34  [TX] S,2183,18D,000,2876,P1,4C
19:37:34  [SLOT] n=2397 tx=25 ack=0 due=0 r=1
19:37:34  [AT] "AT+CIPSEND=26" (13)
19:37:34  [AT] " S,2183,18D,000,2876,P1,4C" (26)
19:37:34  [AT] "SEND OK" (7)
19:37:35  [TX] S,2184,18D,000,2877,P1,4A
19:37:35  [SLOT] n=2398 tx=25 ack=0 due=0 r=1
19:37:35  [AT] "AT+CIPSEND=26" (13)
19:37:35  [AT] " S,2184,18D,000,2877,P1,4A" (26)
19:37:35  [AT] "SEND OK" (7)
19:37:36  [TX] S,2185,18D,000,2878,P1,44
19:37:36  [SLOT] n=2399 tx=25 ack=0 due=0 r=1
19:37:36  [AT] "AT+CIPSEND=26" (13)
19:37:36  [AT] " S,2185,18D,000,2878,P1,44" (26)
19:37:36  [AT] "SEND OK" (7)
19:37:37  [TX] S,2186,18F,000,2880,P1,42
19:37:37  [SLOT] n=2400 tx=25 ack=0 due=0 r=1
19:37:37  [CNT] up=2880 drop=1 esprst=23 hwrst=0/0 resync=0 sendfail=0 okto=1 stuck=1 ackq=0 ackdrop=0 ackstale=0 slot=2400 oow=7 smiss=14 ssovf=0 cksumng=0 okstream=2167 penddrop=0 pendfill=2187 bigfill=24 bigdrop=0 bigokst=23 oklost=0 bigoklost=0 skip=17 online=1
19:37:37  [RAM] 최저 여유 596 B · 프롬프트 재동기 0회 (서버의 '버린줄' 과 맞아야 한다)
19:37:37  [AT] "AT+CIPSEND=26" (13)
19:37:37  [AT] " S,2186,18F,000,2880,P1,42" (26)
19:37:37  [AT] "SEND OK" (7)
19:37:38  [TX] S,2187,18E,000,2881,P1,41
19:37:38  [SLOT] n=2401 tx=25 ack=0 due=0 r=1
19:37:38  [AT] "AT+CIPSEND=26" (13)
19:37:39  [AT] " S,2187,18E,000,2881,P1,41" (26)
19:37:39  [AT] "SEND OK" (7)
19:37:40  [TX] S,2188,18E,000,2882,P1,4D
19:37:40  [SLOT] n=2402 tx=25 ack=0 due=0 r=1
19:37:40  [AT] "AT+CIPSEND=26" (13)
19:37:40  [AT] " S,2188,18E,000,2882,P1,4D" (26)
19:37:40  [AT] "ERROR" (5)
19:37:40  [NET] 송신 오류 응답(로그만, 카운터는 sendLine 이 센다): ERROR
19:37:40  [AT] "Unlink" (6)
19:37:40  [DIAG] offline step=3 사다리=0/0 rx=121824 lines=6967 up=2882s
19:37:40  [NET] 3 CIFSR (IP 를 실제로 받았는가)
19:37:40  [AT] "AT+CIFSR" (8)
19:37:40  [AT] "0.0.0.0" (7)
19:37:40  [NET] ★ ESP 가 IP 를 잃었다 — 모듈 리셋으로 본다. 누적 사건 24
19:37:40  [AT] "OK" (2)
19:37:41  «tap» 살아있음 — 최근 60초 rx=8601B (이 줄이 끊기면 탭이 죽은 것이다)
19:37:43  [NET] 3 CIFSR (IP 를 실제로 받았는가)
19:37:43  [AT] "AT+CIFSR" (8)
19:37:43  [AT] "192.168.0.214" (13)
19:37:43  [NET] ★ IP 확보: 192.168.0.214
19:37:43  [AT] "OK" (2)
19:37:43  [DIAG] offline step=4 사다리=0/0 rx=121882 lines=6973 up=2885s
19:37:43  [NET] 4 CIPMUX=0
19:37:43  [AT] "AT+CIPMUX=0" (11)
19:37:43  [AT] "OK" (2)
19:37:43  [NET] CIPMUX=0 적용됨 → CIPSTART
19:37:43  [NET] 5 CIPSTART
19:37:43  [AT] "AT+CIPSTART="TCP","192.168.0.29",9991" (37)
19:37:44  [AT] "OK" (2)
19:37:44  [AT] "Linked" (6)
19:37:44  [NET] online (CONNECT) + 캐시 비움
19:37:44  [TX] S,2189,18E,000,2887,P1,49
19:37:44  [SLOT] n=2406 tx=25 ack=0 due=0 r=1
19:37:44  [AT] "AT+CIPSEND=26" (13)
19:37:44  [AT] " S,2189,18E,000,2887,P1,49" (26)
19:37:44  [AT] "SEND OK" (7)
19:37:46  [TX] D,*,7,12,5A
19:37:46  D,A1,IP,01
19:37:46  D,A2,IP,02
19:37:46  D,A3,IP,03
19:37:46  D,A4,IP,04
19:37:46  D,A5,IP,05
19:37:46  D,B1,IP,02
19:37:46  D,B2,IP,01
19:37:46  D,B3,IP,00
19:37:46  D,B4,IP,07
19:37:46  D,B5,IP,06
19:37:46  D,E1,OB,11
19:37:46  D,X1,OB,0C
19:37:46  [REG] 등록 전송 143B
19:37:46  [SLOT] n=2407 tx=143 ack=0 due=0 r=1
19:37:46  [AT] "AT+CIPSEND=144" (14)
19:37:46  [DROP-OVF] 줄이 96바이트를 넘어 버렸다
19:37:46  [AT] "SEND OK" (7)
19:37:47  [TX] S,2191,18F,000,2889,P1,4D
19:37:47  [SLOT] n=2408 tx=25 ack=0 due=0 r=1
19:37:47  [AT] "AT+CIPSEND=26" (13)
19:37:47  [AT] " S,2191,18F,000,2889,P1,4D" (26)
19:37:47  [AT] "SEND OK" (7)
19:37:49  [TX] S,2192,18F,000,2890,P1,46
19:37:49  [SLOT] n=2409 tx=25 ack=0 due=0 r=1
19:37:49  [AT] "AT+CIPSEND=26" (13)
19:37:49  [AT] " S,2192,18F,000,2890,P1,46" (26)
19:37:49  [AT] "SEND OK" (7)
19:37:50  [TX] S,2193,18D,000,2892,P1,47
19:37:50  [SLOT] n=2410 tx=25 ack=0 due=0 r=1
19:37:50  [AT] "AT+CIPSEND=26" (13)
19:37:51  [AT] " S,2193,18D,000,2892,P1,47" (26)
19:37:51  [AT] "SEND OK" (7)
19:37:51  [TX] S,2194,18D,000,2893,P1,41
19:37:51  [SLOT] n=2411 tx=25 ack=0 due=0 r=1
19:37:51  [AT] "AT+CIPSEND=26" (13)
19:37:51  [AT] " S,2194,18D,000,2893,P1,41" (26)
19:37:51  [AT] "SEND OK" (7)
19:37:53  [TX] S,2195,18D,000,2894,P1,47
19:37:53  [SLOT] n=2412 tx=25 ack=0 due=0 r=1
19:37:53  [AT] "AT+CIPSEND=26" (13)
19:37:53  [AT] " S,2195,18D,000,2894,P1,47" (26)
19:37:53  [AT] "SEND OK" (7)
19:37:54  [TX] S,2196,18D,000,2895,P1,45
19:37:54  [SLOT] n=2413 tx=25 ack=0 due=0 r=1
19:37:54  [AT] "AT+CIPSEND=26" (13)
19:37:54  [AT] " S,2196,18D,000,2895,P1,45" (26)
19:37:54  [AT] "SEND OK" (7)
19:37:55  [TX] S,2197,18D,000,2896,P1,47
19:37:55  [SLOT] n=2414 tx=25 ack=0 due=0 r=1
19:37:55  [AT] "AT+CIPSEND=26" (13)
19:37:55  [AT] " S,2197,18D,000,2896,P1,47" (26)
19:37:55  [AT] "SEND OK" (7)
19:37:56  [TX] S,2198,18C,000,2898,P1,41
19:37:56  [SLOT] n=2415 tx=25 ack=0 due=0 r=1
19:37:56  [AT] "AT+CIPSEND=26" (13)
19:37:56  [AT] " S,2198,18C,000,2898,P1,41" (26)
19:37:56  [AT] "SEND OK" (7)
19:37:57  [TX] S,2199,18C,000,2899,P1,41
19:37:57  [SLOT] n=2416 tx=25 ack=0 due=0 r=1
19:37:57  [AT] "AT+CIPSEND=26" (13)
19:37:57  [AT] " S,2199,18C,000,2899,P1,41" (26)
19:37:57  [AT] "SEND OK" (7)
19:37:59  [TX] S,2200,18C,000,2900,P1,43
19:37:59  [SLOT] n=2417 tx=25 ack=0 due=0 r=1
19:37:59  [AT] "AT+CIPSEND=26" (13)
19:37:59  [AT] " S,2200,18C,000,2900,P1,43" (26)
19:37:59  [AT] "SEND OK" (7)
19:38:00  [TX] S,2201,18C,000,2901,P1,43
19:38:00  [SLOT] n=2418 tx=25 ack=0 due=0 r=1
19:38:00  [AT] "AT+CIPSEND=26" (13)
19:38:00  [AT] " S,2201,18C,000,2901,P1,43" (26)
19:38:00  [AT] "SEND OK" (7)
19:38:01  [TX] S,2202,18C,000,2902,P1,43
19:38:01  [SLOT] n=2419 tx=25 ack=0 due=0 r=1
19:38:01  [AT] "AT+CIPSEND=26" (13)
19:38:01  [AT] " S,2202,18C,000,2902,P1,43" (26)
19:38:01  [AT] "SEND OK" (7)
19:38:02  [TX] S,2203,18E,000,2904,P1,42
19:38:02  [SLOT] n=2420 tx=25 ack=0 due=0 r=1
19:38:02  [AT] "AT+CIPSEND=26" (13)
19:38:02  [AT] " S,2203,18E,000,2904,P1,42" (26)
19:38:02  [AT] "SEND OK" (7)
19:38:03  [TX] S,2204,18E,000,2905,P1,44
19:38:03  [SLOT] n=2421 tx=25 ack=0 due=0 r=1
19:38:03  [AT] "AT+CIPSEND=26" (13)
19:38:03  [AT] " S,2204,18E,000,2905,P1,44" (26)
19:38:03  [AT] "SEND OK" (7)
19:38:05  [TX] S,2205,18F,000,2906,P1,45
19:38:05  [SLOT] n=2422 tx=25 ack=0 due=0 r=1
19:38:05  [AT] "AT+CIPSEND=26" (13)
19:38:05  [AT] " S,2205,18F,000,2906,P1,45" (26)
19:38:05  [AT] "SEND OK" (7)
19:38:06  [TX] S,2206,18F,000,2907,P1,47
19:38:06  [SLOT] n=2423 tx=25 ack=0 due=0 r=1
19:38:06  [AT] "AT+CIPSEND=26" (13)
19:38:06  [AT] " S,2206,18F,000,2907,P1,47" (26)
19:38:06  [AT] "SEND OK" (7)
19:38:07  [TX] S,2207,18F,000,2908,P1,49
19:38:07  [SLOT] n=2424 tx=25 ack=0 due=0 r=1
19:38:07  [AT] "AT+CIPSEND=26" (13)
19:38:07  [AT] " S,2207,18F,000,2908,P1,49" (26)
19:38:07  [AT] "SEND OK" (7)
19:38:08  [TX] S,2208,18F,000,2910,P1,4F
19:38:08  [SLOT] n=2425 tx=25 ack=0 due=0 r=1
19:38:08  [AT] "AT+CIPSEND=26" (13)
19:38:08  [AT] " S,2208,18F,000,2910,P1,4F" (26)
19:38:08  [AT] "SEND OK" (7)
19:38:09  [TX] S,2209,18F,000,2911,P1,4F
19:38:09  [SLOT] n=2426 tx=25 ack=0 due=0 r=1
19:38:09  [AT] "AT+CIPSEND=26" (13)
19:38:09  [AT] " S,2209,18F,000,2911,P1,4F" (26)
19:38:09  [AT] "SEND OK" (7)
19:38:11  [TX] S,2210,18F,000,2912,P1,44
19:38:11  [SLOT] n=2427 tx=25 ack=0 due=0 r=1
19:38:11  [AT] "AT+CIPSEND=26" (13)
19:38:11  [AT] " S,2210,18F,000,2912,P1,44" (26)
19:38:11  [AT] "SEND OK" (7)
19:38:12  [TX] S,2211,18F,000,2913,P1,44
19:38:12  [SLOT] n=2428 tx=25 ack=0 due=0 r=1
19:38:12  [AT] "AT+CIPSEND=26" (13)
19:38:12  [AT] " S,2211,18F,000,2913,P1,44" (26)
19:38:12  [AT] "SEND OK" (7)
19:38:13  [TX] S,2212,18E,000,2914,P1,43
19:38:13  [SLOT] n=2429 tx=25 ack=0 due=0 r=1
19:38:13  [AT] "AT+CIPSEND=26" (13)
19:38:13  [AT] " S,2212,18E,000,2914,P1,43" (26)
19:38:13  [AT] "SEND OK" (7)
19:38:14  [TX] S,2213,18C,000,2916,P1,46
19:38:14  [SLOT] n=2430 tx=25 ack=0 due=0 r=1
19:38:14  [AT] "AT+CIPSEND=26" (13)
19:38:14  [AT] " S,2213,18C,000,2916,P1,46" (26)
19:38:14  [AT] "SEND OK" (7)
19:38:15  [TX] S,2214,18C,000,2917,P1,40
19:38:15  [SLOT] n=2431 tx=25 ack=0 due=0 r=1
19:38:15  [AT] "AT+CIPSEND=26" (13)
19:38:15  [AT] " S,2214,18C,000,2917,P1,40" (26)
19:38:15  [AT] "SEND OK" (7)
19:38:17  [TX] S,2215,18C,000,2918,P1,4E
19:38:17  [SLOT] n=2432 tx=25 ack=0 due=0 r=1
19:38:17  [AT] "AT+CIPSEND=26" (13)
19:38:17  [AT] " S,2215,18C,000,2918,P1,4E" (26)
19:38:17  [AT] "SEND OK" (7)
19:38:18  [TX] S,2216,18C,000,2919,P1,4C
19:38:18  [SLOT] n=2433 tx=25 ack=0 due=0 r=1
19:38:18  [AT] "AT+CIPSEND=26" (13)
19:38:18  [AT] " S,2216,18C,000,2919,P1,4C" (26)
19:38:18  [AT] "SEND OK" (7)
19:38:19  [TX] S,2217,18C,000,2920,P1,47
19:38:19  [SLOT] n=2434 tx=25 ack=0 due=0 r=1
19:38:19  [AT] "AT+CIPSEND=26" (13)
19:38:19  [AT] " S,2217,18C,000,2920,P1,47" (26)
19:38:19  [AT] "SEND OK" (7)
19:38:20  [TX] S,2218,18C,000,2922,P1,4A
19:38:20  [SLOT] n=2435 tx=25 ack=0 due=0 r=1
19:38:20  [AT] "AT+CIPSEND=26" (13)
19:38:20  [AT] " S,2218,18C,000,2922,P1,4A" (26)
19:38:20  [AT] "SEND OK" (7)
19:38:21  [TX] S,2219,18D,000,2923,P1,4D
19:38:21  [SLOT] n=2436 tx=25 ack=0 due=0 r=1
19:38:21  [AT] "AT+CIPSEND=26" (13)
19:38:21  [AT] " S,2219,18D,000,2923,P1,4D" (26)
19:38:21  [AT] "SEND OK" (7)
19:38:23  [TX] S,2220,18D,000,2924,P1,40
19:38:23  [SLOT] n=2437 tx=25 ack=0 due=0 r=1
19:38:23  [AT] "AT+CIPSEND=26" (13)
19:38:23  [AT] " S,2220,18D,000,2924,P1,40" (26)
19:38:23  [AT] "SEND OK" (7)
19:38:24  [TX] S,2221,18D,000,2925,P1,40
19:38:24  [SLOT] n=2438 tx=25 ack=0 due=0 r=1
19:38:24  [AT] "AT+CIPSEND=26" (13)
19:38:24  [AT] " S,2221,18D,000,2925,P1,40" (26)
19:38:24  [AT] "SEND OK" (7)
19:38:25  [TX] S,2222,18D,000,2926,P1,40
19:38:25  [SLOT] n=2439 tx=25 ack=0 due=0 r=1
19:38:25  [AT] "AT+CIPSEND=26" (13)
19:38:25  [AT] " S,2222,18D,000,2926,P1,40" (26)
19:38:25  [AT] "SEND OK" (7)
19:38:26  [TX] S,2223,18F,000,2928,P1,4D
19:38:26  [SLOT] n=2440 tx=25 ack=0 due=0 r=1
19:38:26  [AT] "AT+CIPSEND=26" (13)
19:38:27  [AT] " S,2223,18F,000,2928,P1,4D" (26)
19:38:27  [AT] "SEND OK" (7)
19:38:27  [TX] S,2224,18F,000,2929,P1,4B
19:38:27  [SLOT] n=2441 tx=25 ack=0 due=0 r=1
19:38:27  [AT] "AT+CIPSEND=26" (13)
19:38:27  [AT] " S,2224,18F,000,2929,P1,4B" (26)
19:38:27  [AT] "SEND OK" (7)
19:38:29  [TX] S,2225,18F,000,2930,P1,42
19:38:29  [SLOT] n=2442 tx=25 ack=0 due=0 r=1
19:38:29  [AT] "AT+CIPSEND=26" (13)
19:38:29  [AT] " S,2225,18F,000,2930,P1,42" (26)
19:38:29  [AT] "SEND OK" (7)
19:38:30  [TX] S,2226,18E,000,2931,P1,43
19:38:30  [SLOT] n=2443 tx=25 ack=0 due=0 r=1
19:38:30  [AT] "AT+CIPSEND=26" (13)
19:38:30  [AT] " S,2226,18E,000,2931,P1,43" (26)
19:38:30  [AT] "SEND OK" (7)
19:38:31  [TX] S,2227,18E,000,2932,P1,41
19:38:31  [SLOT] n=2444 tx=25 ack=0 due=0 r=1
19:38:31  [AT] "AT+CIPSEND=26" (13)
19:38:31  [AT] " S,2227,18E,000,2932,P1,41" (26)
19:38:31  [AT] "SEND OK" (7)
19:38:32  [TX] S,2228,18E,000,2934,P1,48
19:38:32  [SLOT] n=2445 tx=25 ack=0 due=0 r=1
19:38:32  [AT] "AT+CIPSEND=26" (13)
19:38:32  [AT] " S,2228,18E,000,2934,P1,48" (26)
19:38:32  [AT] "SEND OK" (7)
19:38:33  [TX] S,2229,18E,000,2935,P1,48
19:38:33  [SLOT] n=2446 tx=25 ack=0 due=0 r=1
19:38:33  [AT] "AT+CIPSEND=26" (13)
19:38:33  [AT] " S,2229,18E,000,2935,P1,48" (26)
19:38:33  [AT] "SEND OK" (7)
19:38:35  [TX] S,2230,18E,000,2936,P1,43
19:38:35  [SLOT] n=2447 tx=25 ack=0 due=0 r=1
19:38:35  [AT] "AT+CIPSEND=26" (13)
19:38:35  [AT] " S,2230,18E,000,2936,P1,43" (26)
19:38:35  [AT] "SEND OK" (7)
19:38:36  [TX] S,2231,18E,000,2937,P1,43
19:38:36  [SLOT] n=2448 tx=25 ack=0 due=0 r=1
19:38:36  [AT] "AT+CIPSEND=26" (13)
19:38:36  [AT] " S,2231,18E,000,2937,P1,43" (26)
19:38:36  [AT] "SEND OK" (7)
19:38:37  [TX] S,2232,18E,000,2938,P1,4F
19:38:37  [SLOT] n=2449 tx=25 ack=0 due=0 r=1
19:38:37  [AT] "AT+CIPSEND=26" (13)
19:38:37  [AT] " S,2232,18E,000,2938,P1,4F" (26)
19:38:37  [AT] "SEND OK" (7)
19:38:38  [TX] S,2233,18D,000,2940,P1,40
19:38:38  [SLOT] n=2450 tx=25 ack=0 due=0 r=1
19:38:38  [CNT] up=2940 drop=1 esprst=24 hwrst=0/0 resync=0 sendfail=0 okto=1 stuck=1 ackq=0 ackdrop=0 ackstale=0 slot=2450 oow=7 smiss=15 ssovf=0 cksumng=0 okstream=2213 penddrop=0 pendfill=2234 bigfill=25 bigdrop=0 bigokst=24 oklost=0 bigoklost=0 skip=17 online=1
19:38:38  [RAM] 최저 여유 596 B · 프롬프트 재동기 0회 (서버의 '버린줄' 과 맞아야 한다)
19:38:38  [AT] "AT+CIPSEND=26" (13)
19:38:38  [AT] " S,2233,18D,000,2940,P1,40" (26)
19:38:38  [AT] "SEND OK" (7)
19:38:39  [TX] S,2234,18D,000,2941,P1,46
19:38:39  [SLOT] n=2451 tx=25 ack=0 due=0 r=1
19:38:39  [AT] "AT+CIPSEND=26" (13)
19:38:39  [AT] " S,2234,18D,000,2941,P1,46" (26)
19:38:39  [AT] "SEND OK" (7)
19:38:41  [TX] S,2235,18D,000,2942,P1,44
19:38:41  [SLOT] n=2452 tx=25 ack=0 due=0 r=1
19:38:41  [AT] "AT+CIPSEND=26" (13)
19:38:41  [AT] " S,2235,18D,000,2942,P1,44" (26)
19:38:41  [AT] "SEND OK" (7)
19:38:42  «tap» 살아있음 — 최근 60초 rx=8302B (이 줄이 끊기면 탭이 죽은 것이다)
19:38:42  [TX] S,2236,18D,000,2943,P1,46
19:38:42  [SLOT] n=2453 tx=25 ack=0 due=0 r=1
19:38:42  [AT] "AT+CIPSEND=26" (13)
19:38:42  [AT] " S,2236,18D,000,2943,P1,46" (26)
19:38:42  [AT] "SEND OK" (7)
19:38:43  [TX] S,2237,18D,000,2944,P1,40
19:38:43  [SLOT] n=2454 tx=25 ack=0 due=0 r=1
19:38:43  [AT] "AT+CIPSEND=26" (13)
19:38:43  [AT] " S,2237,18D,000,2944,P1,40" (26)
19:38:43  [AT] "SEND OK" (7)
19:38:44  [TX] S,2238,18D,000,2946,P1,4D
19:38:44  [SLOT] n=2455 tx=25 ack=0 due=0 r=1
19:38:44  [AT] "AT+CIPSEND=26" (13)
19:38:44  [AT] " S,2238,18D,000,2946,P1,4D" (26)
19:38:44  [AT] "SEND OK" (7)
19:38:45  [TX] S,2239,18D,000,2947,P1,4D
19:38:45  [SLOT] n=2456 tx=25 ack=0 due=0 r=1
19:38:45  [AT] "AT+CIPSEND=26" (13)
19:38:45  [AT] " S,2239,18D,000,2947,P1,4D" (26)
19:38:45  [AT] "SEND OK" (7)
19:38:46  [TX] S,2240,18C,000,2948,P1,4B
19:38:47  [SLOT] n=2457 tx=25 ack=0 due=0 r=1
19:38:47  [AT] "AT+CIPSEND=26" (13)
19:38:47  [AT] " S,2240,18C,000,2948,P1,4B" (26)
19:38:47  [AT] "SEND OK" (7)
19:38:48  [TX] S,2241,18C,000,2949,P1,4B
19:38:48  [SLOT] n=2458 tx=25 ack=0 due=0 r=1
19:38:48  [AT] "AT+CIPSEND=26" (13)
19:38:48  [AT] " S,2241,18C,000,2949,P1,4B" (26)
19:38:48  [AT] "SEND OK" (7)
19:38:49  [TX] S,2242,18C,000,2950,P1,40
19:38:49  [SLOT] n=2459 tx=25 ack=0 due=0 r=1
19:38:49  [AT] "AT+CIPSEND=26" (13)
19:38:49  [AT] " S,2242,18C,000,2950,P1,40" (26)
19:38:49  [AT] "SEND OK" (7)
19:38:50  [TX] S,2243,18E,000,2952,P1,45
19:38:50  [SLOT] n=2460 tx=25 ack=0 due=0 r=1
19:38:50  [AT] "AT+CIPSEND=26" (13)
19:38:50  [AT] " S,2243,18E,000,2952,P1,45" (26)
19:38:50  [AT] "SEND OK" (7)
19:38:51  [TX] S,2244,18E,000,2953,P1,43
19:38:51  [SLOT] n=2461 tx=25 ack=0 due=0 r=1
19:38:51  [AT] "AT+CIPSEND=26" (13)
19:38:51  [AT] " S,2244,18E,000,2953,P1,43" (26)
19:38:51  [AT] "SEND OK" (7)
19:38:52  [TX] S,2245,18E,000,2954,P1,45
19:38:52  [SLOT] n=2462 tx=25 ack=0 due=0 r=1
19:38:52  [AT] "AT+CIPSEND=26" (13)
19:38:53  [AT] " S,2245,18E,000,2954,P1,45" (26)
19:38:53  [AT] "SEND OK" (7)
19:38:54  [TX] S,2246,18E,000,2955,P1,47
19:38:54  [SLOT] n=2463 tx=25 ack=0 due=0 r=1
19:38:54  [AT] "AT+CIPSEND=26" (13)
19:38:54  [AT] " S,2246,18E,000,2955,P1,47" (26)
19:38:54  [AT] "SEND OK" (7)
19:38:55  [TX] S,2247,18F,000,2956,P1,46
19:38:55  [SLOT] n=2464 tx=25 ack=0 due=0 r=1
19:38:55  [AT] "AT+CIPSEND=26" (13)
19:38:55  [AT] " S,2247,18F,000,2956,P1,46" (26)
19:38:55  [AT] "SEND OK" (7)
19:38:56  [TX] S,2248,18F,000,2958,P1,47
19:38:56  [SLOT] n=2465 tx=25 ack=0 due=0 r=1
19:38:56  [AT] "AT+CIPSEND=26" (13)
19:38:56  [AT] " S,2248,18F,000,2958,P1,47" (26)
19:38:56  [AT] "SEND OK" (7)
19:38:57  [TX] S,2249,18F,000,2959,P1,47
19:38:57  [SLOT] n=2466 tx=25 ack=0 due=0 r=1
19:38:57  [AT] "AT+CIPSEND=26" (13)
19:38:57  [AT] " S,2249,18F,000,2959,P1,47" (26)
19:38:57  [AT] "SEND OK" (7)
19:38:58  [TX] S,2250,18F,000,2960,P1,45
19:38:58  [SLOT] n=2467 tx=25 ack=0 due=0 r=1
19:38:58  [AT] "AT+CIPSEND=26" (13)
19:38:59  [AT] " S,2250,18F,000,2960,P1,45" (26)
19:38:59  [AT] "SEND OK" (7)
19:39:00  [TX] S,2251,18F,000,2961,P1,45
19:39:00  [SLOT] n=2468 tx=25 ack=0 due=0 r=1
19:39:00  [AT] "AT+CIPSEND=26" (13)
19:39:00  [AT] " S,2251,18F,000,2961,P1,45" (26)
19:39:00  [AT] "SEND OK" (7)
19:39:01  [TX] S,2252,18F,000,2962,P1,45
19:39:01  [SLOT] n=2469 tx=25 ack=0 due=0 r=1
19:39:01  [AT] "AT+CIPSEND=26" (13)
19:39:01  [AT] " S,2252,18F,000,2962,P1,45" (26)
19:39:01  [AT] "SEND OK" (7)
19:39:02  [TX] S,2253,18D,000,2964,P1,40
19:39:02  [SLOT] n=2470 tx=25 ack=0 due=0 r=1
19:39:02  [AT] "AT+CIPSEND=26" (13)
19:39:02  [AT] " S,2253,18D,000,2964,P1,40" (26)
19:39:02  [AT] "SEND OK" (7)
19:39:03  [TX] S,2254,18C,000,2965,P1,41
19:39:03  [SLOT] n=2471 tx=25 ack=0 due=0 r=1
19:39:03  [AT] "AT+CIPSEND=26" (13)
19:39:03  [AT] " S,2254,18C,000,2965,P1,41" (26)
19:39:03  [AT] "SEND OK" (7)
19:39:04  [TX] S,2255,18C,000,2966,P1,43
19:39:04  [SLOT] n=2472 tx=25 ack=0 due=0 r=1
19:39:04  [AT] "AT+CIPSEND=26" (13)
19:39:04  [AT] " S,2255,18C,000,2966,P1,43" (26)
19:39:04  [AT] "SEND OK" (7)
19:39:06  [TX] S,2256,18C,000,2967,P1,41
19:39:06  [SLOT] n=2473 tx=25 ack=0 due=0 r=1
19:39:06  [AT] "AT+CIPSEND=26" (13)
19:39:06  [AT] " S,2256,18C,000,2967,P1,41" (26)
19:39:06  [AT] "SEND OK" (7)
19:39:07  [TX] S,2257,18C,000,2968,P1,4F
19:39:07  [SLOT] n=2474 tx=25 ack=0 due=0 r=1
19:39:07  [AT] "AT+CIPSEND=26" (13)
19:39:07  [AT] " S,2257,18C,000,2968,P1,4F" (26)
19:39:07  [AT] "SEND OK" (7)
19:39:08  [TX] S,2258,18C,000,2970,P1,49
19:39:08  [SLOT] n=2475 tx=25 ack=0 due=0 r=1
19:39:08  [AT] "AT+CIPSEND=26" (13)
19:39:08  [AT] " S,2258,18C,000,2970,P1,49" (26)
19:39:08  [AT] "SEND OK" (7)
19:39:09  [TX] S,2259,18C,000,2971,P1,49
19:39:09  [SLOT] n=2476 tx=25 ack=0 due=0 r=1
19:39:09  [AT] "AT+CIPSEND=26" (13)
19:39:09  [AT] " S,2259,18C,000,2971,P1,49" (26)
19:39:09  [AT] "SEND OK" (7)
19:39:10  [TX] S,2260,18C,000,2972,P1,40
19:39:10  [SLOT] n=2477 tx=25 ack=0 due=0 r=1
19:39:10  [AT] "AT+CIPSEND=26" (13)
19:39:11  [AT] " S,2260,18C,000,2972,P1,40" (26)
19:39:11  [AT] "SEND OK" (7)
19:39:12  [TX] S,2261,18D,000,2973,P1,47
19:39:12  [SLOT] n=2478 tx=25 ack=0 due=0 r=1
19:39:12  [AT] "AT+CIPSEND=26" (13)
19:39:12  [AT] " S,2261,18D,000,2973,P1,47" (26)
19:39:12  [AT] "SEND OK" (7)
19:39:13  [TX] S,2262,18D,000,2974,P1,43
19:39:13  [SLOT] n=2479 tx=25 ack=0 due=0 r=1
19:39:13  [AT] "AT+CIPSEND=26" (13)
19:39:13  [AT] " S,2262,18D,000,2974,P1,43" (26)
19:39:13  [AT] "SEND OK" (7)
19:39:14  [TX] S,2263,18F,000,2976,P1,42
19:39:14  [SLOT] n=2480 tx=25 ack=0 due=0 r=1
19:39:14  [AT] "AT+CIPSEND=26" (13)
19:39:14  [AT] " S,2263,18F,000,2976,P1,42" (26)
19:39:14  [AT] "SEND OK" (7)
19:39:15  [TX] S,2264,18F,000,2977,P1,44
19:39:15  [SLOT] n=2481 tx=25 ack=0 due=0 r=1
19:39:15  [AT] "AT+CIPSEND=26" (13)
19:39:15  [AT] " S,2264,18F,000,2977,P1,44" (26)
19:39:15  [AT] "SEND OK" (7)
19:39:16  [TX] S,2265,18F,000,2978,P1,4A
19:39:16  [SLOT] n=2482 tx=25 ack=0 due=0 r=1
19:39:16  [AT] "AT+CIPSEND=26" (13)
19:39:16  [AT] " S,2265,18F,000,2978,P1,4A" (26)
19:39:16  [AT] "SEND OK" (7)
19:39:18  [TX] S,2266,18F,000,2979,P1,48
19:39:18  [SLOT] n=2483 tx=25 ack=0 due=0 r=1
19:39:18  [AT] "AT+CIPSEND=26" (13)
19:39:18  [AT] " S,2266,18F,000,2979,P1,48" (26)
19:39:18  [AT] "SEND OK" (7)
19:39:19  [TX] S,2267,18F,000,2980,P1,4F
19:39:19  [SLOT] n=2484 tx=25 ack=0 due=0 r=1
19:39:19  [AT] "AT+CIPSEND=26" (13)
19:39:19  [AT] " S,2267,18F,000,2980,P1,4F" (26)
19:39:19  [AT] "SEND OK" (7)
19:39:20  [TX] S,2268,18E,000,2982,P1,41
19:39:20  [SLOT] n=2485 tx=25 ack=0 due=0 r=1
19:39:20  [AT] "AT+CIPSEND=26" (13)
19:39:20  [AT] " S,2268,18E,000,2982,P1,41" (26)
19:39:20  [AT] "SEND OK" (7)
19:39:21  [TX] S,2269,18E,000,2983,P1,41
19:39:21  [SLOT] n=2486 tx=25 ack=0 due=0 r=1
19:39:21  [AT] "AT+CIPSEND=26" (13)
19:39:22  [AT] " S,2269,18E,000,2983,P1,41" (26)
19:39:22  [AT] "SEND OK" (7)
19:39:22  [TX] S,2270,18E,000,2984,P1,4E
19:39:22  [SLOT] n=2487 tx=25 ack=0 due=0 r=1
19:39:22  [AT] "AT+CIPSEND=26" (13)
19:39:22  [AT] " S,2270,18E,000,2984,P1,4E" (26)
19:39:22  [AT] "SEND OK" (7)
19:39:24  [TX] S,2271,18E,000,2985,P1,4E
19:39:24  [SLOT] n=2488 tx=25 ack=0 due=0 r=1
19:39:24  [AT] "AT+CIPSEND=26" (13)
19:39:24  [AT] " S,2271,18E,000,2985,P1,4E" (26)
19:39:24  [AT] "SEND OK" (7)
19:39:25  [TX] S,2272,18E,000,2986,P1,4E
19:39:25  [SLOT] n=2489 tx=25 ack=0 due=0 r=1
19:39:25  [AT] "AT+CIPSEND=26" (13)
19:39:25  [AT] " S,2272,18E,000,2986,P1,4E" (26)
19:39:25  [AT] "SEND OK" (7)
19:39:26  [TX] S,2273,18C,000,2988,P1,47
19:39:26  [SLOT] n=2490 tx=25 ack=0 due=0 r=1
19:39:26  [AT] "AT+CIPSEND=26" (13)
19:39:26  [AT] " S,2273,18C,000,2988,P1,47" (26)
19:39:26  [AT] "SEND OK" (7)
19:39:27  [TX] S,2274,18C,000,2989,P1,41
19:39:27  [SLOT] n=2491 tx=25 ack=0 due=0 r=1
19:39:27  [AT] "AT+CIPSEND=26" (13)
19:39:27  [AT] " S,2274,18C,000,2989,P1,41" (26)
19:39:27  [AT] "SEND OK" (7)
19:39:28  [TX] S,2275,18D,000,2990,P1,4F
19:39:28  [SLOT] n=2492 tx=25 ack=0 due=0 r=1
19:39:28  [AT] "AT+CIPSEND=26" (13)
19:39:28  [AT] " S,2275,18D,000,2990,P1,4F" (26)
19:39:28  [AT] "SEND OK" (7)
19:39:30  [TX] S,2276,18D,000,2991,P1,4D
19:39:30  [SLOT] n=2493 tx=25 ack=0 due=0 r=1
19:39:30  [AT] "AT+CIPSEND=26" (13)
19:39:30  [AT] " S,2276,18D,000,2991,P1,4D" (26)
19:39:30  [AT] "SEND OK" (7)
19:39:31  [TX] S,2277,18D,000,2992,P1,4F
19:39:31  [SLOT] n=2494 tx=25 ack=0 due=0 r=1
19:39:31  [AT] "AT+CIPSEND=26" (13)
19:39:31  [AT] " S,2277,18D,000,2992,P1,4F" (26)
19:39:31  [AT] "SEND OK" (7)
19:39:32  [TX] S,2278,18D,000,2994,P1,46
19:39:32  [SLOT] n=2495 tx=25 ack=0 due=0 r=1
19:39:32  [AT] "AT+CIPSEND=26" (13)
19:39:32  [AT] " S,2278,18D,000,2994,P1,46" (26)
19:39:32  [AT] "SEND OK" (7)
19:39:33  [TX] S,2279,18D,000,2995,P1,46
19:39:33  [SLOT] n=2496 tx=25 ack=0 due=0 r=1
19:39:33  [AT] "AT+CIPSEND=26" (13)
19:39:33  [AT] " S,2279,18D,000,2995,P1,46" (26)
19:39:33  [AT] "SEND OK" (7)
19:39:34  [TX] S,2280,18D,000,2996,P1,43
19:39:34  [SLOT] n=2497 tx=25 ack=0 due=0 r=1
19:39:34  [AT] "AT+CIPSEND=26" (13)
19:39:34  [AT] " S,2280,18D,000,2996,P1,43" (26)
19:39:34  [AT] "SEND OK" (7)
19:39:36  [TX] S,2281,18D,000,2997,P1,43
19:39:36  [SLOT] n=2498 tx=25 ack=0 due=0 r=1
19:39:36  [AT] "AT+CIPSEND=26" (13)
19:39:36  [AT] " S,2281,18D,000,2997,P1,43" (26)
19:39:36  [AT] "SEND OK" (7)
19:39:37  [TX] S,2282,18C,000,2998,P1,48
19:39:37  [SLOT] n=2499 tx=25 ack=0 due=0 r=1
19:39:37  [AT] "AT+CIPSEND=26" (13)
19:39:37  [AT] " S,2282,18C,000,2998,P1,48" (26)
19:39:37  [AT] "SEND OK" (7)
19:39:38  [TX] S,2283,18E,000,3000,P1,46
19:39:38  [SLOT] n=2500 tx=25 ack=0 due=0 r=1
19:39:38  [CNT] up=3000 drop=1 esprst=24 hwrst=0/0 resync=0 sendfail=0 okto=1 stuck=1 ackq=0 ackdrop=0 ackstale=0 slot=2500 oow=7 smiss=15 ssovf=0 cksumng=0 okstream=2263 penddrop=0 pendfill=2284 bigfill=25 bigdrop=0 bigokst=24 oklost=0 bigoklost=0 skip=17 online=1
19:39:38  [RAM] 최저 여유 596 B · 프롬프트 재동기 0회 (서버의 '버린줄' 과 맞아야 한다)
19:39:38  [AT] " S,2283,18E,000,3000,P1,46" (26)
19:39:38  [AT] "SEND OK" (7)
19:39:38  [AT] "AT+CIPSEND=26" (13)
19:39:39  [TX] S,2284,18E,000,3001,P1,40
19:39:39  [SLOT] n=2501 tx=25 ack=0 due=0 r=1
19:39:39  [AT] "AT+CIPSEND=26" (13)
19:39:39  [AT] " S,2284,18E,000,3001,P1,40" (26)
19:39:39  [AT] "SEND OK" (7)
19:39:40  [TX] S,2285,18E,000,3002,P1,42
19:39:40  [SLOT] n=2502 tx=25 ack=0 due=0 r=1
19:39:40  [AT] "AT+CIPSEND=26" (13)
19:39:40  [AT] " S,2285,18E,000,3002,P1,42" (26)
19:39:40  [AT] "SEND OK" (7)
19:39:42  «tap» 살아있음 — 최근 60초 rx=8160B (이 줄이 끊기면 탭이 죽은 것이다)
19:39:42  [TX] S,2286,18E,000,3003,P1,40
19:39:42  [SLOT] n=2503 tx=25 ack=0 due=0 r=1
19:39:42  [AT] "AT+CIPSEND=26" (13)
19:39:42  [AT] " S,2286,18E,000,3003,P1,40" (26)
19:39:42  [AT] "SEND OK" (7)
19:39:43  [TX] S,2287,18E,000,3004,P1,46
19:39:43  [SLOT] n=2504 tx=25 ack=0 due=0 r=1
19:39:43  [AT] "AT+CIPSEND=26" (13)
19:39:43  [AT] " S,2287,18E,000,3004,P1,46" (26)
19:39:43  [AT] "SEND OK" (7)
19:39:44  [TX] S,2288,18E,000,3006,P1,4B
19:39:44  [SLOT] n=2505 tx=25 ack=0 due=0 r=1
19:39:44  [AT] "AT+CIPSEND=26" (13)
19:39:44  [AT] " S,2288,18E,000,3006,P1,4B" (26)
19:39:44  [AT] "SEND OK" (7)
19:39:45  [TX] S,2289,18F,000,3007,P1,48
19:39:45  [SLOT] n=2506 tx=25 ack=0 due=0 r=1
19:39:45  [AT] "AT+CIPSEND=26" (13)
19:39:45  [AT] " S,2289,18F,000,3007,P1,48" (26)
19:39:45  [AT] "SEND OK" (7)
19:39:46  [TX] S,2290,18F,000,3008,P1,4F
19:39:46  [SLOT] n=2507 tx=25 ack=0 due=0 r=1
19:39:46  [AT] "AT+CIPSEND=26" (13)
19:39:46  [AT] " S,2290,18F,000,3008,P1,4F" (26)
19:39:46  [AT] "SEND OK" (7)
19:39:48  [TX] S,2291,18F,000,3009,P1,4F
19:39:48  [SLOT] n=2508 tx=25 ack=0 due=0 r=1
19:39:48  [AT] "AT+CIPSEND=26" (13)
19:39:48  [AT] " S,2291,18F,000,3009,P1,4F" (26)
19:39:48  [AT] "SEND OK" (7)
19:39:49  [TX] S,2292,18F,000,3010,P1,44
19:39:49  [SLOT] n=2509 tx=25 ack=0 due=0 r=1
19:39:49  [AT] "AT+CIPSEND=26" (13)
19:39:49  [AT] " S,2292,18F,000,3010,P1,44" (26)
19:39:49  [AT] "SEND OK" (7)
19:39:50  [TX] S,2293,18D,000,3012,P1,45
19:39:50  [SLOT] n=2510 tx=25 ack=0 due=0 r=1
19:39:50  [AT] "AT+CIPSEND=26" (13)
19:39:50  [AT] " S,2293,18D,000,3012,P1,45" (26)
19:39:50  [AT] "SEND OK" (7)
19:39:51  [TX] S,2294,18D,000,3013,P1,43
19:39:51  [SLOT] n=2511 tx=25 ack=0 due=0 r=1
19:39:51  [AT] "AT+CIPSEND=26" (13)
19:39:51  [AT] " S,2294,18D,000,3013,P1,43" (26)
19:39:51  [AT] "SEND OK" (7)
19:39:52  [TX] S,2295,18D,000,3014,P1,45
19:39:52  [SLOT] n=2512 tx=25 ack=0 due=0 r=1
19:39:52  [AT] "AT+CIPSEND=26" (13)
19:39:52  [AT] " S,2295,18D,000,3014,P1,45" (26)
19:39:52  [AT] "SEND OK" (7)
19:39:54  [TX] S,2296,18C,000,3015,P1,40
19:39:54  [SLOT] n=2513 tx=25 ack=0 due=0 r=1
19:39:54  [AT] "AT+CIPSEND=26" (13)
19:39:54  [AT] " S,2296,18C,000,3015,P1,40" (26)
19:39:54  [AT] "SEND OK" (7)
19:39:55  [TX] S,2297,18C,000,3016,P1,42
19:39:55  [SLOT] n=2514 tx=25 ack=0 due=0 r=1
19:39:55  [AT] "AT+CIPSEND=26" (13)
19:39:55  [AT] " S,2297,18C,000,3016,P1,42" (26)
19:39:55  [AT] "SEND OK" (7)
19:39:56  [TX] S,2298,18C,000,3018,P1,43
19:39:56  [SLOT] n=2515 tx=25 ack=0 due=0 r=1
19:39:56  [AT] "AT+CIPSEND=26" (13)
19:39:56  [AT] " S,2298,18C,000,3018,P1,43" (26)
19:39:56  [AT] "SEND OK" (7)
19:39:57  [TX] S,2299,18C,000,3019,P1,43
19:39:57  [SLOT] n=2516 tx=25 ack=0 due=0 r=1
19:39:57  [AT] "AT+CIPSEND=26" (13)
19:39:57  [AT] " S,2299,18C,000,3019,P1,43" (26)
19:39:57  [AT] "SEND OK" (7)
19:39:58  [TX] S,2300,18C,000,3020,P1,48
19:39:58  [SLOT] n=2517 tx=25 ack=0 due=0 r=1
19:39:58  [AT] "AT+CIPSEND=26" (13)
19:39:58  [AT] " S,2300,18C,000,3020,P1,48" (26)
19:39:58  [AT] "SEND OK" (7)
19:40:00  [TX] S,2301,18C,000,3021,P1,48
19:40:00  [SLOT] n=2518 tx=25 ack=0 due=0 r=1
19:40:00  [AT] "AT+CIPSEND=26" (13)
19:40:00  [AT] " S,2301,18C,000,3021,P1,48" (26)
19:40:00  [AT] "SEND OK" (7)
19:40:01  [TX] S,2302,18C,000,3022,P1,48
19:40:01  [SLOT] n=2519 tx=25 ack=0 due=0 r=1
19:40:01  [AT] "AT+CIPSEND=26" (13)
19:40:01  [AT] " S,2302,18C,000,3022,P1,48" (26)
19:40:01  [AT] "SEND OK" (7)
19:40:02  [TX] S,2303,18F,000,3024,P1,4A
19:40:02  [SLOT] n=2520 tx=25 ack=0 due=0 r=1
19:40:02  [AT] "AT+CIPSEND=26" (13)
19:40:02  [AT] " S,2303,18F,000,3024,P1,4A" (26)
19:40:02  [AT] "SEND OK" (7)
19:40:03  [TX] S,2304,18F,000,3025,P1,4C
19:40:03  [SLOT] n=2521 tx=25 ack=0 due=0 r=1
19:40:03  [AT] "AT+CIPSEND=26" (13)
19:40:03  [AT] " S,2304,18F,000,3025,P1,4C" (26)
19:40:03  [AT] "SEND OK" (7)
19:40:04  [TX] S,2305,18F,000,3026,P1,4E
19:40:04  [SLOT] n=2522 tx=25 ack=0 due=0 r=1
19:40:04  [AT] "AT+CIPSEND=26" (13)
19:40:04  [AT] " S,2305,18F,000,3026,P1,4E" (26)
19:40:04  [AT] "SEND OK" (7)
19:40:06  [TX] S,2306,18F,000,3027,P1,4C
19:40:06  [SLOT] n=2523 tx=25 ack=0 due=0 r=1
19:40:06  [AT] "AT+CIPSEND=26" (13)
19:40:06  [AT] " S,2306,18F,000,3027,P1,4C" (26)
19:40:06  [AT] "SEND OK" (7)
19:40:07  [TX] S,2307,18F,000,3028,P1,42
19:40:07  [SLOT] n=2524 tx=25 ack=0 due=0 r=1
19:40:07  [AT] "AT+CIPSEND=26" (13)
19:40:07  [AT] " S,2307,18F,000,3028,P1,42" (26)
19:40:07  [AT] "SEND OK" (7)
19:40:08  [TX] S,2308,18F,000,3030,P1,44
19:40:08  [SLOT] n=2525 tx=25 ack=0 due=0 r=1
19:40:08  [AT] "AT+CIPSEND=26" (13)
19:40:08  [AT] " S,2308,18F,000,3030,P1,44" (26)
19:40:08  [AT] "SEND OK" (7)
19:40:09  [TX] S,2309,18F,000,3031,P1,44
19:40:09  [SLOT] n=2526 tx=25 ack=0 due=0 r=1
19:40:09  [AT] "AT+CIPSEND=26" (13)
19:40:09  [AT] " S,2309,18F,000,3031,P1,44" (26)
19:40:09  [AT] "SEND OK" (7)
19:40:10  [TX] S,2310,18E,000,3032,P1,4C
19:40:10  [SLOT] n=2527 tx=25 ack=0 due=0 r=1
19:40:10  [AT] "AT+CIPSEND=26" (13)
19:40:11  [AT] " S,2310,18E,000,3032,P1,4C" (26)
19:40:11  [AT] "SEND OK" (7)
19:40:12  [TX] S,2311,18E,000,3033,P1,4C
19:40:12  [SLOT] n=2528 tx=25 ack=0 due=0 r=1
19:40:12  [AT] "AT+CIPSEND=26" (13)
19:40:12  [AT] " S,2311,18E,000,3033,P1,4C" (26)
19:40:12  [AT] "SEND OK" (7)
19:40:13  [TX] S,2312,18E,000,3034,P1,48
19:40:13  [SLOT] n=2529 tx=25 ack=0 due=0 r=1
19:40:13  [AT] "AT+CIPSEND=26" (13)
19:40:13  [AT] " S,2312,18E,000,3034,P1,48" (26)
19:40:13  [AT] "SEND OK" (7)
19:40:14  [TX] S,2313,18C,000,3036,P1,4D
19:40:14  [SLOT] n=2530 tx=25 ack=0 due=0 r=1
19:40:14  [AT] "AT+CIPSEND=26" (13)
19:40:14  [AT] " S,2313,18C,000,3036,P1,4D" (26)
19:40:14  [AT] "SEND OK" (7)
19:40:15  [TX] S,2314,18C,000,3037,P1,4B
19:40:15  [SLOT] n=2531 tx=25 ack=0 due=0 r=1
19:40:15  [AT] "AT+CIPSEND=26" (13)
19:40:15  [AT] " S,2314,18C,000,3037,P1,4B" (26)
19:40:15  [AT] "SEND OK" (7)
19:40:16  [TX] S,2315,18C,000,3038,P1,45
19:40:16  [SLOT] n=2532 tx=25 ack=0 due=0 r=1
19:40:16  [AT] "AT+CIPSEND=26" (13)
19:40:16  [AT] " S,2315,18C,000,3038,P1,45" (26)
19:40:16  [AT] "SEND OK" (7)
19:40:18  [TX] S,2316,18C,000,3039,P1,47
19:40:18  [SLOT] n=2533 tx=25 ack=0 due=0 r=1
19:40:18  [AT] "AT+CIPSEND=26" (13)
19:40:18  [AT] " S,2316,18C,000,3039,P1,47" (26)
19:40:18  [AT] "SEND OK" (7)
19:40:19  [TX] S,2317,18D,000,3040,P1,4F
19:40:19  [SLOT] n=2534 tx=25 ack=0 due=0 r=1
19:40:19  [AT] "AT+CIPSEND=26" (13)
19:40:19  [AT] " S,2317,18D,000,3040,P1,4F" (26)
19:40:19  [AT] "SEND OK" (7)
19:40:20  [TX] S,2318,18D,000,3042,P1,42
19:40:20  [SLOT] n=2535 tx=25 ack=0 due=0 r=1
19:40:20  [AT] "AT+CIPSEND=26" (13)
19:40:20  [AT] " S,2318,18D,000,3042,P1,42" (26)
19:40:20  [AT] "SEND OK" (7)
19:40:21  [TX] S,2319,18D,000,3043,P1,42
19:40:21  [SLOT] n=2536 tx=25 ack=0 due=0 r=1
19:40:21  [AT] "AT+CIPSEND=26" (13)
19:40:21  [AT] " S,2319,18D,000,3043,P1,42" (26)
19:40:21  [AT] "SEND OK" (7)
19:40:22  [TX] S,2320,18D,000,3044,P1,4F
19:40:22  [SLOT] n=2537 tx=25 ack=0 due=0 r=1
19:40:22  [AT] "AT+CIPSEND=26" (13)
19:40:22  [AT] " S,2320,18D,000,3044,P1,4F" (26)
19:40:22  [AT] "SEND OK" (7)
19:40:24  [TX] S,2321,18D,000,3045,P1,4F
19:40:24  [SLOT] n=2538 tx=25 ack=0 due=0 r=1
19:40:24  [AT] "AT+CIPSEND=26" (13)
19:40:24  [AT] " S,2321,18D,000,3045,P1,4F" (26)
19:40:24  [AT] "SEND OK" (7)
19:40:25  [TX] S,2322,18D,000,3046,P1,4F
19:40:25  [SLOT] n=2539 tx=25 ack=0 due=0 r=1
19:40:25  [AT] "AT+CIPSEND=26" (13)
19:40:25  [AT] " S,2322,18D,000,3046,P1,4F" (26)
19:40:25  [AT] "SEND OK" (7)
19:40:26  [TX] S,2323,18F,000,3048,P1,42
19:40:26  [SLOT] n=2540 tx=25 ack=0 due=0 r=1
19:40:26  [AT] "AT+CIPSEND=26" (13)
19:40:26  [AT] " S,2323,18F,000,3048,P1,42" (26)
19:40:26  [AT] "SEND OK" (7)
19:40:27  [TX] S,2324,18E,000,3049,P1,47
19:40:27  [SLOT] n=2541 tx=25 ack=0 due=0 r=1
19:40:27  [AT] "AT+CIPSEND=26" (13)
19:40:27  [AT] " S,2324,18E,000,3049,P1,47" (26)
19:40:27  [AT] "SEND OK" (7)
19:40:28  [TX] S,2325,18E,000,3050,P1,4E
19:40:28  [SLOT] n=2542 tx=25 ack=0 due=0 r=1
19:40:28  [AT] "AT+CIPSEND=26" (13)
19:40:28  [AT] " S,2325,18E,000,3050,P1,4E" (26)
19:40:28  [AT] "SEND OK" (7)
19:40:30  [TX] S,2326,18E,000,3051,P1,4C
19:40:30  [SLOT] n=2543 tx=25 ack=0 due=0 r=1
19:40:30  [AT] "AT+CIPSEND=26" (13)
19:40:30  [AT] " S,2326,18E,000,3051,P1,4C" (26)
19:40:30  [AT] "SEND OK" (7)
19:40:31  [TX] S,2327,18E,000,3052,P1,4E
19:40:31  [SLOT] n=2544 tx=25 ack=0 due=0 r=1
19:40:31  [AT] "AT+CIPSEND=26" (13)
19:40:31  [AT] " S,2327,18E,000,3052,P1,4E" (26)
19:40:31  [AT] "SEND OK" (7)
19:40:32  [TX] S,2328,18E,000,3054,P1,47
19:40:32  [SLOT] n=2545 tx=25 ack=0 due=0 r=1
19:40:32  [AT] "AT+CIPSEND=26" (13)
19:40:32  [AT] " S,2328,18E,000,3054,P1,47" (26)
19:40:32  [AT] "SEND OK" (7)
19:40:33  [TX] S,2329,18E,000,3055,P1,47
19:40:33  [SLOT] n=2546 tx=25 ack=0 due=0 r=1
19:40:33  [AT] "AT+CIPSEND=26" (13)
19:40:33  [AT] " S,2329,18E,000,3055,P1,47" (26)
19:40:33  [AT] "SEND OK" (7)
19:40:34  [TX] S,2330,18E,000,3056,P1,4C
19:40:34  [SLOT] n=2547 tx=25 ack=0 due=0 r=1
19:40:34  [AT] "AT+CIPSEND=26" (13)
19:40:34  [AT] " S,2330,18E,000,3056,P1,4C" (26)
19:40:34  [AT] "SEND OK" (7)
19:40:36  [TX] S,2331,18F,000,3057,P1,4F
19:40:36  [SLOT] n=2548 tx=25 ack=0 due=0 r=1
19:40:36  [AT] "AT+CIPSEND=26" (13)
19:40:36  [AT] " S,2331,18F,000,3057,P1,4F" (26)
19:40:36  [AT] "SEND OK" (7)
19:40:37  [TX] S,2332,18F,000,3058,P1,43
19:40:37  [SLOT] n=2549 tx=25 ack=0 due=0 r=1
19:40:37  [AT] "AT+CIPSEND=26" (13)
19:40:37  [AT] " S,2332,18F,000,3058,P1,43" (26)
19:40:37  [AT] "SEND OK" (7)
19:40:38  [TX] S,2333,18D,000,3060,P1,4B
19:40:38  [SLOT] n=2550 tx=25 ack=0 due=0 r=1
19:40:38  [CNT] up=3060 drop=1 esprst=24 hwrst=0/0 resync=0 sendfail=0 okto=1 stuck=1 ackq=0 ackdrop=0 ackstale=0 slot=2550 oow=7 smiss=15 ssovf=0 cksumng=0 okstream=2313 penddrop=0 pendfill=2334 bigfill=25 bigdrop=0 bigokst=24 oklost=0 bigoklost=0 skip=17 online=1
19:40:38  [RAM] 최저 여유 596 B · 프롬프트 재동기 0회 (서버의 '버린줄' 과 맞아야 한다)
19:40:38  [AT] " S,2333,18D,000,3060,P1,4B" (26)
19:40:38  [AT] "SEND OK" (7)
19:40:38  [AT] "AT+CIPSEND=26" (13)
19:40:39  [TX] S,2334,18D,000,3061,P1,4D
19:40:39  [SLOT] n=2551 tx=25 ack=0 due=0 r=1
19:40:39  [AT] "AT+CIPSEND=26" (13)
19:40:39  [AT] " S,2334,18D,000,3061,P1,4D" (26)
19:40:39  [AT] "SEND OK" (7)
19:40:40  [TX] S,2335,18D,000,3062,P1,4F
19:40:40  [SLOT] n=2552 tx=25 ack=0 due=0 r=1
19:40:40  [AT] "AT+CIPSEND=26" (13)
19:40:40  [AT] " S,2335,18D,000,3062,P1,4F" (26)
19:40:40  [AT] "SEND OK" (7)
19:40:42  «tap» 살아있음 — 최근 60초 rx=8160B (이 줄이 끊기면 탭이 죽은 것이다)
19:40:42  [TX] S,2336,18D,000,3063,P1,4D
19:40:42  [SLOT] n=2553 tx=25 ack=0 due=0 r=1
19:40:42  [AT] "AT+CIPSEND=26" (13)
19:40:42  [AT] " S,2336,18D,000,3063,P1,4D" (26)
19:40:42  [AT] "SEND OK" (7)
19:40:43  [TX] S,2337,18D,000,3064,P1,4B
19:40:43  [SLOT] n=2554 tx=25 ack=0 due=0 r=1
19:40:43  [AT] "AT+CIPSEND=26" (13)
19:40:43  [AT] " S,2337,18D,000,3064,P1,4B" (26)
19:40:43  [AT] "SEND OK" (7)
19:40:44  [TX] S,2338,18C,000,3066,P1,41
19:40:44  [SLOT] n=2555 tx=25 ack=0 due=0 r=1
19:40:44  [AT] "AT+CIPSEND=26" (13)
19:40:44  [AT] " S,2338,18C,000,3066,P1,41" (26)
19:40:44  [AT] "SEND OK" (7)
19:40:45  [TX] S,2339,18C,000,3067,P1,41
19:40:45  [SLOT] n=2556 tx=25 ack=0 due=0 r=1
19:40:45  [AT] "AT+CIPSEND=26" (13)
19:40:45  [AT] " S,2339,18C,000,3067,P1,41" (26)
19:40:45  [AT] "SEND OK" (7)
19:40:46  [TX] S,2340,18C,000,3068,P1,40
19:40:46  [SLOT] n=2557 tx=25 ack=0 due=0 r=1
19:40:46  [AT] "AT+CIPSEND=26" (13)
19:40:46  [AT] " S,2340,18C,000,3068,P1,40" (26)
19:40:46  [AT] "SEND OK" (7)
19:40:48  [TX] S,2341,18C,000,3069,P1,40
19:40:48  [SLOT] n=2558 tx=25 ack=0 due=0 r=1
19:40:48  [AT] "AT+CIPSEND=26" (13)
19:40:48  [AT] " S,2341,18C,000,3069,P1,40" (26)
19:40:48  [AT] "SEND OK" (7)
19:40:49  [TX] S,2342,18C,000,3070,P1,4B
19:40:49  [SLOT] n=2559 tx=25 ack=0 due=0 r=1
19:40:49  [AT] "AT+CIPSEND=26" (13)
19:40:49  [AT] " S,2342,18C,000,3070,P1,4B" (26)
19:40:49  [AT] "SEND OK" (7)
19:40:50  [TX] S,2343,18E,000,3072,P1,4E
19:40:50  [SLOT] n=2560 tx=25 ack=0 due=0 r=1
19:40:50  [AT] "AT+CIPSEND=26" (13)
19:40:50  [AT] " S,2343,18E,000,3072,P1,4E" (26)
19:40:50  [AT] "SEND OK" (7)
19:40:51  [TX] S,2344,18E,000,3073,P1,48
19:40:51  [SLOT] n=2561 tx=25 ack=0 due=0 r=1
19:40:51  [AT] "AT+CIPSEND=26" (13)
19:40:51  [AT] " S,2344,18E,000,3073,P1,48" (26)
19:40:51  [AT] "SEND OK" (7)
19:40:52  [TX] S,2345,18F,000,3074,P1,4D
19:40:52  [SLOT] n=2562 tx=25 ack=0 due=0 r=1
19:40:52  [AT] "AT+CIPSEND=26" (13)
19:40:52  [AT] " S,2345,18F,000,3074,P1,4D" (26)
19:40:52  [AT] "SEND OK" (7)
19:40:54  [TX] S,2346,18F,000,3075,P1,4F
19:40:54  [SLOT] n=2563 tx=25 ack=0 due=0 r=1
19:40:54  [AT] "AT+CIPSEND=26" (13)
19:40:54  [AT] " S,2346,18F,000,3075,P1,4F" (26)
19:40:54  [AT] "SEND OK" (7)
19:40:55  [TX] S,2347,18F,000,3076,P1,4D
19:40:55  [SLOT] n=2564 tx=25 ack=0 due=0 r=1
19:40:55  [AT] "AT+CIPSEND=26" (13)
19:40:55  [AT] " S,2347,18F,000,3076,P1,4D" (26)
19:40:55  [AT] "SEND OK" (7)
19:40:56  [TX] S,2348,18F,000,3078,P1,4C
19:40:56  [SLOT] n=2565 tx=25 ack=0 due=0 r=1
19:40:56  [AT] "AT+CIPSEND=26" (13)
19:40:56  [AT] " S,2348,18F,000,3078,P1,4C" (26)
19:40:56  [AT] "SEND OK" (7)
19:40:57  [TX] S,2349,18F,000,3079,P1,4C
19:40:57  [SLOT] n=2566 tx=25 ack=0 due=0 r=1
19:40:57  [AT] "AT+CIPSEND=26" (13)
19:40:57  [AT] " S,2349,18F,000,3079,P1,4C" (26)
19:40:57  [AT] "SEND OK" (7)
19:40:58  [TX] S,2350,18F,000,3080,P1,42
19:40:58  [SLOT] n=2567 tx=25 ack=0 due=0 r=1
19:40:58  [AT] "AT+CIPSEND=26" (13)
19:40:58  [AT] " S,2350,18F,000,3080,P1,42" (26)
19:40:58  [AT] "SEND OK" (7)
19:41:00  [TX] S,2351,18F,000,3081,P1,42
19:41:00  [SLOT] n=2568 tx=25 ack=0 due=0 r=1
19:41:00  [AT] "AT+CIPSEND=26" (13)
19:41:00  [AT] " S,2351,18F,000,3081,P1,42" (26)
19:41:00  [AT] "SEND OK" (7)
19:41:01  [TX] S,2352,18E,000,3082,P1,41
19:41:01  [SLOT] n=2569 tx=25 ack=0 due=0 r=1
19:41:01  [AT] "AT+CIPSEND=26" (13)
19:41:01  [AT] " S,2352,18E,000,3082,P1,41" (26)
19:41:01  [AT] "SEND OK" (7)
19:41:02  [TX] S,2353,18C,000,3084,P1,40
19:41:02  [SLOT] n=2570 tx=25 ack=0 due=0 r=1
19:41:02  [AT] "AT+CIPSEND=26" (13)
19:41:02  [AT] " S,2353,18C,000,3084,P1,40" (26)
19:41:02  [AT] "SEND OK" (7)
19:41:03  [TX] S,2354,18C,000,3085,P1,46
19:41:03  [SLOT] n=2571 tx=25 ack=0 due=0 r=1
19:41:03  [AT] "AT+CIPSEND=26" (13)
19:41:03  [AT] " S,2354,18C,000,3085,P1,46" (26)
19:41:03  [AT] "SEND OK" (7)
19:41:04  [TX] S,2355,18C,000,3086,P1,44
19:41:04  [SLOT] n=2572 tx=25 ack=0 due=0 r=1
19:41:04  [AT] "AT+CIPSEND=26" (13)
19:41:04  [AT] " S,2355,18C,000,3086,P1,44" (26)
19:41:04  [AT] "SEND OK" (7)
19:41:06  [TX] S,2356,18C,000,3087,P1,46
19:41:06  [SLOT] n=2573 tx=25 ack=0 due=0 r=1
19:41:06  [AT] "AT+CIPSEND=26" (13)
19:41:06  [AT] " S,2356,18C,000,3087,P1,46" (26)
19:41:06  [AT] "SEND OK" (7)
19:41:07  [TX] S,2357,18C,000,3088,P1,48
19:41:07  [SLOT] n=2574 tx=25 ack=0 due=0 r=1
19:41:07  [AT] "AT+CIPSEND=26" (13)
19:41:07  [AT] " S,2357,18C,000,3088,P1,48" (26)
19:41:07  [AT] "SEND OK" (7)
19:41:08  [TX] S,2358,18C,000,3090,P1,4E
19:41:08  [SLOT] n=2575 tx=25 ack=0 due=0 r=1
19:41:08  [AT] "AT+CIPSEND=26" (13)
19:41:08  [AT] " S,2358,18C,000,3090,P1,4E" (26)
19:41:08  [AT] "SEND OK" (7)
19:41:09  [TX] S,2359,18D,000,3091,P1,49
19:41:09  [SLOT] n=2576 tx=25 ack=0 due=0 r=1
19:41:09  [AT] "AT+CIPSEND=26" (13)
19:41:09  [AT] " S,2359,18D,000,3091,P1,49" (26)
19:41:09  [AT] "SEND OK" (7)
19:41:10  [TX] S,2360,18D,000,3092,P1,40
19:41:10  [SLOT] n=2577 tx=25 ack=0 due=0 r=1
19:41:10  [AT] "AT+CIPSEND=26" (13)
19:41:10  [AT] " S,2360,18D,000,3092,P1,40" (26)
19:41:10  [AT] "SEND OK" (7)
19:41:12  [TX] S,2361,18D,000,3093,P1,40
19:41:12  [SLOT] n=2578 tx=25 ack=0 due=0 r=1
19:41:12  [AT] "AT+CIPSEND=26" (13)
19:41:12  [AT] " S,2361,18D,000,3093,P1,40" (26)
19:41:12  [AT] "SEND OK" (7)
19:41:13  [TX] S,2362,18D,000,3094,P1,44
19:41:13  [SLOT] n=2579 tx=25 ack=0 due=0 r=1
19:41:13  [AT] "AT+CIPSEND=26" (13)
19:41:13  [AT] " S,2362,18D,000,3094,P1,44" (26)
19:41:13  [AT] "SEND OK" (7)
19:41:14  [TX] S,2363,18F,000,3096,P1,45
19:41:14  [SLOT] n=2580 tx=25 ack=0 due=0 r=1
19:41:14  [AT] "AT+CIPSEND=26" (13)
19:41:14  [AT] " S,2363,18F,000,3096,P1,45" (26)
19:41:14  [AT] "SEND OK" (7)
19:41:15  [TX] S,2364,18F,000,3097,P1,43
19:41:15  [SLOT] n=2581 tx=25 ack=0 due=0 r=1
19:41:15  [AT] "AT+CIPSEND=26" (13)
19:41:15  [AT] " S,2364,18F,000,3097,P1,43" (26)
19:41:15  [AT] "SEND OK" (7)
19:41:16  [TX] S,2365,18F,000,3098,P1,4D
19:41:16  [SLOT] n=2582 tx=25 ack=0 due=0 r=1
19:41:16  [AT] "AT+CIPSEND=26" (13)
19:41:16  [AT] " S,2365,18F,000,3098,P1,4D" (26)
19:41:16  [AT] "SEND OK" (7)
19:41:18  [TX] S,2366,18E,000,3099,P1,4C
19:41:18  [SLOT] n=2583 tx=25 ack=0 due=0 r=1
19:41:18  [AT] "AT+CIPSEND=26" (13)
19:41:18  [AT] " S,2366,18E,000,3099,P1,4C" (26)
19:41:18  [AT] "SEND OK" (7)
19:41:19  [TX] S,2367,18E,000,3100,P1,4C
19:41:19  [SLOT] n=2584 tx=25 ack=0 due=0 r=1
19:41:19  [AT] "AT+CIPSEND=26" (13)
19:41:19  [AT] " S,2367,18E,000,3100,P1,4C" (26)
19:41:19  [AT] "SEND OK" (7)
19:41:20  [TX] S,2368,18E,000,3102,P1,41
19:41:20  [SLOT] n=2585 tx=25 ack=0 due=0 r=1
19:41:20  [AT] "AT+CIPSEND=26" (13)
19:41:20  [AT] " S,2368,18E,000,3102,P1,41" (26)
19:41:20  [AT] "SEND OK" (7)
19:41:21  [TX] S,2369,18E,000,3103,P1,41
19:41:21  [SLOT] n=2586 tx=25 ack=0 due=0 r=1
19:41:21  [AT] "AT+CIPSEND=26" (13)
19:41:21  [AT] " S,2369,18E,000,3103,P1,41" (26)
19:41:21  [AT] "SEND OK" (7)
19:41:22  [TX] S,2370,18E,000,3104,P1,4E
19:41:22  [SLOT] n=2587 tx=25 ack=0 due=0 r=1
19:41:22  [AT] "AT+CIPSEND=26" (13)
19:41:22  [AT] " S,2370,18E,000,3104,P1,4E" (26)
19:41:22  [AT] "SEND OK" (7)
19:41:23  [TX] S,2371,18E,000,3105,P1,4E
19:41:23  [SLOT] n=2588 tx=25 ack=0 due=0 r=1
19:41:23  [AT] "AT+CIPSEND=26" (13)
19:41:24  [AT] " S,2371,18E,000,3105,P1,4E" (26)
19:41:24  [AT] "SEND OK" (7)
19:41:25  [TX] S,2372,18E,000,3106,P1,4E
19:41:25  [SLOT] n=2589 tx=25 ack=0 due=0 r=1
19:41:25  [AT] "AT+CIPSEND=26" (13)
19:41:25  [AT] " S,2372,18E,000,3106,P1,4E" (26)
19:41:25  [AT] "SEND OK" (7)
19:41:26  [TX] S,2373,18D,000,3108,P1,40
19:41:26  [SLOT] n=2590 tx=25 ack=0 due=0 r=1
19:41:26  [AT] "AT+CIPSEND=26" (13)
19:41:26  [AT] " S,2373,18D,000,3108,P1,40" (26)
19:41:26  [AT] "SEND OK" (7)
19:41:27  [TX] S,2374,18D,000,3109,P1,46
19:41:27  [SLOT] n=2591 tx=25 ack=0 due=0 r=1
19:41:27  [AT] "AT+CIPSEND=26" (13)
19:41:27  [AT] " S,2374,18D,000,3109,P1,46" (26)
19:41:27  [AT] "SEND OK" (7)
19:41:28  [TX] S,2375,18D,000,3110,P1,4F
19:41:28  [SLOT] n=2592 tx=25 ack=0 due=0 r=1
19:41:28  [AT] "AT+CIPSEND=26" (13)
19:41:28  [AT] " S,2375,18D,000,3110,P1,4F" (26)
19:41:28  [AT] "SEND OK" (7)
19:41:29  [TX] S,2376,18D,000,3111,P1,4D
19:41:29  [SLOT] n=2593 tx=25 ack=0 due=0 r=1
19:41:29  [AT] "AT+CIPSEND=26" (13)
19:41:30  [AT] " S,2376,18D,000,3111,P1,4D" (26)
19:41:30  [AT] "SEND OK" (7)
19:41:31  [TX] S,2377,18D,000,3112,P1,4F
19:41:31  [SLOT] n=2594 tx=25 ack=0 due=0 r=1
19:41:31  [AT] "AT+CIPSEND=26" (13)
19:41:31  [AT] " S,2377,18D,000,3112,P1,4F" (26)
19:41:31  [AT] "SEND OK" (7)
19:41:32  [TX] S,2378,18D,000,3114,P1,46
19:41:32  [SLOT] n=2595 tx=25 ack=0 due=0 r=1
19:41:32  [AT] "AT+CIPSEND=26" (13)
19:41:32  [AT] " S,2378,18D,000,3114,P1,46" (26)
19:41:32  [AT] "SEND OK" (7)
19:41:33  [TX] S,2379,18D,000,3115,P1,46
19:41:33  [SLOT] n=2596 tx=25 ack=0 due=0 r=1
19:41:33  [AT] "AT+CIPSEND=26" (13)
19:41:33  [AT] " S,2379,18D,000,3115,P1,46" (26)
19:41:33  [AT] "SEND OK" (7)
19:41:34  [TX] S,2380,18C,000,3116,P1,44
19:41:34  [SLOT] n=2597 tx=25 ack=0 due=0 r=1
19:41:34  [AT] "AT+CIPSEND=26" (13)
19:41:34  [AT] " S,2380,18C,000,3116,P1,44" (26)
19:41:34  [AT] "SEND OK" (7)
19:41:35  [TX] S,2381,18C,000,3117,P1,44
19:41:35  [SLOT] n=2598 tx=25 ack=0 due=0 r=1
19:41:35  [AT] "AT+CIPSEND=26" (13)
19:41:36  [AT] " S,2381,18C,000,3117,P1,44" (26)
19:41:36  [AT] "SEND OK" (7)
19:41:37  [TX] S,2382,18C,000,3118,P1,48
19:41:37  [SLOT] n=2599 tx=25 ack=0 due=0 r=1
19:41:37  [AT] "AT+CIPSEND=26" (13)
19:41:37  [AT] " S,2382,18C,000,3118,P1,48" (26)
19:41:37  [AT] "SEND OK" (7)
19:41:38  [TX] S,2383,18E,000,3120,P1,44
19:41:38  [SLOT] n=2600 tx=25 ack=0 due=0 r=1
19:41:38  [CNT] up=3120 drop=1 esprst=24 hwrst=0/0 resync=0 sendfail=0 okto=1 stuck=1 ackq=0 ackdrop=0 ackstale=0 slot=2600 oow=7 smiss=15 ssovf=0 cksumng=0 okstream=2363 penddrop=0 pendfill=2384 bigfill=25 bigdrop=0 bigokst=24 oklost=0 bigoklost=0 skip=17 online=1
19:41:38  [RAM] 최저 여유 596 B · 프롬프트 재동기 0회 (서버의 '버린줄' 과 맞아야 한다)
19:41:38  [AT] "AT+CIPSEND=26" (13)
19:41:38  [AT] " S,2383,18E,000,3120,P1,44" (26)
19:41:38  [AT] "SEND OK" (7)
19:41:39  [TX] S,2384,18E,000,3121,P1,42
19:41:39  [SLOT] n=2601 tx=25 ack=0 due=0 r=1
19:41:39  [AT] "AT+CIPSEND=26" (13)
19:41:40  [AT] " S,2384,18E,000,3121,P1,42" (26)
19:41:40  [AT] "SEND OK" (7)
19:41:40  [TX] S,2385,18E,000,3122,P1,40
19:41:40  [SLOT] n=2602 tx=25 ack=0 due=0 r=1
19:41:40  [AT] "AT+CIPSEND=26" (13)
19:41:40  [AT] " S,2385,18E,000,3122,P1,40" (26)
19:41:40  [AT] "SEND OK" (7)
19:41:41  [TX] S,2386,18E,000,3123,P1,42
19:41:41  [SLOT] n=2603 tx=25 ack=0 due=0 r=1
19:41:41  [AT] "AT+CIPSEND=26" (13)
19:41:42  «tap» 살아있음 — 최근 60초 rx=8256B (이 줄이 끊기면 탭이 죽은 것이다)
19:41:42  [AT] " S,2386,18E,000,3123,P1,42" (26)
19:41:42  [AT] "SEND OK" (7)
19:41:43  [TX] S,2387,18F,000,3124,P1,47
19:41:43  [SLOT] n=2604 tx=25 ack=0 due=0 r=1
19:41:43  [AT] "AT+CIPSEND=26" (13)
19:41:43  [AT] " S,2387,18F,000,3124,P1,47" (26)
19:41:43  [AT] "SEND OK" (7)
19:41:44  [TX] S,2388,18F,000,3126,P1,4A
19:41:44  [SLOT] n=2605 tx=25 ack=0 due=0 r=1
19:41:44  [AT] "AT+CIPSEND=26" (13)
19:41:44  [AT] " S,2388,18F,000,3126,P1,4A" (26)
19:41:44  [AT] "SEND OK" (7)
19:41:45  [TX] S,2389,18F,000,3127,P1,4A
19:41:45  [SLOT] n=2606 tx=25 ack=0 due=0 r=1
19:41:45  [AT] "AT+CIPSEND=26" (13)
19:41:45  [AT] " S,2389,18F,000,3127,P1,4A" (26)
19:41:45  [AT] "SEND OK" (7)
19:41:46  [TX] S,2390,18F,000,3128,P1,4D
19:41:46  [SLOT] n=2607 tx=25 ack=0 due=0 r=1
19:41:46  [AT] "AT+CIPSEND=26" (13)
19:41:46  [AT] " S,2390,18F,000,3128,P1,4D" (26)
19:41:46  [AT] "SEND OK" (7)
19:41:47  [TX] S,2391,18F,000,3129,P1,4D
19:41:47  [SLOT] n=2608 tx=25 ack=0 due=0 r=1
19:41:47  [AT] "AT+CIPSEND=26" (13)
19:41:47  [AT] " S,2391,18F,000,3129,P1,4D" (26)
19:41:47  [AT] "SEND OK" (7)
19:41:49  [TX] S,2392,18F,000,3130,P1,46
19:41:49  [SLOT] n=2609 tx=25 ack=0 due=0 r=1
19:41:49  [AT] "AT+CIPSEND=26" (13)
19:41:49  [AT] " S,2392,18F,000,3130,P1,46" (26)
19:41:49  [AT] "SEND OK" (7)
19:41:50  [TX] S,2393,18D,000,3132,P1,47
19:41:50  [SLOT] n=2610 tx=25 ack=0 due=0 r=1
19:41:50  [AT] "AT+CIPSEND=26" (13)
19:41:50  [AT] " S,2393,18D,000,3132,P1,47" (26)
19:41:50  [AT] "SEND OK" (7)
19:41:51  [TX] S,2394,18C,000,3133,P1,46
19:41:51  [SLOT] n=2611 tx=25 ack=0 due=0 r=1
19:41:51  [AT] "AT+CIPSEND=26" (13)
19:41:51  [AT] " S,2394,18C,000,3133,P1,46" (26)
19:41:51  [AT] "SEND OK" (7)
19:41:53  [TX] S,2395,18C,000,3134,P1,40
19:41:53  [SLOT] n=2612 tx=25 ack=0 due=0 r=1
19:41:53  [AT] "AT+CIPSEND=26" (13)
19:41:53  [AT] " S,2395,18C,000,3134,P1,40" (26)
19:41:53  [AT] "SEND OK" (7)
19:41:54  [TX] S,2396,18C,000,3135,P1,42
19:41:54  [SLOT] n=2613 tx=25 ack=0 due=0 r=1
19:41:54  [AT] "AT+CIPSEND=26" (13)
19:41:54  [AT] " S,2396,18C,000,3135,P1,42" (26)
19:41:54  [AT] "SEND OK" (7)
19:41:56  [TX] S,2397,18C,000,3136,P1,40
19:41:56  [SLOT] n=2614 tx=25 ack=0 due=0 r=1
19:41:56  [AT] "AT+CIPSEND=26" (13)
19:41:56  [AT] " S,2397,18C,000,3136,P1,40" (26)
19:41:56  [AT] "SEND OK" (7)
19:41:57  [TX] S,2398,18C,000,3138,P1,41
19:41:57  [SLOT] n=2615 tx=25 ack=0 due=0 r=1
19:41:57  [AT] "AT+CIPSEND=26" (13)
19:41:57  [AT] " S,2398,18C,000,3138,P1,41" (26)
19:41:57  [AT] "SEND OK" (7)
19:41:58  [TX] S,2399,18C,000,3139,P1,41
19:41:58  [SLOT] n=2616 tx=25 ack=0 due=0 r=1
19:41:58  [AT] "AT+CIPSEND=26" (13)
19:41:58  [AT] " S,2399,18C,000,3139,P1,41" (26)
19:41:58  [AT] "SEND OK" (7)
19:41:59  [TX] S,2400,18C,000,3140,P1,48
19:41:59  [SLOT] n=2617 tx=25 ack=0 due=0 r=1
19:41:59  [AT] "AT+CIPSEND=26" (13)
19:41:59  [AT] " S,2400,18C,000,3140,P1,48" (26)
19:41:59  [AT] "SEND OK" (7)
19:42:00  [TX] S,2401,18D,000,3141,P1,4F
19:42:00  [SLOT] n=2618 tx=25 ack=0 due=0 r=1
19:42:00  [AT] "AT+CIPSEND=26" (13)
19:42:00  [AT] " S,2401,18D,000,3141,P1,4F" (26)
19:42:00  [AT] "SEND OK" (7)
19:42:02  [TX] S,2402,18D,000,3142,P1,4F
19:42:02  [SLOT] n=2619 tx=25 ack=0 due=0 r=1
19:42:02  [AT] "AT+CIPSEND=26" (13)
19:42:02  [AT] " S,2402,18D,000,3142,P1,4F" (26)
19:42:02  [AT] "SEND OK" (7)
19:42:03  [TX] S,2403,18F,000,3144,P1,4A
19:42:03  [SLOT] n=2620 tx=25 ack=0 due=0 r=1
19:42:03  [AT] "AT+CIPSEND=26" (13)
19:42:03  [AT] " S,2403,18F,000,3144,P1,4A" (26)
19:42:03  [AT] "SEND OK" (7)
19:42:04  [TX] S,2404,18F,000,3145,P1,4C
19:42:04  [SLOT] n=2621 tx=25 ack=0 due=0 r=1
19:42:04  [AT] "AT+CIPSEND=26" (13)
19:42:04  [AT] " S,2404,18F,000,3145,P1,4C" (26)
19:42:04  [AT] "SEND OK" (7)
19:42:05  [TX] S,2405,18F,000,3146,P1,4E
19:42:05  [SLOT] n=2622 tx=25 ack=0 due=0 r=1
19:42:05  [AT] "AT+CIPSEND=26" (13)
19:42:05  [AT] " S,2405,18F,000,3146,P1,4E" (26)
19:42:05  [AT] "SEND OK" (7)
19:42:06  [TX] S,2406,18F,000,3147,P1,4C
19:42:06  [SLOT] n=2623 tx=25 ack=0 due=0 r=1
19:42:06  [AT] "AT+CIPSEND=26" (13)
19:42:06  [AT] " S,2406,18F,000,3147,P1,4C" (26)
19:42:06  [AT] "SEND OK" (7)
19:42:08  [TX] S,2407,18F,000,3148,P1,42
19:42:08  [SLOT] n=2624 tx=25 ack=0 due=0 r=1
19:42:08  [AT] "AT+CIPSEND=26" (13)
19:42:08  [AT] " S,2407,18F,000,3148,P1,42" (26)
19:42:08  [AT] "SEND OK" (7)
19:42:09  [TX] S,2408,18E,000,3150,P1,47
19:42:09  [SLOT] n=2625 tx=25 ack=0 due=0 r=1
19:42:09  [AT] "AT+CIPSEND=26" (13)
19:42:09  [AT] " S,2408,18E,000,3150,P1,47" (26)
19:42:09  [AT] "SEND OK" (7)
19:42:10  [TX] S,2409,18E,000,3151,P1,47
19:42:10  [SLOT] n=2626 tx=25 ack=0 due=0 r=1
19:42:10  [AT] "AT+CIPSEND=26" (13)
19:42:10  [AT] " S,2409,18E,000,3151,P1,47" (26)
19:42:10  [AT] "SEND OK" (7)
19:42:11  [TX] S,2410,18E,000,3152,P1,4C
19:42:11  [SLOT] n=2627 tx=25 ack=0 due=0 r=1
19:42:11  [AT] "AT+CIPSEND=26" (13)
19:42:11  [AT] " S,2410,18E,000,3152,P1,4C" (26)
19:42:11  [AT] "SEND OK" (7)
19:42:12  [TX] S,2411,18E,000,3153,P1,4C
19:42:12  [SLOT] n=2628 tx=25 ack=0 due=0 r=1
19:42:12  [AT] "AT+CIPSEND=26" (13)
19:42:12  [AT] " S,2411,18E,000,3153,P1,4C" (26)
19:42:12  [AT] "SEND OK" (7)
19:42:14  [TX] S,2412,18E,000,3154,P1,48
19:42:14  [SLOT] n=2629 tx=25 ack=0 due=0 r=1
19:42:14  [AT] "AT+CIPSEND=26" (13)
19:42:14  [AT] " S,2412,18E,000,3154,P1,48" (26)
19:42:14  [AT] "SEND OK" (7)
19:42:15  [TX] S,2413,18C,000,3156,P1,4D
19:42:15  [SLOT] n=2630 tx=25 ack=0 due=0 r=1
19:42:15  [AT] "AT+CIPSEND=26" (13)
19:42:15  [AT] " S,2413,18C,000,3156,P1,4D" (26)
19:42:15  [AT] "SEND OK" (7)
19:42:16  [TX] S,2414,18C,000,3157,P1,4B
19:42:16  [SLOT] n=2631 tx=25 ack=0 due=0 r=1
19:42:16  [AT] "AT+CIPSEND=26" (13)
19:42:16  [AT] " S,2414,18C,000,3157,P1,4B" (26)
19:42:16  [AT] "SEND OK" (7)
19:42:17  [TX] S,2415,18D,000,3158,P1,42
19:42:17  [SLOT] n=2632 tx=25 ack=0 due=0 r=1
19:42:17  [AT] "AT+CIPSEND=26" (13)
19:42:17  [AT] " S,2415,18D,000,3158,P1,42" (26)
19:42:17  [AT] "SEND OK" (7)
19:42:18  [TX] S,2416,18D,000,3159,P1,40
19:42:18  [SLOT] n=2633 tx=25 ack=0 due=0 r=1
19:42:18  [AT] "AT+CIPSEND=26" (13)
19:42:18  [AT] " S,2416,18D,000,3159,P1,40" (26)
19:42:18  [AT] "SEND OK" (7)
19:42:20  [TX] S,2417,18D,000,3160,P1,4B
19:42:20  [SLOT] n=2634 tx=25 ack=0 due=0 r=1
19:42:20  [AT] "AT+CIPSEND=26" (13)
19:42:20  [AT] " S,2417,18D,000,3160,P1,4B" (26)
19:42:20  [AT] "SEND OK" (7)
19:42:21  [TX] S,2418,18D,000,3162,P1,46
19:42:21  [SLOT] n=2635 tx=25 ack=0 due=0 r=1
19:42:21  [AT] "AT+CIPSEND=26" (13)
19:42:21  [AT] " S,2418,18D,000,3162,P1,46" (26)
19:42:21  [AT] "SEND OK" (7)
19:42:22  [TX] S,2419,18D,000,3163,P1,46
19:42:22  [SLOT] n=2636 tx=25 ack=0 due=0 r=1
19:42:22  [AT] "AT+CIPSEND=26" (13)
19:42:22  [AT] " S,2419,18D,000,3163,P1,46" (26)
19:42:22  [AT] "SEND OK" (7)
19:42:23  [TX] S,2420,18D,000,3164,P1,4B
19:42:23  [SLOT] n=2637 tx=25 ack=0 due=0 r=1
19:42:23  [AT] "AT+CIPSEND=26" (13)
19:42:23  [AT] " S,2420,18D,000,3164,P1,4B" (26)
19:42:23  [AT] "SEND OK" (7)
19:42:24  [TX] S,2421,18D,000,3165,P1,4B
19:42:24  [SLOT] n=2638 tx=25 ack=0 due=0 r=1
19:42:24  [AT] "AT+CIPSEND=26" (13)
19:42:24  [AT] " S,2421,18D,000,3165,P1,4B" (26)
19:42:24  [AT] "SEND OK" (7)
19:42:26  [TX] S,2422,18C,000,3166,P1,4C
19:42:26  [SLOT] n=2639 tx=25 ack=0 due=0 r=1
19:42:26  [AT] "AT+CIPSEND=26" (13)
19:42:26  [AT] " S,2422,18C,000,3166,P1,4C" (26)
19:42:26  [AT] "SEND OK" (7)
19:42:27  [TX] S,2423,18E,000,3168,P1,45
19:42:27  [SLOT] n=2640 tx=25 ack=0 due=0 r=1
19:42:27  [AT] "AT+CIPSEND=26" (13)
19:42:27  [AT] " S,2423,18E,000,3168,P1,45" (26)
19:42:27  [AT] "SEND OK" (7)
19:42:28  [TX] S,2424,18E,000,3169,P1,43
19:42:28  [SLOT] n=2641 tx=25 ack=0 due=0 r=1
19:42:28  [AT] "AT+CIPSEND=26" (13)
19:42:28  [AT] " S,2424,18E,000,3169,P1,43" (26)
19:42:28  [AT] "SEND OK" (7)
19:42:29  [TX] S,2425,18E,000,3170,P1,4A
19:42:29  [SLOT] n=2642 tx=25 ack=0 due=0 r=1
19:42:29  [AT] "AT+CIPSEND=26" (13)
19:42:29  [AT] " S,2425,18E,000,3170,P1,4A" (26)
19:42:29  [AT] "SEND OK" (7)
19:42:30  [TX] S,2426,18E,000,3171,P1,48
19:42:30  [SLOT] n=2643 tx=25 ack=0 due=0 r=1
19:42:30  [AT] "AT+CIPSEND=26" (13)
19:42:30  [AT] " S,2426,18E,000,3171,P1,48" (26)
19:42:30  [AT] "SEND OK" (7)
19:42:32  [TX] S,2427,18E,000,3172,P1,4A
19:42:32  [SLOT] n=2644 tx=25 ack=0 due=0 r=1
19:42:32  [AT] "AT+CIPSEND=26" (13)
19:42:32  [AT] " S,2427,18E,000,3172,P1,4A" (26)
19:42:32  [AT] "SEND OK" (7)
19:42:33  [TX] S,2428,18E,000,3174,P1,43
19:42:33  [SLOT] n=2645 tx=25 ack=0 due=0 r=1
19:42:33  [AT] "AT+CIPSEND=26" (13)
19:42:33  [AT] " S,2428,18E,000,3174,P1,43" (26)
19:42:33  [AT] "SEND OK" (7)
19:42:34  [TX] S,2429,18F,000,3175,P1,40
19:42:34  [SLOT] n=2646 tx=25 ack=0 due=0 r=1
19:42:34  [AT] "AT+CIPSEND=26" (13)
19:42:34  [AT] " S,2429,18F,000,3175,P1,40" (26)
19:42:34  [AT] "SEND OK" (7)
19:42:35  [TX] S,2430,18F,000,3176,P1,4B
19:42:35  [SLOT] n=2647 tx=25 ack=0 due=0 r=1
19:42:35  [AT] "AT+CIPSEND=26" (13)
19:42:35  [AT] " S,2430,18F,000,3176,P1,4B" (26)
19:42:35  [AT] "SEND OK" (7)
19:42:36  [TX] S,2431,18F,000,3177,P1,4B
19:42:36  [SLOT] n=2648 tx=25 ack=0 due=0 r=1
19:42:36  [AT] "AT+CIPSEND=26" (13)
19:42:36  [AT] " S,2431,18F,000,3177,P1,4B" (26)
19:42:36  [AT] "SEND OK" (7)
19:42:38  [TX] S,2432,18F,000,3178,P1,47
19:42:38  [SLOT] n=2649 tx=25 ack=0 due=0 r=1
19:42:38  [AT] "AT+CIPSEND=26" (13)
19:42:38  [AT] " S,2432,18F,000,3178,P1,47" (26)
19:42:38  [AT] "SEND OK" (7)
19:42:39  [TX] S,2433,18D,000,3180,P1,43
19:42:39  [SLOT] n=2650 tx=25 ack=0 due=0 r=1
19:42:39  [CNT] up=3180 drop=1 esprst=24 hwrst=0/0 resync=0 sendfail=0 okto=1 stuck=1 ackq=0 ackdrop=0 ackstale=0 slot=2650 oow=7 smiss=15 ssovf=0 cksumng=0 okstream=2413 penddrop=0 pendfill=2434 bigfill=25 bigdrop=0 bigokst=24 oklost=0 bigoklost=0 skip=17 online=1
19:42:39  [RAM] 최저 여유 596 B · 프롬프트 재동기 0회 (서버의 '버린줄' 과 맞아야 한다)
19:42:39  [AT] "AT+CIPSEND=26" (13)
19:42:39  [AT] " S,2433,18D,000,3180,P1,43" (26)
19:42:39  [AT] "SEND OK" (7)
19:42:40  [TX] S,2434,18D,000,3181,P1,45
19:42:40  [SLOT] n=2651 tx=25 ack=0 due=0 r=1
19:42:40  [AT] "AT+CIPSEND=26" (13)
19:42:40  [AT] " S,2434,18D,000,3181,P1,45" (26)
19:42:40  [AT] "SEND OK" (7)
19:42:41  [TX] S,2435,18D,000,3182,P1,47
19:42:41  [SLOT] n=2652 tx=25 ack=0 due=0 r=1
19:42:41  [AT] "AT+CIPSEND=26" (13)
19:42:41  [AT] " S,2435,18D,000,3182,P1,47" (26)
19:42:41  [AT] "SEND OK" (7)
19:42:42  [TX] S,2436,18C,000,3183,P1,42
19:42:42  [SLOT] n=2653 tx=25 ack=0 due=0 r=1
19:42:42  [AT] "AT+CIPSEND=26" (13)
19:42:42  [AT] " S,2436,18C,000,3183,P1,42" (26)
19:42:42  [AT] "SEND OK" (7)
19:42:43  «tap» 살아있음 — 최근 60초 rx=8220B (이 줄이 끊기면 탭이 죽은 것이다)
19:42:44  [TX] S,2437,18C,000,3184,P1,44
19:42:44  [SLOT] n=2654 tx=25 ack=0 due=0 r=1
19:42:44  [AT] "AT+CIPSEND=26" (13)
19:42:44  [AT] " S,2437,18C,000,3184,P1,44" (26)
19:42:44  [AT] "SEND OK" (7)
19:42:45  [TX] S,2438,18C,000,3186,P1,49
19:42:45  [SLOT] n=2655 tx=25 ack=0 due=0 r=1
19:42:45  [AT] "AT+CIPSEND=26" (13)
19:42:45  [AT] " S,2438,18C,000,3186,P1,49" (26)
19:42:45  [AT] "SEND OK" (7)
19:42:46  [TX] S,2439,18C,000,3187,P1,49
19:42:46  [SLOT] n=2656 tx=25 ack=0 due=0 r=1
19:42:46  [AT] "AT+CIPSEND=26" (13)
19:42:46  [AT] " S,2439,18C,000,3187,P1,49" (26)
19:42:46  [AT] "SEND OK" (7)
19:42:47  [TX] S,2440,18C,000,3188,P1,48
19:42:47  [SLOT] n=2657 tx=25 ack=0 due=0 r=1
19:42:47  [AT] "AT+CIPSEND=26" (13)
19:42:47  [AT] " S,2440,18C,000,3188,P1,48" (26)
19:42:47  [AT] "SEND OK" (7)
19:42:48  [TX] S,2441,18C,000,3189,P1,48
19:42:48  [SLOT] n=2658 tx=25 ack=0 due=0 r=1
19:42:48  [AT] "AT+CIPSEND=26" (13)
19:42:48  [AT] " S,2441,18C,000,3189,P1,48" (26)
19:42:48  [AT] "SEND OK" (7)
19:42:50  [TX] S,2442,18C,000,3190,P1,43
19:42:50  [SLOT] n=2659 tx=25 ack=0 due=0 r=1
19:42:50  [AT] "AT+CIPSEND=26" (13)
19:42:50  [AT] " S,2442,18C,000,3190,P1,43" (26)
19:42:50  [AT] "SEND OK" (7)
19:42:51  [TX] S,2443,18F,000,3192,P1,45
19:42:51  [SLOT] n=2660 tx=25 ack=0 due=0 r=1
19:42:51  [AT] "AT+CIPSEND=26" (13)
19:42:51  [AT] " S,2443,18F,000,3192,P1,45" (26)
19:42:51  [AT] "SEND OK" (7)
19:42:52  [TX] S,2444,18F,000,3193,P1,43
19:42:52  [SLOT] n=2661 tx=25 ack=0 due=0 r=1
19:42:52  [AT] "AT+CIPSEND=26" (13)
19:42:52  [AT] " S,2444,18F,000,3193,P1,43" (26)
19:42:52  [AT] "SEND OK" (7)
19:42:53  [TX] S,2445,18F,000,3194,P1,45
19:42:53  [SLOT] n=2662 tx=25 ack=0 due=0 r=1
19:42:53  [AT] "AT+CIPSEND=26" (13)
19:42:54  [AT] " S,2445,18F,000,3194,P1,45" (26)
19:42:54  [AT] "SEND OK" (7)
19:42:54  [TX] S,2446,18F,000,3195,P1,47
19:42:54  [SLOT] n=2663 tx=25 ack=0 due=0 r=1
19:42:54  [AT] "AT+CIPSEND=26" (13)
19:42:54  [AT] " S,2446,18F,000,3195,P1,47" (26)
19:42:54  [AT] "SEND OK" (7)
19:42:56  [TX] S,2447,18F,000,3196,P1,45
19:42:56  [SLOT] n=2664 tx=25 ack=0 due=0 r=1
19:42:56  [AT] "AT+CIPSEND=26" (13)
19:42:56  [AT] " S,2447,18F,000,3196,P1,45" (26)
19:42:56  [AT] "SEND OK" (7)
19:42:57  [TX] S,2448,18F,000,3198,P1,44
19:42:57  [SLOT] n=2665 tx=25 ack=0 due=0 r=1
19:42:57  [AT] "AT+CIPSEND=26" (13)
19:42:57  [AT] " S,2448,18F,000,3198,P1,44" (26)
19:42:57  [AT] "SEND OK" (7)
19:42:58  [TX] S,2449,18F,000,3199,P1,44
19:42:58  [SLOT] n=2666 tx=25 ack=0 due=0 r=1
19:42:58  [AT] "AT+CIPSEND=26" (13)
19:42:58  [AT] " S,2449,18F,000,3199,P1,44" (26)
19:42:58  [AT] "SEND OK" (7)
19:42:59  [TX] S,2450,18E,000,3200,P1,4C
19:42:59  [SLOT] n=2667 tx=25 ack=0 due=0 r=1
19:42:59  [AT] "AT+CIPSEND=26" (13)
19:42:59  [AT] " S,2450,18E,000,3200,P1,4C" (26)
19:42:59  [AT] "SEND OK" (7)
19:43:00  [TX] S,2451,18E,000,3201,P1,4C
19:43:00  [SLOT] n=2668 tx=25 ack=0 due=0 r=1
19:43:00  [AT] "AT+CIPSEND=26" (13)
19:43:00  [AT] " S,2451,18E,000,3201,P1,4C" (26)
19:43:00  [AT] "SEND OK" (7)
19:43:02  [TX] S,2452,18E,000,3202,P1,4C
19:43:02  [SLOT] n=2669 tx=25 ack=0 due=0 r=1
19:43:02  [AT] "AT+CIPSEND=26" (13)
19:43:02  [AT] " S,2452,18E,000,3202,P1,4C" (26)
19:43:02  [AT] "SEND OK" (7)
19:43:03  [TX] S,2453,18C,000,3204,P1,4D
19:43:03  [SLOT] n=2670 tx=25 ack=0 due=0 r=1
19:43:03  [AT] "AT+CIPSEND=26" (13)
19:43:03  [AT] " S,2453,18C,000,3204,P1,4D" (26)
19:43:03  [AT] "SEND OK" (7)
19:43:04  [TX] S,2454,18C,000,3205,P1,4B
19:43:04  [SLOT] n=2671 tx=25 ack=0 due=0 r=1
19:43:04  [AT] "AT+CIPSEND=26" (13)
19:43:04  [AT] " S,2454,18C,000,3205,P1,4B" (26)
19:43:04  [AT] "SEND OK" (7)
19:43:05  [TX] S,2455,18C,000,3206,P1,49
19:43:05  [SLOT] n=2672 tx=25 ack=0 due=0 r=1
19:43:05  [AT] "AT+CIPSEND=26" (13)
19:43:05  [AT] " S,2455,18C,000,3206,P1,49" (26)
19:43:05  [AT] "SEND OK" (7)
19:43:06  [TX] S,2456,18C,000,3207,P1,4B
19:43:06  [SLOT] n=2673 tx=25 ack=0 due=0 r=1
19:43:06  [AT] "AT+CIPSEND=26" (13)
19:43:06  [AT] " S,2456,18C,000,3207,P1,4B" (26)
19:43:06  [AT] "SEND OK" (7)
19:43:07  [TX] S,2457,18D,000,3208,P1,42
19:43:08  [SLOT] n=2674 tx=25 ack=0 due=0 r=1
19:43:08  [AT] "AT+CIPSEND=26" (13)
19:43:08  [AT] " S,2457,18D,000,3208,P1,42" (26)
19:43:08  [AT] "SEND OK" (7)
19:43:09  [TX] S,2458,18D,000,3210,P1,44
19:43:09  [SLOT] n=2675 tx=25 ack=0 due=0 r=1
19:43:09  [AT] "AT+CIPSEND=26" (13)
19:43:09  [AT] " S,2458,18D,000,3210,P1,44" (26)
19:43:09  [AT] "SEND OK" (7)
19:43:10  [TX] S,2459,18D,000,3211,P1,44
19:43:10  [SLOT] n=2676 tx=25 ack=0 due=0 r=1
19:43:10  [AT] "AT+CIPSEND=26" (13)
19:43:10  [AT] " S,2459,18D,000,3211,P1,44" (26)
19:43:10  [AT] "SEND OK" (7)
19:43:11  [TX] S,2460,18D,000,3212,P1,4D
19:43:11  [SLOT] n=2677 tx=25 ack=0 due=0 r=1
19:43:11  [AT] "AT+CIPSEND=26" (13)
19:43:11  [AT] " S,2460,18D,000,3212,P1,4D" (26)
19:43:11  [AT] "SEND OK" (7)
19:43:12  [TX] S,2461,18D,000,3213,P1,4D
19:43:12  [SLOT] n=2678 tx=25 ack=0 due=0 r=1
19:43:12  [AT] "AT+CIPSEND=26" (13)
19:43:12  [AT] " S,2461,18D,000,3213,P1,4D" (26)
19:43:12  [AT] "SEND OK" (7)
19:43:13  [TX] S,2462,18D,000,3214,P1,49
19:43:13  [SLOT] n=2679 tx=25 ack=0 due=0 r=1
19:43:13  [AT] "AT+CIPSEND=26" (13)
19:43:14  [AT] " S,2462,18D,000,3214,P1,49" (26)
19:43:14  [AT] "SEND OK" (7)
19:43:15  [TX] S,2463,18F,000,3216,P1,48
19:43:15  [SLOT] n=2680 tx=25 ack=0 due=0 r=1
19:43:15  [AT] "AT+CIPSEND=26" (13)
19:43:15  [AT] " S,2463,18F,000,3216,P1,48" (26)
19:43:15  [AT] "SEND OK" (7)
19:43:16  [TX] S,2464,18E,000,3217,P1,4D
19:43:16  [SLOT] n=2681 tx=25 ack=0 due=0 r=1
19:43:16  [AT] "AT+CIPSEND=26" (13)
19:43:16  [AT] " S,2464,18E,000,3217,P1,4D" (26)
19:43:16  [AT] "SEND OK" (7)
19:43:17  [TX] S,2465,18E,000,3218,P1,43
19:43:17  [SLOT] n=2682 tx=25 ack=0 due=0 r=1
19:43:17  [AT] "AT+CIPSEND=26" (13)
19:43:17  [AT] " S,2465,18E,000,3218,P1,43" (26)
19:43:17  [AT] "SEND OK" (7)
19:43:18  [TX] S,2466,18E,000,3219,P1,41
19:43:18  [SLOT] n=2683 tx=25 ack=0 due=0 r=1
19:43:18  [AT] "AT+CIPSEND=26" (13)
19:43:18  [AT] " S,2466,18E,000,3219,P1,41" (26)
19:43:18  [AT] "SEND OK" (7)
19:43:19  [TX] S,2467,18E,000,3220,P1,4A
19:43:19  [SLOT] n=2684 tx=25 ack=0 due=0 r=1
19:43:19  [AT] "AT+CIPSEND=26" (13)
19:43:20  [AT] " S,2467,18E,000,3220,P1,4A" (26)
19:43:20  [AT] "SEND OK" (7)
19:43:21  [TX] S,2468,18E,000,3222,P1,47
19:43:21  [SLOT] n=2685 tx=25 ack=0 due=0 r=1
19:43:21  [AT] "AT+CIPSEND=26" (13)
19:43:21  [AT] " S,2468,18E,000,3222,P1,47" (26)
19:43:21  [AT] "SEND OK" (7)
19:43:22  [TX] S,2469,18E,000,3223,P1,47
19:43:22  [SLOT] n=2686 tx=25 ack=0 due=0 r=1
19:43:22  [AT] "AT+CIPSEND=26" (13)
19:43:22  [AT] " S,2469,18E,000,3223,P1,47" (26)
19:43:22  [AT] "SEND OK" (7)
19:43:23  [TX] S,2470,18E,000,3224,P1,48
19:43:23  [SLOT] n=2687 tx=25 ack=0 due=0 r=1
19:43:23  [AT] "AT+CIPSEND=26" (13)
19:43:23  [AT] " S,2470,18E,000,3224,P1,48" (26)
19:43:23  [AT] "SEND OK" (7)
19:43:24  [TX] S,2471,18F,000,3225,P1,4B
19:43:24  [SLOT] n=2688 tx=25 ack=0 due=0 r=1
19:43:24  [AT] "AT+CIPSEND=26" (13)
19:43:24  [AT] " S,2471,18F,000,3225,P1,4B" (26)
19:43:24  [AT] "SEND OK" (7)
19:43:25  [TX] S,2472,18F,000,3226,P1,4B
19:43:25  [SLOT] n=2689 tx=25 ack=0 due=0 r=1
19:43:25  [AT] "AT+CIPSEND=26" (13)
19:43:25  [AT] " S,2472,18F,000,3226,P1,4B" (26)
19:43:25  [AT] "SEND OK" (7)
19:43:27  [TX] S,2473,18D,000,3228,P1,46
19:43:27  [SLOT] n=2690 tx=25 ack=0 due=0 r=1
19:43:27  [AT] "AT+CIPSEND=26" (13)
19:43:27  [AT] " S,2473,18D,000,3228,P1,46" (26)
19:43:27  [AT] "SEND OK" (7)
19:43:28  [TX] S,2474,18D,000,3229,P1,40
19:43:28  [SLOT] n=2691 tx=25 ack=0 due=0 r=1
19:43:28  [AT] "AT+CIPSEND=26" (13)
19:43:28  [AT] " S,2474,18D,000,3229,P1,40" (26)
19:43:28  [AT] "SEND OK" (7)
19:43:29  [TX] S,2475,18D,000,3230,P1,49
19:43:29  [SLOT] n=2692 tx=25 ack=0 due=0 r=1
19:43:29  [AT] "AT+CIPSEND=26" (13)
19:43:29  [AT] " S,2475,18D,000,3230,P1,49" (26)
19:43:29  [AT] "SEND OK" (7)
19:43:30  [TX] S,2476,18D,000,3231,P1,4B
19:43:30  [SLOT] n=2693 tx=25 ack=0 due=0 r=1
19:43:30  [AT] "AT+CIPSEND=26" (13)
19:43:30  [AT] " S,2476,18D,000,3231,P1,4B" (26)
19:43:30  [AT] "SEND OK" (7)
19:43:31  [TX] S,2477,18D,000,3232,P1,49
19:43:31  [SLOT] n=2694 tx=25 ack=0 due=0 r=1
19:43:31  [AT] "AT+CIPSEND=26" (13)
19:43:32  [AT] " S,2477,18D,000,3232,P1,49" (26)
19:43:32  [AT] "SEND OK" (7)
19:43:33  [TX] S,2478,18C,000,3234,P1,47
19:43:33  [SLOT] n=2695 tx=25 ack=0 due=0 r=1
19:43:33  [AT] "AT+CIPSEND=26" (13)
19:43:33  [AT] " S,2478,18C,000,3234,P1,47" (26)
19:43:33  [AT] "SEND OK" (7)
19:43:34  [TX] S,2479,18C,000,3235,P1,47
19:43:34  [SLOT] n=2696 tx=25 ack=0 due=0 r=1
19:43:34  [AT] "AT+CIPSEND=26" (13)
19:43:34  [AT] " S,2479,18C,000,3235,P1,47" (26)
19:43:34  [AT] "SEND OK" (7)
19:43:35  [TX] S,2480,18C,000,3236,P1,42
19:43:35  [SLOT] n=2697 tx=25 ack=0 due=0 r=1
19:43:35  [AT] "AT+CIPSEND=26" (13)
19:43:35  [AT] " S,2480,18C,000,3236,P1,42" (26)
19:43:35  [AT] "SEND OK" (7)
19:43:36  [TX] S,2481,18C,000,3237,P1,42
19:43:36  [SLOT] n=2698 tx=25 ack=0 due=0 r=1
19:43:36  [AT] "AT+CIPSEND=26" (13)
19:43:36  [AT] " S,2481,18C,000,3237,P1,42" (26)
19:43:36  [AT] "SEND OK" (7)
19:43:37  [TX] S,2482,18C,000,3238,P1,4E
19:43:37  [SLOT] n=2699 tx=25 ack=0 due=0 r=1
19:43:37  [AT] "AT+CIPSEND=26" (13)
19:43:38  [AT] " S,2482,18C,000,3238,P1,4E" (26)
19:43:38  [AT] "SEND OK" (7)
19:43:39  [TX] S,2483,18E,000,3240,P1,46
19:43:39  [SLOT] n=2700 tx=25 ack=0 due=0 r=1
19:43:39  [CNT] up=3240 drop=1 esprst=24 hwrst=0/0 resync=0 sendfail=0 okto=1 stuck=1 ackq=0 ackdrop=0 ackstale=0 slot=2700 oow=7 smiss=15 ssovf=0 cksumng=0 okstream=2463 penddrop=0 pendfill=2484 bigfill=25 bigdrop=0 bigokst=24 oklost=0 bigoklost=0 skip=17 online=1
19:43:39  [RAM] 최저 여유 596 B · 프롬프트 재동기 0회 (서버의 '버린줄' 과 맞아야 한다)
19:43:39  [AT] " S,2483,18E,000,3240,P1,46" (26)
19:43:39  [AT] "SEND OK" (7)
19:43:39  [AT] "AT+CIPSEND=26" (13)
19:43:40  [TX] S,2484,18E,000,3241,P1,40
19:43:40  [SLOT] n=2701 tx=25 ack=0 due=0 r=1
19:43:40  [AT] "AT+CIPSEND=26" (13)
19:43:40  [AT] " S,2484,18E,000,3241,P1,40" (26)
19:43:40  [AT] "SEND OK" (7)
19:43:41  [TX] S,2485,18F,000,3242,P1,41
19:43:41  [SLOT] n=2702 tx=25 ack=0 due=0 r=1
19:43:41  [AT] "AT+CIPSEND=26" (13)
19:43:41  [AT] " S,2485,18F,000,3242,P1,41" (26)
19:43:41  [AT] "SEND OK" (7)
19:43:42  [TX] S,2486,18F,000,3243,P1,43
19:43:42  [SLOT] n=2703 tx=25 ack=0 due=0 r=1
19:43:42  [AT] "AT+CIPSEND=26" (13)
19:43:42  [AT] " S,2486,18F,000,3243,P1,43" (26)
19:43:42  [AT] "SEND OK" (7)
19:43:43  «tap» 살아있음 — 최근 60초 rx=8160B (이 줄이 끊기면 탭이 죽은 것이다)
19:43:43  [TX] S,2487,18F,000,3244,P1,45
19:43:43  [SLOT] n=2704 tx=25 ack=0 due=0 r=1
19:43:43  [AT] "AT+CIPSEND=26" (13)
19:43:43  [AT] " S,2487,18F,000,3244,P1,45" (26)
19:43:43  [AT] "SEND OK" (7)
19:43:45  [TX] S,2488,18F,000,3246,P1,48
19:43:45  [SLOT] n=2705 tx=25 ack=0 due=0 r=1
19:43:45  [AT] "AT+CIPSEND=26" (13)
19:43:45  [AT] " S,2488,18F,000,3246,P1,48" (26)
19:43:45  [AT] "SEND OK" (7)
19:43:46  [TX] S,2489,18F,000,3247,P1,48
19:43:46  [SLOT] n=2706 tx=25 ack=0 due=0 r=1
19:43:46  [AT] "AT+CIPSEND=26" (13)
19:43:46  [AT] " S,2489,18F,000,3247,P1,48" (26)
19:43:46  [AT] "SEND OK" (7)
19:43:47  [TX] S,2490,18F,000,3248,P1,4F
19:43:47  [SLOT] n=2707 tx=25 ack=0 due=0 r=1
19:43:47  [AT] "AT+CIPSEND=26" (13)
19:43:47  [AT] " S,2490,18F,000,3248,P1,4F" (26)
19:43:47  [AT] "SEND OK" (7)
19:43:48  [TX] S,2491,18F,000,3249,P1,4F
19:43:48  [SLOT] n=2708 tx=25 ack=0 due=0 r=1
19:43:48  [AT] "AT+CIPSEND=26" (13)
19:43:48  [AT] " S,2491,18F,000,3249,P1,4F" (26)
19:43:48  [AT] "SEND OK" (7)
19:43:49  [TX] S,2492,18E,000,3250,P1,47
19:43:49  [SLOT] n=2709 tx=25 ack=0 due=0 r=1
19:43:49  [AT] "AT+CIPSEND=26" (13)
19:43:49  [AT] " S,2492,18E,000,3250,P1,47" (26)
19:43:49  [AT] "SEND OK" (7)
19:43:51  [TX] S,2493,18C,000,3252,P1,42
19:43:51  [SLOT] n=2710 tx=25 ack=0 due=0 r=1
19:43:51  [AT] "AT+CIPSEND=26" (13)
19:43:51  [AT] " S,2493,18C,000,3252,P1,42" (26)
19:43:51  [AT] "SEND OK" (7)
19:43:52  [TX] S,2494,18C,000,3253,P1,44
19:43:52  [SLOT] n=2711 tx=25 ack=0 due=0 r=1
19:43:52  [AT] "AT+CIPSEND=26" (13)
19:43:52  [AT] " S,2494,18C,000,3253,P1,44" (26)
19:43:52  [AT] "SEND OK" (7)
19:43:53  [TX] S,2495,18C,000,3254,P1,42
19:43:53  [SLOT] n=2712 tx=25 ack=0 due=0 r=1
19:43:53  [AT] "AT+CIPSEND=26" (13)
19:43:53  [AT] " S,2495,18C,000,3254,P1,42" (26)
19:43:53  [AT] "SEND OK" (7)
19:43:54  [TX] S,2496,18C,000,3255,P1,40
19:43:54  [SLOT] n=2713 tx=25 ack=0 due=0 r=1
19:43:54  [AT] "AT+CIPSEND=26" (13)
19:43:54  [AT] " S,2496,18C,000,3255,P1,40" (26)
19:43:54  [AT] "SEND OK" (7)
19:43:55  [TX] S,2497,18C,000,3256,P1,42
19:43:55  [SLOT] n=2714 tx=25 ack=0 due=0 r=1
19:43:55  [AT] "AT+CIPSEND=26" (13)
19:43:55  [AT] " S,2497,18C,000,3256,P1,42" (26)
19:43:55  [AT] "SEND OK" (7)
19:43:57  [TX] S,2498,18C,000,3258,P1,43
19:43:57  [SLOT] n=2715 tx=25 ack=0 due=0 r=1
19:43:57  [AT] "AT+CIPSEND=26" (13)
19:43:57  [AT] " S,2498,18C,000,3258,P1,43" (26)
19:43:57  [AT] "SEND OK" (7)
19:43:58  [TX] S,2499,18D,000,3259,P1,44
19:43:58  [SLOT] n=2716 tx=25 ack=0 due=0 r=1
19:43:58  [AT] "AT+CIPSEND=26" (13)
19:43:58  [AT] " S,2499,18D,000,3259,P1,44" (26)
19:43:58  [AT] "SEND OK" (7)
19:43:59  [TX] S,2500,18D,000,3260,P1,4F
19:43:59  [SLOT] n=2717 tx=25 ack=0 due=0 r=1
19:43:59  [AT] "AT+CIPSEND=26" (13)
19:43:59  [AT] " S,2500,18D,000,3260,P1,4F" (26)
19:43:59  [AT] "SEND OK" (7)
19:44:00  [TX] S,2501,18D,000,3261,P1,4F
19:44:00  [SLOT] n=2718 tx=25 ack=0 due=0 r=1
19:44:00  [AT] "AT+CIPSEND=26" (13)
19:44:00  [AT] " S,2501,18D,000,3261,P1,4F" (26)
19:44:00  [AT] "SEND OK" (7)
19:44:01  [TX] S,2502,18D,000,3262,P1,4F
19:44:01  [SLOT] n=2719 tx=25 ack=0 due=0 r=1
19:44:01  [AT] "AT+CIPSEND=26" (13)
19:44:01  [AT] " S,2502,18D,000,3262,P1,4F" (26)
19:44:01  [AT] "SEND OK" (7)
19:44:03  [TX] S,2503,18F,000,3264,P1,4A
19:44:03  [SLOT] n=2720 tx=25 ack=0 due=0 r=1
19:44:03  [AT] "AT+CIPSEND=26" (13)
19:44:03  [AT] " S,2503,18F,000,3264,P1,4A" (26)
19:44:03  [AT] "SEND OK" (7)
19:44:04  [TX] S,2504,18F,000,3265,P1,4C
19:44:04  [SLOT] n=2721 tx=25 ack=0 due=0 r=1
19:44:04  [AT] "AT+CIPSEND=26" (13)
19:44:04  [AT] " S,2504,18F,000,3265,P1,4C" (26)
19:44:04  [AT] "SEND OK" (7)
19:44:05  [TX] S,2505,18F,000,3266,P1,4E
19:44:05  [SLOT] n=2722 tx=25 ack=0 due=0 r=1
19:44:05  [AT] "AT+CIPSEND=26" (13)
19:44:05  [AT] " S,2505,18F,000,3266,P1,4E" (26)
19:44:05  [AT] "SEND OK" (7)
19:44:06  [TX] S,2506,18E,000,3267,P1,4F
19:44:06  [SLOT] n=2723 tx=25 ack=0 due=0 r=1
19:44:06  [AT] "AT+CIPSEND=26" (13)
19:44:06  [AT] " S,2506,18E,000,3267,P1,4F" (26)
19:44:06  [AT] "SEND OK" (7)
19:44:07  [TX] S,2507,18E,000,3268,P1,41
19:44:07  [SLOT] n=2724 tx=25 ack=0 due=0 r=1
19:44:07  [AT] "AT+CIPSEND=26" (13)
19:44:08  [AT] " S,2507,18E,000,3268,P1,41" (26)
19:44:08  [AT] "SEND OK" (7)
19:44:09  [TX] S,2508,18E,000,3270,P1,47
19:44:09  [SLOT] n=2725 tx=25 ack=0 due=0 r=1
19:44:09  [AT] "AT+CIPSEND=26" (13)
19:44:09  [AT] " S,2508,18E,000,3270,P1,47" (26)
19:44:09  [AT] "SEND OK" (7)
19:44:10  [TX] S,2509,18E,000,3271,P1,47
19:44:10  [SLOT] n=2726 tx=25 ack=0 due=0 r=1
19:44:10  [AT] "AT+CIPSEND=26" (13)
19:44:10  [AT] " S,2509,18E,000,3271,P1,47" (26)
19:44:10  [AT] "SEND OK" (7)
19:44:11  [TX] S,2510,18E,000,3272,P1,4C
19:44:11  [SLOT] n=2727 tx=25 ack=0 due=0 r=1
19:44:11  [AT] "AT+CIPSEND=26" (13)
19:44:11  [AT] " S,2510,18E,000,3272,P1,4C" (26)
19:44:11  [AT] "SEND OK" (7)
19:44:12  [TX] S,2511,18E,000,3273,P1,4C
19:44:12  [SLOT] n=2728 tx=25 ack=0 due=0 r=1
19:44:12  [AT] "AT+CIPSEND=26" (13)
19:44:12  [AT] " S,2511,18E,000,3273,P1,4C" (26)
19:44:12  [AT] "SEND OK" (7)
19:44:13  [TX] S,2512,18E,000,3274,P1,48
19:44:13  [SLOT] n=2729 tx=25 ack=0 due=0 r=1
19:44:13  [AT] "AT+CIPSEND=26" (13)
19:44:13  [AT] " S,2512,18E,000,3274,P1,48" (26)
19:44:13  [AT] "SEND OK" (7)
19:44:15  [TX] S,2513,18D,000,3276,P1,4A
19:44:15  [SLOT] n=2730 tx=25 ack=0 due=0 r=1
19:44:15  [AT] "AT+CIPSEND=26" (13)
19:44:15  [AT] " S,2513,18D,000,3276,P1,4A" (26)
19:44:15  [AT] "SEND OK" (7)
19:44:16  [TX] S,2514,18D,000,3277,P1,4C
19:44:16  [SLOT] n=2731 tx=25 ack=0 due=0 r=1
19:44:16  [AT] "AT+CIPSEND=26" (13)
19:44:16  [AT] " S,2514,18D,000,3277,P1,4C" (26)
19:44:16  [AT] "SEND OK" (7)
19:44:17  [TX] S,2515,18D,000,3278,P1,42
19:44:17  [SLOT] n=2732 tx=25 ack=0 due=0 r=1
19:44:17  [AT] "AT+CIPSEND=26" (13)
19:44:17  [AT] " S,2515,18D,000,3278,P1,42" (26)
19:44:17  [AT] "SEND OK" (7)
19:44:18  [TX] S,2516,18D,000,3279,P1,40
19:44:18  [SLOT] n=2733 tx=25 ack=0 due=0 r=1
19:44:18  [AT] "AT+CIPSEND=26" (13)
19:44:19  [TX-WAIT] 앞 전송의 SEND OK 를 아직 못 봤다 — 이번 주기는 건너뛴다
19:44:19  [SLOT] n=2734 tx=25 ack=0 due=0 r=0
19:44:20  [TX-WAIT] ★ T1 초과 — 그래도 계속 기다린다(두들기지 않는다)
19:44:21  [TX-WAIT] 앞 전송의 SEND OK 를 아직 못 봤다 — 이번 주기는 건너뛴다
19:44:21  [SLOT] n=2735 tx=25 ack=0 due=0 r=0
19:44:22  [TX-WAIT] 앞 전송의 SEND OK 를 아직 못 봤다 — 이번 주기는 건너뛴다
19:44:22  [SLOT] n=2736 tx=25 ack=0 due=0 r=0
19:44:23  [TX-WAIT] 앞 전송의 SEND OK 를 아직 못 봤다 — 이번 주기는 건너뛴다
19:44:23  [SLOT] n=2737 tx=25 ack=0 due=0 r=0
19:44:24  [TX-WAIT] 앞 전송의 SEND OK 를 아직 못 봤다 — 이번 주기는 건너뛴다
19:44:24  [SLOT] n=2738 tx=25 ack=0 due=0 r=0
19:44:25  [TX-WAIT] 앞 전송의 SEND OK 를 아직 못 봤다 — 이번 주기는 건너뛴다
19:44:25  [SLOT] n=2739 tx=25 ack=0 due=0 r=0
19:44:26  [TX-WAIT] ★★ T2 초과 — SEND OK 가 끝내 안 온다 → 링크를 다시 세운다
19:44:26  [SLOT] n=2740 tx=25 ack=0 due=0 r=0
19:44:27  [DIAG] offline step=6 사다리=0/0 rx=139436 lines=7959 up=3288s
19:44:27  [NET] 6 CIPCLOSE (낡은 소켓 닫기)
19:44:27  [AT] " S,2516,18D,000,3279,P1,40AT+CIPCLOSE" (37)
19:44:27  [AT] "busy s..." (9)
19:44:27  [NET] busy — ESP 가 앞 명령을 처리 중이다. 전진하지 않는다
19:44:27  [NET] 3 CIFSR (IP 를 실제로 받았는가)
19:44:27  [AT] "AT+CIFSR" (8)
19:44:27  [AT] "busy s..." (9)
19:44:27  [NET] busy — ESP 가 앞 명령을 처리 중이다. 전진하지 않는다
19:44:29  [NET] 3 CIFSR (IP 를 실제로 받았는가)
19:44:29  [AT] "AT+CIFSR" (8)
19:44:29  [AT] "busy s..." (9)
19:44:29  [NET] busy — ESP 가 앞 명령을 처리 중이다. 전진하지 않는다
19:44:29  [DIAG] offline step=3 사다리=0/0 rx=139505 lines=7965 up=3291s
19:44:30  [NET] 3 CIFSR (IP 를 실제로 받았는가)
19:44:30  [NET] CIFSR 3회 소진 — 그러나 busy 거부였다. IP 소실로 세지 않는다
19:44:30  [NET] CIFSR 3회에도 IP 가 없다 → CWJAP 부터 다시
19:44:30  [LADDER] 실패(CWJAP FAIL) CWJAP소요 509s · 연속 0회 · 결합유지 471s · 현재 0단(0회 누적)
19:44:30  [LADDER] ↑↑ 단 상승 → 1단
19:44:31  [LADDER] 1단 조치: 시리얼 드레인 22바이트 버림 + 줄 조립 초기화
19:44:32  [NET] 2 CWJAP (응답까지 최대 30초 기다린다)
19:44:32  [AT] "AT+CWJAP="3F_302","0424719222!!"" (32)
19:44:32  [AT] "busy s..." (9)
19:44:32  [NET] busy — ESP 가 앞 명령을 처리 중이다. 전진하지 않는다
19:44:32  [DIAG] offline step=2 사다리=1/0 rx=139551 lines=7967 up=3294s
19:44:35  [DIAG] offline step=2 사다리=1/0 rx=139551 lines=7967 up=3297s
19:44:38  [CNT] up=3300 drop=2 esprst=24 hwrst=0/0 resync=0 sendfail=0 okto=2 stuck=2 ackq=0 ackdrop=0 ackstale=0 slot=2750 oow=7 smiss=15 ssovf=0 cksumng=0 okstream=2496 penddrop=0 pendfill=2517 bigfill=25 bigdrop=0 bigokst=24 oklost=0 bigoklost=0 skip=23 online=0
19:44:38  [DIAG] offline step=2 사다리=1/0 rx=139551 lines=7967 up=3300s
19:44:39  [RAM] 최저 여유 596 B · 프롬프트 재동기 0회 (서버의 '버린줄' 과 맞아야 한다)
19:44:41  [DIAG] offline step=2 사다리=1/0 rx=139551 lines=7967 up=3303s
19:44:43  «tap» 살아있음 — 최근 60초 rx=7514B (이 줄이 끊기면 탭이 죽은 것이다)
19:44:44  [DIAG] offline step=2 사다리=1/0 rx=139551 lines=7967 up=3306s
19:44:47  [DIAG] offline step=2 사다리=1/0 rx=139551 lines=7967 up=3309s
19:44:50  [DIAG] offline step=2 사다리=1/0 rx=139551 lines=7967 up=3312s
19:44:53  [DIAG] offline step=2 사다리=1/0 rx=139551 lines=7967 up=3315s
19:44:56  [AT] "ERROR" (5)
19:44:56  [NET] ★ CWJAP 실패 1회 (구형 펌웨어는 사유를 주지 않는다)
19:44:56  [LADDER] 실패(CWJAP FAIL) CWJAP소요 23s · 연속 1회 · 결합유지 없음 · 현재 1단(0회 누적)
19:44:56  [LADDER] 1단 조치: 시리얼 드레인 8바이트 버림 + 줄 조립 초기화
19:44:56  [NET] 3 CIFSR (IP 를 실제로 받았는가)
19:44:56  [AT] "AT+CIFSR" (8)
19:44:56  [AT] "0.0.0.0" (7)
19:44:56  [NET] ★ ESP 가 IP 를 잃었다 — 모듈 리셋으로 본다. 누적 사건 25
19:44:56  [AT] "OK" (2)
19:44:56  [DIAG] offline step=3 사다리=1/1 rx=139586 lines=7971 up=3318s
19:44:58  [NET] 3 CIFSR (IP 를 실제로 받았는가)
19:44:58  [AT] "AT+CIFSR" (8)
19:44:58  [AT] "0.0.0.0" (7)
19:44:58  [AT] "OK" (2)
19:44:59  [DIAG] offline step=3 사다리=1/1 rx=139612 lines=7974 up=3321s
19:45:01  [NET] 3 CIFSR (IP 를 실제로 받았는가)
19:45:01  [NET] CIFSR 3회에도 IP 가 없다 → CWJAP 부터 다시
19:45:01  [LADDER] 실패(CWJAP FAIL) CWJAP소요 29s · 연속 1회 · 결합유지 없음 · 현재 1단(1회 누적)
19:45:01  [LADDER] ↑↑ 단 상승 → 2단
19:45:01  [LADDER] 2단 조치: 5초 쉬고 AT+CWQAP 로 결합을 명시적으로 끊은 뒤 다시 붙는다
19:45:01  [AT] "AT+CIFSR" (8)
19:45:01  [AT] "0.0.0.0" (7)
19:45:01  [AT] "OK" (2)
19:45:02  [DIAG] offline step=10 사다리=2/0 rx=139638 lines=7977 up=3324s
19:45:05  [DIAG] offline step=10 사다리=2/0 rx=139638 lines=7977 up=3327s
19:45:06  [NET] 10 CWQAP (결합 해제 — 사다리 2단)
19:45:06  [AT] "AT+CWQAP" (8)
19:45:06  [AT] "OK" (2)
19:45:06  [LADDER] 2단: 결합 해제 완료 → 깨끗한 상태에서 CWJAP 재시도
19:45:07  [NET] 2 CWJAP (응답까지 최대 30초 기다린다)
19:45:07  [AT] "AT+CWJAP="3F_302","0424719222!!"" (32)
19:45:08  [DIAG] offline step=2 사다리=2/0 rx=139690 lines=7980 up=3330s
19:45:10  [AT] "OK" (2)
19:45:10  [NET] CWJAP OK — 결합됐다. IP 를 실제로 받았는지 CIFSR 로 확인한다
19:45:10  [NET] 3 CIFSR (IP 를 실제로 받았는가)
19:45:10  [AT] "AT+CIFSR" (8)
19:45:10  [AT] "192.168.0.214" (13)
19:45:10  [NET] ★ IP 확보: 192.168.0.214
19:45:10  [AT] "OK" (2)
19:45:10  [NET] 4 CIPMUX=0
19:45:10  [AT] "AT+CIPMUX=0" (11)
19:45:10  [AT] "OK" (2)
19:45:10  [NET] CIPMUX=0 적용됨 → CIPSTART
19:45:10  [NET] 5 CIPSTART
19:45:10  [AT] "AT+CIPSTART="TCP","192.168.0.29",9991" (37)
19:45:11  [AT] "OK" (2)
19:45:11  [AT] "Linked" (6)
19:45:11  [NET] online (CONNECT) + 캐시 비움
19:45:11  [TX-RESYNC] 프롬프트 놓침 → 더미 26바이트로 스트림 복구(서버는 이 줄을 버린다)
19:45:11  [TX-DROP] S,2517,18D,000,3332,P1,4F
19:45:11  [NET] 전송 실패 1/3
19:45:11  [SLOT] n=2777 tx=25 ack=0 due=0 r=0
19:45:11  [AT] "" (0)
19:45:11  [AT] "SEND OK" (7)
19:45:12  [TX] S,2517,18D,000,3333,P1,4E
19:45:12  [SLOT] n=2778 tx=25 ack=0 due=0 r=1
19:45:12  [AT] "AT+CIPSEND=26" (13)
19:45:12  [AT] " S,2517,18D,000,3333,P1,4E" (26)
19:45:12  [AT] "SEND OK" (7)
19:45:14  [TX] D,*,7,12,5A
19:45:14  D,A1,IP,01
19:45:14  D,A2,IP,02
19:45:14  D,A3,IP,03
19:45:14  D,A4,IP,04
19:45:14  D,A5,IP,05
19:45:14  D,B1,IP,02
19:45:14  D,B2,IP,01
19:45:14  D,B3,IP,00
19:45:14  D,B4,IP,07
19:45:14  D,B5,IP,06
19:45:14  D,E1,OB,11
19:45:14  D,X1,OB,0C
19:45:14  [REG] 등록 전송 143B
19:45:14  [SLOT] n=2779 tx=143 ack=0 due=0 r=1
19:45:14  [AT] "AT+CIPSEND=144" (14)
19:45:14  [DROP-OVF] 줄이 96바이트를 넘어 버렸다
19:45:14  [AT] "SEND OK" (7)
19:45:15  [TX] S,2519,18E,000,3336,P1,44
19:45:15  [SLOT] n=2780 tx=25 ack=0 due=0 r=1
19:45:15  [AT] "AT+CIPSEND=26" (13)
19:45:15  [AT] " S,2519,18E,000,3336,P1,44" (26)
19:45:15  [AT] "SEND OK" (7)
19:45:16  [TX] S,2520,18E,000,3337,P1,4F
19:45:16  [SLOT] n=2781 tx=25 ack=0 due=0 r=1
19:45:16  [AT] "AT+CIPSEND=26" (13)
19:45:16  [AT] " S,2520,18E,000,3337,P1,4F" (26)
19:45:16  [AT] "SEND OK" (7)
19:45:17  [TX] S,2521,18E,000,3338,P1,41
19:45:17  [SLOT] n=2782 tx=25 ack=0 due=0 r=1
19:45:17  [AT] "AT+CIPSEND=26" (13)
19:45:17  [AT] " S,2521,18E,000,3338,P1,41" (26)
19:45:17  [AT] "SEND OK" (7)
19:45:18  [TX] S,2522,18E,000,3339,P1,43
19:45:18  [SLOT] n=2783 tx=25 ack=0 due=0 r=1
19:45:18  [AT] "AT+CIPSEND=26" (13)
19:45:18  [AT] " S,2522,18E,000,3339,P1,43" (26)
19:45:18  [AT] "SEND OK" (7)
19:45:19  [TX] S,2523,18E,000,3340,P1,4C
19:45:19  [SLOT] n=2784 tx=25 ack=0 due=0 r=1
19:45:19  [AT] "AT+CIPSEND=26" (13)
19:45:19  [AT] " S,2523,18E,000,3340,P1,4C" (26)
19:45:19  [AT] "SEND OK" (7)
19:45:21  [TX] S,2524,18E,000,3342,P1,49
19:45:21  [SLOT] n=2785 tx=25 ack=0 due=0 r=1
19:45:21  [AT] "AT+CIPSEND=26" (13)
19:45:21  [AT] " S,2524,18E,000,3342,P1,49" (26)
19:45:21  [AT] "SEND OK" (7)
19:45:22  [TX] S,2525,18F,000,3343,P1,4A
19:45:22  [SLOT] n=2786 tx=25 ack=0 due=0 r=1
19:45:22  [AT] "AT+CIPSEND=26" (13)
19:45:22  [AT] " S,2525,18F,000,3343,P1,4A" (26)
19:45:22  [AT] "SEND OK" (7)
19:45:23  [TX] S,2526,18F,000,3344,P1,4E
19:45:23  [SLOT] n=2787 tx=25 ack=0 due=0 r=1
19:45:23  [AT] "AT+CIPSEND=26" (13)
19:45:23  [AT] " S,2526,18F,000,3344,P1,4E" (26)
19:45:23  [AT] "SEND OK" (7)
19:45:24  [TX] S,2527,18F,000,3345,P1,4E
19:45:24  [SLOT] n=2788 tx=25 ack=0 due=0 r=1
19:45:24  [AT] "AT+CIPSEND=26" (13)
19:45:24  [AT] " S,2527,18F,000,3345,P1,4E" (26)
19:45:24  [AT] "SEND OK" (7)
19:45:25  [TX] S,2528,18F,000,3346,P1,42
19:45:25  [SLOT] n=2789 tx=25 ack=0 due=0 r=1
19:45:25  [AT] "AT+CIPSEND=26" (13)
19:45:25  [AT] " S,2528,18F,000,3346,P1,42" (26)
19:45:25  [AT] "SEND OK" (7)
19:45:26  [TX] S,2529,18D,000,3348,P1,4F
19:45:27  [SLOT] n=2790 tx=25 ack=0 due=0 r=1
19:45:27  [AT] "AT+CIPSEND=26" (13)
19:45:27  [AT] " S,2529,18D,000,3348,P1,4F" (26)
19:45:27  [AT] "SEND OK" (7)
19:45:28  [TX] S,2530,18D,000,3349,P1,46
19:45:28  [SLOT] n=2791 tx=25 ack=0 due=0 r=1
19:45:28  [AT] "AT+CIPSEND=26" (13)
19:45:28  [AT] " S,2530,18D,000,3349,P1,46" (26)
19:45:28  [AT] "SEND OK" (7)
19:45:29  [TX] S,2531,18D,000,3350,P1,4F
19:45:29  [SLOT] n=2792 tx=25 ack=0 due=0 r=1
19:45:29  [AT] "AT+CIPSEND=26" (13)
19:45:29  [AT] " S,2531,18D,000,3350,P1,4F" (26)
19:45:29  [AT] "SEND OK" (7)
19:45:31  [TX] S,2532,18C,000,3351,P1,4A
19:45:31  [SLOT] n=2793 tx=25 ack=0 due=0 r=1
19:45:31  [AT] "AT+CIPSEND=26" (13)
19:45:31  [AT] " S,2532,18C,000,3351,P1,4A" (26)
19:45:31  [AT] "SEND OK" (7)
19:45:32  [TX] S,2533,18C,000,3352,P1,48
19:45:32  [SLOT] n=2794 tx=25 ack=0 due=0 r=1
19:45:32  [AT] "AT+CIPSEND=26" (13)
19:45:32  [AT] " S,2533,18C,000,3352,P1,48" (26)
19:45:32  [AT] "SEND OK" (7)
19:45:33  [TX] S,2534,18C,000,3354,P1,49
19:45:33  [SLOT] n=2795 tx=25 ack=0 due=0 r=1
19:45:33  [AT] "AT+CIPSEND=26" (13)
19:45:34  [AT] " S,2534,18C,000,3354,P1,49" (26)
19:45:34  [AT] "SEND OK" (7)
19:45:35  [TX] S,2535,18C,000,3355,P1,49
19:45:35  [SLOT] n=2796 tx=25 ack=0 due=0 r=1
19:45:35  [AT] "AT+CIPSEND=26" (13)
19:45:35  [AT] " S,2535,18C,000,3355,P1,49" (26)
19:45:35  [AT] "SEND OK" (7)
19:45:36  [TX] S,2536,18C,000,3356,P1,49
19:45:36  [SLOT] n=2797 tx=25 ack=0 due=0 r=1
19:45:36  [AT] "AT+CIPSEND=26" (13)
19:45:36  [AT] " S,2536,18C,000,3356,P1,49" (26)
19:45:36  [AT] "SEND OK" (7)
19:45:37  [TX] S,2537,18C,000,3357,P1,49
19:45:37  [SLOT] n=2798 tx=25 ack=0 due=0 r=1
19:45:37  [AT] "AT+CIPSEND=26" (13)
19:45:37  [AT] " S,2537,18C,000,3357,P1,49" (26)
19:45:37  [AT] "SEND OK" (7)
19:45:38  [TX] S,2538,18C,000,3358,P1,49
19:45:38  [SLOT] n=2799 tx=25 ack=0 due=0 r=1
19:45:38  [AT] "AT+CIPSEND=26" (13)
19:45:39  [AT] " S,2538,18C,000,3358,P1,49" (26)
19:45:39  [AT] "SEND OK" (7)
19:45:39  [TX] S,2539,18F,000,3360,P1,46
19:45:39  [SLOT] n=2800 tx=25 ack=0 due=0 r=1
19:45:40  [CNT] up=3360 drop=2 esprst=25 hwrst=0/0 resync=1 sendfail=0 okto=2 stuck=2 ackq=0 ackdrop=0 ackstale=0 slot=2800 oow=7 smiss=16 ssovf=0 cksumng=0 okstream=2518 penddrop=0 pendfill=2540 bigfill=26 bigdrop=0 bigokst=25 oklost=0 bigoklost=0 skip=23 online=1
19:45:40  [RAM] 최저 여유 596 B · 프롬프트 재동기 1회 (서버의 '버린줄' 과 맞아야 한다)
19:45:40  [AT] " S,2539,18F,000,3360,P1,46" (26)
19:45:40  [AT] "SEND OK" (7)
19:45:40  [AT] "AT+CIPSEND=26" (13)
19:45:41  [TX] S,2540,18F,000,3361,P1,49
19:45:41  [SLOT] n=2801 tx=25 ack=0 due=0 r=1
19:45:41  [AT] "AT+CIPSEND=26" (13)
19:45:41  [AT] " S,2540,18F,000,3361,P1,49" (26)
19:45:41  [AT] "SEND OK" (7)
19:45:42  [LADDER] ↓ 30초 연속 온라인 — 사다리를 0단으로 내린다 (직전 2단)
19:45:42  [TX] S,2541,18F,000,3362,P1,4B
19:45:42  [SLOT] n=2802 tx=25 ack=0 due=0 r=1
19:45:42  [AT] "AT+CIPSEND=26" (13)
19:45:42  [AT] " S,2541,18F,000,3362,P1,4B" (26)
19:45:42  [AT] "SEND OK" (7)
19:45:43  [TX] S,2542,18F,000,3363,P1,49
19:45:43  [SLOT] n=2803 tx=25 ack=0 due=0 r=1
19:45:43  [AT] "AT+CIPSEND=26" (13)
19:45:43  [AT] " S,2542,18F,000,3363,P1,49" (26)
19:45:43  [AT] "SEND OK" (7)
19:45:44  «tap» 살아있음 — 최근 60초 rx=7261B (이 줄이 끊기면 탭이 죽은 것이다)
19:45:44  [TX] S,2543,18F,000,3364,P1,4F
19:45:44  [SLOT] n=2804 tx=25 ack=0 due=0 r=1
19:45:44  [AT] "AT+CIPSEND=26" (13)
19:45:44  [AT] " S,2543,18F,000,3364,P1,4F" (26)
19:45:44  [AT] "SEND OK" (7)
19:45:45  [TX] S,2544,18F,000,3366,P1,4A
19:45:45  [SLOT] n=2805 tx=25 ack=0 due=0 r=1
19:45:45  [AT] "AT+CIPSEND=26" (13)
19:45:45  [AT] " S,2544,18F,000,3366,P1,4A" (26)
19:45:46  [AT] "SEND OK" (7)
19:45:47  [TX] S,2545,18F,000,3367,P1,4A
19:45:47  [SLOT] n=2806 tx=25 ack=0 due=0 r=1
19:45:47  [AT] "AT+CIPSEND=26" (13)
19:45:47  [AT] " S,2545,18F,000,3367,P1,4A" (26)
19:45:47  [AT] "SEND OK" (7)
19:45:48  [TX] S,2546,18E,000,3368,P1,45
19:45:48  [SLOT] n=2807 tx=25 ack=0 due=0 r=1
19:45:48  [AT] "AT+CIPSEND=26" (13)
19:45:48  [AT] " S,2546,18E,000,3368,P1,45" (26)
19:45:48  [AT] "SEND OK" (7)
19:45:49  [TX] S,2547,18E,000,3369,P1,45
19:45:49  [SLOT] n=2808 tx=25 ack=0 due=0 r=1
19:45:49  [AT] "AT+CIPSEND=26" (13)
19:45:49  [AT] " S,2547,18E,000,3369,P1,45" (26)
19:45:49  [AT] "SEND OK" (7)
19:45:50  [TX] S,2548,18E,000,3370,P1,42
19:45:50  [SLOT] n=2809 tx=25 ack=0 due=0 r=1
19:45:50  [AT] "AT+CIPSEND=26" (13)
19:45:50  [AT] " S,2548,18E,000,3370,P1,42" (26)
19:45:50  [AT] "SEND OK" (7)
19:45:51  [TX] S,2549,18C,000,3372,P1,47
19:45:51  [SLOT] n=2810 tx=25 ack=0 due=0 r=1
19:45:51  [AT] "AT+CIPSEND=26" (13)
19:45:51  [AT] " S,2549,18C,000,3372,P1,47" (26)
19:45:51  [AT] "SEND OK" (7)
19:45:53  [TX] S,2550,18C,000,3373,P1,4E
19:45:53  [SLOT] n=2811 tx=25 ack=0 due=0 r=1
19:45:53  [AT] "AT+CIPSEND=26" (13)
19:45:53  [AT] " S,2550,18C,000,3373,P1,4E" (26)
19:45:53  [AT] "SEND OK" (7)
19:45:54  [TX] S,2551,18C,000,3374,P1,48
19:45:54  [SLOT] n=2812 tx=25 ack=0 due=0 r=1
19:45:54  [AT] "AT+CIPSEND=26" (13)
19:45:54  [AT] " S,2551,18C,000,3374,P1,48" (26)
19:45:54  [AT] "SEND OK" (7)
19:45:55  [TX] S,2552,18C,000,3375,P1,4A
19:45:55  [SLOT] n=2813 tx=25 ack=0 due=0 r=1
19:45:55  [AT] "AT+CIPSEND=26" (13)
19:45:55  [AT] " S,2552,18C,000,3375,P1,4A" (26)
19:45:55  [AT] "SEND OK" (7)
19:45:56  [TX] S,2553,18D,000,3376,P1,4F
19:45:56  [SLOT] n=2814 tx=25 ack=0 due=0 r=1
19:45:56  [AT] "AT+CIPSEND=26" (13)
19:45:56  [AT] " S,2553,18D,000,3376,P1,4F" (26)
19:45:56  [AT] "SEND OK" (7)
19:45:57  [TX] S,2554,18D,000,3378,P1,46
19:45:57  [SLOT] n=2815 tx=25 ack=0 due=0 r=1
19:45:57  [AT] "AT+CIPSEND=26" (13)
19:45:58  [AT] " S,2554,18D,000,3378,P1,46" (26)
19:45:58  [AT] "SEND OK" (7)
19:45:59  [TX] S,2555,18D,000,3379,P1,46
19:45:59  [SLOT] n=2816 tx=25 ack=0 due=0 r=1
19:45:59  [AT] "AT+CIPSEND=26" (13)
19:45:59  [AT] " S,2555,18D,000,3379,P1,46" (26)
19:45:59  [AT] "SEND OK" (7)
19:46:00  [TX] S,2556,18D,000,3380,P1,43
19:46:00  [SLOT] n=2817 tx=25 ack=0 due=0 r=1
19:46:00  [AT] "AT+CIPSEND=26" (13)
19:46:00  [AT] " S,2556,18D,000,3380,P1,43" (26)
19:46:00  [AT] "SEND OK" (7)
19:46:01  [TX] S,2557,18D,000,3381,P1,43
19:46:01  [SLOT] n=2818 tx=25 ack=0 due=0 r=1
19:46:01  [AT] "AT+CIPSEND=26" (13)
19:46:01  [AT] " S,2557,18D,000,3381,P1,43" (26)
19:46:01  [AT] "SEND OK" (7)
19:46:02  [TX] S,2558,18D,000,3382,P1,4F
19:46:02  [SLOT] n=2819 tx=25 ack=0 due=0 r=1
19:46:02  [AT] "AT+CIPSEND=26" (13)
19:46:02  [AT] " S,2558,18D,000,3382,P1,4F" (26)
19:46:02  [AT] "SEND OK" (7)
19:46:03  [TX] S,2559,18F,000,3384,P1,4A
19:46:03  [SLOT] n=2820 tx=25 ack=0 due=0 r=1
19:46:03  [AT] "AT+CIPSEND=26" (13)
19:46:04  [AT] " S,2559,18F,000,3384,P1,4A" (26)
19:46:04  [AT] "SEND OK" (7)
19:46:05  [TX] S,2560,18E,000,3385,P1,42
19:46:05  [SLOT] n=2821 tx=25 ack=0 due=0 r=1
19:46:05  [AT] "AT+CIPSEND=26" (13)
19:46:05  [AT] " S,2560,18E,000,3385,P1,42" (26)
19:46:05  [AT] "SEND OK" (7)
19:46:06  [TX] S,2561,18E,000,3386,P1,40
19:46:06  [SLOT] n=2822 tx=25 ack=0 due=0 r=1
19:46:06  [AT] "AT+CIPSEND=26" (13)
19:46:06  [AT] " S,2561,18E,000,3386,P1,40" (26)
19:46:06  [AT] "SEND OK" (7)
19:46:07  [TX] S,2562,18E,000,3387,P1,42
19:46:07  [SLOT] n=2823 tx=25 ack=0 due=0 r=1
19:46:07  [AT] "AT+CIPSEND=26" (13)
19:46:07  [AT] " S,2562,18E,000,3387,P1,42" (26)
19:46:07  [AT] "SEND OK" (7)
19:46:08  [TX] S,2563,18E,000,3388,P1,4C
19:46:08  [SLOT] n=2824 tx=25 ack=0 due=0 r=1
19:46:08  [AT] "AT+CIPSEND=26" (13)
19:46:08  [AT] " S,2563,18E,000,3388,P1,4C" (26)
19:46:08  [AT] "SEND OK" (7)
19:46:09  [TX] S,2564,18E,000,3390,P1,42
19:46:09  [SLOT] n=2825 tx=25 ack=0 due=0 r=1
19:46:09  [AT] "AT+CIPSEND=26" (13)
19:46:09  [AT] " S,2564,18E,000,3390,P1,42" (26)
19:46:09  [AT] "SEND OK" (7)
19:46:11  [TX] S,2565,18E,000,3391,P1,42
19:46:11  [SLOT] n=2826 tx=25 ack=0 due=0 r=1
19:46:11  [AT] "AT+CIPSEND=26" (13)
19:46:11  [AT] " S,2565,18E,000,3391,P1,42" (26)
19:46:11  [AT] "SEND OK" (7)
19:46:12  [TX] S,2566,18E,000,3392,P1,42
19:46:12  [SLOT] n=2827 tx=25 ack=0 due=0 r=1
19:46:12  [AT] "AT+CIPSEND=26" (13)
19:46:12  [AT] " S,2566,18E,000,3392,P1,42" (26)
19:46:12  [AT] "SEND OK" (7)
19:46:13  [TX] S,2567,18F,000,3393,P1,41
19:46:13  [SLOT] n=2828 tx=25 ack=0 due=0 r=1
19:46:13  [AT] "AT+CIPSEND=26" (13)
19:46:13  [AT] " S,2567,18F,000,3393,P1,41" (26)
19:46:13  [AT] "SEND OK" (7)
19:46:14  [TX] S,2568,18F,000,3394,P1,49
19:46:14  [SLOT] n=2829 tx=25 ack=0 due=0 r=1
19:46:14  [AT] "AT+CIPSEND=26" (13)
19:46:14  [AT] " S,2568,18F,000,3394,P1,49" (26)
19:46:14  [AT] "SEND OK" (7)
19:46:15  [TX] S,2569,18D,000,3396,P1,48
19:46:15  [SLOT] n=2830 tx=25 ack=0 due=0 r=1
19:46:15  [AT] "AT+CIPSEND=26" (13)
19:46:15  [AT] " S,2569,18D,000,3396,P1,48" (26)
19:46:15  [AT] "SEND OK" (7)
19:46:17  [TX] S,2570,18D,000,3397,P1,41
19:46:17  [SLOT] n=2831 tx=25 ack=0 due=0 r=1
19:46:17  [AT] "AT+CIPSEND=26" (13)
19:46:17  [AT] " S,2570,18D,000,3397,P1,41" (26)
19:46:17  [AT] "SEND OK" (7)
19:46:18  [TX] S,2571,18D,000,3398,P1,4F
19:46:18  [SLOT] n=2832 tx=25 ack=0 due=0 r=1
19:46:18  [AT] "AT+CIPSEND=26" (13)
19:46:18  [AT] " S,2571,18D,000,3398,P1,4F" (26)
19:46:18  [AT] "SEND OK" (7)
19:46:19  [TX] S,2572,18D,000,3399,P1,4D
19:46:19  [SLOT] n=2833 tx=25 ack=0 due=0 r=1
19:46:19  [AT] "AT+CIPSEND=26" (13)
19:46:19  [AT] " S,2572,18D,000,3399,P1,4D" (26)
19:46:19  [AT] "SEND OK" (7)
19:46:20  [TX] S,2573,18D,000,3400,P1,4B
19:46:20  [SLOT] n=2834 tx=25 ack=0 due=0 r=1
19:46:20  [AT] "AT+CIPSEND=26" (13)
19:46:20  [AT] " S,2573,18D,000,3400,P1,4B" (26)
19:46:20  [AT] "SEND OK" (7)
19:46:21  [TX] S,2574,18C,000,3402,P1,49
19:46:21  [SLOT] n=2835 tx=25 ack=0 due=0 r=1
19:46:21  [AT] "AT+CIPSEND=26" (13)
19:46:21  [AT] " S,2574,18C,000,3402,P1,49" (26)
19:46:21  [AT] "SEND OK" (7)
19:46:23  [TX] S,2575,18C,000,3403,P1,49
19:46:23  [SLOT] n=2836 tx=25 ack=0 due=0 r=1
19:46:23  [AT] "AT+CIPSEND=26" (13)
19:46:23  [AT] " S,2575,18C,000,3403,P1,49" (26)
19:46:23  [AT] "SEND OK" (7)
19:46:24  [TX] S,2576,18C,000,3404,P1,4D
19:46:24  [SLOT] n=2837 tx=25 ack=0 due=0 r=1
19:46:24  [AT] "AT+CIPSEND=26" (13)
19:46:24  [AT] " S,2576,18C,000,3404,P1,4D" (26)
19:46:24  [AT] "SEND OK" (7)
19:46:25  [TX] S,2577,18C,000,3405,P1,4D
19:46:25  [SLOT] n=2838 tx=25 ack=0 due=0 r=1
19:46:25  [AT] "AT+CIPSEND=26" (13)
19:46:25  [AT] " S,2577,18C,000,3405,P1,4D" (26)
19:46:25  [AT] "SEND OK" (7)
19:46:26  [TX] S,2578,18C,000,3406,P1,41
19:46:26  [SLOT] n=2839 tx=25 ack=0 due=0 r=1
19:46:26  [AT] "AT+CIPSEND=26" (13)
19:46:26  [AT] " S,2578,18C,000,3406,P1,41" (26)
19:46:26  [AT] "SEND OK" (7)
19:46:27  [TX] S,2579,18E,000,3408,P1,48
19:46:27  [SLOT] n=2840 tx=25 ack=0 due=0 r=1
19:46:27  [AT] "AT+CIPSEND=26" (13)
19:46:27  [AT] " S,2579,18E,000,3408,P1,48" (26)
19:46:27  [AT] "SEND OK" (7)
19:46:29  [TX] S,2580,18E,000,3409,P1,4F
19:46:29  [SLOT] n=2841 tx=25 ack=0 due=0 r=1
19:46:29  [AT] "AT+CIPSEND=26" (13)
19:46:29  [AT] " S,2580,18E,000,3409,P1,4F" (26)
19:46:29  [AT] "SEND OK" (7)
19:46:30  [TX] S,2581,18F,000,3410,P1,45
19:46:30  [SLOT] n=2842 tx=25 ack=0 due=0 r=1
19:46:30  [AT] "AT+CIPSEND=26" (13)
19:46:30  [AT] " S,2581,18F,000,3410,P1,45" (26)
19:46:30  [AT] "SEND OK" (7)
19:46:31  [TX] S,2582,18F,000,3411,P1,47
19:46:31  [SLOT] n=2843 tx=25 ack=0 due=0 r=1
19:46:31  [AT] "AT+CIPSEND=26" (13)
19:46:31  [AT] " S,2582,18F,000,3411,P1,47" (26)
19:46:31  [AT] "SEND OK" (7)
19:46:32  [TX] S,2583,18F,000,3412,P1,45
19:46:32  [SLOT] n=2844 tx=25 ack=0 due=0 r=1
19:46:32  [AT] "AT+CIPSEND=26" (13)
19:46:32  [AT] " S,2583,18F,000,3412,P1,45" (26)
19:46:32  [AT] "SEND OK" (7)
19:46:33  [TX] S,2584,18F,000,3414,P1,44
19:46:33  [SLOT] n=2845 tx=25 ack=0 due=0 r=1
19:46:33  [AT] "AT+CIPSEND=26" (13)
19:46:33  [AT] " S,2584,18F,000,3414,P1,44" (26)
19:46:33  [AT] "SEND OK" (7)
19:46:35  [TX] S,2585,18F,000,3415,P1,44
19:46:35  [SLOT] n=2846 tx=25 ack=0 due=0 r=1
19:46:35  [AT] "AT+CIPSEND=26" (13)
19:46:35  [AT] " S,2585,18F,000,3415,P1,44" (26)
19:46:35  [AT] "SEND OK" (7)
19:46:36  [TX] S,2586,18F,000,3416,P1,44
19:46:36  [SLOT] n=2847 tx=25 ack=0 due=0 r=1
19:46:36  [AT] "AT+CIPSEND=26" (13)
19:46:36  [AT] " S,2586,18F,000,3416,P1,44" (26)
19:46:36  [AT] "SEND OK" (7)
19:46:37  [TX] S,2587,18F,000,3417,P1,44
19:46:37  [SLOT] n=2848 tx=25 ack=0 due=0 r=1
19:46:37  [AT] "AT+CIPSEND=26" (13)
19:46:37  [AT] " S,2587,18F,000,3417,P1,44" (26)
19:46:37  [AT] "SEND OK" (7)
19:46:38  [TX] S,2588,18E,000,3418,P1,47
19:46:38  [SLOT] n=2849 tx=25 ack=0 due=0 r=1
19:46:38  [AT] "AT+CIPSEND=26" (13)
19:46:38  [AT] " S,2588,18E,000,3418,P1,47" (26)
19:46:38  [AT] "SEND OK" (7)
19:46:39  [TX] S,2589,18C,000,3420,P1,4B
19:46:39  [SLOT] n=2850 tx=25 ack=0 due=0 r=1
19:46:39  [CNT] up=3420 drop=2 esprst=25 hwrst=0/0 resync=1 sendfail=0 okto=2 stuck=2 ackq=0 ackdrop=0 ackstale=0 slot=2850 oow=7 smiss=16 ssovf=0 cksumng=0 okstream=2568 penddrop=0 pendfill=2590 bigfill=26 bigdrop=0 bigokst=25 oklost=0 bigoklost=0 skip=23 online=1
19:46:39  [RAM] 최저 여유 596 B · 프롬프트 재동기 1회 (서버의 '버린줄' 과 맞아야 한다)
19:46:39  [AT] " S,2589,18C,000,3420,P1,4B" (26)
19:46:39  [AT] "SEND OK" (7)
19:46:39  [AT] "AT+CIPSEND=26" (13)
19:46:41  [TX] S,2590,18C,000,3421,P1,42
19:46:41  [SLOT] n=2851 tx=25 ack=0 due=0 r=1
19:46:41  [AT] "AT+CIPSEND=26" (13)
19:46:41  [AT] " S,2590,18C,000,3421,P1,42" (26)
19:46:41  [AT] "SEND OK" (7)
19:46:42  [TX] S,2591,18C,000,3422,P1,40
19:46:42  [SLOT] n=2852 tx=25 ack=0 due=0 r=1
19:46:42  [AT] "AT+CIPSEND=26" (13)
19:46:42  [AT] " S,2591,18C,000,3422,P1,40" (26)
19:46:42  [AT] "SEND OK" (7)
19:46:43  [TX] S,2592,18C,000,3423,P1,42
19:46:43  [SLOT] n=2853 tx=25 ack=0 due=0 r=1
19:46:43  [AT] "AT+CIPSEND=26" (13)
19:46:43  [AT] " S,2592,18C,000,3423,P1,42" (26)
19:46:43  [AT] "SEND OK" (7)
19:46:44  «tap» 살아있음 — 최근 60초 rx=8160B (이 줄이 끊기면 탭이 죽은 것이다)
19:46:44  [TX] S,2593,18C,000,3424,P1,44
19:46:44  [SLOT] n=2854 tx=25 ack=0 due=0 r=1
19:46:44  [AT] "AT+CIPSEND=26" (13)
19:46:44  [AT] " S,2593,18C,000,3424,P1,44" (26)
19:46:44  [AT] "SEND OK" (7)
19:46:45  [TX] S,2594,18C,000,3426,P1,41
19:46:45  [SLOT] n=2855 tx=25 ack=0 due=0 r=1
19:46:45  [AT] "AT+CIPSEND=26" (13)
19:46:45  [AT] " S,2594,18C,000,3426,P1,41" (26)
19:46:45  [AT] "SEND OK" (7)
19:46:47  [TX] S,2595,18D,000,3427,P1,46
19:46:47  [SLOT] n=2856 tx=25 ack=0 due=0 r=1
19:46:47  [AT] "AT+CIPSEND=26" (13)
19:46:47  [AT] " S,2595,18D,000,3427,P1,46" (26)
19:46:47  [AT] "SEND OK" (7)
19:46:48  [TX] S,2596,18D,000,3428,P1,4A
19:46:48  [SLOT] n=2857 tx=25 ack=0 due=0 r=1
19:46:48  [AT] "AT+CIPSEND=26" (13)
19:46:48  [AT] " S,2596,18D,000,3428,P1,4A" (26)
19:46:48  [AT] "SEND OK" (7)
19:46:49  [TX] S,2597,18D,000,3429,P1,4A
19:46:49  [SLOT] n=2858 tx=25 ack=0 due=0 r=1
19:46:49  [AT] "AT+CIPSEND=26" (13)
19:46:49  [AT] " S,2597,18D,000,3429,P1,4A" (26)
19:46:49  [AT] "SEND OK" (7)
19:46:50  [TX] S,2598,18D,000,3430,P1,4D
19:46:50  [SLOT] n=2859 tx=25 ack=0 due=0 r=1
19:46:50  [AT] "AT+CIPSEND=26" (13)
19:46:50  [AT] " S,2598,18D,000,3430,P1,4D" (26)
19:46:50  [AT] "SEND OK" (7)
19:46:51  [TX] S,2599,18F,000,3432,P1,4C
19:46:51  [SLOT] n=2860 tx=25 ack=0 due=0 r=1
19:46:51  [AT] "AT+CIPSEND=26" (13)
19:46:51  [AT] " S,2599,18F,000,3432,P1,4C" (26)
19:46:51  [AT] "SEND OK" (7)
19:46:53  [TX] S,2600,18F,000,3433,P1,4E
19:46:53  [SLOT] n=2861 tx=25 ack=0 due=0 r=1
19:46:53  [AT] "AT+CIPSEND=26" (13)
19:46:53  [AT] " S,2600,18F,000,3433,P1,4E" (26)
19:46:53  [AT] "SEND OK" (7)
19:46:54  [TX] S,2601,18F,000,3434,P1,48
19:46:54  [SLOT] n=2862 tx=25 ack=0 due=0 r=1
19:46:54  [AT] "AT+CIPSEND=26" (13)
19:46:54  [AT] " S,2601,18F,000,3434,P1,48" (26)
19:46:54  [AT] "SEND OK" (7)
19:46:55  [TX] S,2602,18E,000,3435,P1,49
19:46:55  [SLOT] n=2863 tx=25 ack=0 due=0 r=1
19:46:55  [AT] "AT+CIPSEND=26" (13)
19:46:55  [AT] " S,2602,18E,000,3435,P1,49" (26)
19:46:55  [AT] "SEND OK" (7)
19:46:56  [TX] S,2603,18E,000,3436,P1,4B
19:46:56  [SLOT] n=2864 tx=25 ack=0 due=0 r=1
19:46:56  [AT] "AT+CIPSEND=26" (13)
19:46:56  [AT] " S,2603,18E,000,3436,P1,4B" (26)
19:46:56  [AT] "SEND OK" (7)
19:46:57  [TX] S,2604,18E,000,3438,P1,42
19:46:57  [SLOT] n=2865 tx=25 ack=0 due=0 r=1
19:46:57  [AT] "AT+CIPSEND=26" (13)
19:46:57  [AT] " S,2604,18E,000,3438,P1,42" (26)
19:46:57  [AT] "SEND OK" (7)
19:46:59  [TX] S,2605,18E,000,3439,P1,42
19:46:59  [SLOT] n=2866 tx=25 ack=0 due=0 r=1
19:46:59  [AT] "AT+CIPSEND=26" (13)
19:46:59  [AT] " S,2605,18E,000,3439,P1,42" (26)
19:46:59  [AT] "SEND OK" (7)
19:47:00  [TX] S,2606,18E,000,3440,P1,4F
19:47:00  [SLOT] n=2867 tx=25 ack=0 due=0 r=1
19:47:00  [AT] "AT+CIPSEND=26" (13)
19:47:00  [AT] " S,2606,18E,000,3440,P1,4F" (26)
19:47:00  [AT] "SEND OK" (7)
19:47:01  [TX] S,2607,18E,000,3441,P1,4F
19:47:01  [SLOT] n=2868 tx=25 ack=0 due=0 r=1
19:47:01  [AT] "AT+CIPSEND=26" (13)
19:47:01  [AT] " S,2607,18E,000,3441,P1,4F" (26)
19:47:01  [AT] "SEND OK" (7)
19:47:02  [TX] S,2608,18E,000,3442,P1,43
19:47:02  [SLOT] n=2869 tx=25 ack=0 due=0 r=1
19:47:02  [AT] "AT+CIPSEND=26" (13)
19:47:02  [AT] " S,2608,18E,000,3442,P1,43" (26)
19:47:02  [AT] "SEND OK" (7)
19:47:03  [TX] S,2609,18D,000,3444,P1,45
19:47:03  [SLOT] n=2870 tx=25 ack=0 due=0 r=1
19:47:03  [AT] "AT+CIPSEND=26" (13)
19:47:03  [AT] " S,2609,18D,000,3444,P1,45" (26)
19:47:03  [AT] "SEND OK" (7)
19:47:05  [TX] S,2610,18D,000,3445,P1,4C
19:47:05  [SLOT] n=2871 tx=25 ack=0 due=0 r=1
19:47:05  [AT] "AT+CIPSEND=26" (13)
19:47:05  [AT] " S,2610,18D,000,3445,P1,4C" (26)
19:47:05  [AT] "SEND OK" (7)
19:47:06  [TX] S,2611,18D,000,3446,P1,4E
19:47:06  [SLOT] n=2872 tx=25 ack=0 due=0 r=1
19:47:06  [AT] "AT+CIPSEND=26" (13)
19:47:06  [AT] " S,2611,18D,000,3446,P1,4E" (26)
19:47:06  [AT] "SEND OK" (7)
19:47:07  [TX] S,2612,18D,000,3447,P1,4C
19:47:07  [SLOT] n=2873 tx=25 ack=0 due=0 r=1
19:47:07  [AT] "AT+CIPSEND=26" (13)
19:47:07  [AT] " S,2612,18D,000,3447,P1,4C" (26)
19:47:07  [AT] "SEND OK" (7)
19:47:08  [TX] S,2613,18D,000,3448,P1,42
19:47:08  [SLOT] n=2874 tx=25 ack=0 due=0 r=1
19:47:08  [AT] "AT+CIPSEND=26" (13)
19:47:08  [AT] " S,2613,18D,000,3448,P1,42" (26)
19:47:08  [AT] "SEND OK" (7)
19:47:09  [TX] S,2614,18D,000,3450,P1,4C
19:47:09  [SLOT] n=2875 tx=25 ack=0 due=0 r=1
19:47:09  [AT] "AT+CIPSEND=26" (13)
19:47:09  [AT] " S,2614,18D,000,3450,P1,4C" (26)
19:47:09  [AT] "SEND OK" (7)
19:47:11  [TX] S,2615,18D,000,3451,P1,4C
19:47:11  [SLOT] n=2876 tx=25 ack=0 due=0 r=1
19:47:11  [AT] "AT+CIPSEND=26" (13)
19:47:11  [AT] " S,2615,18D,000,3451,P1,4C" (26)
19:47:11  [AT] "SEND OK" (7)
19:47:12  [TX] S,2616,18C,000,3452,P1,4B
19:47:12  [SLOT] n=2877 tx=25 ack=0 due=0 r=1
19:47:12  [AT] "AT+CIPSEND=26" (13)
19:47:12  [AT] " S,2616,18C,000,3452,P1,4B" (26)
19:47:12  [AT] "SEND OK" (7)
19:47:13  [TX] S,2617,18C,000,3453,P1,4B
19:47:13  [SLOT] n=2878 tx=25 ack=0 due=0 r=1
19:47:13  [AT] "AT+CIPSEND=26" (13)
19:47:13  [AT] " S,2617,18C,000,3453,P1,4B" (26)
19:47:13  [AT] "SEND OK" (7)
19:47:14  [TX] S,2618,18C,000,3454,P1,43
19:47:14  [SLOT] n=2879 tx=25 ack=0 due=0 r=1
19:47:14  [AT] "AT+CIPSEND=26" (13)
19:47:14  [AT] " S,2618,18C,000,3454,P1,43" (26)
19:47:14  [AT] "SEND OK" (7)
19:47:15  [TX] S,2619,18E,000,3456,P1,46
19:47:15  [SLOT] n=2880 tx=25 ack=0 due=0 r=1
19:47:15  [AT] "AT+CIPSEND=26" (13)
19:47:15  [AT] " S,2619,18E,000,3456,P1,46" (26)
19:47:15  [AT] "SEND OK" (7)
19:47:17  [TX] S,2620,18E,000,3457,P1,4D
19:47:17  [SLOT] n=2881 tx=25 ack=0 due=0 r=1
19:47:17  [AT] "AT+CIPSEND=26" (13)
19:47:17  [AT] " S,2620,18E,000,3457,P1,4D" (26)
19:47:17  [AT] "SEND OK" (7)
19:47:18  [TX] S,2621,18E,000,3458,P1,43
19:47:18  [SLOT] n=2882 tx=25 ack=0 due=0 r=1
19:47:18  [AT] "AT+CIPSEND=26" (13)
19:47:18  [AT] " S,2621,18E,000,3458,P1,43" (26)
19:47:18  [AT] "SEND OK" (7)
19:47:19  [TX] S,2622,18E,000,3459,P1,41
19:47:19  [SLOT] n=2883 tx=25 ack=0 due=0 r=1
19:47:19  [AT] "AT+CIPSEND=26" (13)
19:47:19  [AT] " S,2622,18E,000,3459,P1,41" (26)
19:47:19  [AT] "SEND OK" (7)
19:47:20  [TX] S,2623,18F,000,3460,P1,49
19:47:20  [SLOT] n=2884 tx=25 ack=0 due=0 r=1
19:47:20  [AT] "AT+CIPSEND=26" (13)
19:47:20  [AT] " S,2623,18F,000,3460,P1,49" (26)
19:47:20  [AT] "SEND OK" (7)
19:47:21  [TX] S,2624,18F,000,3462,P1,4C
19:47:21  [SLOT] n=2885 tx=25 ack=0 due=0 r=1
19:47:21  [AT] "AT+CIPSEND=26" (13)
19:47:21  [AT] " S,2624,18F,000,3462,P1,4C" (26)
19:47:21  [AT] "SEND OK" (7)
19:47:23  [TX] S,2625,18F,000,3463,P1,4C
19:47:23  [SLOT] n=2886 tx=25 ack=0 due=0 r=1
19:47:23  [AT] "AT+CIPSEND=26" (13)
19:47:23  [AT] " S,2625,18F,000,3463,P1,4C" (26)
19:47:23  [AT] "SEND OK" (7)
19:47:24  [TX] S,2626,18F,000,3464,P1,48
19:47:24  [SLOT] n=2887 tx=25 ack=0 due=0 r=1
19:47:24  [AT] "AT+CIPSEND=26" (13)
19:47:24  [AT] " S,2626,18F,000,3464,P1,48" (26)
19:47:24  [AT] "SEND OK" (7)
19:47:25  [TX] S,2627,18F,000,3465,P1,48
19:47:25  [SLOT] n=2888 tx=25 ack=0 due=0 r=1
19:47:25  [AT] "AT+CIPSEND=26" (13)
19:47:25  [AT] " S,2627,18F,000,3465,P1,48" (26)
19:47:25  [AT] "SEND OK" (7)
19:47:26  [TX] S,2628,18F,000,3466,P1,44
19:47:26  [SLOT] n=2889 tx=25 ack=0 due=0 r=1
19:47:26  [AT] "AT+CIPSEND=26" (13)
19:47:26  [AT] " S,2628,18F,000,3466,P1,44" (26)
19:47:26  [AT] "SEND OK" (7)
19:47:27  [TX] S,2629,18D,000,3468,P1,49
19:47:27  [SLOT] n=2890 tx=25 ack=0 due=0 r=1
19:47:27  [AT] "AT+CIPSEND=26" (13)
19:47:27  [AT] " S,2629,18D,000,3468,P1,49" (26)
19:47:27  [AT] "SEND OK" (7)
19:47:29  [TX] S,2630,18C,000,3469,P1,47
19:47:29  [SLOT] n=2891 tx=25 ack=0 due=0 r=1
19:47:29  [AT] "AT+CIPSEND=26" (13)
19:47:29  [AT] " S,2630,18C,000,3469,P1,47" (26)
19:47:29  [AT] "SEND OK" (7)
19:47:30  [TX] S,2631,18C,000,3470,P1,4E
19:47:30  [SLOT] n=2892 tx=25 ack=0 due=0 r=1
19:47:30  [AT] "AT+CIPSEND=26" (13)
19:47:30  [AT] " S,2631,18C,000,3470,P1,4E" (26)
19:47:30  [AT] "SEND OK" (7)
19:47:31  [TX] S,2632,18C,000,3471,P1,4C
19:47:31  [SLOT] n=2893 tx=25 ack=0 due=0 r=1
19:47:31  [AT] "AT+CIPSEND=26" (13)
19:47:31  [AT] " S,2632,18C,000,3471,P1,4C" (26)
19:47:31  [AT] "SEND OK" (7)
19:47:32  [TX] S,2633,18C,000,3472,P1,4E
19:47:32  [SLOT] n=2894 tx=25 ack=0 due=0 r=1
19:47:32  [AT] "AT+CIPSEND=26" (13)
19:47:32  [AT] " S,2633,18C,000,3472,P1,4E" (26)
19:47:32  [AT] "SEND OK" (7)
19:47:33  [TX] S,2634,18C,000,3474,P1,4F
19:47:33  [SLOT] n=2895 tx=25 ack=0 due=0 r=1
19:47:33  [AT] "AT+CIPSEND=26" (13)
19:47:33  [AT] " S,2634,18C,000,3474,P1,4F" (26)
19:47:33  [AT] "SEND OK" (7)
19:47:35  [TX] S,2635,18C,000,3475,P1,4F
19:47:35  [SLOT] n=2896 tx=25 ack=0 due=0 r=1
19:47:35  [AT] "AT+CIPSEND=26" (13)
19:47:35  [AT] " S,2635,18C,000,3475,P1,4F" (26)
19:47:35  [AT] "SEND OK" (7)
19:47:36  [TX] S,2636,18C,000,3476,P1,4F
19:47:36  [SLOT] n=2897 tx=25 ack=0 due=0 r=1
19:47:36  [AT] "AT+CIPSEND=26" (13)
19:47:36  [AT] " S,2636,18C,000,3476,P1,4F" (26)
19:47:36  [AT] "SEND OK" (7)
19:47:37  [TX] S,2637,18D,000,3477,P1,48
19:47:37  [SLOT] n=2898 tx=25 ack=0 due=0 r=1
19:47:37  [AT] "AT+CIPSEND=26" (13)
19:47:37  [AT] " S,2637,18D,000,3477,P1,48" (26)
19:47:37  [AT] "SEND OK" (7)
19:47:38  [TX] S,2638,18D,000,3478,P1,48
19:47:38  [SLOT] n=2899 tx=25 ack=0 due=0 r=1
19:47:38  [AT] "AT+CIPSEND=26" (13)
19:47:38  [AT] " S,2638,18D,000,3478,P1,48" (26)
19:47:38  [AT] "SEND OK" (7)
19:47:39  [TX] S,2639,18F,000,3480,P1,4C
19:47:39  [SLOT] n=2900 tx=25 ack=0 due=0 r=1
19:47:39  [CNT] up=3480 drop=2 esprst=25 hwrst=0/0 resync=1 sendfail=0 okto=2 stuck=2 ackq=0 ackdrop=0 ackstale=0 slot=2900 oow=7 smiss=16 ssovf=0 cksumng=0 okstream=2618 penddrop=0 pendfill=2640 bigfill=26 bigdrop=0 bigokst=25 oklost=0 bigoklost=0 skip=23 online=1
19:47:39  [RAM] 최저 여유 596 B · 프롬프트 재동기 1회 (서버의 '버린줄' 과 맞아야 한다)
19:47:39  [AT] " S,2639,18F,000,3480,P1,4C" (26)
19:47:39  [AT] "SEND OK" (7)
19:47:39  [AT] "AT+CIPSEND=26" (13)
19:47:41  [TX] S,2640,18F,000,3481,P1,43
19:47:41  [SLOT] n=2901 tx=25 ack=0 due=0 r=1
19:47:41  [AT] "AT+CIPSEND=26" (13)
19:47:41  [AT] " S,2640,18F,000,3481,P1,43" (26)
19:47:41  [AT] "SEND OK" (7)
19:47:42  [TX] S,2641,18F,000,3482,P1,41
19:47:42  [SLOT] n=2902 tx=25 ack=0 due=0 r=1
19:47:42  [AT] "AT+CIPSEND=26" (13)
19:47:42  [AT] " S,2641,18F,000,3482,P1,41" (26)
19:47:42  [AT] "SEND OK" (7)
19:47:43  [TX] S,2642,18F,000,3483,P1,43
19:47:43  [SLOT] n=2903 tx=25 ack=0 due=0 r=1
19:47:43  [AT] "AT+CIPSEND=26" (13)
19:47:43  [AT] " S,2642,18F,000,3483,P1,43" (26)
19:47:43  [AT] "SEND OK" (7)
19:47:44  «tap» 살아있음 — 최근 60초 rx=8160B (이 줄이 끊기면 탭이 죽은 것이다)
19:47:44  [TX] S,2643,18F,000,3484,P1,45
19:47:44  [SLOT] n=2904 tx=25 ack=0 due=0 r=1
19:47:44  [AT] "AT+CIPSEND=26" (13)
19:47:44  [AT] " S,2643,18F,000,3484,P1,45" (26)
19:47:44  [AT] "SEND OK" (7)
19:47:45  [TX] S,2644,18E,000,3486,P1,43
19:47:45  [SLOT] n=2905 tx=25 ack=0 due=0 r=1
19:47:45  [AT] "AT+CIPSEND=26" (13)
19:47:45  [AT] " S,2644,18E,000,3486,P1,43" (26)
19:47:45  [AT] "SEND OK" (7)
19:47:47  [TX] S,2645,18E,000,3487,P1,43
19:47:47  [SLOT] n=2906 tx=25 ack=0 due=0 r=1
19:47:47  [AT] "AT+CIPSEND=26" (13)
19:47:47  [AT] " S,2645,18E,000,3487,P1,43" (26)
19:47:47  [AT] "SEND OK" (7)
19:47:48  [TX] S,2646,18E,000,3488,P1,4F
19:47:48  [SLOT] n=2907 tx=25 ack=0 due=0 r=1
19:47:48  [AT] "AT+CIPSEND=26" (13)
19:47:48  [AT] " S,2646,18E,000,3488,P1,4F" (26)
19:47:48  [AT] "SEND OK" (7)
19:47:49  [TX] S,2647,18E,000,3489,P1,4F
19:47:49  [SLOT] n=2908 tx=25 ack=0 due=0 r=1
19:47:49  [AT] "AT+CIPSEND=26" (13)
19:47:49  [AT] " S,2647,18E,000,3489,P1,4F" (26)
19:47:49  [AT] "SEND OK" (7)
19:47:50  [TX] S,2648,18E,000,3490,P1,48
19:47:50  [SLOT] n=2909 tx=25 ack=0 due=0 r=1
19:47:50  [AT] "AT+CIPSEND=26" (13)
19:47:50  [AT] " S,2648,18E,000,3490,P1,48" (26)
19:47:50  [AT] "SEND OK" (7)
19:47:51  [TX] S,2649,18C,000,3492,P1,4D
19:47:51  [SLOT] n=2910 tx=25 ack=0 due=0 r=1
19:47:51  [AT] "AT+CIPSEND=26" (13)
19:47:51  [AT] " S,2649,18C,000,3492,P1,4D" (26)
19:47:51  [AT] "SEND OK" (7)
19:47:53  [TX] S,2650,18C,000,3493,P1,44
19:47:53  [SLOT] n=2911 tx=25 ack=0 due=0 r=1
19:47:53  [AT] "AT+CIPSEND=26" (13)
19:47:53  [AT] " S,2650,18C,000,3493,P1,44" (26)
19:47:53  [AT] "SEND OK" (7)
19:47:54  [TX] S,2651,18D,000,3494,P1,45
19:47:54  [SLOT] n=2912 tx=25 ack=0 due=0 r=1
19:47:54  [AT] "AT+CIPSEND=26" (13)
19:47:54  [AT] " S,2651,18D,000,3494,P1,45" (26)
19:47:54  [AT] "SEND OK" (7)
19:47:55  [TX] S,2652,18D,000,3495,P1,47
19:47:55  [SLOT] n=2913 tx=25 ack=0 due=0 r=1
19:47:55  [AT] "AT+CIPSEND=26" (13)
19:47:55  [AT] " S,2652,18D,000,3495,P1,47" (26)
19:47:55  [AT] "SEND OK" (7)
19:47:56  [TX] S,2653,18D,000,3496,P1,45
19:47:56  [SLOT] n=2914 tx=25 ack=0 due=0 r=1
19:47:56  [AT] "AT+CIPSEND=26" (13)
19:47:56  [AT] " S,2653,18D,000,3496,P1,45" (26)
19:47:56  [AT] "SEND OK" (7)
19:47:57  [TX] S,2654,18D,000,3498,P1,4C
19:47:57  [SLOT] n=2915 tx=25 ack=0 due=0 r=1
19:47:57  [AT] "AT+CIPSEND=26" (13)
19:47:57  [AT] " S,2654,18D,000,3498,P1,4C" (26)
19:47:57  [AT] "SEND OK" (7)
19:47:58  [TX] S,2655,18D,000,3499,P1,4C
19:47:58  [SLOT] n=2916 tx=25 ack=0 due=0 r=1
19:47:59  [AT] "AT+CIPSEND=26" (13)
19:47:59  [AT] " S,2655,18D,000,3499,P1,4C" (26)
19:47:59  [AT] "SEND OK" (7)
19:48:00  [TX] S,2656,18D,000,3500,P1,4E
19:48:00  [SLOT] n=2917 tx=25 ack=0 due=0 r=1
19:48:00  [AT] "AT+CIPSEND=26" (13)
19:48:00  [AT] " S,2656,18D,000,3500,P1,4E" (26)
19:48:00  [AT] "SEND OK" (7)
19:48:01  [TX] S,2657,18D,000,3501,P1,4E
19:48:01  [SLOT] n=2918 tx=25 ack=0 due=0 r=1
19:48:01  [AT] "AT+CIPSEND=26" (13)
19:48:01  [AT] " S,2657,18D,000,3501,P1,4E" (26)
19:48:01  [AT] "SEND OK" (7)
19:48:02  [TX] S,2658,18C,000,3502,P1,45
19:48:02  [SLOT] n=2919 tx=25 ack=0 due=0 r=1
19:48:02  [AT] "AT+CIPSEND=26" (13)
19:48:02  [AT] " S,2658,18C,000,3502,P1,45" (26)
19:48:02  [AT] "SEND OK" (7)
19:48:03  [TX] S,2659,18E,000,3504,P1,44
19:48:03  [SLOT] n=2920 tx=25 ack=0 due=0 r=1
19:48:03  [AT] "AT+CIPSEND=26" (13)
19:48:03  [AT] " S,2659,18E,000,3504,P1,44" (26)
19:48:03  [AT] "SEND OK" (7)
19:48:05  [TX] S,2660,18E,000,3505,P1,4F
19:48:05  [SLOT] n=2921 tx=25 ack=0 due=0 r=1
19:48:05  [AT] "AT+CIPSEND=26" (13)
19:48:05  [AT] " S,2660,18E,000,3505,P1,4F" (26)
19:48:05  [AT] "SEND OK" (7)
19:48:06  [TX] S,2661,18E,000,3506,P1,4D
19:48:06  [SLOT] n=2922 tx=25 ack=0 due=0 r=1
19:48:06  [AT] "AT+CIPSEND=26" (13)
19:48:06  [AT] " S,2661,18E,000,3506,P1,4D" (26)
19:48:06  [AT] "SEND OK" (7)
19:48:07  [TX] S,2662,18E,000,3507,P1,4F
19:48:07  [SLOT] n=2923 tx=25 ack=0 due=0 r=1
19:48:07  [AT] "AT+CIPSEND=26" (13)
19:48:07  [AT] " S,2662,18E,000,3507,P1,4F" (26)
19:48:07  [AT] "SEND OK" (7)
19:48:08  [TX] S,2663,18E,000,3508,P1,41
19:48:08  [SLOT] n=2924 tx=25 ack=0 due=0 r=1
19:48:08  [AT] "AT+CIPSEND=26" (13)
19:48:08  [AT] " S,2663,18E,000,3508,P1,41" (26)
19:48:08  [AT] "SEND OK" (7)
19:48:09  [TX] S,2664,18E,000,3510,P1,4F
19:48:09  [SLOT] n=2925 tx=25 ack=0 due=0 r=1
19:48:09  [AT] "AT+CIPSEND=26" (13)
19:48:09  [AT] " S,2664,18E,000,3510,P1,4F" (26)
19:48:09  [AT] "SEND OK" (7)
19:48:11  [TX] S,2665,18F,000,3511,P1,4C
19:48:11  [SLOT] n=2926 tx=25 ack=0 due=0 r=1
19:48:11  [AT] "AT+CIPSEND=26" (13)
19:48:11  [AT] " S,2665,18F,000,3511,P1,4C" (26)
19:48:11  [AT] "SEND OK" (7)
19:48:12  [TX] S,2666,18F,000,3512,P1,4C
19:48:12  [SLOT] n=2927 tx=25 ack=0 due=0 r=1
19:48:12  [AT] "AT+CIPSEND=26" (13)
19:48:12  [AT] " S,2666,18F,000,3512,P1,4C" (26)
19:48:12  [AT] "SEND OK" (7)
19:48:13  [TX] S,2667,18F,000,3513,P1,4C
19:48:13  [SLOT] n=2928 tx=25 ack=0 due=0 r=1
19:48:13  [AT] "AT+CIPSEND=26" (13)
19:48:13  [AT] " S,2667,18F,000,3513,P1,4C" (26)
19:48:13  [AT] "SEND OK" (7)
19:48:14  [TX] S,2668,18F,000,3514,P1,44
19:48:14  [SLOT] n=2929 tx=25 ack=0 due=0 r=1
19:48:14  [AT] "AT+CIPSEND=26" (13)
19:48:14  [AT] " S,2668,18F,000,3514,P1,44" (26)
19:48:14  [AT] "SEND OK" (7)
19:48:15  [TX] S,2669,18D,000,3516,P1,45
19:48:15  [SLOT] n=2930 tx=25 ack=0 due=0 r=1
19:48:15  [AT] "AT+CIPSEND=26" (13)
19:48:15  [AT] " S,2669,18D,000,3516,P1,45" (26)
19:48:15  [AT] "SEND OK" (7)
19:48:16  [TX] S,2670,18D,000,3517,P1,4C
19:48:16  [SLOT] n=2931 tx=25 ack=0 due=0 r=1
19:48:16  [AT] "AT+CIPSEND=26" (13)
19:48:17  [AT] " S,2670,18D,000,3517,P1,4C" (26)
19:48:17  [AT] "SEND OK" (7)
19:48:18  [TX] S,2671,18D,000,3518,P1,42
19:48:18  [SLOT] n=2932 tx=25 ack=0 due=0 r=1
19:48:18  [AT] "AT+CIPSEND=26" (13)
19:48:18  [AT] " S,2671,18D,000,3518,P1,42" (26)
19:48:18  [AT] "SEND OK" (7)
19:48:19  [TX] S,2672,18C,000,3519,P1,47
19:48:19  [SLOT] n=2933 tx=25 ack=0 due=0 r=1
19:48:19  [AT] "AT+CIPSEND=26" (13)
19:48:19  [AT] " S,2672,18C,000,3519,P1,47" (26)
19:48:19  [AT] "SEND OK" (7)
19:48:20  [TX] S,2673,18C,000,3520,P1,4C
19:48:20  [SLOT] n=2934 tx=25 ack=0 due=0 r=1
19:48:20  [AT] "AT+CIPSEND=26" (13)
19:48:20  [AT] " S,2673,18C,000,3520,P1,4C" (26)
19:48:20  [AT] "SEND OK" (7)
19:48:21  [TX] S,2674,18C,000,3522,P1,49
19:48:21  [SLOT] n=2935 tx=25 ack=0 due=0 r=1
19:48:21  [AT] "AT+CIPSEND=26" (13)
19:48:21  [AT] " S,2674,18C,000,3522,P1,49" (26)
19:48:21  [AT] "SEND OK" (7)
19:48:22  [TX] S,2675,18C,000,3523,P1,49
19:48:22  [SLOT] n=2936 tx=25 ack=0 due=0 r=1
19:48:22  [AT] "AT+CIPSEND=26" (13)
19:48:23  [AT] " S,2675,18C,000,3523,P1,49" (26)
19:48:23  [AT] "SEND OK" (7)
19:48:24  [TX] S,2676,18C,000,3524,P1,4D
19:48:24  [SLOT] n=2937 tx=25 ack=0 due=0 r=1
19:48:24  [AT] "AT+CIPSEND=26" (13)
19:48:24  [AT] " S,2676,18C,000,3524,P1,4D" (26)
19:48:24  [AT] "SEND OK" (7)
19:48:25  [TX] S,2677,18C,000,3525,P1,4D
19:48:25  [SLOT] n=2938 tx=25 ack=0 due=0 r=1
19:48:25  [AT] "AT+CIPSEND=26" (13)
19:48:25  [AT] " S,2677,18C,000,3525,P1,4D" (26)
19:48:25  [AT] "SEND OK" (7)
19:48:26  [TX] S,2678,18C,000,3526,P1,41
19:48:26  [SLOT] n=2939 tx=25 ack=0 due=0 r=1
19:48:26  [AT] "AT+CIPSEND=26" (13)
19:48:26  [AT] " S,2678,18C,000,3526,P1,41" (26)
19:48:26  [AT] "SEND OK" (7)
19:48:27  [TX] S,2679,18F,000,3528,P1,4B
19:48:27  [SLOT] n=2940 tx=25 ack=0 due=0 r=1
19:48:27  [AT] "AT+CIPSEND=26" (13)
19:48:27  [AT] " S,2679,18F,000,3528,P1,4B" (26)
19:48:27  [AT] "SEND OK" (7)
19:48:28  [TX] S,2680,18F,000,3529,P1,4C
19:48:28  [SLOT] n=2941 tx=25 ack=0 due=0 r=1
19:48:28  [AT] "AT+CIPSEND=26" (13)
19:48:29  [AT] " S,2680,18F,000,3529,P1,4C" (26)
19:48:29  [AT] "SEND OK" (7)
19:48:30  [TX] S,2681,18F,000,3530,P1,45
19:48:30  [SLOT] n=2942 tx=25 ack=0 due=0 r=1
19:48:30  [AT] "AT+CIPSEND=26" (13)
19:48:30  [AT] " S,2681,18F,000,3530,P1,45" (26)
19:48:30  [AT] "SEND OK" (7)
19:48:31  [TX] S,2682,18F,000,3531,P1,47
19:48:31  [SLOT] n=2943 tx=25 ack=0 due=0 r=1
19:48:31  [AT] "AT+CIPSEND=26" (13)
19:48:31  [AT] " S,2682,18F,000,3531,P1,47" (26)
19:48:31  [AT] "SEND OK" (7)
19:48:32  [TX] S,2683,18F,000,3532,P1,45
19:48:32  [SLOT] n=2944 tx=25 ack=0 due=0 r=1
19:48:32  [AT] "AT+CIPSEND=26" (13)
19:48:32  [AT] " S,2683,18F,000,3532,P1,45" (26)
19:48:32  [AT] "SEND OK" (7)
19:48:33  [TX] S,2684,18F,000,3534,P1,44
19:48:33  [SLOT] n=2945 tx=25 ack=0 due=0 r=1
19:48:33  [AT] "AT+CIPSEND=26" (13)
19:48:33  [AT] " S,2684,18F,000,3534,P1,44" (26)
19:48:33  [AT] "SEND OK" (7)
19:48:34  [TX] S,2685,18F,000,3535,P1,44
19:48:34  [SLOT] n=2946 tx=25 ack=0 due=0 r=1
19:48:34  [AT] "AT+CIPSEND=26" (13)
19:48:34  [AT] " S,2685,18F,000,3535,P1,44" (26)
19:48:34  [AT] "SEND OK" (7)
19:48:36  [TX] S,2686,18E,000,3536,P1,47
19:48:36  [SLOT] n=2947 tx=25 ack=0 due=0 r=1
19:48:36  [AT] "AT+CIPSEND=26" (13)
19:48:36  [AT] " S,2686,18E,000,3536,P1,47" (26)
19:48:36  [AT] "SEND OK" (7)
19:48:37  [TX] S,2687,18E,000,3537,P1,47
19:48:37  [SLOT] n=2948 tx=25 ack=0 due=0 r=1
19:48:37  [AT] "AT+CIPSEND=26" (13)
19:48:37  [AT] " S,2687,18E,000,3537,P1,47" (26)
19:48:37  [AT] "SEND OK" (7)
19:48:38  [TX] S,2688,18E,000,3538,P1,47
19:48:38  [SLOT] n=2949 tx=25 ack=0 due=0 r=1
19:48:38  [AT] "AT+CIPSEND=26" (13)
19:48:38  [AT] " S,2688,18E,000,3538,P1,47" (26)
19:48:38  [AT] "SEND OK" (7)
19:48:39  [TX] S,2689,18C,000,3540,P1,4F
19:48:39  [SLOT] n=2950 tx=25 ack=0 due=0 r=1
19:48:39  [CNT] up=3540 drop=2 esprst=25 hwrst=0/0 resync=1 sendfail=0 okto=2 stuck=2 ackq=0 ackdrop=0 ackstale=0 slot=2950 oow=7 smiss=16 ssovf=0 cksumng=0 okstream=2668 penddrop=0 pendfill=2690 bigfill=26 bigdrop=0 bigokst=25 oklost=0 bigoklost=0 skip=23 online=1
19:48:39  [RAM] 최저 여유 596 B · 프롬프트 재동기 1회 (서버의 '버린줄' 과 맞아야 한다)
19:48:39  [AT] " S,2689,18C,000,3540,P1,4F" (26)
19:48:39  [AT] "SEND OK" (7)
19:48:39  [AT] "AT+CIPSEND=26" (13)
19:48:40  [TX] S,2690,18C,000,3541,P1,46
19:48:40  [SLOT] n=2951 tx=25 ack=0 due=0 r=1
19:48:40  [AT] "AT+CIPSEND=26" (13)
19:48:40  [AT] " S,2690,18C,000,3541,P1,46" (26)
19:48:40  [AT] "SEND OK" (7)
19:48:42  [TX] S,2691,18C,000,3542,P1,44
19:48:42  [SLOT] n=2952 tx=25 ack=0 due=0 r=1
19:48:42  [AT] "AT+CIPSEND=26" (13)
19:48:42  [AT] " S,2691,18C,000,3542,P1,44" (26)
19:48:42  [AT] "SEND OK" (7)
19:48:43  [TX] S,2692,18C,000,3543,P1,46
19:48:43  [SLOT] n=2953 tx=25 ack=0 due=0 r=1
19:48:43  [AT] "AT+CIPSEND=26" (13)
19:48:43  [AT] " S,2692,18C,000,3543,P1,46" (26)
19:48:43  [AT] "SEND OK" (7)
19:48:44  «tap» 살아있음 — 최근 60초 rx=8160B (이 줄이 끊기면 탭이 죽은 것이다)
19:48:44  [TX] S,2693,18D,000,3544,P1,47
19:48:44  [SLOT] n=2954 tx=25 ack=0 due=0 r=1
19:48:44  [AT] "AT+CIPSEND=26" (13)
19:48:44  [AT] " S,2693,18D,000,3544,P1,47" (26)
19:48:44  [AT] "SEND OK" (7)
19:48:45  [TX] S,2694,18D,000,3546,P1,42
19:48:45  [SLOT] n=2955 tx=25 ack=0 due=0 r=1
19:48:45  [AT] "AT+CIPSEND=26" (13)
19:48:45  [AT] " S,2694,18D,000,3546,P1,42" (26)
19:48:45  [AT] "SEND OK" (7)
19:48:46  [TX] S,2695,18D,000,3547,P1,42
19:48:46  [SLOT] n=2956 tx=25 ack=0 due=0 r=1
19:48:46  [AT] "AT+CIPSEND=26" (13)
19:48:46  [AT] " S,2695,18D,000,3547,P1,42" (26)
19:48:46  [AT] "SEND OK" (7)
19:48:48  [TX] S,2696,18D,000,3548,P1,4E
19:48:48  [SLOT] n=2957 tx=25 ack=0 due=0 r=1
19:48:48  [AT] "AT+CIPSEND=26" (13)
19:48:48  [AT] " S,2696,18D,000,3548,P1,4E" (26)
19:48:48  [AT] "SEND OK" (7)
19:48:49  [TX] S,2697,18D,000,3549,P1,4E
19:48:49  [SLOT] n=2958 tx=25 ack=0 due=0 r=1
19:48:49  [AT] "AT+CIPSEND=26" (13)
19:48:49  [AT] " S,2697,18D,000,3549,P1,4E" (26)
19:48:49  [AT] "SEND OK" (7)
19:48:50  [TX] S,2698,18D,000,3550,P1,49
19:48:50  [SLOT] n=2959 tx=25 ack=0 due=0 r=1
19:48:50  [AT] "AT+CIPSEND=26" (13)
19:48:50  [AT] " S,2698,18D,000,3550,P1,49" (26)
19:48:50  [AT] "SEND OK" (7)
19:48:51  [TX] S,2699,18F,000,3552,P1,48
19:48:51  [SLOT] n=2960 tx=25 ack=0 due=0 r=1
19:48:51  [AT] "AT+CIPSEND=26" (13)
19:48:51  [AT] " S,2699,18F,000,3552,P1,48" (26)
19:48:51  [AT] "SEND OK" (7)
19:48:52  [TX] S,2700,18E,000,3553,P1,4B
19:48:52  [SLOT] n=2961 tx=25 ack=0 due=0 r=1
19:48:52  [AT] "AT+CIPSEND=26" (13)
19:48:52  [AT] " S,2700,18E,000,3553,P1,4B" (26)
19:48:52  [AT] "SEND OK" (7)
19:48:54  [TX] S,2701,18E,000,3554,P1,4D
19:48:54  [SLOT] n=2962 tx=25 ack=0 due=0 r=1
19:48:54  [AT] "AT+CIPSEND=26" (13)
19:48:54  [AT] " S,2701,18E,000,3554,P1,4D" (26)
19:48:54  [AT] "SEND OK" (7)
19:48:55  [TX] S,2702,18E,000,3555,P1,4F
19:48:55  [SLOT] n=2963 tx=25 ack=0 due=0 r=1
19:48:55  [AT] "AT+CIPSEND=26" (13)
19:48:55  [AT] " S,2702,18E,000,3555,P1,4F" (26)
19:48:55  [AT] "SEND OK" (7)
19:48:56  [TX] S,2703,18E,000,3556,P1,4D
19:48:56  [SLOT] n=2964 tx=25 ack=0 due=0 r=1
19:48:56  [AT] "AT+CIPSEND=26" (13)
19:48:56  [AT] " S,2703,18E,000,3556,P1,4D" (26)
19:48:56  [AT] "SEND OK" (7)
19:48:57  [TX] S,2704,18E,000,3558,P1,44
19:48:57  [SLOT] n=2965 tx=25 ack=0 due=0 r=1
19:48:57  [AT] "AT+CIPSEND=26" (13)
19:48:57  [AT] " S,2704,18E,000,3558,P1,44" (26)
19:48:57  [AT] "SEND OK" (7)
19:48:58  [TX] S,2705,18E,000,3559,P1,44
19:48:58  [SLOT] n=2966 tx=25 ack=0 due=0 r=1
19:48:58  [AT] "AT+CIPSEND=26" (13)
19:48:58  [AT] " S,2705,18E,000,3559,P1,44" (26)
19:48:58  [AT] "SEND OK" (7)
19:49:00  [TX] S,2706,18E,000,3560,P1,4D
19:49:00  [SLOT] n=2967 tx=25 ack=0 due=0 r=1
19:49:00  [AT] "AT+CIPSEND=26" (13)
19:49:00  [AT] " S,2706,18E,000,3560,P1,4D" (26)
19:49:00  [AT] "SEND OK" (7)
19:49:01  [TX] S,2707,18F,000,3561,P1,4E
19:49:01  [SLOT] n=2968 tx=25 ack=0 due=0 r=1
19:49:01  [AT] "AT+CIPSEND=26" (13)
19:49:01  [AT] " S,2707,18F,000,3561,P1,4E" (26)
19:49:01  [AT] "SEND OK" (7)
19:49:02  [TX] S,2708,18F,000,3562,P1,42
19:49:02  [SLOT] n=2969 tx=25 ack=0 due=0 r=1
19:49:02  [AT] "AT+CIPSEND=26" (13)
19:49:02  [AT] " S,2708,18F,000,3562,P1,42" (26)
19:49:02  [AT] "SEND OK" (7)
19:49:03  [TX] S,2709,18D,000,3564,P1,47
19:49:03  [SLOT] n=2970 tx=25 ack=0 due=0 r=1
19:49:03  [AT] "AT+CIPSEND=26" (13)
19:49:03  [AT] " S,2709,18D,000,3564,P1,47" (26)
19:49:03  [AT] "SEND OK" (7)
19:49:04  [TX] S,2710,18D,000,3565,P1,4E
19:49:04  [SLOT] n=2971 tx=25 ack=0 due=0 r=1
19:49:04  [AT] "AT+CIPSEND=26" (13)
19:49:04  [AT] " S,2710,18D,000,3565,P1,4E" (26)
19:49:04  [AT] "SEND OK" (7)
19:49:06  [TX] S,2711,18D,000,3566,P1,4C
19:49:06  [SLOT] n=2972 tx=25 ack=0 due=0 r=1
19:49:06  [AT] "AT+CIPSEND=26" (13)
19:49:06  [AT] " S,2711,18D,000,3566,P1,4C" (26)
19:49:06  [AT] "SEND OK" (7)
19:49:07  [TX] S,2712,18D,000,3567,P1,4E
19:49:07  [SLOT] n=2973 tx=25 ack=0 due=0 r=1
19:49:07  [AT] "AT+CIPSEND=26" (13)
19:49:07  [AT] " S,2712,18D,000,3567,P1,4E" (26)
19:49:07  [AT] "SEND OK" (7)
19:49:08  [TX] S,2713,18D,000,3568,P1,40
19:49:08  [SLOT] n=2974 tx=25 ack=0 due=0 r=1
19:49:08  [AT] "AT+CIPSEND=26" (13)
19:49:08  [AT] " S,2713,18D,000,3568,P1,40" (26)
19:49:08  [AT] "SEND OK" (7)
19:49:09  [TX] S,2714,18C,000,3570,P1,49
19:49:09  [SLOT] n=2975 tx=25 ack=0 due=0 r=1
19:49:09  [AT] "AT+CIPSEND=26" (13)
19:49:09  [AT] " S,2714,18C,000,3570,P1,49" (26)
19:49:09  [AT] "SEND OK" (7)
19:49:10  [TX] S,2715,18C,000,3571,P1,49
19:49:10  [SLOT] n=2976 tx=25 ack=0 due=0 r=1
19:49:10  [AT] "AT+CIPSEND=26" (13)
19:49:10  [AT] " S,2715,18C,000,3571,P1,49" (26)
19:49:10  [AT] "SEND OK" (7)
19:49:12  [TX] S,2716,18C,000,3572,P1,49
19:49:12  [SLOT] n=2977 tx=25 ack=0 due=0 r=1
19:49:12  [AT] "AT+CIPSEND=26" (13)
19:49:12  [AT] " S,2716,18C,000,3572,P1,49" (26)
19:49:12  [AT] "SEND OK" (7)
19:49:13  [TX] S,2717,18C,000,3573,P1,49
19:49:13  [SLOT] n=2978 tx=25 ack=0 due=0 r=1
19:49:13  [AT] "AT+CIPSEND=26" (13)
19:49:13  [AT] " S,2717,18C,000,3573,P1,49" (26)
19:49:13  [AT] "SEND OK" (7)
19:49:14  [TX] S,2718,18C,000,3574,P1,41
19:49:14  [SLOT] n=2979 tx=25 ack=0 due=0 r=1
19:49:14  [AT] "AT+CIPSEND=26" (13)
19:49:14  [AT] " S,2718,18C,000,3574,P1,41" (26)
19:49:14  [AT] "SEND OK" (7)
19:49:15  [TX] S,2719,18E,000,3576,P1,44
19:49:15  [SLOT] n=2980 tx=25 ack=0 due=0 r=1
19:49:15  [AT] "AT+CIPSEND=26" (13)
19:49:16  [AT] " S,2719,18E,000,3576,P1,44" (26)
19:49:16  [AT] "SEND OK" (7)
19:49:16  [TX] S,2720,18E,000,3577,P1,4F
19:49:16  [SLOT] n=2981 tx=25 ack=0 due=0 r=1
19:49:16  [AT] "AT+CIPSEND=26" (13)
19:49:16  [AT] " S,2720,18E,000,3577,P1,4F" (26)
19:49:16  [AT] "SEND OK" (7)
19:49:18  [TX] S,2721,18F,000,3578,P1,42
19:49:18  [SLOT] n=2982 tx=25 ack=0 due=0 r=1
19:49:18  [AT] "AT+CIPSEND=26" (13)
19:49:18  [AT] " S,2721,18F,000,3578,P1,42" (26)
19:49:18  [AT] "SEND OK" (7)
19:49:19  [TX] S,2722,18F,000,3579,P1,40
19:49:19  [SLOT] n=2983 tx=25 ack=0 due=0 r=1
19:49:19  [AT] "AT+CIPSEND=26" (13)
19:49:19  [AT] " S,2722,18F,000,3579,P1,40" (26)
19:49:19  [AT] "SEND OK" (7)
19:49:20  [TX] S,2723,18F,000,3580,P1,47
19:49:20  [SLOT] n=2984 tx=25 ack=0 due=0 r=1
19:49:20  [AT] "AT+CIPSEND=26" (13)
19:49:20  [AT] " S,2723,18F,000,3580,P1,47" (26)
19:49:20  [AT] "SEND OK" (7)
19:49:21  [TX] S,2724,18F,000,3582,P1,42
19:49:21  [SLOT] n=2985 tx=25 ack=0 due=0 r=1
19:49:21  [AT] "AT+CIPSEND=26" (13)
19:49:21  [AT] " S,2724,18F,000,3582,P1,42" (26)
19:49:21  [AT] "SEND OK" (7)
19:49:22  [TX] S,2725,18F,000,3583,P1,42
19:49:22  [SLOT] n=2986 tx=25 ack=0 due=0 r=1
19:49:22  [AT] "AT+CIPSEND=26" (13)
19:49:22  [AT] " S,2725,18F,000,3583,P1,42" (26)
19:49:22  [AT] "SEND OK" (7)
19:49:24  [TX] S,2726,18F,000,3584,P1,46
19:49:24  [SLOT] n=2987 tx=25 ack=0 due=0 r=1
19:49:24  [AT] "AT+CIPSEND=26" (13)
19:49:24  [AT] " S,2726,18F,000,3584,P1,46" (26)
19:49:24  [AT] "SEND OK" (7)
19:49:25  [TX] S,2727,18F,000,3585,P1,46
19:49:25  [SLOT] n=2988 tx=25 ack=0 due=0 r=1
19:49:25  [AT] "AT+CIPSEND=26" (13)
19:49:25  [AT] " S,2727,18F,000,3585,P1,46" (26)
19:49:25  [AT] "SEND OK" (7)
19:49:26  [TX] S,2728,18E,000,3586,P1,49
19:49:26  [SLOT] n=2989 tx=25 ack=0 due=0 r=1
19:49:26  [AT] "AT+CIPSEND=26" (13)
19:49:26  [AT] " S,2728,18E,000,3586,P1,49" (26)
19:49:26  [AT] "SEND OK" (7)
19:49:27  [TX] S,2729,18C,000,3588,P1,40
19:49:27  [SLOT] n=2990 tx=25 ack=0 due=0 r=1
19:49:27  [AT] "AT+CIPSEND=26" (13)
19:49:27  [AT] " S,2729,18C,000,3588,P1,40" (26)
19:49:27  [AT] "SEND OK" (7)
19:49:28  [TX] S,2730,18C,000,3589,P1,49
19:49:28  [SLOT] n=2991 tx=25 ack=0 due=0 r=1
19:49:28  [AT] "AT+CIPSEND=26" (13)
19:49:28  [AT] " S,2730,18C,000,3589,P1,49" (26)
19:49:28  [AT] "SEND OK" (7)
19:49:30  [TX] S,2731,18C,000,3590,P1,40
19:49:30  [SLOT] n=2992 tx=25 ack=0 due=0 r=1
19:49:30  [AT] "AT+CIPSEND=26" (13)
19:49:30  [AT] " S,2731,18C,000,3590,P1,40" (26)
19:49:30  [AT] "SEND OK" (7)
19:49:31  [TX] S,2732,18C,000,3591,P1,42
19:49:31  [SLOT] n=2993 tx=25 ack=0 due=0 r=1
19:49:31  [AT] "AT+CIPSEND=26" (13)
19:49:31  [AT] " S,2732,18C,000,3591,P1,42" (26)
19:49:31  [AT] "SEND OK" (7)
19:49:32  [TX] S,2733,18C,000,3592,P1,40
19:49:32  [SLOT] n=2994 tx=25 ack=0 due=0 r=1
19:49:32  [AT] "AT+CIPSEND=26" (13)
19:49:32  [AT] " S,2733,18C,000,3592,P1,40" (26)
19:49:32  [AT] "SEND OK" (7)
19:49:33  [TX] S,2734,18C,000,3594,P1,41
19:49:33  [SLOT] n=2995 tx=25 ack=0 due=0 r=1
19:49:33  [AT] "AT+CIPSEND=26" (13)
19:49:33  [AT] " S,2734,18C,000,3594,P1,41" (26)
19:49:33  [AT] "SEND OK" (7)
19:49:34  [TX] S,2735,18D,000,3595,P1,46
19:49:34  [SLOT] n=2996 tx=25 ack=0 due=0 r=1
19:49:34  [AT] "AT+CIPSEND=26" (13)
19:49:34  [AT] " S,2735,18D,000,3595,P1,46" (26)
19:49:34  [AT] "SEND OK" (7)
19:49:36  [TX] S,2736,18D,000,3596,P1,46
19:49:36  [SLOT] n=2997 tx=25 ack=0 due=0 r=1
19:49:36  [AT] "AT+CIPSEND=26" (13)
19:49:36  [AT] " S,2736,18D,000,3596,P1,46" (26)
19:49:36  [AT] "SEND OK" (7)
19:49:37  [TX] S,2737,18D,000,3597,P1,46
19:49:37  [SLOT] n=2998 tx=25 ack=0 due=0 r=1
19:49:37  [AT] "AT+CIPSEND=26" (13)
19:49:37  [AT] " S,2737,18D,000,3597,P1,46" (26)
19:49:37  [AT] "SEND OK" (7)
19:49:38  [TX] S,2738,18D,000,3598,P1,46
19:49:38  [SLOT] n=2999 tx=25 ack=0 due=0 r=1
19:49:38  [AT] "AT+CIPSEND=26" (13)
19:49:38  [AT] " S,2738,18D,000,3598,P1,46" (26)
19:49:38  [AT] "SEND OK" (7)
19:49:39  [TX] S,2739,18F,000,3600,P1,47
19:49:39  [SLOT] n=3000 tx=25 ack=0 due=0 r=1
19:49:39  [CNT] up=3600 drop=2 esprst=25 hwrst=0/0 resync=1 sendfail=0 okto=2 stuck=2 ackq=0 ackdrop=0 ackstale=0 slot=3000 oow=7 smiss=16 ssovf=0 cksumng=0 okstream=2718 penddrop=0 pendfill=2740 bigfill=26 bigdrop=0 bigokst=25 oklost=0 bigoklost=0 skip=23 online=1
19:49:39  [RAM] 최저 여유 596 B · 프롬프트 재동기 1회 (서버의 '버린줄' 과 맞아야 한다)
19:49:39  [AT] "AT+CIPSEND=26" (13)
19:49:39  [AT] " S,2739,18F,000,3600,P1,47" (26)
19:49:39  [AT] "SEND OK" (7)
19:49:40  [TX] S,2740,18F,000,3601,P1,48
19:49:40  [SLOT] n=3001 tx=25 ack=0 due=0 r=1
19:49:40  [AT] "AT+CIPSEND=26" (13)
19:49:40  [AT] " S,2740,18F,000,3601,P1,48" (26)
19:49:40  [AT] "SEND OK" (7)
19:49:42  [TX] S,2741,18F,000,3602,P1,4A
19:49:42  [SLOT] n=3002 tx=25 ack=0 due=0 r=1
19:49:42  [AT] "AT+CIPSEND=26" (13)
19:49:42  [AT] " S,2741,18F,000,3602,P1,4A" (26)
19:49:42  [AT] "SEND OK" (7)
19:49:43  [TX] S,2742,18E,000,3603,P1,4B
19:49:43  [SLOT] n=3003 tx=25 ack=0 due=0 r=1
19:49:43  [AT] "AT+CIPSEND=26" (13)
19:49:43  [AT] " S,2742,18E,000,3603,P1,4B" (26)
19:49:43  [AT] "SEND OK" (7)
19:49:45  «tap» 살아있음 — 최근 60초 rx=8160B (이 줄이 끊기면 탭이 죽은 것이다)
19:49:45  [TX] S,2743,18E,000,3604,P1,4D
19:49:45  [SLOT] n=3004 tx=25 ack=0 due=0 r=1
19:49:45  [AT] "AT+CIPSEND=26" (13)
19:49:45  [AT] " S,2743,18E,000,3604,P1,4D" (26)
19:49:45  [AT] "SEND OK" (7)
19:49:46  [TX] S,2744,18E,000,3606,P1,48
19:49:46  [SLOT] n=3005 tx=25 ack=0 due=0 r=1
19:49:46  [AT] "AT+CIPSEND=26" (13)
19:49:46  [AT] " S,2744,18E,000,3606,P1,48" (26)
19:49:46  [AT] "SEND OK" (7)
19:49:47  [TX] S,2745,18E,000,3607,P1,48
19:49:47  [SLOT] n=3006 tx=25 ack=0 due=0 r=1
19:49:47  [AT] "AT+CIPSEND=26" (13)
19:49:47  [AT] " S,2745,18E,000,3607,P1,48" (26)
19:49:47  [AT] "SEND OK" (7)
19:49:49  [TX] S,2746,18E,000,3608,P1,44
19:49:49  [SLOT] n=3007 tx=25 ack=0 due=0 r=1
19:49:49  [AT] "AT+CIPSEND=26" (13)
19:49:49  [AT] " S,2746,18E,000,3608,P1,44" (26)
19:49:49  [AT] "SEND OK" (7)
19:49:50  [TX] S,2747,18E,000,3609,P1,44
19:49:50  [SLOT] n=3008 tx=25 ack=0 due=0 r=1
19:49:50  [AT] "AT+CIPSEND=26" (13)
19:49:50  [AT] " S,2747,18E,000,3609,P1,44" (26)
19:49:50  [AT] "SEND OK" (7)
19:49:51  [TX] S,2748,18E,000,3610,P1,43
19:49:51  [SLOT] n=3009 tx=25 ack=0 due=0 r=1
19:49:51  [AT] "AT+CIPSEND=26" (13)
19:49:51  [AT] " S,2748,18E,000,3610,P1,43" (26)
19:49:51  [AT] "SEND OK" (7)
19:49:52  [TX] S,2749,18D,000,3612,P1,41
19:49:52  [SLOT] n=3010 tx=25 ack=0 due=0 r=1
19:49:52  [AT] "AT+CIPSEND=26" (13)
19:49:52  [AT] " S,2749,18D,000,3612,P1,41" (26)
19:49:52  [AT] "SEND OK" (7)
19:49:53  [TX] S,2750,18D,000,3613,P1,48
19:49:53  [SLOT] n=3011 tx=25 ack=0 due=0 r=1
19:49:53  [AT] "AT+CIPSEND=26" (13)
19:49:53  [AT] " S,2750,18D,000,3613,P1,48" (26)
19:49:53  [AT] "SEND OK" (7)
19:49:55  [TX] S,2751,18D,000,3614,P1,4E
19:49:55  [SLOT] n=3012 tx=25 ack=0 due=0 r=1
19:49:55  [AT] "AT+CIPSEND=26" (13)
19:49:55  [AT] " S,2751,18D,000,3614,P1,4E" (26)
19:49:55  [AT] "SEND OK" (7)
19:49:56  [TX] S,2752,18D,000,3615,P1,4C
19:49:56  [SLOT] n=3013 tx=25 ack=0 due=0 r=1
19:49:56  [AT] "AT+CIPSEND=26" (13)
19:49:56  [AT] " S,2752,18D,000,3615,P1,4C" (26)
19:49:56  [AT] "SEND OK" (7)
19:49:57  [TX] S,2753,18D,000,3616,P1,4E
19:49:57  [SLOT] n=3014 tx=25 ack=0 due=0 r=1
19:49:57  [AT] "AT+CIPSEND=26" (13)
19:49:57  [AT] " S,2753,18D,000,3616,P1,4E" (26)
19:49:57  [AT] "SEND OK" (7)
19:49:58  [TX] S,2754,18D,000,3618,P1,47
19:49:58  [SLOT] n=3015 tx=25 ack=0 due=0 r=1
19:49:58  [AT] "AT+CIPSEND=26" (13)
19:49:58  [AT] " S,2754,18D,000,3618,P1,47" (26)
19:49:58  [AT] "SEND OK" (7)
19:49:59  [TX] S,2755,18D,000,3619,P1,47
19:49:59  [SLOT] n=3016 tx=25 ack=0 due=0 r=1
19:49:59  [AT] "AT+CIPSEND=26" (13)
19:49:59  [AT] " S,2755,18D,000,3619,P1,47" (26)
19:49:59  [AT] "SEND OK" (7)
19:50:01  [TX] S,2756,18C,000,3620,P1,49
19:50:01  [SLOT] n=3017 tx=25 ack=0 due=0 r=1
19:50:01  [AT] "AT+CIPSEND=26" (13)
19:50:01  [AT] " S,2756,18C,000,3620,P1,49" (26)
19:50:01  [AT] "SEND OK" (7)
19:50:02  [TX] S,2757,18C,000,3621,P1,49
19:50:02  [SLOT] n=3018 tx=25 ack=0 due=0 r=1
19:50:02  [AT] "AT+CIPSEND=26" (13)
19:50:02  [AT] " S,2757,18C,000,3621,P1,49" (26)
19:50:02  [AT] "SEND OK" (7)
19:50:03  [TX] S,2758,18C,000,3622,P1,45
19:50:03  [SLOT] n=3019 tx=25 ack=0 due=0 r=1
19:50:03  [AT] "AT+CIPSEND=26" (13)
19:50:03  [AT] " S,2758,18C,000,3622,P1,45" (26)
19:50:03  [AT] "SEND OK" (7)
19:50:04  [TX] S,2759,18E,000,3624,P1,44
19:50:04  [SLOT] n=3020 tx=25 ack=0 due=0 r=1
19:50:04  [AT] "AT+CIPSEND=26" (13)
19:50:04  [AT] " S,2759,18E,000,3624,P1,44" (26)
19:50:04  [AT] "SEND OK" (7)
19:50:05  [TX] S,2760,18E,000,3625,P1,4F
19:50:05  [SLOT] n=3021 tx=25 ack=0 due=0 r=1
19:50:05  [AT] "AT+CIPSEND=26" (13)
19:50:05  [AT] " S,2760,18E,000,3625,P1,4F" (26)
19:50:05  [AT] "SEND OK" (7)
19:50:07  [TX] S,2761,18E,000,3626,P1,4D
19:50:07  [SLOT] n=3022 tx=25 ack=0 due=0 r=1
19:50:07  [AT] "AT+CIPSEND=26" (13)
19:50:07  [AT] " S,2761,18E,000,3626,P1,4D" (26)
19:50:07  [AT] "SEND OK" (7)
19:50:08  [TX] S,2762,18E,000,3627,P1,4F
19:50:08  [SLOT] n=3023 tx=25 ack=0 due=0 r=1
19:50:08  [AT] "AT+CIPSEND=26" (13)
19:50:08  [AT] " S,2762,18E,000,3627,P1,4F" (26)
19:50:08  [AT] "SEND OK" (7)
19:50:09  [TX] S,2763,18F,000,3628,P1,42
19:50:09  [SLOT] n=3024 tx=25 ack=0 due=0 r=1
19:50:09  [AT] "AT+CIPSEND=26" (13)
19:50:09  [AT] " S,2763,18F,000,3628,P1,42" (26)
19:50:09  [AT] "SEND OK" (7)
19:50:10  [TX] S,2764,18F,000,3630,P1,4C
19:50:10  [SLOT] n=3025 tx=25 ack=0 due=0 r=1
19:50:10  [AT] "AT+CIPSEND=26" (13)
19:50:10  [AT] " S,2764,18F,000,3630,P1,4C" (26)
19:50:10  [AT] "SEND OK" (7)
19:50:11  [TX] S,2765,18F,000,3631,P1,4C
19:50:11  [SLOT] n=3026 tx=25 ack=0 due=0 r=1
19:50:11  [AT] "AT+CIPSEND=26" (13)
19:50:11  [AT] " S,2765,18F,000,3631,P1,4C" (26)
19:50:11  [AT] "SEND OK" (7)
19:50:13  [TX] S,2766,18F,000,3632,P1,4C
19:50:13  [SLOT] n=3027 tx=25 ack=0 due=0 r=1
19:50:13  [AT] "AT+CIPSEND=26" (13)
19:50:13  [AT] " S,2766,18F,000,3632,P1,4C" (26)
19:50:13  [AT] "SEND OK" (7)
19:50:14  [TX] S,2767,18F,000,3633,P1,4C
19:50:14  [SLOT] n=3028 tx=25 ack=0 due=0 r=1
19:50:14  [AT] "AT+CIPSEND=26" (13)
19:50:14  [AT] " S,2767,18F,000,3633,P1,4C" (26)
19:50:14  [AT] "SEND OK" (7)
19:50:15  [TX] S,2768,18F,000,3634,P1,44
19:50:15  [SLOT] n=3029 tx=25 ack=0 due=0 r=1
19:50:15  [AT] "AT+CIPSEND=26" (13)
19:50:15  [AT] " S,2768,18F,000,3634,P1,44" (26)
19:50:15  [AT] "SEND OK" (7)
19:50:16  [TX] S,2769,18D,000,3636,P1,45
19:50:16  [SLOT] n=3030 tx=25 ack=0 due=0 r=1
19:50:16  [AT] "AT+CIPSEND=26" (13)
19:50:16  [AT] " S,2769,18D,000,3636,P1,45" (26)
19:50:16  [AT] "SEND OK" (7)
19:50:17  [TX] S,2770,18C,000,3637,P1,4B
19:50:17  [SLOT] n=3031 tx=25 ack=0 due=0 r=1
19:50:17  [AT] "AT+CIPSEND=26" (13)
19:50:17  [AT] " S,2770,18C,000,3637,P1,4B" (26)
19:50:17  [AT] "SEND OK" (7)
19:50:19  [TX] S,2771,18C,000,3638,P1,45
19:50:19  [SLOT] n=3032 tx=25 ack=0 due=0 r=1
19:50:19  [AT] "AT+CIPSEND=26" (13)
19:50:19  [AT] " S,2771,18C,000,3638,P1,45" (26)
19:50:19  [AT] "SEND OK" (7)
19:50:20  [TX] S,2772,18C,000,3639,P1,47
19:50:20  [SLOT] n=3033 tx=25 ack=0 due=0 r=1
19:50:20  [AT] "AT+CIPSEND=26" (13)
19:50:20  [AT] " S,2772,18C,000,3639,P1,47" (26)
19:50:20  [AT] "SEND OK" (7)
19:50:21  [TX] S,2773,18C,000,3640,P1,48
19:50:21  [SLOT] n=3034 tx=25 ack=0 due=0 r=1
19:50:21  [AT] "AT+CIPSEND=26" (13)
19:50:21  [AT] " S,2773,18C,000,3640,P1,48" (26)
19:50:21  [AT] "SEND OK" (7)
19:50:22  [TX] S,2774,18C,000,3642,P1,4D
19:50:22  [SLOT] n=3035 tx=25 ack=0 due=0 r=1
19:50:22  [AT] "AT+CIPSEND=26" (13)
19:50:22  [AT] " S,2774,18C,000,3642,P1,4D" (26)
19:50:22  [AT] "SEND OK" (7)
19:50:23  [TX] S,2775,18C,000,3643,P1,4D
19:50:23  [SLOT] n=3036 tx=25 ack=0 due=0 r=1
19:50:23  [AT] "AT+CIPSEND=26" (13)
19:50:23  [AT] " S,2775,18C,000,3643,P1,4D" (26)
19:50:23  [AT] "SEND OK" (7)
19:50:25  [TX] S,2776,18C,000,3644,P1,49
19:50:25  [SLOT] n=3037 tx=25 ack=0 due=0 r=1
19:50:25  [AT] "AT+CIPSEND=26" (13)
19:50:25  [AT] " S,2776,18C,000,3644,P1,49" (26)
19:50:25  [AT] "SEND OK" (7)
19:50:26  [TX] S,2777,18D,000,3645,P1,4E
19:50:26  [SLOT] n=3038 tx=25 ack=0 due=0 r=1
19:50:26  [AT] "AT+CIPSEND=26" (13)
19:50:26  [AT] " S,2777,18D,000,3645,P1,4E" (26)
19:50:26  [AT] "SEND OK" (7)
19:50:27  [TX] S,2778,18D,000,3646,P1,42
19:50:27  [SLOT] n=3039 tx=25 ack=0 due=0 r=1
19:50:27  [AT] "AT+CIPSEND=26" (13)
19:50:27  [AT] " S,2778,18D,000,3646,P1,42" (26)
19:50:27  [AT] "SEND OK" (7)
19:50:28  [TX] S,2779,18F,000,3648,P1,4F
19:50:28  [SLOT] n=3040 tx=25 ack=0 due=0 r=1
19:50:28  [AT] "AT+CIPSEND=26" (13)
19:50:28  [AT] " S,2779,18F,000,3648,P1,4F" (26)
19:50:28  [AT] "SEND OK" (7)
19:50:29  [TX] S,2780,18F,000,3649,P1,48
19:50:29  [SLOT] n=3041 tx=25 ack=0 due=0 r=1
19:50:29  [AT] "AT+CIPSEND=26" (13)
19:50:29  [AT] " S,2780,18F,000,3649,P1,48" (26)
19:50:29  [AT] "SEND OK" (7)
19:50:31  [TX] S,2781,18F,000,3650,P1,41
19:50:31  [SLOT] n=3042 tx=25 ack=0 due=0 r=1
19:50:31  [AT] "AT+CIPSEND=26" (13)
19:50:31  [AT] " S,2781,18F,000,3650,P1,41" (26)
19:50:31  [AT] "SEND OK" (7)
19:50:32  [TX] S,2782,18F,000,3651,P1,43
19:50:32  [SLOT] n=3043 tx=25 ack=0 due=0 r=1
19:50:32  [AT] "AT+CIPSEND=26" (13)
19:50:32  [AT] " S,2782,18F,000,3651,P1,43" (26)
19:50:32  [AT] "SEND OK" (7)
19:50:33  [TX] S,2783,18F,000,3652,P1,41
19:50:33  [SLOT] n=3044 tx=25 ack=0 due=0 r=1
19:50:33  [AT] "AT+CIPSEND=26" (13)
19:50:33  [AT] " S,2783,18F,000,3652,P1,41" (26)
19:50:33  [AT] "SEND OK" (7)
19:50:34  [TX] S,2784,18E,000,3654,P1,43
19:50:34  [SLOT] n=3045 tx=25 ack=0 due=0 r=1
19:50:34  [AT] "AT+CIPSEND=26" (13)
19:50:34  [AT] " S,2784,18E,000,3654,P1,43" (26)
19:50:34  [AT] "SEND OK" (7)
19:50:35  [TX] S,2785,18E,000,3655,P1,43
19:50:35  [SLOT] n=3046 tx=25 ack=0 due=0 r=1
19:50:35  [AT] "AT+CIPSEND=26" (13)
19:50:35  [AT] " S,2785,18E,000,3655,P1,43" (26)
19:50:35  [AT] "SEND OK" (7)
19:50:37  [TX] S,2786,18E,000,3656,P1,43
19:50:37  [SLOT] n=3047 tx=25 ack=0 due=0 r=1
19:50:37  [AT] "AT+CIPSEND=26" (13)
19:50:37  [AT] " S,2786,18E,000,3656,P1,43" (26)
19:50:37  [AT] "SEND OK" (7)
19:50:38  [TX] S,2787,18E,000,3657,P1,43
19:50:38  [SLOT] n=3048 tx=25 ack=0 due=0 r=1
19:50:38  [AT] "AT+CIPSEND=26" (13)
19:50:38  [AT] " S,2787,18E,000,3657,P1,43" (26)
19:50:38  [AT] "SEND OK" (7)
19:50:39  [TX] S,2788,18E,000,3658,P1,43
19:50:39  [SLOT] n=3049 tx=25 ack=0 due=0 r=1
19:50:39  [AT] "AT+CIPSEND=26" (13)
19:50:39  [AT] " S,2788,18E,000,3658,P1,43" (26)
19:50:39  [AT] "SEND OK" (7)
19:50:40  [TX] S,2789,18C,000,3660,P1,4F
19:50:40  [SLOT] n=3050 tx=25 ack=0 due=0 r=1
19:50:40  [CNT] up=3660 drop=2 esprst=25 hwrst=0/0 resync=1 sendfail=0 okto=2 stuck=2 ackq=0 ackdrop=0 ackstale=0 slot=3050 oow=7 smiss=16 ssovf=0 cksumng=0 okstream=2768 penddrop=0 pendfill=2790 bigfill=26 bigdrop=0 bigokst=25 oklost=0 bigoklost=0 skip=23 online=1
19:50:40  [RAM] 최저 여유 596 B · 프롬프트 재동기 1회 (서버의 '버린줄' 과 맞아야 한다)
19:50:40  [AT] " S,2789,18C,000,3660,P1,4F" (26)
19:50:40  [AT] "SEND OK" (7)
19:50:40  [AT] "AT+CIPSEND=26" (13)
19:50:41  [TX] S,2790,18C,000,3661,P1,46
19:50:41  [SLOT] n=3051 tx=25 ack=0 due=0 r=1
19:50:41  [AT] "AT+CIPSEND=26" (13)
19:50:41  [AT] " S,2790,18C,000,3661,P1,46" (26)
19:50:41  [AT] "SEND OK" (7)
19:50:42  [TX] S,2791,18D,000,3662,P1,43
19:50:43  [SLOT] n=3052 tx=25 ack=0 due=0 r=1
19:50:43  [AT] "AT+CIPSEND=26" (13)
19:50:43  [AT] " S,2791,18D,000,3662,P1,43" (26)
19:50:43  [AT] "SEND OK" (7)
19:50:44  [TX] S,2792,18D,000,3663,P1,41
19:50:44  [SLOT] n=3053 tx=25 ack=0 due=0 r=1
19:50:44  [AT] "AT+CIPSEND=26" (13)
19:50:44  [AT] " S,2792,18D,000,3663,P1,41" (26)
19:50:44  [AT] "SEND OK" (7)
19:50:45  «tap» 살아있음 — 최근 60초 rx=8160B (이 줄이 끊기면 탭이 죽은 것이다)
19:50:45  [TX] S,2793,18D,000,3664,P1,47
19:50:45  [SLOT] n=3054 tx=25 ack=0 due=0 r=1
19:50:45  [AT] "AT+CIPSEND=26" (13)
19:50:45  [AT] " S,2793,18D,000,3664,P1,47" (26)
19:50:45  [AT] "SEND OK" (7)
19:50:46  [TX] S,2794,18D,000,3666,P1,42
19:50:46  [SLOT] n=3055 tx=25 ack=0 due=0 r=1
19:50:46  [AT] "AT+CIPSEND=26" (13)
19:50:46  [AT] " S,2794,18D,000,3666,P1,42" (26)
19:50:46  [AT] "SEND OK" (7)
19:50:47  [TX] S,2795,18D,000,3667,P1,42
19:50:47  [SLOT] n=3056 tx=25 ack=0 due=0 r=1
19:50:47  [AT] "AT+CIPSEND=26" (13)
19:50:47  [AT] " S,2795,18D,000,3667,P1,42" (26)
19:50:47  [AT] "SEND OK" (7)
19:50:48  [TX] S,2796,18D,000,3668,P1,4E
19:50:48  [SLOT] n=3057 tx=25 ack=0 due=0 r=1
19:50:48  [AT] "AT+CIPSEND=26" (13)
19:50:49  [AT] " S,2796,18D,000,3668,P1,4E" (26)
19:50:49  [AT] "SEND OK" (7)
19:50:50  [TX] S,2797,18D,000,3669,P1,4E
19:50:50  [SLOT] n=3058 tx=25 ack=0 due=0 r=1
19:50:50  [AT] "AT+CIPSEND=26" (13)
19:50:50  [AT] " S,2797,18D,000,3669,P1,4E" (26)
19:50:50  [AT] "SEND OK" (7)
19:50:51  [TX] S,2798,18C,000,3670,P1,4E
19:50:51  [SLOT] n=3059 tx=25 ack=0 due=0 r=1
19:50:51  [AT] "AT+CIPSEND=26" (13)
19:50:51  [AT] " S,2798,18C,000,3670,P1,4E" (26)
19:50:51  [AT] "SEND OK" (7)
19:50:52  [TX] S,2799,18E,000,3672,P1,4B
19:50:52  [SLOT] n=3060 tx=25 ack=0 due=0 r=1
19:50:52  [AT] "AT+CIPSEND=26" (13)
19:50:52  [AT] " S,2799,18E,000,3672,P1,4B" (26)
19:50:52  [AT] "SEND OK" (7)
19:50:53  [TX] S,2800,18E,000,3673,P1,45
19:50:53  [SLOT] n=3061 tx=25 ack=0 due=0 r=1
19:50:53  [AT] "AT+CIPSEND=26" (13)
19:50:53  [AT] " S,2800,18E,000,3673,P1,45" (26)
19:50:53  [AT] "SEND OK" (7)
19:50:54  [TX] S,2801,18E,000,3674,P1,43
19:50:54  [SLOT] n=3062 tx=25 ack=0 due=0 r=1
19:50:54  [AT] "AT+CIPSEND=26" (13)
19:50:55  [AT] " S,2801,18E,000,3674,P1,43" (26)
19:50:55  [AT] "SEND OK" (7)
19:50:56  [TX] S,2802,18E,000,3675,P1,41
19:50:56  [SLOT] n=3063 tx=25 ack=0 due=0 r=1
19:50:56  [AT] "AT+CIPSEND=26" (13)
19:50:56  [AT] " S,2802,18E,000,3675,P1,41" (26)
19:50:56  [AT] "SEND OK" (7)
19:50:57  [TX] S,2803,18E,000,3676,P1,43
19:50:57  [SLOT] n=3064 tx=25 ack=0 due=0 r=1
19:50:57  [AT] "AT+CIPSEND=26" (13)
19:50:57  [AT] " S,2803,18E,000,3676,P1,43" (26)
19:50:57  [AT] "SEND OK" (7)
19:50:58  [TX] S,2804,18E,000,3678,P1,4A
19:50:58  [SLOT] n=3065 tx=25 ack=0 due=0 r=1
19:50:58  [AT] "AT+CIPSEND=26" (13)
19:50:58  [AT] " S,2804,18E,000,3678,P1,4A" (26)
19:50:58  [AT] "SEND OK" (7)
19:50:59  [TX] S,2805,18F,000,3679,P1,49
19:50:59  [SLOT] n=3066 tx=25 ack=0 due=0 r=1
19:50:59  [AT] "AT+CIPSEND=26" (13)
19:50:59  [AT] " S,2805,18F,000,3679,P1,49" (26)
19:50:59  [AT] "SEND OK" (7)
19:51:00  [TX] S,2806,18F,000,3680,P1,4C
19:51:00  [SLOT] n=3067 tx=25 ack=0 due=0 r=1
19:51:00  [AT] "AT+CIPSEND=26" (13)
19:51:00  [AT] " S,2806,18F,000,3680,P1,4C" (26)
19:51:00  [AT] "SEND OK" (7)
19:51:02  [TX] S,2807,18F,000,3681,P1,4C
19:51:02  [SLOT] n=3068 tx=25 ack=0 due=0 r=1
19:51:02  [AT] "AT+CIPSEND=26" (13)
19:51:02  [AT] " S,2807,18F,000,3681,P1,4C" (26)
19:51:02  [AT] "SEND OK" (7)
19:51:03  [TX] S,2808,18F,000,3682,P1,40
19:51:03  [SLOT] n=3069 tx=25 ack=0 due=0 r=1
19:51:03  [AT] "AT+CIPSEND=26" (13)
19:51:03  [AT] " S,2808,18F,000,3682,P1,40" (26)
19:51:03  [AT] "SEND OK" (7)
19:51:04  [TX] S,2809,18D,000,3684,P1,45
19:51:04  [SLOT] n=3070 tx=25 ack=0 due=0 r=1
19:51:04  [AT] "AT+CIPSEND=26" (13)
19:51:04  [AT] " S,2809,18D,000,3684,P1,45" (26)
19:51:04  [AT] "SEND OK" (7)
19:51:05  [TX] S,2810,18D,000,3685,P1,4C
19:51:05  [SLOT] n=3071 tx=25 ack=0 due=0 r=1
19:51:05  [AT] "AT+CIPSEND=26" (13)
19:51:05  [AT] " S,2810,18D,000,3685,P1,4C" (26)
19:51:05  [AT] "SEND OK" (7)
19:51:06  [TX] S,2811,18D,000,3686,P1,4E
19:51:06  [SLOT] n=3072 tx=25 ack=0 due=0 r=1
19:51:06  [AT] "AT+CIPSEND=26" (13)
19:51:06  [AT] " S,2811,18D,000,3686,P1,4E" (26)
19:51:06  [AT] "SEND OK" (7)
19:51:08  [TX] S,2812,18C,000,3687,P1,4B
19:51:08  [SLOT] n=3073 tx=25 ack=0 due=0 r=1
19:51:08  [AT] "AT+CIPSEND=26" (13)
19:51:08  [AT] " S,2812,18C,000,3687,P1,4B" (26)
19:51:08  [AT] "SEND OK" (7)
19:51:09  [TX] S,2813,18C,000,3688,P1,45
19:51:09  [SLOT] n=3074 tx=25 ack=0 due=0 r=1
19:51:09  [AT] "AT+CIPSEND=26" (13)
19:51:09  [AT] " S,2813,18C,000,3688,P1,45" (26)
19:51:09  [AT] "SEND OK" (7)
19:51:10  [TX] S,2814,18C,000,3690,P1,4B
19:51:10  [SLOT] n=3075 tx=25 ack=0 due=0 r=1
19:51:10  [AT] "AT+CIPSEND=26" (13)
19:51:10  [AT] " S,2814,18C,000,3690,P1,4B" (26)
19:51:10  [AT] "SEND OK" (7)
19:51:11  [TX] S,2815,18C,000,3691,P1,4B
19:51:11  [SLOT] n=3076 tx=25 ack=0 due=0 r=1
19:51:11  [AT] "AT+CIPSEND=26" (13)
19:51:11  [AT] " S,2815,18C,000,3691,P1,4B" (26)
19:51:11  [AT] "SEND OK" (7)
19:51:12  [TX] S,2816,18C,000,3692,P1,4B
19:51:12  [SLOT] n=3077 tx=25 ack=0 due=0 r=1
19:51:12  [AT] "AT+CIPSEND=26" (13)
19:51:12  [AT] " S,2816,18C,000,3692,P1,4B" (26)
19:51:12  [AT] "SEND OK" (7)
19:51:14  [TX] S,2817,18C,000,3693,P1,4B
19:51:14  [SLOT] n=3078 tx=25 ack=0 due=0 r=1
19:51:14  [AT] "AT+CIPSEND=26" (13)
19:51:14  [AT] " S,2817,18C,000,3693,P1,4B" (26)
19:51:14  [AT] "SEND OK" (7)
19:51:15  [TX] S,2818,18C,000,3694,P1,43
19:51:15  [SLOT] n=3079 tx=25 ack=0 due=0 r=1
19:51:15  [AT] "AT+CIPSEND=26" (13)
19:51:15  [AT] " S,2818,18C,000,3694,P1,43" (26)
19:51:15  [AT] "SEND OK" (7)
19:51:16  [TX] S,2819,18F,000,3696,P1,45
19:51:16  [SLOT] n=3080 tx=25 ack=0 due=0 r=1
19:51:16  [AT] "AT+CIPSEND=26" (13)
19:51:16  [AT] " S,2819,18F,000,3696,P1,45" (26)
19:51:16  [AT] "SEND OK" (7)
19:51:17  [TX] S,2820,18F,000,3697,P1,4E
19:51:17  [SLOT] n=3081 tx=25 ack=0 due=0 r=1
19:51:17  [AT] "AT+CIPSEND=26" (13)
19:51:17  [AT] " S,2820,18F,000,3697,P1,4E" (26)
19:51:17  [AT] "SEND OK" (7)
19:51:18  [TX] S,2821,18F,000,3698,P1,40
19:51:18  [SLOT] n=3082 tx=25 ack=0 due=0 r=1
19:51:18  [AT] "AT+CIPSEND=26" (13)
19:51:18  [AT] " S,2821,18F,000,3698,P1,40" (26)
19:51:18  [AT] "SEND OK" (7)
19:51:20  [TX] S,2822,18F,000,3699,P1,42
19:51:20  [SLOT] n=3083 tx=25 ack=0 due=0 r=1
19:51:20  [AT] "AT+CIPSEND=26" (13)
19:51:20  [AT] " S,2822,18F,000,3699,P1,42" (26)
19:51:20  [AT] "SEND OK" (7)
19:51:21  [TX] S,2823,18F,000,3700,P1,42
19:51:21  [SLOT] n=3084 tx=25 ack=0 due=0 r=1
19:51:21  [AT] "AT+CIPSEND=26" (13)
19:51:21  [AT] " S,2823,18F,000,3700,P1,42" (26)
19:51:21  [AT] "SEND OK" (7)
19:51:22  [TX] S,2824,18F,000,3702,P1,47
19:51:22  [SLOT] n=3085 tx=25 ack=0 due=0 r=1
19:51:22  [AT] "AT+CIPSEND=26" (13)
19:51:22  [AT] " S,2824,18F,000,3702,P1,47" (26)
19:51:22  [AT] "SEND OK" (7)
19:51:23  [TX] S,2825,18F,000,3703,P1,47
19:51:23  [SLOT] n=3086 tx=25 ack=0 due=0 r=1
19:51:23  [AT] "AT+CIPSEND=26" (13)
19:51:23  [AT] " S,2825,18F,000,3703,P1,47" (26)
19:51:23  [AT] "SEND OK" (7)
19:51:24  [TX] S,2826,18E,000,3704,P1,40
19:51:24  [SLOT] n=3087 tx=25 ack=0 due=0 r=1
19:51:24  [AT] "AT+CIPSEND=26" (13)
19:51:24  [AT] " S,2826,18E,000,3704,P1,40" (26)
19:51:24  [AT] "SEND OK" (7)
19:51:26  [TX] S,2827,18E,000,3705,P1,40
19:51:26  [SLOT] n=3088 tx=25 ack=0 due=0 r=1
19:51:26  [AT] "AT+CIPSEND=26" (13)
19:51:26  [AT] " S,2827,18E,000,3705,P1,40" (26)
19:51:26  [AT] "SEND OK" (7)
19:51:27  [TX] S,2828,18E,000,3706,P1,4C
19:51:27  [SLOT] n=3089 tx=25 ack=0 due=0 r=1
19:51:27  [AT] "AT+CIPSEND=26" (13)
19:51:27  [AT] " S,2828,18E,000,3706,P1,4C" (26)
19:51:27  [AT] "SEND OK" (7)
19:51:28  [TX] S,2829,18C,000,3708,P1,45
19:51:28  [SLOT] n=3090 tx=25 ack=0 due=0 r=1
19:51:28  [AT] "AT+CIPSEND=26" (13)
19:51:28  [AT] " S,2829,18C,000,3708,P1,45" (26)
19:51:28  [AT] "SEND OK" (7)
19:51:29  [TX] S,2830,18C,000,3709,P1,4C
19:51:29  [SLOT] n=3091 tx=25 ack=0 due=0 r=1
19:51:29  [AT] "AT+CIPSEND=26" (13)
19:51:29  [AT] " S,2830,18C,000,3709,P1,4C" (26)
19:51:29  [AT] "SEND OK" (7)
19:51:30  [TX] S,2831,18C,000,3710,P1,45
19:51:30  [SLOT] n=3092 tx=25 ack=0 due=0 r=1
19:51:30  [AT] "AT+CIPSEND=26" (13)
19:51:30  [AT] " S,2831,18C,000,3710,P1,45" (26)
19:51:30  [AT] "SEND OK" (7)
19:51:32  [TX] S,2832,18C,000,3711,P1,47
19:51:32  [SLOT] n=3093 tx=25 ack=0 due=0 r=1
19:51:32  [AT] "AT+CIPSEND=26" (13)
19:51:32  [AT] " S,2832,18C,000,3711,P1,47" (26)
19:51:32  [AT] "SEND OK" (7)
19:51:33  [TX] S,2833,18D,000,3712,P1,42
19:51:33  [SLOT] n=3094 tx=25 ack=0 due=0 r=1
19:51:33  [AT] "AT+CIPSEND=26" (13)
19:51:33  [AT] " S,2833,18D,000,3712,P1,42" (26)
19:51:33  [AT] "SEND OK" (7)
19:51:34  [TX] S,2834,18D,000,3714,P1,43
19:51:34  [SLOT] n=3095 tx=25 ack=0 due=0 r=1
19:51:34  [AT] "AT+CIPSEND=26" (13)
19:51:34  [AT] " S,2834,18D,000,3714,P1,43" (26)
19:51:34  [AT] "SEND OK" (7)
19:51:35  [TX] S,2835,18D,000,3715,P1,43
19:51:35  [SLOT] n=3096 tx=25 ack=0 due=0 r=1
19:51:35  [AT] "AT+CIPSEND=26" (13)
19:51:35  [AT] " S,2835,18D,000,3715,P1,43" (26)
19:51:35  [AT] "SEND OK" (7)
19:51:36  [TX] S,2836,18D,000,3716,P1,43
19:51:36  [SLOT] n=3097 tx=25 ack=0 due=0 r=1
19:51:36  [AT] "AT+CIPSEND=26" (13)
19:51:36  [AT] " S,2836,18D,000,3716,P1,43" (26)
19:51:36  [AT] "SEND OK" (7)
19:51:38  [TX] S,2837,18D,000,3717,P1,43
19:51:38  [SLOT] n=3098 tx=25 ack=0 due=0 r=1
19:51:38  [AT] "AT+CIPSEND=26" (13)
19:51:38  [AT] " S,2837,18D,000,3717,P1,43" (26)
19:51:38  [AT] "SEND OK" (7)
19:51:39  [TX] S,2838,18D,000,3718,P1,43
19:51:39  [SLOT] n=3099 tx=25 ack=0 due=0 r=1
19:51:39  [AT] "AT+CIPSEND=26" (13)
19:51:39  [AT] " S,2838,18D,000,3718,P1,43" (26)
19:51:39  [AT] "SEND OK" (7)
19:51:40  [TX] S,2839,18F,000,3720,P1,4B
19:51:40  [SLOT] n=3100 tx=25 ack=0 due=0 r=1
19:51:40  [CNT] up=3720 drop=2 esprst=25 hwrst=0/0 resync=1 sendfail=0 okto=2 stuck=2 ackq=0 ackdrop=0 ackstale=0 slot=3100 oow=7 smiss=16 ssovf=0 cksumng=0 okstream=2818 penddrop=0 pendfill=2840 bigfill=26 bigdrop=0 bigokst=25 oklost=0 bigoklost=0 skip=23 online=1
19:51:40  [RAM] 최저 여유 596 B · 프롬프트 재동기 1회 (서버의 '버린줄' 과 맞아야 한다)
19:51:40  [AT] " S,2839,18F,000,3720,P1,4B" (26)
19:51:40  [AT] "SEND OK" (7)
19:51:40  [AT] "AT+CIPSEND=26" (13)
19:51:41  [TX] S,2840,18E,000,3721,P1,47
19:51:41  [SLOT] n=3101 tx=25 ack=0 due=0 r=1
19:51:41  [AT] "AT+CIPSEND=26" (13)
19:51:41  [AT] " S,2840,18E,000,3721,P1,47" (26)
19:51:41  [AT] "SEND OK" (7)
19:51:42  [TX] S,2841,18E,000,3722,P1,45
19:51:42  [SLOT] n=3102 tx=25 ack=0 due=0 r=1
19:51:42  [AT] "AT+CIPSEND=26" (13)
19:51:42  [AT] " S,2841,18E,000,3722,P1,45" (26)
19:51:42  [AT] "SEND OK" (7)
19:51:44  [TX] S,2842,18E,000,3723,P1,47
19:51:44  [SLOT] n=3103 tx=25 ack=0 due=0 r=1
19:51:44  [AT] "AT+CIPSEND=26" (13)
19:51:44  [AT] " S,2842,18E,000,3723,P1,47" (26)
19:51:44  [AT] "SEND OK" (7)
19:51:45  «tap» 살아있음 — 최근 60초 rx=8160B (이 줄이 끊기면 탭이 죽은 것이다)
19:51:45  [TX] S,2843,18E,000,3724,P1,41
19:51:45  [SLOT] n=3104 tx=25 ack=0 due=0 r=1
19:51:45  [AT] "AT+CIPSEND=26" (13)
19:51:45  [AT] " S,2843,18E,000,3724,P1,41" (26)
19:51:45  [AT] "SEND OK" (7)
19:51:46  [TX] S,2844,18E,000,3726,P1,44
19:51:46  [SLOT] n=3105 tx=25 ack=0 due=0 r=1
19:51:46  [AT] "AT+CIPSEND=26" (13)
19:51:46  [AT] " S,2844,18E,000,3726,P1,44" (26)
19:51:46  [AT] "SEND OK" (7)
19:51:47  [TX] S,2845,18E,000,3727,P1,44
19:51:47  [SLOT] n=3106 tx=25 ack=0 due=0 r=1
19:51:47  [AT] "AT+CIPSEND=26" (13)
19:51:47  [AT] " S,2845,18E,000,3727,P1,44" (26)
19:51:47  [AT] "SEND OK" (7)
19:51:48  [TX] S,2846,18E,000,3728,P1,48
19:51:48  [SLOT] n=3107 tx=25 ack=0 due=0 r=1
19:51:48  [AT] "AT+CIPSEND=26" (13)
19:51:48  [AT] " S,2846,18E,000,3728,P1,48" (26)
19:51:48  [AT] "SEND OK" (7)
19:51:50  [TX] S,2847,18F,000,3729,P1,4B
19:51:50  [SLOT] n=3108 tx=25 ack=0 due=0 r=1
19:51:50  [AT] "AT+CIPSEND=26" (13)
19:51:50  [AT] " S,2847,18F,000,3729,P1,4B" (26)
19:51:50  [AT] "SEND OK" (7)
19:51:51  [TX] S,2848,18F,000,3730,P1,4C
19:51:51  [SLOT] n=3109 tx=25 ack=0 due=0 r=1
19:51:51  [AT] "AT+CIPSEND=26" (13)
19:51:51  [AT] " S,2848,18F,000,3730,P1,4C" (26)
19:51:51  [AT] "SEND OK" (7)
19:51:52  [TX] S,2849,18D,000,3732,P1,4D
19:51:52  [SLOT] n=3110 tx=25 ack=0 due=0 r=1
19:51:52  [AT] "AT+CIPSEND=26" (13)
19:51:52  [AT] " S,2849,18D,000,3732,P1,4D" (26)
19:51:52  [AT] "SEND OK" (7)
19:51:53  [TX] S,2850,18D,000,3733,P1,44
19:51:53  [SLOT] n=3111 tx=25 ack=0 due=0 r=1
19:51:53  [AT] "AT+CIPSEND=26" (13)
19:51:53  [AT] " S,2850,18D,000,3733,P1,44" (26)
19:51:53  [AT] "SEND OK" (7)
19:51:54  [TX] S,2851,18D,000,3734,P1,42
19:51:54  [SLOT] n=3112 tx=25 ack=0 due=0 r=1
19:51:54  [AT] "AT+CIPSEND=26" (13)
19:51:54  [AT] " S,2851,18D,000,3734,P1,42" (26)
19:51:54  [AT] "SEND OK" (7)
19:51:56  [TX] S,2852,18D,000,3735,P1,40
19:51:56  [SLOT] n=3113 tx=25 ack=0 due=0 r=1
19:51:56  [AT] "AT+CIPSEND=26" (13)
19:51:56  [AT] " S,2852,18D,000,3735,P1,40" (26)
19:51:56  [AT] "SEND OK" (7)
19:51:57  [TX] S,2853,18D,000,3736,P1,42
19:51:57  [SLOT] n=3114 tx=25 ack=0 due=0 r=1
19:51:57  [AT] "AT+CIPSEND=26" (13)
19:51:57  [AT] " S,2853,18D,000,3736,P1,42" (26)
19:51:57  [AT] "SEND OK" (7)
19:51:58  [TX] S,2854,18C,000,3738,P1,4C
19:51:58  [SLOT] n=3115 tx=25 ack=0 due=0 r=1
19:51:58  [AT] "AT+CIPSEND=26" (13)
19:51:58  [AT] " S,2854,18C,000,3738,P1,4C" (26)
19:51:58  [AT] "SEND OK" (7)
19:51:59  [TX] S,2855,18C,000,3739,P1,4C
19:51:59  [SLOT] n=3116 tx=25 ack=0 due=0 r=1
19:51:59  [AT] "AT+CIPSEND=26" (13)
19:51:59  [AT] " S,2855,18C,000,3739,P1,4C" (26)
19:51:59  [AT] "SEND OK" (7)
19:52:00  [TX] S,2856,18C,000,3740,P1,41
19:52:00  [SLOT] n=3117 tx=25 ack=0 due=0 r=1
19:52:00  [AT] "AT+CIPSEND=26" (13)
19:52:00  [AT] " S,2856,18C,000,3740,P1,41" (26)
19:52:00  [AT] "SEND OK" (7)
19:52:02  [TX] S,2857,18C,000,3741,P1,41
19:52:02  [SLOT] n=3118 tx=25 ack=0 due=0 r=1
19:52:02  [AT] "AT+CIPSEND=26" (13)
19:52:02  [AT] " S,2857,18C,000,3741,P1,41" (26)
19:52:02  [AT] "SEND OK" (7)
19:52:03  [TX] S,2858,18C,000,3742,P1,4D
19:52:03  [SLOT] n=3119 tx=25 ack=0 due=0 r=1
19:52:03  [AT] "AT+CIPSEND=26" (13)
19:52:03  [AT] " S,2858,18C,000,3742,P1,4D" (26)
19:52:03  [AT] "SEND OK" (7)
19:52:04  [TX] S,2859,18E,000,3744,P1,4C
19:52:04  [SLOT] n=3120 tx=25 ack=0 due=0 r=1
19:52:04  [AT] "AT+CIPSEND=26" (13)
19:52:04  [AT] " S,2859,18E,000,3744,P1,4C" (26)
19:52:04  [AT] "SEND OK" (7)
19:52:05  [TX] S,2860,18E,000,3745,P1,47
19:52:05  [SLOT] n=3121 tx=25 ack=0 due=0 r=1
19:52:05  [AT] "AT+CIPSEND=26" (13)
19:52:05  [AT] " S,2860,18E,000,3745,P1,47" (26)
19:52:05  [AT] "SEND OK" (7)
19:52:06  [TX] S,2861,18F,000,3746,P1,46
19:52:06  [SLOT] n=3122 tx=25 ack=0 due=0 r=1
19:52:06  [AT] "AT+CIPSEND=26" (13)
19:52:06  [AT] " S,2861,18F,000,3746,P1,46" (26)
19:52:06  [AT] "SEND OK" (7)
19:52:08  [TX] S,2862,18F,000,3747,P1,44
19:52:08  [SLOT] n=3123 tx=25 ack=0 due=0 r=1
19:52:08  [AT] "AT+CIPSEND=26" (13)
19:52:08  [AT] " S,2862,18F,000,3747,P1,44" (26)
19:52:08  [AT] "SEND OK" (7)
19:52:09  [TX] S,2863,18F,000,3748,P1,4A
19:52:09  [SLOT] n=3124 tx=25 ack=0 due=0 r=1
19:52:09  [AT] "AT+CIPSEND=26" (13)
19:52:09  [AT] " S,2863,18F,000,3748,P1,4A" (26)
19:52:09  [AT] "SEND OK" (7)
19:52:10  [TX] S,2864,18F,000,3750,P1,44
19:52:10  [SLOT] n=3125 tx=25 ack=0 due=0 r=1
19:52:10  [AT] "AT+CIPSEND=26" (13)
19:52:10  [AT] " S,2864,18F,000,3750,P1,44" (26)
19:52:10  [AT] "SEND OK" (7)
19:52:11  [TX] S,2865,18F,000,3751,P1,44
19:52:11  [SLOT] n=3126 tx=25 ack=0 due=0 r=1
19:52:11  [AT] "AT+CIPSEND=26" (13)
19:52:11  [AT] " S,2865,18F,000,3751,P1,44" (26)
19:52:11  [AT] "SEND OK" (7)
19:52:12  [TX] S,2866,18F,000,3752,P1,44
19:52:12  [SLOT] n=3127 tx=25 ack=0 due=0 r=1
19:52:12  [AT] "AT+CIPSEND=26" (13)
19:52:12  [AT] " S,2866,18F,000,3752,P1,44" (26)
19:52:12  [AT] "SEND OK" (7)
19:52:14  [TX] S,2867,18F,000,3753,P1,44
19:52:14  [SLOT] n=3128 tx=25 ack=0 due=0 r=1
19:52:14  [AT] "AT+CIPSEND=26" (13)
19:52:14  [AT] " S,2867,18F,000,3753,P1,44" (26)
19:52:14  [AT] "SEND OK" (7)
19:52:15  [TX] S,2868,18E,000,3754,P1,4F
19:52:15  [SLOT] n=3129 tx=25 ack=0 due=0 r=1
19:52:15  [AT] "AT+CIPSEND=26" (13)
19:52:15  [AT] " S,2868,18E,000,3754,P1,4F" (26)
19:52:15  [AT] "SEND OK" (7)
19:52:16  [TX] S,2869,18C,000,3756,P1,4A
19:52:16  [SLOT] n=3130 tx=25 ack=0 due=0 r=1
19:52:16  [AT] "AT+CIPSEND=26" (13)
19:52:16  [AT] " S,2869,18C,000,3756,P1,4A" (26)
19:52:16  [AT] "SEND OK" (7)
19:52:17  [TX] S,2870,18C,000,3757,P1,43
19:52:17  [SLOT] n=3131 tx=25 ack=0 due=0 r=1
19:52:17  [AT] "AT+CIPSEND=26" (13)
19:52:17  [AT] " S,2870,18C,000,3757,P1,43" (26)
19:52:17  [AT] "SEND OK" (7)
19:52:18  [TX] S,2871,18C,000,3758,P1,4D
19:52:18  [SLOT] n=3132 tx=25 ack=0 due=0 r=1
19:52:18  [AT] "AT+CIPSEND=26" (13)
19:52:18  [AT] " S,2871,18C,000,3758,P1,4D" (26)
19:52:18  [AT] "SEND OK" (7)
19:52:20  [TX] S,2872,18C,000,3759,P1,4F
19:52:20  [SLOT] n=3133 tx=25 ack=0 due=0 r=1
19:52:20  [AT] "AT+CIPSEND=26" (13)
19:52:20  [AT] " S,2872,18C,000,3759,P1,4F" (26)
19:52:20  [AT] "SEND OK" (7)
19:52:21  [TX] S,2873,18C,000,3760,P1,44
19:52:21  [SLOT] n=3134 tx=25 ack=0 due=0 r=1
19:52:21  [AT] "AT+CIPSEND=26" (13)
19:52:21  [AT] " S,2873,18C,000,3760,P1,44" (26)
19:52:21  [AT] "SEND OK" (7)
19:52:22  [TX] S,2874,18C,000,3762,P1,41
19:52:22  [SLOT] n=3135 tx=25 ack=0 due=0 r=1
19:52:22  [AT] "AT+CIPSEND=26" (13)
19:52:22  [AT] " S,2874,18C,000,3762,P1,41" (26)
19:52:22  [AT] "SEND OK" (7)
19:52:23  [TX] S,2875,18D,000,3763,P1,46
19:52:23  [SLOT] n=3136 tx=25 ack=0 due=0 r=1
19:52:23  [AT] "AT+CIPSEND=26" (13)
19:52:23  [AT] " S,2875,18D,000,3763,P1,46" (26)
19:52:23  [AT] "SEND OK" (7)
19:52:24  [TX] S,2876,18D,000,3764,P1,42
19:52:24  [SLOT] n=3137 tx=25 ack=0 due=0 r=1
19:52:24  [AT] "AT+CIPSEND=26" (13)
19:52:24  [AT] " S,2876,18D,000,3764,P1,42" (26)
19:52:24  [AT] "SEND OK" (7)
19:52:26  [TX] S,2877,18D,000,3765,P1,42
19:52:26  [SLOT] n=3138 tx=25 ack=0 due=0 r=1
19:52:26  [AT] "AT+CIPSEND=26" (13)
19:52:26  [AT] " S,2877,18D,000,3765,P1,42" (26)
19:52:26  [AT] "SEND OK" (7)
19:52:27  [TX] S,2878,18D,000,3766,P1,4E
19:52:27  [SLOT] n=3139 tx=25 ack=0 due=0 r=1
19:52:27  [AT] "AT+CIPSEND=26" (13)
19:52:27  [AT] " S,2878,18D,000,3766,P1,4E" (26)
19:52:27  [AT] "SEND OK" (7)
19:52:28  [TX] S,2879,18F,000,3768,P1,43
19:52:28  [SLOT] n=3140 tx=25 ack=0 due=0 r=1
19:52:28  [AT] "AT+CIPSEND=26" (13)
19:52:28  [AT] " S,2879,18F,000,3768,P1,43" (26)
19:52:28  [AT] "SEND OK" (7)
19:52:29  [TX] S,2880,18F,000,3769,P1,44
19:52:29  [SLOT] n=3141 tx=25 ack=0 due=0 r=1
19:52:29  [AT] "AT+CIPSEND=26" (13)
19:52:29  [AT] " S,2880,18F,000,3769,P1,44" (26)
19:52:29  [AT] "SEND OK" (7)
19:52:30  [TX] S,2881,18F,000,3770,P1,4D
19:52:30  [SLOT] n=3142 tx=25 ack=0 due=0 r=1
19:52:30  [AT] "AT+CIPSEND=26" (13)
19:52:30  [AT] " S,2881,18F,000,3770,P1,4D" (26)
19:52:30  [AT] "SEND OK" (7)
19:52:31  [TX] S,2882,18E,000,3771,P1,4C
19:52:31  [SLOT] n=3143 tx=25 ack=0 due=0 r=1
19:52:31  [AT] "AT+CIPSEND=26" (13)
19:52:32  [AT] " S,2882,18E,000,3771,P1,4C" (26)
19:52:32  [AT] "SEND OK" (7)
19:52:33  [TX] S,2883,18E,000,3772,P1,4E
19:52:33  [SLOT] n=3144 tx=25 ack=0 due=0 r=1
19:52:33  [AT] "AT+CIPSEND=26" (13)
19:52:33  [AT] " S,2883,18E,000,3772,P1,4E" (26)
19:52:33  [AT] "SEND OK" (7)
19:52:34  [TX] S,2884,18E,000,3774,P1,4F
19:52:34  [SLOT] n=3145 tx=25 ack=0 due=0 r=1
19:52:34  [AT] "AT+CIPSEND=26" (13)
19:52:34  [AT] " S,2884,18E,000,3774,P1,4F" (26)
19:52:34  [AT] "SEND OK" (7)
19:52:35  [TX] S,2885,18E,000,3775,P1,4F
19:52:35  [SLOT] n=3146 tx=25 ack=0 due=0 r=1
19:52:35  [AT] "AT+CIPSEND=26" (13)
19:52:35  [AT] " S,2885,18E,000,3775,P1,4F" (26)
19:52:35  [AT] "SEND OK" (7)
19:52:36  [TX] S,2886,18E,000,3776,P1,4F
19:52:36  [SLOT] n=3147 tx=25 ack=0 due=0 r=1
19:52:36  [AT] "AT+CIPSEND=26" (13)
19:52:36  [AT] " S,2886,18E,000,3776,P1,4F" (26)
19:52:36  [AT] "SEND OK" (7)
19:52:37  [TX] S,2887,18E,000,3777,P1,4F
19:52:37  [SLOT] n=3148 tx=25 ack=0 due=0 r=1
19:52:37  [AT] "AT+CIPSEND=26" (13)
19:52:38  [AT] " S,2887,18E,000,3777,P1,4F" (26)
19:52:38  [AT] "SEND OK" (7)
19:52:39  [TX] S,2888,18E,000,3778,P1,4F
19:52:39  [SLOT] n=3149 tx=25 ack=0 due=0 r=1
19:52:39  [AT] "AT+CIPSEND=26" (13)
19:52:39  [AT] " S,2888,18E,000,3778,P1,4F" (26)
19:52:39  [AT] "SEND OK" (7)
19:52:40  [TX] S,2889,18D,000,3780,P1,48
19:52:40  [SLOT] n=3150 tx=25 ack=0 due=0 r=1
19:52:40  [CNT] up=3780 drop=2 esprst=25 hwrst=0/0 resync=1 sendfail=0 okto=2 stuck=2 ackq=0 ackdrop=0 ackstale=0 slot=3150 oow=7 smiss=16 ssovf=0 cksumng=0 okstream=2868 penddrop=0 pendfill=2890 bigfill=26 bigdrop=0 bigokst=25 oklost=0 bigoklost=0 skip=23 online=1
19:52:40  [RAM] 최저 여유 596 B · 프롬프트 재동기 1회 (서버의 '버린줄' 과 맞아야 한다)
19:52:40  [AT] "AT+CIPSEND=26" (13)
19:52:40  [AT] " S,2889,18D,000,3780,P1,48" (26)
19:52:40  [AT] "SEND OK" (7)
19:52:41  [TX] S,2890,18D,000,3781,P1,41
19:52:41  [SLOT] n=3151 tx=25 ack=0 due=0 r=1
19:52:41  [AT] "AT+CIPSEND=26" (13)
19:52:41  [AT] " S,2890,18D,000,3781,P1,41" (26)
19:52:41  [AT] "SEND OK" (7)
19:52:42  [TX] S,2891,18D,000,3782,P1,43
19:52:42  [SLOT] n=3152 tx=25 ack=0 due=0 r=1
19:52:42  [AT] "AT+CIPSEND=26" (13)
19:52:42  [AT] " S,2891,18D,000,3782,P1,43" (26)
19:52:42  [AT] "SEND OK" (7)
19:52:43  [TX] S,2892,18D,000,3783,P1,41
19:52:43  [SLOT] n=3153 tx=25 ack=0 due=0 r=1
19:52:43  [AT] "AT+CIPSEND=26" (13)
19:52:43  [AT] " S,2892,18D,000,3783,P1,41" (26)
19:52:43  [AT] "SEND OK" (7)
19:52:45  «tap» 살아있음 — 최근 60초 rx=8160B (이 줄이 끊기면 탭이 죽은 것이다)
19:52:45  [TX] S,2893,18D,000,3784,P1,47
19:52:45  [SLOT] n=3154 tx=25 ack=0 due=0 r=1
19:52:45  [AT] "AT+CIPSEND=26" (13)
19:52:45  [AT] " S,2893,18D,000,3784,P1,47" (26)
19:52:45  [AT] "SEND OK" (7)
19:52:46  [TX] S,2894,18D,000,3786,P1,42
19:52:46  [SLOT] n=3155 tx=25 ack=0 due=0 r=1
19:52:46  [AT] "AT+CIPSEND=26" (13)
19:52:46  [AT] " S,2894,18D,000,3786,P1,42" (26)
19:52:46  [AT] "SEND OK" (7)
19:52:47  [TX] S,2895,18D,000,3787,P1,42
19:52:47  [SLOT] n=3156 tx=25 ack=0 due=0 r=1
19:52:47  [AT] "AT+CIPSEND=26" (13)
19:52:47  [AT] " S,2895,18D,000,3787,P1,42" (26)
19:52:47  [AT] "SEND OK" (7)
19:52:48  [TX] S,2896,18C,000,3788,P1,49
19:52:48  [SLOT] n=3157 tx=25 ack=0 due=0 r=1
19:52:48  [AT] "AT+CIPSEND=26" (13)
19:52:48  [AT] " S,2896,18C,000,3788,P1,49" (26)
19:52:48  [AT] "SEND OK" (7)
19:52:49  [TX] S,2897,18C,000,3789,P1,49
19:52:49  [SLOT] n=3158 tx=25 ack=0 due=0 r=1
19:52:49  [AT] "AT+CIPSEND=26" (13)
19:52:49  [AT] " S,2897,18C,000,3789,P1,49" (26)
19:52:49  [AT] "SEND OK" (7)
19:52:51  [TX] S,2898,18C,000,3790,P1,4E
19:52:51  [SLOT] n=3159 tx=25 ack=0 due=0 r=1
19:52:51  [AT] "AT+CIPSEND=26" (13)
19:52:51  [AT] " S,2898,18C,000,3790,P1,4E" (26)
19:52:51  [AT] "SEND OK" (7)
19:52:52  [TX] S,2899,18E,000,3792,P1,4B
19:52:52  [SLOT] n=3160 tx=25 ack=0 due=0 r=1
19:52:52  [AT] "AT+CIPSEND=26" (13)
19:52:52  [AT] " S,2899,18E,000,3792,P1,4B" (26)
19:52:52  [AT] "SEND OK" (7)
19:52:53  [TX] S,2900,18E,000,3793,P1,4B
19:52:53  [SLOT] n=3161 tx=25 ack=0 due=0 r=1
19:52:53  [AT] "AT+CIPSEND=26" (13)
19:52:53  [AT] " S,2900,18E,000,3793,P1,4B" (26)
19:52:53  [AT] "SEND OK" (7)
19:52:54  [TX] S,2901,18E,000,3794,P1,4D
19:52:54  [SLOT] n=3162 tx=25 ack=0 due=0 r=1
19:52:54  [AT] "AT+CIPSEND=26" (13)
19:52:54  [AT] " S,2901,18E,000,3794,P1,4D" (26)
19:52:54  [AT] "SEND OK" (7)
19:52:55  [TX] S,2902,18E,000,3795,P1,4F
19:52:55  [SLOT] n=3163 tx=25 ack=0 due=0 r=1
19:52:55  [AT] "AT+CIPSEND=26" (13)
19:52:55  [AT] " S,2902,18E,000,3795,P1,4F" (26)
19:52:55  [AT] "SEND OK" (7)
19:52:57  [TX] S,2903,18F,000,3796,P1,4E
19:52:57  [SLOT] n=3164 tx=25 ack=0 due=0 r=1
19:52:57  [AT] "AT+CIPSEND=26" (13)
19:52:57  [AT] " S,2903,18F,000,3796,P1,4E" (26)
19:52:57  [AT] "SEND OK" (7)
19:52:58  [TX] S,2904,18F,000,3798,P1,47
19:52:58  [SLOT] n=3165 tx=25 ack=0 due=0 r=1
19:52:58  [AT] "AT+CIPSEND=26" (13)
19:52:58  [AT] " S,2904,18F,000,3798,P1,47" (26)
19:52:58  [AT] "SEND OK" (7)
19:52:59  [TX] S,2905,18F,000,3799,P1,47
19:52:59  [SLOT] n=3166 tx=25 ack=0 due=0 r=1
19:52:59  [AT] "AT+CIPSEND=26" (13)
19:52:59  [AT] " S,2905,18F,000,3799,P1,47" (26)
19:52:59  [AT] "SEND OK" (7)
19:53:00  [TX] S,2906,18F,000,3800,P1,4B
19:53:00  [SLOT] n=3167 tx=25 ack=0 due=0 r=1
19:53:00  [AT] "AT+CIPSEND=26" (13)
19:53:00  [AT] " S,2906,18F,000,3800,P1,4B" (26)
19:53:00  [AT] "SEND OK" (7)
19:53:01  [TX] S,2907,18F,000,3801,P1,4B
19:53:01  [SLOT] n=3168 tx=25 ack=0 due=0 r=1
19:53:01  [AT] "AT+CIPSEND=26" (13)
19:53:01  [AT] " S,2907,18F,000,3801,P1,4B" (26)
19:53:01  [AT] "SEND OK" (7)
19:53:03  [TX] S,2908,18F,000,3802,P1,47
19:53:03  [SLOT] n=3169 tx=25 ack=0 due=0 r=1
19:53:03  [AT] "AT+CIPSEND=26" (13)
19:53:03  [AT] " S,2908,18F,000,3802,P1,47" (26)
19:53:03  [AT] "SEND OK" (7)
19:53:04  [TX] S,2909,18D,000,3804,P1,42
19:53:04  [SLOT] n=3170 tx=25 ack=0 due=0 r=1
19:53:04  [AT] "AT+CIPSEND=26" (13)
19:53:04  [AT] " S,2909,18D,000,3804,P1,42" (26)
19:53:04  [AT] "SEND OK" (7)
19:53:05  [TX] S,2910,18C,000,3805,P1,4C
19:53:05  [SLOT] n=3171 tx=25 ack=0 due=0 r=1
19:53:05  [AT] "AT+CIPSEND=26" (13)
19:53:05  [AT] " S,2910,18C,000,3805,P1,4C" (26)
19:53:05  [AT] "SEND OK" (7)
19:53:06  [TX] S,2911,18C,000,3806,P1,4E
19:53:06  [SLOT] n=3172 tx=25 ack=0 due=0 r=1
19:53:06  [AT] "AT+CIPSEND=26" (13)
19:53:06  [AT] " S,2911,18C,000,3806,P1,4E" (26)
19:53:06  [AT] "SEND OK" (7)
19:53:07  [TX] S,2912,18C,000,3807,P1,4C
19:53:07  [SLOT] n=3173 tx=25 ack=0 due=0 r=1
19:53:07  [AT] "AT+CIPSEND=26" (13)
19:53:07  [AT] " S,2912,18C,000,3807,P1,4C" (26)
19:53:07  [AT] "SEND OK" (7)
19:53:09  [TX] S,2913,18C,000,3808,P1,42
19:53:09  [SLOT] n=3174 tx=25 ack=0 due=0 r=1
19:53:09  [AT] "AT+CIPSEND=26" (13)
19:53:09  [AT] " S,2913,18C,000,3808,P1,42" (26)
19:53:09  [AT] "SEND OK" (7)
19:53:10  [TX] S,2914,18C,000,3810,P1,4C
19:53:10  [SLOT] n=3175 tx=25 ack=0 due=0 r=1
19:53:10  [AT] "AT+CIPSEND=26" (13)
19:53:10  [AT] " S,2914,18C,000,3810,P1,4C" (26)
19:53:10  [AT] "SEND OK" (7)
19:53:11  [TX] S,2915,18C,000,3811,P1,4C
19:53:11  [SLOT] n=3176 tx=25 ack=0 due=0 r=1
19:53:11  [AT] "AT+CIPSEND=26" (13)
19:53:11  [AT] " S,2915,18C,000,3811,P1,4C" (26)
19:53:11  [AT] "SEND OK" (7)
19:53:12  [TX] S,2916,18C,000,3812,P1,4C
19:53:12  [SLOT] n=3177 tx=25 ack=0 due=0 r=1
19:53:12  [AT] "AT+CIPSEND=26" (13)
19:53:12  [AT] " S,2916,18C,000,3812,P1,4C" (26)
19:53:12  [AT] "SEND OK" (7)
19:53:13  [TX] S,2917,18D,000,3813,P1,4B
19:53:13  [SLOT] n=3178 tx=25 ack=0 due=0 r=1
19:53:13  [AT] "AT+CIPSEND=26" (13)
19:53:13  [AT] " S,2917,18D,000,3813,P1,4B" (26)
19:53:13  [AT] "SEND OK" (7)
19:53:15  [TX] S,2918,18D,000,3814,P1,43
19:53:15  [SLOT] n=3179 tx=25 ack=0 due=0 r=1
19:53:15  [AT] "AT+CIPSEND=26" (13)
19:53:15  [AT] " S,2918,18D,000,3814,P1,43" (26)
19:53:15  [AT] "SEND OK" (7)
19:53:16  [TX] S,2919,18F,000,3816,P1,42
19:53:16  [SLOT] n=3180 tx=25 ack=0 due=0 r=1
19:53:16  [AT] "AT+CIPSEND=26" (13)
19:53:16  [AT] " S,2919,18F,000,3816,P1,42" (26)
19:53:16  [AT] "SEND OK" (7)
19:53:17  [TX] S,2920,18F,000,3817,P1,49
19:53:17  [SLOT] n=3181 tx=25 ack=0 due=0 r=1
19:53:17  [AT] "AT+CIPSEND=26" (13)
19:53:17  [AT] " S,2920,18F,000,3817,P1,49" (26)
19:53:17  [AT] "SEND OK" (7)
19:53:18  [TX] S,2921,18F,000,3818,P1,47
19:53:18  [SLOT] n=3182 tx=25 ack=0 due=0 r=1
19:53:18  [AT] "AT+CIPSEND=26" (13)
19:53:18  [AT] " S,2921,18F,000,3818,P1,47" (26)
19:53:18  [AT] "SEND OK" (7)
19:53:19  [TX] S,2922,18F,000,3819,P1,45
19:53:19  [SLOT] n=3183 tx=25 ack=0 due=0 r=1
19:53:19  [AT] "AT+CIPSEND=26" (13)
19:53:19  [AT] " S,2922,18F,000,3819,P1,45" (26)
19:53:19  [AT] "SEND OK" (7)
19:53:21  [TX] S,2923,18F,000,3820,P1,4E
19:53:21  [SLOT] n=3184 tx=25 ack=0 due=0 r=1
19:53:21  [AT] "AT+CIPSEND=26" (13)
19:53:21  [AT] " S,2923,18F,000,3820,P1,4E" (26)
19:53:21  [AT] "SEND OK" (7)
19:53:22  [TX] S,2924,18E,000,3822,P1,48
19:53:22  [SLOT] n=3185 tx=25 ack=0 due=0 r=1
19:53:22  [AT] "AT+CIPSEND=26" (13)
19:53:22  [AT] " S,2924,18E,000,3822,P1,48" (26)
19:53:22  [AT] "SEND OK" (7)
19:53:23  [TX] S,2925,18E,000,3823,P1,48
19:53:23  [SLOT] n=3186 tx=25 ack=0 due=0 r=1
19:53:23  [AT] "AT+CIPSEND=26" (13)
19:53:23  [AT] " S,2925,18E,000,3823,P1,48" (26)
19:53:23  [AT] "SEND OK" (7)
19:53:24  [TX] S,2926,18E,000,3824,P1,4C
19:53:24  [SLOT] n=3187 tx=25 ack=0 due=0 r=1
19:53:24  [AT] "AT+CIPSEND=26" (13)
19:53:24  [AT] " S,2926,18E,000,3824,P1,4C" (26)
19:53:24  [AT] "SEND OK" (7)
19:53:25  [TX] S,2927,18E,000,3825,P1,4C
19:53:25  [SLOT] n=3188 tx=25 ack=0 due=0 r=1
19:53:25  [AT] "AT+CIPSEND=26" (13)
19:53:25  [AT] " S,2927,18E,000,3825,P1,4C" (26)
19:53:25  [AT] "SEND OK" (7)
19:53:27  [TX] S,2928,18E,000,3826,P1,40
19:53:27  [SLOT] n=3189 tx=25 ack=0 due=0 r=1
19:53:27  [AT] "AT+CIPSEND=26" (13)
19:53:27  [AT] " S,2928,18E,000,3826,P1,40" (26)
19:53:27  [AT] "SEND OK" (7)
19:53:29  [TX] S,2929,18C,000,3828,P1,49
19:53:29  [SLOT] n=3190 tx=25 ack=0 due=0 r=1
19:53:29  [AT] "AT+CIPSEND=26" (13)
19:53:29  [AT] " S,2929,18C,000,3828,P1,49" (26)
19:53:29  [AT] "SEND OK" (7)
19:53:30  [TX] S,2930,18C,000,3829,P1,40
19:53:30  [SLOT] n=3191 tx=25 ack=0 due=0 r=1
19:53:30  [AT] "AT+CIPSEND=26" (13)
19:53:30  [AT] " S,2930,18C,000,3829,P1,40" (26)
19:53:30  [AT] "SEND OK" (7)
19:53:31  [TX] S,2931,18D,000,3830,P1,4E
19:53:31  [SLOT] n=3192 tx=25 ack=0 due=0 r=1
19:53:31  [AT] "AT+CIPSEND=26" (13)
19:53:31  [AT] " S,2931,18D,000,3830,P1,4E" (26)
19:53:31  [AT] "SEND OK" (7)
19:53:32  [TX] S,2932,18D,000,3831,P1,4C
19:53:32  [SLOT] n=3193 tx=25 ack=0 due=0 r=1
19:53:32  [AT] "AT+CIPSEND=26" (13)
19:53:32  [AT] " S,2932,18D,000,3831,P1,4C" (26)
19:53:32  [AT] "SEND OK" (7)
19:53:34  [TX] S,2933,18D,000,3832,P1,4E
19:53:34  [SLOT] n=3194 tx=25 ack=0 due=0 r=1
19:53:34  [AT] "AT+CIPSEND=26" (13)
19:53:34  [AT] " S,2933,18D,000,3832,P1,4E" (26)
19:53:34  [AT] "SEND OK" (7)
19:53:35  [TX] S,2934,18D,000,3834,P1,4F
19:53:35  [SLOT] n=3195 tx=25 ack=0 due=0 r=1
19:53:35  [AT] "AT+CIPSEND=26" (13)
19:53:35  [AT] " S,2934,18D,000,3834,P1,4F" (26)
19:53:35  [AT] "SEND OK" (7)
19:53:36  [TX] S,2935,18D,000,3835,P1,4F
19:53:36  [SLOT] n=3196 tx=25 ack=0 due=0 r=1
19:53:36  [AT] "AT+CIPSEND=26" (13)
19:53:36  [AT] " S,2935,18D,000,3835,P1,4F" (26)
19:53:36  [AT] "SEND OK" (7)
19:53:37  [TX] S,2936,18D,000,3836,P1,4F
19:53:37  [SLOT] n=3197 tx=25 ack=0 due=0 r=1
19:53:37  [AT] "AT+CIPSEND=26" (13)
19:53:37  [AT] " S,2936,18D,000,3836,P1,4F" (26)
19:53:37  [AT] "SEND OK" (7)
19:53:38  [TX] S,2937,18D,000,3837,P1,4F
19:53:38  [SLOT] n=3198 tx=25 ack=0 due=0 r=1
19:53:38  [AT] "AT+CIPSEND=26" (13)
19:53:38  [AT] " S,2937,18D,000,3837,P1,4F" (26)
19:53:38  [AT] "SEND OK" (7)
19:53:40  [TX] S,2938,18C,000,3838,P1,48
19:53:40  [SLOT] n=3199 tx=25 ack=0 due=0 r=1
19:53:40  [AT] "AT+CIPSEND=26" (13)
19:53:40  [AT] " S,2938,18C,000,3838,P1,48" (26)
19:53:40  [AT] "SEND OK" (7)
19:53:41  [TX] S,2939,18E,000,3840,P1,40
19:53:41  [SLOT] n=3200 tx=25 ack=0 due=0 r=1
19:53:41  [CNT] up=3840 drop=2 esprst=25 hwrst=0/0 resync=1 sendfail=0 okto=2 stuck=2 ackq=0 ackdrop=0 ackstale=0 slot=3200 oow=7 smiss=16 ssovf=0 cksumng=0 okstream=2918 penddrop=0 pendfill=2940 bigfill=26 bigdrop=0 bigokst=25 oklost=0 bigoklost=0 skip=23 online=1
19:53:41  [RAM] 최저 여유 596 B · 프롬프트 재동기 1회 (서버의 '버린줄' 과 맞아야 한다)
19:53:41  [AT] " S,2939,18E,000,3840,P1,40" (26)
19:53:41  [AT] "SEND OK" (7)
19:53:41  [AT] "AT+CIPSEND=26" (13)
19:53:42  [TX] S,2940,18E,000,3841,P1,4F
19:53:42  [SLOT] n=3201 tx=25 ack=0 due=0 r=1
19:53:42  [AT] "AT+CIPSEND=26" (13)
19:53:42  [AT] " S,2940,18E,000,3841,P1,4F" (26)
19:53:42  [AT] "SEND OK" (7)
19:53:43  [TX] S,2941,18E,000,3842,P1,4D
19:53:43  [SLOT] n=3202 tx=25 ack=0 due=0 r=1
19:53:43  [AT] "AT+CIPSEND=26" (13)
19:53:43  [AT] " S,2941,18E,000,3842,P1,4D" (26)
19:53:43  [AT] "SEND OK" (7)
19:53:44  [TX] S,2942,18E,000,3843,P1,4F
19:53:44  [SLOT] n=3203 tx=25 ack=0 due=0 r=1
19:53:44  [AT] "AT+CIPSEND=26" (13)
19:53:44  [AT] " S,2942,18E,000,3843,P1,4F" (26)
19:53:44  [AT] "SEND OK" (7)
19:53:46  «tap» 살아있음 — 최근 60초 rx=8160B (이 줄이 끊기면 탭이 죽은 것이다)
19:53:46  [TX] S,2943,18E,000,3844,P1,49
19:53:46  [SLOT] n=3204 tx=25 ack=0 due=0 r=1
19:53:46  [AT] "AT+CIPSEND=26" (13)
19:53:46  [AT] " S,2943,18E,000,3844,P1,49" (26)
19:53:46  [AT] "SEND OK" (7)
19:53:47  [TX] S,2944,18E,000,3846,P1,4C
19:53:47  [SLOT] n=3205 tx=25 ack=0 due=0 r=1
19:53:47  [AT] "AT+CIPSEND=26" (13)
19:53:47  [AT] " S,2944,18E,000,3846,P1,4C" (26)
19:53:47  [AT] "SEND OK" (7)
19:53:48  [TX] S,2945,18F,000,3847,P1,4F
19:53:48  [SLOT] n=3206 tx=25 ack=0 due=0 r=1
19:53:48  [AT] "AT+CIPSEND=26" (13)
19:53:48  [AT] " S,2945,18F,000,3847,P1,4F" (26)
19:53:48  [AT] "SEND OK" (7)
19:53:49  [TX] S,2946,18F,000,3848,P1,43
19:53:49  [SLOT] n=3207 tx=25 ack=0 due=0 r=1
19:53:49  [AT] "AT+CIPSEND=26" (13)
19:53:49  [AT] " S,2946,18F,000,3848,P1,43" (26)
19:53:49  [AT] "SEND OK" (7)
19:53:50  [TX] S,2947,18F,000,3849,P1,43
19:53:50  [SLOT] n=3208 tx=25 ack=0 due=0 r=1
19:53:50  [AT] "AT+CIPSEND=26" (13)
19:53:50  [AT] " S,2947,18F,000,3849,P1,43" (26)
19:53:50  [AT] "SEND OK" (7)
19:53:52  [TX] S,2948,18F,000,3850,P1,44
19:53:52  [SLOT] n=3209 tx=25 ack=0 due=0 r=1
19:53:52  [AT] "AT+CIPSEND=26" (13)
19:53:52  [AT] " S,2948,18F,000,3850,P1,44" (26)
19:53:52  [AT] "SEND OK" (7)
19:53:53  [TX] S,2949,18D,000,3852,P1,45
19:53:53  [SLOT] n=3210 tx=25 ack=0 due=0 r=1
19:53:53  [AT] "AT+CIPSEND=26" (13)
19:53:53  [AT] " S,2949,18D,000,3852,P1,45" (26)
19:53:53  [AT] "SEND OK" (7)
19:53:54  [TX] S,2950,18D,000,3853,P1,4C
19:53:54  [SLOT] n=3211 tx=25 ack=0 due=0 r=1
19:53:54  [AT] "AT+CIPSEND=26" (13)
19:53:54  [AT] " S,2950,18D,000,3853,P1,4C" (26)
19:53:54  [AT] "SEND OK" (7)
19:53:55  [TX] S,2951,18D,000,3854,P1,4A
19:53:55  [SLOT] n=3212 tx=25 ack=0 due=0 r=1
19:53:55  [AT] "AT+CIPSEND=26" (13)
19:53:55  [AT] " S,2951,18D,000,3854,P1,4A" (26)
19:53:55  [AT] "SEND OK" (7)
19:53:56  [TX] S,2952,18C,000,3855,P1,4F
19:53:56  [SLOT] n=3213 tx=25 ack=0 due=0 r=1
19:53:56  [AT] "AT+CIPSEND=26" (13)
19:53:56  [AT] " S,2952,18C,000,3855,P1,4F" (26)
19:53:56  [AT] "SEND OK" (7)
19:53:58  [TX] S,2953,18C,000,3856,P1,4D
19:53:58  [SLOT] n=3214 tx=25 ack=0 due=0 r=1
19:53:58  [AT] "AT+CIPSEND=26" (13)
19:53:58  [AT] " S,2953,18C,000,3856,P1,4D" (26)
19:53:58  [AT] "SEND OK" (7)
19:53:59  [TX] S,2954,18C,000,3858,P1,44
19:53:59  [SLOT] n=3215 tx=25 ack=0 due=0 r=1
19:53:59  [AT] "AT+CIPSEND=26" (13)
19:53:59  [AT] " S,2954,18C,000,3858,P1,44" (26)
19:53:59  [AT] "SEND OK" (7)
19:54:00  [TX] S,2955,18C,000,3859,P1,44
19:54:00  [SLOT] n=3216 tx=25 ack=0 due=0 r=1
19:54:00  [AT] "AT+CIPSEND=26" (13)
19:54:00  [AT] " S,2955,18C,000,3859,P1,44" (26)
19:54:00  [AT] "SEND OK" (7)
19:54:01  [TX] S,2956,18C,000,3860,P1,4D
19:54:01  [SLOT] n=3217 tx=25 ack=0 due=0 r=1
19:54:01  [AT] "AT+CIPSEND=26" (13)
19:54:01  [AT] " S,2956,18C,000,3860,P1,4D" (26)
19:54:01  [AT] "SEND OK" (7)
19:54:02  [TX] S,2957,18C,000,3861,P1,4D
19:54:02  [SLOT] n=3218 tx=25 ack=0 due=0 r=1
19:54:02  [AT] "AT+CIPSEND=26" (13)
19:54:03  [AT] " S,2957,18C,000,3861,P1,4D" (26)
19:54:03  [AT] "SEND OK" (7)
19:54:04  [TX] S,2958,18C,000,3862,P1,41
19:54:04  [SLOT] n=3219 tx=25 ack=0 due=0 r=1
19:54:04  [AT] "AT+CIPSEND=26" (13)
19:54:04  [AT] " S,2958,18C,000,3862,P1,41" (26)
19:54:04  [AT] "SEND OK" (7)
19:54:05  [TX] S,2959,18F,000,3864,P1,43
19:54:05  [SLOT] n=3220 tx=25 ack=0 due=0 r=1
19:54:05  [AT] "AT+CIPSEND=26" (13)
19:54:05  [AT] " S,2959,18F,000,3864,P1,43" (26)
19:54:05  [AT] "SEND OK" (7)
19:54:06  [TX] S,2960,18F,000,3865,P1,48
19:54:06  [SLOT] n=3221 tx=25 ack=0 due=0 r=1
19:54:06  [AT] "AT+CIPSEND=26" (13)
19:54:06  [AT] " S,2960,18F,000,3865,P1,48" (26)
19:54:06  [AT] "SEND OK" (7)
19:54:07  [TX] S,2961,18F,000,3866,P1,4A
19:54:07  [SLOT] n=3222 tx=25 ack=0 due=0 r=1
19:54:07  [AT] "AT+CIPSEND=26" (13)
19:54:07  [AT] " S,2961,18F,000,3866,P1,4A" (26)
19:54:07  [AT] "SEND OK" (7)
19:54:08  [TX] S,2962,18F,000,3867,P1,48
19:54:08  [SLOT] n=3223 tx=25 ack=0 due=0 r=1
19:54:08  [AT] "AT+CIPSEND=26" (13)
19:54:08  [AT] " S,2962,18F,000,3867,P1,48" (26)
19:54:08  [AT] "SEND OK" (7)
19:54:10  [TX] S,2963,18F,000,3868,P1,46
19:54:10  [SLOT] n=3224 tx=25 ack=0 due=0 r=1
19:54:10  [AT] "AT+CIPSEND=26" (13)
19:54:10  [AT] " S,2963,18F,000,3868,P1,46" (26)
19:54:10  [AT] "SEND OK" (7)
19:54:11  [TX] S,2964,18F,000,3870,P1,48
19:54:11  [SLOT] n=3225 tx=25 ack=0 due=0 r=1
19:54:11  [AT] "AT+CIPSEND=26" (13)
19:54:11  [AT] " S,2964,18F,000,3870,P1,48" (26)
19:54:11  [AT] "SEND OK" (7)
19:54:12  [TX] S,2965,18F,000,3871,P1,48
19:54:12  [SLOT] n=3226 tx=25 ack=0 due=0 r=1
19:54:12  [AT] "AT+CIPSEND=26" (13)
19:54:12  [AT] " S,2965,18F,000,3871,P1,48" (26)
19:54:12  [AT] "SEND OK" (7)
19:54:13  [TX] S,2966,18E,000,3872,P1,4B
19:54:13  [SLOT] n=3227 tx=25 ack=0 due=0 r=1
19:54:13  [AT] "AT+CIPSEND=26" (13)
19:54:13  [AT] " S,2966,18E,000,3872,P1,4B" (26)
19:54:13  [AT] "SEND OK" (7)
19:54:14  [TX] S,2967,18E,000,3873,P1,4B
19:54:14  [SLOT] n=3228 tx=25 ack=0 due=0 r=1
19:54:14  [AT] "AT+CIPSEND=26" (13)
19:54:14  [AT] " S,2967,18E,000,3873,P1,4B" (26)
19:54:14  [AT] "SEND OK" (7)
19:54:16  [TX] S,2968,18E,000,3874,P1,43
19:54:16  [SLOT] n=3229 tx=25 ack=0 due=0 r=1
19:54:16  [AT] "AT+CIPSEND=26" (13)
19:54:16  [AT] " S,2968,18E,000,3874,P1,43" (26)
19:54:16  [AT] "SEND OK" (7)
19:54:17  [TX] S,2969,18C,000,3876,P1,46
19:54:17  [SLOT] n=3230 tx=25 ack=0 due=0 r=1
19:54:17  [AT] "AT+CIPSEND=26" (13)
19:54:17  [AT] " S,2969,18C,000,3876,P1,46" (26)
19:54:17  [AT] "SEND OK" (7)
19:54:18  [TX] S,2970,18C,000,3877,P1,4F
19:54:18  [SLOT] n=3231 tx=25 ack=0 due=0 r=1
19:54:18  [AT] "AT+CIPSEND=26" (13)
19:54:18  [AT] " S,2970,18C,000,3877,P1,4F" (26)
19:54:18  [AT] "SEND OK" (7)
19:54:19  [TX] S,2971,18C,000,3878,P1,41
19:54:19  [SLOT] n=3232 tx=25 ack=0 due=0 r=1
19:54:19  [AT] "AT+CIPSEND=26" (13)
19:54:19  [AT] " S,2971,18C,000,3878,P1,41" (26)
19:54:19  [AT] "SEND OK" (7)
19:54:20  [TX] S,2972,18C,000,3879,P1,43
19:54:20  [SLOT] n=3233 tx=25 ack=0 due=0 r=1
19:54:20  [AT] "AT+CIPSEND=26" (13)
19:54:20  [AT] " S,2972,18C,000,3879,P1,43" (26)
19:54:20  [AT] "SEND OK" (7)
19:54:22  [TX] S,2973,18D,000,3880,P1,43
19:54:22  [SLOT] n=3234 tx=25 ack=0 due=0 r=1
19:54:22  [AT] "AT+CIPSEND=26" (13)
19:54:22  [AT] " S,2973,18D,000,3880,P1,43" (26)
19:54:22  [AT] "SEND OK" (7)
19:54:23  [TX] S,2974,18D,000,3882,P1,46
19:54:23  [SLOT] n=3235 tx=25 ack=0 due=0 r=1
19:54:23  [AT] "AT+CIPSEND=26" (13)
19:54:23  [AT] " S,2974,18D,000,3882,P1,46" (26)
19:54:23  [AT] "SEND OK" (7)
19:54:24  [TX] S,2975,18D,000,3883,P1,46
19:54:24  [SLOT] n=3236 tx=25 ack=0 due=0 r=1
19:54:24  [AT] "AT+CIPSEND=26" (13)
19:54:24  [AT] " S,2975,18D,000,3883,P1,46" (26)
19:54:24  [AT] "SEND OK" (7)
19:54:25  [TX] S,2976,18D,000,3884,P1,42
19:54:25  [SLOT] n=3237 tx=25 ack=0 due=0 r=1
19:54:25  [AT] "AT+CIPSEND=26" (13)
19:54:25  [AT] " S,2976,18D,000,3884,P1,42" (26)
19:54:25  [AT] "SEND OK" (7)
19:54:26  [TX] S,2977,18D,000,3885,P1,42
19:54:26  [SLOT] n=3238 tx=25 ack=0 due=0 r=1
19:54:26  [AT] "AT+CIPSEND=26" (13)
19:54:26  [AT] " S,2977,18D,000,3885,P1,42" (26)
19:54:26  [AT] "SEND OK" (7)
19:54:28  [TX] S,2978,18D,000,3886,P1,4E
19:54:28  [SLOT] n=3239 tx=25 ack=0 due=0 r=1
19:54:28  [AT] "AT+CIPSEND=26" (13)
19:54:28  [AT] " S,2978,18D,000,3886,P1,4E" (26)
19:54:28  [AT] "SEND OK" (7)
19:54:29  [TX] S,2979,18F,000,3888,P1,43
19:54:29  [SLOT] n=3240 tx=25 ack=0 due=0 r=1
19:54:29  [AT] "AT+CIPSEND=26" (13)
19:54:29  [AT] " S,2979,18F,000,3888,P1,43" (26)
19:54:29  [AT] "SEND OK" (7)
19:54:30  [TX] S,2980,18E,000,3889,P1,47
19:54:30  [SLOT] n=3241 tx=25 ack=0 due=0 r=1
19:54:30  [AT] "AT+CIPSEND=26" (13)
19:54:30  [AT] " S,2980,18E,000,3889,P1,47" (26)
19:54:30  [AT] "SEND OK" (7)
19:54:31  [TX] S,2981,18E,000,3890,P1,4E
19:54:31  [SLOT] n=3242 tx=25 ack=0 due=0 r=1
19:54:31  [AT] "AT+CIPSEND=26" (13)
19:54:31  [AT] " S,2981,18E,000,3890,P1,4E" (26)
19:54:31  [AT] "SEND OK" (7)
19:54:32  [TX] S,2982,18E,000,3891,P1,4C
19:54:32  [SLOT] n=3243 tx=25 ack=0 due=0 r=1
19:54:32  [AT] "AT+CIPSEND=26" (13)
19:54:32  [AT] " S,2982,18E,000,3891,P1,4C" (26)
19:54:32  [AT] "SEND OK" (7)
19:54:34  [TX] S,2983,18E,000,3892,P1,4E
19:54:34  [SLOT] n=3244 tx=25 ack=0 due=0 r=1
19:54:34  [AT] "AT+CIPSEND=26" (13)
19:54:34  [AT] " S,2983,18E,000,3892,P1,4E" (26)
19:54:34  [AT] "SEND OK" (7)
19:54:35  [TX] S,2984,18E,000,3894,P1,4F
19:54:35  [SLOT] n=3245 tx=25 ack=0 due=0 r=1
19:54:35  [AT] "AT+CIPSEND=26" (13)
19:54:35  [AT] " S,2984,18E,000,3894,P1,4F" (26)
19:54:35  [AT] "SEND OK" (7)
19:54:36  [TX] S,2985,18E,000,3895,P1,4F
19:54:36  [SLOT] n=3246 tx=25 ack=0 due=0 r=1
19:54:36  [AT] "AT+CIPSEND=26" (13)
19:54:36  [AT] " S,2985,18E,000,3895,P1,4F" (26)
19:54:36  [AT] "SEND OK" (7)
19:54:37  [TX] S,2986,18E,000,3896,P1,4F
19:54:37  [SLOT] n=3247 tx=25 ack=0 due=0 r=1
19:54:37  [AT] "AT+CIPSEND=26" (13)
19:54:37  [AT] " S,2986,18E,000,3896,P1,4F" (26)
19:54:37  [AT] "SEND OK" (7)
19:54:38  [TX] S,2987,18F,000,3897,P1,4C
19:54:38  [SLOT] n=3248 tx=25 ack=0 due=0 r=1
19:54:38  [AT] "AT+CIPSEND=26" (13)
19:54:38  [AT] " S,2987,18F,000,3897,P1,4C" (26)
19:54:38  [AT] "SEND OK" (7)
19:54:40  [TX] S,2988,18F,000,3898,P1,4C
19:54:40  [SLOT] n=3249 tx=25 ack=0 due=0 r=1
19:54:40  [AT] "AT+CIPSEND=26" (13)
19:54:40  [AT] " S,2988,18F,000,3898,P1,4C" (26)
19:54:40  [AT] "SEND OK" (7)
19:54:41  [TX] S,2989,18D,000,3900,P1,4F
19:54:41  [SLOT] n=3250 tx=25 ack=0 due=0 r=1
19:54:41  [CNT] up=3900 drop=2 esprst=25 hwrst=0/0 resync=1 sendfail=0 okto=2 stuck=2 ackq=0 ackdrop=0 ackstale=0 slot=3250 oow=7 smiss=16 ssovf=0 cksumng=0 okstream=2968 penddrop=0 pendfill=2990 bigfill=26 bigdrop=0 bigokst=25 oklost=0 bigoklost=0 skip=23 online=1
19:54:41  [RAM] 최저 여유 596 B · 프롬프트 재동기 1회 (서버의 '버린줄' 과 맞아야 한다)
19:54:41  [AT] "AT+CIPSEND=26" (13)
19:54:41  [AT] " S,2989,18D,000,3900,P1,4F" (26)
19:54:41  [AT] "SEND OK" (7)
19:54:42  [TX] S,2990,18D,000,3901,P1,46
19:54:42  [SLOT] n=3251 tx=25 ack=0 due=0 r=1
19:54:42  [AT] "AT+CIPSEND=26" (13)
19:54:42  [AT] " S,2990,18D,000,3901,P1,46" (26)
19:54:42  [AT] "SEND OK" (7)
19:54:43  [TX] S,2991,18D,000,3902,P1,44
19:54:43  [SLOT] n=3252 tx=25 ack=0 due=0 r=1
19:54:43  [AT] "AT+CIPSEND=26" (13)
19:54:43  [AT] " S,2991,18D,000,3902,P1,44" (26)
19:54:43  [AT] "SEND OK" (7)
19:54:44  [TX] S,2992,18D,000,3903,P1,46
19:54:44  [SLOT] n=3253 tx=25 ack=0 due=0 r=1
19:54:44  [AT] "AT+CIPSEND=26" (13)
19:54:44  [AT] " S,2992,18D,000,3903,P1,46" (26)
19:54:44  [AT] "SEND OK" (7)
19:54:46  «tap» 살아있음 — 최근 60초 rx=8160B (이 줄이 끊기면 탭이 죽은 것이다)
19:54:46  [TX] S,2993,18D,000,3904,P1,40
19:54:46  [SLOT] n=3254 tx=25 ack=0 due=0 r=1
19:54:46  [AT] "AT+CIPSEND=26" (13)
19:54:46  [AT] " S,2993,18D,000,3904,P1,40" (26)
19:54:46  [AT] "SEND OK" (7)
19:54:47  [TX] S,2994,18C,000,3906,P1,42
19:54:47  [SLOT] n=3255 tx=25 ack=0 due=0 r=1
19:54:47  [AT] "AT+CIPSEND=26" (13)
19:54:47  [AT] " S,2994,18C,000,3906,P1,42" (26)
19:54:47  [AT] "SEND OK" (7)
19:54:48  [TX] S,2995,18C,000,3907,P1,42
19:54:48  [SLOT] n=3256 tx=25 ack=0 due=0 r=1
19:54:48  [AT] "AT+CIPSEND=26" (13)
19:54:48  [AT] " S,2995,18C,000,3907,P1,42" (26)
19:54:48  [AT] "SEND OK" (7)
19:54:49  [TX] S,2996,18C,000,3908,P1,4E
19:54:49  [SLOT] n=3257 tx=25 ack=0 due=0 r=1
19:54:49  [AT] "AT+CIPSEND=26" (13)
19:54:49  [AT] " S,2996,18C,000,3908,P1,4E" (26)
19:54:49  [AT] "SEND OK" (7)
19:54:50  [TX] S,2997,18C,000,3909,P1,4E
19:54:50  [SLOT] n=3258 tx=25 ack=0 due=0 r=1
19:54:50  [AT] "AT+CIPSEND=26" (13)
19:54:50  [AT] " S,2997,18C,000,3909,P1,4E" (26)
19:54:50  [AT] "SEND OK" (7)
19:54:52  [TX] S,2998,18C,000,3910,P1,49
19:54:52  [SLOT] n=3259 tx=25 ack=0 due=0 r=1
19:54:52  [AT] "AT+CIPSEND=26" (13)
19:54:52  [AT] " S,2998,18C,000,3910,P1,49" (26)
19:54:52  [AT] "SEND OK" (7)
19:54:53  [TX] S,2999,18E,000,3912,P1,4C
19:54:53  [SLOT] n=3260 tx=25 ack=0 due=0 r=1
19:54:53  [AT] "AT+CIPSEND=26" (13)
19:54:53  [AT] " S,2999,18E,000,3912,P1,4C" (26)
19:54:53  [AT] "SEND OK" (7)
19:54:54  [TX] S,3000,18E,000,3913,P1,45
19:54:54  [SLOT] n=3261 tx=25 ack=0 due=0 r=1
19:54:54  [AT] "AT+CIPSEND=26" (13)
19:54:54  [AT] " S,3000,18E,000,3913,P1,45" (26)
19:54:54  [AT] "SEND OK" (7)
19:54:55  [TX] S,3001,18F,000,3914,P1,40
19:54:55  [SLOT] n=3262 tx=25 ack=0 due=0 r=1
19:54:55  [AT] "AT+CIPSEND=26" (13)
19:54:55  [AT] " S,3001,18F,000,3914,P1,40" (26)
19:54:55  [AT] "SEND OK" (7)
19:54:56  [TX] S,3002,18F,000,3915,P1,42
19:54:56  [SLOT] n=3263 tx=25 ack=0 due=0 r=1
19:54:56  [AT] "AT+CIPSEND=26" (13)
19:54:56  [AT] " S,3002,18F,000,3915,P1,42" (26)
19:54:56  [AT] "SEND OK" (7)
19:54:58  [TX] S,3003,18F,000,3916,P1,40
19:54:58  [SLOT] n=3264 tx=25 ack=0 due=0 r=1
19:54:58  [AT] "AT+CIPSEND=26" (13)
19:54:58  [AT] " S,3003,18F,000,3916,P1,40" (26)
19:54:58  [AT] "SEND OK" (7)
19:54:59  [TX] S,3004,18F,000,3918,P1,49
19:54:59  [SLOT] n=3265 tx=25 ack=0 due=0 r=1
19:54:59  [AT] "AT+CIPSEND=26" (13)
19:54:59  [AT] " S,3004,18F,000,3918,P1,49" (26)
19:54:59  [AT] "SEND OK" (7)
19:55:00  [TX] S,3005,18F,000,3919,P1,49
19:55:00  [SLOT] n=3266 tx=25 ack=0 due=0 r=1
19:55:00  [AT] "AT+CIPSEND=26" (13)
19:55:00  [AT] " S,3005,18F,000,3919,P1,49" (26)
19:55:00  [AT] "SEND OK" (7)
19:55:01  [TX] S,3006,18F,000,3920,P1,40
19:55:01  [SLOT] n=3267 tx=25 ack=0 due=0 r=1
19:55:01  [AT] "AT+CIPSEND=26" (13)
19:55:01  [AT] " S,3006,18F,000,3920,P1,40" (26)
19:55:01  [AT] "SEND OK" (7)
19:55:02  [TX] S,3007,18F,000,3921,P1,40
19:55:02  [SLOT] n=3268 tx=25 ack=0 due=0 r=1
19:55:02  [AT] "AT+CIPSEND=26" (13)
19:55:02  [AT] " S,3007,18F,000,3921,P1,40" (26)
19:55:02  [AT] "SEND OK" (7)
19:55:04  [TX] S,3008,18E,000,3922,P1,4F
19:55:04  [SLOT] n=3269 tx=25 ack=0 due=0 r=1
19:55:04  [AT] "AT+CIPSEND=26" (13)
19:55:04  [AT] " S,3008,18E,000,3922,P1,4F" (26)
19:55:04  [AT] "SEND OK" (7)
19:55:05  [TX] S,3009,18C,000,3924,P1,4E
19:55:05  [SLOT] n=3270 tx=25 ack=0 due=0 r=1
19:55:05  [AT] "AT+CIPSEND=26" (13)
19:55:05  [AT] " S,3009,18C,000,3924,P1,4E" (26)
19:55:05  [AT] "SEND OK" (7)
19:55:06  [TX] S,3010,18C,000,3925,P1,47
19:55:06  [SLOT] n=3271 tx=25 ack=0 due=0 r=1
19:55:06  [AT] "AT+CIPSEND=26" (13)
19:55:06  [AT] " S,3010,18C,000,3925,P1,47" (26)
19:55:06  [AT] "SEND OK" (7)
19:55:07  [TX] S,3011,18C,000,3926,P1,45
19:55:07  [SLOT] n=3272 tx=25 ack=0 due=0 r=1
19:55:07  [AT] "AT+CIPSEND=26" (13)
19:55:07  [AT] " S,3011,18C,000,3926,P1,45" (26)
19:55:07  [AT] "SEND OK" (7)
19:55:08  [TX] S,3012,18C,000,3927,P1,47
19:55:08  [SLOT] n=3273 tx=25 ack=0 due=0 r=1
19:55:08  [AT] "AT+CIPSEND=26" (13)
19:55:08  [AT] " S,3012,18C,000,3927,P1,47" (26)
19:55:08  [AT] "SEND OK" (7)
19:55:10  [TX] S,3013,18C,000,3928,P1,49
19:55:10  [SLOT] n=3274 tx=25 ack=0 due=0 r=1
19:55:10  [AT] "AT+CIPSEND=26" (13)
19:55:10  [AT] " S,3013,18C,000,3928,P1,49" (26)
19:55:10  [AT] "SEND OK" (7)
19:55:11  [TX] S,3014,18C,000,3930,P1,47
19:55:11  [SLOT] n=3275 tx=25 ack=0 due=0 r=1
19:55:11  [AT] "AT+CIPSEND=26" (13)
19:55:11  [AT] " S,3014,18C,000,3930,P1,47" (26)
19:55:11  [AT] "SEND OK" (7)
19:55:12  [TX] S,3015,18D,000,3931,P1,40
19:55:12  [SLOT] n=3276 tx=25 ack=0 due=0 r=1
19:55:12  [AT] "AT+CIPSEND=26" (13)
19:55:12  [AT] " S,3015,18D,000,3931,P1,40" (26)
19:55:12  [AT] "SEND OK" (7)
19:55:13  [TX] S,3016,18D,000,3932,P1,40
19:55:13  [SLOT] n=3277 tx=25 ack=0 due=0 r=1
19:55:13  [AT] "AT+CIPSEND=26" (13)
19:55:13  [AT] " S,3016,18D,000,3932,P1,40" (26)
19:55:13  [AT] "SEND OK" (7)
19:55:14  [TX] S,3017,18D,000,3933,P1,40
19:55:14  [SLOT] n=3278 tx=25 ack=0 due=0 r=1
19:55:14  [AT] "AT+CIPSEND=26" (13)
19:55:14  [AT] " S,3017,18D,000,3933,P1,40" (26)
19:55:14  [AT] "SEND OK" (7)
19:55:15  [TX] S,3018,18D,000,3934,P1,48
19:55:16  [SLOT] n=3279 tx=25 ack=0 due=0 r=1
19:55:16  [AT] "AT+CIPSEND=26" (13)
19:55:16  [AT] " S,3018,18D,000,3934,P1,48" (26)
19:55:16  [AT] "SEND OK" (7)
19:55:17  [TX] S,3019,18F,000,3936,P1,49
19:55:17  [SLOT] n=3280 tx=25 ack=0 due=0 r=1
19:55:17  [AT] "AT+CIPSEND=26" (13)
19:55:17  [AT] " S,3019,18F,000,3936,P1,49" (26)
19:55:17  [AT] "SEND OK" (7)
19:55:18  [TX] S,3020,18F,000,3937,P1,42
19:55:18  [SLOT] n=3281 tx=25 ack=0 due=0 r=1
19:55:18  [AT] "AT+CIPSEND=26" (13)
19:55:18  [AT] " S,3020,18F,000,3937,P1,42" (26)
19:55:18  [AT] "SEND OK" (7)
19:55:19  [TX] S,3021,18F,000,3938,P1,4C
19:55:19  [SLOT] n=3282 tx=25 ack=0 due=0 r=1
19:55:19  [AT] "AT+CIPSEND=26" (13)
19:55:19  [AT] " S,3021,18F,000,3938,P1,4C" (26)
19:55:19  [AT] "SEND OK" (7)
19:55:20  [TX] S,3022,18E,000,3939,P1,4D
19:55:20  [SLOT] n=3283 tx=25 ack=0 due=0 r=1
19:55:20  [AT] "AT+CIPSEND=26" (13)
19:55:20  [AT] " S,3022,18E,000,3939,P1,4D" (26)
19:55:20  [AT] "SEND OK" (7)
19:55:21  [TX] S,3023,18E,000,3940,P1,42
19:55:21  [SLOT] n=3284 tx=25 ack=0 due=0 r=1
19:55:22  [AT] "AT+CIPSEND=26" (13)
19:55:22  [AT] " S,3023,18E,000,3940,P1,42" (26)
19:55:22  [AT] "SEND OK" (7)
19:55:23  [TX] S,3024,18E,000,3942,P1,47
19:55:23  [SLOT] n=3285 tx=25 ack=0 due=0 r=1
19:55:23  [AT] "AT+CIPSEND=26" (13)
19:55:23  [AT] " S,3024,18E,000,3942,P1,47" (26)
19:55:23  [AT] "SEND OK" (7)
19:55:24  [TX] S,3025,18E,000,3943,P1,47
19:55:24  [SLOT] n=3286 tx=25 ack=0 due=0 r=1
19:55:24  [AT] "AT+CIPSEND=26" (13)
19:55:24  [AT] " S,3025,18E,000,3943,P1,47" (26)
19:55:24  [AT] "SEND OK" (7)
19:55:25  [TX] S,3026,18E,000,3944,P1,43
19:55:25  [SLOT] n=3287 tx=25 ack=0 due=0 r=1
19:55:25  [AT] "AT+CIPSEND=26" (13)
19:55:25  [AT] " S,3026,18E,000,3944,P1,43" (26)
19:55:25  [AT] "SEND OK" (7)
19:55:26  [TX] S,3027,18E,000,3945,P1,43
19:55:26  [SLOT] n=3288 tx=25 ack=0 due=0 r=1
19:55:26  [AT] "AT+CIPSEND=26" (13)
19:55:26  [AT] " S,3027,18E,000,3945,P1,43" (26)
19:55:26  [AT] "SEND OK" (7)
19:55:27  [TX] S,3028,18E,000,3946,P1,4F
19:55:27  [SLOT] n=3289 tx=25 ack=0 due=0 r=1
19:55:27  [AT] "AT+CIPSEND=26" (13)
19:55:28  [AT] " S,3028,18E,000,3946,P1,4F" (26)
19:55:28  [AT] "SEND OK" (7)
19:55:29  [TX] S,3029,18D,000,3948,P1,41
19:55:29  [SLOT] n=3290 tx=25 ack=0 due=0 r=1
19:55:29  [AT] "AT+CIPSEND=26" (13)
19:55:29  [AT] " S,3029,18D,000,3948,P1,41" (26)
19:55:29  [AT] "SEND OK" (7)
19:55:30  [TX] S,3030,18D,000,3949,P1,48
19:55:30  [SLOT] n=3291 tx=25 ack=0 due=0 r=1
19:55:30  [AT] "AT+CIPSEND=26" (13)
19:55:30  [AT] " S,3030,18D,000,3949,P1,48" (26)
19:55:30  [AT] "SEND OK" (7)
19:55:31  [TX] S,3031,18D,000,3950,P1,41
19:55:31  [SLOT] n=3292 tx=25 ack=0 due=0 r=1
19:55:31  [AT] "AT+CIPSEND=26" (13)
19:55:31  [AT] " S,3031,18D,000,3950,P1,41" (26)
19:55:31  [AT] "SEND OK" (7)
19:55:32  [TX] S,3032,18D,000,3951,P1,43
19:55:32  [SLOT] n=3293 tx=25 ack=0 due=0 r=1
19:55:32  [AT] "AT+CIPSEND=26" (13)
19:55:32  [AT] " S,3032,18D,000,3951,P1,43" (26)
19:55:32  [AT] "SEND OK" (7)
19:55:33  [TX] S,3033,18D,000,3952,P1,41
19:55:33  [SLOT] n=3294 tx=25 ack=0 due=0 r=1
19:55:33  [AT] "AT+CIPSEND=26" (13)
19:55:34  [AT] " S,3033,18D,000,3952,P1,41" (26)
19:55:34  [AT] "SEND OK" (7)
19:55:35  [TX] S,3034,18D,000,3954,P1,40
19:55:35  [SLOT] n=3295 tx=25 ack=0 due=0 r=1
19:55:35  [AT] "AT+CIPSEND=26" (13)
19:55:35  [AT] " S,3034,18D,000,3954,P1,40" (26)
19:55:35  [AT] "SEND OK" (7)
19:55:36  [TX] S,3035,18D,000,3955,P1,40
19:55:36  [SLOT] n=3296 tx=25 ack=0 due=0 r=1
19:55:36  [AT] "AT+CIPSEND=26" (13)
19:55:36  [AT] " S,3035,18D,000,3955,P1,40" (26)
19:55:36  [AT] "SEND OK" (7)
19:55:37  [TX] S,3036,18C,000,3956,P1,47
19:55:37  [SLOT] n=3297 tx=25 ack=0 due=0 r=1
19:55:37  [AT] "AT+CIPSEND=26" (13)
19:55:37  [AT] " S,3036,18C,000,3956,P1,47" (26)
19:55:37  [AT] "SEND OK" (7)
19:55:38  [TX] S,3037,18C,000,3957,P1,47
19:55:38  [SLOT] n=3298 tx=25 ack=0 due=0 r=1
19:55:38  [AT] "AT+CIPSEND=26" (13)
19:55:38  [AT] " S,3037,18C,000,3957,P1,47" (26)
19:55:38  [AT] "SEND OK" (7)
19:55:39  [TX] S,3038,18C,000,3958,P1,47
19:55:39  [SLOT] n=3299 tx=25 ack=0 due=0 r=1
19:55:39  [AT] "AT+CIPSEND=26" (13)
19:55:39  [AT] " S,3038,18C,000,3958,P1,47" (26)
19:55:39  [AT] "SEND OK" (7)
19:55:41  [TX] S,3039,18E,000,3960,P1,4B
19:55:41  [SLOT] n=3300 tx=25 ack=0 due=0 r=1
19:55:41  [CNT] up=3960 drop=2 esprst=25 hwrst=0/0 resync=1 sendfail=0 okto=2 stuck=2 ackq=0 ackdrop=0 ackstale=0 slot=3300 oow=7 smiss=16 ssovf=0 cksumng=0 okstream=3018 penddrop=0 pendfill=3040 bigfill=26 bigdrop=0 bigokst=25 oklost=0 bigoklost=0 skip=23 online=1
19:55:41  [RAM] 최저 여유 596 B · 프롬프트 재동기 1회 (서버의 '버린줄' 과 맞아야 한다)
19:55:41  [AT] "AT+CIPSEND=26" (13)
19:55:41  [AT] " S,3039,18E,000,3960,P1,4B" (26)
19:55:41  [AT] "SEND OK" (7)
19:55:42  [TX] S,3040,18E,000,3961,P1,44
19:55:42  [SLOT] n=3301 tx=25 ack=0 due=0 r=1
19:55:42  [AT] "AT+CIPSEND=26" (13)
19:55:42  [AT] " S,3040,18E,000,3961,P1,44" (26)
19:55:42  [AT] "SEND OK" (7)
19:55:43  [TX] S,3041,18E,000,3962,P1,46
19:55:43  [SLOT] n=3302 tx=25 ack=0 due=0 r=1
19:55:43  [AT] "AT+CIPSEND=26" (13)
19:55:43  [AT] " S,3041,18E,000,3962,P1,46" (26)
19:55:43  [AT] "SEND OK" (7)
19:55:44  [TX] S,3042,18E,000,3963,P1,44
19:55:44  [SLOT] n=3303 tx=25 ack=0 due=0 r=1
19:55:44  [AT] "AT+CIPSEND=26" (13)
19:55:44  [AT] " S,3042,18E,000,3963,P1,44" (26)
19:55:44  [AT] "SEND OK" (7)
19:55:45  [TX] S,3043,18F,000,3964,P1,41
19:55:45  [SLOT] n=3304 tx=25 ack=0 due=0 r=1
19:55:45  [AT] "AT+CIPSEND=26" (13)
19:55:45  [AT] " S,3043,18F,000,3964,P1,41" (26)
19:55:45  [AT] "SEND OK" (7)
19:55:46  «tap» 살아있음 — 최근 60초 rx=8316B (이 줄이 끊기면 탭이 죽은 것이다)
19:55:47  [TX] S,3044,18F,000,3966,P1,44
19:55:47  [SLOT] n=3305 tx=25 ack=0 due=0 r=1
19:55:47  [AT] "AT+CIPSEND=26" (13)
19:55:47  [AT] " S,3044,18F,000,3966,P1,44" (26)
19:55:47  [AT] "SEND OK" (7)
19:55:48  [TX] S,3045,18F,000,3967,P1,44
19:55:48  [SLOT] n=3306 tx=25 ack=0 due=0 r=1
19:55:48  [AT] "AT+CIPSEND=26" (13)
19:55:48  [AT] " S,3045,18F,000,3967,P1,44" (26)
19:55:48  [AT] "SEND OK" (7)
19:55:49  [TX] S,3046,18F,000,3968,P1,48
19:55:49  [SLOT] n=3307 tx=25 ack=0 due=0 r=1
19:55:49  [AT] "AT+CIPSEND=26" (13)
19:55:49  [AT] " S,3046,18F,000,3968,P1,48" (26)
19:55:49  [AT] "SEND OK" (7)
19:55:50  [TX] S,3047,18F,000,3969,P1,48
19:55:50  [SLOT] n=3308 tx=25 ack=0 due=0 r=1
19:55:50  [AT] "AT+CIPSEND=26" (13)
19:55:50  [AT] " S,3047,18F,000,3969,P1,48" (26)
19:55:50  [AT] "SEND OK" (7)
19:55:51  [TX] S,3048,18F,000,3970,P1,4F
19:55:51  [SLOT] n=3309 tx=25 ack=0 due=0 r=1
19:55:51  [AT] "AT+CIPSEND=26" (13)
19:55:51  [AT] " S,3048,18F,000,3970,P1,4F" (26)
19:55:51  [AT] "SEND OK" (7)
19:55:53  [TX] S,3049,18D,000,3972,P1,4E
19:55:53  [SLOT] n=3310 tx=25 ack=0 due=0 r=1
19:55:53  [AT] "AT+CIPSEND=26" (13)
19:55:53  [AT] " S,3049,18D,000,3972,P1,4E" (26)
19:55:53  [AT] "SEND OK" (7)
19:55:54  [TX] S,3050,18C,000,3973,P1,40
19:55:54  [SLOT] n=3311 tx=25 ack=0 due=0 r=1
19:55:54  [AT] "AT+CIPSEND=26" (13)
19:55:54  [AT] " S,3050,18C,000,3973,P1,40" (26)
19:55:54  [AT] "SEND OK" (7)
19:55:55  [TX] S,3051,18C,000,3974,P1,46
19:55:55  [SLOT] n=3312 tx=25 ack=0 due=0 r=1
19:55:55  [AT] "AT+CIPSEND=26" (13)
19:55:55  [AT] " S,3051,18C,000,3974,P1,46" (26)
19:55:55  [AT] "SEND OK" (7)
19:55:56  [TX] S,3052,18C,000,3975,P1,44
19:55:56  [SLOT] n=3313 tx=25 ack=0 due=0 r=1
19:55:56  [AT] "AT+CIPSEND=26" (13)
19:55:56  [AT] " S,3052,18C,000,3975,P1,44" (26)
19:55:56  [AT] "SEND OK" (7)
19:55:57  [TX] S,3053,18C,000,3976,P1,46
19:55:57  [SLOT] n=3314 tx=25 ack=0 due=0 r=1
19:55:57  [AT] "AT+CIPSEND=26" (13)
19:55:57  [AT] " S,3053,18C,000,3976,P1,46" (26)
19:55:57  [AT] "SEND OK" (7)
19:55:59  [TX] S,3054,18C,000,3978,P1,4F
19:55:59  [SLOT] n=3315 tx=25 ack=0 due=0 r=1
19:55:59  [AT] "AT+CIPSEND=26" (13)
19:55:59  [AT] " S,3054,18C,000,3978,P1,4F" (26)
19:55:59  [AT] "SEND OK" (7)
19:56:00  [TX] S,3055,18C,000,3979,P1,4F
19:56:00  [SLOT] n=3316 tx=25 ack=0 due=0 r=1
19:56:00  [AT] "AT+CIPSEND=26" (13)
19:56:00  [AT] " S,3055,18C,000,3979,P1,4F" (26)
19:56:00  [AT] "SEND OK" (7)
19:56:01  [TX] S,3056,18C,000,3980,P1,4A
19:56:01  [SLOT] n=3317 tx=25 ack=0 due=0 r=1
19:56:01  [AT] "AT+CIPSEND=26" (13)
19:56:01  [AT] " S,3056,18C,000,3980,P1,4A" (26)
19:56:01  [AT] "SEND OK" (7)
19:56:02  [TX] S,3057,18D,000,3981,P1,4D
19:56:02  [SLOT] n=3318 tx=25 ack=0 due=0 r=1
19:56:02  [AT] "AT+CIPSEND=26" (13)
19:56:02  [AT] " S,3057,18D,000,3981,P1,4D" (26)
19:56:02  [AT] "SEND OK" (7)
19:56:03  [TX] S,3058,18D,000,3982,P1,41
19:56:03  [SLOT] n=3319 tx=25 ack=0 due=0 r=1
19:56:03  [AT] "AT+CIPSEND=26" (13)
19:56:03  [AT] " S,3058,18D,000,3982,P1,41" (26)
19:56:03  [AT] "SEND OK" (7)
19:56:05  [TX] S,3059,18F,000,3984,P1,44
19:56:05  [SLOT] n=3320 tx=25 ack=0 due=0 r=1
19:56:05  [AT] "AT+CIPSEND=26" (13)
19:56:05  [AT] " S,3059,18F,000,3984,P1,44" (26)
19:56:05  [AT] "SEND OK" (7)
19:56:06  [TX] S,3060,18F,000,3985,P1,4F
19:56:06  [SLOT] n=3321 tx=25 ack=0 due=0 r=1
19:56:06  [AT] "AT+CIPSEND=26" (13)
19:56:06  [AT] " S,3060,18F,000,3985,P1,4F" (26)
19:56:06  [AT] "SEND OK" (7)
19:56:07  [TX] S,3061,18F,000,3986,P1,4D
19:56:07  [SLOT] n=3322 tx=25 ack=0 due=0 r=1
19:56:07  [AT] "AT+CIPSEND=26" (13)
19:56:07  [AT] " S,3061,18F,000,3986,P1,4D" (26)
19:56:07  [AT] "SEND OK" (7)
19:56:08  [TX] S,3062,18F,000,3987,P1,4F
19:56:08  [SLOT] n=3323 tx=25 ack=0 due=0 r=1
19:56:08  [AT] "AT+CIPSEND=26" (13)
19:56:08  [AT] " S,3062,18F,000,3987,P1,4F" (26)
19:56:08  [AT] "SEND OK" (7)
19:56:09  [TX] S,3063,18F,000,3988,P1,41
19:56:09  [SLOT] n=3324 tx=25 ack=0 due=0 r=1
19:56:09  [AT] "AT+CIPSEND=26" (13)
19:56:09  [AT] " S,3063,18F,000,3988,P1,41" (26)
19:56:09  [AT] "SEND OK" (7)
19:56:11  [TX] S,3064,18E,000,3990,P1,4C
19:56:11  [SLOT] n=3325 tx=25 ack=0 due=0 r=1
19:56:11  [AT] "AT+CIPSEND=26" (13)
19:56:11  [AT] " S,3064,18E,000,3990,P1,4C" (26)
19:56:11  [AT] "SEND OK" (7)
19:56:12  [TX] S,3065,18E,000,3991,P1,4C
19:56:12  [SLOT] n=3326 tx=25 ack=0 due=0 r=1
19:56:12  [AT] "AT+CIPSEND=26" (13)
19:56:12  [AT] " S,3065,18E,000,3991,P1,4C" (26)
19:56:12  [AT] "SEND OK" (7)
19:56:13  [TX] S,3066,18E,000,3992,P1,4C
19:56:13  [SLOT] n=3327 tx=25 ack=0 due=0 r=1
19:56:13  [AT] "AT+CIPSEND=26" (13)
19:56:13  [AT] " S,3066,18E,000,3992,P1,4C" (26)
19:56:13  [AT] "SEND OK" (7)
19:56:14  [TX] S,3067,18E,000,3993,P1,4C
19:56:14  [SLOT] n=3328 tx=25 ack=0 due=0 r=1
19:56:14  [AT] "AT+CIPSEND=26" (13)
19:56:14  [AT] " S,3067,18E,000,3993,P1,4C" (26)
19:56:14  [AT] "SEND OK" (7)
19:56:15  [TX] S,3068,18E,000,3994,P1,44
19:56:15  [SLOT] n=3329 tx=25 ack=0 due=0 r=1
19:56:15  [AT] "AT+CIPSEND=26" (13)
19:56:15  [AT] " S,3068,18E,000,3994,P1,44" (26)
19:56:15  [AT] "SEND OK" (7)
19:56:17  [TX] S,3069,18C,000,3996,P1,41
19:56:17  [SLOT] n=3330 tx=25 ack=0 due=0 r=1
19:56:17  [AT] "AT+CIPSEND=26" (13)
19:56:17  [AT] " S,3069,18C,000,3996,P1,41" (26)
19:56:17  [AT] "SEND OK" (7)
19:56:18  [TX] S,3070,18C,000,3997,P1,48
19:56:18  [SLOT] n=3331 tx=25 ack=0 due=0 r=1
19:56:18  [AT] "AT+CIPSEND=26" (13)
19:56:18  [AT] " S,3070,18C,000,3997,P1,48" (26)
19:56:18  [AT] "SEND OK" (7)
19:56:19  [TX] S,3071,18D,000,3998,P1,41
19:56:19  [SLOT] n=3332 tx=25 ack=0 due=0 r=1
19:56:19  [AT] "AT+CIPSEND=26" (13)
19:56:19  [AT] " S,3071,18D,000,3998,P1,41" (26)
19:56:19  [AT] "SEND OK" (7)
19:56:20  [TX] S,3072,18D,000,3999,P1,43
19:56:20  [SLOT] n=3333 tx=25 ack=0 due=0 r=1
19:56:20  [AT] "AT+CIPSEND=26" (13)
19:56:20  [AT] " S,3072,18D,000,3999,P1,43" (26)
19:56:20  [AT] "SEND OK" (7)
19:56:21  [TX] S,3073,18D,000,4000,P1,4C
19:56:21  [SLOT] n=3334 tx=25 ack=0 due=0 r=1
19:56:21  [AT] "AT+CIPSEND=26" (13)
19:56:21  [AT] " S,3073,18D,000,4000,P1,4C" (26)
19:56:21  [AT] "SEND OK" (7)
19:56:23  [TX] S,3074,18D,000,4002,P1,49
19:56:23  [SLOT] n=3335 tx=25 ack=0 due=0 r=1
19:56:23  [AT] "AT+CIPSEND=26" (13)
19:56:23  [AT] " S,3074,18D,000,4002,P1,49" (26)
19:56:23  [AT] "SEND OK" (7)
19:56:24  [TX] S,3075,18D,000,4003,P1,49
19:56:24  [SLOT] n=3336 tx=25 ack=0 due=0 r=1
19:56:24  [AT] "AT+CIPSEND=26" (13)
19:56:24  [AT] " S,3075,18D,000,4003,P1,49" (26)
19:56:24  [AT] "SEND OK" (7)
19:56:25  [TX] S,3076,18D,000,4004,P1,4D
19:56:25  [SLOT] n=3337 tx=25 ack=0 due=0 r=1
19:56:25  [AT] "AT+CIPSEND=26" (13)
19:56:25  [AT] " S,3076,18D,000,4004,P1,4D" (26)
19:56:25  [AT] "SEND OK" (7)
19:56:26  [TX] S,3077,18D,000,4005,P1,4D
19:56:26  [SLOT] n=3338 tx=25 ack=0 due=0 r=1
19:56:26  [AT] "AT+CIPSEND=26" (13)
19:56:26  [AT] " S,3077,18D,000,4005,P1,4D" (26)
19:56:26  [AT] "SEND OK" (7)
19:56:27  [TX] S,3078,18C,000,4006,P1,46
19:56:27  [SLOT] n=3339 tx=25 ack=0 due=0 r=1
19:56:27  [AT] "AT+CIPSEND=26" (13)
19:56:27  [AT] " S,3078,18C,000,4006,P1,46" (26)
19:56:27  [AT] "SEND OK" (7)
19:56:29  [TX] S,3079,18E,000,4008,P1,4F
19:56:29  [SLOT] n=3340 tx=25 ack=0 due=0 r=1
19:56:29  [AT] "AT+CIPSEND=26" (13)
19:56:29  [AT] " S,3079,18E,000,4008,P1,4F" (26)
19:56:29  [AT] "SEND OK" (7)
19:56:30  [TX] S,3080,18E,000,4009,P1,48
19:56:30  [SLOT] n=3341 tx=25 ack=0 due=0 r=1
19:56:30  [AT] "AT+CIPSEND=26" (13)
19:56:30  [AT] " S,3080,18E,000,4009,P1,48" (26)
19:56:30  [AT] "SEND OK" (7)
19:56:31  [TX] S,3081,18E,000,4010,P1,41
19:56:31  [SLOT] n=3342 tx=25 ack=0 due=0 r=1
19:56:31  [AT] "AT+CIPSEND=26" (13)
19:56:31  [AT] " S,3081,18E,000,4010,P1,41" (26)
19:56:31  [AT] "SEND OK" (7)
19:56:32  [TX] S,3082,18E,000,4011,P1,43
19:56:32  [SLOT] n=3343 tx=25 ack=0 due=0 r=1
19:56:32  [AT] "AT+CIPSEND=26" (13)
19:56:32  [AT] " S,3082,18E,000,4011,P1,43" (26)
19:56:32  [AT] "SEND OK" (7)
19:56:33  [TX] S,3083,18E,000,4012,P1,41
19:56:33  [SLOT] n=3344 tx=25 ack=0 due=0 r=1
19:56:33  [AT] "AT+CIPSEND=26" (13)
19:56:33  [AT] " S,3083,18E,000,4012,P1,41" (26)
19:56:33  [AT] "SEND OK" (7)
19:56:35  [TX] S,3084,18E,000,4014,P1,40
19:56:35  [SLOT] n=3345 tx=25 ack=0 due=0 r=1
19:56:35  [AT] "AT+CIPSEND=26" (13)
19:56:35  [AT] " S,3084,18E,000,4014,P1,40" (26)
19:56:35  [AT] "SEND OK" (7)
19:56:36  [TX] S,3085,18F,000,4015,P1,43
19:56:36  [SLOT] n=3346 tx=25 ack=0 due=0 r=1
19:56:36  [AT] "AT+CIPSEND=26" (13)
19:56:36  [AT] " S,3085,18F,000,4015,P1,43" (26)
19:56:36  [AT] "SEND OK" (7)
19:56:37  [TX] S,3086,18F,000,4016,P1,43
19:56:37  [SLOT] n=3347 tx=25 ack=0 due=0 r=1
19:56:37  [AT] "AT+CIPSEND=26" (13)
19:56:37  [AT] " S,3086,18F,000,4016,P1,43" (26)
19:56:37  [AT] "SEND OK" (7)
19:56:38  [TX] S,3087,18F,000,4017,P1,43
19:56:38  [SLOT] n=3348 tx=25 ack=0 due=0 r=1
19:56:38  [AT] "AT+CIPSEND=26" (13)
19:56:38  [AT] " S,3087,18F,000,4017,P1,43" (26)
19:56:38  [AT] "SEND OK" (7)
19:56:39  [TX] S,3088,18F,000,4018,P1,43
19:56:39  [SLOT] n=3349 tx=25 ack=0 due=0 r=1
19:56:39  [AT] "AT+CIPSEND=26" (13)
19:56:39  [AT] " S,3088,18F,000,4018,P1,43" (26)
19:56:39  [AT] "SEND OK" (7)
19:56:41  [TX] S,3089,18D,000,4020,P1,4B
19:56:41  [SLOT] n=3350 tx=25 ack=0 due=0 r=1
19:56:41  [CNT] up=4020 drop=2 esprst=25 hwrst=0/0 resync=1 sendfail=0 okto=2 stuck=2 ackq=0 ackdrop=0 ackstale=0 slot=3350 oow=7 smiss=16 ssovf=0 cksumng=0 okstream=3068 penddrop=0 pendfill=3090 bigfill=26 bigdrop=0 bigokst=25 oklost=0 bigoklost=0 skip=23 online=1
19:56:41  [RAM] 최저 여유 596 B · 프롬프트 재동기 1회 (서버의 '버린줄' 과 맞아야 한다)
19:56:41  [AT] " S,3089,18D,000,4020,P1,4B" (26)
19:56:41  [AT] "SEND OK" (7)
19:56:41  [AT] "AT+CIPSEND=26" (13)
19:56:42  [TX] S,3090,18D,000,4021,P1,42
19:56:42  [SLOT] n=3351 tx=25 ack=0 due=0 r=1
19:56:42  [AT] "AT+CIPSEND=26" (13)
19:56:42  [AT] " S,3090,18D,000,4021,P1,42" (26)
19:56:42  [AT] "SEND OK" (7)
19:56:43  [TX] S,3091,18D,000,4022,P1,40
19:56:43  [SLOT] n=3352 tx=25 ack=0 due=0 r=1
19:56:43  [AT] "AT+CIPSEND=26" (13)
19:56:43  [AT] " S,3091,18D,000,4022,P1,40" (26)
19:56:43  [AT] "SEND OK" (7)
19:56:44  [TX] S,3092,18C,000,4023,P1,45
19:56:44  [SLOT] n=3353 tx=25 ack=0 due=0 r=1
19:56:44  [AT] "AT+CIPSEND=26" (13)
19:56:44  [AT] " S,3092,18C,000,4023,P1,45" (26)
19:56:44  [AT] "SEND OK" (7)
19:56:45  [TX] S,3093,18C,000,4024,P1,43
19:56:45  [SLOT] n=3354 tx=25 ack=0 due=0 r=1
19:56:45  [AT] "AT+CIPSEND=26" (13)
19:56:45  [AT] " S,3093,18C,000,4024,P1,43" (26)
19:56:45  [AT] "SEND OK" (7)
19:56:46  «tap» 살아있음 — 최근 60초 rx=8160B (이 줄이 끊기면 탭이 죽은 것이다)
19:56:46  [TX] S,3094,18C,000,4026,P1,46
19:56:47  [SLOT] n=3355 tx=25 ack=0 due=0 r=1
19:56:47  [AT] "AT+CIPSEND=26" (13)
19:56:47  [AT] " S,3094,18C,000,4026,P1,46" (26)
19:56:47  [AT] "SEND OK" (7)
19:56:48  [TX] S,3095,18C,000,4027,P1,46
19:56:48  [SLOT] n=3356 tx=25 ack=0 due=0 r=1
19:56:48  [AT] "AT+CIPSEND=26" (13)
19:56:48  [AT] " S,3095,18C,000,4027,P1,46" (26)
19:56:48  [AT] "SEND OK" (7)
19:56:49  [TX] S,3096,18C,000,4028,P1,4A
19:56:49  [SLOT] n=3357 tx=25 ack=0 due=0 r=1
19:56:49  [AT] "AT+CIPSEND=26" (13)
19:56:49  [AT] " S,3096,18C,000,4028,P1,4A" (26)
19:56:49  [AT] "SEND OK" (7)
19:56:50  [TX] S,3097,18C,000,4029,P1,4A
19:56:50  [SLOT] n=3358 tx=25 ack=0 due=0 r=1
19:56:50  [AT] "AT+CIPSEND=26" (13)
19:56:50  [AT] " S,3097,18C,000,4029,P1,4A" (26)
19:56:50  [AT] "SEND OK" (7)
19:56:51  [TX] S,3098,18C,000,4030,P1,4D
19:56:51  [SLOT] n=3359 tx=25 ack=0 due=0 r=1
19:56:51  [AT] "AT+CIPSEND=26" (13)
19:56:51  [AT] " S,3098,18C,000,4030,P1,4D" (26)
19:56:51  [AT] "SEND OK" (7)
19:56:52  [TX] S,3099,18F,000,4032,P1,4B
19:56:52  [SLOT] n=3360 tx=25 ack=0 due=0 r=1
19:56:52  [AT] "AT+CIPSEND=26" (13)
19:56:53  [AT] " S,3099,18F,000,4032,P1,4B" (26)
19:56:53  [AT] "SEND OK" (7)
19:56:54  [TX] S,3100,18F,000,4033,P1,4B
19:56:54  [SLOT] n=3361 tx=25 ack=0 due=0 r=1
19:56:54  [AT] "AT+CIPSEND=26" (13)
19:56:54  [AT] " S,3100,18F,000,4033,P1,4B" (26)
19:56:54  [AT] "SEND OK" (7)
19:56:55  [TX] S,3101,18F,000,4034,P1,4D
19:56:55  [SLOT] n=3362 tx=25 ack=0 due=0 r=1
19:56:55  [AT] "AT+CIPSEND=26" (13)
19:56:55  [AT] " S,3101,18F,000,4034,P1,4D" (26)
19:56:55  [AT] "SEND OK" (7)
19:56:56  [TX] S,3102,18F,000,4035,P1,4F
19:56:56  [SLOT] n=3363 tx=25 ack=0 due=0 r=1
19:56:56  [AT] "AT+CIPSEND=26" (13)
19:56:56  [AT] " S,3102,18F,000,4035,P1,4F" (26)
19:56:56  [AT] "SEND OK" (7)
19:56:57  [TX] S,3103,18F,000,4036,P1,4D
19:56:57  [SLOT] n=3364 tx=25 ack=0 due=0 r=1
19:56:57  [AT] "AT+CIPSEND=26" (13)
19:56:57  [AT] " S,3103,18F,000,4036,P1,4D" (26)
19:56:57  [AT] "SEND OK" (7)
19:56:58  [TX] S,3104,18F,000,4038,P1,44
19:56:58  [SLOT] n=3365 tx=25 ack=0 due=0 r=1
19:56:58  [AT] "AT+CIPSEND=26" (13)
19:56:59  [AT] " S,3104,18F,000,4038,P1,44" (26)
19:56:59  [AT] "SEND OK" (7)
19:57:00  [TX] S,3105,18F,000,4039,P1,44
19:57:00  [SLOT] n=3366 tx=25 ack=0 due=0 r=1
19:57:00  [AT] "AT+CIPSEND=26" (13)
19:57:00  [AT] " S,3105,18F,000,4039,P1,44" (26)
19:57:00  [AT] "SEND OK" (7)
19:57:01  [TX] S,3106,18E,000,4040,P1,4A
19:57:01  [SLOT] n=3367 tx=25 ack=0 due=0 r=1
19:57:01  [AT] "AT+CIPSEND=26" (13)
19:57:01  [AT] " S,3106,18E,000,4040,P1,4A" (26)
19:57:01  [AT] "SEND OK" (7)
19:57:02  [TX] S,3107,18E,000,4041,P1,4A
19:57:02  [SLOT] n=3368 tx=25 ack=0 due=0 r=1
19:57:02  [AT] "AT+CIPSEND=26" (13)
19:57:02  [AT] " S,3107,18E,000,4041,P1,4A" (26)
19:57:02  [AT] "SEND OK" (7)
19:57:03  [TX] S,3108,18E,000,4042,P1,46
19:57:03  [SLOT] n=3369 tx=25 ack=0 due=0 r=1
19:57:03  [AT] "AT+CIPSEND=26" (13)
19:57:03  [AT] " S,3108,18E,000,4042,P1,46" (26)
19:57:03  [AT] "SEND OK" (7)
19:57:04  [TX] S,3109,18C,000,4044,P1,47
19:57:04  [SLOT] n=3370 tx=25 ack=0 due=0 r=1
19:57:04  [AT] "AT+CIPSEND=26" (13)
19:57:05  [AT] " S,3109,18C,000,4044,P1,47" (26)
19:57:05  [AT] "SEND OK" (7)
19:57:06  [TX] S,3110,18C,000,4045,P1,4E
19:57:06  [SLOT] n=3371 tx=25 ack=0 due=0 r=1
19:57:06  [AT] "AT+CIPSEND=26" (13)
19:57:06  [AT] " S,3110,18C,000,4045,P1,4E" (26)
19:57:06  [AT] "SEND OK" (7)
19:57:07  [TX] S,3111,18C,000,4046,P1,4C
19:57:07  [SLOT] n=3372 tx=25 ack=0 due=0 r=1
19:57:07  [AT] "AT+CIPSEND=26" (13)
19:57:07  [AT] " S,3111,18C,000,4046,P1,4C" (26)
19:57:07  [AT] "SEND OK" (7)
19:57:08  [TX] S,3112,18C,000,4047,P1,4E
19:57:08  [SLOT] n=3373 tx=25 ack=0 due=0 r=1
19:57:08  [AT] "AT+CIPSEND=26" (13)
19:57:08  [AT] " S,3112,18C,000,4047,P1,4E" (26)
19:57:08  [AT] "SEND OK" (7)
19:57:09  [TX] S,3113,18D,000,4048,P1,47
19:57:09  [SLOT] n=3374 tx=25 ack=0 due=0 r=1
19:57:09  [AT] "AT+CIPSEND=26" (13)
19:57:09  [AT] " S,3113,18D,000,4048,P1,47" (26)
19:57:09  [AT] "SEND OK" (7)
19:57:10  [TX] S,3114,18D,000,4050,P1,49
19:57:10  [SLOT] n=3375 tx=25 ack=0 due=0 r=1
19:57:10  [AT] "AT+CIPSEND=26" (13)
19:57:11  [AT] " S,3114,18D,000,4050,P1,49" (26)
19:57:11  [AT] "SEND OK" (7)
19:57:12  [TX] S,3115,18D,000,4051,P1,49
19:57:12  [SLOT] n=3376 tx=25 ack=0 due=0 r=1
19:57:12  [AT] "AT+CIPSEND=26" (13)
19:57:12  [AT] " S,3115,18D,000,4051,P1,49" (26)
19:57:12  [AT] "SEND OK" (7)
19:57:13  [TX] S,3116,18D,000,4052,P1,49
19:57:13  [SLOT] n=3377 tx=25 ack=0 due=0 r=1
19:57:13  [AT] "AT+CIPSEND=26" (13)
19:57:13  [AT] " S,3116,18D,000,4052,P1,49" (26)
19:57:13  [AT] "SEND OK" (7)
19:57:14  [TX] S,3117,18D,000,4053,P1,49
19:57:14  [SLOT] n=3378 tx=25 ack=0 due=0 r=1
19:57:14  [AT] "AT+CIPSEND=26" (13)
19:57:14  [AT] " S,3117,18D,000,4053,P1,49" (26)
19:57:14  [AT] "SEND OK" (7)
19:57:15  [TX] S,3118,18D,000,4054,P1,41
19:57:15  [SLOT] n=3379 tx=25 ack=0 due=0 r=1
19:57:15  [AT] "AT+CIPSEND=26" (13)
19:57:15  [AT] " S,3118,18D,000,4054,P1,41" (26)
19:57:15  [AT] "SEND OK" (7)
19:57:16  [TX] S,3119,18F,000,4056,P1,40
19:57:16  [SLOT] n=3380 tx=25 ack=0 due=0 r=1
19:57:16  [AT] "AT+CIPSEND=26" (13)
19:57:17  [AT] " S,3119,18F,000,4056,P1,40" (26)
19:57:17  [AT] "SEND OK" (7)
19:57:18  [TX] S,3120,18E,000,4057,P1,48
19:57:18  [SLOT] n=3381 tx=25 ack=0 due=0 r=1
19:57:18  [AT] "AT+CIPSEND=26" (13)
19:57:18  [AT] " S,3120,18E,000,4057,P1,48" (26)
19:57:18  [AT] "SEND OK" (7)
19:57:19  [TX] S,3121,18E,000,4058,P1,46
19:57:19  [SLOT] n=3382 tx=25 ack=0 due=0 r=1
19:57:19  [AT] "AT+CIPSEND=26" (13)
19:57:19  [AT] " S,3121,18E,000,4058,P1,46" (26)
19:57:19  [AT] "SEND OK" (7)
19:57:20  [TX] S,3122,18E,000,4059,P1,44
19:57:20  [SLOT] n=3383 tx=25 ack=0 due=0 r=1
19:57:20  [AT] "AT+CIPSEND=26" (13)
19:57:20  [AT] " S,3122,18E,000,4059,P1,44" (26)
19:57:20  [AT] "SEND OK" (7)
19:57:21  [TX] S,3123,18E,000,4060,P1,4F
19:57:21  [SLOT] n=3384 tx=25 ack=0 due=0 r=1
19:57:21  [AT] "AT+CIPSEND=26" (13)
19:57:21  [AT] " S,3123,18E,000,4060,P1,4F" (26)
19:57:21  [AT] "SEND OK" (7)
19:57:22  [TX] S,3124,18E,000,4062,P1,4A
19:57:22  [SLOT] n=3385 tx=25 ack=0 due=0 r=1
19:57:22  [AT] "AT+CIPSEND=26" (13)
19:57:23  [AT] " S,3124,18E,000,4062,P1,4A" (26)
19:57:23  [AT] "SEND OK" (7)
19:57:25  [TX] S,3125,18E,000,4063,P1,4A
19:57:25  [SLOT] n=3386 tx=25 ack=0 due=0 r=1
19:57:25  [AT] "AT+CIPSEND=26" (13)
19:57:25  [AT] " S,3125,18E,000,4063,P1,4A" (26)
19:57:25  [AT] "SEND OK" (7)
19:57:26  [TX] S,3126,18E,000,4064,P1,4E
19:57:26  [SLOT] n=3387 tx=25 ack=0 due=0 r=1
19:57:26  [AT] "AT+CIPSEND=26" (13)
19:57:26  [AT] " S,3126,18E,000,4064,P1,4E" (26)
19:57:26  [AT] "SEND OK" (7)
19:57:27  [TX] S,3127,18F,000,4065,P1,4D
19:57:27  [SLOT] n=3388 tx=25 ack=0 due=0 r=1
19:57:27  [AT] "AT+CIPSEND=26" (13)
19:57:27  [AT] " S,3127,18F,000,4065,P1,4D" (26)
19:57:27  [AT] "SEND OK" (7)
19:57:28  [TX] S,3128,18F,000,4066,P1,41
19:57:28  [SLOT] n=3389 tx=25 ack=0 due=0 r=1
19:57:28  [AT] "AT+CIPSEND=26" (13)
19:57:28  [AT] " S,3128,18F,000,4066,P1,41" (26)
19:57:28  [AT] "SEND OK" (7)
19:57:29  [TX] S,3129,18D,000,4068,P1,4C
19:57:29  [SLOT] n=3390 tx=25 ack=0 due=0 r=1
19:57:29  [AT] "AT+CIPSEND=26" (13)
19:57:30  [AT] " S,3129,18D,000,4068,P1,4C" (26)
19:57:30  [AT] "SEND OK" (7)
19:57:31  [TX] S,3130,18D,000,4069,P1,45
19:57:31  [SLOT] n=3391 tx=25 ack=0 due=0 r=1
19:57:31  [AT] "AT+CIPSEND=26" (13)
19:57:31  [AT] " S,3130,18D,000,4069,P1,45" (26)
19:57:31  [AT] "SEND OK" (7)
19:57:32  [TX] S,3131,18D,000,4070,P1,4C
19:57:32  [SLOT] n=3392 tx=25 ack=0 due=0 r=1
19:57:32  [AT] "AT+CIPSEND=26" (13)
19:57:32  [AT] " S,3131,18D,000,4070,P1,4C" (26)
19:57:32  [AT] "SEND OK" (7)
19:57:33  [TX] S,3132,18D,000,4071,P1,4E
19:57:33  [SLOT] n=3393 tx=25 ack=0 due=0 r=1
19:57:33  [AT] "AT+CIPSEND=26" (13)
19:57:33  [AT] " S,3132,18D,000,4071,P1,4E" (26)
19:57:33  [AT] "SEND OK" (7)
19:57:34  [TX] S,3133,18D,000,4072,P1,4C
19:57:34  [SLOT] n=3394 tx=25 ack=0 due=0 r=1
19:57:34  [AT] "AT+CIPSEND=26" (13)
19:57:34  [AT] " S,3133,18D,000,4072,P1,4C" (26)
19:57:34  [AT] "SEND OK" (7)
19:57:35  [TX] S,3134,18C,000,4074,P1,4A
19:57:35  [SLOT] n=3395 tx=25 ack=0 due=0 r=1
19:57:35  [AT] "AT+CIPSEND=26" (13)
19:57:36  [AT] " S,3134,18C,000,4074,P1,4A" (26)
19:57:36  [AT] "SEND OK" (7)
19:57:37  [TX] S,3135,18C,000,4075,P1,4A
19:57:37  [SLOT] n=3396 tx=25 ack=0 due=0 r=1
19:57:37  [AT] "AT+CIPSEND=26" (13)
19:57:37  [AT] " S,3135,18C,000,4075,P1,4A" (26)
19:57:37  [AT] "SEND OK" (7)
19:57:38  [TX] S,3136,18C,000,4076,P1,4A
19:57:38  [SLOT] n=3397 tx=25 ack=0 due=0 r=1
19:57:38  [AT] "AT+CIPSEND=26" (13)
19:57:38  [AT] " S,3136,18C,000,4076,P1,4A" (26)
19:57:38  [AT] "SEND OK" (7)
19:57:39  [TX] S,3137,18C,000,4077,P1,4A
19:57:39  [SLOT] n=3398 tx=25 ack=0 due=0 r=1
19:57:39  [AT] "AT+CIPSEND=26" (13)
19:57:39  [AT] " S,3137,18C,000,4077,P1,4A" (26)
19:57:39  [AT] "SEND OK" (7)
19:57:40  [TX] S,3138,18C,000,4078,P1,4A
19:57:40  [SLOT] n=3399 tx=25 ack=0 due=0 r=1
19:57:40  [AT] "AT+CIPSEND=26" (13)
19:57:40  [AT] " S,3138,18C,000,4078,P1,4A" (26)
19:57:40  [AT] "SEND OK" (7)
19:57:41  [TX] S,3139,18E,000,4080,P1,4A
19:57:41  [SLOT] n=3400 tx=25 ack=0 due=0 r=1
19:57:41  [CNT] up=4080 drop=2 esprst=25 hwrst=0/0 resync=1 sendfail=0 okto=2 stuck=2 ackq=0 ackdrop=0 ackstale=0 slot=3400 oow=7 smiss=16 ssovf=0 cksumng=0 okstream=3118 penddrop=0 pendfill=3140 bigfill=26 bigdrop=0 bigokst=25 oklost=0 bigoklost=0 skip=23 online=1
19:57:41  [RAM] 최저 여유 596 B · 프롬프트 재동기 1회 (서버의 '버린줄' 과 맞아야 한다)
19:57:41  [AT] " S,3139,18E,000,4080,P1,4A" (26)
19:57:41  [AT] "SEND OK" (7)
19:57:41  [AT] "AT+CIPSEND=26" (13)
19:57:43  [TX] S,3140,18E,000,4081,P1,45
19:57:43  [SLOT] n=3401 tx=25 ack=0 due=0 r=1
19:57:43  [AT] "AT+CIPSEND=26" (13)
19:57:43  [AT] " S,3140,18E,000,4081,P1,45" (26)
19:57:43  [AT] "SEND OK" (7)
19:57:44  [TX] S,3141,18F,000,4082,P1,44
19:57:44  [SLOT] n=3402 tx=25 ack=0 due=0 r=1
19:57:44  [AT] "AT+CIPSEND=26" (13)
19:57:44  [AT] " S,3141,18F,000,4082,P1,44" (26)
19:57:44  [AT] "SEND OK" (7)
19:57:45  [TX] S,3142,18F,000,4083,P1,46
19:57:45  [SLOT] n=3403 tx=25 ack=0 due=0 r=1
19:57:45  [AT] "AT+CIPSEND=26" (13)
19:57:45  [AT] " S,3142,18F,000,4083,P1,46" (26)
19:57:45  [AT] "SEND OK" (7)
19:57:46  [TX] S,3143,18F,000,4084,P1,40
19:57:46  [SLOT] n=3404 tx=25 ack=0 due=0 r=1
19:57:46  [AT] "AT+CIPSEND=26" (13)
19:57:46  [AT] " S,3143,18F,000,4084,P1,40" (26)
19:57:46  [AT] "SEND OK" (7)
19:57:47  «tap» 살아있음 — 최근 60초 rx=8160B (이 줄이 끊기면 탭이 죽은 것이다)
19:57:47  [TX] S,3144,18F,000,4086,P1,45
19:57:47  [SLOT] n=3405 tx=25 ack=0 due=0 r=1
19:57:47  [AT] "AT+CIPSEND=26" (13)
19:57:48  [AT] " S,3144,18F,000,4086,P1,45" (26)
19:57:48  [AT] "SEND OK" (7)
19:57:49  [TX] S,3145,18F,000,4087,P1,45
19:57:49  [SLOT] n=3406 tx=25 ack=0 due=0 r=1
19:57:49  [AT] "AT+CIPSEND=26" (13)
19:57:49  [AT] " S,3145,18F,000,4087,P1,45" (26)
19:57:49  [AT] "SEND OK" (7)
19:57:50  [TX] S,3146,18F,000,4088,P1,49
19:57:50  [SLOT] n=3407 tx=25 ack=0 due=0 r=1
19:57:50  [AT] "AT+CIPSEND=26" (13)
19:57:50  [AT] " S,3146,18F,000,4088,P1,49" (26)
19:57:50  [AT] "SEND OK" (7)
19:57:51  [TX] S,3147,18F,000,4089,P1,49
19:57:51  [SLOT] n=3408 tx=25 ack=0 due=0 r=1
19:57:51  [AT] "AT+CIPSEND=26" (13)
19:57:51  [AT] " S,3147,18F,000,4089,P1,49" (26)
19:57:51  [AT] "SEND OK" (7)
19:57:52  [TX] S,3148,18E,000,4090,P1,4D
19:57:52  [SLOT] n=3409 tx=25 ack=0 due=0 r=1
19:57:52  [AT] "AT+CIPSEND=26" (13)
19:57:52  [AT] " S,3148,18E,000,4090,P1,4D" (26)
19:57:52  [AT] "SEND OK" (7)
19:57:53  [TX] S,3149,18C,000,4092,P1,48
19:57:53  [SLOT] n=3410 tx=25 ack=0 due=0 r=1
19:57:53  [AT] "AT+CIPSEND=26" (13)
19:57:54  [AT] " S,3149,18C,000,4092,P1,48" (26)
19:57:54  [AT] "SEND OK" (7)
19:57:55  [TX] S,3150,18C,000,4093,P1,41
19:57:55  [SLOT] n=3411 tx=25 ack=0 due=0 r=1
19:57:55  [AT] "AT+CIPSEND=26" (13)
19:57:55  [AT] " S,3150,18C,000,4093,P1,41" (26)
19:57:55  [AT] "SEND OK" (7)
19:57:56  [TX] S,3151,18C,000,4094,P1,47
19:57:56  [SLOT] n=3412 tx=25 ack=0 due=0 r=1
19:57:56  [AT] "AT+CIPSEND=26" (13)
19:57:56  [AT] " S,3151,18C,000,4094,P1,47" (26)
19:57:56  [AT] "SEND OK" (7)
19:57:57  [TX] S,3152,18C,000,4095,P1,45
19:57:57  [SLOT] n=3413 tx=25 ack=0 due=0 r=1
19:57:57  [AT] "AT+CIPSEND=26" (13)
19:57:57  [AT] " S,3152,18C,000,4095,P1,45" (26)
19:57:57  [AT] "SEND OK" (7)
19:57:58  [TX] S,3153,18C,000,4096,P1,47
19:57:58  [SLOT] n=3414 tx=25 ack=0 due=0 r=1
19:57:58  [AT] "AT+CIPSEND=26" (13)
19:57:58  [AT] " S,3153,18C,000,4096,P1,47" (26)
19:57:58  [AT] "SEND OK" (7)
19:57:59  [TX] S,3154,18C,000,4098,P1,4E
19:57:59  [SLOT] n=3415 tx=25 ack=0 due=0 r=1
19:57:59  [AT] "AT+CIPSEND=26" (13)
19:58:00  [AT] " S,3154,18C,000,4098,P1,4E" (26)
19:58:00  [AT] "SEND OK" (7)
19:58:01  [TX] S,3155,18D,000,4099,P1,49
19:58:01  [SLOT] n=3416 tx=25 ack=0 due=0 r=1
19:58:01  [AT] "AT+CIPSEND=26" (13)
19:58:01  [AT] " S,3155,18D,000,4099,P1,49" (26)
19:58:01  [AT] "SEND OK" (7)
19:58:02  [TX] S,3156,18D,000,4100,P1,4B
19:58:02  [SLOT] n=3417 tx=25 ack=0 due=0 r=1
19:58:02  [AT] "AT+CIPSEND=26" (13)
19:58:02  [AT] " S,3156,18D,000,4100,P1,4B" (26)
19:58:02  [AT] "SEND OK" (7)
19:58:03  [TX] S,3157,18D,000,4101,P1,4B
19:58:03  [SLOT] n=3418 tx=25 ack=0 due=0 r=1
19:58:03  [AT] "AT+CIPSEND=26" (13)
19:58:03  [AT] " S,3157,18D,000,4101,P1,4B" (26)
19:58:03  [AT] "SEND OK" (7)
19:58:04  [TX] S,3158,18D,000,4102,P1,47
19:58:04  [SLOT] n=3419 tx=25 ack=0 due=0 r=1
19:58:04  [AT] "AT+CIPSEND=26" (13)
19:58:04  [AT] " S,3158,18D,000,4102,P1,47" (26)
19:58:04  [AT] "SEND OK" (7)
19:58:05  [TX] S,3159,18F,000,4104,P1,42
19:58:05  [SLOT] n=3420 tx=25 ack=0 due=0 r=1
19:58:05  [AT] "AT+CIPSEND=26" (13)
19:58:05  [AT] " S,3159,18F,000,4104,P1,42" (26)
19:58:05  [AT] "SEND OK" (7)
19:58:07  [TX] S,3160,18F,000,4105,P1,49
19:58:07  [SLOT] n=3421 tx=25 ack=0 due=0 r=1
19:58:07  [AT] "AT+CIPSEND=26" (13)
19:58:07  [AT] " S,3160,18F,000,4105,P1,49" (26)
19:58:07  [AT] "SEND OK" (7)
19:58:08  [TX] S,3161,18F,000,4106,P1,4B
19:58:08  [SLOT] n=3422 tx=25 ack=0 due=0 r=1
19:58:08  [AT] "AT+CIPSEND=26" (13)
19:58:08  [AT] " S,3161,18F,000,4106,P1,4B" (26)
19:58:08  [AT] "SEND OK" (7)
19:58:09  [TX] S,3162,18E,000,4107,P1,4A
19:58:09  [SLOT] n=3423 tx=25 ack=0 due=0 r=1
19:58:09  [AT] "AT+CIPSEND=26" (13)
19:58:09  [AT] " S,3162,18E,000,4107,P1,4A" (26)
19:58:09  [AT] "SEND OK" (7)
19:58:10  [TX] S,3163,18E,000,4108,P1,44
19:58:10  [SLOT] n=3424 tx=25 ack=0 due=0 r=1
19:58:10  [AT] "AT+CIPSEND=26" (13)
19:58:10  [AT] " S,3163,18E,000,4108,P1,44" (26)
19:58:10  [AT] "SEND OK" (7)
19:58:11  [TX] S,3164,18E,000,4110,P1,4A
19:58:11  [SLOT] n=3425 tx=25 ack=0 due=0 r=1
19:58:11  [AT] "AT+CIPSEND=26" (13)
19:58:11  [AT] " S,3164,18E,000,4110,P1,4A" (26)
19:58:11  [AT] "SEND OK" (7)
19:58:13  [TX] S,3165,18E,000,4111,P1,4A
19:58:13  [SLOT] n=3426 tx=25 ack=0 due=0 r=1
19:58:13  [AT] "AT+CIPSEND=26" (13)
19:58:13  [AT] " S,3165,18E,000,4111,P1,4A" (26)
19:58:13  [AT] "SEND OK" (7)
19:58:14  [TX] S,3166,18E,000,4112,P1,4A
19:58:14  [SLOT] n=3427 tx=25 ack=0 due=0 r=1
19:58:14  [AT] "AT+CIPSEND=26" (13)
19:58:14  [AT] " S,3166,18E,000,4112,P1,4A" (26)
19:58:14  [AT] "SEND OK" (7)
19:58:15  [TX] S,3167,18E,000,4113,P1,4A
19:58:15  [SLOT] n=3428 tx=25 ack=0 due=0 r=1
19:58:15  [AT] "AT+CIPSEND=26" (13)
19:58:15  [AT] " S,3167,18E,000,4113,P1,4A" (26)
19:58:15  [AT] "SEND OK" (7)
19:58:16  [TX] S,3168,18E,000,4114,P1,42
19:58:16  [SLOT] n=3429 tx=25 ack=0 due=0 r=1
19:58:16  [AT] "AT+CIPSEND=26" (13)
19:58:16  [AT] " S,3168,18E,000,4114,P1,42" (26)
19:58:16  [AT] "SEND OK" (7)
19:58:17  [TX] S,3169,18D,000,4116,P1,40
19:58:17  [SLOT] n=3430 tx=25 ack=0 due=0 r=1
19:58:17  [AT] "AT+CIPSEND=26" (13)
19:58:17  [AT] " S,3169,18D,000,4116,P1,40" (26)
19:58:17  [AT] "SEND OK" (7)
19:58:19  [TX] S,3170,18D,000,4117,P1,49
19:58:19  [SLOT] n=3431 tx=25 ack=0 due=0 r=1
19:58:19  [AT] "AT+CIPSEND=26" (13)
19:58:19  [AT] " S,3170,18D,000,4117,P1,49" (26)
19:58:19  [AT] "SEND OK" (7)
19:58:20  [TX] S,3171,18D,000,4118,P1,47
19:58:20  [SLOT] n=3432 tx=25 ack=0 due=0 r=1
19:58:20  [AT] "AT+CIPSEND=26" (13)
19:58:20  [AT] " S,3171,18D,000,4118,P1,47" (26)
19:58:20  [AT] "SEND OK" (7)
19:58:21  [TX] S,3172,18D,000,4119,P1,45
19:58:21  [SLOT] n=3433 tx=25 ack=0 due=0 r=1
19:58:21  [AT] "AT+CIPSEND=26" (13)
19:58:21  [AT] " S,3172,18D,000,4119,P1,45" (26)
19:58:21  [AT] "SEND OK" (7)
19:58:22  [TX] S,3173,18D,000,4120,P1,4E
19:58:22  [SLOT] n=3434 tx=25 ack=0 due=0 r=1
19:58:22  [AT] "AT+CIPSEND=26" (13)
19:58:22  [AT] " S,3173,18D,000,4120,P1,4E" (26)
19:58:22  [AT] "SEND OK" (7)
19:58:23  [TX] S,3174,18D,000,4122,P1,4B
19:58:23  [SLOT] n=3435 tx=25 ack=0 due=0 r=1
19:58:23  [AT] "AT+CIPSEND=26" (13)
19:58:23  [AT] " S,3174,18D,000,4122,P1,4B" (26)
19:58:23  [AT] "SEND OK" (7)
19:58:25  [TX] S,3175,18D,000,4123,P1,4B
19:58:25  [SLOT] n=3436 tx=25 ack=0 due=0 r=1
19:58:25  [AT] "AT+CIPSEND=26" (13)
19:58:25  [AT] " S,3175,18D,000,4123,P1,4B" (26)
19:58:25  [AT] "SEND OK" (7)
19:58:26  [TX] S,3176,18C,000,4124,P1,48
19:58:26  [SLOT] n=3437 tx=25 ack=0 due=0 r=1
19:58:26  [AT] "AT+CIPSEND=26" (13)
19:58:26  [AT] " S,3176,18C,000,4124,P1,48" (26)
19:58:26  [AT] "SEND OK" (7)
19:58:27  [TX] S,3177,18C,000,4125,P1,48
19:58:27  [SLOT] n=3438 tx=25 ack=0 due=0 r=1
19:58:27  [AT] "AT+CIPSEND=26" (13)
19:58:27  [AT] " S,3177,18C,000,4125,P1,48" (26)
19:58:27  [AT] "SEND OK" (7)
19:58:28  [TX] S,3178,18C,000,4126,P1,44
19:58:28  [SLOT] n=3439 tx=25 ack=0 due=0 r=1
19:58:28  [AT] "AT+CIPSEND=26" (13)
19:58:28  [AT] " S,3178,18C,000,4126,P1,44" (26)
19:58:28  [AT] "SEND OK" (7)
19:58:29  [TX] S,3179,18E,000,4128,P1,4D
19:58:29  [SLOT] n=3440 tx=25 ack=0 due=0 r=1
19:58:29  [AT] "AT+CIPSEND=26" (13)
19:58:29  [AT] " S,3179,18E,000,4128,P1,4D" (26)
19:58:29  [AT] "SEND OK" (7)
19:58:31  [TX] S,3180,18E,000,4129,P1,4A
19:58:31  [SLOT] n=3441 tx=25 ack=0 due=0 r=1
19:58:31  [AT] "AT+CIPSEND=26" (13)
19:58:31  [AT] " S,3180,18E,000,4129,P1,4A" (26)
19:58:31  [AT] "SEND OK" (7)
19:58:32  [TX] S,3181,18E,000,4130,P1,43
19:58:32  [SLOT] n=3442 tx=25 ack=0 due=0 r=1
19:58:32  [AT] "AT+CIPSEND=26" (13)
19:58:32  [AT] " S,3181,18E,000,4130,P1,43" (26)
19:58:32  [AT] "SEND OK" (7)
19:58:33  [TX] S,3182,18E,000,4131,P1,41
19:58:33  [SLOT] n=3443 tx=25 ack=0 due=0 r=1
19:58:33  [AT] "AT+CIPSEND=26" (13)
19:58:33  [AT] " S,3182,18E,000,4131,P1,41" (26)
19:58:33  [AT] "SEND OK" (7)
19:58:34  [TX] S,3183,18F,000,4132,P1,40
19:58:34  [SLOT] n=3444 tx=25 ack=0 due=0 r=1
19:58:34  [AT] "AT+CIPSEND=26" (13)
19:58:34  [AT] " S,3183,18F,000,4132,P1,40" (26)
19:58:34  [AT] "SEND OK" (7)
19:58:35  [TX] S,3184,18F,000,4134,P1,41
19:58:35  [SLOT] n=3445 tx=25 ack=0 due=0 r=1
19:58:35  [AT] "AT+CIPSEND=26" (13)
19:58:35  [AT] " S,3184,18F,000,4134,P1,41" (26)
19:58:35  [AT] "SEND OK" (7)
19:58:37  [TX] S,3185,18F,000,4135,P1,41
19:58:37  [SLOT] n=3446 tx=25 ack=0 due=0 r=1
19:58:37  [AT] "AT+CIPSEND=26" (13)
19:58:37  [AT] " S,3185,18F,000,4135,P1,41" (26)
19:58:37  [AT] "SEND OK" (7)
19:58:38  [TX] S,3186,18F,000,4136,P1,41
19:58:38  [SLOT] n=3447 tx=25 ack=0 due=0 r=1
19:58:38  [AT] "AT+CIPSEND=26" (13)
19:58:38  [AT] " S,3186,18F,000,4136,P1,41" (26)
19:58:38  [AT] "SEND OK" (7)
19:58:39  [TX] S,3187,18F,000,4137,P1,41
19:58:39  [SLOT] n=3448 tx=25 ack=0 due=0 r=1
19:58:39  [AT] "AT+CIPSEND=26" (13)
19:58:39  [AT] " S,3187,18F,000,4137,P1,41" (26)
19:58:39  [AT] "SEND OK" (7)
19:58:40  [TX] S,3188,18F,000,4138,P1,41
19:58:40  [SLOT] n=3449 tx=25 ack=0 due=0 r=1
19:58:40  [AT] "AT+CIPSEND=26" (13)
19:58:40  [AT] " S,3188,18F,000,4138,P1,41" (26)
19:58:40  [AT] "SEND OK" (7)
19:58:41  [TX] S,3189,18D,000,4140,P1,4D
19:58:41  [SLOT] n=3450 tx=25 ack=0 due=0 r=1
19:58:41  [CNT] up=4140 drop=2 esprst=25 hwrst=0/0 resync=1 sendfail=0 okto=2 stuck=2 ackq=0 ackdrop=0 ackstale=0 slot=3450 oow=7 smiss=16 ssovf=0 cksumng=0 okstream=3168 penddrop=0 pendfill=3190 bigfill=26 bigdrop=0 bigokst=25 oklost=0 bigoklost=0 skip=23 online=1
19:58:41  [RAM] 최저 여유 596 B · 프롬프트 재동기 1회 (서버의 '버린줄' 과 맞아야 한다)
19:58:41  [AT] " S,3189,18D,000,4140,P1,4D" (26)
19:58:41  [AT] "SEND OK" (7)
19:58:41  [AT] "AT+CIPSEND=26" (13)
19:58:43  [TX] S,3190,18C,000,4141,P1,43
19:58:43  [SLOT] n=3451 tx=25 ack=0 due=0 r=1
19:58:43  [AT] "AT+CIPSEND=26" (13)
19:58:43  [AT] " S,3190,18C,000,4141,P1,43" (26)
19:58:43  [AT] "SEND OK" (7)
19:58:44  [TX] S,3191,18C,000,4142,P1,41
19:58:44  [SLOT] n=3452 tx=25 ack=0 due=0 r=1
19:58:44  [AT] "AT+CIPSEND=26" (13)
19:58:44  [AT] " S,3191,18C,000,4142,P1,41" (26)
19:58:44  [AT] "SEND OK" (7)
19:58:45  [TX] S,3192,18C,000,4143,P1,43
19:58:45  [SLOT] n=3453 tx=25 ack=0 due=0 r=1
19:58:45  [AT] "AT+CIPSEND=26" (13)
19:58:45  [AT] " S,3192,18C,000,4143,P1,43" (26)
19:58:45  [AT] "SEND OK" (7)
19:58:46  [TX] S,3193,18C,000,4144,P1,45
19:58:46  [SLOT] n=3454 tx=25 ack=0 due=0 r=1
19:58:46  [AT] "AT+CIPSEND=26" (13)
19:58:46  [AT] " S,3193,18C,000,4144,P1,45" (26)
19:58:46  [AT] "SEND OK" (7)
19:58:47  «tap» 살아있음 — 최근 60초 rx=8160B (이 줄이 끊기면 탭이 죽은 것이다)
19:58:47  [TX] S,3194,18C,000,4146,P1,40
19:58:47  [SLOT] n=3455 tx=25 ack=0 due=0 r=1
19:58:47  [AT] "AT+CIPSEND=26" (13)
19:58:47  [AT] " S,3194,18C,000,4146,P1,40" (26)
19:58:47  [AT] "SEND OK" (7)
19:58:49  [TX] S,3195,18C,000,4147,P1,40
19:58:49  [SLOT] n=3456 tx=25 ack=0 due=0 r=1
19:58:49  [AT] "AT+CIPSEND=26" (13)
19:58:49  [AT] " S,3195,18C,000,4147,P1,40" (26)
19:58:49  [AT] "SEND OK" (7)
19:58:50  [TX] S,3196,18C,000,4148,P1,4C
19:58:50  [SLOT] n=3457 tx=25 ack=0 due=0 r=1
19:58:50  [AT] "AT+CIPSEND=26" (13)
19:58:50  [AT] " S,3196,18C,000,4148,P1,4C" (26)
19:58:50  [AT] "SEND OK" (7)
19:58:51  [TX] S,3197,18D,000,4149,P1,4B
19:58:51  [SLOT] n=3458 tx=25 ack=0 due=0 r=1
19:58:51  [AT] "AT+CIPSEND=26" (13)
19:58:51  [AT] " S,3197,18D,000,4149,P1,4B" (26)
19:58:51  [AT] "SEND OK" (7)
19:58:52  [TX] S,3198,18D,000,4150,P1,4C
19:58:52  [SLOT] n=3459 tx=25 ack=0 due=0 r=1
19:58:52  [AT] "AT+CIPSEND=26" (13)
19:58:52  [AT] " S,3198,18D,000,4150,P1,4C" (26)
19:58:52  [AT] "SEND OK" (7)
19:58:53  [TX] S,3199,18F,000,4152,P1,4D
19:58:53  [SLOT] n=3460 tx=25 ack=0 due=0 r=1
19:58:53  [AT] "AT+CIPSEND=26" (13)
19:58:53  [AT] " S,3199,18F,000,4152,P1,4D" (26)
19:58:53  [AT] "SEND OK" (7)
19:58:55  [TX] S,3200,18F,000,4153,P1,4F
19:58:55  [SLOT] n=3461 tx=25 ack=0 due=0 r=1
19:58:55  [AT] "AT+CIPSEND=26" (13)
19:58:55  [AT] " S,3200,18F,000,4153,P1,4F" (26)
19:58:55  [AT] "SEND OK" (7)
19:58:56  [TX] S,3201,18F,000,4154,P1,49
19:58:56  [SLOT] n=3462 tx=25 ack=0 due=0 r=1
19:58:56  [AT] "AT+CIPSEND=26" (13)
19:58:56  [AT] " S,3201,18F,000,4154,P1,49" (26)
19:58:56  [AT] "SEND OK" (7)
19:58:57  [TX] S,3202,18F,000,4155,P1,4B
19:58:57  [SLOT] n=3463 tx=25 ack=0 due=0 r=1
19:58:57  [AT] "AT+CIPSEND=26" (13)
19:58:57  [AT] " S,3202,18F,000,4155,P1,4B" (26)
19:58:57  [AT] "SEND OK" (7)
19:58:58  [TX] S,3203,18F,000,4156,P1,49
19:58:58  [SLOT] n=3464 tx=25 ack=0 due=0 r=1
19:58:58  [AT] "AT+CIPSEND=26" (13)
19:58:58  [AT] " S,3203,18F,000,4156,P1,49" (26)
19:58:58  [AT] "SEND OK" (7)
19:58:59  [TX] S,3204,18E,000,4158,P1,43
19:58:59  [SLOT] n=3465 tx=25 ack=0 due=0 r=1
19:58:59  [AT] "AT+CIPSEND=26" (13)
19:58:59  [AT] " S,3204,18E,000,4158,P1,43" (26)
19:58:59  [AT] "SEND OK" (7)
19:59:01  [TX] S,3205,18E,000,4159,P1,43
19:59:01  [SLOT] n=3466 tx=25 ack=0 due=0 r=1
19:59:01  [AT] "AT+CIPSEND=26" (13)
19:59:01  [AT] " S,3205,18E,000,4159,P1,43" (26)
19:59:01  [AT] "SEND OK" (7)
19:59:02  [TX] S,3206,18E,000,4160,P1,4A
19:59:02  [SLOT] n=3467 tx=25 ack=0 due=0 r=1
19:59:02  [AT] "AT+CIPSEND=26" (13)
19:59:02  [AT] " S,3206,18E,000,4160,P1,4A" (26)
19:59:02  [AT] "SEND OK" (7)
19:59:03  [TX] S,3207,18E,000,4161,P1,4A
19:59:03  [SLOT] n=3468 tx=25 ack=0 due=0 r=1
19:59:03  [AT] "AT+CIPSEND=26" (13)
19:59:03  [AT] " S,3207,18E,000,4161,P1,4A" (26)
19:59:03  [AT] "SEND OK" (7)
19:59:04  [TX] S,3208,18E,000,4162,P1,46
19:59:04  [SLOT] n=3469 tx=25 ack=0 due=0 r=1
19:59:04  [AT] "AT+CIPSEND=26" (13)
19:59:04  [AT] " S,3208,18E,000,4162,P1,46" (26)
19:59:04  [AT] "SEND OK" (7)
19:59:05  [TX] S,3209,18C,000,4164,P1,47
19:59:05  [SLOT] n=3470 tx=25 ack=0 due=0 r=1
19:59:05  [AT] "AT+CIPSEND=26" (13)
19:59:05  [AT] " S,3209,18C,000,4164,P1,47" (26)
19:59:05  [AT] "SEND OK" (7)
19:59:07  [TX] S,3210,18C,000,4165,P1,4E
19:59:07  [SLOT] n=3471 tx=25 ack=0 due=0 r=1
19:59:07  [AT] "AT+CIPSEND=26" (13)
19:59:07  [AT] " S,3210,18C,000,4165,P1,4E" (26)
19:59:07  [AT] "SEND OK" (7)
19:59:08  [TX] S,3211,18D,000,4166,P1,4B
19:59:08  [SLOT] n=3472 tx=25 ack=0 due=0 r=1
19:59:08  [AT] "AT+CIPSEND=26" (13)
19:59:08  [AT] " S,3211,18D,000,4166,P1,4B" (26)
19:59:08  [AT] "SEND OK" (7)
19:59:09  [TX] S,3212,18D,000,4167,P1,49
19:59:09  [SLOT] n=3473 tx=25 ack=0 due=0 r=1
19:59:09  [AT] "AT+CIPSEND=26" (13)
19:59:09  [AT] " S,3212,18D,000,4167,P1,49" (26)
19:59:09  [AT] "SEND OK" (7)
19:59:10  [TX] S,3213,18D,000,4168,P1,47
19:59:10  [SLOT] n=3474 tx=25 ack=0 due=0 r=1
19:59:10  [AT] "AT+CIPSEND=26" (13)
19:59:10  [AT] " S,3213,18D,000,4168,P1,47" (26)
19:59:10  [AT] "SEND OK" (7)
19:59:11  [TX] S,3214,18D,000,4170,P1,49
19:59:11  [SLOT] n=3475 tx=25 ack=0 due=0 r=1
19:59:11  [AT] "AT+CIPSEND=26" (13)
19:59:11  [AT] " S,3214,18D,000,4170,P1,49" (26)
19:59:11  [AT] "SEND OK" (7)
19:59:12  [TX] S,3215,18D,000,4171,P1,49
19:59:13  [SLOT] n=3476 tx=25 ack=0 due=0 r=1
19:59:13  [AT] "AT+CIPSEND=26" (13)
19:59:13  [AT] " S,3215,18D,000,4171,P1,49" (26)
19:59:13  [AT] "SEND OK" (7)
19:59:14  [TX] S,3216,18D,000,4172,P1,49
19:59:14  [SLOT] n=3477 tx=25 ack=0 due=0 r=1
19:59:14  [AT] "AT+CIPSEND=26" (13)
19:59:14  [AT] " S,3216,18D,000,4172,P1,49" (26)
19:59:14  [AT] "SEND OK" (7)
19:59:15  [TX] S,3217,18D,000,4173,P1,49
19:59:15  [SLOT] n=3478 tx=25 ack=0 due=0 r=1
19:59:15  [AT] "AT+CIPSEND=26" (13)
19:59:15  [AT] " S,3217,18D,000,4173,P1,49" (26)
19:59:15  [AT] "SEND OK" (7)
19:59:16  [TX] S,3218,18C,000,4174,P1,46
19:59:16  [SLOT] n=3479 tx=25 ack=0 due=0 r=1
19:59:16  [AT] "AT+CIPSEND=26" (13)
19:59:16  [AT] " S,3218,18C,000,4174,P1,46" (26)
19:59:16  [AT] "SEND OK" (7)
19:59:17  [TX] S,3219,18E,000,4176,P1,43
19:59:17  [SLOT] n=3480 tx=25 ack=0 due=0 r=1
19:59:17  [AT] "AT+CIPSEND=26" (13)
19:59:17  [AT] " S,3219,18E,000,4176,P1,43" (26)
19:59:17  [AT] "SEND OK" (7)
19:59:18  [TX] S,3220,18E,000,4177,P1,48
19:59:18  [SLOT] n=3481 tx=25 ack=0 due=0 r=1
19:59:18  [AT] "AT+CIPSEND=26" (13)
19:59:19  [AT] " S,3220,18E,000,4177,P1,48" (26)
19:59:19  [AT] "SEND OK" (7)
19:59:20  [TX] S,3221,18E,000,4178,P1,46
19:59:20  [SLOT] n=3482 tx=25 ack=0 due=0 r=1
19:59:20  [AT] "AT+CIPSEND=26" (13)
19:59:20  [AT] " S,3221,18E,000,4178,P1,46" (26)
19:59:20  [AT] "SEND OK" (7)
19:59:21  [TX] S,3222,18E,000,4179,P1,44
19:59:21  [SLOT] n=3483 tx=25 ack=0 due=0 r=1
19:59:21  [AT] "AT+CIPSEND=26" (13)
19:59:21  [AT] " S,3222,18E,000,4179,P1,44" (26)
19:59:21  [AT] "SEND OK" (7)
19:59:22  [TX] S,3223,18E,000,4180,P1,43
19:59:22  [SLOT] n=3484 tx=25 ack=0 due=0 r=1
19:59:22  [AT] "AT+CIPSEND=26" (13)
19:59:22  [AT] " S,3223,18E,000,4180,P1,43" (26)
19:59:22  [AT] "SEND OK" (7)
19:59:23  [TX] S,3224,18E,000,4182,P1,46
19:59:23  [SLOT] n=3485 tx=25 ack=0 due=0 r=1
19:59:23  [AT] "AT+CIPSEND=26" (13)
19:59:23  [AT] " S,3224,18E,000,4182,P1,46" (26)
19:59:23  [AT] "SEND OK" (7)
19:59:24  [TX] S,3225,18F,000,4183,P1,45
19:59:24  [SLOT] n=3486 tx=25 ack=0 due=0 r=1
19:59:24  [AT] "AT+CIPSEND=26" (13)
19:59:25  [AT] " S,3225,18F,000,4183,P1,45" (26)
19:59:25  [AT] "SEND OK" (7)
19:59:26  [TX] S,3226,18F,000,4184,P1,41
19:59:26  [SLOT] n=3487 tx=25 ack=0 due=0 r=1
19:59:26  [AT] "AT+CIPSEND=26" (13)
19:59:26  [AT] " S,3226,18F,000,4184,P1,41" (26)
19:59:26  [AT] "SEND OK" (7)
19:59:27  [TX] S,3227,18F,000,4185,P1,41
19:59:27  [SLOT] n=3488 tx=25 ack=0 due=0 r=1
19:59:27  [AT] "AT+CIPSEND=26" (13)
19:59:27  [AT] " S,3227,18F,000,4185,P1,41" (26)
19:59:27  [AT] "SEND OK" (7)
19:59:28  [TX] S,3228,18F,000,4186,P1,4D
19:59:28  [SLOT] n=3489 tx=25 ack=0 due=0 r=1
19:59:28  [AT] "AT+CIPSEND=26" (13)
19:59:28  [AT] " S,3228,18F,000,4186,P1,4D" (26)
19:59:28  [AT] "SEND OK" (7)
19:59:29  [TX] S,3229,18D,000,4188,P1,40
19:59:29  [SLOT] n=3490 tx=25 ack=0 due=0 r=1
19:59:29  [AT] "AT+CIPSEND=26" (13)
19:59:29  [AT] " S,3229,18D,000,4188,P1,40" (26)
19:59:29  [AT] "SEND OK" (7)
19:59:30  [TX] S,3230,18D,000,4189,P1,49
19:59:30  [SLOT] n=3491 tx=25 ack=0 due=0 r=1
19:59:30  [AT] "AT+CIPSEND=26" (13)
19:59:31  [AT] " S,3230,18D,000,4189,P1,49" (26)
19:59:31  [AT] "SEND OK" (7)
19:59:32  [TX] S,3231,18D,000,4190,P1,40
19:59:32  [SLOT] n=3492 tx=25 ack=0 due=0 r=1
19:59:32  [AT] "AT+CIPSEND=26" (13)
19:59:32  [AT] " S,3231,18D,000,4190,P1,40" (26)
19:59:32  [AT] "SEND OK" (7)
19:59:33  [TX] S,3232,18C,000,4191,P1,45
19:59:33  [SLOT] n=3493 tx=25 ack=0 due=0 r=1
19:59:33  [AT] "AT+CIPSEND=26" (13)
19:59:33  [AT] " S,3232,18C,000,4191,P1,45" (26)
19:59:33  [AT] "SEND OK" (7)
19:59:34  [TX] S,3233,18C,000,4192,P1,47
19:59:34  [SLOT] n=3494 tx=25 ack=0 due=0 r=1
19:59:34  [AT] "AT+CIPSEND=26" (13)
19:59:34  [AT] " S,3233,18C,000,4192,P1,47" (26)
19:59:34  [AT] "SEND OK" (7)
19:59:35  [TX] S,3234,18C,000,4194,P1,46
19:59:35  [SLOT] n=3495 tx=25 ack=0 due=0 r=1
19:59:35  [AT] "AT+CIPSEND=26" (13)
19:59:35  [AT] " S,3234,18C,000,4194,P1,46" (26)
19:59:35  [AT] "SEND OK" (7)
19:59:36  [TX] S,3235,18C,000,4195,P1,46
19:59:36  [SLOT] n=3496 tx=25 ack=0 due=0 r=1
19:59:36  [AT] "AT+CIPSEND=26" (13)
19:59:36  [AT] " S,3235,18C,000,4195,P1,46" (26)
19:59:36  [AT] "SEND OK" (7)
19:59:38  [TX] S,3236,18C,000,4196,P1,46
19:59:38  [SLOT] n=3497 tx=25 ack=0 due=0 r=1
19:59:38  [AT] "AT+CIPSEND=26" (13)
19:59:38  [AT] " S,3236,18C,000,4196,P1,46" (26)
19:59:38  [AT] "SEND OK" (7)
19:59:39  [TX] S,3237,18C,000,4197,P1,46
19:59:39  [SLOT] n=3498 tx=25 ack=0 due=0 r=1
19:59:39  [AT] "AT+CIPSEND=26" (13)
19:59:39  [AT] " S,3237,18C,000,4197,P1,46" (26)
19:59:39  [AT] "SEND OK" (7)
19:59:40  [TX] S,3238,18C,000,4198,P1,46
19:59:40  [SLOT] n=3499 tx=25 ack=0 due=0 r=1
19:59:40  [AT] "AT+CIPSEND=26" (13)
19:59:40  [AT] " S,3238,18C,000,4198,P1,46" (26)
19:59:40  [AT] "SEND OK" (7)
19:59:41  [TX] S,3239,18F,000,4200,P1,40
19:59:41  [SLOT] n=3500 tx=25 ack=0 due=0 r=1
19:59:41  [CNT] up=4200 drop=2 esprst=25 hwrst=0/0 resync=1 sendfail=0 okto=2 stuck=2 ackq=0 ackdrop=0 ackstale=0 slot=3500 oow=7 smiss=16 ssovf=0 cksumng=0 okstream=3218 penddrop=0 pendfill=3240 bigfill=26 bigdrop=0 bigokst=25 oklost=0 bigoklost=0 skip=23 online=1
19:59:41  [RAM] 최저 여유 596 B · 프롬프트 재동기 1회 (서버의 '버린줄' 과 맞아야 한다)
19:59:41  [AT] " S,3239,18F,000,4200,P1,40" (26)
19:59:41  [AT] "SEND OK" (7)
19:59:41  [AT] "AT+CIPSEND=26" (13)
19:59:42  [TX] S,3240,18F,000,4201,P1,4F
19:59:42  [SLOT] n=3501 tx=25 ack=0 due=0 r=1
19:59:42  [AT] "AT+CIPSEND=26" (13)
19:59:42  [AT] " S,3240,18F,000,4201,P1,4F" (26)
19:59:42  [AT] "SEND OK" (7)
19:59:44  [TX] S,3241,18F,000,4202,P1,4D
19:59:44  [SLOT] n=3502 tx=25 ack=0 due=0 r=1
19:59:44  [AT] "AT+CIPSEND=26" (13)
19:59:44  [AT] " S,3241,18F,000,4202,P1,4D" (26)
19:59:44  [AT] "SEND OK" (7)
19:59:45  [TX] S,3242,18F,000,4203,P1,4F
19:59:45  [SLOT] n=3503 tx=25 ack=0 due=0 r=1
19:59:45  [AT] "AT+CIPSEND=26" (13)
19:59:45  [AT] " S,3242,18F,000,4203,P1,4F" (26)
19:59:45  [AT] "SEND OK" (7)
19:59:46  [TX] S,3243,18F,000,4204,P1,49
19:59:46  [SLOT] n=3504 tx=25 ack=0 due=0 r=1
19:59:46  [AT] "AT+CIPSEND=26" (13)
19:59:46  [AT] " S,3243,18F,000,4204,P1,49" (26)
19:59:46  [AT] "SEND OK" (7)
19:59:47  «tap» 살아있음 — 최근 60초 rx=8160B (이 줄이 끊기면 탭이 죽은 것이다)
19:59:47  [TX] S,3244,18F,000,4206,P1,4C
19:59:47  [SLOT] n=3505 tx=25 ack=0 due=0 r=1
19:59:47  [AT] "AT+CIPSEND=26" (13)
19:59:47  [AT] " S,3244,18F,000,4206,P1,4C" (26)
19:59:47  [AT] "SEND OK" (7)
19:59:48  [TX] S,3245,18F,000,4207,P1,4C
19:59:48  [SLOT] n=3506 tx=25 ack=0 due=0 r=1
19:59:48  [AT] "AT+CIPSEND=26" (13)
19:59:48  [AT] " S,3245,18F,000,4207,P1,4C" (26)
19:59:48  [AT] "SEND OK" (7)
19:59:50  [TX] S,3246,18E,000,4208,P1,43
19:59:50  [SLOT] n=3507 tx=25 ack=0 due=0 r=1
19:59:50  [AT] "AT+CIPSEND=26" (13)
19:59:50  [AT] " S,3246,18E,000,4208,P1,43" (26)
19:59:50  [AT] "SEND OK" (7)
19:59:51  [TX] S,3247,18E,000,4209,P1,43
19:59:51  [SLOT] n=3508 tx=25 ack=0 due=0 r=1
19:59:51  [AT] "AT+CIPSEND=26" (13)
19:59:51  [AT] " S,3247,18E,000,4209,P1,43" (26)
19:59:51  [AT] "SEND OK" (7)
19:59:52  [TX] S,3248,18E,000,4210,P1,44
19:59:52  [SLOT] n=3509 tx=25 ack=0 due=0 r=1
19:59:52  [AT] "AT+CIPSEND=26" (13)
19:59:52  [AT] " S,3248,18E,000,4210,P1,44" (26)
19:59:52  [AT] "SEND OK" (7)
19:59:53  [TX] S,3249,18C,000,4212,P1,41
19:59:53  [SLOT] n=3510 tx=25 ack=0 due=0 r=1
19:59:53  [AT] "AT+CIPSEND=26" (13)
19:59:53  [AT] " S,3249,18C,000,4212,P1,41" (26)
19:59:53  [AT] "SEND OK" (7)
19:59:54  [TX] S,3250,18C,000,4213,P1,48
19:59:54  [SLOT] n=3511 tx=25 ack=0 due=0 r=1
19:59:54  [AT] "AT+CIPSEND=26" (13)
19:59:54  [AT] " S,3250,18C,000,4213,P1,48" (26)
19:59:54  [AT] "SEND OK" (7)
19:59:56  [TX] S,3251,18C,000,4214,P1,4E
19:59:56  [SLOT] n=3512 tx=25 ack=0 due=0 r=1
19:59:56  [AT] "AT+CIPSEND=26" (13)
19:59:56  [AT] " S,3251,18C,000,4214,P1,4E" (26)
19:59:56  [AT] "SEND OK" (7)
19:59:57  [TX] S,3252,18C,000,4215,P1,4C
19:59:57  [SLOT] n=3513 tx=25 ack=0 due=0 r=1
19:59:57  [AT] "AT+CIPSEND=26" (13)
19:59:57  [AT] " S,3252,18C,000,4215,P1,4C" (26)
19:59:57  [AT] "SEND OK" (7)
19:59:58  [TX] S,3253,18D,000,4216,P1,49
19:59:58  [SLOT] n=3514 tx=25 ack=0 due=0 r=1
19:59:58  [AT] "AT+CIPSEND=26" (13)
19:59:58  [AT] " S,3253,18D,000,4216,P1,49" (26)
19:59:58  [AT] "SEND OK" (7)
19:59:59  [TX] S,3254,18D,000,4218,P1,40
19:59:59  [SLOT] n=3515 tx=25 ack=0 due=0 r=1
19:59:59  [AT] "AT+CIPSEND=26" (13)
19:59:59  [AT] " S,3254,18D,000,4218,P1,40" (26)
19:59:59  [AT] "SEND OK" (7)
20:00:00  [TX] S,3255,18D,000,4219,P1,40
20:00:00  [SLOT] n=3516 tx=25 ack=0 due=0 r=1
20:00:00  [AT] "AT+CIPSEND=26" (13)
20:00:00  [AT] " S,3255,18D,000,4219,P1,40" (26)
20:00:00  [AT] "SEND OK" (7)
20:00:02  [TX] S,3256,18D,000,4220,P1,49
20:00:02  [SLOT] n=3517 tx=25 ack=0 due=0 r=1
20:00:02  [AT] "AT+CIPSEND=26" (13)
20:00:02  [AT] " S,3256,18D,000,4220,P1,49" (26)
20:00:02  [AT] "SEND OK" (7)
20:00:03  [TX] S,3257,18D,000,4221,P1,49
20:00:03  [SLOT] n=3518 tx=25 ack=0 due=0 r=1
20:00:03  [AT] "AT+CIPSEND=26" (13)
20:00:03  [AT] " S,3257,18D,000,4221,P1,49" (26)
20:00:03  [AT] "SEND OK" (7)
20:00:04  [TX] S,3258,18D,000,4222,P1,45
20:00:04  [SLOT] n=3519 tx=25 ack=0 due=0 r=1
20:00:04  [AT] "AT+CIPSEND=26" (13)
20:00:04  [AT] " S,3258,18D,000,4222,P1,45" (26)
20:00:04  [AT] "SEND OK" (7)
20:00:05  [TX] S,3259,18F,000,4224,P1,40
20:00:05  [SLOT] n=3520 tx=25 ack=0 due=0 r=1
20:00:05  [AT] "AT+CIPSEND=26" (13)
20:00:05  [AT] " S,3259,18F,000,4224,P1,40" (26)
20:00:05  [AT] "SEND OK" (7)
20:00:06  [TX] S,3260,18E,000,4225,P1,48
20:00:06  [SLOT] n=3521 tx=25 ack=0 due=0 r=1
20:00:06  [AT] "AT+CIPSEND=26" (13)
20:00:06  [AT] " S,3260,18E,000,4225,P1,48" (26)
20:00:06  [AT] "SEND OK" (7)
20:00:08  [TX] S,3261,18E,000,4226,P1,4A
20:00:08  [SLOT] n=3522 tx=25 ack=0 due=0 r=1
20:00:08  [AT] "AT+CIPSEND=26" (13)
20:00:08  [AT] " S,3261,18E,000,4226,P1,4A" (26)
20:00:08  [AT] "SEND OK" (7)
20:00:09  [TX] S,3262,18E,000,4227,P1,48
20:00:09  [SLOT] n=3523 tx=25 ack=0 due=0 r=1
20:00:09  [AT] "AT+CIPSEND=26" (13)
20:00:09  [AT] " S,3262,18E,000,4227,P1,48" (26)
20:00:09  [AT] "SEND OK" (7)
20:00:10  [TX] S,3263,18E,000,4228,P1,46
20:00:10  [SLOT] n=3524 tx=25 ack=0 due=0 r=1
20:00:10  [AT] "AT+CIPSEND=26" (13)
20:00:10  [AT] " S,3263,18E,000,4228,P1,46" (26)
20:00:10  [AT] "SEND OK" (7)
20:00:11  [TX] S,3264,18E,000,4230,P1,48
20:00:11  [SLOT] n=3525 tx=25 ack=0 due=0 r=1
20:00:11  [AT] "AT+CIPSEND=26" (13)
20:00:11  [AT] " S,3264,18E,000,4230,P1,48" (26)
20:00:11  [AT] "SEND OK" (7)
20:00:12  [TX] S,3265,18E,000,4231,P1,48
20:00:12  [SLOT] n=3526 tx=25 ack=0 due=0 r=1
20:00:12  [AT] "AT+CIPSEND=26" (13)
20:00:12  [AT] " S,3265,18E,000,4231,P1,48" (26)
20:00:12  [AT] "SEND OK" (7)
20:00:13  [TX] S,3266,18E,000,4232,P1,48
20:00:13  [SLOT] n=3527 tx=25 ack=0 due=0 r=1
20:00:13  [AT] "AT+CIPSEND=26" (13)
20:00:14  [AT] " S,3266,18E,000,4232,P1,48" (26)
20:00:14  [AT] "SEND OK" (7)
20:00:15  [TX] S,3267,18F,000,4233,P1,4B
20:00:15  [SLOT] n=3528 tx=25 ack=0 due=0 r=1
20:00:15  [AT] "AT+CIPSEND=26" (13)
20:00:15  [AT] " S,3267,18F,000,4233,P1,4B" (26)
20:00:15  [AT] "SEND OK" (7)
20:00:16  [TX] S,3268,18F,000,4234,P1,43
20:00:16  [SLOT] n=3529 tx=25 ack=0 due=0 r=1
20:00:16  [AT] "AT+CIPSEND=26" (13)
20:00:16  [AT] " S,3268,18F,000,4234,P1,43" (26)
20:00:16  [AT] "SEND OK" (7)
20:00:17  [TX] S,3269,18D,000,4236,P1,42
20:00:17  [SLOT] n=3530 tx=25 ack=0 due=0 r=1
20:00:17  [AT] "AT+CIPSEND=26" (13)
20:00:17  [AT] " S,3269,18D,000,4236,P1,42" (26)
20:00:17  [AT] "SEND OK" (7)
20:00:18  [TX] S,3270,18D,000,4237,P1,4B
20:00:18  [SLOT] n=3531 tx=25 ack=0 due=0 r=1
20:00:18  [AT] "AT+CIPSEND=26" (13)
20:00:18  [AT] " S,3270,18D,000,4237,P1,4B" (26)
20:00:18  [AT] "SEND OK" (7)
20:00:19  [TX] S,3271,18D,000,4238,P1,45
20:00:19  [SLOT] n=3532 tx=25 ack=0 due=0 r=1
20:00:19  [AT] "AT+CIPSEND=26" (13)
20:00:19  [AT] " S,3271,18D,000,4238,P1,45" (26)
20:00:19  [AT] "SEND OK" (7)
20:00:21  [TX] S,3272,18D,000,4239,P1,47
20:00:21  [SLOT] n=3533 tx=25 ack=0 due=0 r=1
20:00:21  [AT] "AT+CIPSEND=26" (13)
20:00:21  [AT] " S,3272,18D,000,4239,P1,47" (26)
20:00:21  [AT] "SEND OK" (7)
20:00:22  [TX] S,3273,18D,000,4240,P1,48
20:00:22  [SLOT] n=3534 tx=25 ack=0 due=0 r=1
20:00:22  [AT] "AT+CIPSEND=26" (13)
20:00:22  [AT] " S,3273,18D,000,4240,P1,48" (26)
20:00:22  [AT] "SEND OK" (7)
20:00:23  [TX] S,3274,18C,000,4242,P1,4A
20:00:23  [SLOT] n=3535 tx=25 ack=0 due=0 r=1
20:00:23  [AT] "AT+CIPSEND=26" (13)
20:00:23  [AT] " S,3274,18C,000,4242,P1,4A" (26)
20:00:23  [AT] "SEND OK" (7)
20:00:24  [TX] S,3275,18C,000,4243,P1,4A
20:00:24  [SLOT] n=3536 tx=25 ack=0 due=0 r=1
20:00:24  [AT] "AT+CIPSEND=26" (13)
20:00:24  [AT] " S,3275,18C,000,4243,P1,4A" (26)
20:00:24  [AT] "SEND OK" (7)
20:00:25  [TX] S,3276,18C,000,4244,P1,4E
20:00:25  [SLOT] n=3537 tx=25 ack=0 due=0 r=1
20:00:25  [AT] "AT+CIPSEND=26" (13)
20:00:25  [AT] " S,3276,18C,000,4244,P1,4E" (26)
20:00:25  [AT] "SEND OK" (7)
20:00:27  [TX] S,3277,18C,000,4245,P1,4E
20:00:27  [SLOT] n=3538 tx=25 ack=0 due=0 r=1
20:00:27  [AT] "AT+CIPSEND=26" (13)
20:00:27  [AT] " S,3277,18C,000,4245,P1,4E" (26)
20:00:27  [AT] "SEND OK" (7)
20:00:28  [TX] S,3278,18C,000,4246,P1,42
20:00:28  [SLOT] n=3539 tx=25 ack=0 due=0 r=1
20:00:28  [AT] "AT+CIPSEND=26" (13)
20:00:28  [AT] " S,3278,18C,000,4246,P1,42" (26)
20:00:28  [AT] "SEND OK" (7)
20:00:29  [TX] S,3279,18E,000,4248,P1,4B
20:00:29  [SLOT] n=3540 tx=25 ack=0 due=0 r=1
20:00:29  [AT] "AT+CIPSEND=26" (13)
20:00:29  [AT] " S,3279,18E,000,4248,P1,4B" (26)
20:00:29  [AT] "SEND OK" (7)
20:00:30  [TX] S,3280,18E,000,4249,P1,4C
20:00:30  [SLOT] n=3541 tx=25 ack=0 due=0 r=1
20:00:30  [AT] "AT+CIPSEND=26" (13)
20:00:30  [AT] " S,3280,18E,000,4249,P1,4C" (26)
20:00:30  [AT] "SEND OK" (7)
20:00:31  [TX] S,3281,18F,000,4250,P1,46
20:00:31  [SLOT] n=3542 tx=25 ack=0 due=0 r=1
20:00:31  [AT] "AT+CIPSEND=26" (13)
20:00:31  [AT] " S,3281,18F,000,4250,P1,46" (26)
20:00:31  [AT] "SEND OK" (7)
20:00:33  [TX] S,3282,18F,000,4251,P1,44
20:00:33  [SLOT] n=3543 tx=25 ack=0 due=0 r=1
20:00:33  [AT] "AT+CIPSEND=26" (13)
20:00:33  [AT] " S,3282,18F,000,4251,P1,44" (26)
20:00:33  [AT] "SEND OK" (7)
20:00:34  [TX] S,3283,18F,000,4252,P1,46
20:00:34  [SLOT] n=3544 tx=25 ack=0 due=0 r=1
20:00:34  [AT] "AT+CIPSEND=26" (13)
20:00:34  [AT] " S,3283,18F,000,4252,P1,46" (26)
20:00:34  [AT] "SEND OK" (7)
20:00:35  [TX] S,3284,18F,000,4254,P1,47
20:00:35  [SLOT] n=3545 tx=25 ack=0 due=0 r=1
20:00:35  [AT] "AT+CIPSEND=26" (13)
20:00:35  [AT] " S,3284,18F,000,4254,P1,47" (26)
20:00:35  [AT] "SEND OK" (7)
20:00:36  [TX] S,3285,18F,000,4255,P1,47
20:00:36  [SLOT] n=3546 tx=25 ack=0 due=0 r=1
20:00:36  [AT] "AT+CIPSEND=26" (13)
20:00:36  [AT] " S,3285,18F,000,4255,P1,47" (26)
20:00:36  [AT] "SEND OK" (7)
20:00:37  [TX] S,3286,18F,000,4256,P1,47
20:00:37  [SLOT] n=3547 tx=25 ack=0 due=0 r=1
20:00:37  [AT] "AT+CIPSEND=26" (13)
20:00:38  [AT] " S,3286,18F,000,4256,P1,47" (26)
20:00:38  [AT] "SEND OK" (7)
20:00:39  [TX] S,3287,18F,000,4257,P1,47
20:00:39  [SLOT] n=3548 tx=25 ack=0 due=0 r=1
20:00:39  [AT] "AT+CIPSEND=26" (13)
20:00:39  [AT] " S,3287,18F,000,4257,P1,47" (26)
20:00:39  [AT] "SEND OK" (7)
20:00:40  [TX] S,3288,18E,000,4258,P1,44
20:00:40  [SLOT] n=3549 tx=25 ack=0 due=0 r=1
20:00:40  [AT] "AT+CIPSEND=26" (13)
20:00:40  [AT] " S,3288,18E,000,4258,P1,44" (26)
20:00:40  [AT] "SEND OK" (7)
20:00:41  [TX] S,3289,18C,000,4260,P1,48
20:00:41  [SLOT] n=3550 tx=25 ack=0 due=0 r=1
20:00:41  [CNT] up=4260 drop=2 esprst=25 hwrst=0/0 resync=1 sendfail=0 okto=2 stuck=2 ackq=0 ackdrop=0 ackstale=0 slot=3550 oow=7 smiss=16 ssovf=0 cksumng=0 okstream=3268 penddrop=0 pendfill=3290 bigfill=26 bigdrop=0 bigokst=25 oklost=0 bigoklost=0 skip=23 online=1
20:00:41  [RAM] 최저 여유 596 B · 프롬프트 재동기 1회 (서버의 '버린줄' 과 맞아야 한다)
20:00:41  [AT] " S,3289,18C,000,4260,P1,48" (26)
20:00:41  [AT] "SEND OK" (7)
20:00:41  [AT] "AT+CIPSEND=26" (13)
20:00:42  [TX] S,3290,18C,000,4261,P1,41
20:00:42  [SLOT] n=3551 tx=25 ack=0 due=0 r=1
20:00:42  [AT] "AT+CIPSEND=26" (13)
20:00:42  [AT] " S,3290,18C,000,4261,P1,41" (26)
20:00:42  [AT] "SEND OK" (7)
20:00:44  [TX] S,3291,18C,000,4262,P1,43
20:00:44  [SLOT] n=3552 tx=25 ack=0 due=0 r=1
20:00:44  [AT] "AT+CIPSEND=26" (13)
20:00:44  [AT] " S,3291,18C,000,4262,P1,43" (26)
20:00:44  [AT] "SEND OK" (7)
20:00:46  [TX] S,3292,18C,000,4263,P1,41
20:00:46  [SLOT] n=3553 tx=25 ack=0 due=0 r=1
20:00:46  [AT] "AT+CIPSEND=26" (13)
20:00:46  [AT] " S,3292,18C,000,4263,P1,41" (26)
20:00:46  [AT] "SEND OK" (7)
20:00:47  [TX] S,3293,18C,000,4264,P1,47
20:00:47  [SLOT] n=3554 tx=25 ack=0 due=0 r=1
20:00:47  [AT] "AT+CIPSEND=26" (13)
20:00:47  [AT] " S,3293,18C,000,4264,P1,47" (26)
20:00:47  [AT] "SEND OK" (7)
20:00:48  «tap» 살아있음 — 최근 60초 rx=8160B (이 줄이 끊기면 탭이 죽은 것이다)
20:00:48  [TX] S,3294,18C,000,4266,P1,42
20:00:48  [SLOT] n=3555 tx=25 ack=0 due=0 r=1
20:00:48  [AT] "AT+CIPSEND=26" (13)
20:00:48  [AT] " S,3294,18C,000,4266,P1,42" (26)
20:00:48  [AT] "SEND OK" (7)
20:00:49  [TX] S,3295,18D,000,4267,P1,45
20:00:49  [SLOT] n=3556 tx=25 ack=0 due=0 r=1
20:00:49  [AT] "AT+CIPSEND=26" (13)
20:00:49  [AT] " S,3295,18D,000,4267,P1,45" (26)
20:00:49  [AT] "SEND OK" (7)
20:00:49  «tap» 캡처 종료 — SIGTERM 수신. 이 줄이 이 로그의 마지막 경계다.
